Date,Adj Close,Close,High,Low,Open,Volume
2016-08-12,19.6,19.6,19.6,19.45,19.5,22757
2016-08-15,19.45,19.45,19.65,19.45,19.55,24395
2016-08-16,19.2,19.2,19.4,19.2,19.4,25107
2016-08-17,19.65,19.65,19.65,19.05,19.05,26004
2016-08-18,19.3,19.3,19.4,19.25,19.4,26285
2016-08-19,19.3,19.3,19.35,19.25,19.35,27086
2016-08-22,19.1,19.1,19.3,19.0,19.25,19272
2016-08-23,19.2,19.2,19.55,18.8,18.8,29530
2016-08-24,19.15,19.15,19.2,19.0,19.2,6200
2016-08-25,19.2,19.2,19.4,19.05,19.05,8024
2016-08-26,19.25,19.25,19.3,19.25,19.3,14022
2016-08-29,19.3,19.3,19.3,19.3,19.3,4160
2016-08-30,19.3,19.3,19.4,19.3,19.3,17252
2016-08-31,19.4,19.4,19.6,19.3,19.3,30202
2016-09-01,19.4,19.4,19.4,19.3,19.3,22228
2016-09-02,19.3,19.3,19.3,19.25,19.3,8100
2016-09-05,19.2,19.2,19.3,19.2,19.3,11260
2016-09-06,19.2,19.2,19.3,19.1,19.1,22077
2016-09-07,19.3,19.3,19.3,19.3,19.3,3099
2016-09-08,19.25,19.25,19.4,19.25,19.4,4957
2016-09-09,19.2,19.2,19.25,19.2,19.25,12009
2016-09-12,19.05,19.05,19.25,19.05,19.15,26069
2016-09-13,19.1,19.1,19.15,19.05,19.15,21501
2016-09-14,19.1,19.1,19.2,19.0,19.2,13003
2016-09-19,19.1,19.1,19.1,19.1,19.1,5002
2016-09-20,19.4,19.4,19.4,19.25,19.25,10791
2016-09-21,19.65,19.65,19.65,19.3,19.4,43001
2016-09-22,19.6,19.6,19.65,19.4,19.4,43012
2016-09-23,19.5,19.5,19.6,19.5,19.6,12178
2016-09-26,19.35,19.35,19.4,19.35,19.4,8753
2016-09-29,19.4,19.4,19.4,19.3,19.3,11190
2016-09-30,19.35,19.35,19.4,19.2,19.2,23120
2016-10-03,19.2,19.2,19.4,19.2,19.35,25002
2016-10-04,19.2,19.2,19.2,19.2,19.2,7106
2016-10-05,19.2,19.2,19.3,19.1,19.2,16001
2016-10-06,19.2,19.2,19.2,19.2,19.2,3254
2016-10-07,19.05,19.05,19.1,19.0,19.1,22004
2016-10-11,19.1,19.1,19.15,19.05,19.15,12002
2016-10-12,19.0,19.0,19.1,19.0,19.1,10108
2016-10-13,19.1,19.1,19.2,19.1,19.1,13019
2016-10-14,19.1,19.1,19.1,18.8,19.1,48000
2016-10-17,19.05,19.05,19.15,19.05,19.15,2351
2016-10-18,19.0,19.0,19.05,19.0,19.05,2669
2016-10-19,18.95,18.95,19.1,18.95,19.05,20364
2016-10-20,18.9,18.9,19.15,18.85,19.0,32580
2016-10-21,19.0,19.0,19.0,18.9,19.0,23712
2016-10-24,19.0,19.0,19.0,19.0,19.0,20003
2016-10-25,18.95,18.95,19.0,18.8,19.0,39156
2016-10-26,19.0,19.0,19.0,18.75,18.95,26008
2016-10-27,18.85,18.85,18.95,18.85,18.95,7001
2016-10-28,18.65,18.65,18.9,18.65,18.9,652783
2016-10-31,18.65,18.65,18.85,18.65,18.85,4005
2016-11-01,19.0,19.0,19.0,18.85,18.85,19343
2016-11-02,18.8,18.8,19.0,18.75,19.0,4942
2016-11-03,18.45,18.45,18.8,18.4,18.8,24230
2016-11-04,18.6,18.6,18.65,18.6,18.65,27002
2016-11-07,18.55,18.55,18.8,18.5,18.6,16005
2016-11-08,18.5,18.5,18.6,18.3,18.6,14339
2016-11-09,18.3,18.3,18.55,18.3,18.55,8021
2016-11-10,18.3,18.3,18.3,18.3,18.3,5530
2016-11-11,18.5,18.5,18.5,18.35,18.35,5005
2016-11-14,18.3,18.3,18.5,18.3,18.5,10010
2016-11-15,18.3,18.3,18.5,18.25,18.4,16004
2016-11-16,18.4,18.4,18.5,18.3,18.5,18140
2016-11-17,18.5,18.5,18.5,18.3,18.3,10207
2016-11-18,18.35,18.35,18.5,18.35,18.5,2005
2016-11-21,18.3,18.3,18.3,18.15,18.15,11150
2016-11-22,18.2,18.2,18.4,18.2,18.4,13005
2016-11-23,18.4,18.4,18.4,18.4,18.4,28771
2016-11-24,18.45,18.45,18.5,18.35,18.5,5289
2016-11-25,18.4,18.4,18.4,18.35,18.4,3008
2016-11-28,18.4,18.4,18.4,18.2,18.2,8322
2016-11-29,18.4,18.4,18.4,18.35,18.4,14003
2016-11-30,18.35,18.35,18.45,18.3,18.45,19433
2016-12-01,18.45,18.45,18.45,18.25,18.3,28461
2016-12-02,18.25,18.25,18.45,18.25,18.25,17006
2016-12-05,18.45,18.45,18.5,18.25,18.4,28021
2016-12-06,18.45,18.45,18.8,18.45,18.7,12616
2016-12-07,18.35,18.35,18.45,18.3,18.45,13470
2016-12-08,18.35,18.35,18.35,18.15,18.35,26527
2016-12-09,18.4,18.4,18.4,18.25,18.3,15387
2016-12-12,18.3,18.3,18.45,18.2,18.3,16806
2016-12-13,18.2,18.2,18.45,18.2,18.3,35294
2016-12-14,18.85,18.85,18.85,18.2,18.25,40001
2016-12-15,18.8,18.8,18.8,18.4,18.8,25227
2016-12-16,18.8,18.8,18.8,18.5,18.6,20887
2016-12-19,18.5,18.5,18.8,18.5,18.8,5115
2016-12-20,18.45,18.45,18.45,18.4,18.45,7288
2016-12-21,18.35,18.35,18.4,18.35,18.4,10002
2016-12-22,18.25,18.25,18.3,18.25,18.3,9200
2016-12-23,18.4,18.4,18.45,18.4,18.45,3885
2016-12-26,18.3,18.3,18.3,18.3,18.3,17974
2016-12-27,18.35,18.35,18.35,18.25,18.35,8005
2016-12-28,18.3,18.3,18.3,18.3,18.3,7007
2016-12-29,18.4,18.4,18.4,18.4,18.4,2155
2016-12-30,18.4,18.4,18.4,18.4,18.4,5001
2017-01-03,18.3,18.3,18.4,18.25,18.35,29100
2017-01-04,18.3,18.3,18.3,18.25,18.25,9288
2017-01-05,18.4,18.4,18.4,18.3,18.3,7231
2017-01-06,18.4,18.4,18.45,18.3,18.3,9508
2017-01-09,18.45,18.45,18.45,18.4,18.4,10148
2017-01-10,18.4,18.4,18.45,18.4,18.4,7138
2017-01-11,18.4,18.4,18.4,18.4,18.4,8104
2017-01-12,18.4,18.4,18.4,18.4,18.4,2132
2017-01-13,18.4,18.4,18.4,18.3,18.3,10015
2017-01-16,18.3,18.3,18.35,18.25,18.35,12122
2017-01-17,18.25,18.25,18.4,18.25,18.3,11265
2017-01-18,18.2,18.2,18.3,18.2,18.25,48935
2017-01-19,18.2,18.2,18.3,18.2,18.3,42292
2017-01-20,18.25,18.25,18.35,18.2,18.2,28108
2017-01-23,18.25,18.25,18.3,18.2,18.3,9010
2017-01-24,18.4,18.4,18.4,18.3,18.3,12342
2017-02-02,18.2,18.2,18.4,18.2,18.4,16677
2017-02-03,18.6,18.6,18.6,18.2,18.2,42164
2017-02-06,18.35,18.35,18.5,18.35,18.5,50372
2017-02-07,18.55,18.55,18.7,18.4,18.4,21241
2017-02-08,18.4,18.4,18.5,18.35,18.5,41011
2017-02-09,18.2,18.2,18.4,18.2,18.4,61000
2017-02-10,18.2,18.2,18.45,18.2,18.45,25237
2017-02-13,18.55,18.55,18.6,18.2,18.2,85183
2017-02-14,18.5,18.5,18.55,18.5,18.55,9019
2017-02-15,18.5,18.5,18.5,18.4,18.4,23511
2017-02-16,18.5,18.5,18.55,18.4,18.5,35609
2017-02-17,18.7,18.7,18.75,18.5,18.5,52345
2017-02-20,18.65,18.65,18.65,18.5,18.55,20677
2017-02-21,18.7,18.7,18.9,18.6,18.65,38327
2017-02-22,18.7,18.7,18.8,18.6,18.8,53516
2017-02-23,18.6,18.6,18.6,18.55,18.6,39509
2017-02-24,18.6,18.6,18.65,18.5,18.5,18158
2017-03-01,18.5,18.5,18.55,18.5,18.55,21942
2017-03-02,18.5,18.5,18.5,18.5,18.5,6230
2017-03-03,18.7,18.7,18.7,18.5,18.5,33608
2017-03-06,18.6,18.6,18.6,18.45,18.5,28100
2017-03-07,18.45,18.45,18.5,18.45,18.5,26559
2017-03-08,18.55,18.55,18.55,18.45,18.45,13462
2017-03-09,18.4,18.4,18.45,18.4,18.45,32258
2017-03-10,18.5,18.5,18.5,18.4,18.4,4311
2017-03-13,18.25,18.25,18.5,18.25,18.5,44168
2017-03-14,18.3,18.3,18.35,18.25,18.25,18420
2017-03-15,18.45,18.45,18.45,18.4,18.4,59299
2017-03-16,18.4,18.4,18.45,18.3,18.45,6120
2017-03-17,18.35,18.35,18.4,18.25,18.4,11195
2017-03-20,18.25,18.25,18.35,18.2,18.35,26129
2017-03-21,18.2,18.2,18.35,18.2,18.3,31145
2017-03-22,18.2,18.2,18.25,18.2,18.2,22693
2017-03-23,18.25,18.25,18.25,18.15,18.25,14218
2017-03-24,18.3,18.3,18.4,18.2,18.4,14541
2017-03-27,18.25,18.25,18.25,18.2,18.25,28184
2017-03-28,18.15,18.15,18.25,18.15,18.2,18051
2017-03-29,18.2,18.2,18.2,18.2,18.2,19120
2017-03-30,18.2,18.2,18.2,18.15,18.15,11249
2017-03-31,18.15,18.15,18.2,18.1,18.15,13141
2017-04-05,18.2,18.2,18.25,18.15,18.15,27857
2017-04-06,18.2,18.2,18.3,18.2,18.3,26062
2017-04-07,18.2,18.2,18.25,18.2,18.2,16051
2017-04-10,18.2,18.2,18.2,18.15,18.15,23106
2017-04-11,18.1,18.1,18.15,18.0,18.15,44069
2017-04-12,18.0,18.0,18.0,18.0,18.0,6745
2017-04-13,17.95,17.95,18.0,17.95,18.0,17200
2017-04-14,17.7,17.7,18.0,17.7,17.8,36161
2017-04-17,17.5,17.5,17.7,17.5,17.6,19829
2017-04-18,17.7,17.7,17.7,17.55,17.55,11164
2017-04-19,17.7,17.7,17.8,17.65,17.7,35132
2017-04-21,17.85,17.85,18.75,17.8,17.8,75018
2017-04-24,17.75,17.75,17.85,17.75,17.85,9007
2017-04-25,17.7,17.7,17.75,17.65,17.7,20300
2017-04-26,17.65,17.65,17.65,17.6,17.65,24578
2017-04-27,17.55,17.55,17.6,17.55,17.6,14530
2017-04-28,17.55,17.55,17.6,17.5,17.5,18003
2017-05-02,17.55,17.55,17.6,17.5,17.5,17393
2017-05-03,17.45,17.45,17.6,17.35,17.55,15201
2017-05-04,17.45,17.45,17.6,17.4,17.6,25007
2017-05-05,17.3,17.3,17.45,17.3,17.45,21012
2017-05-08,17.25,17.25,17.3,17.25,17.3,17101
2017-05-09,17.2,17.2,17.25,17.0,17.25,32541
2017-05-10,17.3,17.3,17.3,17.2,17.2,19077
2017-05-11,17.3,17.3,17.3,17.2,17.3,6605
2017-05-12,17.3,17.3,17.3,17.3,17.3,3152
2017-05-15,17.2,17.2,17.45,17.2,17.2,23411
2017-05-16,17.15,17.15,17.15,17.1,17.1,3600
2017-05-17,17.3,17.3,17.6,17.25,17.6,22155
2017-05-18,17.25,17.25,17.3,17.2,17.3,19003
2017-05-19,17.35,17.35,17.35,17.2,17.2,6000
2017-05-22,17.25,17.25,17.45,17.25,17.45,10025
2017-05-23,17.3,17.3,17.5,17.25,17.25,73794
2017-05-24,17.35,17.35,17.35,17.2,17.25,9412
2017-05-25,17.3,17.3,17.3,17.0,17.2,23566
2017-05-26,17.3,17.3,17.3,17.15,17.15,5023
2017-05-31,17.3,17.3,17.4,17.3,17.3,26545
2017-06-01,17.25,17.25,17.3,17.1,17.3,15350
2017-06-02,17.15,17.15,17.25,17.15,17.2,29003
2017-06-05,17.2,17.2,17.2,17.15,17.2,21997
2017-06-06,17.2,17.2,17.2,17.1,17.1,8339
2017-06-07,17.3,17.3,17.3,17.2,17.2,26104
2017-06-08,17.5,17.5,17.5,17.3,17.3,21001
2017-06-09,17.45,17.45,17.5,17.45,17.5,15487
2017-06-12,17.5,17.5,17.5,17.3,17.3,9087
2017-06-13,17.4,17.4,17.5,17.25,17.4,29265
2017-06-14,17.3,17.3,17.3,17.3,17.3,4001
2017-06-15,17.3,17.3,17.3,17.2,17.2,11188
2017-06-16,17.3,17.3,17.5,17.2,17.25,19539
2017-06-19,17.5,17.5,17.6,17.4,17.5,39128
2017-06-20,17.4,17.4,17.8,17.4,17.8,30251
2017-06-21,17.45,17.45,17.45,17.3,17.3,21016
2017-06-22,17.45,17.45,17.55,17.45,17.5,36528
2017-06-23,17.4,17.4,17.5,17.4,17.4,13008
2017-06-26,17.5,17.5,17.6,17.45,17.5,26630
2017-06-27,17.45,17.45,17.7,17.45,17.5,20345
2017-06-28,17.35,17.35,17.4,17.3,17.4,17045
2017-06-29,17.35,17.35,17.4,17.35,17.35,12050
2017-06-30,17.2,17.2,17.35,17.0,17.3,82145
2017-07-03,17.25,17.25,17.25,17.2,17.2,15288
2017-07-04,17.3,17.3,17.3,17.2,17.2,11002
2017-07-05,17.3,17.3,17.3,17.3,17.3,7161
2017-07-06,17.3,17.3,17.3,17.15,17.3,12630
2017-07-07,17.0,17.0,17.3,17.0,17.3,45925
2017-07-10,16.9,16.9,16.9,16.75,16.85,40010
2017-07-11,16.9,16.9,16.9,16.85,16.9,6102
2017-07-12,16.85,16.85,16.95,16.85,16.9,12930
2017-07-13,16.9,16.9,16.9,16.85,16.85,4127
2017-07-14,16.85,16.85,16.9,16.85,16.9,14334
2017-07-17,17.0,17.0,17.15,16.9,16.9,18812
2017-07-18,16.95,16.95,17.0,16.95,16.95,8500
2017-07-19,16.95,16.95,17.0,16.95,17.0,14024
2017-07-20,16.8,16.8,17.15,16.8,17.15,14002
2017-07-21,17.0,17.0,17.0,16.9,16.9,14932
2017-07-24,17.0,17.0,17.0,17.0,17.0,9195
2017-07-25,17.15,17.15,17.15,16.8,17.1,32609
2017-07-26,17.15,17.15,17.2,17.1,17.15,15101
2017-07-27,17.2,17.2,17.25,17.2,17.2,18003
2017-07-28,17.2,17.2,17.2,17.1,17.1,9003
2017-07-31,17.05,17.05,17.1,17.05,17.1,11009
2017-08-01,17.2,17.2,17.2,17.05,17.05,19386
2017-08-02,17.1,17.1,17.2,17.1,17.2,7131
2017-08-03,17.1,17.1,17.1,17.1,17.1,4355
2017-08-04,17.0,17.0,17.1,17.0,17.1,17314
2017-08-07,17.0,17.0,17.0,16.95,17.0,20002
2017-08-08,16.95,16.95,16.95,16.9,16.95,8334
2017-08-09,16.9,16.9,16.9,16.8,16.8,21206
2017-08-10,16.8,16.8,16.9,16.75,16.85,32001
2017-08-11,16.8,16.8,16.8,16.75,16.8,16005
2017-08-14,16.75,16.75,16.8,16.75,16.75,21298
2017-08-15,16.7,16.7,16.75,16.65,16.75,34266
2017-08-16,16.5,16.5,16.6,16.5,16.6,34422
2017-08-17,16.5,16.5,16.6,16.5,16.5,33804
2017-08-18,16.45,16.45,16.5,16.45,16.5,18153
2017-08-21,16.5,16.5,16.5,16.3,16.5,31232
2017-08-22,16.4,16.4,16.45,16.35,16.4,17152
2017-08-23,16.5,16.5,16.55,16.4,16.55,8430
2017-08-24,16.6,16.6,16.6,16.35,16.4,19549
2017-08-25,17.0,17.0,17.0,16.6,16.6,37278
2017-08-28,17.0,17.0,17.0,16.85,16.85,31241
2017-08-29,17.3,17.3,17.5,16.8,17.1,188245
2017-08-30,17.3,17.3,17.3,17.3,17.3,10440
2017-08-31,17.35,17.35,17.4,17.3,17.3,30141
2017-09-01,17.35,17.35,17.4,17.15,17.15,12303
2017-09-04,17.0,17.0,17.4,17.0,17.35,30607
2017-09-05,17.3,17.3,17.3,16.9,16.9,47310
2017-09-06,17.3,17.3,17.3,17.05,17.2,19333
2017-09-07,17.05,17.05,17.1,17.05,17.1,18050
2017-09-08,17.2,17.2,17.2,16.9,17.05,18126
2017-09-11,17.3,17.3,17.3,17.2,17.2,6405
2017-09-12,17.1,17.1,17.3,17.0,17.3,12001
2017-09-13,17.0,17.0,17.1,17.0,17.1,6003
2017-09-14,17.0,17.0,17.0,16.8,17.0,36000
2017-09-15,17.0,17.0,17.0,16.85,16.9,21000
2017-09-18,17.1,17.1,17.15,16.9,17.0,21865
2017-09-19,17.0,17.0,17.2,17.0,17.0,24101
2017-09-20,16.75,16.75,16.95,16.75,16.9,38735
2017-09-21,16.9,16.9,16.9,16.8,16.8,8001
2017-09-22,16.8,16.8,16.8,16.8,16.8,5711
2017-09-25,16.75,16.75,16.8,16.7,16.8,15281
2017-09-26,17.0,17.0,17.0,16.8,16.8,19010
2017-09-27,17.0,17.0,17.05,16.9,16.9,22351
2017-09-28,17.15,17.15,17.15,16.8,16.9,28556
2017-09-29,16.8,16.8,17.15,16.8,17.15,35901
2017-10-02,17.15,17.15,17.2,17.05,17.2,18000
2017-10-03,17.15,17.15,17.15,17.15,17.15,93065
2017-10-05,17.3,17.3,17.3,17.0,17.0,81001
2017-10-06,17.3,17.3,17.35,17.1,17.35,26001
2017-10-11,17.2,17.2,17.3,17.2,17.3,22100
2017-10-12,17.25,17.25,17.25,17.05,17.2,14001
2017-10-13,17.15,17.15,17.35,17.1,17.35,17077
2017-10-16,17.1,17.1,17.15,17.05,17.15,13051
2017-10-17,17.0,17.0,17.1,16.9,17.1,36355
2017-10-18,16.9,16.9,16.9,16.9,16.9,6003
2017-10-19,17.0,17.0,17.0,16.9,16.9,12302
2017-10-20,17.2,17.2,17.2,16.9,16.9,16000
2017-10-23,16.95,16.95,17.2,16.95,17.2,24000
2017-10-24,16.8,16.8,17.0,16.8,17.0,112001
2017-10-25,16.95,16.95,16.95,16.8,16.85,76385
2017-10-26,17.0,17.0,17.0,16.95,16.95,13517
2017-10-27,16.95,16.95,16.95,16.95,16.95,11098
2017-10-30,16.8,16.8,16.8,16.8,16.8,8841
2017-10-31,16.85,16.85,16.9,16.8,16.8,7000
2017-11-01,17.0,17.0,17.15,16.85,16.85,51485
2017-11-02,17.0,17.0,17.0,16.9,16.9,30178
2017-11-03,16.9,16.9,17.0,16.9,17.0,10300
2017-11-06,17.05,17.05,17.05,16.9,16.95,11001
2017-11-07,16.9,16.9,17.0,16.9,17.0,8125
2017-11-08,16.9,16.9,16.9,16.85,16.9,16000
2017-11-09,16.9,16.9,17.2,16.9,16.9,39266
2017-11-10,16.85,16.85,16.9,16.8,16.8,34457
2017-11-13,16.8,16.8,16.85,16.8,16.85,7191
2017-11-14,16.85,16.85,16.9,16.8,16.85,14302
2017-11-15,17.25,17.25,17.25,16.8,16.85,63182
2017-11-16,16.85,16.85,17.0,16.85,17.0,17941
2017-11-17,16.85,16.85,16.95,16.85,16.85,8292
2017-11-20,16.8,16.8,16.85,16.75,16.85,21908
2017-11-21,16.8,16.8,16.9,16.8,16.8,14002
2017-11-22,16.8,16.8,16.8,16.75,16.8,12204
2017-11-23,16.75,16.75,16.8,16.7,16.8,31266
2017-11-24,16.8,16.8,16.8,16.7,16.75,16094
2017-11-27,16.9,16.9,16.9,16.8,16.8,45749
2017-11-28,16.85,16.85,16.9,16.8,16.9,23001
2017-11-29,16.75,16.75,16.8,16.7,16.8,86251
2017-11-30,16.9,16.9,16.9,16.75,16.75,16132
2017-12-01,16.8,16.8,16.9,16.8,16.9,25121
2017-12-04,16.8,16.8,16.9,16.8,16.9,21105
2017-12-05,16.8,16.8,16.8,16.8,16.8,5093
2017-12-06,16.85,16.85,16.9,16.8,16.9,35239
2017-12-07,16.85,16.85,16.9,16.8,16.85,22002
2017-12-08,16.85,16.85,16.9,16.85,16.85,46202
2017-12-11,16.9,16.9,17.0,16.8,16.85,23219
2017-12-12,17.0,17.0,17.0,16.9,16.9,19008
2017-12-13,16.95,16.95,16.95,16.8,16.95,8011
2017-12-14,16.9,16.9,16.9,16.8,16.8,4250
2017-12-15,16.95,16.95,17.0,16.8,16.85,28001
2017-12-18,16.85,16.85,17.0,16.85,17.0,61307
2017-12-19,16.95,16.95,17.0,16.85,16.85,13214
2017-12-20,17.1,17.1,17.1,16.85,16.85,266002
2017-12-21,17.05,17.05,17.2,17.0,17.15,58004
2017-12-22,17.05,17.05,17.15,16.9,16.9,98023
2017-12-25,16.95,16.95,16.95,16.95,16.95,5747
2017-12-26,17.0,17.0,17.05,16.9,16.95,34432
2017-12-27,16.95,16.95,17.0,16.8,17.0,21021
2017-12-28,17.05,17.05,17.05,17.0,17.0,25004
2017-12-29,17.4,17.4,17.4,17.1,17.15,116266
2018-01-02,17.6,17.6,17.75,17.3,17.4,118172
2018-01-03,17.7,17.7,17.9,17.6,17.6,121006
2018-01-04,17.5,17.5,17.85,17.5,17.7,40907
2018-01-05,17.7,17.7,17.8,17.55,17.8,14359
2018-01-08,17.7,17.7,17.8,17.6,17.75,28170
2018-01-09,17.45,17.45,17.9,17.45,17.7,35030
2018-01-10,17.45,17.45,17.75,17.45,17.75,5011
2018-01-11,17.25,17.25,17.75,17.0,17.45,68885
2018-01-12,17.2,17.2,17.2,17.1,17.1,21010
2018-01-15,17.3,17.3,17.35,17.3,17.35,6528
2018-01-16,17.65,17.65,17.65,17.35,17.35,30709
2018-01-17,17.75,17.75,17.8,17.55,17.65,23105
2018-01-18,17.5,17.5,17.8,17.5,17.75,27505
2018-01-19,17.6,17.6,17.7,17.55,17.7,14100
2018-01-22,17.45,17.45,17.55,17.25,17.55,18069
2018-01-23,17.55,17.55,17.65,17.55,17.55,10177
2018-01-24,17.35,17.35,17.55,17.35,17.55,10607
2018-01-25,17.6,17.6,17.65,17.25,17.35,37180
2018-01-26,17.8,17.8,17.9,17.6,17.65,25004
2018-01-29,17.5,17.5,17.8,17.5,17.8,8063
2018-01-30,17.5,17.5,18.15,17.4,17.5,25659
2018-01-31,17.8,17.8,17.8,17.5,17.5,49059
2018-02-01,17.55,17.55,17.8,17.55,17.8,7058
2018-02-02,17.65,17.65,17.8,17.65,17.75,29093
2018-02-05,17.6,17.6,17.9,17.6,17.65,52005
2018-02-06,17.1,17.1,17.3,17.1,17.3,35470
2018-02-07,17.15,17.15,17.65,17.1,17.1,29187
2018-02-08,17.3,17.3,17.3,17.1,17.15,20634
2018-02-09,17.4,17.4,17.4,17.15,17.15,16006
2018-02-12,17.25,17.25,17.3,17.2,17.3,12119
2018-02-21,17.7,17.7,17.7,17.25,17.25,13040
2018-02-22,17.6,17.6,17.65,17.5,17.5,16013
2018-02-23,17.6,17.6,17.65,17.45,17.65,21294
2018-02-26,17.65,17.65,17.7,17.5,17.5,49169
2018-02-27,17.45,17.45,17.75,17.45,17.65,49426
2018-03-01,17.6,17.6,17.6,17.45,17.45,7118
2018-03-02,17.45,17.45,17.45,17.4,17.4,15285
2018-03-05,17.45,17.45,17.5,17.45,17.45,8899
2018-03-06,17.6,17.6,17.65,17.5,17.5,18065
2018-03-07,17.45,17.45,17.5,17.45,17.5,14022
2018-03-08,17.65,17.65,17.65,17.45,17.45,27402
2018-03-09,17.95,17.95,18.15,17.6,17.6,84764
2018-03-12,18.1,18.1,18.1,17.9,18.05,276879
2018-03-13,18.2,18.2,18.25,18.0,18.1,67103
2018-03-14,18.2,18.2,18.3,18.0,18.0,77923
2018-03-15,18.0,18.0,18.2,18.0,18.1,50128
2018-03-16,17.8,17.8,18.0,17.8,18.0,40026
2018-03-19,17.75,17.75,17.9,17.75,17.9,32686
2018-03-20,17.7,17.7,17.7,17.45,17.6,61385
2018-03-21,17.55,17.55,17.65,17.55,17.55,7425
2018-03-22,17.5,17.5,17.55,17.5,17.55,19342
2018-03-23,17.7,17.7,17.85,17.2,17.4,31019
2018-03-26,17.5,17.5,17.6,17.35,17.6,22840
2018-03-27,17.75,17.75,17.75,17.45,17.5,19958
2018-03-28,17.55,17.55,17.55,17.4,17.45,18075
2018-03-29,17.4,17.4,17.55,17.4,17.55,21736
2018-03-30,17.5,17.5,17.5,17.5,17.5,9221
2018-04-02,17.65,17.65,17.7,17.5,17.5,33811
2018-04-03,17.5,17.5,17.55,17.5,17.55,19010
2018-04-09,17.35,17.35,17.6,17.3,17.3,43404
2018-04-10,17.45,17.45,17.65,17.45,17.5,43601
2018-04-11,17.65,17.65,18.0,17.5,17.5,123104
2018-04-12,17.75,17.75,17.75,17.7,17.7,35378
2018-04-13,17.8,17.8,17.8,17.65,17.65,60534
2018-04-16,17.6,17.6,17.8,17.6,17.8,29265
2018-04-17,17.6,17.6,17.8,17.45,17.6,18218
2018-04-18,17.55,17.55,17.65,17.55,17.6,15353
2018-04-19,17.6,17.6,17.85,17.6,17.6,27003
2018-04-20,17.6,17.6,17.6,17.55,17.55,28551
2018-04-23,17.55,17.55,17.6,17.55,17.6,33421
2018-04-24,17.5,17.5,17.6,17.5,17.5,21142
2018-04-25,17.5,17.5,17.55,17.2,17.5,45012
2018-04-26,17.5,17.5,17.7,17.5,17.7,19294
2018-04-27,17.5,17.5,17.6,17.5,17.6,12008
2018-04-30,17.5,17.5,17.6,17.5,17.6,17039
2018-05-02,17.6,17.6,17.6,17.6,17.6,33072
2018-05-03,17.6,17.6,17.6,17.6,17.6,23420
2018-05-04,17.7,17.7,17.7,17.6,17.6,18717
2018-05-07,17.65,17.65,17.7,17.55,17.7,11109
2018-05-08,17.6,17.6,17.8,17.6,17.6,38095
2018-05-09,17.6,17.6,17.7,17.6,17.6,48008
2018-05-10,17.65,17.65,17.85,17.65,17.75,17493
2018-05-11,17.85,17.85,17.9,17.65,17.65,119532
2018-05-14,17.75,17.75,17.85,17.7,17.85,17112
2018-05-15,17.65,17.65,17.75,17.65,17.75,24098
2018-05-16,17.7,17.7,17.8,17.6,17.6,9257
2018-05-17,17.7,17.7,17.75,17.65,17.75,20001
2018-05-18,17.8,17.8,17.9,17.75,17.9,88062
2018-05-21,17.75,17.75,17.75,17.65,17.75,16019
2018-05-22,17.7,17.7,17.85,17.7,17.75,26658
2018-05-23,17.7,17.7,17.7,17.7,17.7,16338
2018-05-24,17.7,17.7,17.7,17.6,17.7,19266
2018-05-25,17.6,17.6,17.7,17.6,17.6,37887
2018-05-28,17.6,17.6,17.7,17.6,17.6,64360
2018-05-29,17.6,17.6,17.6,17.6,17.6,24004
2018-05-30,17.6,17.6,17.7,17.6,17.6,61003
2018-05-31,17.6,17.6,17.6,17.55,17.6,20003
2018-06-01,17.6,17.6,17.6,17.5,17.6,9279
2018-06-04,17.65,17.65,17.7,17.6,17.65,14062
2018-06-05,17.5,17.5,17.65,17.5,17.65,30016
2018-06-06,17.5,17.5,17.6,17.5,17.5,27372
2018-06-07,17.4,17.4,17.6,17.4,17.45,36556
2018-06-08,17.45,17.45,17.5,17.2,17.35,44853
2018-06-11,17.1,17.1,17.4,17.0,17.4,118342
2018-06-12,16.95,16.95,17.1,16.95,17.1,42312
2018-06-13,16.95,16.95,17.0,16.95,16.95,55259
2018-06-14,16.8,16.8,16.95,16.8,16.95,36732
2018-06-15,16.7,16.7,17.0,16.65,17.0,23204
2018-06-19,16.9,16.9,17.0,16.7,16.7,24002
2018-06-20,16.8,16.8,17.0,16.7,16.7,21731
2018-06-21,17.0,17.0,17.0,16.8,16.8,26338
2018-06-22,17.0,17.0,17.0,16.9,17.0,33279
2018-06-25,17.0,17.0,17.0,16.9,17.0,22231
2018-06-26,17.0,17.0,17.0,16.8,17.0,16817
2018-06-27,17.0,17.0,17.0,17.0,17.0,44543
2018-06-28,17.1,17.1,17.1,17.0,17.1,21610
2018-06-29,16.95,16.95,17.0,16.95,17.0,17925
2018-07-02,17.0,17.0,17.0,16.95,16.95,12372
2018-07-03,17.0,17.0,17.0,16.95,16.95,36700
2018-07-04,16.9,16.9,17.0,16.85,17.0,27005
2018-07-05,16.9,16.9,16.9,16.9,16.9,2007
2018-07-06,16.8,16.8,16.9,16.7,16.9,15360
2018-07-09,16.9,16.9,16.9,16.7,16.7,15229
2018-07-10,16.75,16.75,16.8,16.75,16.8,22130
2018-07-11,16.8,16.8,16.8,16.7,16.7,14645
2018-07-12,16.8,16.8,16.8,16.75,16.8,33203
2018-07-13,16.75,16.75,16.75,16.75,16.75,1002
2018-07-16,16.8,16.8,16.8,16.8,16.8,4000
2018-07-17,16.8,16.8,16.95,16.8,16.9,9001
2018-07-18,16.95,16.95,16.95,16.8,16.9,17304
2018-07-19,16.9,16.9,16.9,16.9,16.9,4011
2018-07-20,16.85,16.85,17.05,16.85,17.05,4201
2018-07-23,16.8,16.8,16.8,16.8,16.8,5886
2018-07-24,16.8,16.8,16.85,16.8,16.85,14220
2018-07-25,16.8,16.8,16.8,16.8,16.8,3369
2018-07-26,16.8,16.8,16.95,16.75,16.9,30911
2018-07-27,16.8,16.8,16.8,16.8,16.8,9370
2018-07-30,16.7,16.7,16.8,16.7,16.75,11102
2018-07-31,17.15,17.15,17.2,16.7,16.7,107000
2018-08-01,17.0,17.0,17.1,17.0,17.1,7543
2018-08-02,16.95,16.95,17.2,16.9,17.0,57001
2018-08-03,16.9,16.9,16.9,16.9,16.9,7307
2018-08-06,16.85,16.85,16.9,16.85,16.9,10076
2018-08-07,16.9,16.9,17.0,16.8,16.85,16000
2018-08-08,17.0,17.0,17.0,16.9,16.9,21266
2018-08-09,17.0,17.0,17.0,17.0,17.0,7000
2018-08-10,16.9,16.9,16.9,16.9,16.9,11085
2018-08-13,16.9,16.9,17.0,16.7,16.8,25015
2018-08-14,16.9,16.9,16.9,16.7,16.75,21402
2018-08-15,16.7,16.7,16.8,16.7,16.8,10230
2018-08-16,16.7,16.7,16.7,16.65,16.65,7323
2018-08-17,16.8,16.8,16.8,16.65,16.7,11105
2018-08-20,17.0,17.0,17.05,16.7,16.7,14163
2018-08-21,17.1,17.1,17.1,17.0,17.0,4001
2018-08-22,17.1,17.1,17.1,17.1,17.1,6754
2018-08-23,16.95,16.95,17.1,16.95,17.1,3708
2018-08-27,16.8,16.8,16.85,16.75,16.75,4203
2018-08-28,16.75,16.75,16.8,16.75,16.8,8250
2018-08-29,16.75,16.75,16.75,16.75,16.75,5451
2018-08-30,16.7,16.7,16.75,16.7,16.75,6359
2018-08-31,16.6,16.6,16.7,16.55,16.7,16566
2018-09-03,16.7,16.7,16.7,16.5,16.6,25357
2018-09-04,16.7,16.7,16.8,16.6,16.6,13103
2018-09-05,16.6,16.6,16.65,16.55,16.6,14204
2018-09-06,16.4,16.4,16.6,16.4,16.6,29331
2018-09-07,16.35,16.35,16.4,16.25,16.4,20200
2018-09-10,16.4,16.4,16.4,16.25,16.25,10200
2018-09-11,16.3,16.3,16.4,16.3,16.4,2510
2018-09-12,16.05,16.05,16.25,15.9,16.25,29761
2018-09-13,16.25,16.25,16.25,16.05,16.05,13101
2018-09-14,16.15,16.15,16.25,16.15,16.25,14402
2018-09-17,16.2,16.2,16.2,16.05,16.05,30200
2018-09-18,16.1,16.1,16.2,16.05,16.2,12204
2018-09-19,16.05,16.05,16.2,16.0,16.0,25102
2018-09-20,16.0,16.0,16.05,16.0,16.0,18012
2018-09-21,16.05,16.05,16.05,16.0,16.0,19100
2018-09-25,16.05,16.05,16.15,15.95,16.05,17100
2018-09-26,15.95,15.95,16.0,15.95,16.0,22010
2018-09-27,16.0,16.0,16.3,15.95,16.1,42201
2018-09-28,16.0,16.0,16.0,15.9,16.0,29521
2018-10-01,16.0,16.0,16.0,15.9,16.0,25398
2018-10-02,15.95,15.95,15.95,15.9,15.9,6000
2018-10-03,15.95,15.95,15.95,15.95,15.95,10003
2018-10-04,15.95,15.95,16.0,15.95,16.0,48150
2018-10-05,15.95,15.95,15.95,15.85,15.9,14334
2018-10-08,15.85,15.85,15.85,15.8,15.85,11100
2018-10-09,15.8,15.8,15.95,15.8,15.8,17004
2018-10-11,14.6,14.6,15.8,14.4,15.8,63033
2018-10-12,14.5,14.5,14.55,14.15,14.15,29002
2018-10-15,14.4,14.4,14.6,14.4,14.6,10821
2018-10-16,14.4,14.4,14.55,14.4,14.4,11104
2018-10-17,14.3,14.3,14.4,14.3,14.4,22001
2018-10-18,14.25,14.25,14.3,14.25,14.3,13185
2018-10-19,14.25,14.25,14.25,14.1,14.2,12005
2018-10-22,14.15,14.15,14.2,14.05,14.2,20103
2018-10-23,13.85,13.85,14.05,13.85,14.05,47086
2018-10-24,13.65,13.65,13.85,13.5,13.85,38346
2018-10-25,13.1,13.1,13.5,13.05,13.4,35001
2018-10-26,13.15,13.15,13.4,13.15,13.4,3770
2018-10-29,13.15,13.15,13.5,13.15,13.15,7000
2018-10-30,12.9,12.9,13.5,12.9,13.2,32000
2018-10-31,12.9,12.9,13.3,12.8,13.25,35001
2018-11-01,13.2,13.2,13.2,13.0,13.0,8000
2018-11-02,13.0,13.0,13.2,13.0,13.2,40000
2018-11-05,13.55,13.55,13.65,13.2,13.2,28270
2018-11-06,13.6,13.6,13.6,13.4,13.45,25161
2018-11-07,13.7,13.7,13.7,13.3,13.4,13000
2018-11-08,13.8,13.8,13.8,13.45,13.7,22004
2018-11-09,13.9,13.9,13.9,13.5,13.8,20156
2018-11-12,13.8,13.8,14.0,13.7,13.9,8001
2018-11-13,13.7,13.7,13.95,13.6,13.6,7001
2018-11-14,13.9,13.9,13.9,13.7,13.7,4062
2018-11-15,13.75,13.75,14.0,13.75,14.0,12301
2018-11-16,13.75,13.75,13.75,13.75,13.75,3001
2018-11-19,13.85,13.85,13.85,13.75,13.75,4719
2018-11-20,13.7,13.7,13.7,13.7,13.7,6100
2018-11-21,13.7,13.7,13.7,13.55,13.55,3030
2018-11-22,13.7,13.7,13.7,13.7,13.7,4540
2018-11-23,13.4,13.4,13.55,13.4,13.55,25649
2018-11-26,13.65,13.65,13.7,13.65,13.7,35752
2018-11-27,13.5,13.5,13.65,13.5,13.65,5603
2018-11-28,13.75,13.75,13.9,13.75,13.9,10150
2018-11-29,13.7,13.7,13.75,13.55,13.75,26434
2018-11-30,13.6,13.6,13.7,13.6,13.7,12060
2018-12-03,13.7,13.7,13.7,13.6,13.6,10120
2018-12-04,13.8,13.8,13.8,13.7,13.7,16012
2018-12-05,13.85,13.85,13.85,13.75,13.8,9003
2018-12-06,13.7,13.7,13.75,13.65,13.65,14000
2018-12-07,13.7,13.7,13.8,13.7,13.8,10577
2018-12-10,13.65,13.65,13.75,13.65,13.75,11945
2018-12-11,13.75,13.75,13.75,13.6,13.6,4853
2018-12-12,13.7,13.7,13.7,13.6,13.6,3354
2018-12-13,13.7,13.7,13.8,13.7,13.8,19175
2018-12-14,13.65,13.65,13.65,13.6,13.6,2200
2018-12-17,13.7,13.7,13.8,13.7,13.8,4019
2018-12-18,13.7,13.7,13.7,13.65,13.65,4003
2018-12-19,13.65,13.65,13.75,13.65,13.65,14001
2018-12-20,13.75,13.75,13.75,13.65,13.65,2000
2018-12-21,13.8,13.8,13.8,13.6,13.6,3000
2018-12-24,13.75,13.75,13.75,13.5,13.5,174100
2018-12-25,13.75,13.75,13.75,13.75,13.75,1000
2018-12-26,13.65,13.65,13.65,13.6,13.6,3011
2018-12-27,13.7,13.7,13.7,13.65,13.65,4000
2018-12-28,13.7,13.7,13.7,13.6,13.6,2170
2019-01-03,13.6,13.6,13.6,13.5,13.5,4000
2019-01-04,13.6,13.6,13.6,13.5,13.55,4201
2019-01-07,13.7,13.7,13.8,13.7,13.8,3103
2019-01-08,13.55,13.55,13.65,13.55,13.65,6000
2019-01-09,13.7,13.7,13.7,13.6,13.6,4001
2019-01-10,13.55,13.55,13.55,13.55,13.55,3287
2019-01-11,13.55,13.55,13.6,13.55,13.6,9005
2019-01-14,13.55,13.55,13.55,13.45,13.5,4194
2019-01-15,13.45,13.45,13.55,13.4,13.55,9005
2019-01-16,13.45,13.45,13.6,13.45,13.45,17006
2019-01-17,13.45,13.45,13.45,13.45,13.45,2014
2019-01-18,13.5,13.5,13.5,13.5,13.5,4196
2019-01-21,13.5,13.5,13.5,13.5,13.5,5001
2019-01-22,13.7,13.7,14.85,13.7,13.7,594326
2019-01-23,13.75,13.75,13.95,13.55,13.7,103007
2019-01-24,13.75,13.75,13.75,13.55,13.6,96798
2019-01-25,13.7,13.7,13.7,13.7,13.7,16063
2019-01-28,13.8,13.8,13.8,13.75,13.75,58613
2019-01-29,13.65,13.65,13.7,13.65,13.7,13532
2019-01-30,13.7,13.7,13.7,13.6,13.65,25188
2019-02-11,13.8,13.8,13.8,13.7,13.7,26920
2019-02-12,13.8,13.8,13.8,13.8,13.8,7239
2019-02-13,13.6,13.6,13.65,13.6,13.65,15249
2019-02-14,13.75,13.75,13.75,13.6,13.6,4503
2019-02-15,13.8,13.8,13.85,13.75,13.75,23010
2019-02-18,13.75,13.75,13.85,13.7,13.85,16023
2019-02-19,13.8,13.8,13.8,13.7,13.75,20451
2019-02-20,14.0,14.0,14.0,13.8,13.8,70316
2019-02-21,13.9,13.9,14.0,13.85,14.0,25441
2019-02-22,13.9,13.9,14.2,13.9,14.0,21108
2019-02-25,13.8,13.8,13.9,13.8,13.9,42271
2019-02-26,13.9,13.9,13.95,13.8,13.8,42452
2019-02-27,14.1,14.1,14.1,13.85,13.95,56646
2019-03-04,14.15,14.15,14.2,13.95,14.15,163160
2019-03-05,14.2,14.2,14.55,14.0,14.1,136152
2019-03-06,14.15,14.15,14.2,14.05,14.2,51024
2019-03-07,14.05,14.05,14.05,14.0,14.05,30439
2019-03-08,14.3,14.3,14.3,14.0,14.0,46823
2019-03-11,14.15,14.15,14.25,14.15,14.15,17202
2019-03-12,14.05,14.05,14.15,14.05,14.15,16322
2019-03-13,14.05,14.05,14.1,14.05,14.1,5292
2019-03-14,14.4,14.4,14.4,14.1,14.1,247072
2019-03-15,14.35,14.35,14.6,14.3,14.4,106001
2019-03-18,14.45,14.45,14.45,14.35,14.35,95780
2019-03-19,14.3,14.3,14.45,14.3,14.45,92020
2019-03-20,14.2,14.2,14.4,14.2,14.3,24012
2019-03-21,14.25,14.25,14.4,14.25,14.35,17101
2019-03-22,14.25,14.25,14.3,14.25,14.3,18653
2019-03-25,14.25,14.25,14.25,14.15,14.15,14026
2019-03-26,14.2,14.2,14.25,14.2,14.25,10034
2019-03-27,14.3,14.3,14.3,14.3,14.3,1008
2019-03-28,14.35,14.35,14.35,14.3,14.3,4209
2019-03-29,14.6,14.6,14.6,14.35,14.4,96475
2019-04-01,14.7,14.7,14.95,14.6,14.6,91586
2019-04-02,14.8,14.8,14.95,14.75,14.8,36441
2019-04-03,14.8,14.8,15.0,14.8,14.8,32200
2019-04-08,14.45,14.45,14.8,14.3,14.8,208257
2019-04-09,14.4,14.4,14.5,14.4,14.45,51575
2019-04-10,14.4,14.4,14.4,14.3,14.3,18677
2019-04-11,14.3,14.3,14.5,14.2,14.4,32343
2019-04-12,14.4,14.4,14.4,14.2,14.25,7237
2019-04-15,14.25,14.25,14.3,14.2,14.25,21478
2019-04-16,14.25,14.25,14.3,14.25,14.3,3109
2019-04-17,14.5,14.5,14.5,14.15,14.25,34177
2019-04-18,14.3,14.3,14.45,14.3,14.45,10352
2019-04-19,14.15,14.15,14.25,14.15,14.25,12394
2019-04-22,14.2,14.2,14.4,14.1,14.4,16200
2019-04-23,14.3,14.3,14.3,14.2,14.25,13002
2019-04-24,14.25,14.25,14.3,14.15,14.25,36177
2019-04-25,14.1,14.1,14.3,14.0,14.2,47003
2019-04-26,14.1,14.1,14.1,14.1,14.1,4070
2019-04-29,14.1,14.1,14.1,14.0,14.1,9104
2019-04-30,14.1,14.1,14.1,14.1,14.1,1692
2019-05-02,14.05,14.05,14.05,14.0,14.0,9681
2019-05-03,14.05,14.05,14.05,14.0,14.05,11604
2019-05-06,13.85,13.85,14.0,13.8,13.95,16265
2019-05-07,13.85,13.85,13.85,13.8,13.85,12968
2019-05-08,13.75,13.75,13.8,13.6,13.8,34325
2019-05-09,13.45,13.45,13.75,13.45,13.75,17153
2019-05-10,13.5,13.5,13.7,13.45,13.55,23154
2019-05-13,13.45,13.45,13.5,13.4,13.5,9000
2019-05-14,13.6,13.6,13.6,13.55,13.55,14014
2019-05-15,13.6,13.6,13.9,13.6,13.8,66121
2019-05-16,13.6,13.6,13.6,13.6,13.6,1850
2019-05-17,13.5,13.5,13.7,13.5,13.7,4003
2019-05-20,13.45,13.45,13.5,13.45,13.5,15068
2019-05-21,13.6,13.6,13.65,13.4,13.4,24061
2019-05-22,13.7,13.7,13.7,13.7,13.7,9001
2019-05-23,13.2,13.2,13.5,13.1,13.5,108805
2019-05-24,13.3,13.3,13.4,13.25,13.4,29433
2019-05-27,13.5,13.5,13.55,13.4,13.55,12100
2019-05-28,13.3,13.3,13.35,13.3,13.35,10003
2019-05-29,13.25,13.25,13.4,13.25,13.3,16230
2019-05-30,13.25,13.25,13.25,13.25,13.25,13550
2019-05-31,13.25,13.25,13.25,13.2,13.25,6003
2019-06-03,13.35,13.35,13.35,13.1,13.15,20008
2019-06-04,13.35,13.35,13.35,13.2,13.2,9088
2019-06-05,13.2,13.2,13.25,13.2,13.25,22196
2019-06-06,13.25,13.25,13.25,13.2,13.2,10001
2019-06-10,13.35,13.35,13.4,13.3,13.35,27054
2019-06-11,13.4,13.4,13.4,13.35,13.4,14145
2019-06-12,13.7,13.7,13.7,13.3,13.4,68020
2019-06-13,13.7,13.7,13.7,13.45,13.7,95002
2019-06-14,13.5,13.5,13.7,13.5,13.7,11004
2019-06-17,13.45,13.45,13.5,13.45,13.5,6378
2019-06-18,13.4,13.4,13.4,13.4,13.4,6813
2019-06-19,13.65,13.65,13.65,13.35,13.4,11548
2019-06-20,13.7,13.7,13.7,13.65,13.65,10262
2019-06-21,13.75,13.75,13.75,13.65,13.7,19401
2019-06-24,13.7,13.7,13.75,13.6,13.75,18088
2019-06-25,13.6,13.6,13.6,13.6,13.6,9003
2019-06-26,13.7,13.7,13.7,13.6,13.6,4085
2019-06-27,13.7,13.7,13.7,13.7,13.7,3044
2019-06-28,13.55,13.55,13.6,13.45,13.6,198440
2019-07-01,13.55,13.55,13.7,13.55,13.55,24274
2019-07-02,13.6,13.6,13.6,13.55,13.55,2001
2019-07-03,13.75,13.75,13.75,13.55,13.6,32150
2019-07-04,13.8,13.8,13.8,13.7,13.7,19026
2019-07-05,13.7,13.7,13.8,13.65,13.7,87541
2019-07-08,13.75,13.75,13.75,13.65,13.7,27847
2019-07-09,13.7,13.7,13.75,13.7,13.75,35262
2019-07-10,13.6,13.6,13.65,13.6,13.65,18234
2019-07-11,13.75,13.75,13.8,13.65,13.65,102424
2019-07-12,13.75,13.75,13.75,13.65,13.7,62074
2019-07-15,13.75,13.75,13.75,13.7,13.75,72484
2019-07-16,13.75,13.75,13.85,13.65,13.75,126000
2019-07-17,13.6,13.6,13.65,13.5,13.6,81145
2019-07-18,13.5,13.5,13.55,13.45,13.55,54741
2019-07-19,13.55,13.55,13.7,13.55,13.6,93400
2019-07-22,13.6,13.6,13.6,13.5,13.55,61093
2019-07-23,13.5,13.5,13.6,13.4,13.5,69443
2019-07-24,13.45,13.45,13.5,13.45,13.5,25000
2019-07-25,13.45,13.45,13.5,13.45,13.5,64031
2019-07-26,13.55,13.55,13.55,13.5,13.5,56780
2019-07-29,13.45,13.45,13.55,13.4,13.55,14103
2019-07-30,13.35,13.35,13.5,13.35,13.45,46219
2019-07-31,13.6,13.6,13.65,13.4,13.4,129164
2019-08-01,13.5,13.5,13.6,13.5,13.6,24307
2019-08-02,13.4,13.4,13.5,13.4,13.5,59099
2019-08-05,13.3,13.3,13.4,13.3,13.4,43000
2019-08-06,13.3,13.3,13.3,13.3,13.3,5469
2019-08-07,13.55,13.55,13.55,13.4,13.4,23038
2019-08-08,13.55,13.55,13.55,13.4,13.4,58150
2019-08-12,13.5,13.5,13.6,13.5,13.55,81845
2019-08-13,13.25,13.25,13.5,13.25,13.5,52519
2019-08-14,13.25,13.25,13.3,13.25,13.25,17283
2019-08-15,13.05,13.05,13.2,13.0,13.2,53001
2019-08-16,13.1,13.1,13.1,13.05,13.1,94311
2019-08-19,13.0,13.0,13.1,13.0,13.1,78420
2019-08-20,13.3,13.3,13.3,13.0,13.1,105106
2019-08-21,13.2,13.2,13.3,13.2,13.3,69282
2019-08-22,13.2,13.2,13.4,13.2,13.4,17452
2019-08-23,13.15,13.15,13.2,13.15,13.2,4200
2019-08-26,13.2,13.2,13.25,13.2,13.25,2001
2019-08-27,13.1,13.1,13.2,13.1,13.2,6183
2019-08-28,12.95,12.95,13.1,12.9,13.1,68945
2019-08-29,12.95,12.95,13.05,12.95,12.95,8199
2019-08-30,12.95,12.95,13.0,12.9,12.95,11650
2019-09-02,13.0,13.0,13.0,12.95,12.95,2404
2019-09-03,12.95,12.95,13.1,12.95,13.1,6010
2019-09-04,12.9,12.9,13.0,12.9,12.9,14004
2019-09-05,12.9,12.9,12.95,12.9,12.95,19009
2019-09-06,12.9,12.9,13.15,12.85,12.9,56705
2019-09-09,12.9,12.9,13.05,12.9,12.9,24311
2019-09-10,12.85,12.85,12.95,12.85,12.9,34305
2019-09-11,12.9,12.9,12.9,12.85,12.9,21630
2019-09-12,12.85,12.85,12.9,12.85,12.9,10241
2019-09-16,12.9,12.9,13.0,12.9,12.9,5102
2019-09-17,12.9,12.9,12.9,12.9,12.9,14242
2019-09-18,12.9,12.9,13.0,12.9,12.9,18549
2019-09-19,12.95,12.95,12.95,12.8,12.9,25181
2019-09-20,13.0,13.0,13.0,12.95,13.0,32503
2019-09-23,13.0,13.0,13.0,12.95,13.0,20003
2019-09-24,13.15,13.15,13.15,13.0,13.0,25012
2019-09-25,13.05,13.05,13.15,13.0,13.0,7175
2019-09-26,13.15,13.15,13.15,13.05,13.05,10001
2019-09-27,12.95,12.95,13.05,12.9,12.95,13490
2019-10-01,13.1,13.1,13.1,12.95,12.95,17220
2019-10-02,13.05,13.05,13.15,13.05,13.1,6414
2019-10-03,12.9,12.9,13.0,12.9,13.0,7040
2019-10-04,12.8,12.8,12.95,12.8,12.95,21001
2019-10-07,13.0,13.0,13.0,13.0,13.0,20178
2019-10-08,13.0,13.0,13.0,13.0,13.0,4023
2019-10-09,13.0,13.0,13.0,13.0,13.0,6000
2019-10-14,12.95,12.95,13.0,12.85,13.0,11201
2019-10-15,12.75,12.75,12.85,12.5,12.85,53281
2019-10-16,12.9,12.9,12.9,12.55,12.7,52544
2019-10-17,12.9,12.9,12.9,12.9,12.9,5676
2019-10-18,12.95,12.95,12.95,12.95,12.95,3100
2019-10-21,12.9,12.9,12.9,12.85,12.85,3008
2019-10-22,12.85,12.85,12.9,12.85,12.9,8298
2019-10-23,12.85,12.85,12.85,12.85,12.85,5655
2019-10-24,13.0,13.0,13.0,12.8,12.8,14046
2019-10-25,12.85,12.85,12.9,12.85,12.9,21086
2019-10-28,12.85,12.85,12.85,12.85,12.85,6000
2019-10-29,12.85,12.85,12.85,12.85,12.85,4005
2019-10-30,12.8,12.8,12.8,12.8,12.8,5582
2019-10-31,12.7,12.7,12.85,12.7,12.85,7002
2019-11-01,12.7,12.7,12.9,12.7,12.7,9080
2019-11-04,12.8,12.8,12.8,12.7,12.7,5011
2019-11-05,12.8,12.8,12.8,12.8,12.8,6196
2019-11-06,12.7,12.7,12.7,12.65,12.7,12001
2019-11-07,12.9,12.9,12.9,12.7,12.7,7578
2019-11-08,12.75,12.75,12.9,12.75,12.9,3041
2019-11-11,12.7,12.7,12.9,12.7,12.9,19180
2019-11-12,12.7,12.7,12.7,12.7,12.7,4412
2019-11-13,12.65,12.65,12.7,12.65,12.7,2000
2019-11-14,12.65,12.65,12.65,12.6,12.65,10638
2019-11-20,12.9,12.9,12.9,12.6,12.6,38000
2019-11-21,12.9,12.9,12.9,12.75,12.8,5001
2019-11-22,12.9,12.9,12.9,12.85,12.85,3003
2019-11-25,12.9,12.9,12.9,12.75,12.75,5200
2019-11-26,12.8,12.8,12.9,12.75,12.75,11101
2019-11-27,12.75,12.75,12.8,12.75,12.8,3047
2019-11-28,12.75,12.75,12.75,12.7,12.75,10749
2019-11-29,12.6,12.6,12.7,12.6,12.65,25103
2019-12-02,12.8,12.8,12.8,12.6,12.6,8060
2019-12-03,12.7,12.7,12.8,12.7,12.8,11263
2019-12-04,12.8,12.8,12.8,12.8,12.8,3469
2019-12-05,12.8,12.8,12.8,12.8,12.8,5111
2019-12-06,12.8,12.8,12.8,12.75,12.75,5249
2019-12-09,12.75,12.75,12.75,12.75,12.75,1030
2019-12-10,12.75,12.75,12.8,12.75,12.8,5486
2019-12-11,12.8,12.8,12.8,12.75,12.75,2159
2019-12-12,12.9,12.9,13.0,12.8,12.85,201003
2019-12-13,12.95,12.95,12.95,12.9,12.9,103430
2019-12-16,13.0,13.0,13.0,12.9,12.9,23617
2019-12-17,13.1,13.1,13.1,12.95,12.95,19002
2019-12-18,13.65,13.65,14.3,13.05,13.1,239561
2019-12-19,13.75,13.75,13.95,13.55,13.65,153078
2019-12-20,13.8,13.8,13.85,13.65,13.85,44142
2019-12-23,13.85,13.85,13.9,13.65,13.85,42088
2019-12-24,13.8,13.8,13.85,13.75,13.85,32313
2019-12-25,13.8,13.8,13.8,13.8,13.8,9001
2019-12-26,13.65,13.65,13.75,13.65,13.7,11730
2019-12-27,13.55,13.55,13.8,13.55,13.8,39100
2019-12-30,13.5,13.5,13.55,13.5,13.55,7696
2019-12-31,13.7,13.7,13.7,13.4,13.5,22502
2020-01-02,13.75,13.75,13.9,13.7,13.7,19180
2020-01-03,13.65,13.65,13.75,13.55,13.75,35050
2020-01-06,13.45,13.45,13.65,13.35,13.65,37004
2020-01-07,13.5,13.5,13.6,13.45,13.6,10412
2020-01-08,13.45,13.45,13.65,13.45,13.5,29006
2020-01-09,13.5,13.5,13.55,13.45,13.45,7161
2020-01-10,13.55,13.55,13.55,13.45,13.5,13285
2020-01-13,13.55,13.55,13.55,13.45,13.45,56002
2020-01-14,13.5,13.5,13.55,13.5,13.55,18741
2020-01-15,13.5,13.5,13.6,13.45,13.55,17001
2020-01-16,13.5,13.5,13.5,13.45,13.5,17081
2020-01-17,13.5,13.5,13.55,13.5,13.5,15888
2020-01-20,13.55,13.55,13.55,13.5,13.5,6271
2020-01-30,13.05,13.05,13.5,13.05,13.5,35002
2020-01-31,13.1,13.1,13.1,13.05,13.05,12103
2020-02-03,13.1,13.1,13.1,13.1,13.1,25000
2020-02-04,13.3,13.3,13.3,13.3,13.3,4000
2020-02-05,13.25,13.25,13.3,13.25,13.3,2229
2020-02-06,13.2,13.2,13.2,13.15,13.2,18012
2020-02-07,13.2,13.2,13.25,13.2,13.2,18497
2020-02-10,13.2,13.2,13.2,13.2,13.2,3781
2020-02-11,13.2,13.2,13.2,13.15,13.15,3045
2020-02-12,13.2,13.2,13.3,13.2,13.25,16004
2020-02-13,13.2,13.2,13.3,13.2,13.2,20145
2020-02-14,13.2,13.2,13.25,13.15,13.15,16001
2020-02-17,13.15,13.15,13.2,13.15,13.2,4390
2020-02-18,13.05,13.05,13.1,13.05,13.1,5393
2020-02-19,13.15,13.15,13.15,13.05,13.05,14006
2020-02-20,13.15,13.15,13.15,13.15,13.15,1562
2020-02-21,13.15,13.15,13.25,13.15,13.25,43001
2020-02-24,13.15,13.15,13.15,13.05,13.15,17015
2020-02-25,13.15,13.15,13.15,13.15,13.15,6003
2020-02-26,13.0,13.0,13.15,13.0,13.15,5317
2020-02-27,13.1,13.1,13.15,13.0,13.0,13157
2020-03-02,13.1,13.1,13.15,13.0,13.1,16535
2020-03-03,13.1,13.1,13.15,13.05,13.15,10367
2020-03-04,13.05,13.05,13.2,13.05,13.2,3021
2020-03-05,13.05,13.05,13.1,13.05,13.05,9004
2020-03-06,12.9,12.9,13.05,12.9,13.05,25006
2020-03-09,12.9,12.9,13.0,12.9,12.95,36210
2020-03-10,12.9,12.9,12.9,12.7,12.8,29354
2020-03-11,12.8,12.8,12.95,12.75,12.95,29000
2020-03-12,12.35,12.35,12.8,12.35,12.6,31648
2020-03-13,11.6,11.6,12.3,11.55,11.7,49387
2020-03-16,11.3,11.3,11.75,11.3,11.75,36000
2020-03-17,10.55,10.55,11.3,10.3,11.3,83002
2020-03-18,10.3,10.3,10.7,10.2,10.65,44256
2020-03-19,10.0,10.0,10.3,9.9,10.05,81765
2020-03-20,10.45,10.45,10.5,10.0,10.0,36215
2020-03-23,9.98,9.98,10.45,9.57,10.45,13000
2020-03-24,10.1,10.1,10.25,9.98,9.98,32382
2020-03-25,10.35,10.35,10.55,10.15,10.15,23000
2020-03-26,10.35,10.35,10.4,10.35,10.4,9000
2020-03-27,10.15,10.15,10.45,10.15,10.45,30000
2020-03-30,10.2,10.2,10.25,10.0,10.25,51069
2020-03-31,10.4,10.4,10.4,10.25,10.25,36318
2020-04-01,10.4,10.4,10.6,10.4,10.4,17000
2020-04-07,10.45,10.45,10.5,10.4,10.5,21025
2020-04-08,10.55,10.55,10.6,10.3,10.55,85736
2020-04-09,10.75,10.75,10.75,10.6,10.65,157326
2020-04-10,10.9,10.9,10.95,10.65,10.8,91740
2020-04-13,11.4,11.4,11.8,10.9,10.9,114000
2020-04-14,11.7,11.7,11.75,11.4,11.4,70185
2020-04-15,11.75,11.75,11.85,11.7,11.7,144489
2020-04-16,11.6,11.6,11.85,11.55,11.6,36012
2020-04-17,11.6,11.6,11.8,11.6,11.75,70002
2020-04-20,11.65,11.65,11.65,11.4,11.6,68001
2020-04-21,11.1,11.1,11.65,11.1,11.65,55005
2020-04-22,11.75,11.75,12.2,11.2,11.35,161470
2020-04-23,11.6,11.6,11.75,11.6,11.6,121410
2020-04-24,11.85,11.85,12.0,11.65,11.65,114303
2020-04-27,11.9,11.9,11.95,11.8,11.85,20003
2020-04-28,12.35,12.35,12.5,11.95,11.95,58256
2020-04-29,12.55,12.55,12.55,12.1,12.35,52001
2020-05-04,12.45,12.45,12.6,12.0,12.6,59101
2020-05-05,12.3,12.3,12.45,12.15,12.2,19870
2020-05-06,12.2,12.2,12.3,12.1,12.3,20982
2020-05-07,12.35,12.35,12.4,12.15,12.3,10706
2020-05-08,12.2,12.2,12.25,12.2,12.25,14503
2020-05-11,12.5,12.5,12.5,12.15,12.2,24150
2020-05-12,12.25,12.25,12.45,12.2,12.45,39150
2020-05-13,11.9,11.9,12.25,11.85,12.1,315001
2020-05-14,11.95,11.95,12.0,11.8,11.85,20728
2020-05-15,11.95,11.95,12.0,11.95,12.0,3044
2020-05-18,11.9,11.9,11.95,11.8,11.8,4100
2020-05-19,11.85,11.85,12.05,11.85,11.95,16397
2020-05-20,11.85,11.85,11.9,11.85,11.9,23000
2020-05-21,11.9,11.9,12.0,11.9,11.95,44045
2020-05-22,11.8,11.8,12.0,11.75,12.0,48005
2020-05-25,11.9,11.9,11.95,11.8,11.8,37700
2020-05-26,11.9,11.9,11.95,11.9,11.9,28025
2020-05-27,11.95,11.95,11.95,11.9,11.9,39102
2020-05-28,11.9,11.9,12.0,11.8,12.0,38510
2020-05-29,11.95,11.95,12.1,11.9,12.1,68142
2020-06-01,12.0,12.0,12.05,12.0,12.0,21017
2020-06-02,12.1,12.1,12.1,12.0,12.1,13265
2020-06-03,12.15,12.15,12.55,12.1,12.1,106488
2020-06-04,12.15,12.15,12.25,12.15,12.15,23506
2020-06-05,12.35,12.35,12.5,12.15,12.15,67775
2020-06-08,12.35,12.35,12.4,12.25,12.35,43389
2020-06-09,12.25,12.25,12.35,12.25,12.35,42010
2020-06-10,12.2,12.2,12.25,12.15,12.25,38274
2020-06-11,12.4,12.4,13.0,12.2,12.2,194542
2020-06-12,12.1,12.1,12.3,12.1,12.3,84261
2020-06-15,12.1,12.1,12.15,12.1,12.15,71009
2020-06-16,12.15,12.15,12.25,12.1,12.2,52356
2020-06-17,12.3,12.3,12.3,12.1,12.15,29965
2020-06-18,12.35,12.35,12.65,12.05,12.3,89000
2020-06-19,12.15,12.15,12.35,12.1,12.35,102411
2020-06-22,12.35,12.35,12.45,12.15,12.15,46910
2020-06-23,12.35,12.35,12.35,12.25,12.35,21702
2020-06-24,12.3,12.3,12.45,12.15,12.35,51095
2020-06-29,12.2,12.2,12.2,12.15,12.15,9002
2020-06-30,12.4,12.4,12.5,12.2,12.2,31410
2020-07-01,12.6,12.6,12.75,12.35,12.4,94734
2020-07-02,12.6,12.6,12.9,12.5,12.6,66770
2020-07-03,12.65,12.65,12.85,12.5,12.8,33702
2020-07-06,12.75,12.75,12.75,12.65,12.75,66568
2020-07-07,13.0,13.0,13.2,12.7,12.75,71788
2020-07-08,13.1,13.1,13.15,12.85,13.0,113706
2020-07-09,13.25,13.25,13.35,13.0,13.0,66014
2020-07-10,13.0,13.0,13.3,12.95,13.2,38291
2020-07-13,13.0,13.0,13.0,12.85,12.85,55223
2020-07-14,12.65,12.65,12.85,12.5,12.85,42085
2020-07-15,12.6,12.6,12.7,12.55,12.7,26281
2020-07-16,13.1,13.1,13.2,12.8,12.8,40606
2020-07-17,13.25,13.25,13.5,13.0,13.1,82415
2020-07-20,13.1,13.1,13.3,13.1,13.3,14501
2020-07-21,13.2,13.2,14.0,13.15,13.3,56394
2020-07-22,13.45,13.45,13.45,13.05,13.2,27778
2020-07-23,13.2,13.2,13.3,13.2,13.3,19286
2020-07-24,12.85,12.85,13.15,12.85,13.05,61240
2020-07-27,12.7,12.7,12.85,12.7,12.8,19011
2020-07-28,12.7,12.7,12.7,12.7,12.7,9503
2020-07-29,12.8,12.8,12.8,12.7,12.7,6886
2020-07-30,12.65,12.65,12.7,12.5,12.7,80242
2020-07-31,12.85,12.85,12.85,12.75,12.8,33519
2020-08-03,13.0,13.0,13.0,12.8,12.95,26179
2020-08-04,12.9,12.9,13.2,12.8,12.8,45208
2020-08-05,13.35,13.35,13.4,12.9,12.9,53302
2020-08-06,13.5,13.5,13.55,13.3,13.35,74249
2020-08-07,13.6,13.6,13.7,13.25,13.4,87230
2020-08-10,13.6,13.6,13.9,13.6,13.7,103672
2020-08-11,13.55,13.55,13.55,13.55,13.55,7142
2020-08-12,13.3,13.3,13.45,13.25,13.45,21235
2020-08-13,13.3,13.3,13.3,13.05,13.25,27207
2020-08-14,13.1,13.1,13.25,13.0,13.1,25001
2020-08-17,13.15,13.15,13.3,13.0,13.1,30041
2020-08-18,13.0,13.0,13.05,12.95,13.0,23681
2020-08-19,13.05,13.05,13.05,12.95,13.0,15679
2020-08-20,12.9,12.9,13.05,12.7,13.05,26147
2020-08-21,13.1,13.1,13.15,12.9,12.9,25642
2020-08-24,13.15,13.15,13.2,13.1,13.1,8693
2020-08-25,13.1,13.1,13.2,13.1,13.15,16036
2020-08-26,13.1,13.1,13.1,12.95,13.1,11650
2020-08-27,13.0,13.0,13.1,13.0,13.1,15689
2020-08-28,13.05,13.05,13.05,12.9,12.9,23753
2020-08-31,13.2,13.2,13.3,13.05,13.2,52522
2020-09-01,13.2,13.2,13.2,13.05,13.2,4216
2020-09-02,13.2,13.2,13.2,13.15,13.2,16999
2020-09-03,13.3,13.3,13.3,13.15,13.15,20714
2020-09-04,13.3,13.3,13.3,13.05,13.25,25347
2020-09-07,13.25,13.25,13.3,13.2,13.25,39118
2020-09-08,13.2,13.2,13.25,13.2,13.25,13345
2020-09-09,13.2,13.2,13.3,13.2,13.2,27599
2020-09-10,13.3,13.3,13.45,13.2,13.45,35525
2020-09-11,13.35,13.35,13.35,13.15,13.3,15549
2020-09-14,13.25,13.25,13.35,13.2,13.35,39757
2020-09-15,13.35,13.35,13.35,13.2,13.35,27162
2020-09-16,13.5,13.5,13.65,13.25,13.25,191257
2020-09-17,13.6,13.6,13.65,13.5,13.55,25966
2020-09-18,13.55,13.55,13.6,13.5,13.6,41605
2020-09-21,13.6,13.6,13.6,13.5,13.55,30258
2020-09-22,13.35,13.35,13.55,13.25,13.55,149519
2020-09-23,13.4,13.4,13.4,13.2,13.4,14346
2020-09-24,13.1,13.1,13.25,13.05,13.25,100806
2020-09-25,13.2,13.2,13.2,12.9,13.05,41896
2020-09-28,13.3,13.3,13.45,13.2,13.2,42797
2020-09-29,13.45,13.45,13.45,13.2,13.3,22424
2020-09-30,13.3,13.3,13.3,13.2,13.3,14268
2020-10-05,13.25,13.25,13.25,13.1,13.2,9689
2020-10-06,13.35,13.35,13.5,13.25,13.25,22708
2020-10-07,13.5,13.5,13.5,13.35,13.4,21150
2020-10-08,13.45,13.45,13.5,13.35,13.5,13224
2020-10-12,13.35,13.35,13.5,13.35,13.5,10132
2020-10-13,13.3,13.3,13.45,13.1,13.4,28450
2020-10-14,13.35,13.35,13.35,13.3,13.3,14383
2020-10-15,13.35,13.35,13.35,13.3,13.35,7828
2020-10-16,13.4,13.4,13.4,13.4,13.4,35483
2020-10-19,13.45,13.45,13.45,13.3,13.4,34740
2020-10-20,13.35,13.35,13.4,13.3,13.4,7429
2020-10-21,13.4,13.4,13.4,13.35,13.35,14007
2020-10-22,13.4,13.4,13.4,13.3,13.4,10296
2020-10-23,13.2,13.2,13.3,13.2,13.3,12077
2020-10-26,13.4,13.4,13.4,13.15,13.2,21122
2020-10-27,13.4,13.4,13.45,13.35,13.4,14283
2020-10-28,13.3,13.3,13.4,13.3,13.4,18346
2020-10-29,13.4,13.4,13.5,13.3,13.35,14008
2020-10-30,13.3,13.3,13.45,13.3,13.4,19142
2020-11-02,13.3,13.3,13.3,13.2,13.3,6624
2020-11-03,13.5,13.5,13.5,13.3,13.4,15029
2020-11-04,13.5,13.5,13.5,13.4,13.45,11783
2020-11-05,13.4,13.4,13.5,13.4,13.5,5698
2020-11-06,13.55,13.55,13.6,13.4,13.4,62345
2020-11-09,13.6,13.6,13.7,13.5,13.7,20410
2020-11-10,13.6,13.6,13.6,13.5,13.6,21553
2020-11-11,13.6,13.6,13.6,13.45,13.55,5549
2020-11-12,13.6,13.6,13.6,13.6,13.6,5061
2020-11-13,13.5,13.5,13.5,13.45,13.5,5070
2020-11-16,13.45,13.45,13.55,13.35,13.5,18901
2020-11-17,13.5,13.5,13.5,13.3,13.45,17251
2020-11-18,13.6,13.6,13.6,13.4,13.5,21173
2020-11-19,13.6,13.6,13.6,13.5,13.5,57293
2020-11-20,13.5,13.5,13.6,13.5,13.6,45571
2020-11-23,13.55,13.55,13.6,13.5,13.5,32983
2020-11-24,13.45,13.45,13.6,13.45,13.5,26654
2020-11-25,13.45,13.45,13.55,13.45,13.5,35356
2020-11-26,13.65,13.65,13.65,13.55,13.55,28032
2020-11-27,13.7,13.7,13.75,13.5,13.55,98141
2020-11-30,13.65,13.65,13.75,13.6,13.65,110776
2020-12-01,13.6,13.6,13.65,13.6,13.65,39181
2020-12-02,14.2,14.2,14.45,13.65,13.65,216552
2020-12-04,14.1,14.1,14.2,13.9,13.9,77277
2020-12-07,13.9,13.9,14.15,13.9,14.1,53140
2020-12-08,14.05,14.05,14.3,14.0,14.0,50636
2020-12-09,14.1,14.1,14.1,14.0,14.05,30870
2020-12-10,14.05,14.05,14.1,13.9,13.9,22901
2020-12-11,13.8,13.8,14.05,13.75,13.9,28616
2020-12-14,13.9,13.9,13.95,13.85,13.85,35659
2020-12-15,13.85,13.85,14.0,13.8,13.9,31735
2020-12-16,13.95,13.95,14.0,13.85,13.85,13502
2020-12-17,14.0,14.0,14.05,13.85,13.95,21354
2020-12-18,13.95,13.95,14.0,13.9,14.0,10363
2020-12-21,14.0,14.0,14.15,13.9,13.95,41796
2020-12-22,14.2,14.2,14.25,14.0,14.1,89371
2020-12-23,13.95,13.95,14.0,13.9,14.0,32987
2020-12-24,14.1,14.1,14.2,14.0,14.0,31034
2020-12-25,14.05,14.05,14.25,14.05,14.1,26228
2020-12-28,14.05,14.05,14.05,13.85,14.05,56470
2020-12-29,14.1,14.1,14.1,14.0,14.0,26382
2020-12-30,14.2,14.2,14.2,14.0,14.1,52922
2020-12-31,14.2,14.2,14.3,14.2,14.2,75755
2021-01-04,14.2,14.2,14.3,14.0,14.2,72584
2021-01-05,14.25,14.25,14.25,14.05,14.2,42102
2021-01-06,14.25,14.25,14.3,14.1,14.25,72894
2021-01-07,14.1,14.1,14.3,14.1,14.25,40222
2021-01-08,14.2,14.2,14.2,14.1,14.1,11919
2021-01-11,14.1,14.1,14.35,14.05,14.15,42788
2021-01-12,14.15,14.15,14.25,14.0,14.1,29854
2021-01-13,14.05,14.05,14.25,14.05,14.05,25881
2021-01-14,14.0,14.0,14.05,13.9,13.9,33941
2021-01-15,13.8,13.8,14.05,13.8,14.05,40358
2021-01-18,13.65,13.65,13.8,13.65,13.7,29837
2021-01-19,13.7,13.7,13.8,13.65,13.65,29078
2021-01-20,13.45,13.45,13.7,13.45,13.7,43422
2021-01-21,13.45,13.45,13.7,13.35,13.45,17343
2021-01-22,13.8,13.8,13.8,13.45,13.6,64047
2021-01-25,13.85,13.85,13.85,13.6,13.8,14810
2021-01-26,13.55,13.55,13.75,13.55,13.75,30522
2021-01-27,13.55,13.55,13.55,13.55,13.55,6094
2021-01-28,13.4,13.4,13.65,13.4,13.55,21283
2021-01-29,13.2,13.2,13.45,13.2,13.45,37201
2021-02-01,13.0,13.0,13.1,13.0,13.0,26365
2021-02-02,13.4,13.4,13.5,13.4,13.5,6419
2021-02-03,13.35,13.35,13.35,13.35,13.35,4804
2021-02-04,13.25,13.25,13.35,13.25,13.25,1015187
2021-02-05,13.1,13.1,13.5,13.1,13.3,25549
2021-02-17,13.5,13.5,13.7,13.1,13.1,35187
2021-02-18,13.45,13.45,13.5,13.45,13.5,24756
2021-02-19,13.7,13.7,13.85,13.25,13.5,63318
2021-02-22,13.7,13.7,13.8,13.7,13.7,16734
2021-02-23,14.0,14.0,14.05,13.75,13.8,68290
2021-02-24,13.85,13.85,14.1,13.85,14.0,11387
2021-02-25,13.9,13.9,14.0,13.75,13.85,18764
2021-02-26,13.8,13.8,13.9,13.75,13.8,13001
2021-03-02,13.85,13.85,13.9,13.85,13.9,22692
2021-03-03,13.85,13.85,14.0,13.85,13.85,14786
2021-03-04,13.9,13.9,13.9,13.65,13.9,32475
2021-03-05,14.1,14.1,14.15,13.9,13.9,26795
2021-03-08,13.85,13.85,14.3,13.8,14.3,17644
2021-03-09,14.0,14.0,14.1,14.0,14.1,28698
2021-03-10,13.9,13.9,14.0,13.9,14.0,12378
2021-03-11,13.95,13.95,14.1,13.9,14.1,11934
2021-03-12,13.85,13.85,13.95,13.85,13.95,18035
2021-03-15,13.85,13.85,13.9,13.8,13.85,40117
2021-03-16,13.9,13.9,14.0,13.85,13.9,26234
2021-03-17,13.9,13.9,14.05,13.9,14.05,18429
2021-03-18,13.9,13.9,14.0,13.9,13.95,20919
2021-03-19,13.8,13.8,13.9,13.8,13.9,25961
2021-03-22,13.8,13.8,13.9,13.8,13.9,29693
2021-03-23,13.8,13.8,13.9,13.8,13.9,17654
2021-03-24,13.9,13.9,13.95,13.9,13.95,25947
2021-03-25,13.9,13.9,13.9,13.9,13.9,19057
2021-03-26,13.9,13.9,13.9,13.75,13.9,46446
2021-03-29,13.9,13.9,13.95,13.85,13.95,28040
2021-03-30,13.95,13.95,14.0,13.8,13.8,23956
2021-03-31,13.9,13.9,13.95,13.85,13.95,14610
2021-04-01,13.9,13.9,13.9,13.8,13.9,28236
2021-04-06,13.9,13.9,14.0,13.9,14.0,35726
2021-04-07,13.85,13.85,13.9,13.85,13.9,15999
2021-04-08,14.0,14.0,14.0,13.85,13.85,28322
2021-04-09,13.85,13.85,14.0,13.85,14.0,32627
2021-04-12,14.0,14.0,14.0,13.85,13.85,66919
2021-04-13,14.05,14.05,14.05,13.95,14.0,58172
2021-04-14,13.95,13.95,14.4,13.95,14.05,93363
2021-04-15,14.1,14.1,14.25,14.0,14.0,33820
2021-04-16,14.25,14.25,14.4,14.0,14.05,81957
2021-04-19,14.6,14.6,14.65,14.3,14.3,207376
2021-04-20,14.8,14.8,14.8,14.5,14.8,126210
2021-04-21,15.0,15.0,15.0,14.65,14.8,99884
2021-04-22,15.4,15.4,15.6,15.0,15.1,195104
2021-04-23,15.55,15.55,16.1,15.35,15.8,261808
2021-04-26,15.6,15.6,16.0,15.5,15.65,266309
2021-04-27,15.4,15.4,15.55,15.2,15.55,77110
2021-04-28,15.6,15.6,15.6,15.1,15.35,157114
2021-04-29,17.15,17.15,17.15,16.0,16.0,1108197
2021-05-03,15.6,15.6,17.1,15.5,17.1,900218
2021-05-04,14.5,14.5,15.55,14.2,15.45,267298
2021-05-05,15.0,15.0,15.4,14.4,14.5,204377
2021-05-06,15.05,15.05,15.3,14.95,15.05,163465
2021-05-07,15.05,15.05,15.25,14.8,15.05,63310
2021-05-10,15.0,15.0,15.35,15.0,15.1,93571
2021-05-11,14.6,14.6,15.2,14.6,15.0,104166
2021-05-12,13.75,13.75,14.45,13.55,14.45,229678
2021-05-13,15.1,15.1,15.1,14.0,14.0,377603
2021-05-14,15.4,15.4,16.6,15.1,16.6,768371
2021-05-17,16.9,16.9,16.9,15.45,15.45,2081937
2021-05-18,17.4,17.4,18.1,16.9,17.2,2266664
2021-05-19,16.35,16.35,17.4,16.2,17.4,641558
2021-05-20,16.3,16.3,17.15,15.9,16.5,496123
2021-05-21,16.1,16.1,16.5,15.7,16.45,235267
2021-05-24,16.15,16.15,16.2,15.8,15.85,272717
2021-05-25,15.85,15.85,16.55,15.85,16.35,236212
2021-05-26,15.75,15.75,16.2,15.7,16.0,139062
2021-05-27,15.45,15.45,15.7,15.4,15.7,195849
2021-05-28,15.2,15.2,15.6,15.0,15.45,353675
2021-05-31,15.1,15.1,15.2,15.0,15.2,138016
2021-06-01,15.2,15.2,15.35,15.1,15.1,98965
2021-06-02,15.3,15.3,15.4,15.2,15.2,125443
2021-06-03,15.5,15.5,15.55,15.35,15.5,151557
2021-06-04,16.45,16.45,17.05,15.5,15.55,889625
2021-06-07,17.0,17.0,17.4,16.7,16.7,1329298
2021-06-08,16.3,16.3,17.1,16.1,17.1,523872
2021-06-09,16.0,16.0,16.6,15.95,16.6,175915
2021-06-10,15.8,15.8,16.2,15.55,15.9,222687
2021-06-11,15.85,15.85,16.0,15.6,15.8,105106
2021-06-15,16.15,16.15,16.3,15.65,16.0,158953
2021-06-16,15.9,15.9,16.1,15.75,16.1,83932
2021-06-17,15.7,15.7,15.95,15.2,15.9,132202
2021-06-18,15.65,15.65,15.85,15.5,15.7,70116
2021-06-21,15.35,15.35,15.65,15.25,15.65,76102
2021-06-22,15.45,15.45,15.5,15.25,15.25,94466
2021-06-23,15.5,15.5,15.6,14.85,15.3,63464
2021-06-24,15.7,15.7,15.8,15.5,15.5,79497
2021-06-25,15.65,15.65,15.8,15.5,15.7,77671
2021-06-28,15.85,15.85,15.95,15.45,15.5,188482
2021-06-29,15.65,15.65,15.9,15.55,15.9,83553
2021-06-30,15.7,15.7,15.8,15.55,15.55,26313
2021-07-01,15.8,15.8,16.3,15.65,15.7,171222
2021-07-02,15.75,15.75,15.95,15.7,15.95,86691
2021-07-05,15.6,15.6,15.9,15.15,15.75,81497
2021-07-06,15.75,15.75,15.75,15.45,15.6,54455
2021-07-07,15.6,15.6,15.7,15.6,15.65,39135
2021-07-08,15.55,15.55,15.75,15.5,15.55,58726
2021-07-09,15.6,15.6,15.6,15.5,15.55,49974
2021-07-12,15.7,15.7,15.8,15.6,15.75,124475
2021-07-13,15.3,15.3,15.7,15.3,15.65,106067
2021-07-14,15.1,15.1,15.3,15.0,15.2,81012
2021-07-15,15.2,15.2,15.2,14.9,15.0,83192
2021-07-16,15.5,15.5,15.5,15.05,15.05,37654
2021-07-19,15.15,15.15,15.4,15.15,15.4,34154
2021-07-20,15.15,15.15,15.25,15.05,15.25,25145
2021-07-21,15.05,15.05,15.25,15.05,15.15,26113
2021-07-22,15.05,15.05,15.25,15.0,15.1,36539
2021-07-23,15.1,15.1,15.2,15.0,15.05,38478
2021-07-26,14.9,14.9,15.3,14.9,15.3,68462
2021-07-27,14.8,14.8,15.0,14.8,15.0,31832
2021-07-28,15.1,15.1,16.25,14.6,14.85,784418
2021-07-29,15.0,15.0,15.35,14.8,15.3,134278
2021-07-30,15.1,15.1,15.1,14.95,15.0,26851
2021-08-02,15.05,15.05,15.1,15.0,15.1,35853
2021-08-03,14.95,14.95,15.15,14.9,15.15,22938
2021-08-04,14.95,14.95,15.0,14.8,14.95,27608
2021-08-05,15.0,15.0,15.05,14.95,14.95,10965
2021-08-06,15.05,15.05,15.1,15.05,15.05,10663
2021-08-09,15.1,15.1,15.15,15.05,15.05,33768
2021-08-10,14.9,14.9,15.1,14.8,15.1,40562
2021-08-11,14.8,14.8,14.95,14.8,14.9,13018
2021-08-12,14.95,14.95,15.05,14.8,15.05,18580
2021-08-13,14.75,14.75,14.95,14.7,14.85,68675
2021-08-16,14.05,14.05,14.6,13.95,14.6,151302
2021-08-17,14.0,14.0,14.1,13.95,14.1,50261
2021-08-18,14.1,14.1,14.1,13.9,14.1,31667
2021-08-19,14.0,14.0,14.1,13.85,14.1,26850
2021-08-20,13.85,13.85,13.95,13.8,13.85,24509
2021-08-23,14.15,14.15,14.15,14.0,14.1,21656
2021-08-24,14.0,14.0,14.1,13.95,14.0,64657
2021-08-25,14.0,14.0,14.25,14.0,14.15,66578
2021-08-26,14.15,14.15,14.2,13.9,14.05,77508
2021-08-27,14.2,14.2,14.25,14.1,14.25,59787
2021-08-30,14.15,14.15,14.35,14.1,14.2,23979
2021-08-31,14.2,14.2,14.25,14.15,14.2,10634
2021-09-01,14.3,14.3,14.3,14.2,14.2,12572
2021-09-02,14.3,14.3,14.3,14.3,14.3,10273
2021-09-03,14.45,14.45,14.45,14.2,14.3,33972
2021-09-06,13.95,13.95,14.65,13.7,14.5,71843
2021-09-07,14.0,14.0,14.0,13.5,13.85,29354
2021-09-08,13.95,13.95,13.95,13.95,13.95,2657
2021-09-09,13.95,13.95,13.95,13.9,13.95,7996
2021-09-10,14.15,14.15,14.3,13.9,14.3,16863
2021-09-13,14.15,14.15,14.15,14.1,14.15,6544
2021-09-14,14.2,14.2,14.25,14.15,14.25,13743
2021-09-15,13.95,13.95,14.1,13.9,14.0,42419
2021-09-16,13.95,13.95,14.0,13.95,13.95,15019
2021-09-17,13.9,13.9,13.95,13.9,13.95,12148
2021-09-22,13.8,13.8,13.95,13.8,13.9,45645
2021-09-23,13.9,13.9,13.9,13.8,13.8,68993
2021-09-24,13.9,13.9,14.1,13.8,13.9,57425
2021-09-27,13.85,13.85,14.1,13.85,13.9,31804
2021-09-28,13.9,13.9,14.1,13.9,13.9,29656
2021-09-29,14.05,14.05,14.05,13.85,14.0,28670
2021-09-30,13.9,13.9,14.1,13.9,14.0,125602
2021-10-01,13.8,13.8,14.0,13.75,13.9,51656
2021-10-04,13.9,13.9,14.1,13.8,13.85,57128
2021-10-05,13.85,13.85,13.9,13.8,13.85,16500
2021-10-06,13.8,13.8,13.9,13.8,13.85,46168
2021-10-07,13.9,13.9,13.9,13.85,13.85,15544
2021-10-08,13.9,13.9,14.0,13.85,13.85,26215
2021-10-12,13.85,13.85,13.85,13.85,13.85,11422
2021-10-13,13.8,13.8,13.8,13.75,13.8,8969
2021-10-14,13.85,13.85,13.85,13.8,13.85,27120
2021-10-15,13.9,13.9,13.95,13.9,13.9,9548
2021-10-18,14.1,14.1,14.1,13.9,13.9,33537
2021-10-19,14.05,14.05,14.15,14.05,14.15,22927
2021-10-20,14.1,14.1,14.1,14.05,14.05,4445
2021-10-21,14.05,14.05,14.1,14.0,14.1,15617
2021-10-22,14.2,14.2,14.2,14.2,14.2,2352
2021-10-25,14.1,14.1,14.15,14.0,14.0,23171
2021-10-26,14.1,14.1,14.15,14.1,14.1,20439
2021-10-27,14.15,14.15,14.2,14.1,14.15,11124
2021-10-28,14.15,14.15,14.15,14.0,14.0,24745
2021-10-29,14.1,14.1,14.2,14.1,14.1,12503
2021-11-01,14.2,14.2,14.2,14.0,14.1,18377
2021-11-02,14.05,14.05,14.2,14.05,14.2,12498
2021-11-03,14.0,14.0,14.05,13.9,13.95,34196
2021-11-04,14.1,14.1,14.15,14.05,14.05,13473
2021-11-05,14.05,14.05,14.1,14.05,14.1,13719
2021-11-08,14.05,14.05,14.15,13.95,14.1,46730
2021-11-09,14.15,14.15,14.15,14.0,14.15,25321
2021-11-10,14.35,14.35,14.4,14.15,14.2,111578
2021-11-11,14.45,14.45,14.75,14.35,14.35,87604
2021-11-12,14.6,14.6,14.8,14.55,14.65,82438
2021-11-15,16.05,16.05,16.05,15.55,16.05,1014582
2021-11-16,17.65,17.65,17.65,17.05,17.65,1397425
2021-11-17,19.4,19.4,19.4,19.4,19.4,904635
2021-11-18,21.3,21.3,21.3,21.3,21.3,999595
2021-11-19,23.4,23.4,23.4,23.4,23.4,1009788
2021-11-22,22.25,22.25,25.7,22.0,25.7,4818481
2021-11-23,20.05,20.05,22.0,20.05,22.0,1578690
2021-11-24,21.35,21.35,21.95,20.4,20.4,1166993
2021-11-25,20.25,20.25,21.3,20.0,21.3,673822
2021-11-26,19.6,19.6,20.4,19.4,20.25,420490
2021-11-29,19.9,19.9,20.0,19.0,19.4,410427
2021-11-30,21.75,21.75,21.85,20.1,20.9,901794
2021-12-01,21.45,21.45,22.35,21.35,21.7,724909
2021-12-02,21.05,21.05,21.5,20.7,20.7,306319
2021-12-03,21.0,21.0,21.8,20.8,20.8,473212
2021-12-06,21.1,21.1,21.55,20.25,20.3,864365
2021-12-07,23.2,23.2,23.2,21.15,21.25,2256074
2021-12-08,25.5,25.5,25.5,23.5,23.55,4045262
2021-12-09,25.55,25.55,25.55,24.2,24.5,2318369
2021-12-10,28.1,28.1,28.1,26.55,26.7,2213405
2021-12-13,30.9,30.9,30.9,30.9,30.9,394893
2021-12-14,28.7,28.7,33.95,28.15,33.95,13594749
2021-12-15,31.55,31.55,31.55,28.6,29.4,4393961
2021-12-16,32.45,32.45,34.05,31.15,34.05,1498728
2021-12-17,30.1,30.1,31.0,29.3,31.0,729407
2021-12-20,27.1,27.1,30.05,27.1,30.05,607468
2021-12-21,28.95,28.95,29.7,26.65,27.55,627863
2021-12-22,29.7,29.7,30.1,29.15,29.15,529988
2021-12-23,28.5,28.5,30.35,28.5,30.35,245880
2021-12-24,29.0,29.0,29.2,28.6,29.2,139813
2021-12-27,27.8,27.8,28.6,26.5,26.5,219801
2021-12-28,29.1,29.1,29.2,27.35,27.35,280295
2021-12-29,29.15,29.15,29.35,28.0,29.35,359238
2021-12-30,32.05,32.05,32.05,29.2,29.2,1387758
2022-01-03,30.3,30.3,35.25,30.05,35.25,5948136
2022-01-04,30.5,30.5,31.7,30.1,30.6,2568337
2022-01-05,29.5,29.5,30.8,29.3,30.8,806340
2022-01-06,29.2,29.2,30.3,28.4,30.05,1034409
2022-01-07,28.1,28.1,29.0,28.05,28.75,561435
2022-01-10,28.3,28.3,29.4,27.8,28.75,505333
2022-01-11,28.1,28.1,28.85,28.1,28.85,348481
2022-01-12,27.2,27.2,28.55,27.2,28.15,318157
2022-01-13,26.9,26.9,27.95,25.75,27.95,644867
2022-01-14,25.85,25.85,27.15,25.65,27.15,389026
2022-01-17,26.5,26.5,26.85,25.85,26.7,304210
2022-01-18,26.8,26.8,27.4,26.3,26.5,288098
2022-01-19,26.2,26.2,26.5,25.8,26.5,120620
2022-01-20,25.95,25.95,26.6,25.85,26.6,222073
2022-01-21,24.6,24.6,25.65,24.6,25.65,285100
2022-01-24,26.35,26.35,26.85,24.6,24.6,1132512
2022-01-25,25.35,25.35,26.75,25.25,26.05,1278644
2022-01-26,25.4,25.4,25.9,25.05,25.9,340941
2022-02-07,25.6,25.6,26.4,25.5,26.4,133317
2022-02-08,25.75,25.75,25.75,25.4,25.6,145281
2022-02-09,25.1,25.1,25.7,25.1,25.7,256544
2022-02-10,25.15,25.15,25.3,24.8,25.15,199915
2022-02-11,25.5,25.5,26.5,25.0,25.0,503156
2022-02-14,24.8,24.8,25.5,24.6,25.5,278687
2022-02-15,24.5,24.5,25.05,24.5,25.05,182030
2022-02-16,26.95,26.95,26.95,26.95,26.95,290162
2022-02-17,29.6,29.6,29.6,29.6,29.6,1550865
2022-02-18,30.4,30.4,32.25,29.5,29.75,7622869
2022-02-21,29.7,29.7,30.4,29.0,30.4,1028392
2022-02-22,28.1,28.1,29.3,27.5,29.05,855033
2022-02-23,27.75,27.75,28.75,27.55,28.1,297075
2022-02-24,26.7,26.7,27.95,26.5,27.4,626001
2022-02-25,28.3,28.3,28.6,26.45,27.3,572995
2022-03-01,28.0,28.0,28.45,27.6,27.9,380353
2022-03-02,28.05,28.05,28.2,27.6,27.95,147830
2022-03-03,29.5,29.5,30.85,28.5,30.0,4553672
2022-03-04,28.3,28.3,29.25,27.6,28.7,1208919
2022-03-07,26.65,26.65,27.95,26.45,27.95,625467
2022-03-08,25.2,25.2,27.4,24.5,26.5,515399
2022-03-09,26.6,26.6,26.8,25.95,26.7,277988
2022-03-10,26.7,26.7,27.5,26.5,27.5,301032
2022-03-11,26.7,26.7,26.85,26.4,26.7,132684
2022-03-14,27.05,27.05,27.55,26.85,27.0,269878
2022-03-15,26.25,26.25,27.1,26.25,27.1,160463
2022-03-16,26.25,26.25,26.8,25.9,26.8,128171
2022-03-17,26.95,26.95,27.0,26.4,26.5,140466
2022-03-18,26.7,26.7,27.3,26.45,27.3,115053
2022-03-21,26.7,26.7,27.0,26.55,26.9,83093
2022-03-22,26.65,26.65,26.8,26.25,26.7,91754
2022-03-23,26.75,26.75,27.6,26.75,27.25,289429
2022-03-24,27.45,27.45,28.15,26.4,26.6,407694
2022-03-25,28.1,28.1,28.2,26.85,27.5,393751
2022-03-28,26.75,26.75,27.9,26.75,27.9,338478
2022-03-29,27.0,27.0,27.3,26.35,26.75,367893
2022-03-30,26.9,26.9,27.55,26.9,27.3,194516
2022-03-31,26.8,26.8,27.05,26.8,27.05,98895
2022-04-01,27.25,27.25,27.75,26.65,26.8,348038
2022-04-06,27.0,27.0,27.3,26.8,27.3,95972
2022-04-07,26.65,26.65,27.0,26.35,26.9,159657
2022-04-08,27.25,27.25,28.4,27.1,27.45,826204
2022-04-11,26.75,26.75,28.0,26.75,28.0,259024
2022-04-12,26.35,26.35,27.15,26.3,26.8,144443
2022-04-13,26.5,26.5,26.75,26.35,26.35,108590
2022-04-14,26.2,26.2,26.85,26.2,26.5,194926
2022-04-15,26.75,26.75,27.0,25.95,26.2,286826
2022-04-18,25.8,25.8,26.65,25.8,26.35,269471
2022-04-19,25.5,25.5,26.15,25.5,26.05,261681
2022-04-20,25.5,25.5,25.8,25.5,25.75,191031
2022-04-21,28.05,28.05,28.05,25.8,26.15,1583405
2022-04-22,27.3,27.3,29.95,27.2,28.8,3585882
2022-04-25,25.95,25.95,27.05,25.8,27.0,676140
2022-04-26,25.55,25.55,26.5,25.55,26.5,295503
2022-04-27,24.6,24.6,25.35,24.3,25.1,400130
2022-04-28,25.25,25.25,25.8,24.9,25.1,279791
2022-04-29,26.0,26.0,26.35,25.25,25.3,425952
2022-05-03,27.2,27.2,28.05,26.45,27.2,1347610
2022-05-04,25.9,25.9,27.9,25.8,27.9,606234
2022-05-05,27.3,27.3,27.65,26.0,26.4,1303154
2022-05-06,26.6,26.6,28.7,26.3,27.3,2404909
2022-05-09,26.1,26.1,26.8,25.75,26.6,823664
2022-05-10,26.15,26.15,26.15,25.5,25.75,304219
2022-05-11,27.5,27.5,27.75,26.15,26.15,832844
2022-05-12,26.45,26.45,27.35,25.95,27.05,615612
2022-05-13,26.55,26.55,27.25,26.55,26.6,435802
2022-05-16,26.1,26.1,27.5,26.1,27.0,694878
2022-05-17,25.55,25.55,26.7,25.4,26.7,560110
2022-05-18,25.95,25.95,26.05,25.55,26.05,319502
2022-05-19,25.85,25.85,26.1,25.3,25.95,180593
2022-05-20,25.9,25.9,26.7,25.9,26.0,249465
2022-05-23,25.7,25.7,26.25,25.5,26.25,173772
2022-05-24,25.65,25.65,25.8,25.55,25.6,101497
2022-05-25,25.5,25.5,25.7,25.5,25.65,91562
2022-05-26,25.55,25.55,26.2,25.45,26.0,131241
2022-05-27,25.9,25.9,26.05,25.65,25.65,88680
2022-05-30,25.85,25.85,26.25,25.85,26.05,189976
2022-05-31,25.65,25.65,26.0,25.65,26.0,73605
2022-06-01,25.7,25.7,26.05,25.5,25.65,93446
2022-06-02,25.45,25.45,25.95,25.45,25.65,137003
2022-06-06,25.55,25.55,25.85,25.45,25.5,105460
2022-06-07,25.8,25.8,26.4,25.6,25.75,434225
2022-06-08,25.55,25.55,26.05,25.55,26.0,97107
2022-06-09,27.35,27.35,28.0,25.65,25.8,1273529
2022-06-10,30.05,30.05,30.05,27.65,28.5,9367911
2022-06-13,29.35,29.35,30.85,28.75,30.05,5968776
2022-06-14,30.2,30.2,30.75,26.8,29.35,5555059
2022-06-15,29.5,29.5,31.4,29.5,30.5,6240980
2022-06-16,28.0,28.0,30.1,28.0,29.85,1758235
2022-06-17,27.55,27.55,28.5,26.75,27.5,1256779
2022-06-20,25.75,25.75,28.25,25.75,27.8,1297591
2022-06-21,26.5,26.5,27.3,25.8,26.15,1165707
2022-06-22,26.3,26.3,27.45,26.3,27.0,1102972
2022-06-23,25.7,25.7,26.95,25.55,26.95,900284
2022-06-24,26.45,26.45,26.7,25.95,26.2,410331
2022-06-27,26.95,26.95,27.4,26.45,26.5,544254
2022-06-28,27.25,27.25,27.7,27.0,27.0,661308
2022-06-29,29.95,29.95,29.95,27.05,27.5,3149748
2022-06-30,29.0,29.0,30.8,28.0,29.95,12322219
2022-07-01,26.8,26.8,29.3,26.8,29.05,2228761
2022-07-04,26.1,26.1,27.3,25.8,26.8,1262235
2022-07-05,27.3,27.3,27.65,26.0,26.5,1176230
2022-07-06,26.0,26.0,27.3,26.0,27.3,680283
2022-07-07,26.65,26.65,26.8,25.85,26.2,458954
2022-07-08,26.5,26.5,27.7,26.4,26.75,749956
2022-07-11,26.45,26.45,27.15,26.3,26.7,636750
2022-07-12,25.95,25.95,26.6,25.65,26.45,682678
2022-07-13,26.55,26.55,26.9,26.3,26.45,405347
2022-07-14,26.05,26.05,27.05,26.05,27.0,363971
2022-07-15,25.65,25.65,26.4,25.4,26.4,625130
2022-07-18,26.3,26.3,26.3,25.5,25.7,396677
2022-07-19,26.25,26.25,26.4,25.6,25.7,323217
2022-07-20,26.05,26.05,26.55,25.85,26.55,255944
2022-07-21,26.5,26.5,26.8,26.15,26.5,295097
2022-07-22,27.3,27.3,27.9,26.55,26.55,849548
2022-07-25,27.35,27.35,28.5,27.3,27.95,881340
2022-07-26,27.9,27.9,28.2,27.3,27.45,810716
2022-07-27,27.45,27.45,28.4,27.3,28.1,695657
2022-07-28,27.65,27.65,28.2,27.45,27.8,665569
2022-07-29,27.6,27.6,28.0,27.15,27.8,436195
2022-08-01,28.0,28.0,28.05,27.5,27.6,388299
2022-08-02,26.8,26.8,28.0,26.8,27.9,386049
2022-08-03,25.85,25.85,26.65,25.7,26.5,638768
2022-08-04,25.65,25.65,26.5,25.3,25.9,695213
2022-08-05,27.0,27.0,27.95,26.0,26.0,1411035
2022-08-08,26.75,26.75,27.4,26.4,27.4,315998
2022-08-09,26.35,26.35,26.9,26.25,26.9,171701
2022-08-10,26.15,26.15,26.85,26.0,26.7,519667
2022-08-11,26.35,26.35,26.6,26.1,26.55,216353
2022-08-12,25.9,25.9,26.15,25.75,26.05,391757
2022-08-15,26.1,26.1,26.3,25.8,25.9,275102
2022-08-16,25.85,25.85,26.2,25.85,26.1,477284
2022-08-17,25.8,25.8,26.1,25.75,25.85,302455
2022-08-18,25.8,25.8,26.2,25.65,25.8,306121
2022-08-19,25.7,25.7,25.95,25.65,25.8,259791
2022-08-22,25.7,25.7,26.0,25.6,25.6,178234
2022-08-23,26.05,26.05,26.4,25.5,25.7,732582
2022-08-24,26.2,26.2,26.65,25.9,26.3,439559
2022-08-25,26.15,26.15,26.4,26.1,26.35,285432
2022-08-26,25.8,25.8,26.45,25.8,26.45,337673
2022-08-29,25.3,25.3,25.55,25.1,25.55,349304
2022-08-30,25.4,25.4,25.85,25.3,25.4,440724
2022-08-31,26.1,26.1,26.35,25.3,25.3,327659
2022-09-01,25.5,25.5,26.0,25.45,26.0,233825
2022-09-02,25.4,25.4,25.8,25.4,25.6,152264
2022-09-05,25.3,25.3,25.6,25.3,25.4,82302
2022-09-06,25.2,25.2,25.6,25.2,25.3,121977
2022-09-07,25.1,25.1,25.5,25.05,25.5,112773
2022-09-08,25.2,25.2,25.45,25.2,25.45,44207
2022-09-12,25.7,25.7,25.9,25.4,25.4,163728
2022-09-13,25.6,25.6,25.9,25.6,25.7,86493
2022-09-14,25.85,25.85,26.05,24.95,24.95,194693
2022-09-15,25.65,25.65,26.3,25.6,25.85,113242
2022-09-16,25.55,25.55,25.7,25.4,25.65,43734
2022-09-19,25.05,25.05,25.55,25.05,25.55,115001
2022-09-20,25.1,25.1,25.55,25.05,25.55,39851
2022-09-21,24.95,24.95,25.4,24.95,25.0,75475
2022-09-22,24.75,24.75,25.0,24.5,25.0,92681
2022-09-23,24.0,24.0,24.75,24.0,24.75,197525
2022-09-26,21.9,21.9,23.65,21.8,23.65,425189
2022-09-27,21.9,21.9,22.05,21.6,22.0,209652
2022-09-28,21.3,21.3,22.1,20.9,22.1,335513
2022-09-29,21.05,21.05,22.0,21.05,21.5,151044
2022-09-30,20.65,20.65,21.0,20.15,21.0,483110
2022-10-03,20.7,20.7,21.0,20.25,20.7,129476
2022-10-04,21.1,21.1,21.25,20.8,21.25,86155
2022-10-05,22.0,22.0,22.0,21.2,21.2,193693
2022-10-06,21.65,21.65,22.0,21.5,22.0,39926
2022-10-07,21.6,21.6,22.0,21.5,21.6,41402
2022-10-11,20.45,20.45,21.1,20.2,21.1,166876
2022-10-12,20.2,20.2,20.5,19.9,20.5,147224
2022-10-13,18.7,18.7,20.2,18.5,20.2,346402
2022-10-14,19.25,19.25,19.65,19.0,19.0,136517
2022-10-17,18.45,18.45,19.25,18.0,19.25,156945
2022-10-18,18.7,18.7,18.9,18.55,18.85,66614
2022-10-19,18.35,18.35,19.3,18.35,18.7,106278
2022-10-20,17.85,17.85,18.3,17.85,18.3,116485
2022-10-21,17.65,17.65,18.4,17.65,17.9,206823
2022-10-24,18.0,18.0,18.3,17.9,18.05,47738
2022-10-25,17.75,17.75,18.05,17.3,18.05,66639
2022-10-26,18.05,18.05,18.2,17.7,17.8,40888
2022-10-27,18.4,18.4,18.5,18.15,18.15,55094
2022-10-28,18.2,18.2,18.6,18.0,18.6,74220
2022-10-31,18.3,18.3,18.4,18.05,18.05,36151
2022-11-01,19.0,19.0,19.2,18.3,18.3,180772
2022-11-02,19.3,19.3,19.4,18.8,19.0,83198
2022-11-03,19.4,19.4,19.6,18.95,19.2,29298
2022-11-04,19.4,19.4,19.4,19.05,19.25,45070
2022-11-07,21.3,21.3,21.3,19.6,19.6,352971
2022-11-08,20.9,20.9,22.4,20.5,21.5,396280
2022-11-09,20.75,20.75,21.2,20.7,21.2,42958
2022-11-10,20.4,20.4,20.7,20.4,20.6,50665
2022-11-11,20.55,20.55,21.3,20.35,21.0,207290
2022-11-14,20.35,20.35,20.8,20.3,20.6,178184
2022-11-15,20.5,20.5,20.8,20.2,20.7,96620
2022-11-16,20.5,20.5,20.9,20.35,20.9,104495
2022-11-17,20.6,20.6,20.75,20.55,20.7,43930
2022-11-18,20.75,20.75,20.8,20.4,20.7,101362
2022-11-21,20.8,20.8,20.9,20.65,20.85,43469
2022-11-22,21.2,21.2,21.3,20.85,20.85,118648
2022-11-23,21.2,21.2,21.6,21.05,21.6,113379
2022-11-24,21.25,21.25,21.6,21.2,21.6,139641
2022-11-25,20.9,20.9,21.4,20.9,21.4,80423
2022-11-28,20.95,20.95,21.3,20.8,21.3,58862
2022-11-29,21.2,21.2,21.3,20.7,20.75,86263
2022-11-30,21.45,21.45,21.6,21.15,21.4,164809
2022-12-01,21.7,21.7,22.0,21.45,22.0,120762
2022-12-02,21.7,21.7,21.75,21.4,21.6,58602
2022-12-05,21.8,21.8,21.9,21.65,21.75,70241
2022-12-06,21.45,21.45,21.85,21.45,21.8,64947
2022-12-07,21.4,21.4,21.8,21.25,21.45,91628
2022-12-08,21.65,21.65,21.8,21.3,21.8,59001
2022-12-09,21.8,21.8,22.0,21.65,22.0,85701
2022-12-12,22.4,22.4,23.95,22.1,23.95,1622848
2022-12-13,22.9,22.9,23.0,22.15,22.4,262344
2022-12-14,22.75,22.75,23.15,22.65,23.05,121693
2022-12-15,22.5,22.5,22.9,22.3,22.9,140256
2022-12-16,21.9,21.9,22.15,21.8,22.0,174579
2022-12-19,22.15,22.15,22.85,21.55,21.8,167739
2022-12-20,21.5,21.5,22.4,21.35,22.05,95434
2022-12-21,21.4,21.4,21.8,21.35,21.7,65957
2022-12-22,21.5,21.5,21.65,21.3,21.6,70179
2022-12-23,21.4,21.4,21.45,21.3,21.4,28647
2022-12-26,21.45,21.45,21.7,21.0,21.6,80912
2022-12-27,21.4,21.4,21.45,21.1,21.1,31297
2022-12-28,21.3,21.3,21.65,21.3,21.55,35535
2022-12-29,22.15,22.15,23.2,22.1,22.85,826978
2022-12-30,22.45,22.45,23.0,22.15,22.15,279238
2023-01-03,22.35,22.35,22.6,22.0,22.45,95636
2023-01-04,22.2,22.2,22.45,22.0,22.35,102496
2023-01-05,22.1,22.1,22.4,22.0,22.3,139674
2023-01-06,22.25,22.25,22.3,22.05,22.3,115133
2023-01-09,22.3,22.3,22.4,22.2,22.3,98068
2023-01-10,22.6,22.6,22.9,22.3,22.3,311044
2023-01-11,22.8,22.8,23.0,22.6,22.6,152826
2023-01-12,22.75,22.75,22.9,22.15,22.9,45133
2023-01-13,22.35,22.35,22.8,22.35,22.8,76444
2023-01-16,22.5,22.5,22.5,22.3,22.35,42573
2023-01-17,22.55,22.55,22.55,22.4,22.4,39292
2023-01-30,23.1,23.1,24.7,22.85,24.7,333591
2023-01-31,23.2,23.2,23.25,22.9,23.1,93424
2023-02-01,23.3,23.3,23.3,22.85,23.1,157186
2023-02-02,23.2,23.2,23.3,23.1,23.3,59319
2023-02-03,23.65,23.65,23.95,23.2,23.35,294066
2023-02-06,24.75,24.75,25.7,24.5,25.7,1045119
2023-02-07,24.3,24.3,24.75,24.15,24.75,254299
2023-02-08,24.5,24.5,24.6,24.25,24.55,133985
2023-02-09,24.2,24.2,24.6,24.15,24.35,152592
2023-02-10,23.9,23.9,24.2,23.75,24.2,151432
2023-02-13,23.6,23.6,23.8,23.5,23.8,80239
2023-02-14,23.55,23.55,23.75,23.5,23.75,82549
2023-02-15,23.45,23.45,23.7,23.2,23.7,81478
2023-02-16,24.1,24.1,24.45,23.4,23.4,127167
2023-02-17,24.2,24.2,24.3,23.8,24.2,147519
2023-02-20,24.25,24.25,24.25,24.0,24.15,61308
2023-02-21,24.3,24.3,24.35,24.1,24.35,87143
2023-02-22,24.35,24.35,24.35,24.05,24.3,84305
2023-02-23,24.8,24.8,25.3,24.7,24.7,861827
2023-02-24,24.8,24.8,24.85,24.65,24.8,125801
2023-03-01,24.7,24.7,24.8,24.35,24.8,153054
2023-03-02,24.7,24.7,24.7,24.5,24.7,129350
2023-03-03,24.65,24.65,24.85,24.5,24.7,201381
2023-03-06,24.6,24.6,24.7,24.55,24.65,157103
2023-03-07,24.6,24.6,24.75,24.55,24.75,115335
2023-03-08,24.35,24.35,24.45,24.25,24.4,260016
2023-03-09,24.4,24.4,24.6,24.4,24.5,108842
2023-03-10,24.05,24.05,24.2,24.05,24.1,148413
2023-03-13,23.65,23.65,23.95,23.35,23.95,154588
2023-03-14,23.55,23.55,23.7,23.45,23.7,99179
2023-03-15,23.8,23.8,23.9,23.55,23.55,85171
2023-03-16,23.3,23.3,23.6,23.15,23.15,181731
2023-03-17,23.65,23.65,24.0,23.4,23.4,231356
2023-03-20,23.7,23.7,23.8,23.65,23.8,68380
2023-03-21,23.7,23.7,23.8,23.45,23.45,204291
2023-03-22,23.85,23.85,24.0,23.85,23.9,167530
2023-03-23,23.9,23.9,24.0,23.8,23.95,165387
2023-03-24,24.1,24.1,24.35,23.85,23.9,118554
2023-03-27,24.2,24.2,24.3,24.0,24.1,225772
2023-03-28,24.0,24.0,24.4,24.0,24.25,189014
2023-03-29,24.1,24.1,24.3,24.0,24.3,153620
2023-03-30,24.05,24.05,24.25,24.0,24.25,233250
2023-03-31,24.25,24.25,24.25,24.05,24.05,173712
2023-04-06,24.3,24.3,24.35,24.05,24.3,68478
2023-04-07,24.1,24.1,24.3,24.05,24.3,22337
2023-04-10,23.8,23.8,24.35,23.8,24.2,164575
2023-04-11,23.6,23.6,23.8,23.5,23.8,1308692
2023-04-12,23.7,23.7,23.75,23.55,23.6,200001
2023-04-13,23.7,23.7,23.8,23.6,23.7,245254
2023-04-14,23.65,23.65,23.8,23.45,23.8,591993
2023-04-17,23.7,23.7,23.7,23.5,23.65,198353
2023-04-18,23.7,23.7,23.75,23.55,23.6,589287
2023-04-19,23.65,23.65,23.8,23.6,23.8,301070
2023-04-20,23.6,23.6,23.75,23.6,23.65,65250
2023-04-21,23.55,23.55,23.65,23.5,23.65,132450
2023-04-24,23.55,23.55,23.7,23.5,23.5,44940
2023-04-25,23.5,23.5,23.6,23.45,23.6,148697
2023-04-26,23.5,23.5,23.6,23.45,23.5,39713
2023-04-27,23.65,23.65,23.65,23.5,23.5,1230426
2023-04-28,23.55,23.55,23.7,23.55,23.7,68302
2023-05-02,23.55,23.55,23.55,23.5,23.55,22632
2023-05-03,23.55,23.55,23.65,23.55,23.55,38195
2023-05-04,23.6,23.6,23.65,23.55,23.55,47507
2023-05-05,23.65,23.65,23.75,23.6,23.6,39068
2023-05-08,23.75,23.75,23.95,23.65,23.65,60478
2023-05-09,23.9,23.9,23.95,23.75,23.75,125199
2023-05-10,23.95,23.95,24.1,23.9,23.95,256273
2023-05-11,23.85,23.85,23.95,23.8,23.95,194402
2023-05-12,23.55,23.55,23.95,22.1,23.85,901905
2023-05-15,23.4,23.4,23.6,23.2,23.6,99391
2023-05-16,23.35,23.35,23.5,23.25,23.25,48483
2023-05-17,23.45,23.45,23.6,23.4,23.5,56379
2023-05-18,23.55,23.55,23.6,23.45,23.45,38789
2023-05-19,23.55,23.55,23.65,23.5,23.65,70929
2023-05-22,23.75,23.75,23.95,23.5,23.5,96320
2023-05-23,23.75,23.75,23.75,23.65,23.65,89398
2023-05-24,23.75,23.75,23.75,23.65,23.65,30470
2023-05-25,23.7,23.7,23.8,23.6,23.6,73088
2023-05-26,23.6,23.6,23.7,23.6,23.6,91487
2023-05-29,23.55,23.55,23.6,23.5,23.6,107243
2023-05-30,23.5,23.5,23.55,23.45,23.55,45549
2023-05-31,23.45,23.45,23.5,23.4,23.5,44612
2023-06-01,23.4,23.4,23.4,23.2,23.35,71106
2023-06-02,23.3,23.3,23.35,23.2,23.2,49319
2023-06-05,23.45,23.45,23.45,23.35,23.35,33746
2023-06-06,23.4,23.4,23.45,23.35,23.45,38028
2023-06-07,23.4,23.4,23.45,23.35,23.45,21095
2023-06-08,23.45,23.45,23.45,23.35,23.4,58447
2023-06-09,23.55,23.55,23.55,23.45,23.45,1773870
2023-06-12,23.55,23.55,23.65,23.5,23.5,43202
2023-06-13,23.55,23.55,23.6,23.5,23.55,39065
2023-06-14,23.45,23.45,23.55,23.2,23.2,92349
2023-06-15,23.5,23.5,23.55,23.4,23.4,44374
2023-06-16,23.55,23.55,23.7,23.55,23.7,20020
2023-06-19,23.7,23.7,23.95,23.6,23.65,106816
2023-06-20,23.7,23.7,23.8,23.65,23.8,43400
2023-06-21,23.8,23.8,24.0,23.7,24.0,68683
2023-06-26,23.65,23.65,23.85,23.6,23.85,51473
2023-06-27,23.55,23.55,23.7,23.55,23.65,26368
2023-06-28,23.6,23.6,23.7,23.55,23.6,24318
2023-06-29,23.7,23.7,23.8,23.6,23.75,37235
2023-06-30,23.7,23.7,23.8,23.7,23.8,69563
2023-07-03,23.7,23.7,23.75,23.65,23.7,26740
2023-07-04,23.65,23.65,23.7,23.65,23.7,44526
2023-07-05,23.6,23.6,23.7,23.6,23.7,23882
2023-07-06,23.65,23.65,23.7,23.55,23.7,70519
2023-07-07,23.7,23.7,23.9,23.65,23.7,127765
2023-07-10,23.75,23.75,23.85,23.75,23.8,165095
2023-07-11,23.8,23.8,23.8,23.75,23.8,157762
2023-07-12,23.8,23.8,23.85,23.7,23.8,118734
2023-07-13,22.7,22.7,22.85,22.6,22.8,77267
2023-07-14,22.7,22.7,22.85,22.7,22.75,60024
2023-07-17,22.75,22.75,22.85,22.7,22.8,41933
2023-07-18,22.7,22.7,22.8,22.7,22.75,92327
2023-07-19,22.7,22.7,22.85,22.7,22.7,55478
2023-07-20,22.7,22.7,22.9,22.7,22.7,33361
2023-07-21,22.7,22.7,22.75,22.65,22.7,92030
2023-07-24,22.65,22.65,22.75,22.65,22.7,61481
2023-07-25,22.65,22.65,22.8,22.65,22.65,20977
2023-07-26,22.55,22.55,22.7,22.55,22.7,93731
2023-07-27,22.65,22.65,22.8,22.55,22.55,41002
2023-07-28,22.55,22.55,22.65,22.55,22.65,47550
2023-07-31,22.65,22.65,22.75,22.6,22.7,42095
2023-08-01,22.6,22.6,22.65,22.6,22.65,21753
2023-08-02,22.7,22.7,22.8,22.6,22.6,56774
2023-08-04,22.6,22.6,22.65,22.55,22.65,39519
2023-08-07,22.7,22.7,22.7,22.6,22.7,24245
2023-08-08,22.65,22.65,22.7,22.6,22.65,26500
2023-08-09,22.75,22.75,22.85,22.65,22.7,33379
2023-08-10,22.7,22.7,22.9,22.6,22.85,21758
2023-08-11,22.65,22.65,22.7,22.6,22.6,26792
2023-08-14,22.35,22.35,22.65,22.2,22.65,90913
2023-08-15,22.35,22.35,22.4,22.35,22.4,26266
2023-08-16,22.3,22.3,22.35,22.25,22.35,12958
2023-08-17,22.4,22.4,22.4,22.25,22.35,28507
2023-08-18,22.4,22.4,22.4,22.3,22.3,29117
2023-08-21,22.15,22.15,22.4,22.15,22.4,24798
2023-08-22,22.1,22.1,22.7,22.05,22.7,24247
2023-08-23,21.9,21.9,22.1,21.8,22.1,56833
2023-08-24,21.4,21.4,21.9,21.25,21.9,161229
2023-08-25,21.6,21.6,21.7,21.4,21.4,790073
2023-08-28,21.8,21.8,21.8,21.6,21.6,8892
2023-08-29,21.8,21.8,21.8,21.8,21.8,9529
2023-08-30,21.95,21.95,21.95,21.8,21.8,8496
2023-08-31,21.9,21.9,21.9,21.8,21.8,9673
2023-09-01,22.0,22.0,22.05,22.0,22.0,14590
2023-09-04,22.1,22.1,22.1,22.0,22.0,4383
2023-09-05,21.9,21.9,22.1,21.9,22.1,17928
2023-09-06,21.7,21.7,21.9,21.6,21.9,46601
2023-09-07,21.45,21.45,21.7,21.4,21.65,56414
2023-09-08,21.3,21.3,21.35,21.3,21.3,5309
2023-09-11,21.2,21.2,21.4,21.2,21.4,835282
2023-09-12,21.15,21.15,21.3,20.7,21.2,28949
2023-09-13,21.7,21.7,21.7,20.85,20.85,49343
2023-09-14,21.45,21.45,21.45,21.4,21.45,13561
2023-09-15,21.45,21.45,21.5,21.25,21.5,12240
2023-09-18,21.4,21.4,21.55,21.4,21.45,12966
2023-09-19,21.0,21.0,21.35,20.9,21.35,35372
2023-09-20,21.0,21.0,21.0,21.0,21.0,17198
2023-09-21,20.7,20.7,21.0,20.7,20.75,10650
2023-09-22,20.8,20.8,20.95,20.7,20.7,15636
2023-09-25,20.75,20.75,20.85,20.7,20.8,15453
2023-09-26,20.6,20.6,20.85,20.6,20.85,44029
2023-10-11,23.0,23.0,23.3,22.6,23.3,41811
2023-10-12,23.35,23.35,23.35,23.0,23.0,41768
2023-10-13,23.5,23.5,23.55,23.4,23.45,79792
2023-10-16,23.55,23.55,23.55,23.5,23.5,20376
2023-10-17,23.95,23.95,24.3,23.55,23.55,43396
2023-10-18,24.35,24.35,25.0,23.95,23.95,99890
2023-10-19,24.6,24.6,24.7,24.35,24.35,23019
2023-10-20,24.75,24.75,24.9,24.35,24.6,36055
2023-10-23,24.85,24.85,24.9,24.5,24.55,30585
2023-10-24,24.85,24.85,24.9,24.85,24.85,17319
2023-10-25,24.9,24.9,25.0,24.85,25.0,22511
2023-10-26,24.9,24.9,25.0,24.9,24.95,47204
2023-10-27,24.85,24.85,25.0,24.85,25.0,18725
2023-10-30,24.9,24.9,24.95,24.9,24.9,27560
2023-10-31,24.85,24.85,24.95,24.85,24.95,29001
2023-11-01,24.95,24.95,25.0,24.95,25.0,20782
2023-11-02,24.9,24.9,25.0,24.9,25.0,31613
2023-11-03,24.95,24.95,25.0,24.95,24.95,19979
2023-11-06,24.9,24.9,25.1,24.9,25.1,44482
2023-11-07,24.9,24.9,25.0,24.9,24.95,25229
2023-11-08,25.1,25.1,25.1,24.85,24.9,68132
2023-11-09,24.9,24.9,25.1,24.85,24.95,21744
2023-11-10,24.9,24.9,25.05,24.9,25.05,8740
2023-11-13,24.2,24.2,24.85,24.2,24.85,100379
2023-11-14,24.75,24.75,24.75,23.8,23.8,11097
2023-11-15,24.9,24.9,24.9,24.65,24.7,13885
2023-11-16,24.55,24.55,25.0,24.5,25.0,20882
2023-11-17,24.65,24.65,24.85,24.2,24.85,23930
2023-11-20,24.8,24.8,24.8,24.65,24.65,11866
2023-11-21,24.75,24.75,24.8,24.6,24.6,17780
2023-11-22,24.7,24.7,24.75,24.65,24.65,7908
2023-11-23,24.65,24.65,24.65,24.65,24.65,11755
2023-11-24,24.2,24.2,24.65,24.05,24.6,42546
2023-11-27,24.15,24.15,24.25,24.15,24.25,20223
2023-11-28,24.3,24.3,24.45,24.15,24.45,24750
2023-11-29,24.15,24.15,24.15,24.1,24.15,8376
2023-11-30,23.8,23.8,24.1,23.7,24.1,51849
2023-12-01,24.1,24.1,24.15,23.8,23.8,8091
2023-12-04,23.8,23.8,23.95,23.5,23.95,31571
2023-12-05,23.75,23.75,23.75,23.5,23.55,11581
2023-12-06,23.85,23.85,23.9,23.75,23.75,21290
2023-12-07,23.85,23.85,23.9,23.55,23.9,22831
2023-12-08,23.9,23.9,23.95,23.9,23.95,6899
2023-12-11,23.7,23.7,23.9,23.7,23.9,12037
2023-12-12,23.95,23.95,23.95,23.8,23.85,26611
2023-12-13,23.9,23.9,23.95,23.85,23.95,14713
2023-12-14,23.85,23.85,23.9,23.7,23.75,18630
2023-12-15,23.9,23.9,23.9,23.75,23.75,21091
2023-12-18,23.9,23.9,23.95,23.8,23.85,33317
2023-12-19,23.95,23.95,24.0,23.85,23.95,43895
2023-12-20,23.95,23.95,23.95,23.85,23.85,13148
2023-12-21,24.05,24.05,24.05,23.85,23.95,23278
2023-12-22,23.9,23.9,24.1,23.9,24.1,15492
2023-12-25,23.9,23.9,24.0,23.1,23.8,30034
2023-12-26,24.0,24.0,24.25,23.8,23.85,34368
2023-12-27,24.0,24.0,24.25,23.75,24.25,20381
2023-12-28,24.15,24.15,24.15,23.7,24.15,44717
2023-12-29,23.85,23.85,24.15,23.85,24.1,12737
2024-01-02,23.9,23.9,24.0,23.8,24.0,10340
2024-01-03,24.2,24.2,24.2,23.8,23.9,16588
2024-01-04,24.1,24.1,24.2,24.1,24.1,8600
2024-01-05,23.95,23.95,24.2,23.9,24.2,8252
2024-01-08,24.0,24.0,24.2,23.4,24.2,33041
2024-01-09,23.85,23.85,24.05,23.85,24.05,6737
2024-01-10,23.8,23.8,23.85,23.8,23.85,14347
2024-01-11,23.95,23.95,24.25,23.55,23.55,19060
2024-01-12,23.8,23.8,24.0,23.7,24.0,16348
2024-01-15,23.75,23.75,24.4,23.75,24.4,9094
2024-01-16,23.7,23.7,23.75,23.7,23.75,10033
2024-01-17,23.75,23.75,23.75,23.6,23.65,30349
2024-01-19,23.9,23.9,23.9,23.6,23.6,9603
2024-01-22,23.85,23.85,23.95,23.85,23.95,9569
2024-01-23,23.8,23.8,23.95,23.8,23.95,6671
2024-01-24,23.75,23.75,23.8,23.75,23.8,6632
2024-01-25,23.65,23.65,23.75,23.65,23.75,13085
2024-01-26,23.6,23.6,23.8,23.6,23.8,19612
2024-01-29,23.7,23.7,23.75,23.5,23.55,29828
2024-01-30,23.65,23.65,23.95,23.65,23.95,15835
2024-01-31,23.65,23.65,23.65,23.65,23.65,7660
2024-02-01,23.8,23.8,23.85,23.7,23.7,8372
2024-02-02,23.9,23.9,23.9,23.7,23.7,8507
2024-02-05,23.75,23.75,23.75,23.7,23.7,22477
2024-02-15,23.65,23.65,23.85,23.65,23.8,9312
2024-02-16,23.7,23.7,24.2,23.7,24.2,27661
2024-02-19,23.7,23.7,23.9,23.7,23.85,14988
2024-02-20,23.7,23.7,24.1,23.55,24.1,24471
2024-02-21,23.75,23.75,23.8,23.75,23.8,15101
2024-02-22,23.55,23.55,23.8,23.4,23.7,86495
2024-02-23,23.85,23.85,24.0,23.65,23.75,58297
2024-02-26,24.05,24.05,24.1,23.85,23.95,91361
2024-02-27,24.4,24.4,25.65,24.4,25.65,63724
2024-02-29,24.35,24.35,24.4,24.1,24.3,41435
2024-03-01,24.3,24.3,24.4,24.3,24.4,13462
2024-03-04,24.25,24.25,24.55,24.25,24.3,32214
2024-03-05,24.15,24.15,24.2,24.15,24.2,14617
2024-03-06,24.05,24.05,24.15,23.85,24.15,18735
2024-03-07,23.75,23.75,23.9,23.75,23.9,33004
2024-03-08,23.6,23.6,23.7,23.6,23.6,34121
2024-03-11,23.55,23.55,23.6,23.45,23.45,18210
2024-03-12,23.75,23.75,23.75,23.4,23.55,53939
2024-03-13,23.55,23.55,23.75,23.55,23.75,6675
2024-03-14,23.55,23.55,23.65,23.55,23.6,20893
2024-03-15,23.65,23.65,23.7,23.55,23.55,15856
2024-03-18,23.5,23.5,23.75,23.45,23.75,51878
2024-03-19,23.4,23.4,23.55,23.35,23.55,17539
2024-03-20,23.4,23.4,23.55,23.4,23.4,14752
2024-03-21,23.4,23.4,23.5,23.4,23.4,16755
2024-03-22,23.45,23.45,23.45,23.45,23.45,10656
2024-03-25,23.4,23.4,23.45,23.4,23.45,14685
2024-03-26,23.3,23.3,23.4,23.3,23.4,47241
2024-03-27,23.4,23.4,23.55,23.3,23.45,45425
2024-03-28,23.4,23.4,23.45,23.4,23.4,22076
2024-03-29,23.5,23.5,23.65,23.4,23.4,24715
2024-04-01,23.45,23.45,23.5,23.45,23.45,14886
2024-04-02,23.5,23.5,23.55,23.5,23.5,16069
2024-04-03,23.45,23.45,23.75,23.45,23.55,21126
2024-04-08,23.45,23.45,23.75,23.45,23.75,37837
2024-04-09,23.45,23.45,23.55,23.45,23.5,21687
2024-04-10,23.4,23.4,23.6,23.0,23.55,45913
2024-04-11,23.35,23.35,23.35,23.3,23.3,12828
2024-04-12,23.45,23.45,23.45,23.3,23.4,13649
2024-04-15,23.25,23.25,23.5,23.25,23.45,22925
2024-04-16,23.25,23.25,23.4,23.2,23.4,19131
2024-04-17,23.3,23.3,23.35,23.2,23.25,15831
2024-04-18,23.2,23.2,23.2,23.1,23.2,18694
2024-04-19,23.2,23.2,23.25,23.2,23.25,6765
2024-04-22,23.3,23.3,23.4,23.3,23.4,87654
2024-04-23,23.4,23.4,23.5,23.4,23.4,29372
2024-04-24,23.55,23.55,23.65,23.45,23.45,11117
2024-04-25,23.7,23.7,23.8,23.6,23.6,39698
2024-04-26,23.7,23.7,23.8,23.7,23.75,29431
2024-04-29,23.65,23.65,23.7,23.6,23.7,41978
2024-04-30,23.8,23.8,24.4,23.55,23.55,57325
2024-05-02,23.85,23.85,23.95,23.75,23.75,22079
2024-05-03,23.85,23.85,23.95,23.85,23.95,19042
2024-05-06,24.05,24.05,24.15,23.9,24.15,23933
2024-05-07,23.95,23.95,24.05,23.95,24.0,20605
2024-05-08,24.0,24.0,24.2,23.9,24.2,20528
2024-05-09,24.0,24.0,24.1,24.0,24.0,24713
2024-05-10,24.05,24.05,24.15,23.95,24.15,26839
2024-05-13,23.95,23.95,24.0,23.8,24.0,41854
2024-05-14,23.95,23.95,24.0,23.95,24.0,31330
2024-05-15,24.1,24.1,24.1,23.95,23.95,24927
2024-05-16,24.2,24.2,24.35,24.05,24.35,21015
2024-05-17,24.1,24.1,24.1,24.05,24.1,24211
2024-05-20,24.1,24.1,24.2,24.0,24.0,23711
2024-05-21,24.2,24.2,24.25,24.05,24.05,12300
2024-05-22,24.1,24.1,24.2,24.1,24.1,32073
2024-05-23,24.1,24.1,24.25,23.8,24.25,41562
2024-05-24,24.15,24.15,24.2,24.15,24.15,9029
2024-05-27,24.1,24.1,24.25,24.05,24.05,15607
2024-05-28,24.1,24.1,24.15,24.1,24.1,35122
2024-05-29,24.0,24.0,24.1,23.95,24.1,38129
2024-05-30,24.1,24.1,24.1,24.0,24.1,28663
2024-05-31,24.05,24.05,24.1,24.0,24.1,27047
2024-06-03,24.1,24.1,24.25,24.05,24.25,17805
2024-06-04,24.15,24.15,24.15,24.1,24.1,16828
2024-06-05,24.15,24.15,24.2,24.1,24.15,17564
2024-06-06,24.0,24.0,24.15,24.0,24.1,35555
2024-06-07,24.0,24.0,24.05,24.0,24.0,20201
2024-06-11,24.0,24.0,24.1,24.0,24.05,9094
2024-06-12,24.05,24.05,24.1,24.0,24.1,18665
2024-06-13,24.1,24.1,24.1,24.0,24.0,30892
2024-06-14,24.05,24.05,24.1,24.05,24.1,10313
2024-06-17,24.15,24.15,24.15,24.05,24.05,14773
2024-06-18,24.3,24.3,24.45,24.2,24.2,36939
2024-06-19,24.4,24.4,24.7,24.4,24.55,95551
2024-06-20,24.55,24.55,24.6,24.4,24.4,27690
2024-06-21,24.5,24.5,24.65,24.5,24.65,33876
2024-06-24,24.55,24.55,24.6,24.5,24.5,21026
2024-06-25,24.5,24.5,24.75,24.45,24.75,21159
2024-06-26,25.1,25.1,25.15,24.4,24.4,72212
2024-06-27,24.6,24.6,24.8,24.6,24.7,54659
2024-06-28,24.8,24.8,24.95,24.8,24.85,27141
2024-07-01,24.8,24.8,25.1,24.55,24.95,55311
2024-07-02,24.75,24.75,24.8,24.75,24.8,43854
2024-07-03,25.65,25.65,26.15,24.9,25.1,125039
2024-07-04,25.5,25.5,25.85,25.35,25.65,39124
2024-07-05,25.55,25.55,25.55,25.5,25.5,13912
2024-07-08,25.2,25.2,25.6,25.15,25.6,39898
2024-07-09,24.9,24.9,25.2,24.9,25.2,17414
2024-07-10,25.0,25.0,25.15,24.75,25.15,56803
2024-07-11,25.2,25.2,25.2,24.95,25.0,16071
2024-07-12,25.2,25.2,25.25,25.0,25.1,23342
2024-07-15,25.2,25.2,25.2,25.05,25.1,15190
2024-07-16,25.1,25.1,25.15,25.1,25.15,10738
2024-07-17,25.45,25.45,25.5,25.0,25.0,73130
2024-07-18,25.0,25.0,25.1,24.85,24.85,50672
2024-07-19,24.9,24.9,24.95,24.9,24.95,26319
2024-07-22,24.6,24.6,25.15,24.55,25.15,67966
2024-07-23,24.85,24.85,25.05,24.6,24.65,26201
2024-07-26,24.9,24.9,24.9,24.5,24.7,18580
2024-07-29,24.8,24.8,24.9,24.65,24.9,44644
2024-07-30,24.9,24.9,25.0,24.7,24.8,49246
2024-07-31,24.85,24.85,24.9,24.85,24.9,6576
2024-08-01,25.1,25.1,25.2,25.0,25.2,28922
2024-08-02,24.95,24.95,25.2,24.75,24.9,61997
2024-08-05,23.85,23.85,24.95,23.85,24.95,75168
2024-08-06,23.95,23.95,24.05,23.75,24.0,39552
2024-08-07,24.2,24.2,24.3,24.1,24.15,15825
2024-08-08,24.45,24.45,24.8,24.0,24.0,29977
2024-08-09,24.3,24.3,24.5,24.15,24.15,66471
2024-08-12,24.55,24.55,24.65,24.45,24.65,8143
2024-08-13,24.0,24.0,24.55,23.7,24.55,186299
2024-08-14,23.55,23.55,24.05,23.5,24.05,104036
2024-08-15,23.55,23.55,23.95,23.55,23.9,32172
2024-08-16,23.9,23.9,23.9,23.65,23.8,11562
2024-08-19,23.9,23.9,23.9,23.9,23.9,8615
2024-08-20,24.0,24.0,24.05,23.95,23.95,13288
2024-08-21,24.1,24.1,24.1,23.8,24.0,23950
2024-08-22,24.05,24.05,24.1,24.0,24.0,20027
2024-08-23,24.75,24.75,24.75,24.4,24.4,25745
2024-08-26,24.45,24.45,24.5,24.25,24.4,24866
2024-08-27,24.3,24.3,24.4,24.3,24.3,9025
2024-08-28,24.25,24.25,24.25,24.25,24.25,6793
2024-08-29,24.05,24.05,24.3,24.05,24.25,43539
2024-08-30,24.1,24.1,24.1,23.95,24.05,27729
2024-09-02,23.95,23.95,24.1,23.9,23.95,22671
2024-09-03,23.85,23.85,23.9,23.75,23.9,44899
2024-09-04,23.3,23.3,23.75,23.15,23.75,97142
2024-09-05,23.5,23.5,23.5,23.45,23.5,11183
2024-09-06,23.55,23.55,23.6,23.45,23.45,8653
2024-09-09,23.15,23.15,23.35,23.15,23.35,54692
2024-09-10,23.15,23.15,23.25,23.1,23.25,14851
2024-09-11,23.2,23.2,23.2,23.15,23.15,7706
2024-09-12,23.5,23.5,23.65,23.4,23.65,8261
2024-09-13,23.5,23.5,23.6,23.5,23.6,12240
2024-09-16,23.5,23.5,23.7,23.45,23.55,12046
2024-09-18,23.8,23.8,23.8,23.6,23.6,15567
2024-09-19,23.8,23.8,23.85,23.65,23.8,15159
2024-09-20,23.6,23.6,24.0,23.6,24.0,66575
2024-09-23,23.4,23.4,23.8,23.4,23.65,73397
2024-09-24,23.3,23.3,23.5,23.3,23.5,38860
2024-09-25,23.4,23.4,23.7,23.25,23.7,78584
2024-09-26,23.45,23.45,23.55,23.4,23.5,15951
2024-09-27,23.5,23.5,23.5,23.45,23.45,12126
2024-09-30,23.75,23.75,23.75,23.5,23.5,18455
2024-10-01,23.95,23.95,24.25,23.55,23.55,16882
2024-10-04,23.85,23.85,23.95,23.85,23.85,23353
2024-10-07,24.0,24.0,24.0,24.0,24.0,7409
2024-10-08,23.95,23.95,24.1,23.8,23.9,32806
2024-10-09,23.9,23.9,23.95,23.9,23.95,9720
2024-10-11,23.75,23.75,23.95,23.75,23.9,19293
2024-10-14,23.6,23.6,23.75,23.55,23.75,18395
2024-10-15,23.45,23.45,24.1,23.45,23.6,42322
2024-10-16,23.5,23.5,23.5,23.4,23.5,13275
2024-10-17,23.75,23.75,23.95,23.65,23.65,17621
2024-10-18,23.6,23.6,23.8,23.6,23.75,29217
2024-10-21,23.5,23.5,23.7,23.45,23.65,24588
2024-10-22,23.5,23.5,23.5,23.4,23.5,16002
2024-10-23,23.45,23.45,23.6,23.45,23.5,16908
2024-10-24,23.4,23.4,23.5,23.4,23.5,13390
2024-10-25,23.45,23.45,23.45,23.35,23.45,13294
2024-10-28,23.45,23.45,23.6,23.35,23.35,13059
2024-10-29,23.3,23.3,23.3,23.25,23.3,55534
2024-10-30,23.2,23.2,23.25,23.2,23.25,18355
2024-11-01,23.15,23.15,23.3,23.1,23.25,38471
2024-11-04,23.05,23.05,23.2,22.55,23.2,197571
2024-11-05,23.2,23.2,23.2,23.05,23.1,26842
2024-11-06,23.35,23.35,23.4,23.2,23.3,18095
2024-11-07,23.3,23.3,23.3,23.25,23.3,11673
2024-11-08,23.35,23.35,23.45,23.3,23.45,18586
2024-11-11,23.4,23.4,23.4,23.25,23.3,7357
2024-11-12,23.25,23.25,23.4,23.1,23.35,26200
2024-11-13,23.15,23.15,23.5,22.9,23.5,31803
2024-11-14,22.9,22.9,23.1,22.9,23.1,13398
2024-11-15,23.35,23.35,23.35,22.85,22.9,19256
2024-11-18,23.25,23.25,23.35,22.95,23.35,16766
2024-11-19,22.95,22.95,23.15,22.95,23.15,21663
2024-11-20,22.95,22.95,23.05,22.8,23.05,24846
2024-11-21,23.15,23.15,23.35,22.85,23.35,22823
2024-11-22,23.1,23.1,23.1,22.9,22.95,6504
2024-11-25,23.2,23.2,23.2,23.1,23.1,10716
2024-11-26,23.25,23.25,23.25,23.15,23.15,13229
2024-11-27,23.15,23.15,23.25,23.15,23.25,5809
2024-11-28,23.15,23.15,23.15,23.0,23.05,6071
2024-11-29,23.2,23.2,23.2,23.15,23.15,4055
2024-12-02,23.25,23.25,23.25,23.0,23.0,23938
2024-12-03,23.25,23.25,23.25,23.2,23.25,11544
2024-12-04,23.3,23.3,23.3,23.25,23.25,23065
2024-12-05,23.25,23.25,23.25,23.2,23.25,24350
2024-12-06,23.25,23.25,23.3,23.25,23.3,15513
2024-12-09,23.15,23.15,23.2,22.85,22.85,8511
2024-12-10,23.25,23.25,23.3,23.2,23.2,11209
2024-12-11,23.25,23.25,23.25,23.25,23.25,3000
2024-12-12,23.25,23.25,23.3,23.25,23.25,24695
2024-12-13,23.25,23.25,23.3,23.2,23.3,17856
2024-12-16,23.15,23.15,23.3,23.15,23.25,14489
2024-12-17,23.15,23.15,23.15,23.15,23.15,3377
2024-12-18,23.2,23.2,23.2,23.05,23.1,10568
2024-12-19,22.85,22.85,23.2,22.85,23.2,17119
2024-12-20,22.7,22.7,22.9,22.7,22.9,16856
2024-12-23,22.7,22.7,22.75,22.7,22.7,12315
2024-12-24,22.95,22.95,22.95,22.95,22.95,3290
2024-12-25,22.95,22.95,23.0,22.95,22.95,10316
2024-12-26,22.8,22.8,22.85,22.8,22.85,6267
2024-12-27,23.0,23.0,23.0,22.95,22.95,4616
2024-12-30,23.1,23.1,23.1,23.1,23.1,3700
2024-12-31,22.75,22.75,23.0,22.75,22.95,7638
2025-01-02,22.65,22.65,22.8,22.55,22.8,21946
2025-01-03,22.95,22.95,22.95,22.65,22.65,6609
2025-01-06,23.2,23.2,23.25,22.9,23.05,49939
2025-01-07,22.8,22.8,23.45,22.8,23.45,29168
2025-01-08,22.8,22.8,22.85,22.7,22.85,8183
2025-01-09,23.0,23.0,23.0,22.65,22.8,9802
2025-01-10,23.0,23.0,23.4,22.65,23.0,23222
2025-01-13,22.55,22.55,22.8,22.55,22.8,19279
2025-01-14,22.55,22.55,22.55,22.5,22.55,11492
2025-01-15,22.55,22.55,22.55,22.55,22.55,3179
2025-01-16,22.8,22.8,22.8,22.55,22.55,3187
2025-01-17,23.0,23.0,23.3,23.0,23.3,3853
2025-01-20,22.7,22.7,22.85,22.65,22.7,13736
2025-01-21,22.65,22.65,22.75,22.65,22.75,8363
2025-01-22,22.85,22.85,22.85,22.6,22.6,16572
2025-02-03,22.7,22.7,22.85,22.7,22.85,16831
2025-02-04,22.75,22.75,23.0,22.75,22.95,8825
2025-02-05,22.75,22.75,22.95,22.75,22.75,11605
2025-02-06,23.05,23.05,23.15,22.8,23.15,26728
2025-02-07,23.0,23.0,23.35,23.0,23.15,31018
2025-02-10,23.0,23.0,23.15,23.0,23.15,13253
2025-02-11,22.95,22.95,23.0,22.95,23.0,10462
2025-02-12,23.3,23.3,23.95,22.95,22.95,63383
2025-02-13,23.05,23.05,23.3,23.05,23.1,26551
2025-02-14,23.05,23.05,23.4,23.05,23.4,11162
2025-02-17,23.3,23.3,23.3,23.25,23.25,16055
2025-02-18,23.0,23.0,23.15,22.95,23.15,25978
2025-02-19,22.95,22.95,23.15,22.95,23.1,10221
2025-02-20,22.9,22.9,23.0,22.85,22.9,24467
2025-02-21,22.95,22.95,22.95,22.95,22.95,7845
2025-02-24,23.2,23.2,23.2,23.1,23.1,59072
2025-02-25,23.1,23.1,23.4,23.1,23.1,13759
2025-02-26,23.15,23.15,23.25,23.15,23.25,14991
2025-02-27,23.05,23.05,23.1,23.05,23.1,6904
2025-03-03,23.15,23.15,23.25,23.15,23.25,5873
2025-03-04,23.1,23.1,23.1,23.1,23.1,6228
2025-03-05,23.2,23.2,23.25,23.1,23.1,17878
2025-03-06,22.95,22.95,23.15,22.95,23.1,8887
2025-03-07,23.3,23.3,23.3,22.9,23.0,13552
2025-03-10,23.1,23.1,23.2,22.9,23.2,12329
2025-03-11,22.9,22.9,23.1,22.7,23.1,31487
2025-03-12,22.85,22.85,23.0,22.85,23.0,7311
2025-03-13,23.0,23.0,23.15,22.75,22.75,19155
2025-03-14,22.95,22.95,23.3,22.85,23.3,10130
2025-03-17,22.85,22.85,22.9,22.85,22.9,8467
2025-03-18,22.9,22.9,22.9,22.9,22.9,4633
2025-03-19,22.85,22.85,23.1,22.85,22.9,8900
2025-03-20,23.15,23.15,23.2,22.95,23.0,22113
2025-03-21,23.1,23.1,23.15,23.1,23.1,10070
2025-03-24,23.1,23.1,23.15,23.05,23.05,7709
2025-03-25,23.05,23.05,23.15,23.05,23.15,20485
2025-03-26,23.0,23.0,23.2,23.0,23.1,16059
2025-03-27,22.95,22.95,23.0,22.95,23.0,12320
2025-03-28,22.9,22.9,22.9,22.8,22.85,14013
2025-03-31,22.85,22.85,22.85,22.6,22.6,22269
2025-04-01,23.0,23.0,23.0,23.0,23.0,2812
2025-04-02,23.05,23.05,23.05,22.9,23.0,8583
2025-04-07,20.8,20.8,21.45,20.75,20.75,116170
2025-04-08,20.85,20.85,21.4,20.7,21.4,22270
2025-04-09,20.25,20.25,21.3,20.1,21.3,27408
2025-04-10,21.45,21.45,21.8,20.8,20.8,11988
2025-04-11,21.45,21.45,21.45,21.1,21.1,7115
2025-04-14,21.15,21.15,21.2,21.1,21.15,24961
2025-04-15,21.3,21.3,21.3,21.0,21.1,18920
2025-04-16,20.8,20.8,21.3,20.8,21.3,18074
2025-04-17,20.75,20.75,20.8,20.65,20.8,10430
2025-04-18,20.65,20.65,20.75,20.55,20.55,6874
2025-04-21,20.9,20.9,20.9,20.9,20.9,1918
2025-04-22,20.45,20.45,20.45,20.45,20.45,6015
2025-04-23,20.85,20.85,20.85,20.45,20.45,24610
2025-04-24,20.7,20.7,20.75,20.65,20.65,5842
2025-04-25,20.85,20.85,20.85,20.85,20.85,3689
2025-04-29,21.05,21.05,21.1,21.0,21.0,10580
2025-04-30,21.1,21.1,21.1,21.05,21.05,2895
2025-05-02,21.3,21.3,21.35,21.0,21.1,20809
2025-05-05,21.5,21.5,21.5,21.35,21.35,24691
2025-05-06,22.0,22.0,22.0,21.55,21.55,13471
2025-05-07,21.95,21.95,21.95,21.35,21.4,6369
2025-05-08,21.6,21.6,21.9,21.6,21.9,3667
2025-05-09,21.75,21.75,21.75,21.6,21.65,8953
2025-05-12,21.8,21.8,21.8,21.7,21.75,3501
2025-05-14,21.9,21.9,21.9,21.8,21.8,6052
2025-05-15,21.85,21.85,21.95,21.85,21.9,23662
2025-05-16,21.8,21.8,21.8,21.8,21.8,3382
2025-05-19,21.95,21.95,21.95,21.95,21.95,3840
2025-05-20,22.25,22.25,22.5,21.7,21.95,10562
2025-05-21,22.35,22.35,22.35,22.35,22.35,3699
2025-05-22,22.6,22.6,22.6,22.35,22.35,37939
2025-05-23,22.65,22.65,22.65,22.65,22.65,4214
2025-05-26,22.8,22.8,22.8,22.65,22.65,6176
2025-05-27,22.25,22.25,22.8,22.25,22.8,14635
2025-05-28,22.25,22.25,22.45,22.25,22.45,5745
2025-05-29,22.7,22.7,22.7,22.7,22.7,2873
2025-06-02,22.4,22.4,22.5,22.4,22.5,5452
2025-06-03,22.25,22.25,22.25,22.2,22.2,7264
2025-06-04,22.3,22.3,22.3,22.3,22.3,2336
2025-06-05,22.0,22.0,22.65,22.0,22.65,3377
2025-06-06,22.05,22.05,22.25,21.95,21.95,5856
2025-06-09,22.2,22.2,22.2,22.2,22.2,2376
2025-06-10,22.2,22.2,22.2,22.0,22.2,7935
2025-06-11,21.95,21.95,22.05,21.95,22.05,4219
2025-06-12,22.0,22.0,22.15,22.0,22.15,4493
2025-06-13,22.05,22.05,22.25,21.5,22.1,5906
2025-06-16,22.1,22.1,22.1,22.1,22.1,1646
2025-06-17,22.25,22.25,22.3,22.25,22.3,2734
2025-06-18,22.25,22.25,22.25,21.75,22.25,5459
2025-06-19,21.75,21.75,21.75,21.75,21.75,2969
2025-06-20,21.9,21.9,21.9,21.75,21.75,4975
2025-06-23,21.85,21.85,21.9,21.85,21.85,15188
2025-06-24,21.85,21.85,22.6,21.85,22.6,9031
2025-06-25,22.3,22.3,22.3,22.3,22.3,1738
2025-06-26,22.3,22.3,22.7,22.2,22.3,14263
2025-06-27,22.2,22.2,22.25,21.9,22.25,19442
2025-06-30,21.9,21.9,22.05,21.9,22.0,9618
2025-07-01,22.0,22.0,22.2,22.0,22.15,11139
2025-07-03,22.2,22.2,22.2,22.15,22.2,13576
2025-07-04,22.15,22.15,22.15,22.0,22.0,4606
2025-07-07,22.05,22.05,22.05,22.05,22.05,1830
2025-07-08,21.9,21.9,21.9,21.9,21.9,2604
2025-07-09,21.9,21.9,21.9,21.9,21.9,4396
2025-07-10,21.6,21.6,21.6,21.6,21.6,2520
2025-07-11,21.55,21.55,21.55,21.55,21.55,2839
2025-07-14,21.6,21.6,22.2,21.5,21.5,9223
2025-07-15,21.65,21.65,21.8,21.65,21.8,5171
2025-07-16,21.45,21.45,21.45,21.45,21.45,3059
2025-07-17,21.55,21.55,21.8,21.55,21.8,11519
2025-07-18,21.3,21.3,21.45,21.3,21.4,12100
2025-07-21,21.4,21.4,21.45,21.25,21.35,10394
2025-07-22,21.2,21.2,21.45,21.15,21.45,23089
2025-07-23,21.3,21.3,21.35,21.2,21.2,7999
2025-07-24,21.0,21.0,21.0,20.9,21.0,7795
2025-07-25,21.0,21.0,21.1,20.9,21.1,6619
2025-07-28,20.9,20.9,21.0,20.9,21.0,6888
2025-07-29,20.95,20.95,21.4,20.95,21.05,13501
2025-07-30,20.95,20.95,20.95,20.95,20.95,5310
2025-07-31,20.95,20.95,20.95,20.8,20.8,6440
2025-08-01,20.65,20.65,20.9,20.65,20.9,6736
2025-08-04,20.85,20.85,20.85,20.65,20.65,6228
2025-08-05,20.8,20.8,20.85,20.8,20.85,8687
2025-08-06,20.85,20.85,21.0,20.8,20.8,20182
2025-08-07,20.9,20.9,21.0,20.9,21.0,10062
2025-08-08,20.7,20.7,20.95,20.6,20.6,17387
2025-08-11,20.85,20.85,20.85,20.8,20.8,23908
2025-08-12,20.75,20.75,21.0,20.65,20.8,14326
2025-08-13,21.0,21.0,21.0,20.85,20.95,18869
2025-08-14,21.0,21.0,21.0,21.0,21.0,2943
2025-08-15,20.95,20.95,21.0,20.95,20.95,6921
2025-08-18,20.9,20.9,20.95,20.9,20.95,6623
2025-08-19,20.9,20.9,20.95,20.85,20.95,11911
2025-08-20,20.85,20.85,20.9,20.85,20.9,9782
2025-08-21,20.95,20.95,20.95,20.9,20.9,10504
2025-08-22,21.25,21.25,21.25,20.95,21.0,35000
2025-08-25,21.2,21.2,21.25,21.15,21.25,50749
2025-08-26,21.15,21.15,21.25,21.1,21.15,18052
2025-08-27,21.35,21.35,21.45,21.05,21.15,37011
2025-08-28,21.3,21.3,21.45,21.3,21.3,20126
2025-08-29,21.7,21.7,21.8,21.35,21.4,97787
2025-09-01,21.9,21.9,22.0,21.6,21.7,71815
2025-09-02,21.95,21.95,22.0,21.75,21.8,19576
2025-09-03,21.85,21.85,22.0,21.8,21.85,26010
2025-09-04,22.45,22.45,22.45,21.95,21.95,66814
2025-09-05,22.4,22.4,22.45,22.25,22.45,54642
2025-09-08,22.65,22.65,22.65,22.45,22.5,84843
2025-09-09,22.8,22.8,22.9,22.7,22.8,35913
2025-09-10,22.95,22.95,23.15,22.75,22.75,56227
2025-09-11,23.35,23.35,23.35,22.8,22.9,144359
2025-09-12,23.35,23.35,23.45,23.25,23.3,72598
2025-09-15,23.4,23.4,23.4,23.2,23.4,93217
2025-09-16,23.45,23.45,23.45,23.3,23.35,24348
2025-09-17,23.45,23.45,23.55,23.4,23.45,37786
2025-09-18,23.5,23.5,23.6,23.25,23.35,119236
2025-09-19,23.7,23.7,23.7,23.4,23.4,53628
2025-09-22,23.8,23.8,23.9,23.45,23.5,191120
2025-09-23,23.95,23.95,24.0,23.75,23.8,50346
2025-09-24,24.0,24.0,24.05,23.9,23.95,35745
2025-09-25,24.3,24.3,24.45,23.95,24.1,163916
2025-09-26,24.4,24.4,24.4,24.1,24.3,114478
2025-09-30,24.5,24.5,24.7,24.4,24.4,41343
2025-10-01,24.95,24.95,24.95,24.65,24.7,101734
2025-10-02,25.45,25.45,25.45,24.95,24.95,270095
2025-10-03,27.45,27.45,27.9,25.5,25.5,679263
2025-10-07,26.75,26.75,27.45,26.5,27.45,670805
2025-10-08,26.3,26.3,26.7,26.1,26.65,358710
2025-10-09,26.05,26.05,26.2,25.05,26.2,219991
2025-10-13,25.1,25.1,25.65,24.8,25.6,338383
2025-10-14,25.05,25.05,25.15,24.95,25.15,177131
2025-10-15,24.95,24.95,25.0,24.75,24.8,122312
2025-10-16,24.65,24.65,24.9,24.5,24.65,159066
2025-10-17,24.85,24.85,24.85,24.55,24.6,128086
2025-10-20,24.95,24.95,25.0,24.75,24.85,185372
2025-10-21,26.05,26.05,26.3,24.8,24.9,485296
2025-10-22,25.75,25.75,26.15,25.6,26.05,321364
2025-10-23,25.85,25.85,25.95,25.7,25.9,75231
2025-10-27,26.35,26.35,26.45,25.85,25.85,197129
2025-10-28,26.45,26.45,26.55,26.35,26.5,167568
2025-10-29,26.5,26.5,26.55,26.25,26.25,98076
2025-10-30,26.4,26.4,26.45,26.25,26.4,37514
2025-10-31,26.15,26.15,26.45,25.6,26.35,121527
2025-11-03,26.15,26.15,26.25,25.8,26.15,97188
2025-11-04,26.0,26.0,26.2,26.0,26.2,73204
2025-11-05,25.95,25.95,26.0,25.4,26.0,62558
2025-11-06,26.1,26.1,26.4,25.95,26.25,109249
2025-11-07,25.9,25.9,26.15,25.7,26.05,66657
2025-11-10,25.9,25.9,26.35,25.9,25.9,74549
2025-11-11,25.9,25.9,26.3,25.4,25.8,157812
2025-11-12,25.55,25.55,26.1,25.25,25.9,119026
2025-11-13,25.35,25.35,25.75,25.0,25.55,235934
2025-11-14,25.05,25.05,25.4,25.0,25.05,113176
2025-11-17,24.6,24.6,25.4,24.15,25.15,66996
2025-11-18,23.85,23.85,24.5,23.7,24.5,28294
2025-11-19,24.2,24.2,24.25,23.8,23.85,34079
2025-11-20,24.45,24.45,24.85,24.25,24.8,56405
2025-11-21,24.55,24.55,24.55,24.35,24.4,15553
2025-11-24,24.6,24.6,24.7,24.55,24.7,18625
2025-11-25,24.7,24.7,25.3,24.5,25.0,109166
2025-11-26,24.65,24.65,24.8,24.45,24.8,14717
2025-11-27,24.65,24.65,24.95,24.25,24.6,34783
2025-11-28,24.7,24.7,24.7,24.6,24.7,9468
2025-12-01,24.65,24.65,24.75,24.4,24.6,30045
2025-12-02,24.65,24.65,24.7,24.45,24.6,47120
2025-12-03,24.75,24.75,24.75,24.5,24.7,35128
2025-12-04,24.85,24.85,24.85,24.55,24.75,74932
2025-12-05,24.9,24.9,25.25,24.7,24.75,60068
2025-12-08,25.0,25.0,25.05,24.8,24.9,34082
2025-12-09,25.1,25.1,25.15,25.0,25.05,19707
2025-12-10,25.6,25.6,26.4,25.0,25.2,266002
2025-12-11,25.3,25.3,25.7,25.0,25.7,81481
2025-12-12,24.9,24.9,25.2,24.8,25.05,101245
2025-12-15,24.9,24.9,24.9,24.65,24.85,47930
2025-12-16,24.95,24.95,25.3,24.6,24.9,47263
2025-12-17,24.9,24.9,25.2,24.8,25.05,33140
2025-12-18,25.45,25.45,26.05,25.0,25.05,117028
2025-12-19,25.6,25.6,25.85,25.5,25.7,36802
2025-12-22,25.75,25.75,26.0,25.75,25.75,16351
2025-12-23,26.05,26.05,26.05,25.7,26.05,91088
2025-12-24,26.05,26.05,26.25,25.8,26.05,139487
2025-12-26,26.15,26.15,26.3,25.8,26.15,121194
2025-12-29,26.15,26.15,26.25,26.0,26.15,63110
2025-12-30,25.7,25.7,26.1,25.7,26.05,70995
2025-12-31,25.45,25.45,26.25,25.45,25.9,101888
2026-01-02,25.65,25.65,25.65,25.2,25.3,49513
2026-01-05,25.45,25.45,25.65,25.2,25.65,69071
2026-01-06,25.5,25.5,25.85,25.0,25.45,99955
2026-01-07,25.45,25.45,25.6,25.3,25.6,33567
2026-01-08,25.3,25.3,25.4,25.2,25.35,51810
2026-01-09,25.45,25.45,25.6,24.95,25.4,70201
2026-01-12,25.5,25.5,25.5,25.25,25.35,71566
2026-01-13,25.0,25.0,25.3,24.8,25.25,114329
2026-01-14,24.85,24.85,25.1,24.7,24.95,68146
2026-01-15,24.7,24.7,24.9,24.65,24.85,77752
2026-01-16,24.7,24.7,24.7,24.5,24.7,71620
2026-01-19,24.55,24.55,24.65,24.4,24.55,62849
2026-01-20,24.5,24.5,24.55,24.3,24.4,51804
2026-01-21,24.5,24.5,24.5,24.35,24.35,18699
2026-01-22,25.0,25.0,25.25,24.4,24.4,161107
2026-01-23,25.2,25.2,25.35,25.05,25.2,61070
2026-01-26,25.25,25.25,25.3,25.0,25.25,23787
2026-01-27,25.05,25.05,25.25,25.0,25.25,9808
2026-01-28,26.15,26.15,26.15,24.85,25.15,235359
2026-01-29,26.05,26.05,26.75,25.5,26.6,208032
2026-01-30,26.2,26.2,26.2,25.6,26.15,65691
2026-02-02,26.3,26.3,26.5,25.75,26.15,276770
2026-02-03,26.35,26.35,26.4,26.0,26.35,197274
2026-02-04,26.55,26.55,26.55,26.25,26.35,101843
2026-02-05,26.65,26.65,26.65,26.5,26.55,87035
2026-02-06,26.55,26.55,26.65,26.35,26.65,98857
2026-02-09,26.55,26.55,26.8,26.2,26.65,117659
2026-02-10,26.25,26.25,26.6,26.1,26.45,63900
2026-02-11,26.3,26.3,26.35,26.0,26.35,53452
2026-02-23,26.2,26.2,26.25,26.0,26.2,59136
2026-02-24,26.2,26.2,26.25,26.1,26.1,21684
2026-02-25,26.3,26.3,26.3,25.8,26.05,68335
2026-02-26,26.65,26.65,26.65,26.3,26.35,150815
2026-03-02,27.45,27.45,27.5,26.55,26.65,146192
2026-03-03,27.8,27.8,28.7,27.15,27.4,257226
2026-03-04,27.9,27.9,28.45,27.75,28.0,276304
2026-03-05,27.8,27.8,28.1,27.75,27.9,184559
2026-03-06,27.75,27.75,28.0,27.45,27.95,101892
2026-03-09,27.65,27.65,27.95,27.0,27.0,90533
2026-03-10,28.0,28.0,28.3,27.65,27.65,118169
2026-03-11,28.15,28.15,28.45,27.95,27.95,137534
2026-03-12,27.35,27.35,28.25,26.85,28.25,131882
2026-03-13,27.25,27.25,27.6,27.0,27.0,52136
2026-03-16,27.2,27.2,27.45,26.9,27.1,69613
2026-03-17,27.3,27.3,27.35,27.15,27.2,44817
2026-03-18,27.3,27.3,27.4,27.05,27.25,23435
2026-03-19,27.2,27.2,27.2,26.25,27.2,38800
2026-03-20,27.1,27.1,27.25,26.8,26.95,87958
2026-03-23,26.85,26.85,27.2,25.9,26.75,38357
2026-03-24,26.8,26.8,27.7,26.5,26.8,30584
2026-03-25,26.5,26.5,26.9,25.95,26.8,99909
2026-03-26,26.35,26.35,27.1,26.35,27.1,13271
2026-03-27,26.35,26.35,26.45,26.1,26.3,17547
2026-03-30,26.05,26.05,26.15,25.85,26.15,38648
2026-03-31,26.1,26.1,26.1,25.85,25.85,34010
2026-04-01,26.1,26.1,26.25,25.6,26.25,35174
2026-04-02,25.95,25.95,26.25,25.65,25.95,33795
2026-04-07,25.55,25.55,25.85,25.4,25.6,28473
2026-04-08,25.55,25.55,25.6,25.1,25.1,38957
2026-04-09,25.4,25.4,25.55,25.25,25.45,34785
2026-04-10,25.55,25.55,25.8,25.2,25.2,29325
2026-04-13,26.7,26.7,27.4,25.5,25.5,113054
2026-04-14,26.45,26.45,26.9,26.45,26.9,30694
2026-04-15,26.85,26.85,27.3,26.25,26.7,88598
2026-04-16,26.95,26.95,27.15,26.65,26.9,55555
2026-04-17,26.9,26.9,27.05,26.7,26.95,27047
2026-04-20,26.85,26.85,26.95,26.35,26.75,79406
2026-04-21,25.45,25.45,26.9,25.1,26.6,215084
2026-04-22,25.45,25.45,25.55,25.2,25.45,19692
2026-04-23,25.5,25.5,25.6,25.1,25.3,38795
2026-04-24,25.55,25.55,25.55,25.25,25.5,31153
2026-04-27,25.6,25.6,25.6,25.15,25.4,45383
2026-04-28,25.65,25.65,25.9,25.35,25.6,44871
2026-04-29,25.75,25.75,26.15,25.7,26.1,32530
2026-04-30,25.75,25.75,26.35,25.6,26.35,39138
2026-05-04,25.8,25.8,25.9,25.75,25.8,19698
2026-05-05,26.0,26.0,26.1,25.85,25.95,24352
2026-05-06,26.15,26.15,26.3,25.95,26.1,94420
2026-05-07,26.35,26.35,26.4,26.05,26.15,66398
2026-05-08,26.35,26.35,26.55,26.15,26.4,64445
2026-05-11,26.4,26.4,26.45,26.0,26.15,51218
2026-05-12,25.15,25.15,26.75,25.15,26.75,124223
2026-05-13,24.55,24.55,25.15,24.4,25.0,79051
2026-05-14,24.5,24.5,24.55,24.1,24.35,37370
2026-05-15,24.45,24.45,24.55,24.45,24.5,14749
2026-05-18,23.35,23.35,24.45,23.2,24.45,115809
2026-05-19,23.7,23.7,23.7,23.35,23.5,26921
2026-05-20,23.7,23.7,23.9,23.45,23.9,43293
2026-05-21,23.7,23.7,23.9,23.55,23.9,50669
2026-05-22,24.0,24.0,24.0,23.6,23.6,23742
2026-05-25,24.35,24.35,25.0,24.0,25.0,36165
2026-05-26,24.2,24.2,24.8,24.1,24.2,38994
2026-05-27,24.35,24.35,24.4,24.05,24.05,20703
2026-05-28,24.3,24.3,24.4,24.2,24.2,19685
2026-05-29,24.4,24.4,24.5,24.4,24.45,21187
2026-06-01,24.6,24.6,24.6,24.3,24.4,71145
2026-06-02,24.7,24.7,24.85,24.5,24.85,19510
2026-06-03,25.05,25.05,25.1,24.95,25.0,50622
2026-06-04,25.2,25.2,25.25,25.0,25.25,36745
2026-06-05,25.5,25.5,25.55,25.2,25.55,37042
2026-06-08,25.6,25.6,25.6,24.75,24.75,55168
2026-06-09,25.6,25.6,26.0,25.6,26.0,50960
2026-06-10,25.6,25.6,25.9,25.3,25.9,69179
2026-06-11,25.65,25.65,25.9,25.55,25.9,20208
2026-06-12,25.7,25.7,25.8,25.6,25.7,40958
2026-06-15,25.6,25.6,25.95,25.5,25.95,67650
2026-06-16,25.55,25.55,25.8,25.5,25.65,58211
2026-06-17,25.7,25.7,25.9,25.45,25.9,53989
2026-06-18,25.8,25.8,25.9,25.55,25.8,142661
2026-06-22,25.85,25.85,25.9,25.55,25.7,66181
2026-06-23,25.85,25.85,25.9,25.75,25.8,24630
2026-06-24,25.8,25.8,25.85,25.7,25.8,20084
2026-06-25,25.85,25.85,25.9,25.7,25.8,16487
2026-06-26,25.8,25.8,25.8,25.5,25.65,32287
2026-06-29,25.8,25.8,25.9,25.75,25.85,25282
2026-06-30,25.75,25.75,25.75,25.5,25.55,40025
2026-07-01,25.6,25.6,25.7,25.45,25.7,59776
2026-07-02,25.55,25.55,25.7,25.45,25.7,55221
2026-07-03,25.6,25.6,25.8,25.5,25.8,107857
2026-07-06,25.55,25.55,25.8,25.5,25.75,85256
2026-07-07,26.05,26.05,26.25,25.5,25.75,343802
2026-07-08,26.3,26.3,27.35,26.05,26.4,338920
2026-07-09,24.55,24.55,24.85,24.1,24.4,126134
2026-07-13,23.3,23.3,24.55,23.25,24.55,179861
2026-07-14,22.95,22.95,23.3,22.95,23.3,94222
2026-07-15,23.55,23.55,23.55,22.95,22.95,214805
2026-07-16,23.15,23.15,23.8,23.15,23.8,48300
2026-07-17,23.55,23.55,24.1,23.0,23.1,196101
2026-07-20,23.55,23.55,23.7,22.8,23.55,169475
2026-07-21,23.7,23.7,24.35,23.2,23.2,21417
2026-07-22,23.6,23.6,23.95,23.35,23.4,30603
2026-07-23,23.55,23.55,23.95,23.4,23.75,50315
2026-07-24,23.55,23.55,23.6,23.35,23.5,36366
2026-07-27,23.5,23.5,23.55,23.35,23.55,39604
2026-07-28,23.5,23.5,23.75,23.2,23.35,50842
2026-07-29,23.85,23.85,24.0,23.5,24.0,74729
2026-07-30,23.85,23.85,24.1,23.35,24.1,49657
2026-07-31,24.55,24.55,24.65,23.9,23.9,157188
2026-08-03,24.7,24.7,25.15,24.55,25.15,74742
2026-08-04,24.85,24.85,25.0,24.4,24.4,48907
2026-08-05,24.85,24.85,25.25,24.8,25.25,43162
2026-08-06,24.95,24.95,25.1,24.6,24.9,137089
2026-08-07,25.5,25.5,25.9,24.9,24.95,392398
2026-08-10,25.55,25.55,25.8,25.3,25.6,330333
2026-08-11,25.2,25.2,25.7,25.2,25.45,148181
2026-08-12,24.9,24.9,24.95,24.5,24.95,108896
2026-08-13,25.1,25.1,25.55,24.9,25.55,125278
2026-08-14,25.4,25.4,25.45,25.05,25.3,127749
2026-08-17,25.55,25.55,25.6,25.1,25.1,37519
2026-08-18,25.4,25.4,25.55,25.1,25.35,79990
2026-08-19,25.35,25.35,25.4,24.95,24.95,53431
2026-08-20,25.55,25.55,25.75,25.2,25.2,48786
2026-08-21,25.55,25.55,25.65,25.4,25.4,54363
2026-08-24,25.5,25.5,25.55,25.3,25.5,57444
2026-08-25,25.45,25.45,25.55,25.2,25.4,25430
2026-08-26,25.6,25.6,25.85,25.3,25.6,49387
2026-08-27,25.7,25.7,25.75,25.4,25.6,88843
2026-08-28,25.55,25.55,25.75,25.45,25.5,112274
2026-08-31,25.7,25.7,25.7,25.4,25.55,64996
2026-09-01,25.85,25.85,26.0,25.45,25.7,227629
2026-09-02,25.95,25.95,26.25,25.55,26.0,57255
2026-09-03,26.05,26.05,26.2,25.6,25.6,137121
2026-09-04,26.15,26.15,26.15,25.95,25.95,93934
