Date,Adj Close,Close,High,Low,Open,Volume
2016-08-12,107.0,107.0,107.5,106.5,107.0,51358
2016-08-15,107.0,107.0,107.5,106.5,107.0,51358
2016-08-16,107.0,107.0,107.5,106.5,107.0,51358
2016-08-17,107.0,107.0,107.5,106.5,107.0,51358
2016-08-18,107.0,107.0,107.5,106.5,107.0,51358
2016-08-19,107.0,107.0,107.5,106.5,107.0,51358
2016-08-22,107.0,107.0,107.5,106.5,107.0,51358
2016-08-23,107.0,107.0,107.5,106.5,107.0,51358
2016-08-24,107.0,107.0,107.5,106.5,107.0,51358
2016-08-25,107.0,107.0,107.5,106.5,107.0,51358
2016-08-26,107.0,107.0,107.5,106.5,107.0,51358
2016-08-29,107.0,107.0,107.5,106.5,107.0,51358
2016-08-30,107.0,107.0,107.5,106.5,107.0,51358
2016-08-31,107.0,107.0,107.5,106.5,107.0,51358
2016-09-01,107.0,107.0,107.5,106.5,107.0,51358
2016-09-02,107.0,107.0,107.5,106.5,107.0,51358
2016-09-05,107.0,107.0,107.5,106.5,107.0,51358
2016-09-06,107.0,107.0,107.5,106.5,107.0,51358
2016-09-07,107.0,107.0,107.5,106.5,107.0,51358
2016-09-08,107.0,107.0,107.5,106.5,107.0,51358
2016-09-09,107.0,107.0,107.5,106.5,107.0,51358
2016-09-12,107.0,107.0,107.5,106.5,107.0,51358
2016-09-13,107.0,107.0,107.5,106.5,107.0,51358
2016-09-14,107.0,107.0,107.5,106.5,107.0,51358
2016-09-15,107.0,107.0,107.5,106.5,107.0,51358
2016-09-16,107.0,107.0,107.5,106.5,107.0,51358
2016-09-19,107.0,107.0,107.5,106.5,107.0,51358
2016-09-20,107.0,107.0,107.5,106.5,107.0,51358
2016-09-21,107.0,107.0,107.5,106.5,107.0,51358
2016-09-22,107.0,107.0,107.5,106.5,107.0,51358
2016-09-23,107.0,107.0,107.5,106.5,107.0,51358
2016-09-26,107.0,107.0,107.5,106.5,107.0,51358
2016-09-27,107.0,107.0,107.5,106.5,107.0,51358
2016-09-28,107.0,107.0,107.5,106.5,107.0,51358
2016-09-29,107.0,107.0,107.5,106.5,107.0,51358
2016-09-30,107.0,107.0,107.5,106.5,107.0,51358
2016-10-03,107.0,107.0,107.5,106.5,107.0,51358
2016-10-04,107.0,107.0,107.5,106.5,107.0,51358
2016-10-05,107.0,107.0,107.5,106.5,107.0,51358
2016-10-06,107.0,107.0,107.5,106.5,107.0,51358
2016-10-07,107.0,107.0,107.5,106.5,107.0,51358
2016-10-10,107.0,107.0,107.5,106.5,107.0,51358
2016-10-11,107.0,107.0,107.5,106.5,107.0,51358
2016-10-12,107.0,107.0,107.5,106.5,107.0,51358
2016-10-13,107.0,107.0,107.5,106.5,107.0,51358
2016-10-14,107.0,107.0,107.5,106.5,107.0,51358
2016-10-17,107.0,107.0,107.5,106.5,107.0,51358
2016-10-18,107.0,107.0,107.5,106.5,107.0,51358
2016-10-19,107.0,107.0,107.5,106.5,107.0,51358
2016-10-20,107.0,107.0,107.5,106.5,107.0,51358
2016-10-21,107.0,107.0,107.5,106.5,107.0,51358
2016-10-24,107.0,107.0,107.5,106.5,107.0,51358
2016-10-25,107.0,107.0,107.5,106.5,107.0,51358
2016-10-26,107.0,107.0,107.5,106.5,107.0,51358
2016-10-27,107.0,107.0,107.5,106.5,107.0,51358
2016-10-28,107.0,107.0,107.5,106.5,107.0,51358
2016-10-31,107.0,107.0,107.5,106.5,107.0,51358
2016-11-01,107.0,107.0,107.5,106.5,107.0,51358
2016-11-02,107.0,107.0,107.5,106.5,107.0,51358
2016-11-03,107.0,107.0,107.5,106.5,107.0,51358
2016-11-04,107.0,107.0,107.5,106.5,107.0,51358
2016-11-07,107.0,107.0,107.5,106.5,107.0,51358
2016-11-08,107.0,107.0,107.5,106.5,107.0,51358
2016-11-09,107.0,107.0,107.5,106.5,107.0,51358
2016-11-10,107.0,107.0,107.5,106.5,107.0,51358
2016-11-11,107.0,107.0,107.5,106.5,107.0,51358
2016-11-14,107.0,107.0,107.5,106.5,107.0,51358
2016-11-15,107.0,107.0,107.5,106.5,107.0,51358
2016-11-16,107.0,107.0,107.5,106.5,107.0,51358
2016-11-17,107.0,107.0,107.5,106.5,107.0,51358
2016-11-18,107.0,107.0,107.5,106.5,107.0,51358
2016-11-21,107.0,107.0,107.5,106.5,107.0,51358
2016-11-22,107.0,107.0,107.5,106.5,107.0,51358
2016-11-23,107.0,107.0,107.5,106.5,107.0,51358
2016-11-24,107.0,107.0,107.5,106.5,107.0,51358
2016-11-25,107.0,107.0,107.5,106.5,107.0,51358
2016-11-28,107.0,107.0,107.5,106.5,107.0,51358
2016-11-29,107.0,107.0,107.5,106.5,107.0,51358
2016-11-30,107.0,107.0,107.5,106.5,107.0,51358
2016-12-01,107.0,107.0,107.5,106.5,107.0,51358
2016-12-02,107.0,107.0,107.5,106.5,107.0,51358
2016-12-05,107.0,107.0,107.5,106.5,107.0,51358
2016-12-06,107.0,107.0,107.5,106.5,107.0,51358
2016-12-07,107.0,107.0,107.5,106.5,107.0,51358
2016-12-08,107.0,107.0,107.5,106.5,107.0,51358
2016-12-09,107.0,107.0,107.5,106.5,107.0,51358
2016-12-12,107.0,107.0,107.5,106.5,107.0,51358
2016-12-13,107.0,107.0,107.5,106.5,107.0,51358
2016-12-14,107.0,107.0,107.5,106.5,107.0,51358
2016-12-15,107.0,107.0,107.5,106.5,107.0,51358
2016-12-16,107.0,107.0,107.5,106.5,107.0,51358
2016-12-19,107.0,107.0,107.5,106.5,107.0,51358
2016-12-20,107.0,107.0,107.5,106.5,107.0,51358
2016-12-21,107.0,107.0,107.5,106.5,107.0,51358
2016-12-22,107.0,107.0,107.5,106.5,107.0,51358
2016-12-23,107.0,107.0,107.5,106.5,107.0,51358
2016-12-26,107.0,107.0,107.5,106.5,107.0,51358
2016-12-27,107.0,107.0,107.5,106.5,107.0,51358
2016-12-28,107.0,107.0,107.5,106.5,107.0,51358
2016-12-29,107.0,107.0,107.5,106.5,107.0,51358
2016-12-30,107.0,107.0,107.5,106.5,107.0,51358
2017-01-02,107.0,107.0,107.5,106.5,107.0,51358
2017-01-03,107.0,107.0,107.5,106.5,107.0,51358
2017-01-04,107.0,107.0,107.5,106.5,107.0,51358
2017-01-05,107.0,107.0,107.5,106.5,107.0,51358
2017-01-06,107.0,107.0,107.5,106.5,107.0,51358
2017-01-09,107.0,107.0,107.5,106.5,107.0,51358
2017-01-10,107.0,107.0,107.5,106.5,107.0,51358
2017-01-11,107.0,107.0,107.5,106.5,107.0,51358
2017-01-12,107.0,107.0,107.5,106.5,107.0,51358
2017-01-13,107.0,107.0,107.5,106.5,107.0,51358
2017-01-16,107.0,107.0,107.5,106.5,107.0,51358
2017-01-17,107.0,107.0,107.5,106.5,107.0,51358
2017-01-18,107.0,107.0,107.5,106.5,107.0,51358
2017-01-19,107.0,107.0,107.5,106.5,107.0,51358
2017-01-20,107.0,107.0,107.5,106.5,107.0,51358
2017-01-23,107.0,107.0,107.5,106.5,107.0,51358
2017-01-24,107.0,107.0,107.5,106.5,107.0,51358
2017-01-25,107.0,107.0,107.5,106.5,107.0,51358
2017-01-26,107.0,107.0,107.5,106.5,107.0,51358
2017-01-27,107.0,107.0,107.5,106.5,107.0,51358
2017-01-30,107.0,107.0,107.5,106.5,107.0,51358
2017-01-31,107.0,107.0,107.5,106.5,107.0,51358
2017-02-01,107.0,107.0,107.5,106.5,107.0,51358
2017-02-02,107.0,107.0,107.5,106.5,107.0,51358
2017-02-03,107.0,107.0,107.5,106.5,107.0,51358
2017-02-06,107.0,107.0,107.5,106.5,107.0,51358
2017-02-07,107.0,107.0,107.5,106.5,107.0,51358
2017-02-08,107.0,107.0,107.5,106.5,107.0,51358
2017-02-09,107.0,107.0,107.5,106.5,107.0,51358
2017-02-10,107.0,107.0,107.5,106.5,107.0,51358
2017-02-13,107.0,107.0,107.5,106.5,107.0,51358
2017-02-14,107.0,107.0,107.5,106.5,107.0,51358
2017-02-15,107.0,107.0,107.5,106.5,107.0,51358
2017-02-16,107.0,107.0,107.5,106.5,107.0,51358
2017-02-17,107.0,107.0,107.5,106.5,107.0,51358
2017-02-20,107.0,107.0,107.5,106.5,107.0,51358
2017-02-21,107.0,107.0,107.5,106.5,107.0,51358
2017-02-22,107.0,107.0,107.5,106.5,107.0,51358
2017-02-23,107.0,107.0,107.5,106.5,107.0,51358
2017-02-24,107.0,107.0,107.5,106.5,107.0,51358
2017-02-27,107.0,107.0,107.5,106.5,107.0,51358
2017-02-28,107.0,107.0,107.5,106.5,107.0,51358
2017-03-01,107.0,107.0,107.5,106.5,107.0,51358
2017-03-02,107.0,107.0,107.5,106.5,107.0,51358
2017-03-03,107.0,107.0,107.5,106.5,107.0,51358
2017-03-06,107.0,107.0,107.5,106.5,107.0,51358
2017-03-07,107.0,107.0,107.5,106.5,107.0,51358
2017-03-08,107.0,107.0,107.5,106.5,107.0,51358
2017-03-09,107.0,107.0,107.5,106.5,107.0,51358
2017-03-10,107.0,107.0,107.5,106.5,107.0,51358
2017-03-13,107.0,107.0,107.5,106.5,107.0,51358
2017-03-14,107.0,107.0,107.5,106.5,107.0,51358
2017-03-15,107.0,107.0,107.5,106.5,107.0,51358
2017-03-16,107.0,107.0,107.5,106.5,107.0,51358
2017-03-17,107.0,107.0,107.5,106.5,107.0,51358
2017-03-20,107.0,107.0,107.5,106.5,107.0,51358
2017-03-21,107.0,107.0,107.5,106.5,107.0,51358
2017-03-22,107.0,107.0,107.5,106.5,107.0,51358
2017-03-23,107.0,107.0,107.5,106.5,107.0,51358
2017-03-24,107.0,107.0,107.5,106.5,107.0,51358
2017-03-27,107.0,107.0,107.5,106.5,107.0,51358
2017-03-28,107.0,107.0,107.5,106.5,107.0,51358
2017-03-29,107.0,107.0,107.5,106.5,107.0,51358
2017-03-30,107.0,107.0,107.5,106.5,107.0,51358
2017-03-31,107.0,107.0,107.5,106.5,107.0,51358
2017-04-03,107.0,107.0,107.5,106.5,107.0,51358
2017-04-04,107.0,107.0,107.5,106.5,107.0,51358
2017-04-05,107.0,107.0,107.5,106.5,107.0,51358
2017-04-06,107.0,107.0,107.5,106.5,107.0,51358
2017-04-07,107.0,107.0,107.5,106.5,107.0,51358
2017-04-10,107.0,107.0,107.5,106.5,107.0,51358
2017-04-11,107.0,107.0,107.5,106.5,107.0,51358
2017-04-12,107.0,107.0,107.5,106.5,107.0,51358
2017-04-13,107.0,107.0,107.5,106.5,107.0,51358
2017-04-14,107.0,107.0,107.5,106.5,107.0,51358
2017-04-17,107.0,107.0,107.5,106.5,107.0,51358
2017-04-18,107.0,107.0,107.5,106.5,107.0,51358
2017-04-19,107.0,107.0,107.5,106.5,107.0,51358
2017-04-21,107.0,107.0,107.5,106.5,107.0,51358
2017-04-24,107.0,107.0,107.5,106.5,107.0,51358
2017-04-25,107.0,107.0,107.5,106.5,107.0,51358
2017-04-26,107.0,107.0,107.5,106.5,107.0,51358
2017-04-27,107.0,107.0,107.5,106.5,107.0,51358
2017-04-28,107.0,107.0,107.5,106.5,107.0,51358
2017-05-01,107.0,107.0,107.5,106.5,107.0,51358
2017-05-02,107.0,107.0,107.5,106.5,107.0,51358
2017-05-03,107.0,107.0,107.5,106.5,107.0,51358
2017-05-04,107.0,107.0,107.5,106.5,107.0,51358
2017-05-05,107.0,107.0,107.5,106.5,107.0,51358
2017-05-08,107.0,107.0,107.5,106.5,107.0,51358
2017-05-09,107.0,107.0,107.5,106.5,107.0,51358
2017-05-10,107.0,107.0,107.5,106.5,107.0,51358
2017-05-11,107.0,107.0,107.5,106.5,107.0,51358
2017-05-12,107.0,107.0,107.5,106.5,107.0,51358
2017-05-15,107.0,107.0,107.5,106.5,107.0,51358
2017-05-16,107.0,107.0,107.5,106.5,107.0,51358
2017-05-17,107.0,107.0,107.5,106.5,107.0,51358
2017-05-18,107.0,107.0,107.5,106.5,107.0,51358
2017-05-19,107.0,107.0,107.5,106.5,107.0,51358
2017-05-22,107.0,107.0,107.5,106.5,107.0,51358
2017-05-23,107.0,107.0,107.5,106.5,107.0,51358
2017-05-24,107.0,107.0,107.5,106.5,107.0,51358
2017-05-25,107.0,107.0,107.5,106.5,107.0,51358
2017-05-26,107.0,107.0,107.5,106.5,107.0,51358
2017-05-29,107.0,107.0,107.5,106.5,107.0,51358
2017-05-30,107.0,107.0,107.5,106.5,107.0,51358
2017-05-31,107.0,107.0,107.5,106.5,107.0,51358
2017-06-01,107.0,107.0,107.5,106.5,107.0,51358
2017-06-02,107.0,107.0,107.5,106.5,107.0,51358
2017-06-05,107.0,107.0,107.5,106.5,107.0,51358
2017-06-06,107.0,107.0,107.5,106.5,107.0,51358
2017-06-07,107.0,107.0,107.5,106.5,107.0,51358
2017-06-08,107.0,107.0,107.5,106.5,107.0,51358
2017-06-09,107.0,107.0,107.5,106.5,107.0,51358
2017-06-12,107.0,107.0,107.5,106.5,107.0,51358
2017-06-13,107.0,107.0,107.5,106.5,107.0,51358
2017-06-14,107.0,107.0,107.5,106.5,107.0,51358
2017-06-15,107.0,107.0,107.5,106.5,107.0,51358
2017-06-16,107.0,107.0,107.5,106.5,107.0,51358
2017-06-19,107.0,107.0,107.5,106.5,107.0,51358
2017-06-20,107.0,107.0,107.5,106.5,107.0,51358
2017-06-21,107.0,107.0,107.5,106.5,107.0,51358
2017-06-22,107.0,107.0,107.5,106.5,107.0,51358
2017-06-23,107.0,107.0,107.5,106.5,107.0,51358
2017-06-26,107.0,107.0,107.5,106.5,107.0,51358
2017-06-27,107.0,107.0,107.5,106.5,107.0,51358
2017-06-28,107.0,107.0,107.5,106.5,107.0,51358
2017-06-29,107.0,107.0,107.5,106.5,107.0,51358
2017-06-30,107.0,107.0,107.5,106.5,107.0,51358
2017-07-03,107.0,107.0,107.5,106.5,107.0,51358
2017-07-04,107.0,107.0,107.5,106.5,107.0,51358
2017-07-05,107.0,107.0,107.5,106.5,107.0,51358
2017-07-06,107.0,107.0,107.5,106.5,107.0,51358
2017-07-07,107.0,107.0,107.5,106.5,107.0,51358
2017-07-10,107.0,107.0,107.5,106.5,107.0,51358
2017-07-11,107.0,107.0,107.5,106.5,107.0,51358
2017-07-12,107.0,107.0,107.5,106.5,107.0,51358
2017-07-13,107.0,107.0,107.5,106.5,107.0,51358
2017-07-14,107.0,107.0,107.5,106.5,107.0,51358
2017-07-17,107.0,107.0,107.5,106.5,107.0,51358
2017-07-18,107.0,107.0,107.5,106.5,107.0,51358
2017-07-19,107.0,107.0,107.5,106.5,107.0,51358
2017-07-20,107.0,107.0,107.5,106.5,107.0,51358
2017-07-21,107.0,107.0,107.5,106.5,107.0,51358
2017-07-24,107.0,107.0,107.5,106.5,107.0,51358
2017-07-25,107.0,107.0,107.5,106.5,107.0,51358
2017-07-26,107.0,107.0,107.5,106.5,107.0,51358
2017-07-27,107.0,107.0,107.5,106.5,107.0,51358
2017-07-28,107.0,107.0,107.5,106.5,107.0,51358
2017-07-31,107.0,107.0,107.5,106.5,107.0,51358
2017-08-01,107.0,107.0,107.5,106.5,107.0,51358
2017-08-02,107.0,107.0,107.5,106.5,107.0,51358
2017-08-03,107.0,107.0,107.5,106.5,107.0,51358
2017-08-04,107.0,107.0,107.5,106.5,107.0,51358
2017-08-07,107.0,107.0,107.5,106.5,107.0,51358
2017-08-08,107.0,107.0,107.5,106.5,107.0,51358
2017-08-09,107.0,107.0,107.5,106.5,107.0,51358
2017-08-10,107.0,107.0,107.5,106.5,107.0,51358
2017-08-11,107.0,107.0,107.5,106.5,107.0,51358
2017-08-14,107.0,107.0,107.5,106.5,107.0,51358
2017-08-15,107.0,107.0,107.5,106.5,107.0,51358
2017-08-16,107.0,107.0,107.5,106.5,107.0,51358
2017-08-17,107.0,107.0,107.5,106.5,107.0,51358
2017-08-18,107.0,107.0,107.5,106.5,107.0,51358
2017-08-21,107.0,107.0,107.5,106.5,107.0,51358
2017-08-22,107.0,107.0,107.5,106.5,107.0,51358
2017-08-23,107.0,107.0,107.5,106.5,107.0,51358
2017-08-24,107.0,107.0,107.5,106.5,107.0,51358
2017-08-25,107.0,107.0,107.5,106.5,107.0,51358
2017-08-28,107.0,107.0,107.5,106.5,107.0,51358
2017-08-29,107.0,107.0,107.5,106.5,107.0,51358
2017-08-30,107.0,107.0,107.5,106.5,107.0,51358
2017-08-31,107.0,107.0,107.5,106.5,107.0,51358
2017-09-01,107.0,107.0,107.5,106.5,107.0,51358
2017-09-04,107.0,107.0,107.5,106.5,107.0,51358
2017-09-05,107.0,107.0,107.5,106.5,107.0,51358
2017-09-06,107.0,107.0,107.5,106.5,107.0,51358
2017-09-07,107.0,107.0,107.5,106.5,107.0,51358
2017-09-08,107.0,107.0,107.5,106.5,107.0,51358
2017-09-11,107.0,107.0,107.5,106.5,107.0,51358
2017-09-12,107.0,107.0,107.5,106.5,107.0,51358
2017-09-13,107.0,107.0,107.5,106.5,107.0,51358
2017-09-14,107.0,107.0,107.5,106.5,107.0,51358
2017-09-15,107.0,107.0,107.5,106.5,107.0,51358
2017-09-18,107.0,107.0,107.5,106.5,107.0,51358
2017-09-19,107.0,107.0,107.5,106.5,107.0,51358
2017-09-20,107.0,107.0,107.5,106.5,107.0,51358
2017-09-21,107.0,107.0,107.5,106.5,107.0,51358
2017-09-22,107.0,107.0,107.5,106.5,107.0,51358
2017-09-25,107.0,107.0,107.5,106.5,107.0,51358
2017-09-26,107.0,107.0,107.5,106.5,107.0,51358
2017-09-27,107.0,107.0,107.5,106.5,107.0,51358
2017-09-28,107.0,107.0,107.5,106.5,107.0,51358
2017-09-29,107.0,107.0,107.5,106.5,107.0,51358
2017-10-02,107.0,107.0,107.5,106.5,107.0,51358
2017-10-03,107.0,107.0,107.5,106.5,107.0,51358
2017-10-04,107.0,107.0,107.5,106.5,107.0,51358
2017-10-05,107.0,107.0,107.5,106.5,107.0,51358
2017-10-06,107.0,107.0,107.5,106.5,107.0,51358
2017-10-09,107.0,107.0,107.5,106.5,107.0,51358
2017-10-10,107.0,107.0,107.5,106.5,107.0,51358
2017-10-11,107.0,107.0,107.5,106.5,107.0,51358
2017-10-12,107.0,107.0,107.5,106.5,107.0,51358
2017-10-13,107.0,107.0,107.5,106.5,107.0,51358
2017-10-16,107.0,107.0,107.5,106.5,107.0,51358
2017-10-17,107.0,107.0,107.5,106.5,107.0,51358
2017-10-18,107.0,107.0,107.5,106.5,107.0,51358
2017-10-19,107.0,107.0,107.5,106.5,107.0,51358
2017-10-20,107.0,107.0,107.5,106.5,107.0,51358
2017-10-23,107.0,107.0,107.5,106.5,107.0,51358
2017-10-24,107.0,107.0,107.5,106.5,107.0,51358
2017-10-25,107.0,107.0,107.5,106.5,107.0,51358
2017-10-26,107.0,107.0,107.5,106.5,107.0,51358
2017-10-27,107.0,107.0,107.5,106.5,107.0,51358
2017-10-30,107.0,107.0,107.5,106.5,107.0,51358
2017-10-31,107.0,107.0,107.5,106.5,107.0,51358
2017-11-01,107.0,107.0,107.5,106.5,107.0,51358
2017-11-02,107.0,107.0,107.5,106.5,107.0,51358
2017-11-03,107.0,107.0,107.5,106.5,107.0,51358
2017-11-06,107.0,107.0,107.5,106.5,107.0,51358
2017-11-07,107.0,107.0,107.5,106.5,107.0,51358
2017-11-08,107.0,107.0,107.5,106.5,107.0,51358
2017-11-09,107.0,107.0,107.5,106.5,107.0,51358
2017-11-10,107.0,107.0,107.5,106.5,107.0,51358
2017-11-13,107.0,107.0,107.5,106.5,107.0,51358
2017-11-14,107.0,107.0,107.5,106.5,107.0,51358
2017-11-15,107.0,107.0,107.5,106.5,107.0,51358
2017-11-16,107.0,107.0,107.5,106.5,107.0,51358
2017-11-17,107.0,107.0,107.5,106.5,107.0,51358
2017-11-20,107.0,107.0,107.5,106.5,107.0,51358
2017-11-21,107.0,107.0,107.5,106.5,107.0,51358
2017-11-22,107.0,107.0,107.5,106.5,107.0,51358
2017-11-23,107.0,107.0,107.5,106.5,107.0,51358
2017-11-24,107.0,107.0,107.5,106.5,107.0,51358
2017-11-27,107.0,107.0,107.5,106.5,107.0,51358
2017-11-28,107.0,107.0,107.5,106.5,107.0,51358
2017-11-29,107.0,107.0,107.5,106.5,107.0,51358
2017-11-30,107.0,107.0,107.5,106.5,107.0,51358
2017-12-01,107.0,107.0,107.5,106.5,107.0,51358
2017-12-04,107.0,107.0,107.5,106.5,107.0,51358
2017-12-05,107.0,107.0,107.5,106.5,107.0,51358
2017-12-06,107.0,107.0,107.5,106.5,107.0,51358
2017-12-07,107.0,107.0,107.5,106.5,107.0,51358
2017-12-08,107.0,107.0,107.5,106.5,107.0,51358
2017-12-11,107.0,107.0,107.5,106.5,107.0,51358
2017-12-12,107.0,107.0,107.5,106.5,107.0,51358
2017-12-13,107.0,107.0,107.5,106.5,107.0,51358
2017-12-14,107.0,107.0,107.5,106.5,107.0,51358
2017-12-15,107.0,107.0,107.5,106.5,107.0,51358
2017-12-18,107.0,107.0,107.5,106.5,107.0,51358
2017-12-19,107.0,107.0,107.5,106.5,107.0,51358
2017-12-20,107.0,107.0,107.5,106.5,107.0,51358
2017-12-21,107.0,107.0,107.5,106.5,107.0,51358
2017-12-22,107.0,107.0,107.5,106.5,107.0,51358
2017-12-25,107.0,107.0,107.5,106.5,107.0,51358
2017-12-26,107.0,107.0,107.5,106.5,107.0,51358
2017-12-27,107.0,107.0,107.5,106.5,107.0,51358
2017-12-28,107.0,107.0,107.5,106.5,107.0,51358
2017-12-29,107.0,107.0,107.5,106.5,107.0,51358
2018-01-01,107.0,107.0,107.5,106.5,107.0,51358
2018-01-02,107.0,107.0,107.5,106.5,107.0,51358
2018-01-03,107.0,107.0,107.5,106.5,107.0,51358
2018-01-04,107.0,107.0,107.5,106.5,107.0,51358
2018-01-05,107.0,107.0,107.5,106.5,107.0,51358
2018-01-08,107.0,107.0,107.5,106.5,107.0,51358
2018-01-09,107.0,107.0,107.5,106.5,107.0,51358
2018-01-10,107.0,107.0,107.5,106.5,107.0,51358
2018-01-11,107.0,107.0,107.5,106.5,107.0,51358
2018-01-12,107.0,107.0,107.5,106.5,107.0,51358
2018-01-15,107.0,107.0,107.5,106.5,107.0,51358
2018-01-16,107.0,107.0,107.5,106.5,107.0,51358
2018-01-17,107.0,107.0,107.5,106.5,107.0,51358
2018-01-18,107.0,107.0,107.5,106.5,107.0,51358
2018-01-19,107.0,107.0,107.5,106.5,107.0,51358
2018-01-22,107.0,107.0,107.5,106.5,107.0,51358
2018-01-23,107.0,107.0,107.5,106.5,107.0,51358
2018-01-24,107.0,107.0,107.5,106.5,107.0,51358
2018-01-25,107.0,107.0,107.5,106.5,107.0,51358
2018-01-26,107.0,107.0,107.5,106.5,107.0,51358
2018-01-29,107.0,107.0,107.5,106.5,107.0,51358
2018-01-30,107.0,107.0,107.5,106.5,107.0,51358
2018-01-31,107.0,107.0,107.5,106.5,107.0,51358
2018-02-01,107.0,107.0,107.5,106.5,107.0,51358
2018-02-02,107.0,107.0,107.5,106.5,107.0,51358
2018-02-05,107.0,107.0,107.5,106.5,107.0,51358
2018-02-06,107.0,107.0,107.5,106.5,107.0,51358
2018-02-07,107.0,107.0,107.5,106.5,107.0,51358
2018-02-08,107.0,107.0,107.5,106.5,107.0,51358
2018-02-09,107.0,107.0,107.5,106.5,107.0,51358
2018-02-12,107.0,107.0,107.5,106.5,107.0,51358
2018-02-13,107.0,107.0,107.5,106.5,107.0,51358
2018-02-14,107.0,107.0,107.5,106.5,107.0,51358
2018-02-15,107.0,107.0,107.5,106.5,107.0,51358
2018-02-16,107.0,107.0,107.5,106.5,107.0,51358
2018-02-19,107.0,107.0,107.5,106.5,107.0,51358
2018-02-20,107.0,107.0,107.5,106.5,107.0,51358
2018-02-21,107.0,107.0,107.5,106.5,107.0,51358
2018-02-22,107.0,107.0,107.5,106.5,107.0,51358
2018-02-23,107.0,107.0,107.5,106.5,107.0,51358
2018-02-26,107.0,107.0,107.5,106.5,107.0,51358
2018-02-27,107.0,107.0,107.5,106.5,107.0,51358
2018-02-28,107.0,107.0,107.5,106.5,107.0,51358
2018-03-01,107.0,107.0,107.5,106.5,107.0,51358
2018-03-02,107.0,107.0,107.5,106.5,107.0,51358
2018-03-05,107.0,107.0,107.5,106.5,107.0,51358
2018-03-06,107.0,107.0,107.5,106.5,107.0,51358
2018-03-07,107.0,107.0,107.5,106.5,107.0,51358
2018-03-08,107.0,107.0,107.5,106.5,107.0,51358
2018-03-09,107.0,107.0,107.5,106.5,107.0,51358
2018-03-12,107.0,107.0,107.5,106.5,107.0,51358
2018-03-13,107.0,107.0,107.5,106.5,107.0,51358
2018-03-14,107.0,107.0,107.5,106.5,107.0,51358
2018-03-15,107.0,107.0,107.5,106.5,107.0,51358
2018-03-16,107.0,107.0,107.5,106.5,107.0,51358
2018-03-19,107.0,107.0,107.5,106.5,107.0,51358
2018-03-20,107.0,107.0,107.5,106.5,107.0,51358
2018-03-21,107.0,107.0,107.5,106.5,107.0,51358
2018-03-22,107.0,107.0,107.5,106.5,107.0,51358
2018-03-23,107.0,107.0,107.5,106.5,107.0,51358
2018-03-26,107.0,107.0,107.5,106.5,107.0,51358
2018-03-27,107.0,107.0,107.5,106.5,107.0,51358
2018-03-28,107.0,107.0,107.5,106.5,107.0,51358
2018-03-29,107.0,107.0,107.5,106.5,107.0,51358
2018-03-30,107.0,107.0,107.5,106.5,107.0,51358
2018-04-02,107.0,107.0,107.5,106.5,107.0,51358
2018-04-03,107.0,107.0,107.5,106.5,107.0,51358
2018-04-04,107.0,107.0,107.5,106.5,107.0,51358
2018-04-05,107.0,107.0,107.5,106.5,107.0,51358
2018-04-06,107.0,107.0,107.5,106.5,107.0,51358
2018-04-09,107.0,107.0,107.5,106.5,107.0,51358
2018-04-10,107.0,107.0,107.5,106.5,107.0,51358
2018-04-11,107.0,107.0,107.5,106.5,107.0,51358
2018-04-12,107.0,107.0,107.5,106.5,107.0,51358
2018-04-13,107.0,107.0,107.5,106.5,107.0,51358
2018-04-16,107.0,107.0,107.5,106.5,107.0,51358
2018-04-17,107.0,107.0,107.5,106.5,107.0,51358
2018-04-18,107.0,107.0,107.5,106.5,107.0,51358
2018-04-19,107.0,107.0,107.5,106.5,107.0,51358
2018-04-20,107.0,107.0,107.5,106.5,107.0,51358
2018-04-23,107.0,107.0,107.5,106.5,107.0,51358
2018-04-24,107.0,107.0,107.5,106.5,107.0,51358
2018-04-25,107.0,107.0,107.5,106.5,107.0,51358
2018-04-26,107.0,107.0,107.5,106.5,107.0,51358
2018-04-27,107.0,107.0,107.5,106.5,107.0,51358
2018-04-30,107.0,107.0,107.5,106.5,107.0,51358
2018-05-01,107.0,107.0,107.5,106.5,107.0,51358
2018-05-02,107.0,107.0,107.5,106.5,107.0,51358
2018-05-03,107.0,107.0,107.5,106.5,107.0,51358
2018-05-04,107.0,107.0,107.5,106.5,107.0,51358
2018-05-07,107.0,107.0,107.5,106.5,107.0,51358
2018-05-08,107.0,107.0,107.5,106.5,107.0,51358
2018-05-09,107.0,107.0,107.5,106.5,107.0,51358
2018-05-10,107.0,107.0,107.5,106.5,107.0,51358
2018-05-11,107.0,107.0,107.5,106.5,107.0,51358
2018-05-14,107.0,107.0,107.5,106.5,107.0,51358
2018-05-15,107.0,107.0,107.5,106.5,107.0,51358
2018-05-16,107.0,107.0,107.5,106.5,107.0,51358
2018-05-17,107.0,107.0,107.5,106.5,107.0,51358
2018-05-18,107.0,107.0,107.5,106.5,107.0,51358
2018-05-21,107.0,107.0,107.5,106.5,107.0,51358
2018-05-22,107.0,107.0,107.5,106.5,107.0,51358
2018-05-23,107.0,107.0,107.5,106.5,107.0,51358
2018-05-24,107.0,107.0,107.5,106.5,107.0,51358
2018-05-25,107.0,107.0,107.5,106.5,107.0,51358
2018-05-28,107.0,107.0,107.5,106.5,107.0,51358
2018-05-29,107.0,107.0,107.5,106.5,107.0,51358
2018-05-30,107.0,107.0,107.5,106.5,107.0,51358
2018-05-31,107.0,107.0,107.5,106.5,107.0,51358
2018-06-01,107.0,107.0,107.5,106.5,107.0,51358
2018-06-04,107.0,107.0,107.5,106.5,107.0,51358
2018-06-05,107.0,107.0,107.5,106.5,107.0,51358
2018-06-06,107.0,107.0,107.5,106.5,107.0,51358
2018-06-07,107.0,107.0,107.5,106.5,107.0,51358
2018-06-08,107.0,107.0,107.5,106.5,107.0,51358
2018-06-11,107.0,107.0,107.5,106.5,107.0,51358
2018-06-12,107.0,107.0,107.5,106.5,107.0,51358
2018-06-13,107.0,107.0,107.5,106.5,107.0,51358
2018-06-14,107.0,107.0,107.5,106.5,107.0,51358
2018-06-15,107.0,107.0,107.5,106.5,107.0,51358
2018-06-18,107.0,107.0,107.5,106.5,107.0,51358
2018-06-19,107.0,107.0,107.5,106.5,107.0,51358
2018-06-20,107.0,107.0,107.5,106.5,107.0,51358
2018-06-21,107.0,107.0,107.5,106.5,107.0,51358
2018-06-22,107.0,107.0,107.5,106.5,107.0,51358
2018-06-25,107.0,107.0,107.5,106.5,107.0,51358
2018-06-26,107.0,107.0,107.5,106.5,107.0,51358
2018-06-27,107.0,107.0,107.5,106.5,107.0,51358
2018-06-28,107.0,107.0,107.5,106.5,107.0,51358
2018-06-29,107.0,107.0,107.5,106.5,107.0,51358
2018-07-02,107.0,107.0,107.5,106.5,107.0,51358
2018-07-03,107.0,107.0,107.5,106.5,107.0,51358
2018-07-04,107.0,107.0,107.5,106.5,107.0,51358
2018-07-05,107.0,107.0,107.5,106.5,107.0,51358
2018-07-06,107.0,107.0,107.5,106.5,107.0,51358
2018-07-09,107.0,107.0,107.5,106.5,107.0,51358
2018-07-10,107.0,107.0,107.5,106.5,107.0,51358
2018-07-11,107.0,107.0,107.5,106.5,107.0,51358
2018-07-12,107.0,107.0,107.5,106.5,107.0,51358
2018-07-13,107.0,107.0,107.5,106.5,107.0,51358
2018-07-16,107.0,107.0,107.5,106.5,107.0,51358
2018-07-17,107.0,107.0,107.5,106.5,107.0,51358
2018-07-18,107.0,107.0,107.5,106.5,107.0,51358
2018-07-19,107.0,107.0,107.5,106.5,107.0,51358
2018-07-20,107.0,107.0,107.5,106.5,107.0,51358
2018-07-23,107.0,107.0,107.5,106.5,107.0,51358
2018-07-24,107.0,107.0,107.5,106.5,107.0,51358
2018-07-25,107.0,107.0,107.5,106.5,107.0,51358
2018-07-26,107.0,107.0,107.5,106.5,107.0,51358
2018-07-27,107.0,107.0,107.5,106.5,107.0,51358
2018-07-30,107.0,107.0,107.5,106.5,107.0,51358
2018-07-31,107.0,107.0,107.5,106.5,107.0,51358
2018-08-01,107.0,107.0,107.5,106.5,107.0,51358
2018-08-02,107.0,107.0,107.5,106.5,107.0,51358
2018-08-03,107.0,107.0,107.5,106.5,107.0,51358
2018-08-06,107.0,107.0,107.5,106.5,107.0,51358
2018-08-07,107.0,107.0,107.5,106.5,107.0,51358
2018-08-08,107.0,107.0,107.5,106.5,107.0,51358
2018-08-09,107.0,107.0,107.5,106.5,107.0,51358
2018-08-10,107.0,107.0,107.5,106.5,107.0,51358
2018-08-13,107.0,107.0,107.5,106.5,107.0,51358
2018-08-14,107.0,107.0,107.5,106.5,107.0,51358
2018-08-15,107.0,107.0,107.5,106.5,107.0,51358
2018-08-16,107.0,107.0,107.5,106.5,107.0,51358
2018-08-17,107.0,107.0,107.5,106.5,107.0,51358
2018-08-20,107.0,107.0,107.5,106.5,107.0,51358
2018-08-21,107.0,107.0,107.5,106.5,107.0,51358
2018-08-22,107.0,107.0,107.5,106.5,107.0,51358
2018-08-23,107.0,107.0,107.5,106.5,107.0,51358
2018-08-24,107.0,107.0,107.5,106.5,107.0,51358
2018-08-27,107.0,107.0,107.5,106.5,107.0,51358
2018-08-28,107.0,107.0,107.5,106.5,107.0,51358
2018-08-29,107.0,107.0,107.5,106.5,107.0,51358
2018-08-30,107.0,107.0,107.5,106.5,107.0,51358
2018-08-31,107.0,107.0,107.5,106.5,107.0,51358
2018-09-03,107.0,107.0,107.5,106.5,107.0,51358
2018-09-04,107.0,107.0,107.5,106.5,107.0,51358
2018-09-05,107.0,107.0,107.5,106.5,107.0,51358
2018-09-06,107.0,107.0,107.5,106.5,107.0,51358
2018-09-07,107.0,107.0,107.5,106.5,107.0,51358
2018-09-10,107.0,107.0,107.5,106.5,107.0,51358
2018-09-11,107.0,107.0,107.5,106.5,107.0,51358
2018-09-12,107.0,107.0,107.5,106.5,107.0,51358
2018-09-13,107.0,107.0,107.5,106.5,107.0,51358
2018-09-14,107.0,107.0,107.5,106.5,107.0,51358
2018-09-17,107.0,107.0,107.5,106.5,107.0,51358
2018-09-18,107.0,107.0,107.5,106.5,107.0,51358
2018-09-19,107.0,107.0,107.5,106.5,107.0,51358
2018-09-20,107.0,107.0,107.5,106.5,107.0,51358
2018-09-21,107.0,107.0,107.5,106.5,107.0,51358
2018-09-24,107.0,107.0,107.5,106.5,107.0,51358
2018-09-25,107.0,107.0,107.5,106.5,107.0,51358
2018-09-26,107.0,107.0,107.5,106.5,107.0,51358
2018-09-27,107.0,107.0,107.5,106.5,107.0,51358
2018-09-28,107.0,107.0,107.5,106.5,107.0,51358
2018-10-01,107.0,107.0,107.5,106.5,107.0,51358
2018-10-02,107.0,107.0,107.5,106.5,107.0,51358
2018-10-03,107.0,107.0,107.5,106.5,107.0,51358
2018-10-04,107.0,107.0,107.5,106.5,107.0,51358
2018-10-05,107.0,107.0,107.5,106.5,107.0,51358
2018-10-08,107.0,107.0,107.5,106.5,107.0,51358
2018-10-09,107.0,107.0,107.5,106.5,107.0,51358
2018-10-10,107.0,107.0,107.5,106.5,107.0,51358
2018-10-11,107.0,107.0,107.5,106.5,107.0,51358
2018-10-12,107.0,107.0,107.5,106.5,107.0,51358
2018-10-15,107.0,107.0,107.5,106.5,107.0,51358
2018-10-16,107.0,107.0,107.5,106.5,107.0,51358
2018-10-17,107.0,107.0,107.5,106.5,107.0,51358
2018-10-18,107.0,107.0,107.5,106.5,107.0,51358
2018-10-19,107.0,107.0,107.5,106.5,107.0,51358
2018-10-22,107.0,107.0,107.5,106.5,107.0,51358
2018-10-23,107.0,107.0,107.5,106.5,107.0,51358
2018-10-24,107.0,107.0,107.5,106.5,107.0,51358
2018-10-25,107.0,107.0,107.5,106.5,107.0,51358
2018-10-26,107.0,107.0,107.5,106.5,107.0,51358
2018-10-29,107.0,107.0,107.5,106.5,107.0,51358
2018-10-30,107.0,107.0,107.5,106.5,107.0,51358
2018-10-31,107.0,107.0,107.5,106.5,107.0,51358
2018-11-01,107.0,107.0,107.5,106.5,107.0,51358
2018-11-02,107.0,107.0,107.5,106.5,107.0,51358
2018-11-05,107.0,107.0,107.5,106.5,107.0,51358
2018-11-06,107.0,107.0,107.5,106.5,107.0,51358
2018-11-07,107.0,107.0,107.5,106.5,107.0,51358
2018-11-08,107.0,107.0,107.5,106.5,107.0,51358
2018-11-09,107.0,107.0,107.5,106.5,107.0,51358
2018-11-12,107.0,107.0,107.5,106.5,107.0,51358
2018-11-13,107.0,107.0,107.5,106.5,107.0,51358
2018-11-14,107.0,107.0,107.5,106.5,107.0,51358
2018-11-15,107.0,107.0,107.5,106.5,107.0,51358
2018-11-16,107.0,107.0,107.5,106.5,107.0,51358
2018-11-19,107.0,107.0,107.5,106.5,107.0,51358
2018-11-20,107.0,107.0,107.5,106.5,107.0,51358
2018-11-21,107.0,107.0,107.5,106.5,107.0,51358
2018-11-22,107.0,107.0,107.5,106.5,107.0,51358
2018-11-23,107.0,107.0,107.5,106.5,107.0,51358
2018-11-26,107.0,107.0,107.5,106.5,107.0,51358
2018-11-27,107.0,107.0,107.5,106.5,107.0,51358
2018-11-28,107.0,107.0,107.5,106.5,107.0,51358
2018-11-29,107.0,107.0,107.5,106.5,107.0,51358
2018-11-30,107.0,107.0,107.5,106.5,107.0,51358
2018-12-03,107.0,107.0,107.5,106.5,107.0,51358
2018-12-04,107.0,107.0,107.5,106.5,107.0,51358
2018-12-05,107.0,107.0,107.5,106.5,107.0,51358
2018-12-06,107.0,107.0,107.5,106.5,107.0,51358
2018-12-07,107.0,107.0,107.5,106.5,107.0,51358
2018-12-10,107.0,107.0,107.5,106.5,107.0,51358
2018-12-11,107.0,107.0,107.5,106.5,107.0,51358
2018-12-12,107.0,107.0,107.5,106.5,107.0,51358
2018-12-13,107.0,107.0,107.5,106.5,107.0,51358
2018-12-14,107.0,107.0,107.5,106.5,107.0,51358
2018-12-17,107.0,107.0,107.5,106.5,107.0,51358
2018-12-18,107.0,107.0,107.5,106.5,107.0,51358
2018-12-19,107.0,107.0,107.5,106.5,107.0,51358
2018-12-20,107.0,107.0,107.5,106.5,107.0,51358
2018-12-21,107.0,107.0,107.5,106.5,107.0,51358
2018-12-24,107.0,107.0,107.5,106.5,107.0,51358
2018-12-25,107.0,107.0,107.5,106.5,107.0,51358
2018-12-26,107.0,107.0,107.5,106.5,107.0,51358
2018-12-27,107.0,107.0,107.5,106.5,107.0,51358
2018-12-28,107.0,107.0,107.5,106.5,107.0,51358
2018-12-31,107.0,107.0,107.5,106.5,107.0,51358
2019-01-01,107.0,107.0,107.5,106.5,107.0,51358
2019-01-02,107.0,107.0,107.5,106.5,107.0,51358
2019-01-03,107.0,107.0,107.5,106.5,107.0,51358
2019-01-04,107.0,107.0,107.5,106.5,107.0,51358
2019-01-07,107.0,107.0,107.5,106.5,107.0,51358
2019-01-08,107.0,107.0,107.5,106.5,107.0,51358
2019-01-09,107.0,107.0,107.5,106.5,107.0,51358
2019-01-10,107.0,107.0,107.5,106.5,107.0,51358
2019-01-11,107.0,107.0,107.5,106.5,107.0,51358
2019-01-14,107.0,107.0,107.5,106.5,107.0,51358
2019-01-15,107.0,107.0,107.5,106.5,107.0,51358
2019-01-16,107.0,107.0,107.5,106.5,107.0,51358
2019-01-17,107.0,107.0,107.5,106.5,107.0,51358
2019-01-18,107.0,107.0,107.5,106.5,107.0,51358
2019-01-21,107.0,107.0,107.5,106.5,107.0,51358
2019-01-22,107.0,107.0,107.5,106.5,107.0,51358
2019-01-23,107.0,107.0,107.5,106.5,107.0,51358
2019-01-24,107.0,107.0,107.5,106.5,107.0,51358
2019-01-25,107.0,107.0,107.5,106.5,107.0,51358
2019-01-28,107.0,107.0,107.5,106.5,107.0,51358
2019-01-29,107.0,107.0,107.5,106.5,107.0,51358
2019-01-30,107.0,107.0,107.5,106.5,107.0,51358
2019-01-31,107.0,107.0,107.5,106.5,107.0,51358
2019-02-01,107.0,107.0,107.5,106.5,107.0,51358
2019-02-04,107.0,107.0,107.5,106.5,107.0,51358
2019-02-05,107.0,107.0,107.5,106.5,107.0,51358
2019-02-06,107.0,107.0,107.5,106.5,107.0,51358
2019-02-07,107.0,107.0,107.5,106.5,107.0,51358
2019-02-08,107.0,107.0,107.5,106.5,107.0,51358
2019-02-11,107.0,107.0,107.5,106.5,107.0,51358
2019-02-12,107.0,107.0,107.5,106.5,107.0,51358
2019-02-13,107.0,107.0,107.5,106.5,107.0,51358
2019-02-14,107.0,107.0,107.5,106.5,107.0,51358
2019-02-15,107.0,107.0,107.5,106.5,107.0,51358
2019-02-18,107.0,107.0,107.5,106.5,107.0,51358
2019-02-19,107.0,107.0,107.5,106.5,107.0,51358
2019-02-20,107.0,107.0,107.5,106.5,107.0,51358
2019-02-21,107.0,107.0,107.5,106.5,107.0,51358
2019-02-22,107.0,107.0,107.5,106.5,107.0,51358
2019-02-25,107.0,107.0,107.5,106.5,107.0,51358
2019-02-26,107.0,107.0,107.5,106.5,107.0,51358
2019-02-27,107.0,107.0,107.5,106.5,107.0,51358
2019-02-28,107.0,107.0,107.5,106.5,107.0,51358
2019-03-01,107.0,107.0,107.5,106.5,107.0,51358
2019-03-04,107.0,107.0,107.5,106.5,107.0,51358
2019-03-05,107.0,107.0,107.5,106.5,107.0,51358
2019-03-06,107.0,107.0,107.5,106.5,107.0,51358
2019-03-07,107.0,107.0,107.5,106.5,107.0,51358
2019-03-08,107.0,107.0,107.5,106.5,107.0,51358
2019-03-11,107.0,107.0,107.5,106.5,107.0,51358
2019-03-12,107.0,107.0,107.5,106.5,107.0,51358
2019-03-13,107.0,107.0,107.5,106.5,107.0,51358
2019-03-14,107.0,107.0,107.5,106.5,107.0,51358
2019-03-15,107.0,107.0,107.5,106.5,107.0,51358
2019-03-18,107.0,107.0,107.5,106.5,107.0,51358
2019-03-19,107.0,107.0,107.5,106.5,107.0,51358
2019-03-20,107.0,107.0,107.5,106.5,107.0,51358
2019-03-21,107.0,107.0,107.5,106.5,107.0,51358
2019-03-22,107.0,107.0,107.5,106.5,107.0,51358
2019-03-25,107.0,107.0,107.5,106.5,107.0,51358
2019-03-26,107.0,107.0,107.5,106.5,107.0,51358
2019-03-27,107.0,107.0,107.5,106.5,107.0,51358
2019-03-28,107.0,107.0,107.5,106.5,107.0,51358
2019-03-29,107.0,107.0,107.5,106.5,107.0,51358
2019-04-01,107.0,107.0,107.5,106.5,107.0,51358
2019-04-02,107.0,107.0,107.5,106.5,107.0,51358
2019-04-03,107.0,107.0,107.5,106.5,107.0,51358
2019-04-04,107.0,107.0,107.5,106.5,107.0,51358
2019-04-05,107.0,107.0,107.5,106.5,107.0,51358
2019-04-08,107.0,107.0,107.5,106.5,107.0,51358
2019-04-09,107.0,107.0,107.5,106.5,107.0,51358
2019-04-10,107.0,107.0,107.5,106.5,107.0,51358
2019-04-11,107.0,107.0,107.5,106.5,107.0,51358
2019-04-12,107.0,107.0,107.5,106.5,107.0,51358
2019-04-15,107.0,107.0,107.5,106.5,107.0,51358
2019-04-16,107.0,107.0,107.5,106.5,107.0,51358
2019-04-17,107.0,107.0,107.5,106.5,107.0,51358
2019-04-18,107.0,107.0,107.5,106.5,107.0,51358
2019-04-19,107.0,107.0,107.5,106.5,107.0,51358
2019-04-22,107.0,107.0,107.5,106.5,107.0,51358
2019-04-23,107.0,107.0,107.5,106.5,107.0,51358
2019-04-24,107.0,107.0,107.5,106.5,107.0,51358
2019-04-25,107.0,107.0,107.5,106.5,107.0,51358
2019-04-26,107.0,107.0,107.5,106.5,107.0,51358
2019-04-29,107.0,107.0,107.5,106.5,107.0,51358
2019-04-30,107.0,107.0,107.5,106.5,107.0,51358
2019-05-01,107.0,107.0,107.5,106.5,107.0,51358
2019-05-02,107.0,107.0,107.5,106.5,107.0,51358
2019-05-03,107.0,107.0,107.5,106.5,107.0,51358
2019-05-06,107.0,107.0,107.5,106.5,107.0,51358
2019-05-07,107.0,107.0,107.5,106.5,107.0,51358
2019-05-08,107.0,107.0,107.5,106.5,107.0,51358
2019-05-09,107.0,107.0,107.5,106.5,107.0,51358
2019-05-10,107.0,107.0,107.5,106.5,107.0,51358
2019-05-13,107.0,107.0,107.5,106.5,107.0,51358
2019-05-14,107.0,107.0,107.5,106.5,107.0,51358
2019-05-15,107.0,107.0,107.5,106.5,107.0,51358
2019-05-16,107.0,107.0,107.5,106.5,107.0,51358
2019-05-17,107.0,107.0,107.5,106.5,107.0,51358
2019-05-20,107.0,107.0,107.5,106.5,107.0,51358
2019-05-21,107.0,107.0,107.5,106.5,107.0,51358
2019-05-22,107.0,107.0,107.5,106.5,107.0,51358
2019-05-23,107.0,107.0,107.5,106.5,107.0,51358
2019-05-24,107.0,107.0,107.5,106.5,107.0,51358
2019-05-27,107.0,107.0,107.5,106.5,107.0,51358
2019-05-28,107.0,107.0,107.5,106.5,107.0,51358
2019-05-29,107.0,107.0,107.5,106.5,107.0,51358
2019-05-30,107.0,107.0,107.5,106.5,107.0,51358
2019-05-31,107.0,107.0,107.5,106.5,107.0,51358
2019-06-03,107.0,107.0,107.5,106.5,107.0,51358
2019-06-04,107.0,107.0,107.5,106.5,107.0,51358
2019-06-05,107.0,107.0,107.5,106.5,107.0,51358
2019-06-06,107.0,107.0,107.5,106.5,107.0,51358
2019-06-07,107.0,107.0,107.5,106.5,107.0,51358
2019-06-10,107.0,107.0,107.5,106.5,107.0,51358
2019-06-11,107.0,107.0,107.5,106.5,107.0,51358
2019-06-12,107.0,107.0,107.5,106.5,107.0,51358
2019-06-13,107.0,107.0,107.5,106.5,107.0,51358
2019-06-14,107.0,107.0,107.5,106.5,107.0,51358
2019-06-17,107.0,107.0,107.5,106.5,107.0,51358
2019-06-18,107.0,107.0,107.5,106.5,107.0,51358
2019-06-19,107.0,107.0,107.5,106.5,107.0,51358
2019-06-20,107.0,107.0,107.5,106.5,107.0,51358
2019-06-21,107.0,107.0,107.5,106.5,107.0,51358
2019-06-24,107.0,107.0,107.5,106.5,107.0,51358
2019-06-25,107.0,107.0,107.5,106.5,107.0,51358
2019-06-26,107.0,107.0,107.5,106.5,107.0,51358
2019-06-27,107.0,107.0,107.5,106.5,107.0,51358
2019-06-28,107.0,107.0,107.5,106.5,107.0,51358
2019-07-01,107.0,107.0,107.5,106.5,107.0,51358
2019-07-02,107.0,107.0,107.5,106.5,107.0,51358
2019-07-03,107.0,107.0,107.5,106.5,107.0,51358
2019-07-04,107.0,107.0,107.5,106.5,107.0,51358
2019-07-05,107.0,107.0,107.5,106.5,107.0,51358
2019-07-08,107.0,107.0,107.5,106.5,107.0,51358
2019-07-09,107.0,107.0,107.5,106.5,107.0,51358
2019-07-10,107.0,107.0,107.5,106.5,107.0,51358
2019-07-11,107.0,107.0,107.5,106.5,107.0,51358
2019-07-12,107.0,107.0,107.5,106.5,107.0,51358
2019-07-15,107.0,107.0,107.5,106.5,107.0,51358
2019-07-16,107.0,107.0,107.5,106.5,107.0,51358
2019-07-17,107.0,107.0,107.5,106.5,107.0,51358
2019-07-18,107.0,107.0,107.5,106.5,107.0,51358
2019-07-19,107.0,107.0,107.5,106.5,107.0,51358
2019-07-22,107.0,107.0,107.5,106.5,107.0,51358
2019-07-23,107.0,107.0,107.5,106.5,107.0,51358
2019-07-24,107.0,107.0,107.5,106.5,107.0,51358
2019-07-25,107.0,107.0,107.5,106.5,107.0,51358
2019-07-26,107.0,107.0,107.5,106.5,107.0,51358
2019-07-29,107.0,107.0,107.5,106.5,107.0,51358
2019-07-30,107.0,107.0,107.5,106.5,107.0,51358
2019-07-31,107.0,107.0,107.5,106.5,107.0,51358
2019-08-01,107.0,107.0,107.5,106.5,107.0,51358
2019-08-02,107.0,107.0,107.5,106.5,107.0,51358
2019-08-05,107.0,107.0,107.5,106.5,107.0,51358
2019-08-06,107.0,107.0,107.5,106.5,107.0,51358
2019-08-07,107.0,107.0,107.5,106.5,107.0,51358
2019-08-08,107.0,107.0,107.5,106.5,107.0,51358
2019-08-09,107.0,107.0,107.5,106.5,107.0,51358
2019-08-12,107.0,107.0,107.5,106.5,107.0,51358
2019-08-13,107.0,107.0,107.5,106.5,107.0,51358
2019-08-14,107.0,107.0,107.5,106.5,107.0,51358
2019-08-15,107.0,107.0,107.5,106.5,107.0,51358
2019-08-16,107.0,107.0,107.5,106.5,107.0,51358
2019-08-19,107.0,107.0,107.5,106.5,107.0,51358
2019-08-20,107.0,107.0,107.5,106.5,107.0,51358
2019-08-21,107.0,107.0,107.5,106.5,107.0,51358
2019-08-22,107.0,107.0,107.5,106.5,107.0,51358
2019-08-23,107.0,107.0,107.5,106.5,107.0,51358
2019-08-26,107.0,107.0,107.5,106.5,107.0,51358
2019-08-27,107.0,107.0,107.5,106.5,107.0,51358
2019-08-28,107.0,107.0,107.5,106.5,107.0,51358
2019-08-29,107.0,107.0,107.5,106.5,107.0,51358
2019-08-30,107.0,107.0,107.5,106.5,107.0,51358
2019-09-02,107.0,107.0,107.5,106.5,107.0,51358
2019-09-03,107.0,107.0,107.5,106.5,107.0,51358
2019-09-04,107.0,107.0,107.5,106.5,107.0,51358
2019-09-05,107.0,107.0,107.5,106.5,107.0,51358
2019-09-06,107.0,107.0,107.5,106.5,107.0,51358
2019-09-09,107.0,107.0,107.5,106.5,107.0,51358
2019-09-10,107.0,107.0,107.5,106.5,107.0,51358
2019-09-11,107.0,107.0,107.5,106.5,107.0,51358
2019-09-12,107.0,107.0,107.5,106.5,107.0,51358
2019-09-13,107.0,107.0,107.5,106.5,107.0,51358
2019-09-16,107.0,107.0,107.5,106.5,107.0,51358
2019-09-17,107.0,107.0,107.5,106.5,107.0,51358
2019-09-18,107.0,107.0,107.5,106.5,107.0,51358
2019-09-19,107.0,107.0,107.5,106.5,107.0,51358
2019-09-20,107.0,107.0,107.5,106.5,107.0,51358
2019-09-23,107.0,107.0,107.5,106.5,107.0,51358
2019-09-24,107.0,107.0,107.5,106.5,107.0,51358
2019-09-25,107.0,107.0,107.5,106.5,107.0,51358
2019-09-26,107.0,107.0,107.5,106.5,107.0,51358
2019-09-27,107.0,107.0,107.5,106.5,107.0,51358
2019-09-30,107.0,107.0,107.5,106.5,107.0,51358
2019-10-01,107.0,107.0,107.5,106.5,107.0,51358
2019-10-02,107.0,107.0,107.5,106.5,107.0,51358
2019-10-03,107.0,107.0,107.5,106.5,107.0,51358
2019-10-04,107.0,107.0,107.5,106.5,107.0,51358
2019-10-07,107.0,107.0,107.5,106.5,107.0,51358
2019-10-08,107.0,107.0,107.5,106.5,107.0,51358
2019-10-09,107.0,107.0,107.5,106.5,107.0,51358
2019-10-10,107.0,107.0,107.5,106.5,107.0,51358
2019-10-11,107.0,107.0,107.5,106.5,107.0,51358
2019-10-14,107.0,107.0,107.5,106.5,107.0,51358
2019-10-15,107.0,107.0,107.5,106.5,107.0,51358
2019-10-16,107.0,107.0,107.5,106.5,107.0,51358
2019-10-17,107.0,107.0,107.5,106.5,107.0,51358
2019-10-18,107.0,107.0,107.5,106.5,107.0,51358
2019-10-21,107.0,107.0,107.5,106.5,107.0,51358
2019-10-22,107.0,107.0,107.5,106.5,107.0,51358
2019-10-23,107.0,107.0,107.5,106.5,107.0,51358
2019-10-24,107.0,107.0,107.5,106.5,107.0,51358
2019-10-25,107.0,107.0,107.5,106.5,107.0,51358
2019-10-28,107.0,107.0,107.5,106.5,107.0,51358
2019-10-29,107.0,107.0,107.5,106.5,107.0,51358
2019-10-30,107.0,107.0,107.5,106.5,107.0,51358
2019-10-31,107.0,107.0,107.5,106.5,107.0,51358
2019-11-01,107.0,107.0,107.5,106.5,107.0,51358
2019-11-04,107.0,107.0,107.5,106.5,107.0,51358
2019-11-05,107.0,107.0,107.5,106.5,107.0,51358
2019-11-06,107.0,107.0,107.5,106.5,107.0,51358
2019-11-07,107.0,107.0,107.5,106.5,107.0,51358
2019-11-08,107.0,107.0,107.5,106.5,107.0,51358
2019-11-11,107.0,107.0,107.5,106.5,107.0,51358
2019-11-12,107.0,107.0,107.5,106.5,107.0,51358
2019-11-13,107.0,107.0,107.5,106.5,107.0,51358
2019-11-14,107.0,107.0,107.5,106.5,107.0,51358
2019-11-20,107.0,107.0,107.5,106.5,107.0,51358
2019-11-21,107.0,107.0,107.5,106.5,107.0,51358
2019-11-22,107.0,107.0,107.5,106.5,107.0,51358
2019-11-25,107.0,107.0,107.5,106.5,107.0,51358
2019-11-26,107.0,107.0,107.5,106.5,107.0,51358
2019-11-27,107.0,107.0,107.5,106.5,107.0,51358
2019-11-28,107.0,107.0,107.5,106.5,107.0,51358
2019-11-29,107.0,107.0,107.5,106.5,107.0,51358
2019-12-02,107.0,107.0,107.5,106.5,107.0,51358
2019-12-03,107.0,107.0,107.5,106.5,107.0,51358
2019-12-04,107.0,107.0,107.5,106.5,107.0,51358
2019-12-05,107.0,107.0,107.5,106.5,107.0,51358
2019-12-06,107.0,107.0,107.5,106.5,107.0,51358
2019-12-09,107.0,107.0,107.5,106.5,107.0,51358
2019-12-10,107.0,107.0,107.5,106.5,107.0,51358
2019-12-11,107.0,107.0,107.5,106.5,107.0,51358
2019-12-12,107.0,107.0,107.5,106.5,107.0,51358
2019-12-13,107.0,107.0,107.5,106.5,107.0,51358
2019-12-16,107.0,107.0,107.5,106.5,107.0,51358
2019-12-17,107.0,107.0,107.5,106.5,107.0,51358
2019-12-18,107.0,107.0,107.5,106.5,107.0,51358
2019-12-19,107.0,107.0,107.5,106.5,107.0,51358
2019-12-20,107.0,107.0,107.5,106.5,107.0,51358
2019-12-23,107.0,107.0,107.5,106.5,107.0,51358
2019-12-24,107.0,107.0,107.5,106.5,107.0,51358
2019-12-25,107.0,107.0,107.5,106.5,107.0,51358
2019-12-26,107.0,107.0,107.5,106.5,107.0,51358
2019-12-27,107.0,107.0,107.5,106.5,107.0,51358
2019-12-30,107.0,107.0,107.5,106.5,107.0,51358
2019-12-31,107.0,107.0,107.5,106.5,107.0,51358
2020-01-01,107.0,107.0,107.5,106.5,107.0,51358
2020-01-02,107.0,107.0,107.5,106.5,107.0,51358
2020-01-03,107.0,107.0,107.5,106.5,107.0,51358
2020-01-06,107.0,107.0,107.5,106.5,107.0,51358
2020-01-07,107.0,107.0,107.5,106.5,107.0,51358
2020-01-08,107.0,107.0,107.5,106.5,107.0,51358
2020-01-09,107.0,107.0,107.5,106.5,107.0,51358
2020-01-10,107.0,107.0,107.5,106.5,107.0,51358
2020-01-13,107.0,107.0,107.5,106.5,107.0,51358
2020-01-14,107.0,107.0,107.5,106.5,107.0,51358
2020-01-15,107.0,107.0,107.5,106.5,107.0,51358
2020-01-16,107.0,107.0,107.5,106.5,107.0,51358
2020-01-17,107.0,107.0,107.5,106.5,107.0,51358
2020-01-20,107.0,107.0,107.5,106.5,107.0,51358
2020-01-21,107.0,107.0,107.5,106.5,107.0,51358
2020-01-22,107.0,107.0,107.5,106.5,107.0,51358
2020-01-23,107.0,107.0,107.5,106.5,107.0,51358
2020-01-24,107.0,107.0,107.5,106.5,107.0,51358
2020-01-27,107.0,107.0,107.5,106.5,107.0,51358
2020-01-28,107.0,107.0,107.5,106.5,107.0,51358
2020-01-29,107.0,107.0,107.5,106.5,107.0,51358
2020-01-30,107.0,107.0,107.5,106.5,107.0,51358
2020-01-31,107.0,107.0,107.5,106.5,107.0,51358
2020-02-03,107.0,107.0,107.5,106.5,107.0,51358
2020-02-04,107.0,107.0,107.5,106.5,107.0,51358
2020-02-05,107.0,107.0,107.5,106.5,107.0,51358
2020-02-06,107.0,107.0,107.5,106.5,107.0,51358
2020-02-07,107.0,107.0,107.5,106.5,107.0,51358
2020-02-10,107.0,107.0,107.5,106.5,107.0,51358
2020-02-11,107.0,107.0,107.5,106.5,107.0,51358
2020-02-12,107.0,107.0,107.5,106.5,107.0,51358
2020-02-13,107.0,107.0,107.5,106.5,107.0,51358
2020-02-14,107.0,107.0,107.5,106.5,107.0,51358
2020-02-17,107.0,107.0,107.5,106.5,107.0,51358
2020-02-18,107.0,107.0,107.5,106.5,107.0,51358
2020-02-19,107.0,107.0,107.5,106.5,107.0,51358
2020-02-20,107.0,107.0,107.5,106.5,107.0,51358
2020-02-21,107.0,107.0,107.5,106.5,107.0,51358
2020-02-24,107.0,107.0,107.5,106.5,107.0,51358
2020-02-25,107.0,107.0,107.5,106.5,107.0,51358
2020-02-26,107.0,107.0,107.5,106.5,107.0,51358
2020-02-27,107.0,107.0,107.5,106.5,107.0,51358
2020-02-28,107.0,107.0,107.5,106.5,107.0,51358
2020-03-02,107.0,107.0,107.5,106.5,107.0,51358
2020-03-03,107.0,107.0,107.5,106.5,107.0,51358
2020-03-04,107.0,107.0,107.5,106.5,107.0,51358
2020-03-05,107.0,107.0,107.5,106.5,107.0,51358
2020-03-06,107.0,107.0,107.5,106.5,107.0,51358
2020-03-09,107.0,107.0,107.5,106.5,107.0,51358
2020-03-10,107.0,107.0,107.5,106.5,107.0,51358
2020-03-11,107.0,107.0,107.5,106.5,107.0,51358
2020-03-12,107.0,107.0,107.5,106.5,107.0,51358
2020-03-13,107.0,107.0,107.5,106.5,107.0,51358
2020-03-16,107.0,107.0,107.5,106.5,107.0,51358
2020-03-17,107.0,107.0,107.5,106.5,107.0,51358
2020-03-18,107.0,107.0,107.5,106.5,107.0,51358
2020-03-19,107.0,107.0,107.5,106.5,107.0,51358
2020-03-20,107.0,107.0,107.5,106.5,107.0,51358
2020-03-23,107.0,107.0,107.5,106.5,107.0,51358
2020-03-24,107.0,107.0,107.5,106.5,107.0,51358
2020-03-25,107.0,107.0,107.5,106.5,107.0,51358
2020-03-26,107.0,107.0,107.5,106.5,107.0,51358
2020-03-27,107.0,107.0,107.5,106.5,107.0,51358
2020-03-30,107.0,107.0,107.5,106.5,107.0,51358
2020-03-31,107.0,107.0,107.5,106.5,107.0,51358
2020-04-01,107.0,107.0,107.5,106.5,107.0,51358
2020-04-02,107.0,107.0,107.5,106.5,107.0,51358
2020-04-03,107.0,107.0,107.5,106.5,107.0,51358
2020-04-07,107.0,107.0,107.5,106.5,107.0,51358
2020-04-08,107.0,107.0,107.5,106.5,107.0,51358
2020-04-09,107.0,107.0,107.5,106.5,107.0,51358
2020-04-10,107.0,107.0,107.5,106.5,107.0,51358
2020-04-13,107.0,107.0,107.5,106.5,107.0,51358
2020-04-14,107.0,107.0,107.5,106.5,107.0,51358
2020-04-15,107.0,107.0,107.5,106.5,107.0,51358
2020-04-16,107.0,107.0,107.5,106.5,107.0,51358
2020-04-17,107.0,107.0,107.5,106.5,107.0,51358
2020-04-20,107.0,107.0,107.5,106.5,107.0,51358
2020-04-21,107.0,107.0,107.5,106.5,107.0,51358
2020-04-22,107.0,107.0,107.5,106.5,107.0,51358
2020-04-23,107.0,107.0,107.5,106.5,107.0,51358
2020-04-24,107.0,107.0,107.5,106.5,107.0,51358
2020-04-27,107.0,107.0,107.5,106.5,107.0,51358
2020-04-28,107.0,107.0,107.5,106.5,107.0,51358
2020-04-29,107.0,107.0,107.5,106.5,107.0,51358
2020-05-01,107.0,107.0,107.5,106.5,107.0,51358
2020-05-04,107.0,107.0,107.5,106.5,107.0,51358
2020-05-05,107.0,107.0,107.5,106.5,107.0,51358
2020-05-06,107.0,107.0,107.5,106.5,107.0,51358
2020-05-07,107.0,107.0,107.5,106.5,107.0,51358
2020-05-08,107.0,107.0,107.5,106.5,107.0,51358
2020-05-11,107.0,107.0,107.5,106.5,107.0,51358
2020-05-12,107.0,107.0,107.5,106.5,107.0,51358
2020-05-13,107.0,107.0,107.5,106.5,107.0,51358
2020-05-14,107.0,107.0,107.5,106.5,107.0,51358
2020-05-15,107.0,107.0,107.5,106.5,107.0,51358
2020-05-18,107.0,107.0,107.5,106.5,107.0,51358
2020-05-19,107.0,107.0,107.5,106.5,107.0,51358
2020-05-20,107.0,107.0,107.5,106.5,107.0,51358
2020-05-21,107.0,107.0,107.5,106.5,107.0,51358
2020-05-22,107.0,107.0,107.5,106.5,107.0,51358
2020-05-25,107.0,107.0,107.5,106.5,107.0,51358
2020-05-26,107.0,107.0,107.5,106.5,107.0,51358
2020-05-27,107.0,107.0,107.5,106.5,107.0,51358
2020-05-28,107.0,107.0,107.5,106.5,107.0,51358
2020-05-29,107.0,107.0,107.5,106.5,107.0,51358
2020-06-01,107.0,107.0,107.5,106.5,107.0,51358
2020-06-02,107.0,107.0,107.5,106.5,107.0,51358
2020-06-03,107.0,107.0,107.5,106.5,107.0,51358
2020-06-04,107.0,107.0,107.5,106.5,107.0,51358
2020-06-05,107.0,107.0,107.5,106.5,107.0,51358
2020-06-08,107.0,107.0,107.5,106.5,107.0,51358
2020-06-09,107.0,107.0,107.5,106.5,107.0,51358
2020-06-10,107.0,107.0,107.5,106.5,107.0,51358
2020-06-11,107.0,107.0,107.5,106.5,107.0,51358
2020-06-12,107.0,107.0,107.5,106.5,107.0,51358
2020-06-15,107.0,107.0,107.5,106.5,107.0,51358
2020-06-16,107.0,107.0,107.5,106.5,107.0,51358
2020-06-17,107.0,107.0,107.5,106.5,107.0,51358
2020-06-18,107.0,107.0,107.5,106.5,107.0,51358
2020-06-19,107.0,107.0,107.5,106.5,107.0,51358
2020-06-22,107.0,107.0,107.5,106.5,107.0,51358
2020-06-23,107.0,107.0,107.5,106.5,107.0,51358
2020-06-24,107.0,107.0,107.5,106.5,107.0,51358
2020-06-25,107.0,107.0,107.5,106.5,107.0,51358
2020-06-26,107.0,107.0,107.5,106.5,107.0,51358
2020-06-29,107.0,107.0,107.5,106.5,107.0,51358
2020-06-30,107.0,107.0,107.5,106.5,107.0,51358
2020-07-01,107.0,107.0,107.5,106.5,107.0,51358
2020-07-02,107.0,107.0,107.5,106.5,107.0,51358
2020-07-03,107.0,107.0,107.5,106.5,107.0,51358
2020-07-06,107.0,107.0,107.5,106.5,107.0,51358
2020-07-07,107.0,107.0,107.5,106.5,107.0,51358
2020-07-08,107.0,107.0,107.5,106.5,107.0,51358
2020-07-09,107.0,107.0,107.5,106.5,107.0,51358
2020-07-10,107.0,107.0,107.5,106.5,107.0,51358
2020-07-13,107.0,107.0,107.5,106.5,107.0,51358
2020-07-14,107.0,107.0,107.5,106.5,107.0,51358
2020-07-15,107.0,107.0,107.5,106.5,107.0,51358
2020-07-16,107.0,107.0,107.5,106.5,107.0,51358
2020-07-17,107.0,107.0,107.5,106.5,107.0,51358
2020-07-20,107.0,107.0,107.5,106.5,107.0,51358
2020-07-21,107.0,107.0,107.5,106.5,107.0,51358
2020-07-22,107.0,107.0,107.5,106.5,107.0,51358
2020-07-23,107.0,107.0,107.5,106.5,107.0,51358
2020-07-24,107.0,107.0,107.5,106.5,107.0,51358
2020-07-27,107.0,107.0,107.5,106.5,107.0,51358
2020-07-28,107.0,107.0,107.5,106.5,107.0,51358
2020-07-29,107.0,107.0,107.5,106.5,107.0,51358
2020-07-30,107.0,107.0,107.5,106.5,107.0,51358
2020-07-31,107.0,107.0,107.5,106.5,107.0,51358
2020-08-03,107.0,107.0,107.5,106.5,107.0,51358
2020-08-04,107.0,107.0,107.5,106.5,107.0,51358
2020-08-05,107.0,107.0,107.5,106.5,107.0,51358
2020-08-06,107.0,107.0,107.5,106.5,107.0,51358
2020-08-07,107.0,107.0,107.5,106.5,107.0,51358
2020-08-10,107.0,107.0,107.5,106.5,107.0,51358
2020-08-11,107.0,107.0,107.5,106.5,107.0,51358
2020-08-12,107.0,107.0,107.5,106.5,107.0,51358
2020-08-13,107.0,107.0,107.5,106.5,107.0,51358
2020-08-14,107.0,107.0,107.5,106.5,107.0,51358
2020-08-17,107.0,107.0,107.5,106.5,107.0,51358
2020-08-18,107.0,107.0,107.5,106.5,107.0,51358
2020-08-19,107.0,107.0,107.5,106.5,107.0,51358
2020-08-20,107.0,107.0,107.5,106.5,107.0,51358
2020-08-21,107.0,107.0,107.5,106.5,107.0,51358
2020-08-24,107.0,107.0,107.5,106.5,107.0,51358
2020-08-25,107.0,107.0,107.5,106.5,107.0,51358
2020-08-26,107.0,107.0,107.5,106.5,107.0,51358
2020-08-27,107.0,107.0,107.5,106.5,107.0,51358
2020-08-28,107.0,107.0,107.5,106.5,107.0,51358
2020-08-31,107.0,107.0,107.5,106.5,107.0,51358
2020-09-01,107.0,107.0,107.5,106.5,107.0,51358
2020-09-02,107.0,107.0,107.5,106.5,107.0,51358
2020-09-03,107.0,107.0,107.5,106.5,107.0,51358
2020-09-04,107.0,107.0,107.5,106.5,107.0,51358
2020-09-07,107.0,107.0,107.5,106.5,107.0,51358
2020-09-08,107.0,107.0,107.5,106.5,107.0,51358
2020-09-09,107.0,107.0,107.5,106.5,107.0,51358
2020-09-10,107.0,107.0,107.5,106.5,107.0,51358
2020-09-11,107.0,107.0,107.5,106.5,107.0,51358
2020-09-14,107.0,107.0,107.5,106.5,107.0,51358
2020-09-15,107.0,107.0,107.5,106.5,107.0,51358
2020-09-16,107.0,107.0,107.5,106.5,107.0,51358
2020-09-17,107.0,107.0,107.5,106.5,107.0,51358
2020-09-18,107.0,107.0,107.5,106.5,107.0,51358
2020-09-21,107.0,107.0,107.5,106.5,107.0,51358
2020-09-22,107.0,107.0,107.5,106.5,107.0,51358
2020-09-23,107.0,107.0,107.5,106.5,107.0,51358
2020-09-24,107.0,107.0,107.5,106.5,107.0,51358
2020-09-25,107.0,107.0,107.5,106.5,107.0,51358
2020-09-28,107.0,107.0,107.5,106.5,107.0,51358
2020-09-29,107.0,107.0,107.5,106.5,107.0,51358
2020-09-30,107.0,107.0,107.5,106.5,107.0,51358
2020-10-01,107.0,107.0,107.5,106.5,107.0,51358
2020-10-02,107.0,107.0,107.5,106.5,107.0,51358
2020-10-05,107.0,107.0,107.5,106.5,107.0,51358
2020-10-06,107.0,107.0,107.5,106.5,107.0,51358
2020-10-07,107.0,107.0,107.5,106.5,107.0,51358
2020-10-08,107.0,107.0,107.5,106.5,107.0,51358
2020-10-09,107.0,107.0,107.5,106.5,107.0,51358
2020-10-12,107.0,107.0,107.5,106.5,107.0,51358
2020-10-13,107.0,107.0,107.5,106.5,107.0,51358
2020-10-14,107.0,107.0,107.5,106.5,107.0,51358
2020-10-15,107.0,107.0,107.5,106.5,107.0,51358
2020-10-16,107.0,107.0,107.5,106.5,107.0,51358
2020-10-19,107.0,107.0,107.5,106.5,107.0,51358
2020-10-20,107.0,107.0,107.5,106.5,107.0,51358
2020-10-21,107.0,107.0,107.5,106.5,107.0,51358
2020-10-22,107.0,107.0,107.5,106.5,107.0,51358
2020-10-23,107.0,107.0,107.5,106.5,107.0,51358
2020-10-26,107.0,107.0,107.5,106.5,107.0,51358
2020-10-27,107.0,107.0,107.5,106.5,107.0,51358
2020-10-28,107.0,107.0,107.5,106.5,107.0,51358
2020-10-29,107.0,107.0,107.5,106.5,107.0,51358
2020-10-30,107.0,107.0,107.5,106.5,107.0,51358
2020-11-02,107.0,107.0,107.5,106.5,107.0,51358
2020-11-03,107.0,107.0,107.5,106.5,107.0,51358
2020-11-04,107.0,107.0,107.5,106.5,107.0,51358
2020-11-05,107.0,107.0,107.5,106.5,107.0,51358
2020-11-06,107.0,107.0,107.5,106.5,107.0,51358
2020-11-09,107.0,107.0,107.5,106.5,107.0,51358
2020-11-10,107.0,107.0,107.5,106.5,107.0,51358
2020-11-11,107.0,107.0,107.5,106.5,107.0,51358
2020-11-12,107.0,107.0,107.5,106.5,107.0,51358
2020-11-13,107.0,107.0,107.5,106.5,107.0,51358
2020-11-16,107.0,107.0,107.5,106.5,107.0,51358
2020-11-17,107.0,107.0,107.5,106.5,107.0,51358
2020-11-18,107.0,107.0,107.5,106.5,107.0,51358
2020-11-19,107.0,107.0,107.5,106.5,107.0,51358
2020-11-20,107.0,107.0,107.5,106.5,107.0,51358
2020-11-23,107.0,107.0,107.5,106.5,107.0,51358
2020-11-24,107.0,107.0,107.5,106.5,107.0,51358
2020-11-25,107.0,107.0,107.5,106.5,107.0,51358
2020-11-26,107.0,107.0,107.5,106.5,107.0,51358
2020-11-27,107.0,107.0,107.5,106.5,107.0,51358
2020-11-30,107.0,107.0,107.5,106.5,107.0,51358
2020-12-01,107.0,107.0,107.5,106.5,107.0,51358
2020-12-02,107.0,107.0,107.5,106.5,107.0,51358
2020-12-04,107.0,107.0,107.5,106.5,107.0,51358
2020-12-07,107.0,107.0,107.5,106.5,107.0,51358
2020-12-08,107.0,107.0,107.5,106.5,107.0,51358
2020-12-09,107.0,107.0,107.5,106.5,107.0,51358
2020-12-10,107.0,107.0,107.5,106.5,107.0,51358
2020-12-11,107.0,107.0,107.5,106.5,107.0,51358
2020-12-14,107.0,107.0,107.5,106.5,107.0,51358
2020-12-15,107.0,107.0,107.5,106.5,107.0,51358
2020-12-16,107.0,107.0,107.5,106.5,107.0,51358
2020-12-17,107.0,107.0,107.5,106.5,107.0,51358
2020-12-18,107.0,107.0,107.5,106.5,107.0,51358
2020-12-21,107.0,107.0,107.5,106.5,107.0,51358
2020-12-22,107.0,107.0,107.5,106.5,107.0,51358
2020-12-23,107.0,107.0,107.5,106.5,107.0,51358
2020-12-24,107.0,107.0,107.5,106.5,107.0,51358
2020-12-25,107.0,107.0,107.5,106.5,107.0,51358
2020-12-28,107.0,107.0,107.5,106.5,107.0,51358
2020-12-29,107.0,107.0,107.5,106.5,107.0,51358
2020-12-30,107.0,107.0,107.5,106.5,107.0,51358
2020-12-31,107.0,107.0,107.5,106.5,107.0,51358
2021-01-01,107.0,107.0,107.5,106.5,107.0,51358
2021-01-04,107.0,107.0,107.5,106.5,107.0,51358
2021-01-05,107.0,107.0,107.5,106.5,107.0,51358
2021-01-06,107.0,107.0,107.5,106.5,107.0,51358
2021-01-07,107.0,107.0,107.5,106.5,107.0,51358
2021-01-08,107.0,107.0,107.5,106.5,107.0,51358
2021-01-11,107.0,107.0,107.5,106.5,107.0,51358
2021-01-12,107.0,107.0,107.5,106.5,107.0,51358
2021-01-13,107.0,107.0,107.5,106.5,107.0,51358
2021-01-14,107.0,107.0,107.5,106.5,107.0,51358
2021-01-15,107.0,107.0,107.5,106.5,107.0,51358
2021-01-18,107.0,107.0,107.5,106.5,107.0,51358
2021-01-19,107.0,107.0,107.5,106.5,107.0,51358
2021-01-20,107.0,107.0,107.5,106.5,107.0,51358
2021-01-21,107.0,107.0,107.5,106.5,107.0,51358
2021-01-22,107.0,107.0,107.5,106.5,107.0,51358
2021-01-25,107.0,107.0,107.5,106.5,107.0,51358
2021-01-26,107.0,107.0,107.5,106.5,107.0,51358
2021-01-27,107.0,107.0,107.5,106.5,107.0,51358
2021-01-28,107.0,107.0,107.5,106.5,107.0,51358
2021-01-29,107.0,107.0,107.5,106.5,107.0,51358
2021-02-01,107.0,107.0,107.5,106.5,107.0,51358
2021-02-02,107.0,107.0,107.5,106.5,107.0,51358
2021-02-03,107.0,107.0,107.5,106.5,107.0,51358
2021-02-04,107.0,107.0,107.5,106.5,107.0,51358
2021-02-05,107.0,107.0,107.5,106.5,107.0,51358
2021-02-08,107.0,107.0,107.5,106.5,107.0,51358
2021-02-09,107.0,107.0,107.5,106.5,107.0,51358
2021-02-10,107.0,107.0,107.5,106.5,107.0,51358
2021-02-11,107.0,107.0,107.5,106.5,107.0,51358
2021-02-12,107.0,107.0,107.5,106.5,107.0,51358
2021-02-15,107.0,107.0,107.5,106.5,107.0,51358
2021-02-16,107.0,107.0,107.5,106.5,107.0,51358
2021-02-17,107.0,107.0,107.5,106.5,107.0,51358
2021-02-18,107.0,107.0,107.5,106.5,107.0,51358
2021-02-19,107.0,107.0,107.5,106.5,107.0,51358
2021-02-22,107.0,107.0,107.5,106.5,107.0,51358
2021-02-23,107.0,107.0,107.5,106.5,107.0,51358
2021-02-24,107.0,107.0,107.5,106.5,107.0,51358
2021-02-25,107.0,107.0,107.5,106.5,107.0,51358
2021-02-26,107.0,107.0,107.5,106.5,107.0,51358
2021-03-01,107.0,107.0,107.5,106.5,107.0,51358
2021-03-02,107.0,107.0,107.5,106.5,107.0,51358
2021-03-03,107.0,107.0,107.5,106.5,107.0,51358
2021-03-04,107.0,107.0,107.5,106.5,107.0,51358
2021-03-05,107.0,107.0,107.5,106.5,107.0,51358
2021-03-08,107.0,107.0,107.5,106.5,107.0,51358
2021-03-09,107.0,107.0,107.5,106.5,107.0,51358
2021-03-10,107.0,107.0,107.5,106.5,107.0,51358
2021-03-11,107.0,107.0,107.5,106.5,107.0,51358
2021-03-12,107.0,107.0,107.5,106.5,107.0,51358
2021-03-15,107.0,107.0,107.5,106.5,107.0,51358
2021-03-16,107.0,107.0,107.5,106.5,107.0,51358
2021-03-17,107.0,107.0,107.5,106.5,107.0,51358
2021-03-18,107.0,107.0,107.5,106.5,107.0,51358
2021-03-19,107.0,107.0,107.5,106.5,107.0,51358
2021-03-22,107.0,107.0,107.5,106.5,107.0,51358
2021-03-23,107.0,107.0,107.5,106.5,107.0,51358
2021-03-24,107.0,107.0,107.5,106.5,107.0,51358
2021-03-25,107.0,107.0,107.5,106.5,107.0,51358
2021-03-26,107.0,107.0,107.5,106.5,107.0,51358
2021-03-29,107.0,107.0,107.5,106.5,107.0,51358
2021-03-30,107.0,107.0,107.5,106.5,107.0,51358
2021-03-31,107.0,107.0,107.5,106.5,107.0,51358
2021-04-01,107.0,107.0,107.5,106.5,107.0,51358
2021-04-02,107.0,107.0,107.5,106.5,107.0,51358
2021-04-05,107.0,107.0,107.5,106.5,107.0,51358
2021-04-06,107.0,107.0,107.5,106.5,107.0,51358
2021-04-07,107.0,107.0,107.5,106.5,107.0,51358
2021-04-08,107.0,107.0,107.5,106.5,107.0,51358
2021-04-09,107.0,107.0,107.5,106.5,107.0,51358
2021-04-12,107.0,107.0,107.5,106.5,107.0,51358
2021-04-13,107.0,107.0,107.5,106.5,107.0,51358
2021-04-14,107.0,107.0,107.5,106.5,107.0,51358
2021-04-15,107.0,107.0,107.5,106.5,107.0,51358
2021-04-16,107.0,107.0,107.5,106.5,107.0,51358
2021-04-19,107.0,107.0,107.5,106.5,107.0,51358
2021-04-20,107.0,107.0,107.5,106.5,107.0,51358
2021-04-21,107.0,107.0,107.5,106.5,107.0,51358
2021-04-22,107.0,107.0,107.5,106.5,107.0,51358
2021-04-23,107.0,107.0,107.5,106.5,107.0,51358
2021-04-26,107.0,107.0,107.5,106.5,107.0,51358
2021-04-27,107.0,107.0,107.5,106.5,107.0,51358
2021-04-28,107.0,107.0,107.5,106.5,107.0,51358
2021-04-29,107.0,107.0,107.5,106.5,107.0,51358
2021-04-30,107.0,107.0,107.5,106.5,107.0,51358
2021-05-03,107.0,107.0,107.5,106.5,107.0,51358
2021-05-04,107.0,107.0,107.5,106.5,107.0,51358
2021-05-05,107.0,107.0,107.5,106.5,107.0,51358
2021-05-06,107.0,107.0,107.5,106.5,107.0,51358
2021-05-07,107.0,107.0,107.5,106.5,107.0,51358
2021-05-10,107.0,107.0,107.5,106.5,107.0,51358
2021-05-11,107.0,107.0,107.5,106.5,107.0,51358
2021-05-12,107.0,107.0,107.5,106.5,107.0,51358
2021-05-13,107.0,107.0,107.5,106.5,107.0,51358
2021-05-14,107.0,107.0,107.5,106.5,107.0,51358
2021-05-17,107.0,107.0,107.5,106.5,107.0,51358
2021-05-18,107.0,107.0,107.5,106.5,107.0,51358
2021-05-19,107.0,107.0,107.5,106.5,107.0,51358
2021-05-20,107.0,107.0,107.5,106.5,107.0,51358
2021-05-21,107.0,107.0,107.5,106.5,107.0,51358
2021-05-24,107.0,107.0,107.5,106.5,107.0,51358
2021-05-25,107.0,107.0,107.5,106.5,107.0,51358
2021-05-26,107.0,107.0,107.5,106.5,107.0,51358
2021-05-27,107.0,107.0,107.5,106.5,107.0,51358
2021-05-28,107.0,107.0,107.5,106.5,107.0,51358
2021-05-31,107.0,107.0,107.5,106.5,107.0,51358
2021-06-01,107.0,107.0,107.5,106.5,107.0,51358
2021-06-02,107.0,107.0,107.5,106.5,107.0,51358
2021-06-03,107.0,107.0,107.5,106.5,107.0,51358
2021-06-04,107.0,107.0,107.5,106.5,107.0,51358
2021-06-07,107.0,107.0,107.5,106.5,107.0,51358
2021-06-08,107.0,107.0,107.5,106.5,107.0,51358
2021-06-09,107.0,107.0,107.5,106.5,107.0,51358
2021-06-10,107.0,107.0,107.5,106.5,107.0,51358
2021-06-11,107.0,107.0,107.5,106.5,107.0,51358
2021-06-14,107.0,107.0,107.5,106.5,107.0,51358
2021-06-15,107.0,107.0,107.5,106.5,107.0,51358
2021-06-16,107.0,107.0,107.5,106.5,107.0,51358
2021-06-17,107.0,107.0,107.5,106.5,107.0,51358
2021-06-18,107.0,107.0,107.5,106.5,107.0,51358
2021-06-21,107.0,107.0,107.5,106.5,107.0,51358
2021-06-22,107.0,107.0,107.5,106.5,107.0,51358
2021-06-23,107.0,107.0,107.5,106.5,107.0,51358
2021-06-24,107.0,107.0,107.5,106.5,107.0,51358
2021-06-25,107.0,107.0,107.5,106.5,107.0,51358
2021-06-28,107.0,107.0,107.5,106.5,107.0,51358
2021-06-29,107.0,107.0,107.5,106.5,107.0,51358
2021-06-30,107.0,107.0,107.5,106.5,107.0,51358
2021-07-01,107.0,107.0,107.5,106.5,107.0,51358
2021-07-02,107.0,107.0,107.5,106.5,107.0,51358
2021-07-05,107.0,107.0,107.5,106.5,107.0,51358
2021-07-06,107.0,107.0,107.5,106.5,107.0,51358
2021-07-07,107.0,107.0,107.5,106.5,107.0,51358
2021-07-08,107.0,107.0,107.5,106.5,107.0,51358
2021-07-09,107.0,107.0,107.5,106.5,107.0,51358
2021-07-12,107.0,107.0,107.5,106.5,107.0,51358
2021-07-13,107.0,107.0,107.5,106.5,107.0,51358
2021-07-14,107.0,107.0,107.5,106.5,107.0,51358
2021-07-15,107.0,107.0,107.5,106.5,107.0,51358
2021-07-16,107.0,107.0,107.5,106.5,107.0,51358
2021-07-19,107.0,107.0,107.5,106.5,107.0,51358
2021-07-20,107.0,107.0,107.5,106.5,107.0,51358
2021-07-21,107.0,107.0,107.5,106.5,107.0,51358
2021-07-22,107.0,107.0,107.5,106.5,107.0,51358
2021-07-23,107.0,107.0,107.5,106.5,107.0,51358
2021-07-26,107.0,107.0,107.5,106.5,107.0,51358
2021-07-27,107.0,107.0,107.5,106.5,107.0,51358
2021-07-28,107.0,107.0,107.5,106.5,107.0,51358
2021-07-29,107.0,107.0,107.5,106.5,107.0,51358
2021-07-30,107.0,107.0,107.5,106.5,107.0,51358
2021-08-02,107.0,107.0,107.5,106.5,107.0,51358
2021-08-03,107.0,107.0,107.5,106.5,107.0,51358
2021-08-04,107.0,107.0,107.5,106.5,107.0,51358
2021-08-05,107.0,107.0,107.5,106.5,107.0,51358
2021-08-06,107.0,107.0,107.5,106.5,107.0,51358
2021-08-09,111.0,111.0,111.5,110.5,111.5,93000
2021-08-10,110.0,110.0,111.0,109.5,111.0,144000
2021-08-11,108.5,108.5,110.5,108.0,110.0,171000
2021-08-12,109.5,109.5,110.0,108.0,108.0,60000
2021-08-13,108.5,108.5,109.5,108.0,108.5,113000
2021-08-16,107.5,107.5,108.5,107.0,108.5,195000
2021-08-17,107.0,107.0,108.5,107.0,108.0,95000
2021-08-18,107.5,107.5,107.5,105.5,107.0,92000
2021-08-19,105.5,105.5,107.0,105.5,107.0,113000
2021-08-20,106.5,106.5,107.0,105.5,106.5,80000
2021-08-23,108.0,108.0,108.0,107.0,107.5,90000
2021-08-24,108.0,108.0,108.5,107.5,108.0,67000
2021-08-25,109.0,109.0,109.5,108.0,108.0,149000
2021-08-26,108.0,108.0,109.0,108.0,109.0,107000
2021-08-27,108.5,108.5,109.0,108.0,108.0,183000
2021-08-30,109.5,109.5,109.5,107.5,108.0,381000
2021-08-31,105.5,105.5,105.5,103.0,103.5,417000
2021-09-01,104.5,104.5,105.0,104.5,104.5,107000
2021-09-02,102.5,102.5,104.5,102.5,104.5,219000
2021-09-03,103.5,103.5,103.5,103.0,103.0,65000
2021-09-06,102.0,102.0,103.5,102.0,103.5,156000
2021-09-07,101.5,101.5,103.0,101.0,103.0,144000
2021-09-08,100.0,100.0,101.0,100.0,101.0,159000
2021-09-09,100.5,100.5,101.0,99.9,100.5,183000
2021-09-10,101.5,101.5,101.5,100.0,100.5,81000
2021-09-13,101.5,101.5,101.5,101.0,101.5,67000
2021-09-14,101.5,101.5,102.0,101.0,101.5,51000
2021-09-15,101.5,101.5,102.0,100.5,101.5,50000
2021-09-16,102.0,102.0,102.0,101.0,102.0,54000
2021-09-17,101.5,101.5,102.0,101.5,102.0,52000
2021-09-20,107.0,107.0,108.0,107.0,108.0,43988
2021-09-21,107.0,107.0,108.0,107.0,108.0,43988
2021-09-22,100.5,100.5,101.0,100.0,100.0,103000
2021-09-23,102.0,102.0,102.0,101.0,101.0,86000
2021-09-24,102.0,102.0,102.5,100.5,102.0,248000
2021-09-27,102.0,102.0,102.5,101.0,101.5,57000
2021-09-28,100.5,100.5,102.0,100.0,101.5,227000
2021-09-29,100.0,100.0,100.5,100.0,100.0,112000
2021-09-30,101.0,101.0,101.0,100.5,100.5,43000
2021-10-01,100.0,100.0,100.5,99.8,100.0,147000
2021-10-04,99.4,99.4,100.0,98.7,100.0,208000
2021-10-05,99.2,99.2,99.9,98.6,99.1,119000
2021-10-06,99.2,99.2,99.3,98.9,99.3,87000
2021-10-07,100.0,100.0,100.5,99.6,99.6,45000
2021-10-08,101.5,101.5,101.5,100.0,100.0,37000
2021-10-11,107.0,107.0,108.0,107.0,108.0,43988
2021-10-12,105.0,105.0,106.0,103.5,103.5,515000
2021-10-13,105.0,105.0,106.5,104.0,106.0,96000
2021-10-14,106.0,106.0,106.0,105.0,106.0,69000
2021-10-15,107.0,107.0,107.0,106.0,106.5,111000
2021-10-18,107.0,107.0,108.0,106.5,107.0,77000
2021-10-19,107.0,107.0,107.5,106.5,107.5,52000
2021-10-20,107.5,107.5,108.0,106.5,108.0,64000
2021-10-21,108.0,108.0,109.0,107.5,107.5,119000
2021-10-22,108.0,108.0,108.5,107.5,108.5,36000
2021-10-25,108.5,108.5,109.0,108.0,109.0,54000
2021-10-26,108.5,108.5,108.5,108.0,108.5,58000
2021-10-27,108.0,108.0,108.5,107.5,108.5,59000
2021-10-28,107.5,107.5,108.0,107.5,108.0,67000
2021-10-29,107.0,107.0,108.0,106.5,107.5,69000
2021-11-01,108.0,108.0,108.5,107.5,107.5,90000
2021-11-02,106.5,106.5,108.5,106.5,108.0,97000
2021-11-03,107.0,107.0,107.5,106.0,106.5,62000
2021-11-04,107.0,107.0,107.5,106.5,107.5,59000
2021-11-05,107.0,107.0,107.0,106.5,106.5,53000
2021-11-08,107.5,107.5,107.5,107.0,107.5,61000
2021-11-09,106.5,106.5,108.0,106.0,107.0,147000
2021-11-10,106.0,106.0,107.0,106.0,106.5,65000
2021-11-11,106.0,106.0,106.0,105.0,106.0,104000
2021-11-12,104.5,104.5,106.0,103.0,106.0,240000
2021-11-15,104.5,104.5,105.0,103.5,104.0,138000
2021-11-16,104.0,104.0,104.5,103.5,104.0,123000
2021-11-17,103.5,103.5,104.0,103.5,104.0,74000
2021-11-18,103.5,103.5,104.5,103.5,103.5,106000
2021-11-19,103.5,103.5,104.0,103.5,103.5,59000
2021-11-22,103.5,103.5,104.0,103.5,103.5,67000
2021-11-23,104.5,104.5,104.5,103.5,103.5,77000
2021-11-24,104.0,104.0,105.0,104.0,104.0,75000
2021-11-25,105.5,105.5,106.5,104.5,104.5,151000
2021-11-26,104.0,104.0,105.5,104.0,105.5,103000
2021-11-29,104.5,104.5,105.0,102.0,103.0,215000
2021-11-30,105.0,105.0,106.5,104.5,105.5,158000
2021-12-01,104.5,104.5,105.0,104.0,105.0,58000
2021-12-02,104.0,104.0,104.5,103.5,104.5,127000
2021-12-03,104.5,104.5,105.0,104.0,104.0,60000
2021-12-06,104.5,104.5,105.0,104.0,104.5,64000
2021-12-07,104.5,104.5,105.0,104.0,104.5,59000
2021-12-08,105.0,105.0,105.5,104.5,104.5,71000
2021-12-09,106.5,106.5,107.0,106.0,106.5,138000
2021-12-10,107.0,107.0,107.5,105.5,106.5,153000
2021-12-13,106.5,106.5,106.5,106.0,106.0,42000
2021-12-14,106.0,106.0,106.5,105.0,106.0,74000
2021-12-15,105.5,105.5,106.0,105.5,106.0,24000
2021-12-16,106.0,106.0,106.5,105.5,105.5,26000
2021-12-17,106.0,106.0,106.5,105.5,106.0,49000
2021-12-20,105.5,105.5,105.5,105.0,105.5,41000
2021-12-21,105.5,105.5,106.0,105.0,105.5,44000
2021-12-22,105.5,105.5,105.5,105.0,105.5,42000
2021-12-23,105.5,105.5,106.0,105.0,105.5,40000
2021-12-24,106.0,106.0,107.0,105.5,105.5,91000
2021-12-27,106.0,106.0,106.5,106.0,106.0,84000
2021-12-28,106.0,106.0,106.5,105.5,106.5,29000
2021-12-29,106.5,106.5,106.5,106.0,106.0,21000
2021-12-30,106.0,106.0,106.5,106.0,106.0,49000
2021-12-31,107.0,107.0,108.0,107.0,108.0,43988
2022-01-03,106.5,106.5,106.5,106.0,106.0,117000
2022-01-04,106.5,106.5,107.0,106.0,106.5,70000
2022-01-05,107.5,107.5,107.5,106.5,106.5,126000
2022-01-06,108.5,108.5,108.5,107.5,107.5,96000
2022-01-07,109.0,109.0,110.0,108.0,109.0,167000
2022-01-10,108.0,108.0,109.0,107.0,108.5,91000
2022-01-11,107.0,107.0,107.0,105.0,106.0,155000
2022-01-12,106.5,106.5,107.0,105.5,107.0,76000
2022-01-13,106.0,106.0,106.5,105.5,106.0,44000
2022-01-14,105.5,105.5,106.0,105.0,105.5,66000
2022-01-17,107.0,107.0,107.0,105.0,105.0,80000
2022-01-18,106.5,106.5,107.5,106.5,107.0,84000
2022-01-19,106.0,106.0,107.0,106.0,106.5,44000
2022-01-20,105.5,105.5,106.0,105.5,105.5,57000
2022-01-21,105.5,105.5,106.0,105.5,105.5,29000
2022-01-24,105.5,105.5,105.5,104.5,105.5,164000
2022-01-25,104.5,104.5,105.5,103.5,105.5,176000
2022-01-26,104.0,104.0,105.0,104.0,104.5,112000
2022-01-27,107.0,107.0,108.0,107.0,108.0,43988
2022-01-28,107.0,107.0,108.0,107.0,108.0,43988
2022-01-31,107.0,107.0,108.0,107.0,108.0,43988
2022-02-01,107.0,107.0,108.0,107.0,108.0,43988
2022-02-02,107.0,107.0,108.0,107.0,108.0,43988
2022-02-03,107.0,107.0,108.0,107.0,108.0,43988
2022-02-04,107.0,107.0,108.0,107.0,108.0,43988
2022-02-07,106.5,106.5,107.5,104.5,104.5,71000
2022-02-08,107.5,107.5,108.5,107.0,107.5,163000
2022-02-09,107.5,107.5,107.5,105.0,107.5,76000
2022-02-10,107.0,107.0,108.0,106.5,108.0,31000
2022-02-11,107.0,107.0,108.0,107.0,107.5,49000
2022-02-14,103.5,103.5,105.0,102.5,103.5,460000
2022-02-15,102.5,102.5,104.5,102.0,103.5,756000
2022-02-16,103.5,103.5,104.0,101.5,103.0,356000
2022-02-17,104.5,104.5,105.0,103.5,103.5,125000
2022-02-18,104.5,104.5,105.0,103.5,103.5,94000
2022-02-21,105.5,105.5,105.5,104.5,104.5,57000
2022-02-22,104.0,104.0,105.5,104.0,105.5,82000
2022-02-23,104.5,104.5,104.5,104.0,104.0,70000
2022-02-24,104.0,104.0,105.5,103.0,104.0,220000
2022-02-25,104.0,104.0,104.5,103.0,104.5,84000
2022-02-28,107.0,107.0,108.0,107.0,108.0,43988
2022-03-01,105.0,105.0,105.0,104.0,104.0,45000
2022-03-02,104.5,104.5,105.0,104.0,105.0,46000
2022-03-03,104.0,104.0,105.0,104.0,105.0,31000
2022-03-04,104.5,104.5,105.5,103.5,104.5,52000
2022-03-07,102.5,102.5,104.0,101.5,104.0,219000
2022-03-08,100.5,100.5,102.0,100.0,100.5,163000
2022-03-09,103.0,103.0,103.0,100.5,101.5,94000
2022-03-10,103.0,103.0,104.5,103.0,104.0,45000
2022-03-11,103.0,103.0,103.0,102.0,103.0,30000
2022-03-14,102.0,102.0,103.0,102.0,103.0,58000
2022-03-15,101.5,101.5,102.5,101.0,102.5,70000
2022-03-16,104.0,104.0,105.0,103.0,105.0,145000
2022-03-17,106.5,106.5,106.5,104.5,104.5,191000
2022-03-18,107.5,107.5,108.0,106.0,106.0,130000
2022-03-21,108.0,108.0,108.0,107.0,107.5,144000
2022-03-22,107.5,107.5,108.0,107.0,108.0,106000
2022-03-23,107.5,107.5,108.0,107.5,107.5,88000
2022-03-24,108.0,108.0,108.0,107.5,108.0,80000
2022-03-25,108.0,108.0,108.5,107.5,108.0,65000
2022-03-28,107.0,107.0,108.0,107.0,108.0,46000
2022-03-29,106.0,106.0,107.0,106.0,107.0,41000
2022-03-30,107.0,107.0,107.5,106.5,107.0,45000
2022-03-31,107.0,107.0,107.0,106.5,107.0,53000
2022-04-01,106.0,106.0,107.0,106.0,107.0,49000
2022-04-04,107.0,107.0,108.0,107.0,108.0,43988
2022-04-05,107.0,107.0,108.0,107.0,108.0,43988
2022-04-06,105.5,105.5,106.0,105.0,106.0,92000
2022-04-07,104.0,104.0,105.5,103.5,105.5,167000
2022-04-08,104.0,104.0,105.0,103.5,104.0,71000
2022-04-11,103.5,103.5,104.0,102.5,104.0,200000
2022-04-12,103.5,103.5,103.5,103.5,103.5,26000
2022-04-13,104.0,104.0,104.5,103.5,103.5,56000
2022-04-14,104.0,104.0,105.0,104.0,104.0,68000
2022-04-15,105.0,105.0,105.5,103.5,103.5,56000
2022-04-18,104.0,104.0,104.5,104.0,104.0,21000
2022-04-19,104.0,104.0,104.5,104.0,104.5,32000
2022-04-20,105.0,105.0,105.0,104.0,104.5,52000
2022-04-21,104.0,104.0,105.0,104.0,105.0,47000
2022-04-22,104.0,104.0,104.5,104.0,104.0,19000
2022-04-25,103.5,103.5,104.0,103.0,104.0,70000
2022-04-26,102.5,102.5,104.0,102.5,103.5,76000
2022-04-27,102.5,102.5,102.5,101.5,102.0,108000
2022-04-28,102.5,102.5,103.0,102.0,102.5,21000
2022-04-29,103.0,103.0,103.5,102.5,103.0,14000
2022-05-02,107.0,107.0,108.0,107.0,108.0,43988
2022-05-03,102.0,102.0,103.5,101.5,103.0,116000
2022-05-04,101.0,101.0,102.0,100.0,102.0,336000
2022-05-05,101.5,101.5,102.0,100.5,101.0,100000
2022-05-06,100.5,100.5,101.0,100.0,101.0,209000
2022-05-09,100.5,100.5,100.5,99.6,100.0,89000
2022-05-10,101.5,101.5,101.5,100.0,100.5,127000
2022-05-11,100.0,100.0,101.0,100.0,101.0,236000
2022-05-12,100.0,100.0,100.5,99.8,100.0,99000
2022-05-13,100.5,100.5,100.5,99.9,100.0,82000
2022-05-16,97.1,97.1,99.6,97.0,99.6,545000
2022-05-17,98.0,98.0,98.0,96.8,97.0,114000
2022-05-18,97.8,97.8,98.0,97.5,97.5,64000
2022-05-19,97.8,97.8,97.8,97.0,97.0,47000
2022-05-20,97.6,97.6,97.9,97.2,97.8,44000
2022-05-23,97.0,97.0,97.6,96.5,97.6,82000
2022-05-24,97.0,97.0,97.0,96.7,96.7,37000
2022-05-25,97.0,97.0,97.0,96.6,96.6,53000
2022-05-26,96.8,96.8,97.1,96.7,96.7,56000
2022-05-27,97.1,97.1,97.1,96.8,97.0,89000
2022-05-30,97.0,97.0,97.3,96.8,96.8,115000
2022-05-31,97.2,97.2,97.5,96.9,97.0,76000
2022-06-01,98.9,98.9,99.0,97.2,97.2,116000
2022-06-02,97.6,97.6,98.9,97.6,98.9,98000
2022-06-03,107.0,107.0,108.0,107.0,108.0,43988
2022-06-06,97.9,97.9,98.0,97.3,97.5,61000
2022-06-07,97.7,97.7,97.8,97.4,97.8,64000
2022-06-08,98.4,98.4,98.8,97.7,97.7,108000
2022-06-09,98.7,98.7,98.9,98.2,98.4,88000
2022-06-10,100.5,100.5,101.0,98.6,98.6,201000
2022-06-13,100.0,100.0,100.5,99.3,99.3,122000
2022-06-14,100.5,100.5,101.0,99.8,99.8,98000
2022-06-15,102.5,102.5,104.5,101.5,101.5,268000
2022-06-16,101.5,101.5,103.5,101.0,103.5,137000
2022-06-17,100.5,100.5,101.5,99.9,101.5,103000
2022-06-20,98.0,98.0,100.5,98.0,100.5,117000
2022-06-21,99.1,99.1,99.2,98.0,98.0,45000
2022-06-22,99.0,99.0,100.0,99.0,100.0,100000
2022-06-23,98.1,98.1,100.0,97.9,99.2,140000
2022-06-24,98.2,98.2,98.7,98.0,98.1,171000
2022-06-27,93.7,93.7,94.2,92.1,92.1,118000
2022-06-28,93.1,93.1,93.7,92.5,93.6,79000
2022-06-29,92.2,92.2,93.2,92.2,92.5,103000
2022-06-30,90.9,90.9,92.2,90.8,92.2,130000
2022-07-01,89.8,89.8,90.5,89.5,90.5,115000
2022-07-04,89.8,89.8,90.5,89.8,90.0,33000
2022-07-05,90.5,90.5,91.0,90.3,91.0,29000
2022-07-06,90.4,90.4,91.0,89.9,90.4,63000
2022-07-07,90.6,90.6,91.0,89.8,90.4,34000
2022-07-08,90.8,90.8,91.0,90.3,90.3,25000
2022-07-11,90.8,90.8,91.5,90.8,90.8,26000
2022-07-12,89.9,89.9,91.2,89.5,91.2,50000
2022-07-13,90.6,90.6,91.5,90.1,90.6,27000
2022-07-14,91.5,91.5,92.7,89.8,90.4,71000
2022-07-15,90.5,90.5,91.4,90.0,91.1,90000
2022-07-18,90.9,90.9,91.0,90.5,90.5,11000
2022-07-19,90.7,90.7,91.0,90.3,90.5,33000
2022-07-20,90.7,90.7,91.0,90.4,90.7,66000
2022-07-21,90.7,90.7,90.7,90.3,90.7,68000
2022-07-22,90.9,90.9,91.3,90.3,90.7,120000
2022-07-25,91.8,91.8,91.9,90.4,90.6,49000
2022-07-26,91.2,91.2,91.3,91.2,91.2,11000
2022-07-27,91.2,91.2,91.5,90.8,91.5,45000
2022-07-28,91.2,91.2,92.0,91.1,92.0,20000
2022-07-29,91.6,91.6,91.8,91.0,91.8,27000
2022-08-01,91.5,91.5,91.6,90.5,91.0,68000
2022-08-02,90.9,90.9,91.0,90.8,91.0,33000
2022-08-03,90.8,90.8,91.3,90.3,90.7,53000
2022-08-04,91.1,91.1,91.1,90.5,91.1,30000
2022-08-05,91.1,91.1,91.3,91.0,91.3,29000
2022-08-08,91.0,91.0,91.1,91.0,91.0,21000
2022-08-09,91.9,91.9,91.9,91.1,91.1,29000
2022-08-10,91.8,91.8,91.8,91.3,91.5,21000
2022-08-11,91.6,91.6,92.0,91.2,91.8,35000
2022-08-12,92.3,92.3,92.4,91.6,91.6,18000
2022-08-15,93.5,93.5,93.7,92.4,92.4,72000
2022-08-16,93.5,93.5,93.5,92.9,93.0,24000
2022-08-17,97.0,97.0,98.2,94.0,94.0,203000
2022-08-18,98.2,98.2,98.7,96.9,97.0,145000
2022-08-19,99.3,99.3,99.5,98.5,98.5,141000
2022-08-22,98.4,98.4,99.3,98.3,99.3,104000
2022-08-23,96.7,96.7,97.8,96.7,97.8,97000
2022-08-24,96.0,96.0,97.5,95.8,97.5,57000
2022-08-25,96.7,96.7,97.7,96.1,96.1,56000
2022-08-26,96.8,96.8,98.1,96.8,98.0,52000
2022-08-29,96.2,96.2,96.3,95.2,95.7,72000
2022-08-30,97.0,97.0,97.6,96.2,96.2,54000
2022-08-31,97.0,97.0,98.0,96.5,98.0,49000
2022-09-01,96.8,96.8,97.6,96.2,97.6,42000
2022-09-02,96.3,96.3,97.2,96.1,97.2,35000
2022-09-05,95.6,95.6,96.0,95.5,96.0,31000
2022-09-06,94.9,94.9,95.5,94.1,95.1,71000
2022-09-07,94.4,94.4,95.0,94.1,95.0,64000
2022-09-08,94.5,94.5,94.9,94.2,94.9,27000
2022-09-09,107.0,107.0,108.0,107.0,108.0,43988
2022-09-12,94.8,94.8,95.6,94.8,95.6,53000
2022-09-13,94.9,94.9,95.1,94.7,94.9,43000
2022-09-14,94.6,94.6,94.8,94.0,94.0,27000
2022-09-15,94.8,94.8,95.4,94.6,94.7,34000
2022-09-16,94.8,94.8,94.8,94.4,94.8,31000
2022-09-19,94.0,94.0,95.1,94.0,95.1,37000
2022-09-20,94.6,94.6,95.4,94.0,94.3,39000
2022-09-21,93.9,93.9,94.0,93.8,94.0,44000
2022-09-22,93.9,93.9,93.9,93.1,93.6,41000
2022-09-23,93.6,93.6,94.0,93.3,94.0,26000
2022-09-26,91.8,91.8,93.1,91.6,93.0,55000
2022-09-27,91.9,91.9,91.9,91.0,91.0,38000
2022-09-28,91.3,91.3,91.7,91.1,91.4,52000
2022-09-29,91.0,91.0,91.4,90.6,91.4,76000
2022-09-30,90.4,90.4,91.0,90.0,91.0,109000
2022-10-03,90.0,90.0,90.3,89.9,90.0,78000
2022-10-04,90.2,90.2,90.4,89.8,90.2,68000
2022-10-05,90.3,90.3,90.4,90.1,90.3,37000
2022-10-06,90.6,90.6,90.6,90.1,90.4,29000
2022-10-07,90.1,90.1,90.3,90.0,90.2,25000
2022-10-10,107.0,107.0,108.0,107.0,108.0,43988
2022-10-11,87.8,87.8,87.8,85.3,85.3,136000
2022-10-12,87.9,87.9,88.0,87.4,87.8,53000
2022-10-13,86.8,86.8,88.7,86.4,88.7,105000
2022-10-14,87.7,87.7,88.0,87.0,88.0,44000
2022-10-17,86.5,86.5,87.7,86.0,87.7,47000
2022-10-18,86.6,86.6,87.2,86.0,87.2,37000
2022-10-19,86.5,86.5,86.5,86.2,86.3,30000
2022-10-20,85.4,85.4,86.1,85.1,86.0,81000
2022-10-21,85.3,85.3,85.3,85.1,85.3,46000
2022-10-24,84.6,84.6,86.0,84.5,86.0,36000
2022-10-25,82.7,82.7,84.7,82.5,84.7,134000
2022-10-26,82.6,82.6,83.8,82.5,82.7,50000
2022-10-27,83.1,83.1,83.1,82.6,82.7,18000
2022-10-28,82.5,82.5,83.2,82.4,83.1,56000
2022-10-31,82.4,82.4,82.5,82.1,82.5,28000
2022-11-01,83.5,83.5,83.5,82.5,82.9,37000
2022-11-02,84.0,84.0,84.0,83.5,83.5,49000
2022-11-03,84.2,84.2,84.2,83.7,84.0,44000
2022-11-04,84.2,84.2,84.6,84.0,84.0,30000
2022-11-07,84.8,84.8,85.1,84.5,85.1,27000
2022-11-08,85.6,85.6,85.8,84.9,85.1,57000
2022-11-09,86.3,86.3,86.3,85.6,85.6,68000
2022-11-10,86.1,86.1,86.8,85.6,86.2,37000
2022-11-11,86.0,86.0,88.1,85.7,88.1,59000
2022-11-14,85.9,85.9,86.0,85.5,86.0,79000
2022-11-15,85.6,85.6,86.6,85.4,86.6,73000
2022-11-16,85.4,85.4,85.5,85.2,85.4,73000
2022-11-17,85.5,85.5,85.6,84.6,84.6,76000
2022-11-18,85.0,85.0,85.9,85.0,85.4,68000
2022-11-21,84.7,84.7,85.3,84.6,85.0,59000
2022-11-22,84.6,84.6,85.3,84.4,85.3,58000
2022-11-23,85.3,85.3,85.5,84.3,84.7,142000
2022-11-24,86.3,86.3,86.5,85.3,85.3,102000
2022-11-25,85.8,85.8,86.3,85.6,86.3,58000
2022-11-28,85.3,85.3,86.1,85.2,85.5,64000
2022-11-29,85.0,85.0,85.2,84.7,85.2,99000
2022-11-30,85.7,85.7,85.9,85.0,85.9,82000
2022-12-01,86.0,86.0,86.6,85.8,86.6,162000
2022-12-02,86.7,86.7,87.2,86.0,86.0,109000
2022-12-05,89.8,89.8,90.2,86.8,87.0,205000
2022-12-06,88.9,88.9,89.5,88.3,89.5,116000
2022-12-07,87.4,87.4,88.8,86.7,88.3,189000
2022-12-08,87.3,87.3,87.5,87.1,87.4,92000
2022-12-09,87.7,87.7,88.8,87.4,87.4,69000
2022-12-12,88.0,88.0,88.9,87.2,87.7,69000
2022-12-13,87.4,87.4,88.6,86.9,88.6,108000
2022-12-14,87.2,87.2,87.3,87.0,87.1,86000
2022-12-15,87.4,87.4,87.5,87.0,87.0,52000
2022-12-16,87.2,87.2,87.4,86.6,87.0,130000
2022-12-19,87.4,87.4,88.0,87.0,87.2,78000
2022-12-20,86.6,86.6,87.4,86.0,87.4,107000
2022-12-21,85.9,85.9,86.6,85.8,86.6,100000
2022-12-22,86.4,86.4,86.4,86.1,86.1,20000
2022-12-23,87.2,87.2,87.3,86.4,86.4,54000
2022-12-26,87.7,87.7,87.7,87.0,87.2,74000
2022-12-27,88.7,88.7,89.6,87.9,88.3,150000
2022-12-28,90.4,90.4,91.3,89.1,89.4,269000
2022-12-29,91.0,91.0,91.2,89.4,89.9,124000
2022-12-30,90.9,90.9,91.2,90.4,91.2,58000
2023-01-02,107.0,107.0,108.0,107.0,108.0,43988
2023-01-03,90.3,90.3,90.9,89.8,90.9,59000
2023-01-04,89.2,89.2,90.2,88.6,89.9,103000
2023-01-05,88.8,88.8,89.2,88.1,89.2,146000
2023-01-06,88.7,88.7,88.7,87.5,88.6,111000
2023-01-09,89.2,89.2,89.4,88.1,89.2,124000
2023-01-10,88.7,88.7,89.0,88.3,89.0,109000
2023-01-11,88.6,88.6,89.0,88.5,88.7,93000
2023-01-12,88.5,88.5,89.0,88.4,89.0,94000
2023-01-13,90.4,90.4,90.5,89.0,89.0,134000
2023-01-16,90.0,90.0,90.8,89.7,90.8,82000
2023-01-17,91.3,91.3,91.4,90.0,90.0,130000
2023-01-18,107.0,107.0,108.0,107.0,108.0,43988
2023-01-19,107.0,107.0,108.0,107.0,108.0,43988
2023-01-20,107.0,107.0,108.0,107.0,108.0,43988
2023-01-23,107.0,107.0,108.0,107.0,108.0,43988
2023-01-24,107.0,107.0,108.0,107.0,108.0,43988
2023-01-25,107.0,107.0,108.0,107.0,108.0,43988
2023-01-26,107.0,107.0,108.0,107.0,108.0,43988
2023-01-27,107.0,107.0,108.0,107.0,108.0,43988
2023-01-30,93.7,93.7,94.2,91.5,92.5,226000
2023-01-31,93.0,93.0,93.6,91.9,93.5,117000
2023-02-01,92.9,92.9,93.2,92.2,93.0,60000
2023-02-02,93.9,93.9,94.4,92.9,92.9,102000
2023-02-03,94.2,94.2,95.1,94.0,95.1,212000
2023-02-06,94.3,94.3,94.4,93.2,94.0,70000
2023-02-07,94.2,94.2,94.3,93.7,94.3,110000
2023-02-08,95.4,95.4,95.8,94.3,94.3,164000
2023-02-09,95.1,95.1,95.1,94.6,95.0,73000
2023-02-10,94.5,94.5,94.8,94.5,94.8,58000
2023-02-13,94.6,94.6,94.8,94.0,94.7,61000
2023-02-14,94.8,94.8,95.0,94.5,95.0,26000
2023-02-15,94.5,94.5,95.0,94.1,95.0,56000
2023-02-16,94.6,94.6,94.6,94.3,94.5,31000
2023-02-17,94.6,94.6,94.6,94.0,94.6,73000
2023-02-20,94.7,94.7,95.3,94.4,94.6,147000
2023-02-21,95.8,95.8,95.8,94.6,94.7,161000
2023-02-22,95.5,95.5,95.8,95.1,95.8,105000
2023-02-23,96.1,96.1,96.5,95.6,95.6,90000
2023-02-24,96.2,96.2,96.3,95.6,96.3,68000
2023-02-27,107.0,107.0,108.0,107.0,108.0,43988
2023-02-28,107.0,107.0,108.0,107.0,108.0,43988
2023-03-01,97.4,97.4,98.8,96.0,96.0,203000
2023-03-02,97.1,97.1,97.5,96.7,97.4,87000
2023-03-03,98.0,98.0,98.3,97.1,97.5,100000
2023-03-06,99.7,99.7,100.5,98.1,98.1,253000
2023-03-07,103.5,103.5,104.5,100.5,100.5,454000
2023-03-08,103.5,103.5,103.5,101.5,102.5,165000
2023-03-09,102.0,102.0,104.5,101.5,104.5,215000
2023-03-10,101.0,101.0,101.0,99.4,100.5,235000
2023-03-13,101.0,101.0,102.5,98.8,101.5,236000
2023-03-14,101.0,101.0,101.5,100.0,100.5,59000
2023-03-15,101.0,101.0,102.5,101.0,102.5,51000
2023-03-16,99.0,99.0,101.0,99.0,99.9,149000
2023-03-17,100.0,100.0,100.0,99.1,100.0,94000
2023-03-20,100.0,100.0,100.5,99.3,100.5,67000
2023-03-21,101.0,101.0,101.0,100.0,100.5,73000
2023-03-22,101.0,101.0,102.0,100.5,102.0,54000
2023-03-23,101.5,101.5,101.5,100.5,101.0,60000
2023-03-24,100.5,100.5,102.0,99.9,102.0,163000
2023-03-27,102.0,102.0,102.0,101.0,101.0,77000
2023-03-28,101.0,101.0,101.5,100.5,101.5,170000
2023-03-29,101.0,101.0,101.5,100.5,101.0,88000
2023-03-30,101.0,101.0,102.0,100.5,102.0,65000
2023-03-31,101.5,101.5,102.0,100.5,101.0,83000
2023-04-03,107.0,107.0,108.0,107.0,108.0,43988
2023-04-04,107.0,107.0,108.0,107.0,108.0,43988
2023-04-05,107.0,107.0,108.0,107.0,108.0,43988
2023-04-06,100.0,100.0,101.5,99.9,101.5,183000
2023-04-07,100.0,100.0,100.5,99.9,100.5,97000
2023-04-10,102.0,102.0,102.0,100.5,100.5,80000
2023-04-11,103.5,103.5,104.5,103.0,103.0,309000
2023-04-12,107.0,107.0,108.0,106.0,106.0,533000
2023-04-13,107.5,107.5,108.0,106.5,107.0,159000
2023-04-14,106.0,106.0,107.5,105.5,107.5,248000
2023-04-17,106.5,106.5,107.0,106.0,107.0,159000
2023-04-18,106.0,106.0,106.5,105.0,106.5,160000
2023-04-19,107.0,107.0,107.0,106.0,106.0,126000
2023-04-20,106.0,106.0,107.5,105.0,107.5,196000
2023-04-21,103.5,103.5,105.5,103.5,105.5,150000
2023-04-24,103.5,103.5,104.0,102.5,103.5,68000
2023-04-25,102.0,102.0,104.5,101.5,104.0,149000
2023-04-26,104.0,104.0,104.0,100.5,102.0,189000
2023-04-27,103.5,103.5,105.0,103.0,103.5,79000
2023-04-28,105.0,105.0,105.0,103.5,104.5,37000
2023-05-01,107.0,107.0,108.0,107.0,108.0,43988
2023-05-02,104.5,104.5,105.5,104.0,105.0,64000
2023-05-03,105.0,105.0,106.0,104.0,104.0,76000
2023-05-04,105.5,105.5,105.5,104.5,105.0,31000
2023-05-05,105.5,105.5,106.0,105.0,105.5,60000
2023-05-08,109.5,109.5,109.5,106.5,106.5,656000
2023-05-09,115.0,115.0,116.0,111.0,111.0,1501000
2023-05-10,117.5,117.5,122.5,117.0,118.0,1613000
2023-05-11,119.5,119.5,120.5,116.5,119.5,1023000
2023-05-12,119.5,119.5,121.5,118.0,119.0,686000
2023-05-15,120.0,120.0,121.5,119.0,119.5,392000
2023-05-16,121.0,121.0,121.5,119.5,121.0,365000
2023-05-17,127.5,127.5,132.0,122.5,122.5,1551000
2023-05-18,129.0,129.0,130.5,126.5,128.0,942000
2023-05-19,128.5,128.5,129.5,127.5,129.5,317000
2023-05-22,128.5,128.5,128.5,126.5,128.5,298000
2023-05-23,130.5,130.5,132.0,128.5,129.5,505000
2023-05-24,135.0,135.0,135.5,129.5,130.5,656000
2023-05-25,133.0,133.0,138.0,132.5,135.5,426000
2023-05-26,130.0,130.0,134.0,129.0,134.0,499000
2023-05-29,131.0,131.0,133.0,130.0,133.0,332000
2023-05-30,132.0,132.0,132.0,130.0,131.0,185000
2023-05-31,132.5,132.5,134.0,130.5,132.0,238000
2023-06-01,135.5,135.5,135.5,131.5,132.5,330000
2023-06-02,133.0,133.0,137.0,133.0,136.0,295000
2023-06-05,131.0,131.0,132.5,129.0,132.5,534000
2023-06-06,133.0,133.0,133.0,131.0,132.5,113000
2023-06-07,134.5,134.5,134.5,133.0,134.0,152000
2023-06-08,131.5,131.5,133.5,131.0,131.0,225000
2023-06-09,124.5,124.5,129.0,123.0,129.0,1233000
2023-06-12,127.0,127.0,127.5,124.0,125.0,386000
2023-06-13,124.5,124.5,126.5,124.5,126.0,316000
2023-06-14,126.5,126.5,127.5,124.5,124.5,183000
2023-06-15,128.0,128.0,128.5,126.5,127.5,211000
2023-06-16,130.0,130.0,131.0,128.0,128.5,239000
2023-06-19,129.0,129.0,130.5,128.5,130.0,125000
2023-06-20,128.5,128.5,129.0,128.0,129.0,100000
2023-06-21,130.5,130.5,130.5,128.0,130.0,265000
2023-06-22,107.0,107.0,108.0,107.0,108.0,43988
2023-06-23,107.0,107.0,108.0,107.0,108.0,43988
2023-06-26,128.0,128.0,130.0,127.5,129.5,138000
2023-06-27,126.0,126.0,128.5,126.0,128.0,170000
2023-06-28,126.0,126.0,127.5,126.0,126.5,85000
2023-06-29,125.5,125.5,126.0,125.0,126.0,74000
2023-06-30,124.5,124.5,125.0,123.5,125.0,152000
2023-07-03,126.0,126.0,129.0,125.0,125.0,127000
2023-07-04,126.5,126.5,127.0,125.0,126.0,127000
2023-07-05,126.5,126.5,126.5,125.5,126.0,106000
2023-07-06,128.0,128.0,128.5,125.0,125.5,341000
2023-07-07,120.5,120.5,122.0,119.5,121.5,375000
2023-07-10,121.0,121.0,122.5,117.0,120.0,213000
2023-07-11,129.5,129.5,132.0,124.0,126.5,957000
2023-07-12,128.0,128.0,134.0,127.5,130.0,454000
2023-07-13,128.0,128.0,130.0,126.5,128.0,209000
2023-07-14,130.5,130.5,132.5,127.5,127.5,346000
2023-07-17,130.5,130.5,131.5,130.0,131.0,171000
2023-07-18,127.5,127.5,130.0,125.0,130.0,300000
2023-07-19,132.0,132.0,135.0,127.5,127.5,453000
2023-07-20,130.5,130.5,133.0,130.0,132.0,107000
2023-07-21,132.0,132.0,132.0,130.0,130.0,105000
2023-07-24,130.0,130.0,134.0,130.0,132.0,118000
2023-07-25,131.0,131.0,131.5,129.5,130.0,76000
2023-07-26,134.5,134.5,136.0,130.5,130.5,527000
2023-07-27,136.0,136.0,137.5,134.5,134.5,317000
2023-07-28,134.5,134.5,136.5,134.0,136.0,142000
2023-07-31,132.0,132.0,135.0,131.5,135.0,200000
2023-08-01,131.5,131.5,132.5,130.0,132.0,172000
2023-08-02,132.0,132.0,133.0,131.5,131.5,142000
2023-08-03,107.0,107.0,108.0,107.0,108.0,43988
2023-08-04,134.0,134.0,134.0,131.5,131.5,127000
2023-08-07,137.0,137.0,137.0,133.0,134.5,219000
2023-08-08,136.5,136.5,138.5,136.0,136.0,156000
2023-08-09,132.0,132.0,134.0,131.0,134.0,492000
2023-08-10,127.5,127.5,131.5,126.5,131.5,436000
2023-08-11,128.5,128.5,130.5,127.0,127.5,162000
2023-08-14,122.5,122.5,127.5,120.0,127.5,1164000
2023-08-15,123.5,123.5,124.0,115.5,122.5,570000
2023-08-16,125.0,125.0,125.5,121.0,121.0,164000
2023-08-17,127.0,127.0,127.5,123.5,124.0,155000
2023-08-18,125.5,125.5,127.5,125.0,127.0,197000
2023-08-21,123.5,123.5,125.5,122.5,125.5,168000
2023-08-22,123.5,123.5,124.5,123.0,124.5,75000
2023-08-23,123.5,123.5,124.0,122.5,123.0,114000
2023-08-24,124.0,124.0,125.0,123.0,123.5,99000
2023-08-25,123.0,123.0,124.0,122.5,123.0,36000
2023-08-28,121.0,121.0,123.5,120.5,123.0,193000
2023-08-29,120.5,120.5,121.5,120.0,121.5,55000
2023-08-30,122.0,122.0,122.5,120.5,121.5,84000
2023-08-31,121.5,121.5,122.5,121.5,122.0,63000
2023-09-01,123.0,123.0,124.5,122.0,122.5,80000
2023-09-04,123.5,123.5,123.5,122.5,122.5,45000
2023-09-05,125.0,125.0,125.0,123.5,123.5,62000
2023-09-06,125.0,125.0,125.5,124.5,125.0,62000
2023-09-07,125.0,125.0,125.5,125.0,125.0,55000
2023-09-08,125.5,125.5,125.5,122.5,125.0,197000
2023-09-11,128.5,128.5,131.0,127.5,129.5,229000
2023-09-12,130.0,130.0,131.0,129.0,129.5,199000
2023-09-13,128.5,128.5,130.5,128.0,130.5,163000
2023-09-14,129.5,129.5,130.0,129.0,129.0,71000
2023-09-15,129.0,129.0,130.5,128.5,130.5,65000
2023-09-18,129.0,129.0,129.5,128.5,129.0,73000
2023-09-19,129.0,129.0,130.0,128.5,128.5,78000
2023-09-20,128.5,128.5,129.5,127.5,129.5,74000
2023-09-21,125.5,125.5,128.5,125.5,128.5,170000
2023-09-22,126.0,126.0,126.5,125.0,125.0,52000
2023-09-25,128.5,128.5,128.5,125.0,125.0,40000
2023-09-26,126.5,126.5,128.0,126.5,128.0,32000
2023-09-27,125.5,125.5,126.5,125.5,126.5,37000
2023-09-28,127.0,127.0,127.0,125.0,125.0,61000
2023-09-29,107.0,107.0,108.0,107.0,108.0,43988
2023-10-02,125.5,125.5,126.5,124.5,126.0,131000
2023-10-03,126.5,126.5,127.0,125.5,125.5,54000
2023-10-04,126.5,126.5,127.5,126.0,126.5,83000
2023-10-05,127.5,127.5,127.5,126.0,126.5,63000
2023-10-06,129.0,129.0,129.0,127.5,128.0,99000
2023-10-09,107.0,107.0,108.0,107.0,108.0,43988
2023-10-10,107.0,107.0,108.0,107.0,108.0,43988
2023-10-11,128.0,128.0,131.0,127.5,130.0,158000
2023-10-12,133.5,133.5,136.0,131.0,131.0,512000
2023-10-13,135.0,135.0,135.5,132.5,134.0,255000
2023-10-16,135.0,135.0,135.5,133.5,134.5,110000
2023-10-17,136.5,136.5,137.0,135.0,137.0,278000
2023-10-18,136.5,136.5,136.5,136.0,136.5,154000
2023-10-19,137.0,137.0,137.0,136.0,136.0,230000
2023-10-20,142.0,142.0,143.5,137.5,137.5,634000
2023-10-23,141.0,141.0,142.5,139.0,142.5,269000
2023-10-24,144.0,144.0,144.0,140.0,141.5,234000
2023-10-25,145.5,145.5,146.5,143.5,146.0,291000
2023-10-26,145.5,145.5,146.5,143.5,145.0,155000
2023-10-27,143.0,143.0,147.5,143.0,147.5,174000
2023-10-30,143.0,143.0,144.5,141.5,144.5,103000
2023-10-31,144.0,144.0,144.0,142.0,144.0,131000
2023-11-01,146.5,146.5,147.0,145.0,145.0,224000
2023-11-02,147.0,147.0,147.5,144.5,147.5,118000
2023-11-03,147.5,147.5,148.0,145.5,147.5,104000
2023-11-06,146.5,146.5,148.5,145.5,148.5,131000
2023-11-07,145.0,145.0,147.0,143.5,147.0,123000
2023-11-08,144.5,144.5,145.5,144.0,145.5,59000
2023-11-09,146.5,146.5,147.0,143.5,143.5,163000
2023-11-10,150.0,150.0,150.0,146.5,146.5,174000
2023-11-13,149.5,149.5,152.0,144.5,152.0,551000
2023-11-14,153.0,153.0,154.0,146.5,150.0,374000
2023-11-15,156.0,156.0,160.5,155.5,158.0,657000
2023-11-16,157.0,157.0,157.5,154.0,156.0,162000
2023-11-17,156.0,156.0,159.5,155.5,156.0,202000
2023-11-20,155.5,155.5,155.5,154.0,154.5,126000
2023-11-21,154.5,154.5,157.0,154.0,157.0,89000
2023-11-22,153.0,153.0,154.0,152.5,153.0,99000
2023-11-23,152.0,152.0,155.0,151.5,152.5,138000
2023-11-24,154.0,154.0,154.0,150.0,151.5,124000
2023-11-27,154.0,154.0,154.0,152.0,152.0,33000
2023-11-28,154.0,154.0,154.5,153.0,153.5,51000
2023-11-29,152.5,152.5,155.0,152.5,154.0,66000
2023-11-30,153.0,153.0,154.0,152.5,152.5,40000
2023-12-01,155.0,155.0,158.0,154.0,154.5,191000
2023-12-04,156.5,156.5,157.0,155.0,155.0,96000
2023-12-05,155.5,155.5,156.5,153.5,156.0,108000
2023-12-06,156.5,156.5,156.5,154.0,154.5,124000
2023-12-07,156.0,156.0,156.5,155.0,156.5,77000
2023-12-08,157.0,157.0,157.5,155.0,155.0,87000
2023-12-11,147.5,147.5,149.5,145.5,149.5,779000
2023-12-12,146.5,146.5,148.5,145.0,147.5,263000
2023-12-13,149.0,149.0,149.0,145.5,146.0,212000
2023-12-14,150.0,150.0,150.5,148.5,150.5,141000
2023-12-15,151.5,151.5,151.5,150.0,150.0,114000
2023-12-18,149.5,149.5,152.0,149.5,151.5,160000
2023-12-19,147.0,147.0,149.5,147.0,149.0,146000
2023-12-20,148.5,148.5,149.0,147.0,147.0,34000
2023-12-21,147.5,147.5,149.5,147.5,148.0,41000
2023-12-22,148.0,148.0,148.5,146.0,148.5,71000
2023-12-25,146.5,146.5,149.0,146.5,147.0,56000
2023-12-26,147.0,147.0,147.0,146.0,146.0,41000
2023-12-27,147.0,147.0,147.0,146.0,146.5,43000
2023-12-28,147.0,147.0,147.5,146.5,147.0,65000
2023-12-29,153.0,153.0,153.0,146.5,147.0,179000
2024-01-01,107.0,107.0,108.0,107.0,108.0,43988
2024-01-02,149.0,149.0,151.5,148.5,151.5,79000
2024-01-03,148.5,148.5,149.0,147.0,147.5,70000
2024-01-04,147.0,147.0,148.5,146.5,147.5,105000
2024-01-05,147.0,147.0,148.0,145.0,146.5,112000
2024-01-08,146.5,146.5,148.5,146.5,147.0,42000
2024-01-09,146.5,146.5,148.0,146.0,147.5,40000
2024-01-10,150.0,150.0,153.0,149.0,151.0,303000
2024-01-11,150.0,150.0,152.0,150.0,151.0,106000
2024-01-12,149.0,149.0,150.0,148.5,150.0,42000
2024-01-15,149.5,149.5,150.0,149.0,149.5,33000
2024-01-16,149.0,149.0,149.5,148.0,149.0,74000
2024-01-17,147.5,147.5,149.0,147.0,148.0,90000
2024-01-18,146.5,146.5,148.5,146.0,147.0,68000
2024-01-19,146.5,146.5,148.0,146.0,147.0,55000
2024-01-22,146.5,146.5,148.5,146.5,146.5,24000
2024-01-23,146.5,146.5,147.0,146.0,146.0,38000
2024-01-24,146.5,146.5,147.0,146.0,146.5,74000
2024-01-25,148.5,148.5,149.0,146.5,146.5,48000
2024-01-26,148.0,148.0,148.5,147.0,147.5,53000
2024-01-29,148.0,148.0,148.0,147.5,148.0,30000
2024-01-30,147.0,147.0,148.5,146.5,148.5,39000
2024-01-31,147.0,147.0,147.5,146.5,146.5,57000
2024-02-01,147.0,147.0,147.5,146.5,146.5,64000
2024-02-02,147.0,147.0,147.5,146.5,147.0,47000
2024-02-05,146.5,146.5,147.0,146.0,147.0,46000
2024-02-06,107.0,107.0,108.0,107.0,108.0,43988
2024-02-07,107.0,107.0,108.0,107.0,108.0,43988
2024-02-08,107.0,107.0,108.0,107.0,108.0,43988
2024-02-09,107.0,107.0,108.0,107.0,108.0,43988
2024-02-12,107.0,107.0,108.0,107.0,108.0,43988
2024-02-13,107.0,107.0,108.0,107.0,108.0,43988
2024-02-14,107.0,107.0,108.0,107.0,108.0,43988
2024-02-15,147.5,147.5,150.0,147.5,149.0,112000
2024-02-16,149.0,149.0,149.0,147.5,147.5,101000
2024-02-19,152.5,152.5,153.0,149.0,149.0,161000
2024-02-20,149.5,149.5,152.5,148.5,152.5,124000
2024-02-21,150.5,150.5,152.0,149.5,149.5,144000
2024-02-22,150.0,150.0,152.0,149.5,152.0,68000
2024-02-23,152.0,152.0,153.0,150.0,150.5,252000
2024-02-26,151.5,151.5,153.0,150.5,153.0,91000
2024-02-27,152.0,152.0,153.0,151.0,152.0,120000
2024-02-28,107.0,107.0,108.0,107.0,108.0,43988
2024-02-29,153.0,153.0,153.0,151.5,153.0,119000
2024-03-01,154.0,154.0,154.0,153.0,153.5,77000
2024-03-04,154.5,154.5,155.5,154.5,154.5,121000
2024-03-05,155.0,155.0,156.0,154.0,155.0,97000
2024-03-06,155.5,155.5,156.5,155.0,155.0,102000
2024-03-07,156.5,156.5,156.5,154.5,155.5,149000
2024-03-08,158.0,158.0,159.5,156.5,156.5,382000
2024-03-11,157.5,157.5,158.0,153.0,153.0,159000
2024-03-12,158.5,158.5,158.5,156.0,158.0,97000
2024-03-13,158.5,158.5,160.5,158.0,159.5,124000
2024-03-14,161.5,161.5,165.5,160.0,161.0,458000
2024-03-15,161.0,161.0,164.0,160.5,164.0,120000
2024-03-18,161.5,161.5,163.0,160.0,163.0,76000
2024-03-19,160.5,160.5,162.0,160.5,161.5,68000
2024-03-20,159.5,159.5,161.0,158.5,160.5,128000
2024-03-21,158.0,158.0,160.0,155.0,160.0,209000
2024-03-22,158.0,158.0,158.0,156.5,158.0,83000
2024-03-25,162.0,162.0,163.5,158.0,158.0,175000
2024-03-26,158.5,158.5,162.5,157.0,162.5,109000
2024-03-27,159.0,159.0,161.0,158.0,160.0,95000
2024-03-28,159.0,159.0,161.0,158.5,159.0,125000
2024-03-29,160.0,160.0,160.0,159.0,159.0,27000
2024-04-01,159.5,159.5,160.0,158.5,160.0,53000
2024-04-02,159.0,159.0,162.0,158.5,159.0,161000
2024-04-03,159.5,159.5,159.5,157.0,159.0,52000
2024-04-04,107.0,107.0,108.0,107.0,108.0,43988
2024-04-05,107.0,107.0,108.0,107.0,108.0,43988
2024-04-08,158.5,158.5,159.5,158.0,159.5,77000
2024-04-09,157.0,157.0,159.0,156.5,159.0,96000
2024-04-10,154.5,154.5,156.0,152.0,153.0,513000
2024-04-11,153.0,153.0,154.0,153.0,153.5,165000
2024-04-12,152.5,152.5,154.0,152.5,153.0,113000
2024-04-15,150.5,150.5,152.5,150.5,152.5,154000
2024-04-16,150.0,150.0,152.5,149.0,150.5,300000
2024-04-17,151.5,151.5,151.5,150.5,150.5,77000
2024-04-18,152.5,152.5,152.5,151.5,151.5,76000
2024-04-19,151.5,151.5,152.0,150.0,151.0,143000
2024-04-22,151.5,151.5,152.5,151.5,151.5,52000
2024-04-23,153.0,153.0,153.5,151.5,151.5,41000
2024-04-24,153.5,153.5,158.0,153.5,153.5,156000
2024-04-25,153.5,153.5,154.0,153.5,153.5,28000
2024-04-26,154.0,154.0,158.0,153.5,153.5,139000
2024-04-29,154.5,154.5,155.0,154.0,154.0,45000
2024-04-30,155.5,155.5,157.0,155.0,155.0,60000
2024-05-01,107.0,107.0,108.0,107.0,108.0,43988
2024-05-02,156.0,156.0,156.5,154.5,154.5,71000
2024-05-03,156.5,156.5,157.0,155.5,156.5,38000
2024-05-06,155.5,155.5,156.5,155.0,155.5,47000
2024-05-07,155.0,155.0,157.5,154.0,155.5,86000
2024-05-08,155.0,155.0,155.5,154.5,155.5,64000
2024-05-09,155.5,155.5,156.0,154.5,154.5,86000
2024-05-10,158.5,158.5,162.5,157.0,157.5,502000
2024-05-13,159.0,159.0,160.0,157.5,159.5,82000
2024-05-14,158.0,158.0,159.5,158.0,159.5,50000
2024-05-15,159.0,159.0,162.5,158.5,159.0,266000
2024-05-16,159.0,159.0,160.5,159.0,159.5,41000
2024-05-17,158.5,158.5,159.5,158.5,158.5,44000
2024-05-20,158.5,158.5,159.0,158.0,158.0,20000
2024-05-21,157.0,157.0,158.5,157.0,158.5,67000
2024-05-22,158.0,158.0,158.0,156.5,157.0,69000
2024-05-23,156.5,156.5,157.5,156.0,157.0,83000
2024-05-24,156.5,156.5,156.5,154.5,155.5,131000
2024-05-27,156.0,156.0,157.5,155.5,156.5,50000
2024-05-28,157.0,157.0,157.5,156.5,157.0,34000
2024-05-29,156.5,156.5,157.0,156.0,156.0,28000
2024-05-30,156.5,156.5,157.0,155.5,155.5,22000
2024-05-31,156.0,156.0,156.5,155.5,156.0,53000
2024-06-03,157.0,157.0,157.0,156.0,156.5,13000
2024-06-04,157.5,157.5,158.0,156.5,158.0,45000
2024-06-05,157.0,157.0,158.0,156.5,158.0,34000
2024-06-06,157.5,157.5,157.5,156.5,157.0,26000
2024-06-07,157.5,157.5,157.5,156.5,157.5,36000
2024-06-10,107.0,107.0,108.0,107.0,108.0,43988
2024-06-11,159.0,159.0,162.0,158.5,162.0,149000
2024-06-12,159.5,159.5,160.5,158.5,160.5,62000
2024-06-13,159.5,159.5,160.5,158.5,160.0,71000
2024-06-14,159.5,159.5,160.5,159.0,160.0,56000
2024-06-17,158.5,158.5,160.0,158.5,159.0,75000
2024-06-18,159.0,159.0,159.5,158.5,159.0,24000
2024-06-19,160.5,160.5,160.5,159.5,160.0,76000
2024-06-20,161.0,161.0,161.5,160.0,160.5,82000
2024-06-21,161.0,161.0,161.0,160.5,160.5,46000
2024-06-24,162.0,162.0,162.0,161.0,162.0,118000
2024-06-25,161.5,161.5,163.0,160.5,161.0,136000
2024-06-26,161.5,161.5,162.5,161.5,161.5,103000
2024-06-27,160.5,160.5,162.0,160.5,160.5,89000
2024-06-28,161.0,161.0,161.0,159.5,160.5,132000
2024-07-01,160.5,160.5,160.5,159.0,160.5,87000
2024-07-02,160.0,160.0,160.5,158.0,160.5,321000
2024-07-03,160.0,160.0,161.0,160.0,160.0,330000
2024-07-04,154.0,154.0,154.0,151.5,151.5,309000
2024-07-05,154.0,154.0,154.0,153.0,154.0,80000
2024-07-08,153.0,153.0,154.5,153.0,154.0,50000
2024-07-09,151.5,151.5,153.0,151.0,153.0,124000
2024-07-10,151.5,151.5,152.0,150.5,152.0,128000
2024-07-11,150.5,150.5,151.0,150.0,151.0,157000
2024-07-12,149.5,149.5,150.5,149.0,150.0,127000
2024-07-15,148.0,148.0,149.5,147.5,149.5,135000
2024-07-16,147.5,147.5,148.0,147.0,148.0,96000
2024-07-17,147.5,147.5,148.0,147.0,147.5,78000
2024-07-18,146.5,146.5,147.5,146.5,147.5,72000
2024-07-19,145.0,145.0,147.5,144.0,147.5,205000
2024-07-22,142.0,142.0,145.0,141.5,145.0,262000
2024-07-23,143.0,143.0,143.5,142.5,143.0,103000
2024-07-24,107.0,107.0,108.0,107.0,108.0,43988
2024-07-25,107.0,107.0,108.0,107.0,108.0,43988
2024-07-26,141.0,141.0,143.0,140.5,143.0,124000
2024-07-29,143.0,143.0,143.0,141.0,142.0,66000
2024-07-30,144.0,144.0,144.0,141.5,143.0,68000
2024-07-31,147.0,147.0,147.0,144.5,146.0,92000
2024-08-01,148.5,148.5,148.5,146.5,147.5,82000
2024-08-02,148.0,148.0,148.0,145.0,147.0,65000
2024-08-05,140.5,140.5,145.0,139.5,144.5,275000
2024-08-06,141.0,141.0,142.0,137.0,140.0,128000
2024-08-07,144.0,144.0,145.0,141.0,141.5,77000
2024-08-08,144.0,144.0,144.5,142.0,142.5,14000
2024-08-09,147.5,147.5,148.0,146.5,147.0,72000
2024-08-12,151.5,151.5,153.5,150.0,151.0,224000
2024-08-13,152.0,152.0,152.5,151.0,152.0,105000
2024-08-14,152.0,152.0,154.0,152.0,153.0,72000
2024-08-15,154.0,154.0,154.0,152.5,153.5,143000
2024-08-16,154.5,154.5,154.5,153.5,154.0,47000
2024-08-19,154.0,154.0,155.0,152.5,155.0,73000
2024-08-20,153.0,153.0,154.0,153.0,153.5,11000
2024-08-21,153.5,153.5,153.5,152.0,153.0,46000
2024-08-22,153.0,153.0,154.0,153.0,153.5,23000
2024-08-23,152.5,152.5,153.0,152.0,153.0,47000
2024-08-26,153.0,153.0,154.0,152.0,153.0,68000
2024-08-27,152.0,152.0,152.5,151.0,152.5,43000
2024-08-28,152.5,152.5,152.5,151.0,152.0,29000
2024-08-29,156.0,156.0,156.0,153.0,153.0,258000
2024-08-30,154.5,154.5,156.5,154.0,156.0,71000
2024-09-02,152.5,152.5,156.0,152.5,155.0,69000
2024-09-03,152.5,152.5,152.5,151.5,152.5,47000
2024-09-04,151.0,151.0,151.5,150.5,151.0,58000
2024-09-05,152.5,152.5,153.0,151.5,151.5,35000
2024-09-06,152.5,152.5,153.0,151.0,151.5,22000
2024-09-09,153.5,153.5,153.5,151.5,152.0,40000
2024-09-10,148.5,148.5,151.5,148.5,151.5,114000
2024-09-11,150.0,150.0,150.0,145.5,145.5,59000
2024-09-12,149.0,149.0,149.5,149.0,149.5,15000
2024-09-13,149.0,149.0,150.0,148.5,150.0,24000
2024-09-16,148.0,148.0,149.5,148.0,149.5,19000
2024-09-17,107.0,107.0,108.0,107.0,108.0,43988
2024-09-18,146.5,146.5,148.0,145.5,148.0,70000
2024-09-19,146.5,146.5,148.0,146.5,147.0,24000
2024-09-20,146.5,146.5,148.0,145.5,148.0,142000
2024-09-23,145.5,145.5,146.5,145.5,146.5,30000
2024-09-24,146.5,146.5,146.5,146.0,146.5,35000
2024-09-25,146.5,146.5,147.5,146.0,147.5,44000
2024-09-26,147.5,147.5,148.0,147.0,148.0,24000
2024-09-27,147.5,147.5,148.5,147.0,148.0,34000
2024-09-30,151.5,151.5,151.5,147.0,147.5,96000
2024-10-01,151.5,151.5,151.5,149.0,150.0,57000
2024-10-02,107.0,107.0,108.0,107.0,108.0,43988
2024-10-03,107.0,107.0,108.0,107.0,108.0,43988
2024-10-04,149.5,149.5,151.5,149.5,150.0,28000
2024-10-07,149.0,149.0,151.5,148.5,150.0,40000
2024-10-08,148.0,148.0,149.0,148.0,149.0,20000
2024-10-09,149.0,149.0,150.0,147.5,149.5,37000
2024-10-10,107.0,107.0,108.0,107.0,108.0,43988
2024-10-11,147.5,147.5,149.0,147.5,149.0,32000
2024-10-14,146.5,146.5,149.5,146.5,149.5,46000
2024-10-15,145.5,145.5,148.5,145.0,148.5,86000
2024-10-16,145.5,145.5,146.0,145.0,145.5,37000
2024-10-17,146.0,146.0,147.5,146.0,147.5,24000
2024-10-18,144.5,144.5,146.0,143.5,146.0,106000
2024-10-21,144.5,144.5,145.5,144.5,145.0,24000
2024-10-22,145.0,145.0,146.0,144.5,146.0,24000
2024-10-23,145.5,145.5,145.5,145.0,145.5,17000
2024-10-24,144.5,144.5,145.0,144.0,144.0,15000
2024-10-25,144.5,144.5,145.0,144.0,145.0,23000
2024-10-28,144.0,144.0,145.5,144.0,145.0,37000
2024-10-29,143.0,143.0,144.0,141.5,144.0,81000
2024-10-30,143.0,143.0,145.0,142.5,143.0,26000
2024-10-31,107.0,107.0,108.0,107.0,108.0,43988
2024-11-01,143.0,143.0,143.0,142.0,142.5,23000
2024-11-04,144.0,144.0,146.0,144.0,146.0,20000
2024-11-05,143.0,143.0,144.0,142.0,143.5,44000
2024-11-06,143.5,143.5,144.0,143.0,143.5,18000
2024-11-07,147.5,147.5,149.5,144.5,145.0,108000
2024-11-08,148.0,148.0,149.5,147.5,149.5,91000
2024-11-11,148.0,148.0,149.0,148.0,148.5,46000
2024-11-12,147.5,147.5,149.5,147.5,148.0,69000
2024-11-13,148.0,148.0,148.0,147.5,148.0,34000
2024-11-14,146.5,146.5,148.0,146.5,147.5,38000
2024-11-15,147.5,147.5,148.5,146.5,147.0,64000
2024-11-18,147.0,147.0,147.5,147.0,147.0,23000
2024-11-19,147.5,147.5,148.0,146.5,146.5,16000
2024-11-20,147.0,147.0,147.5,146.5,146.5,46000
2024-11-21,147.0,147.0,147.5,146.5,146.5,66000
2024-11-22,146.5,146.5,148.0,146.5,147.0,110000
2024-11-25,147.0,147.0,148.0,146.0,147.0,66000
2024-11-26,148.5,148.5,148.5,147.0,147.0,46000
2024-11-27,147.0,147.0,148.5,147.0,148.0,37000
2024-11-28,146.0,146.0,146.0,145.5,146.0,54000
2024-11-29,145.0,145.0,146.0,145.0,145.0,74000
2024-12-02,146.0,146.0,146.0,145.0,145.0,37000
2024-12-03,146.0,146.0,146.0,144.5,145.5,61000
2024-12-04,145.0,145.0,145.5,144.5,145.5,50000
2024-12-05,145.0,145.0,146.0,144.5,145.0,68000
2024-12-06,145.0,145.0,146.5,144.5,145.0,73000
2024-12-09,145.0,145.0,146.0,145.0,145.0,41000
2024-12-10,146.0,146.0,150.0,145.5,150.0,179000
2024-12-11,146.0,146.0,147.0,146.0,146.5,35000
2024-12-12,146.5,146.5,147.5,146.0,146.5,27000
2024-12-13,146.0,146.0,146.5,145.5,146.0,41000
2024-12-16,144.0,144.0,146.0,143.5,146.0,110000
2024-12-17,144.5,144.5,145.5,144.0,144.0,39000
2024-12-18,145.5,145.5,145.5,144.5,145.0,25000
2024-12-19,144.5,144.5,146.0,143.5,146.0,64000
2024-12-20,144.5,144.5,145.0,144.0,144.5,16000
2024-12-23,145.5,145.5,145.5,145.0,145.0,14000
2024-12-24,146.0,146.0,146.0,145.0,145.5,37000
2024-12-25,146.0,146.0,146.0,145.5,146.0,14000
2024-12-26,145.5,145.5,146.0,145.0,146.0,9000
2024-12-27,146.5,146.5,146.5,146.0,146.0,15000
2024-12-30,147.0,147.0,147.5,146.5,147.0,34000
2024-12-31,147.5,147.5,147.5,146.0,147.0,29000
2025-01-01,107.0,107.0,108.0,107.0,108.0,43988
2025-01-02,147.0,147.0,147.5,146.5,147.5,35000
2025-01-03,146.0,146.0,147.0,146.0,147.0,29000
2025-01-06,147.0,147.0,147.0,146.0,146.5,25000
2025-01-07,147.0,147.0,147.5,146.5,147.0,40000
2025-01-08,147.0,147.0,147.5,145.0,147.5,44000
2025-01-09,150.5,150.5,155.0,150.0,150.5,297000
2025-01-10,149.5,149.5,153.0,149.0,153.0,70000
2025-01-13,148.5,148.5,150.5,147.0,150.5,79000
2025-01-14,148.5,148.5,149.0,148.0,148.5,31000
2025-01-15,148.5,148.5,148.5,147.5,148.5,33000
2025-01-16,149.0,149.0,149.0,148.0,149.0,42000
2025-01-17,147.5,147.5,149.0,147.0,149.0,41000
2025-01-20,150.5,150.5,151.0,148.0,149.0,88000
2025-01-21,152.0,152.0,152.0,150.5,151.5,96000
2025-01-22,153.5,153.5,153.5,151.5,152.0,111000
2025-01-23,107.0,107.0,108.0,107.0,108.0,43988
2025-01-24,107.0,107.0,108.0,107.0,108.0,43988
2025-01-27,107.0,107.0,108.0,107.0,108.0,43988
2025-01-28,107.0,107.0,108.0,107.0,108.0,43988
2025-01-29,107.0,107.0,108.0,107.0,108.0,43988
2025-01-30,107.0,107.0,108.0,107.0,108.0,43988
2025-01-31,107.0,107.0,108.0,107.0,108.0,43988
2025-02-03,153.5,153.5,155.5,152.0,153.5,83000
2025-02-04,154.0,154.0,155.0,153.5,155.0,45000
2025-02-05,154.5,154.5,155.0,153.5,154.0,74000
2025-02-06,155.0,155.0,155.5,154.5,155.5,63000
2025-02-07,155.5,155.5,155.5,154.5,155.0,48000
2025-02-10,154.0,154.0,155.0,154.0,155.0,36000
2025-02-11,155.0,155.0,155.5,152.5,153.5,105000
2025-02-12,154.5,154.5,157.5,154.0,154.0,113000
2025-02-13,155.5,155.5,156.0,155.0,155.0,31000
2025-02-14,154.0,154.0,155.5,154.0,155.0,44000
2025-02-17,153.5,153.5,155.0,153.5,154.0,56000
2025-02-18,154.0,154.0,154.5,153.5,153.5,26000
2025-02-19,156.0,156.0,156.0,154.0,155.0,47000
2025-02-20,154.0,154.0,156.0,154.0,156.0,29000
2025-02-21,154.5,154.5,155.0,150.5,154.0,218000
2025-02-24,153.0,153.0,154.0,151.5,154.0,233000
2025-02-25,153.5,153.5,153.5,152.5,153.0,30000
2025-02-26,151.5,151.5,154.5,151.0,153.0,276000
2025-02-27,153.0,153.0,153.0,152.0,152.5,40000
2025-02-28,107.0,107.0,108.0,107.0,108.0,43988
2025-03-03,151.5,151.5,153.0,151.5,153.0,49000
2025-03-04,150.0,150.0,151.5,149.0,149.5,272000
2025-03-05,154.0,154.0,154.5,150.5,150.5,46000
2025-03-06,154.0,154.0,154.5,153.5,154.5,40000
2025-03-07,156.0,156.0,157.0,154.0,154.0,223000
2025-03-10,157.0,157.0,157.5,155.0,156.0,84000
2025-03-11,156.5,156.5,157.0,152.5,156.0,149000
2025-03-12,153.0,153.0,156.0,153.0,154.0,232000
2025-03-13,152.5,152.5,154.5,152.0,154.5,82000
2025-03-14,152.0,152.0,153.0,151.0,153.0,47000
2025-03-17,151.5,151.5,152.5,151.5,152.0,19000
2025-03-18,153.0,153.0,153.0,151.5,152.5,42000
2025-03-19,151.0,151.0,153.5,150.5,153.5,73000
2025-03-20,152.5,152.5,152.5,151.0,152.0,48000
2025-03-21,152.5,152.5,153.5,152.0,152.5,52000
2025-03-24,153.0,153.0,153.0,151.5,152.0,37000
2025-03-25,153.5,153.5,153.5,152.5,153.0,56000
2025-03-26,153.0,153.0,153.5,153.0,153.5,22000
2025-03-27,151.5,151.5,153.0,151.5,153.0,38000
2025-03-28,150.0,150.0,151.5,149.5,151.5,111000
2025-03-31,146.5,146.5,150.0,146.5,150.0,117000
2025-04-01,148.0,148.0,150.0,147.0,147.0,64000
2025-04-02,147.5,147.5,149.0,147.5,148.0,38000
2025-04-03,107.0,107.0,108.0,107.0,108.0,43988
2025-04-04,107.0,107.0,108.0,107.0,108.0,43988
2025-04-07,133.0,133.0,133.0,133.0,133.0,44000
2025-04-08,126.5,126.5,127.0,121.5,122.0,501000
2025-04-09,117.0,117.0,125.0,116.0,124.5,593000
2025-04-10,128.5,128.5,128.5,127.5,128.5,72000
2025-04-11,133.0,133.0,133.5,125.0,129.0,226000
2025-04-14,136.0,136.0,139.0,135.5,138.0,154000
2025-04-15,137.5,137.5,138.0,136.0,136.0,59000
2025-04-16,137.5,137.5,138.0,136.5,137.0,49000
2025-04-17,137.5,137.5,138.0,135.5,136.5,44000
2025-04-18,138.0,138.0,139.0,138.0,138.0,35000
2025-04-21,137.0,137.0,137.5,136.5,137.5,47000
2025-04-22,136.5,136.5,137.5,136.5,137.0,39000
2025-04-23,140.0,140.0,140.5,137.5,137.5,74000
2025-04-24,142.0,142.0,142.0,140.5,140.5,52000
2025-04-25,143.5,143.5,144.5,143.5,143.5,55000
2025-04-28,144.0,144.0,144.5,143.5,144.0,31000
2025-04-29,147.5,147.5,147.5,145.0,145.5,108000
2025-04-30,147.5,147.5,149.0,147.5,149.0,55000
2025-05-01,107.0,107.0,108.0,107.0,108.0,43988
2025-05-02,148.0,148.0,148.0,146.5,147.5,86000
2025-05-05,145.0,145.0,148.0,143.0,148.0,76000
2025-05-06,145.0,145.0,145.0,142.5,145.0,76000
2025-05-07,145.0,145.0,146.5,144.0,146.5,53000
2025-05-08,145.0,145.0,145.5,144.5,145.5,67000
2025-05-09,146.5,146.5,147.5,144.0,146.0,185000
2025-05-12,146.5,146.5,148.0,146.5,148.0,50000
2025-05-13,147.0,147.0,148.5,146.0,148.5,45000
2025-05-14,148.5,148.5,148.5,147.0,147.0,74000
2025-05-15,147.5,147.5,148.0,147.5,148.0,16000
2025-05-16,147.5,147.5,148.5,147.5,148.0,32000
2025-05-19,147.0,147.0,147.5,147.0,147.5,43000
2025-05-20,147.0,147.0,147.5,146.5,146.5,33000
2025-05-21,146.5,146.5,147.0,146.5,147.0,12000
2025-05-22,146.5,146.5,147.0,145.5,146.0,41000
2025-05-23,147.5,147.5,148.0,146.5,146.5,50000
2025-05-26,147.0,147.0,148.0,146.0,147.0,58000
2025-05-27,146.5,146.5,148.0,146.5,146.5,52000
2025-05-28,145.0,145.0,146.5,145.0,146.5,54000
2025-05-29,145.5,145.5,146.0,144.5,146.0,25000
2025-05-30,107.0,107.0,108.0,107.0,108.0,43988
2025-06-02,144.0,144.0,144.5,143.5,144.0,13000
2025-06-03,144.0,144.0,144.0,143.0,144.0,13000
2025-06-04,143.5,143.5,144.0,143.0,143.0,74000
2025-06-05,143.0,143.0,144.0,143.0,144.0,11000
2025-06-06,143.0,143.0,143.0,142.0,142.0,21000
2025-06-09,141.0,141.0,142.5,140.0,141.5,111000
2025-06-10,140.5,140.5,141.0,139.5,139.5,47000
2025-06-11,142.0,142.0,142.5,140.5,140.5,23000
2025-06-12,142.0,142.0,142.0,140.5,141.5,16000
2025-06-13,142.0,142.0,142.5,141.0,142.5,51000
2025-06-16,140.5,140.5,141.0,140.0,140.0,24000
2025-06-17,140.5,140.5,141.0,139.5,139.5,35000
2025-06-18,141.0,141.0,142.0,140.5,141.5,21000
2025-06-19,140.0,140.0,141.0,140.0,140.0,36000
2025-06-20,139.0,139.0,140.5,139.0,140.5,51000
2025-06-23,138.5,138.5,139.5,138.0,138.5,32000
2025-06-24,139.0,139.0,140.0,138.5,138.5,35000
2025-06-25,139.5,139.5,140.0,139.0,139.5,24000
2025-06-26,140.5,140.5,140.5,139.5,139.5,28000
2025-06-27,140.5,140.5,141.0,140.0,140.5,23000
2025-06-30,141.0,141.0,141.0,140.5,140.5,34000
2025-07-01,141.5,141.5,142.0,141.0,141.0,19000
2025-07-02,141.0,141.0,142.0,140.5,141.5,23000
2025-07-03,141.5,141.5,141.5,141.0,141.0,23000
2025-07-04,143.0,143.0,143.5,141.5,141.5,52000
2025-07-07,143.0,143.0,144.5,142.5,143.0,61000
2025-07-08,142.0,142.0,142.5,141.5,142.5,28000
2025-07-09,140.0,140.0,141.5,140.0,141.5,60000
2025-07-10,140.0,140.0,141.0,140.0,140.0,27000
2025-07-11,140.0,140.0,141.0,139.5,139.5,45000
2025-07-14,140.0,140.0,140.5,140.0,140.0,13000
2025-07-15,140.0,140.0,140.5,139.5,140.0,21000
2025-07-16,141.5,141.5,142.0,140.5,140.5,19000
2025-07-17,141.5,141.5,141.5,141.0,141.5,34000
2025-07-18,141.5,141.5,142.5,141.5,141.5,20000
2025-07-21,141.0,141.0,141.5,140.5,141.0,21000
2025-07-22,140.5,140.5,141.5,140.5,141.0,26000
2025-07-23,141.5,141.5,141.5,141.0,141.0,10000
2025-07-24,141.5,141.5,142.5,141.5,141.5,20000
2025-07-25,141.5,141.5,141.5,141.0,141.5,12000
2025-07-28,141.5,141.5,142.0,141.5,142.0,20000
2025-07-29,141.5,141.5,141.5,140.5,141.5,30000
2025-07-30,141.0,141.0,141.5,141.0,141.5,19000
2025-07-31,141.0,141.0,142.0,141.0,141.5,28000
2025-08-01,145.0,145.0,146.0,141.0,141.5,152000
2025-08-04,147.0,147.0,148.5,144.5,145.0,192000
2025-08-05,149.0,149.0,150.0,148.0,148.0,220000
2025-08-06,147.5,147.5,148.5,147.0,148.5,44000
2025-08-07,149.5,149.5,149.5,147.5,147.5,105000
2025-08-08,149.5,149.5,150.0,148.5,149.5,100000
2025-08-11,149.5,149.5,149.5,148.5,149.5,117000
2025-08-12,149.0,149.0,150.0,147.0,150.0,184000
2025-08-13,148.0,148.0,149.0,147.5,149.0,311000
2025-08-14,139.5,139.5,140.0,138.5,139.0,311000
2025-08-15,140.5,140.5,140.5,140.0,140.0,60000
2025-08-18,137.5,137.5,141.0,137.0,141.0,210000
2025-08-19,136.0,136.0,137.0,135.0,137.0,95000
2025-08-20,133.0,133.0,135.5,131.5,135.0,199000
2025-08-21,133.0,133.0,134.5,131.0,134.5,193000
2025-08-22,133.0,133.0,134.0,133.0,133.0,31000
2025-08-25,133.5,133.5,134.5,133.0,134.0,52000
2025-08-26,135.0,135.0,135.0,133.5,133.5,20000
2025-08-27,137.0,137.0,137.5,135.0,135.0,45000
2025-08-28,138.0,138.0,138.0,136.5,136.5,29000
2025-08-29,138.0,138.0,138.0,137.0,137.5,27000
2025-09-01,141.0,141.0,141.0,138.0,138.5,93000
2025-09-02,141.5,141.5,146.5,139.0,143.0,204000
2025-09-03,140.5,140.5,142.0,139.0,141.5,33000
2025-09-04,140.5,140.5,141.0,139.5,140.5,20000
2025-09-05,141.5,141.5,141.5,139.0,139.5,39000
2025-09-08,141.5,141.5,141.5,139.5,139.5,25000
2025-09-09,140.5,140.5,141.5,140.0,141.5,22000
2025-09-10,140.0,140.0,141.5,139.5,141.5,17000
2025-09-11,139.0,139.0,140.0,138.5,140.0,40000
2025-09-12,138.5,138.5,139.0,136.0,138.5,109000
2025-09-15,139.5,139.5,139.5,138.5,138.5,20000
2025-09-16,139.5,139.5,139.5,138.0,139.5,26000
2025-09-17,139.5,139.5,139.5,138.5,139.5,10000
2025-09-18,137.5,137.5,139.0,137.0,138.5,62000
2025-09-19,139.0,139.0,139.0,137.5,138.0,15000
2025-09-22,138.5,138.5,139.5,137.5,139.5,21000
2025-09-23,138.5,138.5,139.0,138.0,139.0,19000
2025-09-24,138.5,138.5,138.5,138.0,138.0,16000
2025-09-25,138.5,138.5,139.0,138.0,138.5,28000
2025-09-26,138.0,138.0,138.0,136.5,138.0,51000
2025-09-29,107.0,107.0,108.0,107.0,108.0,43988
2025-09-30,137.5,137.5,137.5,136.5,137.0,30000
2025-10-01,137.0,137.0,137.5,136.0,137.5,44000
2025-10-02,136.5,136.5,136.5,136.0,136.5,29000
2025-10-03,136.5,136.5,137.0,136.0,136.5,27000
2025-10-06,107.0,107.0,108.0,107.0,108.0,43988
2025-10-07,136.5,136.5,136.5,135.5,136.0,49000
2025-10-08,136.5,136.5,136.5,135.5,136.0,30000
2025-10-09,136.0,136.0,136.5,136.0,136.0,19000
2025-10-10,107.0,107.0,108.0,107.0,108.0,43988
2025-10-13,137.0,137.0,137.5,135.0,137.5,39000
2025-10-14,136.0,136.0,137.5,136.0,136.5,25000
2025-10-15,137.0,137.0,137.0,136.0,136.0,37000
2025-10-16,137.0,137.0,137.5,137.0,137.5,10000
2025-10-17,138.0,138.0,138.0,135.5,137.0,52000
2025-10-20,136.5,136.5,137.0,136.0,137.0,28000
2025-10-21,137.0,137.0,137.5,137.0,137.0,14000
2025-10-22,137.5,137.5,137.5,136.5,137.0,17000
2025-10-23,137.5,137.5,137.5,137.0,137.0,9000
2025-10-24,107.0,107.0,108.0,107.0,108.0,43988
2025-10-27,136.5,136.5,137.5,136.5,137.5,40000
2025-10-28,135.0,135.0,137.0,135.0,137.0,75000
2025-10-29,134.0,134.0,136.0,134.0,136.0,144000
2025-10-30,134.5,134.5,135.0,133.5,134.0,44000
2025-10-31,134.5,134.5,135.0,134.0,134.5,22000
2025-11-03,134.5,134.5,135.0,134.0,135.0,24000
2025-11-04,134.5,134.5,134.5,133.5,134.0,36000
2025-11-05,134.0,134.0,134.5,132.5,133.0,77000
2025-11-06,134.5,134.5,135.0,134.0,134.5,19000
2025-11-07,135.5,135.5,135.5,134.0,134.5,28000
2025-11-10,135.0,135.0,136.0,135.0,135.5,22000
2025-11-11,134.5,134.5,135.0,133.0,135.0,36000
2025-11-12,135.5,135.5,135.5,134.0,134.0,16000
2025-11-13,138.5,138.5,140.0,137.5,138.0,150000
2025-11-14,139.5,139.5,139.5,138.0,139.0,91000
2025-11-17,138.0,138.0,139.5,137.5,139.5,17000
2025-11-18,137.0,137.0,138.0,136.5,138.0,16000
2025-11-19,135.0,135.0,137.0,135.0,137.0,15000
2025-11-20,136.5,136.5,136.5,135.5,136.0,27000
2025-11-21,136.0,136.0,136.0,135.0,135.5,24000
2025-11-24,136.0,136.0,136.0,135.0,136.0,7000
2025-11-25,136.5,136.5,136.5,136.0,136.0,7000
2025-11-26,137.0,137.0,137.0,135.5,136.0,29000
2025-11-27,138.0,138.0,138.0,137.5,137.5,34000
2025-11-28,139.0,139.0,139.0,137.0,138.0,42000
2025-12-01,138.5,138.5,139.0,137.5,139.0,19000
2025-12-02,138.0,138.0,138.5,137.0,138.5,13000
2025-12-03,138.0,138.0,138.0,137.0,137.5,35000
2025-12-04,137.0,137.0,137.5,137.0,137.5,35000
2025-12-05,136.5,136.5,137.0,136.5,137.0,14000
2025-12-08,137.0,137.0,137.0,135.5,136.0,36000
2025-12-09,135.5,135.5,136.0,134.0,136.0,115000
2025-12-10,136.5,136.5,136.5,135.5,135.5,27000
2025-12-11,136.0,136.0,136.5,135.0,136.5,22000
2025-12-12,136.0,136.0,136.0,135.5,135.5,9000
2025-12-15,136.0,136.0,136.0,135.0,136.0,18000
2025-12-16,135.5,135.5,135.5,135.0,135.5,13000
2025-12-17,135.5,135.5,136.0,135.5,135.5,14000
2025-12-18,136.0,136.0,136.0,135.0,135.0,9000
2025-12-19,135.5,135.5,136.0,134.5,134.5,9000
2025-12-22,135.0,135.0,135.5,135.0,135.0,17000
2025-12-23,135.0,135.0,135.5,135.0,135.5,11000
2025-12-24,135.0,135.0,135.5,134.5,135.0,15000
2025-12-25,107.0,107.0,108.0,107.0,108.0,43988
2025-12-26,134.5,134.5,135.0,134.5,134.5,17000
2025-12-29,134.0,134.0,134.5,134.0,134.5,16000
2025-12-30,134.0,134.0,135.0,134.0,134.0,13000
2025-12-31,134.5,134.5,135.5,134.0,134.0,19000
2026-01-01,107.0,107.0,108.0,107.0,108.0,43988
2026-01-02,134.0,134.0,134.5,134.0,134.0,28000
2026-01-05,133.0,133.0,134.5,132.0,133.0,101000
2026-01-06,134.0,134.0,134.0,133.0,133.5,22000
2026-01-07,133.0,133.0,133.5,132.5,133.0,43000
2026-01-08,133.0,133.0,133.5,132.5,133.0,37000
2026-01-09,133.0,133.0,134.0,133.0,133.5,35000
2026-01-12,133.0,133.0,133.0,131.5,133.0,62000
2026-01-13,133.0,133.0,133.0,131.5,132.5,70000
2026-01-14,133.5,133.5,133.5,133.0,133.0,26000
2026-01-15,133.0,133.0,133.5,132.5,133.0,45000
2026-01-16,133.5,133.5,133.5,132.5,133.0,47000
2026-01-19,132.5,132.5,133.0,132.0,133.0,62000
2026-01-20,132.0,132.0,132.5,132.0,132.5,44000
2026-01-21,132.0,132.0,132.5,131.5,132.0,56000
2026-01-22,132.0,132.0,132.5,132.0,132.5,26000
2026-01-23,131.5,131.5,132.5,131.5,132.5,61000
2026-01-26,132.0,132.0,132.0,131.5,131.5,33000
2026-01-27,132.0,132.0,132.0,131.5,132.0,53000
2026-01-28,132.0,132.0,132.0,131.0,132.0,65000
2026-01-29,130.0,130.0,131.5,129.5,131.5,174000
2026-01-30,129.5,129.5,131.0,129.5,130.0,58000
2026-02-02,128.0,128.0,130.0,127.0,130.0,113000
2026-02-03,130.0,130.0,130.0,128.0,128.5,50000
2026-02-04,130.0,130.0,130.0,129.0,130.0,27000
2026-02-05,129.5,129.5,130.0,129.0,130.0,34000
2026-02-06,129.5,129.5,129.5,128.0,129.0,57000
2026-02-09,128.5,128.5,130.0,128.0,130.0,85000
2026-02-10,129.5,129.5,130.0,128.5,129.5,75000
2026-02-11,129.5,129.5,129.5,128.5,129.5,47000
2026-02-12,107.0,107.0,108.0,107.0,108.0,43988
2026-02-13,107.0,107.0,108.0,107.0,108.0,43988
2026-02-16,107.0,107.0,108.0,107.0,108.0,43988
2026-02-17,107.0,107.0,108.0,107.0,108.0,43988
2026-02-18,107.0,107.0,108.0,107.0,108.0,43988
2026-02-19,107.0,107.0,108.0,107.0,108.0,43988
2026-02-20,107.0,107.0,108.0,107.0,108.0,43988
2026-02-23,132.0,132.0,132.0,129.5,129.5,53000
2026-02-24,132.5,132.5,133.0,131.5,131.5,49000
2026-02-25,132.0,132.0,133.0,131.5,132.5,35000
2026-02-26,132.0,132.0,132.0,131.5,132.0,42000
2026-02-27,107.0,107.0,108.0,107.0,108.0,43988
2026-03-02,131.0,131.0,131.0,130.0,131.0,91000
2026-03-03,130.0,130.0,131.0,129.0,131.0,80000
2026-03-04,128.5,128.5,130.0,127.0,130.0,88000
2026-03-05,129.5,129.5,130.5,128.5,128.5,45000
2026-03-06,130.0,130.0,130.5,128.0,128.5,31000
2026-03-09,127.5,127.5,128.0,126.5,128.0,104000
2026-03-10,130.5,130.5,131.0,129.0,129.0,62000
2026-03-11,132.5,132.5,132.5,131.0,131.0,41000
2026-03-12,130.5,130.5,131.5,129.5,131.5,46000
2026-03-13,131.5,131.5,131.5,130.0,130.5,35000
2026-03-16,131.0,131.0,131.5,130.0,131.5,41000
2026-03-17,131.0,131.0,131.5,130.5,131.0,39000
2026-03-18,131.0,131.0,132.0,130.5,132.0,32000
2026-03-19,131.0,131.0,131.0,130.5,130.5,15000
2026-03-20,131.0,131.0,131.5,130.5,130.5,24000
2026-03-23,129.5,129.5,130.5,129.5,130.5,28000
2026-03-24,129.5,129.5,130.0,129.0,130.0,28000
2026-03-25,129.5,129.5,130.0,129.0,130.0,15000
2026-03-26,129.5,129.5,130.5,129.5,130.0,19000
2026-03-27,129.5,129.5,129.5,129.0,129.5,23000
2026-03-30,128.5,128.5,129.5,128.5,129.5,26000
2026-03-31,129.0,129.0,129.5,128.5,129.0,30000
2026-04-01,129.5,129.5,129.5,128.5,128.5,30000
2026-04-02,129.5,129.5,130.0,129.0,129.5,13000
2026-04-03,107.0,107.0,108.0,107.0,108.0,43988
2026-04-06,107.0,107.0,108.0,107.0,108.0,43988
2026-04-07,129.0,129.0,129.5,129.0,129.5,15000
2026-04-08,129.5,129.5,130.0,129.0,129.5,36000
2026-04-09,130.0,130.0,130.0,129.0,129.0,14000
2026-04-10,128.5,128.5,128.5,127.0,127.5,127000
2026-04-13,128.0,128.0,128.0,127.0,128.0,39000
2026-04-14,128.0,128.0,128.0,127.5,128.0,34000
2026-04-15,127.5,127.5,127.5,127.0,127.5,63000
2026-04-16,127.5,127.5,128.0,127.0,127.5,69000
2026-04-17,126.0,126.0,127.0,125.5,126.5,131000
2026-04-20,124.5,124.5,126.5,123.0,126.5,200000
2026-04-21,124.5,124.5,124.5,123.5,124.0,74000
2026-04-22,124.5,124.5,125.0,124.0,125.0,70000
2026-04-23,123.0,123.0,124.5,123.0,124.5,118000
2026-04-24,122.0,122.0,123.5,121.5,123.0,133000
2026-04-27,121.0,121.0,122.0,120.5,122.0,179000
2026-04-28,122.0,122.0,122.0,120.5,121.0,89000
2026-04-29,122.0,122.0,122.0,121.0,122.0,47000
2026-04-30,123.0,123.0,123.0,122.0,123.0,48000
2026-05-01,107.0,107.0,108.0,107.0,108.0,43988
2026-05-04,122.5,122.5,123.0,122.0,123.0,45000
2026-05-05,122.5,122.5,122.5,122.0,122.5,41000
2026-05-06,122.5,122.5,123.0,121.5,123.0,43000
2026-05-07,125.0,125.0,125.5,122.0,122.5,107000
2026-05-08,124.5,124.5,125.0,123.0,125.0,44000
2026-05-11,123.5,123.5,124.5,122.5,122.5,80000
2026-05-12,123.0,123.0,123.0,122.5,123.0,49000
2026-05-13,123.0,123.0,123.0,121.5,122.0,99000
2026-05-14,123.0,123.0,124.0,122.5,123.5,62000
2026-05-15,122.0,122.0,123.0,121.5,123.0,68000
2026-05-18,122.0,122.0,122.5,121.0,122.0,70000
2026-05-19,122.5,122.5,123.0,121.5,121.5,70000
2026-05-20,122.5,122.5,123.0,122.0,123.0,30000
2026-05-21,122.5,122.5,123.0,122.0,122.5,22000
2026-05-22,122.5,122.5,123.0,122.0,123.0,55000
2026-05-25,122.0,122.0,122.5,121.5,122.5,67000
2026-05-26,122.0,122.0,122.0,121.0,121.5,48000
2026-05-27,122.0,122.0,122.0,120.5,122.0,155000
2026-05-28,121.5,121.5,122.0,121.0,122.0,54000
2026-05-29,121.5,121.5,122.0,121.0,121.0,87000
2026-06-01,123.0,123.0,123.5,122.0,122.5,92000
2026-06-02,125.0,125.0,125.5,122.5,123.5,140000
2026-06-03,126.0,126.0,126.0,124.0,125.5,108000
2026-06-04,127.5,127.5,127.5,125.5,126.0,70000
2026-06-05,127.0,127.0,128.0,125.5,127.0,66000
2026-06-08,126.5,126.5,127.5,125.5,126.0,168000
2026-06-09,125.5,125.5,127.0,125.0,126.0,183000
2026-06-10,124.0,124.0,125.0,124.0,125.0,111000
2026-06-11,124.5,124.5,124.5,123.5,124.0,59000
2026-06-12,124.5,124.5,124.5,123.5,124.0,135000
2026-06-15,124.0,124.0,125.0,123.5,125.0,123000
2026-06-16,124.0,124.0,124.0,123.0,124.0,85000
2026-06-17,124.0,124.0,124.0,123.5,124.0,31000
2026-06-18,124.0,124.0,124.5,123.5,124.0,82000
2026-06-19,107.0,107.0,108.0,107.0,108.0,43988
2026-06-22,124.0,124.0,124.5,123.5,124.5,117000
2026-06-23,122.5,122.5,124.0,122.0,124.0,99000
2026-06-24,122.5,122.5,122.5,121.5,122.5,51000
2026-06-25,122.5,122.5,122.5,122.0,122.5,81000
2026-06-26,122.0,122.0,122.5,121.5,122.0,53000
2026-06-29,122.0,122.0,123.0,122.0,122.5,34000
2026-06-30,122.0,122.0,122.5,121.5,122.0,70000
2026-07-01,122.5,122.5,122.5,121.5,122.0,86000
2026-07-02,123.0,123.0,123.0,122.5,123.0,35000
2026-07-03,124.5,124.5,126.0,124.0,124.0,90000
2026-07-06,124.0,124.0,124.5,124.0,124.5,65000
2026-07-07,124.5,124.5,125.5,124.0,125.5,86000
2026-07-08,124.5,124.5,125.0,124.0,124.5,26000
2026-07-09,125.0,125.0,125.0,124.0,124.5,42000
2026-07-10,107.0,107.0,108.0,107.0,108.0,43988
2026-07-13,123.5,123.5,124.5,123.0,124.5,255000
2026-07-14,116.5,116.5,116.5,115.0,115.5,189000
2026-07-15,116.5,116.5,117.0,115.5,117.0,121000
2026-07-16,116.5,116.5,116.5,115.5,116.5,73000
2026-07-17,115.0,115.0,116.5,114.5,116.5,116000
2026-07-20,114.0,114.0,115.0,113.0,115.0,92000
2026-07-21,113.5,113.5,114.5,113.0,114.0,85000
2026-07-22,114.0,114.0,114.0,113.0,114.0,52000
2026-07-23,114.0,114.0,114.5,113.0,114.0,52000
2026-07-24,112.5,112.5,114.0,112.5,114.0,77000
2026-07-27,112.0,112.0,112.5,112.0,112.0,41000
2026-07-28,111.0,111.0,112.0,111.0,112.0,117000
2026-07-29,111.5,111.5,112.0,110.5,111.0,95000
2026-07-30,112.0,112.0,113.0,111.0,111.5,37000
2026-07-31,112.5,112.5,113.5,112.0,112.5,49000
2026-08-03,112.0,112.0,112.5,112.0,112.5,44000
2026-08-04,111.5,111.5,112.0,111.5,112.0,30000
2026-08-05,112.0,112.0,113.0,112.0,112.0,72000
2026-08-06,112.5,112.5,112.5,112.0,112.0,44000
2026-08-07,112.5,112.5,113.0,112.0,113.0,37000
2026-08-10,112.5,112.5,113.5,112.5,112.5,83000
2026-08-11,113.5,113.5,115.5,113.0,113.5,168000
2026-08-12,110.5,110.5,111.5,109.0,110.0,490000
2026-08-13,109.5,109.5,110.5,109.0,110.5,102000
2026-08-14,107.5,107.5,109.0,107.0,109.0,181000
2026-08-17,107.5,107.5,108.0,106.5,107.0,48000
2026-08-18,107.5,107.5,107.5,107.0,107.5,56000
2026-08-19,107.5,107.5,108.0,106.5,107.5,63000
2026-08-20,107.5,107.5,107.5,106.5,107.5,67000
2026-08-21,107.0,107.0,108.0,107.0,108.0,41000
2026-08-24,107.0,107.0,107.5,106.5,107.0,51358
2026-08-25,106.0,106.0,107.0,106.0,107.0,43428
2026-08-26,107.0,107.0,107.0,106.0,107.0,52806
2026-08-27,107.0,107.0,107.0,106.5,107.0,30263
2026-08-28,106.5,106.5,107.0,105.5,107.0,81359
2026-08-31,106.0,106.0,106.5,105.5,106.5,47721
2026-09-01,104.5,104.5,105.5,103.5,105.5,222166
