Date,Adj Close,Close,High,Low,Open,Volume
2016-08-12,24.1,24.1,24.35,24.05,24.35,36100
2016-08-15,24.1,24.1,24.35,24.05,24.35,36100
2016-08-16,24.1,24.1,24.35,24.05,24.35,36100
2016-08-17,24.1,24.1,24.35,24.05,24.35,36100
2016-08-18,24.1,24.1,24.35,24.05,24.35,36100
2016-08-19,24.1,24.1,24.35,24.05,24.35,36100
2016-08-22,24.1,24.1,24.35,24.05,24.35,36100
2016-08-23,24.1,24.1,24.35,24.05,24.35,36100
2016-08-24,24.1,24.1,24.35,24.05,24.35,36100
2016-08-25,24.1,24.1,24.35,24.05,24.35,36100
2016-08-26,24.1,24.1,24.35,24.05,24.35,36100
2016-08-29,24.1,24.1,24.35,24.05,24.35,36100
2016-08-30,24.1,24.1,24.35,24.05,24.35,36100
2016-08-31,24.1,24.1,24.35,24.05,24.35,36100
2016-09-01,24.1,24.1,24.35,24.05,24.35,36100
2016-09-02,24.1,24.1,24.35,24.05,24.35,36100
2016-09-05,24.1,24.1,24.35,24.05,24.35,36100
2016-09-06,24.1,24.1,24.35,24.05,24.35,36100
2016-09-07,24.1,24.1,24.35,24.05,24.35,36100
2016-09-08,24.1,24.1,24.35,24.05,24.35,36100
2016-09-09,24.1,24.1,24.35,24.05,24.35,36100
2016-09-12,24.1,24.1,24.35,24.05,24.35,36100
2016-09-13,24.1,24.1,24.35,24.05,24.35,36100
2016-09-14,24.1,24.1,24.35,24.05,24.35,36100
2016-09-19,24.1,24.1,24.35,24.05,24.35,36100
2016-09-20,24.1,24.1,24.35,24.05,24.35,36100
2016-09-21,24.1,24.1,24.35,24.05,24.35,36100
2016-09-22,24.1,24.1,24.35,24.05,24.35,36100
2016-09-23,24.1,24.1,24.35,24.05,24.35,36100
2016-09-26,24.1,24.1,24.35,24.05,24.35,36100
2016-09-29,24.1,24.1,24.35,24.05,24.35,36100
2016-09-30,24.1,24.1,24.35,24.05,24.35,36100
2016-10-03,24.1,24.1,24.35,24.05,24.35,36100
2016-10-04,24.1,24.1,24.35,24.05,24.35,36100
2016-10-05,24.1,24.1,24.35,24.05,24.35,36100
2016-10-06,24.1,24.1,24.35,24.05,24.35,36100
2016-10-07,24.1,24.1,24.35,24.05,24.35,36100
2016-10-11,24.1,24.1,24.35,24.05,24.35,36100
2016-10-12,24.1,24.1,24.35,24.05,24.35,36100
2016-10-13,24.1,24.1,24.35,24.05,24.35,36100
2016-10-14,24.1,24.1,24.35,24.05,24.35,36100
2016-10-17,24.1,24.1,24.35,24.05,24.35,36100
2016-10-18,24.1,24.1,24.35,24.05,24.35,36100
2016-10-19,24.1,24.1,24.35,24.05,24.35,36100
2016-10-20,24.1,24.1,24.35,24.05,24.35,36100
2016-10-21,24.1,24.1,24.35,24.05,24.35,36100
2016-10-24,24.1,24.1,24.35,24.05,24.35,36100
2016-10-25,24.1,24.1,24.35,24.05,24.35,36100
2016-10-26,24.1,24.1,24.35,24.05,24.35,36100
2016-10-27,24.1,24.1,24.35,24.05,24.35,36100
2016-10-28,24.1,24.1,24.35,24.05,24.35,36100
2016-10-31,24.1,24.1,24.35,24.05,24.35,36100
2016-11-01,24.1,24.1,24.35,24.05,24.35,36100
2016-11-02,24.1,24.1,24.35,24.05,24.35,36100
2016-11-03,24.1,24.1,24.35,24.05,24.35,36100
2016-11-04,24.1,24.1,24.35,24.05,24.35,36100
2016-11-07,24.1,24.1,24.35,24.05,24.35,36100
2016-11-08,24.1,24.1,24.35,24.05,24.35,36100
2016-11-09,24.1,24.1,24.35,24.05,24.35,36100
2016-11-10,24.1,24.1,24.35,24.05,24.35,36100
2016-11-11,24.1,24.1,24.35,24.05,24.35,36100
2016-11-14,24.1,24.1,24.35,24.05,24.35,36100
2016-11-15,24.1,24.1,24.35,24.05,24.35,36100
2016-11-16,24.1,24.1,24.35,24.05,24.35,36100
2016-11-17,24.1,24.1,24.35,24.05,24.35,36100
2016-11-18,24.1,24.1,24.35,24.05,24.35,36100
2016-11-21,24.1,24.1,24.35,24.05,24.35,36100
2016-11-22,24.1,24.1,24.35,24.05,24.35,36100
2016-11-23,24.1,24.1,24.35,24.05,24.35,36100
2016-11-24,24.1,24.1,24.35,24.05,24.35,36100
2016-11-25,24.1,24.1,24.35,24.05,24.35,36100
2016-11-28,24.1,24.1,24.35,24.05,24.35,36100
2016-11-29,24.1,24.1,24.35,24.05,24.35,36100
2016-11-30,24.1,24.1,24.35,24.05,24.35,36100
2016-12-01,24.1,24.1,24.35,24.05,24.35,36100
2016-12-02,24.1,24.1,24.35,24.05,24.35,36100
2016-12-05,24.1,24.1,24.35,24.05,24.35,36100
2016-12-06,24.1,24.1,24.35,24.05,24.35,36100
2016-12-07,24.1,24.1,24.35,24.05,24.35,36100
2016-12-08,24.1,24.1,24.35,24.05,24.35,36100
2016-12-09,24.1,24.1,24.35,24.05,24.35,36100
2016-12-12,24.1,24.1,24.35,24.05,24.35,36100
2016-12-13,24.1,24.1,24.35,24.05,24.35,36100
2016-12-14,24.1,24.1,24.35,24.05,24.35,36100
2016-12-15,24.1,24.1,24.35,24.05,24.35,36100
2016-12-16,24.1,24.1,24.35,24.05,24.35,36100
2016-12-19,24.1,24.1,24.35,24.05,24.35,36100
2016-12-20,24.1,24.1,24.35,24.05,24.35,36100
2016-12-21,24.1,24.1,24.35,24.05,24.35,36100
2016-12-22,24.1,24.1,24.35,24.05,24.35,36100
2016-12-23,24.1,24.1,24.35,24.05,24.35,36100
2016-12-26,24.1,24.1,24.35,24.05,24.35,36100
2016-12-27,24.1,24.1,24.35,24.05,24.35,36100
2016-12-28,24.1,24.1,24.35,24.05,24.35,36100
2016-12-29,24.1,24.1,24.35,24.05,24.35,36100
2016-12-30,24.1,24.1,24.35,24.05,24.35,36100
2017-01-03,24.1,24.1,24.35,24.05,24.35,36100
2017-01-04,24.1,24.1,24.35,24.05,24.35,36100
2017-01-05,24.1,24.1,24.35,24.05,24.35,36100
2017-01-06,24.1,24.1,24.35,24.05,24.35,36100
2017-01-09,24.1,24.1,24.35,24.05,24.35,36100
2017-01-10,24.1,24.1,24.35,24.05,24.35,36100
2017-01-11,24.1,24.1,24.35,24.05,24.35,36100
2017-01-12,24.1,24.1,24.35,24.05,24.35,36100
2017-01-13,24.1,24.1,24.35,24.05,24.35,36100
2017-01-16,24.1,24.1,24.35,24.05,24.35,36100
2017-01-17,24.1,24.1,24.35,24.05,24.35,36100
2017-01-18,24.1,24.1,24.35,24.05,24.35,36100
2017-01-19,24.1,24.1,24.35,24.05,24.35,36100
2017-01-20,24.1,24.1,24.35,24.05,24.35,36100
2017-01-23,24.1,24.1,24.35,24.05,24.35,36100
2017-01-24,24.1,24.1,24.35,24.05,24.35,36100
2017-02-02,24.1,24.1,24.35,24.05,24.35,36100
2017-02-03,24.1,24.1,24.35,24.05,24.35,36100
2017-02-06,24.1,24.1,24.35,24.05,24.35,36100
2017-02-07,24.1,24.1,24.35,24.05,24.35,36100
2017-02-08,24.1,24.1,24.35,24.05,24.35,36100
2017-02-09,24.1,24.1,24.35,24.05,24.35,36100
2017-02-10,24.1,24.1,24.35,24.05,24.35,36100
2017-02-13,24.1,24.1,24.35,24.05,24.35,36100
2017-02-14,24.1,24.1,24.35,24.05,24.35,36100
2017-02-15,24.1,24.1,24.35,24.05,24.35,36100
2017-02-16,24.1,24.1,24.35,24.05,24.35,36100
2017-02-17,24.1,24.1,24.35,24.05,24.35,36100
2017-02-20,24.1,24.1,24.35,24.05,24.35,36100
2017-02-21,24.1,24.1,24.35,24.05,24.35,36100
2017-02-22,24.1,24.1,24.35,24.05,24.35,36100
2017-02-23,24.1,24.1,24.35,24.05,24.35,36100
2017-02-24,24.1,24.1,24.35,24.05,24.35,36100
2017-03-01,24.1,24.1,24.35,24.05,24.35,36100
2017-03-02,24.1,24.1,24.35,24.05,24.35,36100
2017-03-03,24.1,24.1,24.35,24.05,24.35,36100
2017-03-06,24.1,24.1,24.35,24.05,24.35,36100
2017-03-07,24.1,24.1,24.35,24.05,24.35,36100
2017-03-08,24.1,24.1,24.35,24.05,24.35,36100
2017-03-09,24.1,24.1,24.35,24.05,24.35,36100
2017-03-10,24.1,24.1,24.35,24.05,24.35,36100
2017-03-13,24.1,24.1,24.35,24.05,24.35,36100
2017-03-14,24.1,24.1,24.35,24.05,24.35,36100
2017-03-15,24.1,24.1,24.35,24.05,24.35,36100
2017-03-16,24.1,24.1,24.35,24.05,24.35,36100
2017-03-17,24.1,24.1,24.35,24.05,24.35,36100
2017-03-20,24.1,24.1,24.35,24.05,24.35,36100
2017-03-21,24.1,24.1,24.35,24.05,24.35,36100
2017-03-22,24.1,24.1,24.35,24.05,24.35,36100
2017-03-23,24.1,24.1,24.35,24.05,24.35,36100
2017-03-24,24.1,24.1,24.35,24.05,24.35,36100
2017-03-27,24.1,24.1,24.35,24.05,24.35,36100
2017-03-28,24.1,24.1,24.35,24.05,24.35,36100
2017-03-29,24.1,24.1,24.35,24.05,24.35,36100
2017-03-30,24.1,24.1,24.35,24.05,24.35,36100
2017-03-31,24.1,24.1,24.35,24.05,24.35,36100
2017-04-05,24.1,24.1,24.35,24.05,24.35,36100
2017-04-06,24.1,24.1,24.35,24.05,24.35,36100
2017-04-07,24.1,24.1,24.35,24.05,24.35,36100
2017-04-10,24.1,24.1,24.35,24.05,24.35,36100
2017-04-11,24.1,24.1,24.35,24.05,24.35,36100
2017-04-12,24.1,24.1,24.35,24.05,24.35,36100
2017-04-13,24.1,24.1,24.35,24.05,24.35,36100
2017-04-14,24.1,24.1,24.35,24.05,24.35,36100
2017-04-17,24.1,24.1,24.35,24.05,24.35,36100
2017-04-18,24.1,24.1,24.35,24.05,24.35,36100
2017-04-19,24.1,24.1,24.35,24.05,24.35,36100
2017-04-21,24.1,24.1,24.35,24.05,24.35,36100
2017-04-24,24.1,24.1,24.35,24.05,24.35,36100
2017-04-25,24.1,24.1,24.35,24.05,24.35,36100
2017-04-26,24.1,24.1,24.35,24.05,24.35,36100
2017-04-27,24.1,24.1,24.35,24.05,24.35,36100
2017-04-28,24.1,24.1,24.35,24.05,24.35,36100
2017-05-02,24.1,24.1,24.35,24.05,24.35,36100
2017-05-03,24.1,24.1,24.35,24.05,24.35,36100
2017-05-04,24.1,24.1,24.35,24.05,24.35,36100
2017-05-05,24.1,24.1,24.35,24.05,24.35,36100
2017-05-08,24.1,24.1,24.35,24.05,24.35,36100
2017-05-09,24.1,24.1,24.35,24.05,24.35,36100
2017-05-10,24.1,24.1,24.35,24.05,24.35,36100
2017-05-11,24.1,24.1,24.35,24.05,24.35,36100
2017-05-12,24.1,24.1,24.35,24.05,24.35,36100
2017-05-15,24.1,24.1,24.35,24.05,24.35,36100
2017-05-16,24.1,24.1,24.35,24.05,24.35,36100
2017-05-17,24.1,24.1,24.35,24.05,24.35,36100
2017-05-18,24.1,24.1,24.35,24.05,24.35,36100
2017-05-19,24.1,24.1,24.35,24.05,24.35,36100
2017-05-22,24.1,24.1,24.35,24.05,24.35,36100
2017-05-23,24.1,24.1,24.35,24.05,24.35,36100
2017-05-24,24.1,24.1,24.35,24.05,24.35,36100
2017-05-25,24.1,24.1,24.35,24.05,24.35,36100
2017-05-26,24.1,24.1,24.35,24.05,24.35,36100
2017-05-31,24.1,24.1,24.35,24.05,24.35,36100
2017-06-01,24.1,24.1,24.35,24.05,24.35,36100
2017-06-02,24.1,24.1,24.35,24.05,24.35,36100
2017-06-05,24.1,24.1,24.35,24.05,24.35,36100
2017-06-06,24.1,24.1,24.35,24.05,24.35,36100
2017-06-07,24.1,24.1,24.35,24.05,24.35,36100
2017-06-08,24.1,24.1,24.35,24.05,24.35,36100
2017-06-09,24.1,24.1,24.35,24.05,24.35,36100
2017-06-12,24.1,24.1,24.35,24.05,24.35,36100
2017-06-13,24.1,24.1,24.35,24.05,24.35,36100
2017-06-14,24.1,24.1,24.35,24.05,24.35,36100
2017-06-15,24.1,24.1,24.35,24.05,24.35,36100
2017-06-16,24.1,24.1,24.35,24.05,24.35,36100
2017-06-19,24.1,24.1,24.35,24.05,24.35,36100
2017-06-20,24.1,24.1,24.35,24.05,24.35,36100
2017-06-21,24.1,24.1,24.35,24.05,24.35,36100
2017-06-22,24.1,24.1,24.35,24.05,24.35,36100
2017-06-23,24.1,24.1,24.35,24.05,24.35,36100
2017-06-26,24.1,24.1,24.35,24.05,24.35,36100
2017-06-27,24.1,24.1,24.35,24.05,24.35,36100
2017-06-28,24.1,24.1,24.35,24.05,24.35,36100
2017-06-29,24.1,24.1,24.35,24.05,24.35,36100
2017-06-30,24.1,24.1,24.35,24.05,24.35,36100
2017-07-03,24.1,24.1,24.35,24.05,24.35,36100
2017-07-04,24.1,24.1,24.35,24.05,24.35,36100
2017-07-05,24.1,24.1,24.35,24.05,24.35,36100
2017-07-06,24.1,24.1,24.35,24.05,24.35,36100
2017-07-07,24.1,24.1,24.35,24.05,24.35,36100
2017-07-10,24.1,24.1,24.35,24.05,24.35,36100
2017-07-11,24.1,24.1,24.35,24.05,24.35,36100
2017-07-12,24.1,24.1,24.35,24.05,24.35,36100
2017-07-13,24.1,24.1,24.35,24.05,24.35,36100
2017-07-14,24.1,24.1,24.35,24.05,24.35,36100
2017-07-17,24.1,24.1,24.35,24.05,24.35,36100
2017-07-18,24.1,24.1,24.35,24.05,24.35,36100
2017-07-19,24.1,24.1,24.35,24.05,24.35,36100
2017-07-20,24.1,24.1,24.35,24.05,24.35,36100
2017-07-21,24.1,24.1,24.35,24.05,24.35,36100
2017-07-24,24.1,24.1,24.35,24.05,24.35,36100
2017-07-25,24.1,24.1,24.35,24.05,24.35,36100
2017-07-26,24.1,24.1,24.35,24.05,24.35,36100
2017-07-27,24.1,24.1,24.35,24.05,24.35,36100
2017-07-28,24.1,24.1,24.35,24.05,24.35,36100
2017-07-31,24.1,24.1,24.35,24.05,24.35,36100
2017-08-01,24.1,24.1,24.35,24.05,24.35,36100
2017-08-02,24.1,24.1,24.35,24.05,24.35,36100
2017-08-03,24.1,24.1,24.35,24.05,24.35,36100
2017-08-04,24.1,24.1,24.35,24.05,24.35,36100
2017-08-07,24.1,24.1,24.35,24.05,24.35,36100
2017-08-08,24.1,24.1,24.35,24.05,24.35,36100
2017-08-09,24.1,24.1,24.35,24.05,24.35,36100
2017-08-10,24.1,24.1,24.35,24.05,24.35,36100
2017-08-11,24.1,24.1,24.35,24.05,24.35,36100
2017-08-14,24.1,24.1,24.35,24.05,24.35,36100
2017-08-15,24.1,24.1,24.35,24.05,24.35,36100
2017-08-16,24.1,24.1,24.35,24.05,24.35,36100
2017-08-17,24.1,24.1,24.35,24.05,24.35,36100
2017-08-18,24.1,24.1,24.35,24.05,24.35,36100
2017-08-21,24.1,24.1,24.35,24.05,24.35,36100
2017-08-22,24.1,24.1,24.35,24.05,24.35,36100
2017-08-23,24.1,24.1,24.35,24.05,24.35,36100
2017-08-24,24.1,24.1,24.35,24.05,24.35,36100
2017-08-25,24.1,24.1,24.35,24.05,24.35,36100
2017-08-28,24.1,24.1,24.35,24.05,24.35,36100
2017-08-29,24.1,24.1,24.35,24.05,24.35,36100
2017-08-30,24.1,24.1,24.35,24.05,24.35,36100
2017-08-31,24.1,24.1,24.35,24.05,24.35,36100
2017-09-01,24.1,24.1,24.35,24.05,24.35,36100
2017-09-04,24.1,24.1,24.35,24.05,24.35,36100
2017-09-05,24.1,24.1,24.35,24.05,24.35,36100
2017-09-06,24.1,24.1,24.35,24.05,24.35,36100
2017-09-07,24.1,24.1,24.35,24.05,24.35,36100
2017-09-08,24.1,24.1,24.35,24.05,24.35,36100
2017-09-11,24.1,24.1,24.35,24.05,24.35,36100
2017-09-12,24.1,24.1,24.35,24.05,24.35,36100
2017-09-13,24.1,24.1,24.35,24.05,24.35,36100
2017-09-14,24.1,24.1,24.35,24.05,24.35,36100
2017-09-15,24.1,24.1,24.35,24.05,24.35,36100
2017-09-18,24.1,24.1,24.35,24.05,24.35,36100
2017-09-19,24.1,24.1,24.35,24.05,24.35,36100
2017-09-20,24.1,24.1,24.35,24.05,24.35,36100
2017-09-21,24.1,24.1,24.35,24.05,24.35,36100
2017-09-22,24.1,24.1,24.35,24.05,24.35,36100
2017-09-25,24.1,24.1,24.35,24.05,24.35,36100
2017-09-26,24.1,24.1,24.35,24.05,24.35,36100
2017-09-27,24.1,24.1,24.35,24.05,24.35,36100
2017-09-28,24.1,24.1,24.35,24.05,24.35,36100
2017-09-29,24.1,24.1,24.35,24.05,24.35,36100
2017-10-02,24.1,24.1,24.35,24.05,24.35,36100
2017-10-03,24.1,24.1,24.35,24.05,24.35,36100
2017-10-05,24.1,24.1,24.35,24.05,24.35,36100
2017-10-06,24.1,24.1,24.35,24.05,24.35,36100
2017-10-11,24.1,24.1,24.35,24.05,24.35,36100
2017-10-12,24.1,24.1,24.35,24.05,24.35,36100
2017-10-13,24.1,24.1,24.35,24.05,24.35,36100
2017-10-16,24.1,24.1,24.35,24.05,24.35,36100
2017-10-17,24.1,24.1,24.35,24.05,24.35,36100
2017-10-18,24.1,24.1,24.35,24.05,24.35,36100
2017-10-19,24.1,24.1,24.35,24.05,24.35,36100
2017-10-20,24.1,24.1,24.35,24.05,24.35,36100
2017-10-23,24.1,24.1,24.35,24.05,24.35,36100
2017-10-24,24.1,24.1,24.35,24.05,24.35,36100
2017-10-25,24.1,24.1,24.35,24.05,24.35,36100
2017-10-26,24.1,24.1,24.35,24.05,24.35,36100
2017-10-27,24.1,24.1,24.35,24.05,24.35,36100
2017-10-30,24.1,24.1,24.35,24.05,24.35,36100
2017-10-31,24.1,24.1,24.35,24.05,24.35,36100
2017-11-01,24.1,24.1,24.35,24.05,24.35,36100
2017-11-02,24.1,24.1,24.35,24.05,24.35,36100
2017-11-03,24.1,24.1,24.35,24.05,24.35,36100
2017-11-06,24.1,24.1,24.35,24.05,24.35,36100
2017-11-07,24.1,24.1,24.35,24.05,24.35,36100
2017-11-08,24.1,24.1,24.35,24.05,24.35,36100
2017-11-09,24.1,24.1,24.35,24.05,24.35,36100
2017-11-10,24.1,24.1,24.35,24.05,24.35,36100
2017-11-13,24.1,24.1,24.35,24.05,24.35,36100
2017-11-14,24.1,24.1,24.35,24.05,24.35,36100
2017-11-15,24.1,24.1,24.35,24.05,24.35,36100
2017-11-16,24.1,24.1,24.35,24.05,24.35,36100
2017-11-17,24.1,24.1,24.35,24.05,24.35,36100
2017-11-20,24.1,24.1,24.35,24.05,24.35,36100
2017-11-21,24.1,24.1,24.35,24.05,24.35,36100
2017-11-22,24.1,24.1,24.35,24.05,24.35,36100
2017-11-23,24.1,24.1,24.35,24.05,24.35,36100
2017-11-24,24.1,24.1,24.35,24.05,24.35,36100
2017-11-27,24.1,24.1,24.35,24.05,24.35,36100
2017-11-28,24.1,24.1,24.35,24.05,24.35,36100
2017-11-29,24.1,24.1,24.35,24.05,24.35,36100
2017-11-30,24.1,24.1,24.35,24.05,24.35,36100
2017-12-01,24.1,24.1,24.35,24.05,24.35,36100
2017-12-04,24.1,24.1,24.35,24.05,24.35,36100
2017-12-05,24.1,24.1,24.35,24.05,24.35,36100
2017-12-06,24.1,24.1,24.35,24.05,24.35,36100
2017-12-07,24.1,24.1,24.35,24.05,24.35,36100
2017-12-08,24.1,24.1,24.35,24.05,24.35,36100
2017-12-11,24.1,24.1,24.35,24.05,24.35,36100
2017-12-12,24.1,24.1,24.35,24.05,24.35,36100
2017-12-13,24.1,24.1,24.35,24.05,24.35,36100
2017-12-14,24.1,24.1,24.35,24.05,24.35,36100
2017-12-15,24.1,24.1,24.35,24.05,24.35,36100
2017-12-18,24.1,24.1,24.35,24.05,24.35,36100
2017-12-19,24.1,24.1,24.35,24.05,24.35,36100
2017-12-20,24.1,24.1,24.35,24.05,24.35,36100
2017-12-21,24.1,24.1,24.35,24.05,24.35,36100
2017-12-22,24.1,24.1,24.35,24.05,24.35,36100
2017-12-25,24.1,24.1,24.35,24.05,24.35,36100
2017-12-26,24.1,24.1,24.35,24.05,24.35,36100
2017-12-27,24.1,24.1,24.35,24.05,24.35,36100
2017-12-28,24.1,24.1,24.35,24.05,24.35,36100
2017-12-29,24.1,24.1,24.35,24.05,24.35,36100
2018-01-02,24.1,24.1,24.35,24.05,24.35,36100
2018-01-03,24.1,24.1,24.35,24.05,24.35,36100
2018-01-04,24.1,24.1,24.35,24.05,24.35,36100
2018-01-05,24.1,24.1,24.35,24.05,24.35,36100
2018-01-08,24.1,24.1,24.35,24.05,24.35,36100
2018-01-09,24.1,24.1,24.35,24.05,24.35,36100
2018-01-10,24.1,24.1,24.35,24.05,24.35,36100
2018-01-11,24.1,24.1,24.35,24.05,24.35,36100
2018-01-12,24.1,24.1,24.35,24.05,24.35,36100
2018-01-15,24.1,24.1,24.35,24.05,24.35,36100
2018-01-16,24.1,24.1,24.35,24.05,24.35,36100
2018-01-17,24.1,24.1,24.35,24.05,24.35,36100
2018-01-18,24.1,24.1,24.35,24.05,24.35,36100
2018-01-19,24.1,24.1,24.35,24.05,24.35,36100
2018-01-22,24.1,24.1,24.35,24.05,24.35,36100
2018-01-23,24.1,24.1,24.35,24.05,24.35,36100
2018-01-24,24.1,24.1,24.35,24.05,24.35,36100
2018-01-25,24.1,24.1,24.35,24.05,24.35,36100
2018-01-26,24.1,24.1,24.35,24.05,24.35,36100
2018-01-29,24.1,24.1,24.35,24.05,24.35,36100
2018-01-30,24.1,24.1,24.35,24.05,24.35,36100
2018-01-31,24.1,24.1,24.35,24.05,24.35,36100
2018-02-01,24.1,24.1,24.35,24.05,24.35,36100
2018-02-02,24.1,24.1,24.35,24.05,24.35,36100
2018-02-05,24.1,24.1,24.35,24.05,24.35,36100
2018-02-06,24.1,24.1,24.35,24.05,24.35,36100
2018-02-07,24.1,24.1,24.35,24.05,24.35,36100
2018-02-08,24.1,24.1,24.35,24.05,24.35,36100
2018-02-09,24.1,24.1,24.35,24.05,24.35,36100
2018-02-12,24.1,24.1,24.35,24.05,24.35,36100
2018-02-21,24.1,24.1,24.35,24.05,24.35,36100
2018-02-22,24.1,24.1,24.35,24.05,24.35,36100
2018-02-23,24.1,24.1,24.35,24.05,24.35,36100
2018-02-26,24.1,24.1,24.35,24.05,24.35,36100
2018-02-27,24.1,24.1,24.35,24.05,24.35,36100
2018-03-01,24.1,24.1,24.35,24.05,24.35,36100
2018-03-02,24.1,24.1,24.35,24.05,24.35,36100
2018-03-05,24.1,24.1,24.35,24.05,24.35,36100
2018-03-06,24.1,24.1,24.35,24.05,24.35,36100
2018-03-07,24.1,24.1,24.35,24.05,24.35,36100
2018-03-08,24.1,24.1,24.35,24.05,24.35,36100
2018-03-09,24.1,24.1,24.35,24.05,24.35,36100
2018-03-12,24.1,24.1,24.35,24.05,24.35,36100
2018-03-13,24.1,24.1,24.35,24.05,24.35,36100
2018-03-14,24.1,24.1,24.35,24.05,24.35,36100
2018-03-15,24.1,24.1,24.35,24.05,24.35,36100
2018-03-16,24.1,24.1,24.35,24.05,24.35,36100
2018-03-19,24.1,24.1,24.35,24.05,24.35,36100
2018-03-20,24.1,24.1,24.35,24.05,24.35,36100
2018-03-21,24.1,24.1,24.35,24.05,24.35,36100
2018-03-22,24.1,24.1,24.35,24.05,24.35,36100
2018-03-23,24.1,24.1,24.35,24.05,24.35,36100
2018-03-26,24.1,24.1,24.35,24.05,24.35,36100
2018-03-27,24.1,24.1,24.35,24.05,24.35,36100
2018-03-28,24.1,24.1,24.35,24.05,24.35,36100
2018-03-29,24.1,24.1,24.35,24.05,24.35,36100
2018-03-30,24.1,24.1,24.35,24.05,24.35,36100
2018-04-02,24.1,24.1,24.35,24.05,24.35,36100
2018-04-03,24.1,24.1,24.35,24.05,24.35,36100
2018-04-09,24.1,24.1,24.35,24.05,24.35,36100
2018-04-10,24.1,24.1,24.35,24.05,24.35,36100
2018-04-11,24.1,24.1,24.35,24.05,24.35,36100
2018-04-12,24.1,24.1,24.35,24.05,24.35,36100
2018-04-13,24.1,24.1,24.35,24.05,24.35,36100
2018-04-16,24.1,24.1,24.35,24.05,24.35,36100
2018-04-17,24.1,24.1,24.35,24.05,24.35,36100
2018-04-18,24.1,24.1,24.35,24.05,24.35,36100
2018-04-19,24.1,24.1,24.35,24.05,24.35,36100
2018-04-20,24.1,24.1,24.35,24.05,24.35,36100
2018-04-23,24.1,24.1,24.35,24.05,24.35,36100
2018-04-24,24.1,24.1,24.35,24.05,24.35,36100
2018-04-25,24.1,24.1,24.35,24.05,24.35,36100
2018-04-26,24.1,24.1,24.35,24.05,24.35,36100
2018-04-27,24.1,24.1,24.35,24.05,24.35,36100
2018-04-30,24.1,24.1,24.35,24.05,24.35,36100
2018-05-02,24.1,24.1,24.35,24.05,24.35,36100
2018-05-03,24.1,24.1,24.35,24.05,24.35,36100
2018-05-04,24.1,24.1,24.35,24.05,24.35,36100
2018-05-07,24.1,24.1,24.35,24.05,24.35,36100
2018-05-08,24.1,24.1,24.35,24.05,24.35,36100
2018-05-09,24.1,24.1,24.35,24.05,24.35,36100
2018-05-10,24.1,24.1,24.35,24.05,24.35,36100
2018-05-11,24.1,24.1,24.35,24.05,24.35,36100
2018-05-14,24.1,24.1,24.35,24.05,24.35,36100
2018-05-15,24.1,24.1,24.35,24.05,24.35,36100
2018-05-16,24.1,24.1,24.35,24.05,24.35,36100
2018-05-17,24.1,24.1,24.35,24.05,24.35,36100
2018-05-18,24.1,24.1,24.35,24.05,24.35,36100
2018-05-21,24.1,24.1,24.35,24.05,24.35,36100
2018-05-22,24.1,24.1,24.35,24.05,24.35,36100
2018-05-23,24.1,24.1,24.35,24.05,24.35,36100
2018-05-24,24.1,24.1,24.35,24.05,24.35,36100
2018-05-25,24.1,24.1,24.35,24.05,24.35,36100
2018-05-28,24.1,24.1,24.35,24.05,24.35,36100
2018-05-29,24.1,24.1,24.35,24.05,24.35,36100
2018-05-30,24.1,24.1,24.35,24.05,24.35,36100
2018-05-31,24.1,24.1,24.35,24.05,24.35,36100
2018-06-01,24.1,24.1,24.35,24.05,24.35,36100
2018-06-04,24.1,24.1,24.35,24.05,24.35,36100
2018-06-05,24.1,24.1,24.35,24.05,24.35,36100
2018-06-06,24.1,24.1,24.35,24.05,24.35,36100
2018-06-07,24.1,24.1,24.35,24.05,24.35,36100
2018-06-08,24.1,24.1,24.35,24.05,24.35,36100
2018-06-11,24.1,24.1,24.35,24.05,24.35,36100
2018-06-12,24.1,24.1,24.35,24.05,24.35,36100
2018-06-13,24.1,24.1,24.35,24.05,24.35,36100
2018-06-14,24.1,24.1,24.35,24.05,24.35,36100
2018-06-15,24.1,24.1,24.35,24.05,24.35,36100
2018-06-19,24.1,24.1,24.35,24.05,24.35,36100
2018-06-20,24.1,24.1,24.35,24.05,24.35,36100
2018-06-21,24.1,24.1,24.35,24.05,24.35,36100
2018-06-22,24.1,24.1,24.35,24.05,24.35,36100
2018-06-25,24.1,24.1,24.35,24.05,24.35,36100
2018-06-26,24.1,24.1,24.35,24.05,24.35,36100
2018-06-27,24.1,24.1,24.35,24.05,24.35,36100
2018-06-28,24.1,24.1,24.35,24.05,24.35,36100
2018-06-29,24.1,24.1,24.35,24.05,24.35,36100
2018-07-02,24.1,24.1,24.35,24.05,24.35,36100
2018-07-03,24.1,24.1,24.35,24.05,24.35,36100
2018-07-04,24.1,24.1,24.35,24.05,24.35,36100
2018-07-05,24.1,24.1,24.35,24.05,24.35,36100
2018-07-06,24.1,24.1,24.35,24.05,24.35,36100
2018-07-09,24.1,24.1,24.35,24.05,24.35,36100
2018-07-10,24.1,24.1,24.35,24.05,24.35,36100
2018-07-11,24.1,24.1,24.35,24.05,24.35,36100
2018-07-12,24.1,24.1,24.35,24.05,24.35,36100
2018-07-13,24.1,24.1,24.35,24.05,24.35,36100
2018-07-16,24.1,24.1,24.35,24.05,24.35,36100
2018-07-17,24.1,24.1,24.35,24.05,24.35,36100
2018-07-18,24.1,24.1,24.35,24.05,24.35,36100
2018-07-19,24.1,24.1,24.35,24.05,24.35,36100
2018-07-20,24.1,24.1,24.35,24.05,24.35,36100
2018-07-23,24.1,24.1,24.35,24.05,24.35,36100
2018-07-24,24.1,24.1,24.35,24.05,24.35,36100
2018-07-25,24.1,24.1,24.35,24.05,24.35,36100
2018-07-26,24.1,24.1,24.35,24.05,24.35,36100
2018-07-27,24.1,24.1,24.35,24.05,24.35,36100
2018-07-30,24.1,24.1,24.35,24.05,24.35,36100
2018-07-31,24.1,24.1,24.35,24.05,24.35,36100
2018-08-01,24.1,24.1,24.35,24.05,24.35,36100
2018-08-02,24.1,24.1,24.35,24.05,24.35,36100
2018-08-03,24.1,24.1,24.35,24.05,24.35,36100
2018-08-06,24.1,24.1,24.35,24.05,24.35,36100
2018-08-07,24.1,24.1,24.35,24.05,24.35,36100
2018-08-08,24.1,24.1,24.35,24.05,24.35,36100
2018-08-09,24.1,24.1,24.35,24.05,24.35,36100
2018-08-10,24.1,24.1,24.35,24.05,24.35,36100
2018-08-13,24.1,24.1,24.35,24.05,24.35,36100
2018-08-14,24.1,24.1,24.35,24.05,24.35,36100
2018-08-15,24.1,24.1,24.35,24.05,24.35,36100
2018-08-16,24.1,24.1,24.35,24.05,24.35,36100
2018-08-17,24.1,24.1,24.35,24.05,24.35,36100
2018-08-20,24.1,24.1,24.35,24.05,24.35,36100
2018-08-21,24.1,24.1,24.35,24.05,24.35,36100
2018-08-22,24.1,24.1,24.35,24.05,24.35,36100
2018-08-23,24.1,24.1,24.35,24.05,24.35,36100
2018-08-24,24.1,24.1,24.35,24.05,24.35,36100
2018-08-27,24.1,24.1,24.35,24.05,24.35,36100
2018-08-28,24.1,24.1,24.35,24.05,24.35,36100
2018-08-29,24.1,24.1,24.35,24.05,24.35,36100
2018-08-30,24.1,24.1,24.35,24.05,24.35,36100
2018-08-31,24.1,24.1,24.35,24.05,24.35,36100
2018-09-03,24.1,24.1,24.35,24.05,24.35,36100
2018-09-04,24.1,24.1,24.35,24.05,24.35,36100
2018-09-05,24.1,24.1,24.35,24.05,24.35,36100
2018-09-06,24.1,24.1,24.35,24.05,24.35,36100
2018-09-07,24.1,24.1,24.35,24.05,24.35,36100
2018-09-10,24.1,24.1,24.35,24.05,24.35,36100
2018-09-11,24.1,24.1,24.35,24.05,24.35,36100
2018-09-12,24.1,24.1,24.35,24.05,24.35,36100
2018-09-13,24.1,24.1,24.35,24.05,24.35,36100
2018-09-14,24.1,24.1,24.35,24.05,24.35,36100
2018-09-17,24.1,24.1,24.35,24.05,24.35,36100
2018-09-18,24.1,24.1,24.35,24.05,24.35,36100
2018-09-19,24.1,24.1,24.35,24.05,24.35,36100
2018-09-20,24.1,24.1,24.35,24.05,24.35,36100
2018-09-21,24.1,24.1,24.35,24.05,24.35,36100
2018-09-25,24.1,24.1,24.35,24.05,24.35,36100
2018-09-26,24.1,24.1,24.35,24.05,24.35,36100
2018-09-27,24.1,24.1,24.35,24.05,24.35,36100
2018-09-28,24.1,24.1,24.35,24.05,24.35,36100
2018-10-01,24.1,24.1,24.35,24.05,24.35,36100
2018-10-02,24.1,24.1,24.35,24.05,24.35,36100
2018-10-03,24.1,24.1,24.35,24.05,24.35,36100
2018-10-04,24.1,24.1,24.35,24.05,24.35,36100
2018-10-05,24.1,24.1,24.35,24.05,24.35,36100
2018-10-08,24.1,24.1,24.35,24.05,24.35,36100
2018-10-09,24.1,24.1,24.35,24.05,24.35,36100
2018-10-11,24.1,24.1,24.35,24.05,24.35,36100
2018-10-12,24.1,24.1,24.35,24.05,24.35,36100
2018-10-15,24.1,24.1,24.35,24.05,24.35,36100
2018-10-16,24.1,24.1,24.35,24.05,24.35,36100
2018-10-17,24.1,24.1,24.35,24.05,24.35,36100
2018-10-18,24.1,24.1,24.35,24.05,24.35,36100
2018-10-19,24.1,24.1,24.35,24.05,24.35,36100
2018-10-22,24.1,24.1,24.35,24.05,24.35,36100
2018-10-23,24.1,24.1,24.35,24.05,24.35,36100
2018-10-24,24.1,24.1,24.35,24.05,24.35,36100
2018-10-25,24.1,24.1,24.35,24.05,24.35,36100
2018-10-26,24.1,24.1,24.35,24.05,24.35,36100
2018-10-29,24.1,24.1,24.35,24.05,24.35,36100
2018-10-30,24.1,24.1,24.35,24.05,24.35,36100
2018-10-31,24.1,24.1,24.35,24.05,24.35,36100
2018-11-01,24.1,24.1,24.35,24.05,24.35,36100
2018-11-02,24.1,24.1,24.35,24.05,24.35,36100
2018-11-05,24.1,24.1,24.35,24.05,24.35,36100
2018-11-06,24.1,24.1,24.35,24.05,24.35,36100
2018-11-07,24.1,24.1,24.35,24.05,24.35,36100
2018-11-08,24.1,24.1,24.35,24.05,24.35,36100
2018-11-09,24.1,24.1,24.35,24.05,24.35,36100
2018-11-12,24.1,24.1,24.35,24.05,24.35,36100
2018-11-13,24.1,24.1,24.35,24.05,24.35,36100
2018-11-14,24.1,24.1,24.35,24.05,24.35,36100
2018-11-15,24.1,24.1,24.35,24.05,24.35,36100
2018-11-16,24.1,24.1,24.35,24.05,24.35,36100
2018-11-19,24.1,24.1,24.35,24.05,24.35,36100
2018-11-20,24.1,24.1,24.35,24.05,24.35,36100
2018-11-21,24.1,24.1,24.35,24.05,24.35,36100
2018-11-22,24.1,24.1,24.35,24.05,24.35,36100
2018-11-23,24.1,24.1,24.35,24.05,24.35,36100
2018-11-26,24.1,24.1,24.35,24.05,24.35,36100
2018-11-27,24.1,24.1,24.35,24.05,24.35,36100
2018-11-28,24.1,24.1,24.35,24.05,24.35,36100
2018-11-29,24.1,24.1,24.35,24.05,24.35,36100
2018-11-30,24.1,24.1,24.35,24.05,24.35,36100
2018-12-03,24.1,24.1,24.35,24.05,24.35,36100
2018-12-04,24.1,24.1,24.35,24.05,24.35,36100
2018-12-05,24.1,24.1,24.35,24.05,24.35,36100
2018-12-06,24.1,24.1,24.35,24.05,24.35,36100
2018-12-07,24.1,24.1,24.35,24.05,24.35,36100
2018-12-10,24.1,24.1,24.35,24.05,24.35,36100
2018-12-11,24.1,24.1,24.35,24.05,24.35,36100
2018-12-12,24.1,24.1,24.35,24.05,24.35,36100
2018-12-13,24.1,24.1,24.35,24.05,24.35,36100
2018-12-14,24.1,24.1,24.35,24.05,24.35,36100
2018-12-17,24.1,24.1,24.35,24.05,24.35,36100
2018-12-18,24.1,24.1,24.35,24.05,24.35,36100
2018-12-19,24.1,24.1,24.35,24.05,24.35,36100
2018-12-20,24.1,24.1,24.35,24.05,24.35,36100
2018-12-21,24.1,24.1,24.35,24.05,24.35,36100
2018-12-24,24.1,24.1,24.35,24.05,24.35,36100
2018-12-25,24.1,24.1,24.35,24.05,24.35,36100
2018-12-26,24.1,24.1,24.35,24.05,24.35,36100
2018-12-27,24.1,24.1,24.35,24.05,24.35,36100
2018-12-28,24.1,24.1,24.35,24.05,24.35,36100
2019-01-02,24.1,24.1,24.35,24.05,24.35,36100
2019-01-03,24.1,24.1,24.35,24.05,24.35,36100
2019-01-04,24.1,24.1,24.35,24.05,24.35,36100
2019-01-07,24.1,24.1,24.35,24.05,24.35,36100
2019-01-08,24.1,24.1,24.35,24.05,24.35,36100
2019-01-09,24.1,24.1,24.35,24.05,24.35,36100
2019-01-10,24.1,24.1,24.35,24.05,24.35,36100
2019-01-11,24.1,24.1,24.35,24.05,24.35,36100
2019-01-14,24.1,24.1,24.35,24.05,24.35,36100
2019-01-15,24.1,24.1,24.35,24.05,24.35,36100
2019-01-16,24.1,24.1,24.35,24.05,24.35,36100
2019-01-17,24.1,24.1,24.35,24.05,24.35,36100
2019-01-18,24.1,24.1,24.35,24.05,24.35,36100
2019-01-21,24.1,24.1,24.35,24.05,24.35,36100
2019-01-22,24.1,24.1,24.35,24.05,24.35,36100
2019-01-23,24.1,24.1,24.35,24.05,24.35,36100
2019-01-24,24.1,24.1,24.35,24.05,24.35,36100
2019-01-25,24.1,24.1,24.35,24.05,24.35,36100
2019-01-28,24.1,24.1,24.35,24.05,24.35,36100
2019-01-29,24.1,24.1,24.35,24.05,24.35,36100
2019-01-30,24.1,24.1,24.35,24.05,24.35,36100
2019-02-11,24.1,24.1,24.35,24.05,24.35,36100
2019-02-12,24.1,24.1,24.35,24.05,24.35,36100
2019-02-13,24.1,24.1,24.35,24.05,24.35,36100
2019-02-14,24.1,24.1,24.35,24.05,24.35,36100
2019-02-15,24.1,24.1,24.35,24.05,24.35,36100
2019-02-18,24.1,24.1,24.35,24.05,24.35,36100
2019-02-19,24.1,24.1,24.35,24.05,24.35,36100
2019-02-20,24.1,24.1,24.35,24.05,24.35,36100
2019-02-21,24.1,24.1,24.35,24.05,24.35,36100
2019-02-22,24.1,24.1,24.35,24.05,24.35,36100
2019-02-25,24.1,24.1,24.35,24.05,24.35,36100
2019-02-26,24.1,24.1,24.35,24.05,24.35,36100
2019-02-27,24.1,24.1,24.35,24.05,24.35,36100
2019-03-04,24.1,24.1,24.35,24.05,24.35,36100
2019-03-05,24.1,24.1,24.35,24.05,24.35,36100
2019-03-06,24.1,24.1,24.35,24.05,24.35,36100
2019-03-07,24.1,24.1,24.35,24.05,24.35,36100
2019-03-08,24.1,24.1,24.35,24.05,24.35,36100
2019-03-11,24.1,24.1,24.35,24.05,24.35,36100
2019-03-12,24.1,24.1,24.35,24.05,24.35,36100
2019-03-13,24.1,24.1,24.35,24.05,24.35,36100
2019-03-14,24.1,24.1,24.35,24.05,24.35,36100
2019-03-15,24.1,24.1,24.35,24.05,24.35,36100
2019-03-18,24.1,24.1,24.35,24.05,24.35,36100
2019-03-19,24.1,24.1,24.35,24.05,24.35,36100
2019-03-20,24.1,24.1,24.35,24.05,24.35,36100
2019-03-21,24.1,24.1,24.35,24.05,24.35,36100
2019-03-22,24.1,24.1,24.35,24.05,24.35,36100
2019-03-25,24.1,24.1,24.35,24.05,24.35,36100
2019-03-26,24.1,24.1,24.35,24.05,24.35,36100
2019-03-27,24.1,24.1,24.35,24.05,24.35,36100
2019-03-28,24.1,24.1,24.35,24.05,24.35,36100
2019-03-29,24.1,24.1,24.35,24.05,24.35,36100
2019-04-01,24.1,24.1,24.35,24.05,24.35,36100
2019-04-02,24.1,24.1,24.35,24.05,24.35,36100
2019-04-03,24.1,24.1,24.35,24.05,24.35,36100
2019-04-08,24.1,24.1,24.35,24.05,24.35,36100
2019-04-09,24.1,24.1,24.35,24.05,24.35,36100
2019-04-10,24.1,24.1,24.35,24.05,24.35,36100
2019-04-11,24.1,24.1,24.35,24.05,24.35,36100
2019-04-12,24.1,24.1,24.35,24.05,24.35,36100
2019-04-15,24.1,24.1,24.35,24.05,24.35,36100
2019-04-16,24.1,24.1,24.35,24.05,24.35,36100
2019-04-17,24.1,24.1,24.35,24.05,24.35,36100
2019-04-18,24.1,24.1,24.35,24.05,24.35,36100
2019-04-19,24.1,24.1,24.35,24.05,24.35,36100
2019-04-22,24.1,24.1,24.35,24.05,24.35,36100
2019-04-23,24.1,24.1,24.35,24.05,24.35,36100
2019-04-24,24.1,24.1,24.35,24.05,24.35,36100
2019-04-25,24.1,24.1,24.35,24.05,24.35,36100
2019-04-26,24.1,24.1,24.35,24.05,24.35,36100
2019-04-29,24.1,24.1,24.35,24.05,24.35,36100
2019-04-30,24.1,24.1,24.35,24.05,24.35,36100
2019-05-02,24.1,24.1,24.35,24.05,24.35,36100
2019-05-03,24.1,24.1,24.35,24.05,24.35,36100
2019-05-06,24.1,24.1,24.35,24.05,24.35,36100
2019-05-07,24.1,24.1,24.35,24.05,24.35,36100
2019-05-08,24.1,24.1,24.35,24.05,24.35,36100
2019-05-09,24.1,24.1,24.35,24.05,24.35,36100
2019-05-10,24.1,24.1,24.35,24.05,24.35,36100
2019-05-13,24.1,24.1,24.35,24.05,24.35,36100
2019-05-14,24.1,24.1,24.35,24.05,24.35,36100
2019-05-15,24.1,24.1,24.35,24.05,24.35,36100
2019-05-16,24.1,24.1,24.35,24.05,24.35,36100
2019-05-17,24.1,24.1,24.35,24.05,24.35,36100
2019-05-20,24.1,24.1,24.35,24.05,24.35,36100
2019-05-21,24.1,24.1,24.35,24.05,24.35,36100
2019-05-22,24.1,24.1,24.35,24.05,24.35,36100
2019-05-23,24.1,24.1,24.35,24.05,24.35,36100
2019-05-24,24.1,24.1,24.35,24.05,24.35,36100
2019-05-27,24.1,24.1,24.35,24.05,24.35,36100
2019-05-28,24.1,24.1,24.35,24.05,24.35,36100
2019-05-29,24.1,24.1,24.35,24.05,24.35,36100
2019-05-30,24.1,24.1,24.35,24.05,24.35,36100
2019-05-31,24.1,24.1,24.35,24.05,24.35,36100
2019-06-03,24.1,24.1,24.35,24.05,24.35,36100
2019-06-04,24.1,24.1,24.35,24.05,24.35,36100
2019-06-05,24.1,24.1,24.35,24.05,24.35,36100
2019-06-06,24.1,24.1,24.35,24.05,24.35,36100
2019-06-10,24.1,24.1,24.35,24.05,24.35,36100
2019-06-11,24.1,24.1,24.35,24.05,24.35,36100
2019-06-12,24.1,24.1,24.35,24.05,24.35,36100
2019-06-13,24.1,24.1,24.35,24.05,24.35,36100
2019-06-14,24.1,24.1,24.35,24.05,24.35,36100
2019-06-17,24.1,24.1,24.35,24.05,24.35,36100
2019-06-18,24.1,24.1,24.35,24.05,24.35,36100
2019-06-19,24.1,24.1,24.35,24.05,24.35,36100
2019-06-20,24.1,24.1,24.35,24.05,24.35,36100
2019-06-21,24.1,24.1,24.35,24.05,24.35,36100
2019-06-24,24.1,24.1,24.35,24.05,24.35,36100
2019-06-25,24.1,24.1,24.35,24.05,24.35,36100
2019-06-26,24.1,24.1,24.35,24.05,24.35,36100
2019-06-27,24.1,24.1,24.35,24.05,24.35,36100
2019-06-28,24.1,24.1,24.35,24.05,24.35,36100
2019-07-01,24.1,24.1,24.35,24.05,24.35,36100
2019-07-02,24.1,24.1,24.35,24.05,24.35,36100
2019-07-03,24.1,24.1,24.35,24.05,24.35,36100
2019-07-04,24.1,24.1,24.35,24.05,24.35,36100
2019-07-05,24.1,24.1,24.35,24.05,24.35,36100
2019-07-08,24.1,24.1,24.35,24.05,24.35,36100
2019-07-09,24.1,24.1,24.35,24.05,24.35,36100
2019-07-10,24.1,24.1,24.35,24.05,24.35,36100
2019-07-11,24.1,24.1,24.35,24.05,24.35,36100
2019-07-12,24.1,24.1,24.35,24.05,24.35,36100
2019-07-15,24.1,24.1,24.35,24.05,24.35,36100
2019-07-16,24.1,24.1,24.35,24.05,24.35,36100
2019-07-17,24.1,24.1,24.35,24.05,24.35,36100
2019-07-18,24.1,24.1,24.35,24.05,24.35,36100
2019-07-19,24.1,24.1,24.35,24.05,24.35,36100
2019-07-22,24.1,24.1,24.35,24.05,24.35,36100
2019-07-23,24.1,24.1,24.35,24.05,24.35,36100
2019-07-24,24.1,24.1,24.35,24.05,24.35,36100
2019-07-25,24.1,24.1,24.35,24.05,24.35,36100
2019-07-26,24.1,24.1,24.35,24.05,24.35,36100
2019-07-29,24.1,24.1,24.35,24.05,24.35,36100
2019-07-30,24.1,24.1,24.35,24.05,24.35,36100
2019-07-31,24.1,24.1,24.35,24.05,24.35,36100
2019-08-01,24.1,24.1,24.35,24.05,24.35,36100
2019-08-02,24.1,24.1,24.35,24.05,24.35,36100
2019-08-05,24.1,24.1,24.35,24.05,24.35,36100
2019-08-06,24.1,24.1,24.35,24.05,24.35,36100
2019-08-07,24.1,24.1,24.35,24.05,24.35,36100
2019-08-08,24.1,24.1,24.35,24.05,24.35,36100
2019-08-12,24.1,24.1,24.35,24.05,24.35,36100
2019-08-13,24.1,24.1,24.35,24.05,24.35,36100
2019-08-14,24.1,24.1,24.35,24.05,24.35,36100
2019-08-15,24.1,24.1,24.35,24.05,24.35,36100
2019-08-16,24.1,24.1,24.35,24.05,24.35,36100
2019-08-19,24.1,24.1,24.35,24.05,24.35,36100
2019-08-20,24.1,24.1,24.35,24.05,24.35,36100
2019-08-21,24.1,24.1,24.35,24.05,24.35,36100
2019-08-22,24.1,24.1,24.35,24.05,24.35,36100
2019-08-23,24.1,24.1,24.35,24.05,24.35,36100
2019-08-26,24.1,24.1,24.35,24.05,24.35,36100
2019-08-27,24.1,24.1,24.35,24.05,24.35,36100
2019-08-28,24.1,24.1,24.35,24.05,24.35,36100
2019-08-29,24.1,24.1,24.35,24.05,24.35,36100
2019-08-30,24.1,24.1,24.35,24.05,24.35,36100
2019-09-02,24.1,24.1,24.35,24.05,24.35,36100
2019-09-03,24.1,24.1,24.35,24.05,24.35,36100
2019-09-04,24.1,24.1,24.35,24.05,24.35,36100
2019-09-05,24.1,24.1,24.35,24.05,24.35,36100
2019-09-06,24.1,24.1,24.35,24.05,24.35,36100
2019-09-09,24.1,24.1,24.35,24.05,24.35,36100
2019-09-10,24.1,24.1,24.35,24.05,24.35,36100
2019-09-11,24.1,24.1,24.35,24.05,24.35,36100
2019-09-12,24.1,24.1,24.35,24.05,24.35,36100
2019-09-16,24.1,24.1,24.35,24.05,24.35,36100
2019-09-17,24.1,24.1,24.35,24.05,24.35,36100
2019-09-18,24.1,24.1,24.35,24.05,24.35,36100
2019-09-19,24.1,24.1,24.35,24.05,24.35,36100
2019-09-20,24.1,24.1,24.35,24.05,24.35,36100
2019-09-23,24.1,24.1,24.35,24.05,24.35,36100
2019-09-24,24.1,24.1,24.35,24.05,24.35,36100
2019-09-25,24.1,24.1,24.35,24.05,24.35,36100
2019-09-26,24.1,24.1,24.35,24.05,24.35,36100
2019-09-27,24.1,24.1,24.35,24.05,24.35,36100
2019-10-01,24.1,24.1,24.35,24.05,24.35,36100
2019-10-02,24.1,24.1,24.35,24.05,24.35,36100
2019-10-03,24.1,24.1,24.35,24.05,24.35,36100
2019-10-04,24.1,24.1,24.35,24.05,24.35,36100
2019-10-07,24.1,24.1,24.35,24.05,24.35,36100
2019-10-08,24.1,24.1,24.35,24.05,24.35,36100
2019-10-09,24.1,24.1,24.35,24.05,24.35,36100
2019-10-14,24.1,24.1,24.35,24.05,24.35,36100
2019-10-15,24.1,24.1,24.35,24.05,24.35,36100
2019-10-16,24.1,24.1,24.35,24.05,24.35,36100
2019-10-17,24.1,24.1,24.35,24.05,24.35,36100
2019-10-18,24.1,24.1,24.35,24.05,24.35,36100
2019-10-21,24.1,24.1,24.35,24.05,24.35,36100
2019-10-22,24.1,24.1,24.35,24.05,24.35,36100
2019-10-23,24.1,24.1,24.35,24.05,24.35,36100
2019-10-24,24.1,24.1,24.35,24.05,24.35,36100
2019-10-25,24.1,24.1,24.35,24.05,24.35,36100
2019-10-28,24.1,24.1,24.35,24.05,24.35,36100
2019-10-29,24.1,24.1,24.35,24.05,24.35,36100
2019-10-30,24.1,24.1,24.35,24.05,24.35,36100
2019-10-31,24.1,24.1,24.35,24.05,24.35,36100
2019-11-01,24.1,24.1,24.35,24.05,24.35,36100
2019-11-04,24.1,24.1,24.35,24.05,24.35,36100
2019-11-05,24.1,24.1,24.35,24.05,24.35,36100
2019-11-06,24.1,24.1,24.35,24.05,24.35,36100
2019-11-07,24.1,24.1,24.35,24.05,24.35,36100
2019-11-08,24.1,24.1,24.35,24.05,24.35,36100
2019-11-11,24.1,24.1,24.35,24.05,24.35,36100
2019-11-12,24.1,24.1,24.35,24.05,24.35,36100
2019-11-13,24.1,24.1,24.35,24.05,24.35,36100
2019-11-14,24.1,24.1,24.35,24.05,24.35,36100
2019-11-20,24.1,24.1,24.35,24.05,24.35,36100
2019-11-21,24.1,24.1,24.35,24.05,24.35,36100
2019-11-22,24.1,24.1,24.35,24.05,24.35,36100
2019-11-25,24.1,24.1,24.35,24.05,24.35,36100
2019-11-26,24.1,24.1,24.35,24.05,24.35,36100
2019-11-27,24.1,24.1,24.35,24.05,24.35,36100
2019-11-28,24.1,24.1,24.35,24.05,24.35,36100
2019-11-29,24.1,24.1,24.35,24.05,24.35,36100
2019-12-02,24.1,24.1,24.35,24.05,24.35,36100
2019-12-03,24.1,24.1,24.35,24.05,24.35,36100
2019-12-04,24.1,24.1,24.35,24.05,24.35,36100
2019-12-05,24.1,24.1,24.35,24.05,24.35,36100
2019-12-06,24.1,24.1,24.35,24.05,24.35,36100
2019-12-09,24.1,24.1,24.35,24.05,24.35,36100
2019-12-10,24.1,24.1,24.35,24.05,24.35,36100
2019-12-11,24.1,24.1,24.35,24.05,24.35,36100
2019-12-12,24.1,24.1,24.35,24.05,24.35,36100
2019-12-13,24.1,24.1,24.35,24.05,24.35,36100
2019-12-16,24.1,24.1,24.35,24.05,24.35,36100
2019-12-17,24.1,24.1,24.35,24.05,24.35,36100
2019-12-18,24.1,24.1,24.35,24.05,24.35,36100
2019-12-19,24.1,24.1,24.35,24.05,24.35,36100
2019-12-20,24.1,24.1,24.35,24.05,24.35,36100
2019-12-23,24.1,24.1,24.35,24.05,24.35,36100
2019-12-24,24.1,24.1,24.35,24.05,24.35,36100
2019-12-25,24.1,24.1,24.35,24.05,24.35,36100
2019-12-26,24.1,24.1,24.35,24.05,24.35,36100
2019-12-27,24.1,24.1,24.35,24.05,24.35,36100
2019-12-30,24.1,24.1,24.35,24.05,24.35,36100
2019-12-31,24.1,24.1,24.35,24.05,24.35,36100
2020-01-02,24.1,24.1,24.35,24.05,24.35,36100
2020-01-03,24.1,24.1,24.35,24.05,24.35,36100
2020-01-06,24.1,24.1,24.35,24.05,24.35,36100
2020-01-07,24.1,24.1,24.35,24.05,24.35,36100
2020-01-08,24.1,24.1,24.35,24.05,24.35,36100
2020-01-09,24.1,24.1,24.35,24.05,24.35,36100
2020-01-10,24.1,24.1,24.35,24.05,24.35,36100
2020-01-13,24.1,24.1,24.35,24.05,24.35,36100
2020-01-14,24.1,24.1,24.35,24.05,24.35,36100
2020-01-15,24.1,24.1,24.35,24.05,24.35,36100
2020-01-16,24.1,24.1,24.35,24.05,24.35,36100
2020-01-17,24.1,24.1,24.35,24.05,24.35,36100
2020-01-20,24.1,24.1,24.35,24.05,24.35,36100
2020-01-30,24.1,24.1,24.35,24.05,24.35,36100
2020-01-31,24.1,24.1,24.35,24.05,24.35,36100
2020-02-03,24.1,24.1,24.35,24.05,24.35,36100
2020-02-04,24.1,24.1,24.35,24.05,24.35,36100
2020-02-05,24.1,24.1,24.35,24.05,24.35,36100
2020-02-06,24.1,24.1,24.35,24.05,24.35,36100
2020-02-07,24.1,24.1,24.35,24.05,24.35,36100
2020-02-10,24.1,24.1,24.35,24.05,24.35,36100
2020-02-11,24.1,24.1,24.35,24.05,24.35,36100
2020-02-12,24.1,24.1,24.35,24.05,24.35,36100
2020-02-13,24.1,24.1,24.35,24.05,24.35,36100
2020-02-14,24.1,24.1,24.35,24.05,24.35,36100
2020-02-17,24.1,24.1,24.35,24.05,24.35,36100
2020-02-18,24.1,24.1,24.35,24.05,24.35,36100
2020-02-19,24.1,24.1,24.35,24.05,24.35,36100
2020-02-20,24.1,24.1,24.35,24.05,24.35,36100
2020-02-21,24.1,24.1,24.35,24.05,24.35,36100
2020-02-24,24.1,24.1,24.35,24.05,24.35,36100
2020-02-25,24.1,24.1,24.35,24.05,24.35,36100
2020-02-26,24.1,24.1,24.35,24.05,24.35,36100
2020-02-27,24.1,24.1,24.35,24.05,24.35,36100
2020-03-02,24.1,24.1,24.35,24.05,24.35,36100
2020-03-03,24.1,24.1,24.35,24.05,24.35,36100
2020-03-04,24.1,24.1,24.35,24.05,24.35,36100
2020-03-05,24.1,24.1,24.35,24.05,24.35,36100
2020-03-06,24.1,24.1,24.35,24.05,24.35,36100
2020-03-09,24.1,24.1,24.35,24.05,24.35,36100
2020-03-10,24.1,24.1,24.35,24.05,24.35,36100
2020-03-11,24.1,24.1,24.35,24.05,24.35,36100
2020-03-12,24.1,24.1,24.35,24.05,24.35,36100
2020-03-13,24.1,24.1,24.35,24.05,24.35,36100
2020-03-16,24.1,24.1,24.35,24.05,24.35,36100
2020-03-17,24.1,24.1,24.35,24.05,24.35,36100
2020-03-18,24.1,24.1,24.35,24.05,24.35,36100
2020-03-19,24.1,24.1,24.35,24.05,24.35,36100
2020-03-20,24.1,24.1,24.35,24.05,24.35,36100
2020-03-23,24.1,24.1,24.35,24.05,24.35,36100
2020-03-24,24.1,24.1,24.35,24.05,24.35,36100
2020-03-25,24.1,24.1,24.35,24.05,24.35,36100
2020-03-26,24.1,24.1,24.35,24.05,24.35,36100
2020-03-27,24.1,24.1,24.35,24.05,24.35,36100
2020-03-30,24.1,24.1,24.35,24.05,24.35,36100
2020-03-31,24.1,24.1,24.35,24.05,24.35,36100
2020-04-01,24.1,24.1,24.35,24.05,24.35,36100
2020-04-07,24.1,24.1,24.35,24.05,24.35,36100
2020-04-08,24.1,24.1,24.35,24.05,24.35,36100
2020-04-09,24.1,24.1,24.35,24.05,24.35,36100
2020-04-10,24.1,24.1,24.35,24.05,24.35,36100
2020-04-13,24.1,24.1,24.35,24.05,24.35,36100
2020-04-14,24.1,24.1,24.35,24.05,24.35,36100
2020-04-15,24.1,24.1,24.35,24.05,24.35,36100
2020-04-16,24.1,24.1,24.35,24.05,24.35,36100
2020-04-17,24.1,24.1,24.35,24.05,24.35,36100
2020-04-20,24.1,24.1,24.35,24.05,24.35,36100
2020-04-21,24.1,24.1,24.35,24.05,24.35,36100
2020-04-22,24.1,24.1,24.35,24.05,24.35,36100
2020-04-23,24.1,24.1,24.35,24.05,24.35,36100
2020-04-24,24.1,24.1,24.35,24.05,24.35,36100
2020-04-27,24.1,24.1,24.35,24.05,24.35,36100
2020-04-28,24.1,24.1,24.35,24.05,24.35,36100
2020-04-29,24.1,24.1,24.35,24.05,24.35,36100
2020-05-04,24.1,24.1,24.35,24.05,24.35,36100
2020-05-05,24.1,24.1,24.35,24.05,24.35,36100
2020-05-06,24.1,24.1,24.35,24.05,24.35,36100
2020-05-07,24.1,24.1,24.35,24.05,24.35,36100
2020-05-08,24.1,24.1,24.35,24.05,24.35,36100
2020-05-11,24.1,24.1,24.35,24.05,24.35,36100
2020-05-12,24.1,24.1,24.35,24.05,24.35,36100
2020-05-13,24.1,24.1,24.35,24.05,24.35,36100
2020-05-14,24.1,24.1,24.35,24.05,24.35,36100
2020-05-15,24.1,24.1,24.35,24.05,24.35,36100
2020-05-18,24.1,24.1,24.35,24.05,24.35,36100
2020-05-19,24.1,24.1,24.35,24.05,24.35,36100
2020-05-20,24.1,24.1,24.35,24.05,24.35,36100
2020-05-21,24.1,24.1,24.35,24.05,24.35,36100
2020-05-22,24.1,24.1,24.35,24.05,24.35,36100
2020-05-25,24.1,24.1,24.35,24.05,24.35,36100
2020-05-26,24.1,24.1,24.35,24.05,24.35,36100
2020-05-27,24.1,24.1,24.35,24.05,24.35,36100
2020-05-28,24.1,24.1,24.35,24.05,24.35,36100
2020-05-29,24.1,24.1,24.35,24.05,24.35,36100
2020-06-01,24.1,24.1,24.35,24.05,24.35,36100
2020-06-02,24.1,24.1,24.35,24.05,24.35,36100
2020-06-03,24.1,24.1,24.35,24.05,24.35,36100
2020-06-04,24.1,24.1,24.35,24.05,24.35,36100
2020-06-05,24.1,24.1,24.35,24.05,24.35,36100
2020-06-08,24.1,24.1,24.35,24.05,24.35,36100
2020-06-09,24.1,24.1,24.35,24.05,24.35,36100
2020-06-10,24.1,24.1,24.35,24.05,24.35,36100
2020-06-11,24.1,24.1,24.35,24.05,24.35,36100
2020-06-12,24.1,24.1,24.35,24.05,24.35,36100
2020-06-15,24.1,24.1,24.35,24.05,24.35,36100
2020-06-16,24.1,24.1,24.35,24.05,24.35,36100
2020-06-17,24.1,24.1,24.35,24.05,24.35,36100
2020-06-18,24.1,24.1,24.35,24.05,24.35,36100
2020-06-19,24.1,24.1,24.35,24.05,24.35,36100
2020-06-22,24.1,24.1,24.35,24.05,24.35,36100
2020-06-23,24.1,24.1,24.35,24.05,24.35,36100
2020-06-24,24.1,24.1,24.35,24.05,24.35,36100
2020-06-29,24.1,24.1,24.35,24.05,24.35,36100
2020-06-30,24.1,24.1,24.35,24.05,24.35,36100
2020-07-01,24.1,24.1,24.35,24.05,24.35,36100
2020-07-02,24.1,24.1,24.35,24.05,24.35,36100
2020-07-03,24.1,24.1,24.35,24.05,24.35,36100
2020-07-06,24.1,24.1,24.35,24.05,24.35,36100
2020-07-07,24.1,24.1,24.35,24.05,24.35,36100
2020-07-08,24.1,24.1,24.35,24.05,24.35,36100
2020-07-09,24.1,24.1,24.35,24.05,24.35,36100
2020-07-10,24.1,24.1,24.35,24.05,24.35,36100
2020-07-13,24.1,24.1,24.35,24.05,24.35,36100
2020-07-14,24.1,24.1,24.35,24.05,24.35,36100
2020-07-15,24.1,24.1,24.35,24.05,24.35,36100
2020-07-16,24.1,24.1,24.35,24.05,24.35,36100
2020-07-17,24.1,24.1,24.35,24.05,24.35,36100
2020-07-20,24.1,24.1,24.35,24.05,24.35,36100
2020-07-21,24.1,24.1,24.35,24.05,24.35,36100
2020-07-22,24.1,24.1,24.35,24.05,24.35,36100
2020-07-23,24.1,24.1,24.35,24.05,24.35,36100
2020-07-24,24.1,24.1,24.35,24.05,24.35,36100
2020-07-27,24.1,24.1,24.35,24.05,24.35,36100
2020-07-28,24.1,24.1,24.35,24.05,24.35,36100
2020-07-29,24.1,24.1,24.35,24.05,24.35,36100
2020-07-30,24.1,24.1,24.35,24.05,24.35,36100
2020-07-31,24.1,24.1,24.35,24.05,24.35,36100
2020-08-03,24.1,24.1,24.35,24.05,24.35,36100
2020-08-04,24.1,24.1,24.35,24.05,24.35,36100
2020-08-05,24.1,24.1,24.35,24.05,24.35,36100
2020-08-06,24.1,24.1,24.35,24.05,24.35,36100
2020-08-07,24.1,24.1,24.35,24.05,24.35,36100
2020-08-10,24.1,24.1,24.35,24.05,24.35,36100
2020-08-11,24.1,24.1,24.35,24.05,24.35,36100
2020-08-12,24.1,24.1,24.35,24.05,24.35,36100
2020-08-13,24.1,24.1,24.35,24.05,24.35,36100
2020-08-14,24.1,24.1,24.35,24.05,24.35,36100
2020-08-17,24.1,24.1,24.35,24.05,24.35,36100
2020-08-18,24.1,24.1,24.35,24.05,24.35,36100
2020-08-19,24.1,24.1,24.35,24.05,24.35,36100
2020-08-20,24.1,24.1,24.35,24.05,24.35,36100
2020-08-21,24.1,24.1,24.35,24.05,24.35,36100
2020-08-24,24.1,24.1,24.35,24.05,24.35,36100
2020-08-25,24.1,24.1,24.35,24.05,24.35,36100
2020-08-26,24.1,24.1,24.35,24.05,24.35,36100
2020-08-27,24.1,24.1,24.35,24.05,24.35,36100
2020-08-28,24.1,24.1,24.35,24.05,24.35,36100
2020-08-31,24.1,24.1,24.35,24.05,24.35,36100
2020-09-01,24.1,24.1,24.35,24.05,24.35,36100
2020-09-02,24.1,24.1,24.35,24.05,24.35,36100
2020-09-03,24.1,24.1,24.35,24.05,24.35,36100
2020-09-04,24.1,24.1,24.35,24.05,24.35,36100
2020-09-07,24.1,24.1,24.35,24.05,24.35,36100
2020-09-08,24.1,24.1,24.35,24.05,24.35,36100
2020-09-09,24.1,24.1,24.35,24.05,24.35,36100
2020-09-10,24.1,24.1,24.35,24.05,24.35,36100
2020-09-11,24.1,24.1,24.35,24.05,24.35,36100
2020-09-14,24.1,24.1,24.35,24.05,24.35,36100
2020-09-15,24.1,24.1,24.35,24.05,24.35,36100
2020-09-16,24.1,24.1,24.35,24.05,24.35,36100
2020-09-17,24.1,24.1,24.35,24.05,24.35,36100
2020-09-18,24.1,24.1,24.35,24.05,24.35,36100
2020-09-21,24.1,24.1,24.35,24.05,24.35,36100
2020-09-22,24.1,24.1,24.35,24.05,24.35,36100
2020-09-23,24.1,24.1,24.35,24.05,24.35,36100
2020-09-24,24.1,24.1,24.35,24.05,24.35,36100
2020-09-25,24.1,24.1,24.35,24.05,24.35,36100
2020-09-28,24.1,24.1,24.35,24.05,24.35,36100
2020-09-29,24.1,24.1,24.35,24.05,24.35,36100
2020-09-30,24.1,24.1,24.35,24.05,24.35,36100
2020-10-05,24.1,24.1,24.35,24.05,24.35,36100
2020-10-06,24.1,24.1,24.35,24.05,24.35,36100
2020-10-07,24.1,24.1,24.35,24.05,24.35,36100
2020-10-08,24.1,24.1,24.35,24.05,24.35,36100
2020-10-12,24.1,24.1,24.35,24.05,24.35,36100
2020-10-13,24.1,24.1,24.35,24.05,24.35,36100
2020-10-14,24.1,24.1,24.35,24.05,24.35,36100
2020-10-15,24.1,24.1,24.35,24.05,24.35,36100
2020-10-16,24.1,24.1,24.35,24.05,24.35,36100
2020-10-19,24.1,24.1,24.35,24.05,24.35,36100
2020-10-20,24.1,24.1,24.35,24.05,24.35,36100
2020-10-21,24.1,24.1,24.35,24.05,24.35,36100
2020-10-22,24.1,24.1,24.35,24.05,24.35,36100
2020-10-23,24.1,24.1,24.35,24.05,24.35,36100
2020-10-26,24.1,24.1,24.35,24.05,24.35,36100
2020-10-27,24.1,24.1,24.35,24.05,24.35,36100
2020-10-28,24.1,24.1,24.35,24.05,24.35,36100
2020-10-29,24.1,24.1,24.35,24.05,24.35,36100
2020-10-30,24.1,24.1,24.35,24.05,24.35,36100
2020-11-02,24.1,24.1,24.35,24.05,24.35,36100
2020-11-03,24.1,24.1,24.35,24.05,24.35,36100
2020-11-04,24.1,24.1,24.35,24.05,24.35,36100
2020-11-05,24.1,24.1,24.35,24.05,24.35,36100
2020-11-06,24.1,24.1,24.35,24.05,24.35,36100
2020-11-09,24.1,24.1,24.35,24.05,24.35,36100
2020-11-10,24.1,24.1,24.35,24.05,24.35,36100
2020-11-11,24.1,24.1,24.35,24.05,24.35,36100
2020-11-12,24.1,24.1,24.35,24.05,24.35,36100
2020-11-13,24.1,24.1,24.35,24.05,24.35,36100
2020-11-16,24.1,24.1,24.35,24.05,24.35,36100
2020-11-17,24.1,24.1,24.35,24.05,24.35,36100
2020-11-18,24.1,24.1,24.35,24.05,24.35,36100
2020-11-19,24.1,24.1,24.35,24.05,24.35,36100
2020-11-20,24.1,24.1,24.35,24.05,24.35,36100
2020-11-23,24.1,24.1,24.35,24.05,24.35,36100
2020-11-24,24.1,24.1,24.35,24.05,24.35,36100
2020-11-25,24.1,24.1,24.35,24.05,24.35,36100
2020-11-26,24.1,24.1,24.35,24.05,24.35,36100
2020-11-27,24.1,24.1,24.35,24.05,24.35,36100
2020-11-30,24.1,24.1,24.35,24.05,24.35,36100
2020-12-01,24.1,24.1,24.35,24.05,24.35,36100
2020-12-02,24.1,24.1,24.35,24.05,24.35,36100
2020-12-04,24.1,24.1,24.35,24.05,24.35,36100
2020-12-07,24.1,24.1,24.35,24.05,24.35,36100
2020-12-08,24.1,24.1,24.35,24.05,24.35,36100
2020-12-09,24.1,24.1,24.35,24.05,24.35,36100
2020-12-10,24.1,24.1,24.35,24.05,24.35,36100
2020-12-11,24.1,24.1,24.35,24.05,24.35,36100
2020-12-14,24.1,24.1,24.35,24.05,24.35,36100
2020-12-15,24.1,24.1,24.35,24.05,24.35,36100
2020-12-16,24.1,24.1,24.35,24.05,24.35,36100
2020-12-17,24.1,24.1,24.35,24.05,24.35,36100
2020-12-18,24.1,24.1,24.35,24.05,24.35,36100
2020-12-21,24.1,24.1,24.35,24.05,24.35,36100
2020-12-22,24.1,24.1,24.35,24.05,24.35,36100
2020-12-23,24.1,24.1,24.35,24.05,24.35,36100
2020-12-24,24.1,24.1,24.35,24.05,24.35,36100
2020-12-25,24.1,24.1,24.35,24.05,24.35,36100
2020-12-28,24.1,24.1,24.35,24.05,24.35,36100
2020-12-29,24.1,24.1,24.35,24.05,24.35,36100
2020-12-30,24.1,24.1,24.35,24.05,24.35,36100
2020-12-31,24.1,24.1,24.35,24.05,24.35,36100
2021-01-04,24.1,24.1,24.35,24.05,24.35,36100
2021-01-05,24.1,24.1,24.35,24.05,24.35,36100
2021-01-06,24.1,24.1,24.35,24.05,24.35,36100
2021-01-07,24.1,24.1,24.35,24.05,24.35,36100
2021-01-08,24.1,24.1,24.35,24.05,24.35,36100
2021-01-11,24.1,24.1,24.35,24.05,24.35,36100
2021-01-12,24.1,24.1,24.35,24.05,24.35,36100
2021-01-13,24.1,24.1,24.35,24.05,24.35,36100
2021-01-14,24.1,24.1,24.35,24.05,24.35,36100
2021-01-15,24.1,24.1,24.35,24.05,24.35,36100
2021-01-18,24.1,24.1,24.35,24.05,24.35,36100
2021-01-19,24.1,24.1,24.35,24.05,24.35,36100
2021-01-20,24.1,24.1,24.35,24.05,24.35,36100
2021-01-21,24.1,24.1,24.35,24.05,24.35,36100
2021-01-22,24.1,24.1,24.35,24.05,24.35,36100
2021-01-25,24.1,24.1,24.35,24.05,24.35,36100
2021-01-26,24.1,24.1,24.35,24.05,24.35,36100
2021-01-27,24.1,24.1,24.35,24.05,24.35,36100
2021-01-28,24.1,24.1,24.35,24.05,24.35,36100
2021-01-29,24.1,24.1,24.35,24.05,24.35,36100
2021-02-01,24.1,24.1,24.35,24.05,24.35,36100
2021-02-02,24.1,24.1,24.35,24.05,24.35,36100
2021-02-03,24.1,24.1,24.35,24.05,24.35,36100
2021-02-04,24.1,24.1,24.35,24.05,24.35,36100
2021-02-05,24.1,24.1,24.35,24.05,24.35,36100
2021-02-17,24.1,24.1,24.35,24.05,24.35,36100
2021-02-18,24.1,24.1,24.35,24.05,24.35,36100
2021-02-19,24.1,24.1,24.35,24.05,24.35,36100
2021-02-22,24.1,24.1,24.35,24.05,24.35,36100
2021-02-23,24.1,24.1,24.35,24.05,24.35,36100
2021-02-24,24.1,24.1,24.35,24.05,24.35,36100
2021-02-25,24.1,24.1,24.35,24.05,24.35,36100
2021-02-26,24.1,24.1,24.35,24.05,24.35,36100
2021-03-02,24.1,24.1,24.35,24.05,24.35,36100
2021-03-03,24.1,24.1,24.35,24.05,24.35,36100
2021-03-04,24.1,24.1,24.35,24.05,24.35,36100
2021-03-05,24.1,24.1,24.35,24.05,24.35,36100
2021-03-08,24.1,24.1,24.35,24.05,24.35,36100
2021-03-09,24.1,24.1,24.35,24.05,24.35,36100
2021-03-10,24.1,24.1,24.35,24.05,24.35,36100
2021-03-11,24.1,24.1,24.35,24.05,24.35,36100
2021-03-12,24.1,24.1,24.35,24.05,24.35,36100
2021-03-15,24.1,24.1,24.35,24.05,24.35,36100
2021-03-16,24.1,24.1,24.35,24.05,24.35,36100
2021-03-17,24.1,24.1,24.35,24.05,24.35,36100
2021-03-18,24.1,24.1,24.35,24.05,24.35,36100
2021-03-19,24.1,24.1,24.35,24.05,24.35,36100
2021-03-22,24.1,24.1,24.35,24.05,24.35,36100
2021-03-23,24.1,24.1,24.35,24.05,24.35,36100
2021-03-24,24.1,24.1,24.35,24.05,24.35,36100
2021-03-25,24.1,24.1,24.35,24.05,24.35,36100
2021-03-26,24.1,24.1,24.35,24.05,24.35,36100
2021-03-29,24.1,24.1,24.35,24.05,24.35,36100
2021-03-30,24.1,24.1,24.35,24.05,24.35,36100
2021-03-31,24.1,24.1,24.35,24.05,24.35,36100
2021-04-01,24.1,24.1,24.35,24.05,24.35,36100
2021-04-06,24.1,24.1,24.35,24.05,24.35,36100
2021-04-07,24.1,24.1,24.35,24.05,24.35,36100
2021-04-08,24.1,24.1,24.35,24.05,24.35,36100
2021-04-09,24.1,24.1,24.35,24.05,24.35,36100
2021-04-12,24.1,24.1,24.35,24.05,24.35,36100
2021-04-13,24.1,24.1,24.35,24.05,24.35,36100
2021-04-14,24.1,24.1,24.35,24.05,24.35,36100
2021-04-15,24.1,24.1,24.35,24.05,24.35,36100
2021-04-16,24.1,24.1,24.35,24.05,24.35,36100
2021-04-19,24.1,24.1,24.35,24.05,24.35,36100
2021-04-20,24.1,24.1,24.35,24.05,24.35,36100
2021-04-21,24.1,24.1,24.35,24.05,24.35,36100
2021-04-22,24.1,24.1,24.35,24.05,24.35,36100
2021-04-23,24.1,24.1,24.35,24.05,24.35,36100
2021-04-26,24.1,24.1,24.35,24.05,24.35,36100
2021-04-27,24.1,24.1,24.35,24.05,24.35,36100
2021-04-28,24.1,24.1,24.35,24.05,24.35,36100
2021-04-29,24.1,24.1,24.35,24.05,24.35,36100
2021-05-03,24.1,24.1,24.35,24.05,24.35,36100
2021-05-04,24.1,24.1,24.35,24.05,24.35,36100
2021-05-05,24.1,24.1,24.35,24.05,24.35,36100
2021-05-06,24.1,24.1,24.35,24.05,24.35,36100
2021-05-07,24.1,24.1,24.35,24.05,24.35,36100
2021-05-10,24.1,24.1,24.35,24.05,24.35,36100
2021-05-11,24.1,24.1,24.35,24.05,24.35,36100
2021-05-12,24.1,24.1,24.35,24.05,24.35,36100
2021-05-13,24.1,24.1,24.35,24.05,24.35,36100
2021-05-14,24.1,24.1,24.35,24.05,24.35,36100
2021-05-17,24.1,24.1,24.35,24.05,24.35,36100
2021-05-18,24.1,24.1,24.35,24.05,24.35,36100
2021-05-19,24.1,24.1,24.35,24.05,24.35,36100
2021-05-20,24.1,24.1,24.35,24.05,24.35,36100
2021-05-21,24.1,24.1,24.35,24.05,24.35,36100
2021-05-24,24.1,24.1,24.35,24.05,24.35,36100
2021-05-25,24.1,24.1,24.35,24.05,24.35,36100
2021-05-26,24.1,24.1,24.35,24.05,24.35,36100
2021-05-27,24.1,24.1,24.35,24.05,24.35,36100
2021-05-28,24.1,24.1,24.35,24.05,24.35,36100
2021-05-31,24.1,24.1,24.35,24.05,24.35,36100
2021-06-01,24.1,24.1,24.35,24.05,24.35,36100
2021-06-02,24.1,24.1,24.35,24.05,24.35,36100
2021-06-03,24.1,24.1,24.35,24.05,24.35,36100
2021-06-04,24.1,24.1,24.35,24.05,24.35,36100
2021-06-07,24.1,24.1,24.35,24.05,24.35,36100
2021-06-08,24.1,24.1,24.35,24.05,24.35,36100
2021-06-09,24.1,24.1,24.35,24.05,24.35,36100
2021-06-10,24.1,24.1,24.35,24.05,24.35,36100
2021-06-11,24.1,24.1,24.35,24.05,24.35,36100
2021-06-15,24.1,24.1,24.35,24.05,24.35,36100
2021-06-16,24.1,24.1,24.35,24.05,24.35,36100
2021-06-17,24.1,24.1,24.35,24.05,24.35,36100
2021-06-18,24.1,24.1,24.35,24.05,24.35,36100
2021-06-21,24.1,24.1,24.35,24.05,24.35,36100
2021-06-22,24.1,24.1,24.35,24.05,24.35,36100
2021-06-23,24.1,24.1,24.35,24.05,24.35,36100
2021-06-24,24.1,24.1,24.35,24.05,24.35,36100
2021-06-25,24.1,24.1,24.35,24.05,24.35,36100
2021-06-28,24.1,24.1,24.35,24.05,24.35,36100
2021-06-29,24.1,24.1,24.35,24.05,24.35,36100
2021-06-30,24.1,24.1,24.35,24.05,24.35,36100
2021-07-01,24.1,24.1,24.35,24.05,24.35,36100
2021-07-02,24.1,24.1,24.35,24.05,24.35,36100
2021-07-05,24.1,24.1,24.35,24.05,24.35,36100
2021-07-06,24.1,24.1,24.35,24.05,24.35,36100
2021-07-07,24.1,24.1,24.35,24.05,24.35,36100
2021-07-08,24.1,24.1,24.35,24.05,24.35,36100
2021-07-09,24.1,24.1,24.35,24.05,24.35,36100
2021-07-12,24.1,24.1,24.35,24.05,24.35,36100
2021-07-13,24.1,24.1,24.35,24.05,24.35,36100
2021-07-14,24.1,24.1,24.35,24.05,24.35,36100
2021-07-15,24.1,24.1,24.35,24.05,24.35,36100
2021-07-16,24.1,24.1,24.35,24.05,24.35,36100
2021-07-19,24.1,24.1,24.35,24.05,24.35,36100
2021-07-20,24.1,24.1,24.35,24.05,24.35,36100
2021-07-21,24.1,24.1,24.35,24.05,24.35,36100
2021-07-22,24.1,24.1,24.35,24.05,24.35,36100
2021-07-23,24.1,24.1,24.35,24.05,24.35,36100
2021-07-26,24.1,24.1,24.35,24.05,24.35,36100
2021-07-27,24.1,24.1,24.35,24.05,24.35,36100
2021-07-28,24.1,24.1,24.35,24.05,24.35,36100
2021-07-29,24.1,24.1,24.35,24.05,24.35,36100
2021-07-30,24.1,24.1,24.35,24.05,24.35,36100
2021-08-02,24.1,24.1,24.35,24.05,24.35,36100
2021-08-03,24.1,24.1,24.35,24.05,24.35,36100
2021-08-04,24.1,24.1,24.35,24.05,24.35,36100
2021-08-05,24.1,24.1,24.35,24.05,24.35,36100
2021-08-06,24.1,24.1,24.35,24.05,24.35,36100
2021-08-09,36.95,36.95,36.95,36.4,36.6,15000
2021-08-10,36.6,36.6,37.05,36.45,37.05,17000
2021-08-11,36.6,36.6,37.5,35.6,37.5,208000
2021-08-12,37.0,37.0,38.1,36.6,38.1,73000
2021-08-13,36.45,36.45,38.0,36.45,38.0,99000
2021-08-16,35.9,35.9,36.7,35.8,36.4,115000
2021-08-17,35.3,35.3,36.2,35.3,35.9,49000
2021-08-18,35.55,35.55,35.8,34.7,35.0,34000
2021-08-19,35.15,35.15,37.4,35.15,37.4,72000
2021-08-20,35.15,35.15,35.3,35.0,35.0,53000
2021-08-23,35.65,35.65,36.9,35.0,35.9,166000
2021-08-24,35.5,35.5,35.6,35.15,35.2,78000
2021-08-25,35.5,35.5,35.9,35.35,35.9,108000
2021-08-26,35.7,35.7,36.2,35.4,35.55,117000
2021-08-27,35.5,35.5,35.9,35.5,35.7,41000
2021-08-30,35.65,35.65,35.8,35.3,35.65,79000
2021-08-31,35.95,35.95,36.15,35.5,35.6,66000
2021-09-01,35.9,35.9,36.45,35.8,35.8,116000
2021-09-02,35.7,35.7,35.9,35.5,35.9,131000
2021-09-03,36.05,36.05,36.2,35.7,35.7,31000
2021-09-06,35.95,35.95,36.6,35.8,36.2,45000
2021-09-07,36.15,36.15,36.8,35.95,36.8,66000
2021-09-08,35.7,35.7,36.15,35.55,36.15,29000
2021-09-09,35.7,35.7,35.85,35.7,35.7,14000
2021-09-10,35.85,35.85,35.95,35.8,35.95,15000
2021-09-13,35.8,35.8,35.95,35.75,35.8,15000
2021-09-14,35.85,35.85,36.15,35.5,36.0,47000
2021-09-15,35.8,35.8,36.0,35.75,35.8,34000
2021-09-16,35.95,35.95,35.95,35.6,35.85,21000
2021-09-17,35.8,35.8,36.0,35.8,36.0,5000
2021-09-22,35.5,35.5,35.7,35.4,35.7,37000
2021-09-23,35.9,35.9,35.9,35.65,35.7,23000
2021-09-24,36.0,36.0,36.2,35.65,35.65,18000
2021-09-27,36.05,36.05,36.2,36.0,36.2,21000
2021-09-28,36.3,36.3,36.3,36.3,36.3,4000
2021-09-29,35.8,35.8,36.2,35.7,36.2,11000
2021-09-30,36.0,36.0,36.2,35.95,36.2,38000
2021-10-01,35.55,35.55,35.9,35.5,35.9,55000
2021-10-04,35.25,35.25,35.7,35.1,35.5,83000
2021-10-05,34.95,34.95,35.2,34.0,35.2,138000
2021-10-06,35.1,35.1,35.55,35.1,35.55,120000
2021-10-07,35.15,35.15,35.2,35.05,35.05,33000
2021-10-08,35.25,35.25,35.4,35.25,35.25,45000
2021-10-12,35.15,35.15,35.5,35.0,35.5,68000
2021-10-13,35.0,35.0,35.15,34.9,35.15,57000
2021-10-14,35.3,35.3,35.6,35.0,35.0,9000
2021-10-15,35.35,35.35,35.35,35.2,35.3,6000
2021-10-18,35.5,35.5,35.5,35.4,35.5,7000
2021-10-19,35.3,35.3,35.45,35.3,35.45,35000
2021-10-20,35.1,35.1,35.6,35.05,35.1,50000
2021-10-21,35.2,35.2,35.2,34.95,35.1,64000
2021-10-22,35.5,35.5,35.5,35.05,35.3,40000
2021-10-25,35.3,35.3,35.5,35.2,35.25,26000
2021-10-26,35.3,35.3,35.6,35.3,35.6,28000
2021-10-27,35.1,35.1,35.3,34.9,35.3,76000
2021-10-28,35.1,35.1,35.4,34.95,35.1,49000
2021-10-29,35.1,35.1,35.3,35.05,35.2,44000
2021-11-01,35.15,35.15,35.5,35.15,35.45,15000
2021-11-02,35.05,35.05,35.15,34.9,35.15,156000
2021-11-03,35.0,35.0,35.05,34.8,35.05,71000
2021-11-04,35.05,35.05,35.05,34.8,34.95,134000
2021-11-05,35.55,35.55,36.5,35.0,35.4,645000
2021-11-08,36.1,36.1,36.8,35.65,35.7,147000
2021-11-09,36.15,36.15,36.3,36.05,36.3,62000
2021-11-10,36.45,36.45,36.55,36.2,36.2,108000
2021-11-11,36.7,36.7,36.85,36.5,36.5,101000
2021-11-12,36.75,36.75,37.0,36.5,36.7,55000
2021-11-15,36.8,36.8,37.2,36.75,37.2,28000
2021-11-16,36.95,36.95,37.05,36.65,36.85,95000
2021-11-17,37.05,37.05,37.1,36.8,36.95,44000
2021-11-18,36.9,36.9,37.1,36.9,37.05,28000
2021-11-19,36.8,36.8,36.9,36.8,36.9,29000
2021-11-22,36.85,36.85,37.0,36.75,36.8,62000
2021-11-23,36.8,36.8,37.0,36.8,36.9,53000
2021-11-24,36.9,36.9,37.0,36.75,36.75,50000
2021-11-25,36.95,36.95,37.3,36.85,37.3,54000
2021-11-26,37.0,37.0,37.1,36.75,36.75,84000
2021-11-29,36.9,36.9,37.05,36.9,37.0,28000
2021-11-30,37.0,37.0,37.15,36.95,36.95,30000
2021-12-01,37.35,37.35,37.4,37.05,37.15,61000
2021-12-02,37.4,37.4,37.7,37.1,37.45,28000
2021-12-03,37.5,37.5,37.5,37.0,37.3,71000
2021-12-06,36.85,36.85,37.05,36.5,36.85,178000
2021-12-07,37.05,37.05,37.2,36.85,36.85,91000
2021-12-08,37.2,37.2,37.25,37.05,37.05,128000
2021-12-09,36.3,36.3,36.35,36.15,36.2,43000
2021-12-10,35.95,35.95,36.35,35.95,36.35,105000
2021-12-13,36.05,36.05,36.3,36.0,36.0,39000
2021-12-14,35.75,35.75,36.45,35.7,36.1,58000
2021-12-15,35.85,35.85,35.9,35.6,35.8,24000
2021-12-16,35.85,35.85,35.95,35.85,35.9,13000
2021-12-17,35.9,35.9,35.9,35.8,35.85,26000
2021-12-20,35.7,35.7,35.85,35.65,35.8,31000
2021-12-21,35.75,35.75,35.85,35.5,35.65,41000
2021-12-22,35.85,35.85,35.95,35.7,35.75,16000
2021-12-23,35.8,35.8,35.85,35.7,35.85,23000
2021-12-24,35.75,35.75,35.85,35.65,35.8,13000
2021-12-27,35.75,35.75,35.85,35.6,35.75,58000
2021-12-28,36.8,36.8,36.8,35.65,35.75,79000
2021-12-29,36.45,36.45,37.0,36.0,36.6,134000
2021-12-30,36.45,36.45,36.45,36.1,36.25,45000
2022-01-03,36.2,36.2,36.65,36.1,36.55,58000
2022-01-04,36.5,36.5,36.5,36.2,36.35,57000
2022-01-05,36.15,36.15,36.65,36.1,36.5,37000
2022-01-06,36.55,36.55,36.8,36.0,36.2,72000
2022-01-07,36.35,36.35,36.8,36.2,36.55,80000
2022-01-10,36.45,36.45,36.5,36.2,36.4,52000
2022-01-11,36.4,36.4,36.5,36.3,36.5,33000
2022-01-12,36.55,36.55,36.75,36.2,36.25,32000
2022-01-13,36.45,36.45,36.7,36.45,36.7,22000
2022-01-14,36.45,36.45,36.75,36.1,36.2,24000
2022-01-17,36.15,36.15,36.3,36.15,36.3,27000
2022-01-18,36.15,36.15,36.3,36.1,36.3,22000
2022-01-19,36.25,36.25,36.65,36.0,36.2,36000
2022-01-20,36.3,36.3,36.45,36.15,36.45,9000
2022-01-21,35.9,35.9,36.25,35.85,36.25,26000
2022-01-24,35.75,35.75,35.8,35.5,35.8,37000
2022-01-25,35.55,35.55,35.7,35.3,35.7,56000
2022-01-26,35.4,35.4,35.55,35.35,35.55,16000
2022-02-07,35.8,35.8,35.9,35.5,35.6,46000
2022-02-08,36.1,36.1,36.1,35.8,36.0,25000
2022-02-09,36.4,36.4,36.4,36.25,36.4,21000
2022-02-10,36.2,36.2,36.45,36.0,36.45,38000
2022-02-11,36.25,36.25,36.45,36.2,36.3,20000
2022-02-14,36.1,36.1,36.25,35.6,36.25,37000
2022-02-15,35.9,35.9,36.1,35.9,36.1,36000
2022-02-16,36.05,36.05,36.1,36.05,36.05,24000
2022-02-17,36.0,36.0,36.2,35.85,36.1,37000
2022-02-18,36.2,36.2,36.35,36.1,36.35,8000
2022-02-21,36.3,36.3,36.7,36.2,36.2,56000
2022-02-22,36.2,36.2,36.3,35.9,36.3,72000
2022-02-23,36.3,36.3,36.3,36.2,36.25,8000
2022-02-24,36.5,36.5,37.4,36.2,36.2,230000
2022-02-25,36.8,36.8,37.3,36.6,37.15,52000
2022-03-01,37.15,37.15,37.45,36.8,36.8,149000
2022-03-02,36.95,36.95,37.15,36.95,37.15,26000
2022-03-03,36.95,36.95,37.0,36.95,37.0,15000
2022-03-04,35.85,35.85,37.15,35.8,37.05,182000
2022-03-07,35.6,35.6,36.2,35.25,36.2,367000
2022-03-08,35.4,35.4,35.75,35.1,35.4,167000
2022-03-09,35.65,35.65,35.8,35.4,35.45,89000
2022-03-10,35.95,35.95,36.0,35.5,35.5,118000
2022-03-11,35.85,35.85,35.9,35.75,35.9,36000
2022-03-14,36.15,36.15,36.2,35.85,35.85,116000
2022-03-15,36.0,36.0,36.15,35.95,36.15,101000
2022-03-16,35.95,35.95,36.1,35.95,36.05,118000
2022-03-17,36.05,36.05,36.2,35.95,36.1,128000
2022-03-18,36.2,36.2,36.3,36.05,36.05,54000
2022-03-21,36.65,36.65,36.8,36.3,36.3,85000
2022-03-22,36.8,36.8,36.85,36.4,36.65,70000
2022-03-23,36.85,36.85,36.95,36.75,36.8,77000
2022-03-24,36.9,36.9,36.95,36.7,36.75,81000
2022-03-25,36.9,36.9,36.95,36.8,36.9,77000
2022-03-28,37.0,37.0,37.05,36.85,37.05,149000
2022-03-29,38.0,38.0,38.1,36.9,37.1,402000
2022-03-30,38.2,38.2,39.6,38.05,38.4,1080000
2022-03-31,36.6,36.6,37.05,36.0,36.05,322000
2022-04-01,36.85,36.85,36.9,36.4,36.7,139000
2022-04-06,37.5,37.5,38.2,36.3,36.85,279000
2022-04-07,37.25,37.25,37.55,37.25,37.5,554000
2022-04-08,38.1,38.1,38.25,37.2,37.5,731000
2022-04-11,38.45,38.45,38.65,36.8,38.1,701000
2022-04-12,37.75,37.75,38.65,37.6,38.65,478000
2022-04-13,38.7,38.7,39.3,37.75,38.0,933000
2022-04-14,38.45,38.45,40.0,38.45,39.5,952000
2022-04-15,37.65,37.65,38.45,37.25,38.45,434000
2022-04-18,37.0,37.0,38.0,36.65,38.0,328000
2022-04-19,36.35,36.35,36.9,36.3,36.9,179000
2022-04-20,37.15,37.15,37.55,36.45,36.5,195000
2022-04-21,36.8,36.8,37.1,36.8,37.1,40000
2022-04-22,36.75,36.75,37.8,36.6,36.8,42000
2022-04-25,35.9,35.9,37.0,35.6,36.75,147000
2022-04-26,35.8,35.8,36.25,35.7,36.05,43000
2022-04-27,35.35,35.35,35.65,35.1,35.15,119000
2022-04-28,35.4,35.4,35.45,35.3,35.3,68000
2022-04-29,35.5,35.5,35.65,35.45,35.45,30000
2022-05-03,35.55,35.55,35.95,35.25,35.25,40000
2022-05-04,35.2,35.2,35.65,35.15,35.6,61000
2022-05-05,35.4,35.4,35.6,35.3,35.6,26000
2022-05-06,35.6,35.6,35.9,35.0,35.0,48000
2022-05-09,35.15,35.15,35.6,34.8,35.6,111000
2022-05-10,35.4,35.4,35.45,34.15,35.2,75000
2022-05-11,35.2,35.2,35.3,34.7,35.3,77000
2022-05-12,34.7,34.7,35.1,34.5,35.1,66000
2022-05-13,35.5,35.5,35.6,34.55,34.7,128000
2022-05-16,35.25,35.25,35.25,35.05,35.05,9000
2022-05-17,35.35,35.35,35.7,35.25,35.5,17000
2022-05-18,35.25,35.25,35.35,35.1,35.35,30000
2022-05-19,34.85,34.85,34.85,34.25,34.25,15000
2022-05-20,35.0,35.0,37.05,34.85,37.05,88000
2022-05-23,34.7,34.7,35.0,34.7,35.0,61000
2022-05-24,34.65,34.65,34.75,34.65,34.7,35000
2022-05-25,35.05,35.05,35.05,34.65,34.65,20000
2022-05-26,34.8,34.8,34.85,34.7,34.85,18000
2022-05-27,34.95,34.95,35.0,34.8,34.8,29000
2022-05-30,35.05,35.05,35.1,34.85,34.85,19000
2022-05-31,35.05,35.05,35.2,35.05,35.05,11000
2022-06-01,34.95,34.95,35.4,34.95,35.1,42000
2022-06-02,35.0,35.0,35.1,34.9,34.95,37000
2022-06-06,36.0,36.0,36.2,35.65,36.0,174000
2022-06-07,35.05,35.05,36.0,34.5,36.0,447000
2022-06-08,35.0,35.0,35.15,34.95,35.15,216000
2022-06-09,35.0,35.0,35.15,34.8,34.85,151000
2022-06-10,34.9,34.9,35.05,34.9,35.0,232000
2022-06-13,34.7,34.7,34.9,34.65,34.8,145000
2022-06-14,34.65,34.65,34.65,34.55,34.6,167000
2022-06-15,34.5,34.5,34.65,34.4,34.65,103000
2022-06-16,34.55,34.55,35.05,34.45,34.65,325000
2022-06-17,34.8,34.8,34.9,34.4,34.4,91000
2022-06-20,34.35,34.35,34.9,34.3,34.8,81000
2022-06-21,34.35,34.35,34.55,34.3,34.55,101000
2022-06-22,34.4,34.4,34.45,34.1,34.45,106000
2022-06-23,34.15,34.15,34.15,34.0,34.15,79000
2022-06-24,34.2,34.2,34.3,34.15,34.2,62000
2022-06-27,34.2,34.2,34.2,34.05,34.2,117000
2022-06-28,34.0,34.0,34.1,34.0,34.1,115000
2022-06-29,33.9,33.9,34.0,33.9,33.95,77000
2022-06-30,33.45,33.45,33.85,33.4,33.8,164000
2022-07-01,32.9,32.9,33.35,32.9,33.1,115000
2022-07-04,32.95,32.95,32.95,32.75,32.75,37000
2022-07-05,32.85,32.85,33.0,32.75,33.0,73000
2022-07-06,32.35,32.35,32.8,32.2,32.5,67000
2022-07-07,32.35,32.35,32.35,31.8,32.0,97000
2022-07-08,32.45,32.45,32.65,32.3,32.35,94000
2022-07-11,32.35,32.35,32.45,32.15,32.45,39000
2022-07-12,32.15,32.15,32.15,31.9,32.05,46000
2022-07-13,32.2,32.2,32.35,32.15,32.3,41000
2022-07-14,32.2,32.2,32.2,32.05,32.2,100000
2022-07-15,31.95,31.95,32.2,31.95,32.2,48000
2022-07-18,32.3,32.3,32.5,32.1,32.1,17000
2022-07-19,32.15,32.15,32.3,32.15,32.3,68000
2022-07-20,32.3,32.3,32.4,32.2,32.2,160000
2022-07-21,32.2,32.2,32.3,32.15,32.25,42000
2022-07-22,32.25,32.25,32.3,32.2,32.3,34000
2022-07-25,32.25,32.25,32.25,32.2,32.25,9000
2022-07-26,32.2,32.2,32.35,32.2,32.35,97000
2022-07-27,33.0,33.0,33.6,32.25,32.25,1106000
2022-07-28,32.35,32.35,33.15,32.3,33.15,293000
2022-07-29,32.4,32.4,32.45,32.25,32.4,151000
2022-08-01,32.8,32.8,33.45,32.3,32.3,489000
2022-08-02,32.5,32.5,32.65,32.45,32.65,99000
2022-08-03,32.55,32.55,32.95,32.5,32.6,157000
2022-08-04,32.65,32.65,32.65,32.45,32.55,109000
2022-08-05,33.25,33.25,33.3,32.8,32.8,150000
2022-08-08,33.6,33.6,34.05,32.95,33.25,227000
2022-08-09,34.55,34.55,34.6,33.8,33.8,291000
2022-08-10,36.0,36.0,36.7,35.9,35.9,1133000
2022-08-11,36.7,36.7,36.7,35.8,36.5,451000
2022-08-12,37.2,37.2,37.55,36.65,36.7,574000
2022-08-15,37.35,37.35,37.55,37.05,37.5,791000
2022-08-16,38.35,38.35,38.4,37.45,37.5,787000
2022-08-17,38.25,38.25,38.3,37.8,38.0,332000
2022-08-18,38.15,38.15,38.4,37.9,37.9,797000
2022-08-19,37.7,37.7,38.55,37.7,38.2,337000
2022-08-22,37.6,37.6,37.9,37.45,37.9,413000
2022-08-23,36.95,36.95,37.6,36.95,37.6,199000
2022-08-24,37.55,37.55,38.1,37.1,37.1,264000
2022-08-25,37.4,37.4,37.6,37.25,37.25,61000
2022-08-26,37.65,37.65,37.7,37.5,37.5,78000
2022-08-29,36.55,36.55,37.5,36.45,37.5,131000
2022-08-30,36.8,36.8,36.8,36.55,36.55,53000
2022-08-31,37.05,37.05,37.05,36.75,36.75,32000
2022-09-01,37.15,37.15,37.35,37.05,37.35,36000
2022-09-02,36.75,36.75,37.25,36.75,37.15,42000
2022-09-05,36.85,36.85,36.9,36.4,36.75,85000
2022-09-06,37.05,37.05,37.8,36.8,37.7,43000
2022-09-07,37.0,37.0,37.0,36.8,36.95,26000
2022-09-08,37.6,37.6,37.7,37.3,37.3,75000
2022-09-12,37.5,37.5,38.0,37.5,38.0,23000
2022-09-13,37.75,37.75,37.8,37.4,37.5,43000
2022-09-14,37.8,37.8,38.0,37.65,37.65,50000
2022-09-15,37.9,37.9,38.05,37.35,38.05,54000
2022-09-16,37.75,37.75,37.9,37.65,37.9,30000
2022-09-19,37.6,37.6,37.7,37.0,37.5,33000
2022-09-20,37.9,37.9,37.9,37.4,37.6,25000
2022-09-21,37.5,37.5,37.8,37.45,37.8,24000
2022-09-22,37.45,37.45,37.6,37.2,37.2,14000
2022-09-23,37.35,37.35,37.5,37.05,37.35,46000
2022-09-26,36.6,36.6,37.35,36.35,37.35,70000
2022-09-27,36.8,36.8,36.8,36.5,36.65,21000
2022-09-28,35.45,35.45,36.85,35.3,36.85,81000
2022-09-29,36.0,36.0,36.0,35.3,35.3,25000
2022-09-30,36.2,36.2,36.2,35.5,35.5,23000
2022-10-03,35.95,35.95,36.2,35.95,36.2,12000
2022-10-04,37.0,37.0,37.0,36.5,36.6,137000
2022-10-05,35.8,35.8,35.85,34.15,35.25,631000
2022-10-06,35.9,35.9,36.2,35.05,35.05,165000
2022-10-07,35.9,35.9,36.1,35.75,36.1,25000
2022-10-11,35.65,35.65,35.8,34.9,34.9,74000
2022-10-12,36.05,36.05,36.1,35.95,36.1,12000
2022-10-13,35.55,35.55,36.1,35.5,36.1,69000
2022-10-14,35.85,35.85,36.5,35.65,36.5,30000
2022-10-17,35.85,35.85,36.2,35.6,35.6,17000
2022-10-18,35.9,35.9,35.9,35.7,35.85,26000
2022-10-19,35.9,35.9,36.1,35.9,36.1,10000
2022-10-20,35.85,35.85,36.05,35.4,35.6,136000
2022-10-21,35.9,35.9,36.3,35.7,36.3,40000
2022-10-24,36.1,36.1,36.1,35.9,35.9,12000
2022-10-25,36.05,36.05,36.05,35.7,36.0,16000
2022-10-26,36.05,36.05,36.05,36.05,36.05,2000
2022-10-27,36.0,36.0,36.1,35.9,36.1,25000
2022-10-28,35.9,35.9,35.9,35.7,35.7,3000
2022-10-31,36.4,36.4,36.4,35.8,36.1,39000
2022-11-01,36.35,36.35,36.7,36.35,36.5,22000
2022-11-02,36.55,36.55,36.65,36.3,36.6,19000
2022-11-03,37.0,37.0,37.05,36.6,36.6,40000
2022-11-04,37.5,37.5,37.8,37.3,37.6,166000
2022-11-07,36.95,36.95,37.45,36.8,37.45,190000
2022-11-08,36.9,36.9,37.0,36.7,36.95,42000
2022-11-09,36.95,36.95,37.0,36.7,36.9,31000
2022-11-10,37.0,37.0,37.0,36.7,37.0,19000
2022-11-11,36.85,36.85,37.3,36.75,37.3,25000
2022-11-14,36.95,36.95,37.2,36.85,37.05,42000
2022-11-15,37.0,37.0,37.0,36.8,36.9,55000
2022-11-16,37.0,37.0,37.0,36.85,37.0,15000
2022-11-17,37.1,37.1,37.1,36.9,37.05,21000
2022-11-18,37.3,37.3,37.4,37.0,37.1,30000
2022-11-21,37.35,37.35,37.45,37.3,37.3,28000
2022-11-22,37.25,37.25,37.4,37.0,37.4,23000
2022-11-23,37.45,37.45,37.6,37.4,37.5,44000
2022-11-24,37.4,37.4,37.6,37.3,37.55,62000
2022-11-25,37.4,37.4,37.4,37.3,37.3,35000
2022-11-28,37.65,37.65,37.85,37.45,37.8,62000
2022-11-29,37.55,37.55,37.65,37.4,37.5,43000
2022-11-30,37.65,37.65,37.65,37.5,37.55,27000
2022-12-01,37.75,37.75,37.95,37.55,37.75,44000
2022-12-02,37.9,37.9,38.0,37.7,37.75,255000
2022-12-05,38.55,38.55,38.75,38.0,38.0,133000
2022-12-06,39.15,39.15,39.9,39.05,39.2,244000
2022-12-07,39.25,39.25,39.5,39.0,39.4,137000
2022-12-08,39.4,39.4,39.45,39.25,39.25,164000
2022-12-09,39.65,39.65,39.7,39.4,39.4,321000
2022-12-12,39.55,39.55,39.65,39.45,39.6,285000
2022-12-13,39.55,39.55,39.8,39.45,39.5,391000
2022-12-14,39.85,39.85,39.9,39.55,39.55,533000
2022-12-15,38.95,38.95,39.05,38.6,38.6,597000
2022-12-16,38.75,38.75,38.8,38.45,38.75,728000
2022-12-19,38.5,38.5,38.75,38.4,38.75,41000
2022-12-20,38.5,38.5,38.5,38.0,38.3,63000
2022-12-21,39.0,39.0,39.0,38.45,38.45,138000
2022-12-22,39.45,39.45,39.65,39.0,39.3,114000
2022-12-23,39.6,39.6,39.8,39.0,39.2,60000
2022-12-26,42.4,42.4,42.7,40.55,41.25,699000
2022-12-27,43.45,43.45,43.45,42.2,42.55,322000
2022-12-28,43.1,43.1,43.3,42.5,43.0,179000
2022-12-29,42.75,42.75,42.95,42.3,42.7,115000
2022-12-30,43.5,43.5,43.75,42.95,42.95,352000
2023-01-03,44.1,44.1,44.3,43.5,43.9,353000
2023-01-04,44.35,44.35,44.55,43.9,44.1,326000
2023-01-05,44.4,44.4,44.45,43.4,44.4,335000
2023-01-06,44.65,44.65,44.7,44.35,44.5,220000
2023-01-09,45.5,45.5,45.7,44.6,44.8,391000
2023-01-10,45.0,45.0,45.7,44.95,45.3,122000
2023-01-11,45.15,45.15,45.35,44.85,45.0,84000
2023-01-12,45.0,45.0,45.15,44.8,44.9,105000
2023-01-13,43.65,43.65,45.2,43.5,45.15,237000
2023-01-16,44.85,44.85,45.0,43.7,44.0,184000
2023-01-17,45.05,45.05,45.2,44.85,44.9,117000
2023-01-30,45.4,45.4,45.65,45.05,45.05,86000
2023-01-31,45.3,45.3,45.4,44.75,45.4,46000
2023-02-01,45.1,45.1,45.2,44.6,44.6,124000
2023-02-02,45.25,45.25,45.6,45.0,45.0,215000
2023-02-03,45.0,45.0,45.4,45.0,45.35,78000
2023-02-06,44.65,44.65,45.25,44.5,45.0,130000
2023-02-07,46.1,46.1,46.2,44.65,44.8,147000
2023-02-08,46.2,46.2,46.25,45.5,45.7,73000
2023-02-09,45.25,45.25,46.1,45.25,45.7,60000
2023-02-10,45.0,45.0,45.65,44.75,45.3,147000
2023-02-13,45.5,45.5,45.65,44.7,44.7,98000
2023-02-14,45.8,45.8,46.35,45.2,46.3,156000
2023-02-15,48.8,48.8,50.1,46.3,46.45,534000
2023-02-16,47.0,47.0,52.1,47.0,50.9,704000
2023-02-17,47.25,47.25,47.25,46.4,46.8,124000
2023-02-20,46.15,46.15,47.25,46.1,47.0,185000
2023-02-21,46.05,46.05,46.75,45.7,46.3,99000
2023-02-22,45.95,45.95,46.15,45.4,45.8,107000
2023-02-23,46.9,46.9,46.9,45.7,45.8,121000
2023-02-24,47.6,47.6,47.8,46.5,46.9,120000
2023-03-01,49.9,49.9,50.5,47.75,47.75,616000
2023-03-02,50.5,50.5,51.9,50.4,51.6,509000
2023-03-03,47.45,47.45,48.85,46.95,48.2,618000
2023-03-06,46.65,46.65,47.35,46.45,47.0,363000
2023-03-07,46.05,46.05,46.9,46.0,46.9,315000
2023-03-08,46.25,46.25,46.3,45.4,45.6,139000
2023-03-09,46.05,46.05,46.55,46.0,46.25,144000
2023-03-10,44.95,44.95,45.95,44.8,45.9,279000
2023-03-13,45.55,45.55,45.8,44.4,44.9,136000
2023-03-14,45.3,45.3,45.55,45.2,45.55,101000
2023-03-15,45.25,45.25,45.25,45.0,45.0,139000
2023-03-16,44.2,44.2,45.3,43.6,45.25,228000
2023-03-17,44.7,44.7,44.8,44.4,44.8,72000
2023-03-20,44.8,44.8,45.1,44.6,44.65,101000
2023-03-21,45.4,45.4,45.6,44.8,44.85,44000
2023-03-22,45.1,45.1,45.45,44.95,45.4,80000
2023-03-23,45.05,45.05,45.55,44.9,44.9,42000
2023-03-24,45.2,45.2,45.3,44.9,45.05,23000
2023-03-27,45.25,45.25,45.35,45.1,45.3,60000
2023-03-28,44.7,44.7,45.4,44.5,45.4,96000
2023-03-29,43.85,43.85,43.9,43.3,43.3,163000
2023-03-30,44.65,44.65,44.9,43.85,43.85,87000
2023-03-31,45.0,45.0,45.1,44.65,44.65,125000
2023-04-06,45.05,45.05,45.1,44.6,44.75,24000
2023-04-07,45.1,45.1,45.3,45.0,45.3,48000
2023-04-10,44.85,44.85,45.1,44.35,44.8,195000
2023-04-11,44.7,44.7,44.95,44.6,44.85,50000
2023-04-12,44.75,44.75,45.0,44.75,45.0,60000
2023-04-13,44.4,44.4,44.6,44.25,44.6,59000
2023-04-14,43.7,43.7,44.35,43.7,44.35,261000
2023-04-17,43.8,43.8,44.2,43.3,43.45,283000
2023-04-18,43.4,43.4,43.6,43.4,43.6,68000
2023-04-19,43.35,43.35,43.6,42.5,43.3,447000
2023-04-20,41.15,41.15,43.3,41.1,43.3,518000
2023-04-21,40.35,40.35,41.25,40.3,41.0,154000
2023-04-24,40.55,40.55,40.6,40.0,40.35,96000
2023-04-25,40.1,40.1,40.55,39.95,40.55,103000
2023-04-26,40.3,40.3,40.4,39.9,40.0,106000
2023-04-27,41.5,41.5,41.7,40.3,40.6,131000
2023-04-28,41.6,41.6,41.8,41.5,41.7,120000
2023-05-02,41.6,41.6,41.9,41.5,41.9,27000
2023-05-03,42.35,42.35,42.5,41.6,41.7,38000
2023-05-04,42.7,42.7,43.0,41.6,41.6,180000
2023-05-05,42.75,42.75,42.8,42.4,42.8,46000
2023-05-08,44.75,44.75,44.9,43.95,44.1,340000
2023-05-09,43.9,43.9,44.75,43.7,44.75,111000
2023-05-10,44.3,44.3,44.8,43.9,43.9,100000
2023-05-11,44.4,44.4,45.5,44.15,45.5,88000
2023-05-12,44.6,44.6,44.75,44.45,44.75,19000
2023-05-15,46.0,46.0,46.0,44.5,44.5,234000
2023-05-16,46.2,46.2,46.3,45.75,45.9,128000
2023-05-17,46.15,46.15,46.3,46.15,46.15,57000
2023-05-18,46.9,46.9,46.9,46.15,46.15,175000
2023-05-19,46.8,46.8,47.15,46.2,46.6,105000
2023-05-22,46.5,46.5,46.8,46.35,46.45,43000
2023-05-23,46.3,46.3,46.95,46.2,46.95,42000
2023-05-24,46.0,46.0,46.25,46.0,46.25,21000
2023-05-25,46.35,46.35,46.5,45.8,46.0,51000
2023-05-26,46.6,46.6,46.6,46.05,46.2,53000
2023-05-29,46.6,46.6,46.6,46.3,46.55,40000
2023-05-30,47.0,47.0,47.3,46.55,46.6,113000
2023-05-31,46.8,46.8,47.0,46.6,47.0,42000
2023-06-01,46.55,46.55,46.55,46.4,46.5,4000
2023-06-02,46.45,46.45,46.75,46.3,46.45,26000
2023-06-05,46.3,46.3,46.45,46.15,46.35,74000
2023-06-06,45.5,45.5,46.0,45.2,46.0,124000
2023-06-07,46.9,46.9,47.3,45.3,45.3,202000
2023-06-08,48.05,48.05,48.45,46.8,46.9,365000
2023-06-09,49.45,49.45,52.0,48.1,48.1,365000
2023-06-12,49.35,49.35,52.0,49.2,50.0,301000
2023-06-13,48.7,48.7,49.35,48.4,49.35,155000
2023-06-14,48.5,48.5,49.3,48.5,49.3,63000
2023-06-15,48.65,48.65,48.75,47.2,48.35,135000
2023-06-16,48.95,48.95,49.6,48.5,48.65,66000
2023-06-19,49.4,49.4,49.5,48.9,48.95,37000
2023-06-20,48.85,48.85,49.15,48.8,49.15,19000
2023-06-21,49.0,49.0,49.1,48.85,48.85,29000
2023-06-26,48.6,48.6,48.75,48.0,48.75,70000
2023-06-27,48.3,48.3,48.65,48.2,48.6,43000
2023-06-28,48.35,48.35,48.35,48.15,48.25,37000
2023-06-29,48.65,48.65,48.9,48.35,48.35,52000
2023-06-30,49.8,49.8,49.8,48.9,48.9,88000
2023-07-03,52.2,52.2,52.7,49.9,49.9,282000
2023-07-04,52.7,52.7,53.2,52.5,52.5,158000
2023-07-05,53.0,53.0,53.4,51.9,53.0,98000
2023-07-06,49.9,49.9,52.9,49.9,52.2,201000
2023-07-07,47.6,47.6,49.0,46.9,49.0,599000
2023-07-10,49.9,49.9,50.3,48.0,48.0,184000
2023-07-11,50.0,50.0,50.6,49.0,49.9,110000
2023-07-12,50.0,50.0,50.4,49.6,50.4,25000
2023-07-13,50.3,50.3,50.7,50.0,50.0,114000
2023-07-14,50.2,50.2,50.9,50.0,50.3,49000
2023-07-17,50.2,50.2,51.0,50.2,50.3,163000
2023-07-18,50.3,50.3,50.8,50.0,50.6,109000
2023-07-19,50.5,50.5,52.5,50.5,50.6,158000
2023-07-20,51.1,51.1,51.2,50.5,50.5,72000
2023-07-21,50.8,50.8,51.0,50.4,50.5,26000
2023-07-24,50.3,50.3,50.8,50.3,50.5,28000
2023-07-25,50.5,50.5,50.5,50.5,50.5,13000
2023-07-26,50.3,50.3,50.9,50.0,50.9,28000
2023-07-27,50.2,50.2,50.5,49.8,50.3,48000
2023-07-28,50.3,50.3,50.8,50.0,50.0,9000
2023-07-31,50.7,50.7,51.1,50.5,50.7,72000
2023-08-01,50.8,50.8,51.1,50.5,50.7,22000
2023-08-02,50.3,50.3,50.8,50.0,50.8,47000
2023-08-04,51.0,51.0,51.8,50.3,50.8,116000
2023-08-07,51.0,51.0,51.4,50.6,51.3,32000
2023-08-08,51.0,51.0,51.4,50.9,51.4,53000
2023-08-09,50.8,50.8,50.9,50.6,50.6,22000
2023-08-10,50.4,50.4,50.8,50.0,50.8,93000
2023-08-11,50.5,50.5,51.0,50.4,50.4,53000
2023-08-14,50.0,50.0,50.5,49.9,50.0,92000
2023-08-15,50.0,50.0,50.3,50.0,50.0,46000
2023-08-16,49.7,49.7,49.85,49.4,49.85,57000
2023-08-17,49.95,49.95,50.0,49.5,49.5,31000
2023-08-18,49.65,49.65,50.4,49.65,49.9,21000
2023-08-21,49.7,49.7,50.0,49.5,50.0,15000
2023-08-22,49.85,49.85,49.9,49.4,49.6,14000
2023-08-23,49.5,49.5,49.8,49.3,49.4,37000
2023-08-24,49.5,49.5,49.65,49.4,49.5,6000
2023-08-25,49.0,49.0,49.45,49.0,49.15,35000
2023-08-28,48.35,48.35,49.0,47.65,48.6,83000
2023-08-29,47.85,47.85,48.2,47.45,48.2,70000
2023-08-30,49.25,49.25,49.3,47.85,47.85,24000
2023-08-31,49.0,49.0,49.3,48.85,49.3,11000
2023-09-01,48.9,48.9,49.4,48.35,49.0,18000
2023-09-04,48.45,48.45,48.5,48.1,48.5,14000
2023-09-05,48.65,48.65,48.65,48.4,48.5,8000
2023-09-06,49.95,49.95,50.3,48.65,48.65,64000
2023-09-07,51.3,51.3,52.1,50.0,50.0,250000
2023-09-08,51.7,51.7,51.7,51.2,51.5,53000
2023-09-11,51.7,51.7,52.4,50.9,50.9,88000
2023-09-12,51.4,51.4,51.7,51.2,51.7,21000
2023-09-13,51.5,51.5,51.6,51.4,51.4,12000
2023-09-14,51.6,51.6,51.9,51.6,51.9,30000
2023-09-15,52.1,52.1,52.1,51.7,51.7,26000
2023-09-18,52.4,52.4,52.5,52.0,52.1,49000
2023-09-19,52.2,52.2,52.6,52.2,52.4,13000
2023-09-20,51.5,51.5,51.6,51.4,51.4,22000
2023-09-21,50.9,50.9,51.0,50.7,50.9,25000
2023-09-22,50.9,50.9,51.0,50.6,50.9,14000
2023-09-25,52.1,52.1,52.4,51.0,51.0,46000
2023-09-26,52.0,52.0,52.6,51.9,52.6,20000
2023-09-27,52.1,52.1,52.4,52.0,52.3,12000
2023-09-28,50.9,50.9,52.1,50.5,52.1,25000
2023-10-02,51.1,51.1,51.4,50.9,50.9,19000
2023-10-04,51.2,51.2,51.2,50.6,50.6,12000
2023-10-05,50.9,50.9,51.0,50.0,51.0,47000
2023-10-06,50.6,50.6,51.0,50.6,50.9,34000
2023-10-11,51.0,51.0,51.2,50.6,50.6,20000
2023-10-12,50.8,50.8,51.0,50.7,51.0,29000
2023-10-13,50.7,50.7,51.2,50.6,51.2,29000
2023-10-16,50.9,50.9,50.9,50.6,50.7,15000
2023-10-17,50.9,50.9,51.0,50.5,50.8,31000
2023-10-18,51.8,51.8,52.1,51.0,51.3,270000
2023-10-19,51.7,51.7,52.4,51.5,52.4,74000
2023-10-20,52.4,52.4,52.4,51.4,51.8,128000
2023-10-23,54.4,54.4,54.5,52.7,52.7,302000
2023-10-24,54.8,54.8,56.0,54.0,56.0,107000
2023-10-25,56.0,56.0,56.5,55.1,55.6,228000
2023-10-26,55.8,55.8,56.4,55.7,56.0,126000
2023-10-27,55.8,55.8,55.9,55.3,55.9,185000
2023-10-30,55.9,55.9,56.2,55.5,56.0,131000
2023-10-31,54.9,54.9,56.5,54.8,56.4,66000
2023-11-01,54.9,54.9,55.0,53.2,54.9,117000
2023-11-02,54.9,54.9,55.0,54.8,54.9,20000
2023-11-03,55.7,55.7,57.0,55.5,56.8,164000
2023-11-06,55.8,55.8,56.1,55.7,56.0,79000
2023-11-07,55.4,55.4,55.5,55.1,55.3,76000
2023-11-08,55.6,55.6,55.9,55.4,55.4,39000
2023-11-09,55.4,55.4,55.7,55.3,55.6,57000
2023-11-10,54.9,54.9,55.4,54.8,55.4,98000
2023-11-13,52.9,52.9,54.7,52.9,54.7,401000
2023-11-14,52.0,52.0,53.1,51.9,53.0,336000
2023-11-15,52.3,52.3,52.5,51.2,52.1,430000
2023-11-16,52.4,52.4,52.7,52.3,52.3,280000
2023-11-17,52.5,52.5,52.8,52.3,52.4,399000
2023-11-20,53.1,53.1,53.5,52.6,52.6,254000
2023-11-21,53.8,53.8,53.8,53.3,53.4,235000
2023-11-22,55.5,55.5,55.5,53.9,53.9,459000
2023-11-23,55.2,55.2,56.3,54.8,55.8,211000
2023-11-24,55.3,55.3,55.5,54.8,55.0,74000
2023-11-27,55.5,55.5,55.9,55.3,55.3,115000
2023-11-28,55.8,55.8,55.9,55.6,55.8,74000
2023-11-29,56.2,56.2,56.3,55.9,56.0,152000
2023-11-30,57.0,57.0,57.2,56.3,56.3,165000
2023-12-01,57.9,57.9,58.0,56.8,56.9,195000
2023-12-04,58.8,58.8,58.9,58.0,58.0,231000
2023-12-05,59.1,59.1,59.7,58.9,59.1,275000
2023-12-06,58.4,58.4,58.4,56.5,56.6,315000
2023-12-07,58.5,58.5,58.8,57.9,58.4,110000
2023-12-08,58.6,58.6,59.1,58.5,58.8,136000
2023-12-11,58.7,58.7,59.0,58.6,58.6,139000
2023-12-12,59.2,59.2,59.4,58.7,58.7,267000
2023-12-13,60.0,60.0,60.0,59.2,59.4,627000
2023-12-14,55.1,55.1,57.4,55.0,56.9,560000
2023-12-15,56.2,56.2,57.3,55.0,55.1,368000
2023-12-18,55.8,55.8,56.6,55.5,56.1,129000
2023-12-19,54.7,54.7,56.0,54.4,56.0,223000
2023-12-20,54.7,54.7,55.5,54.2,54.5,98000
2023-12-21,55.8,55.8,56.3,54.7,54.7,83000
2023-12-22,55.6,55.6,55.8,55.3,55.8,17000
2023-12-25,54.8,54.8,55.6,54.6,55.6,73000
2023-12-26,55.1,55.1,55.7,54.7,54.8,78000
2023-12-27,54.6,54.6,55.1,54.3,55.1,75000
2023-12-28,54.8,54.8,54.8,54.5,54.5,37000
2023-12-29,55.0,55.0,55.0,54.6,54.8,19000
2024-01-02,54.4,54.4,54.9,54.4,54.9,48000
2024-01-03,54.4,54.4,54.6,54.4,54.4,27000
2024-01-04,54.6,54.6,54.8,54.4,54.4,34000
2024-01-05,54.1,54.1,54.6,54.1,54.5,73000
2024-01-08,53.1,53.1,54.2,53.1,54.2,130000
2024-01-09,52.5,52.5,53.2,52.3,53.1,114000
2024-01-10,52.5,52.5,52.5,52.2,52.2,24000
2024-01-11,52.8,52.8,52.9,52.5,52.5,19000
2024-01-12,52.6,52.6,52.8,52.4,52.8,19000
2024-01-15,52.9,52.9,53.4,52.5,52.6,22000
2024-01-16,52.9,52.9,53.7,52.7,52.7,36000
2024-01-17,52.9,52.9,53.0,52.7,52.9,11000
2024-01-18,53.2,53.2,53.7,53.2,53.5,16000
2024-01-19,52.8,52.8,53.2,52.3,53.2,61000
2024-01-22,52.3,52.3,53.4,52.0,53.4,68000
2024-01-23,52.4,52.4,52.4,52.2,52.3,11000
2024-01-24,52.5,52.5,53.0,52.1,52.5,63000
2024-01-25,52.5,52.5,52.5,52.0,52.3,58000
2024-01-26,53.1,53.1,54.0,52.6,52.6,100000
2024-01-29,53.1,53.1,53.1,53.1,53.1,3000
2024-01-30,52.8,52.8,53.1,52.7,53.1,14000
2024-01-31,52.3,52.3,52.7,52.1,52.6,58000
2024-02-01,52.3,52.3,52.5,52.0,52.3,47000
2024-02-02,52.2,52.2,52.5,52.1,52.4,37000
2024-02-05,52.2,52.2,52.8,51.6,52.1,76000
2024-02-15,52.3,52.3,52.7,52.1,52.7,44000
2024-02-16,52.2,52.2,52.5,52.1,52.3,92000
2024-02-19,52.9,52.9,52.9,52.2,52.7,105000
2024-02-20,52.5,52.5,52.7,52.3,52.7,103000
2024-02-21,53.7,53.7,54.0,52.7,52.7,154000
2024-02-22,53.7,53.7,53.8,53.3,53.7,29000
2024-02-23,53.7,53.7,53.8,53.3,53.5,31000
2024-02-26,53.8,53.8,53.9,53.4,53.7,41000
2024-02-27,54.3,54.3,55.1,54.0,54.2,144000
2024-02-29,54.4,54.4,55.0,54.3,54.5,53000
2024-03-01,54.3,54.3,55.0,54.2,54.3,76000
2024-03-04,54.5,54.5,54.5,54.1,54.4,27000
2024-03-05,54.3,54.3,54.7,54.3,54.7,19000
2024-03-06,54.0,54.0,54.9,53.0,53.5,111000
2024-03-07,53.3,53.3,54.8,53.3,53.5,105000
2024-03-08,52.6,52.6,53.4,52.6,53.3,77000
2024-03-11,52.9,52.9,53.5,52.4,52.4,53000
2024-03-12,53.1,53.1,53.2,52.6,52.9,19000
2024-03-13,53.9,53.9,54.6,53.6,54.3,110000
2024-03-14,54.0,54.0,55.0,53.9,53.9,133000
2024-03-15,53.7,53.7,54.4,53.7,54.0,33000
2024-03-18,53.7,53.7,54.0,53.5,53.7,37000
2024-03-19,54.0,54.0,54.7,53.6,53.6,53000
2024-03-20,54.0,54.0,54.3,54.0,54.0,76000
2024-03-21,54.0,54.0,54.2,53.6,54.0,61000
2024-03-22,54.0,54.0,54.2,53.8,54.1,36000
2024-03-25,54.4,54.4,54.6,54.0,54.2,135000
2024-03-26,54.3,54.3,54.7,54.3,54.7,36000
2024-03-27,54.2,54.2,54.7,52.5,54.7,90000
2024-03-28,53.9,53.9,54.2,53.7,54.2,105000
2024-03-29,53.9,53.9,53.9,53.5,53.9,22000
2024-04-01,54.1,54.1,54.5,54.1,54.2,60000
2024-04-02,54.0,54.0,54.4,53.3,53.6,95000
2024-04-03,53.7,53.7,54.3,53.6,54.0,51000
2024-04-08,54.0,54.0,54.5,53.5,54.2,82000
2024-04-09,54.6,54.6,55.1,54.2,54.2,111000
2024-04-10,55.1,55.1,55.3,54.8,54.9,321000
2024-04-11,55.2,55.2,55.2,54.9,55.0,93000
2024-04-12,55.1,55.1,55.3,55.0,55.2,68000
2024-04-15,55.3,55.3,55.3,55.0,55.0,53000
2024-04-16,55.3,55.3,55.6,54.6,55.0,244000
2024-04-17,55.8,55.8,55.9,55.0,55.3,132000
2024-04-18,56.3,56.3,56.6,55.8,55.8,114000
2024-04-19,56.1,56.1,56.4,55.9,56.0,61000
2024-04-22,55.7,55.7,56.4,55.6,56.2,49000
2024-04-23,56.1,56.1,57.8,56.0,56.0,175000
2024-04-24,56.6,56.6,56.7,56.4,56.5,35000
2024-04-25,56.6,56.6,56.6,56.5,56.6,12000
2024-04-26,56.6,56.6,56.9,56.6,56.6,52000
2024-04-29,57.3,57.3,57.7,56.9,57.0,75000
2024-04-30,57.8,57.8,58.5,57.5,57.5,155000
2024-05-02,58.3,58.3,58.4,57.6,57.8,75000
2024-05-03,58.0,58.0,58.5,57.6,57.8,205000
2024-05-06,57.7,57.7,58.4,57.7,58.0,85000
2024-05-07,57.1,57.1,57.9,57.0,57.5,134000
2024-05-08,55.5,55.5,57.2,55.1,57.1,184000
2024-05-09,55.4,55.4,55.9,55.4,55.9,71000
2024-05-10,54.9,54.9,55.4,54.5,55.4,148000
2024-05-13,55.0,55.0,55.5,55.0,55.0,53000
2024-05-14,53.9,53.9,55.1,52.2,55.0,213000
2024-05-15,53.7,53.7,53.9,53.4,53.6,61000
2024-05-16,54.2,54.2,54.5,53.6,53.8,46000
2024-05-17,54.0,54.0,54.2,53.3,53.9,39000
2024-05-20,54.1,54.1,54.3,53.7,53.7,24000
2024-05-21,54.0,54.0,54.4,53.7,53.7,14000
2024-05-22,54.0,54.0,54.0,53.7,53.8,31000
2024-05-23,53.9,53.9,54.1,53.8,53.9,29000
2024-05-24,53.8,53.8,54.0,53.8,53.9,15000
2024-05-27,54.0,54.0,54.1,53.7,54.0,18000
2024-05-28,54.0,54.0,54.2,53.9,53.9,55000
2024-05-29,54.0,54.0,54.1,53.9,54.0,30000
2024-05-30,53.9,53.9,54.1,53.8,54.0,45000
2024-05-31,54.5,54.5,54.5,53.9,53.9,29000
2024-06-03,55.0,55.0,55.0,54.2,54.5,73000
2024-06-04,54.5,54.5,55.0,54.0,55.0,34000
2024-06-05,54.5,54.5,54.7,54.1,54.5,19000
2024-06-06,53.2,53.2,53.9,53.1,53.9,175000
2024-06-07,53.5,53.5,53.5,53.0,53.0,21000
2024-06-11,53.1,53.1,53.6,53.1,53.5,24000
2024-06-12,52.8,52.8,53.1,52.7,53.1,70000
2024-06-13,52.6,52.6,52.9,52.6,52.7,35000
2024-06-14,52.4,52.4,52.8,52.4,52.6,81000
2024-06-17,52.4,52.4,52.5,52.4,52.5,42000
2024-06-18,52.7,52.7,52.8,52.4,52.4,46000
2024-06-19,52.7,52.7,52.9,52.5,52.9,63000
2024-06-20,52.7,52.7,52.8,52.6,52.8,14000
2024-06-21,52.8,52.8,52.8,52.5,52.5,39000
2024-06-24,52.5,52.5,52.9,52.5,52.9,78000
2024-06-25,51.8,51.8,52.5,51.7,52.5,274000
2024-06-26,51.5,51.5,52.4,51.4,51.9,285000
2024-06-27,50.2,50.2,50.8,50.0,50.8,78000
2024-06-28,49.9,49.9,50.3,49.8,50.3,117000
2024-07-01,49.7,49.7,49.9,49.65,49.7,72000
2024-07-02,49.5,49.5,49.7,49.4,49.7,42000
2024-07-03,49.45,49.45,50.0,49.2,49.5,68000
2024-07-04,49.7,49.7,49.85,49.7,49.85,10000
2024-07-05,49.8,49.8,50.0,49.7,49.95,43000
2024-07-08,49.65,49.65,49.95,49.65,49.95,56000
2024-07-09,49.15,49.15,49.7,48.95,49.7,82000
2024-07-10,49.0,49.0,49.3,49.0,49.2,96000
2024-07-11,48.9,48.9,49.0,48.7,49.0,65000
2024-07-12,48.85,48.85,48.9,48.7,48.8,42000
2024-07-15,48.75,48.75,49.0,48.75,48.85,20000
2024-07-16,48.8,48.8,48.9,48.75,48.75,11000
2024-07-17,48.75,48.75,48.9,48.7,48.9,26000
2024-07-18,48.35,48.35,48.75,48.35,48.75,34000
2024-07-19,48.0,48.0,48.35,47.9,48.35,39000
2024-07-22,47.2,47.2,47.75,47.0,47.75,50000
2024-07-23,47.7,47.7,47.7,47.2,47.2,58000
2024-07-26,47.6,47.6,48.05,47.3,47.3,49000
2024-07-29,47.9,47.9,47.95,47.8,47.8,24000
2024-07-30,47.6,47.6,48.0,47.45,48.0,40000
2024-07-31,48.0,48.0,48.05,48.0,48.0,44000
2024-08-01,48.8,48.8,48.8,48.45,48.45,44000
2024-08-02,48.5,48.5,48.8,48.5,48.8,26000
2024-08-05,46.55,46.55,48.2,46.1,48.2,55000
2024-08-06,46.3,46.3,46.3,43.75,43.75,34000
2024-08-07,47.15,47.15,47.15,46.2,46.2,19000
2024-08-08,47.0,47.0,47.0,46.85,46.95,7000
2024-08-09,46.7,46.7,47.0,46.7,47.0,43000
2024-08-12,46.3,46.3,46.75,46.2,46.25,28000
2024-08-13,47.25,47.25,47.25,46.3,46.3,8000
2024-08-14,46.7,46.7,47.1,46.7,47.1,24000
2024-08-15,46.35,46.35,46.7,46.3,46.7,25000
2024-08-16,46.6,46.6,46.6,46.35,46.45,7000
2024-08-19,46.1,46.1,46.6,46.0,46.6,43000
2024-08-20,47.25,47.25,47.25,46.0,46.4,43000
2024-08-21,46.5,46.5,47.0,46.5,47.0,10000
2024-08-22,46.15,46.15,46.25,45.6,46.25,18000
2024-08-23,45.3,45.3,46.0,45.0,45.9,28000
2024-08-26,44.85,44.85,45.3,44.7,45.3,56000
2024-08-27,44.9,44.9,45.3,44.75,45.3,31000
2024-08-28,45.05,45.05,45.1,44.6,44.9,32000
2024-08-29,45.1,45.1,45.1,45.0,45.05,10000
2024-08-30,45.15,45.15,45.2,45.0,45.1,37000
2024-09-02,44.65,44.65,45.15,44.65,45.15,41000
2024-09-03,43.2,43.2,44.4,43.0,44.4,211000
2024-09-04,41.95,41.95,43.0,41.9,43.0,103000
2024-09-05,41.5,41.5,42.0,41.5,42.0,81000
2024-09-06,41.5,41.5,41.6,41.35,41.5,49000
2024-09-09,39.45,39.45,40.95,39.0,40.95,329000
2024-09-10,39.15,39.15,39.5,38.7,39.5,109000
2024-09-11,39.1,39.1,39.2,38.8,39.15,41000
2024-09-12,39.85,39.85,40.2,39.1,39.1,39000
2024-09-13,40.25,40.25,40.25,40.25,40.25,1000
2024-09-16,39.95,39.95,40.25,39.6,40.25,91000
2024-09-18,39.9,39.9,40.0,39.9,40.0,33000
2024-09-19,40.05,40.05,41.5,39.85,39.85,71000
2024-09-20,40.5,40.5,42.5,40.2,42.5,39000
2024-09-23,41.05,41.05,41.2,40.5,40.5,29000
2024-09-24,41.25,41.25,41.25,41.05,41.05,14000
2024-09-25,41.2,41.2,41.25,41.15,41.25,10000
2024-09-26,40.9,40.9,41.2,40.6,41.2,32000
2024-09-27,40.95,40.95,40.95,40.5,40.9,27000
2024-09-30,40.75,40.75,40.95,40.2,40.95,22000
2024-10-01,40.75,40.75,40.95,40.0,40.75,34000
2024-10-04,40.3,40.3,40.3,40.25,40.25,6000
2024-10-07,40.05,40.05,40.4,40.0,40.4,24000
2024-10-08,39.85,39.85,40.9,39.75,40.9,27000
2024-10-09,39.55,39.55,39.85,39.5,39.85,47000
2024-10-11,39.2,39.2,39.55,39.2,39.55,22000
2024-10-14,39.1,39.1,39.2,38.2,39.2,82000
2024-10-15,39.5,39.5,40.0,39.1,39.1,67000
2024-10-16,39.7,39.7,40.0,39.5,39.7,21000
2024-10-17,39.4,39.4,39.85,39.4,39.7,14000
2024-10-18,39.05,39.05,39.45,39.0,39.45,41000
2024-10-21,39.4,39.4,39.45,39.05,39.05,21000
2024-10-22,39.15,39.15,39.4,39.05,39.4,23000
2024-10-23,39.15,39.15,39.55,39.0,39.0,21000
2024-10-24,39.0,39.0,39.1,38.9,39.05,49000
2024-10-25,38.85,38.85,39.1,38.65,38.9,90000
2024-10-28,38.75,38.75,38.8,38.5,38.8,44000
2024-10-29,38.5,38.5,38.8,38.5,38.8,34000
2024-10-30,38.5,38.5,38.9,38.5,38.9,45000
2024-11-01,38.55,38.55,38.9,38.55,38.65,20000
2024-11-04,39.05,39.05,39.8,38.7,38.7,97000
2024-11-05,38.9,38.9,39.05,38.75,39.05,23000
2024-11-06,38.4,38.4,38.9,38.4,38.9,65000
2024-11-07,38.35,38.35,38.6,38.3,38.6,17000
2024-11-08,38.2,38.2,38.5,38.2,38.35,52000
2024-11-11,37.7,37.7,38.2,37.6,38.2,75000
2024-11-12,37.4,37.4,37.5,37.2,37.45,37000
2024-11-13,36.5,36.5,37.25,36.2,37.25,106000
2024-11-14,33.9,33.9,36.5,33.8,36.5,409000
2024-11-15,32.4,32.4,34.2,31.65,34.2,285000
2024-11-18,32.65,32.65,32.8,32.4,32.4,73000
2024-11-19,32.8,32.8,33.4,32.7,32.7,69000
2024-11-20,33.15,33.15,33.2,32.9,33.0,69000
2024-11-21,33.15,33.15,33.3,33.05,33.3,31000
2024-11-22,34.0,34.0,34.05,33.25,33.25,81000
2024-11-25,35.75,35.75,35.75,33.9,33.9,137000
2024-11-26,35.1,35.1,35.55,34.75,35.5,46000
2024-11-27,34.4,34.4,34.75,34.1,34.75,50000
2024-11-28,33.4,33.4,34.35,33.3,34.35,46000
2024-11-29,33.3,33.3,33.35,33.1,33.35,28000
2024-12-02,33.75,33.75,33.75,33.3,33.3,12000
2024-12-03,33.2,33.2,33.75,33.05,33.75,68000
2024-12-04,33.25,33.25,33.5,32.6,33.2,72000
2024-12-05,32.6,32.6,33.9,32.6,32.7,105000
2024-12-06,33.05,33.05,33.05,32.6,32.6,37000
2024-12-09,32.7,32.7,33.0,32.65,33.0,25000
2024-12-10,32.75,32.75,32.75,32.6,32.7,25000
2024-12-11,32.3,32.3,33.45,32.25,33.45,53000
2024-12-12,32.55,32.55,32.9,32.3,32.3,55000
2024-12-13,32.7,32.7,33.15,32.5,32.8,48000
2024-12-16,32.6,32.6,33.45,32.6,33.0,186000
2024-12-17,32.45,32.45,32.95,32.45,32.65,73000
2024-12-18,33.15,33.15,33.4,32.9,33.4,39000
2024-12-19,33.7,33.7,33.9,33.1,33.2,109000
2024-12-20,35.65,35.65,36.85,34.55,35.7,365000
2024-12-23,35.95,35.95,36.4,35.8,36.15,65000
2024-12-24,35.0,35.0,36.45,35.0,36.0,64000
2024-12-25,35.0,35.0,35.55,34.9,35.55,18000
2024-12-26,35.05,35.05,35.05,34.5,34.9,53000
2024-12-27,34.6,34.6,34.95,34.55,34.6,21000
2024-12-30,34.8,34.8,35.0,34.5,34.6,145000
2024-12-31,34.2,34.2,34.95,34.2,34.8,360000
2025-01-02,33.85,33.85,34.35,33.75,34.1,179000
2025-01-03,33.9,33.9,34.05,33.8,33.8,150000
2025-01-06,33.7,33.7,34.05,33.55,33.9,64000
2025-01-07,33.65,33.65,33.7,33.55,33.55,182000
2025-01-08,33.55,33.55,33.65,33.55,33.6,23000
2025-01-09,33.1,33.1,33.55,32.95,33.55,24000
2025-01-10,33.0,33.0,33.2,32.85,33.2,18000
2025-01-13,32.6,32.6,32.85,32.35,32.85,39000
2025-01-14,32.55,32.55,33.7,32.5,32.6,12000
2025-01-15,33.15,33.15,33.15,32.4,32.4,4000
2025-01-16,33.5,33.5,34.05,32.95,34.05,24000
2025-01-17,33.2,33.2,33.65,33.2,33.65,22000
2025-01-20,33.3,33.3,33.3,32.55,32.55,76000
2025-01-21,33.3,33.3,33.3,33.2,33.2,19000
2025-01-22,34.05,34.05,34.2,33.35,33.35,47000
2025-02-03,33.95,33.95,34.95,33.9,34.05,36000
2025-02-04,34.5,34.5,34.5,34.0,34.0,41000
2025-02-05,35.1,35.1,35.5,34.65,34.65,125000
2025-02-06,35.2,35.2,35.6,35.2,35.5,70000
2025-02-07,36.0,36.0,36.15,35.5,35.5,227000
2025-02-10,35.35,35.35,36.5,35.35,36.0,131000
2025-02-11,35.15,35.15,35.5,35.0,35.5,32000
2025-02-12,34.45,34.45,34.95,34.15,34.95,24000
2025-02-13,34.9,34.9,34.9,34.45,34.45,15000
2025-02-14,35.1,35.1,35.7,34.9,35.55,32000
2025-02-17,35.2,35.2,35.45,35.05,35.45,14000
2025-02-18,35.35,35.35,35.55,34.9,35.55,28000
2025-02-19,35.35,35.35,35.7,35.3,35.5,30000
2025-02-20,37.15,37.15,38.2,35.0,35.5,92000
2025-02-21,37.15,37.15,37.6,37.0,37.45,47000
2025-02-24,37.4,37.4,37.5,37.2,37.2,18000
2025-02-25,37.65,37.65,38.2,37.4,37.4,82000
2025-02-26,37.45,37.45,37.5,37.4,37.4,17000
2025-02-27,37.45,37.45,37.45,37.2,37.35,11000
2025-03-03,36.7,36.7,37.0,36.7,37.0,12000
2025-03-04,37.2,37.2,37.4,35.6,36.4,65000
2025-03-05,37.85,37.85,37.9,37.7,37.9,19000
2025-03-06,37.9,37.9,38.45,37.85,38.05,38000
2025-03-07,38.0,38.0,38.1,37.95,37.95,31000
2025-03-10,37.65,37.65,37.9,37.35,37.9,25000
2025-03-11,37.0,37.0,37.2,36.75,37.2,53000
2025-03-12,37.4,37.4,37.5,37.1,37.45,14000
2025-03-13,37.85,37.85,38.1,37.4,37.4,14000
2025-03-14,37.4,37.4,37.85,37.3,37.8,108000
2025-03-17,37.7,37.7,38.0,37.55,37.75,25000
2025-03-18,38.35,38.35,38.4,37.9,37.9,118000
2025-03-19,38.4,38.4,38.4,38.0,38.0,56000
2025-03-20,38.4,38.4,38.4,38.05,38.05,21000
2025-03-21,38.25,38.25,38.5,38.1,38.4,24000
2025-03-24,37.9,37.9,38.25,37.9,38.25,28000
2025-03-25,37.85,37.85,37.9,37.8,37.9,9000
2025-03-26,38.75,38.75,38.85,38.0,38.0,189000
2025-03-27,38.6,38.6,39.1,38.5,38.9,47000
2025-03-28,37.5,37.5,38.5,37.0,38.5,76000
2025-03-31,36.45,36.45,37.3,36.3,37.3,72000
2025-04-01,34.75,34.75,35.65,34.45,35.65,45000
2025-04-02,34.55,34.55,34.8,34.35,34.8,22000
2025-04-07,31.1,31.1,31.55,31.1,31.1,137000
2025-04-08,30.7,30.7,31.1,28.1,28.1,139000
2025-04-09,29.3,29.3,30.75,28.5,30.7,82000
2025-04-10,32.2,32.2,32.2,30.65,30.65,41000
2025-04-11,32.4,32.4,32.95,31.35,31.35,24000
2025-04-14,32.25,32.25,32.75,32.0,32.05,25000
2025-04-15,32.45,32.45,32.45,32.3,32.45,13000
2025-04-16,32.45,32.45,32.45,32.3,32.3,4000
2025-04-17,32.6,32.6,32.8,31.75,32.8,18000
2025-04-18,32.55,32.55,32.6,32.05,32.6,10000
2025-04-21,32.3,32.3,32.55,29.7,32.55,59000
2025-04-22,30.65,30.65,31.45,30.5,31.45,55000
2025-04-23,30.7,30.7,31.05,30.6,31.05,28000
2025-04-24,31.3,31.3,31.55,30.7,31.45,42000
2025-04-25,31.7,31.7,31.9,31.0,31.75,52000
2025-04-28,31.75,31.75,32.8,31.55,32.8,7000
2025-04-29,31.8,31.8,32.75,31.15,32.75,49000
2025-04-30,31.75,31.75,31.85,31.65,31.75,7000
2025-05-02,31.8,31.8,32.2,31.6,31.75,54000
2025-05-05,31.15,31.15,31.6,31.0,31.6,18000
2025-05-06,31.35,31.35,32.65,31.35,31.7,29000
2025-05-07,31.6,31.6,32.0,31.6,32.0,14000
2025-05-08,32.1,32.1,32.6,32.0,32.0,23000
2025-05-09,31.45,31.45,32.9,31.45,32.05,48000
2025-05-12,31.7,31.7,31.85,31.45,31.55,15000
2025-05-13,31.3,31.3,31.75,31.25,31.75,15000
2025-05-14,31.45,31.45,32.35,31.3,32.35,47000
2025-05-15,31.2,31.2,31.35,31.1,31.1,5000
2025-05-16,31.5,31.5,32.05,31.25,32.05,10000
2025-05-19,31.0,31.0,31.25,30.55,31.25,44000
2025-05-20,30.9,30.9,31.0,30.85,30.85,13000
2025-05-21,31.15,31.15,31.65,30.9,31.65,12000
2025-05-22,31.0,31.0,31.2,31.0,31.2,12000
2025-05-23,31.0,31.0,31.0,31.0,31.0,1000
2025-05-26,31.2,31.2,31.25,30.5,31.0,12000
2025-05-27,31.15,31.15,31.25,31.15,31.25,7000
2025-05-28,31.15,31.15,31.95,31.15,31.95,12000
2025-05-29,30.55,30.55,31.0,30.5,31.0,22000
2025-06-02,29.9,29.9,30.4,29.5,30.4,34000
2025-06-03,30.2,30.2,30.2,29.85,29.85,5000
2025-06-04,30.4,30.4,30.4,30.25,30.25,8000
2025-06-05,30.4,30.4,30.4,30.4,30.4,1000
2025-06-06,30.25,30.25,30.3,30.25,30.25,6000
2025-06-09,30.3,30.3,30.4,30.3,30.4,6000
2025-06-10,30.3,30.3,30.3,30.05,30.3,11000
2025-06-11,30.3,30.3,30.3,30.2,30.3,7000
2025-06-12,30.2,30.2,30.2,29.9,30.1,15000
2025-06-13,30.05,30.05,30.1,29.6,29.8,8000
2025-06-16,29.7,29.7,30.05,29.65,29.65,11000
2025-06-17,31.85,31.85,32.1,30.55,31.0,157000
2025-06-18,32.0,32.0,32.65,31.65,31.8,137000
2025-06-19,30.75,30.75,31.95,30.75,31.95,32000
2025-06-20,30.05,30.05,30.25,29.95,30.25,33000
2025-06-23,29.9,29.9,30.1,29.9,30.1,56000
2025-06-24,30.15,30.15,30.2,29.9,29.9,10000
2025-06-25,30.15,30.15,30.2,30.05,30.15,41000
2025-06-26,30.1,30.1,30.15,30.0,30.15,24000
2025-06-27,30.1,30.1,30.1,29.95,30.0,36000
2025-06-30,30.0,30.0,30.2,30.0,30.0,11000
2025-07-01,30.05,30.05,30.05,30.0,30.0,4000
2025-07-02,30.05,30.05,30.05,30.05,30.05,1000
2025-07-03,30.25,30.25,30.25,30.0,30.0,22000
2025-07-04,30.1,30.1,30.1,29.9,30.05,41000
2025-07-07,30.0,30.0,30.3,30.0,30.3,19000
2025-07-08,30.0,30.0,30.1,30.0,30.0,8000
2025-07-09,29.15,29.15,29.85,29.15,29.85,61000
2025-07-10,28.95,28.95,29.65,28.85,29.15,38000
2025-07-11,29.65,29.65,29.65,28.8,28.8,23000
2025-07-14,29.2,29.2,29.8,28.5,29.5,44000
2025-07-15,29.2,29.2,29.2,29.2,29.2,2000
2025-07-16,29.1,29.1,29.2,29.1,29.2,6000
2025-07-17,29.0,29.0,29.1,29.0,29.1,11000
2025-07-18,28.95,28.95,28.95,28.9,28.9,5000
2025-07-21,28.8,28.8,28.95,28.8,28.95,13000
2025-07-22,28.5,28.5,29.7,28.45,29.7,25000
2025-07-23,28.7,28.7,28.85,28.6,28.65,12000
2025-07-24,28.7,28.7,28.7,28.55,28.6,12000
2025-07-25,28.7,28.7,28.7,28.6,28.6,14000
2025-07-28,28.7,28.7,28.7,28.7,28.7,8000
2025-07-29,28.5,28.5,28.7,28.5,28.7,5000
2025-07-30,28.3,28.3,28.5,28.25,28.5,21000
2025-07-31,27.85,27.85,28.0,27.75,27.9,35000
2025-08-01,27.75,27.75,27.9,27.5,27.8,14000
2025-08-04,27.45,27.45,27.45,27.25,27.25,9000
2025-08-05,27.35,27.35,27.4,27.25,27.4,17000
2025-08-06,27.35,27.35,27.35,27.0,27.35,48000
2025-08-07,27.25,27.25,27.85,27.2,27.6,33000
2025-08-08,27.45,27.45,27.55,27.1,27.5,39000
2025-08-11,27.3,27.3,27.45,27.1,27.1,19000
2025-08-12,27.25,27.25,27.3,27.2,27.2,16000
2025-08-13,27.25,27.25,27.3,27.0,27.25,69000
2025-08-14,27.2,27.2,27.25,27.0,27.25,53000
2025-08-15,27.0,27.0,27.2,27.0,27.2,12000
2025-08-18,27.35,27.35,27.5,27.0,27.35,55000
2025-08-19,27.55,27.55,28.7,27.2,27.3,88000
2025-08-20,27.2,27.2,27.35,25.85,27.3,47000
2025-08-21,27.15,27.15,27.3,27.0,27.0,8000
2025-08-22,27.3,27.3,27.3,27.1,27.25,12000
2025-08-25,26.95,26.95,27.35,26.75,26.75,61000
2025-08-26,27.0,27.0,27.25,26.95,26.95,19000
2025-08-27,27.0,27.0,27.1,26.95,27.0,34000
2025-08-28,27.1,27.1,27.2,27.1,27.15,12000
2025-08-29,27.8,27.8,28.05,27.1,27.1,34000
2025-09-01,27.75,27.75,27.8,27.75,27.8,11000
2025-09-02,27.2,27.2,27.6,27.0,27.55,23000
2025-09-03,27.4,27.4,27.4,27.2,27.2,10000
2025-09-04,27.8,27.8,27.85,26.95,26.95,29000
2025-09-05,28.2,28.2,28.7,27.95,28.0,24000
2025-09-08,28.1,28.1,28.65,28.1,28.65,9000
2025-09-09,28.05,28.05,28.3,27.9,28.1,24000
2025-09-10,27.6,27.6,28.05,27.6,28.05,26000
2025-09-11,27.9,27.9,28.3,27.9,28.3,9000
2025-09-12,27.55,27.55,27.95,27.55,27.95,10000
2025-09-15,27.15,27.15,27.4,27.1,27.4,19000
2025-09-16,27.05,27.05,27.15,27.0,27.0,20000
2025-09-17,27.15,27.15,27.15,26.85,27.05,36000
2025-09-18,26.85,26.85,27.3,26.85,27.3,32000
2025-09-19,27.6,27.6,27.95,27.15,27.2,38000
2025-09-22,27.0,27.0,27.45,26.8,27.45,10000
2025-09-23,27.05,27.05,27.1,26.65,26.9,55000
2025-09-24,26.9,26.9,27.0,26.8,26.95,46000
2025-09-25,26.55,26.55,26.95,26.55,26.7,47000
2025-09-26,26.65,26.65,26.85,26.5,26.85,21000
2025-09-30,26.25,26.25,26.75,26.2,26.75,30000
2025-10-01,26.0,26.0,26.3,25.75,26.3,32000
2025-10-02,26.15,26.15,26.15,26.0,26.0,9000
2025-10-03,26.25,26.25,26.3,25.6,25.6,38000
2025-10-07,26.4,26.4,26.8,25.6,26.25,29000
2025-10-08,26.6,26.6,26.7,26.4,26.45,33000
2025-10-09,26.5,26.5,26.8,26.45,26.8,29000
2025-10-13,26.45,26.45,26.8,26.45,26.5,50000
2025-10-14,26.35,26.35,26.5,26.3,26.5,18000
2025-10-15,26.3,26.3,26.5,26.3,26.5,17000
2025-10-16,26.05,26.05,26.2,26.0,26.2,34000
2025-10-17,26.1,26.1,26.1,25.9,26.1,49000
2025-10-20,26.0,26.0,26.5,26.0,26.5,29000
2025-10-21,25.95,25.95,26.05,25.95,25.95,12000
2025-10-22,25.55,25.55,26.4,25.1,26.4,92000
2025-10-23,25.5,25.5,25.6,25.4,25.5,42000
2025-10-27,25.6,25.6,25.7,25.6,25.6,55000
2025-10-28,25.55,25.55,25.65,25.55,25.6,22000
2025-10-29,25.7,25.7,25.7,25.5,25.5,7000
2025-10-30,25.7,25.7,25.7,25.3,25.3,14000
2025-10-31,25.9,25.9,26.0,25.5,25.5,36000
2025-11-03,25.75,25.75,26.05,25.55,25.95,10000
2025-11-04,25.4,25.4,25.4,25.0,25.3,23000
2025-11-05,26.1,26.1,26.1,25.3,25.4,13000
2025-11-06,25.1,25.1,25.9,25.0,25.9,22000
2025-11-07,25.25,25.25,25.3,25.1,25.15,40000
2025-11-10,25.15,25.15,25.6,25.0,25.0,26000
2025-11-11,25.0,25.0,25.75,25.0,25.75,23000
2025-11-12,25.55,25.55,25.55,25.2,25.2,9000
2025-11-13,25.45,25.45,26.05,25.0,26.05,28000
2025-11-14,25.5,25.5,26.0,25.5,25.5,44000
2025-11-17,25.15,25.15,25.3,25.15,25.3,23000
2025-11-18,25.25,25.25,25.25,25.15,25.15,13000
2025-11-19,25.05,25.05,25.25,25.0,25.25,45000
2025-11-20,25.0,25.0,25.25,24.9,25.05,18000
2025-11-21,25.0,25.0,25.15,25.0,25.0,18000
2025-11-24,24.95,24.95,25.05,24.8,25.05,20000
2025-11-25,25.0,25.0,25.4,25.0,25.4,27000
2025-11-26,25.15,25.15,25.15,25.0,25.05,13000
2025-11-27,25.2,25.2,25.2,25.15,25.15,3000
2025-11-28,25.5,25.5,25.8,25.5,25.8,11000
2025-12-01,25.25,25.25,25.5,25.25,25.5,15000
2025-12-02,25.1,25.1,25.5,25.1,25.5,29000
2025-12-03,25.35,25.35,25.45,25.35,25.45,15000
2025-12-04,25.1,25.1,25.75,25.0,25.35,32000
2025-12-08,25.5,25.5,25.55,25.0,25.0,25000
2025-12-09,25.55,25.55,25.55,25.5,25.5,7000
2025-12-10,25.35,25.35,25.55,25.05,25.55,20000
2025-12-11,25.3,25.3,25.4,24.8,25.35,20000
2025-12-12,25.1,25.1,25.1,25.1,25.1,3000
2025-12-15,25.05,25.05,25.05,24.5,24.5,12000
2025-12-16,25.2,25.2,25.9,25.2,25.8,12000
2025-12-17,25.2,25.2,25.4,25.2,25.2,3000
2025-12-18,25.2,25.2,25.3,25.2,25.25,12000
2025-12-19,25.2,25.2,25.2,25.15,25.15,5000
2025-12-22,25.35,25.35,25.35,25.05,25.1,22000
2025-12-23,25.15,25.15,25.2,25.0,25.2,141000
2025-12-24,24.2,24.2,25.15,24.1,25.15,193000
2025-12-26,24.0,24.0,24.5,23.9,24.3,730000
2025-12-29,24.3,24.3,24.6,24.15,24.5,36000
2025-12-30,24.2,24.2,24.3,24.2,24.3,8000
2025-12-31,24.25,24.25,24.25,24.2,24.2,37000
2026-01-02,24.3,24.3,24.4,24.1,24.3,31000
2026-01-05,24.2,24.2,25.0,24.05,25.0,34000
2026-01-06,24.0,24.0,24.2,23.95,24.2,42000
2026-01-07,24.5,24.5,24.5,24.1,24.45,23000
2026-01-08,24.6,24.6,24.65,24.5,24.6,19000
2026-01-09,24.9,24.9,24.9,24.65,24.65,16000
2026-01-12,24.95,24.95,25.0,24.8,24.95,38000
2026-01-13,24.75,24.75,24.95,24.6,24.95,4000
2026-01-14,25.15,25.15,25.3,24.6,24.6,36000
2026-01-15,25.4,25.4,25.55,25.15,25.15,33000
2026-01-16,26.8,26.8,27.0,25.6,25.6,113000
2026-01-19,29.45,29.45,29.45,27.0,27.4,257000
2026-01-20,28.4,28.4,29.25,28.4,29.25,151000
2026-01-21,27.5,27.5,28.4,27.5,28.4,78000
2026-01-22,27.6,27.6,27.9,27.4,27.9,30000
2026-01-23,27.9,27.9,27.9,27.45,27.6,27000
2026-01-26,28.1,28.1,28.3,28.0,28.0,20000
2026-01-27,28.1,28.1,28.1,27.85,28.1,9000
2026-01-28,27.7,27.7,28.1,27.7,28.1,11000
2026-01-29,27.55,27.55,27.7,27.55,27.7,8000
2026-01-30,27.1,27.1,27.6,27.1,27.6,20000
2026-02-02,26.85,26.85,27.1,26.85,27.1,5000
2026-02-03,26.7,26.7,26.85,26.4,26.6,14000
2026-02-04,26.4,26.4,26.4,26.3,26.3,8000
2026-02-05,26.3,26.3,26.95,26.3,26.95,14000
2026-02-06,26.15,26.15,26.2,26.15,26.2,4000
2026-02-09,26.55,26.55,26.6,26.15,26.6,19000
2026-02-10,26.85,26.85,26.85,26.55,26.55,8000
2026-02-11,26.75,26.75,26.85,26.6,26.85,19000
2026-02-23,26.95,26.95,26.95,26.7,26.75,21000
2026-02-24,26.95,26.95,27.1,26.95,27.1,15000
2026-02-25,26.9,26.9,27.2,26.5,26.95,16000
2026-02-26,27.3,27.3,27.3,26.9,26.9,19000
2026-03-02,27.3,27.3,28.2,27.0,27.0,81000
2026-03-03,26.6,26.6,26.8,26.5,26.8,21000
2026-03-04,26.7,26.7,26.8,26.5,26.6,22000
2026-03-05,27.0,27.0,27.15,26.85,27.15,6000
2026-03-06,27.0,27.0,27.0,25.6,26.9,124000
2026-03-09,25.9,25.9,26.9,25.8,26.9,57000
2026-03-10,26.5,26.5,26.5,25.8,25.85,33000
2026-03-11,27.2,27.2,27.3,26.6,26.6,31000
2026-03-12,26.75,26.75,27.0,26.75,27.0,11000
2026-03-13,26.8,26.8,26.8,26.6,26.75,14000
2026-03-16,26.8,26.8,26.85,26.8,26.85,11000
2026-03-17,27.0,27.0,27.1,26.9,26.9,28000
2026-03-18,27.0,27.0,27.0,27.0,27.0,4000
2026-03-19,26.85,26.85,27.1,26.7,27.1,20000
2026-03-20,27.2,27.2,27.3,27.0,27.05,39000
2026-03-23,27.3,27.3,27.3,27.2,27.25,10000
2026-03-24,27.25,27.25,27.3,27.25,27.3,10000
2026-03-25,26.9,26.9,27.25,26.75,27.25,4000
2026-03-26,27.4,27.4,27.4,26.6,26.6,9000
2026-03-27,27.2,27.2,27.2,27.2,27.2,1000
2026-03-30,27.2,27.2,27.2,27.0,27.0,15000
2026-03-31,27.0,27.0,27.2,27.0,27.2,12000
2026-04-01,26.65,26.65,27.0,26.4,27.0,13000
2026-04-02,27.6,27.6,27.6,27.6,27.6,4000
2026-04-07,27.3,27.3,27.5,26.65,27.5,21000
2026-04-08,27.25,27.25,27.3,26.9,27.3,22000
2026-04-09,27.05,27.05,27.25,27.05,27.25,9000
2026-04-10,27.2,27.2,27.2,27.15,27.2,6000
2026-04-13,27.2,27.2,27.5,27.2,27.5,6000
2026-04-14,27.2,27.2,27.2,27.15,27.15,46000
2026-04-15,27.15,27.15,27.2,27.0,27.15,16000
2026-04-16,27.4,27.4,27.45,27.15,27.15,27000
2026-04-17,27.2,27.2,27.55,27.1,27.1,36000
2026-04-20,26.9,26.9,27.5,26.9,27.3,22000
2026-04-21,26.8,26.8,26.85,26.5,26.55,65000
2026-04-22,26.5,26.5,26.85,26.4,26.85,32000
2026-04-23,26.2,26.2,26.5,26.15,26.3,24000
2026-04-24,25.8,25.8,26.05,25.8,26.0,46000
2026-04-27,25.75,25.75,25.8,25.3,25.8,35000
2026-04-28,25.8,25.8,25.9,25.5,25.55,20000
2026-04-29,25.95,25.95,25.95,25.8,25.8,15000
2026-04-30,25.9,25.9,25.95,25.5,25.95,15000
2026-05-04,25.8,25.8,25.9,25.4,25.9,14000
2026-05-05,25.6,25.6,25.7,25.25,25.7,45000
2026-05-06,25.35,25.35,25.6,25.0,25.5,43000
2026-05-07,25.3,25.3,25.35,25.05,25.35,32000
2026-05-08,25.55,25.55,25.55,25.0,25.1,25000
2026-05-11,26.15,26.15,26.15,25.5,25.5,76000
2026-05-12,25.5,25.5,26.05,25.5,25.85,12000
2026-05-13,25.0,25.0,25.5,24.95,25.5,132000
2026-05-14,25.5,25.5,25.5,25.05,25.05,13000
2026-05-15,25.15,25.15,25.35,24.9,25.35,19000
2026-05-18,25.6,25.6,25.6,25.15,25.15,16000
2026-05-19,25.3,25.3,25.3,25.3,25.3,2000
2026-05-20,25.1,25.1,25.3,24.8,25.3,13000
2026-05-21,25.1,25.1,25.3,25.0,25.3,9000
2026-05-22,25.3,25.3,25.3,25.0,25.1,35000
2026-05-25,25.15,25.15,25.3,25.0,25.3,36000
2026-05-26,25.4,25.4,25.4,25.15,25.15,16000
2026-05-27,25.25,25.25,25.25,25.2,25.2,36000
2026-05-28,24.9,24.9,25.05,24.65,25.05,20000
2026-05-29,25.2,25.2,25.55,24.8,24.9,49000
2026-06-01,25.2,25.2,25.2,25.1,25.2,26000
2026-06-02,25.7,25.7,25.7,24.95,25.25,28000
2026-06-03,25.45,25.45,25.5,25.2,25.5,17000
2026-06-04,25.4,25.4,25.4,25.2,25.2,11000
2026-06-05,25.15,25.15,25.25,25.05,25.25,18000
2026-06-08,25.0,25.0,25.1,24.7,24.7,12000
2026-06-09,25.45,25.45,25.5,24.7,25.0,27000
2026-06-10,25.2,25.2,25.35,24.9,24.95,26000
2026-06-11,25.05,25.05,25.4,24.8,25.4,20000
2026-06-12,25.0,25.0,25.15,24.8,25.15,35000
2026-06-15,25.0,25.0,25.05,24.75,24.75,42000
2026-06-16,24.8,24.8,25.0,24.75,25.0,28000
2026-06-17,24.7,24.7,25.0,24.6,25.0,30000
2026-06-18,24.95,24.95,24.95,24.55,24.6,53000
2026-06-22,24.4,24.4,24.9,24.3,24.65,42000
2026-06-23,24.35,24.35,24.55,24.05,24.55,49000
2026-06-24,24.4,24.4,24.5,24.1,24.4,36000
2026-06-25,24.45,24.45,24.5,24.1,24.4,38000
2026-06-26,24.1,24.1,24.3,24.1,24.3,12000
2026-06-29,24.35,24.35,24.35,23.9,24.1,55000
2026-06-30,24.1,24.1,24.35,24.0,24.35,27000
2026-07-01,24.1,24.1,24.2,24.0,24.2,32000
2026-07-02,23.85,23.85,24.15,23.75,23.75,23000
2026-07-03,24.1,24.1,24.15,23.9,24.1,24000
2026-07-06,24.15,24.15,24.15,24.0,24.1,9000
2026-07-07,24.2,24.2,24.25,24.0,24.0,24000
2026-07-08,24.05,24.05,24.3,23.95,24.2,22000
2026-07-09,24.2,24.2,24.2,24.05,24.05,9000
2026-07-13,24.0,24.0,24.25,24.0,24.2,13000
2026-07-14,24.05,24.05,24.1,23.9,24.05,37000
2026-07-15,24.15,24.15,24.15,24.05,24.1,13000
2026-07-16,24.15,24.15,24.15,24.0,24.05,17000
2026-07-17,24.15,24.15,24.25,23.9,24.2,13000
2026-07-20,24.0,24.0,24.15,24.0,24.15,12000
2026-07-21,24.2,24.2,24.2,24.0,24.1,15000
2026-07-22,24.1,24.1,24.1,24.0,24.05,14000
2026-07-23,24.0,24.0,24.1,24.0,24.0,12000
2026-07-24,24.0,24.0,24.0,24.0,24.0,7000
2026-07-27,24.0,24.0,24.05,24.0,24.05,7000
2026-07-28,24.0,24.0,24.0,23.9,24.0,16000
2026-07-29,23.75,23.75,24.0,23.75,23.9,43000
2026-07-30,23.6,23.6,23.8,23.6,23.7,32000
2026-07-31,23.75,23.75,23.75,23.5,23.65,37000
2026-08-03,23.75,23.75,23.8,23.6,23.8,13000
2026-08-04,23.7,23.7,23.85,23.5,23.85,23000
2026-08-05,23.7,23.7,24.0,23.5,23.6,30000
2026-08-06,23.8,23.8,23.8,23.7,23.7,14000
2026-08-07,24.1,24.1,24.1,23.9,24.0,16000
2026-08-10,24.6,24.6,24.75,24.15,24.15,47000
2026-08-11,24.6,24.6,24.6,24.2,24.6,30000
2026-08-12,24.2,24.2,24.6,24.1,24.55,24000
2026-08-13,24.35,24.35,24.5,24.2,24.3,19000
2026-08-14,24.1,24.1,24.25,24.1,24.2,23000
2026-08-17,24.65,24.65,24.9,24.05,24.9,41000
2026-08-18,24.6,24.6,24.7,24.15,24.7,25000
2026-08-19,24.5,24.5,24.5,24.05,24.15,35000
2026-08-20,24.3,24.3,24.45,24.15,24.25,35000
2026-08-21,24.35,24.35,24.35,24.1,24.3,27000
2026-08-24,24.1,24.1,24.35,24.05,24.35,36100
2026-08-25,24.2,24.2,24.2,24.0,24.1,31029
2026-08-26,24.1,24.1,24.2,24.05,24.1,52003
2026-08-27,24.25,24.25,24.25,24.15,24.2,10518
2026-08-28,23.95,23.95,24.25,23.95,24.25,52795
2026-08-31,24.0,24.0,24.25,24.0,24.05,28674
2026-09-01,24.05,24.05,24.05,23.85,24.0,18140
2026-09-02,24.0,24.0,24.05,23.85,24.05,32108
2026-09-03,24.0,24.0,24.15,23.9,24.15,15054
