Price,Adj Close,Close,High,Low,Open,Volume
Ticker,2206.TW,2206.TW,2206.TW,2206.TW,2206.TW,2206.TW
Date,,,,,,
2020-01-02,16.001710891723633,21.399999618530273,21.5,21.350000381469727,21.5,873699
2020-01-03,15.852166175842285,21.200000762939453,21.450000762939453,21.149999618530273,21.399999618530273,949426
2020-01-06,15.777388572692871,21.100000381469727,21.25,21.100000381469727,21.149999618530273,641348
2020-01-07,15.814778327941895,21.149999618530273,21.149999618530273,21.049999237060547,21.100000381469727,707409
2020-01-08,15.665228843688965,20.950000762939453,21.100000381469727,20.899999618530273,21.049999237060547,805733
2020-01-09,15.665228843688965,20.950000762939453,21.100000381469727,20.950000762939453,21.0,391427
2020-01-10,15.74000072479248,21.049999237060547,21.149999618530273,20.950000762939453,21.049999237060547,521504
2020-01-13,15.88955020904541,21.25,21.25,21.100000381469727,21.100000381469727,310055
2020-01-14,15.852166175842285,21.200000762939453,21.350000381469727,21.200000762939453,21.299999237060547,389237
2020-01-15,15.88955020904541,21.25,21.299999237060547,21.149999618530273,21.200000762939453,257279
2020-01-16,15.9269380569458,21.299999237060547,21.299999237060547,21.149999618530273,21.25,255166
2020-01-17,15.852166175842285,21.200000762939453,21.25,21.100000381469727,21.25,625970
2020-01-20,15.852166175842285,21.200000762939453,21.25,21.149999618530273,21.149999618530273,755026
2020-01-30,15.141806602478027,20.25,21.0,20.25,21.0,2075777
2020-01-31,15.216581344604492,20.350000381469727,20.5,20.200000762939453,20.25,1077127
2020-02-03,15.104419708251953,20.200000762939453,20.200000762939453,19.850000381469727,20.0,1339156
2020-02-04,15.478293418884277,20.700000762939453,20.799999237060547,20.600000381469727,20.75,1092231
2020-02-05,15.478293418884277,20.700000762939453,20.799999237060547,20.5,20.799999237060547,705553
2020-02-06,15.515679359436035,20.75,20.75,20.549999237060547,20.75,559429
2020-02-07,15.478293418884277,20.700000762939453,20.700000762939453,20.5,20.700000762939453,631174
2020-02-10,15.40351676940918,20.600000381469727,20.649999618530273,20.399999618530273,20.5,770227
2020-02-11,15.440905570983887,20.649999618530273,20.649999618530273,20.5,20.600000381469727,272552
2020-02-12,15.515679359436035,20.75,20.75,20.649999618530273,20.649999618530273,403485
2020-02-13,15.515679359436035,20.75,20.799999237060547,20.600000381469727,20.75,395057
2020-02-14,15.440905570983887,20.649999618530273,20.75,20.649999618530273,20.700000762939453,513657
2020-02-17,15.440905570983887,20.649999618530273,20.649999618530273,20.600000381469727,20.649999618530273,329320
2020-02-18,15.40351676940918,20.600000381469727,20.649999618530273,20.549999237060547,20.600000381469727,405744
2020-02-19,15.627840995788574,20.899999618530273,20.950000762939453,20.600000381469727,20.600000381469727,529467
2020-02-20,15.590455055236816,20.850000381469727,21.149999618530273,20.799999237060547,21.0,512518
2020-02-21,15.515679359436035,20.75,20.850000381469727,20.700000762939453,20.850000381469727,405852
2020-02-24,15.40351676940918,20.600000381469727,20.649999618530273,20.5,20.600000381469727,791342
2020-02-25,15.40351676940918,20.600000381469727,20.649999618530273,20.399999618530273,20.450000762939453,534532
2020-02-26,15.328743934631348,20.5,20.5,20.399999618530273,20.450000762939453,560155
2020-02-27,15.328743934631348,20.5,20.700000762939453,20.399999618530273,20.700000762939453,589230
2020-03-02,15.2539701461792,20.399999618530273,20.5,20.25,20.450000762939453,904035
2020-03-03,15.440905570983887,20.649999618530273,20.700000762939453,20.5,20.700000762939453,864504
2020-03-04,15.553067207336426,20.799999237060547,20.850000381469727,20.450000762939453,20.600000381469727,821224
2020-03-05,15.590455055236816,20.850000381469727,20.850000381469727,20.700000762939453,20.799999237060547,536675
2020-03-06,15.40351676940918,20.600000381469727,20.75,20.600000381469727,20.700000762939453,471556
2020-03-09,15.328743934631348,20.5,20.700000762939453,20.350000381469727,20.399999618530273,1542753
2020-03-10,15.366129875183105,20.549999237060547,20.549999237060547,20.299999237060547,20.299999237060547,995532
2020-03-11,15.328743934631348,20.5,20.649999618530273,20.399999618530273,20.600000381469727,391575
2020-03-12,15.179194450378418,20.299999237060547,20.5,20.200000762939453,20.350000381469727,3818555
2020-03-13,15.179194450378418,20.299999237060547,20.299999237060547,19.149999618530273,19.75,3128266
2020-03-16,15.141806602478027,20.25,20.299999237060547,19.899999618530273,20.200000762939453,1843826
2020-03-17,14.954870223999023,20.0,20.100000381469727,19.700000762939453,20.0,3065755
2020-03-18,14.917485237121582,19.950000762939453,20.049999237060547,19.700000762939453,19.950000762939453,2365056
2020-03-19,14.356675148010254,19.200000762939453,19.600000381469727,18.25,19.600000381469727,4013650
2020-03-20,14.356675148010254,19.200000762939453,19.450000762939453,19.200000762939453,19.299999237060547,1088334
2020-03-23,14.356675148010254,19.200000762939453,19.200000762939453,18.600000381469727,18.950000762939453,918061
2020-03-24,14.468838691711426,19.350000381469727,19.5,19.200000762939453,19.200000762939453,992681
2020-03-25,14.543614387512207,19.450000762939453,19.5,19.149999618530273,19.399999618530273,1073843
2020-03-26,14.543614387512207,19.450000762939453,19.5,19.350000381469727,19.5,543839
2020-03-27,14.506227493286133,19.399999618530273,19.600000381469727,19.299999237060547,19.600000381469727,763402
2020-03-30,14.468838691711426,19.350000381469727,19.350000381469727,19.0,19.200000762939453,534013
2020-03-31,14.468838691711426,19.350000381469727,19.399999618530273,19.200000762939453,19.350000381469727,644808
2020-04-01,14.394062995910645,19.25,19.25,19.0,19.25,877140
2020-04-06,14.431448936462402,19.299999237060547,19.350000381469727,19.100000381469727,19.25,714222
2020-04-07,14.506227493286133,19.399999618530273,19.450000762939453,19.25,19.350000381469727,821352
2020-04-08,14.543614387512207,19.450000762939453,19.5,19.200000762939453,19.399999618530273,828242
2020-04-09,14.506227493286133,19.399999618530273,19.5,19.350000381469727,19.5,527893
2020-04-10,14.543614387512207,19.450000762939453,19.549999237060547,19.350000381469727,19.399999618530273,945700
2020-04-13,14.506227493286133,19.399999618530273,19.549999237060547,19.399999618530273,19.5,638704
2020-04-14,14.618385314941406,19.549999237060547,19.549999237060547,19.399999618530273,19.5,819500
2020-04-15,14.655774116516113,19.600000381469727,19.700000762939453,19.5,19.649999618530273,1215404
2020-04-16,14.581002235412598,19.5,19.549999237060547,19.450000762939453,19.450000762939453,719117
2020-04-17,14.655774116516113,19.600000381469727,19.700000762939453,19.5,19.649999618530273,759800
2020-04-20,14.655774116516113,19.600000381469727,19.649999618530273,19.549999237060547,19.600000381469727,571170
2020-04-21,14.431448936462402,19.299999237060547,19.600000381469727,19.200000762939453,19.600000381469727,1407046
2020-04-22,14.356675148010254,19.200000762939453,19.299999237060547,19.149999618530273,19.299999237060547,490381
2020-04-23,14.394062995910645,19.25,19.350000381469727,19.200000762939453,19.25,557162
2020-04-24,14.394062995910645,19.25,19.399999618530273,19.200000762939453,19.299999237060547,316505
2020-04-27,14.618385314941406,19.549999237060547,19.549999237060547,19.299999237060547,19.350000381469727,726027
2020-04-28,14.506227493286133,19.399999618530273,19.649999618530273,19.399999618530273,19.600000381469727,665027
2020-04-29,14.730549812316895,19.700000762939453,19.799999237060547,19.450000762939453,19.450000762939453,841414
2020-04-30,14.80532169342041,19.799999237060547,19.899999618530273,19.75,19.75,758962
2020-05-04,14.618385314941406,19.549999237060547,19.799999237060547,19.350000381469727,19.799999237060547,773699
2020-05-05,14.618385314941406,19.549999237060547,19.649999618530273,19.399999618530273,19.649999618530273,511941
2020-05-06,14.618385314941406,19.549999237060547,19.549999237060547,19.450000762939453,19.549999237060547,509504
2020-05-07,14.693161010742188,19.649999618530273,19.700000762939453,19.5,19.600000381469727,690410
2020-05-08,14.80532169342041,19.799999237060547,19.899999618530273,19.700000762939453,19.850000381469727,594620
2020-05-11,14.917485237121582,19.950000762939453,20.049999237060547,19.850000381469727,19.850000381469727,653379
2020-05-12,14.880097389221191,19.899999618530273,19.899999618530273,19.649999618530273,19.899999618530273,547430
2020-05-13,14.84271240234375,19.850000381469727,19.899999618530273,19.649999618530273,19.75,382244
2020-05-14,14.80532169342041,19.799999237060547,19.799999237060547,19.5,19.700000762939453,636236
2020-05-15,14.80532169342041,19.799999237060547,19.799999237060547,19.600000381469727,19.799999237060547,604747
2020-05-18,14.954870223999023,20.0,20.200000762939453,19.950000762939453,19.950000762939453,1773695
2020-05-19,14.992258071899414,20.049999237060547,20.200000762939453,19.950000762939453,20.149999618530273,735421
2020-05-20,14.992258071899414,20.049999237060547,20.100000381469727,19.950000762939453,20.049999237060547,402400
2020-05-21,15.067031860351562,20.149999618530273,20.149999618530273,20.0,20.100000381469727,612440
2020-05-22,14.954870223999023,20.0,20.100000381469727,19.950000762939453,20.100000381469727,684422
2020-05-25,15.40351676940918,20.600000381469727,20.600000381469727,20.100000381469727,20.399999618530273,1473065
2020-05-26,15.440905570983887,20.649999618530273,20.75,20.549999237060547,20.649999618530273,822032
2020-05-27,15.553067207336426,20.799999237060547,20.850000381469727,20.700000762939453,20.700000762939453,1129506
2020-05-28,15.553067207336426,20.799999237060547,21.100000381469727,20.799999237060547,20.950000762939453,1505155
2020-05-29,15.627840995788574,20.899999618530273,21.450000762939453,20.899999618530273,20.899999618530273,3141850
2020-06-01,15.665228843688965,20.950000762939453,21.149999618530273,20.899999618530273,21.0,619857
2020-06-02,15.665228843688965,20.950000762939453,21.100000381469727,20.899999618530273,21.100000381469727,521021
2020-06-03,15.74000072479248,21.049999237060547,21.049999237060547,20.850000381469727,20.899999618530273,852659
2020-06-04,15.814778327941895,21.149999618530273,21.25,21.049999237060547,21.200000762939453,850274
2020-06-05,15.814778327941895,21.149999618530273,21.200000762939453,21.0,21.149999618530273,813721
2020-06-08,16.001710891723633,21.399999618530273,21.399999618530273,21.149999618530273,21.200000762939453,1307181
2020-06-09,16.188648223876953,21.649999618530273,21.649999618530273,21.399999618530273,21.450000762939453,1156419
2020-06-10,16.37558364868164,21.899999618530273,21.899999618530273,21.600000381469727,21.700000762939453,1463056
2020-06-11,16.039100646972656,21.450000762939453,21.950000762939453,21.399999618530273,21.899999618530273,1247803
2020-06-12,16.039100646972656,21.450000762939453,21.450000762939453,20.899999618530273,21.149999618530273,1272268
2020-06-15,15.9269380569458,21.299999237060547,21.600000381469727,21.299999237060547,21.5,515783
2020-06-16,16.450359344482422,22.0,22.25,21.399999618530273,21.399999618530273,3340090
2020-06-17,16.300811767578125,21.799999237060547,21.950000762939453,21.5,21.899999618530273,1635885
2020-06-18,16.2634220123291,21.75,21.899999618530273,21.600000381469727,21.799999237060547,458614
2020-06-19,16.039100646972656,21.450000762939453,21.850000381469727,21.450000762939453,21.75,1606001
2020-06-22,16.113874435424805,21.549999237060547,21.649999618530273,21.5,21.549999237060547,849398
2020-06-23,16.151262283325195,21.600000381469727,21.649999618530273,21.350000381469727,21.649999618530273,1056280
2020-06-24,16.039100646972656,21.450000762939453,21.600000381469727,21.450000762939453,21.600000381469727,513353
2020-06-29,15.814778327941895,21.149999618530273,21.299999237060547,21.049999237060547,21.299999237060547,776154
2020-06-30,15.852166175842285,21.200000762939453,21.350000381469727,21.200000762939453,21.299999237060547,575441
2020-07-01,15.88955020904541,21.25,21.450000762939453,21.25,21.299999237060547,332078
2020-07-02,16.076488494873047,21.5,21.5,21.25,21.25,772857
2020-07-03,16.076488494873047,21.5,21.600000381469727,21.450000762939453,21.600000381469727,402226
2020-07-06,16.151262283325195,21.600000381469727,21.649999618530273,21.5,21.600000381469727,987109
2020-07-07,16.151262283325195,21.600000381469727,21.850000381469727,21.549999237060547,21.75,912126
2020-07-08,16.151262283325195,21.600000381469727,21.700000762939453,21.5,21.600000381469727,567979
2020-07-09,16.188648223876953,21.649999618530273,21.799999237060547,21.600000381469727,21.700000762939453,857574
2020-07-10,16.001710891723633,21.399999618530273,21.649999618530273,21.299999237060547,21.649999618530273,834253
2020-07-13,16.226036071777344,21.700000762939453,21.950000762939453,21.5,21.5,1188071
2020-07-14,16.2634220123291,21.75,21.899999618530273,21.700000762939453,21.799999237060547,758024
2020-07-15,16.37558364868164,21.899999618530273,22.0,21.799999237060547,21.850000381469727,1679690
2020-07-16,16.338199615478516,21.850000381469727,22.100000381469727,21.850000381469727,22.0,2275770
2020-07-17,16.188648223876953,21.649999618530273,21.950000762939453,21.649999618530273,21.899999618530273,1951454
2020-07-20,16.188648223876953,21.649999618530273,21.950000762939453,21.600000381469727,21.899999618530273,2577880
2020-07-21,16.353431701660156,20.850000381469727,21.0,20.75,20.799999237060547,1546015
2020-07-22,16.39264488220215,20.899999618530273,21.0,20.850000381469727,20.899999618530273,902623
2020-07-23,16.471078872680664,21.0,21.049999237060547,20.850000381469727,20.899999618530273,909069
2020-07-24,16.39264488220215,20.899999618530273,21.149999618530273,20.75,21.149999618530273,1156016
2020-07-27,16.196561813354492,20.649999618530273,21.0,20.549999237060547,21.0,960545
2020-07-28,15.961259841918945,20.350000381469727,20.700000762939453,20.350000381469727,20.600000381469727,1015381
2020-07-29,15.961259841918945,20.350000381469727,20.600000381469727,20.350000381469727,20.350000381469727,1015377
2020-07-30,16.000478744506836,20.399999618530273,20.5,20.350000381469727,20.5,816878
2020-07-31,16.39264488220215,20.899999618530273,21.149999618530273,20.799999237060547,20.950000762939453,1109520
2020-08-03,16.39264488220215,20.899999618530273,21.049999237060547,20.799999237060547,21.0,715521
2020-08-04,16.510295867919922,21.049999237060547,21.100000381469727,20.899999618530273,21.0,951411
2020-08-05,16.510295867919922,21.049999237060547,21.25,21.049999237060547,21.149999618530273,963875
2020-08-06,17.02011489868164,21.700000762939453,21.850000381469727,21.100000381469727,21.200000762939453,2750431
2020-08-07,17.804452896118164,22.700000762939453,23.0,21.850000381469727,21.950000762939453,6300225
2020-08-10,18.196622848510742,23.200000762939453,23.5,22.700000762939453,22.899999618530273,5289656
2020-08-11,18.039752960205078,23.0,23.350000381469727,22.399999618530273,23.200000762939453,4004704
2020-08-12,17.843669891357422,22.75,23.0,22.549999237060547,23.0,2207027
2020-08-13,18.078968048095703,23.049999237060547,23.25,22.799999237060547,22.950000762939453,2186735
2020-08-14,18.157405853271484,23.149999618530273,23.200000762939453,22.899999618530273,23.049999237060547,1911204
2020-08-17,18.549571990966797,23.649999618530273,24.100000381469727,23.350000381469727,23.5,5802844
2020-08-18,18.39270782470703,23.450000762939453,23.799999237060547,23.25,23.75,2687719
2020-08-19,18.510356903076172,23.600000381469727,23.899999618530273,23.450000762939453,23.549999237060547,2383410
2020-08-20,18.196622848510742,23.200000762939453,23.950000762939453,22.549999237060547,23.600000381469727,4458136
2020-08-21,18.941741943359375,24.149999618530273,24.149999618530273,23.200000762939453,23.350000381469727,4309616
2020-08-24,19.294694900512695,24.600000381469727,24.899999618530273,24.049999237060547,24.600000381469727,5649842
2020-08-25,18.902524948120117,24.100000381469727,24.700000762939453,24.100000381469727,24.600000381469727,2934445
2020-08-26,19.059391021728516,24.299999237060547,24.399999618530273,24.0,24.299999237060547,1915121
2020-08-27,18.941741943359375,24.149999618530273,24.5,24.049999237060547,24.399999618530273,1578030
2020-08-28,18.941741943359375,24.149999618530273,24.5,24.0,24.350000381469727,1632810
2020-08-31,18.588790893554688,23.700000762939453,24.149999618530273,23.600000381469727,24.149999618530273,2915689
2020-09-01,18.784873962402344,23.950000762939453,24.149999618530273,23.399999618530273,23.799999237060547,2472753
2020-09-02,18.980960845947266,24.200000762939453,24.299999237060547,23.950000762939453,24.200000762939453,1842908
2020-09-03,18.74565887451172,23.899999618530273,24.25,23.899999618530273,24.25,1283034
2020-09-04,18.47113800048828,23.549999237060547,23.700000762939453,23.399999618530273,23.600000381469727,1825068
2020-09-07,18.27505111694336,23.299999237060547,23.700000762939453,23.25,23.549999237060547,2054448
2020-09-08,18.157405853271484,23.149999618530273,23.299999237060547,23.0,23.299999237060547,1527819
2020-09-09,18.667221069335938,23.799999237060547,23.799999237060547,23.0,23.149999618530273,2075387
2020-09-10,18.588790893554688,23.700000762939453,23.950000762939453,23.600000381469727,23.950000762939453,1469455
2020-09-11,18.196622848510742,23.200000762939453,24.0,23.200000762939453,23.700000762939453,2346561
2020-09-14,18.235837936401367,23.25,23.600000381469727,23.100000381469727,23.5,1430896
2020-09-15,18.47113800048828,23.549999237060547,23.700000762939453,23.299999237060547,23.350000381469727,714481
2020-09-16,18.43192481994629,23.5,23.649999618530273,23.399999618530273,23.600000381469727,1471135
2020-09-17,18.74565887451172,23.899999618530273,23.950000762939453,23.450000762939453,23.600000381469727,1248921
2020-09-18,18.667221069335938,23.799999237060547,23.950000762939453,23.799999237060547,23.850000381469727,925038
2020-09-21,18.588790893554688,23.700000762939453,24.0,23.600000381469727,23.799999237060547,758330
2020-09-22,18.314271926879883,23.350000381469727,23.649999618530273,23.299999237060547,23.549999237060547,1037009
2020-09-23,18.196622848510742,23.200000762939453,23.799999237060547,23.200000762939453,23.350000381469727,1775177
2020-09-24,17.529932022094727,22.350000381469727,23.049999237060547,22.299999237060547,23.0,2684301
2020-09-25,17.529932022094727,22.350000381469727,22.549999237060547,22.049999237060547,22.399999618530273,1301607
2020-09-28,17.726016998291016,22.600000381469727,22.600000381469727,22.299999237060547,22.450000762939453,449690
2020-09-29,17.647586822509766,22.5,22.700000762939453,22.299999237060547,22.700000762939453,565230
2020-09-30,17.569150924682617,22.399999618530273,22.649999618530273,22.399999618530273,22.5,344724
2020-10-05,17.843669891357422,22.75,22.75,22.5,22.5,744152
2020-10-06,18.157405853271484,23.149999618530273,23.399999618530273,22.75,22.799999237060547,1038198
2020-10-07,18.314271926879883,23.350000381469727,23.600000381469727,23.0,23.200000762939453,1910538
2020-10-08,18.314271926879883,23.350000381469727,23.5,23.200000762939453,23.5,638370
2020-10-12,18.196622848510742,23.200000762939453,23.700000762939453,23.149999618530273,23.649999618530273,1062880
2020-10-13,18.196622848510742,23.200000762939453,23.5,23.100000381469727,23.5,885847
2020-10-14,18.118188858032227,23.100000381469727,23.200000762939453,23.049999237060547,23.200000762939453,542732
2020-10-15,17.961320877075195,22.899999618530273,23.100000381469727,22.5,23.100000381469727,961342
2020-10-16,17.961320877075195,22.899999618530273,23.200000762939453,22.75,22.899999618530273,1528085
2020-10-19,17.88288688659668,22.799999237060547,23.100000381469727,22.700000762939453,23.0,1013667
2020-10-20,18.157405853271484,23.149999618530273,23.25,22.649999618530273,22.799999237060547,1479695
2020-10-21,18.196622848510742,23.200000762939453,23.350000381469727,23.0,23.350000381469727,1117498
2020-10-22,18.27505111694336,23.299999237060547,23.350000381469727,23.049999237060547,23.149999618530273,1117615
2020-10-23,18.196622848510742,23.200000762939453,23.299999237060547,23.100000381469727,23.299999237060547,385726
2020-10-26,18.196622848510742,23.200000762939453,23.450000762939453,23.100000381469727,23.350000381469727,986163
2020-10-27,18.039752960205078,23.0,23.200000762939453,23.0,23.049999237060547,724557
2020-10-28,17.922101974487305,22.850000381469727,23.149999618530273,22.850000381469727,23.0,757202
2020-10-29,17.843669891357422,22.75,22.799999237060547,22.5,22.5,636100
2020-10-30,17.686803817749023,22.549999237060547,22.950000762939453,22.549999237060547,22.75,827592
2020-11-02,17.569150924682617,22.399999618530273,22.649999618530273,22.399999618530273,22.600000381469727,628391
2020-11-03,17.765235900878906,22.649999618530273,23.0,22.600000381469727,22.75,517290
2020-11-04,18.000537872314453,22.950000762939453,23.049999237060547,22.75,23.0,685005
2020-11-05,17.961320877075195,22.899999618530273,23.0,22.75,23.0,663763
2020-11-06,18.000537872314453,22.950000762939453,23.100000381469727,22.899999618530273,23.0,752111
2020-11-09,18.27505111694336,23.299999237060547,23.350000381469727,23.049999237060547,23.100000381469727,1436928
2020-11-10,18.27505111694336,23.299999237060547,23.450000762939453,23.149999618530273,23.450000762939453,976307
2020-11-11,18.667221069335938,23.799999237060547,23.950000762939453,23.299999237060547,23.399999618530273,2533573
2020-11-12,18.47113800048828,23.549999237060547,23.850000381469727,23.450000762939453,23.850000381469727,964701
2020-11-13,18.863306045532227,24.049999237060547,24.200000762939453,23.5,23.75,2509517
2020-11-16,20.039812088012695,25.549999237060547,26.350000381469727,24.549999237060547,24.549999237060547,10977797
2020-11-17,20.275114059448242,25.850000381469727,25.950000762939453,25.049999237060547,25.600000381469727,6961103
2020-11-18,21.80457305908203,27.799999237060547,28.299999237060547,26.049999237060547,26.049999237060547,18581194
2020-11-19,21.961441040039062,28.0,28.5,27.450000762939453,27.549999237060547,11313044
2020-11-20,21.726139068603516,27.700000762939453,28.299999237060547,27.549999237060547,28.0,5190399
2020-11-23,22.981077194213867,29.299999237060547,29.700000762939453,27.799999237060547,27.850000381469727,12798387
2020-11-24,22.745777130126953,29.0,29.450000762939453,28.700000762939453,29.200000762939453,5699997
2020-11-25,23.60854721069336,30.100000381469727,30.850000381469727,29.0,29.0,14146270
2020-11-26,24.039934158325195,30.649999618530273,30.649999618530273,29.700000762939453,30.100000381469727,5302584
2020-11-27,26.432161331176758,33.70000076293945,33.70000076293945,30.299999237060547,30.850000381469727,18491769
2020-11-30,29.059688568115234,37.04999923706055,37.04999923706055,35.400001525878906,36.0,14171073
2020-12-01,28.54987144470215,36.400001525878906,40.75,35.400001525878906,40.70000076293945,62722760
2020-12-02,29.412643432617188,37.5,38.79999923706055,36.0,36.5,32772279
2020-12-03,26.51059341430664,33.79999923706055,37.349998474121094,33.75,37.150001525878906,35204836
2020-12-04,25.687042236328125,32.75,34.20000076293945,32.20000076293945,33.25,24955866
2020-12-07,25.961557388305664,33.099998474121094,33.70000076293945,32.099998474121094,33.099998474121094,13368180
2020-12-08,26.23607635498047,33.45000076293945,33.599998474121094,32.70000076293945,33.150001525878906,7650460
2020-12-09,27.451799392700195,35.0,35.349998474121094,33.75,34.099998474121094,17699933
2020-12-10,27.294931411743164,34.79999923706055,35.349998474121094,34.20000076293945,35.0,7474375
2020-12-11,26.62824821472168,33.95000076293945,35.900001525878906,33.70000076293945,35.900001525878906,11339841
2020-12-14,26.51059341430664,33.79999923706055,34.5,33.5,34.5,4629196
2020-12-15,26.157642364501953,33.349998474121094,34.650001525878906,33.349998474121094,33.849998474121094,6099483
2020-12-16,27.1380615234375,34.599998474121094,34.599998474121094,33.5,33.900001525878906,5308555
2020-12-17,26.589027404785156,33.900001525878906,34.70000076293945,33.70000076293945,34.650001525878906,4618101
2020-12-18,26.51059341430664,33.79999923706055,34.75,33.79999923706055,34.04999923706055,4255045
2020-12-21,27.255714416503906,34.75,35.0,33.599998474121094,34.0,6017824
2020-12-22,26.353727340698242,33.599998474121094,35.5,33.5,35.0,7145935
2020-12-23,26.9811954498291,34.400001525878906,34.599998474121094,33.54999923706055,33.70000076293945,3796347
2020-12-24,26.824329376220703,34.20000076293945,35.099998474121094,34.099998474121094,35.0,3789677
2020-12-25,26.667463302612305,34.0,34.650001525878906,33.849998474121094,34.5,3113225
2020-12-28,27.21649932861328,34.70000076293945,34.849998474121094,34.099998474121094,34.099998474121094,4407696
2020-12-29,27.294931411743164,34.79999923706055,35.599998474121094,34.54999923706055,35.0,7333911
2020-12-30,27.1380615234375,34.599998474121094,35.099998474121094,34.5,34.650001525878906,2539734
2020-12-31,28.00083351135254,35.70000076293945,36.400001525878906,34.70000076293945,34.95000076293945,11895377
2021-01-04,28.70673942565918,36.599998474121094,37.29999923706055,35.79999923706055,36.150001525878906,12455008
2021-01-05,27.922401428222656,35.599998474121094,36.5,35.45000076293945,36.349998474121094,5634266
2021-01-06,26.667463302612305,34.0,36.04999923706055,33.5,36.04999923706055,9011695
2021-01-07,27.1380615234375,34.599998474121094,34.849998474121094,34.0,34.5,3913320
2021-01-08,28.236133575439453,36.0,36.70000076293945,34.25,35.0,12570287
2021-01-11,29.13812255859375,37.150001525878906,37.400001525878906,35.75,36.150001525878906,13035667
2021-01-12,29.177337646484375,37.20000076293945,38.95000076293945,37.20000076293945,37.900001525878906,28464187
2021-01-13,28.6283016204834,36.5,37.650001525878906,36.25,37.0,8722544
2021-01-14,28.118484497070312,35.849998474121094,36.900001525878906,35.79999923706055,36.900001525878906,5708354
2021-01-15,26.70667839050293,34.04999923706055,35.849998474121094,34.0,35.70000076293945,9719478
2021-01-18,26.3929443359375,33.650001525878906,34.5,32.5,33.900001525878906,4577325
2021-01-19,26.353727340698242,33.599998474121094,34.5,33.5,33.900001525878906,3304031
2021-01-20,24.824268341064453,31.649999618530273,33.5,31.600000381469727,33.5,8398722
2021-01-21,25.373306274414062,32.349998474121094,32.599998474121094,31.649999618530273,31.649999618530273,3584003
2021-01-22,25.647823333740234,32.70000076293945,32.75,32.20000076293945,32.349998474121094,2266517
2021-01-25,26.353727340698242,33.599998474121094,33.650001525878906,32.29999923706055,33.150001525878906,2889818
2021-01-26,25.569387435913086,32.599998474121094,33.79999923706055,32.54999923706055,33.650001525878906,2888041
2021-01-27,25.88312530517578,33.0,33.54999923706055,32.5,32.79999923706055,2351660
2021-01-28,25.412525177001953,32.400001525878906,32.599998474121094,32.04999923706055,32.099998474121094,2259677
2021-01-29,24.706619262695312,31.5,32.650001525878906,31.299999237060547,32.599998474121094,3599042
2021-02-01,24.39288330078125,31.100000381469727,31.450000762939453,30.600000381469727,31.0,2658114
2021-02-02,25.059572219848633,31.950000762939453,31.950000762939453,31.299999237060547,31.350000381469727,1543781
2021-02-03,24.824268341064453,31.649999618530273,32.25,31.549999237060547,32.099998474121094,1384068
2021-02-04,25.020353317260742,31.899999618530273,32.150001525878906,31.649999618530273,31.899999618530273,1340535
2021-02-05,25.098787307739258,32.0,32.349998474121094,31.799999237060547,32.099998474121094,1464671
2021-02-17,25.490957260131836,32.5,32.79999923706055,32.099998474121094,32.5,2337446
2021-02-18,25.490957260131836,32.5,32.75,32.25,32.29999923706055,1786051
2021-02-19,25.138004302978516,32.04999923706055,32.400001525878906,31.75,32.400001525878906,2022179
2021-02-22,25.687042236328125,32.75,32.900001525878906,32.150001525878906,32.20000076293945,2868597
2021-02-23,25.687042236328125,32.75,33.150001525878906,32.349998474121094,32.650001525878906,2775680
2021-02-24,25.294872283935547,32.25,32.95000076293945,32.150001525878906,32.75,1744745
2021-02-25,25.451740264892578,32.45000076293945,32.599998474121094,32.349998474121094,32.5,1466509
2021-02-26,24.90270233154297,31.75,32.150001525878906,31.549999237060547,32.0,2913534
2021-03-02,24.549753189086914,31.299999237060547,32.150001525878906,31.299999237060547,31.950000762939453,1542574
2021-03-03,24.74583625793457,31.549999237060547,31.850000381469727,31.149999618530273,31.350000381469727,1452008
2021-03-04,25.020353317260742,31.899999618530273,32.20000076293945,31.450000762939453,31.549999237060547,2187108
2021-03-05,24.549753189086914,31.299999237060547,32.099998474121094,31.299999237060547,31.899999618530273,1948378
2021-03-08,24.432100296020508,31.149999618530273,31.799999237060547,31.149999618530273,31.5,1728406
2021-03-09,24.157581329345703,30.799999237060547,31.399999618530273,30.700000762939453,31.149999618530273,1900354
2021-03-10,25.020353317260742,31.899999618530273,32.29999923706055,31.149999618530273,31.200000762939453,4874634
2021-03-11,24.74583625793457,31.549999237060547,32.25,31.350000381469727,31.799999237060547,2904739
2021-03-12,24.510534286499023,31.25,31.75,31.149999618530273,31.75,1898889
2021-03-15,24.314451217651367,31.0,31.350000381469727,30.799999237060547,31.350000381469727,1744974
2021-03-16,24.23601722717285,30.899999618530273,31.200000762939453,30.700000762939453,31.100000381469727,2840420
2021-03-17,24.157581329345703,30.799999237060547,31.100000381469727,30.75,31.0,1707422
2021-03-18,24.39288330078125,31.100000381469727,31.549999237060547,30.850000381469727,30.850000381469727,1830560
2021-03-19,24.74583625793457,31.549999237060547,31.549999237060547,30.799999237060547,31.299999237060547,2444780
2021-03-22,24.549753189086914,31.299999237060547,31.5,31.100000381469727,31.5,2096103
2021-03-23,24.196800231933594,30.850000381469727,31.5,30.850000381469727,31.450000762939453,2189726
2021-03-24,24.549753189086914,31.299999237060547,31.649999618530273,30.850000381469727,30.850000381469727,2822704
2021-03-25,24.667404174804688,31.450000762939453,31.799999237060547,31.399999618530273,31.450000762939453,2646262
2021-03-26,24.549753189086914,31.299999237060547,31.600000381469727,31.100000381469727,31.549999237060547,1697061
2021-03-29,25.020353317260742,31.899999618530273,32.0,31.399999618530273,31.450000762939453,3326510
2021-03-30,24.90270233154297,31.75,32.29999923706055,31.700000762939453,32.0,2843811
2021-03-31,24.314451217651367,31.0,31.25,30.75,31.149999618530273,6053536
2021-04-01,24.27523422241211,30.950000762939453,31.100000381469727,30.700000762939453,31.0,1943023
2021-04-07,24.432100296020508,31.149999618530273,31.200000762939453,30.799999237060547,30.850000381469727,1964831
2021-04-08,24.27523422241211,30.950000762939453,31.149999618530273,30.850000381469727,31.149999618530273,1770036
2021-04-09,24.118366241455078,30.75,31.100000381469727,30.75,30.950000762939453,1798490
2021-04-12,24.27523422241211,30.950000762939453,31.100000381469727,30.75,30.75,2001835
2021-04-13,24.27523422241211,30.950000762939453,31.850000381469727,30.950000762939453,31.200000762939453,5075681
2021-04-14,24.157581329345703,30.799999237060547,31.299999237060547,30.450000762939453,31.25,2647486
2021-04-15,24.471317291259766,31.200000762939453,31.5,31.0,31.0,2755270
2021-04-16,24.667404174804688,31.450000762939453,31.549999237060547,31.200000762939453,31.299999237060547,2282853
2021-04-19,25.726255416870117,32.79999923706055,32.900001525878906,31.649999618530273,31.700000762939453,8357528
2021-04-20,25.334087371826172,32.29999923706055,33.400001525878906,32.150001525878906,33.04999923706055,5282871
2021-04-21,25.726255416870117,32.79999923706055,32.95000076293945,32.29999923706055,32.349998474121094,4162300
2021-04-22,24.981138229370117,31.850000381469727,33.099998474121094,31.75,32.79999923706055,5973469
2021-04-23,25.059572219848633,31.950000762939453,32.5,31.5,32.099998474121094,2447320
2021-04-26,25.334087371826172,32.29999923706055,32.70000076293945,31.950000762939453,32.0,3180344
2021-04-27,26.314510345458984,33.54999923706055,33.79999923706055,32.25,32.5,9011514
2021-04-28,25.765472412109375,32.849998474121094,33.5,32.599998474121094,33.5,4744661
2021-04-29,25.373306274414062,32.349998474121094,32.79999923706055,32.099998474121094,32.599998474121094,3409534
2021-05-03,25.451740264892578,32.45000076293945,33.29999923706055,32.45000076293945,32.79999923706055,5392907
2021-05-04,24.196800231933594,30.850000381469727,33.04999923706055,30.399999618530273,32.79999923706055,5851414
2021-05-05,23.843849182128906,30.399999618530273,31.049999237060547,30.399999618530273,30.950000762939453,2907827
2021-05-06,23.216379165649414,29.600000381469727,30.799999237060547,29.25,30.649999618530273,5220963
2021-05-07,23.530113220214844,30.0,30.350000381469727,29.75,30.0,1786100
2021-05-10,23.686981201171875,30.200000762939453,30.399999618530273,30.049999237060547,30.049999237060547,1646150
2021-05-11,22.62812614440918,28.850000381469727,30.200000762939453,28.450000762939453,30.100000381469727,4728910
2021-05-12,20.549633026123047,26.200000762939453,28.700000762939453,26.0,28.700000762939453,5976345
2021-05-13,20.549633026123047,26.200000762939453,26.75,24.649999618530273,25.799999237060547,3149100
2021-05-14,21.843788146972656,27.850000381469727,28.700000762939453,27.200000762939453,27.75,4295876
2021-05-17,20.35354995727539,25.950000762939453,27.0,25.25,25.25,5564626
2021-05-18,21.255535125732422,27.100000381469727,27.350000381469727,26.149999618530273,26.5,2756452
2021-05-19,21.45162010192871,27.350000381469727,27.700000762939453,26.700000762939453,27.049999237060547,1950030
2021-05-20,21.490833282470703,27.399999618530273,28.899999618530273,27.200000762939453,28.399999618530273,4567704
2021-05-21,21.961441040039062,28.0,28.149999618530273,27.5,27.850000381469727,1404329
2021-05-24,22.11830711364746,28.200000762939453,28.350000381469727,27.649999618530273,27.649999618530273,1234176
2021-05-25,22.039871215820312,28.100000381469727,28.399999618530273,28.0,28.25,1952500
2021-05-26,22.07908821105957,28.149999618530273,28.200000762939453,27.799999237060547,28.0,1212454
2021-05-27,21.80457305908203,27.799999237060547,28.25,27.799999237060547,28.0,972001
2021-05-28,21.961441040039062,28.0,28.350000381469727,27.950000762939453,28.049999237060547,1006718
2021-05-31,21.922224044799805,27.950000762939453,28.25,27.850000381469727,28.200000762939453,1261555
2021-06-01,22.196741104125977,28.299999237060547,28.399999618530273,27.950000762939453,28.0,1384232
2021-06-02,22.58890724182129,28.799999237060547,28.899999618530273,28.350000381469727,28.600000381469727,1879409
2021-06-03,22.94186019897461,29.25,29.399999618530273,28.850000381469727,29.0,1872451
2021-06-04,22.62812614440918,28.850000381469727,29.149999618530273,28.850000381469727,29.149999618530273,1043035
2021-06-07,22.549694061279297,28.75,29.149999618530273,28.149999618530273,29.049999237060547,1369268
2021-06-08,22.58890724182129,28.799999237060547,29.100000381469727,28.5,28.850000381469727,1037241
2021-06-09,22.549694061279297,28.75,29.149999618530273,28.600000381469727,28.799999237060547,677055
2021-06-10,22.745777130126953,29.0,29.100000381469727,28.649999618530273,28.75,842410
2021-06-11,22.745777130126953,29.0,29.149999618530273,28.799999237060547,29.100000381469727,1042161
2021-06-15,22.745777130126953,29.0,29.149999618530273,28.75,29.0,1453552
2021-06-16,22.745777130126953,29.0,29.200000762939453,28.799999237060547,28.850000381469727,1334474
2021-06-17,22.981077194213867,29.299999237060547,29.350000381469727,28.75,28.850000381469727,1032710
2021-06-18,23.137941360473633,29.5,29.5,29.049999237060547,29.350000381469727,1395578
2021-06-21,23.177160263061523,29.549999237060547,29.549999237060547,29.0,29.5,1225125
2021-06-22,23.177160263061523,29.549999237060547,29.850000381469727,29.299999237060547,29.600000381469727,1195243
2021-06-23,23.373245239257812,29.799999237060547,30.25,29.799999237060547,29.850000381469727,1851611
2021-06-24,23.373245239257812,29.799999237060547,30.100000381469727,29.799999237060547,29.950000762939453,1210229
2021-06-25,23.45168113708496,29.899999618530273,30.149999618530273,29.799999237060547,30.0,1095866
2021-06-28,23.60854721069336,30.100000381469727,30.5,29.950000762939453,30.0,1379131
2021-06-29,23.49089813232422,29.950000762939453,30.200000762939453,29.700000762939453,30.200000762939453,1595248
2021-06-30,23.686981201171875,30.200000762939453,30.200000762939453,29.950000762939453,29.950000762939453,1667808
2021-07-01,23.686981201171875,30.200000762939453,30.799999237060547,30.100000381469727,30.200000762939453,1910170
2021-07-02,23.76541519165039,30.299999237060547,30.5,30.200000762939453,30.350000381469727,817866
2021-07-05,24.196800231933594,30.850000381469727,31.0,30.5,30.5,1988758
2021-07-06,24.314451217651367,31.0,31.200000762939453,30.950000762939453,31.149999618530273,1362165
2021-07-07,23.92228126525879,30.5,31.100000381469727,30.450000762939453,30.799999237060547,1942091
2021-07-08,24.118366241455078,30.75,30.950000762939453,30.399999618530273,30.950000762939453,818184
2021-07-09,23.76541519165039,30.299999237060547,30.600000381469727,30.100000381469727,30.5,1173580
2021-07-12,23.56932830810547,30.049999237060547,30.350000381469727,29.899999618530273,30.350000381469727,1342256
2021-07-13,23.177160263061523,29.549999237060547,30.200000762939453,29.450000762939453,30.049999237060547,2017521
2021-07-14,23.216379165649414,29.600000381469727,29.850000381469727,28.850000381469727,29.5,2176066
2021-07-15,23.294815063476562,29.700000762939453,29.850000381469727,29.549999237060547,29.600000381469727,1240755
2021-07-16,23.530113220214844,30.0,30.049999237060547,29.700000762939453,29.700000762939453,856380
2021-07-19,23.373245239257812,29.799999237060547,30.0,29.350000381469727,30.0,1900002
2021-07-20,22.863426208496094,29.149999618530273,29.600000381469727,29.049999237060547,29.600000381469727,1403275
2021-07-21,22.745777130126953,29.0,29.5,28.799999237060547,29.299999237060547,1029585
2021-07-22,22.62812614440918,28.850000381469727,29.25,28.799999237060547,29.0,970479
2021-07-23,22.784990310668945,29.049999237060547,29.5,28.899999618530273,28.899999618530273,743194
2021-07-26,22.706560134887695,28.950000762939453,29.25,28.950000762939453,29.049999237060547,699005
2021-07-27,22.510475158691406,28.700000762939453,29.049999237060547,28.700000762939453,29.0,833031
2021-07-28,22.275175094604492,28.399999618530273,28.850000381469727,28.25,28.600000381469727,1051002
2021-07-29,22.47126007080078,28.649999618530273,28.899999618530273,28.25,28.25,524001
2021-07-30,22.549694061279297,28.75,28.950000762939453,28.649999618530273,28.649999618530273,400572
2021-08-02,22.745777130126953,29.0,29.049999237060547,28.799999237060547,29.0,880305
2021-08-03,22.62812614440918,28.850000381469727,29.149999618530273,28.850000381469727,29.049999237060547,570026
2021-08-04,22.745777130126953,29.0,29.100000381469727,28.899999618530273,28.950000762939453,553325
2021-08-05,22.745777130126953,29.0,29.149999618530273,28.899999618530273,29.0,568253
2021-08-06,22.58890724182129,28.799999237060547,29.049999237060547,28.799999237060547,29.0,1009862
2021-08-09,22.549694061279297,28.75,28.950000762939453,28.649999618530273,28.799999237060547,1673030
2021-08-10,22.556974411010742,27.450000762939453,28.0,27.25,27.850000381469727,1126475
2021-08-11,22.556974411010742,27.450000762939453,27.850000381469727,27.200000762939453,27.5,880120
2021-08-12,22.47480010986328,27.350000381469727,27.75,27.100000381469727,27.549999237060547,891180
2021-08-13,22.187185287475586,27.0,27.649999618530273,26.700000762939453,27.649999618530273,1150578
2021-08-16,22.02283477783203,26.799999237060547,26.899999618530273,26.200000762939453,26.899999618530273,1873101
2021-08-17,22.02283477783203,26.799999237060547,26.799999237060547,26.799999237060547,26.799999237060547,0
2021-08-18,21.940664291381836,26.700000762939453,26.799999237060547,26.049999237060547,26.399999618530273,1543636
2021-08-19,21.61196517944336,26.299999237060547,26.700000762939453,26.049999237060547,26.700000762939453,1250081
2021-08-20,21.61196517944336,26.299999237060547,26.600000381469727,26.100000381469727,26.149999618530273,1021230
2021-08-23,21.61196517944336,26.299999237060547,26.450000762939453,26.149999618530273,26.149999618530273,1220435
2021-08-24,21.406526565551758,26.049999237060547,26.350000381469727,26.0,26.299999237060547,710108
2021-08-25,21.447614669799805,26.100000381469727,26.100000381469727,25.899999618530273,26.0,1153434
2021-08-26,21.447614669799805,26.100000381469727,26.399999618530273,25.950000762939453,26.100000381469727,765001
2021-08-27,21.694137573242188,26.399999618530273,26.450000762939453,26.0,26.200000762939453,986119
2021-08-30,22.31045150756836,27.149999618530273,27.149999618530273,26.399999618530273,26.399999618530273,821690
2021-08-31,22.515886306762695,27.399999618530273,27.399999618530273,26.850000381469727,27.149999618530273,582180
2021-09-01,22.72132110595703,27.649999618530273,27.950000762939453,27.600000381469727,27.600000381469727,943120
2021-09-02,22.515886306762695,27.399999618530273,27.899999618530273,27.25,27.75,650051
2021-09-03,22.598060607910156,27.5,27.600000381469727,27.299999237060547,27.5,512210
2021-09-06,22.351537704467773,27.200000762939453,27.5,27.149999618530273,27.5,534902
2021-09-07,22.515886306762695,27.399999618530273,27.5,27.200000762939453,27.399999618530273,572000
2021-09-08,21.940664291381836,26.700000762939453,27.399999618530273,26.700000762939453,27.350000381469727,965374
2021-09-09,22.228275299072266,27.049999237060547,27.049999237060547,26.700000762939453,26.799999237060547,619398
2021-09-10,22.269363403320312,27.100000381469727,27.200000762939453,27.0,27.049999237060547,292775
2021-09-13,22.187185287475586,27.0,27.0,26.799999237060547,27.0,572474
2021-09-14,22.351537704467773,27.200000762939453,27.25,26.899999618530273,27.149999618530273,592215
2021-09-15,22.598060607910156,27.5,27.600000381469727,27.149999618530273,27.200000762939453,1033336
2021-09-16,22.88567352294922,27.850000381469727,27.899999618530273,27.299999237060547,27.600000381469727,1283520
2021-09-17,22.598060607910156,27.5,27.799999237060547,27.5,27.799999237060547,660250
2021-09-22,21.981752395629883,26.75,27.049999237060547,26.600000381469727,27.0,934200
2021-09-23,21.858488082885742,26.600000381469727,26.850000381469727,26.600000381469727,26.75,517561
2021-09-24,22.146100997924805,26.950000762939453,27.100000381469727,26.649999618530273,26.75,440267
2021-09-27,22.105012893676758,26.899999618530273,27.100000381469727,26.899999618530273,26.950000762939453,581219
2021-09-28,22.105012893676758,26.899999618530273,27.049999237060547,26.850000381469727,26.899999618530273,374222
2021-09-29,21.776315689086914,26.5,26.75,26.5,26.700000762939453,583266
2021-09-30,21.776315689086914,26.5,26.649999618530273,26.399999618530273,26.399999618530273,477253
2021-10-01,21.36543846130371,26.0,26.5,26.0,26.5,949500
2021-10-04,21.36543846130371,26.0,26.149999618530273,25.799999237060547,26.0,762369
2021-10-05,21.242177963256836,25.850000381469727,26.0,25.5,26.0,533022
2021-10-06,21.242177963256836,25.850000381469727,26.049999237060547,25.799999237060547,26.0,377278
2021-10-07,21.735227584838867,26.450000762939453,26.5,26.049999237060547,26.149999618530273,540121
2021-10-08,21.981752395629883,26.75,27.0,26.450000762939453,26.700000762939453,769480
2021-10-12,21.735227584838867,26.450000762939453,26.700000762939453,26.149999618530273,26.5,572583
2021-10-13,21.61196517944336,26.299999237060547,26.700000762939453,26.100000381469727,26.700000762939453,444535
2021-10-14,21.899574279785156,26.649999618530273,26.799999237060547,26.299999237060547,26.450000762939453,703040
2021-10-15,21.899574279785156,26.649999618530273,26.75,26.5,26.649999618530273,427753
2021-10-18,21.940664291381836,26.700000762939453,26.700000762939453,26.5,26.549999237060547,429906
2021-10-19,21.817399978637695,26.549999237060547,26.850000381469727,26.549999237060547,26.850000381469727,485457
2021-10-20,21.899574279785156,26.649999618530273,26.75,26.399999618530273,26.700000762939453,451033
2021-10-21,22.351537704467773,27.200000762939453,27.200000762939453,26.299999237060547,26.649999618530273,3094002
2021-10-22,22.105012893676758,26.899999618530273,27.049999237060547,26.700000762939453,27.0,578230
2021-10-25,22.02283477783203,26.799999237060547,27.149999618530273,26.700000762939453,26.700000762939453,410606
2021-10-26,22.146100997924805,26.950000762939453,27.049999237060547,26.75,26.799999237060547,697386
2021-10-27,22.06392478942871,26.850000381469727,27.049999237060547,26.799999237060547,27.0,324013
2021-10-28,22.105012893676758,26.899999618530273,27.25,26.850000381469727,26.950000762939453,457786
2021-10-29,22.228275299072266,27.049999237060547,27.049999237060547,26.799999237060547,26.899999618530273,428266
2021-11-01,22.02283477783203,26.799999237060547,27.200000762939453,26.799999237060547,27.0,502132
2021-11-02,21.858488082885742,26.600000381469727,27.149999618530273,26.600000381469727,27.149999618530273,370223
2021-11-03,22.146100997924805,26.950000762939453,26.950000762939453,26.549999237060547,26.600000381469727,239847
2021-11-04,22.02283477783203,26.799999237060547,27.049999237060547,26.799999237060547,27.049999237060547,226120
2021-11-05,21.981752395629883,26.75,27.0,26.649999618530273,27.0,386335
2021-11-08,21.981752395629883,26.75,26.799999237060547,26.649999618530273,26.649999618530273,297180
2021-11-09,21.940664291381836,26.700000762939453,26.850000381469727,26.649999618530273,26.799999237060547,318487
2021-11-10,22.02283477783203,26.799999237060547,26.850000381469727,26.600000381469727,26.850000381469727,550757
2021-11-11,21.858488082885742,26.600000381469727,26.75,26.549999237060547,26.75,434548
2021-11-12,21.940664291381836,26.700000762939453,26.75,26.549999237060547,26.600000381469727,635272
2021-11-15,21.858488082885742,26.600000381469727,26.799999237060547,26.549999237060547,26.649999618530273,517400
2021-11-16,21.940664291381836,26.700000762939453,26.850000381469727,26.600000381469727,26.600000381469727,345300
2021-11-17,21.981752395629883,26.75,26.850000381469727,26.600000381469727,26.600000381469727,460472
2021-11-18,22.187185287475586,27.0,27.0,26.649999618530273,26.799999237060547,589502
2021-11-19,21.940664291381836,26.700000762939453,27.049999237060547,26.649999618530273,27.049999237060547,772312
2021-11-22,22.105012893676758,26.899999618530273,26.899999618530273,26.649999618530273,26.649999618530273,649196
2021-11-23,21.940664291381836,26.700000762939453,26.899999618530273,26.649999618530273,26.899999618530273,354250
2021-11-24,21.940664291381836,26.700000762939453,26.850000381469727,26.649999618530273,26.75,466035
2021-11-25,22.105012893676758,26.899999618530273,26.899999618530273,26.75,26.75,350078
2021-11-26,21.776315689086914,26.5,26.899999618530273,26.5,26.899999618530273,730130
2021-11-29,21.735227584838867,26.450000762939453,26.649999618530273,26.200000762939453,26.5,365003
2021-11-30,21.406526565551758,26.049999237060547,26.649999618530273,26.049999237060547,26.5,522306
2021-12-01,21.61196517944336,26.299999237060547,26.450000762939453,26.100000381469727,26.100000381469727,434281
2021-12-02,21.488698959350586,26.149999618530273,26.200000762939453,26.100000381469727,26.100000381469727,451212
2021-12-03,21.529788970947266,26.200000762939453,26.200000762939453,26.100000381469727,26.200000762939453,405227
2021-12-06,21.61196517944336,26.299999237060547,26.450000762939453,26.25,26.450000762939453,352209
2021-12-07,21.570877075195312,26.25,26.350000381469727,26.200000762939453,26.299999237060547,684474
2021-12-08,21.694137573242188,26.399999618530273,26.5,26.299999237060547,26.299999237060547,544107
2021-12-09,21.735227584838867,26.450000762939453,26.600000381469727,26.399999618530273,26.399999618530273,418577
2021-12-10,22.105012893676758,26.899999618530273,26.899999618530273,26.399999618530273,26.399999618530273,711160
2021-12-13,22.06392478942871,26.850000381469727,27.100000381469727,26.649999618530273,27.0,814006
2021-12-14,21.899574279785156,26.649999618530273,26.950000762939453,26.649999618530273,26.75,689733
2021-12-15,21.817399978637695,26.549999237060547,26.850000381469727,26.549999237060547,26.850000381469727,482540
2021-12-16,21.776315689086914,26.5,26.649999618530273,26.450000762939453,26.600000381469727,356274
2021-12-17,21.776315689086914,26.5,26.5,26.350000381469727,26.5,606601
2021-12-20,21.61196517944336,26.299999237060547,26.649999618530273,26.299999237060547,26.450000762939453,324301
2021-12-21,21.61196517944336,26.299999237060547,26.450000762939453,26.299999237060547,26.299999237060547,197936
2021-12-22,21.735227584838867,26.450000762939453,26.5,26.299999237060547,26.350000381469727,220226
2021-12-23,21.817399978637695,26.549999237060547,26.600000381469727,26.450000762939453,26.450000762939453,264260
2021-12-24,21.858488082885742,26.600000381469727,26.649999618530273,26.450000762939453,26.5,264051
2021-12-27,21.981752395629883,26.75,26.799999237060547,26.649999618530273,26.700000762939453,410221
2021-12-28,22.105012893676758,26.899999618530273,26.899999618530273,26.649999618530273,26.799999237060547,522050
2021-12-29,22.228275299072266,27.049999237060547,27.049999237060547,26.850000381469727,26.899999618530273,854946
2021-12-30,22.228275299072266,27.049999237060547,27.100000381469727,26.950000762939453,27.049999237060547,500407
2022-01-03,22.146100997924805,26.950000762939453,27.149999618530273,26.850000381469727,27.149999618530273,409204
2022-01-04,22.228275299072266,27.049999237060547,27.100000381469727,26.899999618530273,26.950000762939453,424567
2022-01-05,22.515886306762695,27.399999618530273,27.5,26.850000381469727,26.950000762939453,1762581
2022-01-06,22.31045150756836,27.149999618530273,27.399999618530273,27.049999237060547,27.350000381469727,688496
2022-01-07,22.47480010986328,27.350000381469727,27.549999237060547,27.200000762939453,27.299999237060547,1049225
2022-01-10,22.88567352294922,27.850000381469727,27.899999618530273,27.5,27.649999618530273,1669675
2022-01-11,22.556974411010742,27.450000762939453,27.899999618530273,27.450000762939453,27.899999618530273,1468814
2022-01-12,22.515886306762695,27.399999618530273,27.600000381469727,27.25,27.600000381469727,624124
2022-01-13,22.72132110595703,27.649999618530273,27.649999618530273,27.399999618530273,27.399999618530273,510526
2022-01-14,22.639148712158203,27.549999237060547,27.950000762939453,27.399999618530273,27.950000762939453,650190
2022-01-17,22.31045150756836,27.149999618530273,27.5,27.149999618530273,27.450000762939453,490054
2022-01-18,22.47480010986328,27.350000381469727,27.450000762939453,27.100000381469727,27.200000762939453,466536
2022-01-19,22.31045150756836,27.149999618530273,27.350000381469727,27.0,27.149999618530273,535501
2022-01-20,22.392623901367188,27.25,27.299999237060547,27.049999237060547,27.149999618530273,355300
2022-01-21,22.228275299072266,27.049999237060547,27.350000381469727,26.950000762939453,27.299999237060547,641881
2022-01-24,22.146100997924805,26.950000762939453,27.049999237060547,26.600000381469727,26.950000762939453,509872
2022-01-25,22.06392478942871,26.850000381469727,26.950000762939453,26.5,26.950000762939453,956900
2022-01-26,22.02283477783203,26.799999237060547,26.950000762939453,26.75,26.950000762939453,416301
2022-02-07,22.351537704467773,27.200000762939453,27.200000762939453,26.850000381469727,26.899999618530273,824154
2022-02-08,22.515886306762695,27.399999618530273,27.399999618530273,27.100000381469727,27.200000762939453,504332
2022-02-09,22.392623901367188,27.25,27.399999618530273,27.100000381469727,27.25,814212
2022-02-10,22.351537704467773,27.200000762939453,27.350000381469727,27.049999237060547,27.350000381469727,415446
2022-02-11,22.31045150756836,27.149999618530273,27.200000762939453,27.0,27.100000381469727,644151
2022-02-14,22.228275299072266,27.049999237060547,27.149999618530273,26.850000381469727,26.899999618530273,397155
2022-02-15,22.598060607910156,27.5,27.799999237060547,27.350000381469727,27.399999618530273,957352
2022-02-16,22.926759719848633,27.899999618530273,27.950000762939453,27.700000762939453,27.700000762939453,930261
2022-02-17,23.87177085876465,29.049999237060547,29.399999618530273,27.899999618530273,27.950000762939453,4812936
2022-02-18,24.036121368408203,29.25,29.450000762939453,28.850000381469727,29.049999237060547,2821318
2022-02-21,24.159379959106445,29.399999618530273,29.450000762939453,29.049999237060547,29.399999618530273,1793543
2022-02-22,23.789596557617188,28.950000762939453,29.299999237060547,28.850000381469727,29.299999237060547,1700006
2022-02-23,23.789596557617188,28.950000762939453,29.299999237060547,28.850000381469727,28.950000762939453,1050012
2022-02-24,23.17328643798828,28.200000762939453,29.0,28.149999618530273,28.850000381469727,1728181
2022-02-25,23.25545883178711,28.299999237060547,28.5,28.200000762939453,28.25,774132
2022-03-01,23.625246047973633,28.75,28.850000381469727,28.5,28.5,767006
2022-03-02,23.460895538330078,28.549999237060547,28.850000381469727,28.399999618530273,28.799999237060547,798352
2022-03-03,23.66633415222168,28.799999237060547,28.850000381469727,28.600000381469727,28.75,963150
2022-03-04,23.419809341430664,28.5,28.700000762939453,28.5,28.649999618530273,792806
2022-03-07,22.967849731445312,27.950000762939453,28.299999237060547,27.700000762939453,28.299999237060547,1401506
2022-03-08,22.31045150756836,27.149999618530273,27.950000762939453,27.0,27.899999618530273,1595020
2022-03-09,22.76241111755371,27.700000762939453,27.700000762939453,27.200000762939453,27.299999237060547,693049
2022-03-10,23.00893783569336,28.0,28.100000381469727,27.799999237060547,27.850000381469727,889625
2022-03-11,23.00893783569336,28.0,28.049999237060547,27.899999618530273,28.0,338100
2022-03-14,22.967849731445312,27.950000762939453,28.200000762939453,27.850000381469727,28.200000762939453,496013
2022-03-15,22.967849731445312,27.950000762939453,28.049999237060547,27.600000381469727,27.950000762939453,691071
2022-03-16,22.967849731445312,27.950000762939453,28.149999618530273,27.799999237060547,27.950000762939453,514153
2022-03-17,23.501983642578125,28.600000381469727,28.700000762939453,28.299999237060547,28.299999237060547,901592
2022-03-18,23.58416175842285,28.700000762939453,28.700000762939453,28.5,28.600000381469727,556532
2022-03-21,23.74850845336914,28.899999618530273,29.25,28.700000762939453,28.850000381469727,775466
2022-03-22,23.8306827545166,29.0,29.049999237060547,28.75,29.0,711341
2022-03-23,23.912858963012695,29.100000381469727,29.100000381469727,28.850000381469727,29.0,692290
2022-03-24,23.74850845336914,28.899999618530273,29.0,28.799999237060547,28.850000381469727,502740
2022-03-25,23.66633415222168,28.799999237060547,29.100000381469727,28.799999237060547,29.100000381469727,622006
2022-03-28,23.66633415222168,28.799999237060547,28.950000762939453,28.549999237060547,28.950000762939453,492266
2022-03-29,23.625246047973633,28.75,29.049999237060547,28.700000762939453,28.799999237060547,519002
2022-03-30,24.11829376220703,29.350000381469727,29.350000381469727,28.75,28.75,1193385
2022-03-31,23.66633415222168,28.799999237060547,29.100000381469727,28.299999237060547,28.5,2193474
2022-04-01,23.74850845336914,28.899999618530273,28.950000762939453,28.549999237060547,28.950000762939453,484260
2022-04-06,23.460895538330078,28.549999237060547,28.799999237060547,28.549999237060547,28.700000762939453,629120
2022-04-07,23.132198333740234,28.149999618530273,28.5,28.0,28.5,1259318
2022-04-08,23.214372634887695,28.25,28.350000381469727,28.149999618530273,28.149999618530273,365326
2022-04-11,23.091110229492188,28.100000381469727,28.350000381469727,28.0,28.350000381469727,603017
2022-04-12,23.17328643798828,28.200000762939453,28.549999237060547,28.100000381469727,28.100000381469727,633106
2022-04-13,23.419809341430664,28.5,28.600000381469727,28.299999237060547,28.450000762939453,373398
2022-04-14,23.337635040283203,28.399999618530273,28.649999618530273,28.399999618530273,28.649999618530273,835134
2022-04-15,22.926759719848633,27.899999618530273,28.350000381469727,27.850000381469727,28.299999237060547,1390934
2022-04-18,22.844585418701172,27.799999237060547,27.850000381469727,27.5,27.700000762939453,915105
2022-04-19,23.05002212524414,28.049999237060547,28.049999237060547,27.700000762939453,27.700000762939453,580055
2022-04-20,23.214372634887695,28.25,28.350000381469727,28.0,28.149999618530273,480329
2022-04-21,23.091110229492188,28.100000381469727,28.299999237060547,28.049999237060547,28.299999237060547,284066
2022-04-22,23.132198333740234,28.149999618530273,28.299999237060547,27.899999618530273,27.950000762939453,464027
2022-04-25,22.803499221801758,27.75,27.850000381469727,27.700000762939453,27.850000381469727,538165
2022-04-26,22.844585418701172,27.799999237060547,27.899999618530273,27.600000381469727,27.75,447101
2022-04-27,22.72132110595703,27.649999618530273,27.649999618530273,27.200000762939453,27.299999237060547,900120
2022-04-28,22.72132110595703,27.649999618530273,27.799999237060547,27.350000381469727,27.350000381469727,354227
2022-04-29,22.926759719848633,27.899999618530273,27.899999618530273,27.5,27.5,332052
2022-05-03,22.926759719848633,27.899999618530273,27.899999618530273,27.700000762939453,27.899999618530273,187106
2022-05-04,22.844585418701172,27.799999237060547,28.149999618530273,27.799999237060547,27.950000762939453,200001
2022-05-05,22.88567352294922,27.850000381469727,27.950000762939453,27.700000762939453,27.799999237060547,283334
2022-05-06,22.598060607910156,27.5,27.649999618530273,27.350000381469727,27.350000381469727,693004
2022-05-09,22.351537704467773,27.200000762939453,27.5,27.100000381469727,27.399999618530273,471484
2022-05-10,22.351537704467773,27.200000762939453,27.299999237060547,26.950000762939453,27.149999618530273,715050
2022-05-11,22.47480010986328,27.350000381469727,27.549999237060547,27.200000762939453,27.399999618530273,603105
2022-05-12,21.817399978637695,26.549999237060547,27.100000381469727,26.450000762939453,27.0,1439198
2022-05-13,22.146100997924805,26.950000762939453,27.0,26.75,26.799999237060547,336601
2022-05-16,23.74850845336914,28.899999618530273,29.149999618530273,28.149999618530273,28.899999618530273,3475082
2022-05-17,23.707422256469727,28.850000381469727,29.200000762939453,28.600000381469727,29.200000762939453,2255801
2022-05-18,23.789596557617188,28.950000762939453,29.0,28.649999618530273,29.0,1341449
2022-05-19,23.707422256469727,28.850000381469727,28.950000762939453,28.450000762939453,28.549999237060547,754850
2022-05-20,23.74850845336914,28.899999618530273,29.0,28.5,28.899999618530273,1115011
2022-05-23,23.58416175842285,28.700000762939453,28.950000762939453,28.649999618530273,28.850000381469727,963739
2022-05-24,23.995033264160156,29.200000762939453,29.25,28.649999618530273,28.799999237060547,3193349
2022-05-25,24.570255279541016,29.899999618530273,30.0,29.200000762939453,29.200000762939453,4968870
2022-05-26,25.30982780456543,30.799999237060547,31.75,29.850000381469727,30.0,9184483
2022-05-27,25.51526641845703,31.049999237060547,31.399999618530273,30.399999618530273,31.399999618530273,3596460
2022-05-30,25.597440719604492,31.149999618530273,31.75,30.899999618530273,31.399999618530273,2286701
2022-05-31,25.802875518798828,31.399999618530273,31.549999237060547,31.0,31.399999618530273,1684082
2022-06-01,25.63852882385254,31.200000762939453,31.799999237060547,31.149999618530273,31.399999618530273,2145477
2022-06-02,26.37809944152832,32.099998474121094,32.400001525878906,31.350000381469727,31.399999618530273,5592360
2022-06-06,25.885051727294922,31.5,32.349998474121094,31.450000762939453,32.150001525878906,2247418
2022-06-07,24.94004249572754,30.350000381469727,31.350000381469727,30.299999237060547,31.350000381469727,3463493
2022-06-08,25.350915908813477,30.850000381469727,30.899999618530273,30.549999237060547,30.899999618530273,1415425
2022-06-09,25.433088302612305,30.950000762939453,31.200000762939453,30.700000762939453,30.850000381469727,1004106
2022-06-10,25.556354522705078,31.100000381469727,31.100000381469727,30.549999237060547,30.649999618530273,803124
2022-06-13,25.39200210571289,30.899999618530273,30.950000762939453,30.350000381469727,30.600000381469727,1766133
2022-06-14,26.29592514038086,32.0,32.25,30.25,30.600000381469727,5361174
2022-06-15,26.994409561157227,32.849998474121094,33.900001525878906,31.899999618530273,33.25,17580826
2022-06-16,27.610721588134766,33.599998474121094,34.900001525878906,32.45000076293945,33.20000076293945,28113990
2022-06-17,28.596818923950195,34.79999923706055,34.79999923706055,32.599998474121094,33.650001525878906,20363117
2022-06-20,27.857248306274414,33.900001525878906,35.79999923706055,33.650001525878906,35.75,16443395
2022-06-21,28.884435653686523,35.150001525878906,35.900001525878906,34.04999923706055,34.54999923706055,24172131
2022-06-22,28.18594741821289,34.29999923706055,35.70000076293945,33.70000076293945,34.95000076293945,14085541
2022-06-23,28.021596908569336,34.099998474121094,36.150001525878906,33.04999923706055,34.45000076293945,27070281
2022-06-24,29.295307159423828,35.650001525878906,35.900001525878906,33.849998474121094,34.099998474121094,20174032
2022-06-27,28.966604232788086,35.25,35.79999923706055,34.599998474121094,35.75,14998334
2022-06-28,28.555734634399414,34.75,35.45000076293945,34.400001525878906,35.45000076293945,6088773
2022-06-29,29.747268676757812,36.20000076293945,36.20000076293945,34.650001525878906,34.70000076293945,13814334
2022-06-30,28.966604232788086,35.25,36.20000076293945,34.79999923706055,36.04999923706055,8213808
2022-07-01,27.11767578125,33.0,34.95000076293945,33.0,34.95000076293945,9507458
2022-07-04,27.816158294677734,33.849998474121094,34.45000076293945,33.20000076293945,33.20000076293945,4726623
2022-07-05,28.021596908569336,34.099998474121094,34.5,33.75,34.45000076293945,3612982
2022-07-06,27.528547286987305,33.5,34.20000076293945,33.45000076293945,34.099998474121094,2768600
2022-07-07,28.596818923950195,34.79999923706055,34.849998474121094,33.70000076293945,34.0,5264308
2022-07-08,28.514644622802734,34.70000076293945,35.400001525878906,34.400001525878906,35.150001525878906,4363548
2022-07-11,28.473560333251953,34.650001525878906,35.099998474121094,34.349998474121094,34.95000076293945,2331743
2022-07-12,28.761171340942383,35.0,35.599998474121094,34.54999923706055,35.04999923706055,8212639
2022-07-13,28.309207916259766,34.45000076293945,35.70000076293945,34.400001525878906,35.70000076293945,5978730
2022-07-14,28.720083236694336,34.95000076293945,35.099998474121094,33.29999923706055,34.45000076293945,6502780
2022-07-15,29.582918167114258,36.0,36.20000076293945,34.70000076293945,35.20000076293945,9899700
2022-07-18,29.665090560913086,36.099998474121094,36.599998474121094,35.349998474121094,36.5,7180140
2022-07-19,30.15814208984375,36.70000076293945,36.900001525878906,35.79999923706055,36.099998474121094,8749364
2022-07-20,30.541715621948242,35.849998474121094,36.29999923706055,35.45000076293945,36.0,4982424
2022-07-21,29.987964630126953,35.20000076293945,35.849998474121094,35.099998474121094,35.79999923706055,2728272
2022-07-22,29.902767181396484,35.099998474121094,35.400001525878906,34.599998474121094,35.20000076293945,3643354
2022-07-25,32.20297622680664,37.79999923706055,38.25,35.099998474121094,35.20000076293945,10896444
2022-07-26,32.16038513183594,37.75,38.79999923706055,37.400001525878906,38.0,11256520
2022-07-27,32.33076858520508,37.95000076293945,38.20000076293945,37.5,37.5,3011880
2022-07-28,32.1177864074707,37.70000076293945,38.29999923706055,37.54999923706055,38.20000076293945,1800260
2022-07-29,32.58634567260742,38.25,38.599998474121094,37.75,37.95000076293945,5778968
2022-08-01,32.54375457763672,38.20000076293945,38.54999923706055,37.900001525878906,38.349998474121094,3061423
2022-08-02,32.41596221923828,38.04999923706055,38.54999923706055,37.75,38.54999923706055,3561689
2022-08-03,31.98999786376953,37.54999923706055,38.20000076293945,37.20000076293945,38.20000076293945,3399026
2022-08-04,31.73442268371582,37.25,38.0,36.75,37.54999923706055,3268096
2022-08-05,32.28817367553711,37.900001525878906,38.25,37.25,37.25,2321150
2022-08-08,32.28817367553711,37.900001525878906,37.900001525878906,37.0,37.5,2134466
2022-08-09,32.62894821166992,38.29999923706055,38.400001525878906,37.5,37.5,2251800
2022-08-10,33.0123176574707,38.75,39.0,38.20000076293945,38.20000076293945,3339909
2022-08-11,32.032588958740234,37.599998474121094,39.29999923706055,37.54999923706055,39.29999923706055,5652767
2022-08-12,30.62691307067871,35.95000076293945,37.599998474121094,35.79999923706055,37.349998474121094,9093416
2022-08-15,30.413928985595703,35.70000076293945,36.400001525878906,35.599998474121094,35.900001525878906,4015025
2022-08-16,30.499120712280273,35.79999923706055,36.20000076293945,35.349998474121094,35.349998474121094,2443108
2022-08-17,30.925085067749023,36.29999923706055,36.5,35.70000076293945,35.70000076293945,2626336
2022-08-18,30.712106704711914,36.04999923706055,36.5,35.95000076293945,36.349998474121094,1687356
2022-08-19,30.03055763244629,35.25,36.20000076293945,35.150001525878906,36.04999923706055,4328864
2022-08-22,30.2861385345459,35.54999923706055,35.650001525878906,34.849998474121094,35.0,1199000
2022-08-23,30.03055763244629,35.25,35.45000076293945,34.900001525878906,35.29999923706055,1509602
2022-08-24,30.75469970703125,36.099998474121094,36.150001525878906,35.45000076293945,35.45000076293945,2971610
2022-08-25,30.371334075927734,35.650001525878906,36.25,35.599998474121094,36.0,2852354
2022-08-26,30.62691307067871,35.95000076293945,36.150001525878906,35.79999923706055,35.95000076293945,1629801
2022-08-29,30.413928985595703,35.70000076293945,35.70000076293945,35.04999923706055,35.099998474121094,1704481
2022-08-30,30.541715621948242,35.849998474121094,35.900001525878906,35.5,35.75,960083
2022-08-31,31.010278701782227,36.400001525878906,36.5,35.5,35.650001525878906,2704104
2022-09-01,30.712106704711914,36.04999923706055,36.150001525878906,35.54999923706055,36.0,3609352
2022-09-02,31.521438598632812,37.0,37.099998474121094,36.150001525878906,36.29999923706055,4698132
2022-09-05,30.882492065429688,36.25,37.099998474121094,36.099998474121094,37.099998474121094,2516372
2022-09-06,30.200946807861328,35.45000076293945,36.599998474121094,35.45000076293945,36.29999923706055,2582471
2022-09-07,30.03055763244629,35.25,35.70000076293945,35.04999923706055,35.45000076293945,1588104
2022-09-08,31.010278701782227,36.400001525878906,36.45000076293945,35.45000076293945,35.45000076293945,2281693
2022-09-12,31.30845832824707,36.75,37.0,36.400001525878906,36.900001525878906,2331650
2022-09-13,31.351051330566406,36.79999923706055,37.349998474121094,36.650001525878906,36.849998474121094,2092070
2022-09-14,32.032588958740234,37.599998474121094,37.70000076293945,36.20000076293945,36.20000076293945,5378890
2022-09-15,32.245574951171875,37.849998474121094,38.29999923706055,37.5,38.25,4031408
2022-09-16,32.45855712890625,38.099998474121094,38.25,37.70000076293945,37.849998474121094,3097580
2022-09-19,33.26789474487305,39.04999923706055,39.599998474121094,38.099998474121094,38.5,9678569
2022-09-20,33.39568328857422,39.20000076293945,39.5,38.400001525878906,39.45000076293945,7109596
2022-09-21,34.886566162109375,40.95000076293945,42.04999923706055,39.20000076293945,39.20000076293945,16329892
2022-09-22,35.26993179321289,41.400001525878906,41.849998474121094,39.849998474121094,41.0,8661784
2022-09-23,34.33280563354492,40.29999923706055,41.75,40.150001525878906,41.0,4997852
2022-09-26,33.65126419067383,39.5,40.650001525878906,38.849998474121094,40.400001525878906,6218332
2022-09-27,35.5255126953125,41.70000076293945,41.70000076293945,39.599998474121094,40.04999923706055,15319470
2022-09-28,34.33280563354492,40.29999923706055,41.70000076293945,40.150001525878906,41.400001525878906,7720704
2022-09-29,34.162418365478516,40.099998474121094,41.95000076293945,39.20000076293945,41.349998474121094,13578804
2022-09-30,32.62894821166992,38.29999923706055,39.79999923706055,38.0,39.54999923706055,9527882
2022-10-03,31.819612503051758,37.349998474121094,38.650001525878906,37.349998474121094,38.04999923706055,4799074
2022-10-04,32.45855712890625,38.099998474121094,38.349998474121094,37.70000076293945,38.099998474121094,3213602
2022-10-05,32.884525299072266,38.599998474121094,38.79999923706055,37.900001525878906,38.54999923706055,4650486
2022-10-06,33.05491256713867,38.79999923706055,39.45000076293945,38.5,39.29999923706055,3542670
2022-10-07,33.6938591003418,39.54999923706055,39.70000076293945,38.5,38.5,4656245
2022-10-11,32.58634567260742,38.25,39.099998474121094,38.0,39.0,3500576
2022-10-12,32.79933166503906,38.5,38.650001525878906,37.599998474121094,38.20000076293945,3019703
2022-10-13,30.75469970703125,36.099998474121094,38.349998474121094,35.95000076293945,38.25,6342608
2022-10-14,31.393648147583008,36.849998474121094,37.400001525878906,36.79999923706055,37.099998474121094,2254810
2022-10-17,31.010278701782227,36.400001525878906,36.54999923706055,35.54999923706055,36.349998474121094,2154161
2022-10-18,30.882492065429688,36.25,37.20000076293945,35.849998474121094,37.0,2151100
2022-10-19,30.882492065429688,36.25,36.79999923706055,36.20000076293945,36.20000076293945,1518128
2022-10-20,30.456523895263672,35.75,35.95000076293945,35.45000076293945,35.900001525878906,3904101
2022-10-21,30.75469970703125,36.099998474121094,36.45000076293945,35.54999923706055,36.0,1820070
2022-10-24,31.010278701782227,36.400001525878906,36.75,36.20000076293945,36.45000076293945,1781153
2022-10-25,30.499120712280273,35.79999923706055,36.54999923706055,35.70000076293945,36.5,1771045
2022-10-26,30.115751266479492,35.349998474121094,35.95000076293945,35.04999923706055,35.849998474121094,2689454
2022-10-27,30.75469970703125,36.099998474121094,36.20000076293945,35.400001525878906,35.400001525878906,1312951
2022-10-28,30.75469970703125,36.099998474121094,36.5,35.95000076293945,36.04999923706055,1222055
2022-10-31,30.925085067749023,36.29999923706055,37.0,36.25,36.599998474121094,1304320
2022-11-01,32.62894821166992,38.29999923706055,38.400001525878906,36.45000076293945,36.54999923706055,4820564
2022-11-02,32.54375457763672,38.20000076293945,38.70000076293945,38.099998474121094,38.29999923706055,3272000
2022-11-03,32.884525299072266,38.599998474121094,38.599998474121094,37.54999923706055,37.900001525878906,1711048
2022-11-04,32.41596221923828,38.04999923706055,38.45000076293945,37.849998474121094,38.29999923706055,1377857
2022-11-07,32.62894821166992,38.29999923706055,38.5,37.75,38.400001525878906,1108485
2022-11-08,32.33076858520508,37.95000076293945,38.900001525878906,37.849998474121094,38.599998474121094,1615022
2022-11-09,33.09750747680664,38.849998474121094,38.849998474121094,37.79999923706055,38.25,3285711
2022-11-10,31.819612503051758,37.349998474121094,38.95000076293945,37.29999923706055,38.599998474121094,3437402
2022-11-11,30.712106704711914,36.04999923706055,38.04999923706055,35.900001525878906,38.0,8623800
2022-11-14,30.797298431396484,36.150001525878906,36.150001525878906,35.20000076293945,35.95000076293945,4807171
2022-11-15,30.371334075927734,35.650001525878906,36.25,35.400001525878906,36.25,3619083
2022-11-16,30.243541717529297,35.5,36.04999923706055,35.25,35.70000076293945,2641718
2022-11-17,30.2861385345459,35.54999923706055,35.79999923706055,35.25,35.5,2533122
2022-11-18,29.987964630126953,35.20000076293945,35.75,35.20000076293945,35.599998474121094,2403804
2022-11-21,30.499120712280273,35.79999923706055,36.04999923706055,35.29999923706055,35.29999923706055,2715645
2022-11-22,30.200946807861328,35.45000076293945,35.95000076293945,35.349998474121094,35.95000076293945,1782399
2022-11-23,30.967681884765625,36.349998474121094,36.400001525878906,35.54999923706055,35.70000076293945,3163113
2022-11-24,30.925085067749023,36.29999923706055,36.849998474121094,36.099998474121094,36.650001525878906,2639282
2022-11-25,30.75469970703125,36.099998474121094,36.70000076293945,36.099998474121094,36.400001525878906,1459611
2022-11-28,30.967681884765625,36.349998474121094,36.70000076293945,35.349998474121094,35.95000076293945,2710123
2022-11-29,30.882492065429688,36.25,36.849998474121094,35.95000076293945,36.79999923706055,8679003
2022-11-30,30.839895248413086,36.20000076293945,36.54999923706055,35.849998474121094,36.25,3944258
2022-12-01,30.967681884765625,36.349998474121094,36.75,36.20000076293945,36.45000076293945,2525175
2022-12-02,31.73442268371582,37.25,37.79999923706055,36.75,36.75,9338518
2022-12-05,32.16038513183594,37.75,38.25,37.54999923706055,37.650001525878906,7855880
2022-12-06,31.351051330566406,36.79999923706055,37.849998474121094,36.79999923706055,37.75,4565284
2022-12-07,31.649229049682617,37.150001525878906,37.70000076293945,36.70000076293945,36.79999923706055,3225607
2022-12-08,32.62894821166992,38.29999923706055,38.29999923706055,37.099998474121094,37.25,5563795
2022-12-09,32.1177864074707,37.70000076293945,38.599998474121094,37.54999923706055,38.599998474121094,4689200
2022-12-12,31.86220932006836,37.400001525878906,37.45000076293945,36.79999923706055,37.29999923706055,2018514
2022-12-13,30.882492065429688,36.25,37.45000076293945,36.04999923706055,37.45000076293945,6147864
2022-12-14,31.351051330566406,36.79999923706055,36.849998474121094,36.150001525878906,36.45000076293945,2389528
2022-12-15,31.436248779296875,36.900001525878906,37.150001525878906,36.75,36.79999923706055,1124680
2022-12-16,30.62691307067871,35.95000076293945,36.599998474121094,35.900001525878906,36.45000076293945,5050295
2022-12-19,29.64719009399414,34.79999923706055,35.95000076293945,34.5,35.95000076293945,9351712
2022-12-20,28.49708366394043,33.45000076293945,35.099998474121094,33.20000076293945,34.849998474121094,9466740
2022-12-21,28.582277297973633,33.54999923706055,34.04999923706055,33.5,33.75,2607497
2022-12-22,28.582277297973633,33.54999923706055,34.0,33.54999923706055,33.95000076293945,1655262
2022-12-23,28.710067749023438,33.70000076293945,33.79999923706055,33.150001525878906,33.400001525878906,1839139
2022-12-26,29.26382064819336,34.349998474121094,34.349998474121094,33.75,33.75,1552466
2022-12-27,29.050838470458984,34.099998474121094,34.54999923706055,34.04999923706055,34.5,1441095
2022-12-28,28.710067749023438,33.70000076293945,34.20000076293945,33.599998474121094,33.95000076293945,1547031
2022-12-29,28.66747283935547,33.650001525878906,33.75,33.349998474121094,33.650001525878906,1099500
2022-12-30,28.837854385375977,33.849998474121094,34.04999923706055,33.70000076293945,33.849998474121094,802320
2023-01-03,28.923049926757812,33.95000076293945,34.04999923706055,33.70000076293945,33.95000076293945,879950
2023-01-04,29.136032104492188,34.20000076293945,34.400001525878906,34.099998474121094,34.25,1052122
2023-01-05,29.136032104492188,34.20000076293945,34.349998474121094,34.099998474121094,34.29999923706055,892064
2023-01-06,29.22122573852539,34.29999923706055,34.45000076293945,34.150001525878906,34.20000076293945,1518349
2023-01-09,29.434206008911133,34.54999923706055,34.599998474121094,34.349998474121094,34.599998474121094,941395
2023-01-10,29.349014282226562,34.45000076293945,34.599998474121094,34.349998474121094,34.599998474121094,782539
2023-01-11,28.96564483642578,34.0,34.5,33.900001525878906,34.5,1355537
2023-01-12,29.136032104492188,34.20000076293945,34.400001525878906,33.75,34.04999923706055,2461213
2023-01-13,29.093435287475586,34.150001525878906,34.75,34.150001525878906,34.400001525878906,1882300
2023-01-16,28.923049926757812,33.95000076293945,34.29999923706055,33.79999923706055,34.20000076293945,1363153
2023-01-17,29.050838470458984,34.099998474121094,34.099998474121094,33.79999923706055,33.849998474121094,762860
2023-01-30,30.03055763244629,35.25,35.650001525878906,34.349998474121094,34.349998474121094,4453031
2023-01-31,29.817577362060547,35.0,35.45000076293945,34.95000076293945,35.0,2210370
2023-02-01,29.817577362060547,35.0,35.29999923706055,34.849998474121094,35.099998474121094,1865238
2023-02-02,30.328733444213867,35.599998474121094,35.650001525878906,35.0,35.0,2821028
2023-02-03,30.413928985595703,35.70000076293945,35.849998474121094,35.54999923706055,35.70000076293945,1993111
2023-02-06,30.15835189819336,35.400001525878906,36.04999923706055,35.400001525878906,35.75,1460514
2023-02-07,30.2861385345459,35.54999923706055,35.75,35.25,35.5,1068384
2023-02-08,30.413928985595703,35.70000076293945,36.0,35.5,36.0,1692237
2023-02-09,30.371334075927734,35.650001525878906,36.0,35.599998474121094,35.650001525878906,1449153
2023-02-10,30.243541717529297,35.5,35.849998474121094,35.349998474121094,35.79999923706055,1897475
2023-02-13,31.649229049682617,37.150001525878906,37.400001525878906,35.849998474121094,35.900001525878906,8312445
2023-02-14,31.564035415649414,37.04999923706055,37.150001525878906,36.54999923706055,37.150001525878906,4053791
2023-02-15,32.62894821166992,38.29999923706055,39.54999923706055,37.900001525878906,38.0,24741148
2023-02-16,33.09750747680664,38.849998474121094,38.849998474121094,37.650001525878906,37.95000076293945,9261860
2023-02-17,33.566070556640625,39.400001525878906,39.54999923706055,38.25,38.5,8621557
2023-02-20,33.480873107910156,39.29999923706055,39.900001525878906,38.900001525878906,39.79999923706055,6935166
2023-02-21,33.90684127807617,39.79999923706055,40.900001525878906,39.54999923706055,39.79999923706055,12111302
2023-02-22,33.60866928100586,39.45000076293945,39.54999923706055,38.599998474121094,39.20000076293945,7472882
2023-02-23,34.20501708984375,40.150001525878906,40.20000076293945,39.650001525878906,39.650001525878906,5191127
2023-02-24,33.90684127807617,39.79999923706055,40.25,39.599998474121094,40.04999923706055,3522381
2023-03-01,33.52347183227539,39.349998474121094,39.650001525878906,39.099998474121094,39.599998474121094,3258286
2023-03-02,33.566070556640625,39.400001525878906,39.79999923706055,39.150001525878906,39.5,2623825
2023-03-03,33.60866928100586,39.45000076293945,39.849998474121094,39.349998474121094,39.849998474121094,2211070
2023-03-06,34.247615814208984,40.20000076293945,40.349998474121094,39.5,39.599998474121094,4701073
2023-03-07,34.92915725708008,41.0,41.0,40.29999923706055,40.400001525878906,6800370
2023-03-08,35.482913970947266,41.650001525878906,41.75,40.75,41.0,4641531
2023-03-09,35.482913970947266,41.650001525878906,41.849998474121094,40.599998474121094,41.79999923706055,4548314
2023-03-10,34.247615814208984,40.20000076293945,41.29999923706055,40.20000076293945,41.04999923706055,5467410
2023-03-13,34.63098907470703,40.650001525878906,41.45000076293945,39.849998474121094,40.900001525878906,7054732
2023-03-14,34.077232360839844,40.0,40.70000076293945,39.79999923706055,40.29999923706055,3505663
2023-03-15,33.90684127807617,39.79999923706055,40.5,39.650001525878906,39.95000076293945,3915755
2023-03-16,33.05491256713867,38.79999923706055,39.75,38.20000076293945,39.599998474121094,7074610
2023-03-17,33.140106201171875,38.900001525878906,39.349998474121094,38.650001525878906,39.29999923706055,2555004
2023-03-20,33.0123176574707,38.75,39.04999923706055,38.54999923706055,39.0,2151207
2023-03-21,32.84192657470703,38.54999923706055,38.95000076293945,38.5,38.900001525878906,3572746
2023-03-22,33.480873107910156,39.29999923706055,39.400001525878906,38.900001525878906,39.0,3751640
2023-03-23,33.09750747680664,38.849998474121094,39.20000076293945,38.70000076293945,39.099998474121094,2770149
2023-03-24,33.09750747680664,38.849998474121094,39.150001525878906,38.75,38.900001525878906,2115973
2023-03-27,33.949440002441406,39.849998474121094,40.25,39.20000076293945,39.20000076293945,6533488
2023-03-28,32.79933166503906,38.5,39.75,38.29999923706055,39.75,6512458
2023-03-29,33.310489654541016,39.099998474121094,39.150001525878906,38.400001525878906,38.54999923706055,2504329
2023-03-30,33.26789474487305,39.04999923706055,39.150001525878906,38.849998474121094,39.099998474121094,1402098
2023-03-31,33.22529602050781,39.0,39.349998474121094,39.0,39.20000076293945,2004404
2023-04-06,33.6938591003418,39.54999923706055,39.650001525878906,38.75,39.0,2661010
2023-04-07,35.056949615478516,41.150001525878906,41.20000076293945,39.650001525878906,39.650001525878906,10610008
2023-04-10,38.549869537353516,45.25,45.25,41.54999923706055,42.0,16929842
2023-04-11,38.76285171508789,45.5,47.45000076293945,44.79999923706055,46.20000076293945,48181079
2023-04-12,42.596534729003906,50.0,50.0,45.70000076293945,45.95000076293945,35963372
2023-04-13,40.42411422729492,47.45000076293945,49.400001525878906,47.25,49.04999923706055,27270735
2023-04-14,44.385589599609375,52.099998474121094,52.099998474121094,52.099998474121094,52.099998474121094,10400663
2023-04-17,46.345035552978516,54.400001525878906,56.599998474121094,52.0,54.5,48240430
2023-04-18,45.322715759277344,53.20000076293945,55.099998474121094,52.400001525878906,53.79999923706055,20531731
2023-04-19,46.00425720214844,54.0,55.400001525878906,52.70000076293945,53.70000076293945,18469026
2023-04-20,45.1523323059082,53.0,54.400001525878906,52.0,53.29999923706055,16750426
2023-04-21,45.57829666137695,53.5,56.20000076293945,52.099998474121094,54.20000076293945,42567335
2023-04-24,45.067138671875,52.900001525878906,54.29999923706055,52.79999923706055,53.400001525878906,9945053
2023-04-25,45.322715759277344,53.20000076293945,58.099998474121094,52.900001525878906,53.79999923706055,53121089
2023-04-26,45.322715759277344,53.20000076293945,54.79999923706055,52.599998474121094,53.20000076293945,19537214
2023-04-27,45.8338737487793,53.79999923706055,55.29999923706055,53.29999923706055,54.20000076293945,14800893
2023-04-28,46.60061264038086,54.70000076293945,57.20000076293945,53.20000076293945,54.599998474121094,26013940
2023-05-02,49.83795166015625,58.5,58.5,54.599998474121094,55.0,38568916
2023-05-03,49.15640640258789,57.70000076293945,58.5,57.099998474121094,57.599998474121094,21488340
2023-05-04,51.115840911865234,60.0,61.400001525878906,58.20000076293945,58.70000076293945,49849267
2023-05-05,50.43429946899414,59.20000076293945,60.29999923706055,58.29999923706055,59.29999923706055,19001685
2023-05-08,51.20103454589844,60.099998474121094,60.20000076293945,58.599998474121094,59.400001525878906,15466743
2023-05-09,49.58237075805664,58.20000076293945,60.599998474121094,57.70000076293945,60.0,19666153
2023-05-10,50.519493103027344,59.29999923706055,59.79999923706055,58.29999923706055,58.5,13557450
2023-05-11,48.90082931518555,57.400001525878906,60.599998474121094,57.0,60.0,20775937
2023-05-12,50.689876556396484,59.5,59.900001525878906,57.29999923706055,58.5,30661397
2023-05-15,52.22335433959961,61.29999923706055,61.29999923706055,59.0,59.5,23602812
2023-05-16,51.797386169433594,60.79999923706055,62.5,60.099998474121094,61.400001525878906,36238312
2023-05-17,56.483009338378906,66.30000305175781,66.69999694824219,60.400001525878906,61.0,49207346
2023-05-18,58.44245147705078,68.5999984741211,68.5999984741211,65.69999694824219,67.19999694824219,47099877
2023-05-19,59.635154724121094,70.0,72.9000015258789,69.0,69.5,40677457
2023-05-22,61.25382614135742,71.9000015258789,74.0,69.80000305175781,70.30000305175781,31662639
2023-05-23,61.764984130859375,72.5,73.19999694824219,71.30000305175781,72.80000305175781,19714414
2023-05-24,61.59459686279297,72.30000305175781,72.30000305175781,70.9000015258789,72.0,12805752
2023-05-25,60.913047790527344,71.5,73.9000015258789,71.5,72.5,17886235
2023-05-26,59.80553436279297,70.19999694824219,72.0,69.5,71.4000015258789,15317094
2023-05-29,63.21326446533203,74.19999694824219,74.5999984741211,71.0,71.19999694824219,23820994
2023-05-30,63.46884536743164,74.5,77.0,73.5,73.80000305175781,25754246
2023-05-31,67.81368255615234,79.5999984741211,79.80000305175781,75.0,75.0,30997337
2023-06-01,68.2396469116211,80.0999984741211,80.69999694824219,78.30000305175781,79.5,20242558
2023-06-02,75.05509948730469,88.0999984741211,88.0999984741211,81.5999984741211,81.5999984741211,35010547
2023-06-05,76.84415435791016,90.19999694824219,91.5,89.5,90.5,34024320
2023-06-06,77.95166015625,91.5,95.5,88.5,90.0999984741211,49711367
2023-06-07,80.50746154785156,94.5,94.80000305175781,90.80000305175781,92.30000305175781,46201778
2023-06-08,78.54801940917969,92.19999694824219,96.4000015258789,92.19999694824219,95.30000305175781,30583376
2023-06-09,83.31881713867188,97.80000305175781,98.80000305175781,92.4000015258789,93.0,36753874
2023-06-12,79.39994812011719,93.19999694824219,99.30000305175781,93.0,99.0,28560701
2023-06-13,78.8887939453125,92.5999984741211,96.80000305175781,91.5,94.5,37009651
2023-06-14,78.1220474243164,91.69999694824219,94.30000305175781,91.0999984741211,93.5,16686626
2023-06-15,78.9739761352539,92.69999694824219,94.0,92.0999984741211,92.9000015258789,13780703
2023-06-16,78.20724487304688,91.80000305175781,94.19999694824219,91.5999984741211,93.5999984741211,14498692
2023-06-19,79.31475067138672,93.0999984741211,95.0,91.5,91.5999984741211,12771973
2023-06-20,77.95166015625,91.5,93.5,88.69999694824219,93.30000305175781,21727565
2023-06-21,77.61089324951172,91.0999984741211,92.80000305175781,90.30000305175781,91.80000305175781,7779471
2023-06-26,75.2254867553711,88.30000305175781,90.80000305175781,87.0,89.69999694824219,12069889
2023-06-27,72.41410827636719,85.0,90.80000305175781,83.5,88.30000305175781,23198485
2023-06-28,73.5216293334961,86.30000305175781,87.5,84.80000305175781,86.9000015258789,12276994
2023-06-29,73.5216293334961,86.30000305175781,87.4000015258789,84.0,86.5,12194031
2023-06-30,76.247802734375,89.5,90.5999984741211,86.0,87.0,14036369
2023-07-03,73.77720642089844,86.5999984741211,91.19999694824219,86.19999694824219,90.5,18923350
2023-07-04,74.3735580444336,87.30000305175781,89.80000305175781,87.30000305175781,87.5,16648012
2023-07-05,72.84008026123047,85.5,87.69999694824219,85.5,87.5999984741211,9469153
2023-07-06,72.5844955444336,85.19999694824219,87.19999694824219,84.4000015258789,84.9000015258789,7445872
2023-07-07,71.39179992675781,83.80000305175781,85.0,83.0,85.0,9352301
2023-07-10,70.79544067382812,83.0999984741211,84.0,81.5,83.69999694824219,10766632
2023-07-11,70.02870178222656,82.19999694824219,84.30000305175781,81.9000015258789,83.5,9238799
2023-07-12,68.83600616455078,80.80000305175781,82.5999984741211,80.30000305175781,82.4000015258789,11329474
2023-07-13,68.49523162841797,80.4000015258789,81.9000015258789,79.19999694824219,81.9000015258789,11088164
2023-07-14,68.2396469116211,80.0999984741211,81.4000015258789,80.0,81.0,5665587
2023-07-17,67.21733856201172,78.9000015258789,80.19999694824219,78.19999694824219,79.9000015258789,9945514
2023-07-18,65.59866333007812,77.0,79.5,76.5,79.19999694824219,12295560
2023-07-19,66.96174621582031,78.5999984741211,79.9000015258789,77.0,77.9000015258789,15537255
2023-07-20,70.71025085449219,83.0,85.5,79.5999984741211,80.0,31563468
2023-07-21,66.5357894897461,78.0999984741211,83.5999984741211,78.0999984741211,83.0,20387775
2023-07-24,65.68385314941406,77.0999984741211,78.19999694824219,76.5,78.0999984741211,10651960
2023-07-25,68.03905487060547,78.0,79.5,76.5999984741211,76.69999694824219,11348370
2023-07-26,66.3816909790039,76.0999984741211,79.0,76.0999984741211,79.0,6179416
2023-07-27,67.51568603515625,77.4000015258789,77.9000015258789,76.30000305175781,76.30000305175781,5434695
2023-07-28,68.38798522949219,78.4000015258789,78.4000015258789,76.4000015258789,77.9000015258789,5750554
2023-07-31,68.8241195678711,78.9000015258789,81.5999984741211,78.80000305175781,79.0,14398378
2023-08-01,68.73689270019531,78.80000305175781,80.30000305175781,77.30000305175781,79.9000015258789,10665345
2023-08-02,71.3537826538086,81.80000305175781,82.69999694824219,77.5999984741211,78.80000305175781,27930240
2023-08-04,67.60291290283203,77.5,81.69999694824219,76.80000305175781,80.5999984741211,19971767
2023-08-07,68.99858093261719,79.0999984741211,79.5,76.30000305175781,77.5,8484581
2023-08-08,72.74945831298828,83.4000015258789,84.0,78.30000305175781,79.19999694824219,25582301
2023-08-09,71.78993225097656,82.30000305175781,83.4000015258789,80.5,82.30000305175781,20001451
2023-08-10,68.9113540649414,79.0,81.80000305175781,78.5999984741211,81.5999984741211,14095261
2023-08-11,67.60291290283203,77.5,80.0,77.5,79.69999694824219,11472788
2023-08-14,64.72433471679688,74.19999694824219,79.30000305175781,73.80000305175781,78.4000015258789,17478515
2023-08-15,63.677581787109375,73.0,75.4000015258789,72.0999984741211,75.0999984741211,16229339
2023-08-16,62.5435905456543,71.69999694824219,72.4000015258789,70.80000305175781,72.30000305175781,12181882
2023-08-17,64.02649688720703,73.4000015258789,73.80000305175781,71.19999694824219,71.30000305175781,9369233
2023-08-18,62.36913299560547,71.5,74.5999984741211,71.19999694824219,73.5,7981109
2023-08-21,62.5435905456543,71.69999694824219,72.4000015258789,71.4000015258789,71.9000015258789,4465604
2023-08-22,61.932987213134766,71.0,72.5,70.9000015258789,72.30000305175781,3764952
2023-08-23,62.194679260253906,71.30000305175781,71.80000305175781,70.80000305175781,71.0999984741211,3246916
2023-08-24,62.63082504272461,71.80000305175781,72.4000015258789,70.80000305175781,71.80000305175781,5029694
2023-08-25,62.36913299560547,71.5,73.9000015258789,70.80000305175781,71.80000305175781,6507354
2023-08-28,61.584068298339844,70.5999984741211,72.5999984741211,70.5999984741211,72.30000305175781,5506234
2023-08-29,62.71805953979492,71.9000015258789,71.9000015258789,70.4000015258789,71.0,3691744
2023-08-30,64.54987335205078,74.0,74.5,72.0,72.4000015258789,7423341
2023-08-31,64.81157684326172,74.30000305175781,74.5999984741211,73.0,74.0,5309557
2023-09-01,65.85831451416016,75.5,78.0,73.9000015258789,74.30000305175781,17011501
2023-09-04,65.85831451416016,75.5,77.69999694824219,75.30000305175781,76.0,14543980
2023-09-05,66.55615997314453,76.30000305175781,76.5999984741211,74.19999694824219,76.0,8646771
2023-09-06,65.6838607788086,75.30000305175781,77.0,75.0999984741211,75.5999984741211,6377290
2023-09-07,65.7710952758789,75.4000015258789,75.9000015258789,74.69999694824219,75.0999984741211,3602956
2023-09-08,64.89878845214844,74.4000015258789,75.5,74.19999694824219,75.5,2984015
2023-09-11,63.677581787109375,73.0,75.0,73.0,74.19999694824219,4211065
2023-09-12,62.45636749267578,71.5999984741211,72.5999984741211,71.4000015258789,72.0999984741211,6364416
2023-09-13,62.8052864074707,72.0,72.5999984741211,71.30000305175781,71.5999984741211,2442314
2023-09-14,63.415889739990234,72.69999694824219,72.80000305175781,71.80000305175781,72.0,2550541
2023-09-15,64.81157684326172,74.30000305175781,74.4000015258789,72.4000015258789,73.0999984741211,4041554
2023-09-18,64.462646484375,73.9000015258789,74.80000305175781,73.5999984741211,74.30000305175781,2301086
2023-09-19,66.12001037597656,75.80000305175781,76.9000015258789,74.4000015258789,74.4000015258789,12004809
2023-09-20,65.7710952758789,75.4000015258789,76.80000305175781,75.0,76.30000305175781,5188675
2023-09-21,64.02649688720703,73.4000015258789,75.5999984741211,73.4000015258789,75.30000305175781,4349212
2023-09-22,63.066978454589844,72.30000305175781,72.9000015258789,71.80000305175781,72.80000305175781,3964066
2023-09-25,67.69013977050781,77.5999984741211,77.69999694824219,72.5999984741211,72.5999984741211,14594060
2023-09-26,66.20723724365234,75.9000015258789,78.80000305175781,75.69999694824219,76.9000015258789,15956901
2023-09-27,65.50940704345703,75.0999984741211,76.69999694824219,74.80000305175781,75.5,6138421
2023-09-28,67.7773666381836,77.69999694824219,78.5,75.0999984741211,75.69999694824219,11439171
2023-10-02,66.81784057617188,76.5999984741211,78.5,76.5999984741211,78.19999694824219,7572937
2023-10-03,66.03277587890625,75.69999694824219,78.0,75.5999984741211,77.0999984741211,5750469
2023-10-04,64.02649688720703,73.4000015258789,75.5,73.30000305175781,75.0,8412946
2023-10-05,64.462646484375,73.9000015258789,74.5,73.4000015258789,74.0,3485881
2023-10-06,64.37541961669922,73.80000305175781,74.5,73.5999984741211,74.30000305175781,2674757
2023-10-11,63.154205322265625,72.4000015258789,74.5999984741211,72.4000015258789,74.5,5524519
2023-10-12,64.462646484375,73.9000015258789,74.30000305175781,71.9000015258789,72.5999984741211,4804378
2023-10-13,64.2009506225586,73.5999984741211,74.9000015258789,73.0,73.4000015258789,3915656
2023-10-16,62.194679260253906,71.30000305175781,73.30000305175781,71.0999984741211,73.19999694824219,8796550
2023-10-17,61.7585334777832,70.80000305175781,72.4000015258789,70.69999694824219,72.19999694824219,5082696
2023-10-18,59.49055862426758,68.19999694824219,71.30000305175781,68.19999694824219,71.0,9767996
2023-10-19,60.101173400878906,68.9000015258789,68.9000015258789,67.30000305175781,67.4000015258789,4407848
2023-10-20,59.14164352416992,67.80000305175781,68.9000015258789,66.80000305175781,68.9000015258789,4194369
2023-10-23,59.75225067138672,68.5,68.9000015258789,66.9000015258789,67.5,2374740
2023-10-24,61.06069564819336,70.0,70.0,68.0,68.80000305175781,2986368
2023-10-25,61.7585334777832,70.80000305175781,71.5999984741211,70.30000305175781,70.4000015258789,3017388
2023-10-26,60.71177291870117,69.5999984741211,71.19999694824219,69.30000305175781,69.5999984741211,2770827
2023-10-27,59.577789306640625,68.30000305175781,70.0,68.30000305175781,69.69999694824219,3548526
2023-10-30,59.054412841796875,67.69999694824219,68.9000015258789,67.69999694824219,68.9000015258789,2415801
2023-10-31,58.007659912109375,66.5,69.30000305175781,66.5,68.80000305175781,3848766
2023-11-01,58.70549774169922,67.30000305175781,67.4000015258789,66.5,67.30000305175781,1992486
2023-11-02,60.101173400878906,68.9000015258789,69.30000305175781,68.19999694824219,68.19999694824219,2340734
2023-11-03,60.88623809814453,69.80000305175781,70.19999694824219,69.19999694824219,69.5,2471506
2023-11-06,62.36913299560547,71.5,72.80000305175781,70.0,70.30000305175781,5903487
2023-11-07,62.5435905456543,71.69999694824219,72.80000305175781,70.69999694824219,71.30000305175781,4034910
2023-11-08,63.154205322265625,72.4000015258789,72.69999694824219,71.69999694824219,72.30000305175781,4929352
2023-11-09,63.50312423706055,72.80000305175781,73.30000305175781,72.30000305175781,72.5999984741211,4697377
2023-11-10,63.677581787109375,73.0,73.0,72.19999694824219,72.5999984741211,2364593
2023-11-13,62.63082504272461,71.80000305175781,73.69999694824219,71.5999984741211,73.5,3664750
2023-11-14,62.36913299560547,71.5,73.69999694824219,71.5,73.0,6522446
2023-11-15,63.154205322265625,72.4000015258789,72.69999694824219,71.80000305175781,72.0999984741211,3563317
2023-11-16,63.939273834228516,73.30000305175781,73.4000015258789,72.5,72.69999694824219,4296401
2023-11-17,63.939273834228516,73.30000305175781,73.5999984741211,73.0,73.5,3111545
2023-11-20,63.677581787109375,73.0,73.5999984741211,72.30000305175781,73.5,2426525
2023-11-21,64.11373138427734,73.5,74.69999694824219,73.19999694824219,73.19999694824219,4841621
2023-11-22,64.37541961669922,73.80000305175781,73.9000015258789,72.80000305175781,73.5,2696170
2023-11-23,64.98601531982422,74.5,74.5,73.0999984741211,74.0,4442375
2023-11-24,65.16047668457031,74.69999694824219,75.5,74.4000015258789,74.9000015258789,5909661
2023-11-27,63.85204315185547,73.19999694824219,75.0,73.0,75.0,3898935
2023-11-28,64.11373138427734,73.5,73.80000305175781,73.19999694824219,73.4000015258789,2089822
2023-11-29,64.02649688720703,73.4000015258789,74.19999694824219,73.19999694824219,73.9000015258789,1948651
2023-11-30,63.50312423706055,72.80000305175781,73.5999984741211,72.69999694824219,73.5999984741211,2718531
2023-12-01,64.37541961669922,73.80000305175781,74.19999694824219,72.80000305175781,73.0,3021855
2023-12-04,63.85204315185547,73.19999694824219,74.0,73.19999694824219,74.0,1897714
2023-12-05,63.24142837524414,72.5,73.4000015258789,72.4000015258789,73.19999694824219,2609013
2023-12-06,64.28817749023438,73.69999694824219,74.4000015258789,72.80000305175781,73.0,3950519
2023-12-07,63.677581787109375,73.0,74.30000305175781,73.0,73.9000015258789,2965143
2023-12-08,63.85204315185547,73.19999694824219,73.5999984741211,72.69999694824219,73.5,1733263
2023-12-11,64.54987335205078,74.0,74.5999984741211,73.30000305175781,73.5,3491829
2023-12-12,63.85204315185547,73.19999694824219,74.30000305175781,73.19999694824219,74.0,2987152
2023-12-13,63.50312423706055,72.80000305175781,73.5999984741211,72.69999694824219,73.5999984741211,2308075
2023-12-14,63.59034729003906,72.9000015258789,73.80000305175781,72.9000015258789,73.5999984741211,1933915
2023-12-15,62.89251708984375,72.0999984741211,73.4000015258789,72.0999984741211,73.0,3962796
2023-12-18,61.7585334777832,70.80000305175781,72.19999694824219,70.69999694824219,72.0999984741211,5101975
2023-12-19,61.322383880615234,70.30000305175781,71.30000305175781,70.0999984741211,70.5999984741211,2643874
2023-12-20,61.584068298339844,70.5999984741211,70.9000015258789,70.30000305175781,70.5999984741211,1400909
2023-12-21,61.322383880615234,70.30000305175781,70.5,69.80000305175781,70.19999694824219,1666104
2023-12-22,61.584068298339844,70.5999984741211,71.0,70.30000305175781,70.5,1198376
2023-12-25,61.671295166015625,70.69999694824219,71.30000305175781,70.5,70.9000015258789,1399567
2023-12-26,61.584068298339844,70.5999984741211,71.19999694824219,70.0999984741211,71.19999694824219,1958927
2023-12-27,61.671295166015625,70.69999694824219,71.0,70.30000305175781,70.5999984741211,1770372
2023-12-28,62.45636749267578,71.5999984741211,71.5999984741211,70.69999694824219,70.80000305175781,1870487
2023-12-29,62.28190612792969,71.4000015258789,71.80000305175781,71.0,71.5999984741211,1391550
2024-01-02,63.85204315185547,73.19999694824219,73.19999694824219,71.0999984741211,71.4000015258789,4903136
2024-01-03,65.24771118164062,74.80000305175781,75.30000305175781,72.9000015258789,73.5999984741211,13524812
2024-01-04,64.02649688720703,73.4000015258789,76.69999694824219,73.0999984741211,75.5,14867052
2024-01-05,62.97974395751953,72.19999694824219,73.9000015258789,72.0999984741211,73.4000015258789,3689939
2024-01-08,62.63082504272461,71.80000305175781,72.80000305175781,71.69999694824219,72.69999694824219,1804037
2024-01-09,62.45636749267578,71.5999984741211,72.69999694824219,71.4000015258789,72.19999694824219,2472708
2024-01-10,61.7585334777832,70.80000305175781,71.5,70.5999984741211,71.5,2503540
2024-01-11,61.845760345458984,70.9000015258789,71.4000015258789,70.4000015258789,70.5,2009110
2024-01-12,61.845760345458984,70.9000015258789,71.5,70.69999694824219,70.9000015258789,1475901
2024-01-15,61.932987213134766,71.0,71.4000015258789,70.5,71.0,2516300
2024-01-16,61.23515319824219,70.19999694824219,71.0,69.9000015258789,70.80000305175781,3944920
2024-01-17,59.92670440673828,68.69999694824219,70.30000305175781,68.5999984741211,70.0,4468415
2024-01-18,59.8394775390625,68.5999984741211,69.30000305175781,68.30000305175781,68.69999694824219,2045121
2024-01-19,60.79899978637695,69.69999694824219,70.19999694824219,69.5,69.5999984741211,1877575
2024-01-22,61.4968376159668,70.5,70.5999984741211,69.69999694824219,70.0,1443088
2024-01-23,61.932987213134766,71.0,71.30000305175781,70.5999984741211,70.5999984741211,1420969
2024-01-24,62.28190612792969,71.4000015258789,71.9000015258789,71.0999984741211,71.19999694824219,1823210
2024-01-25,62.36913299560547,71.5,71.80000305175781,71.30000305175781,71.5,1100969
2024-01-26,62.63082504272461,71.80000305175781,72.4000015258789,71.5999984741211,71.5999984741211,2141695
2024-01-29,62.8052864074707,72.0,72.0999984741211,71.5999984741211,71.5999984741211,953536
2024-01-30,62.194679260253906,71.30000305175781,72.0999984741211,71.30000305175781,72.0999984741211,1262944
2024-01-31,61.584068298339844,70.5999984741211,71.5,70.5,71.19999694824219,1204763
2024-02-01,62.63082504272461,71.80000305175781,71.80000305175781,70.69999694824219,70.69999694824219,1561999
2024-02-02,62.36913299560547,71.5,72.19999694824219,71.30000305175781,72.19999694824219,945579
2024-02-05,62.8052864074707,72.0,72.19999694824219,71.30000305175781,71.9000015258789,2065446
2024-02-15,61.932987213134766,71.0,72.4000015258789,70.80000305175781,72.30000305175781,2036297
2024-02-16,64.81157684326172,74.30000305175781,74.80000305175781,73.0,73.0,10328340
2024-02-19,64.54987335205078,74.0,75.30000305175781,73.69999694824219,74.9000015258789,4600252
2024-02-20,64.54987335205078,74.0,74.5999984741211,73.30000305175781,74.0,2743451
2024-02-21,64.89878845214844,74.4000015258789,74.5999984741211,73.80000305175781,74.0,2760000
2024-02-22,65.33494567871094,74.9000015258789,75.0,74.0999984741211,74.80000305175781,3592023
2024-02-23,64.11373138427734,73.5,75.19999694824219,73.5,75.0,4958592
2024-02-26,65.50940704345703,75.0999984741211,75.5999984741211,73.30000305175781,73.30000305175781,5280300
2024-02-27,64.28817749023438,73.69999694824219,75.4000015258789,73.30000305175781,75.4000015258789,3356239
2024-02-29,65.16047668457031,74.69999694824219,74.69999694824219,73.4000015258789,73.9000015258789,2354316
2024-03-01,68.21351623535156,78.19999694824219,79.0,74.5,74.5,22842679
2024-03-04,67.60291290283203,77.5,80.19999694824219,76.0,79.69999694824219,17148838
2024-03-05,67.16675567626953,77.0,79.0,76.5999984741211,77.5,8210069
2024-03-06,67.34121704101562,77.19999694824219,79.30000305175781,76.5999984741211,77.0,11944408
2024-03-07,66.29447174072266,76.0,77.4000015258789,75.69999694824219,77.30000305175781,7368484
2024-03-08,64.98601531982422,74.5,76.19999694824219,73.80000305175781,76.0,7012875
2024-03-11,66.12001037597656,75.80000305175781,76.4000015258789,74.80000305175781,75.0,3134325
2024-03-12,66.9923095703125,76.80000305175781,76.80000305175781,74.80000305175781,75.5,4367832
2024-03-13,66.12001037597656,75.80000305175781,77.19999694824219,75.69999694824219,77.0999984741211,3794730
2024-03-14,65.94554138183594,75.5999984741211,77.69999694824219,75.5999984741211,76.0999984741211,5821601
2024-03-15,64.462646484375,73.9000015258789,76.5999984741211,73.80000305175781,76.19999694824219,9206286
2024-03-18,65.85831451416016,75.5,76.30000305175781,73.80000305175781,74.0,5142894
2024-03-19,66.12001037597656,75.80000305175781,76.19999694824219,74.9000015258789,75.80000305175781,3097181
2024-03-20,68.03905487060547,78.0,79.30000305175781,75.30000305175781,75.80000305175781,16215410
2024-03-21,67.16675567626953,77.0,78.5999984741211,77.0,78.0999984741211,7416041
2024-03-22,66.9923095703125,76.80000305175781,78.4000015258789,76.80000305175781,77.4000015258789,4470420
2024-03-25,66.03277587890625,75.69999694824219,77.5999984741211,75.5999984741211,77.0,4050579
2024-03-26,65.6838607788086,75.30000305175781,77.5999984741211,74.5999984741211,76.0,5058678
2024-03-27,65.7710952758789,75.4000015258789,75.80000305175781,74.80000305175781,75.5999984741211,1976404
2024-03-28,66.81784057617188,76.5999984741211,77.19999694824219,75.5,75.5,4283675
2024-03-29,65.50940704345703,75.0999984741211,76.9000015258789,74.80000305175781,76.9000015258789,4351000
2024-04-01,65.50940704345703,75.0999984741211,75.5999984741211,75.0,75.0,1912907
2024-04-02,65.16047668457031,74.69999694824219,75.5,74.5999984741211,75.30000305175781,2482904
2024-04-03,65.07324981689453,74.5999984741211,75.0,74.0999984741211,74.69999694824219,1995682
2024-04-08,66.12001037597656,75.80000305175781,76.4000015258789,74.69999694824219,75.0,3876969
2024-04-09,66.12001037597656,75.80000305175781,76.19999694824219,75.30000305175781,76.0,2210190
2024-04-10,65.24771118164062,74.80000305175781,76.0,74.80000305175781,75.80000305175781,3752706
2024-04-11,64.98601531982422,74.5,75.4000015258789,74.4000015258789,74.69999694824219,3113011
2024-04-12,65.59663391113281,75.19999694824219,75.9000015258789,74.4000015258789,74.5999984741211,4682718
2024-04-15,66.3816909790039,76.0999984741211,77.5,74.5999984741211,75.19999694824219,6239003
2024-04-16,63.415889739990234,72.69999694824219,76.0,72.5999984741211,76.0,9775133
2024-04-17,65.85831451416016,75.5,76.80000305175781,73.0,73.0,6871184
2024-04-18,66.12001037597656,75.80000305175781,76.0,74.9000015258789,75.5999984741211,3007900
2024-04-19,64.6371078491211,74.0999984741211,75.80000305175781,72.9000015258789,75.0,4813197
2024-04-22,65.59663391113281,75.19999694824219,76.69999694824219,74.30000305175781,74.30000305175781,5081837
2024-04-23,71.09209442138672,81.5,81.5,76.4000015258789,76.5,40052461
2024-04-24,71.00486755371094,81.4000015258789,86.30000305175781,81.30000305175781,83.0,59542747
2024-04-25,73.62175750732422,84.4000015258789,85.5,81.80000305175781,82.80000305175781,30312987
2024-04-26,72.92391967773438,83.5999984741211,87.30000305175781,83.4000015258789,85.0,21787807
2024-04-29,74.40682220458984,85.30000305175781,86.69999694824219,84.0999984741211,84.80000305175781,16943695
2024-04-30,73.62175750732422,84.4000015258789,86.19999694824219,84.0,86.19999694824219,11676902
2024-05-02,76.41309356689453,87.5999984741211,89.5999984741211,83.9000015258789,84.4000015258789,22452684
2024-05-03,74.5812759399414,85.5,88.19999694824219,85.0999984741211,87.5999984741211,11573664
2024-05-06,73.2728271484375,84.0,86.80000305175781,84.0,86.30000305175781,9230854
2024-05-07,71.52824401855469,82.0,84.69999694824219,80.5,84.19999694824219,13189849
2024-05-08,71.00486755371094,81.4000015258789,83.0,80.9000015258789,82.4000015258789,6717628
2024-05-09,69.0858154296875,79.19999694824219,82.19999694824219,79.19999694824219,81.4000015258789,9247326
2024-05-10,68.56243133544922,78.5999984741211,79.9000015258789,78.0999984741211,79.4000015258789,7454999
2024-05-13,67.60291290283203,77.5,78.5999984741211,77.0,78.5999984741211,6123601
2024-05-14,67.86459350585938,77.80000305175781,79.0,77.5999984741211,78.0,6093774
2024-05-15,68.12628936767578,78.0999984741211,80.5999984741211,78.0999984741211,78.80000305175781,10238348
2024-05-16,68.38798522949219,78.4000015258789,79.30000305175781,78.0999984741211,78.80000305175781,5549348
2024-05-17,70.39424896240234,80.69999694824219,81.0999984741211,78.0999984741211,78.4000015258789,12703471
2024-05-20,69.60919189453125,79.80000305175781,82.4000015258789,79.0,82.30000305175781,17371715
2024-05-21,68.99858093261719,79.0999984741211,80.80000305175781,78.69999694824219,80.30000305175781,10987048
2024-05-22,67.7773666381836,77.69999694824219,79.69999694824219,77.69999694824219,79.19999694824219,11938619
2024-05-23,66.3816909790039,76.0999984741211,77.5999984741211,75.5,77.5,14484762
2024-05-24,68.21351623535156,78.19999694824219,78.19999694824219,75.19999694824219,75.30000305175781,10181670
2024-05-27,68.649658203125,78.69999694824219,78.80000305175781,77.19999694824219,78.5999984741211,6995207
2024-05-28,67.69013977050781,77.5999984741211,78.69999694824219,77.5,78.30000305175781,4910256
2024-05-29,66.7306137084961,76.5,78.0,76.4000015258789,77.5999984741211,4949022
2024-05-30,66.20723724365234,75.9000015258789,77.19999694824219,75.69999694824219,76.19999694824219,2532591
2024-05-31,66.03277587890625,75.69999694824219,77.0,75.69999694824219,76.5999984741211,2712551
2024-06-03,66.90506744384766,76.69999694824219,76.69999694824219,75.69999694824219,75.9000015258789,2673062
2024-06-04,67.16675567626953,77.0,77.19999694824219,76.0999984741211,76.69999694824219,2935935
2024-06-05,66.7306137084961,76.5,77.30000305175781,76.19999694824219,77.30000305175781,2418320
2024-06-06,66.46892547607422,76.19999694824219,76.69999694824219,75.5999984741211,76.5999984741211,2943458
2024-06-07,66.90506744384766,76.69999694824219,77.19999694824219,75.80000305175781,76.0,1809109
2024-06-11,66.9923095703125,76.80000305175781,77.4000015258789,76.5999984741211,76.9000015258789,3033933
2024-06-12,67.7773666381836,77.69999694824219,79.0999984741211,77.4000015258789,78.30000305175781,5718455
2024-06-13,67.07953643798828,76.9000015258789,78.0,76.69999694824219,77.80000305175781,3760652
2024-06-14,66.81784057617188,76.5999984741211,77.19999694824219,76.19999694824219,77.0,2631353
2024-06-17,68.47521209716797,78.5,78.5,76.5,76.69999694824219,4644449
2024-06-18,70.04534149169922,80.30000305175781,80.69999694824219,78.0999984741211,79.0,13006973
2024-06-19,70.132568359375,80.4000015258789,81.69999694824219,79.5999984741211,81.0,11571704
2024-06-20,70.132568359375,80.4000015258789,81.0999984741211,79.30000305175781,81.0,6365563
2024-06-21,71.52824401855469,82.0,82.0,79.69999694824219,80.30000305175781,9355688
2024-06-24,71.44100952148438,81.9000015258789,82.4000015258789,81.0,82.0,6969888
2024-06-25,70.56871795654297,80.9000015258789,82.0,80.30000305175781,82.0,4086828
2024-06-26,69.34750366210938,79.5,80.80000305175781,79.5,80.80000305175781,4492616
2024-06-27,68.47521209716797,78.5,80.0,78.5,80.0,2915933
2024-06-28,68.8241195678711,78.9000015258789,79.5,78.5999984741211,78.69999694824219,2575293
2024-07-01,68.73689270019531,78.80000305175781,79.5,78.5999984741211,79.0,2143294
2024-07-02,68.99858093261719,79.0999984741211,79.30000305175781,77.69999694824219,78.9000015258789,2549432
2024-07-03,69.17304992675781,79.30000305175781,79.80000305175781,78.5,79.30000305175781,6597252
2024-07-04,67.95182800292969,77.9000015258789,80.0,77.80000305175781,79.0999984741211,6616891
2024-07-05,69.34750366210938,79.5,79.5,77.0,77.9000015258789,5756919
2024-07-08,69.87088012695312,80.0999984741211,80.5,78.80000305175781,79.5999984741211,4119535
2024-07-09,68.8241195678711,78.9000015258789,80.5999984741211,78.69999694824219,80.5999984741211,2675643
2024-07-10,71.26655578613281,81.69999694824219,81.69999694824219,79.19999694824219,79.19999694824219,8389870
2024-07-11,70.48148345947266,80.80000305175781,81.5999984741211,80.30000305175781,81.5,3893866
2024-07-12,69.78365325927734,80.0,81.0,79.5,80.19999694824219,2588831
2024-07-15,70.83039855957031,81.19999694824219,81.30000305175781,79.9000015258789,80.0999984741211,3507946
2024-07-16,71.96439361572266,82.5,84.0,81.0,81.9000015258789,12768405
2024-07-17,71.61546325683594,82.0999984741211,83.19999694824219,81.5999984741211,82.80000305175781,6131242
2024-07-18,70.39424896240234,80.69999694824219,81.69999694824219,80.30000305175781,81.0999984741211,4818533
2024-07-19,68.649658203125,78.69999694824219,80.5999984741211,78.4000015258789,80.5999984741211,5433363
2024-07-22,67.16675567626953,77.0,78.9000015258789,76.5,78.69999694824219,6280700
2024-07-23,68.21351623535156,78.19999694824219,79.5999984741211,77.30000305175781,77.30000305175781,5162032
2024-07-26,69.66487121582031,76.80000305175781,77.5,75.80000305175781,76.5,6233489
2024-07-29,68.39494323730469,75.4000015258789,79.19999694824219,75.4000015258789,77.5,4910081
2024-07-30,68.93919372558594,76.0,76.0,74.0,75.19999694824219,2802954
2024-07-31,69.39273834228516,76.5,76.9000015258789,75.80000305175781,75.9000015258789,1250114
2024-08-01,69.66487121582031,76.80000305175781,77.0999984741211,76.4000015258789,77.0999984741211,1414740
2024-08-02,68.93919372558594,76.0,77.30000305175781,75.5999984741211,76.0,2899438
2024-08-05,63.678043365478516,70.19999694824219,74.0,69.69999694824219,74.0,7416608
2024-08-06,65.3108139038086,72.0,73.5999984741211,69.5,71.80000305175781,3613448
2024-08-07,67.03429412841797,73.9000015258789,74.30000305175781,71.80000305175781,71.9000015258789,2743645
2024-08-08,65.9457778930664,72.69999694824219,73.69999694824219,72.4000015258789,72.5999984741211,1272300
2024-08-09,66.39933013916016,73.19999694824219,74.0999984741211,73.0,73.5,1347352
2024-08-12,67.48783874511719,74.4000015258789,74.5,72.69999694824219,73.9000015258789,1388251
2024-08-13,66.94358825683594,73.80000305175781,74.19999694824219,72.69999694824219,73.5,2032240
2024-08-14,67.21571350097656,74.0999984741211,74.0999984741211,72.9000015258789,73.80000305175781,2822396
2024-08-15,66.21791076660156,73.0,74.5,73.0,74.0999984741211,1491171
2024-08-16,66.67145538330078,73.5,74.0,73.0,73.5,2028432
2024-08-19,65.9457778930664,72.69999694824219,73.30000305175781,72.5,73.19999694824219,1664764
2024-08-20,66.58074188232422,73.4000015258789,73.9000015258789,72.69999694824219,72.69999694824219,1566501
2024-08-21,66.58074188232422,73.4000015258789,73.69999694824219,72.9000015258789,73.4000015258789,1039466
2024-08-22,66.3086166381836,73.0999984741211,73.5,72.9000015258789,73.30000305175781,696802
2024-08-23,66.85286712646484,73.69999694824219,73.69999694824219,72.4000015258789,72.69999694824219,807521
2024-08-26,68.48564147949219,75.5,76.5,73.9000015258789,74.0,3572416
2024-08-27,68.30422973632812,75.30000305175781,75.30000305175781,74.5,75.19999694824219,1011291
2024-08-28,68.75777435302734,75.80000305175781,75.80000305175781,74.80000305175781,75.30000305175781,849604
2024-08-29,68.57634735107422,75.5999984741211,75.80000305175781,75.0,75.0999984741211,606325
2024-08-30,69.12061309814453,76.19999694824219,76.19999694824219,75.4000015258789,75.80000305175781,970538
2024-09-02,69.66487121582031,76.80000305175781,77.19999694824219,75.80000305175781,76.19999694824219,1971373
2024-09-03,68.93919372558594,76.0,77.19999694824219,75.9000015258789,77.19999694824219,1195341
2024-09-04,67.85067749023438,74.80000305175781,75.69999694824219,73.0999984741211,73.9000015258789,2088300
2024-09-05,67.125,74.0,76.0999984741211,74.0,75.4000015258789,1640840
2024-09-06,66.85286712646484,73.69999694824219,75.69999694824219,73.4000015258789,75.69999694824219,1250200
2024-09-09,68.03209686279297,75.0,75.0,72.19999694824219,72.30000305175781,1469320
2024-09-10,67.21571350097656,74.0999984741211,75.30000305175781,73.80000305175781,74.69999694824219,1012305
2024-09-11,66.127197265625,72.9000015258789,74.0999984741211,72.9000015258789,74.0999984741211,1319732
2024-09-12,65.76435852050781,72.5,74.0,72.5,73.9000015258789,1345884
2024-09-13,66.03649139404297,72.80000305175781,73.80000305175781,72.5999984741211,72.5999984741211,1230332
2024-09-16,66.76216125488281,73.5999984741211,74.0,72.80000305175781,72.80000305175781,705200
2024-09-18,68.39494323730469,75.4000015258789,76.4000015258789,73.69999694824219,74.0,3339454
2024-09-19,69.30203247070312,76.4000015258789,76.4000015258789,74.80000305175781,75.5,1995069
2024-09-20,68.75777435302734,75.80000305175781,76.80000305175781,75.5,76.69999694824219,1622682
2024-09-23,68.66706085205078,75.69999694824219,76.4000015258789,75.30000305175781,76.4000015258789,989106
2024-09-24,67.48783874511719,74.4000015258789,75.69999694824219,74.4000015258789,75.69999694824219,992926
2024-09-25,67.48783874511719,74.4000015258789,75.9000015258789,74.4000015258789,75.30000305175781,1247117
2024-09-26,67.66925811767578,74.5999984741211,75.19999694824219,74.5,74.5999984741211,706161
2024-09-27,67.48783874511719,74.4000015258789,75.30000305175781,74.4000015258789,74.80000305175781,1284132
2024-09-30,66.21791076660156,73.0,74.4000015258789,73.0,74.4000015258789,1675200
2024-10-01,66.03649139404297,72.80000305175781,73.5,72.5,73.0999984741211,1213106
2024-10-04,65.67365264892578,72.4000015258789,73.30000305175781,72.4000015258789,73.0,1098513
2024-10-07,67.3064193725586,74.19999694824219,74.30000305175781,72.80000305175781,72.80000305175781,1979515
2024-10-08,65.9457778930664,72.69999694824219,74.0,72.19999694824219,74.0,1651950
2024-10-09,65.3108139038086,72.0,73.0,72.0,73.0,1683790
2024-10-11,64.85726165771484,71.5,72.19999694824219,70.9000015258789,72.19999694824219,2198241
2024-10-14,63.49662780761719,70.0,71.4000015258789,70.0,71.4000015258789,3334529
2024-10-15,63.49662780761719,70.0,71.0,70.0,70.30000305175781,2192918
2024-10-16,66.03649139404297,72.80000305175781,72.80000305175781,70.0,70.0999984741211,3265294
2024-10-17,64.3130111694336,70.9000015258789,71.4000015258789,70.5,71.30000305175781,1591923
2024-10-18,63.678043365478516,70.19999694824219,71.30000305175781,70.19999694824219,71.0999984741211,1570844
2024-10-21,63.58733367919922,70.0999984741211,70.80000305175781,70.0,70.19999694824219,1145615
2024-10-22,63.76875305175781,70.30000305175781,71.0,70.19999694824219,70.5,1935607
2024-10-23,63.49662780761719,70.0,70.5999984741211,70.0,70.19999694824219,1491246
2024-10-24,63.49662780761719,70.0,70.30000305175781,69.0999984741211,70.0999984741211,2919254
2024-10-25,63.04307556152344,69.5,70.19999694824219,69.4000015258789,70.0999984741211,2115665
2024-10-28,63.49662780761719,70.0,70.30000305175781,69.19999694824219,69.4000015258789,1204601
2024-10-29,62.77095031738281,69.19999694824219,70.19999694824219,69.19999694824219,70.19999694824219,1787293
2024-10-30,63.40591812133789,69.9000015258789,70.30000305175781,69.19999694824219,70.0,2247808
2024-11-01,63.49662780761719,70.0,70.4000015258789,68.69999694824219,69.5,2642167
2024-11-04,63.85946273803711,70.4000015258789,71.0,70.19999694824219,70.19999694824219,2806150
2024-11-05,63.76875305175781,70.30000305175781,70.5,69.9000015258789,70.4000015258789,1337170
2024-11-06,63.76875305175781,70.30000305175781,70.80000305175781,70.30000305175781,70.30000305175781,1687388
2024-11-07,63.58733367919922,70.0999984741211,71.0999984741211,70.0999984741211,70.0999984741211,1592332
2024-11-08,63.85946273803711,70.4000015258789,70.69999694824219,69.69999694824219,70.19999694824219,1464249
2024-11-11,64.13158416748047,70.69999694824219,71.19999694824219,70.4000015258789,70.69999694824219,2051105
2024-11-12,63.133785247802734,69.5999984741211,70.4000015258789,69.5,70.19999694824219,2475485
2024-11-13,62.40811538696289,68.80000305175781,69.5999984741211,67.5999984741211,69.5999984741211,3376634
2024-11-14,62.40811538696289,68.80000305175781,69.30000305175781,68.5999984741211,68.69999694824219,3279314
2024-11-15,62.226688385009766,68.5999984741211,70.0999984741211,68.5999984741211,69.0,3223300
2024-11-18,63.224491119384766,69.69999694824219,69.9000015258789,68.69999694824219,69.30000305175781,6068162
2024-11-19,65.58294677734375,72.30000305175781,72.30000305175781,70.80000305175781,70.80000305175781,11804862
2024-11-20,64.22230529785156,70.80000305175781,70.80000305175781,70.80000305175781,70.80000305175781,7748173
2024-11-21,65.49223327636719,72.19999694824219,72.19999694824219,70.30000305175781,71.0999984741211,6578958
2024-11-22,65.67365264892578,72.4000015258789,73.19999694824219,71.69999694824219,72.0999984741211,5895280
2024-11-25,64.76655578613281,71.4000015258789,72.5999984741211,71.19999694824219,72.4000015258789,1944153
2024-11-26,65.3108139038086,72.0,72.19999694824219,71.0999984741211,71.80000305175781,1452503
2024-11-27,64.40371704101562,71.0,72.19999694824219,71.0,72.0,1113238
2024-11-28,63.58733367919922,70.0999984741211,71.0,70.0,71.0,1326586
2024-11-29,64.3130111694336,70.9000015258789,70.9000015258789,69.5999984741211,69.80000305175781,870200
2024-12-02,64.67584991455078,71.30000305175781,71.69999694824219,70.9000015258789,71.0,1475424
2024-12-03,64.85726165771484,71.5,71.5999984741211,70.69999694824219,71.5,2089578
2024-12-04,64.3130111694336,70.9000015258789,71.4000015258789,70.69999694824219,71.30000305175781,1143623
2024-12-05,63.49662780761719,70.0,71.30000305175781,69.80000305175781,71.30000305175781,1313970
2024-12-06,63.224491119384766,69.69999694824219,70.4000015258789,69.5999984741211,69.80000305175781,1113893
2024-12-09,62.95236587524414,69.4000015258789,70.0999984741211,69.0,70.0999984741211,1615313
2024-12-10,63.315208435058594,69.80000305175781,69.9000015258789,69.4000015258789,69.9000015258789,978336
2024-12-11,62.58953094482422,69.0,69.9000015258789,68.5999984741211,69.9000015258789,1386117
2024-12-12,62.680240631103516,69.0999984741211,69.80000305175781,68.80000305175781,69.19999694824219,981600
2024-12-13,62.40811538696289,68.80000305175781,69.19999694824219,68.19999694824219,69.0,1387502
2024-12-16,62.861656188964844,69.30000305175781,69.5,68.5,68.80000305175781,1608577
2024-12-17,62.49882507324219,68.9000015258789,69.0999984741211,67.80000305175781,68.9000015258789,3484383
2024-12-18,61.86384963989258,68.19999694824219,68.9000015258789,67.80000305175781,68.5,2575126
2024-12-19,61.59172821044922,67.9000015258789,68.69999694824219,67.9000015258789,68.0,2721501
2024-12-20,61.31959533691406,67.5999984741211,68.69999694824219,67.5999984741211,67.9000015258789,2272414
2024-12-23,62.226688385009766,68.5999984741211,68.69999694824219,67.80000305175781,68.5,2354986
2024-12-24,63.224491119384766,69.69999694824219,69.69999694824219,68.69999694824219,68.9000015258789,1481302
2024-12-25,63.76875305175781,70.30000305175781,70.30000305175781,69.5,69.69999694824219,1325508
2024-12-26,63.678043365478516,70.19999694824219,70.5,69.0,70.30000305175781,911240
2024-12-27,62.31739807128906,68.69999694824219,69.69999694824219,68.69999694824219,69.69999694824219,671629
2024-12-30,62.40811538696289,68.80000305175781,69.30000305175781,68.5,68.69999694824219,474335
2024-12-31,62.680240631103516,69.0999984741211,69.0999984741211,68.30000305175781,68.80000305175781,624252
2025-01-02,63.49662780761719,70.0,70.5,69.30000305175781,69.30000305175781,2136411
2025-01-03,62.95236587524414,69.4000015258789,70.5,69.4000015258789,70.4000015258789,1255525
2025-01-06,63.224491119384766,69.69999694824219,70.19999694824219,69.30000305175781,69.5999984741211,1364588
2025-01-07,63.133785247802734,69.5999984741211,70.19999694824219,69.30000305175781,70.0999984741211,1266301
2025-01-08,63.58733367919922,70.0999984741211,70.19999694824219,69.4000015258789,69.5999984741211,1138212
2025-01-09,61.95456314086914,68.30000305175781,70.0999984741211,68.19999694824219,70.0999984741211,801174
2025-01-10,61.682437896728516,68.0,68.5999984741211,67.4000015258789,68.30000305175781,1479414
2025-01-13,62.04527282714844,68.4000015258789,68.4000015258789,67.5,67.80000305175781,825431
2025-01-14,62.40811538696289,68.80000305175781,69.0999984741211,68.0999984741211,68.5,498460
2025-01-15,62.95236587524414,69.4000015258789,69.4000015258789,68.5999984741211,68.80000305175781,716382
2025-01-16,62.95236587524414,69.4000015258789,70.19999694824219,69.0999984741211,70.0,826205
2025-01-17,63.49662780761719,70.0,70.19999694824219,69.5,69.5,717357
2025-01-20,63.58733367919922,70.0999984741211,70.0999984741211,69.5999984741211,70.0,535376
2025-01-21,63.58733367919922,70.0999984741211,70.9000015258789,70.0,70.0999984741211,749098
2025-01-22,63.95016860961914,70.5,70.69999694824219,70.0999984741211,70.5,753301
2025-02-03,64.3130111694336,70.9000015258789,70.9000015258789,69.69999694824219,69.80000305175781,1078343
2025-02-04,63.85946273803711,70.4000015258789,71.5,70.4000015258789,70.9000015258789,901200
2025-02-05,64.67584991455078,71.30000305175781,71.5,70.69999694824219,71.30000305175781,895395
2025-02-06,64.67584991455078,71.30000305175781,71.5,70.9000015258789,71.30000305175781,561188
2025-02-07,63.95016860961914,70.5,71.4000015258789,70.5,71.4000015258789,337218
2025-02-10,64.04087829589844,70.5999984741211,70.9000015258789,70.4000015258789,70.5,437552
2025-02-11,63.315208435058594,69.80000305175781,70.9000015258789,69.69999694824219,70.5,690613
2025-02-12,63.04307556152344,69.5,70.5,69.5,69.80000305175781,455002
2025-02-13,63.224491119384766,69.69999694824219,70.4000015258789,69.5999984741211,69.80000305175781,380231
2025-02-14,63.224491119384766,69.69999694824219,70.69999694824219,69.69999694824219,69.69999694824219,576307
2025-02-17,63.04307556152344,69.5,70.30000305175781,69.5,70.19999694824219,591394
2025-02-18,62.95236587524414,69.4000015258789,69.80000305175781,69.4000015258789,69.5,460247
2025-02-19,62.861656188964844,69.30000305175781,69.9000015258789,69.30000305175781,69.5,447502
2025-02-20,63.224491119384766,69.69999694824219,70.0999984741211,69.4000015258789,69.4000015258789,421401
2025-02-21,63.76875305175781,70.30000305175781,70.5,69.80000305175781,70.0,641679
2025-02-24,63.58733367919922,70.0999984741211,70.80000305175781,70.0999984741211,70.4000015258789,382104
2025-02-25,63.224491119384766,69.69999694824219,70.19999694824219,69.5,69.80000305175781,503400
2025-02-26,63.133785247802734,69.5999984741211,69.80000305175781,69.5,69.69999694824219,323111
2025-02-27,62.95236587524414,69.4000015258789,70.0999984741211,69.4000015258789,69.5999984741211,677366
2025-03-03,62.680240631103516,69.0999984741211,69.80000305175781,68.80000305175781,69.5,501304
2025-03-04,62.135982513427734,68.5,68.9000015258789,68.30000305175781,68.5999984741211,533228
2025-03-05,62.226688385009766,68.5999984741211,69.0,68.0999984741211,68.0999984741211,469529
2025-03-06,62.226688385009766,68.5999984741211,69.0,68.5999984741211,68.69999694824219,430661
2025-03-07,62.04527282714844,68.4000015258789,68.80000305175781,68.4000015258789,68.5,519387
2025-03-10,62.04527282714844,68.4000015258789,68.80000305175781,68.19999694824219,68.30000305175781,422214
2025-03-11,61.41030502319336,67.69999694824219,68.5,67.5999984741211,68.0999984741211,1451398
2025-03-12,61.86384963989258,68.19999694824219,68.5999984741211,67.69999694824219,67.69999694824219,545796
2025-03-13,62.31739807128906,68.69999694824219,69.0999984741211,68.30000305175781,68.30000305175781,799886
2025-03-14,63.40591812133789,69.9000015258789,70.0999984741211,69.0999984741211,69.0999984741211,1283433
2025-03-17,64.3130111694336,70.9000015258789,71.19999694824219,70.19999694824219,70.4000015258789,1421256
2025-03-18,64.22230529785156,70.80000305175781,71.5,70.80000305175781,71.4000015258789,633329
2025-03-19,64.3130111694336,70.9000015258789,71.5,70.69999694824219,71.0,1028836
2025-03-20,64.9479751586914,71.5999984741211,71.69999694824219,71.19999694824219,71.4000015258789,1201232
2025-03-21,65.3108139038086,72.0,72.0,71.5999984741211,71.5999984741211,1353709
2025-03-24,65.03868103027344,71.69999694824219,72.30000305175781,71.30000305175781,72.0,640968
2025-03-25,65.12939453125,71.80000305175781,72.0999984741211,71.30000305175781,72.0999984741211,759744
2025-03-26,65.67365264892578,72.4000015258789,72.5999984741211,72.0,72.0,1767303
2025-03-27,65.49223327636719,72.19999694824219,72.30000305175781,71.30000305175781,72.0999984741211,836370
2025-03-28,64.85726165771484,71.5,72.19999694824219,70.0999984741211,72.0,1293263
2025-03-31,63.76875305175781,70.30000305175781,70.9000015258789,69.9000015258789,70.0999984741211,1095070
2025-04-01,65.22010803222656,71.9000015258789,71.9000015258789,70.30000305175781,70.30000305175781,997485
2025-04-02,64.85726165771484,71.5,71.69999694824219,70.80000305175781,71.4000015258789,552283
2025-04-07,59.50540542602539,65.5999984741211,67.5,64.4000015258789,64.4000015258789,8653210
2025-04-08,59.958953857421875,66.0999984741211,67.4000015258789,65.5999984741211,65.5999984741211,3085050
2025-04-09,59.41469955444336,65.5,66.19999694824219,64.5,66.0999984741211,3091296
2025-04-10,61.95456314086914,68.30000305175781,71.0,68.30000305175781,69.19999694824219,5361955
2025-04-11,63.315208435058594,69.80000305175781,69.80000305175781,66.69999694824219,67.0,2932928
2025-04-14,63.04307556152344,69.5,70.0999984741211,68.5999984741211,69.5,1827761
2025-04-15,63.49662780761719,70.0,70.0999984741211,68.69999694824219,69.30000305175781,1360423
2025-04-16,63.85946273803711,70.4000015258789,70.5999984741211,69.0,69.0,1113789
2025-04-17,63.76875305175781,70.30000305175781,70.69999694824219,70.0,70.0,692165
2025-04-18,63.58733367919922,70.0999984741211,70.5999984741211,69.9000015258789,70.4000015258789,1225214
2025-04-21,62.861656188964844,69.30000305175781,70.30000305175781,69.30000305175781,70.0999984741211,1726310
2025-04-22,62.861656188964844,69.30000305175781,69.9000015258789,68.9000015258789,69.30000305175781,1817148
2025-04-23,63.224491119384766,69.69999694824219,69.9000015258789,69.0999984741211,69.5,888200
2025-04-24,63.678043365478516,70.19999694824219,70.19999694824219,69.5,69.5,866312
2025-04-25,63.76875305175781,70.30000305175781,70.4000015258789,69.69999694824219,70.4000015258789,607841
2025-04-28,63.315208435058594,69.80000305175781,70.5,69.5,70.5,409470
2025-04-29,63.49662780761719,70.0,70.0999984741211,69.4000015258789,69.9000015258789,733406
2025-04-30,62.77095031738281,69.19999694824219,69.80000305175781,69.19999694824219,69.5999984741211,979473
2025-05-02,63.315208435058594,69.80000305175781,69.9000015258789,69.19999694824219,69.19999694824219,425200
2025-05-05,63.224491119384766,69.69999694824219,71.0,69.0999984741211,70.19999694824219,1114101
2025-05-06,63.678043365478516,70.19999694824219,70.30000305175781,69.5,70.0,765102
2025-05-07,64.04087829589844,70.5999984741211,70.80000305175781,69.80000305175781,70.30000305175781,1102114
2025-05-08,64.22230529785156,70.80000305175781,70.80000305175781,70.4000015258789,70.69999694824219,399656
2025-05-09,64.40371704101562,71.0,71.0,70.19999694824219,70.5,1047376
2025-05-12,64.22230529785156,70.80000305175781,71.5,70.80000305175781,71.0,670162
2025-05-13,64.22230529785156,70.80000305175781,71.30000305175781,70.19999694824219,70.9000015258789,867262
2025-05-14,64.13158416748047,70.69999694824219,71.0999984741211,70.5,70.9000015258789,760628
2025-05-15,63.85946273803711,70.4000015258789,71.0,70.4000015258789,70.69999694824219,535230
2025-05-16,64.85726165771484,71.5,71.5,70.69999694824219,70.69999694824219,1370491
2025-05-19,64.22230529785156,70.80000305175781,72.0,70.4000015258789,71.9000015258789,810070
2025-05-20,64.49443054199219,71.0999984741211,71.0999984741211,70.4000015258789,70.80000305175781,817703
2025-05-21,64.9479751586914,71.5999984741211,71.5999984741211,70.5999984741211,71.19999694824219,874520
2025-05-22,64.9479751586914,71.5999984741211,71.5999984741211,70.9000015258789,71.30000305175781,607100
2025-05-23,64.67584991455078,71.30000305175781,71.5999984741211,70.69999694824219,70.69999694824219,394321
2025-05-26,64.85726165771484,71.5,71.5,70.69999694824219,71.30000305175781,804301
2025-05-27,64.85726165771484,71.5,71.5999984741211,71.0,71.5,824317
2025-05-28,64.04087829589844,70.5999984741211,71.5999984741211,70.5,71.5999984741211,838402
2025-05-29,63.95016860961914,70.5,70.69999694824219,69.80000305175781,70.5,1212122
2025-06-02,63.49662780761719,70.0,70.0,69.30000305175781,69.69999694824219,1343170
2025-06-03,62.58953094482422,69.0,70.0999984741211,68.80000305175781,70.0999984741211,1329227
2025-06-04,62.226688385009766,68.5999984741211,69.4000015258789,68.4000015258789,69.19999694824219,1041450
2025-06-05,62.58953094482422,69.0,69.0,68.0999984741211,68.5,754342
2025-06-06,62.58953094482422,69.0,69.0,68.19999694824219,69.0,861381
2025-06-09,61.95456314086914,68.30000305175781,69.19999694824219,68.0999984741211,69.19999694824219,781202
2025-06-10,62.04527282714844,68.4000015258789,68.69999694824219,68.0,68.0999984741211,660780
2025-06-11,61.50101852416992,67.80000305175781,68.30000305175781,67.69999694824219,68.0999984741211,845753
2025-06-12,61.228885650634766,67.5,68.0999984741211,67.5,67.5999984741211,653574
2025-06-13,61.228885650634766,67.5,67.5,66.9000015258789,67.19999694824219,881191
2025-06-16,59.686832427978516,65.80000305175781,67.19999694824219,65.80000305175781,67.19999694824219,1427376
2025-06-17,60.231082916259766,66.4000015258789,66.4000015258789,65.4000015258789,66.0,875580
2025-06-18,59.86824417114258,66.0,66.4000015258789,65.4000015258789,66.4000015258789,2113699
2025-06-19,57.1469612121582,63.0,65.5,63.0,65.5,3367900
2025-06-20,56.05844497680664,61.79999923706055,63.29999923706055,61.79999923706055,63.0,7709498
2025-06-23,54.87922668457031,60.5,61.29999923706055,59.70000076293945,61.29999923706055,2301651
2025-06-24,56.2398681640625,62.0,63.20000076293945,61.900001525878906,63.0,1612206
2025-06-25,56.1491584777832,61.900001525878906,62.70000076293945,61.79999923706055,62.29999923706055,957201
2025-06-26,56.693416595458984,62.5,62.599998474121094,61.900001525878906,62.29999923706055,1169252
2025-06-27,56.87483215332031,62.70000076293945,63.0,62.099998474121094,62.599998474121094,1304161
2025-06-30,56.3305778503418,62.099998474121094,62.79999923706055,62.0,62.79999923706055,780512
2025-07-01,56.2398681640625,62.0,62.70000076293945,61.900001525878906,62.099998474121094,1097334
2025-07-02,57.87263488769531,63.79999923706055,63.79999923706055,62.0,62.0,1851286
2025-07-03,58.50760269165039,64.5,64.5999984741211,63.79999923706055,63.79999923706055,2187096
2025-07-04,56.693416595458984,62.5,64.69999694824219,62.5,64.5999984741211,1329339
2025-07-07,57.41908645629883,63.29999923706055,63.5,62.29999923706055,62.29999923706055,696094
2025-07-08,57.691219329833984,63.599998474121094,63.70000076293945,63.0,63.70000076293945,651300
2025-07-09,57.78192901611328,63.70000076293945,63.70000076293945,63.29999923706055,63.599998474121094,482273
2025-07-10,57.1469612121582,63.0,63.599998474121094,63.0,63.099998474121094,316105
2025-07-11,57.60050964355469,63.5,63.5,62.79999923706055,63.099998474121094,360131
2025-07-14,57.41908645629883,63.29999923706055,64.0,63.099998474121094,63.400001525878906,386401
2025-07-15,57.41908645629883,63.29999923706055,63.5,62.900001525878906,63.099998474121094,269201
2025-07-16,57.1469612121582,63.0,63.5,62.900001525878906,63.0,567973
2025-07-17,57.50979995727539,63.400001525878906,63.599998474121094,63.0,63.0,918604
2025-07-18,58.2354736328125,64.19999694824219,64.80000305175781,63.5,63.70000076293945,1725000
2025-07-21,58.05405807495117,64.0,65.0,63.599998474121094,64.9000015258789,1891666
2025-07-22,58.65182113647461,61.599998474121094,62.0,60.79999923706055,61.20000076293945,3587256
2025-07-23,59.98481750488281,63.0,63.400001525878906,61.099998474121094,61.5,1396000
2025-07-24,59.79438781738281,62.79999923706055,63.5,62.5,63.0,844100
2025-07-25,59.50874710083008,62.5,62.70000076293945,61.79999923706055,62.5,905200
2025-07-28,58.74703598022461,61.70000076293945,62.20000076293945,61.70000076293945,62.0,983282
2025-07-29,58.84225082397461,61.79999923706055,62.5,61.5,61.5,1069185
2025-07-30,59.032676696777344,62.0,62.099998474121094,61.5,61.79999923706055,629590
2025-07-31,59.032676696777344,62.0,62.0,61.29999923706055,61.70000076293945,880217
2025-08-04,59.98481750488281,63.0,63.099998474121094,61.599998474121094,61.599998474121094,973392
2025-08-05,59.98481750488281,63.0,63.20000076293945,62.29999923706055,62.70000076293945,622390
2025-08-06,60.27045822143555,63.29999923706055,63.400001525878906,62.29999923706055,63.0,515202
2025-08-07,60.27045822143555,63.29999923706055,63.400001525878906,62.70000076293945,63.29999923706055,661221
2025-08-08,60.27045822143555,63.29999923706055,63.29999923706055,62.599998474121094,62.79999923706055,563319
2025-08-11,60.27045822143555,63.29999923706055,63.29999923706055,62.599998474121094,62.900001525878906,802333
2025-08-12,59.98481750488281,63.0,63.400001525878906,62.900001525878906,63.29999923706055,461272
2025-08-13,60.46088790893555,63.5,63.900001525878906,62.900001525878906,63.29999923706055,636250
2025-08-14,61.413028717041016,64.5,64.5999984741211,63.900001525878906,64.0999984741211,1421671
2025-08-15,60.65131759643555,63.70000076293945,64.5,63.20000076293945,64.5,1199637
2025-08-18,60.27045822143555,63.29999923706055,63.900001525878906,63.0,63.400001525878906,767219
2025-08-19,59.98481750488281,63.0,63.29999923706055,62.400001525878906,63.099998474121094,1090206
2025-08-20,60.08003234863281,63.099998474121094,63.400001525878906,62.900001525878906,63.20000076293945,499300
2025-08-21,61.317813873291016,64.4000015258789,64.4000015258789,63.400001525878906,63.400001525878906,911340
2025-08-22,61.79388427734375,64.9000015258789,65.4000015258789,64.19999694824219,64.19999694824219,1476005
2025-08-25,61.50823974609375,64.5999984741211,65.0999984741211,64.30000305175781,64.9000015258789,728891
2025-08-26,61.50823974609375,64.5999984741211,65.0,64.19999694824219,64.30000305175781,745314
2025-08-27,61.032169342041016,64.0999984741211,64.5999984741211,64.0,64.30000305175781,483847
2025-08-28,61.413028717041016,64.5,65.0,63.79999923706055,64.0,744260
2025-08-29,61.984310150146484,65.0999984741211,65.0999984741211,64.0999984741211,65.0,634796
2025-09-01,61.127384185791016,64.19999694824219,65.19999694824219,64.19999694824219,65.0999984741211,575320
2025-09-02,61.127384185791016,64.19999694824219,64.80000305175781,64.0,64.0999984741211,422600
2025-09-03,61.88909912109375,65.0,65.0999984741211,64.5,64.5,385532
2025-09-04,62.93645095825195,66.0999984741211,66.4000015258789,65.0,65.0,838318
2025-09-05,63.31730651855469,66.5,66.5999984741211,66.0999984741211,66.4000015258789,382825
2025-09-08,63.31730651855469,66.5,67.0,66.4000015258789,66.5999984741211,527330
2025-09-09,63.50773239135742,66.69999694824219,66.9000015258789,66.4000015258789,66.5,418060
2025-09-10,63.03166198730469,66.19999694824219,66.9000015258789,66.0999984741211,66.5,770128
2025-09-11,60.93695831298828,64.0,65.80000305175781,63.599998474121094,65.69999694824219,1639361
2025-09-12,60.55610275268555,63.599998474121094,64.69999694824219,63.20000076293945,64.19999694824219,939185
2025-09-15,60.93695831298828,64.0,64.4000015258789,63.599998474121094,63.599998474121094,296140
2025-09-16,61.317813873291016,64.4000015258789,64.9000015258789,64.0,64.19999694824219,723212
2025-09-17,61.60345458984375,64.69999694824219,65.0,64.0999984741211,64.4000015258789,1039028
2025-09-18,60.84174728393555,63.900001525878906,64.69999694824219,63.79999923706055,64.5999984741211,1014365
2025-09-19,59.69917678833008,62.70000076293945,63.900001525878906,62.70000076293945,63.900001525878906,1293437
2025-09-22,59.98481750488281,63.0,63.29999923706055,62.70000076293945,63.0,338719
2025-09-23,59.223106384277344,62.20000076293945,62.900001525878906,62.20000076293945,62.900001525878906,642250
2025-09-24,59.318321228027344,62.29999923706055,62.900001525878906,62.29999923706055,62.29999923706055,525819
2025-09-25,59.98481750488281,63.0,63.20000076293945,62.599998474121094,62.70000076293945,404863
2025-09-26,59.318321228027344,62.29999923706055,63.400001525878906,62.29999923706055,63.400001525878906,584200
2025-09-30,59.223106384277344,62.20000076293945,63.400001525878906,62.20000076293945,63.400001525878906,465974
2025-10-01,59.032676696777344,62.0,62.70000076293945,62.0,62.29999923706055,395803
2025-10-02,59.223106384277344,62.20000076293945,62.5,61.900001525878906,62.29999923706055,423444
2025-10-03,58.84225082397461,61.79999923706055,62.599998474121094,61.79999923706055,62.599998474121094,717445
2025-10-07,59.79438781738281,62.79999923706055,63.0,61.70000076293945,61.79999923706055,561456
2025-10-08,59.223106384277344,62.20000076293945,63.0,61.900001525878906,63.0,416502
2025-10-09,59.032676696777344,62.0,62.29999923706055,61.599998474121094,62.20000076293945,954147
2025-10-13,57.89011001586914,60.79999923706055,61.79999923706055,60.70000076293945,61.79999923706055,864175
2025-10-14,57.509254455566406,60.400001525878906,61.099998474121094,60.400001525878906,60.79999923706055,941809
2025-10-15,57.509254455566406,60.400001525878906,61.400001525878906,60.099998474121094,61.400001525878906,1332177
2025-10-16,57.69968032836914,60.599998474121094,60.79999923706055,60.29999923706055,60.400001525878906,359842
2025-10-17,58.08053970336914,61.0,61.599998474121094,60.400001525878906,60.599998474121094,1166021
2025-10-20,57.69968032836914,60.599998474121094,61.599998474121094,60.599998474121094,61.29999923706055,683948
2025-10-21,57.89011001586914,60.79999923706055,61.400001525878906,60.70000076293945,61.099998474121094,975151
2025-10-22,58.93746566772461,61.900001525878906,62.0,61.0,61.29999923706055,872120
2025-10-23,58.93746566772461,61.900001525878906,62.29999923706055,61.599998474121094,62.29999923706055,350162
2025-10-27,58.461395263671875,61.400001525878906,62.29999923706055,61.20000076293945,62.20000076293945,571202
2025-10-28,57.98532485961914,60.900001525878906,61.5,60.70000076293945,61.5,433760
2025-10-29,57.604469299316406,60.5,61.0,60.5,60.900001525878906,622600
2025-10-30,57.604469299316406,60.5,60.900001525878906,60.29999923706055,60.5,481622
2025-10-31,57.509254455566406,60.400001525878906,61.0,60.20000076293945,61.0,697822
2025-11-03,57.414039611816406,60.29999923706055,60.70000076293945,60.20000076293945,60.400001525878906,568220
2025-11-04,57.509254455566406,60.400001525878906,60.900001525878906,60.20000076293945,60.29999923706055,666263
2025-11-05,57.794898986816406,60.70000076293945,60.900001525878906,59.599998474121094,60.29999923706055,694190
2025-11-06,58.84225082397461,61.79999923706055,62.0,60.79999923706055,61.20000076293945,752116
2025-11-07,58.556610107421875,61.5,62.099998474121094,61.20000076293945,61.5,339418
2025-11-10,57.69968032836914,60.599998474121094,61.400001525878906,60.599998474121094,61.400001525878906,525252
2025-11-11,57.89011001586914,60.79999923706055,61.29999923706055,60.5,60.70000076293945,387300
2025-11-12,58.08053970336914,61.0,61.79999923706055,61.0,61.20000076293945,447505
2025-11-13,57.98532485961914,60.900001525878906,61.5,60.900001525878906,61.5,291741
2025-11-14,60.36567687988281,63.400001525878906,63.900001525878906,62.29999923706055,62.400001525878906,2536923
2025-11-17,59.79438781738281,62.79999923706055,64.5999984741211,62.79999923706055,63.400001525878906,1223354
2025-11-18,58.270965576171875,61.20000076293945,62.5,61.20000076293945,62.5,923602
2025-11-19,58.08053970336914,61.0,61.900001525878906,61.0,61.900001525878906,354200
2025-11-20,58.270965576171875,61.20000076293945,61.70000076293945,61.20000076293945,61.400001525878906,334226
2025-11-21,57.89011001586914,60.79999923706055,61.70000076293945,60.599998474121094,61.400001525878906,487300
2025-11-24,59.127891540527344,62.099998474121094,62.20000076293945,61.20000076293945,61.20000076293945,681525
2025-11-25,58.74703598022461,61.70000076293945,62.5,61.5,62.5,322300
2025-11-26,59.318321228027344,62.29999923706055,62.29999923706055,61.70000076293945,61.70000076293945,436617
2025-11-27,59.50874710083008,62.5,62.5,62.0,62.0,437573
2025-11-28,59.127891540527344,62.099998474121094,62.70000076293945,62.0,62.5,385400
2025-12-01,58.84225082397461,61.79999923706055,62.29999923706055,61.599998474121094,61.70000076293945,213303
2025-12-02,58.84225082397461,61.79999923706055,62.400001525878906,61.79999923706055,62.099998474121094,263198
2025-12-03,58.08053970336914,61.0,62.099998474121094,60.900001525878906,62.0,616372
2025-12-04,58.366180419921875,61.29999923706055,61.400001525878906,61.0,61.0,257301
2025-12-05,58.461395263671875,61.400001525878906,61.599998474121094,61.20000076293945,61.400001525878906,307339
2025-12-08,57.98532485961914,60.900001525878906,61.400001525878906,60.900001525878906,61.20000076293945,317240
2025-12-09,57.794898986816406,60.70000076293945,61.0,60.5,61.0,636121
2025-12-10,57.89011001586914,60.79999923706055,61.20000076293945,60.5,60.5,241712
2025-12-11,58.270965576171875,61.20000076293945,61.29999923706055,60.70000076293945,61.0,360333
2025-12-12,58.175750732421875,61.099998474121094,61.79999923706055,61.0,61.599998474121094,455567
2025-12-15,57.69968032836914,60.599998474121094,61.0,60.5,60.79999923706055,544341
2025-12-16,57.414039611816406,60.29999923706055,60.70000076293945,60.0,60.20000076293945,850153
2025-12-17,57.414039611816406,60.29999923706055,60.79999923706055,60.0,60.70000076293945,664250
2025-12-18,57.414039611816406,60.29999923706055,60.599998474121094,60.0,60.5,850106
2025-12-19,57.604469299316406,60.5,61.0,60.29999923706055,60.29999923706055,636200
2025-12-22,57.509254455566406,60.400001525878906,60.70000076293945,60.29999923706055,60.5,615296
2025-12-23,57.223609924316406,60.099998474121094,60.400001525878906,59.900001525878906,60.29999923706055,1017910
2025-12-24,57.414039611816406,60.29999923706055,60.5,59.5,60.099998474121094,1201829
2025-12-26,57.414039611816406,60.29999923706055,60.400001525878906,59.900001525878906,60.400001525878906,784494
2025-12-29,58.270965576171875,61.20000076293945,61.20000076293945,60.400001525878906,60.400001525878906,746580
2025-12-30,58.556610107421875,61.5,61.599998474121094,61.099998474121094,61.20000076293945,753370
2025-12-31,58.461395263671875,61.400001525878906,61.70000076293945,61.29999923706055,61.5,716653
2026-01-02,57.69968032836914,60.599998474121094,61.70000076293945,60.099998474121094,61.599998474121094,1277613
2026-01-05,57.12839889526367,60.0,60.29999923706055,59.599998474121094,60.29999923706055,1363478
2026-01-06,57.223609924316406,60.099998474121094,60.29999923706055,59.900001525878906,59.900001525878906,747500
2026-01-07,57.223609924316406,60.099998474121094,60.29999923706055,59.79999923706055,60.0,765720
2026-01-08,57.31882858276367,60.20000076293945,60.599998474121094,60.0,60.099998474121094,554260
2026-01-09,57.98532485961914,60.900001525878906,61.0,60.20000076293945,60.29999923706055,758302
2026-01-12,57.509254455566406,60.400001525878906,61.0,60.29999923706055,61.0,602368
2026-01-13,57.12839889526367,60.0,60.5,59.599998474121094,60.5,856193
2026-01-14,57.31882858276367,60.20000076293945,60.79999923706055,60.20000076293945,60.400001525878906,726632
2026-01-15,57.31882858276367,60.20000076293945,60.400001525878906,59.79999923706055,60.400001525878906,598351
2026-01-16,57.12839889526367,60.0,60.099998474121094,59.70000076293945,60.0,1298157
2026-01-19,57.12839889526367,60.0,60.0,59.29999923706055,59.79999923706055,1164734
2026-01-20,57.03318405151367,59.900001525878906,60.0,59.599998474121094,59.79999923706055,690100
2026-01-21,56.5571174621582,59.400001525878906,59.79999923706055,59.20000076293945,59.79999923706055,1116250
2026-01-22,56.65232849121094,59.5,59.900001525878906,59.400001525878906,59.400001525878906,829117
2026-01-23,56.1762580871582,59.0,59.70000076293945,58.70000076293945,59.5,1438292
2026-01-26,56.27146911621094,59.099998474121094,59.20000076293945,57.20000076293945,58.400001525878906,1810804
2026-01-27,56.3666877746582,59.20000076293945,59.70000076293945,58.900001525878906,59.29999923706055,900629
2026-01-28,56.74753952026367,59.599998474121094,59.79999923706055,59.099998474121094,59.79999923706055,1355632
2026-01-29,56.84275817871094,59.70000076293945,59.79999923706055,59.400001525878906,59.70000076293945,641146
2026-01-30,56.93796920776367,59.79999923706055,60.099998474121094,59.29999923706055,59.5,1104613
2026-02-02,56.65232849121094,59.5,59.79999923706055,59.20000076293945,59.79999923706055,873535
2026-02-03,56.84275817871094,59.70000076293945,59.900001525878906,58.900001525878906,59.29999923706055,885413
2026-02-04,56.93796920776367,59.79999923706055,60.29999923706055,59.70000076293945,59.70000076293945,455503
2026-02-05,57.69968032836914,60.599998474121094,61.0,59.900001525878906,59.900001525878906,1324409
2026-02-06,57.794898986816406,60.70000076293945,60.900001525878906,59.599998474121094,60.20000076293945,666665
2026-02-09,57.98532485961914,60.900001525878906,60.900001525878906,60.099998474121094,60.70000076293945,745690
2026-02-10,57.31882858276367,60.20000076293945,60.70000076293945,60.099998474121094,60.599998474121094,691828
2026-02-11,57.89011001586914,60.79999923706055,60.79999923706055,60.099998474121094,60.599998474121094,956281
2026-02-23,58.556610107421875,61.5,61.79999923706055,60.70000076293945,61.0,1209880
2026-02-24,58.366180419921875,61.29999923706055,62.0,60.5,62.0,1600601
2026-02-25,57.794898986816406,60.70000076293945,61.29999923706055,60.400001525878906,61.20000076293945,1288052
2026-02-26,56.93796920776367,59.79999923706055,61.0,59.79999923706055,61.0,1298667
2026-03-02,57.89011001586914,60.79999923706055,61.0,59.20000076293945,59.400001525878906,888791
2026-03-03,57.89011001586914,60.79999923706055,61.20000076293945,60.400001525878906,60.599998474121094,954105
2026-03-04,57.12839889526367,60.0,60.5,59.70000076293945,60.0,1038100
2026-03-05,57.12839889526367,60.0,61.0,59.70000076293945,60.099998474121094,798703
2026-03-06,57.12839889526367,60.0,60.0,59.20000076293945,59.70000076293945,700604
2026-03-09,56.1762580871582,59.0,59.70000076293945,57.70000076293945,57.70000076293945,1393814
2026-03-10,56.84275817871094,59.70000076293945,59.900001525878906,59.20000076293945,59.29999923706055,461200
2026-03-11,56.5571174621582,59.400001525878906,59.79999923706055,59.099998474121094,59.29999923706055,550202
2026-03-12,55.50975799560547,58.29999923706055,59.20000076293945,58.20000076293945,59.0,895250
2026-03-13,55.224117279052734,58.0,58.5,57.900001525878906,58.29999923706055,721462
2026-03-16,55.604976654052734,58.400001525878906,58.79999923706055,58.20000076293945,58.400001525878906,914575
2026-03-17,55.70018768310547,58.5,58.599998474121094,58.0,58.099998474121094,678986
2026-03-18,55.70018768310547,58.5,58.70000076293945,58.0,58.70000076293945,964453
2026-03-19,55.604976654052734,58.400001525878906,58.400001525878906,57.79999923706055,58.20000076293945,1311206
2026-03-20,55.414546966552734,58.20000076293945,58.400001525878906,57.5,58.20000076293945,1655489
2026-03-23,55.319332122802734,58.099998474121094,58.099998474121094,57.29999923706055,57.70000076293945,1143841
2026-03-24,55.224117279052734,58.0,58.0,57.29999923706055,57.900001525878906,938492
2026-03-25,55.319332122802734,58.099998474121094,58.599998474121094,57.400001525878906,58.599998474121094,1369560
2026-03-26,55.50975799560547,58.29999923706055,58.400001525878906,57.70000076293945,58.0,773409
2026-03-27,56.08104705810547,58.900001525878906,59.0,57.79999923706055,57.79999923706055,1017901
2026-03-30,55.79540252685547,58.599998474121094,59.20000076293945,58.400001525878906,58.400001525878906,594516
2026-03-31,55.50975799560547,58.29999923706055,58.79999923706055,58.20000076293945,58.599998474121094,844005
2026-04-01,56.46189880371094,59.29999923706055,59.5,58.5,58.79999923706055,872220
2026-04-02,57.12839889526367,60.0,60.400001525878906,59.400001525878906,59.400001525878906,1176091
2026-04-07,56.65232849121094,59.5,60.0,59.099998474121094,60.0,783144
2026-04-08,56.65232849121094,59.5,59.900001525878906,59.0,59.900001525878906,625129
2026-04-09,56.46189880371094,59.29999923706055,59.900001525878906,58.599998474121094,59.900001525878906,800203
2026-04-10,56.65232849121094,59.5,59.5,59.099998474121094,59.400001525878906,466394
2026-04-13,56.74753952026367,59.599998474121094,59.70000076293945,59.29999923706055,59.5,793239
2026-04-14,55.89061737060547,58.70000076293945,60.0,58.70000076293945,60.0,1014763
2026-04-15,55.9858283996582,58.79999923706055,58.900001525878906,58.400001525878906,58.70000076293945,622741
2026-04-16,55.9858283996582,58.79999923706055,59.099998474121094,58.20000076293945,59.099998474121094,802783
2026-04-17,55.79540252685547,58.599998474121094,59.099998474121094,58.5,59.0,764799
2026-04-20,54.748046875,57.5,58.900001525878906,57.5,58.599998474121094,1252484
2026-04-21,54.367191314697266,57.099998474121094,58.20000076293945,56.5,58.20000076293945,2114308
2026-04-22,53.03419876098633,55.70000076293945,57.29999923706055,55.70000076293945,57.29999923706055,2219783
2026-04-23,53.4150505065918,56.099998474121094,56.5,54.29999923706055,55.70000076293945,2432917
2026-04-24,53.89112091064453,56.599998474121094,56.599998474121094,54.5,55.79999923706055,2050921
2026-04-27,54.08155059814453,56.79999923706055,57.599998474121094,55.900001525878906,56.599998474121094,2024641
2026-04-28,54.27198028564453,57.0,57.0,55.400001525878906,56.79999923706055,1199253
2026-04-29,54.27198028564453,57.0,57.099998474121094,56.29999923706055,57.0,1044350
2026-04-30,52.84376907348633,55.5,56.79999923706055,55.099998474121094,56.79999923706055,1603523
2026-05-04,53.98633575439453,56.70000076293945,56.79999923706055,56.0,56.20000076293945,1430070
2026-05-05,54.557621002197266,57.29999923706055,57.5,56.70000076293945,56.900001525878906,753108
2026-05-06,55.03369140625,57.79999923706055,58.0,57.20000076293945,57.5,1369091
2026-05-07,55.12890625,57.900001525878906,57.900001525878906,56.900001525878906,57.20000076293945,1108544
2026-05-08,55.224117279052734,58.0,58.29999923706055,57.900001525878906,58.0,1164470
2026-05-11,55.319332122802734,58.099998474121094,58.20000076293945,58.0,58.099998474121094,609011
2026-05-12,56.08104705810547,58.900001525878906,58.900001525878906,57.79999923706055,58.099998474121094,1531405
2026-05-13,55.604976654052734,58.400001525878906,59.099998474121094,58.400001525878906,58.900001525878906,1631452
2026-05-14,55.70018768310547,58.5,58.599998474121094,56.70000076293945,58.099998474121094,1624943
2026-05-15,55.89061737060547,58.70000076293945,58.79999923706055,58.5,58.70000076293945,1486824
2026-05-18,55.50975799560547,58.29999923706055,58.79999923706055,57.5,58.79999923706055,824404
2026-05-19,55.89061737060547,58.70000076293945,58.900001525878906,58.20000076293945,58.29999923706055,545381
2026-05-20,55.50975799560547,58.29999923706055,58.900001525878906,58.0,58.900001525878906,636202
2026-05-21,56.93796920776367,59.79999923706055,59.900001525878906,58.900001525878906,58.900001525878906,1405895
2026-05-22,57.223609924316406,60.099998474121094,60.5,59.79999923706055,59.79999923706055,1622966
2026-05-25,56.93796920776367,59.79999923706055,60.20000076293945,59.400001525878906,60.099998474121094,1631479
2026-05-26,56.5571174621582,59.400001525878906,59.599998474121094,59.0,59.599998474121094,1103202
2026-05-27,56.93796920776367,59.79999923706055,59.79999923706055,59.0,59.5,1889437
2026-05-28,57.12839889526367,60.0,60.20000076293945,59.79999923706055,59.79999923706055,2122633
2026-05-29,57.69968032836914,60.599998474121094,60.599998474121094,59.79999923706055,60.0,2885125
2026-06-01,58.08053970336914,61.0,61.099998474121094,60.29999923706055,60.599998474121094,1375621
2026-06-02,58.65182113647461,61.599998474121094,61.900001525878906,60.599998474121094,60.599998474121094,1243810
2026-06-03,59.223106384277344,62.20000076293945,62.20000076293945,61.900001525878906,62.0,1204646
2026-06-04,59.88960647583008,62.900001525878906,63.20000076293945,62.400001525878906,62.400001525878906,1772018
2026-06-05,60.27045822143555,63.29999923706055,63.5,62.900001525878906,62.900001525878906,1486680
2026-06-08,60.27045822143555,63.29999923706055,63.5,63.0,63.29999923706055,3516886
2026-06-09,58.270965576171875,61.20000076293945,63.099998474121094,60.400001525878906,62.099998474121094,2141568
2026-06-10,58.556610107421875,61.5,62.0,60.5,60.5,740964
2026-06-11,58.270965576171875,61.20000076293945,61.70000076293945,60.0,61.70000076293945,1072303
2026-06-12,59.98481750488281,63.0,63.20000076293945,61.29999923706055,61.5,1993624
2026-06-15,59.69917678833008,62.70000076293945,63.29999923706055,62.099998474121094,63.29999923706055,1233651
2026-06-16,58.65182113647461,61.599998474121094,62.79999923706055,61.599998474121094,62.79999923706055,931631
2026-06-17,58.93746566772461,61.900001525878906,62.0,61.099998474121094,61.099998474121094,688259
2026-06-18,58.65182113647461,61.599998474121094,62.400001525878906,61.20000076293945,61.5,1146210
2026-06-22,57.69968032836914,60.599998474121094,61.5,60.599998474121094,61.5,1061505
2026-06-23,57.69968032836914,60.599998474121094,61.20000076293945,60.29999923706055,60.5,892004
2026-06-24,58.556610107421875,61.5,61.5,60.20000076293945,60.5,995908
2026-06-25,58.556610107421875,61.5,62.20000076293945,61.0,61.0,1378320
2026-06-26,58.556610107421875,61.5,61.79999923706055,61.0,61.29999923706055,985544
2026-06-29,59.032676696777344,62.0,62.20000076293945,61.5,61.5,894302
2026-06-30,58.175750732421875,61.099998474121094,62.5,60.5,62.20000076293945,2814713
2026-07-01,57.89011001586914,60.79999923706055,61.29999923706055,60.400001525878906,60.900001525878906,1507072
2026-07-02,59.032676696777344,62.0,62.20000076293945,60.599998474121094,60.900001525878906,828369
2026-07-03,60.93695831298828,64.0,64.0,61.29999923706055,61.29999923706055,2708045
2026-07-06,60.55610275268555,63.599998474121094,64.69999694824219,63.599998474121094,63.79999923706055,776493
2026-07-07,60.74652862548828,63.79999923706055,63.79999923706055,63.29999923706055,63.599998474121094,630618
2026-07-08,60.93695831298828,64.0,64.5,63.79999923706055,63.79999923706055,1069102
2026-07-09,61.127384185791016,64.19999694824219,64.5,63.79999923706055,64.0,699138
2026-07-10,61.127384185791016,64.19999694824219,64.19999694824219,64.19999694824219,64.19999694824219,0
2026-07-13,60.65131759643555,63.70000076293945,63.900001525878906,63.29999923706055,63.900001525878906,976936
2026-07-14,60.55610275268555,63.599998474121094,63.79999923706055,63.20000076293945,63.70000076293945,953135
2026-07-15,60.84174728393555,63.900001525878906,64.0,63.20000076293945,63.29999923706055,1049020
2026-07-16,61.127384185791016,64.19999694824219,64.5,63.79999923706055,64.0999984741211,1372238
2026-07-17,60.46088790893555,63.5,64.30000305175781,63.400001525878906,64.19999694824219,1238407
2026-07-20,61.698673248291016,64.80000305175781,65.0999984741211,63.099998474121094,64.0,2695405
2026-07-21,60.84174728393555,63.900001525878906,65.0,63.900001525878906,64.80000305175781,2160484
2026-07-22,60.0,60.0,63.0,59.400001525878906,60.900001525878906,4589766
2026-07-23,60.70000076293945,60.70000076293945,61.099998474121094,60.5,60.5,1180401
2026-07-24,61.400001525878906,61.400001525878906,61.400001525878906,60.70000076293945,61.29999923706055,818239
2026-07-27,63.099998474121094,63.099998474121094,63.20000076293945,61.400001525878906,61.79999923706055,1581150
2026-07-28,62.599998474121094,62.599998474121094,63.599998474121094,62.0,63.099998474121094,1219386
2026-07-29,63.599998474121094,63.599998474121094,63.70000076293945,62.5,62.599998474121094,2241164
2026-07-30,64.69999694824219,64.69999694824219,64.80000305175781,63.099998474121094,63.900001525878906,1849145
2026-07-31,64.80000305175781,64.80000305175781,66.69999694824219,64.80000305175781,65.0,2202495
2026-08-03,64.0,64.0,64.9000015258789,63.400001525878906,64.80000305175781,1516204
2026-08-04,60.099998474121094,60.099998474121094,63.400001525878906,60.099998474121094,62.400001525878906,2236410
2026-08-05,60.70000076293945,60.70000076293945,61.20000076293945,60.20000076293945,60.5,856432
2026-08-06,61.400001525878906,61.400001525878906,61.400001525878906,59.79999923706055,60.20000076293945,817279
2026-08-07,62.0,62.0,62.20000076293945,61.099998474121094,61.099998474121094,359401
2026-08-10,62.7,62.7,62.9,61.6,62.2,518768
2026-08-11,62.0,62.0,62.6,61.3,62.3,623768
2026-08-12,60.8,60.8,62.0,60.5,61.6,1016665
2026-08-13,60.9,60.9,60.9,59.8,60.9,971939
