Date,Adj Close,Close,High,Low,Open,Volume
2016-08-12,335.5,335.5,340.0,335.5,337.0,480155
2016-08-15,343.0,343.0,343.0,333.5,335.5,329921
2016-08-16,347.5,347.5,347.5,340.0,345.0,508176
2016-08-17,347.5,347.5,347.5,343.5,347.5,272366
2016-08-18,348.5,348.5,350.0,343.5,345.0,191049
2016-08-19,346.5,346.5,352.5,345.5,348.5,348998
2016-08-22,342.5,342.5,347.5,340.0,342.0,185425
2016-08-23,349.0,349.0,349.5,341.0,342.0,186670
2016-08-24,348.0,348.0,351.0,346.5,348.5,234900
2016-08-25,350.0,350.0,350.0,347.0,349.0,226121
2016-08-26,350.0,350.0,350.0,348.0,350.0,102043
2016-08-29,350.0,350.0,350.0,341.0,349.5,226104
2016-08-30,362.0,362.0,365.0,351.0,351.0,540083
2016-08-31,351.0,351.0,370.0,351.0,370.0,657870
2016-09-01,358.0,358.0,359.0,347.0,352.0,253662
2016-09-02,355.5,355.5,361.0,351.5,361.0,192772
2016-09-05,359.0,359.0,361.0,354.5,356.5,140510
2016-09-06,365.0,365.0,365.0,356.0,359.0,238749
2016-09-07,375.5,375.5,376.0,364.0,368.0,394864
2016-09-08,372.0,372.0,377.0,371.0,377.0,157308
2016-09-09,372.0,372.0,373.5,365.5,368.0,207500
2016-09-12,350.5,350.5,360.0,350.0,360.0,446849
2016-09-13,355.5,355.5,357.0,346.0,350.5,515368
2016-09-14,348.5,348.5,353.5,347.5,351.0,586866
2016-09-19,352.5,352.5,356.0,349.0,349.0,320200
2016-09-20,353.0,353.0,355.0,349.5,355.0,269159
2016-09-21,355.0,355.0,355.5,349.5,355.0,337140
2016-09-22,355.0,355.0,358.0,352.0,357.0,237690
2016-09-23,361.5,361.5,362.5,356.0,356.0,241068
2016-09-26,353.0,353.0,361.5,353.0,359.0,167000
2016-09-29,365.0,365.0,365.5,359.0,359.0,507966
2016-09-30,366.5,366.5,368.0,358.0,363.0,542480
2016-10-03,361.0,361.0,368.5,361.0,366.5,167365
2016-10-04,368.5,368.5,368.5,363.0,366.5,338014
2016-10-05,366.0,366.0,370.0,363.0,363.0,182834
2016-10-06,366.0,366.0,368.5,363.5,368.5,166184
2016-10-07,368.0,368.0,368.5,361.0,365.0,199020
2016-10-11,372.0,372.0,376.5,368.0,376.0,285579
2016-10-12,370.0,370.0,372.5,368.0,371.0,118392
2016-10-13,363.5,363.5,369.0,360.5,369.0,403060
2016-10-14,367.5,367.5,368.0,360.5,363.5,231682
2016-10-17,361.0,361.0,366.5,360.5,366.5,197931
2016-10-18,371.5,371.5,372.0,361.0,364.0,308300
2016-10-19,369.5,369.5,374.0,368.5,372.0,161431
2016-10-20,367.5,367.5,371.5,365.0,371.0,126691
2016-10-21,366.5,366.5,369.0,364.5,369.0,117016
2016-10-24,363.0,363.0,368.0,363.0,367.0,112436
2016-10-25,367.5,367.5,368.0,363.0,363.0,52445
2016-10-26,370.0,370.0,370.5,364.0,368.0,205370
2016-10-27,366.5,366.5,369.0,363.5,368.0,211858
2016-10-28,367.5,367.5,368.5,364.5,365.0,125034
2016-10-31,367.5,367.5,368.5,362.0,363.5,153934
2016-11-01,367.5,367.5,368.5,364.5,364.5,48500
2016-11-02,363.5,363.5,366.5,362.0,365.0,163742
2016-11-03,360.5,360.5,366.0,360.5,362.5,218250
2016-11-04,359.5,359.5,361.0,357.0,358.0,188124
2016-11-07,364.5,364.5,366.0,358.5,358.5,111359
2016-11-08,369.0,369.0,369.0,364.5,366.5,136429
2016-11-09,357.5,357.5,373.0,357.0,369.0,466215
2016-11-10,367.0,367.0,367.5,364.5,365.0,669101
2016-11-11,357.0,357.0,364.5,357.0,360.5,387284
2016-11-14,350.5,350.5,357.5,350.0,357.0,371107
2016-11-15,350.0,350.0,357.0,350.0,354.5,235983
2016-11-16,348.0,348.0,354.5,348.0,354.5,152449
2016-11-17,353.0,353.0,353.0,344.0,350.0,286876
2016-11-18,346.0,346.0,350.0,346.0,348.0,222578
2016-11-21,352.0,352.0,352.5,345.0,347.0,158741
2016-11-22,363.0,363.0,364.0,350.0,350.0,413940
2016-11-23,366.5,366.5,367.0,362.0,364.5,243266
2016-11-24,364.0,364.0,366.5,361.0,366.5,105420
2016-11-25,366.0,366.0,368.0,364.0,364.0,171387
2016-11-28,366.0,366.0,367.5,364.5,365.5,90776
2016-11-29,360.0,360.0,367.0,360.0,366.0,203326
2016-11-30,366.5,366.5,366.5,360.5,362.5,387256
2016-12-01,366.5,366.5,367.0,364.5,366.0,75739
2016-12-02,367.0,367.0,367.5,362.5,363.5,141009
2016-12-05,362.0,362.0,366.0,362.0,366.0,164253
2016-12-06,365.5,365.5,369.0,363.5,366.5,241510
2016-12-07,367.0,367.0,369.5,367.0,367.5,85127
2016-12-08,371.5,371.5,371.5,366.5,370.5,250098
2016-12-09,372.0,372.0,374.5,371.0,371.5,229340
2016-12-12,371.0,371.0,374.5,370.0,372.0,79467
2016-12-13,372.0,372.0,373.5,368.5,368.5,139541
2016-12-14,370.0,370.0,372.5,368.5,372.0,110816
2016-12-15,367.0,367.0,369.0,366.5,367.0,148513
2016-12-16,363.5,363.5,367.0,363.5,367.0,273316
2016-12-19,361.0,361.0,365.5,361.0,363.5,66056
2016-12-20,361.0,361.0,364.0,361.0,364.0,119292
2016-12-21,366.0,366.0,367.0,362.0,362.0,152189
2016-12-22,361.5,361.5,364.0,361.0,364.0,209294
2016-12-23,360.5,360.5,362.0,360.0,360.5,152019
2016-12-26,358.5,358.5,364.5,356.0,364.5,51431
2016-12-27,359.5,359.5,362.5,358.5,358.5,28062
2016-12-28,363.0,363.0,364.0,360.5,362.0,68477
2016-12-29,359.0,359.0,362.0,358.5,361.0,130768
2016-12-30,369.0,369.0,370.0,362.0,362.0,300303
2017-01-03,364.5,364.5,370.0,364.0,370.0,101056
2017-01-04,366.0,366.0,367.5,362.0,367.5,158100
2017-01-05,365.0,365.0,366.0,362.5,366.0,110881
2017-01-06,365.5,365.5,365.5,362.5,365.0,137300
2017-01-09,364.0,364.0,366.5,363.0,366.5,117003
2017-01-10,366.0,366.0,366.0,361.5,365.5,167065
2017-01-11,365.0,365.0,367.0,362.0,366.5,213726
2017-01-12,367.0,367.0,367.0,363.5,367.0,251526
2017-01-13,367.0,367.0,367.5,365.0,367.5,162400
2017-01-16,363.0,363.0,367.5,360.5,367.0,152053
2017-01-17,367.0,367.0,367.0,363.0,363.0,193494
2017-01-18,362.5,362.5,366.5,361.0,366.5,299662
2017-01-19,360.0,360.0,364.5,357.0,364.5,383620
2017-01-20,356.0,356.0,361.5,355.0,361.0,320108
2017-01-23,357.0,357.0,359.0,355.0,357.5,237373
2017-01-24,358.0,358.0,363.0,358.0,359.0,392405
2017-02-02,348.0,348.0,363.0,347.0,362.5,475450
2017-02-03,352.5,352.5,354.0,350.0,350.5,229859
2017-02-06,349.0,349.0,353.0,349.0,353.0,170450
2017-02-07,354.0,354.0,354.0,348.0,348.0,207181
2017-02-08,352.0,352.0,354.5,345.0,354.5,288775
2017-02-09,353.5,353.5,353.5,350.5,352.0,105812
2017-02-10,355.5,355.5,356.5,353.5,353.5,253030
2017-02-13,358.0,358.0,358.0,356.0,358.0,113457
2017-02-14,360.0,360.0,360.0,356.0,359.5,223926
2017-02-15,361.5,361.5,362.0,358.0,361.5,239256
2017-02-16,362.5,362.5,362.5,358.5,362.5,176451
2017-02-17,355.5,355.5,362.5,355.0,362.5,240080
2017-02-20,352.5,352.5,358.5,351.0,358.5,223112
2017-02-21,356.0,356.0,356.0,350.5,351.0,185190
2017-02-22,353.0,353.0,357.0,351.0,357.0,209250
2017-02-23,353.0,353.0,354.5,350.0,351.5,270112
2017-02-24,351.5,351.5,352.5,349.5,350.5,203714
2017-03-01,349.0,349.0,352.5,349.0,349.0,195351
2017-03-02,351.5,351.5,352.0,349.0,349.5,208428
2017-03-03,350.0,350.0,351.5,349.0,351.5,247976
2017-03-06,350.0,350.0,350.0,347.5,347.5,93262
2017-03-07,350.5,350.5,351.0,349.0,349.0,91171
2017-03-08,347.0,347.0,350.5,347.0,350.5,205302
2017-03-09,342.0,342.0,346.5,340.0,346.5,390401
2017-03-10,339.0,339.0,344.5,337.0,342.0,225399
2017-03-13,344.0,344.0,344.5,340.5,342.0,123358
2017-03-14,345.5,345.5,346.5,343.5,344.0,119985
2017-03-15,344.0,344.0,345.0,342.0,345.0,107561
2017-03-16,348.0,348.0,351.5,344.5,346.5,250312
2017-03-17,350.0,350.0,353.0,349.5,350.0,501390
2017-03-20,348.5,348.5,351.0,348.5,350.0,81253
2017-03-21,355.0,355.0,355.0,351.5,353.0,283591
2017-03-22,351.5,351.5,354.0,351.0,354.0,179685
2017-03-23,351.0,351.0,354.5,349.5,354.5,94748
2017-03-24,355.0,355.0,355.0,353.0,353.0,135094
2017-03-27,357.5,357.5,357.5,353.0,355.0,239091
2017-03-28,360.5,360.5,360.5,357.5,359.0,336895
2017-03-29,358.5,358.5,362.0,354.5,362.0,239615
2017-03-30,355.0,355.0,358.0,353.5,358.0,166789
2017-03-31,355.5,355.5,356.0,353.0,355.0,180281
2017-04-05,360.0,360.0,360.0,355.0,356.5,341681
2017-04-06,357.0,357.0,360.0,356.5,360.0,77291
2017-04-07,356.0,356.0,357.0,352.0,353.5,150287
2017-04-10,356.5,356.5,357.5,355.0,357.5,36076
2017-04-11,353.0,353.0,354.5,352.5,352.5,76685
2017-04-12,355.5,355.5,355.5,351.5,352.0,81010
2017-04-13,353.5,353.5,356.0,352.0,356.0,63020
2017-04-14,349.5,349.5,353.5,349.5,353.5,110060
2017-04-17,350.0,350.0,351.5,348.5,351.5,49280
2017-04-18,353.0,353.0,353.0,346.5,350.0,120695
2017-04-19,342.0,342.0,349.0,342.0,347.5,449452
2017-04-21,345.0,345.0,345.5,342.5,344.5,138428
2017-04-24,346.5,346.5,347.0,345.0,345.0,68150
2017-04-25,349.0,349.0,349.0,343.0,347.5,298115
2017-04-26,349.0,349.0,350.5,343.5,350.5,245120
2017-04-27,345.5,345.5,347.0,343.5,346.5,138024
2017-04-28,347.5,347.5,348.0,344.0,344.5,219163
2017-05-02,350.0,350.0,350.0,346.0,347.5,143386
2017-05-03,350.0,350.0,350.0,347.5,348.0,98160
2017-05-04,350.0,350.0,350.0,348.5,350.0,79432
2017-05-05,349.5,349.5,349.5,347.5,349.5,71429
2017-05-08,349.0,349.0,350.0,346.5,350.0,90930
2017-05-09,349.5,349.5,349.5,346.5,349.0,89664
2017-05-10,350.0,350.0,350.0,346.5,349.5,148489
2017-05-11,350.5,350.5,350.5,348.5,350.0,113566
2017-05-12,348.0,348.0,351.0,346.0,351.0,156130
2017-05-15,348.5,348.5,350.0,345.0,347.0,189891
2017-05-16,370.0,370.0,370.0,355.5,355.5,1171542
2017-05-17,368.5,368.5,373.0,363.0,373.0,481802
2017-05-18,368.5,368.5,369.0,361.5,363.0,317216
2017-05-19,367.0,367.0,368.0,364.5,365.5,244840
2017-05-22,368.5,368.5,375.0,364.0,369.5,355445
2017-05-23,366.0,366.0,369.5,365.0,368.5,276021
2017-05-24,379.5,379.5,380.0,366.0,368.5,744454
2017-05-25,384.0,384.0,393.0,377.5,378.5,686635
2017-05-26,388.5,388.5,397.0,385.0,386.0,810990
2017-05-31,394.5,394.5,394.5,387.0,392.0,1911951
2017-06-01,391.5,391.5,403.5,388.5,393.0,628760
2017-06-02,397.0,397.0,397.0,391.5,395.0,346989
2017-06-05,390.0,390.0,393.5,384.5,388.0,363768
2017-06-06,386.5,386.5,393.0,385.5,393.0,284290
2017-06-07,392.0,392.0,392.0,387.0,387.0,327472
2017-06-08,393.0,393.0,394.5,389.5,392.0,262718
2017-06-09,387.0,387.0,393.0,385.0,392.5,303426
2017-06-12,371.5,371.5,385.0,371.0,383.0,397750
2017-06-13,379.5,379.5,379.5,371.0,373.0,295538
2017-06-14,382.0,382.0,385.0,369.5,385.0,513466
2017-06-15,378.5,378.5,379.5,374.0,379.5,207102
2017-06-16,377.0,377.0,377.5,373.0,377.5,433300
2017-06-19,378.0,378.0,381.5,372.0,377.0,225348
2017-06-20,372.0,372.0,376.0,372.0,375.5,214102
2017-06-21,375.0,375.0,376.0,370.0,370.0,464595
2017-06-22,377.0,377.0,377.0,373.0,376.0,150045
2017-06-23,376.0,376.0,378.0,375.5,378.0,146110
2017-06-26,390.0,390.0,390.0,377.0,377.0,487608
2017-06-27,387.5,387.5,390.0,382.0,390.0,292545
2017-06-28,383.0,383.0,386.0,375.0,384.0,367381
2017-06-29,380.0,380.0,387.5,378.0,387.0,173633
2017-06-30,381.0,381.0,381.0,377.0,377.0,199250
2017-07-03,385.0,385.0,385.0,379.5,381.5,154221
2017-07-04,377.0,377.0,384.5,376.5,383.0,170287
2017-07-05,383.0,383.0,383.0,376.5,380.0,178518
2017-07-06,379.5,379.5,382.5,377.0,380.0,225445
2017-07-07,370.0,370.0,376.0,368.5,376.0,323042
2017-07-10,371.5,371.5,374.0,370.5,371.0,173107
2017-07-11,379.5,379.5,379.5,372.0,372.0,305444
2017-07-12,374.5,374.5,379.5,373.5,379.5,129793
2017-07-13,374.0,374.0,377.0,373.5,376.5,151629
2017-07-14,376.0,376.0,377.5,373.0,373.0,157664
2017-07-17,381.0,381.0,382.0,376.0,376.0,448985
2017-07-18,369.0,369.0,370.5,366.0,370.0,256048
2017-07-19,370.5,370.5,371.5,366.0,369.0,190382
2017-07-20,369.5,369.5,369.5,366.0,368.5,185974
2017-07-21,366.0,366.0,369.0,366.0,369.0,123931
2017-07-24,369.0,369.0,369.0,365.0,366.0,248198
2017-07-25,366.0,366.0,369.0,366.0,369.0,94088
2017-07-26,361.0,361.0,368.0,361.0,368.0,216048
2017-07-27,367.5,367.5,367.5,362.0,362.5,173844
2017-07-28,366.0,366.0,366.0,363.5,366.0,110399
2017-07-31,367.0,367.0,367.0,362.0,366.0,178020
2017-08-01,369.5,369.5,369.5,365.5,367.0,111193
2017-08-02,370.0,370.0,370.0,366.5,369.0,166324
2017-08-03,368.0,368.0,368.0,363.5,363.5,153797
2017-08-04,368.0,368.0,368.0,364.5,368.0,110306
2017-08-07,367.0,367.0,368.5,365.5,365.5,58423
2017-08-08,367.5,367.5,367.5,364.0,366.5,98125
2017-08-09,363.5,363.5,366.5,361.0,363.5,136632
2017-08-10,362.0,362.0,364.5,360.0,364.0,71396
2017-08-11,356.0,356.0,360.5,353.5,360.0,124085
2017-08-14,357.0,357.0,360.0,355.0,360.0,72155
2017-08-15,355.0,355.0,359.0,353.5,359.0,114819
2017-08-16,344.0,344.0,353.5,344.0,353.5,276107
2017-08-17,346.5,346.5,348.0,344.0,344.0,190061
2017-08-18,341.0,341.0,346.5,339.0,346.5,180430
2017-08-21,341.0,341.0,342.0,336.0,341.0,217179
2017-08-22,348.0,348.0,349.5,342.0,342.0,123397
2017-08-23,343.0,343.0,349.5,341.0,348.0,164253
2017-08-24,353.5,353.5,353.5,345.0,345.0,197108
2017-08-25,353.0,353.0,353.5,348.5,353.5,99807
2017-08-28,355.0,355.0,355.0,348.0,353.0,146220
2017-08-29,352.5,352.5,354.5,348.0,354.5,129940
2017-08-30,355.0,355.0,355.0,349.0,354.0,167972
2017-08-31,355.5,355.5,356.5,350.5,356.5,179921
2017-09-01,353.0,353.0,356.0,351.5,355.5,86061
2017-09-04,354.0,354.0,354.0,350.0,352.5,113692
2017-09-05,353.0,353.0,353.0,350.5,351.5,262441
2017-09-06,352.0,352.0,353.0,349.0,353.0,240411
2017-09-07,348.5,348.5,352.0,348.0,351.0,162230
2017-09-08,354.5,354.5,354.5,348.5,351.5,161324
2017-09-11,355.0,355.0,355.5,354.5,355.0,79728
2017-09-12,353.5,353.5,356.5,351.0,355.0,119738
2017-09-13,350.0,350.0,352.5,350.0,351.5,81081
2017-09-14,352.5,352.5,353.0,348.0,348.0,96550
2017-09-15,353.0,353.0,355.0,349.0,351.0,523010
2017-09-18,365.0,365.0,366.5,353.0,353.0,229210
2017-09-19,366.0,366.0,368.0,362.5,365.0,135697
2017-09-20,365.5,365.5,366.0,357.5,362.0,157101
2017-09-21,366.0,366.0,370.0,365.5,365.5,163527
2017-09-22,362.5,362.5,368.5,360.0,366.0,132749
2017-09-25,362.5,362.5,363.0,358.0,360.0,82302
2017-09-26,360.5,360.5,362.5,358.5,362.5,68149
2017-09-27,360.5,360.5,363.5,358.5,363.5,72253
2017-09-28,350.5,350.5,359.5,350.0,359.5,276940
2017-09-29,349.5,349.5,353.5,348.0,351.0,344233
2017-10-02,355.5,355.5,356.0,353.0,353.0,81057
2017-10-03,352.0,352.0,357.5,351.5,355.0,76335
2017-10-05,357.5,357.5,357.5,352.0,352.0,77080
2017-10-06,357.0,357.0,357.5,354.0,354.0,41073
2017-10-11,358.0,358.0,360.0,354.0,360.0,192125
2017-10-12,356.0,356.0,356.5,351.5,353.5,100474
2017-10-13,351.5,351.5,355.0,350.5,355.0,62628
2017-10-16,353.5,353.5,356.5,351.0,354.0,140055
2017-10-17,350.5,350.5,356.5,350.0,356.5,109071
2017-10-18,358.0,358.0,358.0,350.0,353.5,109185
2017-10-19,352.5,352.5,356.5,352.5,356.0,81357
2017-10-20,354.0,354.0,356.5,352.5,352.5,128326
2017-10-23,354.0,354.0,357.0,352.5,355.5,45100
2017-10-24,356.5,356.5,356.5,354.0,354.5,47927
2017-10-25,355.0,355.0,357.5,355.0,356.5,51069
2017-10-26,353.5,353.5,355.5,353.5,355.0,35050
2017-10-27,352.5,352.5,355.0,351.0,353.0,67389
2017-10-30,352.5,352.5,355.0,351.0,351.5,86847
2017-10-31,350.0,350.0,352.5,350.0,350.5,136528
2017-11-01,353.5,353.5,353.5,351.0,351.0,35071
2017-11-02,354.0,354.0,355.0,352.0,352.0,58041
2017-11-03,353.5,353.5,355.0,351.5,354.0,41154
2017-11-06,349.0,349.0,351.5,349.0,349.0,144029
2017-11-07,350.0,350.0,352.0,350.0,351.0,44336
2017-11-08,350.5,350.5,351.5,349.0,349.5,80220
2017-11-09,349.0,349.0,352.0,349.0,351.5,105944
2017-11-10,350.5,350.5,350.5,348.0,348.5,26047
2017-11-13,349.5,349.5,351.0,348.0,350.0,60521
2017-11-14,349.0,349.0,351.0,349.0,350.0,90059
2017-11-15,345.5,345.5,349.0,344.5,348.0,212102
2017-11-16,343.5,343.5,348.5,343.5,348.0,107116
2017-11-17,345.0,345.0,346.0,343.5,343.5,119696
2017-11-20,342.0,342.0,344.0,341.0,343.0,118591
2017-11-21,347.0,347.0,347.5,342.0,342.0,132239
2017-11-22,351.0,351.0,351.0,346.0,348.5,222730
2017-11-23,350.0,350.0,351.0,349.5,349.5,43473
2017-11-24,348.5,348.5,350.0,348.5,350.0,92050
2017-11-27,346.5,346.5,348.0,345.0,348.0,82692
2017-11-28,345.0,345.0,347.0,343.0,346.5,73061
2017-11-29,345.0,345.0,347.0,343.0,343.5,151707
2017-11-30,347.0,347.0,347.0,340.5,346.5,378143
2017-12-01,348.5,348.5,351.5,343.0,345.0,153200
2017-12-04,349.5,349.5,351.5,348.0,351.0,100132
2017-12-05,348.5,348.5,351.5,346.5,346.5,86510
2017-12-06,341.0,341.0,348.5,340.0,348.0,142457
2017-12-07,343.0,343.0,345.0,341.0,345.0,70165
2017-12-08,341.5,341.5,342.0,340.0,342.0,155429
2017-12-11,340.5,340.5,342.5,338.0,341.0,94010
2017-12-12,339.0,339.0,341.5,337.0,341.5,170581
2017-12-13,342.5,342.5,342.5,337.5,337.5,101999
2017-12-14,344.5,344.5,344.5,342.0,344.5,111171
2017-12-15,341.5,341.5,346.0,338.5,342.0,604563
2017-12-18,341.0,341.0,343.5,339.5,341.5,77020
2017-12-19,338.0,338.0,340.0,338.0,340.0,88425
2017-12-20,341.5,341.5,342.0,338.5,339.5,42217
2017-12-21,340.5,340.5,342.0,340.0,340.0,55384
2017-12-22,345.5,345.5,345.5,340.5,340.5,143153
2017-12-25,345.0,345.0,346.5,344.0,345.5,30411
2017-12-26,344.0,344.0,344.0,342.5,343.5,14349
2017-12-27,345.0,345.0,345.0,342.5,342.5,31101
2017-12-28,350.0,350.0,352.0,343.0,343.0,143065
2017-12-29,354.0,354.0,354.5,350.0,350.0,140356
2018-01-02,359.0,359.0,359.0,353.0,353.0,139532
2018-01-03,361.0,361.0,361.0,358.5,359.0,155335
2018-01-04,353.5,353.5,358.5,351.0,358.0,230200
2018-01-05,352.5,352.5,353.0,348.0,351.5,238045
2018-01-08,358.0,358.0,358.0,352.5,352.5,153281
2018-01-09,356.0,356.0,358.0,351.5,358.0,139561
2018-01-10,355.0,355.0,355.5,352.5,353.5,65202
2018-01-11,351.5,351.5,354.0,350.0,353.5,114818
2018-01-12,352.0,352.0,353.5,349.5,353.5,83071
2018-01-15,353.0,353.0,353.0,349.0,349.5,111182
2018-01-16,360.0,360.0,360.0,349.5,350.0,208430
2018-01-17,366.0,366.0,366.0,356.0,360.0,285226
2018-01-18,368.0,368.0,368.0,363.0,368.0,181705
2018-01-19,369.5,369.5,369.5,367.0,367.5,99170
2018-01-22,368.0,368.0,368.5,363.0,364.0,108239
2018-01-23,372.0,372.0,372.0,365.0,369.0,195033
2018-01-24,366.5,366.5,370.0,362.0,370.0,223400
2018-01-25,388.0,388.0,388.0,365.0,366.5,515065
2018-01-26,385.0,385.0,385.5,374.5,385.5,238343
2018-01-29,384.5,384.5,386.0,380.5,385.0,140109
2018-01-30,373.0,373.0,381.5,373.0,381.5,216838
2018-01-31,379.5,379.5,386.0,369.0,370.0,299945
2018-02-01,372.5,372.5,380.0,372.0,378.0,231497
2018-02-02,370.0,370.0,372.0,366.0,370.5,288544
2018-02-05,373.0,373.0,375.5,354.5,365.0,428976
2018-02-06,341.0,341.0,362.0,338.0,355.5,874506
2018-02-07,337.5,337.5,349.5,337.5,346.0,508193
2018-02-08,340.5,340.5,344.5,335.5,340.0,238067
2018-02-09,332.0,332.0,335.0,325.0,335.0,498002
2018-02-12,326.0,326.0,336.0,326.0,331.5,368016
2018-02-21,337.0,337.0,337.5,328.5,330.0,452846
2018-02-22,329.0,329.0,333.5,326.0,330.0,567653
2018-02-23,336.0,336.0,336.0,330.0,332.0,435107
2018-02-26,329.0,329.0,340.0,328.5,338.0,517458
2018-02-27,325.5,325.5,333.5,325.5,333.5,469733
2018-03-01,328.0,328.0,331.5,319.5,320.0,439639
2018-03-02,325.5,325.5,326.5,322.0,322.5,419200
2018-03-05,323.5,323.5,324.5,320.5,324.5,311480
2018-03-06,327.5,327.5,327.5,325.0,326.0,213280
2018-03-07,320.0,320.0,324.0,319.5,322.0,510054
2018-03-08,313.5,313.5,318.0,313.0,317.0,530116
2018-03-09,313.5,313.5,318.0,311.0,313.5,369397
2018-03-12,316.0,316.0,317.5,313.5,313.5,482117
2018-03-13,318.0,318.0,318.5,312.0,315.5,562120
2018-03-14,317.0,317.0,320.0,317.0,318.0,309563
2018-03-15,311.0,311.0,318.0,311.0,317.0,435269
2018-03-16,302.5,302.5,312.5,302.5,312.0,13849024
2018-03-19,297.0,297.0,304.0,292.0,303.5,1401137
2018-03-20,298.5,298.5,301.5,293.0,296.0,580774
2018-03-21,301.5,301.5,302.0,298.5,299.0,403403
2018-03-22,295.5,295.5,302.0,294.0,301.5,566414
2018-03-23,296.5,296.5,296.5,287.0,290.0,647733
2018-03-26,294.5,294.5,295.0,290.0,295.0,262440
2018-03-27,300.0,300.0,300.0,295.0,298.0,236476
2018-03-28,296.5,296.5,299.5,296.0,297.0,250504
2018-03-29,290.5,290.5,300.0,289.5,296.5,666418
2018-03-30,294.5,294.5,297.5,292.0,294.5,237100
2018-04-02,291.5,291.5,298.0,290.5,294.5,273991
2018-04-03,291.0,291.0,292.5,290.0,292.0,232600
2018-04-09,295.5,295.5,296.0,290.0,291.0,361382
2018-04-10,290.0,290.0,295.0,290.0,293.0,407116
2018-04-11,296.5,296.5,297.5,293.0,293.5,382270
2018-04-12,297.0,297.0,298.0,295.0,297.5,607173
2018-04-13,295.0,295.0,300.0,294.0,298.0,349109
2018-04-16,295.0,295.0,296.0,294.0,295.0,219758
2018-04-17,295.5,295.5,296.0,294.0,295.5,369255
2018-04-18,297.0,297.0,299.5,296.0,299.5,284828
2018-04-19,294.5,294.5,300.0,294.5,296.5,448595
2018-04-20,299.5,299.5,299.5,293.5,294.0,341735
2018-04-23,297.0,297.0,300.5,297.0,299.5,147066
2018-04-24,295.0,295.0,297.0,295.0,297.0,248433
2018-04-25,292.0,292.0,293.5,290.0,293.5,417106
2018-04-26,291.0,291.0,293.0,291.0,293.0,216138
2018-04-27,290.5,290.5,291.5,290.0,291.0,208372
2018-04-30,291.5,291.5,293.5,290.5,290.5,217066
2018-05-02,293.0,293.0,293.0,290.5,290.5,213080
2018-05-03,290.5,290.5,292.5,290.5,290.5,219057
2018-05-04,285.0,285.0,291.0,285.0,290.0,387308
2018-05-07,287.5,287.5,287.5,285.0,285.0,124937
2018-05-08,287.0,287.0,289.0,286.0,286.5,166095
2018-05-09,290.5,290.5,291.5,286.0,286.5,271500
2018-05-10,287.5,287.5,291.0,287.0,290.5,195003
2018-05-11,288.0,288.0,291.0,287.5,291.0,110130
2018-05-14,288.5,288.5,289.0,287.5,288.0,128133
2018-05-15,287.0,287.0,287.5,286.0,287.5,280298
2018-05-16,286.5,286.5,289.0,285.0,287.0,275771
2018-05-17,280.5,280.5,289.0,280.5,288.5,285263
2018-05-18,281.0,281.0,283.0,280.5,280.5,159487
2018-05-21,280.5,280.5,283.0,280.0,281.5,197344
2018-05-22,282.5,282.5,283.0,280.5,281.0,80853
2018-05-23,277.0,277.0,282.0,277.0,282.0,260173
2018-05-24,278.0,278.0,279.0,278.0,279.0,116345
2018-05-25,277.5,277.5,278.0,276.0,276.5,162879
2018-05-28,275.5,275.5,276.5,275.0,276.5,203024
2018-05-29,278.5,278.5,279.0,275.5,275.5,188541
2018-05-30,268.5,268.5,276.0,268.5,275.5,761509
2018-05-31,273.5,273.5,273.5,266.0,268.0,789546
2018-06-01,268.0,268.0,273.5,267.5,273.5,279224
2018-06-04,274.0,274.0,274.0,269.0,269.5,274910
2018-06-05,282.5,282.5,282.5,274.5,276.0,327609
2018-06-06,282.5,282.5,283.0,277.5,283.0,250143
2018-06-07,286.0,286.0,286.0,280.0,282.5,250173
2018-06-08,280.5,280.5,284.0,280.0,282.5,194449
2018-06-11,285.5,285.5,286.5,281.5,283.0,236252
2018-06-12,288.0,288.0,289.0,284.0,287.0,257024
2018-06-13,289.0,289.0,289.0,285.0,287.5,206075
2018-06-14,280.5,280.5,286.0,280.5,285.0,513018
2018-06-15,287.5,287.5,289.5,280.5,283.5,483540
2018-06-19,278.0,278.0,281.0,276.0,281.0,495548
2018-06-20,283.5,283.5,284.0,279.0,279.0,278298
2018-06-21,278.0,278.0,283.5,278.0,283.0,196507
2018-06-22,277.0,277.0,278.0,275.5,278.0,517091
2018-06-25,270.5,270.5,274.5,270.5,274.5,315594
2018-06-26,270.0,270.0,273.5,270.0,270.0,207835
2018-06-27,267.0,267.0,272.5,267.0,272.5,288260
2018-06-28,267.0,267.0,269.0,265.5,267.0,284102
2018-06-29,268.5,268.5,268.5,263.5,267.0,341395
2018-07-02,265.5,265.5,271.0,265.0,267.0,264414
2018-07-03,260.5,260.5,268.0,260.0,265.5,299012
2018-07-04,262.0,262.0,263.5,260.0,260.0,216143
2018-07-05,260.0,260.0,263.0,260.0,262.0,179767
2018-07-06,261.0,261.0,262.5,260.0,260.0,168909
2018-07-09,260.5,260.5,263.0,260.5,262.5,163768
2018-07-10,263.5,263.5,265.0,261.0,261.5,196396
2018-07-11,263.0,263.0,264.5,261.0,261.5,162100
2018-07-12,268.0,268.0,268.0,262.0,262.0,236248
2018-07-13,277.0,277.0,277.0,268.0,268.0,488891
2018-07-16,273.0,273.0,280.0,271.0,280.0,819743
2018-07-17,264.0,264.0,266.5,262.0,262.0,362216
2018-07-18,270.0,270.0,270.0,264.0,266.0,332936
2018-07-19,266.0,266.0,271.5,265.5,271.0,177025
2018-07-20,266.0,266.0,267.0,264.0,266.0,160968
2018-07-23,266.5,266.5,269.5,264.0,269.5,106282
2018-07-24,266.5,266.5,267.5,264.5,267.5,100000
2018-07-25,263.5,263.5,267.5,263.0,267.0,233038
2018-07-26,265.5,265.5,265.5,262.5,264.5,133938
2018-07-27,266.0,266.0,267.5,263.0,265.5,295008
2018-07-30,268.0,268.0,268.0,265.0,268.0,256912
2018-07-31,266.0,266.0,269.5,266.0,269.5,541376
2018-08-01,268.0,268.0,269.5,266.5,266.5,306959
2018-08-02,268.0,268.0,269.0,266.0,266.0,220865
2018-08-03,266.5,266.5,268.0,266.0,268.0,173416
2018-08-06,267.5,267.5,267.5,266.0,266.0,167533
2018-08-07,263.0,263.0,268.0,263.0,267.0,245048
2018-08-08,267.0,267.0,268.0,263.0,263.0,288436
2018-08-09,265.5,265.5,268.5,265.5,268.5,96480
2018-08-10,264.0,264.0,265.5,264.0,265.5,85055
2018-08-13,260.0,260.0,265.5,260.0,265.5,229503
2018-08-14,260.0,260.0,262.0,260.0,262.0,170032
2018-08-15,256.0,256.0,261.5,255.0,260.0,256411
2018-08-16,254.5,254.5,255.5,252.0,255.0,126220
2018-08-17,252.5,252.5,255.5,252.5,254.5,170861
2018-08-20,252.5,252.5,255.5,252.5,252.5,177614
2018-08-21,260.5,260.5,261.0,254.0,254.5,179538
2018-08-22,258.0,258.0,261.0,257.0,260.5,168394
2018-08-23,263.0,263.0,263.0,260.0,260.0,116181
2018-08-24,262.0,262.0,262.0,258.5,260.5,174010
2018-08-27,263.5,263.5,263.5,261.0,262.5,95941
2018-08-28,265.0,265.0,265.0,262.5,263.5,137522
2018-08-29,266.5,266.5,268.0,265.0,265.0,155349
2018-08-30,265.5,265.5,267.0,265.5,266.5,170063
2018-08-31,266.0,266.0,268.5,264.0,265.5,236868
2018-09-03,263.0,263.0,267.5,262.5,265.0,100161
2018-09-04,265.0,265.0,265.0,263.0,263.0,138484
2018-09-05,258.0,258.0,266.0,258.0,265.0,330297
2018-09-06,256.0,256.0,257.5,256.0,256.0,201384
2018-09-07,253.5,253.5,255.0,253.5,255.0,223018
2018-09-10,256.0,256.0,257.5,252.0,253.5,184555
2018-09-11,257.5,257.5,259.0,253.0,257.5,188150
2018-09-12,254.0,254.0,257.0,254.0,257.0,236002
2018-09-13,256.0,256.0,260.0,253.0,253.5,190077
2018-09-14,262.5,262.5,264.0,258.0,258.0,274704
2018-09-17,257.0,257.0,262.0,257.0,262.0,286950
2018-09-18,257.5,257.5,260.0,255.5,257.0,153398
2018-09-19,264.5,264.5,265.0,256.5,257.5,287118
2018-09-20,260.0,260.0,266.0,260.0,265.5,201051
2018-09-21,260.5,260.5,263.0,256.0,263.0,550042
2018-09-25,260.5,260.5,261.5,257.5,257.5,138201
2018-09-26,256.0,256.0,261.0,256.0,261.0,312395
2018-09-27,262.0,262.0,263.0,256.0,256.0,315689
2018-09-28,261.5,261.5,263.0,260.0,262.0,290392
2018-10-01,262.5,262.5,263.0,260.0,260.0,101202
2018-10-02,258.0,258.0,260.0,256.5,260.0,445030
2018-10-03,259.5,259.5,261.5,257.0,258.0,126310
2018-10-04,255.0,255.0,259.0,255.0,257.0,451300
2018-10-05,253.5,253.5,256.5,253.0,255.0,515481
2018-10-08,252.0,252.0,257.0,250.5,257.0,266620
2018-10-09,252.5,252.5,255.0,252.0,252.0,299482
2018-10-11,228.5,228.5,237.5,228.0,233.5,1193970
2018-10-12,235.0,235.0,235.0,221.0,223.0,606813
2018-10-15,230.0,230.0,232.5,226.5,228.0,524639
2018-10-16,227.0,227.0,231.5,226.0,229.5,305220
2018-10-17,222.0,222.0,230.0,221.5,226.0,471934
2018-10-18,217.0,217.0,221.0,217.0,219.5,695309
2018-10-19,206.5,206.5,212.0,206.5,211.5,1451924
2018-10-22,210.5,210.5,212.5,202.5,202.5,397923
2018-10-23,208.0,208.0,208.5,206.5,206.5,290041
2018-10-24,206.5,206.5,209.0,204.5,209.0,309664
2018-10-25,205.0,205.0,205.0,200.5,202.5,256593
2018-10-26,201.5,201.5,210.0,201.0,206.0,387421
2018-10-29,206.5,206.5,208.5,204.0,204.0,279821
2018-10-30,208.0,208.0,208.5,206.0,208.5,281565
2018-10-31,213.5,213.5,214.0,207.0,207.0,344712
2018-11-01,209.5,209.5,210.5,208.0,210.0,291231
2018-11-02,215.0,215.0,217.5,209.5,209.5,191957
2018-11-05,214.0,214.0,215.0,210.0,215.0,166375
2018-11-06,212.5,212.5,214.5,211.5,214.0,139163
2018-11-07,215.5,215.5,217.0,213.0,213.0,210023
2018-11-08,219.0,219.0,220.0,216.0,219.0,250050
2018-11-09,217.5,217.5,222.0,216.5,222.0,169280
2018-11-12,217.5,217.5,220.0,216.0,217.0,184222
2018-11-13,212.5,212.5,214.0,207.0,212.0,277199
2018-11-14,217.0,217.0,218.5,212.5,213.5,210400
2018-11-15,219.5,219.5,219.5,216.5,216.5,169162
2018-11-16,221.0,221.0,221.5,219.5,221.0,151989
2018-11-19,231.0,231.0,232.0,223.5,223.5,352401
2018-11-20,227.5,227.5,229.5,226.0,227.5,182752
2018-11-21,228.5,228.5,230.0,225.0,226.0,218098
2018-11-22,227.5,227.5,230.0,224.5,230.0,235434
2018-11-23,224.5,224.5,229.0,224.0,229.0,167100
2018-11-26,227.0,227.0,231.0,226.5,226.5,225469
2018-11-27,228.5,228.5,228.5,225.0,226.5,252487
2018-11-28,234.0,234.0,234.0,227.0,230.5,337755
2018-11-29,231.5,231.5,237.5,231.5,237.5,339216
2018-11-30,237.0,237.0,245.0,233.0,233.0,883881
2018-12-03,240.0,240.0,243.5,239.0,242.0,223186
2018-12-04,247.0,247.0,247.0,238.0,238.0,462531
2018-12-05,245.5,245.5,248.0,241.5,244.0,207635
2018-12-06,241.0,241.0,248.5,238.5,248.5,433156
2018-12-07,242.0,242.0,242.5,240.0,242.5,128000
2018-12-10,238.5,238.5,243.5,235.5,241.5,207592
2018-12-11,240.0,240.0,242.0,239.0,240.0,179230
2018-12-12,247.5,247.5,248.5,241.0,242.0,248311
2018-12-13,253.0,253.0,253.0,247.0,249.5,309299
2018-12-14,251.5,251.5,252.0,243.0,250.5,453087
2018-12-17,251.0,251.0,256.5,250.0,251.5,330929
2018-12-18,254.0,254.0,254.0,249.5,249.5,231816
2018-12-19,258.5,258.5,258.5,253.5,256.0,488769
2018-12-20,253.0,253.0,259.5,251.0,257.0,355620
2018-12-21,256.5,256.5,257.0,252.5,255.0,302534
2018-12-24,252.5,252.5,257.0,250.5,257.0,211527
2018-12-25,246.5,246.5,251.0,244.0,248.5,304595
2018-12-26,245.5,245.5,249.0,245.5,248.5,130247
2018-12-27,250.0,250.0,251.5,247.0,251.5,283708
2018-12-28,255.5,255.5,256.0,250.0,250.0,369749
2019-01-02,247.0,247.0,257.0,246.0,256.0,372892
2019-01-03,251.0,251.0,251.0,247.0,247.0,135785
2019-01-04,250.0,250.0,251.5,244.5,247.5,157275
2019-01-07,257.0,257.0,257.0,252.5,254.5,293596
2019-01-08,254.0,254.0,258.0,252.0,258.0,125195
2019-01-09,260.0,260.0,260.0,256.0,257.0,534642
2019-01-10,260.0,260.0,260.0,256.5,260.0,180980
2019-01-11,258.5,258.5,260.5,256.5,260.0,438784
2019-01-14,259.5,259.5,260.0,256.5,260.0,90380
2019-01-15,262.0,262.0,263.0,260.0,262.0,271999
2019-01-16,259.0,259.0,262.0,257.5,262.0,226441
2019-01-17,260.5,260.5,261.5,257.5,261.5,115323
2019-01-18,266.5,266.5,266.5,260.5,262.5,508816
2019-01-21,281.0,281.0,283.5,267.5,268.0,700496
2019-01-22,286.5,286.5,287.0,279.0,279.5,451025
2019-01-23,281.5,281.5,285.5,279.0,283.0,312626
2019-01-24,283.5,283.5,283.5,280.0,282.0,209032
2019-01-25,290.0,290.0,290.0,281.0,284.5,528690
2019-01-28,292.0,292.0,292.5,287.5,291.0,402152
2019-01-29,290.0,290.0,291.0,287.0,290.0,351289
2019-01-30,293.0,293.0,296.0,287.5,290.0,601222
2019-02-11,293.0,293.0,298.0,293.0,293.0,370691
2019-02-12,292.5,292.5,293.0,291.0,293.0,198284
2019-02-13,286.5,286.5,292.5,276.5,291.0,1052522
2019-02-14,286.5,286.5,291.0,284.0,284.0,231821
2019-02-15,290.0,290.0,290.0,286.5,286.5,240323
2019-02-18,281.0,281.0,291.0,281.0,290.0,442192
2019-02-19,275.5,275.5,282.0,274.0,281.0,501634
2019-02-20,288.5,288.5,289.5,279.0,279.0,1144737
2019-02-21,300.0,300.0,308.0,294.5,295.0,1017659
2019-02-22,315.0,315.0,316.0,300.0,300.0,1406944
2019-02-25,330.0,330.0,339.0,321.0,321.0,1688240
2019-02-26,329.0,329.0,338.0,329.0,332.5,823224
2019-02-27,334.5,334.5,334.5,329.5,329.5,861727
2019-03-04,330.0,330.0,339.0,328.0,339.0,646891
2019-03-05,323.5,323.5,330.0,321.0,330.0,736426
2019-03-06,332.5,332.5,336.0,324.5,324.5,791866
2019-03-07,332.5,332.5,340.0,330.5,337.0,943135
2019-03-08,338.5,338.5,342.0,328.5,330.5,1143040
2019-03-11,349.5,349.5,352.0,337.0,339.0,1751101
2019-03-12,350.0,350.0,358.0,345.0,347.0,1819641
2019-03-13,343.0,343.0,357.0,342.0,349.5,1376592
2019-03-14,353.0,353.0,353.0,343.0,343.0,1179754
2019-03-15,379.5,379.5,380.0,357.0,358.0,12103855
2019-03-18,378.0,378.0,379.0,371.0,376.0,726372
2019-03-19,372.0,372.0,381.0,372.0,380.0,789636
2019-03-20,376.0,376.0,379.5,366.0,372.0,1099988
2019-03-21,369.5,369.5,374.0,366.5,372.0,799123
2019-03-22,370.0,370.0,372.5,363.0,368.0,691240
2019-03-25,365.0,365.0,368.0,359.0,365.5,902118
2019-03-26,367.0,367.0,371.0,362.0,363.5,610890
2019-03-27,372.0,372.0,373.0,368.0,373.0,477119
2019-03-28,370.5,370.5,371.0,368.0,368.5,332801
2019-03-29,377.5,377.5,377.5,370.0,372.0,468222
2019-04-01,371.0,371.0,379.0,371.0,379.0,394426
2019-04-02,377.0,377.0,378.0,370.5,374.0,496876
2019-04-03,376.5,376.5,379.0,374.5,377.0,310514
2019-04-08,394.0,394.0,398.0,380.5,380.5,1053861
2019-04-09,407.0,407.0,407.5,394.0,398.0,1114310
2019-04-10,410.0,410.0,412.0,398.0,409.0,1242890
2019-04-11,399.5,399.5,409.0,399.0,409.0,397049
2019-04-12,400.5,400.5,407.0,400.0,403.0,338004
2019-04-15,402.0,402.0,409.5,400.0,405.0,565940
2019-04-16,412.5,412.5,418.5,405.5,407.0,475409
2019-04-17,419.0,419.0,421.0,414.0,416.0,517187
2019-04-18,422.0,422.0,422.0,411.5,420.0,622085
2019-04-19,412.0,412.0,422.0,412.0,422.0,247180
2019-04-22,417.5,417.5,419.5,413.0,419.5,168991
2019-04-23,421.0,421.0,421.0,414.0,417.5,349695
2019-04-24,418.5,418.5,421.0,415.0,421.0,296436
2019-04-25,420.0,420.0,420.0,413.5,419.5,283208
2019-04-26,420.0,420.0,420.0,415.5,419.0,240670
2019-04-29,449.0,449.0,453.5,416.0,420.0,1362430
2019-04-30,467.0,467.0,477.0,449.5,452.5,1456914
2019-05-02,465.0,465.0,476.0,460.5,467.0,683467
2019-05-03,465.0,465.0,468.0,458.0,464.0,519655
2019-05-06,464.0,464.0,464.0,451.0,458.0,473233
2019-05-07,450.0,450.0,468.0,450.0,466.0,393079
2019-05-08,451.5,451.5,457.5,436.0,445.0,733463
2019-05-09,430.0,430.0,449.0,424.5,441.5,878092
2019-05-10,435.0,435.0,444.0,425.0,425.0,526497
2019-05-13,429.5,429.5,443.5,426.0,438.0,316769
2019-05-14,441.0,441.0,441.0,416.0,416.0,988446
2019-05-15,443.0,443.0,448.0,434.5,445.0,495208
2019-05-16,440.0,440.0,443.5,435.0,441.0,340322
2019-05-17,448.5,448.5,451.0,440.0,440.0,723945
2019-05-20,458.5,458.5,459.5,452.0,453.5,546618
2019-05-21,498.0,498.0,498.0,461.0,462.0,1627754
2019-05-22,486.5,486.5,509.0,486.5,492.5,884780
2019-05-23,497.5,497.5,499.0,477.0,492.5,646814
2019-05-24,483.5,483.5,503.0,482.0,496.5,473332
2019-05-27,496.5,496.5,497.0,482.0,482.0,430988
2019-05-28,505.0,505.0,505.0,477.5,496.5,2199627
2019-05-29,502.0,502.0,504.0,494.5,498.0,707846
2019-05-30,499.5,499.5,504.0,496.0,496.0,415321
2019-05-31,506.0,506.0,506.0,499.0,501.0,632373
2019-06-03,503.0,503.0,505.0,490.0,505.0,280727
2019-06-04,504.0,504.0,504.0,496.0,502.0,366692
2019-06-05,511.0,511.0,511.0,497.5,504.0,746094
2019-06-06,510.0,510.0,510.0,503.0,507.0,325268
2019-06-10,518.0,518.0,520.0,509.0,514.0,464734
2019-06-11,517.0,517.0,518.0,512.0,518.0,243229
2019-06-12,512.0,512.0,517.0,504.0,517.0,345436
2019-06-13,498.5,498.5,511.0,498.0,511.0,290614
2019-06-14,503.0,503.0,505.0,498.0,502.0,283283
2019-06-17,509.0,509.0,509.0,498.5,502.0,294752
2019-06-18,512.0,512.0,512.0,505.0,510.0,246742
2019-06-19,516.0,516.0,516.0,502.0,515.0,532992
2019-06-20,517.0,517.0,518.0,512.0,517.0,328365
2019-06-21,516.0,516.0,518.0,508.0,517.0,447121
2019-06-24,525.0,525.0,525.0,511.0,511.0,546574
2019-06-25,511.0,511.0,522.0,508.0,522.0,322441
2019-06-26,504.0,504.0,512.0,498.5,512.0,345167
2019-06-27,514.0,514.0,518.0,500.0,507.0,741559
2019-06-28,508.0,508.0,512.0,498.5,512.0,644487
2019-07-01,498.0,498.0,509.0,495.0,504.0,399346
2019-07-02,495.5,495.5,506.0,493.5,497.5,324687
2019-07-03,490.0,490.0,501.0,487.5,495.5,373533
2019-07-04,504.0,504.0,504.0,491.0,495.0,278141
2019-07-05,492.5,492.5,503.0,492.0,498.0,212098
2019-07-08,483.5,483.5,494.0,478.5,494.0,378809
2019-07-09,499.5,499.5,500.0,483.5,488.0,489595
2019-07-10,502.0,502.0,502.0,489.0,499.5,220511
2019-07-11,497.0,497.0,500.0,495.5,500.0,102539
2019-07-12,491.0,491.0,496.0,491.0,492.5,128377
2019-07-15,492.0,492.0,492.0,483.0,492.0,381259
2019-07-16,488.0,488.0,488.5,482.0,482.0,203958
2019-07-17,493.0,493.0,493.0,484.0,490.0,220549
2019-07-18,490.0,490.0,496.0,486.0,493.0,216368
2019-07-19,479.0,479.0,493.0,479.0,493.0,269540
2019-07-22,461.5,461.5,479.0,460.0,479.0,488091
2019-07-23,460.0,460.0,471.0,457.5,465.0,388504
2019-07-24,457.0,457.0,465.0,445.5,464.5,720718
2019-07-25,460.5,460.5,468.5,459.0,461.5,360983
2019-07-26,452.0,452.0,460.5,452.0,460.5,212196
2019-07-29,459.5,459.5,460.5,446.0,450.0,344747
2019-07-30,446.0,446.0,462.0,445.0,462.0,333718
2019-07-31,450.5,450.5,450.5,432.0,441.0,737622
2019-08-01,449.0,449.0,449.0,435.0,441.5,619882
2019-08-02,431.0,431.0,442.0,431.0,437.0,628817
2019-08-05,441.0,441.0,442.0,425.5,425.5,660955
2019-08-06,428.0,428.0,436.5,426.5,431.0,458040
2019-08-07,429.5,429.5,441.5,426.0,428.5,526997
2019-08-08,434.5,434.5,441.0,432.0,432.0,257929
2019-08-12,434.5,434.5,442.0,430.5,430.5,313240
2019-08-13,430.0,430.0,445.0,430.0,445.0,469056
2019-08-14,427.5,427.5,438.0,426.5,438.0,327090
2019-08-15,419.0,419.0,426.0,419.0,426.0,379307
2019-08-16,433.0,433.0,433.0,413.5,420.0,661276
2019-08-19,437.0,437.0,443.0,428.0,436.5,426391
2019-08-20,429.5,429.5,437.0,428.0,432.0,296409
2019-08-21,422.0,422.0,428.5,421.0,428.0,309282
2019-08-22,426.0,426.0,431.0,425.0,429.0,229915
2019-08-23,430.0,430.0,433.0,421.0,424.0,251295
2019-08-26,417.5,417.5,424.0,416.0,424.0,285404
2019-08-27,420.5,420.5,422.5,415.5,418.5,651146
2019-08-28,411.0,411.0,422.5,410.0,420.5,303685
2019-08-29,424.0,424.0,425.5,407.5,411.0,458848
2019-08-30,442.5,442.5,442.5,424.0,424.0,474441
2019-09-02,435.5,435.5,445.0,435.0,444.0,175278
2019-09-03,417.5,417.5,438.5,417.5,438.5,450552
2019-09-04,432.0,432.0,434.0,420.5,420.5,346331
2019-09-05,437.5,437.5,441.5,432.5,434.0,468652
2019-09-06,442.5,442.5,443.5,435.5,437.0,280603
2019-09-09,439.0,439.0,445.0,436.5,445.0,144022
2019-09-10,429.5,429.5,441.5,427.0,441.5,228881
2019-09-11,435.0,435.0,437.5,428.5,432.0,252329
2019-09-12,446.5,446.5,450.0,439.5,445.5,488192
2019-09-16,445.0,445.0,456.0,441.0,452.5,256154
2019-09-17,444.5,444.5,445.0,437.5,443.5,251419
2019-09-18,448.0,448.0,450.5,443.0,447.0,363697
2019-09-19,445.0,445.0,451.5,442.5,448.0,203964
2019-09-20,483.5,483.5,485.0,445.5,448.5,1169053
2019-09-23,466.5,466.5,480.5,466.0,479.0,413347
2019-09-24,465.0,465.0,472.5,460.0,468.5,294303
2019-09-25,467.0,467.0,467.5,461.5,466.5,178566
2019-09-26,473.0,473.0,483.0,470.5,470.5,410735
2019-09-27,471.5,471.5,479.5,471.0,473.0,174747
2019-10-01,490.0,490.0,494.0,480.5,480.5,393773
2019-10-02,482.0,482.0,488.0,480.0,482.5,295633
2019-10-03,470.0,470.0,471.5,464.5,464.5,467155
2019-10-04,475.0,475.0,483.0,472.0,472.0,234376
2019-10-07,475.5,475.5,479.5,472.5,477.5,156153
2019-10-08,470.5,470.5,478.0,470.0,471.5,411495
2019-10-09,464.0,464.0,475.0,464.0,466.0,637596
2019-10-14,478.0,478.0,481.5,469.0,469.5,375324
2019-10-15,476.0,476.0,491.5,472.0,481.0,307062
2019-10-16,481.0,481.0,481.0,472.0,473.5,373735
2019-10-17,485.0,485.0,487.0,474.0,474.0,260018
2019-10-18,486.5,486.5,489.0,472.5,485.0,1223816
2019-10-21,493.0,493.0,493.0,486.5,486.5,318634
2019-10-22,508.0,508.0,508.0,495.0,495.0,555933
2019-10-23,502.0,502.0,510.0,500.0,508.0,294824
2019-10-24,517.0,517.0,517.0,502.0,502.0,430797
2019-10-25,520.0,520.0,520.0,512.0,517.0,350255
2019-10-28,524.0,524.0,525.0,515.0,520.0,258734
2019-10-29,530.0,530.0,530.0,522.0,525.0,450172
2019-10-30,539.0,539.0,540.0,523.0,524.0,561614
2019-10-31,538.0,538.0,542.0,532.0,540.0,356020
2019-11-01,543.0,543.0,545.0,531.0,531.0,302535
2019-11-04,554.0,554.0,558.0,541.0,558.0,358461
2019-11-05,568.0,568.0,568.0,548.0,548.0,626046
2019-11-06,570.0,570.0,573.0,562.0,570.0,373889
2019-11-07,569.0,569.0,571.0,566.0,570.0,237226
2019-11-08,563.0,563.0,572.0,563.0,572.0,288545
2019-11-11,566.0,566.0,567.0,559.0,563.0,298561
2019-11-12,575.0,575.0,575.0,563.0,567.0,328034
2019-11-13,576.0,576.0,576.0,566.0,566.0,297779
2019-11-14,568.0,568.0,576.0,565.0,576.0,221929
2019-11-20,581.0,581.0,581.0,572.0,577.0,187477
2019-11-21,569.0,569.0,577.0,562.0,577.0,315018
2019-11-22,572.0,572.0,576.0,565.0,573.0,265510
2019-11-25,583.0,583.0,583.0,570.0,576.0,516502
2019-11-26,604.0,604.0,605.0,580.0,584.0,1354886
2019-11-27,609.0,609.0,609.0,601.0,607.0,337046
2019-11-28,614.0,614.0,615.0,602.0,610.0,266243
2019-11-29,597.0,597.0,613.0,594.0,613.0,340216
2019-12-02,611.0,611.0,611.0,600.0,601.0,331202
2019-12-03,617.0,617.0,617.0,605.0,611.0,356178
2019-12-04,615.0,615.0,616.0,601.0,616.0,413984
2019-12-05,609.0,609.0,616.0,607.0,615.0,293644
2019-12-06,609.0,609.0,614.0,607.0,608.0,135672
2019-12-09,615.0,615.0,615.0,606.0,613.0,168957
2019-12-10,612.0,612.0,615.0,605.0,615.0,159451
2019-12-11,613.0,613.0,614.0,608.0,612.0,400548
2019-12-12,622.0,622.0,624.0,612.0,612.0,708406
2019-12-13,640.0,640.0,642.0,623.0,623.0,525089
2019-12-16,634.0,634.0,663.0,626.0,663.0,511667
2019-12-17,659.0,659.0,659.0,636.0,638.0,518654
2019-12-18,666.0,666.0,666.0,651.0,661.0,450474
2019-12-19,678.0,678.0,678.0,663.0,666.0,456172
2019-12-20,691.0,691.0,698.0,679.0,681.0,892080
2019-12-23,694.0,694.0,696.0,685.0,691.0,306484
2019-12-24,686.0,686.0,695.0,686.0,690.0,161132
2019-12-25,693.0,693.0,693.0,687.0,692.0,91344
2019-12-26,689.0,689.0,693.0,689.0,693.0,116033
2019-12-27,703.0,703.0,703.0,691.0,692.0,401856
2019-12-30,707.0,707.0,719.0,701.0,704.0,470661
2019-12-31,683.0,683.0,708.0,683.0,704.0,361760
2020-01-02,671.0,671.0,685.0,662.0,685.0,316449
2020-01-03,677.0,677.0,692.0,671.0,680.0,317335
2020-01-06,669.0,669.0,682.0,656.0,682.0,252076
2020-01-07,659.0,659.0,674.0,653.0,673.0,271579
2020-01-08,655.0,655.0,674.0,647.0,663.0,249017
2020-01-09,668.0,668.0,670.0,660.0,664.0,390302
2020-01-10,669.0,669.0,674.0,663.0,668.0,148897
2020-01-13,687.0,687.0,690.0,668.0,668.0,342930
2020-01-14,679.0,679.0,698.0,673.0,690.0,296009
2020-01-15,676.0,676.0,680.0,668.0,680.0,265248
2020-01-16,669.0,669.0,678.0,668.0,678.0,145482
2020-01-17,687.0,687.0,687.0,670.0,672.0,247909
2020-01-20,702.0,702.0,704.0,690.0,690.0,339473
2020-01-30,632.0,632.0,685.0,632.0,685.0,705027
2020-01-31,622.0,622.0,633.0,602.0,603.0,790216
2020-02-03,619.0,619.0,635.0,595.0,595.0,413422
2020-02-04,634.0,634.0,640.0,614.0,619.0,391090
2020-02-05,633.0,633.0,638.0,630.0,635.0,301126
2020-02-06,658.0,658.0,665.0,637.0,637.0,308076
2020-02-07,649.0,649.0,669.0,640.0,650.0,384065
2020-02-10,630.0,630.0,649.0,630.0,643.0,191590
2020-02-11,624.0,624.0,642.0,622.0,640.0,298215
2020-02-12,630.0,630.0,640.0,623.0,625.0,340245
2020-02-13,669.0,669.0,669.0,640.0,643.0,544238
2020-02-14,665.0,665.0,671.0,657.0,670.0,208186
2020-02-17,670.0,670.0,678.0,653.0,660.0,111813
2020-02-18,646.0,646.0,669.0,644.0,660.0,350748
2020-02-19,666.0,666.0,669.0,647.0,653.0,337440
2020-02-20,651.0,651.0,678.0,647.0,678.0,401018
2020-02-21,652.0,652.0,669.0,649.0,655.0,421866
2020-02-24,636.0,636.0,655.0,635.0,649.0,476560
2020-02-25,643.0,643.0,646.0,625.0,625.0,244550
2020-02-26,626.0,626.0,638.0,623.0,632.0,594825
2020-02-27,627.0,627.0,635.0,601.0,625.0,765021
2020-03-02,600.0,600.0,608.0,586.0,596.0,771599
2020-03-03,609.0,609.0,624.0,606.0,614.0,419332
2020-03-04,628.0,628.0,632.0,608.0,608.0,482968
2020-03-05,634.0,634.0,637.0,628.0,628.0,260684
2020-03-06,604.0,604.0,632.0,603.0,632.0,600803
2020-03-09,568.0,568.0,595.0,566.0,578.0,835717
2020-03-10,563.0,563.0,570.0,551.0,566.0,645551
2020-03-11,553.0,553.0,579.0,550.0,563.0,600129
2020-03-12,507.0,507.0,550.0,502.0,544.0,769892
2020-03-13,488.0,488.0,497.0,456.5,468.5,1136666
2020-03-16,439.5,439.5,488.0,439.5,488.0,862088
2020-03-17,402.5,402.5,430.5,402.0,430.5,1398362
2020-03-18,372.5,372.5,415.0,372.5,403.5,1416742
2020-03-19,335.5,335.5,374.0,335.5,362.0,1703330
2020-03-20,368.0,368.0,368.0,339.0,339.0,1694360
2020-03-23,360.0,360.0,366.0,335.5,340.0,968546
2020-03-24,396.0,396.0,396.0,372.0,378.0,538247
2020-03-25,435.5,435.5,435.5,431.0,435.0,310177
2020-03-26,463.0,463.0,474.0,445.0,465.0,1505364
2020-03-27,477.0,477.0,508.0,471.0,479.5,1363512
2020-03-30,483.0,483.0,490.0,441.0,455.5,1118801
2020-03-31,491.0,491.0,507.0,471.0,500.0,1958588
2020-04-01,473.5,473.5,497.0,473.0,495.0,1027741
2020-04-07,493.0,493.0,515.0,488.0,515.0,862055
2020-04-08,490.0,490.0,499.0,485.5,493.0,659052
2020-04-09,490.0,490.0,505.0,490.0,495.0,729156
2020-04-10,501.0,501.0,502.0,488.0,489.0,417217
2020-04-13,490.0,490.0,507.0,490.0,498.0,365825
2020-04-14,507.0,507.0,513.0,493.0,497.0,683111
2020-04-15,513.0,513.0,517.0,508.0,510.0,402184
2020-04-16,498.0,498.0,510.0,496.0,503.0,624109
2020-04-17,501.0,501.0,529.0,500.0,507.0,814193
2020-04-20,509.0,509.0,518.0,504.0,504.0,468128
2020-04-21,490.5,490.5,517.0,490.5,505.0,809121
2020-04-22,491.5,491.5,494.0,476.0,487.0,332801
2020-04-23,486.0,486.0,499.5,480.5,493.5,503472
2020-04-24,485.5,485.5,489.0,482.0,482.0,231186
2020-04-27,506.0,506.0,507.0,488.0,493.0,701704
2020-04-28,503.0,503.0,512.0,502.0,511.0,292658
2020-04-29,543.0,543.0,550.0,504.0,504.0,963559
2020-05-04,513.0,513.0,539.0,511.0,521.0,1159988
2020-05-05,517.0,517.0,525.0,511.0,521.0,567484
2020-05-06,514.0,514.0,522.0,512.0,517.0,375959
2020-05-07,512.0,512.0,522.0,512.0,515.0,383222
2020-05-08,518.0,518.0,525.0,512.0,520.0,383072
2020-05-11,524.0,524.0,528.0,520.0,526.0,258565
2020-05-12,519.0,519.0,522.0,511.0,519.0,532166
2020-05-13,517.0,517.0,521.0,512.0,513.0,345566
2020-05-14,515.0,515.0,533.0,515.0,533.0,756910
2020-05-15,509.0,509.0,523.0,505.0,520.0,497876
2020-05-18,515.0,515.0,520.0,504.0,504.0,292232
2020-05-19,538.0,538.0,540.0,523.0,530.0,938348
2020-05-20,551.0,551.0,555.0,536.0,545.0,939714
2020-05-21,534.0,534.0,557.0,534.0,554.0,702521
2020-05-22,512.0,512.0,531.0,512.0,529.0,778261
2020-05-25,519.0,519.0,521.0,506.0,517.0,357626
2020-05-26,549.0,549.0,552.0,523.0,525.0,980993
2020-05-27,533.0,533.0,562.0,532.0,555.0,558213
2020-05-28,526.0,526.0,543.0,522.0,542.0,462455
2020-05-29,536.0,536.0,545.0,520.0,526.0,1146995
2020-06-01,544.0,544.0,560.0,541.0,547.0,536265
2020-06-02,541.0,541.0,553.0,541.0,551.0,435013
2020-06-03,571.0,571.0,571.0,552.0,555.0,943865
2020-06-04,570.0,570.0,589.0,560.0,588.0,711944
2020-06-05,582.0,582.0,583.0,566.0,574.0,420365
2020-06-08,624.0,624.0,625.0,579.0,586.0,1114823
2020-06-09,648.0,648.0,648.0,615.0,632.0,957564
2020-06-10,684.0,684.0,684.0,640.0,647.0,1113083
2020-06-11,687.0,687.0,695.0,675.0,679.0,924198
2020-06-12,678.0,678.0,686.0,672.0,680.0,812134
2020-06-15,679.0,679.0,697.0,673.0,682.0,712698
2020-06-16,690.0,690.0,708.0,690.0,695.0,921107
2020-06-17,699.0,699.0,701.0,691.0,696.0,567586
2020-06-18,694.0,694.0,700.0,683.0,699.0,584426
2020-06-19,693.0,693.0,695.0,683.0,688.0,688730
2020-06-22,684.0,684.0,695.0,682.0,694.0,306002
2020-06-23,697.0,697.0,703.0,684.0,689.0,729146
2020-06-24,689.0,689.0,699.0,688.0,697.0,328264
2020-06-29,690.0,690.0,697.0,680.0,684.0,479488
2020-06-30,703.0,703.0,703.0,692.0,697.0,606104
2020-07-01,695.0,695.0,706.0,694.0,702.0,326157
2020-07-02,737.0,737.0,741.0,702.0,702.0,1068102
2020-07-03,722.0,722.0,767.0,717.0,759.0,645211
2020-07-06,749.0,749.0,749.0,723.0,732.0,480681
2020-07-07,744.0,744.0,766.0,742.0,766.0,537403
2020-07-08,747.0,747.0,753.0,740.0,740.0,200191
2020-07-09,748.0,748.0,754.0,741.0,750.0,210247
2020-07-10,719.0,719.0,753.0,716.0,748.0,493858
2020-07-13,748.0,748.0,753.0,726.0,728.0,620392
2020-07-14,722.0,722.0,734.0,719.0,724.0,342559
2020-07-15,741.0,741.0,748.0,729.0,729.0,498698
2020-07-16,734.0,734.0,759.0,732.0,752.0,391973
2020-07-17,737.0,737.0,753.0,724.0,753.0,303110
2020-07-20,739.0,739.0,744.0,722.0,726.0,214379
2020-07-21,731.0,731.0,755.0,731.0,750.0,556563
2020-07-22,739.0,739.0,745.0,731.0,731.0,173041
2020-07-23,732.0,732.0,732.0,718.0,726.0,310037
2020-07-24,710.0,710.0,728.0,705.0,719.0,409747
2020-07-27,690.0,690.0,708.0,685.0,708.0,419128
2020-07-28,681.0,681.0,695.0,667.0,667.0,406122
2020-07-29,676.0,676.0,701.0,671.0,681.0,378641
2020-07-30,684.0,684.0,690.0,673.0,690.0,268368
2020-07-31,670.0,670.0,685.0,670.0,685.0,302346
2020-08-03,645.0,645.0,670.0,645.0,668.0,552099
2020-08-04,674.0,674.0,675.0,654.0,654.0,552201
2020-08-05,663.0,663.0,675.0,657.0,674.0,336687
2020-08-06,666.0,666.0,672.0,661.0,670.0,247197
2020-08-07,652.0,652.0,666.0,651.0,666.0,232473
2020-08-10,668.0,668.0,668.0,651.0,652.0,273636
2020-08-11,652.0,652.0,668.0,652.0,668.0,261571
2020-08-12,630.0,630.0,649.0,625.0,649.0,564579
2020-08-13,646.0,646.0,662.0,636.0,636.0,689827
2020-08-14,645.0,645.0,658.0,641.0,646.0,391408
2020-08-17,642.0,642.0,657.0,635.0,649.0,203138
2020-08-18,640.0,640.0,646.0,630.0,646.0,246499
2020-08-19,625.0,625.0,643.0,625.0,640.0,456154
2020-08-20,598.0,598.0,631.0,585.0,618.0,632285
2020-08-21,630.0,630.0,633.0,610.0,610.0,471352
2020-08-24,635.0,635.0,640.0,616.0,631.0,399387
2020-08-25,620.0,620.0,638.0,620.0,637.0,442594
2020-08-26,614.0,614.0,628.0,612.0,617.0,316401
2020-08-27,613.0,613.0,628.0,613.0,620.0,400108
2020-08-28,616.0,616.0,622.0,610.0,612.0,312998
2020-08-31,597.0,597.0,633.0,597.0,622.0,825825
2020-09-01,609.0,609.0,614.0,603.0,604.0,421261
2020-09-02,607.0,607.0,620.0,603.0,615.0,430242
2020-09-03,617.0,617.0,621.0,608.0,614.0,258800
2020-09-04,605.0,605.0,611.0,603.0,609.0,326841
2020-09-07,602.0,602.0,612.0,601.0,606.0,177909
2020-09-08,615.0,615.0,618.0,603.0,607.0,461513
2020-09-09,603.0,603.0,610.0,591.0,606.0,966286
2020-09-10,617.0,617.0,618.0,601.0,607.0,443311
2020-09-11,625.0,625.0,628.0,609.0,609.0,367792
2020-09-14,637.0,637.0,639.0,625.0,627.0,464898
2020-09-15,650.0,650.0,650.0,630.0,640.0,487090
2020-09-16,636.0,636.0,654.0,636.0,648.0,588154
2020-09-17,641.0,641.0,647.0,635.0,637.0,333816
2020-09-18,667.0,667.0,667.0,637.0,641.0,611622
2020-09-21,656.0,656.0,666.0,653.0,666.0,382905
2020-09-22,637.0,637.0,653.0,628.0,651.0,366316
2020-09-23,629.0,629.0,644.0,625.0,638.0,309249
2020-09-24,595.0,595.0,620.0,593.0,620.0,1257488
2020-09-25,603.0,603.0,609.0,599.0,609.0,388943
2020-09-28,619.0,619.0,623.0,606.0,610.0,343230
2020-09-29,625.0,625.0,635.0,621.0,628.0,544529
2020-09-30,643.0,643.0,649.0,628.0,632.0,749478
2020-10-05,641.0,641.0,653.0,636.0,653.0,283880
2020-10-06,655.0,655.0,655.0,646.0,647.0,372610
2020-10-07,659.0,659.0,664.0,643.0,650.0,369532
2020-10-08,655.0,655.0,665.0,646.0,664.0,254802
2020-10-12,658.0,658.0,662.0,650.0,659.0,386913
2020-10-13,641.0,641.0,662.0,641.0,660.0,315689
2020-10-14,649.0,649.0,652.0,642.0,646.0,361209
2020-10-15,632.0,632.0,645.0,629.0,644.0,324635
2020-10-16,629.0,629.0,638.0,629.0,632.0,222433
2020-10-19,643.0,643.0,644.0,630.0,636.0,188260
2020-10-20,639.0,639.0,640.0,634.0,634.0,134957
2020-10-21,633.0,633.0,646.0,633.0,640.0,201743
2020-10-22,637.0,637.0,638.0,630.0,630.0,172375
2020-10-23,632.0,632.0,638.0,632.0,633.0,111172
2020-10-26,639.0,639.0,640.0,631.0,632.0,151520
2020-10-27,636.0,636.0,636.0,631.0,631.0,233663
2020-10-28,630.0,630.0,633.0,625.0,631.0,293567
2020-10-29,612.0,612.0,621.0,606.0,621.0,406069
2020-10-30,602.0,602.0,613.0,601.0,612.0,523223
2020-11-02,618.0,618.0,618.0,605.0,605.0,282574
2020-11-03,636.0,636.0,637.0,624.0,624.0,368054
2020-11-04,629.0,629.0,636.0,621.0,629.0,303084
2020-11-05,639.0,639.0,647.0,633.0,635.0,424780
2020-11-06,642.0,642.0,644.0,638.0,639.0,188783
2020-11-09,649.0,649.0,658.0,641.0,649.0,363574
2020-11-10,656.0,656.0,659.0,647.0,650.0,337734
2020-11-11,673.0,673.0,676.0,652.0,660.0,649007
2020-11-12,657.0,657.0,672.0,653.0,667.0,489929
2020-11-13,665.0,665.0,668.0,655.0,657.0,330318
2020-11-16,688.0,688.0,691.0,671.0,673.0,577037
2020-11-17,696.0,696.0,700.0,676.0,700.0,480411
2020-11-18,695.0,695.0,697.0,686.0,686.0,451450
2020-11-19,700.0,700.0,700.0,687.0,694.0,335630
2020-11-20,697.0,697.0,700.0,692.0,695.0,276594
2020-11-23,695.0,695.0,707.0,693.0,702.0,415273
2020-11-24,682.0,682.0,695.0,681.0,693.0,337932
2020-11-25,681.0,681.0,692.0,681.0,682.0,228672
2020-11-26,688.0,688.0,688.0,672.0,674.0,240600
2020-11-27,680.0,680.0,685.0,676.0,682.0,456177
2020-11-30,641.0,641.0,680.0,641.0,676.0,1688178
2020-12-01,650.0,650.0,654.0,642.0,646.0,339864
2020-12-02,650.0,650.0,653.0,638.0,648.0,578534
2020-12-04,658.0,658.0,663.0,646.0,649.0,451202
2020-12-07,644.0,644.0,660.0,642.0,660.0,507965
2020-12-08,644.0,644.0,647.0,640.0,641.0,246264
2020-12-09,644.0,644.0,649.0,643.0,646.0,259223
2020-12-10,639.0,639.0,642.0,636.0,640.0,273378
2020-12-11,641.0,641.0,647.0,637.0,640.0,242495
2020-12-14,629.0,629.0,641.0,626.0,641.0,422624
2020-12-15,623.0,623.0,632.0,619.0,625.0,453156
2020-12-16,648.0,648.0,650.0,630.0,630.0,626410
2020-12-17,633.0,633.0,645.0,628.0,643.0,363460
2020-12-18,626.0,626.0,642.0,626.0,639.0,458549
2020-12-21,636.0,636.0,637.0,621.0,624.0,255802
2020-12-22,625.0,625.0,635.0,623.0,633.0,253661
2020-12-23,622.0,622.0,626.0,619.0,620.0,221768
2020-12-24,627.0,627.0,629.0,624.0,625.0,109281
2020-12-25,622.0,622.0,632.0,621.0,632.0,151923
2020-12-28,630.0,630.0,632.0,624.0,624.0,165910
2020-12-29,634.0,634.0,636.0,627.0,636.0,98874
2020-12-30,647.0,647.0,650.0,630.0,632.0,510165
2020-12-31,643.0,643.0,652.0,638.0,645.0,293706
2021-01-04,646.0,646.0,655.0,633.0,633.0,324820
2021-01-05,642.0,642.0,646.0,640.0,641.0,234364
2021-01-06,629.0,629.0,642.0,625.0,634.0,372557
2021-01-07,634.0,634.0,642.0,626.0,630.0,283523
2021-01-08,645.0,645.0,647.0,634.0,634.0,589601
2021-01-11,639.0,639.0,641.0,632.0,637.0,339380
2021-01-12,637.0,637.0,642.0,632.0,633.0,337753
2021-01-13,649.0,649.0,650.0,638.0,638.0,577868
2021-01-14,660.0,660.0,665.0,641.0,642.0,661620
2021-01-15,644.0,644.0,668.0,644.0,660.0,359082
2021-01-18,638.0,638.0,650.0,632.0,650.0,222648
2021-01-19,638.0,638.0,643.0,637.0,637.0,128299
2021-01-20,609.0,609.0,636.0,609.0,635.0,898287
2021-01-21,614.0,614.0,621.0,612.0,612.0,375544
2021-01-22,610.0,610.0,624.0,609.0,624.0,427851
2021-01-25,607.0,607.0,619.0,605.0,612.0,348392
2021-01-26,598.0,598.0,609.0,595.0,604.0,627625
2021-01-27,599.0,599.0,615.0,597.0,601.0,523984
2021-01-28,590.0,590.0,605.0,590.0,596.0,558376
2021-01-29,567.0,567.0,590.0,567.0,590.0,1032574
2021-02-01,576.0,576.0,580.0,567.0,570.0,360554
2021-02-02,584.0,584.0,597.0,570.0,574.0,708073
2021-02-03,580.0,580.0,589.0,577.0,585.0,443368
2021-02-04,588.0,588.0,589.0,575.0,575.0,362382
2021-02-05,598.0,598.0,603.0,586.0,586.0,435225
2021-02-17,598.0,598.0,603.0,586.0,601.0,497542
2021-02-18,592.0,592.0,602.0,585.0,598.0,496605
2021-02-19,591.0,591.0,595.0,585.0,589.0,335761
2021-02-22,594.0,594.0,606.0,594.0,594.0,303653
2021-02-23,614.0,614.0,615.0,589.0,589.0,648703
2021-02-24,611.0,611.0,620.0,605.0,606.0,424695
2021-02-25,618.0,618.0,619.0,612.0,617.0,398600
2021-02-26,591.0,591.0,615.0,589.0,615.0,1225238
2021-03-02,591.0,591.0,597.0,586.0,595.0,283061
2021-03-03,610.0,610.0,615.0,591.0,595.0,804987
2021-03-04,593.0,593.0,605.0,588.0,602.0,682011
2021-03-05,596.0,596.0,600.0,585.0,590.0,432832
2021-03-08,587.0,587.0,601.0,587.0,596.0,262577
2021-03-09,595.0,595.0,596.0,580.0,587.0,347446
2021-03-10,599.0,599.0,600.0,591.0,600.0,188767
2021-03-11,600.0,600.0,609.0,595.0,599.0,364350
2021-03-12,597.0,597.0,601.0,594.0,601.0,130260
2021-03-15,589.0,589.0,596.0,589.0,592.0,252389
2021-03-16,589.0,589.0,593.0,588.0,591.0,154166
2021-03-17,584.0,584.0,592.0,583.0,588.0,316727
2021-03-18,585.0,585.0,595.0,584.0,584.0,294589
2021-03-19,574.0,574.0,583.0,572.0,582.0,888763
2021-03-22,578.0,578.0,578.0,567.0,570.0,182544
2021-03-23,573.0,573.0,581.0,573.0,578.0,161736
2021-03-24,579.0,579.0,579.0,571.0,573.0,194744
2021-03-25,576.0,576.0,577.0,573.0,573.0,248304
2021-03-26,588.0,588.0,592.0,579.0,582.0,423237
2021-03-29,587.0,587.0,592.0,587.0,590.0,141078
2021-03-30,587.0,587.0,590.0,584.0,590.0,263098
2021-03-31,588.0,588.0,591.0,583.0,591.0,196640
2021-04-01,584.0,584.0,591.0,584.0,590.0,133623
2021-04-06,585.0,585.0,592.0,584.0,588.0,201468
2021-04-07,588.0,588.0,589.0,585.0,589.0,136431
2021-04-08,589.0,589.0,589.0,584.0,584.0,172042
2021-04-09,584.0,584.0,588.0,584.0,586.0,154530
2021-04-12,581.0,581.0,587.0,581.0,584.0,228983
2021-04-13,582.0,582.0,591.0,581.0,586.0,241806
2021-04-14,583.0,583.0,589.0,581.0,582.0,177480
2021-04-15,585.0,585.0,588.0,581.0,586.0,173963
2021-04-16,594.0,594.0,594.0,585.0,588.0,304639
2021-04-19,596.0,596.0,601.0,594.0,597.0,220997
2021-04-20,603.0,603.0,603.0,594.0,596.0,308636
2021-04-21,583.0,583.0,601.0,583.0,601.0,503810
2021-04-22,590.0,590.0,590.0,581.0,585.0,302525
2021-04-23,594.0,594.0,595.0,588.0,595.0,189788
2021-04-26,608.0,608.0,609.0,593.0,594.0,559553
2021-04-27,610.0,610.0,613.0,604.0,604.0,328379
2021-04-28,610.0,610.0,610.0,596.0,606.0,218399
2021-04-29,604.0,604.0,615.0,602.0,602.0,377648
2021-05-03,592.0,592.0,602.0,587.0,598.0,311658
2021-05-04,587.0,587.0,600.0,585.0,599.0,460753
2021-05-05,584.0,584.0,590.0,583.0,585.0,233143
2021-05-06,590.0,590.0,590.0,578.0,581.0,377581
2021-05-07,597.0,597.0,598.0,586.0,590.0,161237
2021-05-10,604.0,604.0,608.0,599.0,602.0,309244
2021-05-11,582.0,582.0,599.0,579.0,595.0,334542
2021-05-12,542.0,542.0,592.0,526.0,579.0,713834
2021-05-13,529.0,529.0,555.0,529.0,555.0,708913
2021-05-14,537.0,537.0,540.0,530.0,531.0,297092
2021-05-17,518.0,518.0,539.0,515.0,525.0,388359
2021-05-18,543.0,543.0,543.0,521.0,521.0,385436
2021-05-19,528.0,528.0,538.0,528.0,532.0,344799
2021-05-20,534.0,534.0,534.0,522.0,525.0,347070
2021-05-21,539.0,539.0,546.0,535.0,536.0,197678
2021-05-24,535.0,535.0,535.0,530.0,530.0,119619
2021-05-25,560.0,560.0,578.0,535.0,535.0,523216
2021-05-26,556.0,556.0,571.0,552.0,571.0,159732
2021-05-27,544.0,544.0,559.0,538.0,547.0,792417
2021-05-28,564.0,564.0,565.0,550.0,554.0,431257
2021-05-31,570.0,570.0,573.0,557.0,564.0,187464
2021-06-01,565.0,565.0,571.0,562.0,567.0,96418
2021-06-02,574.0,574.0,578.0,557.0,565.0,234501
2021-06-03,576.0,576.0,580.0,567.0,580.0,113540
2021-06-04,568.0,568.0,570.0,560.0,565.0,154293
2021-06-07,560.0,560.0,572.0,556.0,572.0,128911
2021-06-08,575.0,575.0,575.0,565.0,571.0,244123
2021-06-09,568.0,568.0,577.0,566.0,577.0,158815
2021-06-10,576.0,576.0,582.0,566.0,566.0,175008
2021-06-11,581.0,581.0,582.0,573.0,576.0,98527
2021-06-15,583.0,583.0,585.0,576.0,585.0,87301
2021-06-16,592.0,592.0,595.0,579.0,579.0,346037
2021-06-17,581.0,581.0,586.0,576.0,583.0,254112
2021-06-18,576.0,576.0,584.0,574.0,577.0,361009
2021-06-21,571.0,571.0,580.0,560.0,580.0,312500
2021-06-22,574.0,574.0,580.0,573.0,579.0,219687
2021-06-23,608.0,608.0,611.0,578.0,579.0,908286
2021-06-24,605.0,605.0,615.0,604.0,614.0,304770
2021-06-25,619.0,619.0,625.0,610.0,611.0,501069
2021-06-28,609.0,609.0,624.0,609.0,623.0,225988
2021-06-29,611.0,611.0,617.0,602.0,609.0,318542
2021-06-30,614.0,614.0,617.0,608.0,617.0,213215
2021-07-01,615.0,615.0,620.0,603.0,606.0,289917
2021-07-02,602.0,602.0,612.0,598.0,612.0,312378
2021-07-05,619.0,619.0,619.0,607.0,610.0,252878
2021-07-06,622.0,622.0,625.0,612.0,625.0,266705
2021-07-07,619.0,619.0,622.0,615.0,622.0,279610
2021-07-08,602.0,602.0,619.0,600.0,619.0,499395
2021-07-09,591.0,591.0,591.0,577.0,588.0,550921
2021-07-12,597.0,597.0,600.0,593.0,600.0,92799
2021-07-13,608.0,608.0,610.0,599.0,599.0,317182
2021-07-14,608.0,608.0,614.0,603.0,608.0,188845
2021-07-15,603.0,603.0,608.0,599.0,608.0,131455
2021-07-16,605.0,605.0,605.0,596.0,598.0,68298
2021-07-19,591.0,591.0,599.0,580.0,592.0,315099
2021-07-20,583.0,583.0,590.0,583.0,590.0,146904
2021-07-21,590.0,590.0,598.0,584.0,584.0,148367
2021-07-22,608.0,608.0,608.0,597.0,597.0,437405
2021-07-23,604.0,604.0,614.0,600.0,603.0,93448
2021-07-26,591.0,591.0,601.0,588.0,597.0,176534
2021-07-27,590.0,590.0,595.0,589.0,591.0,128504
2021-07-28,590.0,590.0,590.0,577.0,586.0,242930
2021-07-29,591.0,591.0,596.0,582.0,586.0,196996
2021-07-30,590.0,590.0,590.0,584.0,585.0,144675
2021-08-02,605.0,605.0,605.0,592.0,597.0,174467
2021-08-03,607.0,607.0,607.0,593.0,593.0,137807
2021-08-04,604.0,604.0,608.0,600.0,602.0,106393
2021-08-05,591.0,591.0,608.0,591.0,604.0,149007
2021-08-06,584.0,584.0,595.0,583.0,595.0,311287
2021-08-09,593.0,593.0,594.0,574.0,585.0,242274
2021-08-10,588.0,588.0,591.0,584.0,587.0,78499
2021-08-11,590.0,590.0,590.0,583.0,585.0,82553
2021-08-12,582.0,582.0,592.0,581.0,592.0,162703
2021-08-13,578.0,578.0,580.0,575.0,579.0,193081
2021-08-16,576.0,576.0,576.0,570.0,570.0,140836
2021-08-17,561.0,561.0,573.0,561.0,573.0,385763
2021-08-18,563.0,563.0,564.0,549.0,561.0,288075
2021-08-19,539.0,539.0,555.0,538.0,552.0,521612
2021-08-20,533.0,533.0,549.0,533.0,543.0,228756
2021-08-23,549.0,549.0,549.0,536.0,540.0,119063
2021-08-24,548.0,548.0,552.0,543.0,551.0,158213
2021-08-25,565.0,565.0,566.0,550.0,554.0,152000
2021-08-26,550.0,550.0,569.0,550.0,560.0,298068
2021-08-27,563.0,563.0,570.0,550.0,550.0,239090
2021-08-30,580.0,580.0,580.0,561.0,565.0,215756
2021-08-31,583.0,583.0,583.0,563.0,575.0,491917
2021-09-01,582.0,582.0,585.0,571.0,571.0,252114
2021-09-02,570.0,570.0,583.0,570.0,578.0,167268
2021-09-03,587.0,587.0,588.0,572.0,572.0,305058
2021-09-06,584.0,584.0,590.0,583.0,587.0,94532
2021-09-07,578.0,578.0,585.0,574.0,585.0,76326
2021-09-08,579.0,579.0,582.0,569.0,582.0,224826
2021-09-09,567.0,567.0,576.0,566.0,571.0,230709
2021-09-10,577.0,577.0,577.0,570.0,573.0,153450
2021-09-13,592.0,592.0,592.0,580.0,580.0,296149
2021-09-14,603.0,603.0,604.0,595.0,595.0,355571
2021-09-15,608.0,608.0,608.0,601.0,603.0,313201
2021-09-16,608.0,608.0,610.0,604.0,608.0,206183
2021-09-17,609.0,609.0,615.0,605.0,610.0,578624
2021-09-22,583.0,583.0,602.0,578.0,602.0,455814
2021-09-23,592.0,592.0,597.0,590.0,595.0,137103
2021-09-24,602.0,602.0,605.0,597.0,598.0,144672
2021-09-27,601.0,601.0,608.0,598.0,608.0,149088
2021-09-28,602.0,602.0,602.0,584.0,585.0,113214
2021-09-29,583.0,583.0,590.0,582.0,589.0,337691
2021-09-30,585.0,585.0,589.0,576.0,579.0,237026
2021-10-01,571.0,571.0,588.0,566.0,575.0,363954
2021-10-04,571.0,571.0,577.0,571.0,577.0,103952
2021-10-05,572.0,572.0,577.0,563.0,572.0,141238
2021-10-06,574.0,574.0,576.0,561.0,571.0,367781
2021-10-07,591.0,591.0,592.0,578.0,580.0,311725
2021-10-08,585.0,585.0,591.0,585.0,588.0,62011
2021-10-12,589.0,589.0,589.0,565.0,576.0,256140
2021-10-13,589.0,589.0,593.0,584.0,593.0,120869
2021-10-14,587.0,587.0,598.0,587.0,592.0,175567
2021-10-15,598.0,598.0,599.0,579.0,587.0,477213
2021-10-18,598.0,598.0,600.0,594.0,594.0,92881
2021-10-19,604.0,604.0,606.0,595.0,600.0,256015
2021-10-20,610.0,610.0,610.0,606.0,607.0,170218
2021-10-21,612.0,612.0,618.0,609.0,610.0,304147
2021-10-22,606.0,606.0,615.0,606.0,615.0,50921
2021-10-25,610.0,610.0,612.0,604.0,604.0,72099
2021-10-26,623.0,623.0,624.0,612.0,612.0,457623
2021-10-27,615.0,615.0,625.0,612.0,625.0,134219
2021-10-28,621.0,621.0,624.0,613.0,615.0,178956
2021-10-29,612.0,612.0,617.0,603.0,616.0,284850
2021-11-01,610.0,610.0,619.0,609.0,619.0,122616
2021-11-02,613.0,613.0,623.0,610.0,616.0,181200
2021-11-03,611.0,611.0,619.0,605.0,607.0,147912
2021-11-04,611.0,611.0,616.0,609.0,616.0,57860
2021-11-05,609.0,609.0,609.0,603.0,606.0,95825
2021-11-08,606.0,606.0,606.0,599.0,606.0,155744
2021-11-09,628.0,628.0,628.0,603.0,609.0,483035
2021-11-10,625.0,625.0,630.0,612.0,625.0,248610
2021-11-11,624.0,624.0,628.0,620.0,625.0,174095
2021-11-12,634.0,634.0,638.0,619.0,621.0,273859
2021-11-15,643.0,643.0,644.0,627.0,628.0,210037
2021-11-16,650.0,650.0,650.0,640.0,640.0,282909
2021-11-17,643.0,643.0,652.0,640.0,640.0,164932
2021-11-18,654.0,654.0,654.0,643.0,647.0,229712
2021-11-19,658.0,658.0,658.0,651.0,651.0,104002
2021-11-22,665.0,665.0,665.0,651.0,656.0,156871
2021-11-23,645.0,645.0,669.0,643.0,662.0,271091
2021-11-24,640.0,640.0,654.0,636.0,646.0,213120
2021-11-25,633.0,633.0,643.0,633.0,642.0,92348
2021-11-26,621.0,621.0,636.0,617.0,629.0,333511
2021-11-29,612.0,612.0,631.0,612.0,625.0,219259
2021-11-30,606.0,606.0,625.0,603.0,609.0,1001654
2021-12-01,613.0,613.0,619.0,605.0,605.0,209052
2021-12-02,624.0,624.0,624.0,606.0,606.0,199641
2021-12-03,612.0,612.0,622.0,610.0,620.0,237071
2021-12-06,619.0,619.0,619.0,608.0,608.0,170968
2021-12-07,615.0,615.0,615.0,607.0,612.0,273959
2021-12-08,625.0,625.0,630.0,620.0,623.0,284040
2021-12-09,626.0,626.0,630.0,623.0,625.0,116027
2021-12-10,615.0,615.0,626.0,613.0,622.0,127975
2021-12-13,611.0,611.0,619.0,609.0,612.0,155458
2021-12-14,616.0,616.0,616.0,608.0,608.0,199858
2021-12-15,612.0,612.0,612.0,604.0,611.0,291105
2021-12-16,609.0,609.0,615.0,607.0,615.0,101904
2021-12-17,612.0,612.0,613.0,608.0,612.0,218772
2021-12-20,600.0,600.0,607.0,597.0,607.0,281828
2021-12-21,601.0,601.0,606.0,600.0,605.0,132959
2021-12-22,599.0,599.0,604.0,599.0,604.0,62802
2021-12-23,598.0,598.0,606.0,598.0,600.0,145401
2021-12-24,610.0,610.0,610.0,601.0,606.0,140616
2021-12-27,615.0,615.0,615.0,609.0,609.0,78433
2021-12-28,615.0,615.0,622.0,613.0,620.0,183781
2021-12-29,620.0,620.0,620.0,614.0,620.0,119989
2021-12-30,614.0,614.0,619.0,610.0,617.0,177096
2022-01-03,616.0,616.0,624.0,613.0,621.0,78647
2022-01-04,618.0,618.0,619.0,610.0,619.0,135161
2022-01-05,620.0,620.0,620.0,609.0,609.0,146862
2022-01-06,621.0,621.0,621.0,613.0,619.0,168905
2022-01-07,614.0,614.0,624.0,614.0,621.0,123031
2022-01-10,620.0,620.0,620.0,614.0,614.0,73368
2022-01-11,624.0,624.0,624.0,614.0,616.0,163658
2022-01-12,621.0,621.0,625.0,616.0,624.0,145545
2022-01-13,625.0,625.0,626.0,618.0,624.0,153938
2022-01-14,622.0,622.0,627.0,618.0,625.0,83824
2022-01-17,610.0,610.0,616.0,610.0,611.0,117845
2022-01-18,609.0,609.0,614.0,609.0,613.0,107828
2022-01-19,607.0,607.0,616.0,604.0,609.0,214445
2022-01-20,604.0,604.0,615.0,602.0,603.0,164150
2022-01-21,607.0,607.0,612.0,597.0,602.0,331713
2022-01-24,615.0,615.0,615.0,597.0,598.0,171131
2022-01-25,598.0,598.0,608.0,592.0,604.0,531416
2022-01-26,602.0,602.0,602.0,595.0,600.0,138879
2022-02-07,609.0,609.0,609.0,587.0,596.0,451981
2022-02-08,609.0,609.0,615.0,605.0,614.0,230853
2022-02-09,625.0,625.0,625.0,610.0,610.0,244649
2022-02-10,626.0,626.0,630.0,615.0,615.0,138569
2022-02-11,625.0,625.0,630.0,621.0,624.0,151846
2022-02-14,631.0,631.0,631.0,612.0,623.0,167695
2022-02-15,621.0,621.0,628.0,619.0,620.0,154497
2022-02-16,634.0,634.0,635.0,623.0,623.0,259886
2022-02-17,645.0,645.0,650.0,633.0,633.0,361123
2022-02-18,635.0,635.0,646.0,635.0,638.0,121811
2022-02-21,643.0,643.0,644.0,628.0,630.0,120461
2022-02-22,629.0,629.0,633.0,618.0,631.0,419491
2022-02-23,627.0,627.0,630.0,622.0,627.0,110218
2022-02-24,616.0,616.0,620.0,607.0,617.0,390195
2022-02-25,630.0,630.0,630.0,606.0,618.0,551517
2022-03-01,639.0,639.0,639.0,621.0,634.0,320255
2022-03-02,635.0,635.0,643.0,630.0,643.0,124600
2022-03-03,636.0,636.0,642.0,629.0,642.0,125137
2022-03-04,622.0,622.0,629.0,614.0,618.0,222839
2022-03-07,594.0,594.0,619.0,593.0,609.0,629326
2022-03-08,575.0,575.0,593.0,571.0,577.0,467059
2022-03-09,575.0,575.0,587.0,575.0,580.0,308264
2022-03-10,597.0,597.0,598.0,581.0,581.0,338326
2022-03-11,582.0,582.0,596.0,582.0,589.0,183694
2022-03-14,581.0,581.0,590.0,581.0,587.0,206895
2022-03-15,575.0,575.0,582.0,571.0,581.0,254844
2022-03-16,567.0,567.0,581.0,562.0,576.0,501981
2022-03-17,580.0,580.0,601.0,577.0,586.0,700643
2022-03-18,569.0,569.0,585.0,569.0,581.0,1261216
2022-03-21,582.0,582.0,585.0,572.0,572.0,247172
2022-03-22,585.0,585.0,590.0,583.0,587.0,171235
2022-03-23,587.0,587.0,594.0,587.0,587.0,224799
2022-03-24,589.0,589.0,591.0,581.0,581.0,132153
2022-03-25,583.0,583.0,587.0,580.0,580.0,148225
2022-03-28,583.0,583.0,583.0,571.0,571.0,165985
2022-03-29,586.0,586.0,588.0,582.0,583.0,108584
2022-03-30,598.0,598.0,602.0,587.0,589.0,391693
2022-03-31,598.0,598.0,608.0,596.0,598.0,283464
2022-04-01,593.0,593.0,603.0,586.0,592.0,263477
2022-04-06,593.0,593.0,596.0,581.0,586.0,247196
2022-04-07,575.0,575.0,587.0,575.0,584.0,370615
2022-04-08,583.0,583.0,584.0,576.0,581.0,89136
2022-04-11,574.0,574.0,587.0,573.0,585.0,193707
2022-04-12,579.0,579.0,582.0,574.0,574.0,140307
2022-04-13,594.0,594.0,594.0,584.0,586.0,263468
2022-04-14,591.0,591.0,594.0,589.0,590.0,109772
2022-04-15,578.0,578.0,593.0,578.0,588.0,114354
2022-04-18,573.0,573.0,578.0,572.0,572.0,131124
2022-04-19,579.0,579.0,584.0,576.0,576.0,140532
2022-04-20,592.0,592.0,594.0,578.0,579.0,204965
2022-04-21,585.0,585.0,595.0,585.0,593.0,141312
2022-04-22,589.0,589.0,590.0,577.0,579.0,186144
2022-04-25,573.0,573.0,584.0,570.0,578.0,407754
2022-04-26,581.0,581.0,585.0,573.0,573.0,214758
2022-04-27,568.0,568.0,578.0,567.0,574.0,289707
2022-04-28,578.0,578.0,578.0,566.0,569.0,394386
2022-04-29,580.0,580.0,583.0,572.0,572.0,254004
2022-05-03,578.0,578.0,584.0,575.0,575.0,83473
2022-05-04,578.0,578.0,584.0,577.0,580.0,119169
2022-05-05,584.0,584.0,589.0,583.0,584.0,117801
2022-05-06,570.0,570.0,582.0,568.0,575.0,306047
2022-05-09,553.0,553.0,564.0,553.0,564.0,209970
2022-05-10,554.0,554.0,562.0,551.0,551.0,226161
2022-05-11,567.0,567.0,567.0,543.0,551.0,299730
2022-05-12,552.0,552.0,570.0,551.0,565.0,229739
2022-05-13,557.0,557.0,564.0,557.0,563.0,206841
2022-05-16,559.0,559.0,569.0,559.0,567.0,169998
2022-05-17,574.0,574.0,574.0,563.0,563.0,211637
2022-05-18,577.0,577.0,584.0,566.0,571.0,366465
2022-05-19,561.0,561.0,571.0,560.0,571.0,222378
2022-05-20,579.0,579.0,579.0,563.0,567.0,266377
2022-05-23,578.0,578.0,585.0,573.0,585.0,202453
2022-05-24,570.0,570.0,585.0,569.0,573.0,121771
2022-05-25,577.0,577.0,582.0,569.0,577.0,279600
2022-05-26,582.0,582.0,586.0,580.0,580.0,231920
2022-05-27,597.0,597.0,597.0,584.0,588.0,373238
2022-05-30,613.0,613.0,613.0,597.0,598.0,636600
2022-05-31,633.0,633.0,633.0,602.0,610.0,1050570
2022-06-01,620.0,620.0,632.0,620.0,621.0,254755
2022-06-02,616.0,616.0,626.0,610.0,611.0,221804
2022-06-06,620.0,620.0,624.0,608.0,624.0,208555
2022-06-07,604.0,604.0,614.0,602.0,611.0,354612
2022-06-08,613.0,613.0,615.0,605.0,605.0,248949
2022-06-09,613.0,613.0,613.0,606.0,608.0,95827
2022-06-10,610.0,610.0,615.0,603.0,606.0,183432
2022-06-13,578.0,578.0,603.0,576.0,596.0,640848
2022-06-14,582.0,582.0,583.0,571.0,573.0,258908
2022-06-15,579.0,579.0,583.0,573.0,574.0,294865
2022-06-16,579.0,579.0,589.0,576.0,586.0,205194
2022-06-17,568.0,568.0,578.0,568.0,573.0,372658
2022-06-20,571.0,571.0,579.0,567.0,569.0,240546
2022-06-21,587.0,587.0,587.0,578.0,583.0,401409
2022-06-22,580.0,580.0,590.0,577.0,587.0,118480
2022-06-23,604.0,604.0,604.0,590.0,593.0,420255
2022-06-24,619.0,619.0,621.0,609.0,609.0,407202
2022-06-27,629.0,629.0,632.0,626.0,629.0,444106
2022-06-28,624.0,624.0,632.0,621.0,632.0,152508
2022-06-29,623.0,623.0,627.0,615.0,615.0,278475
2022-06-30,606.0,606.0,629.0,606.0,623.0,386810
2022-07-01,608.0,608.0,620.0,603.0,608.0,234129
2022-07-04,618.0,618.0,623.0,607.0,622.0,250819
2022-07-05,620.0,620.0,631.0,616.0,630.0,315877
2022-07-06,613.0,613.0,626.0,609.0,626.0,299757
2022-07-07,618.0,618.0,620.0,607.0,612.0,249037
2022-07-08,594.0,594.0,602.0,592.0,601.0,274923
2022-07-11,594.0,594.0,601.0,590.0,600.0,174278
2022-07-12,595.0,595.0,599.0,587.0,588.0,165109
2022-07-13,603.0,603.0,606.0,594.0,601.0,212608
2022-07-14,607.0,607.0,607.0,598.0,599.0,85302
2022-07-15,597.0,597.0,605.0,594.0,602.0,169524
2022-07-18,590.0,590.0,595.0,586.0,591.0,165322
2022-07-19,599.0,599.0,599.0,592.0,595.0,151881
2022-07-20,588.0,588.0,601.0,587.0,600.0,198832
2022-07-21,589.0,589.0,594.0,582.0,594.0,139987
2022-07-22,590.0,590.0,590.0,579.0,583.0,255460
2022-07-25,598.0,598.0,598.0,585.0,585.0,131852
2022-07-26,600.0,600.0,600.0,592.0,594.0,116945
2022-07-27,599.0,599.0,600.0,595.0,600.0,77153
2022-07-28,603.0,603.0,603.0,596.0,603.0,183100
2022-07-29,604.0,604.0,605.0,599.0,604.0,168135
2022-08-01,601.0,601.0,602.0,595.0,600.0,89083
2022-08-02,595.0,595.0,595.0,587.0,590.0,191898
2022-08-03,597.0,597.0,597.0,589.0,596.0,171095
2022-08-04,591.0,591.0,599.0,582.0,599.0,157989
2022-08-05,606.0,606.0,608.0,596.0,597.0,277379
2022-08-08,601.0,601.0,605.0,597.0,605.0,109616
2022-08-09,599.0,599.0,602.0,596.0,597.0,77868
2022-08-10,597.0,597.0,597.0,589.0,593.0,158547
2022-08-11,612.0,612.0,612.0,601.0,602.0,248204
2022-08-12,611.0,611.0,612.0,601.0,606.0,174390
2022-08-15,608.0,608.0,615.0,604.0,615.0,110338
2022-08-16,611.0,611.0,612.0,606.0,612.0,168760
2022-08-17,612.0,612.0,613.0,606.0,613.0,170286
2022-08-18,612.0,612.0,612.0,606.0,608.0,74306
2022-08-19,605.0,605.0,605.0,600.0,605.0,122120
2022-08-22,596.0,596.0,601.0,595.0,595.0,93197
2022-08-23,598.0,598.0,600.0,591.0,591.0,105050
2022-08-24,590.0,590.0,599.0,590.0,596.0,154403
2022-08-25,606.0,606.0,606.0,595.0,596.0,174630
2022-08-26,607.0,607.0,609.0,601.0,609.0,91225
2022-08-29,593.0,593.0,596.0,590.0,591.0,305126
2022-08-30,599.0,599.0,600.0,588.0,590.0,336081
2022-08-31,614.0,614.0,614.0,596.0,599.0,415761
2022-09-01,590.0,590.0,604.0,590.0,599.0,381005
2022-09-02,581.0,581.0,593.0,581.0,592.0,225406
2022-09-05,587.0,587.0,589.0,583.0,585.0,75177
2022-09-06,603.0,603.0,603.0,589.0,593.0,257597
2022-09-07,582.0,582.0,597.0,581.0,593.0,376813
2022-09-08,597.0,597.0,597.0,586.0,586.0,179704
2022-09-12,605.0,605.0,609.0,601.0,608.0,215455
2022-09-13,606.0,606.0,609.0,602.0,609.0,175190
2022-09-14,596.0,596.0,600.0,591.0,597.0,241561
2022-09-15,591.0,591.0,598.0,587.0,592.0,254450
2022-09-16,606.0,606.0,606.0,584.0,584.0,684034
2022-09-19,591.0,591.0,604.0,591.0,604.0,162050
2022-09-20,600.0,600.0,600.0,591.0,597.0,147847
2022-09-21,598.0,598.0,598.0,591.0,595.0,267105
2022-09-22,584.0,584.0,592.0,580.0,591.0,361001
2022-09-23,579.0,579.0,587.0,576.0,582.0,207058
2022-09-26,567.0,567.0,575.0,567.0,571.0,205077
2022-09-27,564.0,564.0,578.0,562.0,572.0,269199
2022-09-28,549.0,549.0,565.0,546.0,565.0,276010
2022-09-29,577.0,577.0,577.0,555.0,560.0,421810
2022-09-30,572.0,572.0,578.0,562.0,577.0,338837
2022-10-03,561.0,561.0,570.0,560.0,560.0,123562
2022-10-04,571.0,571.0,579.0,567.0,568.0,151260
2022-10-05,570.0,570.0,577.0,570.0,572.0,148767
2022-10-06,587.0,587.0,587.0,577.0,577.0,231874
2022-10-07,578.0,578.0,585.0,576.0,585.0,132557
2022-10-11,555.0,555.0,567.0,550.0,561.0,387419
2022-10-12,555.0,555.0,562.0,547.0,558.0,169510
2022-10-13,544.0,544.0,556.0,540.0,551.0,220617
2022-10-14,554.0,554.0,560.0,551.0,560.0,161454
2022-10-17,562.0,562.0,567.0,549.0,552.0,169003
2022-10-18,568.0,568.0,570.0,561.0,567.0,137354
2022-10-19,577.0,577.0,579.0,563.0,563.0,180940
2022-10-20,552.0,552.0,562.0,546.0,561.0,304517
2022-10-21,557.0,557.0,557.0,550.0,552.0,52717
2022-10-24,566.0,566.0,572.0,558.0,563.0,223754
2022-10-25,584.0,584.0,584.0,567.0,573.0,421457
2022-10-26,592.0,592.0,592.0,582.0,584.0,322948
2022-10-27,597.0,597.0,600.0,592.0,593.0,256603
2022-10-28,578.0,578.0,598.0,576.0,597.0,330524
2022-10-31,584.0,584.0,588.0,578.0,581.0,400594
2022-11-01,585.0,585.0,590.0,579.0,581.0,128320
2022-11-02,589.0,589.0,590.0,585.0,589.0,117354
2022-11-03,581.0,581.0,585.0,576.0,581.0,212136
2022-11-04,582.0,582.0,582.0,565.0,575.0,235626
2022-11-07,591.0,591.0,592.0,585.0,586.0,189480
2022-11-08,591.0,591.0,593.0,584.0,593.0,162740
2022-11-09,593.0,593.0,595.0,588.0,594.0,227001
2022-11-10,591.0,591.0,596.0,588.0,596.0,115899
2022-11-11,605.0,605.0,605.0,587.0,591.0,726340
2022-11-14,616.0,616.0,617.0,605.0,609.0,443052
2022-11-15,621.0,621.0,621.0,605.0,606.0,337936
2022-11-16,611.0,611.0,628.0,610.0,618.0,287809
2022-11-17,609.0,609.0,611.0,603.0,607.0,131220
2022-11-18,611.0,611.0,613.0,601.0,605.0,131652
2022-11-21,618.0,618.0,618.0,604.0,607.0,115139
2022-11-22,620.0,620.0,620.0,612.0,620.0,110566
2022-11-23,619.0,619.0,620.0,614.0,620.0,69731
2022-11-24,632.0,632.0,632.0,616.0,624.0,383122
2022-11-25,637.0,637.0,637.0,625.0,626.0,277618
2022-11-28,622.0,622.0,637.0,617.0,624.0,244565
2022-11-29,639.0,639.0,639.0,624.0,631.0,311745
2022-11-30,650.0,650.0,650.0,638.0,642.0,507777
2022-12-01,643.0,643.0,660.0,635.0,652.0,218252
2022-12-02,638.0,638.0,649.0,636.0,649.0,95122
2022-12-05,630.0,630.0,636.0,625.0,636.0,214533
2022-12-06,634.0,634.0,635.0,619.0,631.0,275443
2022-12-07,634.0,634.0,636.0,623.0,626.0,252834
2022-12-08,619.0,619.0,628.0,617.0,626.0,331611
2022-12-09,624.0,624.0,624.0,615.0,624.0,177604
2022-12-12,611.0,611.0,617.0,608.0,616.0,150098
2022-12-13,599.0,599.0,616.0,595.0,616.0,398766
2022-12-14,629.0,629.0,629.0,607.0,612.0,339979
2022-12-15,613.0,613.0,626.0,612.0,626.0,156096
2022-12-16,595.0,595.0,603.0,595.0,600.0,527142
2022-12-19,595.0,595.0,595.0,581.0,581.0,148631
2022-12-20,587.0,587.0,594.0,586.0,589.0,191755
2022-12-21,585.0,585.0,598.0,585.0,587.0,173064
2022-12-22,596.0,596.0,596.0,588.0,589.0,121628
2022-12-23,592.0,592.0,592.0,583.0,585.0,113363
2022-12-26,598.0,598.0,598.0,586.0,590.0,53392
2022-12-27,602.0,602.0,604.0,597.0,598.0,87665
2022-12-28,592.0,592.0,597.0,591.0,597.0,99219
2022-12-29,586.0,586.0,596.0,583.0,589.0,347229
2022-12-30,588.0,588.0,595.0,588.0,590.0,72377
2023-01-03,592.0,592.0,592.0,574.0,585.0,165470
2023-01-04,598.0,598.0,598.0,583.0,583.0,127730
2023-01-05,603.0,603.0,603.0,597.0,599.0,144579
2023-01-06,611.0,611.0,612.0,599.0,602.0,192103
2023-01-09,630.0,630.0,630.0,617.0,623.0,408909
2023-01-10,637.0,637.0,637.0,628.0,632.0,256303
2023-01-11,621.0,621.0,638.0,621.0,637.0,289634
2023-01-12,620.0,620.0,625.0,617.0,620.0,148109
2023-01-13,624.0,624.0,631.0,615.0,620.0,140871
2023-01-16,627.0,627.0,631.0,622.0,626.0,182485
2023-01-17,626.0,626.0,633.0,622.0,625.0,220030
2023-01-30,661.0,661.0,664.0,637.0,655.0,1057346
2023-01-31,656.0,656.0,660.0,648.0,651.0,546896
2023-02-01,663.0,663.0,666.0,626.0,630.0,732885
2023-02-02,655.0,655.0,665.0,648.0,665.0,276244
2023-02-03,657.0,657.0,658.0,646.0,646.0,153041
2023-02-06,647.0,647.0,660.0,646.0,652.0,193347
2023-02-07,636.0,636.0,652.0,635.0,650.0,186643
2023-02-08,642.0,642.0,642.0,635.0,638.0,135522
2023-02-09,636.0,636.0,637.0,632.0,633.0,92031
2023-02-10,623.0,623.0,633.0,622.0,633.0,216346
2023-02-13,624.0,624.0,630.0,620.0,620.0,105979
2023-02-14,629.0,629.0,632.0,627.0,629.0,91948
2023-02-15,623.0,623.0,638.0,620.0,637.0,171373
2023-02-16,623.0,623.0,629.0,623.0,628.0,93497
2023-02-17,630.0,630.0,630.0,618.0,618.0,129735
2023-02-20,629.0,629.0,630.0,621.0,625.0,131223
2023-02-21,621.0,621.0,629.0,621.0,629.0,104740
2023-02-22,612.0,612.0,618.0,611.0,618.0,180307
2023-02-23,618.0,618.0,622.0,610.0,612.0,356656
2023-02-24,617.0,617.0,622.0,611.0,622.0,860289
2023-03-01,612.0,612.0,629.0,612.0,620.0,294018
2023-03-02,609.0,609.0,617.0,606.0,613.0,181363
2023-03-03,610.0,610.0,616.0,609.0,610.0,143674
2023-03-06,623.0,623.0,626.0,613.0,619.0,232982
2023-03-07,628.0,628.0,629.0,620.0,620.0,175568
2023-03-08,618.0,618.0,626.0,616.0,622.0,238830
2023-03-09,616.0,616.0,622.0,613.0,618.0,153088
2023-03-10,601.0,601.0,611.0,601.0,609.0,431630
2023-03-13,611.0,611.0,613.0,596.0,606.0,254245
2023-03-14,605.0,605.0,612.0,602.0,602.0,307761
2023-03-15,599.0,599.0,608.0,598.0,603.0,217108
2023-03-16,595.0,595.0,600.0,593.0,598.0,159613
2023-03-17,595.0,595.0,602.0,595.0,596.0,586357
2023-03-20,593.0,593.0,603.0,593.0,603.0,68083
2023-03-21,599.0,599.0,602.0,597.0,601.0,65013
2023-03-22,612.0,612.0,615.0,605.0,605.0,255974
2023-03-23,622.0,622.0,622.0,610.0,614.0,318627
2023-03-24,626.0,626.0,626.0,616.0,625.0,222354
2023-03-27,630.0,630.0,630.0,622.0,625.0,166543
2023-03-28,630.0,630.0,634.0,625.0,625.0,118537
2023-03-29,633.0,633.0,635.0,625.0,625.0,173241
2023-03-30,629.0,629.0,638.0,625.0,638.0,219832
2023-03-31,642.0,642.0,650.0,634.0,634.0,376409
2023-04-06,632.0,632.0,643.0,630.0,642.0,177211
2023-04-07,637.0,637.0,638.0,636.0,638.0,25786
2023-04-10,640.0,640.0,643.0,637.0,637.0,53545
2023-04-11,648.0,648.0,649.0,639.0,640.0,184441
2023-04-12,653.0,653.0,654.0,648.0,654.0,121426
2023-04-13,646.0,646.0,652.0,642.0,648.0,108575
2023-04-14,660.0,660.0,660.0,648.0,649.0,169606
2023-04-17,665.0,665.0,665.0,651.0,651.0,147064
2023-04-18,660.0,660.0,666.0,658.0,658.0,70329
2023-04-19,662.0,662.0,668.0,656.0,662.0,128196
2023-04-20,640.0,640.0,655.0,640.0,655.0,107573
2023-04-21,642.0,642.0,647.0,639.0,647.0,97291
2023-04-24,648.0,648.0,648.0,642.0,642.0,54884
2023-04-25,640.0,640.0,651.0,631.0,649.0,139253
2023-04-26,660.0,660.0,663.0,644.0,644.0,294204
2023-04-27,651.0,651.0,658.0,645.0,655.0,246372
2023-04-28,661.0,661.0,661.0,647.0,660.0,164415
2023-05-02,659.0,659.0,661.0,652.0,652.0,114490
2023-05-03,658.0,658.0,665.0,653.0,665.0,83119
2023-05-04,660.0,660.0,662.0,654.0,660.0,66600
2023-05-05,665.0,665.0,665.0,658.0,665.0,64361
2023-05-08,678.0,678.0,680.0,668.0,668.0,245056
2023-05-09,677.0,677.0,677.0,669.0,673.0,93991
2023-05-10,671.0,671.0,684.0,661.0,683.0,151593
2023-05-11,673.0,673.0,679.0,673.0,678.0,138267
2023-05-12,700.0,700.0,720.0,678.0,678.0,470588
2023-05-15,705.0,705.0,713.0,695.0,700.0,265231
2023-05-16,740.0,740.0,747.0,717.0,718.0,566997
2023-05-17,814.0,814.0,814.0,749.0,752.0,903838
2023-05-18,865.0,865.0,870.0,820.0,828.0,1379197
2023-05-19,850.0,850.0,885.0,841.0,885.0,1045735
2023-05-22,837.0,837.0,849.0,820.0,845.0,463600
2023-05-23,829.0,829.0,845.0,823.0,833.0,436567
2023-05-24,830.0,830.0,837.0,804.0,835.0,540152
2023-05-25,812.0,812.0,825.0,809.0,822.0,361127
2023-05-26,784.0,784.0,802.0,784.0,800.0,514733
2023-05-29,774.0,774.0,788.0,770.0,782.0,439898
2023-05-30,808.0,808.0,833.0,784.0,788.0,1074630
2023-05-31,805.0,805.0,821.0,792.0,817.0,1810827
2023-06-01,808.0,808.0,828.0,791.0,798.0,497983
2023-06-02,832.0,832.0,843.0,809.0,815.0,595758
2023-06-05,829.0,829.0,855.0,828.0,839.0,414783
2023-06-06,848.0,848.0,852.0,827.0,827.0,408193
2023-06-07,861.0,861.0,870.0,842.0,842.0,421640
2023-06-08,824.0,824.0,868.0,818.0,858.0,324369
2023-06-09,828.0,828.0,848.0,818.0,829.0,409028
2023-06-12,813.0,813.0,839.0,813.0,839.0,176688
2023-06-13,820.0,820.0,828.0,814.0,821.0,286592
2023-06-14,823.0,823.0,830.0,818.0,829.0,159342
2023-06-15,831.0,831.0,831.0,815.0,829.0,134962
2023-06-16,830.0,830.0,836.0,820.0,831.0,412579
2023-06-19,839.0,839.0,839.0,817.0,824.0,186608
2023-06-20,825.0,825.0,848.0,817.0,842.0,206215
2023-06-21,824.0,824.0,831.0,815.0,815.0,212635
2023-06-26,810.0,810.0,828.0,803.0,816.0,273203
2023-06-27,813.0,813.0,818.0,805.0,806.0,108649
2023-06-28,813.0,813.0,825.0,810.0,813.0,144763
2023-06-29,827.0,827.0,838.0,817.0,827.0,337398
2023-06-30,814.0,814.0,833.0,814.0,821.0,292287
2023-07-03,823.0,823.0,824.0,813.0,815.0,99825
2023-07-04,823.0,823.0,830.0,804.0,830.0,265235
2023-07-05,804.0,804.0,819.0,804.0,812.0,219048
2023-07-06,789.0,789.0,808.0,785.0,795.0,486810
2023-07-07,769.0,769.0,777.0,763.0,777.0,453124
2023-07-10,777.0,777.0,790.0,770.0,785.0,298439
2023-07-11,777.0,777.0,787.0,774.0,786.0,145860
2023-07-12,776.0,776.0,778.0,770.0,770.0,146674
2023-07-13,790.0,790.0,798.0,785.0,787.0,195273
2023-07-14,806.0,806.0,815.0,794.0,799.0,326323
2023-07-17,790.0,790.0,810.0,790.0,810.0,121925
2023-07-18,776.0,776.0,785.0,771.0,783.0,480448
2023-07-19,767.0,767.0,780.0,767.0,771.0,178912
2023-07-20,776.0,776.0,787.0,774.0,780.0,157922
2023-07-21,772.0,772.0,787.0,768.0,787.0,216500
2023-07-24,757.0,757.0,769.0,752.0,769.0,203345
2023-07-25,774.0,774.0,778.0,763.0,774.0,128730
2023-07-26,775.0,775.0,779.0,769.0,769.0,76745
2023-07-27,773.0,773.0,782.0,772.0,782.0,120028
2023-07-28,761.0,761.0,769.0,760.0,767.0,160470
2023-07-31,758.0,758.0,770.0,755.0,770.0,177784
2023-08-01,770.0,770.0,770.0,758.0,758.0,343588
2023-08-02,738.0,738.0,760.0,736.0,760.0,602467
2023-08-04,719.0,719.0,729.0,714.0,722.0,265786
2023-08-07,729.0,729.0,738.0,717.0,717.0,188353
2023-08-08,712.0,712.0,734.0,712.0,731.0,248556
2023-08-09,716.0,716.0,722.0,712.0,712.0,98202
2023-08-10,705.0,705.0,725.0,700.0,725.0,217553
2023-08-11,723.0,723.0,750.0,723.0,730.0,316509
2023-08-14,705.0,705.0,723.0,699.0,723.0,259956
2023-08-15,704.0,704.0,711.0,701.0,706.0,322584
2023-08-16,704.0,704.0,709.0,699.0,700.0,188690
2023-08-17,698.0,698.0,700.0,673.0,692.0,481025
2023-08-18,692.0,692.0,697.0,687.0,697.0,266242
2023-08-21,692.0,692.0,705.0,691.0,705.0,119174
2023-08-22,689.0,689.0,703.0,689.0,703.0,113210
2023-08-23,686.0,686.0,694.0,684.0,685.0,191763
2023-08-24,692.0,692.0,694.0,681.0,681.0,116944
2023-08-25,690.0,690.0,696.0,688.0,692.0,203501
2023-08-28,690.0,690.0,693.0,688.0,693.0,83404
2023-08-29,695.0,695.0,698.0,680.0,690.0,126408
2023-08-30,698.0,698.0,705.0,692.0,705.0,212234
2023-08-31,679.0,679.0,695.0,679.0,694.0,957049
2023-09-01,691.0,691.0,695.0,676.0,676.0,196276
2023-09-04,686.0,686.0,696.0,685.0,687.0,119862
2023-09-05,698.0,698.0,703.0,690.0,692.0,222929
2023-09-06,683.0,683.0,697.0,683.0,694.0,352932
2023-09-07,672.0,672.0,689.0,672.0,685.0,298506
2023-09-08,666.0,666.0,676.0,665.0,676.0,176056
2023-09-11,659.0,659.0,672.0,659.0,665.0,214751
2023-09-12,682.0,682.0,685.0,668.0,669.0,302127
2023-09-13,673.0,673.0,689.0,670.0,682.0,308495
2023-09-14,690.0,690.0,690.0,677.0,677.0,256619
2023-09-15,683.0,683.0,691.0,682.0,691.0,515303
2023-09-18,682.0,682.0,687.0,675.0,675.0,63893
2023-09-19,678.0,678.0,689.0,678.0,689.0,91792
2023-09-20,670.0,670.0,677.0,670.0,675.0,132859
2023-09-21,652.0,652.0,670.0,650.0,670.0,613248
2023-09-22,653.0,653.0,654.0,649.0,654.0,218149
2023-09-25,665.0,665.0,667.0,657.0,661.0,97931
2023-09-26,653.0,653.0,666.0,652.0,663.0,234823
2023-09-27,649.0,649.0,655.0,648.0,653.0,239998
2023-09-28,655.0,655.0,660.0,651.0,652.0,142352
2023-10-02,651.0,651.0,660.0,651.0,655.0,147430
2023-10-03,640.0,640.0,648.0,634.0,640.0,244100
2023-10-04,621.0,621.0,640.0,620.0,630.0,545188
2023-10-05,635.0,635.0,640.0,628.0,628.0,253687
2023-10-06,628.0,628.0,639.0,625.0,636.0,236995
2023-10-11,654.0,654.0,657.0,634.0,645.0,594329
2023-10-12,652.0,652.0,657.0,644.0,653.0,373689
2023-10-13,649.0,649.0,657.0,647.0,648.0,190191
2023-10-16,645.0,645.0,649.0,641.0,649.0,167129
2023-10-17,643.0,643.0,651.0,640.0,651.0,165106
2023-10-18,635.0,635.0,650.0,635.0,650.0,174393
2023-10-19,628.0,628.0,636.0,627.0,631.0,199070
2023-10-20,618.0,618.0,622.0,606.0,620.0,494022
2023-10-23,617.0,617.0,620.0,610.0,614.0,180847
2023-10-24,613.0,613.0,619.0,607.0,615.0,135534
2023-10-25,611.0,611.0,617.0,610.0,612.0,70824
2023-10-26,602.0,602.0,610.0,602.0,605.0,353644
2023-10-27,607.0,607.0,613.0,606.0,606.0,95635
2023-10-30,604.0,604.0,615.0,603.0,609.0,275652
2023-10-31,603.0,603.0,610.0,602.0,605.0,247511
2023-11-01,601.0,601.0,608.0,600.0,608.0,107802
2023-11-02,617.0,617.0,626.0,611.0,611.0,164524
2023-11-03,630.0,630.0,630.0,620.0,623.0,157269
2023-11-06,646.0,646.0,654.0,630.0,639.0,320787
2023-11-07,643.0,643.0,646.0,638.0,644.0,161944
2023-11-08,646.0,646.0,646.0,636.0,645.0,130326
2023-11-09,645.0,645.0,649.0,641.0,649.0,79126
2023-11-10,636.0,636.0,638.0,635.0,636.0,94053
2023-11-13,641.0,641.0,647.0,631.0,647.0,146828
2023-11-14,649.0,649.0,651.0,644.0,647.0,224577
2023-11-15,681.0,681.0,684.0,657.0,657.0,782420
2023-11-16,688.0,688.0,694.0,676.0,682.0,430891
2023-11-17,683.0,683.0,696.0,683.0,685.0,359823
2023-11-20,686.0,686.0,688.0,666.0,685.0,285052
2023-11-21,709.0,709.0,710.0,677.0,680.0,775299
2023-11-22,709.0,709.0,709.0,699.0,709.0,202185
2023-11-23,696.0,696.0,705.0,695.0,703.0,148425
2023-11-24,694.0,694.0,700.0,692.0,695.0,173418
2023-11-27,683.0,683.0,708.0,683.0,692.0,273219
2023-11-28,705.0,705.0,709.0,685.0,685.0,353718
2023-11-29,696.0,696.0,710.0,696.0,708.0,502603
2023-11-30,710.0,710.0,710.0,696.0,697.0,943562
2023-12-01,695.0,695.0,701.0,693.0,700.0,245085
2023-12-04,702.0,702.0,706.0,695.0,695.0,184577
2023-12-05,692.0,692.0,697.0,691.0,694.0,193645
2023-12-06,700.0,700.0,708.0,695.0,701.0,165158
2023-12-07,694.0,694.0,698.0,693.0,695.0,92769
2023-12-08,701.0,701.0,707.0,697.0,697.0,202140
2023-12-11,705.0,705.0,705.0,696.0,703.0,114680
2023-12-12,704.0,704.0,721.0,699.0,711.0,269587
2023-12-13,689.0,689.0,704.0,687.0,700.0,273862
2023-12-14,706.0,706.0,713.0,696.0,697.0,431409
2023-12-15,713.0,713.0,714.0,705.0,708.0,544236
2023-12-18,706.0,706.0,719.0,702.0,718.0,164339
2023-12-19,700.0,700.0,705.0,695.0,699.0,215491
2023-12-20,691.0,691.0,698.0,691.0,695.0,274025
2023-12-21,685.0,685.0,687.0,679.0,679.0,218439
2023-12-22,687.0,687.0,688.0,681.0,683.0,149064
2023-12-25,698.0,698.0,699.0,689.0,694.0,70027
2023-12-26,701.0,701.0,705.0,695.0,701.0,134981
2023-12-27,704.0,704.0,706.0,696.0,700.0,243346
2023-12-28,711.0,711.0,711.0,697.0,697.0,270548
2023-12-29,709.0,709.0,714.0,703.0,710.0,189804
2024-01-02,702.0,702.0,712.0,695.0,708.0,241982
2024-01-03,685.0,685.0,695.0,678.0,691.0,394133
2024-01-04,678.0,678.0,686.0,675.0,682.0,310454
2024-01-05,675.0,675.0,683.0,674.0,674.0,115551
2024-01-08,684.0,684.0,694.0,680.0,680.0,152128
2024-01-09,683.0,683.0,691.0,683.0,688.0,113913
2024-01-10,676.0,676.0,687.0,676.0,687.0,95698
2024-01-11,677.0,677.0,683.0,676.0,676.0,91376
2024-01-12,675.0,675.0,683.0,671.0,673.0,115822
2024-01-15,672.0,672.0,678.0,671.0,676.0,128667
2024-01-16,643.0,643.0,670.0,643.0,665.0,785536
2024-01-17,624.0,624.0,639.0,623.0,636.0,865726
2024-01-18,620.0,620.0,633.0,620.0,632.0,387159
2024-01-19,622.0,622.0,630.0,616.0,618.0,436085
2024-01-22,627.0,627.0,632.0,622.0,622.0,280178
2024-01-23,638.0,638.0,646.0,630.0,631.0,306177
2024-01-24,641.0,641.0,644.0,638.0,643.0,228210
2024-01-25,635.0,635.0,643.0,633.0,640.0,196326
2024-01-26,640.0,640.0,642.0,632.0,632.0,124932
2024-01-29,647.0,647.0,648.0,639.0,639.0,173942
2024-01-30,637.0,637.0,646.0,636.0,644.0,256952
2024-01-31,634.0,634.0,639.0,633.0,633.0,218676
2024-02-01,644.0,644.0,645.0,637.0,643.0,231742
2024-02-02,643.0,643.0,646.0,641.0,644.0,103311
2024-02-05,637.0,637.0,642.0,631.0,635.0,285364
2024-02-15,634.0,634.0,636.0,628.0,633.0,403013
2024-02-16,650.0,650.0,653.0,645.0,645.0,215243
2024-02-19,657.0,657.0,664.0,652.0,659.0,271174
2024-02-20,655.0,655.0,657.0,650.0,656.0,158151
2024-02-21,654.0,654.0,656.0,648.0,656.0,203425
2024-02-22,660.0,660.0,661.0,654.0,658.0,152209
2024-02-23,650.0,650.0,659.0,650.0,657.0,165079
2024-02-26,655.0,655.0,655.0,647.0,647.0,186600
2024-02-27,656.0,656.0,658.0,652.0,653.0,329645
2024-02-29,671.0,671.0,671.0,653.0,653.0,724945
2024-03-01,663.0,663.0,669.0,660.0,664.0,241078
2024-03-04,659.0,659.0,662.0,658.0,659.0,220521
2024-03-05,657.0,657.0,664.0,654.0,654.0,206780
2024-03-06,660.0,660.0,665.0,656.0,664.0,211387
2024-03-07,652.0,652.0,658.0,651.0,653.0,270092
2024-03-08,656.0,656.0,661.0,645.0,648.0,261443
2024-03-11,666.0,666.0,676.0,660.0,660.0,301377
2024-03-12,669.0,669.0,670.0,662.0,666.0,196909
2024-03-13,657.0,657.0,666.0,654.0,661.0,336079
2024-03-14,665.0,665.0,667.0,650.0,662.0,392749
2024-03-15,656.0,656.0,660.0,650.0,660.0,761061
2024-03-18,644.0,644.0,656.0,644.0,655.0,270786
2024-03-19,635.0,635.0,640.0,632.0,636.0,383265
2024-03-20,634.0,634.0,640.0,630.0,630.0,512895
2024-03-21,643.0,643.0,647.0,635.0,635.0,180383
2024-03-22,644.0,644.0,644.0,638.0,638.0,256987
2024-03-25,650.0,650.0,650.0,639.0,640.0,106157
2024-03-26,647.0,647.0,656.0,645.0,653.0,263441
2024-03-27,644.0,644.0,651.0,643.0,649.0,115640
2024-03-28,647.0,647.0,649.0,636.0,639.0,214872
2024-03-29,643.0,643.0,648.0,643.0,645.0,104466
2024-04-01,656.0,656.0,660.0,643.0,648.0,299958
2024-04-02,647.0,647.0,655.0,645.0,655.0,201249
2024-04-03,638.0,638.0,645.0,638.0,642.0,285646
2024-04-08,639.0,639.0,644.0,634.0,634.0,153268
2024-04-09,649.0,649.0,655.0,642.0,644.0,239572
2024-04-10,648.0,648.0,655.0,647.0,647.0,80304
2024-04-11,642.0,642.0,648.0,639.0,648.0,196156
2024-04-12,638.0,638.0,640.0,635.0,638.0,325042
2024-04-15,635.0,635.0,641.0,634.0,640.0,230103
2024-04-16,613.0,613.0,636.0,613.0,632.0,624350
2024-04-17,606.0,606.0,611.0,603.0,610.0,483644
2024-04-18,606.0,606.0,611.0,598.0,602.0,481739
2024-04-19,601.0,601.0,602.0,585.0,599.0,859986
2024-04-22,611.0,611.0,611.0,600.0,607.0,266608
2024-04-23,610.0,610.0,616.0,606.0,610.0,276958
2024-04-24,612.0,612.0,617.0,610.0,614.0,177246
2024-04-25,609.0,609.0,609.0,601.0,602.0,247043
2024-04-26,609.0,609.0,611.0,604.0,604.0,161690
2024-04-29,622.0,622.0,630.0,614.0,614.0,498076
2024-04-30,620.0,620.0,625.0,617.0,618.0,325883
2024-05-02,620.0,620.0,624.0,616.0,622.0,235799
2024-05-03,623.0,623.0,630.0,623.0,623.0,228156
2024-05-06,625.0,625.0,639.0,625.0,627.0,307551
2024-05-07,618.0,618.0,634.0,618.0,634.0,202091
2024-05-08,618.0,618.0,620.0,614.0,620.0,221508
2024-05-09,609.0,609.0,619.0,609.0,619.0,232867
2024-05-10,612.0,612.0,615.0,607.0,609.0,131375
2024-05-13,619.0,619.0,622.0,613.0,613.0,133011
2024-05-14,621.0,621.0,638.0,621.0,628.0,313517
2024-05-15,623.0,623.0,633.0,621.0,630.0,330846
2024-05-16,632.0,632.0,635.0,627.0,631.0,429919
2024-05-17,624.0,624.0,632.0,623.0,630.0,216183
2024-05-20,627.0,627.0,633.0,624.0,632.0,189549
2024-05-21,615.0,615.0,631.0,615.0,631.0,327153
2024-05-22,614.0,614.0,622.0,613.0,621.0,263117
2024-05-23,606.0,606.0,610.0,606.0,607.0,326317
2024-05-24,605.0,605.0,611.0,603.0,609.0,222878
2024-05-27,611.0,611.0,611.0,604.0,606.0,228843
2024-05-28,608.0,608.0,614.0,608.0,613.0,281667
2024-05-29,605.0,605.0,609.0,605.0,608.0,356037
2024-05-30,600.0,600.0,605.0,599.0,601.0,391357
2024-05-31,614.0,614.0,614.0,601.0,601.0,1483974
2024-06-03,616.0,616.0,621.0,608.0,609.0,360521
2024-06-04,610.0,610.0,616.0,609.0,610.0,386760
2024-06-05,622.0,622.0,624.0,611.0,611.0,458150
2024-06-06,622.0,622.0,630.0,621.0,621.0,401368
2024-06-07,629.0,629.0,631.0,626.0,626.0,308770
2024-06-11,626.0,626.0,635.0,626.0,629.0,394351
2024-06-12,626.0,626.0,633.0,626.0,626.0,254750
2024-06-13,630.0,630.0,634.0,627.0,634.0,230656
2024-06-14,635.0,635.0,635.0,628.0,630.0,154271
2024-06-17,633.0,633.0,637.0,632.0,635.0,208484
2024-06-18,636.0,636.0,638.0,632.0,633.0,368528
2024-06-19,640.0,640.0,641.0,634.0,636.0,997757
2024-06-20,640.0,640.0,640.0,621.0,624.0,563889
2024-06-21,641.0,641.0,651.0,633.0,633.0,1228706
2024-06-24,635.0,635.0,639.0,625.0,639.0,373254
2024-06-25,642.0,642.0,643.0,629.0,643.0,354844
2024-06-26,617.0,617.0,638.0,617.0,635.0,532367
2024-06-27,613.0,613.0,615.0,608.0,610.0,575944
2024-06-28,622.0,622.0,624.0,611.0,613.0,477321
2024-07-01,612.0,612.0,623.0,612.0,621.0,306174
2024-07-02,606.0,606.0,618.0,606.0,607.0,494934
2024-07-03,613.0,613.0,614.0,607.0,614.0,286237
2024-07-04,618.0,618.0,620.0,614.0,617.0,290173
2024-07-05,620.0,620.0,621.0,616.0,621.0,66293
2024-07-08,617.0,617.0,621.0,614.0,621.0,156128
2024-07-09,621.0,621.0,621.0,611.0,615.0,112846
2024-07-10,619.0,619.0,622.0,616.0,622.0,102821
2024-07-11,625.0,625.0,625.0,616.0,620.0,252963
2024-07-12,625.0,625.0,627.0,620.0,625.0,205297
2024-07-15,620.0,620.0,628.0,620.0,628.0,186415
2024-07-16,643.0,643.0,643.0,619.0,619.0,489012
2024-07-17,624.0,624.0,643.0,624.0,643.0,221474
2024-07-18,640.0,640.0,641.0,622.0,627.0,368164
2024-07-19,630.0,630.0,634.0,618.0,633.0,402271
2024-07-22,639.0,639.0,639.0,621.0,630.0,305861
2024-07-23,644.0,644.0,645.0,637.0,639.0,227405
2024-07-26,648.0,648.0,649.0,641.0,649.0,397743
2024-07-29,655.0,655.0,666.0,649.0,650.0,671671
2024-07-30,649.0,649.0,656.0,641.0,656.0,269537
2024-07-31,647.0,647.0,653.0,643.0,649.0,259810
2024-08-01,654.0,654.0,662.0,649.0,655.0,490665
2024-08-02,653.0,653.0,653.0,639.0,645.0,285487
2024-08-05,618.0,618.0,650.0,605.0,639.0,507553
2024-08-06,607.0,607.0,639.0,600.0,639.0,717337
2024-08-07,610.0,610.0,612.0,598.0,600.0,489648
2024-08-08,600.0,600.0,611.0,597.0,597.0,474504
2024-08-09,601.0,601.0,617.0,599.0,603.0,620762
2024-08-12,608.0,608.0,615.0,606.0,609.0,150989
2024-08-13,611.0,611.0,616.0,608.0,616.0,136100
2024-08-14,646.0,646.0,648.0,619.0,620.0,865717
2024-08-15,633.0,633.0,655.0,629.0,649.0,300592
2024-08-16,650.0,650.0,658.0,646.0,646.0,450551
2024-08-19,646.0,646.0,651.0,644.0,651.0,111652
2024-08-20,637.0,637.0,652.0,631.0,650.0,204039
2024-08-21,641.0,641.0,643.0,631.0,637.0,238856
2024-08-22,635.0,635.0,641.0,633.0,640.0,123039
2024-08-23,648.0,648.0,648.0,635.0,637.0,262593
2024-08-26,652.0,652.0,657.0,647.0,649.0,273739
2024-08-27,652.0,652.0,652.0,642.0,646.0,140126
2024-08-28,647.0,647.0,655.0,642.0,655.0,113748
2024-08-29,651.0,651.0,655.0,637.0,647.0,247109
2024-08-30,660.0,660.0,660.0,648.0,649.0,926488
2024-09-02,658.0,658.0,658.0,647.0,649.0,186871
2024-09-03,651.0,651.0,657.0,650.0,653.0,159018
2024-09-04,610.0,610.0,628.0,610.0,625.0,780918
2024-09-05,616.0,616.0,623.0,614.0,615.0,224817
2024-09-06,621.0,621.0,622.0,608.0,616.0,196440
2024-09-09,620.0,620.0,620.0,604.0,604.0,375560
2024-09-10,618.0,618.0,621.0,613.0,616.0,125073
2024-09-11,616.0,616.0,621.0,615.0,620.0,104835
2024-09-12,636.0,636.0,637.0,619.0,628.0,345389
2024-09-13,635.0,635.0,640.0,631.0,631.0,111609
2024-09-16,642.0,642.0,643.0,635.0,635.0,80128
2024-09-18,650.0,650.0,650.0,639.0,646.0,201439
2024-09-19,660.0,660.0,660.0,642.0,650.0,369845
2024-09-20,663.0,663.0,667.0,659.0,660.0,547981
2024-09-23,679.0,679.0,682.0,669.0,670.0,484104
2024-09-24,682.0,682.0,683.0,671.0,679.0,240298
2024-09-25,691.0,691.0,694.0,683.0,685.0,531173
2024-09-26,703.0,703.0,704.0,697.0,697.0,379575
2024-09-27,713.0,713.0,715.0,703.0,705.0,482560
2024-09-30,709.0,709.0,718.0,708.0,716.0,328356
2024-10-01,695.0,695.0,709.0,685.0,709.0,195493
2024-10-04,669.0,669.0,691.0,669.0,675.0,463183
2024-10-07,671.0,671.0,679.0,660.0,671.0,397308
2024-10-08,656.0,656.0,665.0,651.0,654.0,576191
2024-10-09,642.0,642.0,657.0,642.0,650.0,365637
2024-10-11,644.0,644.0,658.0,644.0,658.0,214434
2024-10-14,650.0,650.0,652.0,640.0,647.0,231391
2024-10-15,657.0,657.0,666.0,649.0,655.0,350107
2024-10-16,651.0,651.0,658.0,645.0,652.0,454902
2024-10-17,652.0,652.0,658.0,649.0,650.0,165381
2024-10-18,666.0,666.0,670.0,655.0,663.0,291352
2024-10-21,661.0,661.0,677.0,660.0,677.0,201887
2024-10-22,667.0,667.0,669.0,654.0,669.0,168176
2024-10-23,659.0,659.0,664.0,656.0,664.0,199505
2024-10-24,650.0,650.0,660.0,650.0,658.0,229584
2024-10-25,661.0,661.0,665.0,657.0,659.0,152780
2024-10-28,666.0,666.0,669.0,658.0,669.0,104781
2024-10-29,645.0,645.0,661.0,642.0,660.0,445720
2024-10-30,649.0,649.0,657.0,642.0,657.0,336601
2024-11-01,638.0,638.0,643.0,632.0,642.0,338634
2024-11-04,647.0,647.0,647.0,639.0,639.0,165995
2024-11-05,651.0,651.0,653.0,643.0,647.0,184627
2024-11-06,640.0,640.0,649.0,640.0,646.0,195919
2024-11-07,649.0,649.0,649.0,634.0,634.0,151788
2024-11-08,647.0,647.0,652.0,645.0,652.0,155578
2024-11-11,639.0,639.0,646.0,634.0,642.0,214569
2024-11-12,623.0,623.0,634.0,620.0,631.0,525901
2024-11-13,619.0,619.0,625.0,615.0,617.0,364231
2024-11-14,627.0,627.0,629.0,615.0,618.0,230962
2024-11-15,629.0,629.0,636.0,626.0,629.0,162265
2024-11-18,639.0,639.0,639.0,629.0,635.0,269403
2024-11-19,642.0,642.0,648.0,631.0,637.0,218460
2024-11-20,642.0,642.0,642.0,633.0,640.0,189032
2024-11-21,626.0,626.0,635.0,626.0,630.0,264752
2024-11-22,635.0,635.0,642.0,629.0,629.0,179935
2024-11-25,638.0,638.0,647.0,637.0,643.0,566151
2024-11-26,640.0,640.0,642.0,631.0,635.0,131789
2024-11-27,622.0,622.0,638.0,622.0,635.0,227481
2024-11-28,623.0,623.0,629.0,620.0,622.0,306285
2024-11-29,614.0,614.0,620.0,604.0,615.0,438494
2024-12-02,614.0,614.0,624.0,614.0,623.0,207046
2024-12-03,626.0,626.0,628.0,619.0,624.0,333573
2024-12-04,618.0,618.0,631.0,616.0,631.0,223275
2024-12-05,616.0,616.0,622.0,615.0,620.0,185883
2024-12-06,615.0,615.0,623.0,614.0,618.0,186393
2024-12-09,610.0,610.0,620.0,610.0,620.0,160446
2024-12-10,611.0,611.0,616.0,611.0,611.0,102675
2024-12-11,609.0,609.0,616.0,608.0,610.0,270280
2024-12-12,609.0,609.0,615.0,609.0,609.0,128135
2024-12-13,612.0,612.0,612.0,605.0,607.0,83795
2024-12-16,613.0,613.0,618.0,611.0,613.0,227256
2024-12-17,610.0,610.0,614.0,605.0,612.0,271550
2024-12-18,610.0,610.0,612.0,607.0,607.0,118300
2024-12-19,601.0,601.0,608.0,600.0,602.0,367685
2024-12-20,594.0,594.0,599.0,592.0,598.0,529645
2024-12-23,610.0,610.0,610.0,599.0,606.0,168222
2024-12-24,611.0,611.0,613.0,607.0,612.0,84021
2024-12-25,613.0,613.0,614.0,608.0,614.0,48720
2024-12-26,614.0,614.0,614.0,610.0,612.0,37032
2024-12-27,614.0,614.0,616.0,610.0,611.0,86269
2024-12-30,611.0,611.0,614.0,609.0,611.0,239144
2024-12-31,619.0,619.0,619.0,601.0,607.0,397921
2025-01-02,609.0,609.0,612.0,602.0,612.0,317214
2025-01-03,609.0,609.0,614.0,605.0,610.0,175281
2025-01-06,626.0,626.0,628.0,610.0,610.0,323614
2025-01-07,616.0,616.0,635.0,616.0,626.0,188290
2025-01-08,609.0,609.0,618.0,609.0,611.0,262865
2025-01-09,601.0,601.0,609.0,601.0,609.0,366855
2025-01-10,600.0,600.0,602.0,597.0,599.0,304071
2025-01-13,600.0,600.0,600.0,590.0,596.0,447477
2025-01-14,600.0,600.0,606.0,598.0,599.0,181539
2025-01-15,598.0,598.0,604.0,597.0,600.0,272070
2025-01-16,599.0,599.0,608.0,599.0,603.0,200336
2025-01-17,599.0,599.0,606.0,599.0,605.0,139703
2025-01-20,599.0,599.0,602.0,599.0,602.0,101319
2025-01-21,607.0,607.0,609.0,599.0,600.0,158074
2025-01-22,611.0,611.0,611.0,606.0,611.0,221386
2025-02-03,613.0,613.0,613.0,600.0,600.0,428445
2025-02-04,602.0,602.0,618.0,602.0,617.0,261178
2025-02-05,603.0,603.0,620.0,603.0,610.0,331079
2025-02-06,603.0,603.0,610.0,603.0,610.0,132386
2025-02-07,604.0,604.0,605.0,600.0,603.0,195241
2025-02-10,604.0,604.0,604.0,599.0,601.0,220530
2025-02-11,602.0,602.0,610.0,602.0,604.0,154360
2025-02-12,602.0,602.0,605.0,601.0,605.0,118943
2025-02-13,608.0,608.0,608.0,602.0,604.0,244156
2025-02-14,605.0,605.0,608.0,603.0,606.0,141169
2025-02-17,611.0,611.0,612.0,608.0,609.0,144500
2025-02-18,616.0,616.0,616.0,607.0,610.0,163400
2025-02-19,612.0,612.0,617.0,611.0,615.0,141938
2025-02-20,612.0,612.0,612.0,609.0,611.0,75281
2025-02-21,617.0,617.0,620.0,613.0,613.0,181388
2025-02-24,609.0,609.0,612.0,606.0,611.0,182420
2025-02-25,608.0,608.0,608.0,603.0,603.0,209150
2025-02-26,617.0,617.0,617.0,604.0,605.0,299440
2025-02-27,620.0,620.0,620.0,610.0,616.0,611970
2025-03-03,622.0,622.0,622.0,608.0,612.0,311295
2025-03-04,605.0,605.0,609.0,602.0,609.0,419745
2025-03-05,603.0,603.0,610.0,602.0,605.0,268897
2025-03-06,604.0,604.0,610.0,604.0,606.0,121136
2025-03-07,603.0,603.0,605.0,603.0,604.0,164969
2025-03-10,601.0,601.0,604.0,601.0,602.0,216811
2025-03-11,600.0,600.0,600.0,582.0,596.0,431155
2025-03-12,596.0,596.0,600.0,595.0,596.0,155508
2025-03-13,600.0,600.0,605.0,599.0,602.0,108988
2025-03-14,605.0,605.0,613.0,605.0,608.0,293710
2025-03-17,612.0,612.0,612.0,604.0,605.0,260131
2025-03-18,612.0,612.0,618.0,610.0,615.0,186731
2025-03-19,616.0,616.0,619.0,612.0,615.0,310646
2025-03-20,622.0,622.0,623.0,617.0,618.0,343474
2025-03-21,615.0,615.0,622.0,611.0,619.0,623436
2025-03-24,611.0,611.0,622.0,607.0,618.0,147800
2025-03-25,616.0,616.0,617.0,611.0,612.0,141760
2025-03-26,620.0,620.0,620.0,613.0,614.0,132842
2025-03-27,619.0,619.0,619.0,613.0,613.0,112530
2025-03-28,608.0,608.0,617.0,604.0,614.0,317378
2025-03-31,602.0,602.0,607.0,596.0,596.0,357081
2025-04-01,613.0,613.0,616.0,601.0,601.0,310735
2025-04-02,611.0,611.0,612.0,606.0,610.0,143824
2025-04-07,552.0,552.0,586.0,550.0,550.0,596125
2025-04-08,567.0,567.0,585.0,551.0,579.0,712524
2025-04-09,537.0,537.0,562.0,532.0,536.0,605153
2025-04-10,586.0,586.0,590.0,571.0,590.0,447852
2025-04-11,593.0,593.0,593.0,563.0,584.0,470483
2025-04-14,599.0,599.0,600.0,576.0,584.0,438770
2025-04-15,595.0,595.0,605.0,595.0,599.0,344776
2025-04-16,585.0,585.0,591.0,582.0,587.0,317238
2025-04-17,589.0,589.0,595.0,584.0,589.0,236912
2025-04-18,587.0,587.0,594.0,586.0,587.0,137864
2025-04-21,594.0,594.0,596.0,584.0,586.0,116890
2025-04-22,597.0,597.0,601.0,588.0,596.0,205072
2025-04-23,611.0,611.0,612.0,594.0,594.0,366335
2025-04-24,606.0,606.0,610.0,605.0,607.0,167320
2025-04-25,612.0,612.0,613.0,610.0,613.0,80453
2025-04-28,614.0,614.0,615.0,610.0,615.0,110247
2025-04-29,611.0,611.0,619.0,608.0,613.0,402185
2025-04-30,619.0,619.0,619.0,609.0,609.0,318670
2025-05-02,620.0,620.0,623.0,615.0,622.0,136010
2025-05-05,625.0,625.0,632.0,620.0,622.0,536938
2025-05-06,650.0,650.0,650.0,640.0,640.0,783356
2025-05-07,642.0,642.0,652.0,640.0,652.0,337664
2025-05-08,637.0,637.0,648.0,637.0,642.0,186215
2025-05-09,647.0,647.0,649.0,633.0,633.0,316018
2025-05-12,650.0,650.0,655.0,646.0,654.0,177752
2025-05-13,646.0,646.0,650.0,642.0,645.0,219106
2025-05-14,647.0,647.0,652.0,638.0,650.0,375839
2025-05-15,624.0,624.0,643.0,624.0,642.0,230473
2025-05-16,629.0,629.0,629.0,621.0,622.0,157478
2025-05-19,615.0,615.0,623.0,611.0,623.0,210447
2025-05-20,611.0,611.0,622.0,611.0,622.0,264252
2025-05-21,644.0,644.0,644.0,611.0,611.0,463285
2025-05-22,641.0,641.0,641.0,628.0,635.0,251766
2025-05-23,626.0,626.0,633.0,620.0,633.0,263739
2025-05-26,626.0,626.0,629.0,621.0,621.0,338059
2025-05-27,618.0,618.0,629.0,616.0,626.0,290362
2025-05-28,622.0,622.0,629.0,619.0,622.0,301616
2025-05-29,638.0,638.0,638.0,615.0,633.0,1551681
2025-06-02,611.0,611.0,627.0,606.0,627.0,529157
2025-06-03,600.0,600.0,614.0,600.0,613.0,411172
2025-06-04,592.0,592.0,604.0,592.0,603.0,559850
2025-06-05,589.0,589.0,594.0,585.0,592.0,315956
2025-06-06,588.0,588.0,592.0,587.0,589.0,183736
2025-06-09,588.0,588.0,594.0,587.0,594.0,159523
2025-06-10,591.0,591.0,598.0,589.0,591.0,309482
2025-06-11,588.0,588.0,591.0,585.0,588.0,293873
2025-06-12,585.0,585.0,590.0,585.0,590.0,158490
2025-06-13,583.0,583.0,587.0,576.0,580.0,406001
2025-06-16,584.0,584.0,589.0,581.0,585.0,248624
2025-06-17,578.0,578.0,589.0,578.0,589.0,443073
2025-06-18,575.0,575.0,578.0,573.0,573.0,303733
2025-06-19,562.0,562.0,572.0,561.0,572.0,473514
2025-06-20,545.0,545.0,562.0,541.0,560.0,4211368
2025-06-23,537.0,537.0,546.0,535.0,539.0,595829
2025-06-24,555.0,555.0,557.0,547.0,552.0,454724
2025-06-25,560.0,560.0,562.0,557.0,559.0,245477
2025-06-26,567.0,567.0,571.0,563.0,568.0,382813
2025-06-27,573.0,573.0,575.0,566.0,571.0,421790
2025-06-30,564.0,564.0,574.0,564.0,573.0,416939
2025-07-01,584.0,584.0,588.0,567.0,573.0,992325
2025-07-02,565.0,565.0,569.0,560.0,568.0,302394
2025-07-03,572.0,572.0,572.0,565.0,565.0,163173
2025-07-04,565.0,565.0,572.0,562.0,572.0,180458
2025-07-07,565.0,565.0,570.0,557.0,562.0,142083
2025-07-08,561.0,561.0,565.0,559.0,565.0,201518
2025-07-09,562.0,562.0,564.0,558.0,563.0,296459
2025-07-10,560.0,560.0,561.0,551.0,557.0,338312
2025-07-11,560.0,560.0,564.0,556.0,558.0,274545
2025-07-14,559.0,559.0,564.0,553.0,564.0,180496
2025-07-15,552.0,552.0,558.0,551.0,554.0,358987
2025-07-16,550.0,550.0,557.0,548.0,549.0,193297
2025-07-17,549.0,549.0,553.0,547.0,550.0,130167
2025-07-18,555.0,555.0,555.0,549.0,555.0,145935
2025-07-21,552.0,552.0,555.0,548.0,553.0,217452
2025-07-22,546.0,546.0,550.0,542.0,549.0,216444
2025-07-23,568.0,568.0,569.0,551.0,554.0,387526
2025-07-24,560.0,560.0,574.0,557.0,570.0,170456
2025-07-25,563.0,563.0,566.0,555.0,555.0,160030
2025-07-28,564.0,564.0,567.0,559.0,564.0,160956
2025-07-29,558.0,558.0,564.0,555.0,564.0,142268
2025-07-30,564.0,564.0,568.0,557.0,559.0,221118
2025-07-31,552.0,552.0,560.0,552.0,557.0,332456
2025-08-01,545.0,545.0,547.0,539.0,544.0,320375
2025-08-04,550.0,550.0,551.0,539.0,540.0,190539
2025-08-05,551.0,551.0,552.0,545.0,546.0,187147
2025-08-06,554.0,554.0,556.0,547.0,549.0,193365
2025-08-07,562.0,562.0,563.0,555.0,555.0,271007
2025-08-08,553.0,553.0,564.0,552.0,560.0,107186
2025-08-11,553.0,553.0,553.0,547.0,551.0,77087
2025-08-12,556.0,556.0,558.0,549.0,549.0,150152
2025-08-13,561.0,561.0,564.0,556.0,561.0,148814
2025-08-14,560.0,560.0,568.0,560.0,564.0,145173
2025-08-15,558.0,558.0,560.0,555.0,560.0,84587
2025-08-18,561.0,561.0,561.0,555.0,555.0,141379
2025-08-19,561.0,561.0,561.0,546.0,556.0,262509
2025-08-20,559.0,559.0,562.0,555.0,561.0,224790
2025-08-21,569.0,569.0,570.0,562.0,562.0,220451
2025-08-22,564.0,564.0,567.0,561.0,565.0,135334
2025-08-25,572.0,572.0,573.0,564.0,564.0,130939
2025-08-26,561.0,561.0,571.0,561.0,566.0,840087
2025-08-27,553.0,553.0,562.0,553.0,559.0,329027
2025-08-28,557.0,557.0,561.0,550.0,550.0,237605
2025-08-29,551.0,551.0,557.0,551.0,557.0,142307
2025-09-01,555.0,555.0,558.0,549.0,557.0,122064
2025-09-02,556.0,556.0,557.0,551.0,551.0,94295
2025-09-03,555.0,555.0,557.0,551.0,551.0,118289
2025-09-04,559.0,559.0,560.0,553.0,553.0,144854
2025-09-05,562.0,562.0,562.0,558.0,559.0,126851
2025-09-08,571.0,571.0,574.0,564.0,564.0,283607
2025-09-09,575.0,575.0,577.0,568.0,575.0,290265
2025-09-10,579.0,579.0,580.0,565.0,573.0,328678
2025-09-11,579.0,579.0,581.0,573.0,575.0,218940
2025-09-12,604.0,604.0,605.0,581.0,581.0,649325
2025-09-15,599.0,599.0,607.0,599.0,604.0,366212
2025-09-16,592.0,592.0,602.0,589.0,600.0,228694
2025-09-17,590.0,590.0,596.0,588.0,588.0,148001
2025-09-18,591.0,591.0,592.0,588.0,592.0,194953
2025-09-19,578.0,578.0,590.0,578.0,586.0,911781
2025-09-22,587.0,587.0,587.0,580.0,580.0,120574
2025-09-23,582.0,582.0,585.0,578.0,581.0,123287
2025-09-24,593.0,593.0,595.0,580.0,581.0,241880
2025-09-25,596.0,596.0,598.0,590.0,595.0,213530
2025-09-26,588.0,588.0,593.0,585.0,591.0,252431
2025-09-30,593.0,593.0,598.0,586.0,598.0,358910
2025-10-01,584.0,584.0,596.0,584.0,593.0,143215
2025-10-02,581.0,581.0,587.0,581.0,585.0,111208
2025-10-03,576.0,576.0,583.0,576.0,581.0,190670
2025-10-07,580.0,580.0,586.0,577.0,577.0,177403
2025-10-08,581.0,581.0,586.0,578.0,586.0,109659
2025-10-09,583.0,583.0,583.0,577.0,580.0,130591
2025-10-13,575.0,575.0,586.0,565.0,586.0,334770
2025-10-14,574.0,574.0,579.0,570.0,572.0,227203
2025-10-15,568.0,568.0,575.0,568.0,575.0,167479
2025-10-16,573.0,573.0,574.0,570.0,573.0,82087
2025-10-17,578.0,578.0,582.0,570.0,570.0,210820
2025-10-20,570.0,570.0,579.0,570.0,576.0,144478
2025-10-21,575.0,575.0,575.0,571.0,573.0,116552
2025-10-22,582.0,582.0,582.0,572.0,576.0,103978
2025-10-23,582.0,582.0,582.0,574.0,578.0,138909
2025-10-27,579.0,579.0,582.0,576.0,578.0,167246
2025-10-28,576.0,576.0,581.0,571.0,581.0,178429
2025-10-29,576.0,576.0,578.0,572.0,577.0,92683
2025-10-30,567.0,567.0,585.0,567.0,584.0,402338
2025-10-31,566.0,566.0,574.0,565.0,572.0,210877
2025-11-03,573.0,573.0,573.0,563.0,567.0,216179
2025-11-04,580.0,580.0,580.0,570.0,570.0,188964
2025-11-05,578.0,578.0,578.0,568.0,572.0,209152
2025-11-06,584.0,584.0,586.0,579.0,580.0,320516
2025-11-07,583.0,583.0,588.0,578.0,578.0,196124
2025-11-10,587.0,587.0,588.0,582.0,585.0,197395
2025-11-11,576.0,576.0,588.0,576.0,588.0,157771
2025-11-12,579.0,579.0,586.0,579.0,580.0,245787
2025-11-13,574.0,574.0,578.0,572.0,578.0,181010
2025-11-14,588.0,588.0,589.0,571.0,571.0,294620
2025-11-17,601.0,601.0,603.0,585.0,585.0,535821
2025-11-18,593.0,593.0,594.0,583.0,584.0,280321
2025-11-19,600.0,600.0,600.0,590.0,597.0,262077
2025-11-20,607.0,607.0,607.0,593.0,596.0,330332
2025-11-21,621.0,621.0,622.0,603.0,607.0,492768
2025-11-24,618.0,618.0,633.0,614.0,616.0,1127667
2025-11-25,602.0,602.0,621.0,593.0,621.0,333777
2025-11-26,605.0,605.0,607.0,597.0,600.0,226817
2025-11-27,602.0,602.0,609.0,596.0,596.0,199597
2025-11-28,610.0,610.0,610.0,597.0,600.0,230488
2025-12-01,589.0,589.0,607.0,589.0,602.0,368993
2025-12-02,589.0,589.0,600.0,587.0,591.0,188095
2025-12-03,586.0,586.0,595.0,582.0,589.0,276877
2025-12-04,588.0,588.0,589.0,583.0,584.0,144450
2025-12-05,588.0,588.0,590.0,583.0,585.0,137895
2025-12-08,594.0,594.0,594.0,586.0,586.0,141022
2025-12-09,591.0,591.0,595.0,588.0,595.0,155901
2025-12-10,598.0,598.0,599.0,591.0,591.0,150941
2025-12-11,592.0,592.0,597.0,588.0,596.0,226516
2025-12-12,595.0,595.0,607.0,595.0,598.0,218877
2025-12-15,602.0,602.0,602.0,587.0,589.0,342647
2025-12-16,597.0,597.0,602.0,589.0,591.0,541256
2025-12-17,585.0,585.0,599.0,580.0,596.0,733188
2025-12-19,581.0,581.0,587.0,570.0,573.0,1348707
2025-12-22,569.0,569.0,584.0,555.0,582.0,875431
2025-12-23,564.0,564.0,569.0,559.0,568.0,728493
2025-12-24,562.0,562.0,563.0,554.0,562.0,780751
2025-12-26,561.0,561.0,566.0,561.0,563.0,461416
2025-12-29,562.0,562.0,564.0,556.0,562.0,328832
2025-12-30,556.0,556.0,567.0,556.0,567.0,368901
2025-12-31,550.0,550.0,559.0,548.0,557.0,382330
2026-01-02,546.0,546.0,552.0,546.0,552.0,279539
2026-01-05,549.0,549.0,553.0,537.0,546.0,392370
2026-01-06,547.0,547.0,554.0,542.0,549.0,370833
2026-01-07,544.0,544.0,547.0,537.0,544.0,484509
2026-01-08,539.0,539.0,548.0,539.0,542.0,265599
2026-01-09,544.0,544.0,544.0,537.0,544.0,260507
2026-01-12,540.0,540.0,546.0,539.0,542.0,233337
2026-01-13,541.0,541.0,548.0,539.0,540.0,418278
2026-01-14,557.0,557.0,560.0,545.0,547.0,480024
2026-01-15,552.0,552.0,557.0,548.0,557.0,327359
2026-01-16,548.0,548.0,554.0,545.0,552.0,253987
2026-01-19,542.0,542.0,546.0,541.0,541.0,237724
2026-01-20,539.0,539.0,543.0,539.0,540.0,174672
2026-01-21,530.0,530.0,538.0,530.0,536.0,552128
2026-01-22,524.0,524.0,535.0,522.0,530.0,706196
2026-01-23,527.0,527.0,530.0,520.0,524.0,338846
2026-01-26,534.0,534.0,537.0,526.0,533.0,285176
2026-01-27,542.0,542.0,542.0,535.0,536.0,342504
2026-01-28,543.0,543.0,544.0,537.0,544.0,234899
2026-01-29,541.0,541.0,545.0,540.0,542.0,386052
2026-01-30,544.0,544.0,544.0,529.0,537.0,548360
2026-02-02,529.0,529.0,544.0,526.0,544.0,377106
2026-02-03,526.0,526.0,533.0,526.0,531.0,155692
2026-02-04,524.0,524.0,531.0,524.0,524.0,136146
2026-02-05,521.0,521.0,530.0,521.0,528.0,233776
2026-02-06,524.0,524.0,524.0,514.0,520.0,255289
2026-02-09,530.0,530.0,532.0,525.0,529.0,186183
2026-02-10,533.0,533.0,535.0,530.0,532.0,191999
2026-02-11,549.0,549.0,550.0,538.0,540.0,536627
2026-02-23,549.0,549.0,563.0,546.0,563.0,617388
2026-02-24,559.0,559.0,562.0,551.0,555.0,575020
2026-02-25,557.0,557.0,562.0,554.0,559.0,415816
2026-02-26,585.0,585.0,585.0,551.0,556.0,1180188
2026-03-02,575.0,575.0,575.0,558.0,575.0,473330
2026-03-03,550.0,550.0,563.0,548.0,563.0,552455
2026-03-04,524.0,524.0,543.0,524.0,543.0,639459
2026-03-05,517.0,517.0,532.0,517.0,529.0,518113
2026-03-06,512.0,512.0,518.0,510.0,515.0,563461
2026-03-09,505.0,505.0,510.0,490.0,493.0,584696
2026-03-10,501.0,501.0,519.0,500.0,519.0,362804
2026-03-11,509.0,509.0,514.0,499.0,502.0,555006
2026-03-12,495.0,495.0,503.0,495.0,500.0,663746
2026-03-13,488.5,488.5,492.0,488.0,490.0,464789
2026-03-16,481.0,481.0,491.5,480.0,488.5,565263
2026-03-17,528.0,528.0,528.0,487.0,487.0,638494
2026-03-18,501.0,501.0,516.0,500.0,516.0,416671
2026-03-19,485.5,485.5,497.0,485.0,497.0,570224
2026-03-20,496.0,496.0,496.0,480.5,483.5,702312
2026-03-23,481.0,481.0,485.0,472.0,480.5,438563
2026-03-24,483.5,483.5,487.0,479.5,481.5,260146
2026-03-25,499.0,499.0,505.0,486.5,504.0,500745
2026-03-26,507.0,507.0,508.0,496.0,508.0,426038
2026-03-27,497.5,497.5,502.0,494.0,502.0,411344
2026-03-30,499.0,499.0,505.0,482.5,483.0,727877
2026-03-31,483.5,483.5,488.5,481.0,488.0,582736
2026-04-01,491.5,491.5,495.0,487.5,495.0,469815
2026-04-02,485.5,485.5,496.0,485.5,495.0,252342
2026-04-07,483.5,483.5,487.5,482.0,485.0,223821
2026-04-08,495.5,495.5,501.0,489.5,494.5,347344
2026-04-09,497.5,497.5,501.0,491.0,501.0,356471
2026-04-10,508.0,508.0,511.0,498.0,499.0,458776
2026-04-13,498.0,498.0,506.0,495.0,506.0,241806
2026-04-14,511.0,511.0,512.0,503.0,505.0,391581
2026-04-15,512.0,512.0,516.0,506.0,511.0,265202
2026-04-16,516.0,516.0,522.0,513.0,517.0,349162
2026-04-17,515.0,515.0,522.0,508.0,522.0,266449
2026-04-20,507.0,507.0,518.0,505.0,515.0,313150
2026-04-21,518.0,518.0,519.0,506.0,513.0,381361
2026-04-22,519.0,519.0,522.0,513.0,518.0,311619
2026-04-23,503.0,503.0,512.0,500.0,512.0,360334
2026-04-24,493.5,493.5,504.0,492.5,501.0,312839
2026-04-27,487.0,487.0,496.0,486.5,487.5,397791
2026-04-28,484.5,484.5,490.0,481.0,485.0,403770
2026-04-29,480.0,480.0,488.5,480.0,488.5,492668
2026-04-30,476.5,476.5,480.0,475.0,478.5,499389
2026-05-04,473.0,473.0,482.0,472.0,482.0,331303
2026-05-05,478.0,478.0,478.0,470.0,474.0,269610
2026-05-06,474.0,474.0,484.5,473.0,484.5,385983
2026-05-07,487.0,487.0,487.0,473.0,473.5,539232
2026-05-08,487.0,487.0,494.0,478.5,494.0,372928
2026-05-11,475.5,475.5,484.5,475.5,480.5,490356
2026-05-12,470.0,470.0,480.5,470.0,477.0,611056
2026-05-13,473.5,473.5,479.0,470.0,479.0,571028
2026-05-14,468.5,468.5,479.0,468.0,474.0,470882
2026-05-15,468.0,468.0,468.5,462.5,468.5,330579
2026-05-18,461.0,461.0,470.0,460.0,470.0,375834
2026-05-19,468.5,468.5,474.5,456.0,458.0,529079
2026-05-20,466.5,466.5,472.0,460.0,469.5,397357
2026-05-21,466.0,466.0,472.5,462.5,466.5,367797
2026-05-22,462.0,462.0,465.0,460.0,464.0,385088
2026-05-25,460.5,460.5,464.0,459.0,462.0,414978
2026-05-26,462.0,462.0,465.5,459.5,460.0,392372
2026-05-27,466.5,466.5,466.5,458.0,462.5,502085
2026-05-28,456.0,456.0,462.5,456.0,462.0,952409
2026-05-29,483.0,483.0,483.0,458.0,458.0,4080767
2026-06-01,473.5,473.5,484.0,470.0,478.0,952623
2026-06-02,471.5,471.5,479.5,466.5,472.0,838817
2026-06-03,485.0,485.0,487.5,471.5,479.5,976036
2026-06-04,485.5,485.5,492.0,477.0,484.5,707464
2026-06-05,495.0,495.0,502.0,482.0,482.0,1145159
2026-06-08,473.0,473.0,489.5,470.0,471.0,1608000
2026-06-09,483.0,483.0,488.0,470.5,470.5,1078330
2026-06-10,487.0,487.0,493.0,473.5,481.0,1870439
2026-06-11,489.5,489.5,496.5,480.0,490.0,1897137
2026-06-12,461.0,461.0,479.5,457.0,475.5,2591320
2026-06-15,463.5,463.5,473.0,460.5,469.5,1034133
2026-06-16,468.5,468.5,468.5,455.0,464.0,1355998
2026-06-17,461.5,461.5,464.5,457.5,461.0,964455
2026-06-18,482.0,482.0,482.0,460.0,460.0,8781085
2026-06-22,481.0,481.0,482.5,475.0,482.5,475516
2026-06-23,485.0,485.0,493.0,478.0,478.0,879506
2026-06-24,477.5,477.5,486.5,477.0,485.0,409190
2026-06-25,480.0,480.0,485.5,475.5,475.5,454076
2026-06-26,481.0,481.0,488.0,474.5,474.5,664069
2026-06-29,478.5,478.5,490.0,477.0,488.0,509554
2026-06-30,465.5,465.5,483.5,465.5,481.0,622052
2026-07-01,465.0,465.0,471.5,463.5,468.5,417900
2026-07-02,464.5,464.5,473.5,462.0,463.5,349460
2026-07-03,473.0,473.0,474.0,461.0,461.0,326673
2026-07-06,476.5,476.5,482.0,472.5,472.5,268056
2026-07-07,471.0,471.0,481.0,471.0,473.0,355146
2026-07-08,480.5,480.5,482.0,476.0,479.5,364348
2026-07-09,476.5,476.5,481.5,475.5,480.5,244800
2026-07-13,475.0,475.0,483.0,473.0,473.5,271051
2026-07-14,480.0,480.0,484.5,477.0,484.5,354004
2026-07-15,480.0,480.0,484.0,477.0,482.0,277877
2026-07-16,493.0,493.0,493.0,481.0,483.5,656505
2026-07-17,486.0,486.0,507.0,486.0,493.0,806549
2026-07-20,490.0,490.0,502.0,490.0,500.0,482302
2026-07-21,492.0,492.0,496.0,487.0,487.5,336657
2026-07-22,492.0,492.0,496.0,490.0,490.5,289342
2026-07-23,492.0,492.0,496.5,488.5,496.5,242622
2026-07-24,493.5,493.5,496.0,485.0,485.0,317624
2026-07-27,498.0,498.0,503.0,493.0,502.0,400668
2026-07-28,500.0,500.0,505.0,497.0,498.0,550204
2026-07-29,519.0,519.0,521.0,505.0,505.0,1285462
2026-07-30,551.0,551.0,555.0,518.0,523.0,1726129
2026-07-31,558.0,558.0,573.0,540.0,547.0,1231859
2026-08-03,522.0,522.0,559.0,520.0,550.0,648055
2026-08-04,517.0,517.0,520.0,506.0,507.0,545943
2026-08-05,509.0,509.0,530.0,509.0,530.0,444979
2026-08-06,516.0,516.0,518.0,502.0,502.0,337946
2026-08-07,516.0,516.0,520.0,511.0,514.0,236233
2026-08-10,514.0,514.0,524.0,514.0,524.0,169612
2026-08-11,511.0,511.0,519.0,508.0,514.0,345517
2026-08-12,504.0,504.0,516.0,504.0,513.0,283842
2026-08-13,524.0,524.0,529.0,515.0,516.0,441059
2026-08-14,514.0,514.0,524.0,512.0,522.0,245910
2026-08-17,515.0,515.0,520.0,513.0,514.0,159384
2026-08-18,512.0,512.0,514.0,509.0,511.0,214905
2026-08-19,506.0,506.0,512.0,505.0,512.0,336962
2026-08-20,508.0,508.0,514.0,506.0,506.0,209544
2026-08-21,518.0,518.0,519.0,505.0,505.0,181001
2026-08-24,522.0,522.0,527.0,517.0,518.0,179166
2026-08-25,519.0,519.0,528.0,514.0,514.0,191601
