,Adj Close,Close,High,Low,Open,Volume
2020-01-02,55.0112190246582,80.15,80.47,79.71,79.71,576072
2020-01-03,54.18792724609375,78.95,80.47,78.4,80.15,416485
2020-01-06,53.96338653564453,78.62,78.84,78.29,78.84,192880
2020-01-07,54.03822708129883,78.73,78.84,78.18,78.84,180042
2020-01-08,53.51430892944336,77.97,78.4,77.97,78.4,189838
2020-01-09,53.88853454589844,78.51,79.06,78.08,78.08,90950
2020-01-10,54.11307144165039,78.84,79.28,78.73,78.95,290624
2020-01-13,54.636993408203125,79.6,79.6,78.84,79.06,182975
2020-01-14,55.834510803222656,81.35,81.46,79.93,79.93,1154740
2020-01-15,55.834510803222656,81.35,81.57,80.69,80.91,449656
2020-01-16,55.75966262817383,81.24,81.78,80.91,81.35,305565
2020-01-17,55.90936279296875,81.46,82.0,81.13,81.35,442590
2020-01-20,55.535133361816406,80.91,81.67,80.58,80.91,317654
2020-01-30,51.0444221496582,74.37,77.42,73.82,77.42,1075663
2020-01-31,51.0444221496582,74.37,75.46,73.28,74.15,493227
2020-02-03,49.62236785888672,72.3,72.95,70.88,72.95,428361
2020-02-04,50.29596710205078,73.28,76.88,73.28,76.88,209382
2020-02-05,50.29596710205078,73.28,73.61,72.51,73.28,253450
2020-02-06,50.59535217285156,73.71,73.93,72.73,73.06,136583
2020-02-07,49.69720458984375,72.41,73.71,72.08,73.71,355785
2020-02-10,49.02360534667969,71.42,71.64,70.55,71.1,290820
2020-02-11,49.54751968383789,72.19,72.51,71.21,71.86,121272
2020-02-12,49.99658966064453,72.84,72.84,71.97,72.19,144214
2020-02-13,50.29596710205078,73.28,73.71,72.95,72.95,157029
2020-02-14,50.29596710205078,73.28,73.28,72.95,73.28,115723
2020-02-17,49.69720458984375,72.41,72.84,71.42,72.73,422901
2020-02-18,49.17328643798828,71.64,72.41,71.64,72.41,211094
2020-02-19,49.098445892333984,71.53,71.97,71.32,71.75,371799
2020-02-20,48.94875717163086,71.32,71.97,71.21,71.64,286309
2020-02-21,48.64937973022461,70.88,71.42,70.77,71.32,459009
2020-02-24,47.37700653076172,69.03,70.33,68.7,70.33,797174
2020-02-25,47.00278091430664,68.48,68.92,68.04,68.7,240090
2020-02-26,46.62855529785156,67.93,68.48,67.72,68.48,317225
2020-02-27,45.13165283203125,65.75,68.04,65.75,67.93,651702
2020-03-02,44.53289031982422,64.88,65.43,63.46,65.21,469834
2020-03-03,44.98196029663086,65.54,66.19,65.32,65.43,332324
2020-03-04,44.38319778442383,64.66,65.54,64.12,65.54,345348
2020-03-05,44.98196029663086,65.54,65.75,64.99,65.75,283307
2020-03-06,44.23350524902344,64.45,65.54,64.34,65.43,261750
2020-03-09,42.66175842285156,62.16,63.79,61.28,63.79,640654
2020-03-10,43.41020965576172,63.25,63.25,60.85,61.06,379078
2020-03-11,42.73660659790039,62.26,64.55,62.16,63.57,326021
2020-03-12,40.34156036376953,58.78,62.7,57.79,62.7,765229
2020-03-13,37.796817779541016,55.07,55.94,53.1,55.94,1311065
2020-03-16,36.74898910522461,53.54,55.72,53.16,55.18,504565
2020-03-17,35.85084533691406,52.23,53.1,50.27,50.27,465270
2020-03-18,35.4391975402832,51.63,53.43,51.52,52.5,346657
2020-03-19,31.92147445678711,46.51,50.76,46.51,50.76,951328
2020-03-20,34.42879104614258,50.16,50.87,46.73,46.73,345280
2020-03-23,32.370548248291016,47.16,48.85,46.56,48.03,267178
2020-03-24,34.204254150390625,49.83,50.65,47.98,47.98,314014
2020-03-25,36.41218566894531,53.05,53.92,51.25,51.25,454142
2020-03-26,36.449607849121094,53.1,53.21,51.8,53.05,217775
2020-03-27,37.19805908203125,54.2,55.29,53.65,54.52,544639
2020-03-30,36.29991912841797,52.89,53.43,52.18,52.61,250427
2020-03-31,36.29991912841797,52.89,53.98,52.34,53.43,251651
2020-04-01,36.150230407714844,52.67,53.0,52.12,52.89,281200
2020-04-06,35.9631233215332,52.4,53.0,51.31,53.0,231425
2020-04-07,37.12321090698242,54.09,54.3,53.16,53.21,345012
2020-04-08,39.2188835144043,57.14,57.58,53.98,53.98,485525
2020-04-09,38.620121002197266,56.27,58.12,55.83,57.47,473325
2020-04-10,38.24589157104492,55.72,56.49,55.29,55.72,335070
2020-04-13,37.647132873535156,54.85,55.72,54.63,55.72,198346
2020-04-14,38.620121002197266,56.27,56.81,55.07,55.29,264557
2020-04-15,39.66795349121094,57.79,58.23,56.38,56.59,509250
2020-04-16,39.36857604980469,57.36,57.58,56.49,57.25,265178
2020-04-17,39.443416595458984,57.47,58.56,57.25,58.01,416150
2020-04-20,39.742794036865234,57.9,58.01,56.92,57.25,154800
2020-04-21,38.470428466796875,56.05,58.34,55.61,57.47,343345
2020-04-22,38.99434280395508,56.81,57.03,55.39,55.5,122100
2020-04-23,38.84465789794922,56.59,57.36,56.38,57.14,116354
2020-04-24,39.443416595458984,57.47,57.58,56.7,56.7,147253
2020-04-27,40.11701965332031,58.45,58.56,57.36,57.47,307798
2020-04-28,41.164859771728516,59.97,60.74,58.12,58.78,448238
2020-04-29,42.66175842285156,62.16,62.37,59.97,59.97,773500
2020-04-30,44.23350524902344,64.45,65.97,62.81,62.81,1029687
2020-05-04,43.48506164550781,63.35,64.01,61.61,63.03,556313
2020-05-05,44.308353424072266,64.55,66.95,63.79,64.34,1028062
2020-05-06,44.38319778442383,64.66,65.54,63.9,64.66,378562
2020-05-07,45.20649719238281,65.86,65.97,64.34,64.88,440041
2020-05-08,46.404022216796875,67.61,68.59,65.97,66.52,1127032
2020-05-11,45.65556716918945,66.52,68.15,66.19,68.15,614250
2020-05-12,45.880104064941406,66.84,68.37,65.75,66.3,814855
2020-05-13,45.50587463378906,66.3,66.84,65.97,66.3,302095
2020-05-14,44.23350524902344,64.45,66.19,64.23,66.19,467897
2020-05-15,44.008975982666016,64.12,65.43,63.03,64.77,362075
2020-05-18,44.308353424072266,64.55,65.1,64.12,64.12,199442
2020-05-19,46.0297966003418,67.06,67.39,65.21,65.54,676462
2020-05-20,45.805259704589844,66.74,67.17,66.52,67.06,241024
2020-05-21,46.0297966003418,67.06,67.17,66.52,66.95,273932
2020-05-22,44.98196029663086,65.54,66.74,65.54,66.74,247328
2020-05-25,46.5537109375,67.83,68.04,64.45,65.75,553237
2020-05-26,46.17948532104492,67.28,68.26,67.06,68.15,344135
2020-05-27,46.17948532104492,67.28,68.04,67.28,67.61,363390
2020-05-28,46.853092193603516,68.26,69.68,67.28,67.83,852837
2020-05-29,48.05061340332031,70.01,70.12,68.26,69.03,839612
2020-06-01,48.2003059387207,70.22,70.99,69.35,70.88,497705
2020-06-02,47.975765228271484,69.9,70.99,69.46,70.77,550306
2020-06-03,48.42483901977539,70.55,72.3,70.01,70.55,1147557
2020-06-04,49.92173767089844,72.73,73.39,70.99,71.42,1149599
2020-06-05,50.44566345214844,73.5,74.59,73.5,74.15,742276
2020-06-08,49.69720458984375,72.41,74.37,71.97,74.37,470928
2020-06-09,49.84689712524414,72.62,73.71,71.42,72.84,590433
2020-06-10,48.8739128112793,71.21,72.3,70.88,71.97,769118
2020-06-11,48.34999465942383,70.44,71.75,70.33,70.88,340977
2020-06-12,47.90092468261719,69.79,69.79,68.15,69.46,517366
2020-06-15,47.7512321472168,69.57,70.33,69.57,70.12,220878
2020-06-16,48.49968338012695,70.66,71.1,69.79,69.79,292601
2020-06-17,48.94875717163086,71.32,71.97,70.66,71.1,228151
2020-06-18,49.098445892333984,71.53,72.19,70.44,71.53,426385
2020-06-19,48.57453155517578,70.77,71.86,70.77,71.53,170425
2020-06-22,47.975765228271484,69.9,71.21,69.9,70.55,217639
2020-06-23,47.60154342651367,69.35,70.12,69.13,70.12,195460
2020-06-24,47.676395416259766,69.46,69.79,69.13,69.24,135423
2020-06-29,47.526695251464844,69.24,69.46,68.37,69.13,137287
2020-06-30,47.7512321472168,69.57,70.12,69.24,69.24,97551
2020-07-01,48.34999465942383,70.44,70.55,69.79,69.79,147600
2020-07-02,48.8739128112793,71.21,71.75,70.66,70.66,212689
2020-07-03,49.02360534667969,71.42,71.75,70.77,71.42,162851
2020-07-06,49.24814224243164,71.75,71.86,71.1,71.42,289060
2020-07-07,48.72421646118164,70.99,71.97,70.99,71.86,261563
2020-07-08,48.7990608215332,71.1,71.53,70.66,70.99,162765
2020-07-09,48.64937973022461,70.88,71.21,70.66,70.88,165898
2020-07-10,47.7512321472168,69.57,72.19,69.03,71.53,862809
2020-07-13,48.05061340332031,70.01,70.33,69.68,70.12,196690
2020-07-14,48.72421646118164,70.99,71.64,70.22,70.22,232352
2020-07-15,48.275150299072266,70.33,71.32,69.79,71.21,414788
2020-07-16,48.72421646118164,70.99,71.42,70.33,70.33,164569
2020-07-17,48.275150299072266,70.33,71.42,70.33,71.42,169401
2020-07-20,47.82608413696289,69.68,70.44,69.24,70.44,163429
2020-07-21,48.275150299072266,70.33,70.55,69.9,70.33,225829
2020-07-22,48.42483901977539,70.55,71.21,70.01,70.12,148452
2020-07-23,48.7990608215332,71.1,71.53,70.66,71.32,177081
2020-07-24,47.975765228271484,69.9,71.1,69.24,70.88,288000
2020-07-27,47.90092468261719,69.79,70.66,69.13,69.9,246840
2020-07-28,46.92793655395508,68.37,70.22,68.26,69.79,229051
2020-07-29,47.45185089111328,69.13,69.35,68.37,68.37,182062
2020-07-30,48.125465393066406,70.12,70.44,69.24,69.24,153420
2020-07-31,48.57453155517578,70.77,70.77,70.12,70.55,116886
2020-08-03,48.8739128112793,71.21,71.32,70.88,70.88,235049
2020-08-04,49.92173767089844,72.73,72.73,71.21,71.42,374342
2020-08-05,49.69720458984375,72.41,73.39,71.97,73.17,368225
2020-08-06,49.54751968383789,72.19,72.95,72.08,72.73,186354
2020-08-07,49.69720458984375,72.41,72.73,71.97,72.19,245111
2020-08-10,50.5205078125,73.61,73.93,72.41,72.41,488813
2020-08-11,50.59535217285156,73.71,74.26,73.28,74.15,345257
2020-08-12,50.221126556396484,73.17,74.04,71.97,74.04,532613
2020-08-13,50.37081527709961,73.39,74.04,73.06,73.39,466058
2020-08-14,50.5205078125,73.61,74.26,73.28,73.39,340914
2020-08-17,51.942569732666016,75.68,76.22,73.82,73.93,1313742
2020-08-18,52.09225082397461,75.9,76.11,74.91,75.68,453141
2020-08-19,51.64318084716797,75.24,76.55,74.91,76.33,603351
2020-08-20,50.221126556396484,73.17,75.57,70.88,75.57,1255463
2020-08-21,51.55930709838867,71.42,71.75,70.12,70.22,742707
2020-08-24,52.26775360107422,72.41,73.5,71.97,71.97,452519
2020-08-25,52.74005126953125,73.06,73.17,71.97,72.62,541541
2020-08-26,57.069461822509766,79.06,80.37,73.61,73.61,5544316
2020-08-27,59.27351760864258,82.11,83.96,80.69,82.87,5994746
2020-08-28,59.58838653564453,82.55,83.64,81.78,82.76,2699998
2020-08-31,61.55629348754883,85.27,86.58,82.66,82.66,3866855
2020-09-01,60.532989501953125,83.86,85.71,83.42,84.84,1909155
2020-09-02,58.87993621826172,81.57,84.29,80.91,83.86,1630622
2020-09-03,59.03738021850586,81.78,82.55,81.57,82.11,994358
2020-09-04,59.82453536987305,82.87,83.64,80.04,80.69,1718552
2020-09-07,58.87993621826172,81.57,83.96,80.91,82.87,1003821
2020-09-08,59.90325927734375,82.98,83.96,80.37,81.57,1695582
2020-09-09,60.06068801879883,83.2,86.47,81.78,82.55,4052971
2020-09-10,58.32891845703125,80.8,83.64,80.69,82.55,1501490
2020-09-11,57.6204719543457,79.82,81.78,79.38,80.8,1003904
2020-09-14,58.40763854980469,80.91,81.57,79.6,79.82,534707
2020-09-15,58.56507873535156,81.13,82.0,80.91,80.91,429364
2020-09-16,58.092777252197266,80.47,81.78,79.93,81.67,482842
2020-09-17,58.80121612548828,81.46,82.0,80.47,80.47,348785
2020-09-18,58.87993621826172,81.57,82.66,81.24,81.57,542826
2020-09-21,57.77791213989258,80.04,82.33,80.04,81.67,535435
2020-09-22,57.38432312011719,79.49,80.26,77.42,79.82,661762
2020-09-23,56.282291412353516,77.97,80.15,77.75,79.6,454930
2020-09-24,55.4951286315918,76.88,78.51,76.88,77.97,444707
2020-09-25,54.31438064575195,75.24,77.75,73.61,76.99,924863
2020-09-28,55.573848724365234,76.99,77.31,74.8,75.57,230102
2020-09-29,55.652565002441406,77.09,77.64,76.77,76.99,159424
2020-09-30,56.439727783203125,78.18,78.29,76.88,76.88,126301
2020-10-05,56.75459671020508,78.62,79.28,78.08,78.29,266252
2020-10-06,58.80121612548828,81.46,82.33,79.38,79.38,992927
2020-10-07,59.27351760864258,82.11,82.55,81.02,81.57,458789
2020-10-08,60.76913833618164,84.18,85.71,82.66,82.98,2327166
2020-10-12,60.139408111572266,83.31,87.24,83.09,86.91,2495550
2020-10-13,60.139408111572266,83.31,84.62,82.87,84.62,443080
2020-10-14,60.532989501953125,83.86,85.05,83.2,83.2,595038
2020-10-15,60.532989501953125,83.86,84.84,83.75,83.86,317576
2020-10-16,60.45427703857422,83.75,86.04,83.75,84.51,1204992
2020-10-19,64.3113784790039,89.09,90.4,83.96,84.62,3893990
2020-10-20,63.681640625,88.22,90.94,87.45,88.76,2960397
2020-10-21,63.445491790771484,87.89,89.96,87.67,88.98,971619
2020-10-22,63.681640625,88.22,91.6,87.67,87.89,2685807
2020-10-23,65.01982116699219,90.07,90.94,88.54,88.54,2007974
2020-10-26,65.33468627929688,90.51,92.03,89.09,90.83,1897946
2020-10-27,64.39009094238281,89.2,91.38,88.65,90.4,1318986
2020-10-28,64.3113784790039,89.09,89.85,88.11,89.85,897569
2020-10-29,62.81576919555664,87.02,88.11,85.71,87.78,1119831
2020-10-30,62.028602600097656,85.93,87.78,85.82,87.56,748484
2020-11-02,64.07522583007812,88.76,88.76,84.4,86.15,1094874
2020-11-03,63.1306266784668,87.45,89.2,86.58,88.76,980318
2020-11-04,63.1306266784668,87.45,88.11,86.69,87.45,606725
2020-11-05,63.91780090332031,88.54,88.76,87.34,87.89,438368
2020-11-06,63.288063049316406,87.67,91.6,87.56,89.63,1627071
2020-11-09,63.602935791015625,88.11,88.76,87.02,87.78,813231
2020-11-10,63.602935791015625,88.11,89.74,86.69,88.11,722017
2020-11-11,66.51544189453125,92.14,92.14,88.0,88.0,2309902
2020-11-12,64.39009094238281,89.2,95.3,88.98,93.67,3579052
2020-11-13,63.83906936645508,88.44,90.4,87.56,88.98,1031546
2020-11-16,63.209354400634766,87.56,88.98,87.24,88.87,966500
2020-11-17,62.42218017578125,86.47,88.11,86.15,88.11,921450
2020-11-18,61.94987106323242,85.82,87.02,85.6,87.02,733133
2020-11-19,62.50090408325195,86.58,87.89,85.6,85.71,720406
2020-11-20,62.186031341552734,86.15,87.34,85.82,86.91,597480
2020-11-23,62.89448165893555,87.13,87.24,85.6,86.36,565608
2020-11-24,61.94987106323242,82.88,84.24,82.77,84.24,693551
2020-11-25,62.97319030761719,84.24,84.67,82.98,83.19,740450
2020-11-26,63.209354400634766,84.56,85.3,83.82,84.24,548152
2020-11-27,63.288063049316406,84.67,84.77,84.14,84.56,380955
2020-11-30,62.73705291748047,83.93,85.4,83.93,85.3,414290
2020-12-01,63.445491790771484,84.88,85.61,83.61,84.24,564677
2020-12-02,62.57960891723633,83.72,85.09,83.4,84.88,533086
2020-12-03,62.186031341552734,83.19,84.24,82.77,83.82,512226
2020-12-04,61.792449951171875,82.67,83.93,82.56,83.19,599409
2020-12-07,61.477577209472656,82.24,83.72,81.93,83.51,724005
2020-12-08,61.94987106323242,82.88,83.4,82.24,82.45,363100
2020-12-09,62.42218017578125,83.51,83.72,82.77,82.77,301376
2020-12-10,62.186031341552734,83.19,83.82,82.77,83.82,313021
2020-12-11,61.792449951171875,82.67,83.19,81.82,83.19,472653
2020-12-14,61.477577209472656,82.24,82.67,81.82,82.14,240453
2020-12-15,60.375545501708984,80.77,82.35,80.66,82.24,520226
2020-12-16,61.55629348754883,82.35,82.56,80.87,80.87,268001
2020-12-17,61.55629348754883,82.35,82.45,81.72,82.03,190035
2020-12-18,61.6350212097168,82.45,82.77,82.03,82.14,189006
2020-12-21,61.55629348754883,82.35,82.45,81.4,82.45,240405
2020-12-22,61.477577209472656,82.24,84.35,81.93,81.93,447225
2020-12-23,61.87116622924805,82.77,83.93,81.93,82.14,310227
2020-12-24,64.07522583007812,85.72,86.25,83.3,83.3,1508474
2020-12-25,64.46881866455078,86.25,88.88,85.61,86.88,2230354
2020-12-28,65.01982116699219,86.98,89.83,86.88,86.88,1833204
2020-12-29,66.51544189453125,88.98,89.51,87.19,88.67,1518970
2020-12-30,66.59415435791016,89.09,92.77,87.72,90.46,3909580
2020-12-31,65.88569641113281,88.14,89.09,86.67,88.25,1144141
2021-01-04,65.17726135253906,87.19,88.25,86.77,87.93,1018637
2021-01-05,66.04313659667969,88.35,88.88,87.19,87.19,685946
2021-01-06,66.43671417236328,88.88,89.72,87.72,89.19,1314775
2021-01-07,70.05767822265625,93.72,96.04,89.51,89.51,4951429
2021-01-08,71.23841857910156,95.3,95.62,91.93,94.25,2546355
2021-01-11,70.2151107788086,93.93,96.88,93.2,95.41,1533572
2021-01-12,68.48335266113281,91.62,94.14,90.67,94.14,1227228
2021-01-13,68.1684799194336,91.19,93.62,91.09,92.25,965813
2021-01-14,69.9002456665039,93.51,93.62,91.41,91.41,621869
2021-01-15,68.7982177734375,92.04,94.04,91.72,92.99,936511
2021-01-18,68.7982177734375,92.04,93.09,89.51,92.04,785254
2021-01-19,68.4046401977539,91.51,93.72,90.88,92.04,958762
2021-01-20,65.49211883544922,87.61,91.51,87.4,91.51,1551717
2021-01-21,66.90901947021484,89.51,90.67,88.56,88.98,878136
2021-01-22,68.4046401977539,91.51,91.62,90.46,90.56,490567
2021-01-25,68.32592010498047,91.41,91.93,90.04,91.51,523258
2021-01-26,68.4046401977539,91.51,92.77,90.67,91.19,517263
2021-01-27,69.821533203125,93.41,94.04,91.72,92.46,1001787
2021-01-28,69.34922790527344,92.77,93.93,89.83,91.19,579028
2021-01-29,68.56207275390625,91.72,93.72,91.3,92.99,861024
2021-02-01,68.01106262207031,90.98,92.04,89.83,91.93,585002
2021-02-02,67.6961898803711,90.56,92.14,90.04,92.14,867451
2021-02-03,67.30260467529297,90.04,90.56,89.3,90.25,565488
2021-02-04,67.22388458251953,89.93,90.67,89.51,89.72,608639
2021-02-05,67.38131713867188,90.14,90.56,89.62,89.93,661199
2021-02-17,70.60868835449219,94.46,94.67,91.51,91.83,1258804
2021-02-18,73.83607482910156,98.78,98.99,94.78,94.78,2036847
2021-02-19,74.70195007324219,99.94,100.36,97.41,97.83,1080128
2021-02-22,74.07222747802734,99.09,101.2,98.46,101.09,1294657
2021-02-23,75.80399322509766,101.41,102.36,97.72,98.25,1050318
2021-02-24,74.54451751708984,99.72,102.04,98.67,102.04,834300
2021-02-25,73.83607482910156,98.78,101.09,97.93,100.46,988517
2021-02-26,72.9701919555664,97.62,98.46,96.57,97.2,550109
2021-03-02,72.41918182373047,96.88,98.78,96.88,97.93,494536
2021-03-03,72.18302917480469,96.57,97.2,95.09,96.88,560495
2021-03-04,72.10430145263672,96.46,97.83,95.83,96.88,351345
2021-03-05,72.57660675048828,97.09,97.41,95.41,95.72,400452
2021-03-08,71.63201141357422,95.83,97.51,95.83,97.09,426516
2021-03-09,70.2151107788086,93.93,95.93,93.72,95.83,1161200
2021-03-10,72.41918182373047,96.88,97.93,94.78,94.78,608951
2021-03-11,73.83607482910156,98.78,99.83,96.99,96.99,727328
2021-03-12,74.78067779541016,100.04,100.99,98.88,100.25,796350
2021-03-15,74.54451751708984,99.72,100.99,98.99,100.04,449041
2021-03-16,72.9701919555664,97.62,100.15,96.46,99.72,1182914
2021-03-17,72.81275177001953,97.41,98.25,96.88,97.62,302902
2021-03-18,73.12762451171875,97.83,98.46,96.88,97.62,465422
2021-03-19,72.8914794921875,97.51,97.51,96.78,96.88,243089
2021-03-22,72.8914794921875,97.51,97.93,96.88,97.51,270177
2021-03-23,73.20634460449219,97.93,98.25,96.99,97.62,269830
2021-03-24,74.3870849609375,99.51,100.04,97.93,97.93,628055
2021-03-25,74.15093994140625,99.2,101.2,99.2,99.62,1024545
2021-03-26,74.07222747802734,99.09,99.72,97.83,99.09,301426
2021-03-29,73.83607482910156,98.78,99.83,98.04,99.41,288313
2021-03-30,74.22966003417969,99.3,99.94,98.14,98.78,326225
2021-03-31,79.11007690429688,105.83,105.83,100.46,100.67,3256695
2021-04-01,77.77190399169922,104.04,107.94,103.2,106.89,2037258
2021-04-07,82.65232849121094,110.57,111.1,105.1,105.2,2001407
2021-04-08,85.80098724365234,114.78,115.84,108.99,110.04,2179239
2021-04-09,89.34323120117188,119.52,122.68,111.62,117.42,3231358
2021-04-12,93.279052734375,124.79,126.37,117.94,119.52,4306010
2021-04-13,90.91754913330078,121.63,128.47,119.52,125.31,2393848
2021-04-14,89.73680114746094,120.05,124.79,113.73,124.79,1937764
2021-04-15,90.13038635253906,120.58,122.68,119.52,122.15,705117
2021-04-16,89.73680114746094,120.05,120.58,115.84,120.58,840158
2021-04-19,89.34323120117188,119.52,122.15,116.89,120.58,662251
2021-04-20,93.279052734375,124.79,125.84,119.0,120.05,1336319
2021-04-21,88.94964599609375,119.0,123.73,119.0,123.73,1022900
2021-04-22,85.40739440917969,114.26,120.05,114.26,120.05,1244870
2021-04-23,89.73680114746094,120.05,120.05,114.26,115.31,610919
2021-04-26,89.73680114746094,120.05,121.63,118.47,120.05,618730
2021-04-27,89.34323120117188,119.52,120.58,117.94,120.05,358957
2021-04-28,92.49188232421875,123.73,125.31,118.47,120.05,1830755
2021-04-29,92.49188232421875,123.73,124.26,121.1,123.73,901557
2021-05-03,88.94964599609375,119.0,124.79,118.47,124.79,1346565
2021-05-04,85.80098724365234,114.78,121.63,108.46,119.52,1701689
2021-05-05,88.5560531616211,118.47,120.58,113.2,116.89,681300
2021-05-06,88.5560531616211,118.47,121.1,116.36,121.1,848079
2021-05-07,97.21487426757812,130.05,130.05,120.05,120.58,4428918
2021-05-10,99.57637023925781,133.21,136.37,124.26,128.47,5375311
2021-05-11,96.03411865234375,128.47,137.95,124.26,129.53,3812688
2021-05-12,86.98172760009766,116.36,134.79,115.84,130.05,4350539
2021-05-13,82.25873565673828,110.04,114.26,105.1,108.46,2129192
2021-05-14,80.29082489013672,107.41,112.68,105.31,111.62,1794467
2021-05-17,72.65532684326172,97.2,104.25,96.78,97.93,1617136
2021-05-18,79.89724731445312,106.89,106.89,99.62,99.94,1040225
2021-05-19,83.04590606689453,111.1,113.73,105.2,106.89,1559175
2021-05-20,76.98473358154297,102.99,110.04,102.99,108.46,2019194
2021-05-21,79.503662109375,106.36,106.89,104.25,106.36,931706
2021-05-24,81.47156524658203,108.99,110.57,103.41,105.83,989101
2021-05-25,85.40739440917969,114.26,115.84,110.57,110.57,1548682
2021-05-26,88.5560531616211,118.47,119.52,112.15,114.26,1019957
2021-05-27,85.80098724365234,114.78,117.94,113.73,117.94,859227
2021-05-28,86.19457244873047,115.31,119.0,114.26,115.84,938051
2021-05-31,84.6202392578125,113.2,117.42,113.2,115.84,1002095
2021-06-01,90.91754913330078,121.63,123.21,113.73,113.73,1254605
2021-06-02,89.73680114746094,120.05,125.31,117.42,121.63,1277225
2021-06-03,90.13038635253906,120.58,123.21,120.58,120.58,550097
2021-06-04,88.94964599609375,119.0,121.63,117.42,121.63,597762
2021-06-07,90.52397155761719,121.1,122.68,117.42,120.58,514374
2021-06-08,92.88546752929688,124.26,124.26,119.0,121.1,1095601
2021-06-09,97.60845947265625,130.58,132.16,123.21,124.26,3274973
2021-06-10,95.64054107666016,127.95,138.48,127.42,132.69,5479734
2021-06-11,98.00203704833984,131.11,133.21,129.0,130.05,1647326
2021-06-15,98.39561462402344,131.63,134.26,130.05,134.26,1028458
2021-06-16,100.75711059570312,134.79,135.84,131.11,132.69,1369275
2021-06-17,99.57637023925781,133.21,136.37,132.16,132.16,1196128
2021-06-18,98.39561462402344,131.63,135.84,131.63,134.79,896430
2021-06-21,98.39561462402344,131.63,132.69,127.42,131.11,915351
2021-06-22,101.54428100585938,135.84,141.11,132.16,133.74,3462764
2021-06-23,107.84159851074219,144.27,146.38,134.79,139.0,5728027
2021-06-24,106.26727294921875,142.16,150.59,140.58,145.32,4082443
2021-06-25,107.44802856445312,143.74,146.38,142.16,144.27,1961996
2021-06-28,105.08651733398438,140.58,149.01,140.06,144.27,2368085
2021-06-29,110.9902572631836,148.48,150.59,141.11,143.74,3031426
2021-06-30,109.02234649658203,145.85,150.06,141.64,145.85,2946235
2021-07-01,105.08651733398438,140.58,147.43,140.58,144.8,1298330
2021-07-02,107.84159851074219,144.27,144.27,141.11,142.16,1028681
2021-07-05,110.9902572631836,148.48,149.01,143.74,146.38,2070218
2021-07-06,107.44802856445312,143.74,149.01,143.74,149.01,1028566
2021-07-07,107.44802856445312,143.74,146.38,140.58,144.27,1299328
2021-07-08,103.90577697753906,139.0,145.32,137.95,144.8,2079100
2021-07-09,101.54428100585938,135.84,141.64,133.74,138.48,1538191
2021-07-12,103.11861419677734,137.95,139.0,133.74,136.37,984378
2021-07-13,101.54428100585938,135.84,141.11,131.11,141.11,1792618
2021-07-14,97.60845947265625,130.58,135.84,130.05,135.84,995825
2021-07-15,101.54428100585938,135.84,137.42,131.63,131.63,634025
2021-07-16,101.9378662109375,136.37,140.58,134.79,134.79,747583
2021-07-19,102.72502899169922,137.42,137.95,133.74,134.79,554600
2021-07-20,98.39561462402344,131.63,137.95,131.11,135.84,958743
2021-07-21,98.39561462402344,131.63,134.79,130.58,132.69,479055
2021-07-22,99.96995544433594,133.74,137.42,132.69,132.69,559577
2021-07-23,99.96995544433594,133.74,137.42,132.69,133.74,310643
2021-07-26,101.15070343017578,135.32,135.84,133.21,133.74,298238
2021-07-27,100.36353302001953,134.26,140.06,133.74,135.84,853255
2021-07-28,102.3314437866211,136.9,137.42,128.47,133.74,772407
2021-07-29,105.87368774414062,141.64,142.16,135.84,138.48,1145988
2021-07-30,101.15070343017578,135.32,144.8,135.32,141.64,1367780
2021-08-02,102.72502899169922,137.42,140.06,136.9,136.9,473232
2021-08-03,101.15070343017578,135.32,137.95,134.79,137.95,377227
2021-08-04,99.96995544433594,133.74,135.32,133.21,135.32,492059
2021-08-05,99.96995544433594,133.74,135.32,132.16,133.74,253005
2021-08-06,101.54428100585938,135.84,141.11,129.53,135.84,2879021
2021-08-09,96.82129669189453,129.53,135.84,129.53,135.84,788311
2021-08-10,97.60845947265625,130.58,132.16,125.84,131.63,523021
2021-08-11,93.279052734375,124.79,132.16,124.79,131.63,577148
2021-08-12,97.60845947265625,130.58,130.58,123.73,124.26,928787
2021-08-13,94.06621551513672,125.84,129.53,125.31,128.47,378032
2021-08-16,89.34323120117188,119.52,124.79,116.36,123.21,774141
2021-08-17,86.19457244873047,115.31,121.1,114.26,120.58,418351
2021-08-18,90.13038635253906,120.58,121.63,111.62,112.68,1381348
2021-08-19,87.0741195678711,112.68,117.94,108.46,116.36,1480171
2021-08-20,86.667236328125,112.15,114.78,110.57,113.73,608030
2021-08-23,90.3292236328125,116.89,119.52,114.78,114.78,847001
2021-08-24,89.51545715332031,115.84,118.47,114.78,117.42,298030
2021-08-25,95.21188354492188,123.21,126.37,114.26,114.26,1059125
2021-08-26,99.28076934814453,128.47,131.63,122.15,125.31,2203375
2021-08-27,97.6532211303711,126.37,129.0,124.26,127.95,1042485
2021-08-30,97.6532211303711,126.37,128.47,124.26,128.47,616225
2021-08-31,98.46699523925781,127.42,127.42,123.73,126.37,370434
2021-09-01,96.83944702148438,125.31,126.89,124.26,126.37,545756
2021-09-02,95.6187744140625,123.73,128.47,123.21,125.84,525478
2021-09-03,97.6532211303711,126.37,127.95,124.26,125.31,251300
2021-09-06,93.99121856689453,121.63,126.89,119.52,126.37,635182
2021-09-07,93.17744445800781,120.58,121.63,117.94,120.05,258198
2021-09-08,90.3292236328125,116.89,122.15,116.89,120.58,272036
2021-09-09,92.77056121826172,120.05,121.1,116.89,116.89,350026
2021-09-10,91.95677947998047,119.0,121.1,119.0,119.0,229265
2021-09-13,91.14300537109375,117.94,119.52,117.94,119.0,140015
2021-09-14,91.54988861083984,118.47,119.52,115.84,117.94,435427
2021-09-15,89.9223403930664,116.36,117.94,113.73,117.94,533282
2021-09-16,89.9223403930664,116.36,117.94,115.84,116.89,158006
2021-09-17,89.51545715332031,115.84,116.89,112.15,115.31,928535
2021-09-22,86.667236328125,112.15,113.73,111.1,111.62,360232
2021-09-23,87.0741195678711,112.68,115.31,111.62,112.68,692200
2021-09-24,87.48101043701172,113.2,114.26,112.15,114.26,246038
2021-09-27,87.0741195678711,112.68,113.73,112.15,113.73,131352
2021-09-28,83.41212463378906,107.94,111.62,105.83,111.62,740461
2021-09-29,85.44657135009766,110.57,111.62,105.31,105.31,905455
2021-09-30,85.03968048095703,110.04,111.1,107.41,110.57,460232
2021-10-01,81.377685546875,105.31,109.52,104.67,109.52,790400
2021-10-04,80.80803680419922,104.57,106.89,102.67,106.36,470298
2021-10-05,79.91287994384766,103.41,104.04,101.3,103.2,353001
2021-10-06,78.61084747314453,101.73,106.89,101.62,103.52,404001
2021-10-07,82.19145965576172,106.36,106.36,102.36,102.36,437028
2021-10-08,81.377685546875,105.31,108.46,104.57,105.83,223032
2021-10-12,78.36671447753906,101.41,104.04,101.09,104.04,510580
2021-10-13,75.84400177001953,98.14,101.41,96.99,101.41,933188
2021-10-14,75.84400177001953,98.14,98.46,95.3,98.14,939241
2021-10-15,77.2274169921875,99.94,100.04,97.72,98.46,494200
2021-10-18,79.01773071289062,102.25,102.25,98.99,99.94,375189
2021-10-19,81.78457641601562,105.83,106.89,102.25,102.25,433677
2021-10-20,83.00523376464844,107.41,109.52,105.83,105.83,452450
2021-10-21,85.03968048095703,110.04,112.15,108.46,108.46,513109
2021-10-22,85.03968048095703,110.04,112.68,107.94,111.1,466005
2021-10-25,85.44657135009766,110.57,112.15,109.52,110.04,271282
2021-10-26,85.03968048095703,110.04,111.62,107.94,111.1,473000
2021-10-27,84.6327896118164,109.52,111.62,108.99,110.04,180265
2021-10-28,85.44657135009766,110.57,113.73,109.52,109.52,391225
2021-10-29,84.22589874267578,108.99,111.1,107.41,110.57,417460
2021-11-01,84.22589874267578,108.99,110.57,107.41,108.99,452003
2021-11-02,82.59835052490234,106.89,110.04,106.89,109.52,363001
2021-11-03,83.41212463378906,107.94,108.46,105.83,107.41,292005
2021-11-04,83.00523376464844,107.41,108.99,106.89,108.46,224000
2021-11-05,84.6327896118164,109.52,112.15,109.52,110.57,540163
2021-11-08,83.41212463378906,107.94,110.57,106.89,110.57,377007
2021-11-09,81.377685546875,105.31,108.99,104.88,108.46,830459
2021-11-10,78.52946472167969,101.62,103.62,100.04,102.46,1125041
2021-11-11,78.36671447753906,101.41,102.99,100.99,101.09,528088
2021-11-12,78.36671447753906,101.41,101.83,100.67,101.62,282001
2021-11-15,80.7266616821289,104.46,105.83,101.41,101.41,654490
2021-11-16,81.377685546875,105.31,106.89,103.62,104.46,456221
2021-11-17,81.133544921875,104.99,105.83,103.83,105.31,196074
2021-11-18,80.7266616821289,104.46,105.31,104.46,105.31,297081
2021-11-19,79.99427032470703,103.52,104.88,103.41,104.25,223272
2021-11-22,80.15702056884766,103.73,105.31,103.52,104.15,355724
2021-11-23,80.23839569091797,103.83,104.57,103.52,104.25,199010
2021-11-24,78.69221496582031,101.83,104.46,100.88,103.83,726001
2021-11-25,78.69221496582031,101.83,101.94,101.41,101.73,189000
2021-11-26,77.8784408569336,100.78,101.41,100.36,101.3,402173
2021-11-29,76.82052612304688,99.41,100.25,97.93,100.04,567001
2021-11-30,76.90190887451172,99.51,100.57,99.09,99.41,284000
2021-12-01,78.1225814819336,101.09,101.51,99.41,99.83,384002
2021-12-02,77.14604949951172,99.83,101.09,99.51,100.99,412081
2021-12-03,77.9598159790039,100.88,101.3,99.83,100.25,377607
2021-12-06,77.30879974365234,100.04,101.73,99.3,100.04,231451
2021-12-07,77.06465911865234,99.72,100.57,99.41,100.04,287613
2021-12-08,77.2274169921875,99.94,101.73,99.41,101.73,276001
2021-12-09,77.30879974365234,100.04,100.25,99.62,100.15,250391
2021-12-10,77.06465911865234,99.72,100.46,99.41,100.15,162170
2021-12-13,76.82052612304688,99.41,101.09,99.3,99.83,295200
2021-12-14,75.68124389648438,97.93,100.04,97.83,100.04,428071
2021-12-15,77.9598159790039,100.88,101.62,98.14,98.14,378725
2021-12-16,77.71569061279297,100.57,101.51,100.36,101.09,191442
2021-12-17,77.30879974365234,100.04,101.3,99.94,100.67,134205
2021-12-20,76.90190887451172,99.51,100.15,98.99,99.83,74141
2021-12-21,76.41364288330078,98.88,99.72,98.04,99.72,507085
2021-12-22,76.4950180053711,98.99,99.41,98.57,98.99,177225
2021-12-23,77.39017486572266,100.15,101.41,99.2,99.2,210227
2021-12-24,79.18048858642578,102.46,103.09,100.25,101.3,590750
2021-12-27,79.26187133789062,102.57,104.04,102.04,102.15,295005
2021-12-28,81.377685546875,105.31,106.89,102.67,103.73,602450
2021-12-29,80.7266616821289,104.46,105.83,103.94,105.31,344430
2021-12-30,84.22589874267578,108.99,108.99,104.36,104.36,835450
2022-01-03,85.85345458984375,111.1,111.62,107.41,110.04,1113701
2022-01-04,86.667236328125,112.15,116.36,108.99,111.62,2468358
2022-01-05,88.7016830444336,114.78,116.36,112.15,114.26,1594645
2022-01-06,89.10857391357422,115.31,117.94,113.2,113.2,1351542
2022-01-07,89.10857391357422,115.31,117.94,113.2,116.89,1062315
2022-01-10,86.26034545898438,111.62,114.78,110.57,112.68,983015
2022-01-11,86.667236328125,112.15,114.26,110.57,111.62,676001
2022-01-12,85.85345458984375,111.1,112.68,108.99,112.68,616662
2022-01-13,85.85345458984375,111.1,115.31,110.57,110.57,824311
2022-01-14,85.44657135009766,110.57,113.2,107.41,112.68,602095
2022-01-17,86.26034545898438,111.62,111.62,108.99,108.99,242076
2022-01-18,89.10857391357422,115.31,116.89,111.62,111.62,1138224
2022-01-19,87.88789367675781,113.73,116.36,113.2,113.73,857233
2022-01-20,92.77056121826172,120.05,121.1,113.73,114.78,1869296
2022-01-21,89.10857391357422,115.31,120.58,114.78,116.89,1533212
2022-01-24,88.7016830444336,114.78,117.94,113.2,115.31,806301
2022-01-25,85.03968048095703,110.04,115.31,110.04,114.26,1086113
2022-01-26,84.22589874267578,108.99,113.2,108.46,108.46,544636
2022-02-07,88.29478454589844,114.26,114.78,110.57,112.15,612113
2022-02-08,96.83944702148438,125.31,125.31,113.73,114.26,4839860
2022-02-09,96.83944702148438,125.31,128.47,122.15,125.31,3241288
2022-02-10,98.06011199951172,126.89,129.53,121.63,126.89,2448552
2022-02-11,94.80500030517578,122.68,127.42,122.15,126.37,1489416
2022-02-14,91.14300537109375,117.94,121.63,117.42,121.1,1541253
2022-02-15,92.36367797851562,119.52,121.63,117.42,119.0,1522303
2022-02-16,96.02566528320312,124.26,126.37,119.52,120.05,1798162
2022-02-17,94.39810943603516,122.15,125.31,121.1,124.26,923081
2022-02-18,93.99121856689453,121.63,122.15,120.58,120.58,442107
2022-02-21,93.17744445800781,120.58,121.63,119.0,120.05,421245
2022-02-22,92.36367797851562,119.52,122.68,117.94,121.1,1087004
2022-02-23,96.83944702148438,125.31,128.47,121.1,121.1,2348605
2022-02-24,94.80500030517578,122.68,130.58,121.63,122.68,3382172
2022-02-25,99.28076934814453,128.47,131.63,123.73,124.79,4277356
2022-03-01,98.8738784790039,127.95,131.63,127.42,131.63,2427579
2022-03-02,99.68766021728516,129.0,132.16,127.95,128.47,2279514
2022-03-03,97.6532211303711,126.37,129.0,124.79,129.0,1276750
2022-03-04,95.21188354492188,123.21,125.84,121.63,124.26,1434438
2022-03-07,89.9223403930664,116.36,120.58,114.26,120.05,1947265
2022-03-08,88.29478454589844,114.26,117.42,110.04,113.73,1210273
2022-03-09,91.14300537109375,117.94,117.94,114.26,115.31,805022
2022-03-10,93.58433532714844,121.1,122.15,119.0,119.52,1116122
2022-03-11,92.36367797851562,119.52,121.1,119.0,120.05,421306
2022-03-14,93.17744445800781,120.58,122.15,119.0,121.1,450376
2022-03-15,90.73611450195312,117.42,120.58,116.89,120.58,416227
2022-03-16,88.29478454589844,114.26,119.52,112.15,119.52,946288
2022-03-17,90.3292236328125,116.89,119.52,115.31,117.42,677013
2022-03-18,91.14300537109375,117.94,118.47,115.31,116.89,396040
2022-03-21,91.95677947998047,119.0,120.58,117.94,118.47,426161
2022-03-22,94.39810943603516,122.15,122.15,117.94,119.0,559146
2022-03-23,93.17744445800781,120.58,122.68,119.52,122.68,593448
2022-03-24,90.3292236328125,116.89,119.52,115.84,119.52,1222125
2022-03-25,88.7016830444336,114.78,118.47,114.78,118.47,710147
2022-03-28,87.0741195678711,112.68,114.26,111.62,114.26,625136
2022-03-29,87.0741195678711,112.68,114.26,112.15,113.73,584453
2022-03-30,89.10857391357422,115.31,115.84,112.68,113.73,632026
2022-03-31,86.667236328125,112.15,115.84,112.15,114.26,635400
2022-04-01,89.9223403930664,116.36,116.89,111.1,112.15,1127538
2022-04-06,89.9223403930664,116.36,119.52,115.31,116.36,1992021
2022-04-07,89.9223403930664,116.36,119.0,115.84,116.36,1068020
2022-04-08,95.21188354492188,123.21,126.37,117.94,118.47,4196370
2022-04-11,95.21188354492188,123.21,124.79,120.58,122.68,2010496
2022-04-12,94.80500030517578,122.68,124.79,117.94,121.1,2915080
2022-04-13,92.36367797851562,119.52,122.15,118.47,121.1,1782936
2022-04-14,90.73611450195312,117.42,120.05,116.89,120.05,1392229
2022-04-15,87.88789367675781,113.73,117.42,112.68,117.42,1954200
2022-04-18,87.48101043701172,113.2,115.84,110.57,112.15,1163007
2022-04-19,87.88789367675781,113.73,115.31,113.73,114.26,414300
2022-04-20,88.29478454589844,114.26,115.31,113.2,114.26,365200
2022-04-21,89.10857391357422,115.31,116.36,113.73,115.31,584351
2022-04-22,88.7016830444336,114.78,115.31,113.73,113.73,277028
2022-04-25,83.81900787353516,108.46,113.2,107.94,113.2,1168152
2022-04-26,83.41212463378906,107.94,111.1,107.41,110.57,420106
2022-04-27,82.19145965576172,106.36,106.89,104.36,105.31,760044
2022-04-28,85.03968048095703,110.04,110.04,105.31,107.41,431448
2022-04-29,85.03968048095703,110.04,112.68,109.52,111.1,859101
2022-05-03,86.26034545898438,111.62,113.2,109.52,111.62,930155
2022-05-04,89.10857391357422,115.31,116.36,111.62,112.15,1729341
2022-05-05,88.29478454589844,114.26,116.89,113.73,115.84,1147109
2022-05-06,88.29478454589844,114.26,118.47,113.73,114.78,3561105
2022-05-09,84.6327896118164,109.52,113.73,109.52,113.73,1270001
2022-05-10,84.6327896118164,109.52,111.1,105.83,105.83,1099001
2022-05-11,83.81900787353516,108.46,110.57,106.89,108.46,757051
2022-05-12,81.377685546875,105.31,109.52,105.2,108.46,1057910
2022-05-13,81.377685546875,105.31,106.89,105.1,106.36,1103100
2022-05-16,81.78457641601562,105.83,109.52,105.31,106.89,963019
2022-05-17,83.41212463378906,107.94,107.94,106.36,106.36,365020
2022-05-18,83.41212463378906,107.94,110.57,107.41,108.99,532029
2022-05-19,83.81900787353516,108.46,108.46,105.31,106.36,538022
2022-05-20,89.10857391357422,115.31,119.0,108.99,108.99,4804672
2022-05-23,87.88789367675781,113.73,115.84,112.15,115.31,2617016
2022-05-24,85.85345458984375,111.1,115.31,111.1,113.73,1162681
2022-05-25,88.29478454589844,114.26,114.78,111.1,112.15,799126
2022-05-26,86.667236328125,112.15,116.36,112.15,114.78,738254
2022-05-27,93.58433532714844,121.1,122.15,113.73,113.73,5052663
2022-05-30,94.39810943603516,122.15,123.21,119.52,121.1,3387896
2022-05-31,94.80500030517578,122.68,123.21,121.63,122.15,1433034
2022-06-01,96.43256378173828,124.79,126.37,123.21,123.73,2258213
2022-06-02,97.6532211303711,126.37,133.74,122.68,125.31,10126404
2022-06-06,93.58433532714844,121.1,121.63,116.36,121.1,4496605
2022-06-07,102.53587341308594,132.69,133.21,131.11,132.69,13727527
2022-06-08,101.72209930419922,131.63,133.21,131.11,132.69,7573330
2022-06-09,102.12899017333984,132.16,133.21,131.63,132.16,3310140
2022-06-10,102.53587341308594,132.69,132.69,131.63,132.16,1801677
2022-06-13,102.12899017333984,132.16,132.69,131.63,132.16,1970616
2022-06-14,102.53587341308594,132.69,132.69,131.63,132.16,917509
2022-06-15,102.12899017333984,132.16,132.69,132.16,132.69,1117358
2022-06-16,101.31521606445312,131.11,132.69,130.05,132.16,2003692
2022-06-17,101.72209930419922,131.63,132.16,130.05,130.58,2187432
2022-06-20,100.90833282470703,130.58,131.63,130.58,131.63,1522574
2022-06-21,101.31521606445312,131.11,131.11,130.05,130.58,1170677
2022-06-22,100.90833282470703,130.58,131.63,130.58,131.11,1058230
2022-06-23,98.8738784790039,127.95,130.05,122.15,130.05,3151264
2022-06-24,99.68766021728516,129.0,129.53,126.89,127.42,835854
2022-06-27,101.31521606445312,131.11,131.11,129.0,129.0,768226
2022-06-28,101.31521606445312,131.11,131.63,130.58,130.58,533692
2022-06-29,101.72209930419922,131.63,131.63,130.05,130.58,556604
2022-06-30,100.5014419555664,130.05,131.63,130.05,131.63,564248
2022-07-01,99.28076934814453,128.47,130.58,126.89,130.58,984127
2022-07-04,98.8738784790039,127.95,129.0,124.79,128.47,1117450
2022-07-05,96.43256378173828,124.79,125.84,123.73,124.26,487515
2022-07-06,89.10857391357422,115.31,123.21,112.68,121.1,516173
2022-07-07,83.00523376464844,107.41,110.04,103.83,103.83,3464842
2022-07-08,86.26034545898438,111.62,112.68,106.89,108.99,1629401
2022-07-11,84.22589874267578,108.99,111.1,107.94,110.04,552023
2022-07-12,81.377685546875,105.31,108.99,103.94,108.99,960013
2022-07-13,85.44657135009766,110.57,111.1,106.89,107.94,1165391
2022-07-14,87.88789367675781,113.73,115.31,111.62,112.15,1459620
2022-07-15,87.48101043701172,113.2,114.78,112.68,113.73,684478
2022-07-18,89.9223403930664,116.36,116.89,113.2,113.73,668201
2022-07-19,91.95677947998047,119.0,120.05,115.31,115.31,837130
2022-07-20,93.58433532714844,121.1,123.21,119.0,121.63,1313117
2022-07-21,96.83944702148438,125.31,127.42,121.1,121.1,1479592
2022-07-22,96.02566528320312,124.26,126.89,124.26,126.37,805065
2022-07-25,97.246337890625,125.84,126.37,123.73,124.26,554303
2022-07-26,94.39810943603516,122.15,125.31,122.15,124.79,826082
2022-07-27,96.02566528320312,124.26,125.84,121.63,121.63,915088
2022-07-28,94.39810943603516,122.15,125.31,122.15,125.31,655001
2022-07-29,96.873291015625,119.52,120.05,116.89,117.94,414307
2022-08-01,97.72679138183594,120.58,121.1,119.52,120.05,264100
2022-08-02,96.446533203125,119.0,119.52,117.94,119.0,372002
2022-08-03,96.019775390625,118.47,119.52,118.47,119.0,224027
2022-08-04,95.16626739501953,117.42,118.47,114.78,118.47,466499
2022-08-05,97.72679138183594,120.58,121.1,119.0,119.0,362300
2022-08-08,97.72679138183594,120.58,121.1,119.0,119.0,194723
2022-08-09,97.72679138183594,120.58,121.63,119.52,119.52,355200
2022-08-10,99.0070571899414,122.15,122.15,119.52,119.52,256057
2022-08-11,98.5802993774414,121.63,123.21,121.63,122.68,191011
2022-08-12,97.30004119873047,120.05,122.15,119.52,122.15,322114
2022-08-15,98.5802993774414,121.63,122.68,120.05,121.1,206098
2022-08-16,99.0070571899414,122.15,122.68,121.1,121.1,304450
2022-08-17,101.14083862304688,124.79,125.31,122.15,122.15,839213
2022-08-18,99.0070571899414,122.15,124.79,122.15,124.79,388112
2022-08-19,99.4338150024414,122.68,123.73,122.15,122.15,205002
2022-08-22,98.15354919433594,121.1,122.68,121.1,121.63,130000
2022-08-23,96.019775390625,118.47,119.52,117.94,119.52,489016
2022-08-24,96.019775390625,118.47,119.52,118.47,118.47,237001
2022-08-25,96.446533203125,119.0,119.52,118.47,118.47,251661
2022-08-26,96.019775390625,118.47,120.05,118.47,119.52,225225
2022-08-29,94.31275939941406,116.36,116.36,114.78,115.84,450007
2022-08-30,94.73950958251953,116.89,117.42,115.31,115.84,262001
2022-08-31,96.446533203125,119.0,119.52,115.84,115.84,215000
2022-09-01,95.59302520751953,117.94,117.94,116.36,117.42,221084
2022-09-02,93.8860092163086,115.84,117.42,115.84,117.42,155294
2022-09-05,91.75223541259766,113.2,115.84,111.62,115.84,384103
2022-09-06,90.47196960449219,111.62,113.73,111.1,113.73,171192
2022-09-07,90.04521179199219,111.1,111.1,110.04,110.57,119002
2022-09-08,92.17898559570312,113.73,114.26,112.15,112.15,113148
2022-09-12,93.45925903320312,115.31,115.84,114.26,114.26,148401
2022-09-13,94.73950958251953,116.89,117.94,115.31,115.84,189101
2022-09-14,94.31275939941406,116.36,117.42,114.26,114.26,172001
2022-09-15,94.31275939941406,116.36,117.94,115.84,116.36,99002
2022-09-16,94.31275939941406,116.36,116.89,115.84,116.36,101310
2022-09-19,93.03250122070312,114.78,116.36,114.26,116.36,128100
2022-09-20,93.45925903320312,115.31,116.36,114.78,115.31,102002
2022-09-21,93.8860092163086,115.84,116.89,115.31,115.31,103053
2022-09-22,93.45925903320312,115.31,115.31,113.73,115.31,93002
2022-09-23,92.17898559570312,113.73,115.31,112.68,114.78,197255
2022-09-26,89.19170379638672,110.04,112.68,108.46,112.15,301197
2022-09-27,89.19170379638672,110.04,110.04,108.46,109.52,189294
2022-09-28,86.20442199707031,106.36,109.52,105.31,109.52,250015
2022-09-29,85.35091400146484,105.31,107.94,105.31,106.89,142624
2022-09-30,84.83882141113281,104.67,104.78,102.88,104.78,237000
2022-10-03,83.81459045410156,103.41,104.88,102.88,104.67,142000
2022-10-04,86.63117980957031,106.89,106.89,104.46,104.46,232045
2022-10-05,85.35091400146484,105.31,108.46,105.31,107.94,171199
2022-10-06,85.00950622558594,104.88,105.83,104.78,105.31,101000
2022-10-07,84.32670593261719,104.04,104.88,103.83,104.88,131001
2022-10-11,81.08336639404297,100.04,102.67,99.83,102.67,300150
2022-10-12,80.31521606445312,99.09,100.15,97.93,100.15,211004
2022-10-13,77.75467681884766,95.93,99.09,95.72,99.09,450101
2022-10-14,78.69354248046875,97.09,98.57,97.09,97.09,169037
2022-10-17,77.75467681884766,95.93,96.04,94.14,96.04,226001
2022-10-18,79.20565032958984,97.72,98.14,94.99,96.57,196001
2022-10-19,77.32792663574219,95.41,97.62,95.41,97.51,100300
2022-10-20,76.64512634277344,94.56,96.25,93.62,96.25,231035
2022-10-21,75.62090301513672,93.3,95.2,93.3,94.99,155260
2022-10-24,77.24256896972656,95.3,95.93,93.93,94.56,117001
2022-10-25,75.62090301513672,93.3,96.04,93.3,96.04,99002
2022-10-26,75.53556060791016,93.2,93.41,92.67,93.41,72001
2022-10-27,76.8158187866211,94.78,95.2,93.2,93.2,93001
2022-10-28,75.62090301513672,93.3,94.99,92.88,94.35,96000
2022-10-31,77.41327667236328,95.51,95.51,93.93,94.25,70101
2022-11-01,77.41327667236328,95.51,96.35,95.51,96.35,82000
2022-11-02,78.0960922241211,96.35,96.35,95.41,95.41,46017
2022-11-03,79.29100036621094,97.83,97.83,95.62,95.62,59020
2022-11-04,79.63240051269531,98.25,98.25,96.88,97.62,106123
2022-11-07,80.40055847167969,99.2,99.2,98.14,98.25,85146
2022-11-08,80.7419662475586,99.62,101.3,99.3,99.3,125000
2022-11-09,81.85153198242188,100.99,101.51,100.04,100.04,92454
2022-11-10,80.48591613769531,99.3,100.04,98.67,99.51,134017
2022-11-11,80.48591613769531,99.3,100.78,98.88,100.36,175016
2022-11-14,81.85153198242188,100.99,101.3,99.62,99.83,160001
2022-11-15,81.93688201904297,101.09,101.2,99.72,100.57,167008
2022-11-16,81.59546661376953,100.67,101.62,100.57,101.2,62000
2022-11-17,81.93688201904297,101.09,101.2,100.15,100.15,111000
2022-11-18,81.51012420654297,100.57,103.3,100.46,101.09,171000
2022-11-21,81.25407409667969,100.25,101.73,100.25,101.73,66240
2022-11-22,81.33942413330078,100.36,100.46,99.41,100.04,93002
2022-11-23,82.44898986816406,101.73,101.83,100.57,100.57,103005
2022-11-24,82.96109008789062,102.36,102.46,101.73,101.94,96062
2022-11-25,82.27828216552734,101.51,102.25,101.41,101.94,58000
2022-11-28,82.44898986816406,101.73,102.04,100.67,100.78,39002
2022-11-29,82.5343246459961,101.83,102.46,101.41,102.04,119001
2022-11-30,83.6438980102539,103.2,103.41,101.62,101.62,171025
2022-12-01,84.41204833984375,104.15,105.83,103.94,104.04,297017
2022-12-02,84.49740600585938,104.25,105.1,103.62,103.62,151866
2022-12-05,84.66810607910156,104.46,104.99,104.04,104.15,114518
2022-12-06,84.0706558227539,103.73,105.83,103.62,104.46,211195
2022-12-07,84.58274841308594,104.36,104.36,103.3,103.73,128001
2022-12-08,85.26557159423828,105.2,105.83,104.15,104.25,129100
2022-12-09,87.91143798828125,108.46,108.46,105.83,105.83,381354
2022-12-12,87.91143798828125,108.46,109.52,106.89,108.99,271151
2022-12-13,86.20442199707031,106.36,108.99,106.36,108.99,135300
2022-12-14,87.48468780517578,107.94,109.52,106.36,106.89,199049
2022-12-15,87.91143798828125,108.46,108.46,107.41,108.46,135011
2022-12-16,86.20442199707031,106.36,107.41,105.83,107.41,176034
2022-12-19,85.77767181396484,105.83,106.36,105.83,105.83,36007
2022-12-20,84.49740600585938,104.25,105.83,103.83,105.83,161083
2022-12-21,84.24134826660156,103.94,104.99,103.94,104.78,60100
2022-12-22,84.66810607910156,104.46,104.78,104.15,104.78,23001
2022-12-23,84.92415618896484,104.78,105.31,103.94,104.78,88008
2022-12-26,85.26557159423828,105.2,105.31,104.46,104.88,57226
2022-12-27,85.26557159423828,105.2,105.31,104.88,104.88,120001
2022-12-28,85.35091400146484,105.31,106.89,105.2,105.2,268013
2022-12-29,85.77767181396484,105.83,105.83,104.46,104.78,90697
2022-12-30,86.20442199707031,106.36,107.94,105.83,107.41,157000
2023-01-03,85.35091400146484,105.31,106.36,105.2,106.36,58017
2023-01-04,85.26557159423828,105.2,105.31,105.2,105.31,31334
2023-01-05,84.92415618896484,104.78,105.83,104.67,105.31,93003
2023-01-06,85.00950622558594,104.88,105.31,104.57,105.31,48001
2023-01-09,85.35091400146484,105.31,105.83,105.31,105.83,141103
2023-01-10,85.09485626220703,104.99,105.31,104.67,104.88,80001
2023-01-11,85.09485626220703,104.99,105.2,104.67,104.88,117100
2023-01-12,84.49740600585938,104.25,104.99,104.15,104.99,105006
2023-01-13,83.729248046875,103.3,104.25,103.3,104.25,114228
2023-01-16,83.6438980102539,103.2,103.83,103.2,103.41,54025
2023-01-17,84.0706558227539,103.73,103.73,103.2,103.2,39000
2023-01-30,84.92415618896484,104.78,104.99,104.04,104.25,93002
2023-01-31,85.77767181396484,105.83,106.36,104.99,105.1,102251
2023-02-01,87.48468780517578,107.94,107.94,106.36,106.89,150010
2023-02-02,89.19170379638672,110.04,110.04,107.41,108.46,174226
2023-02-03,87.91143798828125,108.46,110.04,107.94,109.52,104033
2023-02-06,86.63117980957031,106.89,107.41,106.36,107.41,103144
2023-02-07,86.63117980957031,106.89,107.41,106.36,106.89,67048
2023-02-08,87.05792999267578,107.41,107.94,107.41,107.41,53347
2023-02-09,87.48468780517578,107.94,108.99,107.94,107.94,73225
2023-02-10,86.20442199707031,106.36,108.99,106.36,107.94,138018
2023-02-13,86.20442199707031,106.36,107.41,106.36,106.36,61016
2023-02-14,87.05792999267578,107.41,107.94,106.89,107.41,72297
2023-02-15,86.63117980957031,106.89,107.94,106.89,107.41,53001
2023-02-16,87.91143798828125,108.46,108.99,107.41,107.41,139221
2023-02-17,90.04521179199219,111.1,111.62,108.46,108.46,186225
2023-02-20,89.61846160888672,110.57,112.68,110.57,112.15,191525
2023-02-21,90.89872741699219,112.15,112.68,110.57,111.62,183385
2023-02-22,90.04521179199219,111.1,111.62,109.52,111.1,116044
2023-02-23,89.61846160888672,110.57,111.62,109.52,111.62,146317
2023-02-24,88.33818817138672,108.99,110.57,108.99,110.57,121103
2023-03-01,89.19170379638672,110.04,110.04,108.99,108.99,52008
2023-03-02,90.04521179199219,111.1,111.62,109.52,110.57,130007
2023-03-03,91.32547760009766,112.68,113.2,111.1,111.1,195071
2023-03-06,94.31275939941406,116.36,116.89,112.68,112.68,365286
2023-03-07,95.59302520751953,117.94,117.94,116.36,116.89,263412
2023-03-08,94.73950958251953,116.89,117.42,116.36,116.89,132022
2023-03-09,93.45925903320312,115.31,116.89,115.31,116.89,105010
2023-03-10,91.75223541259766,113.2,115.31,112.68,114.26,193035
2023-03-13,92.17898559570312,113.73,114.78,111.1,113.2,177032
2023-03-14,92.60574340820312,114.26,114.78,112.68,112.68,90001
2023-03-15,93.03250122070312,114.78,115.84,114.26,115.84,91018
2023-03-16,90.04521179199219,111.1,114.26,111.1,113.2,220021
2023-03-17,90.47196960449219,111.62,112.68,111.62,112.15,63010
2023-03-20,90.89872741699219,112.15,112.15,111.1,111.62,37004
2023-03-21,92.17898559570312,113.73,114.26,112.68,113.2,117051
2023-03-22,94.31275939941406,116.36,116.36,114.78,114.78,164044
2023-03-23,92.60574340820312,114.26,115.84,114.26,115.84,133220
2023-03-24,92.17898559570312,113.73,114.78,112.68,114.26,142103
2023-03-27,90.47196960449219,111.62,113.73,111.1,113.2,150481
2023-03-28,90.04521179199219,111.1,112.68,110.57,112.68,100256
2023-03-29,89.61846160888672,110.57,111.62,110.04,111.62,39020
2023-03-30,90.89872741699219,112.15,112.15,111.1,111.62,74448
2023-03-31,98.15354919433594,121.1,123.21,113.73,113.73,2591819
2023-04-06,99.86056518554688,123.21,125.31,120.05,120.05,1834833
2023-04-07,102.84785461425781,126.89,127.42,121.1,122.68,1720207
2023-04-10,102.42109680175781,126.37,131.63,126.37,129.53,2177537
2023-04-11,102.84785461425781,126.89,127.42,124.26,125.31,731471
2023-04-12,104.55487060546875,129.0,132.69,128.47,129.0,3476654
2023-04-13,103.27460479736328,127.42,130.05,127.42,128.47,781075
2023-04-14,101.56758880615234,125.31,128.47,124.26,127.95,843325
2023-04-17,104.55487060546875,129.0,129.53,124.79,125.84,701310
2023-04-18,101.99434661865234,125.84,129.53,125.31,129.0,636145
2023-04-19,101.99434661865234,125.84,127.42,124.79,126.37,298050
2023-04-20,99.0070571899414,122.15,126.37,122.15,126.37,297098
2023-04-21,96.873291015625,119.52,124.26,117.94,122.68,814012
2023-04-24,98.15354919433594,121.1,121.63,119.0,119.52,198023
2023-04-25,96.446533203125,119.0,123.21,118.47,123.21,376010
2023-04-26,97.30004119873047,120.05,120.58,117.42,119.52,202027
2023-04-27,96.873291015625,119.52,120.58,118.47,119.52,94012
2023-04-28,98.5802993774414,121.63,121.63,119.52,121.1,269011
2023-05-02,103.70135498046875,127.95,129.53,123.21,123.73,1442461
2023-05-03,103.27460479736328,127.42,129.53,126.37,126.37,609050
2023-05-04,101.56758880615234,125.31,127.95,124.79,126.89,293773
2023-05-05,98.15354919433594,121.1,123.21,120.58,123.21,865033
2023-05-08,97.30004119873047,120.05,120.58,119.0,119.52,361692
2023-05-09,96.446533203125,119.0,120.58,118.47,119.52,241219
2023-05-10,95.59302520751953,117.94,118.47,116.89,118.47,212204
2023-05-11,93.03250122070312,114.78,119.0,113.2,118.47,548024
2023-05-12,93.45925903320312,115.31,116.36,113.73,115.84,181001
2023-05-15,92.17898559570312,113.73,115.31,112.68,114.26,168202
2023-05-16,93.03250122070312,114.78,115.31,113.73,114.26,140000
2023-05-17,94.31275939941406,116.36,116.36,113.73,114.78,223068
2023-05-18,95.16626739501953,117.42,118.47,116.36,116.89,163010
2023-05-19,94.31275939941406,116.36,118.47,115.84,117.94,172025
2023-05-22,95.16626739501953,117.42,117.42,115.84,117.42,101508
2023-05-23,95.16626739501953,117.42,117.94,116.36,116.89,88004
2023-05-24,96.019775390625,118.47,119.0,117.42,117.42,91941
2023-05-25,95.59302520751953,117.94,118.47,117.42,118.47,127010
2023-05-26,93.8860092163086,115.84,119.0,115.31,119.0,170011
2023-05-29,94.73950958251953,116.89,118.47,116.36,117.42,95551
2023-05-30,94.31275939941406,116.36,117.42,115.84,117.42,91226
2023-05-31,94.31275939941406,116.36,117.42,115.84,116.36,105026
2023-06-01,96.019775390625,118.47,118.47,115.84,116.36,151053
2023-06-02,94.73950958251953,116.89,119.52,116.89,119.52,172002
2023-06-05,94.31275939941406,116.36,118.47,115.31,118.47,169001
2023-06-06,93.45925903320312,115.31,116.89,114.78,116.89,129000
2023-06-07,93.45925903320312,115.31,116.36,114.78,115.84,135001
2023-06-08,92.60574340820312,114.26,115.31,113.73,115.31,135101
2023-06-09,93.03250122070312,114.78,115.31,114.26,114.78,123521
2023-06-12,93.45925903320312,115.31,115.84,114.78,115.31,138114
2023-06-13,94.73950958251953,116.89,118.47,115.84,115.84,231905
2023-06-14,94.73950958251953,116.89,117.94,116.36,117.42,139269
2023-06-15,94.31275939941406,116.36,117.94,115.84,117.42,122081
2023-06-16,94.73950958251953,116.89,117.94,116.36,116.36,117200
2023-06-19,94.31275939941406,116.36,117.42,116.36,117.42,208233
2023-06-20,93.45925903320312,115.31,116.89,115.31,116.36,96000
2023-06-21,93.8860092163086,115.84,116.36,114.78,115.84,104009
2023-06-26,93.03250122070312,114.78,116.89,114.26,116.89,85002
2023-06-27,92.60574340820312,114.26,115.84,114.26,114.78,129100
2023-06-28,93.8860092163086,115.84,115.84,114.26,115.31,87015
2023-06-29,93.03250122070312,114.78,116.36,114.78,115.84,95003
2023-06-30,93.8860092163086,115.84,116.36,114.78,115.31,66000
2023-07-03,95.16626739501953,117.42,117.42,115.84,116.36,123003
2023-07-04,94.31275939941406,116.36,117.94,116.36,117.42,139010
2023-07-05,94.73950958251953,116.89,117.42,116.36,116.36,112001
2023-07-06,93.8860092163086,115.84,117.42,115.84,117.42,80465
2023-07-07,93.03250122070312,114.78,116.36,114.26,115.31,122002
2023-07-10,95.16626739501953,117.42,117.42,114.78,114.78,167200
2023-07-11,95.16626739501953,117.42,117.94,117.42,117.42,123042
2023-07-12,94.31275939941406,116.36,117.94,116.36,117.42,114010
2023-07-13,94.31275939941406,116.36,117.42,115.84,116.89,172131
2023-07-14,95.59302520751953,117.94,117.94,116.89,116.89,94343
2023-07-17,98.15354919433594,121.1,122.15,117.94,117.94,487194
2023-07-18,96.873291015625,119.52,121.63,118.47,121.63,205102
2023-07-19,96.019775390625,118.47,120.05,118.47,119.52,128350
2023-07-20,96.873291015625,119.52,120.05,117.94,118.47,111247
2023-07-21,98.15354919433594,121.1,121.1,119.0,119.52,254460
2023-07-24,95.59302520751953,117.94,121.63,117.42,121.1,279053
2023-07-25,95.59302520751953,117.94,118.47,117.42,118.47,179002
2023-07-26,95.59302520751953,117.94,118.47,117.42,118.47,100100
2023-07-27,96.873291015625,119.52,119.52,117.94,117.94,154104
2023-07-28,96.873291015625,119.52,120.05,117.94,119.0,137353
2023-07-31,96.019775390625,118.47,120.58,117.42,120.58,335000
2023-08-01,95.59302520751953,117.94,119.52,116.89,119.52,324002
2023-08-02,94.73950958251953,116.89,118.47,115.84,118.47,482699
2023-08-04,94.28837585449219,110.04,111.1,108.46,109.52,225300
2023-08-07,94.73951721191406,110.57,111.62,109.52,110.57,196001
2023-08-08,94.28837585449219,110.04,111.62,108.99,111.1,135015
2023-08-09,93.83723449707031,109.52,111.1,108.99,110.04,120004
2023-08-10,92.48381042480469,107.94,109.52,107.41,109.52,156170
2023-08-11,91.58154296875,106.89,108.99,106.36,108.99,139023
2023-08-14,90.67925262451172,105.83,106.89,105.1,105.83,170016
2023-08-15,90.67925262451172,105.83,106.36,105.31,106.36,60000
2023-08-16,90.22811126708984,105.31,105.31,104.78,105.31,71000
2023-08-17,90.67925262451172,105.83,106.36,104.46,105.31,117501
2023-08-18,90.67925262451172,105.83,106.36,105.31,105.83,55089
2023-08-21,89.95742797851562,104.99,106.36,104.99,105.83,53000
2023-08-22,89.50628662109375,104.46,106.36,104.25,105.31,204041
2023-08-23,89.3258285522461,104.25,105.31,104.04,105.31,117002
2023-08-24,89.14537811279297,104.04,104.36,103.83,104.25,77709
2023-08-25,89.3258285522461,104.25,104.67,103.94,104.04,61147
2023-08-28,89.95742797851562,104.99,105.2,104.04,104.36,40098
2023-08-29,90.67925262451172,105.83,105.83,104.25,104.78,38033
2023-08-30,92.03266906738281,107.41,107.41,105.83,106.36,70159
2023-08-31,93.83723449707031,109.52,110.04,106.89,107.94,134153
2023-09-01,92.93495178222656,108.46,110.04,108.46,108.99,85001
2023-09-04,93.38609313964844,108.99,109.52,108.46,108.99,24011
2023-09-05,92.93495178222656,108.46,109.52,107.94,108.99,66128
2023-09-06,92.48381042480469,107.94,108.99,107.94,108.46,96005
2023-09-07,95.19065856933594,111.1,111.62,107.94,107.94,256406
2023-09-08,95.64179992675781,111.62,113.2,110.57,112.68,158002
2023-09-11,96.54408264160156,112.68,113.2,111.1,112.68,168000
2023-09-12,96.99522399902344,113.2,114.26,112.68,113.73,234550
2023-09-13,98.7997817993164,115.31,116.36,112.68,112.68,378025
2023-09-14,103.3111801147461,120.58,122.15,116.36,116.89,1865135
2023-09-15,106.01802825927734,123.73,126.37,120.05,121.1,1718107
2023-09-18,107.82260131835938,125.84,126.37,122.15,122.15,1058651
2023-09-19,101.95777130126953,119.0,127.42,115.84,126.89,1901344
2023-09-20,101.95777130126953,119.0,119.52,117.94,117.94,357593
2023-09-21,101.50662994384766,118.47,121.63,117.94,119.0,601012
2023-09-22,101.95777130126953,119.0,121.1,118.47,118.47,536154
2023-09-25,104.21346282958984,121.63,122.15,118.47,119.52,289527
2023-09-26,103.3111801147461,120.58,122.15,120.58,121.1,232786
2023-09-27,104.21346282958984,121.63,122.15,119.52,120.58,258007
2023-09-28,104.66461181640625,122.15,123.73,121.63,122.15,277102
2023-10-02,105.11575317382812,122.68,123.21,121.63,123.21,247051
2023-10-03,103.76232147216797,121.1,122.68,120.05,122.68,266251
2023-10-04,102.86005401611328,120.05,121.1,117.94,120.58,269507
2023-10-05,104.66461181640625,122.15,122.15,120.58,120.58,134100
2023-10-06,104.21346282958984,121.63,122.15,121.63,122.15,126250
2023-10-11,104.66461181640625,122.15,123.73,121.1,123.21,328000
2023-10-12,115.04084014892578,134.26,134.26,123.21,123.21,4377561
2023-10-13,122.25909423828125,142.69,147.43,136.37,136.37,8601514
2023-10-16,122.25909423828125,142.69,151.11,140.06,143.22,5596371
2023-10-17,125.41708374023438,146.38,151.64,141.64,144.8,5221861
2023-10-18,124.06365966796875,144.8,149.01,143.74,145.32,4108317
2023-10-19,127.67277526855469,149.01,149.01,139.0,141.64,4949419
2023-10-20,126.77050018310547,147.95,149.01,144.27,149.01,3088514
2023-10-23,121.80795288085938,142.16,147.95,142.16,146.9,1797882
2023-10-24,128.12391662597656,149.53,151.64,144.8,145.32,5251627
2023-10-25,130.83074951171875,152.69,153.75,147.43,149.01,4855167
2023-10-26,126.31936645507812,147.43,154.27,146.38,148.48,4548813
2023-10-27,123.161376953125,143.74,161.12,142.69,152.69,8499663
2023-10-30,124.5147933959961,145.32,146.38,141.64,142.69,3729150
2023-10-31,120.90567016601562,141.11,147.43,141.11,146.9,2575120
2023-11-01,123.161376953125,143.74,144.8,141.64,143.22,1491252
2023-11-02,124.06365966796875,144.8,147.43,143.74,146.9,1847258
2023-11-03,124.96593475341797,145.85,148.48,144.8,146.38,1619278
2023-11-06,124.5147933959961,145.32,146.9,142.16,145.85,1314111
2023-11-07,124.06365966796875,144.8,151.11,143.74,144.8,2720014
2023-11-08,127.22164916992188,148.48,148.48,144.27,145.85,1230451
2023-11-09,126.31936645507812,147.43,148.48,145.85,147.43,1124647
2023-11-10,123.61251068115234,144.27,150.06,144.27,147.43,1298102
2023-11-13,120.45452117919922,140.58,144.8,138.48,144.8,1333468
2023-11-14,122.25909423828125,142.69,143.22,139.53,140.58,515054
2023-11-15,122.25909423828125,142.69,145.32,142.16,143.74,530356
2023-11-16,127.22164916992188,148.48,149.01,143.74,144.27,1790946
2023-11-17,126.77050018310547,147.95,149.53,146.38,149.53,723141
2023-11-20,129.928466796875,151.64,152.17,147.43,148.48,1105453
2023-11-21,129.4773406982422,151.11,153.75,149.53,152.17,1099046
2023-11-22,134.8910369873047,157.43,160.59,151.11,151.11,2348198
2023-11-23,129.928466796875,151.64,161.64,150.59,157.96,1867370
2023-11-24,132.18417358398438,154.27,154.8,151.64,153.22,445078
2023-11-27,131.2819061279297,153.22,156.38,152.69,155.85,452056
2023-11-28,132.6353302001953,154.8,155.33,152.17,153.75,532210
2023-11-29,136.6956024169922,159.54,162.17,154.27,155.85,1496769
2023-11-30,134.4398956298828,156.91,160.59,156.91,160.59,511304
2023-12-01,135.3421630859375,157.96,158.49,155.33,156.91,308100
2023-12-04,132.6353302001953,154.8,160.59,153.75,159.01,615875
2023-12-05,133.08645629882812,155.33,155.85,152.69,154.8,530356
2023-12-06,132.6353302001953,154.8,157.96,154.27,155.85,430028
2023-12-07,128.12391662597656,149.53,162.17,148.48,157.43,2520491
2023-12-08,127.22164916992188,148.48,152.17,148.48,151.11,557060
2023-12-11,129.0261993408203,150.59,151.11,148.48,150.59,530559
2023-12-12,124.5147933959961,145.32,151.11,144.27,151.11,1181109
2023-12-13,125.41708374023438,146.38,146.38,144.27,145.32,543226
2023-12-14,124.96593475341797,145.85,147.95,144.8,146.9,450260
2023-12-15,124.06365966796875,144.8,146.38,144.27,145.85,339125
2023-12-18,121.35680389404297,141.64,145.85,141.64,145.85,609368
2023-12-19,123.61251068115234,144.27,144.27,139.53,141.64,462348
2023-12-20,125.41708374023438,146.38,146.38,144.27,144.8,471500
2023-12-21,124.5147933959961,145.32,145.85,144.27,144.27,158006
2023-12-22,123.161376953125,143.74,145.85,143.22,145.85,262043
2023-12-25,123.161376953125,143.74,144.8,143.22,144.27,142127
2023-12-26,124.96593475341797,145.85,146.38,143.74,143.74,219002
2023-12-27,124.06365966796875,144.8,146.38,144.27,145.85,227675
2023-12-28,124.5147933959961,145.32,145.85,144.27,144.8,114379
2023-12-29,125.41708374023438,146.38,146.9,144.27,145.32,246106
2024-01-02,124.06365966796875,144.8,146.38,144.27,146.38,193010
2024-01-03,124.96593475341797,145.85,146.9,144.27,144.8,245000
2024-01-04,128.12391662597656,149.53,152.17,145.85,145.85,1067302
2024-01-05,124.5147933959961,145.32,151.11,145.32,151.11,414095
2024-01-08,122.25909423828125,142.69,147.43,142.69,146.38,352036
2024-01-09,120.00337982177734,140.06,143.22,139.53,141.11,382000
2024-01-10,118.64997100830078,138.48,140.06,137.95,140.06,180456
2024-01-11,119.10111236572266,139.0,140.58,137.95,137.95,143020
2024-01-12,118.1988296508789,137.95,139.53,137.42,139.53,158061
2024-01-15,119.10111236572266,139.0,140.06,137.95,137.95,82367
2024-01-16,115.94312286376953,135.32,138.48,134.26,137.95,546015
2024-01-17,113.68742370605469,132.69,135.32,132.69,134.79,273225
2024-01-18,112.78514099121094,131.63,134.26,131.63,134.26,353294
2024-01-19,114.13855743408203,133.21,134.79,132.69,133.21,197001
2024-01-22,114.13855743408203,133.21,135.84,133.21,135.32,148002
2024-01-23,113.23628234863281,132.16,134.79,132.16,134.79,132100
2024-01-24,114.13855743408203,133.21,134.26,131.63,132.16,124000
2024-01-25,113.68742370605469,132.69,133.74,132.16,133.74,144000
2024-01-26,113.68742370605469,132.69,133.74,132.16,132.69,149808
2024-01-29,116.3942642211914,135.84,136.9,132.69,132.69,331254
2024-01-30,115.04084014892578,134.26,137.42,133.74,137.42,246005
2024-01-31,114.13855743408203,133.21,134.26,133.21,133.21,113000
2024-02-01,115.49198150634766,134.79,136.9,133.21,134.26,302001
2024-02-02,114.13855743408203,133.21,136.37,131.63,135.32,381015
2024-02-05,113.68742370605469,132.69,133.74,132.16,133.21,181226
2024-02-15,124.96593475341797,145.85,145.85,137.95,141.64,929226
2024-02-16,123.161376953125,143.74,149.01,142.16,149.01,730819
2024-02-19,127.22164916992188,148.48,151.11,143.74,143.74,812148
2024-02-20,126.31936645507812,147.43,149.01,146.38,148.48,494061
2024-02-21,124.96593475341797,145.85,149.01,145.32,147.95,310898
2024-02-22,124.5147933959961,145.32,147.43,145.32,146.9,212004
2024-02-23,123.161376953125,143.74,146.9,142.69,145.32,669222
2024-02-26,129.0261993408203,150.59,151.64,144.27,144.27,970552
2024-02-27,126.77050018310547,147.95,151.64,146.38,150.06,324352
2024-02-29,129.4773406982422,151.11,152.17,147.95,147.95,599457
2024-03-01,127.22164916992188,148.48,151.11,148.48,150.59,390864
2024-03-04,129.0261993408203,150.59,155.85,149.53,150.59,567136
2024-03-05,129.928466796875,151.64,152.69,149.01,150.59,369011
2024-03-06,129.928466796875,151.64,154.27,150.59,151.64,579297
2024-03-07,129.4773406982422,151.11,153.22,149.53,152.17,483719
2024-03-08,124.96593475341797,145.85,151.64,144.27,151.64,836819
2024-03-11,121.35680389404297,141.64,145.85,141.64,144.27,300520
2024-03-12,121.80795288085938,142.16,143.74,140.06,141.64,267131
2024-03-13,120.90567016601562,141.11,146.38,141.11,144.8,403564
2024-03-14,120.90567016601562,141.11,143.22,140.58,142.16,152034
2024-03-15,120.00337982177734,140.06,142.69,139.53,141.11,203032
2024-03-18,120.45452117919922,140.58,142.69,139.53,142.69,102007
2024-03-19,121.35680389404297,141.64,142.16,140.06,140.06,111216
2024-03-20,124.06365966796875,144.8,145.32,141.64,141.64,386231
2024-03-21,121.80795288085938,142.16,145.32,141.64,145.32,371213
2024-03-22,120.45452117919922,140.58,143.22,140.06,142.16,286439
2024-03-25,121.35680389404297,141.64,143.74,140.58,140.58,123200
2024-03-26,118.1988296508789,137.95,142.16,136.9,141.64,332028
2024-03-27,118.64997100830078,138.48,140.58,137.42,137.42,177002
2024-03-28,116.3942642211914,135.84,139.0,135.32,138.48,393014
2024-03-29,117.74768829345703,137.42,137.42,136.37,136.9,99000
2024-04-01,119.55224609375,139.53,139.53,137.95,137.95,88046
2024-04-02,120.90567016601562,141.11,141.11,139.0,139.53,146019
2024-04-03,120.00337982177734,140.06,140.58,139.0,140.58,117097
2024-04-08,122.7102279663086,143.22,143.74,139.53,139.53,265146
2024-04-09,120.45452117919922,140.58,143.22,140.06,142.69,191012
2024-04-10,121.35680389404297,141.64,142.69,141.11,141.11,147002
2024-04-11,120.45452117919922,140.58,142.16,140.06,140.06,128010
2024-04-12,120.45452117919922,140.58,141.64,140.06,140.58,120003
2024-04-15,117.74768829345703,137.42,140.58,137.42,139.53,162164
2024-04-16,115.49198150634766,134.79,137.95,133.74,136.9,376000
2024-04-17,117.29654693603516,136.9,137.42,135.84,135.84,84250
2024-04-18,116.3942642211914,135.84,137.42,135.32,136.9,98129
2024-04-19,113.23628234863281,132.16,135.84,130.58,133.74,337003
2024-04-22,112.33399963378906,131.11,132.69,130.05,130.58,163569
2024-04-23,113.23628234863281,132.16,133.21,131.11,131.11,93254
2024-04-24,115.04084014892578,134.26,134.26,133.21,133.21,121203
2024-04-25,112.78514099121094,131.63,134.26,131.63,134.26,91013
2024-04-26,112.78514099121094,131.63,132.69,131.63,132.69,99020
2024-04-29,114.5896987915039,133.74,134.79,131.63,131.63,166020
2024-04-30,118.64997100830078,138.48,139.53,134.26,135.84,265100
2024-05-02,118.1988296508789,137.95,139.0,137.42,138.48,102000
2024-05-03,120.00337982177734,140.06,140.58,138.48,138.48,191029
2024-05-06,122.25909423828125,142.69,143.22,140.06,141.11,283014
2024-05-07,124.06365966796875,144.8,146.38,141.64,143.74,465098
2024-05-08,123.161376953125,143.74,144.8,143.22,144.8,115014
2024-05-09,121.35680389404297,141.64,144.27,141.64,143.74,129063
2024-05-10,120.90567016601562,141.11,142.16,140.06,141.64,108005
2024-05-13,121.80795288085938,142.16,142.16,137.95,141.64,231003
2024-05-14,121.80795288085938,142.16,143.22,141.64,143.22,102014
2024-05-15,121.35680389404297,141.64,143.74,141.11,143.74,100028
2024-05-16,120.45452117919922,140.58,143.22,140.06,143.22,145001
2024-05-17,121.35680389404297,141.64,142.16,140.58,141.11,80003
2024-05-20,120.45452117919922,140.58,143.22,139.53,143.22,133001
2024-05-21,120.45452117919922,140.58,141.64,140.58,140.58,45004
2024-05-22,120.90567016601562,141.11,141.64,140.06,141.64,76023
2024-05-23,119.55224609375,139.53,140.58,139.0,140.58,193004
2024-05-24,119.55224609375,139.53,140.06,139.0,139.0,96076
2024-05-27,120.00337982177734,140.06,140.58,137.95,140.58,177011
2024-05-28,120.90567016601562,141.11,141.11,139.53,140.06,130030
2024-05-29,119.55224609375,139.53,141.64,139.53,141.64,132054
2024-05-30,118.64997100830078,138.48,139.53,138.48,139.0,81014
2024-05-31,118.64997100830078,138.48,140.58,137.95,139.0,89154
2024-06-03,119.10111236572266,139.0,140.58,138.48,140.58,94001
2024-06-04,119.10111236572266,139.0,140.06,139.0,139.0,93003
2024-06-05,118.1988296508789,137.95,140.06,137.95,140.06,144001
2024-06-06,118.1988296508789,137.95,139.0,135.32,138.48,584012
2024-06-07,122.7102279663086,143.22,143.74,139.53,139.53,445510
2024-06-11,121.35680389404297,141.64,144.27,140.58,143.22,237002
2024-06-12,120.00337982177734,140.06,142.16,139.53,142.16,128100
2024-06-13,120.00337982177734,140.06,141.11,140.06,140.58,82002
2024-06-14,120.90567016601562,141.11,143.22,140.06,143.22,109805
2024-06-17,123.161376953125,143.74,144.27,141.11,142.16,364061
2024-06-18,124.5147933959961,145.32,145.85,143.22,144.27,273300
2024-06-19,124.06365966796875,144.8,145.85,143.22,145.32,336002
2024-06-20,125.86821746826172,146.9,150.06,145.32,145.85,773007
2024-06-21,125.41708374023438,146.38,147.43,145.85,147.43,227100
2024-06-24,126.77050018310547,147.95,149.53,145.85,147.43,370125
2024-06-25,125.86821746826172,146.9,149.53,146.9,149.53,254201
2024-06-26,125.86821746826172,146.9,149.01,146.9,147.95,260387
2024-06-27,127.22164916992188,148.48,149.53,147.95,147.95,227021
2024-06-28,129.4773406982422,151.11,151.64,148.48,148.48,402340
2024-07-01,128.12391662597656,149.53,152.17,149.53,152.17,220465
2024-07-02,126.77050018310547,147.95,149.53,147.95,149.53,211235
2024-07-03,126.77050018310547,147.95,149.53,147.43,149.01,192145
2024-07-04,127.67277526855469,149.01,149.53,147.95,148.48,140050
2024-07-05,129.0261993408203,150.59,150.59,149.01,149.53,181697
2024-07-08,128.57505798339844,150.06,152.17,149.53,150.59,167000
2024-07-09,126.77050018310547,147.95,151.11,145.85,151.11,282103
2024-07-10,126.77050018310547,147.95,148.48,146.38,146.38,148045
2024-07-11,127.22164916992188,148.48,149.53,148.48,148.48,149623
2024-07-12,126.77050018310547,147.95,149.01,147.43,147.43,89051
2024-07-15,124.5147933959961,145.32,147.95,144.27,147.95,503276
2024-07-16,123.61251068115234,144.27,147.43,144.27,146.38,542500
2024-07-17,123.61251068115234,144.27,146.38,143.74,145.32,394001
2024-07-18,121.80795288085938,142.16,144.27,142.16,144.27,235000
2024-07-19,120.45452117919922,140.58,143.22,140.58,143.22,200170
2024-07-22,119.10111236572266,139.0,140.58,136.9,140.58,259873
2024-07-23,120.90567016601562,141.11,141.64,139.0,139.0,112080
2024-07-26,118.1988296508789,137.95,139.0,136.9,137.95,232050
2024-07-29,115.49198150634766,134.79,140.06,134.79,139.53,360193
2024-07-30,118.64997100830078,138.48,138.48,134.79,134.79,250202
2024-07-31,117.9918441772461,132.16,133.74,131.63,133.74,215001
2024-08-01,120.34227752685547,134.79,135.32,133.21,133.74,152226
2024-08-02,118.46192932128906,132.69,134.26,132.16,133.74,173014
2024-08-05,106.70975494384766,119.52,124.79,119.52,123.73,667441
2024-08-06,106.70975494384766,119.52,122.15,115.84,121.63,484001
2024-08-07,115.17131805419922,129.0,129.53,120.05,120.05,306035
2024-08-08,119.8721923828125,134.26,138.48,134.26,138.48,686175
2024-08-09,121.7525405883789,136.37,138.48,134.79,136.9,301110
2024-08-12,129.27394104003906,144.8,146.38,135.84,136.9,786215
2024-08-13,128.33377075195312,143.74,146.38,141.64,146.38,657203
2024-08-14,128.33377075195312,143.74,144.8,142.16,144.27,263210
2024-08-15,129.27394104003906,144.8,145.32,142.16,144.8,201009
2024-08-16,127.8636703491211,143.22,148.48,143.22,146.9,668025
2024-08-19,128.80384826660156,144.27,146.38,141.11,143.74,458360
2024-08-20,141.49620056152344,158.49,158.49,144.8,145.85,2371683
2024-08-21,138.20559692382812,154.8,159.01,152.69,156.91,1068641
2024-08-22,132.56454467773438,148.48,154.27,148.48,153.75,866166
2024-08-23,133.5047149658203,149.53,150.59,147.43,147.43,316419
2024-08-26,130.214111328125,145.85,151.11,145.85,151.11,386655
2024-08-27,132.56454467773438,148.48,148.48,145.85,145.85,223040
2024-08-28,135.3850555419922,151.64,154.27,148.48,148.48,456035
2024-08-29,136.32522583007812,152.69,153.75,149.53,150.06,462226
2024-08-30,149.957763671875,167.96,167.96,156.38,156.38,2687697
2024-09-02,156.0688934326172,174.81,181.13,167.44,170.6,4950790
2024-09-03,165.9407196044922,185.86,189.55,174.81,176.39,4968539
2024-09-04,153.2483673095703,171.65,182.71,171.65,175.86,3033220
2024-09-05,152.7782745361328,171.12,176.39,169.02,173.75,2524427
2024-09-06,158.41932678222656,177.44,181.65,172.7,174.28,5430746
2024-09-09,156.0688934326172,174.81,179.55,172.17,173.75,1907437
2024-09-10,140.5560302734375,157.43,166.38,157.43,165.33,5485509
2024-09-11,150.89793395996094,169.02,172.7,159.01,159.01,6183785
2024-09-12,150.42784118652344,168.49,173.75,167.96,171.12,5033103
2024-09-13,159.82958984375,179.02,181.65,166.38,169.54,4086020
2024-09-16,157.47915649414062,176.39,184.29,175.33,180.6,3638035
2024-09-18,157.94924926757812,176.91,183.23,175.33,180.07,3995438
2024-09-19,165.47064208984375,185.34,185.34,176.91,177.97,3737135
2024-09-20,160.76976013183594,180.07,189.55,179.55,189.55,2687710
2024-09-23,160.29966735839844,179.55,182.71,178.49,182.18,1211155
2024-09-24,157.47915649414062,176.39,181.65,175.86,181.13,763600
2024-09-25,163.12020874023438,178.88,179.91,173.21,174.75,1877258
2024-09-26,159.82958984375,175.27,182.49,174.24,180.42,1206038
2024-09-27,159.82958984375,175.27,177.85,174.24,175.27,797786
2024-09-30,156.5389862060547,171.66,175.78,170.63,175.27,635992
2024-10-01,152.7782745361328,167.54,173.72,165.99,171.66,1417519
2024-10-04,151.83810424804688,166.51,168.05,165.99,167.54,496336
2024-10-07,150.89793395996094,165.47,168.57,164.96,168.05,592223
2024-10-08,149.957763671875,164.44,165.47,162.9,165.47,357515
2024-10-09,145.72698974609375,159.8,165.99,158.77,164.96,777612
2024-10-11,146.6671600341797,160.84,163.41,160.84,161.87,352171
2024-10-14,144.31671142578125,158.26,161.35,155.68,160.84,542830
2024-10-15,145.72698974609375,159.8,160.84,158.26,159.8,359350
2024-10-16,144.78680419921875,158.77,160.32,156.71,158.26,206201
2024-10-17,147.60733032226562,161.87,163.41,157.74,158.77,330060
2024-10-18,143.3765411376953,157.23,162.9,156.71,162.9,331273
2024-10-21,144.78680419921875,158.77,158.77,157.74,157.74,157103
2024-10-22,149.01759338378906,163.41,163.93,158.77,158.77,511204
2024-10-23,150.89793395996094,165.47,166.51,161.35,163.93,935393
2024-10-24,149.4876708984375,163.93,168.05,161.87,166.51,1265271
2024-10-25,158.41932678222656,173.72,176.3,164.96,165.99,3771595
2024-10-28,161.23985290527344,176.82,179.39,170.11,175.27,2359166
2024-10-29,155.12872314453125,170.11,177.85,170.11,175.27,1449120
2024-10-30,151.36802673339844,165.99,172.18,165.99,172.18,647140
2024-11-01,150.89793395996094,165.47,167.54,162.9,162.9,454020
2024-11-04,147.1372528076172,161.35,165.47,161.35,165.47,371052
2024-11-05,146.6671600341797,160.84,166.51,158.26,158.77,444103
2024-11-06,148.54750061035156,162.9,164.44,160.84,160.84,291005
2024-11-07,152.30819702148438,167.02,168.05,163.93,163.93,381131
2024-11-08,150.42784118652344,164.96,172.69,164.96,171.15,713001
2024-11-11,150.89793395996094,165.47,168.57,164.44,164.44,271000
2024-11-12,154.6586456298828,169.6,171.15,161.35,165.47,959560
2024-11-13,153.71844482421875,168.57,173.21,168.05,169.6,927201
2024-11-14,150.42784118652344,164.96,170.63,164.96,169.08,381210
2024-11-15,147.60733032226562,161.87,167.02,161.87,164.44,499232
2024-11-18,141.49620056152344,155.17,162.38,155.17,162.38,707033
2024-11-19,143.3765411376953,157.23,158.26,155.17,155.17,266226
2024-11-20,153.2483673095703,168.05,168.05,168.05,168.05,1267028
2024-11-21,168.29115295410156,184.55,184.55,173.21,177.33,6463953
2024-11-22,184.74420166015625,202.59,202.59,189.19,189.7,5947346
2024-11-25,185.21429443359375,203.11,211.35,199.5,208.26,7861175
2024-11-26,181.45359802246094,198.98,204.65,193.83,203.11,3091451
2024-11-27,167.35098266601562,183.52,200.53,183.0,200.01,3982623
2024-11-28,166.4108123779297,182.49,187.64,177.85,184.55,2201539
2024-11-29,164.0603790283203,179.91,187.13,178.36,182.49,1832240
2024-12-02,165.00054931640625,180.94,184.55,179.91,183.52,965020
2024-12-03,167.82107543945312,184.03,191.77,182.49,185.06,2589084
2024-12-04,168.29115295410156,184.55,186.09,181.46,184.55,1008033
2024-12-05,173.4621124267578,190.22,197.95,185.06,186.61,2963008
2024-12-06,167.35098266601562,183.52,189.19,183.0,189.19,1089130
2024-12-09,167.82107543945312,184.03,185.06,181.97,183.0,555343
2024-12-10,162.6501007080078,178.36,185.58,177.33,184.55,1063886
2024-12-11,166.4108123779297,182.49,185.06,177.33,179.39,675258
2024-12-12,166.4108123779297,182.49,187.64,181.97,184.55,706218
2024-12-13,169.701416015625,186.09,186.61,182.49,184.55,881161
2024-12-16,166.88088989257812,183.0,188.16,178.36,187.13,1236609
2024-12-17,179.1031494140625,196.4,198.47,183.52,183.52,3145808
2024-12-18,196.96646118164062,215.99,215.99,194.86,198.98,7178054
2024-12-19,205.4280242919922,225.27,234.04,209.29,209.29,14902652
2024-12-20,207.3083953857422,227.33,236.1,224.24,224.76,8868859
2024-12-23,214.82977294921875,235.58,241.25,227.85,230.43,5609529
2024-12-24,235.9836883544922,258.78,258.78,232.49,237.13,5819589
2024-12-25,249.1461181640625,273.21,274.76,259.3,274.76,12251488
2024-12-26,244.4452667236328,268.06,278.37,261.36,270.64,8712808
2024-12-27,248.67604064941406,272.7,278.37,259.3,273.21,9715506
2024-12-30,251.49658203125,275.79,293.83,265.48,270.12,10119509
2024-12-31,265.59918212890625,291.26,297.44,273.73,274.76,12718403
2025-01-02,257.6076965332031,282.49,294.35,279.92,291.77,6102152
2025-01-03,254.7871856689453,279.4,294.87,264.97,284.56,7277198
2025-01-06,253.8470001220703,278.37,283.01,269.61,281.46,4671894
2025-01-07,248.20594787597656,272.18,286.62,270.12,280.43,4990982
2025-01-08,240.21446228027344,263.42,274.76,262.9,272.18,3057681
2025-01-09,230.81272888183594,253.11,269.61,251.05,263.42,4546063
2025-01-10,220.47080993652344,241.77,255.17,240.22,250.02,2956841
2025-01-13,216.2400360107422,237.13,245.38,231.46,240.22,3462888
2025-01-14,219.06056213378906,240.22,244.35,234.04,240.74,1739274
2025-01-15,211.06907653808594,231.46,245.38,230.94,238.68,2391508
2025-01-16,213.4195098876953,234.04,241.25,234.04,235.58,1629630
2025-01-17,206.83828735351562,226.82,238.68,224.76,235.58,1353499
2025-01-20,210.5989990234375,230.94,231.97,225.79,226.82,894976
2025-01-21,210.5989990234375,230.94,235.07,225.27,228.88,1431276
2025-01-22,209.6588134765625,229.91,234.04,225.79,231.97,1076138
2025-02-03,202.13742065429688,221.66,225.27,212.9,215.48,1096441
2025-02-04,200.257080078125,219.6,224.24,215.99,223.73,1098070
2025-02-05,211.53916931152344,231.97,236.61,218.06,219.6,3236404
2025-02-06,212.9494171142578,233.52,242.28,229.91,236.1,3334533
2025-02-07,228.46229553222656,250.53,255.69,233.01,239.19,5123795
2025-02-10,222.8212432861328,244.35,260.84,244.35,247.95,5098480
2025-02-11,226.5819549560547,248.47,253.63,241.77,248.99,4409666
2025-02-12,222.8212432861328,244.35,255.69,242.8,251.05,4132835
2025-02-13,215.76995849609375,236.61,246.41,236.61,244.86,2057031
2025-02-14,211.53916931152344,231.97,240.22,231.97,237.13,1639943
2025-02-17,221.41099548339844,242.8,244.86,231.97,233.01,2951746
2025-02-18,224.23150634765625,245.89,248.47,239.19,242.8,1607260
2025-02-19,225.64178466796875,247.44,258.78,243.32,247.44,5063093
2025-02-20,223.76141357421875,245.38,253.63,245.38,249.5,3181568
2025-02-21,226.1118621826172,247.95,252.08,241.25,246.41,2238430
2025-02-24,218.59046936035156,239.71,245.89,239.71,244.35,1451538
2025-02-25,209.18873596191406,229.4,239.19,227.85,238.16,2132933
2025-02-26,209.6588134765625,229.91,233.52,226.82,226.82,815225
2025-02-27,204.48785400390625,224.24,234.55,223.21,233.01,1320212
2025-03-03,203.5476837158203,223.21,223.73,217.54,221.15,599260
2025-03-04,209.18873596191406,229.4,231.46,219.6,220.12,1226229
2025-03-05,209.6588134765625,229.91,235.07,228.88,233.01,1199166
2025-03-06,202.13742065429688,221.66,236.1,221.66,234.04,2076232
2025-03-07,196.0262908935547,214.96,223.73,214.96,219.6,950101
2025-03-10,202.13742065429688,221.66,222.7,214.96,217.02,914190
2025-03-11,195.5561981201172,214.45,215.48,207.75,212.9,998387
2025-03-12,200.7271728515625,220.12,220.63,215.48,216.51,735177
2025-03-13,197.43655395507812,216.51,226.82,215.48,224.24,929692
2025-03-14,199.7869873046875,219.09,221.66,214.45,221.66,496055
2025-03-17,196.0262908935547,214.96,221.66,214.96,221.15,467789
2025-03-18,197.90663146972656,217.02,218.06,214.45,217.54,313150
2025-03-19,191.32542419433594,209.81,217.02,207.75,215.48,706291
2025-03-20,194.61602783203125,213.42,215.48,210.32,213.42,374217
2025-03-21,190.38525390625,208.78,213.42,208.26,213.42,298087
2025-03-24,184.2741241455078,202.08,212.9,202.08,212.9,773505
2025-03-25,186.62454223632812,204.65,207.23,202.08,205.17,477321
2025-03-26,186.62454223632812,204.65,209.81,204.14,205.17,366614
2025-03-27,179.5732421875,196.92,203.62,195.37,203.62,655459
2025-03-28,173.9322052001953,190.73,194.86,187.64,193.83,1009183
2025-03-31,166.4108123779297,182.49,189.7,180.42,181.46,841677
2025-04-01,169.2313232421875,185.58,186.61,182.49,183.52,375192
2025-04-02,170.17149353027344,186.61,187.13,181.97,184.03,341216
2025-04-07,153.2483673095703,168.05,168.05,168.05,168.05,35111
2025-04-08,138.20559692382812,151.56,151.56,151.56,151.56,250832
2025-04-09,124.57305908203125,136.61,144.34,136.61,139.7,1539110
2025-04-10,136.7953338623047,150.01,150.01,150.01,150.01,187550
2025-04-11,136.32522583007812,149.49,150.53,137.12,145.37,797046
2025-04-14,137.2654266357422,150.53,157.23,147.95,151.04,967150
2025-04-15,146.1970672607422,160.32,161.35,154.13,154.65,1004281
2025-04-16,141.02610778808594,154.65,158.77,154.13,158.26,666102
2025-04-17,141.49620056152344,155.17,157.23,151.56,154.65,430201
2025-04-18,151.36802673339844,165.99,169.6,158.26,158.77,2418453
2025-04-21,143.3765411376953,157.23,170.11,157.23,169.08,2919001
2025-04-22,140.5560302734375,154.13,161.35,153.1,155.17,1195136
2025-04-23,148.07742309570312,162.38,163.93,160.32,160.84,901331
2025-04-24,148.54750061035156,162.9,166.51,161.35,165.99,961021
2025-04-25,150.42784118652344,164.96,167.02,163.93,167.02,732301
2025-04-28,153.2483673095703,168.05,168.05,165.47,165.99,529518
2025-04-29,167.35098266601562,183.52,183.52,165.99,169.08,2178644
2025-04-30,163.12020874023438,178.88,192.8,178.36,181.97,4829063
2025-05-02,163.5902862548828,179.39,183.52,179.39,183.0,1478501
2025-05-05,150.89793395996094,165.47,178.36,162.9,178.36,1575291
2025-05-06,156.0688934326172,171.15,172.18,165.47,165.99,711379
2025-05-07,153.2483673095703,168.05,171.15,167.02,171.15,334100
2025-05-08,156.5389862060547,171.66,172.18,168.57,171.66,329501
2025-05-09,154.1885528564453,169.08,170.11,163.93,166.51,994640
2025-05-12,161.70993041992188,177.33,179.91,167.02,167.02,1905310
2025-05-13,167.35098266601562,183.52,185.58,175.27,181.46,2697312
2025-05-14,166.88088989257812,183.0,186.09,180.94,185.06,2251295
2025-05-15,165.47064208984375,181.46,187.64,181.46,183.52,1275602
2025-05-16,166.88088989257812,183.0,187.64,182.49,184.55,1760358
2025-05-19,161.23985290527344,176.82,186.09,176.82,183.52,1151012
2025-05-20,160.29966735839844,175.78,180.94,175.27,179.91,490000
2025-05-21,161.23985290527344,176.82,178.36,175.27,177.85,390096
2025-05-22,164.0603790283203,179.91,183.52,174.24,175.78,684048
2025-05-23,159.3594970703125,174.75,182.49,174.24,181.97,803316
2025-05-26,158.88941955566406,174.24,177.85,174.24,174.75,316142
2025-05-27,154.1885528564453,169.08,175.27,169.08,174.75,509157
2025-05-28,151.36802673339844,165.99,171.66,165.47,171.66,443418
2025-05-29,151.83810424804688,166.51,169.08,165.47,169.08,165300
2025-06-02,146.1970672607422,160.32,165.99,159.8,165.99,423205
2025-06-03,149.957763671875,164.44,164.96,161.35,162.9,296436
2025-06-04,152.7782745361328,167.54,171.15,165.99,165.99,658401
2025-06-05,154.1885528564453,169.08,171.15,168.57,169.08,369018
2025-06-06,156.5389862060547,171.66,174.24,168.05,171.15,484072
2025-06-09,153.71844482421875,168.57,172.69,168.05,172.69,445325
2025-06-10,155.12872314453125,170.11,171.66,168.57,168.57,312225
2025-06-11,157.00906372070312,172.18,172.18,169.08,171.15,277002
2025-06-12,160.76976013183594,176.3,179.39,172.18,173.72,867033
2025-06-13,156.0688934326172,171.15,180.42,171.15,176.3,708042
2025-06-16,158.88941955566406,174.24,176.3,170.63,171.66,468100
2025-06-17,160.29966735839844,175.78,178.36,174.75,175.78,526812
2025-06-18,164.0603790283203,179.91,182.49,176.3,178.36,773913
2025-06-19,161.70993041992188,177.33,182.49,177.33,181.46,542011
2025-06-20,161.23985290527344,176.82,180.42,175.27,177.33,368165
2025-06-23,171.11167907714844,187.64,190.73,172.69,174.24,1948497
2025-06-24,168.29115295410156,184.55,192.8,184.55,190.73,2489689
2025-06-25,169.2313232421875,185.58,188.67,185.58,187.13,824120
2025-06-26,186.1544647216797,204.14,204.14,190.73,190.73,3784245
2025-06-27,184.2741241455078,202.08,214.96,198.47,208.26,8951631
2025-06-30,171.11167907714844,187.64,203.11,186.61,203.11,3119224
2025-07-01,169.701416015625,186.09,189.7,183.52,183.52,1022385
2025-07-02,173.4621124267578,190.22,191.77,185.58,185.58,694261
2025-07-03,173.9322052001953,190.73,193.31,188.67,191.25,639111
2025-07-04,172.99203491210938,189.7,192.8,186.09,191.25,532085
2025-07-07,173.4621124267578,190.22,191.25,184.55,187.64,393073
2025-07-08,169.701416015625,186.09,188.67,184.55,188.16,525045
2025-07-09,172.05186462402344,188.67,189.7,185.58,189.7,323506
2025-07-10,171.11167907714844,187.64,190.73,184.03,186.09,588053
2025-07-11,172.05186462402344,188.67,190.22,187.13,187.13,287100
2025-07-14,169.701416015625,186.09,187.64,185.58,187.13,238232
2025-07-15,172.05186462402344,188.67,192.8,185.58,185.58,596001
2025-07-16,171.58175659179688,188.16,189.7,187.64,188.67,293100
2025-07-17,174.4022979736328,191.25,191.25,187.64,188.16,474101
2025-07-18,181.92369079589844,199.5,203.11,192.8,192.8,2048644
2025-07-21,182.39376831054688,200.01,201.56,196.92,200.01,688156
2025-07-22,176.75271606445312,193.83,203.11,192.8,202.08,866100
2025-07-23,178.16297912597656,195.37,201.04,195.37,196.4,731033
2025-07-24,177.69290161132812,194.86,197.95,192.8,196.92,374723
2025-07-25,172.99203491210938,189.7,195.37,189.19,195.37,708398
2025-07-28,170.17149353027344,186.61,190.22,186.09,189.19,759616
2025-07-29,168.29115295410156,184.55,188.16,184.03,188.16,821377
2025-07-30,171.71568298339844,180.94,183.0,177.85,178.36,469757
2025-07-31,176.11865234375,185.58,190.73,179.91,180.42,1015209
2025-08-04,182.96771240234375,192.8,195.89,190.73,191.25,706201
2025-08-05,182.47848510742188,192.28,196.92,190.73,195.89,818120
2025-08-06,182.96771240234375,192.8,195.89,190.22,191.77,646107
2025-08-07,196.66583251953125,207.23,210.32,193.83,193.83,2943363
2025-08-08,202.5364532470703,213.42,219.6,203.11,206.2,2939221
2025-08-11,206.4501953125,217.54,224.76,203.62,212.39,3829354
2025-08-12,209.87472534179688,221.15,224.76,213.93,221.66,2895664
2025-08-13,221.1267547607422,233.01,235.07,220.63,222.7,4820194
2025-08-14,219.65908813476562,231.46,235.58,228.88,235.58,2212556
2025-08-15,241.18470764160156,254.14,254.14,231.97,232.49,5738914
2025-08-18,238.2493896484375,251.05,267.54,250.53,256.72,5243121
2025-08-19,237.7601776123047,250.53,258.26,244.35,253.11,3207506
2025-08-20,240.69549560546875,253.63,259.81,243.32,251.05,4484767
2025-08-21,242.65235900878906,255.69,259.81,250.53,253.63,2645626
2025-08-22,235.3140869140625,247.95,258.26,246.92,256.2,2155294
2025-08-25,258.79656982421875,272.7,272.7,251.05,252.59,5620465
2025-08-26,260.7534484863281,274.76,279.92,268.57,271.15,3399549
2025-08-27,261.73187255859375,275.79,277.34,271.15,276.31,1897718
2025-08-28,256.3504943847656,270.12,281.46,270.12,275.79,2556612
2025-08-29,249.5014190673828,262.9,272.18,262.9,271.67,1645406
2025-09-01,232.8679962158203,245.38,264.97,241.77,262.39,4286922
2025-09-02,218.19143676757812,229.91,248.99,228.88,247.44,2611281
2025-09-03,221.1267547607422,233.01,238.68,226.82,230.94,1954758
2025-09-04,224.55128479003906,236.61,243.32,230.43,236.61,2024660
2025-09-05,230.42190551757812,242.8,250.53,239.19,241.25,2376343
2025-09-08,229.93267822265625,242.28,249.5,241.25,246.92,1478669
2025-09-09,226.99737548828125,239.19,246.92,237.64,245.38,1143015
2025-09-10,221.615966796875,233.52,245.38,232.49,238.16,1523162
2025-09-11,214.76690673828125,226.3,234.55,225.27,234.04,1662610
2025-09-12,211.83160400390625,223.21,229.4,223.21,227.33,743379
2025-09-15,208.8962860107422,220.12,225.27,216.51,222.7,760426
2025-09-16,207.9178466796875,219.09,224.76,217.02,222.18,800100
2025-09-17,207.4286346435547,218.57,229.91,217.54,218.57,1134050
2025-09-18,214.27769470214844,225.79,228.37,218.57,221.15,997350
2025-09-19,215.25613403320312,226.82,231.46,224.24,225.27,599924
2025-09-22,216.23455810546875,227.85,237.13,226.82,229.91,1241122
2025-09-23,212.32081604003906,223.73,233.52,223.73,227.85,865150
2025-09-24,214.27769470214844,225.79,231.97,223.73,223.73,913400
2025-09-25,207.9178466796875,219.09,229.91,218.57,225.79,1032003
2025-09-26,198.13348388671875,208.78,218.57,207.23,216.51,974235
2025-09-30,197.15504455566406,207.75,212.9,205.17,209.81,958241
2025-10-01,198.62269592285156,209.29,210.84,207.75,208.26,342057
2025-10-02,194.70895385742188,205.17,211.87,204.65,210.32,554033
2025-10-03,194.2197265625,204.65,207.75,204.14,204.65,331251
2025-10-07,199.60113525390625,210.32,214.96,207.23,207.23,602200
2025-10-08,198.62269592285156,209.29,210.32,205.17,208.26,218035
2025-10-09,198.13348388671875,208.78,211.35,206.71,209.81,328330
2025-10-13,197.64425659179688,208.26,208.26,194.86,195.89,1129112
2025-10-14,190.7952117919922,201.04,213.42,200.01,211.35,756218
2025-10-15,209.87472534179688,221.15,221.15,201.56,201.56,2123221
2025-10-16,223.57284545898438,235.58,242.8,228.88,228.88,4114332
2025-10-17,213.29925537109375,224.76,238.16,223.73,231.46,1401729
2025-10-20,218.19143676757812,229.91,234.55,222.18,223.21,1312312
2025-10-21,222.10519409179688,234.04,241.77,229.91,236.1,2755108
2025-10-22,215.25613403320312,226.82,238.16,226.3,238.16,1538011
2025-10-23,206.4501953125,217.54,226.82,215.48,223.73,1067626
2025-10-27,205.4717559814453,216.51,220.63,214.45,219.6,641532
2025-10-28,197.64425659179688,208.26,217.54,206.71,215.48,1216577
2025-10-29,197.64425659179688,208.26,210.32,206.71,208.26,395020
2025-10-30,191.7736358642578,202.08,209.29,201.04,207.23,1436300
2025-10-31,197.15504455566406,207.75,213.42,203.11,204.65,1133011
2025-11-03,201.06878662109375,211.87,212.9,207.75,208.78,580000
2025-11-04,198.62269592285156,209.29,211.87,206.2,211.87,877226
2025-11-05,199.11192321777344,209.81,210.32,202.59,203.11,710000
2025-11-06,202.04722595214844,212.9,219.6,210.32,211.35,1237007
2025-11-07,202.04722595214844,212.9,217.02,210.84,211.35,621153
2025-11-10,199.11192321777344,209.81,214.96,207.23,211.87,483151
2025-11-11,193.7305145263672,204.14,211.87,204.14,210.32,579000
2025-11-12,205.4717559814453,216.51,219.6,206.71,207.75,1347617
2025-11-13,209.87472534179688,221.15,221.15,214.45,218.06,916985
2025-11-14,196.17660522460938,206.71,214.45,206.71,214.45,1521007
2025-11-17,188.34910583496094,198.47,208.26,198.47,208.26,974207
2025-11-18,180.52162170410156,190.22,198.47,188.16,198.47,1103501
2025-11-19,190.3059844970703,200.53,202.08,189.7,190.22,906501
2025-11-20,192.7520751953125,203.11,210.32,202.08,205.68,861000
2025-11-21,183.94615173339844,193.83,201.56,193.31,197.95,884251
2025-11-24,184.43536376953125,194.34,197.44,192.28,196.92,324012
2025-11-25,191.7736358642578,202.08,202.59,196.4,199.5,419000
2025-11-26,194.2197265625,204.65,210.84,204.14,205.17,508201
2025-11-27,193.24130249023438,203.62,207.23,203.11,205.68,347152
2025-11-28,192.7520751953125,203.11,204.14,200.01,204.14,264319
2025-12-01,188.34910583496094,198.47,203.62,197.44,203.62,249133
2025-12-02,185.90301513671875,195.89,200.53,195.89,198.47,163652
2025-12-03,185.90301513671875,195.89,199.5,195.89,197.95,142061
2025-12-04,187.85989379882812,197.95,206.2,197.95,200.53,887042
2025-12-05,190.7952117919922,201.04,211.35,201.04,202.59,2060700
2025-12-08,191.284423828125,201.56,203.62,198.98,201.04,346002
2025-12-09,186.88145446777344,196.92,201.56,196.4,201.56,415227
2025-12-10,185.41380310058594,189.5,193.0,188.0,191.0,376198
2025-12-11,183.45692443847656,187.5,192.0,186.5,190.5,318050
2025-12-12,183.45692443847656,187.5,190.5,186.5,189.5,280001
2025-12-15,181.98927307128906,186.0,187.5,183.5,185.5,192368
2025-12-16,180.52162170410156,184.5,186.5,181.5,184.0,415100
2025-12-17,181.50006103515625,185.5,191.5,184.0,184.5,325300
2025-12-18,177.5863037109375,181.5,185.0,181.0,185.0,454001
2025-12-19,181.01083374023438,185.0,187.0,182.0,185.5,469367
2025-12-22,184.92457580566406,189.0,189.5,184.5,186.0,233147
2025-12-23,190.7952117919922,195.0,196.0,189.0,191.5,578451
2025-12-24,197.64425659179688,202.0,202.5,195.0,195.0,908428
2025-12-26,204.9825439453125,209.5,210.0,203.0,203.0,1112637
2025-12-29,214.27769470214844,219.0,221.5,207.5,208.5,2110030
2025-12-30,211.83160400390625,216.5,221.0,212.5,217.5,779159
2025-12-31,214.27769470214844,219.0,223.5,216.5,220.0,647351
2026-01-02,220.6375274658203,225.5,228.0,219.5,219.5,1559423
2026-01-05,213.78846740722656,218.5,228.5,218.5,227.5,1094251
2026-01-06,206.4501953125,211.0,222.0,210.5,222.0,1053027
2026-01-07,204.49331665039062,209.0,211.0,205.5,211.0,685156
2026-01-08,203.514892578125,208.0,215.5,207.0,209.0,719061
2026-01-09,204.49331665039062,209.0,213.5,204.5,212.0,609029
2026-01-12,215.25613403320312,220.0,223.0,212.0,213.0,1950368
2026-01-13,236.78173828125,242.0,242.0,222.5,223.5,5061954
2026-01-14,233.846435546875,239.0,248.0,234.0,248.0,3573176
2026-01-15,236.78173828125,242.0,255.0,237.5,241.0,3372125
2026-01-16,232.8679962158203,238.0,245.0,235.0,244.5,1778873
2026-01-19,226.99737548828125,232.0,236.5,225.5,236.0,1973436
2026-01-20,231.88955688476562,237.0,243.0,227.5,229.5,1463180
2026-01-21,221.1267547607422,226.0,236.5,225.5,233.5,1480674
2026-01-22,232.8679962158203,238.0,240.0,224.0,228.5,2401113
2026-01-23,228.95423889160156,234.0,243.0,232.0,242.0,2205001
2026-01-26,234.3356475830078,239.5,246.0,235.5,235.5,2495286
2026-01-27,228.46502685546875,233.5,239.5,231.0,239.5,1488527
2026-01-28,235.3140869140625,240.5,242.5,228.5,234.0,1954398
2026-01-29,258.79656982421875,264.5,264.5,246.0,246.5,9362543
2026-01-30,283.25750732421875,289.5,290.5,258.0,267.0,11893957
2026-02-02,282.279052734375,288.5,298.0,278.5,279.0,9388988
2026-02-03,256.3504943847656,262.0,303.0,262.0,292.0,10426168
2026-02-04,249.5014190673828,255.0,276.0,252.0,265.0,6110875
2026-02-05,227.97581481933594,233.0,254.0,232.5,253.0,4653682
2026-02-06,217.21299743652344,222.0,234.0,221.5,234.0,2092445
2026-02-09,223.57284545898438,228.5,230.0,223.5,228.0,1402307
2026-02-10,218.19143676757812,223.0,230.0,221.0,229.0,1039039
2026-02-11,218.19143676757812,223.0,226.0,218.5,223.0,779193
2026-02-23,230.42190551757812,235.5,243.0,225.5,232.0,1940110
2026-02-24,228.95423889160156,234.0,239.0,232.0,237.0,1163217
2026-02-25,224.0620574951172,229.0,236.0,228.0,236.0,1054877
2026-02-26,228.46502685546875,233.5,239.0,228.5,229.5,1155401
2026-03-02,230.42190551757812,235.5,239.0,225.0,226.0,1201040
2026-03-03,229.93267822265625,235.0,239.5,228.5,235.0,1209054
2026-03-04,218.19143676757812,223.0,231.0,220.0,230.5,1321659
2026-03-05,224.55128479003906,229.5,232.5,223.5,229.0,1050783
2026-03-06,222.10519409179688,227.0,234.0,225.5,229.0,737068
2026-03-09,202.5364532470703,207.0,214.0,205.0,209.0,1080064
2026-03-10,206.4501953125,211.0,214.5,208.5,211.0,440001
2026-03-11,215.25613403320312,220.0,222.5,212.5,212.5,492068
2026-03-12,221.1267547607422,226.0,227.5,218.0,218.0,507122
2026-03-13,221.615966796875,226.5,230.0,220.5,225.0,423104
2026-03-16,227.97581481933594,233.0,234.0,227.0,227.0,727188
2026-03-17,231.88955688476562,237.0,243.0,233.5,234.0,1498154
2026-03-18,233.846435546875,239.0,253.0,237.5,240.0,1931911
2026-03-19,226.50814819335938,231.5,241.0,231.5,239.0,917183
2026-03-20,229.93267822265625,235.0,244.0,230.5,232.0,1145363
2026-03-23,221.1267547607422,226.0,236.0,226.0,232.0,707500
2026-03-24,221.615966796875,226.5,235.0,224.5,230.5,520136
2026-03-25,227.48658752441406,232.5,236.5,229.5,231.0,545100
2026-03-26,226.99737548828125,232.0,237.5,232.0,236.0,661210
2026-03-27,227.97581481933594,233.0,235.0,228.5,230.0,379983
2026-03-30,220.6375274658203,225.5,230.5,223.0,229.0,611305
2026-03-31,212.32081604003906,217.0,226.5,215.5,226.5,562033
2026-04-01,220.6375274658203,225.5,229.5,222.0,222.0,411101
2026-04-02,213.78846740722656,218.5,232.0,218.5,227.0,519004
2026-04-07,210.3639373779297,215.0,222.0,215.0,221.0,391002
2026-04-08,216.72378540039062,221.5,222.5,219.0,219.0,303011
2026-04-09,207.9178466796875,212.5,224.0,212.0,223.0,922127
2026-04-10,208.40707397460938,213.0,221.5,213.0,217.0,897010
2026-04-13,222.10519409179688,227.0,230.0,209.0,216.5,1497065
2026-04-14,224.55128479003906,229.5,235.5,227.5,228.0,1434163
2026-04-15,224.0620574951172,229.0,237.5,226.0,235.0,1057450
2026-04-16,226.50814819335938,231.5,238.0,226.5,229.0,881085
2026-04-17,226.50814819335938,231.5,233.0,227.5,232.0,442100
2026-04-20,239.2278289794922,244.5,254.5,228.5,231.5,2366135
2026-04-21,240.20626831054688,245.5,254.0,245.0,250.0,1193295
2026-04-22,254.88282775878906,260.5,267.5,245.5,246.0,2768406
2026-04-23,234.3356475830078,239.5,270.0,236.5,268.5,2808167
2026-04-24,236.2925262451172,241.5,253.0,240.5,246.0,1161100
2026-04-27,241.67391967773438,247.0,248.0,234.5,245.0,929592
2026-04-28,244.60923767089844,250.0,254.5,243.0,249.0,801455
2026-04-29,267.11328125,273.0,274.5,248.5,248.5,3000568
2026-04-30,293.5310974121094,300.0,300.0,271.0,275.0,6037651
2026-05-04,311.6321716308594,318.5,325.0,301.0,315.5,6215085
2026-05-05,307.7184143066406,314.5,326.0,309.5,318.0,2682769
2026-05-06,308.6968688964844,315.5,330.0,306.0,317.5,3270657
2026-05-07,288.6388854980469,295.0,315.5,290.0,310.0,1738416
2026-05-08,285.7035827636719,292.0,297.5,280.0,287.0,867559
2026-05-11,295.9771728515625,302.5,308.0,288.5,290.0,773469
2026-05-12,291.57421875,298.0,309.0,295.5,309.0,602609
2026-05-13,281.78985595703125,288.0,291.0,286.0,288.0,575159
2026-05-14,276.408447265625,282.5,292.5,279.5,292.0,498366
2026-05-15,288.6388854980469,295.0,298.0,283.5,290.0,762227
2026-05-18,317.5027770996094,324.5,324.5,290.0,291.0,1570783
2026-05-19,332.6685485839844,340.0,345.5,320.0,333.0,1449278
2026-05-20,324.841064453125,332.0,347.0,332.0,333.5,657016
2026-05-21,337.5607604980469,345.0,365.0,327.5,346.0,4603173
2026-05-22,339.5176086425781,347.0,372.5,338.0,345.0,4350346
2026-05-25,373.273681640625,381.5,381.5,345.0,357.0,3740010
2026-05-26,368.8707275390625,377.0,394.0,367.0,375.0,3649217
2026-05-27,357.1294860839844,365.0,381.5,362.0,380.0,2071197
2026-05-28,343.92059326171875,351.5,377.0,345.0,365.5,2292329
2026-05-29,345.38824462890625,353.0,372.0,351.0,356.5,1675100
2026-06-01,347.3451232910156,355.0,361.5,344.0,353.0,1147007
2026-06-02,321.90576171875,329.0,351.5,319.5,351.5,3184459
2026-06-03,309.1860656738281,316.0,339.5,314.0,339.5,1924172
2026-06-04,309.67529296875,316.5,323.0,310.0,319.0,1735551
2026-06-05,304.29388427734375,311.0,323.0,306.0,319.0,1152572
2026-06-08,288.6388854980469,295.0,296.0,280.0,280.0,1196100
2026-06-09,298.9124755859375,305.5,317.5,297.0,297.5,1351122
2026-06-10,283.7467041015625,290.0,311.5,290.0,297.0,908502
2026-06-11,286.6820373535156,293.0,293.5,277.0,286.0,846148
2026-06-12,284.2359313964844,290.5,314.5,290.0,312.5,773200
2026-06-15,286.6820373535156,293.0,299.5,291.5,298.0,623181
2026-06-16,297.9340515136719,304.5,320.5,288.5,294.0,1066027
2026-06-17,296.4664001464844,303.0,311.5,297.5,303.0,820015
2026-06-18,298.9124755859375,305.5,309.0,301.0,309.0,635342
2026-06-22,308.6968688964844,315.5,320.5,305.5,306.0,1171032
2026-06-23,277.8760986328125,284.0,304.0,284.0,304.0,1978507
2026-06-24,250.4798583984375,256.0,261.5,256.0,256.0,1351256
2026-06-25,225.5297088623047,230.5,246.5,230.5,241.5,6806438
2026-06-26,209.38551330566406,214.0,232.0,214.0,232.0,3164139
2026-06-29,188.8383331298828,193.0,202.5,193.0,197.5,4975419
2026-06-30,207.4286346435547,212.0,212.0,212.0,212.0,662077
2026-07-01,227.97581481933594,233.0,233.0,233.0,233.0,636706
2026-07-02,244.60923767089844,250.0,250.0,227.0,230.0,2628726
2026-07-03,269.0701599121094,275.0,275.0,250.5,260.0,2039232
2026-07-06,258.79656982421875,264.5,279.5,262.0,275.0,1142050
2026-07-07,246.5661163330078,252.0,269.0,247.0,261.5,716461
2026-07-08,250.4798583984375,256.0,259.0,247.0,254.0,376402
2026-07-09,247.05532836914062,252.5,264.0,251.0,264.0,212250
2026-07-10,247.05532836914062,252.5,252.5,252.5,252.5,0
2026-07-13,237.27096557617188,242.5,251.0,231.5,246.0,651105
2026-07-14,222.10519409179688,227.0,242.0,222.0,242.0,546110
2026-07-15,231.4003448486328,236.5,240.0,230.0,234.0,799147
2026-07-16,224.55128479003906,229.5,239.0,228.0,232.0,634396
2026-07-17,213.78846740722656,218.5,235.0,214.0,224.5,1909100
2026-07-20,197.64425659179688,202.0,224.5,197.0,217.0,1997021
2026-07-21,203.02566528320312,207.5,213.0,206.5,206.5,493202
2026-07-22,211.34237670898438,216.0,223.5,210.0,211.0,737080
2026-07-23,213.78846740722656,218.5,220.0,213.5,220.0,461012
2026-07-24,199.11192321777344,203.5,217.0,203.0,217.0,466021
2026-07-27,200.57957458496094,205.0,206.5,196.0,204.0,433112
2026-07-28,187.85989379882812,192.0,198.0,191.5,197.5,786332
2026-07-29,181.50006103515625,185.5,199.5,175.5,193.5,1729123
2026-07-30,173.5,173.5,184.5,172.0,178.5,856116
2026-07-31,190.5,190.5,190.5,185.0,189.0,539022
2026-08-03,193.5,193.5,202.5,190.0,197.0,2336676
2026-08-04,204.0,204.0,204.5,192.5,193.5,662264
2026-08-05,224.0,224.0,224.0,208.0,212.0,1764133
2026-08-06,204.0,204.0,213.5,202.0,211.5,3117625
2026-08-07,201.0,201.0,212.0,199.0,205.5,1547200
2026-08-10,204.5,204.5,207.5,201.0,201.0,546000
2026-08-11,201.0,201.0,205.0,199.0,201.5,443001
2026-08-12,204.0,204.0,206.0,200.5,202.0,758127
2026-08-13,203.5,203.5,210.5,203.5,204.0,781621
2026-08-14,198.0,198.0,205.5,198.0,204.0,610340
2026-08-17,196.0,196.0,204.0,195.0,198.0,606275
2026-08-18,192.5,192.5,201.0,190.5,196.0,726747
2026-08-19,188.5,188.5,195.0,185.5,189.0,716257
2026-08-20,183.5,183.5,193.0,182.0,189.5,1003141
2026-08-21,177.0,177.0,184.5,175.5,182.5,987560
