Date,Adj Close,Close,High,Low,Open,Volume
2016-08-12,174.5,174.5,175.5,172.0,174.0,3946936
2016-08-15,176.0,176.0,177.0,174.5,177.0,4630772
2016-08-16,176.0,176.0,176.5,175.0,176.0,3044632
2016-08-17,175.0,175.0,176.0,174.0,175.0,3432484
2016-08-18,173.0,173.0,175.0,172.0,174.0,3373226
2016-08-19,168.5,168.5,175.0,168.0,174.5,6472360
2016-08-22,170.0,170.0,170.0,168.0,168.5,3769358
2016-08-23,169.5,169.5,171.5,169.5,171.5,3607624
2016-08-24,170.0,170.0,171.5,169.5,171.0,1850688
2016-08-25,171.0,171.0,171.5,170.0,171.0,5589764
2016-08-26,171.0,171.0,171.0,169.5,170.0,2317222
2016-08-29,168.0,168.0,170.5,166.5,170.0,2904814
2016-08-30,168.5,168.5,169.5,167.5,168.0,3532213
2016-08-31,165.0,165.0,169.0,165.0,167.5,4856824
2016-09-01,169.0,169.0,169.0,163.5,166.0,4589973
2016-09-02,167.5,167.5,170.0,165.5,169.5,3541506
2016-09-05,173.5,173.5,174.0,169.5,169.5,3669661
2016-09-06,175.0,175.0,175.5,172.0,173.5,4628757
2016-09-07,174.5,174.5,175.5,173.0,175.0,3163025
2016-09-08,174.5,174.5,175.0,172.5,174.5,3221963
2016-09-09,170.0,170.0,172.0,169.0,172.0,3683340
2016-09-12,158.0,158.0,164.0,158.0,163.5,8391940
2016-09-13,163.0,163.0,163.5,158.5,161.0,7137299
2016-09-14,156.0,156.0,162.0,156.0,159.5,8686092
2016-09-19,169.5,169.5,169.5,160.0,160.5,10900823
2016-09-20,168.5,168.5,169.5,166.0,169.5,4548445
2016-09-21,167.0,167.0,167.5,165.0,167.0,4845069
2016-09-22,164.0,164.0,168.5,162.5,168.0,4925335
2016-09-23,166.0,166.0,166.0,163.0,164.0,2682549
2016-09-26,166.0,166.0,168.0,163.5,165.5,3259450
2016-09-29,169.0,169.0,171.0,166.0,169.0,8197135
2016-09-30,167.0,167.0,169.0,165.5,168.0,3790094
2016-10-03,167.0,167.0,170.0,166.5,170.0,2706257
2016-10-04,168.0,168.0,168.0,166.0,167.0,2137505
2016-10-05,169.5,169.5,169.5,166.0,166.0,2846773
2016-10-06,168.5,168.5,170.0,167.0,170.0,3450547
2016-10-07,166.5,166.5,168.5,166.0,168.0,6563545
2016-10-11,165.0,165.0,168.5,163.0,168.0,3794077
2016-10-12,164.0,164.0,164.5,162.5,163.0,3525718
2016-10-13,164.5,164.5,165.0,162.0,165.0,9571178
2016-10-14,164.0,164.0,165.0,164.0,164.5,1792812
2016-10-17,164.5,164.5,165.0,160.5,163.5,2911524
2016-10-18,165.0,165.0,165.0,163.5,164.5,2302828
2016-10-19,168.0,168.0,168.0,164.5,164.5,3469727
2016-10-20,168.0,168.0,169.0,166.5,168.0,3851344
2016-10-21,166.0,166.0,168.0,165.0,168.0,5260797
2016-10-24,166.0,166.0,167.5,165.5,167.5,1680748
2016-10-25,168.0,168.0,168.5,165.5,166.0,2024690
2016-10-26,166.0,166.0,168.0,166.0,168.0,1653627
2016-10-27,164.5,164.5,167.0,164.5,165.5,2673300
2016-10-28,168.5,168.5,168.5,165.0,166.0,4144753
2016-10-31,166.5,166.5,167.5,165.0,166.5,3178067
2016-11-01,165.5,165.5,166.0,164.5,165.5,1714391
2016-11-02,164.5,164.5,165.5,163.5,164.0,2050277
2016-11-03,163.5,163.5,164.5,163.5,164.0,3205908
2016-11-04,163.5,163.5,164.0,163.0,163.5,1853710
2016-11-07,165.0,165.0,166.0,163.5,163.5,1604794
2016-11-08,166.0,166.0,167.0,165.0,165.5,2312592
2016-11-09,159.5,159.5,168.0,159.5,167.5,5117877
2016-11-10,164.5,164.5,166.0,162.5,163.5,4803145
2016-11-11,157.0,157.0,159.5,157.0,158.0,8044046
2016-11-14,157.0,157.0,158.0,155.0,156.5,6159914
2016-11-15,157.0,157.0,158.5,157.0,157.0,3864827
2016-11-16,156.5,156.5,159.0,156.5,158.5,4615182
2016-11-17,156.0,156.0,157.0,153.0,156.0,4015441
2016-11-18,157.0,157.0,158.0,154.0,154.5,3415655
2016-11-21,155.5,155.5,157.5,154.5,157.0,2685687
2016-11-22,158.0,158.0,159.0,155.5,155.5,4493111
2016-11-23,160.5,160.5,161.5,158.0,159.0,4436694
2016-11-24,158.5,158.5,160.5,158.0,159.5,4033104
2016-11-25,158.0,158.0,159.0,158.0,158.0,2242878
2016-11-28,158.0,158.0,159.5,157.5,157.5,1797500
2016-11-29,158.0,158.0,160.0,158.0,158.0,3208171
2016-11-30,160.0,160.0,160.0,157.0,157.0,7009487
2016-12-01,158.0,158.0,159.5,158.0,159.0,4524569
2016-12-02,156.5,156.5,156.5,155.0,155.5,6846221
2016-12-05,155.5,155.5,156.5,155.0,156.5,3694714
2016-12-06,157.0,157.0,158.5,156.0,156.5,3626414
2016-12-07,157.0,157.0,158.0,156.5,158.0,2927069
2016-12-08,162.5,162.5,162.5,158.0,158.0,6160665
2016-12-09,163.0,163.0,164.0,161.0,162.0,3914002
2016-12-12,162.0,162.0,164.5,161.5,163.0,1718227
2016-12-13,161.5,161.5,162.0,160.0,162.0,2881100
2016-12-14,163.0,163.0,164.0,161.5,162.0,2688850
2016-12-15,160.0,160.0,162.5,159.5,162.5,3168685
2016-12-16,157.0,157.0,159.5,157.0,159.0,5365855
2016-12-19,157.5,157.5,158.5,156.5,157.0,2933357
2016-12-20,158.5,158.5,158.5,157.0,157.0,1865280
2016-12-21,159.5,159.5,161.0,157.0,158.5,2769405
2016-12-22,156.0,156.0,159.0,156.0,158.5,2955000
2016-12-23,155.0,155.0,156.0,155.0,155.5,2012092
2016-12-26,155.5,155.5,156.0,155.0,156.0,414815
2016-12-27,155.0,155.0,156.0,154.5,155.5,944978
2016-12-28,157.5,157.5,158.0,155.5,155.5,1718913
2016-12-29,157.0,157.0,158.5,156.5,157.0,1786144
2016-12-30,159.5,159.5,159.5,157.5,158.5,2019959
2017-01-03,158.5,158.5,159.5,158.0,159.0,1904683
2017-01-04,157.5,157.5,159.5,156.5,159.0,2954450
2017-01-05,159.0,159.0,159.5,157.0,157.5,5102809
2017-01-06,161.5,161.5,162.0,159.5,160.5,2780347
2017-01-09,161.5,161.5,163.0,160.0,161.5,2019907
2017-01-10,160.5,160.5,161.5,159.5,161.5,1514858
2017-01-11,163.5,163.5,164.0,160.0,162.0,3929878
2017-01-12,169.5,169.5,170.0,163.5,164.0,11226456
2017-01-13,169.0,169.0,170.0,167.5,169.0,7725089
2017-01-16,168.0,168.0,168.5,166.5,168.0,3457134
2017-01-17,169.0,169.0,169.0,167.0,167.0,1573190
2017-01-18,168.0,168.0,169.0,166.5,167.5,2576478
2017-01-19,168.5,168.5,170.0,166.5,167.5,6244970
2017-01-20,170.5,170.5,172.0,169.5,170.5,5920810
2017-01-23,173.5,173.5,175.0,171.0,172.5,9099441
2017-01-24,174.0,174.0,174.5,172.0,172.0,7319495
2017-02-02,170.0,170.0,179.5,170.0,179.0,11867843
2017-02-03,172.0,172.0,172.0,169.5,171.5,3233768
2017-02-06,175.0,175.0,175.0,171.5,172.0,4456789
2017-02-07,174.0,174.0,174.0,172.0,173.0,4710917
2017-02-08,175.0,175.0,175.0,173.0,174.0,3434333
2017-02-09,175.0,175.0,175.5,172.0,173.0,3515148
2017-02-10,175.0,175.0,178.5,174.5,175.0,6799667
2017-02-13,175.0,175.0,175.0,171.5,173.0,3287452
2017-02-14,175.5,175.5,176.5,174.0,176.0,3746300
2017-02-15,175.5,175.5,176.5,175.0,175.5,3093989
2017-02-16,175.0,175.0,176.0,173.0,175.5,4432385
2017-02-17,173.5,173.5,174.0,172.0,173.0,2496369
2017-02-20,174.0,174.0,176.5,173.5,175.5,1844791
2017-02-21,171.0,171.0,173.0,170.0,173.0,2510877
2017-02-22,172.0,172.0,172.5,171.0,172.0,1748992
2017-02-23,171.5,171.5,172.5,170.0,170.5,2342639
2017-02-24,171.0,171.0,172.0,170.0,171.5,2784362
2017-03-01,168.5,168.5,170.0,168.0,168.0,3986866
2017-03-02,169.5,169.5,171.0,168.0,170.0,5556587
2017-03-03,168.0,168.0,169.5,168.0,169.0,3167926
2017-03-06,168.0,168.0,168.5,167.0,167.0,1966387
2017-03-07,168.0,168.0,170.0,167.5,169.5,2981922
2017-03-08,169.0,169.0,169.5,167.5,167.5,2059552
2017-03-09,167.0,167.0,168.5,166.5,168.0,4322924
2017-03-10,161.5,161.5,165.5,160.5,165.0,8324519
2017-03-13,162.0,162.0,162.5,158.0,159.5,8279838
2017-03-14,164.5,164.5,165.0,162.0,162.0,9356697
2017-03-15,164.0,164.0,165.0,162.0,165.0,3306503
2017-03-16,166.0,166.0,167.0,164.0,164.5,4624398
2017-03-17,169.0,169.0,169.0,165.0,167.0,4299899
2017-03-20,167.5,167.5,168.5,166.0,168.0,2214713
2017-03-21,169.0,169.0,169.5,168.0,169.0,4266047
2017-03-22,167.0,167.0,167.0,165.5,166.0,5036347
2017-03-23,168.0,168.0,168.5,167.0,168.0,2129372
2017-03-24,166.5,166.5,168.5,166.0,168.0,4577475
2017-03-27,166.0,166.0,166.0,164.5,165.0,2790071
2017-03-28,166.0,166.0,166.5,163.5,166.5,2971484
2017-03-29,164.0,164.0,166.5,163.5,166.0,2958362
2017-03-30,163.5,163.5,165.0,163.0,163.5,4237775
2017-03-31,162.5,162.5,164.0,162.5,163.5,3946044
2017-04-05,165.5,165.5,165.5,159.0,159.0,11347927
2017-04-06,166.5,166.5,167.0,165.0,165.5,7583197
2017-04-07,164.0,164.0,166.5,164.0,165.5,6637573
2017-04-10,165.5,165.5,165.5,163.5,164.5,2572804
2017-04-11,165.0,165.0,165.5,163.5,163.5,3252696
2017-04-12,167.5,167.5,167.5,164.0,165.0,4381567
2017-04-13,166.0,166.0,168.0,165.5,167.5,2904563
2017-04-14,165.5,165.5,166.5,165.0,165.0,862314
2017-04-17,165.5,165.5,166.5,165.0,165.5,904037
2017-04-18,165.5,165.5,167.0,165.0,167.0,1048484
2017-04-19,165.5,165.5,165.5,163.5,164.0,2984249
2017-04-21,168.0,168.0,168.0,166.0,166.0,2056016
2017-04-24,169.0,169.0,169.5,167.5,169.0,3486603
2017-04-25,171.0,171.0,171.0,169.0,169.5,5033897
2017-04-26,173.0,173.0,174.0,171.0,171.5,7154223
2017-04-27,171.0,171.0,173.0,170.5,173.0,4025915
2017-04-28,170.0,170.0,172.0,168.5,170.0,8104629
2017-05-02,174.0,174.0,175.0,170.5,171.5,6917852
2017-05-03,176.0,176.0,176.5,173.0,173.0,5312633
2017-05-04,175.5,175.5,175.5,173.5,174.5,1884810
2017-05-05,172.0,172.0,175.5,171.5,175.5,4131285
2017-05-08,170.0,170.0,173.5,169.5,173.5,3271832
2017-05-09,170.0,170.0,170.5,169.0,169.0,3816523
2017-05-10,170.0,170.0,170.5,169.0,170.5,2459091
2017-05-11,171.5,171.5,171.5,169.0,170.0,2557648
2017-05-12,170.0,170.0,172.0,169.5,171.0,2088826
2017-05-15,169.0,169.0,170.5,168.5,170.5,2216717
2017-05-16,169.0,169.0,170.0,168.5,168.5,3309161
2017-05-17,167.0,167.0,169.0,166.0,169.0,3309690
2017-05-18,167.0,167.0,167.0,165.0,166.0,3923893
2017-05-19,166.0,166.0,167.5,166.0,167.0,2030748
2017-05-22,167.0,167.0,167.5,166.0,167.5,2273903
2017-05-23,167.0,167.0,167.5,166.0,166.5,1935163
2017-05-24,166.5,166.5,167.0,165.5,166.5,3597767
2017-05-25,167.5,167.5,167.5,165.5,166.0,3740371
2017-05-26,167.5,167.5,168.0,166.5,167.5,3230713
2017-05-31,166.0,166.0,167.5,166.0,167.5,4662632
2017-06-01,167.0,167.0,167.5,166.0,167.0,2565863
2017-06-02,169.0,169.0,169.0,167.5,168.0,2952621
2017-06-05,169.5,169.5,169.5,168.5,168.5,3873208
2017-06-06,166.0,166.0,169.0,164.0,169.0,11607912
2017-06-07,167.5,167.5,167.5,165.0,165.0,7779944
2017-06-08,166.5,166.5,168.0,165.5,167.5,4532447
2017-06-09,165.5,165.5,166.5,165.0,165.5,6213301
2017-06-12,165.0,165.0,165.0,162.0,162.5,4858734
2017-06-13,164.5,164.5,165.0,163.5,164.0,4190581
2017-06-14,164.0,164.0,165.0,163.0,165.0,3406869
2017-06-15,164.0,164.0,164.0,163.0,163.5,4556254
2017-06-16,163.5,163.5,164.0,162.0,163.5,3653778
2017-06-19,164.0,164.0,164.0,163.0,163.5,3660656
2017-06-20,165.5,165.5,165.5,164.0,164.0,5762017
2017-06-21,165.5,165.5,166.5,164.5,165.5,4595389
2017-06-22,169.5,169.5,169.5,166.0,166.0,6657711
2017-06-23,169.0,169.0,170.0,167.5,170.0,3444154
2017-06-26,170.0,170.0,170.0,168.0,169.0,4912895
2017-06-27,168.0,168.0,170.0,168.0,170.0,4823379
2017-06-28,166.5,166.5,169.5,166.0,166.5,4811334
2017-06-29,167.0,167.0,168.0,166.5,168.0,3775789
2017-06-30,166.5,166.5,166.5,165.0,165.0,6700997
2017-07-03,163.0,163.0,163.0,161.5,162.0,3983361
2017-07-04,161.5,161.5,163.0,161.5,163.0,3320500
2017-07-05,162.0,162.0,162.0,160.5,162.0,2881179
2017-07-06,161.0,161.0,162.0,160.5,162.0,4503861
2017-07-07,160.0,160.0,161.0,159.5,160.0,2648104
2017-07-10,160.0,160.0,160.5,159.5,160.0,2752946
2017-07-11,162.5,162.5,162.5,160.0,160.0,2425065
2017-07-12,161.0,161.0,162.5,161.0,162.5,2467068
2017-07-13,162.5,162.5,163.5,161.5,162.5,4924052
2017-07-14,163.0,163.0,163.5,162.5,163.0,2591322
2017-07-17,164.0,164.0,164.0,162.5,163.0,2868234
2017-07-18,163.0,163.0,164.0,162.5,163.0,3380702
2017-07-19,163.5,163.5,164.5,163.0,163.5,4474767
2017-07-20,164.5,164.5,164.5,163.5,164.0,3120713
2017-07-21,163.0,163.0,164.5,162.5,164.5,3030710
2017-07-24,161.5,161.5,162.0,160.5,162.0,5099308
2017-07-25,161.5,161.5,162.0,160.5,161.0,4058349
2017-07-26,162.0,162.0,162.5,161.0,161.5,3516058
2017-07-27,163.5,163.5,164.0,162.0,162.5,6325910
2017-07-28,162.0,162.0,163.5,161.5,163.5,3825419
2017-07-31,160.5,160.5,162.0,159.0,161.5,5365749
2017-08-01,160.5,160.5,162.0,159.5,160.5,14282156
2017-08-02,163.0,163.0,163.0,161.0,161.5,6276742
2017-08-03,161.5,161.5,162.5,160.5,160.5,3460250
2017-08-04,162.0,162.0,162.5,161.0,161.5,2616955
2017-08-07,162.5,162.5,162.5,161.5,162.0,1943908
2017-08-08,162.5,162.5,163.0,162.0,162.5,3477914
2017-08-09,162.0,162.0,163.0,161.5,163.0,2450953
2017-08-10,160.0,160.0,162.0,160.0,162.0,3140782
2017-08-11,159.5,159.5,159.5,158.5,159.0,3039988
2017-08-14,158.5,158.5,160.5,157.0,160.0,3128521
2017-08-15,160.5,160.5,161.0,159.5,160.0,2727491
2017-08-16,160.5,160.5,161.0,159.0,160.5,3153918
2017-08-17,162.0,162.0,162.0,160.0,160.5,1601408
2017-08-18,160.0,160.0,161.5,159.5,161.0,2346279
2017-08-21,160.0,160.0,161.0,159.5,159.5,1585263
2017-08-22,162.0,162.0,162.5,160.5,160.5,4641986
2017-08-23,162.5,162.5,163.0,160.5,163.0,4928201
2017-08-24,162.0,162.0,163.0,161.0,162.0,4252936
2017-08-25,161.0,161.0,162.5,159.5,162.0,6700673
2017-08-28,162.5,162.5,163.0,160.5,161.0,7361847
2017-08-29,161.5,161.5,162.5,160.5,161.5,4255507
2017-08-30,163.0,163.0,164.5,161.5,161.5,5728868
2017-08-31,165.5,165.5,165.5,163.5,164.0,9445242
2017-09-01,164.0,164.0,165.5,163.5,165.0,3470906
2017-09-04,161.5,161.5,164.0,161.5,164.0,2208135
2017-09-05,162.5,162.5,163.0,161.5,162.0,3530144
2017-09-06,161.0,161.0,162.0,161.0,161.5,3482821
2017-09-07,161.0,161.0,163.0,161.0,162.5,2861568
2017-09-08,163.0,163.0,163.0,161.5,162.5,2074347
2017-09-11,161.0,161.0,163.5,161.0,163.5,1875530
2017-09-12,163.0,163.0,163.5,160.5,161.5,2518383
2017-09-13,160.0,160.0,163.0,160.0,163.0,4391143
2017-09-14,160.5,160.5,161.5,159.0,159.0,2100549
2017-09-15,159.5,159.5,160.5,158.5,160.0,6977974
2017-09-18,163.0,163.0,163.0,160.0,160.5,3318476
2017-09-19,162.0,162.0,163.5,161.0,163.5,3280903
2017-09-20,160.0,160.0,162.0,159.5,161.5,9568975
2017-09-21,160.0,160.0,160.5,159.5,159.5,3349306
2017-09-22,159.0,159.0,160.0,158.5,160.0,3398843
2017-09-25,156.0,156.0,158.5,156.0,158.0,4029537
2017-09-26,155.5,155.5,157.0,155.0,156.0,6076282
2017-09-27,155.5,155.5,158.5,155.5,156.0,3933725
2017-09-28,155.0,155.0,156.5,153.5,156.5,5204405
2017-09-29,156.0,156.0,156.5,155.0,155.0,2692688
2017-10-02,154.5,154.5,157.5,154.0,157.5,4791863
2017-10-03,156.0,156.0,157.5,155.5,155.5,4106055
2017-10-05,155.5,155.5,156.5,155.0,155.5,2033343
2017-10-06,154.5,154.5,155.0,154.5,154.5,3145334
2017-10-11,156.0,156.0,157.0,155.0,155.5,8468193
2017-10-12,152.0,152.0,154.5,151.5,153.0,10858239
2017-10-13,149.5,149.5,152.5,149.0,152.0,9349436
2017-10-16,146.5,146.5,149.5,146.0,149.5,15775568
2017-10-17,145.5,145.5,147.0,145.0,146.5,7874009
2017-10-18,147.0,147.0,148.0,145.5,146.5,6338605
2017-10-19,147.5,147.5,148.5,147.0,148.0,4995895
2017-10-20,148.5,148.5,149.0,147.5,148.0,5002851
2017-10-23,144.5,144.5,148.5,144.5,148.0,6653135
2017-10-24,144.5,144.5,145.5,144.5,145.0,4295006
2017-10-25,144.0,144.0,146.0,143.5,145.0,5046828
2017-10-26,143.5,143.5,144.5,143.5,144.0,4475564
2017-10-27,145.5,145.5,148.0,144.0,144.0,6462226
2017-10-30,145.0,145.0,147.5,145.0,147.0,3718453
2017-10-31,145.0,145.0,147.0,145.0,145.0,7019247
2017-11-01,143.5,143.5,146.5,142.5,146.0,9895416
2017-11-02,141.5,141.5,143.0,141.0,143.0,20449421
2017-11-03,142.0,142.0,143.0,141.5,142.0,3502641
2017-11-06,141.5,141.5,142.5,141.0,141.5,3615432
2017-11-07,141.5,141.5,142.5,141.5,142.0,4095422
2017-11-08,137.0,137.0,141.5,137.0,141.5,10082730
2017-11-09,138.5,138.5,139.5,137.0,137.0,6814598
2017-11-10,137.0,137.0,139.5,137.0,138.5,3651656
2017-11-13,137.0,137.0,138.5,137.0,137.5,3423714
2017-11-14,137.0,137.0,138.0,136.5,137.0,3650205
2017-11-15,137.0,137.0,138.0,136.5,137.5,6261950
2017-11-16,136.5,136.5,137.5,136.5,137.0,2813309
2017-11-17,137.0,137.0,138.0,136.0,137.0,6688788
2017-11-20,137.0,137.0,138.0,136.5,137.5,3157845
2017-11-21,136.5,136.5,137.0,136.0,137.0,4614988
2017-11-22,140.0,140.0,141.5,136.0,137.0,11803949
2017-11-23,142.0,142.0,143.0,140.5,141.0,6410620
2017-11-24,146.5,146.5,146.5,143.5,143.5,10068636
2017-11-27,140.5,140.5,147.0,140.0,146.5,8852564
2017-11-28,141.5,141.5,142.0,140.0,140.5,11957758
2017-11-29,139.0,139.0,142.0,138.0,142.0,6038731
2017-11-30,136.5,136.5,139.0,136.5,138.0,6976224
2017-12-01,137.0,137.0,138.5,136.0,137.0,4630641
2017-12-04,139.0,139.0,140.0,137.0,137.5,3030429
2017-12-05,141.0,141.0,142.0,138.5,139.0,5785045
2017-12-06,137.5,137.5,141.0,137.5,141.0,4314582
2017-12-07,137.5,137.5,140.0,137.5,138.0,3217867
2017-12-08,137.0,137.0,139.5,137.0,139.0,2892590
2017-12-11,138.0,138.0,140.5,138.0,138.5,2728205
2017-12-12,137.5,137.5,139.0,137.0,138.0,2577956
2017-12-13,138.0,138.0,138.5,137.0,137.0,3481386
2017-12-14,138.0,138.0,139.5,138.0,138.5,3382095
2017-12-15,136.0,136.0,137.5,135.0,137.5,7940367
2017-12-18,136.0,136.0,137.0,135.0,136.5,3248694
2017-12-19,136.5,136.5,137.0,136.0,136.5,2165997
2017-12-20,137.0,137.0,138.0,136.5,138.0,2788510
2017-12-21,138.0,138.0,138.0,137.0,137.0,1352939
2017-12-22,139.5,139.5,139.5,138.0,138.0,3056892
2017-12-25,140.5,140.5,142.0,140.0,140.5,2540536
2017-12-26,139.5,139.5,141.5,139.0,141.0,1685027
2017-12-27,140.0,140.0,141.0,139.5,139.5,1158887
2017-12-28,141.5,141.5,142.0,141.0,141.0,3839033
2017-12-29,143.5,143.5,144.0,142.5,142.5,4250559
2018-01-02,141.0,141.0,144.0,140.0,144.0,4167036
2018-01-03,139.0,139.0,141.0,138.0,141.0,4881918
2018-01-04,139.0,139.0,140.0,138.5,139.5,3198008
2018-01-05,140.5,140.5,140.5,139.0,139.5,4055939
2018-01-08,140.5,140.5,141.5,139.5,141.0,4101632
2018-01-09,140.0,140.0,141.0,139.0,141.0,2987139
2018-01-10,138.5,138.5,141.0,138.0,141.0,4399758
2018-01-11,136.5,136.5,137.0,136.0,137.0,7084022
2018-01-12,136.5,136.5,137.0,136.0,136.5,5848864
2018-01-15,137.0,137.0,138.0,136.5,137.5,3277611
2018-01-16,140.0,140.0,140.0,137.0,137.5,8282299
2018-01-17,139.0,139.0,140.0,138.5,140.0,6179730
2018-01-18,143.0,143.0,143.5,140.0,140.0,10607839
2018-01-19,144.5,144.5,145.0,143.5,143.5,7164653
2018-01-22,149.0,149.0,149.0,145.0,146.0,14637072
2018-01-23,147.5,147.5,151.0,146.0,150.5,11271320
2018-01-24,148.0,148.0,149.0,146.0,147.5,6386111
2018-01-25,147.5,147.5,151.0,146.5,149.0,9102792
2018-01-26,147.5,147.5,149.0,146.5,148.0,5850314
2018-01-29,146.5,146.5,149.5,145.0,148.5,5948915
2018-01-30,146.0,146.0,147.0,145.0,146.0,4066039
2018-01-31,147.0,147.0,148.0,144.5,145.5,4113468
2018-02-01,147.0,147.0,148.5,146.5,147.0,2783695
2018-02-02,147.0,147.0,147.0,145.0,146.0,2167155
2018-02-05,145.0,145.0,145.5,143.0,144.0,3084099
2018-02-06,138.5,138.5,141.5,136.0,141.0,8812236
2018-02-07,137.0,137.0,140.0,137.0,139.5,5284216
2018-02-08,137.0,137.0,138.0,136.5,136.5,2150228
2018-02-09,134.5,134.5,134.5,130.5,133.0,5514158
2018-02-12,135.0,135.0,136.5,135.0,136.5,2842052
2018-02-21,137.5,137.5,138.0,135.5,137.5,7506472
2018-02-22,137.5,137.5,137.5,136.5,137.0,5331805
2018-02-23,138.0,138.0,138.5,137.0,137.5,2750372
2018-02-26,139.5,139.5,141.0,138.5,139.0,3407713
2018-02-27,139.0,139.0,141.0,139.0,140.5,5618281
2018-03-01,139.5,139.5,140.5,137.0,137.0,4457908
2018-03-02,138.0,138.0,139.5,136.5,137.5,5893253
2018-03-05,138.5,138.5,141.0,138.0,138.0,3733572
2018-03-06,140.0,140.0,140.5,138.5,140.5,2558241
2018-03-07,137.0,137.0,139.0,136.5,138.5,5314950
2018-03-08,137.0,137.0,138.0,136.0,137.0,5808231
2018-03-09,135.5,135.5,137.5,133.5,137.5,10041144
2018-03-12,135.5,135.5,136.5,134.5,135.5,10106674
2018-03-13,137.0,137.0,137.0,135.5,136.0,4376879
2018-03-14,136.5,136.5,137.0,136.0,136.5,1650834
2018-03-15,136.5,136.5,137.0,135.5,136.0,2405887
2018-03-16,136.0,136.0,137.0,135.5,136.0,7929851
2018-03-19,134.5,134.5,136.5,134.0,136.0,7185814
2018-03-20,132.0,132.0,134.0,131.5,133.5,9011370
2018-03-21,132.5,132.5,134.0,131.5,132.0,5472332
2018-03-22,130.0,130.0,133.0,130.0,132.5,7876786
2018-03-23,128.0,128.0,128.5,126.5,128.0,10031621
2018-03-26,127.0,127.0,127.5,125.5,127.0,8441182
2018-03-27,131.5,131.5,132.0,128.5,128.5,5377799
2018-03-28,128.5,128.5,130.5,128.0,130.0,2964982
2018-03-29,130.0,130.0,130.0,128.0,130.0,3136830
2018-03-30,130.0,130.0,131.5,129.0,131.5,1995588
2018-04-02,130.0,130.0,132.0,129.5,131.5,3180335
2018-04-03,128.0,128.0,129.0,127.5,128.5,3902695
2018-04-09,127.5,127.5,128.5,126.5,128.0,4168564
2018-04-10,127.5,127.5,128.0,127.0,127.0,2208117
2018-04-11,126.5,126.5,128.5,126.5,128.0,4058069
2018-04-12,123.5,123.5,126.5,122.5,126.0,12760123
2018-04-13,120.5,120.5,124.0,120.0,123.5,11587941
2018-04-16,121.5,121.5,122.0,121.0,121.5,8029316
2018-04-17,120.0,120.0,122.0,119.5,121.5,5913156
2018-04-18,120.0,120.0,121.0,117.5,121.0,7512271
2018-04-19,120.0,120.0,121.0,118.0,121.0,10202952
2018-04-20,119.0,119.0,119.5,118.0,119.0,8075110
2018-04-23,114.5,114.5,118.5,113.0,118.5,9078583
2018-04-24,111.5,111.5,114.0,107.5,114.0,11390962
2018-04-25,111.5,111.5,112.5,110.5,110.5,5302494
2018-04-26,110.0,110.0,113.5,108.5,112.5,9103413
2018-04-27,110.0,110.0,112.0,109.0,111.0,9456677
2018-04-30,108.0,108.0,110.5,106.0,110.0,11046231
2018-05-02,108.0,108.0,109.5,108.0,108.0,10212560
2018-05-03,104.0,104.0,109.0,103.0,108.5,13558881
2018-05-04,107.0,107.0,108.0,101.5,102.5,8634726
2018-05-07,112.0,112.0,114.0,109.0,109.5,13122967
2018-05-08,114.5,114.5,116.0,113.0,113.5,10446969
2018-05-09,113.0,113.0,114.5,112.5,114.5,4854371
2018-05-10,115.0,115.0,115.5,113.0,113.5,5840326
2018-05-11,114.0,114.0,116.5,113.5,116.0,5398202
2018-05-14,115.5,115.5,116.0,114.5,115.0,4406290
2018-05-15,115.0,115.0,116.5,115.0,116.0,5975844
2018-05-16,115.5,115.5,116.5,114.5,116.0,3374811
2018-05-17,113.5,113.5,115.5,113.5,115.5,2991657
2018-05-18,114.0,114.0,115.0,113.5,113.5,3430096
2018-05-21,117.5,117.5,118.0,114.0,114.5,7419730
2018-05-22,114.5,114.5,118.5,114.5,118.0,3261883
2018-05-23,112.5,112.5,115.0,112.0,114.5,4347416
2018-05-24,112.5,112.5,113.5,112.0,112.5,2741740
2018-05-25,115.0,115.0,115.5,112.5,113.5,4453452
2018-05-28,113.5,113.5,116.0,113.0,115.5,2649135
2018-05-29,114.5,114.5,114.5,113.0,113.5,2016706
2018-05-30,112.0,112.0,113.0,112.0,112.5,4713370
2018-05-31,111.0,111.0,113.0,111.0,112.5,8936371
2018-06-01,114.5,114.5,114.5,111.5,111.5,4036635
2018-06-04,114.5,114.5,114.5,113.0,114.5,4928376
2018-06-05,112.0,112.0,114.5,112.0,114.0,5043256
2018-06-06,113.0,113.0,114.0,112.0,112.5,3555201
2018-06-07,113.5,113.5,114.0,112.5,113.5,5129387
2018-06-08,113.5,113.5,114.0,112.5,113.0,7187066
2018-06-11,116.5,116.5,117.5,114.5,114.5,7496296
2018-06-12,115.0,115.0,117.0,115.0,116.5,3722148
2018-06-13,117.0,117.0,117.5,115.5,115.5,3516769
2018-06-14,114.0,114.0,116.0,114.0,115.5,3976258
2018-06-15,113.5,113.5,115.0,112.5,115.0,8039881
2018-06-19,110.5,110.5,112.0,110.0,111.5,6285033
2018-06-20,111.0,111.0,112.0,110.0,111.0,3110038
2018-06-21,110.5,110.5,112.5,110.5,112.5,3092849
2018-06-22,110.5,110.5,111.0,110.0,110.5,8852526
2018-06-25,110.0,110.0,111.0,110.0,110.5,3074375
2018-06-26,108.0,108.0,110.5,107.5,110.0,5248992
2018-06-27,107.5,107.5,109.0,107.0,108.5,4791206
2018-06-28,107.0,107.0,108.5,106.5,107.0,3201918
2018-06-29,109.5,109.5,109.5,107.0,107.5,5454133
2018-07-02,104.5,104.5,106.0,104.5,105.5,3761108
2018-07-03,104.0,104.0,105.0,104.0,104.5,2750900
2018-07-04,101.5,101.5,104.5,101.0,104.5,4749470
2018-07-05,98.9,98.9,102.0,98.3,101.5,10560190
2018-07-06,99.2,99.2,100.0,98.7,99.0,5531706
2018-07-09,102.0,102.0,104.0,100.0,100.5,5758877
2018-07-10,102.5,102.5,103.5,101.5,103.0,5075756
2018-07-11,102.5,102.5,102.5,101.0,102.0,3984429
2018-07-12,101.5,101.5,102.5,101.0,102.0,5433658
2018-07-13,105.0,105.0,105.0,102.5,102.5,4494421
2018-07-16,104.0,104.0,105.5,104.0,105.0,3054659
2018-07-17,102.0,102.0,104.5,102.0,104.0,3331716
2018-07-18,105.0,105.0,105.0,102.5,103.0,4300140
2018-07-19,103.0,103.0,105.0,102.5,105.0,2901705
2018-07-20,103.5,103.5,104.5,103.0,103.5,2121100
2018-07-23,104.0,104.0,104.5,103.5,104.0,1884433
2018-07-24,104.5,104.5,104.5,103.5,104.5,2847062
2018-07-25,103.5,103.5,104.5,103.5,104.5,3349813
2018-07-26,104.5,104.5,105.5,104.0,105.0,4663289
2018-07-27,108.0,108.0,108.5,104.5,104.5,7776011
2018-07-30,104.5,104.5,108.0,104.0,108.0,9683729
2018-07-31,106.5,106.5,106.5,104.0,104.5,5910128
2018-08-01,107.5,107.5,108.0,105.5,108.0,8738681
2018-08-02,106.5,106.5,108.0,106.0,107.5,5948035
2018-08-03,108.0,108.0,108.5,107.0,107.5,4636424
2018-08-06,107.0,107.0,108.0,107.0,108.0,2697406
2018-08-07,108.0,108.0,108.0,107.0,107.0,3285253
2018-08-08,109.5,109.5,109.5,107.5,108.0,5042883
2018-08-09,108.0,108.0,109.5,108.0,109.0,4533771
2018-08-10,106.0,106.0,108.0,106.0,108.0,4305526
2018-08-13,105.0,105.0,107.0,105.0,106.0,6759072
2018-08-14,106.5,106.5,107.0,105.5,106.0,5917494
2018-08-15,105.5,105.5,107.0,105.5,106.5,4236252
2018-08-16,103.0,103.0,105.0,103.0,104.5,3632210
2018-08-17,105.0,105.0,105.5,103.5,104.0,4380065
2018-08-20,105.0,105.0,106.5,104.0,105.0,3072394
2018-08-21,105.5,105.5,106.0,105.0,105.0,1967622
2018-08-22,106.0,106.0,106.0,105.0,105.5,1725129
2018-08-23,106.5,106.5,107.0,106.0,106.5,4419779
2018-08-24,104.5,104.5,106.5,104.0,106.0,3438063
2018-08-27,105.5,105.5,105.5,104.5,104.5,1726684
2018-08-28,112.0,112.0,113.5,106.0,106.5,21153489
2018-08-29,118.5,118.5,121.0,110.5,111.0,40435611
2018-08-30,121.0,121.0,124.0,119.5,122.0,23859342
2018-08-31,123.0,123.0,124.5,120.0,121.5,18600048
2018-09-03,121.5,121.5,124.0,119.5,124.0,11146330
2018-09-04,124.0,124.0,125.0,121.5,123.0,8677570
2018-09-05,122.0,122.0,125.0,121.5,124.5,5889228
2018-09-06,121.5,121.5,122.0,120.0,120.5,4625512
2018-09-07,120.5,120.5,122.0,118.5,119.5,9139141
2018-09-10,119.5,119.5,120.0,116.5,120.0,13092180
2018-09-11,118.5,118.5,120.5,118.5,119.0,7027608
2018-09-12,116.5,116.5,119.0,116.0,118.0,5902341
2018-09-13,116.0,116.0,118.0,115.5,116.0,5885240
2018-09-14,116.5,116.5,118.0,115.5,116.0,10287452
2018-09-17,120.0,120.0,121.0,116.0,116.5,10446683
2018-09-18,120.0,120.0,121.0,117.5,118.0,7861375
2018-09-19,119.5,119.5,121.0,118.5,120.0,4754284
2018-09-20,120.0,120.0,121.5,118.5,120.0,6453078
2018-09-21,119.0,119.0,122.0,119.0,121.5,8218692
2018-09-25,120.0,120.0,121.5,119.0,119.5,5524621
2018-09-26,119.5,119.5,121.5,119.5,120.5,4514299
2018-09-27,125.5,125.5,127.5,124.0,126.5,18457158
2018-09-28,131.0,131.0,132.5,125.0,126.5,31475991
2018-10-01,129.5,129.5,133.5,128.5,132.5,15805092
2018-10-02,128.0,128.0,131.0,126.0,130.5,11768864
2018-10-03,125.0,125.0,128.0,124.0,127.5,10521609
2018-10-04,123.5,123.5,126.0,122.5,125.0,8907697
2018-10-05,118.5,118.5,122.0,116.5,122.0,12519029
2018-10-08,114.5,114.5,118.0,114.0,117.0,12826759
2018-10-09,117.5,117.5,119.0,115.5,116.0,6949979
2018-10-11,111.5,111.5,112.5,109.0,111.0,15179872
2018-10-12,118.5,118.5,119.0,114.0,114.5,13472043
2018-10-15,117.0,117.0,119.5,116.5,118.0,7793579
2018-10-16,119.0,119.0,120.0,116.5,117.0,5717449
2018-10-17,117.0,117.0,122.5,117.0,122.0,6850031
2018-10-18,119.5,119.5,119.5,117.0,118.0,3826909
2018-10-19,118.5,118.5,120.0,116.5,117.5,4223979
2018-10-22,122.5,122.5,123.0,118.5,118.5,6609694
2018-10-23,120.0,120.0,122.5,119.5,121.5,5122204
2018-10-24,123.0,123.0,123.5,118.0,121.0,12861395
2018-10-25,121.5,121.5,123.0,119.0,119.5,10252652
2018-10-26,121.5,121.5,125.0,119.0,123.5,10323605
2018-10-29,119.5,119.5,123.5,119.0,123.0,9998853
2018-10-30,125.0,125.0,125.0,121.5,122.0,17743367
2018-10-31,130.0,130.0,130.0,127.5,129.0,26296499
2018-11-01,130.0,130.0,132.5,128.5,129.0,16437949
2018-11-02,129.0,129.0,132.0,127.0,132.0,12588477
2018-11-05,129.0,129.0,131.0,127.0,130.0,7994512
2018-11-06,127.5,127.5,130.0,124.5,129.5,10607836
2018-11-07,130.0,130.0,130.0,126.5,128.5,7255728
2018-11-08,130.0,130.0,131.5,130.0,131.5,8210761
2018-11-09,128.0,128.0,130.5,127.0,130.0,6031408
2018-11-12,128.5,128.5,130.0,126.5,128.0,4253126
2018-11-13,129.0,129.0,129.0,124.5,126.5,6928353
2018-11-14,130.0,130.0,130.0,127.5,129.0,5633725
2018-11-15,127.5,127.5,130.5,126.5,130.5,6719532
2018-11-16,128.5,128.5,128.5,126.5,128.0,4470434
2018-11-19,127.5,127.5,129.0,126.5,129.0,4477738
2018-11-20,125.5,125.5,127.0,125.0,126.5,5717094
2018-11-21,125.5,125.5,126.5,123.0,125.0,7985415
2018-11-22,121.0,121.0,126.0,121.0,126.0,8004665
2018-11-23,120.0,120.0,122.0,118.0,121.0,8886819
2018-11-26,122.0,122.0,123.5,121.0,121.5,5179673
2018-11-27,126.5,126.5,127.0,122.0,123.0,8209105
2018-11-28,128.0,128.0,129.0,126.5,127.5,8733565
2018-11-29,128.5,128.5,131.0,128.5,129.5,15519817
2018-11-30,130.0,130.0,130.0,127.0,129.0,14829418
2018-12-03,130.0,130.0,131.0,128.0,131.0,8880799
2018-12-04,130.0,130.0,130.0,128.0,130.0,7359852
2018-12-05,129.0,129.0,129.5,127.5,128.0,2981011
2018-12-06,127.5,127.5,128.5,125.0,128.5,7615449
2018-12-07,127.5,127.5,127.5,126.5,127.5,8011444
2018-12-10,126.5,126.5,128.0,126.0,126.0,3822351
2018-12-11,128.0,128.0,129.5,127.0,127.0,5884470
2018-12-12,128.5,128.5,129.5,128.0,129.5,7547140
2018-12-13,131.0,131.0,131.5,129.0,130.0,12057446
2018-12-14,131.5,131.5,132.0,129.5,130.0,7426486
2018-12-17,131.0,131.0,131.5,130.0,131.5,2809544
2018-12-18,132.0,132.0,132.0,129.5,130.0,4428454
2018-12-19,132.5,132.5,133.0,131.0,132.5,6019818
2018-12-20,133.0,133.0,134.5,131.0,131.0,9705975
2018-12-21,128.0,128.0,132.0,128.0,131.5,11241594
2018-12-24,128.0,128.0,129.0,127.5,128.0,1738282
2018-12-25,127.0,127.0,127.5,126.0,127.5,2707764
2018-12-26,126.0,126.0,128.0,126.0,127.0,1559780
2018-12-27,127.5,127.5,128.5,126.0,127.5,3825119
2018-12-28,129.5,129.5,129.5,127.5,128.5,2764729
2019-01-02,127.0,127.0,130.0,126.5,129.5,2743002
2019-01-03,130.0,130.0,130.0,126.0,126.5,4493915
2019-01-04,131.0,131.0,133.0,127.5,128.0,11556459
2019-01-07,138.0,138.0,138.0,132.5,133.0,21286308
2019-01-08,140.5,140.5,141.5,138.5,140.5,16880932
2019-01-09,144.5,144.5,145.0,141.0,141.0,16972449
2019-01-10,145.0,145.0,145.0,142.0,144.5,9823605
2019-01-11,142.0,142.0,145.0,140.5,144.0,10146002
2019-01-14,142.0,142.0,143.5,140.0,142.5,6557107
2019-01-15,150.0,150.0,150.0,143.5,144.0,19576578
2019-01-16,149.5,149.5,151.0,148.0,150.5,8555382
2019-01-17,150.0,150.0,154.5,148.0,150.0,17625937
2019-01-18,150.5,150.5,151.5,146.5,148.5,10216757
2019-01-21,152.0,152.0,152.5,150.0,152.0,9012849
2019-01-22,151.5,151.5,152.0,150.5,152.0,4817138
2019-01-23,149.5,149.5,151.0,148.5,150.0,9994651
2019-01-24,152.5,152.5,153.5,150.5,151.0,14028201
2019-01-25,154.0,154.0,155.0,152.0,154.0,9983386
2019-01-28,152.0,152.0,155.0,151.5,154.5,3467145
2019-01-29,149.0,149.0,150.5,147.0,150.0,10819651
2019-01-30,151.0,151.0,152.0,148.5,149.5,11405267
2019-02-11,151.5,151.5,153.5,150.0,153.5,8166860
2019-02-12,153.0,153.0,154.0,152.0,152.5,8676939
2019-02-13,153.5,153.5,155.0,153.0,155.0,9855024
2019-02-14,154.5,154.5,156.5,153.5,153.5,9376144
2019-02-15,155.0,155.0,156.0,154.0,155.5,7828143
2019-02-18,154.0,154.0,156.0,153.5,156.0,12590117
2019-02-19,152.5,152.5,154.0,151.5,154.0,6502945
2019-02-20,154.5,154.5,157.0,154.0,154.5,9967300
2019-02-21,155.0,155.0,156.0,153.5,156.0,5578452
2019-02-22,154.0,154.0,155.5,153.0,155.5,6576405
2019-02-25,154.0,154.0,156.0,153.0,155.5,5157145
2019-02-26,152.5,152.5,154.0,152.5,154.0,7575348
2019-02-27,153.5,153.5,155.0,153.5,154.0,10588023
2019-03-04,157.0,157.0,160.5,155.0,156.0,17558792
2019-03-05,153.5,153.5,157.5,152.5,157.0,8701432
2019-03-06,154.5,154.5,154.5,151.5,154.0,6293865
2019-03-07,153.5,153.5,154.5,153.0,154.5,4322417
2019-03-08,150.5,150.5,152.0,150.0,152.0,7724637
2019-03-11,152.0,152.0,153.5,150.5,151.0,5335683
2019-03-12,144.0,144.0,152.0,143.5,152.0,22712117
2019-03-13,148.0,148.0,148.5,145.5,147.0,13030540
2019-03-14,150.0,150.0,150.0,147.0,148.0,9179145
2019-03-15,149.0,149.0,150.0,148.5,149.5,7319453
2019-03-18,151.5,151.5,152.0,149.5,150.0,5957398
2019-03-19,154.5,154.5,154.5,150.5,151.5,8216999
2019-03-20,155.5,155.5,156.5,154.0,155.5,9385357
2019-03-21,160.5,160.5,161.5,156.0,156.5,16912537
2019-03-22,161.5,161.5,162.0,159.5,162.0,8306770
2019-03-25,156.0,156.0,158.0,155.0,157.0,5910429
2019-03-26,162.0,162.0,162.0,158.5,159.0,8762368
2019-03-27,162.5,162.5,163.0,160.0,160.0,7589351
2019-03-28,161.5,161.5,161.5,158.5,161.0,4530397
2019-03-29,159.0,159.0,160.5,156.5,160.0,7900757
2019-04-01,156.0,156.0,160.0,155.5,159.5,7193470
2019-04-02,157.5,157.5,159.0,156.5,158.5,5234744
2019-04-03,160.0,160.0,161.0,157.5,159.0,5222601
2019-04-08,165.0,165.0,165.0,161.5,163.0,9875208
2019-04-09,164.0,164.0,164.5,162.0,164.0,4286724
2019-04-10,166.0,166.0,166.5,163.5,164.0,8268576
2019-04-11,165.5,165.5,167.5,163.0,167.0,7622535
2019-04-12,163.0,163.0,166.5,162.0,166.5,6759374
2019-04-15,162.0,162.0,164.0,161.5,164.0,4771009
2019-04-16,162.0,162.0,162.5,161.0,162.0,3108643
2019-04-17,162.0,162.0,163.5,161.0,163.0,3204494
2019-04-18,161.0,161.0,163.0,160.5,162.5,3217495
2019-04-19,159.0,159.0,162.0,158.5,161.5,2470302
2019-04-22,160.0,160.0,161.0,159.0,160.0,2490053
2019-04-23,160.5,160.5,160.5,158.0,160.0,2161702
2019-04-24,160.0,160.0,161.5,158.0,161.5,4484279
2019-04-25,162.5,162.5,162.5,158.5,160.0,4106356
2019-04-26,161.0,161.0,162.0,159.0,162.0,4547048
2019-04-29,162.0,162.0,162.0,160.0,160.0,3071258
2019-04-30,162.5,162.5,162.5,160.0,160.5,5182562
2019-05-02,159.5,159.5,161.5,158.0,161.5,6572285
2019-05-03,160.5,160.5,161.0,158.0,160.0,8324999
2019-05-06,153.5,153.5,158.0,152.5,158.0,9439415
2019-05-07,155.5,155.5,157.0,154.0,154.0,6352304
2019-05-08,155.5,155.5,157.5,152.0,152.5,4716414
2019-05-09,151.0,151.0,154.5,150.0,154.0,8127717
2019-05-10,150.5,150.5,152.5,149.0,151.0,6679467
2019-05-13,150.0,150.0,151.0,149.0,150.5,3202316
2019-05-14,149.0,149.0,150.5,145.5,148.0,8684661
2019-05-15,147.5,147.5,150.5,147.5,149.0,7269141
2019-05-16,144.0,144.0,148.5,144.0,147.5,6068047
2019-05-17,142.5,142.5,148.0,141.5,147.0,6078379
2019-05-20,145.0,145.0,145.0,142.0,144.0,5290608
2019-05-21,143.0,143.0,145.5,143.0,145.0,7542380
2019-05-22,140.5,140.5,144.0,139.5,143.0,7024091
2019-05-23,136.5,136.5,140.0,136.0,139.0,9765270
2019-05-24,140.0,140.0,142.0,135.0,135.0,9433000
2019-05-27,140.0,140.0,142.0,138.0,140.0,5617489
2019-05-28,138.0,138.0,141.5,138.0,141.5,23255374
2019-05-29,138.5,138.5,139.5,137.0,137.0,5688205
2019-05-30,142.5,142.5,144.0,138.5,138.5,6841855
2019-05-31,142.5,142.5,144.0,140.0,141.0,8837705
2019-06-03,148.0,148.0,149.0,142.5,144.5,9010346
2019-06-04,149.5,149.5,151.5,149.0,150.0,5603019
2019-06-05,146.0,146.0,152.0,146.0,151.0,5938387
2019-06-06,148.0,148.0,149.5,145.5,146.0,4861375
2019-06-10,151.5,151.5,152.0,150.0,152.0,4362357
2019-06-11,151.0,151.0,152.5,150.0,152.5,4318298
2019-06-12,151.5,151.5,152.0,150.5,151.0,2106665
2019-06-13,150.5,150.5,152.0,150.0,151.5,4713761
2019-06-14,148.0,148.0,150.5,148.0,150.0,4165399
2019-06-17,153.0,153.0,153.5,148.5,149.5,4755114
2019-06-18,152.0,152.0,153.5,152.0,153.0,3456026
2019-06-19,158.0,158.0,159.5,154.0,154.0,11550321
2019-06-20,159.0,159.0,159.5,157.0,158.0,4955176
2019-06-21,159.5,159.5,160.5,158.0,159.0,14820135
2019-06-24,158.5,158.5,159.5,158.0,159.5,7232717
2019-06-25,155.0,155.0,157.0,154.0,156.5,9259109
2019-06-26,153.0,153.0,155.0,153.0,154.0,6256692
2019-06-27,156.0,156.0,157.0,154.0,154.0,6090802
2019-06-28,157.5,157.5,158.0,154.5,156.0,5217679
2019-07-01,160.5,160.5,161.0,158.5,160.0,8271578
2019-07-02,155.0,155.0,156.5,154.0,155.5,6365003
2019-07-03,152.0,152.0,155.5,152.0,155.0,2451632
2019-07-04,155.0,155.0,155.0,153.0,153.5,2430531
2019-07-05,155.0,155.0,155.5,153.0,155.0,1134285
2019-07-08,154.0,154.0,155.0,153.0,154.5,1932176
2019-07-09,151.0,151.0,154.0,151.0,153.5,2724318
2019-07-10,151.5,151.5,152.0,150.5,151.0,2832242
2019-07-11,152.0,152.0,154.0,152.0,153.0,4590808
2019-07-12,151.0,151.0,153.0,151.0,152.0,2581148
2019-07-15,154.5,154.5,154.5,150.5,152.0,4369430
2019-07-16,154.5,154.5,154.5,152.0,154.0,5587613
2019-07-17,150.0,150.0,153.0,150.0,153.0,5202106
2019-07-18,147.5,147.5,150.0,146.0,149.5,7297948
2019-07-19,148.0,148.0,150.0,147.5,148.5,4062311
2019-07-22,148.0,148.0,149.5,148.0,148.0,2878511
2019-07-23,149.5,149.5,150.0,147.5,149.5,5486561
2019-07-24,151.5,151.5,152.0,149.5,149.5,6297083
2019-07-25,149.5,149.5,152.0,149.5,151.5,6178584
2019-07-26,150.5,150.5,151.5,148.5,149.0,3023216
2019-07-29,150.0,150.0,150.5,149.0,149.0,2235449
2019-07-30,149.0,149.0,150.5,148.5,150.0,3480223
2019-07-31,151.5,151.5,153.0,148.5,149.0,5531527
2019-08-01,153.0,153.0,155.5,152.0,152.5,11153382
2019-08-02,152.5,152.5,152.5,148.5,150.5,10214897
2019-08-05,148.5,148.5,153.0,148.5,151.5,6145282
2019-08-06,148.5,148.5,149.5,145.0,145.0,7080042
2019-08-07,149.5,149.5,151.0,148.0,149.0,4619523
2019-08-08,150.5,150.5,151.5,149.5,149.5,2911827
2019-08-12,149.0,149.0,151.0,149.0,149.0,2871138
2019-08-13,148.0,148.0,149.5,148.0,149.5,3138876
2019-08-14,149.0,149.0,150.5,148.5,150.0,2598417
2019-08-15,147.5,147.5,148.5,146.5,146.5,3041472
2019-08-16,146.5,146.5,148.0,146.0,147.5,4123279
2019-08-19,148.0,148.0,149.0,147.0,147.5,2252922
2019-08-20,152.0,152.0,152.0,147.5,148.0,4315988
2019-08-21,150.0,150.0,152.0,150.0,152.0,2571664
2019-08-22,149.5,149.5,151.5,149.0,151.0,2666603
2019-08-23,148.5,148.5,149.5,148.0,149.5,2403727
2019-08-26,145.0,145.0,146.0,145.0,145.5,6084762
2019-08-27,145.5,145.5,146.5,145.0,146.5,7251801
2019-08-28,144.5,144.5,146.0,144.0,145.5,3166674
2019-08-29,143.5,143.5,145.0,143.5,145.0,3081498
2019-08-30,146.5,146.5,147.0,145.0,145.0,4532198
2019-09-02,146.0,146.0,147.5,146.0,147.5,1995080
2019-09-03,146.0,146.0,146.5,145.0,146.5,2309515
2019-09-04,145.5,145.5,146.5,145.5,146.5,3258178
2019-09-05,147.5,147.5,147.5,146.0,146.5,4761038
2019-09-06,148.5,148.5,149.0,147.0,147.5,2698455
2019-09-09,147.5,147.5,149.5,147.0,149.5,1281224
2019-09-10,146.5,146.5,148.5,146.0,148.5,1826423
2019-09-11,146.0,146.0,146.0,144.5,146.0,4425046
2019-09-12,145.5,145.5,147.5,145.5,147.0,2894258
2019-09-16,147.0,147.0,147.5,144.5,145.0,6737044
2019-09-17,145.5,145.5,147.0,144.5,146.5,4788576
2019-09-18,146.5,146.5,147.5,145.0,146.0,6126362
2019-09-19,148.5,148.5,149.0,147.0,148.0,6429338
2019-09-20,145.5,145.5,148.5,145.5,148.5,9051802
2019-09-23,146.0,146.0,147.0,145.5,145.5,4422156
2019-09-24,143.0,143.0,146.0,142.5,145.5,10784700
2019-09-25,136.0,136.0,140.0,136.0,140.0,24936266
2019-09-26,134.0,134.0,137.0,134.0,136.5,16892852
2019-09-27,132.5,132.5,133.5,131.0,132.0,10822119
2019-10-01,134.0,134.0,134.0,131.0,131.0,9540216
2019-10-02,134.5,134.5,135.5,133.0,133.0,7550557
2019-10-03,133.0,133.0,134.0,132.0,132.5,4350233
2019-10-04,131.5,131.5,133.0,131.0,132.0,11273030
2019-10-07,133.5,133.5,134.5,132.5,133.0,6746213
2019-10-08,131.5,131.5,134.0,131.5,134.0,6475313
2019-10-09,127.0,127.0,130.0,127.0,130.0,16298343
2019-10-14,133.0,133.0,134.0,127.0,127.0,16844825
2019-10-15,133.0,133.0,134.0,132.0,133.0,6998758
2019-10-16,132.5,132.5,134.5,132.0,133.0,9464402
2019-10-17,134.0,134.0,134.0,131.0,132.0,6742029
2019-10-18,136.5,136.5,136.5,134.0,134.5,8902047
2019-10-21,136.0,136.0,137.5,134.5,137.0,9183431
2019-10-22,136.5,136.5,137.5,135.0,137.0,9378098
2019-10-23,137.5,137.5,138.0,136.0,136.5,9080653
2019-10-24,139.5,139.5,140.0,138.5,139.0,11164428
2019-10-25,139.5,139.5,140.5,139.0,140.5,5681138
2019-10-28,140.5,140.5,141.0,139.5,140.5,5916974
2019-10-29,134.0,134.0,139.5,133.5,138.5,21723451
2019-10-30,135.5,135.5,135.5,133.5,134.0,8857762
2019-10-31,134.0,134.0,137.0,134.0,135.5,11510749
2019-11-01,133.5,133.5,135.0,133.0,134.0,6090603
2019-11-04,134.5,134.5,135.0,133.5,134.0,7884356
2019-11-05,141.0,141.0,141.5,134.5,135.0,18437627
2019-11-06,140.5,140.5,144.0,139.5,143.0,13977571
2019-11-07,139.5,139.5,141.5,136.5,140.0,17596508
2019-11-08,139.5,139.5,141.5,138.0,141.5,8136177
2019-11-11,138.0,138.0,140.0,137.5,140.0,4814053
2019-11-12,138.5,138.5,139.5,137.5,138.5,4532051
2019-11-13,135.5,135.5,138.0,135.0,137.0,6112459
2019-11-14,134.5,134.5,136.0,134.0,135.5,3607437
2019-11-20,137.0,137.0,139.0,136.5,139.0,4008970
2019-11-21,137.5,137.5,137.5,135.0,135.5,3794511
2019-11-22,138.5,138.5,138.5,137.0,138.5,2253341
2019-11-25,138.5,138.5,139.5,138.0,139.0,2495878
2019-11-26,138.5,138.5,140.5,138.5,139.5,11651573
2019-11-27,139.0,139.0,139.5,138.5,139.0,3631217
2019-11-28,142.0,142.0,142.0,139.0,139.0,8479199
2019-11-29,140.0,140.0,143.0,139.5,142.5,8392553
2019-12-02,140.5,140.5,141.0,139.0,141.0,5131011
2019-12-03,141.5,141.5,142.0,139.5,139.5,2727679
2019-12-04,140.0,140.0,141.0,139.0,140.5,3283407
2019-12-05,140.5,140.5,141.5,139.5,140.5,4891514
2019-12-06,141.5,141.5,142.0,140.0,140.5,4175102
2019-12-09,143.0,143.0,144.0,141.5,142.0,7142286
2019-12-10,142.5,142.5,143.0,141.0,143.0,3978314
2019-12-11,142.5,142.5,142.5,141.0,141.5,3146511
2019-12-12,143.0,143.0,144.0,142.5,143.0,4480626
2019-12-13,145.5,145.5,146.0,143.0,144.0,9578009
2019-12-16,148.5,148.5,149.0,145.5,146.0,10622396
2019-12-17,149.5,149.5,149.5,147.0,148.0,7288156
2019-12-18,150.0,150.0,151.0,147.5,149.5,9976892
2019-12-19,150.5,150.5,151.0,149.5,150.0,6476054
2019-12-20,146.5,146.5,150.5,146.5,150.5,8557521
2019-12-23,148.5,148.5,148.5,146.5,147.0,5570084
2019-12-24,146.5,146.5,148.0,145.5,148.0,3952171
2019-12-25,147.0,147.0,148.0,146.0,146.5,1566582
2019-12-26,146.0,146.0,148.0,145.5,147.5,3056984
2019-12-27,148.0,148.0,148.5,146.5,147.5,3497322
2019-12-30,152.0,152.0,153.0,148.5,149.0,12644447
2019-12-31,151.5,151.5,153.0,151.0,152.0,4698935
2020-01-02,151.0,151.0,152.5,150.5,152.5,2721085
2020-01-03,151.5,151.5,152.5,149.0,152.0,6932546
2020-01-06,149.0,149.0,151.0,147.5,150.0,6311505
2020-01-07,149.0,149.0,151.0,146.5,148.0,8304026
2020-01-08,148.0,148.0,149.0,147.0,148.5,5376586
2020-01-09,152.0,152.0,152.5,149.0,149.0,10675849
2020-01-10,151.0,151.0,154.5,149.5,152.5,6079101
2020-01-13,149.5,149.5,152.5,148.5,152.5,5115905
2020-01-14,151.0,151.0,151.5,149.5,150.5,4665147
2020-01-15,148.5,148.5,151.0,147.5,151.0,9133097
2020-01-16,151.0,151.0,151.0,148.0,148.5,6949114
2020-01-17,152.0,152.0,152.0,149.5,151.5,6215796
2020-01-20,152.5,152.5,154.0,151.0,152.0,9947821
2020-01-30,143.0,143.0,151.0,142.0,151.0,14343231
2020-01-31,143.0,143.0,147.0,142.0,144.5,7267146
2020-02-03,140.5,140.5,141.0,137.5,139.0,5632380
2020-02-04,142.5,142.5,143.0,140.0,140.5,4574291
2020-02-05,145.5,145.5,146.0,141.5,141.5,6903967
2020-02-06,147.0,147.0,147.5,145.0,146.0,3104143
2020-02-07,143.5,143.5,146.0,143.0,145.0,4951145
2020-02-10,143.0,143.0,143.0,141.5,142.0,5037828
2020-02-11,142.5,142.5,144.0,141.5,143.0,6482141
2020-02-12,144.0,144.0,145.0,142.0,142.5,6651708
2020-02-13,145.5,145.5,146.0,143.5,144.0,4462817
2020-02-14,146.5,146.5,147.0,144.0,144.0,5708755
2020-02-17,144.5,144.5,145.5,144.0,145.0,3363519
2020-02-18,142.0,142.0,144.0,142.0,143.5,5212272
2020-02-19,143.5,143.5,145.0,142.5,144.5,3082938
2020-02-20,144.0,144.0,145.0,142.5,144.0,4093280
2020-02-21,144.5,144.5,145.0,142.5,144.5,3768904
2020-02-24,141.5,141.5,143.0,141.0,142.0,4298383
2020-02-25,141.0,141.0,141.5,139.5,140.0,4551467
2020-02-26,142.0,142.0,143.0,140.0,140.0,4686411
2020-02-27,140.0,140.0,143.0,140.0,142.0,6585642
2020-03-02,138.0,138.0,140.0,136.0,136.0,7135220
2020-03-03,138.0,138.0,140.0,138.0,139.5,4003159
2020-03-04,140.0,140.0,140.0,138.0,138.0,2633646
2020-03-05,142.5,142.5,142.5,140.5,141.0,3561158
2020-03-06,138.5,138.5,141.0,138.5,141.0,5236918
2020-03-09,133.0,133.0,137.0,133.0,135.5,10050978
2020-03-10,133.0,133.0,135.5,131.0,131.0,6663277
2020-03-11,133.0,133.0,135.5,133.0,134.0,8469601
2020-03-12,123.5,123.5,133.0,123.5,133.0,16543675
2020-03-13,120.0,120.0,121.0,111.5,114.0,24175226
2020-03-16,118.0,118.0,122.0,116.0,122.0,10533723
2020-03-17,115.5,115.5,119.0,113.5,114.0,8779939
2020-03-18,115.0,115.0,119.0,115.0,116.0,7516116
2020-03-19,111.0,111.0,116.0,110.0,113.5,11899271
2020-03-20,117.5,117.5,118.5,112.0,113.0,13676005
2020-03-23,112.5,112.5,117.0,108.5,112.0,8552340
2020-03-24,115.0,115.0,119.0,114.5,114.5,6085189
2020-03-25,119.0,119.0,119.5,118.0,118.0,8293471
2020-03-26,120.0,120.0,121.0,118.0,121.0,4537205
2020-03-27,118.0,118.0,124.0,117.0,123.0,7581766
2020-03-30,119.5,119.5,119.5,115.0,117.0,4758804
2020-03-31,120.5,120.5,122.5,119.5,121.5,5193744
2020-04-01,120.0,120.0,121.5,119.0,121.0,3350870
2020-04-07,121.0,121.0,122.0,120.5,121.0,6979309
2020-04-08,125.0,125.0,127.0,122.0,123.0,6482715
2020-04-09,125.0,125.0,127.0,123.5,125.5,4468466
2020-04-10,128.0,128.0,129.0,125.5,126.5,6677037
2020-04-13,125.0,125.0,127.5,125.0,127.5,4315075
2020-04-14,132.0,132.0,132.0,126.5,127.0,9378126
2020-04-15,136.5,136.5,138.0,132.0,134.0,11666393
2020-04-16,134.0,134.0,135.5,133.0,135.0,5379191
2020-04-17,134.5,134.5,137.5,134.5,135.5,6566191
2020-04-20,131.0,131.0,133.5,130.5,132.5,7384361
2020-04-21,128.5,128.5,133.5,128.0,131.0,5284793
2020-04-22,131.0,131.0,131.5,125.5,126.0,5063438
2020-04-23,129.5,129.5,133.5,129.0,132.5,5550276
2020-04-24,131.0,131.0,131.0,129.0,129.5,2666278
2020-04-27,133.5,133.5,135.0,131.5,133.0,5445481
2020-04-28,135.0,135.0,135.5,134.0,135.0,3975866
2020-04-29,138.0,138.0,138.0,135.5,136.0,6067575
2020-05-04,136.0,136.0,142.0,135.0,142.0,9265086
2020-05-05,139.0,139.0,140.0,136.0,137.5,6619731
2020-05-06,138.5,138.5,139.0,136.5,138.5,5461768
2020-05-07,139.0,139.0,140.0,137.5,138.5,2693070
2020-05-08,140.0,140.0,141.0,138.5,140.5,5600668
2020-05-11,140.0,140.0,141.5,139.0,141.5,4854469
2020-05-12,137.0,137.0,139.0,136.0,137.0,7171547
2020-05-13,140.5,140.5,140.5,133.5,133.5,8285650
2020-05-14,140.0,140.0,142.5,138.5,140.5,7928006
2020-05-15,138.5,138.5,141.0,137.0,138.5,5793597
2020-05-18,137.0,137.0,139.0,137.0,138.5,4127933
2020-05-19,141.0,141.0,141.5,139.0,141.0,5147999
2020-05-20,141.0,141.0,142.0,139.0,142.0,4247196
2020-05-21,141.5,141.5,142.0,140.0,141.0,6936445
2020-05-22,138.0,138.0,141.5,137.5,141.5,3260510
2020-05-25,139.5,139.5,139.5,137.0,138.0,5079619
2020-05-26,140.0,140.0,141.0,139.0,140.0,5125558
2020-05-27,141.0,141.0,141.5,139.5,140.0,3782347
2020-05-28,139.0,139.0,141.0,138.0,141.0,4313673
2020-05-29,138.0,138.0,139.0,137.5,138.5,6073740
2020-06-01,144.0,144.0,144.5,139.0,140.0,13975682
2020-06-02,145.0,145.0,146.0,143.5,145.0,8152296
2020-06-03,151.5,151.5,152.0,146.5,147.0,16368277
2020-06-04,152.5,152.5,154.5,151.0,152.5,12417826
2020-06-05,153.5,153.5,154.0,152.5,153.5,8306209
2020-06-08,155.0,155.0,155.0,152.5,154.5,7348146
2020-06-09,159.0,159.0,164.5,156.0,156.5,24471895
2020-06-10,160.5,160.5,163.5,159.0,159.0,14512299
2020-06-11,156.5,156.5,162.0,155.0,160.5,12699559
2020-06-12,155.0,155.0,156.5,152.5,153.0,10376078
2020-06-15,153.0,153.0,157.5,152.0,156.0,9064412
2020-06-16,157.0,157.0,159.0,155.5,156.0,10871550
2020-06-17,159.0,159.0,159.0,155.5,158.0,10009396
2020-06-18,162.5,162.5,164.0,160.0,162.0,17079540
2020-06-19,166.5,166.5,166.5,163.5,164.0,18824251
2020-06-22,169.0,169.0,169.0,164.5,166.0,13681875
2020-06-23,170.0,170.0,171.0,165.5,168.5,14072873
2020-06-24,168.0,168.0,172.0,167.0,170.0,10000369
2020-06-29,168.5,168.5,170.5,165.5,165.5,18193004
2020-06-30,167.5,167.5,170.5,167.0,169.5,9253730
2020-07-01,169.5,169.5,170.5,167.5,167.5,7606726
2020-07-02,165.5,165.5,167.5,163.0,163.0,11493074
2020-07-03,169.5,169.5,171.0,165.5,165.5,12728030
2020-07-06,176.5,176.5,180.5,171.0,171.0,18173611
2020-07-07,175.0,175.0,180.0,172.0,179.0,9135303
2020-07-08,179.5,179.5,180.0,174.5,175.0,9877424
2020-07-09,180.5,180.5,184.0,180.5,182.0,10855372
2020-07-10,183.5,183.5,184.0,177.0,179.0,11400159
2020-07-13,186.5,186.5,188.0,183.0,185.0,7361438
2020-07-14,185.0,185.0,185.5,183.5,185.0,7007020
2020-07-15,184.5,184.5,187.5,184.0,185.5,8359204
2020-07-16,185.0,185.0,186.0,182.0,185.5,10080511
2020-07-17,184.0,184.0,189.5,183.5,185.0,11048128
2020-07-20,182.0,182.0,186.0,179.0,184.0,7720671
2020-07-21,185.5,185.5,189.5,184.0,184.5,9879211
2020-07-22,192.5,192.5,194.0,186.0,187.0,14137213
2020-07-23,190.0,190.0,192.5,188.0,192.5,6863573
2020-07-24,184.5,184.5,189.5,184.5,187.0,8768086
2020-07-27,188.5,188.5,190.0,186.0,187.5,9826593
2020-07-28,187.0,187.0,192.0,187.0,188.5,11908480
2020-07-29,191.0,191.0,194.0,183.5,186.0,14013721
2020-07-30,197.5,197.5,203.5,194.5,194.5,20483146
2020-07-31,200.0,200.0,203.0,194.5,197.5,18578797
2020-08-03,202.5,202.5,208.0,201.0,201.0,14126764
2020-08-04,207.5,207.5,207.5,202.5,203.0,11660591
2020-08-05,204.5,204.5,209.5,201.5,208.0,10946317
2020-08-06,204.5,204.5,207.0,200.0,204.5,8173162
2020-08-07,200.5,200.5,204.0,199.0,203.5,7452559
2020-08-10,201.5,201.5,203.0,199.5,202.0,7715436
2020-08-11,199.5,199.5,205.0,198.5,205.0,8219496
2020-08-12,198.5,198.5,201.5,194.0,201.0,10995869
2020-08-13,201.5,201.5,203.5,198.5,201.0,7843664
2020-08-14,201.5,201.5,204.5,200.0,204.5,4379274
2020-08-17,204.0,204.0,204.0,201.0,202.5,3502261
2020-08-18,201.5,201.5,203.5,199.5,203.0,4413719
2020-08-19,200.0,200.0,205.0,200.0,204.0,4427665
2020-08-20,190.5,190.5,202.5,188.0,201.5,11621231
2020-08-21,191.0,191.0,197.5,188.0,195.0,12193314
2020-08-24,197.0,197.0,197.5,189.5,190.0,5683829
2020-08-25,195.5,195.5,200.5,195.0,200.0,4015354
2020-08-26,197.0,197.0,197.5,193.5,197.0,3473396
2020-08-27,193.5,193.5,198.0,192.0,197.5,4770717
2020-08-28,194.0,194.0,195.0,191.0,193.5,5529994
2020-08-31,189.0,189.0,196.5,189.0,194.0,7108181
2020-09-01,190.5,190.5,192.5,186.5,190.0,8703033
2020-09-02,189.5,189.5,194.5,188.0,194.5,6741935
2020-09-03,191.5,191.5,193.5,189.0,191.0,5954594
2020-09-04,186.0,186.0,189.0,184.0,187.5,11301777
2020-09-07,182.0,182.0,187.0,180.0,185.5,7876587
2020-09-08,184.5,184.5,185.0,182.0,183.5,4195908
2020-09-09,184.0,184.0,184.5,178.5,182.5,6699797
2020-09-10,185.5,185.5,185.5,182.0,184.0,3499176
2020-09-11,187.5,187.5,188.0,184.0,185.0,5177242
2020-09-14,189.0,189.0,191.0,187.5,190.0,4392422
2020-09-15,188.5,188.5,191.0,188.0,190.0,6082338
2020-09-16,191.0,191.0,191.0,189.0,190.0,4532883
2020-09-17,191.0,191.0,192.5,190.0,190.0,2599798
2020-09-18,191.0,191.0,191.0,188.0,190.0,6990617
2020-09-21,190.0,190.0,192.0,189.0,191.0,2976117
2020-09-22,185.5,185.5,190.0,185.0,189.0,3939906
2020-09-23,185.0,185.0,188.0,183.5,186.5,5445713
2020-09-24,183.0,183.0,185.0,180.0,183.0,8655837
2020-09-25,176.5,176.5,182.5,176.0,181.5,8812854
2020-09-28,182.5,182.5,182.5,177.0,178.5,5812656
2020-09-29,185.0,185.0,187.5,183.0,184.0,6015722
2020-09-30,189.0,189.0,189.5,185.5,187.5,5561374
2020-10-05,189.5,189.5,192.0,188.0,189.0,9398771
2020-10-06,191.5,191.5,191.5,188.5,190.5,5266598
2020-10-07,191.0,191.0,192.0,189.0,192.0,5769108
2020-10-08,193.0,193.0,193.0,190.5,193.0,5057573
2020-10-12,196.0,196.0,197.5,193.0,197.0,9609096
2020-10-13,194.5,194.5,195.5,192.0,195.5,7885846
2020-10-14,194.0,194.0,196.0,193.5,196.0,5117607
2020-10-15,194.5,194.5,195.5,193.0,195.0,5876707
2020-10-16,195.0,195.0,196.5,193.5,193.5,4788086
2020-10-19,196.5,196.5,198.0,193.5,194.5,4745675
2020-10-20,196.5,196.5,197.5,195.0,197.5,2860195
2020-10-21,196.5,196.5,198.5,195.5,198.0,4028540
2020-10-22,194.5,194.5,196.5,194.0,194.5,2528542
2020-10-23,192.0,192.0,195.0,191.5,195.0,4810258
2020-10-26,194.5,194.5,196.5,192.5,193.0,2985966
2020-10-27,203.0,203.0,203.0,194.0,194.5,10312375
2020-10-28,200.5,200.5,204.5,198.0,202.5,8992302
2020-10-29,195.0,195.0,198.0,194.5,197.0,6254010
2020-10-30,190.0,190.0,196.0,189.0,196.0,13409049
2020-11-02,188.0,188.0,188.0,184.0,187.5,6457892
2020-11-03,188.0,188.0,189.5,186.5,187.5,4692008
2020-11-04,192.0,192.0,192.0,187.0,188.0,4035364
2020-11-05,189.5,189.5,192.5,188.0,192.0,8319614
2020-11-06,194.5,194.5,197.5,190.0,191.0,8969254
2020-11-09,197.5,197.5,199.5,195.5,198.5,4029443
2020-11-10,193.0,193.0,197.5,191.0,197.0,5472163
2020-11-11,195.0,195.0,196.0,193.0,193.0,5541424
2020-11-12,202.0,202.0,203.5,196.0,197.0,13214912
2020-11-13,200.5,200.5,202.5,197.0,202.5,4631049
2020-11-16,202.0,202.0,203.0,199.5,203.0,7921703
2020-11-17,205.5,205.5,206.0,202.5,205.0,7871981
2020-11-18,203.0,203.0,205.0,201.5,205.0,6357945
2020-11-19,208.0,208.0,209.0,204.0,204.5,8498157
2020-11-20,209.0,209.0,210.5,205.0,210.0,5479747
2020-11-23,212.0,212.0,214.0,209.5,212.5,7612480
2020-11-24,209.5,209.5,213.0,206.5,212.5,4332785
2020-11-25,207.5,207.5,212.5,206.5,209.0,8045578
2020-11-26,216.0,216.0,216.0,209.5,210.0,9053189
2020-11-27,220.0,220.0,222.0,217.0,217.0,8761064
2020-11-30,224.5,224.5,228.5,220.0,222.5,16497799
2020-12-01,227.0,227.0,229.0,223.0,229.0,10944551
2020-12-02,232.0,232.0,233.0,227.5,229.0,29789921
2020-12-04,247.0,247.0,248.0,236.5,237.0,12501962
2020-12-07,250.0,250.0,262.5,249.0,254.0,17880330
2020-12-08,249.0,249.0,253.0,246.0,250.0,13027393
2020-12-09,251.0,251.0,253.5,248.5,248.5,7503334
2020-12-10,248.0,248.0,251.0,245.0,250.0,6333232
2020-12-11,250.5,250.5,250.5,243.5,250.5,8871551
2020-12-14,246.0,246.0,248.0,243.0,246.0,9535312
2020-12-15,245.5,245.5,251.5,243.0,244.5,14756689
2020-12-16,248.0,248.0,251.0,245.5,250.0,6952098
2020-12-17,247.0,247.0,250.0,246.0,248.0,7775718
2020-12-18,248.0,248.0,249.5,244.0,244.5,7318934
2020-12-21,258.0,258.0,258.0,246.5,248.5,8012829
2020-12-22,247.0,247.0,256.5,245.5,256.5,7535373
2020-12-23,248.0,248.0,250.5,245.0,247.0,3675642
2020-12-24,247.5,247.5,252.0,247.0,248.5,4515371
2020-12-25,249.0,249.0,252.0,248.5,249.0,2499181
2020-12-28,254.5,254.5,256.0,250.5,252.0,4783885
2020-12-29,255.5,255.5,257.0,252.5,255.0,2594838
2020-12-30,260.0,260.0,261.0,254.5,256.0,6467664
2020-12-31,263.0,263.0,265.0,260.0,265.0,7216301
2021-01-04,265.0,265.0,271.0,262.5,263.5,9616722
2021-01-05,276.5,276.5,283.0,269.5,270.0,18236900
2021-01-06,298.0,298.0,303.5,282.0,284.0,30972893
2021-01-07,316.0,316.0,321.5,298.0,298.0,25367203
2021-01-08,310.0,310.0,325.0,306.0,319.0,30771661
2021-01-11,313.0,313.0,314.0,302.0,307.0,16599358
2021-01-12,314.0,314.0,323.5,312.5,315.5,18679892
2021-01-13,312.5,312.5,315.5,310.5,312.0,16035160
2021-01-14,306.0,306.0,312.0,303.0,312.0,19227844
2021-01-15,299.5,299.5,313.0,297.0,304.0,20027526
2021-01-18,289.5,289.5,292.0,283.0,290.0,26096261
2021-01-19,294.0,294.0,298.0,291.5,291.5,10907152
2021-01-20,294.5,294.5,299.0,291.5,295.5,13009296
2021-01-21,299.0,299.0,300.0,293.0,297.0,13150028
2021-01-22,291.0,291.0,299.5,290.0,299.5,17907677
2021-01-25,295.5,295.5,296.5,288.0,288.0,8135451
2021-01-26,289.0,289.0,297.5,288.0,297.5,12383753
2021-01-27,287.5,287.5,291.5,283.5,285.0,13941415
2021-01-28,287.5,287.5,290.5,281.0,282.0,11148050
2021-01-29,282.5,282.5,298.0,282.5,298.0,17019588
2021-02-01,285.0,285.0,287.0,277.0,277.0,8660851
2021-02-02,286.0,286.0,292.5,285.5,288.0,12263578
2021-02-03,284.0,284.0,290.0,282.0,289.0,11924831
2021-02-04,287.0,287.0,287.5,283.0,285.0,9305974
2021-02-05,280.5,280.5,288.0,276.0,287.5,28090044
2021-02-17,299.5,299.5,301.0,281.0,281.0,39393538
2021-02-18,306.0,306.0,313.0,304.0,305.5,20487672
2021-02-19,300.0,300.0,304.0,297.0,303.0,10352707
2021-02-22,301.0,301.0,307.5,300.0,304.5,10460684
2021-02-23,303.0,303.0,303.0,295.0,299.0,10175535
2021-02-24,294.0,294.0,302.5,293.0,302.0,11582397
2021-02-25,294.5,294.5,299.5,289.5,299.5,12776178
2021-02-26,280.5,280.5,288.5,280.5,288.5,21410094
2021-03-02,288.0,288.0,297.5,284.5,297.0,13515340
2021-03-03,289.0,289.0,291.0,283.5,290.5,10209733
2021-03-04,281.0,281.0,287.5,278.0,286.5,12734796
2021-03-05,275.0,275.0,279.5,273.5,277.0,12209952
2021-03-08,270.5,270.5,280.0,270.0,280.0,11116028
2021-03-09,263.5,263.5,267.5,259.0,267.0,17567729
2021-03-10,265.0,265.0,272.0,264.5,270.0,12789917
2021-03-11,281.5,281.5,283.0,266.0,268.0,15458139
2021-03-12,282.0,282.0,285.5,278.5,284.0,14234977
2021-03-15,277.5,277.5,281.0,277.0,278.5,8796253
2021-03-16,282.0,282.0,284.5,278.0,278.5,8817605
2021-03-17,284.0,284.0,284.0,280.5,283.0,6915255
2021-03-18,288.0,288.0,291.5,285.0,287.0,9735268
2021-03-19,283.0,283.0,287.5,283.0,287.5,11341026
2021-03-22,287.0,287.0,287.5,283.0,285.0,4222713
2021-03-23,288.0,288.0,290.0,286.0,287.5,5618593
2021-03-24,285.5,285.5,289.0,283.5,288.0,5506551
2021-03-25,284.0,284.0,286.5,280.0,285.5,6425101
2021-03-26,288.0,288.0,288.0,283.0,284.5,5598881
2021-03-29,288.0,288.0,290.0,286.0,289.0,5447414
2021-03-30,292.5,292.5,294.5,286.0,288.0,8551587
2021-03-31,288.0,288.0,295.0,288.0,295.0,7850087
2021-04-01,295.5,295.5,296.0,289.5,290.0,10592064
2021-04-06,298.0,298.0,301.5,297.5,299.5,7684725
2021-04-07,298.5,298.5,300.0,295.0,300.0,5345317
2021-04-08,297.0,297.0,300.5,297.0,300.5,5925147
2021-04-09,299.0,299.0,300.0,297.0,300.0,5864550
2021-04-12,291.0,291.0,300.5,290.5,300.0,8058087
2021-04-13,292.0,292.0,297.5,292.0,293.0,5743370
2021-04-14,291.5,291.5,295.5,286.5,292.0,6724582
2021-04-15,295.5,295.5,295.5,288.0,288.5,6338933
2021-04-16,296.5,296.5,297.0,291.5,294.0,4075312
2021-04-19,298.0,298.0,299.0,294.5,297.0,5861684
2021-04-20,307.5,307.5,314.5,298.0,299.5,23512014
2021-04-21,301.0,301.0,307.0,301.0,306.0,10585572
2021-04-22,293.0,293.0,304.0,292.0,303.0,13917184
2021-04-23,297.0,297.0,298.5,290.5,292.0,8634617
2021-04-26,298.0,298.0,301.5,296.5,298.5,3823806
2021-04-27,302.0,302.0,303.0,296.5,298.5,7220420
2021-04-28,305.5,305.5,306.0,300.0,303.5,8303108
2021-04-29,302.5,302.5,313.5,301.0,310.0,15850141
2021-05-03,306.5,306.5,310.0,303.0,306.0,11777013
2021-05-04,291.5,291.5,308.0,288.0,307.5,12951719
2021-05-05,283.5,283.5,294.5,283.5,292.0,12733985
2021-05-06,283.0,283.0,285.5,276.0,283.0,11523166
2021-05-07,293.5,293.5,294.0,285.0,287.0,8062978
2021-05-10,287.5,287.5,296.0,287.5,295.0,4300428
2021-05-11,271.0,271.0,281.5,270.0,280.0,13680663
2021-05-12,265.0,265.0,271.0,245.0,271.0,18793543
2021-05-13,264.5,264.5,273.5,257.0,260.0,12888865
2021-05-14,266.5,266.5,271.5,264.5,267.0,9425151
2021-05-17,266.5,266.5,271.0,255.0,260.0,8763877
2021-05-18,274.5,274.5,276.0,267.5,270.0,9334328
2021-05-19,273.5,273.5,275.5,272.5,274.0,5262327
2021-05-20,281.0,281.0,283.0,274.0,275.0,8340050
2021-05-21,289.0,289.0,289.5,283.0,285.5,8708261
2021-05-24,285.0,285.0,287.0,282.0,286.0,3155690
2021-05-25,290.0,290.0,290.5,286.0,287.0,4704636
2021-05-26,290.0,290.0,292.5,289.5,291.5,2978555
2021-05-27,293.5,293.5,293.5,284.0,289.0,11448086
2021-05-28,291.5,291.5,294.5,290.0,292.0,4192320
2021-05-31,296.0,296.0,296.5,289.0,294.0,5930415
2021-06-01,297.0,297.0,297.0,294.5,295.0,3940528
2021-06-02,298.5,298.5,299.0,296.5,298.0,5782009
2021-06-03,297.0,297.0,299.5,295.0,298.5,9396892
2021-06-04,297.0,297.0,298.5,293.5,294.0,4729360
2021-06-07,297.0,297.0,299.0,294.0,298.0,4976293
2021-06-08,297.5,297.5,299.0,296.0,299.0,2637438
2021-06-09,295.0,295.0,299.0,293.5,297.0,5392645
2021-06-10,295.0,295.0,297.0,294.0,296.5,3753338
2021-06-11,296.5,296.5,298.0,295.0,295.0,2918902
2021-06-15,302.0,302.0,307.0,298.0,298.5,7757383
2021-06-16,303.0,303.0,304.0,301.0,302.0,4937356
2021-06-17,299.5,299.5,302.0,297.0,300.5,4240186
2021-06-18,299.5,299.5,307.0,299.0,301.0,10188731
2021-06-21,294.0,294.0,299.5,293.0,297.5,6144415
2021-06-22,296.0,296.0,301.0,294.0,294.0,6108417
2021-06-23,296.0,296.0,297.0,294.0,296.0,5439764
2021-06-24,290.0,290.0,296.0,289.0,296.0,10640873
2021-06-25,295.0,295.0,298.5,290.0,290.0,8202118
2021-06-28,297.0,297.0,298.0,293.5,296.0,3546542
2021-06-29,299.5,299.5,301.0,297.0,298.0,5355854
2021-06-30,303.0,303.0,304.0,300.5,301.5,7244329
2021-07-01,297.5,297.5,305.0,297.0,303.0,4839822
2021-07-02,299.0,299.0,305.0,298.5,301.0,6557769
2021-07-05,304.0,304.0,305.0,301.5,302.5,4097452
2021-07-06,303.5,303.5,305.0,301.5,305.0,2540622
2021-07-07,303.5,303.5,304.5,301.5,303.5,3140096
2021-07-08,301.5,301.5,305.0,297.0,304.0,4249272
2021-07-09,295.0,295.0,298.5,294.0,297.5,5371517
2021-07-12,299.5,299.5,300.0,296.0,299.5,2918975
2021-07-13,307.0,307.0,312.0,301.0,303.0,13784897
2021-07-14,323.0,323.0,324.0,305.5,305.5,18333773
2021-07-15,320.5,320.5,335.0,317.0,327.0,18427032
2021-07-16,319.5,319.5,325.0,314.5,321.5,6886882
2021-07-19,308.0,308.0,317.5,302.0,316.0,12523907
2021-07-20,300.0,300.0,305.5,298.0,302.0,6305716
2021-07-21,306.0,306.0,306.0,300.5,303.0,5257386
2021-07-22,303.0,303.0,312.5,301.5,308.5,5965198
2021-07-23,304.0,304.0,309.0,303.5,305.0,3029137
2021-07-26,299.0,299.0,307.5,298.5,305.0,4350614
2021-07-27,292.0,292.0,300.5,291.0,300.0,6995475
2021-07-28,292.0,292.0,294.5,287.0,287.0,6208570
2021-07-29,291.5,291.5,296.5,290.0,296.0,6686491
2021-07-30,287.0,287.0,291.0,285.0,286.5,7259229
2021-08-02,287.0,287.0,288.0,284.0,287.5,5697127
2021-08-03,287.5,287.5,294.5,283.5,294.5,8291103
2021-08-04,286.5,286.5,289.0,285.5,288.5,5175239
2021-08-05,287.0,287.0,288.5,285.5,286.0,3544464
2021-08-06,285.0,285.0,287.5,285.0,286.5,5248828
2021-08-09,281.5,281.5,283.0,278.5,283.0,5501268
2021-08-10,278.0,278.0,283.0,277.5,283.0,5277133
2021-08-11,280.0,280.0,281.0,276.5,276.5,4529869
2021-08-12,276.5,276.5,280.5,275.0,278.5,6088160
2021-08-13,274.0,274.0,277.5,271.0,276.5,7527257
2021-08-16,279.0,279.0,280.5,275.0,278.0,6126427
2021-08-17,262.0,262.0,279.0,261.0,275.0,13984799
2021-08-18,267.0,267.0,269.5,254.5,256.0,13853377
2021-08-19,269.0,269.0,272.5,266.5,268.5,10480744
2021-08-20,263.0,263.0,274.5,263.0,274.5,7558765
2021-08-23,270.0,270.0,272.0,265.0,266.5,6074835
2021-08-24,268.0,268.0,274.0,267.5,273.0,4667138
2021-08-25,277.5,277.5,278.0,267.5,270.0,6014849
2021-08-26,276.5,276.5,281.5,274.0,280.5,5811545
2021-08-27,279.0,279.0,280.0,274.5,278.0,5216537
2021-08-30,279.5,279.5,280.0,275.5,277.5,3406797
2021-08-31,270.5,270.5,278.0,264.0,275.5,13910947
2021-09-01,272.0,272.0,273.0,268.5,270.5,6737853
2021-09-02,268.5,268.5,271.5,266.0,270.0,5262670
2021-09-03,272.0,272.0,272.0,267.5,271.5,5484830
2021-09-06,273.5,273.5,274.5,270.5,273.0,5386994
2021-09-07,271.5,271.5,275.0,268.5,274.5,5490679
2021-09-08,270.5,270.5,274.0,269.0,274.0,4144768
2021-09-09,269.5,269.5,272.0,267.0,268.5,3262307
2021-09-10,269.0,269.0,270.0,267.0,268.5,4632851
2021-09-13,263.5,263.5,269.5,262.0,267.5,8249708
2021-09-14,263.5,263.5,266.5,262.5,264.5,4286100
2021-09-15,258.0,258.0,265.0,258.0,264.0,7248862
2021-09-16,260.0,260.0,261.5,257.5,258.5,4406960
2021-09-17,256.0,256.0,259.0,255.0,257.5,8633675
2021-09-22,250.0,250.0,254.0,245.0,245.0,13073343
2021-09-23,251.5,251.5,255.5,250.5,255.0,4186548
2021-09-24,260.0,260.0,267.0,259.0,262.0,8349895
2021-09-27,258.0,258.0,260.5,256.0,257.0,6170750
2021-09-28,252.5,252.5,258.0,251.0,257.0,6992850
2021-09-29,248.5,248.5,250.0,247.0,250.0,8176227
2021-09-30,252.0,252.0,253.0,248.0,248.0,7346411
2021-10-01,248.0,248.0,252.5,245.5,252.0,6401002
2021-10-04,240.0,240.0,247.0,239.0,246.5,7606264
2021-10-05,245.0,245.0,247.0,237.0,238.0,9473941
2021-10-06,244.5,244.5,247.0,241.0,245.5,5931818
2021-10-07,248.5,248.5,251.5,246.0,248.0,3944000
2021-10-08,250.5,250.5,253.0,249.5,252.0,4182013
2021-10-12,247.0,247.0,248.5,240.0,247.0,4859003
2021-10-13,246.5,246.5,251.0,245.5,249.0,4147073
2021-10-14,235.5,235.5,244.5,235.5,243.5,9780934
2021-10-15,240.0,240.0,241.5,234.5,237.0,9740496
2021-10-18,249.5,249.5,255.0,242.0,243.0,11667731
2021-10-19,259.0,259.0,262.0,248.0,254.0,11351102
2021-10-20,254.5,254.5,258.5,252.0,258.0,9545918
2021-10-21,253.0,253.0,258.0,251.0,254.5,5999358
2021-10-22,244.0,244.0,251.0,243.0,249.0,8862261
2021-10-25,242.5,242.5,246.0,241.0,243.5,5570521
2021-10-26,244.5,244.5,250.0,244.0,246.0,6563215
2021-10-27,244.5,244.5,248.5,242.0,246.0,5497868
2021-10-28,252.5,252.5,254.0,244.0,246.0,9107767
2021-10-29,245.0,245.0,252.0,245.0,251.0,9955504
2021-11-01,257.5,257.5,259.5,245.0,246.5,11586092
2021-11-02,252.0,252.0,259.5,250.5,259.5,10822782
2021-11-03,247.0,247.0,252.0,246.0,252.0,9326306
2021-11-04,253.5,253.5,256.0,248.5,251.0,9037097
2021-11-05,262.0,262.0,263.0,254.5,257.0,10784782
2021-11-08,259.5,259.5,264.0,257.0,263.0,6807337
2021-11-09,266.0,266.0,266.0,262.5,263.5,7107013
2021-11-10,265.0,265.0,268.0,262.5,266.0,6373621
2021-11-11,259.0,259.0,263.0,258.5,262.0,4532358
2021-11-12,261.0,261.0,263.5,258.5,261.0,3753645
2021-11-15,260.0,260.0,263.5,259.5,262.0,4539459
2021-11-16,256.0,256.0,260.0,255.0,259.0,6695666
2021-11-17,261.5,261.5,262.5,254.5,257.0,7065536
2021-11-18,260.0,260.0,263.5,259.0,263.0,6053159
2021-11-19,261.0,261.0,262.0,260.0,262.0,3614326
2021-11-22,259.0,259.0,262.0,259.0,261.0,2317632
2021-11-23,255.0,255.0,258.5,255.0,258.0,4821683
2021-11-24,256.0,256.0,260.0,255.5,257.5,3221967
2021-11-25,259.0,259.0,262.5,258.0,261.0,4508576
2021-11-26,252.0,252.0,258.0,252.0,255.5,6718220
2021-11-29,253.5,253.5,255.5,250.0,251.0,3195619
2021-11-30,256.0,256.0,259.0,255.0,256.0,11610712
2021-12-01,258.0,258.0,259.5,256.0,256.0,2931663
2021-12-02,261.5,261.5,262.0,256.0,258.5,5943337
2021-12-03,261.5,261.5,264.5,260.5,264.0,5303737
2021-12-06,261.0,261.0,262.5,258.5,261.0,4449113
2021-12-07,263.0,263.0,265.0,260.0,263.0,3668936
2021-12-08,261.0,261.0,266.0,261.0,265.0,4185042
2021-12-09,269.0,269.0,269.0,262.5,264.5,7646881
2021-12-10,271.0,271.0,273.0,267.5,269.0,7569090
2021-12-13,270.0,270.0,274.5,268.0,274.0,5815472
2021-12-14,269.0,269.0,271.5,266.0,267.5,5362877
2021-12-15,267.5,267.5,269.5,265.0,268.0,4316887
2021-12-16,266.0,266.0,272.5,265.5,272.5,5712654
2021-12-17,269.0,269.0,269.5,264.0,266.5,6886836
2021-12-20,264.0,264.0,270.0,263.5,269.0,3285042
2021-12-21,266.0,266.0,268.0,264.5,265.0,2364906
2021-12-22,265.5,265.5,268.0,265.5,266.5,1620027
2021-12-23,270.0,270.0,270.0,266.0,266.0,3858283
2021-12-24,270.5,270.5,272.5,270.0,271.0,2160977
2021-12-27,275.5,275.5,276.5,271.0,271.0,4632946
2021-12-28,277.5,277.5,278.5,275.5,276.5,3859876
2021-12-29,278.0,278.0,280.0,277.0,278.5,3669085
2021-12-30,275.0,275.0,278.0,275.0,278.0,2325690
2022-01-03,282.0,282.0,282.5,275.0,276.0,6016868
2022-01-04,297.0,297.0,298.0,285.5,286.0,15957471
2022-01-05,290.5,290.5,302.0,289.5,302.0,10289849
2022-01-06,291.0,291.0,292.0,284.0,288.0,7366728
2022-01-07,283.0,283.0,293.0,282.0,292.0,7297571
2022-01-10,283.5,283.5,285.0,276.5,279.0,5786182
2022-01-11,287.0,287.0,291.0,279.5,279.5,10416887
2022-01-12,282.0,282.0,291.0,279.5,288.0,6907656
2022-01-13,277.0,277.0,283.5,276.0,283.5,6562426
2022-01-14,271.5,271.5,274.0,268.0,273.0,6807498
2022-01-17,273.5,273.5,274.0,270.0,270.5,3436517
2022-01-18,274.0,274.0,277.0,274.0,274.5,2738285
2022-01-19,275.0,275.0,277.0,272.5,276.0,4780260
2022-01-20,272.5,272.5,275.5,269.0,274.0,7289150
2022-01-21,272.5,272.5,275.5,270.0,273.0,4605998
2022-01-24,272.0,272.0,273.0,269.0,269.5,2422888
2022-01-25,269.0,269.0,270.5,266.0,269.0,7845713
2022-01-26,268.0,268.0,270.5,266.5,267.0,5296973
2022-02-07,271.0,271.0,277.5,269.5,271.5,11535033
2022-02-08,269.0,269.0,272.5,269.0,271.0,14044237
2022-02-09,269.5,269.5,271.0,268.5,269.0,5602310
2022-02-10,269.5,269.5,271.0,268.0,270.0,6223557
2022-02-11,265.5,265.5,269.0,265.5,267.5,7225115
2022-02-14,256.0,256.0,264.0,255.5,264.0,8280971
2022-02-15,253.5,253.5,256.5,252.0,255.0,8309813
2022-02-16,258.5,258.5,259.5,256.5,257.0,5341127
2022-02-17,261.0,261.0,262.5,258.5,260.0,5381391
2022-02-18,261.5,261.5,262.0,258.0,258.5,2362009
2022-02-21,260.0,260.0,260.0,257.0,258.5,2219114
2022-02-22,257.0,257.0,258.0,256.0,257.5,4363669
2022-02-23,259.0,259.0,261.0,257.0,257.5,3458502
2022-02-24,253.5,253.5,257.0,252.0,255.5,6870801
2022-02-25,246.5,246.5,255.5,246.0,254.0,16782733
2022-03-01,256.5,256.5,256.5,247.5,249.0,15815080
2022-03-02,255.0,255.0,258.0,252.0,254.5,5954975
2022-03-03,256.0,256.0,258.0,254.5,255.5,7976318
2022-03-04,254.5,254.5,257.0,251.5,253.0,5939934
2022-03-07,247.0,247.0,250.0,246.0,249.5,13996103
2022-03-08,235.5,235.5,250.0,234.0,242.0,13417566
2022-03-09,241.5,241.5,243.0,236.5,236.5,7176588
2022-03-10,254.5,254.5,258.0,249.5,252.0,10337175
2022-03-11,262.0,262.0,264.0,254.5,257.5,10922131
2022-03-14,257.5,257.5,263.5,256.0,263.5,4388711
2022-03-15,251.5,251.5,257.5,249.5,257.5,6432804
2022-03-16,249.0,249.0,254.0,247.0,251.5,9183097
2022-03-17,260.5,260.5,262.0,253.0,255.0,8834656
2022-03-18,256.0,256.0,262.5,254.5,260.0,10350076
2022-03-21,261.0,261.0,265.0,260.0,261.0,5640871
2022-03-22,262.0,262.0,264.0,260.5,263.5,3973695
2022-03-23,264.5,264.5,266.0,262.0,266.0,3096282
2022-03-24,266.5,266.5,267.5,262.5,265.0,5972418
2022-03-25,268.0,268.0,270.0,266.0,269.0,4900943
2022-03-28,265.0,265.0,265.5,258.5,264.0,2745584
2022-03-29,266.0,266.0,268.5,263.5,263.5,3662412
2022-03-30,268.0,268.0,270.0,265.0,269.0,4848041
2022-03-31,268.5,268.5,269.5,266.0,269.0,3525183
2022-04-01,268.5,268.5,268.5,263.0,265.5,4924353
2022-04-06,263.5,263.5,269.0,263.0,267.5,6311304
2022-04-07,261.0,261.0,264.0,259.0,259.0,6898781
2022-04-08,261.0,261.0,265.0,259.0,260.0,4201444
2022-04-11,250.5,250.5,263.0,250.5,263.0,5596624
2022-04-12,248.5,248.5,253.5,247.0,247.5,5785795
2022-04-13,255.5,255.5,257.0,250.0,253.0,4437755
2022-04-14,253.0,253.0,257.5,252.5,257.5,2718447
2022-04-15,249.5,249.5,253.5,249.0,253.0,2275697
2022-04-18,247.5,247.5,250.0,245.5,246.5,2368243
2022-04-19,247.5,247.5,253.0,247.5,252.0,1912810
2022-04-20,251.0,251.0,252.0,248.0,248.0,4848039
2022-04-21,253.0,253.0,254.5,251.0,254.0,3026359
2022-04-22,246.0,246.0,249.5,245.5,248.0,6195362
2022-04-25,236.5,236.5,242.0,236.0,238.5,7779870
2022-04-26,252.0,252.0,252.0,239.0,240.0,8554987
2022-04-27,245.0,245.0,249.5,244.0,244.0,7106050
2022-04-28,246.5,246.5,249.5,243.5,247.0,5052885
2022-04-29,250.0,250.0,252.0,247.0,251.5,5199982
2022-05-03,242.5,242.5,250.0,240.5,250.0,3831679
2022-05-04,241.0,241.0,246.0,240.5,243.0,3346859
2022-05-05,241.0,241.0,245.0,240.0,245.0,3422465
2022-05-06,234.0,234.0,237.0,231.5,235.0,7888369
2022-05-09,230.0,230.0,232.0,228.0,230.0,5124854
2022-05-10,226.5,226.5,228.5,222.0,224.5,5508998
2022-05-11,223.5,223.5,227.0,222.0,226.0,4253982
2022-05-12,218.5,218.5,222.0,217.5,222.0,4792688
2022-05-13,221.0,221.0,221.5,217.0,218.5,4967212
2022-05-16,223.0,223.0,227.5,221.5,225.5,3106413
2022-05-17,225.0,225.0,226.0,222.5,226.0,4420048
2022-05-18,231.0,231.0,233.0,228.0,229.0,5088159
2022-05-19,222.0,222.0,224.0,220.5,223.0,4505088
2022-05-20,226.5,226.5,227.0,222.5,224.0,4390844
2022-05-23,225.0,225.0,230.0,225.0,230.0,2846212
2022-05-24,220.0,220.0,227.5,220.0,224.5,2556439
2022-05-25,222.5,222.5,224.0,220.0,223.0,4524643
2022-05-26,224.0,224.0,226.0,222.5,224.5,2682678
2022-05-27,231.5,231.5,233.5,225.0,226.0,5473693
2022-05-30,238.5,238.5,239.0,233.0,235.5,5288426
2022-05-31,241.5,241.5,241.5,236.5,237.0,7771519
2022-06-01,241.5,241.5,242.5,239.5,242.5,2461392
2022-06-02,236.5,236.5,240.0,236.5,238.0,2764307
2022-06-06,239.0,239.0,239.5,231.5,237.0,3501505
2022-06-07,233.0,233.0,236.0,230.5,234.5,5514275
2022-06-08,234.5,234.5,235.0,233.0,234.0,2569910
2022-06-09,235.0,235.0,236.0,232.0,234.5,3516530
2022-06-10,237.0,237.0,239.0,232.5,236.0,3202529
2022-06-13,228.0,228.0,234.5,226.5,232.0,4705066
2022-06-14,228.5,228.5,228.5,223.0,223.0,4558653
2022-06-15,225.0,225.0,227.5,223.0,226.0,4681984
2022-06-16,227.5,227.5,232.0,226.0,229.0,6206389
2022-06-17,227.0,227.0,228.0,219.0,219.0,7288646
2022-06-20,220.0,220.0,226.5,220.0,225.0,4525643
2022-06-21,232.5,232.5,232.5,223.5,226.5,4738342
2022-06-22,226.5,226.5,231.5,226.5,230.5,3824024
2022-06-23,234.0,234.0,236.0,228.0,231.0,7554481
2022-06-24,239.0,239.0,241.0,235.0,239.5,7647712
2022-06-27,236.5,236.5,240.5,236.5,239.0,6113362
2022-06-28,236.0,236.0,239.0,234.0,237.5,5713340
2022-06-29,227.5,227.5,228.5,225.0,227.5,6744311
2022-06-30,221.5,221.5,225.0,220.5,223.5,6259215
2022-07-01,221.5,221.5,227.0,219.0,220.5,8490123
2022-07-04,219.0,219.0,221.5,214.0,218.0,7115072
2022-07-05,220.5,220.5,224.5,217.5,222.0,6868597
2022-07-06,210.5,210.5,222.5,210.5,221.0,7356320
2022-07-07,221.0,221.0,223.5,213.0,215.5,7628167
2022-07-08,227.5,227.5,229.5,220.0,221.5,7396934
2022-07-11,229.5,229.5,230.0,227.0,227.0,3607082
2022-07-12,231.0,231.0,233.0,229.5,230.5,5352617
2022-07-13,239.5,239.5,243.0,237.0,239.0,11478333
2022-07-14,239.5,239.5,244.0,238.5,239.5,9231421
2022-07-15,245.0,245.0,247.0,239.0,241.0,8337631
2022-07-18,245.0,245.0,248.5,244.5,247.0,6454944
2022-07-19,246.0,246.0,248.0,245.0,246.0,4058648
2022-07-20,249.0,249.0,251.0,248.0,248.5,5998691
2022-07-21,250.0,250.0,252.0,247.0,252.0,5954625
2022-07-22,248.0,248.0,250.5,246.0,248.5,6404851
2022-07-25,250.5,250.5,251.0,244.5,245.0,5645128
2022-07-26,249.0,249.0,252.0,247.0,250.0,3565803
2022-07-27,254.0,254.0,254.0,247.5,249.0,5613526
2022-07-28,262.0,262.0,265.0,258.0,259.0,11733773
2022-07-29,258.0,258.0,263.5,256.5,263.5,8407316
2022-08-01,258.5,258.5,261.0,256.0,259.5,5504307
2022-08-02,258.5,258.5,260.0,252.0,257.0,10858156
2022-08-03,264.0,264.0,264.0,256.0,258.0,8447302
2022-08-04,261.0,261.0,265.5,258.5,264.5,11719192
2022-08-05,262.5,262.5,265.0,262.0,265.0,5516430
2022-08-08,264.5,264.5,265.0,260.5,262.5,3207239
2022-08-09,265.0,265.0,268.0,261.0,263.5,6644213
2022-08-10,272.0,272.0,272.0,265.0,266.5,10408955
2022-08-11,272.5,272.5,272.5,266.5,271.5,8694098
2022-08-12,267.0,267.0,270.5,265.0,268.5,7833269
2022-08-15,274.0,274.0,274.5,268.0,268.0,7097852
2022-08-16,272.5,272.5,274.0,271.0,274.0,3813224
2022-08-17,272.5,272.5,275.5,271.0,274.0,5804784
2022-08-18,272.5,272.5,272.5,269.5,271.0,3244528
2022-08-19,272.5,272.5,274.0,270.5,272.5,2935977
2022-08-22,269.5,269.5,274.0,268.5,271.5,5441753
2022-08-23,266.0,266.0,269.5,264.0,269.5,6883085
2022-08-24,267.0,267.0,271.0,266.0,268.0,4295091
2022-08-25,268.0,268.0,270.0,266.0,269.0,3155740
2022-08-26,268.0,268.0,270.5,267.5,269.5,5633190
2022-08-29,262.5,262.5,264.5,261.0,264.0,6330407
2022-08-30,264.0,264.0,267.0,262.5,264.5,5617081
2022-08-31,263.0,263.0,263.5,259.5,261.5,4871258
2022-09-01,258.5,258.5,264.0,254.5,264.0,7501336
2022-09-02,255.0,255.0,258.0,254.0,256.0,5348874
2022-09-05,255.5,255.5,259.5,255.0,257.0,3225244
2022-09-06,257.5,257.5,259.0,256.0,259.0,4194272
2022-09-07,257.0,257.0,257.5,253.0,255.0,4342047
2022-09-08,268.0,268.0,269.0,257.0,258.0,7861366
2022-09-12,270.0,270.0,273.0,268.5,271.0,5180786
2022-09-13,269.0,269.0,273.0,268.0,273.0,5441917
2022-09-14,268.0,268.0,270.5,262.0,262.5,6242749
2022-09-15,270.5,270.5,271.0,265.5,265.5,4779338
2022-09-16,264.5,264.5,270.5,264.5,270.0,6930504
2022-09-19,269.0,269.0,271.5,264.0,267.0,3618870
2022-09-20,271.0,271.0,272.5,268.5,270.5,4435642
2022-09-21,267.0,267.0,271.0,266.0,269.5,3445371
2022-09-22,270.0,270.0,270.0,262.0,263.5,3947671
2022-09-23,266.5,266.5,270.5,265.5,268.0,3275336
2022-09-26,260.5,260.5,266.0,258.5,262.0,5898794
2022-09-27,262.0,262.0,263.5,259.0,259.5,5054872
2022-09-28,252.0,252.0,264.0,252.0,262.0,7137981
2022-09-29,252.5,252.5,256.0,249.5,254.0,6470745
2022-09-30,253.0,253.0,254.5,244.0,245.0,6887222
2022-10-03,252.0,252.0,254.5,248.5,249.5,2777656
2022-10-04,258.5,258.5,259.5,254.5,256.0,3870415
2022-10-05,269.5,269.5,271.0,261.5,265.0,8613900
2022-10-06,278.5,278.5,280.0,271.5,272.0,11926595
2022-10-07,275.0,275.0,281.0,274.0,279.5,6700054
2022-10-11,264.5,264.5,269.0,259.0,267.0,12360422
2022-10-12,272.0,272.0,275.0,264.0,265.5,9180429
2022-10-13,268.0,268.0,273.0,264.5,270.5,7903746
2022-10-14,266.0,266.0,274.0,266.0,273.5,6284511
2022-10-17,268.5,268.5,271.5,264.0,264.0,8521075
2022-10-18,272.5,272.5,276.0,269.0,273.5,7976399
2022-10-19,268.0,268.0,273.0,267.0,272.0,4380952
2022-10-20,265.5,265.5,267.0,260.0,265.0,7629960
2022-10-21,267.0,267.0,272.0,265.5,270.0,7053025
2022-10-24,268.5,268.5,272.5,266.0,272.5,7141308
2022-10-25,259.5,259.5,268.0,253.0,268.0,13151518
2022-10-26,256.0,256.0,258.5,252.5,255.0,7492981
2022-10-27,258.0,258.0,261.0,256.5,259.0,5945462
2022-10-28,258.0,258.0,264.5,256.0,262.5,9294142
2022-10-31,257.5,257.5,263.0,256.0,263.0,7963942
2022-11-01,261.0,261.0,262.0,257.0,259.5,7942722
2022-11-02,268.5,268.5,271.0,263.0,264.0,9398258
2022-11-03,267.0,267.0,267.5,264.0,266.0,4362147
2022-11-04,269.5,269.5,271.0,265.0,267.5,4090938
2022-11-07,273.0,273.0,273.0,265.5,272.0,5509750
2022-11-08,274.0,274.0,276.0,271.5,273.0,6527111
2022-11-09,274.0,274.0,276.5,273.0,275.5,5240371
2022-11-10,271.0,271.0,273.5,269.5,272.0,3721654
2022-11-11,283.5,283.5,285.0,277.0,279.5,13423092
2022-11-14,285.5,285.5,287.5,282.5,284.5,7002961
2022-11-15,293.0,293.0,293.0,284.0,288.0,10781385
2022-11-16,288.5,288.5,294.0,287.5,292.5,9478161
2022-11-17,292.0,292.0,292.5,287.0,287.0,4341817
2022-11-18,293.0,293.0,296.0,290.5,292.5,4257975
2022-11-21,293.5,293.5,297.0,289.5,292.5,5565437
2022-11-22,293.5,293.5,294.0,288.0,291.0,5837613
2022-11-23,295.5,295.5,297.5,294.0,297.5,4737019
2022-11-24,302.0,302.0,302.0,296.0,296.0,7122131
2022-11-25,302.0,302.0,304.0,299.0,299.0,7198271
2022-11-28,293.0,293.0,297.0,292.0,296.5,7980368
2022-11-29,298.0,298.0,299.0,293.0,295.0,6486048
2022-11-30,302.0,302.0,302.0,297.0,301.0,8239691
2022-12-01,305.0,305.0,306.5,302.0,303.0,7400572
2022-12-02,305.0,305.0,306.5,299.0,299.0,4401540
2022-12-05,302.5,302.5,305.5,302.5,304.5,2994016
2022-12-06,301.0,301.0,304.5,298.0,301.0,5724940
2022-12-07,294.5,294.5,299.0,291.5,299.0,6790887
2022-12-08,294.5,294.5,296.5,289.0,292.0,5027976
2022-12-09,294.5,294.5,297.0,292.0,296.0,4371980
2022-12-12,293.5,293.5,294.0,290.0,290.0,3085211
2022-12-13,291.5,291.5,298.0,288.0,293.5,7234292
2022-12-14,295.5,295.5,295.5,290.5,293.0,7215772
2022-12-15,295.5,295.5,296.0,292.0,293.5,4298674
2022-12-16,291.0,291.0,293.5,289.5,290.0,6725023
2022-12-19,290.0,290.0,291.0,287.5,288.0,2795004
2022-12-20,283.0,283.0,292.0,282.0,291.5,4518295
2022-12-21,283.5,283.5,286.0,281.5,281.5,4168115
2022-12-22,286.5,286.5,287.5,282.0,284.0,3507026
2022-12-23,281.0,281.0,283.5,277.5,281.0,5149151
2022-12-26,282.0,282.0,283.5,279.5,281.5,1926261
2022-12-27,284.0,284.0,286.0,282.0,283.0,1541522
2022-12-28,282.5,282.5,284.0,278.0,282.0,3634319
2022-12-29,281.0,281.0,282.5,278.5,280.0,3227331
2022-12-30,286.5,286.5,288.5,284.0,284.0,4059391
2023-01-03,285.5,285.5,288.0,283.5,284.0,4620740
2023-01-04,284.0,284.0,288.0,282.0,286.0,5434591
2023-01-05,278.5,278.5,286.0,277.0,284.5,6636158
2023-01-06,272.0,272.0,278.5,271.5,278.0,8812006
2023-01-09,283.0,283.0,283.0,275.0,275.0,7378299
2023-01-10,283.5,283.5,286.0,281.0,281.5,4224685
2023-01-11,286.0,286.0,286.5,284.0,285.0,4971103
2023-01-12,277.0,277.0,285.5,276.0,285.0,7302906
2023-01-13,277.5,277.5,281.0,276.5,278.5,6096497
2023-01-16,281.5,281.5,284.5,280.0,281.0,5960964
2023-01-17,286.0,286.0,287.5,281.5,282.0,5492115
2023-01-30,288.5,288.5,295.0,284.0,295.0,17765626
2023-01-31,289.0,289.0,291.5,286.5,288.5,9685944
2023-02-01,294.5,294.5,294.5,289.0,292.0,6990307
2023-02-02,298.0,298.0,299.0,293.5,295.5,8873439
2023-02-03,301.5,301.5,302.0,298.0,299.5,9055043
2023-02-06,297.0,297.0,300.5,297.0,298.0,6355101
2023-02-07,296.0,296.0,300.5,295.0,300.0,4489039
2023-02-08,296.0,296.0,298.5,295.0,298.0,7198917
2023-02-09,292.0,292.0,295.5,290.0,294.0,8764465
2023-02-10,294.0,294.0,295.0,291.0,294.5,5042475
2023-02-13,294.0,294.0,295.5,291.5,295.0,5088772
2023-02-14,294.0,294.0,296.0,293.5,295.0,3660189
2023-02-15,293.0,293.0,294.0,291.5,294.0,5009033
2023-02-16,299.0,299.0,301.0,294.0,294.5,6390924
2023-02-17,294.5,294.5,298.0,292.5,296.5,4572064
2023-02-20,295.0,295.0,296.5,293.0,294.5,2922481
2023-02-21,297.5,297.5,298.5,294.5,295.0,2865698
2023-02-22,290.0,290.0,295.5,290.0,295.0,6668539
2023-02-23,290.0,290.0,293.5,289.0,291.5,7995089
2023-02-24,286.5,286.5,293.5,286.0,291.5,8684516
2023-03-01,289.5,289.5,291.0,282.0,282.0,7990833
2023-03-02,289.5,289.5,291.0,286.0,291.0,4603040
2023-03-03,288.0,288.0,292.0,288.0,292.0,3963043
2023-03-06,290.0,290.0,293.0,289.5,291.5,7525112
2023-03-07,301.5,301.5,307.0,291.0,292.5,19429277
2023-03-08,298.5,298.5,303.0,296.5,302.5,7874680
2023-03-09,295.5,295.5,301.0,295.0,299.0,4396144
2023-03-10,290.0,290.0,292.0,289.0,292.0,6629090
2023-03-13,292.0,292.0,292.0,286.5,290.0,4467466
2023-03-14,285.0,285.0,288.0,284.0,287.0,9230272
2023-03-15,289.0,289.0,291.5,287.5,288.5,4645723
2023-03-16,286.5,286.5,290.5,284.5,289.0,4002454
2023-03-17,286.5,286.5,288.5,286.0,287.0,5073788
2023-03-20,287.5,287.5,289.0,285.5,287.5,3047557
2023-03-21,293.0,293.0,294.0,289.0,290.0,3500799
2023-03-22,295.0,295.0,298.0,294.0,296.5,3997180
2023-03-23,294.5,294.5,295.5,291.0,291.5,3933218
2023-03-24,300.5,300.5,301.5,295.0,297.0,8182395
2023-03-27,300.0,300.0,301.0,297.0,300.0,6200182
2023-03-28,298.5,298.5,304.0,298.0,303.5,6578382
2023-03-29,295.5,295.5,300.0,294.5,300.0,6444279
2023-03-30,295.5,295.5,298.0,294.0,297.5,4734399
2023-03-31,301.0,301.0,301.0,297.0,297.0,6186880
2023-04-06,294.5,294.5,296.5,293.0,295.0,7698570
2023-04-07,294.0,294.0,296.5,292.5,294.0,3682143
2023-04-10,295.0,295.0,296.0,294.0,294.0,2585253
2023-04-11,299.0,299.0,300.0,294.5,296.5,5497096
2023-04-12,298.5,298.5,302.5,297.0,302.0,4240449
2023-04-13,300.5,300.5,301.0,297.5,300.0,5037307
2023-04-14,314.5,314.5,323.5,303.5,303.5,21809352
2023-04-17,310.0,310.0,315.5,308.0,315.5,7912307
2023-04-18,307.5,307.5,313.0,307.0,313.0,5328768
2023-04-19,305.5,305.5,310.5,304.5,308.0,7330361
2023-04-20,306.5,306.5,310.5,305.0,310.0,5392269
2023-04-21,303.0,303.0,308.5,301.0,306.0,7302177
2023-04-24,302.5,302.5,302.5,298.0,300.0,3327871
2023-04-25,297.0,297.0,306.0,295.5,304.0,7313764
2023-04-26,294.0,294.0,297.0,290.0,297.0,11607032
2023-04-27,295.5,295.5,299.0,294.0,295.0,5594447
2023-04-28,300.0,300.0,300.0,295.5,299.0,7434152
2023-05-02,298.0,298.0,303.0,295.0,302.0,9789646
2023-05-03,298.5,298.5,300.5,297.0,300.0,3169154
2023-05-04,304.0,304.0,305.5,299.0,299.5,5777319
2023-05-05,303.0,303.0,303.5,299.0,301.0,4195903
2023-05-08,305.5,305.5,306.5,302.0,304.0,4119219
2023-05-09,304.0,304.0,307.0,303.0,305.5,3173462
2023-05-10,301.5,301.5,307.0,300.0,307.0,3349404
2023-05-11,297.0,297.0,301.5,296.5,300.0,3547427
2023-05-12,297.5,297.5,298.0,293.0,296.0,5086906
2023-05-15,300.5,300.5,302.5,295.0,295.0,4193096
2023-05-16,300.5,300.5,302.0,298.0,300.5,4067570
2023-05-17,305.0,305.0,306.0,302.0,303.0,6923403
2023-05-18,306.5,306.5,309.5,306.0,307.0,7760909
2023-05-19,306.5,306.5,309.5,305.0,309.0,6389994
2023-05-22,305.5,305.5,306.5,302.0,305.5,3623556
2023-05-23,302.5,302.5,305.5,301.5,305.0,3739832
2023-05-24,305.0,305.0,305.0,301.0,302.0,3214653
2023-05-25,308.0,308.0,309.0,303.0,305.0,7524669
2023-05-26,318.0,318.0,320.0,311.0,313.0,14899293
2023-05-29,315.5,315.5,324.0,314.5,324.0,7553384
2023-05-30,314.0,314.0,315.5,312.0,314.0,5520276
2023-05-31,316.5,316.5,320.0,312.5,320.0,11194160
2023-06-01,316.5,316.5,317.5,312.0,316.5,5432290
2023-06-02,315.0,315.0,316.5,310.5,312.5,9424081
2023-06-05,319.5,319.5,320.0,316.0,319.0,7620849
2023-06-06,316.0,316.0,319.5,315.5,318.5,5708915
2023-06-07,328.5,328.5,329.5,318.0,319.0,13324131
2023-06-08,325.0,325.0,331.0,323.0,331.0,10271572
2023-06-09,323.0,323.0,328.5,323.0,328.0,7441459
2023-06-12,336.0,336.0,343.0,325.5,327.0,16288071
2023-06-13,343.0,343.0,348.0,335.0,342.0,18463875
2023-06-14,353.0,353.0,356.5,346.0,347.0,20295142
2023-06-15,370.0,370.0,373.0,358.0,362.0,22801004
2023-06-16,371.5,371.5,385.0,371.0,375.0,29044254
2023-06-19,375.5,375.5,378.0,363.5,367.0,13652251
2023-06-20,369.0,369.0,374.5,368.5,371.0,12861764
2023-06-21,364.0,364.0,369.5,360.5,368.5,15108233
2023-06-26,348.0,348.0,358.0,346.0,347.5,18423078
2023-06-27,345.0,345.0,353.5,345.0,346.0,10050101
2023-06-28,347.0,347.0,350.0,346.0,350.0,5813361
2023-06-29,349.5,349.5,355.0,348.0,350.0,7963949
2023-06-30,344.5,344.5,345.0,339.5,340.5,7880902
2023-07-03,362.5,362.5,366.0,345.0,347.0,14820956
2023-07-04,367.0,367.0,370.5,358.0,364.5,10778736
2023-07-05,366.0,366.0,369.5,363.0,364.0,7940165
2023-07-06,354.0,354.0,361.0,352.5,359.0,12127719
2023-07-07,348.0,348.0,352.0,346.5,347.0,8628641
2023-07-10,348.5,348.5,354.5,346.0,352.5,5654386
2023-07-11,359.5,359.5,361.5,352.0,353.0,8013674
2023-07-12,363.0,363.0,368.0,359.5,362.0,7463383
2023-07-13,370.5,370.5,383.5,367.0,368.0,14699794
2023-07-14,368.0,368.0,372.5,361.0,370.0,10209501
2023-07-17,368.5,368.5,370.5,364.5,367.0,6087153
2023-07-18,365.5,365.5,376.5,363.0,370.0,7996505
2023-07-19,357.0,357.0,371.0,355.5,367.0,8698531
2023-07-20,356.5,356.5,359.0,356.5,358.0,3254312
2023-07-21,359.5,359.5,362.0,346.0,350.0,7315979
2023-07-24,361.0,361.0,362.0,353.0,357.0,6395526
2023-07-25,364.0,364.0,370.5,363.0,363.0,10658916
2023-07-26,360.5,360.5,368.0,360.5,362.5,4797542
2023-07-27,358.5,358.5,364.0,357.5,358.0,4462797
2023-07-28,366.5,366.5,368.5,352.0,355.0,7813935
2023-07-31,365.5,365.5,388.5,362.5,374.5,23859972
2023-08-01,372.5,372.5,382.0,362.0,377.0,16914591
2023-08-02,361.0,361.0,382.0,358.0,375.0,25265818
2023-08-04,361.5,361.5,363.5,350.0,350.0,10975526
2023-08-07,363.5,363.5,371.0,363.0,366.5,9357316
2023-08-08,360.5,360.5,365.5,357.5,365.0,5077204
2023-08-09,357.5,357.5,360.0,355.0,358.0,4241283
2023-08-10,351.5,351.5,357.0,345.0,354.0,8225901
2023-08-11,357.0,357.0,359.0,352.0,352.0,7296831
2023-08-14,350.5,350.5,353.5,348.0,351.5,5574632
2023-08-15,351.5,351.5,361.5,350.0,356.0,8269758
2023-08-16,350.0,350.0,352.0,348.5,349.0,5789677
2023-08-17,348.0,348.0,350.0,343.5,347.5,8065595
2023-08-18,341.5,341.5,347.5,335.0,346.0,9967400
2023-08-21,343.0,343.0,345.0,339.0,342.5,3974044
2023-08-22,349.5,349.5,349.5,344.5,346.5,5250878
2023-08-23,348.0,348.0,350.5,344.5,349.5,3854938
2023-08-24,357.0,357.0,357.5,350.5,352.0,8545311
2023-08-25,345.5,345.5,352.0,345.5,352.0,5178209
2023-08-28,342.5,342.5,345.5,339.0,345.0,4626121
2023-08-29,346.5,346.5,346.5,340.5,341.5,5281908
2023-08-30,346.5,346.5,350.5,346.0,350.0,4471238
2023-08-31,346.0,346.0,348.0,342.5,342.5,6097016
2023-09-01,346.0,346.0,349.0,343.0,349.0,3694459
2023-09-04,346.0,346.0,351.0,343.0,347.5,4043386
2023-09-05,348.5,348.5,349.0,346.0,348.0,3577755
2023-09-06,345.0,345.0,350.0,345.0,350.0,6886689
2023-09-07,343.0,343.0,346.5,341.5,343.5,5077160
2023-09-08,340.0,340.0,344.0,340.0,342.0,3633402
2023-09-11,331.5,331.5,340.5,330.0,340.0,6774596
2023-09-12,332.5,332.5,334.0,330.0,330.0,5045975
2023-09-13,331.5,331.5,334.5,328.5,333.0,5152807
2023-09-14,338.0,338.0,339.5,333.5,334.5,7947263
2023-09-15,340.0,340.0,342.5,334.0,336.5,6571482
2023-09-18,330.5,330.5,337.0,330.5,336.0,5235177
2023-09-19,330.5,330.5,333.0,328.0,332.0,4941995
2023-09-20,330.5,330.5,334.0,326.5,329.5,4440047
2023-09-21,325.0,325.0,329.5,321.0,329.5,8086104
2023-09-22,328.5,328.5,329.0,320.0,321.0,4295373
2023-09-25,336.5,336.5,337.5,330.0,331.0,8180708
2023-09-26,326.5,326.5,333.0,326.5,330.5,7176057
2023-09-27,323.0,323.0,325.0,321.0,323.0,8034273
2023-09-28,324.5,324.5,330.5,323.0,326.0,5702683
2023-10-02,335.5,335.5,338.5,326.0,326.0,6821414
2023-10-03,336.5,336.5,342.5,334.5,338.0,8611673
2023-10-04,333.0,333.0,335.5,327.0,332.0,5928246
2023-10-05,338.0,338.0,341.5,336.5,338.0,6274475
2023-10-06,337.5,337.5,340.0,337.5,339.0,3328114
2023-10-11,338.5,338.5,341.5,336.0,337.5,8932421
2023-10-12,336.0,336.0,339.5,335.0,339.0,5609581
2023-10-13,328.5,328.5,334.0,328.0,334.0,7698110
2023-10-16,325.0,325.0,328.0,324.5,325.0,5236813
2023-10-17,321.5,321.5,328.5,321.5,327.0,4214162
2023-10-18,317.5,317.5,321.5,317.5,320.0,5822570
2023-10-19,317.5,317.5,318.5,310.5,313.5,5761592
2023-10-20,309.0,309.0,312.5,307.5,312.0,15030641
2023-10-23,309.5,309.5,312.0,308.0,309.0,4180401
2023-10-24,308.0,308.0,310.0,304.0,310.0,8010471
2023-10-25,305.5,305.5,309.5,303.0,308.0,8432280
2023-10-26,298.0,298.0,303.0,298.0,300.0,9253489
2023-10-27,295.0,295.0,301.5,294.5,297.0,7990977
2023-10-30,295.0,295.0,297.0,293.0,293.0,5094642
2023-10-31,290.5,290.5,298.5,289.5,295.0,9094155
2023-11-01,287.0,287.0,291.5,285.0,290.0,10773671
2023-11-02,298.5,298.5,299.5,290.5,290.5,11188729
2023-11-03,304.0,304.0,306.0,298.5,300.5,9217330
2023-11-06,308.0,308.0,312.5,307.5,309.0,10003947
2023-11-07,306.0,306.0,307.5,305.0,306.0,4671725
2023-11-08,301.0,301.0,303.0,298.5,299.0,7049133
2023-11-09,302.0,302.0,303.5,300.0,300.0,5990152
2023-11-10,303.5,303.5,304.5,300.0,300.0,6727118
2023-11-13,299.5,299.5,304.5,299.5,301.5,4114746
2023-11-14,299.5,299.5,301.0,295.5,295.5,6291894
2023-11-15,306.5,306.5,309.0,301.5,305.0,9067610
2023-11-16,305.0,305.0,310.0,304.0,304.5,5414256
2023-11-17,305.0,305.0,308.0,304.0,304.0,4081263
2023-11-20,306.0,306.0,308.0,303.0,303.5,4077824
2023-11-21,310.5,310.5,311.0,306.5,308.0,5914132
2023-11-22,307.5,307.5,310.5,307.0,307.0,3791991
2023-11-23,312.5,312.5,314.0,308.0,309.0,4653005
2023-11-24,316.5,316.5,321.5,315.5,317.5,7526211
2023-11-27,314.5,314.5,317.5,313.5,316.0,4202133
2023-11-28,318.5,318.5,320.5,310.5,313.5,7415181
2023-11-29,317.0,317.0,322.5,316.0,322.5,6196288
2023-11-30,316.5,316.5,320.0,315.0,320.0,9905040
2023-12-01,319.5,319.5,320.0,313.5,316.0,4192034
2023-12-04,320.5,320.5,321.5,317.0,319.5,3983239
2023-12-05,310.5,310.5,316.5,310.0,314.5,8713802
2023-12-06,310.0,310.0,315.5,309.5,311.0,4444344
2023-12-07,311.0,311.0,313.0,309.0,309.0,3319334
2023-12-08,312.5,312.5,314.0,311.5,313.5,3044923
2023-12-11,310.5,310.5,314.0,308.5,310.5,4677517
2023-12-12,301.0,301.0,309.0,300.0,307.0,10905685
2023-12-13,303.0,303.0,303.0,300.0,300.0,7624915
2023-12-14,305.5,305.5,308.0,304.0,305.0,5852685
2023-12-15,313.0,313.0,317.0,310.5,314.0,13196218
2023-12-18,307.0,307.0,313.0,307.0,311.0,6258948
2023-12-19,302.5,302.5,307.0,302.0,307.0,5833231
2023-12-20,305.5,305.5,307.0,303.5,304.0,5045647
2023-12-21,303.5,303.5,305.0,302.5,304.5,2449664
2023-12-22,305.5,305.5,308.5,305.0,305.5,2996401
2023-12-25,306.5,306.5,308.0,304.5,306.5,1846175
2023-12-26,310.5,310.5,311.5,307.0,308.5,4875000
2023-12-27,313.0,313.0,313.5,311.5,312.0,4800914
2023-12-28,313.0,313.0,314.5,312.0,314.0,4667759
2023-12-29,313.5,313.5,313.5,310.5,312.0,3842486
2024-01-02,310.0,310.0,312.5,309.0,311.0,4352094
2024-01-03,304.5,304.5,308.5,303.0,308.0,5343505
2024-01-04,304.0,304.0,305.5,303.5,304.0,2746942
2024-01-05,304.5,304.5,308.0,304.0,304.5,3836322
2024-01-08,306.0,306.0,309.0,305.5,306.0,2762611
2024-01-09,295.5,295.5,307.5,295.5,307.0,13315661
2024-01-10,291.0,291.0,293.5,287.5,290.5,13200940
2024-01-11,293.0,293.0,295.0,290.0,290.0,7819550
2024-01-12,293.5,293.5,294.5,291.0,292.5,4737498
2024-01-15,295.5,295.5,298.0,293.0,297.0,4713370
2024-01-16,289.5,289.5,292.5,288.5,292.5,12909551
2024-01-17,279.5,279.5,286.0,279.5,284.0,17889083
2024-01-18,277.0,277.0,281.5,276.5,279.5,11575276
2024-01-19,285.0,285.0,286.0,279.0,279.0,8464560
2024-01-22,291.0,291.0,292.5,287.5,288.0,12166573
2024-01-23,293.5,293.5,294.0,291.0,293.0,8586524
2024-01-24,289.0,289.0,295.0,289.0,295.0,6045798
2024-01-25,284.0,284.0,288.5,284.0,286.0,9581172
2024-01-26,287.5,287.5,290.0,281.5,281.5,5561061
2024-01-29,293.0,293.0,293.0,288.0,289.5,5073517
2024-01-30,286.0,286.0,291.0,286.0,289.0,8746243
2024-01-31,280.0,280.0,284.0,280.0,282.0,13287835
2024-02-01,285.0,285.0,285.0,281.5,282.0,7066946
2024-02-02,286.0,286.0,289.0,286.0,287.0,5289846
2024-02-05,287.5,287.5,288.5,282.5,283.5,6106707
2024-02-15,284.5,284.5,293.5,282.0,293.5,19721647
2024-02-16,291.5,291.5,292.5,286.0,286.0,9407600
2024-02-19,292.0,292.0,295.0,291.0,293.0,5961549
2024-02-20,292.5,292.5,293.5,290.5,290.5,4407718
2024-02-21,291.0,291.0,291.5,288.5,289.0,5320711
2024-02-22,293.5,293.5,294.0,291.0,291.0,4660197
2024-02-23,292.5,292.5,295.0,292.0,294.0,9220841
2024-02-26,295.0,295.0,295.0,291.0,291.5,3863805
2024-02-27,289.0,289.0,294.0,287.5,293.5,8126901
2024-02-29,294.5,294.5,294.5,287.0,288.0,8897414
2024-03-01,293.5,293.5,295.5,291.0,295.0,5261618
2024-03-04,293.5,293.5,297.0,293.5,295.0,16757317
2024-03-05,290.5,290.5,294.0,289.0,292.0,10178397
2024-03-06,295.0,295.0,296.5,289.0,290.0,8373571
2024-03-07,297.0,297.0,300.0,296.0,296.5,10244783
2024-03-08,312.0,312.0,314.5,296.5,296.5,35531756
2024-03-11,308.0,308.0,313.0,304.0,312.5,13046049
2024-03-12,312.5,312.5,317.5,309.0,310.0,12016493
2024-03-13,314.5,314.5,317.5,312.5,316.5,13767665
2024-03-14,310.5,310.5,316.5,309.5,316.5,9446357
2024-03-15,303.0,303.0,308.5,301.5,307.0,13079318
2024-03-18,306.0,306.0,306.5,303.0,304.0,6387946
2024-03-19,320.0,320.0,322.0,303.5,303.5,20822556
2024-03-20,316.0,316.0,323.5,314.5,320.0,13863971
2024-03-21,338.0,338.0,338.0,317.0,317.0,35792253
2024-03-22,358.0,358.0,365.0,347.5,348.0,67165825
2024-03-25,352.5,352.5,365.0,350.5,362.0,21460185
2024-03-26,343.5,343.5,352.0,339.0,350.0,22597917
2024-03-27,341.5,341.5,352.0,337.5,349.0,13583986
2024-03-28,342.5,342.5,347.0,338.5,339.0,9263715
2024-03-29,341.0,341.0,353.5,340.5,346.5,12641566
2024-04-01,334.5,334.5,346.0,333.0,343.5,12508998
2024-04-02,338.0,338.0,339.5,329.0,334.5,9009861
2024-04-03,332.0,332.0,335.0,331.0,332.0,6394977
2024-04-08,334.0,334.0,341.5,332.5,336.0,10923707
2024-04-09,334.0,334.0,337.5,330.0,335.0,5702074
2024-04-10,328.0,328.0,336.0,328.0,334.5,6887055
2024-04-11,319.5,319.5,324.0,315.5,323.5,14689158
2024-04-12,317.0,317.0,322.0,316.0,317.0,8473224
2024-04-15,308.0,308.0,313.5,307.5,312.0,9895066
2024-04-16,293.0,293.0,306.0,292.5,305.0,17314336
2024-04-17,300.5,300.5,301.0,294.5,297.5,10465859
2024-04-18,309.0,309.0,312.5,298.5,300.0,14051825
2024-04-19,298.5,298.5,311.0,295.0,305.0,14118411
2024-04-22,300.0,300.0,303.0,294.0,300.5,7920560
2024-04-23,297.5,297.5,304.5,295.0,303.0,7971470
2024-04-24,304.0,304.0,305.0,298.5,300.0,6575893
2024-04-25,306.0,306.0,311.0,301.0,303.0,10024949
2024-04-26,315.0,315.0,319.0,304.0,309.0,13740713
2024-04-29,321.0,321.0,323.5,317.0,320.5,12177453
2024-04-30,320.5,320.5,326.0,318.0,320.0,9318744
2024-05-02,309.5,309.5,313.5,305.0,309.5,12421500
2024-05-03,327.5,327.5,333.5,319.0,319.5,22135377
2024-05-06,322.0,322.0,336.0,319.5,336.0,13564810
2024-05-07,326.0,326.0,326.5,320.0,322.5,6600352
2024-05-08,321.0,321.0,326.5,320.0,325.0,5600059
2024-05-09,323.0,323.0,326.5,320.0,320.0,4651295
2024-05-10,319.0,319.0,323.5,318.0,321.5,6730152
2024-05-13,316.5,316.5,318.0,313.5,316.0,7197809
2024-05-14,316.0,316.0,320.0,315.0,318.0,4012070
2024-05-15,319.0,319.0,324.0,317.5,319.0,6514869
2024-05-16,320.0,320.0,324.0,319.0,322.0,4671427
2024-05-17,322.5,322.5,326.0,319.0,320.0,6882003
2024-05-20,318.0,318.0,324.0,317.0,322.5,8024199
2024-05-21,318.5,318.5,322.5,318.0,318.5,3563180
2024-05-22,327.5,327.5,329.0,319.0,321.0,8933880
2024-05-23,329.5,329.5,335.0,325.5,327.5,11364656
2024-05-24,328.0,328.0,332.5,325.0,327.0,7969744
2024-05-27,346.0,346.0,348.5,331.0,332.0,18759638
2024-05-28,346.5,346.5,354.0,346.0,353.0,14892593
2024-05-29,341.5,341.5,351.0,340.5,343.5,10778936
2024-05-30,330.0,330.0,336.0,330.0,335.5,9934939
2024-05-31,325.0,325.0,334.5,324.0,332.0,20660445
2024-06-03,337.0,337.0,340.0,328.5,332.5,9228642
2024-06-04,336.5,336.5,345.0,334.0,342.0,11530970
2024-06-05,346.0,346.0,347.0,336.5,337.5,13412683
2024-06-06,345.0,345.0,352.0,343.5,351.5,10532422
2024-06-07,345.0,345.0,345.0,339.0,343.0,8054673
2024-06-11,340.5,340.5,343.0,332.0,335.0,11222129
2024-06-12,344.0,344.0,351.5,342.5,342.5,10689870
2024-06-13,353.5,353.5,354.0,341.5,348.0,15171539
2024-06-14,353.5,353.5,357.5,350.0,357.0,9885548
2024-06-17,352.0,352.0,362.5,349.0,358.5,15327707
2024-06-18,348.0,348.0,351.5,343.5,345.5,11262783
2024-06-19,367.0,367.0,371.0,356.5,358.0,27860184
2024-06-20,369.5,369.5,371.0,364.0,368.5,16308464
2024-06-21,383.0,383.0,387.5,363.0,367.0,29038438
2024-06-24,376.5,376.5,382.0,372.5,378.0,15147813
2024-06-25,387.0,387.0,391.5,369.5,375.0,19788113
2024-06-26,385.0,385.0,392.5,383.5,387.0,14089707
2024-06-27,386.5,386.5,387.5,381.0,383.0,8337145
2024-06-28,387.5,387.5,396.0,387.0,388.0,14760322
2024-07-01,390.5,390.5,396.0,385.0,388.5,8321690
2024-07-02,383.0,383.0,388.5,382.0,384.0,10649997
2024-07-03,379.5,379.5,386.0,377.0,383.0,10939685
2024-07-04,382.0,382.0,388.0,379.5,382.0,8523479
2024-07-05,387.0,387.0,392.5,384.0,385.0,11967073
2024-07-08,402.0,402.0,404.0,385.0,385.5,20071115
2024-07-09,410.0,410.0,413.0,396.0,400.0,20885906
2024-07-10,420.5,420.5,422.5,410.0,412.5,17336525
2024-07-11,434.0,434.0,435.0,416.5,420.5,15021720
2024-07-12,422.0,422.0,428.0,420.0,423.5,11872825
2024-07-15,415.0,415.0,424.0,412.0,421.0,10193663
2024-07-16,412.5,412.5,417.5,408.0,408.0,9332116
2024-07-17,411.0,411.0,415.0,407.0,410.0,8443533
2024-07-18,401.5,401.5,405.0,396.0,399.0,12856987
2024-07-19,399.0,399.0,403.0,393.5,396.0,9944168
2024-07-22,373.5,373.5,396.0,372.0,394.5,17362035
2024-07-23,389.5,389.5,391.0,378.5,380.0,10434179
2024-07-26,388.0,388.0,390.0,369.0,371.0,17065929
2024-07-29,396.0,396.0,405.0,393.0,397.5,12622483
2024-07-30,400.0,400.0,400.0,389.0,396.0,9224338
2024-07-31,414.5,414.5,418.0,400.0,403.0,18238394
2024-08-01,424.0,424.0,427.0,415.0,423.0,22778657
2024-08-02,390.0,390.0,405.0,389.0,392.5,21987561
2024-08-05,351.0,351.0,360.0,351.0,351.0,22994417
2024-08-06,373.0,373.0,377.0,347.0,370.0,23043045
2024-08-07,379.5,379.5,389.0,373.5,375.0,15361655
2024-08-08,377.0,377.0,386.5,373.5,380.0,14078142
2024-08-09,387.5,387.5,397.5,383.5,383.5,15005116
2024-08-12,399.0,399.0,407.0,395.0,404.0,13576313
2024-08-13,399.5,399.5,406.0,396.0,405.5,6290770
2024-08-14,409.0,409.0,412.5,402.5,405.0,9198697
2024-08-15,409.0,409.0,413.5,406.0,413.5,7347294
2024-08-16,411.0,411.0,417.0,409.0,416.0,9200703
2024-08-19,404.5,404.5,410.5,404.0,407.0,6665051
2024-08-20,402.5,402.5,412.0,402.0,408.0,5780027
2024-08-21,400.0,400.0,407.0,397.0,399.0,11486554
2024-08-22,402.0,402.0,403.5,399.5,400.0,4430450
2024-08-23,402.0,402.0,403.0,396.5,400.0,4649801
2024-08-26,395.0,395.0,408.0,394.0,405.0,6503974
2024-08-27,400.0,400.0,400.0,390.5,391.0,3192222
2024-08-28,400.5,400.5,400.5,394.5,400.0,3159735
2024-08-29,397.5,397.5,400.0,392.5,394.0,3944898
2024-08-30,399.5,399.5,405.5,399.5,403.0,10063809
2024-09-02,394.5,394.5,405.0,392.0,405.0,7413924
2024-09-03,392.5,392.5,397.0,392.0,394.5,6066872
2024-09-04,372.0,372.0,379.0,364.0,372.5,13226059
2024-09-05,369.0,369.0,381.0,368.5,375.0,8221395
2024-09-06,375.5,375.5,377.0,369.0,370.5,7832985
2024-09-09,362.5,362.5,366.0,358.5,359.0,9876385
2024-09-10,369.0,369.0,371.5,365.5,366.5,7432986
2024-09-11,364.5,364.5,369.0,360.5,365.0,8514514
2024-09-12,389.0,389.0,389.5,376.0,377.0,9317959
2024-09-13,385.0,385.0,392.5,382.0,392.5,4880751
2024-09-16,385.5,385.5,389.0,381.0,385.0,4104019
2024-09-18,380.0,380.0,385.0,376.5,381.0,9165277
2024-09-19,391.5,391.5,391.5,382.5,382.5,7321703
2024-09-20,387.0,387.0,397.5,387.0,395.0,9377882
2024-09-23,390.5,390.5,393.5,389.0,392.5,5102479
2024-09-24,397.0,397.0,397.0,387.0,390.5,3933449
2024-09-25,398.0,398.0,401.5,395.0,395.0,8739750
2024-09-26,396.0,396.0,399.0,394.0,394.0,7688086
2024-09-27,400.0,400.0,404.0,397.5,398.0,10223004
2024-09-30,380.5,380.5,395.0,380.5,389.5,8858681
2024-10-01,384.5,384.5,388.0,379.5,379.5,5988958
2024-10-04,366.0,366.0,376.5,366.0,372.0,19998727
2024-10-07,372.5,372.5,377.5,363.5,371.5,16223402
2024-10-08,382.0,382.0,382.0,370.0,371.0,10805050
2024-10-09,381.5,381.5,387.5,379.0,387.0,9432998
2024-10-11,380.0,380.0,386.5,378.5,381.0,5922762
2024-10-14,387.5,387.5,389.0,376.5,376.5,6674065
2024-10-15,398.5,398.5,400.5,387.5,388.0,12290154
2024-10-16,389.0,389.0,396.0,387.0,393.0,9668211
2024-10-17,392.0,392.0,394.5,385.5,394.5,7042283
2024-10-18,402.0,402.0,405.0,395.0,397.0,13313219
2024-10-21,400.0,400.0,404.0,397.5,403.0,5461118
2024-10-22,404.5,404.5,404.5,396.0,400.0,6391484
2024-10-23,398.5,398.5,401.5,397.0,400.0,3546282
2024-10-24,393.5,393.5,398.5,393.5,395.0,5462187
2024-10-25,402.0,402.0,402.0,393.0,393.0,6743665
2024-10-28,405.0,405.0,413.0,401.5,404.0,8839968
2024-10-29,406.0,406.0,406.0,396.5,401.5,8861027
2024-10-30,404.0,404.0,407.5,399.0,407.0,15484584
2024-11-01,390.5,390.5,396.0,381.0,381.0,13680516
2024-11-04,395.0,395.0,395.0,388.0,388.0,8853431
2024-11-05,398.5,398.5,403.0,391.0,392.0,5889730
2024-11-06,403.0,403.0,403.0,395.0,396.0,7390256
2024-11-07,399.0,399.0,403.0,397.0,403.0,6476590
2024-11-08,400.0,400.0,403.0,398.0,400.0,7875153
2024-11-11,401.0,401.0,402.0,396.5,400.0,8120403
2024-11-12,397.0,397.0,409.0,395.5,400.0,12787890
2024-11-13,393.5,393.5,397.0,391.5,392.0,6338390
2024-11-14,389.0,389.0,395.5,386.0,395.0,7491836
2024-11-15,386.0,386.0,393.5,386.0,392.0,5194661
2024-11-18,386.5,386.5,389.0,383.5,386.5,4289267
2024-11-19,388.0,388.0,388.0,382.0,385.0,5237868
2024-11-20,386.5,386.5,391.5,384.5,389.0,6252197
2024-11-21,381.0,381.0,382.5,376.0,380.0,10390549
2024-11-22,394.0,394.0,394.0,386.0,386.0,9438777
2024-11-25,393.5,393.5,400.0,393.5,397.0,11345997
2024-11-26,387.5,387.5,393.0,387.5,391.0,3585059
2024-11-27,386.0,386.0,393.0,386.0,386.0,2766208
2024-11-28,384.0,384.0,388.0,378.5,386.0,5118220
2024-11-29,381.0,381.0,386.0,374.5,376.5,6491721
2024-12-02,388.5,388.5,391.0,386.0,386.0,2892538
2024-12-03,391.0,391.0,394.0,390.0,391.0,4861327
2024-12-04,395.0,395.0,395.0,390.0,393.0,3429329
2024-12-05,391.5,391.5,398.5,391.5,396.5,5217635
2024-12-06,399.0,399.0,399.5,389.0,389.0,6599150
2024-12-09,405.0,405.0,406.5,398.0,399.0,8009179
2024-12-10,403.0,403.0,404.5,398.5,404.5,8313893
2024-12-11,414.5,414.5,418.0,401.5,403.0,13688502
2024-12-12,417.0,417.0,421.0,412.0,412.0,9736640
2024-12-13,423.0,423.0,432.5,418.5,421.5,15401042
2024-12-16,426.0,426.0,429.5,421.5,426.0,9332521
2024-12-17,419.5,419.5,425.0,416.0,418.5,8484705
2024-12-18,425.5,425.5,425.5,414.5,414.5,6394787
2024-12-19,416.5,416.5,419.5,413.0,415.0,7102887
2024-12-20,412.0,412.0,417.5,407.0,408.0,9115312
2024-12-23,420.0,420.0,425.0,417.0,420.0,5535592
2024-12-24,425.5,425.5,427.5,420.0,421.0,5638467
2024-12-25,422.5,422.5,427.0,419.5,425.0,2048258
2024-12-26,428.0,428.0,428.0,422.5,423.0,2595616
2024-12-27,431.5,431.5,433.0,425.5,426.0,3192074
2024-12-30,434.5,434.5,438.0,429.5,431.0,5097682
2024-12-31,430.5,430.5,433.5,428.0,430.0,3753593
2025-01-02,417.0,417.0,436.5,412.5,430.5,11380681
2025-01-03,414.0,414.0,422.0,412.5,419.5,9851603
2025-01-06,418.5,418.5,422.0,415.0,422.0,7109722
2025-01-07,432.0,432.0,434.0,423.5,425.0,7751389
2025-01-08,428.0,428.0,446.0,425.5,440.5,12300630
2025-01-09,417.5,417.5,430.0,417.0,428.0,5235447
2025-01-10,420.0,420.0,420.5,416.0,420.0,4405382
2025-01-13,400.0,400.0,415.5,400.0,413.5,9734037
2025-01-14,410.0,410.0,412.5,403.0,410.0,10194540
2025-01-15,400.5,400.5,406.5,398.5,404.5,9458307
2025-01-16,418.5,418.5,424.5,405.5,408.5,9885870
2025-01-17,422.0,422.0,426.0,414.5,421.0,6581399
2025-01-20,427.0,427.0,431.5,425.0,425.0,4795905
2025-01-21,421.5,421.5,428.5,418.5,425.0,6714879
2025-01-22,437.5,437.5,438.0,424.0,424.0,10034866
2025-02-03,399.0,399.0,407.0,394.5,400.0,21442807
2025-02-04,397.0,397.0,408.0,396.5,401.5,9832298
2025-02-05,405.5,405.5,410.0,403.0,403.0,6794679
2025-02-06,417.0,417.0,417.5,411.5,413.5,8942631
2025-02-07,415.0,415.0,418.5,409.0,418.0,4903016
2025-02-10,404.5,404.5,409.5,404.0,405.0,5455004
2025-02-11,402.0,402.0,408.0,402.0,405.0,6933390
2025-02-12,401.0,401.0,406.5,401.0,403.0,3998133
2025-02-13,405.0,405.0,406.0,400.5,401.0,6701476
2025-02-14,401.0,401.0,406.0,400.0,402.0,5005852
2025-02-17,406.0,406.0,408.5,400.0,400.0,4598247
2025-02-18,391.0,391.0,403.5,390.5,402.0,21321011
2025-02-19,392.0,392.0,394.0,386.0,386.0,8248001
2025-02-20,390.0,390.0,394.5,390.0,392.5,10129322
2025-02-21,396.0,396.0,396.0,386.5,386.5,9099579
2025-02-24,395.5,395.5,396.0,389.5,391.5,7070816
2025-02-25,393.0,393.0,397.0,389.5,389.5,7896486
2025-02-26,399.0,399.0,399.0,391.0,392.0,9935842
2025-02-27,402.0,402.0,407.0,394.0,394.0,19818567
2025-03-03,390.0,390.0,400.0,390.0,397.0,12654968
2025-03-04,377.5,377.5,387.0,373.0,385.0,20515117
2025-03-05,378.5,378.5,383.0,377.5,379.0,10339351
2025-03-06,383.5,383.5,387.5,380.5,381.5,8387739
2025-03-07,375.0,375.0,381.5,375.0,381.5,9283003
2025-03-10,375.5,375.5,381.0,375.0,375.0,6133006
2025-03-11,370.5,370.5,373.5,365.5,372.0,9688806
2025-03-12,387.5,387.5,389.5,371.5,371.5,13619884
2025-03-13,388.5,388.5,398.0,388.0,392.5,11619792
2025-03-14,378.5,378.5,386.0,377.0,385.0,9504845
2025-03-17,394.0,394.0,396.0,383.0,385.0,12188489
2025-03-18,400.0,400.0,400.0,392.5,393.0,8481895
2025-03-19,390.5,390.5,400.0,390.5,398.0,7045784
2025-03-20,393.5,393.5,401.0,391.0,391.0,8096266
2025-03-21,396.0,396.0,398.0,390.0,392.5,9864363
2025-03-24,392.0,392.0,406.0,392.0,400.0,10204406
2025-03-25,392.0,392.0,395.5,390.5,392.5,4709909
2025-03-26,399.0,399.0,400.5,394.0,396.5,9663861
2025-03-27,392.0,392.0,395.0,381.5,395.0,5235582
2025-03-28,376.5,376.5,386.5,375.0,383.0,9839778
2025-03-31,360.0,360.0,369.5,360.0,365.0,9089289
2025-04-01,371.0,371.0,371.5,362.5,365.0,6303543
2025-04-02,369.5,369.5,373.5,364.0,365.0,3560122
2025-04-07,333.0,333.0,333.0,333.0,333.0,2702060
2025-04-08,305.0,305.0,311.0,300.0,300.5,28828129
2025-04-09,280.5,280.5,304.5,275.0,293.0,17454496
2025-04-10,308.5,308.5,308.5,308.5,308.5,3756951
2025-04-11,335.0,335.0,335.0,300.5,306.5,22276600
2025-04-14,330.0,330.0,350.0,328.0,349.5,17883868
2025-04-15,330.5,330.5,332.5,324.0,329.5,7304809
2025-04-16,320.5,320.5,327.5,320.5,325.0,7393291
2025-04-17,315.5,315.5,316.5,307.0,313.5,12774866
2025-04-18,319.5,319.5,320.0,315.0,316.0,2490057
2025-04-21,312.0,312.0,319.0,309.5,316.5,3296876
2025-04-22,310.0,310.0,317.0,308.5,308.5,4559786
2025-04-23,329.5,329.5,331.5,314.5,316.5,7258477
2025-04-24,326.5,326.5,334.5,324.5,332.0,5420602
2025-04-25,330.5,330.5,339.5,329.5,334.0,8413008
2025-04-28,340.5,340.5,344.0,335.5,343.0,6350574
2025-04-29,340.0,340.0,340.0,332.0,339.0,7981381
2025-04-30,333.5,333.5,338.5,333.0,337.5,8648793
2025-05-02,354.0,354.0,356.0,337.0,339.5,13425230
2025-05-05,358.0,358.0,364.0,352.5,364.0,10878687
2025-05-06,359.0,359.0,363.0,353.0,355.0,7948677
2025-05-07,363.5,363.5,368.0,359.5,360.0,7876563
2025-05-08,372.0,372.0,375.0,362.5,363.0,9971284
2025-05-09,374.0,374.0,378.0,370.5,377.5,9848583
2025-05-12,370.0,370.0,375.5,368.0,375.0,4737810
2025-05-13,368.0,368.0,378.0,367.5,376.0,7787017
2025-05-14,372.0,372.0,375.0,369.5,369.5,10240371
2025-05-15,370.5,370.5,376.0,368.0,374.0,5816005
2025-05-16,371.0,371.0,372.0,364.0,367.0,4417699
2025-05-19,363.0,363.0,369.0,362.0,367.0,4173391
2025-05-20,365.5,365.5,368.5,361.0,361.0,4476672
2025-05-21,378.5,378.5,379.0,366.5,369.0,6573468
2025-05-22,378.0,378.0,383.5,372.5,376.5,7088787
2025-05-23,373.5,373.5,380.5,372.0,378.0,5335463
2025-05-26,370.5,370.5,376.5,369.5,374.0,6228332
2025-05-27,367.5,367.5,372.5,365.0,368.0,4586098
2025-05-28,370.0,370.0,373.5,367.0,371.0,4245970
2025-05-29,374.0,374.0,381.5,372.5,373.0,13156731
2025-06-02,367.5,367.5,381.0,366.0,381.0,5974623
2025-06-03,379.5,379.5,386.0,373.0,374.5,14297659
2025-06-04,389.0,389.0,389.0,379.0,382.0,11792090
2025-06-05,398.0,398.0,398.5,390.0,395.0,11531913
2025-06-06,396.0,396.0,399.0,392.5,395.0,8508774
2025-06-09,397.5,397.5,398.0,393.0,397.5,4033914
2025-06-10,402.0,402.0,403.5,398.0,398.0,7200415
2025-06-11,402.0,402.0,404.0,396.5,402.0,6507002
2025-06-12,399.5,399.5,405.5,399.0,405.5,4870057
2025-06-13,398.0,398.0,402.5,393.5,395.0,6341414
2025-06-16,400.5,400.5,401.0,396.5,398.0,5098369
2025-06-17,395.0,395.0,398.5,393.0,395.0,7050928
2025-06-18,400.5,400.5,402.0,394.0,395.0,5709190
2025-06-19,404.0,404.0,408.0,400.5,400.5,9561457
2025-06-20,400.0,400.0,406.0,398.5,402.0,20098029
2025-06-23,400.0,400.0,403.0,396.0,396.0,6204157
2025-06-24,417.0,417.0,418.0,402.0,402.0,11800480
2025-06-25,423.5,423.5,428.5,420.0,420.0,11484758
2025-06-26,420.0,420.0,424.5,418.0,422.5,7443699
2025-06-27,424.0,424.0,426.5,419.5,421.0,7476761
2025-06-30,413.0,413.0,425.0,413.0,420.5,5401385
2025-07-01,428.0,428.0,432.5,417.0,417.0,10597030
2025-07-02,429.5,429.5,434.5,421.0,421.5,7070670
2025-07-03,459.0,459.0,460.0,431.0,431.5,23036356
2025-07-04,457.0,457.0,461.5,450.5,451.5,15179732
2025-07-07,450.0,450.0,458.5,448.0,452.0,9170567
2025-07-08,451.5,451.5,455.0,446.5,450.0,10914637
2025-07-09,451.0,451.0,452.0,440.0,442.0,11927165
2025-07-10,482.5,482.5,485.5,458.0,458.0,23205872
2025-07-11,483.0,483.0,491.5,471.0,471.0,13782938
2025-07-14,473.0,473.0,482.5,472.5,478.5,7066369
2025-07-15,494.0,494.0,496.0,480.0,483.0,17023193
2025-07-16,500.0,500.0,513.0,495.5,500.0,23980485
2025-07-17,499.0,499.0,503.0,490.0,494.0,10285044
2025-07-18,509.0,509.0,509.0,499.0,499.0,7404100
2025-07-21,515.0,515.0,517.0,511.0,513.0,9787095
2025-07-22,513.0,513.0,533.0,508.0,515.0,14393239
2025-07-23,520.0,520.0,527.0,517.0,517.0,11013566
2025-07-24,518.0,518.0,519.0,508.0,515.0,9392038
2025-07-25,517.0,517.0,518.0,508.0,512.0,9488939
2025-07-28,522.0,522.0,529.0,520.0,524.0,7360367
2025-07-29,525.0,525.0,529.0,516.0,520.0,7871375
2025-07-30,530.0,530.0,533.0,520.0,528.0,7999698
2025-07-31,567.0,567.0,582.0,561.0,581.0,14649618
2025-08-01,588.0,588.0,597.0,556.0,558.0,25566551
2025-08-04,593.0,593.0,594.0,578.0,579.0,11421939
2025-08-05,632.0,632.0,636.0,600.0,600.0,21914641
2025-08-06,621.0,621.0,632.0,605.0,607.0,21267817
2025-08-07,623.0,623.0,633.0,618.0,623.0,16072941
2025-08-08,637.0,637.0,637.0,626.0,626.0,12644809
2025-08-11,638.0,638.0,643.0,628.0,635.0,9330673
2025-08-12,642.0,642.0,649.0,636.0,642.0,9218415
2025-08-13,675.0,675.0,681.0,662.0,665.0,24961378
2025-08-14,670.0,670.0,675.0,663.0,667.0,12068980
2025-08-15,686.0,686.0,695.0,669.0,670.0,14869022
2025-08-18,688.0,688.0,695.0,681.0,690.0,12689479
2025-08-19,661.0,661.0,691.0,660.0,683.0,14089877
2025-08-20,625.0,625.0,657.0,624.0,628.0,28902593
2025-08-21,648.0,648.0,655.0,619.0,620.0,18904498
2025-08-22,664.0,664.0,672.0,658.0,668.0,10490441
2025-08-25,676.0,676.0,685.0,667.0,680.0,9894918
2025-08-26,685.0,685.0,685.0,672.0,675.0,10452749
2025-08-27,720.0,720.0,730.0,687.0,690.0,16908355
2025-08-28,709.0,709.0,717.0,705.0,717.0,9102720
2025-08-29,711.0,711.0,718.0,705.0,709.0,11303576
2025-09-01,688.0,688.0,724.0,678.0,706.0,14583681
2025-09-02,685.0,685.0,704.0,678.0,698.0,11619304
2025-09-03,680.0,680.0,687.0,675.0,683.0,12034963
2025-09-04,691.0,691.0,705.0,685.0,689.0,10307064
2025-09-05,726.0,726.0,726.0,711.0,720.0,15305812
2025-09-08,726.0,726.0,745.0,726.0,745.0,11437223
2025-09-09,784.0,784.0,798.0,728.0,729.0,21560823
2025-09-10,837.0,837.0,844.0,806.0,807.0,23938193
2025-09-11,831.0,831.0,853.0,825.0,825.0,27598193
2025-09-12,837.0,837.0,854.0,834.0,834.0,20358692
2025-09-15,836.0,836.0,848.0,829.0,842.0,12384306
2025-09-16,841.0,841.0,841.0,821.0,833.0,15636646
2025-09-17,836.0,836.0,853.0,831.0,840.0,10464529
2025-09-18,892.0,892.0,899.0,837.0,837.0,22541317
2025-09-19,888.0,888.0,909.0,885.0,894.0,20690681
2025-09-22,907.0,907.0,915.0,880.0,880.0,14838882
2025-09-23,893.0,893.0,917.0,890.0,913.0,18003354
2025-09-24,891.0,891.0,893.0,866.0,888.0,16745252
2025-09-25,884.0,884.0,903.0,883.0,886.0,12323755
2025-09-26,848.0,848.0,869.0,837.0,867.0,20674889
2025-09-30,854.0,854.0,888.0,851.0,852.0,17397008
2025-10-01,871.0,871.0,878.0,860.0,870.0,10214371
2025-10-02,894.0,894.0,910.0,893.0,893.0,18926279
2025-10-03,942.0,942.0,944.0,895.0,900.0,18806970
2025-10-07,987.0,987.0,995.0,941.0,942.0,25946493
2025-10-08,981.0,981.0,985.0,962.0,963.0,12278241
2025-10-09,999.0,999.0,1005.0,986.0,1000.0,15540963
2025-10-13,1030.0,1030.0,1045.0,968.0,968.0,24052561
2025-10-14,992.0,992.0,1060.0,990.0,1050.0,21048517
2025-10-15,1015.0,1015.0,1015.0,987.0,1000.0,13304315
2025-10-16,1025.0,1025.0,1025.0,1000.0,1005.0,7987323
2025-10-17,999.0,999.0,1050.0,996.0,1005.0,12958755
2025-10-20,1015.0,1015.0,1020.0,986.0,998.0,12374832
2025-10-21,1020.0,1020.0,1030.0,1000.0,1015.0,7996535
2025-10-22,1020.0,1020.0,1020.0,1000.0,1005.0,5842272
2025-10-23,1010.0,1010.0,1020.0,1000.0,1005.0,5326210
2025-10-27,1070.0,1070.0,1075.0,1035.0,1035.0,14665958
2025-10-28,1075.0,1075.0,1080.0,1055.0,1060.0,9123838
2025-10-29,1060.0,1060.0,1085.0,1035.0,1075.0,13037322
2025-10-30,1010.0,1010.0,1070.0,1005.0,1070.0,23687176
2025-10-31,995.0,995.0,1015.0,990.0,1000.0,21049860
2025-11-03,983.0,983.0,1005.0,982.0,992.0,16545187
2025-11-04,975.0,975.0,1010.0,975.0,980.0,18976367
2025-11-05,967.0,967.0,972.0,930.0,930.0,18127318
2025-11-06,978.0,978.0,994.0,977.0,980.0,10520332
2025-11-07,965.0,965.0,972.0,956.0,960.0,9673113
2025-11-10,982.0,982.0,994.0,968.0,980.0,11544121
2025-11-11,972.0,972.0,998.0,972.0,993.0,11380761
2025-11-12,967.0,967.0,981.0,954.0,965.0,14451354
2025-11-13,958.0,958.0,973.0,958.0,965.0,11148197
2025-11-14,922.0,922.0,945.0,922.0,938.0,19610238
2025-11-17,916.0,916.0,946.0,916.0,931.0,11523207
2025-11-18,898.0,898.0,930.0,898.0,906.0,13615098
2025-11-19,894.0,894.0,911.0,889.0,890.0,12208506
2025-11-20,954.0,954.0,965.0,934.0,939.0,16670416
2025-11-21,895.0,895.0,913.0,895.0,907.0,17544293
2025-11-24,893.0,893.0,909.0,893.0,904.0,18856003
2025-11-25,910.0,910.0,926.0,899.0,913.0,10504174
2025-11-26,945.0,945.0,950.0,916.0,928.0,11426896
2025-11-27,942.0,942.0,959.0,938.0,955.0,8820259
2025-11-28,932.0,932.0,946.0,928.0,946.0,8363698
2025-12-01,973.0,973.0,978.0,932.0,936.0,17532398
2025-12-02,989.0,989.0,998.0,974.0,988.0,20318111
2025-12-03,997.0,997.0,1005.0,984.0,997.0,12779073
2025-12-04,999.0,999.0,1005.0,991.0,999.0,6988805
2025-12-05,979.0,979.0,1005.0,973.0,998.0,9899996
2025-12-08,979.0,979.0,993.0,970.0,985.0,5977776
2025-12-09,971.0,971.0,980.0,966.0,976.0,7892104
2025-12-10,968.0,968.0,978.0,965.0,973.0,6353279
2025-12-11,945.0,945.0,976.0,945.0,970.0,12453039
2025-12-12,938.0,938.0,948.0,929.0,945.0,9967630
2025-12-15,922.0,922.0,933.0,916.0,917.0,7161588
2025-12-16,901.0,901.0,915.0,899.0,908.0,11299114
2025-12-17,890.0,890.0,907.0,890.0,900.0,14101199
2025-12-18,891.0,891.0,896.0,886.0,889.0,6718290
2025-12-19,911.0,911.0,923.0,895.0,899.0,13809520
2025-12-22,953.0,953.0,957.0,909.0,911.0,14176209
2025-12-23,943.0,943.0,965.0,943.0,962.0,6033660
2025-12-24,955.0,955.0,960.0,948.0,952.0,5165678
2025-12-26,956.0,956.0,962.0,952.0,960.0,3406520
2025-12-29,962.0,962.0,974.0,960.0,960.0,6436356
2025-12-30,961.0,961.0,970.0,957.0,964.0,4664368
2025-12-31,963.0,963.0,974.0,950.0,959.0,9297343
2026-01-02,995.0,995.0,998.0,969.0,970.0,14649316
2026-01-05,1010.0,1010.0,1025.0,1000.0,1010.0,13808472
2026-01-06,1050.0,1050.0,1050.0,983.0,1005.0,17611330
2026-01-07,1030.0,1030.0,1085.0,988.0,1080.0,18956362
2026-01-08,1010.0,1010.0,1040.0,1010.0,1035.0,9495549
2026-01-09,1015.0,1015.0,1030.0,995.0,1000.0,7818509
2026-01-12,1055.0,1055.0,1065.0,1035.0,1040.0,12690911
2026-01-13,1030.0,1030.0,1080.0,1025.0,1070.0,12476270
2026-01-14,1060.0,1060.0,1070.0,1040.0,1040.0,9296311
2026-01-15,1045.0,1045.0,1060.0,1025.0,1055.0,8579869
2026-01-16,1125.0,1125.0,1135.0,1060.0,1075.0,24482607
2026-01-19,1120.0,1120.0,1160.0,1110.0,1145.0,12864701
2026-01-20,1130.0,1130.0,1140.0,1100.0,1105.0,7555816
2026-01-21,1135.0,1135.0,1185.0,1115.0,1130.0,18878632
2026-01-22,1245.0,1245.0,1245.0,1195.0,1200.0,20586581
2026-01-23,1260.0,1260.0,1285.0,1245.0,1280.0,18187774
2026-01-26,1230.0,1230.0,1240.0,1205.0,1220.0,13054383
2026-01-27,1250.0,1250.0,1260.0,1220.0,1230.0,9071726
2026-01-28,1280.0,1280.0,1280.0,1235.0,1250.0,11623072
2026-01-29,1255.0,1255.0,1315.0,1240.0,1310.0,13505064
2026-01-30,1220.0,1220.0,1255.0,1215.0,1250.0,10993513
2026-02-02,1175.0,1175.0,1200.0,1160.0,1185.0,13451195
2026-02-03,1215.0,1215.0,1220.0,1175.0,1205.0,11407245
2026-02-04,1210.0,1210.0,1220.0,1195.0,1220.0,7342941
2026-02-05,1150.0,1150.0,1180.0,1130.0,1175.0,15861433
2026-02-06,1160.0,1160.0,1170.0,1115.0,1135.0,10693038
2026-02-09,1180.0,1180.0,1210.0,1180.0,1200.0,9124038
2026-02-10,1185.0,1185.0,1210.0,1170.0,1205.0,8355167
2026-02-11,1260.0,1260.0,1265.0,1190.0,1200.0,15443021
2026-02-23,1305.0,1305.0,1380.0,1295.0,1320.0,22078521
2026-02-24,1385.0,1385.0,1385.0,1335.0,1355.0,14083155
2026-02-25,1435.0,1435.0,1480.0,1380.0,1425.0,14709013
2026-02-26,1430.0,1430.0,1455.0,1415.0,1450.0,17965290
2026-03-02,1425.0,1425.0,1445.0,1355.0,1355.0,15569999
2026-03-03,1340.0,1340.0,1435.0,1340.0,1410.0,17852498
2026-03-04,1255.0,1255.0,1320.0,1250.0,1295.0,19185365
2026-03-05,1335.0,1335.0,1365.0,1310.0,1335.0,13686208
2026-03-06,1320.0,1320.0,1345.0,1310.0,1340.0,11211730
2026-03-09,1220.0,1220.0,1230.0,1195.0,1210.0,23398789
2026-03-10,1290.0,1290.0,1325.0,1275.0,1280.0,12096363
2026-03-11,1400.0,1400.0,1415.0,1325.0,1350.0,15114745
2026-03-12,1370.0,1370.0,1410.0,1365.0,1390.0,7808202
2026-03-13,1385.0,1385.0,1405.0,1340.0,1355.0,7798371
2026-03-16,1360.0,1360.0,1395.0,1350.0,1395.0,6238589
2026-03-17,1440.0,1440.0,1470.0,1385.0,1385.0,13512996
2026-03-18,1465.0,1465.0,1490.0,1450.0,1465.0,11442896
2026-03-19,1455.0,1455.0,1480.0,1445.0,1450.0,8335494
2026-03-20,1475.0,1475.0,1530.0,1410.0,1450.0,15939579
2026-03-23,1410.0,1410.0,1425.0,1385.0,1405.0,13897471
2026-03-24,1415.0,1415.0,1470.0,1410.0,1455.0,13206637
2026-03-25,1550.0,1550.0,1555.0,1485.0,1485.0,16571563
2026-03-26,1515.0,1515.0,1565.0,1515.0,1535.0,13856198
2026-03-27,1510.0,1510.0,1520.0,1440.0,1460.0,10527057
2026-03-30,1485.0,1485.0,1495.0,1450.0,1480.0,11853740
2026-03-31,1380.0,1380.0,1470.0,1365.0,1465.0,21389778
2026-04-01,1475.0,1475.0,1495.0,1450.0,1465.0,12559029
2026-04-02,1430.0,1430.0,1510.0,1420.0,1480.0,9953601
2026-04-07,1515.0,1515.0,1515.0,1490.0,1495.0,11190572
2026-04-08,1665.0,1665.0,1665.0,1615.0,1630.0,13400336
2026-04-09,1645.0,1645.0,1705.0,1635.0,1685.0,15129409
2026-04-10,1735.0,1735.0,1750.0,1675.0,1690.0,11557080
2026-04-13,1740.0,1740.0,1760.0,1710.0,1730.0,7069198
2026-04-14,1750.0,1750.0,1820.0,1750.0,1805.0,12801739
2026-04-15,1785.0,1785.0,1835.0,1785.0,1785.0,12877432
2026-04-16,1845.0,1845.0,1845.0,1785.0,1835.0,13254811
2026-04-17,1840.0,1840.0,1870.0,1830.0,1865.0,10769751
2026-04-20,1900.0,1900.0,1980.0,1860.0,1860.0,12064485
2026-04-21,2015.0,2015.0,2035.0,1930.0,1950.0,11917108
2026-04-22,2015.0,2015.0,2045.0,1995.0,2040.0,10968852
2026-04-23,1980.0,1980.0,2115.0,1935.0,2100.0,17431212
2026-04-24,2075.0,2075.0,2090.0,1990.0,2005.0,11571377
2026-04-27,2020.0,2020.0,2080.0,1995.0,2070.0,15898086
2026-04-28,2125.0,2125.0,2160.0,2030.0,2030.0,15038642
2026-04-29,2165.0,2165.0,2170.0,2035.0,2040.0,12261414
2026-04-30,2165.0,2165.0,2280.0,2150.0,2220.0,14060511
2026-05-04,2220.0,2220.0,2260.0,2150.0,2250.0,12649019
2026-05-05,2165.0,2165.0,2195.0,2145.0,2185.0,10559120
2026-05-06,2210.0,2210.0,2270.0,2150.0,2215.0,15562046
2026-05-07,2280.0,2280.0,2370.0,2250.0,2275.0,15656408
2026-05-08,2200.0,2200.0,2250.0,2170.0,2230.0,11802071
2026-05-11,2245.0,2245.0,2270.0,2205.0,2215.0,9200516
2026-05-12,2195.0,2195.0,2260.0,2190.0,2225.0,13011711
2026-05-13,2165.0,2165.0,2185.0,2140.0,2160.0,7659621
2026-05-14,2155.0,2155.0,2250.0,2155.0,2210.0,7332576
2026-05-15,2075.0,2075.0,2195.0,2075.0,2185.0,12351492
2026-05-18,2020.0,2020.0,2040.0,1985.0,1985.0,10082191
2026-05-19,1915.0,1915.0,2025.0,1910.0,2020.0,16288903
2026-05-20,1915.0,1915.0,1960.0,1880.0,1880.0,10890054
2026-05-21,2030.0,2030.0,2060.0,1990.0,2015.0,11663874
2026-05-22,2095.0,2095.0,2125.0,2050.0,2125.0,8534359
2026-05-25,2290.0,2290.0,2300.0,2185.0,2205.0,12049781
2026-05-26,2350.0,2350.0,2410.0,2290.0,2350.0,12198582
2026-05-27,2520.0,2520.0,2585.0,2490.0,2490.0,13897689
2026-05-28,2390.0,2390.0,2520.0,2370.0,2485.0,11721062
2026-05-29,2445.0,2445.0,2525.0,2445.0,2470.0,17179076
2026-06-01,2420.0,2420.0,2520.0,2410.0,2450.0,9840869
2026-06-02,2360.0,2360.0,2455.0,2330.0,2430.0,12331189
2026-06-03,2455.0,2455.0,2460.0,2410.0,2420.0,10882344
2026-06-04,2425.0,2425.0,2465.0,2405.0,2440.0,9416420
2026-06-05,2300.0,2300.0,2380.0,2275.0,2380.0,12283892
2026-06-08,2255.0,2255.0,2260.0,2090.0,2090.0,15374423
2026-06-09,2415.0,2415.0,2435.0,2215.0,2265.0,15579800
2026-06-10,2200.0,2200.0,2410.0,2190.0,2370.0,18810727
2026-06-11,2160.0,2160.0,2230.0,2080.0,2170.0,15289457
2026-06-12,2215.0,2215.0,2280.0,2170.0,2260.0,9897155
2026-06-15,2210.0,2210.0,2320.0,2200.0,2310.0,9456969
2026-06-16,2230.0,2230.0,2270.0,2220.0,2265.0,9190426
2026-06-17,2155.0,2155.0,2220.0,2140.0,2220.0,11613654
2026-06-18,2150.0,2150.0,2210.0,2150.0,2190.0,12882319
2026-06-22,2150.0,2150.0,2195.0,2135.0,2170.0,16874717
2026-06-23,2080.0,2080.0,2170.0,2080.0,2170.0,14787242
2026-06-24,2000.0,2000.0,2050.0,1970.0,2030.0,23907070
2026-06-25,1980.0,1980.0,2060.0,1960.0,2060.0,13727341
2026-06-26,1810.0,1810.0,1935.0,1790.0,1925.0,28604290
2026-06-29,1905.0,1905.0,1970.0,1850.0,1860.0,16741799
2026-06-30,1950.0,1950.0,2030.0,1950.0,2010.0,14370927
2026-07-01,1990.0,1990.0,2020.0,1965.0,2020.0,8753015
2026-07-02,1970.0,1970.0,2010.0,1920.0,1955.0,6939618
2026-07-03,2075.0,2075.0,2075.0,1885.0,1920.0,15207642
2026-07-06,1995.0,1995.0,2135.0,1995.0,2120.0,9220091
2026-07-07,1890.0,1890.0,2025.0,1890.0,2015.0,9212478
2026-07-08,1885.0,1885.0,1950.0,1840.0,1925.0,13043190
2026-07-09,1880.0,1880.0,1935.0,1870.0,1890.0,8337141
2026-07-13,1890.0,1890.0,1980.0,1885.0,1970.0,9299583
2026-07-14,1855.0,1855.0,1905.0,1780.0,1900.0,10864234
2026-07-15,1890.0,1890.0,1930.0,1865.0,1930.0,8792634
2026-07-16,1905.0,1905.0,1935.0,1820.0,1865.0,8661820
2026-07-17,1740.0,1740.0,1825.0,1735.0,1820.0,14248513
2026-07-20,1705.0,1705.0,1785.0,1665.0,1695.0,11567901
2026-07-21,1835.0,1835.0,1855.0,1720.0,1735.0,11082972
2026-07-22,1880.0,1880.0,1950.0,1870.0,1920.0,11813364
2026-07-23,1880.0,1880.0,1945.0,1850.0,1900.0,6075442
2026-07-24,1785.0,1785.0,1890.0,1785.0,1850.0,7041974
2026-07-27,1755.0,1755.0,1785.0,1695.0,1755.0,9935415
2026-07-28,1580.0,1580.0,1655.0,1580.0,1635.0,16516645
2026-07-29,1495.0,1495.0,1595.0,1425.0,1560.0,22356467
2026-07-30,1530.0,1530.0,1625.0,1475.0,1505.0,22598605
2026-07-31,1640.0,1640.0,1680.0,1590.0,1680.0,31456334
2026-08-03,1580.0,1580.0,1645.0,1560.0,1610.0,17410913
2026-08-04,1620.0,1620.0,1680.0,1520.0,1530.0,20958807
2026-08-05,1650.0,1650.0,1720.0,1645.0,1705.0,16778461
2026-08-06,1680.0,1680.0,1700.0,1625.0,1650.0,10907572
2026-08-07,1650.0,1650.0,1715.0,1635.0,1700.0,10432120
2026-08-10,1815.0,1815.0,1815.0,1690.0,1695.0,10318139
2026-08-11,1805.0,1805.0,1865.0,1785.0,1835.0,18963715
2026-08-12,1790.0,1790.0,1830.0,1785.0,1810.0,9097777
2026-08-13,1885.0,1885.0,1915.0,1845.0,1845.0,14453120
2026-08-14,1885.0,1885.0,1975.0,1865.0,1945.0,14036875
2026-08-17,1885.0,1885.0,2005.0,1885.0,1950.0,13421490
2026-08-18,1820.0,1820.0,1905.0,1820.0,1900.0,11391040
2026-08-19,1765.0,1765.0,1800.0,1740.0,1745.0,12608652
2026-08-20,1745.0,1745.0,1785.0,1705.0,1770.0,11014621
2026-08-21,1750.0,1750.0,1760.0,1720.0,1760.0,5768589
2026-08-24,1735.0,1735.0,1775.0,1710.0,1720.0,4498318
2026-08-25,1710.0,1710.0,1715.0,1655.0,1715.0,10537455
2026-08-26,1750.0,1750.0,1760.0,1670.0,1680.0,10798374
2026-08-27,1770.0,1770.0,1820.0,1760.0,1780.0,8876431
2026-08-28,1830.0,1830.0,1870.0,1780.0,1800.0,13398406
2026-08-31,1840.0,1840.0,1840.0,1775.0,1785.0,8899747
2026-09-01,1865.0,1865.0,1865.0,1810.0,1845.0,8434152
2026-09-02,1730.0,1730.0,1815.0,1730.0,1815.0,15977253
