Date,Adj Close,Close,High,Low,Open,Volume
2016-08-12,2.26,2.26,2.26,2.25,2.25,91788
2016-08-15,2.25,2.25,2.32,2.23,2.26,108278
2016-08-16,2.25,2.25,2.25,2.23,2.23,135830
2016-08-17,2.2,2.2,2.28,2.2,2.2,122921
2016-08-18,2.3,2.3,2.31,2.2,2.2,167554
2016-08-19,2.25,2.25,2.32,2.25,2.32,67308
2016-08-22,2.27,2.27,2.29,2.26,2.26,141725
2016-08-23,2.26,2.26,2.26,2.25,2.26,74040
2016-08-24,2.24,2.24,2.26,2.22,2.22,84656
2016-08-25,2.24,2.24,2.24,2.16,2.16,108317
2016-08-26,2.22,2.22,2.22,2.2,2.2,86686
2016-08-29,2.2,2.2,2.24,2.13,2.13,375402
2016-08-30,2.2,2.2,2.22,2.2,2.2,680094
2016-08-31,2.2,2.2,2.2,2.17,2.17,298520
2016-09-01,2.22,2.22,2.22,2.2,2.21,839384
2016-09-02,2.2,2.2,2.22,2.11,2.22,659359
2016-09-05,2.3,2.3,2.3,2.21,2.21,605556
2016-09-06,2.3,2.3,2.35,2.3,2.3,689111
2016-09-07,2.4,2.4,2.45,2.3,2.3,792315
2016-09-08,2.62,2.62,2.63,2.48,2.49,879512
2016-09-09,2.47,2.47,2.6,2.47,2.58,744681
2016-09-12,2.52,2.52,2.53,2.39,2.39,568039
2016-09-13,2.45,2.45,2.5,2.4,2.5,177107
2016-09-14,2.45,2.45,2.45,2.4,2.45,44192
2016-09-19,2.33,2.33,2.44,2.32,2.44,98469
2016-09-20,2.35,2.35,2.48,2.35,2.48,145447
2016-09-21,2.35,2.35,2.35,2.26,2.35,109031
2016-09-22,2.35,2.35,2.36,2.23,2.23,79423
2016-09-23,2.37,2.37,2.37,2.31,2.35,570938
2016-09-26,2.35,2.35,2.38,2.3,2.37,360902
2016-09-29,2.35,2.35,2.35,2.3,2.3,274961
2016-09-30,2.31,2.31,2.35,2.31,2.35,350547
2016-10-03,2.3,2.3,2.32,2.3,2.3,82754
2016-10-04,2.27,2.27,2.31,2.25,2.25,361245
2016-10-05,2.31,2.31,2.31,2.27,2.27,156578
2016-10-06,2.33,2.33,2.33,2.31,2.31,338821
2016-10-07,2.33,2.33,2.33,2.29,2.33,113049
2016-10-11,2.45,2.45,2.48,2.34,2.34,368055
2016-10-12,2.4,2.4,2.49,2.36,2.49,335707
2016-10-13,2.4,2.4,2.4,2.4,2.4,525928
2016-10-14,2.33,2.33,2.4,2.3,2.4,211393
2016-10-17,2.29,2.29,2.32,2.27,2.32,44672
2016-10-18,2.3,2.3,2.3,2.28,2.28,283266
2016-10-19,2.33,2.33,2.33,2.25,2.25,77505
2016-10-20,2.3,2.3,2.33,2.3,2.33,109078
2016-10-21,2.33,2.33,2.33,2.3,2.3,227873
2016-10-24,2.31,2.31,2.35,2.3,2.33,106426
2016-10-25,2.29,2.29,2.3,2.26,2.3,120059
2016-10-26,2.27,2.27,2.3,2.27,2.29,139775
2016-10-27,2.28,2.28,2.3,2.27,2.27,56908
2016-10-28,2.27,2.27,2.29,2.26,2.28,174896
2016-10-31,2.25,2.25,2.28,2.25,2.25,163413
2016-11-01,2.26,2.26,2.28,2.26,2.26,124350
2016-11-02,2.25,2.25,2.25,2.25,2.25,504014
2016-11-03,2.2,2.2,2.22,2.2,2.21,188397
2016-11-04,2.23,2.23,2.23,2.2,2.2,65309
2016-11-07,2.27,2.27,2.44,2.1,2.1,423650
2016-11-08,2.22,2.22,2.29,2.2,2.29,278252
2016-11-09,2.21,2.21,2.22,2.2,2.2,282602
2016-11-10,2.21,2.21,2.21,2.11,2.2,194242
2016-11-11,2.25,2.25,2.37,2.1,2.37,412739
2016-11-14,2.18,2.18,2.24,2.18,2.24,318642
2016-11-15,2.22,2.22,2.22,2.18,2.18,277997
2016-11-16,2.25,2.25,2.26,2.2,2.25,371674
2016-11-17,2.25,2.25,2.26,2.22,2.25,276056
2016-11-18,2.25,2.25,2.29,2.21,2.21,277750
2016-11-21,2.23,2.23,2.3,2.2,2.24,583479
2016-11-22,2.34,2.34,2.34,2.3,2.3,760054
2016-11-23,2.45,2.45,2.48,2.4,2.4,635028
2016-11-24,2.69,2.69,2.69,2.68,2.68,1747172
2016-11-25,2.9,2.9,2.95,2.7,2.95,2500212
2016-11-28,2.72,2.72,2.86,2.71,2.71,882921
2016-11-29,2.99,2.99,2.99,2.75,2.75,1630774
2016-11-30,3.28,3.28,3.28,3.28,3.28,829244
2016-12-01,3.25,3.25,3.59,2.98,3.59,3437745
2016-12-02,2.94,2.94,3.03,2.93,3.03,2245481
2016-12-05,3.1,3.1,3.1,2.91,2.91,458566
2016-12-06,3.0,3.0,3.1,2.95,3.04,728278
2016-12-07,2.97,2.97,3.0,2.91,3.0,172088
2016-12-08,3.12,3.12,3.12,2.98,3.05,789229
2016-12-09,3.0,3.0,3.0,2.92,2.92,476890
2016-12-12,2.96,2.96,3.0,2.96,3.0,348580
2016-12-13,2.9,2.9,3.0,2.9,2.96,321236
2016-12-14,2.88,2.88,2.95,2.88,2.9,256970
2016-12-15,2.87,2.87,2.88,2.85,2.88,162526
2016-12-16,2.9,2.9,2.91,2.87,2.9,356215
2016-12-19,2.84,2.84,2.9,2.81,2.9,392133
2016-12-20,2.9,2.9,2.97,2.9,2.97,169433
2016-12-21,2.84,2.84,2.85,2.81,2.81,149443
2016-12-22,2.8,2.8,2.84,2.8,2.84,436934
2016-12-23,2.89,2.89,2.96,2.83,2.9,188274
2016-12-26,2.87,2.87,2.9,2.83,2.9,89067
2016-12-27,2.82,2.82,2.87,2.81,2.87,123555
2016-12-28,2.81,2.81,2.82,2.8,2.82,691501
2016-12-29,2.83,2.83,2.83,2.81,2.81,85350
2016-12-30,2.9,2.9,2.95,2.9,2.95,261493
2017-01-03,2.87,2.87,2.92,2.86,2.92,114437
2017-01-04,2.86,2.86,2.87,2.85,2.85,86855
2017-01-05,2.82,2.82,2.87,2.8,2.87,216581
2017-01-06,2.9,2.9,2.9,2.89,2.89,155372
2017-01-09,2.84,2.84,2.92,2.84,2.9,235463
2017-01-10,2.85,2.85,2.85,2.81,2.81,166947
2017-01-11,2.81,2.81,2.81,2.78,2.8,903935
2017-01-12,2.83,2.83,2.86,2.82,2.86,126126
2017-01-13,2.83,2.83,2.83,2.79,2.83,165487
2017-01-16,2.8,2.8,2.8,2.78,2.8,266802
2017-01-17,2.85,2.85,2.86,2.8,2.8,250632
2017-01-18,2.8,2.8,2.85,2.72,2.72,286815
2017-01-19,2.82,2.82,2.83,2.8,2.8,277014
2017-01-20,2.82,2.82,2.85,2.8,2.82,275097
2017-01-23,2.83,2.83,2.83,2.8,2.82,317715
2017-01-24,2.95,2.95,2.95,2.89,2.89,631031
2017-02-02,3.24,3.24,3.24,2.99,3.01,1889100
2017-02-03,3.56,3.56,3.56,3.56,3.56,2322479
2017-02-06,3.91,3.91,3.91,3.79,3.79,3170684
2017-02-07,3.7,3.7,3.88,3.53,3.88,1393215
2017-02-08,3.86,3.86,3.98,3.85,3.98,1146752
2017-02-09,3.95,3.95,3.95,3.86,3.86,1233134
2017-02-10,3.9,3.9,3.95,3.85,3.95,780737
2017-02-13,4.01,4.01,4.01,3.99,3.99,1439879
2017-02-14,4.01,4.01,4.11,4.01,4.09,1241432
2017-02-15,4.21,4.21,4.41,4.05,4.41,1248190
2017-02-16,4.1,4.1,4.15,4.04,4.04,920843
2017-02-17,4.08,4.08,4.3,4.04,4.3,496823
2017-02-20,3.88,3.88,4.0,3.88,4.0,633544
2017-02-21,3.74,3.74,3.77,3.74,3.75,387211
2017-02-22,3.88,3.88,3.88,3.7,3.7,562776
2017-02-23,3.8,3.8,3.88,3.8,3.88,303923
2017-02-24,3.88,3.88,3.95,3.8,3.8,267047
2017-03-01,3.85,3.85,3.88,3.85,3.88,302045
2017-03-02,3.8,3.8,3.8,3.8,3.8,373898
2017-03-03,3.6,3.6,3.8,3.6,3.8,586765
2017-03-06,3.71,3.71,3.71,3.6,3.6,241176
2017-03-07,3.72,3.72,3.75,3.68,3.71,167164
2017-03-08,3.88,3.88,3.88,3.72,3.72,384077
2017-03-09,3.9,3.9,3.91,3.88,3.88,503860
2017-03-10,3.87,3.87,3.9,3.76,3.9,535820
2017-03-13,4.25,4.25,4.25,4.0,4.0,1963513
2017-03-14,4.11,4.11,4.25,4.1,4.1,1021313
2017-03-15,4.22,4.22,4.23,4.1,4.1,565414
2017-03-16,4.5,4.5,4.6,4.22,4.22,1275979
2017-03-17,4.8,4.8,4.8,4.7,4.8,2503410
2017-03-20,5.28,5.28,5.28,5.28,5.28,2936103
2017-03-21,5.28,5.28,5.68,4.8,5.68,5298588
2017-03-22,5.1,5.1,5.26,4.95,4.99,2053741
2017-03-23,4.59,4.59,5.0,4.59,5.0,2538611
2017-03-24,4.49,4.49,4.49,4.14,4.14,5311791
2017-03-27,4.22,4.22,4.39,4.12,4.39,2403370
2017-03-28,4.4,4.4,4.4,4.22,4.34,1008818
2017-03-29,4.36,4.36,4.53,4.36,4.53,1569407
2017-03-30,4.4,4.4,4.4,4.1,4.1,680559
2017-03-31,4.37,4.37,4.5,4.37,4.5,876840
2017-04-05,4.4,4.4,4.5,4.38,4.49,1084339
2017-04-06,4.55,4.55,4.55,4.43,4.43,945392
2017-04-07,4.5,4.5,4.55,4.4,4.55,599188
2017-04-10,4.36,4.36,4.6,4.35,4.6,607341
2017-04-11,4.32,4.32,4.36,4.3,4.36,340904
2017-04-12,4.1,4.1,4.32,4.08,4.32,618911
2017-04-13,4.09,4.09,4.12,4.0,4.12,630561
2017-04-14,3.69,3.69,3.82,3.69,3.82,1673599
2017-04-17,3.67,3.67,3.75,3.65,3.69,673301
2017-04-18,3.73,3.73,3.73,3.69,3.69,292111
2017-04-19,3.83,3.83,3.83,3.52,3.52,197444
2017-04-21,3.96,3.96,3.96,3.84,3.84,344494
2017-04-24,3.95,3.95,3.95,3.81,3.81,88088
2017-04-25,3.98,3.98,4.03,3.95,3.95,190552
2017-04-26,4.01,4.01,4.01,3.98,3.98,378302
2017-04-27,3.97,3.97,4.0,3.97,4.0,199452
2017-04-28,3.96,3.96,4.0,3.91,4.0,174876
2017-05-02,3.98,3.98,3.98,3.85,3.85,193039
2017-05-03,3.98,3.98,4.0,3.98,4.0,443581
2017-05-04,3.95,3.95,3.96,3.95,3.95,184403
2017-05-05,3.83,3.83,3.9,3.78,3.9,134893
2017-05-08,3.45,3.45,3.8,3.45,3.8,808433
2017-05-09,3.2,3.2,3.45,3.2,3.45,572470
2017-05-10,3.02,3.02,3.02,3.0,3.01,1538398
2017-05-11,3.32,3.32,3.32,3.02,3.02,1070379
2017-05-12,3.65,3.65,3.65,3.4,3.4,2850216
2017-05-15,3.8,3.8,3.89,3.65,3.65,799825
2017-05-16,3.42,3.42,3.68,3.42,3.68,750446
2017-05-17,3.25,3.25,3.3,3.1,3.3,602559
2017-05-18,3.35,3.35,3.39,3.3,3.3,351843
2017-05-19,3.42,3.42,3.47,3.36,3.36,288659
2017-05-22,3.4,3.4,3.5,3.36,3.36,232838
2017-05-23,3.33,3.33,3.4,3.33,3.4,205643
2017-05-24,3.23,3.23,3.33,3.05,3.33,589770
2017-05-25,3.3,3.3,3.3,3.22,3.22,341091
2017-05-26,3.22,3.22,3.28,3.2,3.2,187750
2017-05-31,3.22,3.22,3.25,3.2,3.25,154949
2017-06-01,3.32,3.32,3.33,3.22,3.22,352347
2017-06-02,3.44,3.44,3.44,3.32,3.32,286374
2017-06-05,3.48,3.48,3.5,3.43,3.5,297217
2017-06-06,3.59,3.59,3.59,3.45,3.45,381309
2017-06-07,3.46,3.46,3.59,3.46,3.59,206220
2017-06-08,3.42,3.42,3.46,3.42,3.42,147943
2017-06-09,3.42,3.42,3.44,3.42,3.42,185246
2017-06-12,3.36,3.36,3.42,3.36,3.42,122563
2017-06-13,3.2,3.2,3.35,3.2,3.35,493440
2017-06-14,3.1,3.1,3.39,3.1,3.39,1444000
2017-06-15,3.0,3.0,3.12,3.0,3.12,853977
2017-06-16,3.02,3.02,3.02,3.0,3.02,1428487
2017-06-19,3.18,3.18,3.18,3.0,3.0,333610
2017-06-20,3.2,3.2,3.3,3.2,3.2,386212
2017-06-21,3.15,3.15,3.3,3.13,3.25,248721
2017-06-22,3.1,3.1,3.15,3.1,3.15,200509
2017-06-23,3.18,3.18,3.18,3.1,3.1,198498
2017-06-26,3.08,3.08,3.15,3.08,3.15,252136
2017-06-27,3.05,3.05,3.08,3.05,3.08,400025
2017-06-28,3.1,3.1,3.11,3.05,3.05,216688
2017-06-29,3.05,3.05,3.16,3.05,3.1,527387
2017-06-30,3.1,3.1,3.14,3.05,3.05,85605
2017-07-03,3.11,3.11,3.18,3.11,3.18,403597
2017-07-04,3.09,3.09,3.1,3.09,3.1,851250
2017-07-05,3.07,3.07,3.09,3.07,3.08,588931
2017-07-06,3.07,3.07,3.1,3.06,3.1,301330
2017-07-07,3.13,3.13,3.2,3.06,3.06,231851
2017-07-10,3.1,3.1,3.14,3.1,3.14,254963
2017-07-11,3.19,3.19,3.19,3.11,3.11,243478
2017-07-12,3.39,3.39,3.41,3.2,3.2,1314979
2017-07-13,3.26,3.26,3.37,3.25,3.37,270206
2017-07-14,3.21,3.21,3.25,3.21,3.24,361821
2017-07-17,3.21,3.21,3.23,3.21,3.21,153864
2017-07-18,3.16,3.16,3.2,3.13,3.2,94213
2017-07-19,3.15,3.15,3.15,3.08,3.08,227193
2017-07-20,3.1,3.1,3.12,3.09,3.12,411001
2017-07-21,3.08,3.08,3.13,3.08,3.1,172414
2017-07-24,3.07,3.07,3.11,3.06,3.06,122026
2017-07-25,3.08,3.08,3.11,3.06,3.07,200557
2017-07-26,3.07,3.07,3.07,3.06,3.06,200243
2017-07-27,3.06,3.06,3.08,3.06,3.07,192036
2017-07-28,3.09,3.09,3.09,3.05,3.09,69136
2017-07-31,3.06,3.06,3.06,3.05,3.05,157738
2017-08-01,3.11,3.11,3.11,3.06,3.06,135292
2017-08-02,3.08,3.08,3.11,3.02,3.11,128924
2017-08-03,3.08,3.08,3.08,3.08,3.08,126499
2017-08-04,3.15,3.15,3.15,3.08,3.08,307201
2017-08-07,3.08,3.08,3.1,3.08,3.1,298422
2017-08-08,3.07,3.07,3.08,3.05,3.05,157090
2017-08-09,3.05,3.05,3.08,3.04,3.04,320406
2017-08-10,3.03,3.03,3.05,3.02,3.05,492759
2017-08-11,3.03,3.03,3.04,3.03,3.03,596830
2017-08-14,2.98,2.98,3.06,2.98,3.06,651005
2017-08-15,3.09,3.09,3.13,2.98,2.98,310501
2017-08-16,3.03,3.03,3.05,3.03,3.03,169060
2017-08-17,3.03,3.03,3.05,3.0,3.0,159258
2017-08-18,3.2,3.2,3.2,3.1,3.1,633282
2017-08-21,3.26,3.26,3.29,3.25,3.28,654885
2017-08-22,3.14,3.14,3.25,3.06,3.25,332223
2017-08-23,3.05,3.05,3.16,3.05,3.16,596213
2017-08-24,3.24,3.24,3.24,3.01,3.03,768744
2017-08-25,3.22,3.22,3.22,3.12,3.19,346710
2017-08-28,3.25,3.25,3.32,3.22,3.32,531888
2017-08-29,3.2,3.2,3.2,3.2,3.2,713772
2017-08-30,3.24,3.24,3.26,3.2,3.2,522842
2017-08-31,3.28,3.28,3.3,3.25,3.25,748296
2017-09-01,3.34,3.34,3.35,3.34,3.35,797385
2017-09-04,3.67,3.67,3.67,3.34,3.34,2452836
2017-09-05,4.03,4.03,4.03,3.94,3.94,1846309
2017-09-06,4.43,4.43,4.43,4.43,4.43,1763096
2017-09-07,4.87,4.87,4.87,4.87,4.87,2168077
2017-09-08,5.25,5.25,5.35,4.39,5.35,16060997
2017-09-11,4.73,4.73,4.99,4.73,4.99,4977798
2017-09-12,5.0,5.0,5.0,4.51,4.51,3705006
2017-09-13,4.9,4.9,5.0,4.79,4.79,2686517
2017-09-14,4.55,4.55,4.9,4.55,4.9,1907365
2017-09-15,4.6,4.6,4.66,4.4,4.4,1364305
2017-09-18,4.65,4.65,4.7,4.6,4.6,1758816
2017-09-19,4.55,4.55,4.65,4.5,4.65,2056965
2017-09-20,4.4,4.4,4.5,4.4,4.5,1902932
2017-09-21,4.5,4.5,4.6,4.4,4.4,3065365
2017-09-22,4.95,4.95,4.95,4.5,4.5,6067489
2017-09-25,5.0,5.0,5.44,4.8,5.44,5861322
2017-10-06,24.7,24.7,27.2,22.6,27.2,1203544
2017-10-11,22.25,22.25,23.5,22.25,23.5,198526
2017-10-12,20.05,20.05,20.8,20.05,20.8,737109
2017-10-13,21.85,21.85,22.0,18.25,18.25,1277152
2017-10-16,21.95,21.95,22.6,20.75,20.75,570132
2017-10-17,20.3,20.3,21.95,20.3,21.95,189402
2017-10-18,19.65,19.65,20.55,19.3,20.4,166768
2017-10-19,18.8,18.8,19.65,18.8,19.65,216711
2017-10-20,20.2,20.2,20.2,18.8,18.8,441374
2017-10-23,19.3,19.3,20.3,19.3,20.3,172816
2017-10-24,19.15,19.15,20.0,19.0,19.5,116066
2017-10-25,19.15,19.15,19.45,19.0,19.0,108400
2017-10-26,19.25,19.25,19.45,19.15,19.15,70925
2017-10-27,19.35,19.35,19.9,19.3,19.3,126774
2017-10-30,19.2,19.2,19.4,19.2,19.35,116479
2017-10-31,20.15,20.15,20.15,19.2,19.2,229864
2017-11-01,19.65,19.65,20.2,19.5,20.2,143476
2017-11-02,19.7,19.7,19.8,19.5,19.5,137830
2017-11-03,17.75,17.75,19.3,17.75,19.3,197682
2017-11-06,17.65,17.65,18.1,17.6,17.8,300925
2017-11-07,15.9,15.9,17.75,15.9,17.75,296119
2017-11-08,16.1,16.1,16.1,16.0,16.05,345794
2017-11-09,15.6,15.6,16.15,15.6,16.1,309795
2017-11-10,15.0,15.0,15.45,15.0,15.45,364308
2017-11-13,15.5,15.5,15.8,15.05,15.05,272981
2017-11-14,16.6,16.6,17.05,15.6,15.6,323366
2017-11-15,18.25,18.25,18.25,16.7,16.7,318746
2017-11-16,16.45,16.45,18.55,16.45,18.55,354234
2017-11-17,16.5,16.5,17.15,16.05,16.55,210197
2017-11-20,16.15,16.15,16.75,15.8,16.05,175393
2017-11-21,16.0,16.0,16.5,16.0,16.25,276147
2017-11-22,16.6,16.6,16.6,16.15,16.15,147957
2017-11-23,17.2,17.2,17.2,16.2,16.2,104860
2017-11-24,17.0,17.0,17.1,16.7,16.95,26292
2017-11-27,17.0,17.0,17.0,16.6,16.6,24969
2017-11-28,16.65,16.65,17.0,16.65,16.95,35014
2017-11-29,16.45,16.45,16.7,16.25,16.65,51342
2017-11-30,16.0,16.0,16.45,16.0,16.2,56219
2017-12-01,16.25,16.25,16.5,16.0,16.0,80420
2017-12-04,16.0,16.0,16.25,15.8,16.0,129246
2017-12-05,16.0,16.0,16.0,15.95,16.0,61734
2017-12-06,15.55,15.55,16.0,15.0,16.0,178972
2017-12-07,15.6,15.6,15.6,15.3,15.3,69987
2017-12-08,16.25,16.25,16.25,15.7,15.8,76862
2017-12-11,16.1,16.1,16.25,16.05,16.25,73377
2017-12-12,16.2,16.2,16.3,16.15,16.15,54316
2017-12-13,16.4,16.4,16.95,16.0,16.0,78960
2017-12-14,17.1,17.1,17.45,16.4,16.4,191562
2017-12-15,17.5,17.5,17.5,16.8,16.8,110523
2017-12-18,19.2,19.2,19.25,18.55,19.25,560400
2017-12-19,18.1,18.1,18.7,17.85,18.45,183726
2017-12-20,18.6,18.6,18.65,18.3,18.3,137859
2017-12-21,19.0,19.0,19.3,18.55,18.6,260913
2017-12-22,18.5,18.5,19.25,18.5,19.0,68257
2017-12-25,18.25,18.25,18.8,18.25,18.35,53120
2017-12-26,18.35,18.35,18.65,18.25,18.25,97585
2017-12-27,18.3,18.3,19.0,18.25,18.25,94690
2017-12-28,18.45,18.45,18.5,18.2,18.3,69939
2017-12-29,17.95,17.95,18.2,17.95,18.2,69531
2018-01-02,17.8,17.8,17.95,17.75,17.95,36900
2018-01-03,18.15,18.15,18.15,17.65,18.15,75681
2018-01-04,18.5,18.5,18.55,17.95,18.1,105208
2018-01-05,18.5,18.5,19.35,18.25,18.5,108965
2018-01-08,19.0,19.0,19.2,18.65,18.65,239500
2018-01-09,18.95,18.95,19.15,18.9,18.9,104255
2018-01-10,19.2,19.2,19.5,19.15,19.2,122774
2018-01-11,19.4,19.4,19.7,19.0,19.25,127475
2018-01-12,19.2,19.2,19.5,19.1,19.5,133649
2018-01-15,19.2,19.2,19.3,18.95,19.2,85894
2018-01-16,19.0,19.0,19.2,18.95,19.05,132533
2018-01-17,19.05,19.05,19.35,19.0,19.0,93330
2018-01-18,19.0,19.0,19.3,19.0,19.05,86000
2018-01-19,19.0,19.0,19.05,18.9,19.0,32571
2018-01-22,19.4,19.4,20.1,18.9,19.0,191323
2018-01-23,21.15,21.15,21.3,19.7,19.95,1012986
2018-01-24,21.15,21.15,21.45,20.15,20.2,240157
2018-01-25,21.45,21.45,21.9,21.05,21.2,295408
2018-01-26,21.75,21.75,21.95,21.3,21.3,257181
2018-01-29,23.25,23.25,23.9,21.8,21.8,978706
2018-01-30,23.2,23.2,23.65,22.5,22.5,471011
2018-01-31,22.9,22.9,23.8,22.9,22.95,344375
2018-02-01,22.8,22.8,23.0,22.8,23.0,161133
2018-02-02,22.35,22.35,22.8,22.35,22.8,115539
2018-02-05,21.4,21.4,21.95,20.8,21.75,303560
2018-02-06,19.4,19.4,21.0,19.3,21.0,573677
2018-02-07,20.3,20.3,20.5,19.9,19.9,184558
2018-02-08,20.5,20.5,20.5,19.9,20.45,229199
2018-02-09,22.1,22.1,22.5,19.4,19.45,317209
2018-02-12,23.75,23.75,24.2,22.55,22.6,813206
2018-02-21,25.4,25.4,25.5,24.1,24.7,713053
2018-02-22,26.25,26.25,26.45,25.0,25.0,1193758
2018-02-23,24.95,24.95,26.65,24.8,26.45,1149996
2018-02-26,25.3,25.3,25.55,23.7,24.15,588112
2018-02-27,25.45,25.45,26.6,25.2,25.4,816309
2018-03-01,25.6,25.6,25.9,24.95,24.95,221602
2018-03-02,26.8,26.8,27.0,25.45,25.55,578866
2018-03-05,27.95,27.95,28.0,27.0,27.6,924713
2018-03-06,28.6,28.6,30.7,28.0,28.0,1108884
2018-03-07,28.3,28.3,29.5,27.4,28.6,737729
2018-03-08,28.5,28.5,28.7,28.05,28.3,318276
2018-03-09,28.0,28.0,28.5,27.9,28.5,281167
2018-03-12,27.4,27.4,28.95,27.4,28.95,282159
2018-03-13,27.6,27.6,28.1,27.1,27.9,414649
2018-03-14,27.7,27.7,27.85,27.3,27.85,143428
2018-03-15,27.8,27.8,27.9,27.0,27.9,170781
2018-03-16,27.4,27.4,27.8,26.8,27.6,261589
2018-03-19,26.6,26.6,26.65,25.1,26.6,413544
2018-03-20,26.6,26.6,26.6,25.6,25.6,146475
2018-03-21,26.8,26.8,27.0,26.35,26.6,157008
2018-03-22,25.3,25.3,27.5,25.3,26.8,299837
2018-03-23,25.55,25.55,25.8,25.05,25.35,279524
2018-03-26,26.2,26.2,26.8,25.55,25.6,177698
2018-03-27,27.5,27.5,27.5,26.4,26.4,300350
2018-03-28,28.1,28.1,28.3,27.5,27.5,390341
2018-03-29,27.85,27.85,28.1,27.5,28.1,163919
2018-03-30,27.5,27.5,28.1,27.4,27.9,158861
2018-04-02,30.25,30.25,30.7,29.3,30.7,616081
2018-04-03,31.2,31.2,31.5,28.6,29.85,1042594
2018-04-09,34.3,34.3,34.3,31.5,32.1,3444160
2018-04-10,36.95,36.95,37.7,35.0,37.7,4129689
2018-04-11,38.1,38.1,38.6,34.0,36.7,3228689
2018-04-12,38.1,38.1,41.8,37.7,40.0,5558878
2018-04-13,36.5,36.5,38.1,36.4,38.1,2836798
2018-04-16,34.8,34.8,37.0,34.3,37.0,2252529
2018-04-17,35.05,35.05,37.75,35.0,35.5,2850386
2018-04-18,35.5,35.5,36.45,35.2,35.2,1354848
2018-04-19,36.3,36.3,36.8,35.5,35.5,1608666
2018-04-20,35.4,35.4,36.0,35.3,36.0,931785
2018-04-23,34.5,34.5,35.9,34.45,35.6,918115
2018-04-24,31.6,31.6,35.3,31.05,35.3,2379853
2018-04-25,32.1,32.1,32.25,29.5,30.05,1564830
2018-04-26,30.35,30.35,32.9,30.1,32.5,1342930
2018-04-27,31.7,31.7,31.7,30.1,31.15,760019
2018-04-30,32.5,32.5,32.7,31.45,32.5,551063
2018-05-02,31.1,31.1,32.5,31.1,32.2,452433
2018-05-03,29.95,29.95,30.65,29.9,30.3,927901
2018-05-04,29.8,29.8,29.9,28.5,29.9,924392
2018-05-07,30.35,30.35,30.7,29.9,30.0,411266
2018-05-08,33.35,33.35,33.35,29.7,30.3,2412761
2018-05-09,34.8,34.8,36.1,33.55,33.55,4346168
2018-05-10,35.9,35.9,36.35,34.5,34.7,2835421
2018-05-11,34.5,34.5,36.5,34.5,35.9,1879445
2018-05-14,35.2,35.2,36.0,34.6,34.75,1446714
2018-05-15,34.8,34.8,35.9,34.65,35.2,1234818
2018-05-16,33.7,33.7,35.35,33.45,34.7,1648594
2018-05-17,36.8,36.8,37.05,35.55,36.0,7457750
2018-05-18,35.5,35.5,36.55,34.85,36.0,3083724
2018-05-21,35.8,35.8,36.45,35.5,36.0,1812343
2018-05-22,36.5,36.5,36.8,35.45,36.8,2272721
2018-05-23,36.65,36.65,39.9,36.65,38.2,7495174
2018-05-24,35.85,35.85,36.75,35.6,36.4,2643829
2018-05-25,36.2,36.2,37.2,35.3,35.3,3406435
2018-05-28,39.25,39.25,39.45,36.25,37.0,7510638
2018-05-29,43.15,43.15,43.15,40.0,41.2,13409799
2018-05-30,47.45,47.45,47.45,43.3,43.5,17636837
2018-05-31,48.0,48.0,52.0,46.65,50.0,16330304
2018-06-01,48.5,48.5,52.4,47.85,51.0,11146395
2018-06-04,47.9,47.9,50.2,47.8,50.2,5708880
2018-06-05,44.25,44.25,48.4,44.1,48.3,6583599
2018-06-06,48.0,48.0,48.5,44.85,45.05,5741102
2018-06-07,48.0,48.0,48.85,46.5,48.5,5215762
2018-06-08,49.1,49.1,49.8,48.0,48.4,6274001
2018-06-11,54.0,54.0,54.0,48.0,48.4,13568820
2018-06-12,55.0,55.0,59.0,53.3,54.0,15366434
2018-06-13,52.0,52.0,57.4,51.5,56.0,8561347
2018-06-14,53.2,53.2,55.5,51.2,52.6,7611218
2018-06-15,54.3,54.3,56.2,53.5,54.8,4968100
2018-06-19,52.5,52.5,54.9,52.5,53.7,3549705
2018-06-20,53.4,53.4,57.0,50.5,53.4,15408386
2018-06-21,53.3,53.3,55.5,51.8,54.0,7170685
2018-06-22,49.65,49.65,52.5,49.65,52.5,4133591
2018-06-25,45.5,45.5,50.4,45.5,50.3,4340931
2018-06-26,46.85,46.85,47.7,45.7,46.45,3399303
2018-06-27,45.5,45.5,48.3,44.9,47.3,4110705
2018-06-28,44.8,44.8,46.9,44.55,46.6,3879141
2018-06-29,46.2,46.2,46.95,45.2,45.35,3140596
2018-07-02,44.9,44.9,46.5,44.9,46.45,2005877
2018-07-03,42.5,42.5,46.1,42.5,45.1,2580094
2018-07-04,41.25,41.25,43.1,40.6,43.0,2115918
2018-07-05,41.25,41.25,42.7,41.0,41.6,2048215
2018-07-06,42.55,42.55,42.65,40.5,41.6,2798754
2018-07-09,41.05,41.05,43.55,41.0,43.45,1954013
2018-07-10,43.5,43.5,43.7,41.3,41.7,2059826
2018-07-11,41.75,41.75,42.9,41.7,42.75,2061750
2018-07-12,42.25,42.25,42.65,41.75,41.8,1018173
2018-07-13,42.55,42.55,43.4,42.5,42.75,1744669
2018-07-16,43.25,43.25,44.7,42.5,42.75,3151698
2018-07-17,41.7,41.7,44.0,41.7,43.5,1585699
2018-07-18,38.7,38.7,42.45,38.25,42.0,3201325
2018-07-19,39.25,39.25,40.05,38.8,39.2,1222018
2018-07-20,37.15,37.15,39.95,36.2,39.6,2291327
2018-07-23,38.7,38.7,38.95,36.5,37.25,1506102
2018-07-24,39.6,39.6,40.2,39.05,39.4,1713935
2018-07-25,39.4,39.4,39.5,38.7,39.45,792371
2018-07-26,39.6,39.6,40.25,39.4,39.85,1058676
2018-07-27,39.6,39.6,40.25,39.4,40.25,651122
2018-07-30,38.25,38.25,39.9,38.1,39.8,608102
2018-07-31,38.8,38.8,39.35,37.8,38.1,583784
2018-08-01,38.5,38.5,39.4,38.5,39.15,410802
2018-08-02,35.85,35.85,38.5,35.8,38.5,1450618
2018-08-03,36.0,36.0,36.6,35.4,36.25,803719
2018-08-06,36.1,36.1,36.8,36.0,36.5,363050
2018-08-07,36.45,36.45,36.9,36.1,36.55,672109
2018-08-08,35.6,35.6,37.35,35.6,37.3,515800
2018-08-09,33.65,33.65,35.6,33.55,35.6,1411511
2018-08-10,32.5,32.5,34.5,32.5,34.1,920267
2018-08-13,29.25,29.25,32.55,29.25,32.55,1753270
2018-08-14,32.15,32.15,32.15,29.5,30.4,1956928
2018-08-15,31.65,31.65,32.05,30.4,32.05,1276547
2018-08-16,33.35,33.35,33.45,30.85,31.65,1316504
2018-08-17,32.8,32.8,34.75,32.75,33.7,1628931
2018-08-20,32.2,32.2,33.7,32.2,33.15,698716
2018-08-21,32.25,32.25,32.85,32.25,32.25,457420
2018-08-22,31.65,31.65,32.8,31.5,32.4,478538
2018-08-23,31.55,31.55,32.25,31.5,32.0,393224
2018-08-24,30.9,30.9,31.5,30.8,31.5,421086
2018-08-27,32.75,32.75,32.85,31.0,31.0,938723
2018-08-28,32.25,32.25,33.5,32.2,33.05,771598
2018-08-29,32.6,32.6,33.25,32.55,32.55,541203
2018-08-30,33.55,33.55,33.75,32.7,33.1,923619
2018-08-31,34.4,34.4,34.4,32.8,33.4,607066
2018-09-03,32.15,32.15,34.75,32.05,34.5,1002760
2018-09-04,32.75,32.75,33.15,32.3,32.45,461601
2018-09-05,32.15,32.15,32.95,32.15,32.95,216295
2018-09-06,31.25,31.25,32.1,31.15,32.1,544077
2018-09-07,29.3,29.3,31.5,29.0,31.25,948508
2018-09-10,27.65,27.65,29.85,27.25,29.85,584211
2018-09-11,28.65,28.65,28.9,27.9,28.4,444044
2018-09-12,27.75,27.75,28.8,27.75,28.8,429965
2018-09-13,28.0,28.0,28.45,27.8,28.0,334558
2018-09-14,30.8,30.8,30.8,28.3,28.5,1355790
2018-09-17,31.3,31.3,32.0,30.1,30.95,1082983
2018-09-18,31.2,31.2,31.3,30.1,30.5,928389
2018-09-19,31.9,31.9,33.6,31.7,32.65,2228654
2018-09-20,31.6,31.6,32.1,31.2,31.9,690293
2018-09-21,32.9,32.9,33.0,31.7,32.1,1020302
2018-09-25,33.1,33.1,34.0,32.5,32.9,1290930
2018-09-26,32.3,32.3,33.55,32.3,32.9,623447
2018-09-27,32.25,32.25,32.7,31.7,32.1,426827
2018-09-28,34.0,34.0,34.0,32.25,32.6,1298426
2018-10-01,34.6,34.6,35.05,33.65,34.85,1864873
2018-10-02,34.6,34.6,35.2,34.25,34.7,1665547
2018-10-03,33.1,33.1,35.1,32.9,34.6,986844
2018-10-04,32.8,32.8,33.45,32.4,33.0,544517
2018-10-05,29.55,29.55,32.3,29.55,32.15,2043558
2018-10-08,28.9,28.9,30.25,28.25,28.8,782393
2018-10-09,27.7,27.7,29.3,27.55,28.9,795774
2018-10-11,24.95,24.95,25.4,24.95,25.0,855893
2018-10-12,25.45,25.45,25.5,23.1,23.55,928470
2018-10-15,25.35,25.35,26.0,25.05,25.65,522596
2018-10-16,25.7,25.7,26.85,25.35,25.35,709651
2018-10-17,25.85,25.85,26.8,25.8,26.3,640365
2018-10-18,25.7,25.7,26.5,25.7,26.0,301118
2018-10-19,25.0,25.0,25.4,24.3,24.9,350151
2018-10-22,25.8,25.8,25.95,24.9,25.0,476100
2018-10-23,24.6,24.6,25.8,24.5,25.75,423877
2018-10-24,24.1,24.1,25.0,23.85,24.9,408587
2018-10-25,21.7,21.7,22.7,21.7,22.1,842448
2018-10-26,20.6,20.6,22.6,20.6,22.1,839479
2018-10-29,20.7,20.7,21.5,20.1,21.5,565644
2018-10-30,20.75,20.75,21.7,20.7,21.0,616787
2018-10-31,22.8,22.8,22.8,21.75,21.8,1002977
2018-11-01,25.05,25.05,25.05,23.15,23.15,1507049
2018-11-02,25.0,25.0,26.6,24.6,25.5,1825140
2018-11-05,25.55,25.55,25.7,24.5,24.75,693989
2018-11-06,24.85,24.85,26.2,24.85,26.2,546985
2018-11-07,25.55,25.55,25.95,24.85,24.85,616734
2018-11-08,25.0,25.0,26.5,25.0,26.5,468740
2018-11-09,25.3,25.3,25.6,24.7,25.2,552593
2018-11-12,24.35,24.35,25.5,24.35,25.35,361381
2018-11-13,23.95,23.95,24.05,23.0,23.0,391791
2018-11-14,23.7,23.7,24.4,23.5,24.25,312314
2018-11-15,23.2,23.2,23.85,23.0,23.3,600923
2018-11-16,23.5,23.5,23.95,23.45,23.7,307181
2018-11-19,23.5,23.5,23.85,23.05,23.8,248649
2018-11-20,23.2,23.2,23.5,23.05,23.1,229365
2018-11-21,25.5,25.5,25.5,23.05,23.1,1916604
2018-11-22,23.6,23.6,25.5,23.6,25.0,1568828
2018-11-23,23.8,23.8,24.7,23.8,24.05,936135
2018-11-26,24.15,24.15,24.6,23.8,23.8,555552
2018-11-27,24.9,24.9,25.25,24.3,24.3,956410
2018-11-28,25.6,25.6,25.7,24.75,25.45,1461691
2018-11-29,28.15,28.15,28.15,27.4,27.4,7700804
2018-11-30,27.6,27.6,28.35,27.3,28.15,3953476
2018-12-03,28.05,28.05,29.95,27.9,28.2,3286894
2018-12-04,27.85,27.85,29.35,27.7,28.35,2393696
2018-12-05,27.25,27.25,28.45,26.6,26.6,2017191
2018-12-06,24.9,24.9,27.7,24.8,27.25,1933518
2018-12-07,24.6,24.6,26.0,24.6,25.6,1459122
2018-12-10,22.6,22.6,24.1,22.5,23.65,2653510
2018-12-11,22.5,22.5,23.0,22.0,22.0,1227749
2018-12-12,24.5,24.5,24.7,23.1,23.1,3196799
2018-12-13,23.9,23.9,24.6,23.85,24.15,1858261
2018-12-14,24.1,24.1,24.45,23.2,23.6,1651602
2018-12-17,24.05,24.05,25.15,24.0,24.0,1542735
2018-12-18,21.65,21.65,22.2,21.65,22.0,10311451
2018-12-19,21.2,21.2,22.3,20.95,21.75,4752931
2018-12-20,20.75,20.75,21.2,20.7,21.15,1690756
2018-12-21,21.1,21.1,21.25,20.45,20.5,1841153
2018-12-24,20.85,20.85,21.3,20.8,21.05,710675
2018-12-25,20.4,20.4,20.7,20.05,20.65,1387832
2018-12-26,18.9,18.9,20.8,18.75,20.6,3624848
2018-12-27,19.4,19.4,19.8,19.3,19.55,1563634
2018-12-28,19.85,19.85,20.2,19.5,19.55,1554942
2019-01-02,19.5,19.5,20.05,19.35,19.75,763105
2019-01-03,19.05,19.05,19.5,19.05,19.5,595942
2019-01-04,18.6,18.6,18.85,18.1,18.75,1039137
2019-01-07,18.95,18.95,19.35,18.95,19.25,851254
2019-01-08,18.9,18.9,19.2,18.85,19.2,378609
2019-01-09,19.4,19.4,20.0,19.05,19.05,2066080
2019-01-10,19.3,19.3,19.65,19.2,19.3,481708
2019-01-11,19.7,19.7,20.0,19.4,19.65,1314705
2019-01-14,19.4,19.4,20.1,19.15,19.9,1041271
2019-01-15,19.9,19.9,20.4,19.65,19.75,3554888
2019-01-16,20.15,20.15,20.35,19.85,19.9,1528580
2019-01-17,19.8,19.8,20.4,19.75,20.2,842499
2019-01-18,20.0,20.0,20.2,19.8,20.0,1368917
2019-01-21,19.85,19.85,20.25,19.85,20.15,1344757
2019-01-22,19.65,19.65,20.4,19.65,19.95,1913453
2019-01-23,20.1,20.1,20.15,19.55,19.8,682593
2019-01-24,20.0,20.0,20.4,20.0,20.15,788020
2019-01-25,20.35,20.35,20.9,20.2,20.3,1659058
2019-01-28,20.95,20.95,21.15,20.45,20.55,2166370
2019-01-29,20.65,20.65,21.1,20.65,21.1,1063940
2019-01-30,20.6,20.6,20.9,20.5,20.85,894861
2019-02-11,21.35,21.35,21.5,20.7,20.85,1584323
2019-02-12,21.95,21.95,22.45,21.5,21.5,2385010
2019-02-13,23.2,23.2,23.25,22.2,22.25,5030336
2019-02-14,23.4,23.4,23.9,23.2,23.35,5577402
2019-02-15,22.5,22.5,23.3,22.45,23.2,2012973
2019-02-18,22.9,22.9,23.8,22.8,23.05,2546921
2019-02-19,22.95,22.95,23.25,22.8,22.8,1078926
2019-02-20,23.0,23.0,23.45,22.8,23.15,1119217
2019-02-21,23.3,23.3,23.35,22.85,22.85,1357722
2019-02-22,23.4,23.4,24.2,23.25,23.3,2644467
2019-02-25,24.2,24.2,24.4,23.35,23.4,3179075
2019-02-26,24.3,24.3,25.6,24.25,24.8,5111673
2019-02-27,23.8,23.8,24.35,23.6,24.3,1245553
2019-03-04,23.2,23.2,24.2,23.2,24.2,1940811
2019-03-05,22.9,22.9,23.35,22.75,23.0,1189451
2019-03-06,22.9,22.9,23.25,22.9,22.9,779884
2019-03-07,22.25,22.25,23.1,22.2,22.9,947351
2019-03-08,22.35,22.35,22.45,21.45,22.2,1401645
2019-03-11,23.1,23.1,23.2,22.3,22.3,747540
2019-03-12,22.9,22.9,23.5,22.85,23.45,1073068
2019-03-13,22.8,22.8,23.0,22.65,23.0,430003
2019-03-14,22.5,22.5,23.1,22.5,23.0,764478
2019-03-15,21.9,21.9,22.85,21.9,22.55,1142386
2019-03-18,22.45,22.45,22.5,21.7,22.0,1020593
2019-03-19,22.25,22.25,22.65,22.0,22.65,581338
2019-03-20,22.0,22.0,22.4,21.8,22.3,1046713
2019-03-21,22.1,22.1,22.35,21.9,22.0,463045
2019-03-22,21.85,21.85,22.3,21.8,22.2,690092
2019-03-25,20.9,20.9,21.55,20.85,21.5,1089982
2019-03-26,20.95,20.95,21.3,20.9,20.9,428505
2019-03-27,21.0,21.0,21.1,20.9,21.0,258283
2019-03-28,20.75,20.75,21.0,20.75,20.9,394754
2019-03-29,21.55,21.55,21.7,20.75,20.85,676520
2019-04-01,21.95,21.95,22.1,21.65,21.8,781593
2019-04-02,22.0,22.0,22.35,21.8,22.35,753432
2019-04-03,22.0,22.0,22.2,21.95,22.1,430622
2019-04-08,22.65,22.65,23.5,22.2,22.2,2339271
2019-04-09,22.6,22.6,22.95,22.25,22.95,702094
2019-04-10,22.5,22.5,22.7,22.4,22.4,526488
2019-04-11,22.15,22.15,22.5,22.15,22.4,571406
2019-04-12,21.7,21.7,22.15,21.6,22.15,564285
2019-04-15,22.0,22.0,22.25,21.75,22.0,479340
2019-04-16,22.8,22.8,22.9,21.95,22.0,1399306
2019-04-17,22.85,22.85,23.5,22.8,23.45,2192846
2019-04-18,21.8,21.8,22.75,21.8,22.75,1726859
2019-04-19,22.2,22.2,22.4,21.8,21.95,905290
2019-04-22,22.1,22.1,22.55,22.05,22.3,759199
2019-04-23,21.85,21.85,22.25,21.8,22.1,433156
2019-04-24,21.2,21.2,22.1,21.2,21.9,821573
2019-04-25,21.0,21.0,21.4,20.75,21.3,1089395
2019-04-26,20.85,20.85,21.2,20.75,21.0,670524
2019-04-29,20.35,20.35,21.25,20.35,21.2,590206
2019-04-30,20.65,20.65,20.65,20.3,20.5,413685
2019-05-02,21.1,21.1,21.2,20.5,20.5,470781
2019-05-03,21.15,21.15,21.25,20.95,21.2,294553
2019-05-06,20.45,20.45,21.1,20.35,21.1,705423
2019-05-07,20.5,20.5,20.7,20.4,20.4,264611
2019-05-08,19.95,19.95,20.35,19.85,20.3,892818
2019-05-09,19.2,19.2,20.15,19.15,20.15,1205773
2019-05-10,18.9,18.9,19.45,18.85,19.15,907303
2019-05-13,17.7,17.7,18.9,17.7,18.85,1109232
2019-05-14,18.7,18.7,18.8,17.15,17.4,975297
2019-05-15,18.8,18.8,19.05,18.6,19.0,339529
2019-05-16,18.25,18.25,18.7,18.2,18.7,387000
2019-05-17,17.9,17.9,18.65,17.9,18.65,671682
2019-05-20,17.55,17.55,18.0,17.4,17.9,422169
2019-05-21,17.85,17.85,17.9,17.3,17.5,401868
2019-05-22,18.0,18.0,18.2,17.6,17.9,302282
2019-05-23,17.75,17.75,17.95,17.5,17.95,236208
2019-05-24,17.8,17.8,18.05,17.6,17.75,196990
2019-05-27,17.7,17.7,17.9,17.45,17.9,239789
2019-05-28,17.7,17.7,17.8,17.65,17.8,92575
2019-05-29,18.0,18.0,18.0,17.55,17.7,202040
2019-05-30,18.15,18.15,18.25,17.9,18.0,195950
2019-05-31,18.4,18.4,18.55,18.1,18.2,309458
2019-06-03,18.5,18.5,18.6,18.15,18.5,161964
2019-06-04,18.5,18.5,18.7,18.3,18.45,173081
2019-06-05,18.65,18.65,18.85,18.55,18.55,116288
2019-06-06,18.45,18.45,18.55,18.15,18.55,132769
2019-06-10,18.35,18.35,18.5,18.2,18.45,180366
2019-06-11,18.1,18.1,18.25,17.85,18.2,346080
2019-06-12,18.1,18.1,18.35,18.05,18.1,125152
2019-06-13,18.1,18.1,18.25,17.95,18.0,134829
2019-06-14,18.0,18.0,18.2,18.0,18.2,184741
2019-06-17,19.8,19.8,19.8,18.2,18.25,2547310
2019-06-18,19.9,19.9,20.45,19.8,20.0,2853965
2019-06-19,19.95,19.95,20.2,19.75,19.85,1120886
2019-06-20,19.7,19.7,20.1,19.7,19.95,499845
2019-06-21,19.5,19.5,20.05,19.5,20.05,385242
2019-06-24,20.2,20.2,20.75,19.6,19.6,1772457
2019-06-25,19.95,19.95,20.4,19.9,20.15,588694
2019-06-26,19.8,19.8,20.05,19.7,20.0,268746
2019-06-27,19.9,19.9,20.05,19.8,19.9,278472
2019-06-28,19.7,19.7,19.95,19.65,19.95,239409
2019-07-01,19.8,19.8,20.25,19.8,20.25,305477
2019-07-02,19.75,19.75,20.1,19.75,20.1,254714
2019-07-03,19.75,19.75,19.9,19.6,19.85,210097
2019-07-04,20.55,20.55,20.55,19.85,19.95,704049
2019-07-05,20.65,20.65,21.1,20.65,20.75,1106653
2019-07-08,20.35,20.35,20.7,20.25,20.7,363452
2019-07-09,20.1,20.1,20.5,20.1,20.35,359303
2019-07-10,20.0,20.0,20.25,19.95,20.25,363539
2019-07-11,20.55,20.55,20.6,20.15,20.2,707483
2019-07-12,21.8,21.8,22.15,20.55,20.8,3791092
2019-07-15,21.3,21.3,21.8,21.25,21.8,1656321
2019-07-16,21.4,21.4,22.15,21.4,21.45,1940905
2019-07-17,21.05,21.05,21.6,20.9,21.4,906748
2019-07-18,20.8,20.8,21.3,20.65,21.05,437767
2019-07-19,20.75,20.75,21.2,20.65,21.2,416422
2019-07-22,20.9,20.9,21.05,20.75,20.75,298430
2019-07-23,21.8,21.8,21.8,20.9,21.0,1448612
2019-07-24,21.65,21.65,22.0,21.2,22.0,1756520
2019-07-25,22.0,22.0,22.0,21.45,21.65,1565952
2019-07-26,21.15,21.15,23.05,21.15,22.65,4282027
2019-07-29,21.2,21.2,21.65,21.2,21.25,1159627
2019-07-30,20.15,20.15,21.45,19.9,21.35,1534207
2019-07-31,20.25,20.25,20.6,20.1,20.2,485483
2019-08-01,20.05,20.05,20.15,19.7,20.15,566176
2019-08-02,19.7,19.7,19.9,19.55,19.8,730223
2019-08-05,19.35,19.35,19.75,19.25,19.7,461768
2019-08-06,19.3,19.3,19.3,18.3,18.3,748910
2019-08-07,19.0,19.0,19.65,18.65,19.3,820966
2019-08-08,19.65,19.65,19.7,19.0,19.0,400210
2019-08-12,19.7,19.7,19.85,19.4,19.6,220771
2019-08-13,19.5,19.5,19.85,19.4,19.85,304736
2019-08-14,19.35,19.35,19.95,19.2,19.95,514320
2019-08-15,18.8,18.8,19.0,18.5,18.7,927344
2019-08-16,18.8,18.8,19.25,18.6,19.25,634297
2019-08-19,19.45,19.45,19.65,19.05,19.15,524612
2019-08-20,19.6,19.6,19.9,19.3,19.9,521495
2019-08-21,19.6,19.6,19.95,19.35,19.35,471792
2019-08-22,20.25,20.25,20.3,19.7,19.7,849169
2019-08-23,20.15,20.15,20.8,20.05,20.5,649055
2019-08-26,19.55,19.55,19.8,19.5,19.6,406965
2019-08-27,19.8,19.8,19.95,19.6,19.75,272493
2019-08-28,20.3,20.3,20.75,19.9,19.95,783981
2019-08-29,20.3,20.3,20.85,20.3,20.85,433370
2019-08-30,20.4,20.4,20.65,20.2,20.45,482282
2019-09-02,21.35,21.35,21.35,20.35,20.65,797182
2019-09-03,21.6,21.6,21.9,21.1,21.9,1970059
2019-09-04,21.25,21.25,21.75,21.15,21.5,651903
2019-09-05,21.45,21.45,21.75,21.3,21.5,847208
2019-09-06,21.0,21.0,21.55,21.0,21.5,684386
2019-09-09,20.9,20.9,21.15,20.8,21.0,312951
2019-09-10,20.6,20.6,21.0,20.45,21.0,499672
2019-09-11,20.8,20.8,20.8,20.6,20.65,282254
2019-09-12,21.0,21.0,21.35,20.9,21.25,341816
2019-09-16,21.2,21.2,21.35,20.9,21.1,337539
2019-09-17,21.45,21.45,21.55,21.2,21.25,1179038
2019-09-18,21.35,21.35,21.6,21.05,21.6,578248
2019-09-19,21.1,21.1,21.65,21.1,21.4,592147
2019-09-20,21.3,21.3,21.5,21.1,21.2,780408
2019-09-23,20.95,20.95,21.35,20.6,21.3,683692
2019-09-24,20.8,20.8,21.15,20.75,20.95,398582
2019-09-25,20.3,20.3,20.9,20.3,20.9,507695
2019-09-26,19.85,19.85,20.5,19.85,20.5,731120
2019-09-27,19.3,19.3,19.9,19.2,19.9,775501
2019-10-01,19.25,19.25,19.5,19.1,19.5,576060
2019-10-02,19.3,19.3,19.35,19.05,19.05,271929
2019-10-03,19.3,19.3,19.35,19.1,19.3,233091
2019-10-04,19.4,19.4,19.65,19.25,19.65,364085
2019-10-07,19.5,19.5,19.5,19.4,19.5,179142
2019-10-08,19.4,19.4,19.6,19.25,19.6,229029
2019-10-09,19.2,19.2,19.4,19.1,19.4,152689
2019-10-14,19.5,19.5,19.6,19.3,19.45,305639
2019-10-15,19.55,19.55,19.7,19.35,19.5,185094
2019-10-16,19.75,19.75,19.95,19.65,19.65,275434
2019-10-17,19.7,19.7,19.85,19.7,19.8,139776
2019-10-18,19.95,19.95,20.0,19.7,19.7,286258
2019-10-21,20.0,20.0,20.0,19.7,19.95,148021
2019-10-22,20.0,20.0,20.1,19.85,20.1,337523
2019-10-23,20.15,20.15,20.85,20.1,20.2,623007
2019-10-24,19.95,19.95,20.2,19.9,20.15,248586
2019-10-25,19.7,19.7,20.15,19.7,20.15,296663
2019-10-28,19.75,19.75,19.95,19.65,19.85,175244
2019-10-29,19.8,19.8,20.1,19.75,19.85,253752
2019-10-30,19.7,19.7,20.0,19.7,19.8,223744
2019-10-31,19.4,19.4,19.8,19.3,19.8,324782
2019-11-01,19.4,19.4,19.55,19.25,19.45,167561
2019-11-04,19.65,19.65,19.7,19.4,19.4,229579
2019-11-05,19.5,19.5,19.85,19.5,19.65,130161
2019-11-06,19.5,19.5,19.6,19.4,19.55,212389
2019-11-07,19.25,19.25,19.45,19.15,19.4,325565
2019-11-08,19.2,19.2,19.3,19.1,19.3,148757
2019-11-11,18.9,18.9,19.35,18.85,19.35,363132
2019-11-12,19.0,19.0,19.1,18.65,18.65,119754
2019-11-13,18.9,18.9,19.0,18.85,19.0,126725
2019-11-14,18.7,18.7,19.0,18.7,19.0,150147
2019-11-20,18.25,18.25,18.6,18.25,18.6,338204
2019-11-21,18.45,18.45,18.45,18.0,18.4,227305
2019-11-22,18.75,18.75,18.95,18.45,18.45,192461
2019-11-25,18.7,18.7,18.9,18.7,18.9,120394
2019-11-26,18.95,18.95,19.0,18.8,18.85,173386
2019-11-27,18.95,18.95,19.15,18.85,19.0,173201
2019-11-28,19.0,19.0,19.15,18.95,19.15,176002
2019-11-29,18.5,18.5,19.05,18.5,19.05,455175
2019-12-02,18.3,18.3,18.8,18.1,18.8,263871
2019-12-03,18.15,18.15,18.4,18.1,18.2,244556
2019-12-04,18.15,18.15,18.4,18.1,18.15,167981
2019-12-05,18.5,18.5,18.65,18.0,18.25,433492
2019-12-06,19.1,19.1,20.2,18.7,18.7,1747841
2019-12-09,19.15,19.15,19.6,19.15,19.55,617905
2019-12-10,19.65,19.65,19.75,19.05,19.35,589537
2019-12-11,19.25,19.25,19.6,19.1,19.6,389633
2019-12-12,19.15,19.15,19.5,19.15,19.35,271668
2019-12-13,19.45,19.45,19.65,19.3,19.4,851202
2019-12-16,19.45,19.45,19.65,19.45,19.45,400499
2019-12-17,20.8,20.8,21.35,19.8,19.8,5916733
2019-12-18,20.8,20.8,21.2,20.7,20.9,3047467
2019-12-19,20.3,20.3,20.8,20.2,20.65,1029465
2019-12-20,20.35,20.35,20.8,20.3,20.5,1089876
2019-12-23,20.1,20.1,20.35,19.85,20.3,616441
2019-12-24,19.8,19.8,20.3,19.8,20.3,554932
2019-12-25,19.85,19.85,20.1,19.7,19.75,305034
2019-12-26,19.95,19.95,20.2,19.9,20.05,316892
2019-12-27,20.0,20.0,20.2,19.95,20.05,273973
2019-12-30,20.25,20.25,20.85,20.25,20.3,649892
2019-12-31,20.3,20.3,20.45,20.1,20.35,189851
2020-01-02,20.3,20.3,20.3,20.15,20.25,325962
2020-01-03,20.15,20.15,20.45,19.7,20.45,471713
2020-01-06,19.4,19.4,19.85,19.4,19.7,708373
2020-01-07,19.2,19.2,19.6,19.0,19.5,457531
2020-01-08,18.9,18.9,19.4,18.75,18.9,453351
2020-01-09,19.25,19.25,19.4,19.15,19.25,298882
2020-01-10,19.3,19.3,19.4,19.25,19.35,175523
2020-01-13,19.55,19.55,19.75,19.3,19.3,257967
2020-01-14,19.4,19.4,19.55,19.3,19.55,323385
2020-01-15,19.25,19.25,19.45,19.0,19.4,319618
2020-01-16,19.1,19.1,19.3,19.0,19.3,221940
2020-01-17,19.1,19.1,19.3,18.9,19.15,358330
2020-01-20,19.05,19.05,19.35,19.05,19.05,225998
2020-01-30,17.5,17.5,18.0,17.15,17.6,1326772
2020-01-31,17.75,17.75,18.15,17.25,17.5,423730
2020-02-03,16.9,16.9,17.6,16.2,17.6,699825
2020-02-04,17.25,17.25,17.35,16.95,16.95,242654
2020-02-05,17.35,17.35,17.6,17.3,17.6,275678
2020-02-06,17.6,17.6,17.75,17.4,17.7,214644
2020-02-07,17.2,17.2,17.55,17.15,17.5,312765
2020-02-10,17.0,17.0,17.15,16.85,17.15,173989
2020-02-11,18.0,18.0,18.0,17.2,17.2,376899
2020-02-12,18.1,18.1,18.55,18.1,18.5,479238
2020-02-13,18.05,18.05,18.4,18.0,18.1,217138
2020-02-14,18.6,18.6,18.7,18.05,18.05,406731
2020-02-17,20.45,20.45,20.45,19.2,19.4,4847766
2020-02-18,21.6,21.6,22.45,20.1,20.1,10717935
2020-02-19,21.9,21.9,22.45,21.1,21.55,8398855
2020-02-20,21.4,21.4,22.3,21.1,21.9,4414109
2020-02-21,23.5,23.5,23.5,21.55,21.8,14217031
2020-02-24,25.5,25.5,25.8,23.7,24.0,24664677
2020-02-25,27.6,27.6,27.8,24.2,25.0,20312849
2020-02-26,27.7,27.7,29.95,27.2,27.3,35876565
2020-02-27,27.0,27.0,28.65,25.25,28.0,23020078
2020-03-02,29.7,29.7,29.7,27.3,27.65,28636411
2020-03-03,29.8,29.8,30.65,28.85,30.0,22537390
2020-03-04,29.8,29.8,30.4,29.3,30.35,11399290
2020-03-05,29.4,29.4,30.35,29.2,30.35,7908077
2020-03-06,28.2,28.2,30.25,28.2,29.6,11783793
2020-03-09,28.2,28.2,29.4,27.1,27.65,13555632
2020-03-10,30.6,30.6,31.0,28.3,28.3,33674720
2020-03-11,28.4,28.4,30.9,27.8,30.6,21392200
2020-03-12,26.2,26.2,28.7,25.65,28.6,16801004
2020-03-13,25.8,25.8,26.2,23.65,24.55,14572141
2020-03-16,23.25,23.25,26.5,23.25,25.95,10747584
2020-03-17,23.35,23.35,24.2,21.65,22.1,11430705
2020-03-18,21.05,21.05,24.2,21.05,24.2,8665494
2020-03-19,18.95,18.95,20.7,18.95,20.1,5521971
2020-03-20,18.95,18.95,20.55,18.95,19.65,10805268
2020-03-23,17.15,17.15,17.8,17.1,17.55,5112070
2020-03-24,18.5,18.5,18.6,17.7,17.9,4468908
2020-03-25,20.2,20.2,20.35,19.15,19.35,9039911
2020-03-26,20.9,20.9,20.9,19.15,20.15,5205290
2020-03-27,20.2,20.2,21.85,20.2,21.5,6470607
2020-03-30,20.2,20.2,20.65,19.15,19.35,3222175
2020-03-31,20.0,20.0,20.9,19.8,20.55,3448066
2020-04-01,19.9,19.9,20.25,19.8,19.95,3904849
2020-04-07,22.25,22.25,22.25,20.55,20.8,7898565
2020-04-08,24.45,24.45,24.45,22.65,23.0,10512656
2020-04-09,23.3,23.3,25.5,23.2,24.9,14156721
2020-04-10,24.9,24.9,25.3,23.5,24.0,14655011
2020-04-13,24.0,24.0,25.6,24.0,25.3,7646216
2020-04-14,24.15,24.15,24.8,24.05,24.65,3870703
2020-04-15,24.3,24.3,25.95,24.3,24.9,10151803
2020-04-16,24.7,24.7,25.5,24.15,24.3,8005000
2020-04-17,24.8,24.8,25.65,24.1,25.4,6517421
2020-04-20,24.5,24.5,25.3,24.35,25.05,5060218
2020-04-21,22.4,22.4,24.3,22.25,24.25,10966257
2020-04-22,23.15,23.15,23.3,21.5,22.1,5140369
2020-04-23,23.0,23.0,23.6,22.7,23.15,3706583
2020-04-24,23.05,23.05,23.65,22.8,23.0,2763833
2020-04-27,24.5,24.5,25.1,23.3,23.5,8891389
2020-04-28,24.9,24.9,26.1,24.5,24.75,11259191
2020-04-29,24.6,24.6,25.4,24.1,25.0,6920671
2020-05-04,24.1,24.1,24.3,23.6,23.7,3169077
2020-05-05,24.1,24.1,24.7,23.85,24.5,2850818
2020-05-06,24.75,24.75,25.4,24.0,24.45,7987061
2020-05-07,25.15,25.15,26.3,25.0,25.1,13512012
2020-05-08,24.85,24.85,25.8,24.25,25.45,6440244
2020-05-11,27.3,27.3,27.3,25.7,25.8,9252968
2020-05-12,29.3,29.3,30.0,27.7,28.0,47006580
2020-05-13,29.6,29.6,29.9,28.7,29.45,19045681
2020-05-14,27.9,27.9,30.5,27.75,29.6,15157073
2020-05-15,28.1,28.1,28.95,26.8,28.6,8941000
2020-05-18,26.3,26.3,27.6,26.0,27.4,7863752
2020-05-19,28.9,28.9,28.9,26.1,27.5,10708010
2020-05-20,27.8,27.8,29.95,27.8,28.7,16321414
2020-05-21,29.8,29.8,30.25,27.85,27.85,18379815
2020-05-22,28.95,28.95,30.7,28.6,29.4,15905236
2020-05-25,31.5,31.5,31.8,29.05,29.2,24885751
2020-05-26,30.5,30.5,31.5,30.1,31.45,13018235
2020-05-27,30.1,30.1,31.4,30.1,31.0,8554824
2020-05-28,29.15,29.15,32.0,28.85,30.85,18209798
2020-05-29,29.95,29.95,30.05,28.95,28.95,7392841
2020-06-01,29.75,29.75,30.4,29.55,29.95,5358829
2020-06-02,29.85,29.85,31.15,29.6,29.9,8999038
2020-06-03,29.8,29.8,30.6,29.6,30.3,4547359
2020-06-04,30.3,30.3,30.9,29.85,30.2,9341513
2020-06-05,32.0,32.0,33.3,30.2,30.5,27762208
2020-06-08,31.8,31.8,33.45,31.55,32.4,19704667
2020-06-09,30.9,30.9,32.2,30.7,32.0,7184881
2020-06-10,30.5,30.5,31.5,30.2,30.9,5143204
2020-06-11,30.65,30.65,32.5,30.25,31.25,15061871
2020-06-12,29.55,29.55,29.8,28.6,28.7,9793850
2020-06-15,27.6,27.6,29.55,27.45,29.5,11101829
2020-06-16,28.55,28.55,28.9,28.3,28.5,4723843
2020-06-17,29.3,29.3,29.5,28.0,28.7,8126573
2020-06-18,28.9,28.9,29.65,28.7,29.35,6517119
2020-06-19,28.7,28.7,29.7,28.65,29.2,6304383
2020-06-22,28.45,28.45,29.0,28.1,28.7,2584801
2020-06-23,28.1,28.1,28.9,27.9,28.6,2280107
2020-06-24,28.65,28.65,28.65,28.05,28.45,2095798
2020-06-29,28.4,28.4,29.15,28.25,28.5,2633911
2020-06-30,28.9,28.9,29.1,28.5,28.85,2359737
2020-07-01,28.65,28.65,29.2,28.45,29.2,3686730
2020-07-02,29.75,29.75,30.15,28.7,28.85,7239753
2020-07-03,29.8,29.8,30.75,29.3,30.25,8787539
2020-07-06,32.1,32.1,32.75,29.95,29.95,24990619
2020-07-07,31.4,31.4,32.55,30.7,32.0,15124933
2020-07-08,31.4,31.4,31.9,31.1,31.5,6060496
2020-07-09,31.65,31.65,32.7,31.4,31.6,11995140
2020-07-10,29.8,29.8,32.35,29.7,32.2,7871459
2020-07-13,31.3,31.3,31.8,30.3,30.9,8448957
2020-07-14,30.3,30.3,32.1,29.9,31.35,12566363
2020-07-15,29.9,29.9,31.0,29.55,30.7,4121239
2020-07-16,31.05,31.05,31.6,29.9,30.45,9335692
2020-07-17,30.25,30.25,31.65,29.6,31.6,7085827
2020-07-20,30.0,30.0,30.6,29.3,30.6,2482595
2020-07-21,30.95,30.95,31.3,30.2,30.6,5313493
2020-07-22,31.85,31.85,32.8,30.8,31.45,20916669
2020-07-23,35.0,35.0,35.0,32.1,32.4,30685820
2020-07-24,32.75,32.75,35.6,31.6,35.4,37347955
2020-07-27,31.4,31.4,33.4,30.8,32.95,13031881
2020-07-28,30.0,30.0,32.65,29.65,32.0,15431837
2020-07-29,30.2,30.2,30.8,29.7,30.5,4880923
2020-07-30,31.7,31.7,32.45,30.45,30.7,14326576
2020-07-31,31.75,31.75,32.7,31.5,31.55,6439229
2020-08-03,31.5,31.5,31.7,31.0,31.65,4257051
2020-08-04,30.8,30.8,31.9,30.5,31.9,5419409
2020-08-05,30.6,30.6,31.3,30.35,31.0,4221328
2020-08-06,31.5,31.5,32.2,30.65,31.05,10055137
2020-08-07,31.1,31.1,31.65,30.75,31.55,3612418
2020-08-10,31.0,31.0,31.65,30.75,31.05,2372776
2020-08-11,30.25,30.25,31.55,30.1,31.5,3572184
2020-08-12,30.35,30.35,30.6,30.0,30.25,2049293
2020-08-13,30.4,30.4,31.5,30.4,30.95,5886773
2020-08-14,30.25,30.25,30.75,30.15,30.2,2419526
2020-08-17,29.55,29.55,29.55,28.1,29.35,8027558
2020-08-18,29.0,29.0,29.65,28.9,29.55,2406841
2020-08-19,28.8,28.8,29.75,28.7,29.5,2843403
2020-08-20,27.8,27.8,28.75,25.95,28.55,6757577
2020-08-21,28.85,28.85,29.5,28.2,28.6,3931586
2020-08-24,28.7,28.7,29.55,28.7,28.9,1875462
2020-08-25,28.7,28.7,29.25,28.7,28.95,1343927
2020-08-26,28.8,28.8,29.3,28.7,28.7,1274980
2020-08-27,28.7,28.7,29.4,28.7,29.05,1743563
2020-08-28,28.45,28.45,29.0,28.45,28.75,1129735
2020-08-31,28.0,28.0,28.75,27.8,28.5,1770558
2020-09-01,27.8,27.8,28.25,27.65,28.15,1080371
2020-09-02,28.4,28.4,28.7,28.05,28.15,1394099
2020-09-03,28.6,28.6,29.85,28.6,28.9,6073631
2020-09-04,29.15,29.15,29.15,27.35,27.55,2604636
2020-09-07,29.8,29.8,30.1,29.15,29.15,5745247
2020-09-08,29.5,29.5,31.3,29.3,29.95,8969422
2020-09-09,29.65,29.65,29.8,28.75,29.1,2163445
2020-09-10,29.05,29.05,30.3,29.05,30.0,2404274
2020-09-11,28.7,28.7,29.3,28.55,29.05,1350402
2020-09-14,28.95,28.95,29.2,28.65,28.7,1077686
2020-09-15,29.25,29.25,29.75,29.1,29.1,1670016
2020-09-16,29.05,29.05,30.1,29.05,29.6,2872678
2020-09-17,29.75,29.75,30.0,29.1,29.2,2598281
2020-09-18,29.6,29.6,30.2,29.2,29.95,1797148
2020-09-21,29.05,29.05,29.7,29.0,29.3,1123251
2020-09-22,29.25,29.25,29.3,28.7,29.0,1151224
2020-09-23,29.0,29.0,30.4,29.0,29.5,7922865
2020-09-24,29.1,29.1,30.3,28.65,29.0,7972993
2020-09-25,27.6,27.6,29.7,27.1,29.5,4994788
2020-09-28,28.05,28.05,29.15,27.85,28.2,4202474
2020-09-29,27.95,27.95,28.45,27.7,28.3,2154141
2020-09-30,27.85,27.85,28.25,27.5,28.25,899295
2020-10-05,27.75,27.75,28.25,27.7,28.1,1150101
2020-10-06,28.1,28.1,28.5,27.95,27.95,2223214
2020-10-07,29.25,29.25,29.45,27.9,28.05,6134379
2020-10-08,28.55,28.55,29.2,28.5,29.15,3310783
2020-10-12,28.15,28.15,28.95,27.7,28.65,3009357
2020-10-13,27.95,27.95,28.3,27.55,28.25,1387161
2020-10-14,28.4,28.4,28.8,27.95,28.2,2458390
2020-10-15,28.4,28.4,29.15,28.4,28.7,3913778
2020-10-16,27.7,27.7,28.65,27.6,28.4,2532387
2020-10-19,27.7,27.7,28.0,27.7,27.95,986270
2020-10-20,28.0,28.0,28.0,27.5,27.5,734252
2020-10-21,28.1,28.1,28.4,27.85,28.25,1472016
2020-10-22,27.95,27.95,28.8,27.95,28.55,3481641
2020-10-23,28.3,28.3,28.8,28.3,28.65,3355051
2020-10-26,28.6,28.6,28.9,28.25,28.45,2425376
2020-10-27,28.4,28.4,28.55,28.25,28.5,946003
2020-10-28,27.75,27.75,28.7,27.7,28.3,1490531
2020-10-29,27.1,27.1,27.4,26.95,27.35,1672279
2020-10-30,26.65,26.65,27.3,26.55,27.1,1587230
2020-11-02,26.3,26.3,26.85,26.15,26.65,913086
2020-11-03,27.0,27.0,27.3,26.6,26.7,1002312
2020-11-04,27.8,27.8,29.35,27.75,28.55,10112772
2020-11-05,28.05,28.05,28.2,27.4,27.45,2319417
2020-11-06,27.75,27.75,28.3,27.75,28.2,1347336
2020-11-09,28.55,28.55,28.65,27.9,28.0,3015584
2020-11-10,28.7,28.7,29.2,28.4,28.8,4528029
2020-11-11,29.25,29.25,29.9,28.75,28.75,6944602
2020-11-12,29.2,29.2,30.65,28.95,29.1,7930670
2020-11-13,29.7,29.7,29.9,28.8,28.9,2968877
2020-11-16,30.3,30.3,30.5,29.8,30.5,4385290
2020-11-17,29.95,29.95,30.75,29.65,30.6,3137665
2020-11-18,30.1,30.1,30.4,30.05,30.1,1821393
2020-11-19,30.15,30.15,30.75,29.85,30.15,2557266
2020-11-20,31.1,31.1,31.8,30.0,30.7,12313738
2020-11-23,32.0,32.0,32.6,31.3,31.75,17061598
2020-11-24,31.45,31.45,32.6,31.3,32.0,8589922
2020-11-25,31.45,31.45,32.35,31.0,31.9,4935350
2020-11-26,31.9,31.9,32.45,31.6,31.8,5235696
2020-11-27,34.0,34.0,34.8,32.0,32.3,16471531
2020-11-30,35.5,35.5,36.5,33.6,34.0,15908948
2020-12-01,35.2,35.2,36.2,34.25,35.65,9484015
2020-12-02,34.9,34.9,35.7,34.6,35.7,4703745
2020-12-04,36.2,36.2,37.2,34.35,34.4,14872818
2020-12-07,36.4,36.4,39.15,36.3,37.5,15291359
2020-12-08,35.85,35.85,36.25,34.95,35.65,6192029
2020-12-09,36.0,36.0,37.1,35.65,36.05,6598944
2020-12-10,36.05,36.05,37.4,35.5,35.6,6749544
2020-12-11,35.2,35.2,36.65,34.0,36.4,6149729
2020-12-14,36.95,36.95,38.5,35.0,35.7,15326830
2020-12-15,34.75,34.75,36.95,34.65,36.8,6268744
2020-12-16,34.75,34.75,35.6,34.7,35.45,2755160
2020-12-17,34.9,34.9,35.2,34.5,35.0,1764976
2020-12-18,34.6,34.6,36.15,34.3,35.5,3871324
2020-12-21,33.6,33.6,35.15,33.05,35.15,3905330
2020-12-22,34.5,34.5,36.05,33.5,33.7,10449788
2020-12-23,35.9,35.9,37.15,34.85,35.05,10069976
2020-12-24,35.85,35.85,36.45,35.5,36.1,3865292
2020-12-25,36.95,36.95,37.4,35.7,35.7,10863385
2020-12-28,40.6,40.6,40.6,38.6,39.0,12114128
2020-12-29,39.5,39.5,42.6,38.15,41.3,27572081
2020-12-30,39.35,39.35,40.75,38.55,39.6,10547599
2020-12-31,38.65,38.65,40.25,38.5,39.4,6381823
2021-01-04,38.0,38.0,39.0,37.4,38.75,6588000
2021-01-05,38.25,38.25,38.6,37.6,37.6,4084673
2021-01-06,37.35,37.35,39.1,36.55,38.25,6903019
2021-01-07,37.0,37.0,37.95,36.85,37.8,3432132
2021-01-08,36.3,36.3,37.35,36.2,37.25,3287272
2021-01-11,37.25,37.25,37.25,35.5,36.0,4133103
2021-01-12,36.55,36.55,38.3,36.3,37.55,4856703
2021-01-13,39.75,39.75,40.2,37.0,37.0,36931566
2021-01-14,38.9,38.9,40.25,37.55,38.0,23405414
2021-01-15,37.25,37.25,39.25,37.15,38.9,8947929
2021-01-18,38.25,38.25,38.25,36.05,37.25,8059756
2021-01-19,40.3,40.3,40.45,38.2,38.8,28195171
2021-01-20,37.35,37.35,40.25,36.75,39.8,13121850
2021-01-21,37.35,37.35,39.3,37.2,38.8,7816586
2021-01-22,37.6,37.6,38.3,37.15,37.2,4957266
2021-01-25,36.85,36.85,37.6,35.6,37.6,6532678
2021-01-26,35.9,35.9,37.2,35.65,37.05,3583720
2021-01-27,36.2,36.2,36.5,35.4,36.2,4779178
2021-01-28,36.55,36.55,36.95,35.1,35.3,8343919
2021-01-29,35.4,35.4,37.7,35.1,36.65,9293945
2021-02-01,34.0,34.0,35.55,33.9,35.45,3321822
2021-02-02,34.3,34.3,35.35,34.3,34.3,2764710
2021-02-03,34.0,34.0,35.0,34.0,34.65,1901758
2021-02-04,33.7,33.7,34.4,33.35,34.05,2047814
2021-02-05,33.6,33.6,34.3,33.6,33.8,1607443
2021-02-17,34.75,34.75,34.95,34.0,34.0,2837715
2021-02-18,35.65,35.65,35.7,34.2,34.85,2912915
2021-02-19,36.15,36.15,36.25,35.2,35.6,2200845
2021-02-22,37.15,37.15,38.2,36.3,36.6,8149993
2021-02-23,38.25,38.25,38.35,37.0,37.6,9673720
2021-02-24,38.6,38.6,39.5,38.3,38.4,14562320
2021-02-25,38.3,38.3,40.2,38.3,39.8,10893040
2021-02-26,38.4,38.4,39.05,37.2,37.7,5143246
2021-03-02,37.85,37.85,39.2,37.4,38.6,3896073
2021-03-03,37.1,37.1,38.2,36.6,37.85,2154483
2021-03-04,36.3,36.3,37.5,36.2,37.1,1594112
2021-03-05,35.65,35.65,36.3,35.3,35.8,1304135
2021-03-08,34.8,34.8,36.45,34.6,36.0,2512609
2021-03-09,34.2,34.2,35.0,33.75,35.0,2187433
2021-03-10,35.05,35.05,35.35,34.75,35.0,2045508
2021-03-11,37.1,37.1,37.2,35.5,35.5,3816320
2021-03-12,38.55,38.55,38.65,37.0,37.25,8662304
2021-03-15,39.65,39.65,40.05,38.6,38.95,22162079
2021-03-16,38.9,38.9,41.0,38.0,40.3,15812262
2021-03-17,38.95,38.95,38.95,37.85,38.6,4891394
2021-03-18,38.45,38.45,39.35,38.3,39.2,6995352
2021-03-19,38.0,38.0,38.8,37.75,38.2,3153750
2021-03-22,38.9,38.9,39.7,37.9,38.05,8027618
2021-03-23,39.5,39.5,40.6,38.55,39.65,10369306
2021-03-24,38.75,38.75,39.3,38.75,39.3,2651481
2021-03-25,38.75,38.75,39.85,38.45,38.75,5756565
2021-03-26,38.6,38.6,39.65,38.4,39.2,7436925
2021-03-29,39.55,39.55,39.7,39.1,39.1,6046009
2021-03-30,39.5,39.5,40.4,39.45,39.7,7902349
2021-03-31,39.25,39.25,40.35,39.2,39.35,5521489
2021-04-01,40.2,40.2,43.15,39.45,39.6,38131383
2021-04-06,43.0,43.0,43.0,40.25,41.2,16260192
2021-04-07,42.2,42.2,44.75,42.2,43.85,14968824
2021-04-08,42.55,42.55,43.4,41.6,42.3,7552236
2021-04-09,40.5,40.5,43.45,40.4,43.0,12242559
2021-04-12,38.8,38.8,40.9,38.7,40.65,8180675
2021-04-13,38.6,38.6,40.1,38.55,39.2,4947012
2021-04-14,38.0,38.0,39.15,36.65,38.8,5016793
2021-04-15,37.9,37.9,38.5,37.5,38.35,3509382
2021-04-16,38.6,38.6,38.95,38.2,38.3,2571841
2021-04-19,39.05,39.05,39.25,37.6,38.6,4287545
2021-04-20,39.9,39.9,40.8,38.7,39.05,8223341
2021-04-21,39.75,39.75,40.8,39.7,39.9,5556888
2021-04-22,39.95,39.95,40.5,38.3,40.5,7546362
2021-04-23,40.8,40.8,41.45,40.0,41.0,14129105
2021-04-26,40.05,40.05,41.4,40.0,41.4,6310484
2021-04-27,39.15,39.15,40.45,39.0,40.45,4207156
2021-04-28,38.75,38.75,39.65,38.6,38.85,2983680
2021-04-29,38.2,38.2,39.0,38.05,38.8,2253285
2021-05-03,36.45,36.45,38.2,36.35,38.2,3436136
2021-05-04,35.0,35.0,37.0,33.05,36.45,3054285
2021-05-05,34.2,34.2,35.75,34.2,35.0,1620264
2021-05-06,34.05,34.05,35.1,33.55,34.4,1549367
2021-05-07,36.15,36.15,36.2,34.35,34.4,1880597
2021-05-10,35.15,35.15,37.0,35.1,37.0,1559730
2021-05-11,32.05,32.05,34.2,31.7,34.1,3307396
2021-05-12,28.9,28.9,32.45,28.85,31.9,3748949
2021-05-13,29.7,29.7,30.05,27.0,28.0,2774555
2021-05-14,29.2,29.2,31.0,28.85,30.45,2010656
2021-05-17,26.3,26.3,28.4,26.3,26.35,2779109
2021-05-18,28.9,28.9,28.9,26.9,27.1,2607408
2021-05-19,30.6,30.6,30.6,28.8,29.5,1959583
2021-05-20,29.0,29.0,30.1,28.8,29.2,2184633
2021-05-21,29.8,29.8,30.3,29.25,30.1,1491578
2021-05-24,30.3,30.3,30.45,29.2,29.65,1131292
2021-05-25,31.5,31.5,32.5,30.65,30.95,2807566
2021-05-26,31.15,31.15,32.35,30.9,31.6,1383493
2021-05-27,31.4,31.4,31.75,30.85,31.15,952541
2021-05-28,31.85,31.85,32.35,31.6,32.15,1568302
2021-05-31,32.9,32.9,33.4,31.85,31.95,1776545
2021-06-01,33.0,33.0,33.45,32.45,32.95,1703124
2021-06-02,32.25,32.25,33.1,31.95,32.85,1668911
2021-06-03,32.85,32.85,33.3,32.45,32.45,1346912
2021-06-04,32.3,32.3,32.65,32.15,32.5,779155
2021-06-07,32.5,32.5,32.8,31.0,32.5,913120
2021-06-08,32.4,32.4,32.9,32.35,32.4,679333
2021-06-09,32.4,32.4,33.2,32.3,32.55,1069417
2021-06-10,32.8,32.8,33.85,32.6,32.9,2290766
2021-06-11,33.05,33.05,33.8,33.0,33.55,1860836
2021-06-15,34.5,34.5,35.8,33.5,33.7,4718801
2021-06-16,33.8,33.8,35.1,33.7,34.5,2730350
2021-06-17,34.2,34.2,34.4,33.4,33.4,1224239
2021-06-18,35.25,35.25,35.95,34.0,34.5,5079251
2021-06-21,33.45,33.45,34.75,33.45,34.3,2961878
2021-06-22,32.8,32.8,34.1,32.8,34.1,1693503
2021-06-23,36.05,36.05,36.05,33.15,33.2,7676793
2021-06-24,36.35,36.35,37.7,35.15,36.5,12949600
2021-06-25,35.85,35.85,36.8,35.65,36.35,3680269
2021-06-28,35.25,35.25,36.35,35.15,35.85,2791413
2021-06-29,35.55,35.55,37.45,35.2,35.45,5429794
2021-06-30,38.4,38.4,39.1,35.5,35.7,17208822
2021-07-01,37.05,37.05,38.55,36.8,37.7,6270730
2021-07-02,39.9,39.9,40.15,36.75,36.9,13921252
2021-07-05,43.85,43.85,43.85,42.05,43.0,24458147
2021-07-06,42.25,42.25,45.0,40.7,44.15,29095232
2021-07-07,44.4,44.4,46.2,41.05,41.3,37999451
2021-07-08,46.1,46.1,48.8,45.6,46.75,45093306
2021-07-09,47.2,47.2,48.3,43.95,44.75,21853857
2021-07-12,51.2,51.2,51.6,46.3,47.5,38130901
2021-07-13,49.7,49.7,55.6,47.05,51.2,42450959
2021-07-14,47.45,47.45,51.3,46.6,50.5,18251083
2021-07-15,47.4,47.4,48.4,45.85,47.5,11409694
2021-07-16,46.55,46.55,48.45,46.45,46.55,7679981
2021-07-19,49.3,49.3,49.95,46.1,46.2,19717918
2021-07-20,49.05,49.05,51.0,47.85,48.05,28050521
2021-07-21,50.6,50.6,52.0,49.3,49.3,31131189
2021-07-22,50.6,50.6,52.5,49.2,51.0,17045471
2021-07-23,48.2,48.2,51.5,48.15,50.8,10453259
2021-07-26,49.05,49.05,50.4,48.7,48.9,6814235
2021-07-27,46.1,46.1,49.8,46.1,49.8,7487784
2021-07-28,44.5,44.5,46.3,41.5,45.2,8685650
2021-07-29,45.25,45.25,45.7,43.65,45.5,4402629
2021-07-30,43.25,43.25,46.1,43.25,45.25,4304543
2021-08-02,45.7,45.7,45.8,43.65,44.35,4352267
2021-08-03,47.8,47.8,48.8,45.85,46.0,14270838
2021-08-04,47.4,47.4,48.55,47.0,47.3,5333473
2021-08-05,47.55,47.55,48.2,47.2,47.65,3117030
2021-08-06,46.9,46.9,49.7,46.9,48.1,13347751
2021-08-09,44.8,44.8,47.35,44.6,46.3,4390556
2021-08-10,45.05,45.05,45.6,43.45,45.0,3900779
2021-08-11,42.5,42.5,45.3,42.05,45.3,4660260
2021-08-12,44.65,44.65,44.85,43.0,43.45,4967564
2021-08-13,42.9,42.9,44.75,42.4,44.25,3022086
2021-08-16,41.7,41.7,42.9,40.75,42.4,2939996
2021-08-17,39.65,39.65,42.7,39.3,42.7,3877012
2021-08-18,41.6,41.6,41.75,37.95,38.0,3951301
2021-08-19,39.65,39.65,41.8,39.65,41.6,2381446
2021-08-20,40.4,40.4,41.15,39.2,40.6,2408431
2021-08-23,42.15,42.15,42.55,41.35,41.5,2595467
2021-08-24,45.45,45.45,45.45,42.0,42.8,7947906
2021-08-25,48.35,48.35,49.95,45.5,45.8,45370899
2021-08-26,48.6,48.6,50.6,48.0,49.05,21830344
2021-08-27,47.15,47.15,48.85,46.85,48.3,8299905
2021-08-30,47.75,47.75,48.45,47.05,47.55,4423062
2021-08-31,47.5,47.5,48.05,46.85,47.95,3852099
2021-09-01,48.15,48.15,48.7,47.3,47.7,5980439
2021-09-02,48.65,48.65,50.5,48.4,48.5,14410962
2021-09-03,49.5,49.5,50.4,48.75,48.9,12346196
2021-09-06,47.75,47.75,50.4,47.4,50.0,14649798
2021-09-07,45.55,45.55,48.2,45.1,48.0,5897241
2021-09-08,43.85,43.85,46.1,43.7,45.55,4202517
2021-09-09,45.5,45.5,45.65,43.1,43.5,3119750
2021-09-10,46.15,46.15,46.2,45.15,45.45,2924750
2021-09-13,45.4,45.4,46.35,45.05,46.0,1617856
2021-09-14,45.0,45.0,45.95,44.9,45.5,1453646
2021-09-15,44.0,44.0,45.2,43.75,45.0,1709120
2021-09-16,44.1,44.1,45.05,44.1,44.5,1226458
2021-09-17,45.0,45.0,45.1,43.5,43.8,1436418
2021-09-22,44.6,44.6,45.7,43.6,44.0,2265204
2021-09-23,47.4,47.4,47.5,45.4,45.5,8731382
2021-09-24,48.4,48.4,49.1,47.4,48.0,10128161
2021-09-27,48.55,48.55,49.95,48.2,48.2,9409744
2021-09-28,47.8,47.8,49.7,47.65,49.35,6596698
2021-09-29,47.8,47.8,48.9,46.1,46.15,4692630
2021-09-30,47.25,47.25,48.8,47.25,48.8,3424492
2021-10-01,43.6,43.6,46.7,43.6,46.6,4233134
2021-10-04,41.85,41.85,45.2,41.85,45.0,3225939
2021-10-05,43.1,43.1,43.25,39.4,40.5,3923324
2021-10-06,42.15,42.15,44.05,41.95,43.0,2086485
2021-10-07,43.25,43.25,43.85,42.8,43.15,2606256
2021-10-08,42.9,42.9,44.75,42.8,43.7,2314040
2021-10-12,41.2,41.2,42.65,41.0,42.3,2065066
2021-10-13,40.1,40.1,42.0,39.5,41.8,2299907
2021-10-14,39.45,39.45,41.1,39.0,41.0,2059482
2021-10-15,41.05,41.05,41.3,40.5,40.5,1872081
2021-10-18,40.9,40.9,41.5,40.55,41.5,1100822
2021-10-19,44.5,44.5,44.5,41.1,41.3,4811085
2021-10-20,43.9,43.9,45.0,43.7,45.0,7077810
2021-10-21,43.2,43.2,45.0,43.1,43.9,3521242
2021-10-22,43.6,43.6,44.0,42.8,43.2,1783864
2021-10-25,44.3,44.3,45.5,43.4,43.4,4716941
2021-10-26,45.05,45.05,46.75,44.4,44.4,8210003
2021-10-27,45.5,45.5,46.1,44.65,45.15,3720906
2021-10-28,45.85,45.85,46.3,45.1,45.2,2772580
2021-10-29,45.45,45.45,47.2,45.3,46.5,5788305
2021-11-01,49.5,49.5,49.95,45.7,45.7,19699232
2021-11-02,44.6,44.6,49.9,44.55,49.5,17293504
2021-11-03,44.75,44.75,45.6,44.15,45.3,3840651
2021-11-04,44.15,44.15,45.25,43.7,45.25,2907154
2021-11-05,43.95,43.95,44.95,43.65,44.5,2226178
2021-11-08,43.35,43.35,44.5,43.15,44.05,2242791
2021-11-09,43.9,43.9,44.6,43.6,43.65,1998951
2021-11-10,44.7,44.7,44.95,43.95,44.0,2053629
2021-11-11,44.65,44.65,45.25,44.25,44.7,2121838
2021-11-12,45.55,45.55,46.25,45.0,45.15,3624518
2021-11-15,47.0,47.0,47.45,46.15,46.65,6037305
2021-11-16,45.55,45.55,48.6,45.5,47.3,7093160
2021-11-17,48.25,48.25,49.4,45.55,45.6,10028729
2021-11-18,49.0,49.0,52.9,46.85,48.45,24112982
2021-11-19,48.15,48.15,49.9,47.6,48.95,11255967
2021-11-22,48.9,48.9,50.2,47.8,48.8,13834063
2021-11-23,47.35,47.35,48.35,46.5,48.2,7204346
2021-11-24,49.2,49.2,49.2,47.05,47.15,13501831
2021-11-25,48.8,48.8,50.7,47.7,49.4,9911967
2021-11-26,48.55,48.55,49.3,47.35,48.2,6575100
2021-11-29,47.8,47.8,48.6,45.2,47.5,7040888
2021-11-30,49.8,49.8,50.5,48.0,48.0,10481037
2021-12-01,49.5,49.5,52.1,48.7,49.8,16850537
2021-12-02,48.4,48.4,50.8,47.5,49.25,7469008
2021-12-03,49.3,49.3,49.8,48.15,48.65,5234453
2021-12-06,54.2,54.2,54.2,48.75,49.7,29457417
2021-12-07,55.5,55.5,56.0,51.9,54.2,62411384
2021-12-08,53.2,53.2,57.0,53.0,55.5,34599718
2021-12-09,50.2,50.2,53.7,50.0,53.3,12972987
2021-12-10,48.35,48.35,50.8,48.2,49.5,10292513
2021-12-13,48.05,48.05,48.65,47.7,48.0,4843828
2021-12-14,46.55,46.55,48.35,45.6,47.9,8197958
2021-12-15,46.8,46.8,47.3,46.25,46.9,3123507
2021-12-16,47.5,47.5,48.2,47.4,47.65,4119894
2021-12-17,46.4,46.4,47.5,46.2,47.5,3178668
2021-12-20,46.2,46.2,47.25,46.15,46.4,2578029
2021-12-21,46.7,46.7,46.8,46.2,46.6,1458665
2021-12-22,46.6,46.6,47.55,46.6,47.15,2558958
2021-12-23,50.2,50.2,51.0,46.6,47.0,24706031
2021-12-24,49.7,49.7,51.1,49.3,49.6,11739241
2021-12-27,51.4,51.4,52.0,50.4,50.5,15218014
2021-12-28,50.4,50.4,51.9,50.0,51.4,7045864
2021-12-29,50.3,50.3,51.3,49.25,51.0,6133268
2021-12-30,49.65,49.65,50.9,49.5,50.9,2751780
2022-01-03,50.4,50.4,52.0,50.1,50.6,10309366
2022-01-04,49.45,49.45,51.7,49.4,51.7,5543079
2022-01-05,48.2,48.2,50.0,47.95,49.8,4218658
2022-01-06,47.7,47.7,48.6,47.25,47.65,2629037
2022-01-07,46.8,46.8,48.2,46.15,48.0,3097129
2022-01-10,46.8,46.8,47.4,46.1,46.2,1426844
2022-01-11,45.65,45.65,47.45,45.55,47.4,2449650
2022-01-12,45.85,45.85,46.5,45.65,46.0,1807469
2022-01-13,46.1,46.1,46.95,45.8,46.6,3361697
2022-01-14,44.55,44.55,46.0,44.0,46.0,2442821
2022-01-17,46.0,46.0,46.0,44.65,44.85,1565983
2022-01-18,45.45,45.45,46.4,45.4,46.0,961460
2022-01-19,45.2,45.2,45.85,44.7,45.2,868600
2022-01-20,45.5,45.5,45.6,44.7,45.3,812164
2022-01-21,44.0,44.0,45.35,44.0,45.35,1393317
2022-01-24,44.1,44.1,44.1,41.9,44.0,1855012
2022-01-25,42.0,42.0,44.1,42.0,44.0,1577194
2022-01-26,42.0,42.0,42.7,41.45,42.0,1754930
2022-02-07,43.75,43.75,43.8,42.2,42.7,1316240
2022-02-08,45.55,45.55,45.6,43.75,43.75,2103555
2022-02-09,45.7,45.7,46.55,45.15,46.35,2962750
2022-02-10,45.3,45.3,46.4,45.0,46.05,1547892
2022-02-11,46.0,46.0,46.3,45.05,45.3,2071318
2022-02-14,44.5,44.5,45.5,44.2,45.5,1321431
2022-02-15,44.85,44.85,45.75,44.8,45.0,948916
2022-02-16,45.75,45.75,46.15,45.55,45.7,1277763
2022-02-17,45.9,45.9,46.5,45.85,46.3,1538206
2022-02-18,46.25,46.25,46.4,45.2,45.9,1346574
2022-02-21,46.55,46.55,46.8,45.9,46.3,1322312
2022-02-22,45.15,45.15,46.55,44.4,46.55,1825827
2022-02-23,45.3,45.3,45.8,45.15,45.45,937922
2022-02-24,43.1,43.1,44.85,42.7,44.85,1754146
2022-02-25,43.2,43.2,43.95,42.1,43.7,990071
2022-03-01,44.5,44.5,44.6,43.05,43.2,963830
2022-03-02,44.7,44.7,44.75,43.65,44.35,712042
2022-03-03,44.25,44.25,45.8,44.25,45.65,1778347
2022-03-04,43.8,43.8,44.9,43.8,44.25,783703
2022-03-07,42.1,42.1,43.2,41.5,43.2,1591525
2022-03-08,41.85,41.85,42.85,40.4,40.4,1912547
2022-03-09,43.0,43.0,43.0,42.0,42.2,1327867
2022-03-10,43.5,43.5,44.9,43.4,43.9,1748331
2022-03-11,42.85,42.85,43.9,42.65,43.9,587446
2022-03-14,43.25,43.25,43.45,42.7,43.3,511327
2022-03-15,41.8,41.8,43.2,41.7,43.2,848323
2022-03-16,42.3,42.3,42.6,41.6,42.6,598597
2022-03-17,44.05,44.05,44.3,43.35,43.6,2236505
2022-03-18,43.9,43.9,44.15,43.5,44.1,616590
2022-03-21,43.35,43.35,44.7,43.35,44.55,833211
2022-03-22,43.7,43.7,43.9,43.0,43.7,602504
2022-03-23,43.95,43.95,44.4,43.75,44.0,731759
2022-03-24,43.75,43.75,43.95,43.2,43.7,544257
2022-03-25,43.25,43.25,44.5,43.25,44.25,937243
2022-03-28,42.8,42.8,42.9,42.1,42.9,676376
2022-03-29,42.75,42.75,43.4,42.6,43.4,407215
2022-03-30,43.6,43.6,44.85,43.2,43.2,3080768
2022-03-31,43.25,43.25,44.4,43.25,44.1,1059757
2022-04-01,42.8,42.8,42.95,42.2,42.95,1007512
2022-04-06,42.15,42.15,42.4,41.6,42.4,824736
2022-04-07,41.0,41.0,42.1,41.0,41.7,919181
2022-04-08,41.25,41.25,41.6,41.0,41.15,590249
2022-04-11,39.5,39.5,41.1,39.5,41.05,1659188
2022-04-12,39.0,39.0,40.15,38.6,39.0,956380
2022-04-13,39.7,39.7,39.7,38.7,39.3,679001
2022-04-14,39.35,39.35,40.35,39.25,40.35,488935
2022-04-15,37.95,37.95,38.8,37.9,38.55,1534905
2022-04-18,38.1,38.1,38.2,36.95,37.4,883674
2022-04-19,38.9,38.9,39.75,38.7,39.0,1147610
2022-04-20,39.45,39.45,39.45,38.8,39.2,627158
2022-04-21,39.25,39.25,39.75,39.2,39.45,455559
2022-04-22,38.25,38.25,38.8,38.0,38.8,735232
2022-04-25,36.15,36.15,37.5,35.9,37.05,1513392
2022-04-26,36.1,36.1,36.6,36.1,36.55,652776
2022-04-27,35.45,35.45,35.65,33.5,34.75,1504639
2022-04-28,35.6,35.6,36.2,34.95,35.45,635278
2022-04-29,36.65,36.65,37.2,36.2,36.95,797027
2022-05-03,36.9,36.9,37.15,36.25,36.5,416741
2022-05-04,37.3,37.3,37.5,37.0,37.2,335355
2022-05-05,38.2,38.2,38.5,37.9,37.95,650100
2022-05-06,37.1,37.1,37.9,36.8,37.9,595129
2022-05-09,35.95,35.95,37.05,35.9,37.05,514142
2022-05-10,36.85,36.85,36.85,34.65,34.65,728682
2022-05-11,38.7,38.7,39.6,36.85,37.25,3565965
2022-05-12,37.4,37.4,38.9,37.15,38.5,2484330
2022-05-13,40.15,40.15,40.4,38.15,38.4,4259637
2022-05-16,41.9,41.9,42.0,39.9,40.0,7725905
2022-05-17,42.15,42.15,42.6,41.3,42.3,8128466
2022-05-18,43.2,43.2,43.6,41.9,42.65,6995626
2022-05-19,42.7,42.7,43.1,41.8,41.8,5474441
2022-05-20,42.65,42.65,43.1,42.1,43.1,2878636
2022-05-23,42.6,42.6,43.65,42.5,43.05,3290267
2022-05-24,42.3,42.3,43.25,41.8,43.15,3734594
2022-05-25,44.45,44.45,44.5,42.5,42.8,5152928
2022-05-26,42.75,42.75,44.0,42.5,43.9,3433567
2022-05-27,42.0,42.0,43.4,42.0,43.2,3294921
2022-05-30,44.15,44.15,44.15,42.3,42.35,4881360
2022-05-31,45.8,45.8,45.85,44.05,44.2,14426934
2022-06-01,46.15,46.15,46.5,45.05,45.45,8762977
2022-06-02,45.25,45.25,46.6,45.05,46.15,5237857
2022-06-06,43.8,43.8,45.0,43.5,45.0,3287651
2022-06-07,43.4,43.4,44.4,43.4,43.65,2262965
2022-06-08,43.5,43.5,43.9,43.2,43.55,1265975
2022-06-09,44.35,44.35,44.35,43.5,43.5,1895269
2022-06-10,43.8,43.8,44.05,43.65,43.65,878331
2022-06-13,42.35,42.35,42.8,42.25,42.7,2094481
2022-06-14,42.8,42.8,42.8,41.2,41.9,2158938
2022-06-15,43.0,43.0,43.35,42.7,43.0,1063361
2022-06-16,41.2,41.2,43.95,41.2,43.8,1759306
2022-06-17,41.3,41.3,41.6,39.9,39.9,1262769
2022-06-20,39.35,39.35,42.8,39.35,42.8,1891329
2022-06-21,40.5,40.5,40.65,39.2,39.65,1071965
2022-06-22,39.9,39.9,40.9,39.45,40.5,2108663
2022-06-23,40.4,40.4,41.15,39.75,40.35,2380715
2022-06-24,40.45,40.45,41.5,40.2,41.0,1301155
2022-06-27,42.15,42.15,42.4,41.2,41.2,1689195
2022-06-28,41.25,41.25,42.0,40.8,42.0,992043
2022-06-29,40.1,40.1,41.0,40.0,40.75,962582
2022-06-30,38.1,38.1,40.05,38.1,39.85,1173103
2022-07-01,34.7,34.7,38.45,34.4,38.15,2208187
2022-07-04,33.7,33.7,35.3,33.4,34.7,1757588
2022-07-05,34.0,34.0,34.75,32.4,34.3,1691827
2022-07-06,32.5,32.5,34.15,32.45,33.8,1256061
2022-07-07,33.85,33.85,33.9,32.65,33.0,984823
2022-07-08,34.75,34.75,35.5,34.05,34.2,1500769
2022-07-11,34.3,34.3,35.2,34.2,35.0,750340
2022-07-12,31.7,31.7,33.9,31.7,33.9,1315225
2022-07-13,33.7,33.7,34.25,32.75,33.2,1214045
2022-07-14,34.4,34.4,34.5,32.85,33.0,881862
2022-07-15,35.5,35.5,35.85,34.1,34.4,1190368
2022-07-18,35.95,35.95,36.0,35.0,35.0,825601
2022-07-19,36.3,36.3,36.5,35.5,35.7,697296
2022-07-20,36.85,36.85,37.5,36.75,37.2,957790
2022-07-21,37.95,37.95,37.95,36.9,37.05,681418
2022-07-22,37.7,37.7,38.3,37.45,37.6,826009
2022-07-25,38.3,38.3,38.3,37.25,37.25,563844
2022-07-26,37.1,37.1,38.2,37.1,37.7,612407
2022-07-27,37.35,37.35,37.6,36.7,37.0,503517
2022-07-28,37.0,37.0,38.15,37.0,37.85,949182
2022-07-29,37.8,37.8,37.8,37.3,37.4,608116
2022-08-01,37.3,37.3,37.8,37.0,37.8,394987
2022-08-02,36.1,36.1,37.0,35.8,37.0,649042
2022-08-03,37.2,37.2,39.6,37.1,37.9,2957031
2022-08-04,35.8,35.8,36.95,35.0,36.95,1365020
2022-08-05,38.25,38.25,38.6,36.45,36.5,1838191
2022-08-08,38.05,38.05,38.35,37.5,37.5,801071
2022-08-09,40.5,40.5,40.6,37.55,38.05,3473920
2022-08-10,39.6,39.6,40.8,39.6,40.05,2608949
2022-08-11,39.65,39.65,40.7,39.2,40.7,1370232
2022-08-12,40.0,40.0,40.65,39.8,40.35,1779273
2022-08-15,40.55,40.55,40.7,39.95,40.3,1349271
2022-08-16,40.35,40.35,41.1,40.0,40.7,1143904
2022-08-17,40.55,40.55,40.85,40.15,40.4,965456
2022-08-18,41.15,41.15,41.6,40.05,40.15,2091939
2022-08-19,41.55,41.55,42.15,41.15,41.6,1772905
2022-08-22,40.6,40.6,41.4,40.55,40.8,697552
2022-08-23,40.95,40.95,41.05,39.85,40.15,953116
2022-08-24,40.4,40.4,41.3,40.25,41.3,678042
2022-08-25,41.8,41.8,42.25,40.7,40.9,2370524
2022-08-26,41.3,41.3,42.3,41.3,42.1,893298
2022-08-29,40.3,40.3,40.4,39.7,40.1,754054
2022-08-30,40.8,40.8,41.6,40.6,40.9,647062
2022-08-31,41.25,41.25,41.4,40.65,40.7,492695
2022-09-01,40.05,40.05,41.1,39.8,41.0,1069678
2022-09-02,40.5,40.5,40.6,39.7,40.4,721058
2022-09-05,40.5,40.5,42.45,40.5,41.35,2659475
2022-09-06,38.65,38.65,40.95,38.6,40.85,1757073
2022-09-07,38.5,38.5,38.7,37.75,38.4,836528
2022-09-08,40.85,40.85,41.0,38.8,39.2,1824316
2022-09-12,41.6,41.6,42.0,41.2,41.2,1668816
2022-09-13,42.3,42.3,42.45,41.65,41.65,2718042
2022-09-14,41.7,41.7,41.9,40.65,41.0,1708428
2022-09-15,41.3,41.3,42.25,40.9,41.85,983407
2022-09-16,41.05,41.05,41.5,41.0,41.2,694832
2022-09-19,39.85,39.85,41.25,39.85,41.2,822456
2022-09-20,40.2,40.2,40.5,39.95,40.45,449934
2022-09-21,39.35,39.35,40.15,39.3,40.0,649119
2022-09-22,39.75,39.75,39.8,38.4,38.9,1150253
2022-09-23,38.6,38.6,40.05,38.5,39.7,869328
2022-09-26,35.65,35.65,38.5,35.4,38.5,1499722
2022-09-27,36.25,36.25,36.7,35.05,35.65,968083
2022-09-28,33.7,33.7,36.25,33.65,36.25,1214879
2022-09-29,34.1,34.1,35.2,33.9,34.5,705148
2022-09-30,34.5,34.5,34.95,32.05,33.2,1372741
2022-10-03,34.45,34.45,34.8,33.5,34.05,481350
2022-10-04,35.6,35.6,35.65,34.9,35.2,625261
2022-10-05,35.3,35.3,36.4,35.2,36.3,733393
2022-10-06,35.75,35.75,36.15,35.55,35.7,446256
2022-10-07,35.3,35.3,35.75,35.2,35.75,277393
2022-10-11,32.55,32.55,34.1,32.5,34.1,1037275
2022-10-12,32.1,32.1,32.85,31.65,32.15,802652
2022-10-13,30.1,30.1,32.4,29.75,32.4,2352292
2022-10-14,31.8,31.8,32.15,31.0,31.0,951609
2022-10-17,31.5,31.5,31.5,30.05,31.0,724858
2022-10-18,33.4,33.4,33.75,31.8,32.1,2911336
2022-10-19,34.5,34.5,34.95,33.45,33.95,5942753
2022-10-20,34.0,34.0,34.45,33.2,34.15,2437248
2022-10-21,33.2,33.2,33.95,33.15,33.95,944641
2022-10-24,33.2,33.2,34.4,33.2,34.4,819790
2022-10-25,33.3,33.3,33.65,33.1,33.2,632165
2022-10-26,33.25,33.25,33.7,33.05,33.4,662194
2022-10-27,34.15,34.15,34.2,33.3,33.3,850813
2022-10-28,32.7,32.7,34.2,32.7,33.8,723662
2022-10-31,34.75,34.75,34.9,33.35,33.65,1803764
2022-11-01,35.95,35.95,36.1,34.4,35.0,4426349
2022-11-02,36.0,36.0,36.6,35.85,36.4,2905047
2022-11-03,36.25,36.25,36.55,35.2,35.5,1013025
2022-11-04,36.45,36.45,36.5,35.8,36.25,807227
2022-11-07,36.3,36.3,37.0,36.2,36.85,901833
2022-11-08,35.75,35.75,36.85,35.75,36.5,828716
2022-11-09,36.4,36.4,37.15,36.35,36.35,1266335
2022-11-10,36.15,36.15,36.5,35.9,36.4,510483
2022-11-11,36.45,36.45,38.0,36.45,38.0,1289221
2022-11-14,37.15,37.15,37.6,36.45,36.75,1490353
2022-11-15,37.65,37.65,37.85,37.05,37.15,1040824
2022-11-16,37.1,37.1,37.85,36.95,37.85,703062
2022-11-17,37.85,37.85,37.9,37.1,37.15,966359
2022-11-18,37.35,37.35,38.25,37.3,37.9,722688
2022-11-21,37.3,37.3,37.95,37.15,37.35,509811
2022-11-22,36.45,36.45,37.5,36.45,37.5,759285
2022-11-23,37.65,37.65,38.25,36.65,36.65,2348809
2022-11-24,37.5,37.5,37.85,37.0,37.65,687721
2022-11-25,38.55,38.55,38.8,37.6,37.6,2231945
2022-11-28,42.4,42.4,42.4,40.0,40.1,25137286
2022-11-29,41.5,41.5,42.85,41.05,42.5,11994766
2022-11-30,41.75,41.75,42.3,41.4,41.75,3957644
2022-12-01,42.0,42.0,42.5,41.6,42.3,3215470
2022-12-02,42.75,42.75,42.8,42.0,42.3,3167904
2022-12-05,42.25,42.25,43.4,42.1,43.2,2502081
2022-12-06,41.35,41.35,42.15,41.3,42.1,1493627
2022-12-07,40.5,40.5,41.7,40.15,41.35,1140512
2022-12-08,41.25,41.25,41.6,40.55,40.55,733536
2022-12-09,41.2,41.2,42.05,41.0,41.55,1076906
2022-12-12,40.35,40.35,40.85,39.9,40.35,1000424
2022-12-13,40.1,40.1,41.0,40.05,41.0,598325
2022-12-14,40.6,40.6,40.65,40.0,40.4,671747
2022-12-15,40.5,40.5,40.8,40.3,40.55,512561
2022-12-16,39.3,39.3,40.2,39.1,40.2,900239
2022-12-19,39.0,39.0,39.3,38.65,38.65,423454
2022-12-20,37.8,37.8,39.5,37.7,38.8,857703
2022-12-21,37.9,37.9,38.5,37.85,38.0,347019
2022-12-22,38.1,38.1,38.6,38.1,38.6,472144
2022-12-23,38.65,38.65,38.75,37.25,37.55,639506
2022-12-26,38.25,38.25,38.65,38.05,38.65,522624
2022-12-27,38.45,38.45,38.9,38.25,38.25,362032
2022-12-28,37.1,37.1,38.25,37.0,38.15,773838
2022-12-29,37.35,37.35,37.45,36.6,36.7,356345
2022-12-30,37.1,37.1,37.9,37.1,37.6,376920
2023-01-03,37.8,37.8,37.8,36.8,37.25,528615
2023-01-04,38.0,38.0,38.25,37.75,37.8,362697
2023-01-05,37.75,37.75,38.65,37.75,38.2,357147
2023-01-06,38.15,38.15,38.5,37.45,37.55,322229
2023-01-09,38.7,38.7,39.15,38.5,38.5,1069718
2023-01-10,38.4,38.4,38.9,38.35,38.8,383057
2023-01-11,38.5,38.5,38.8,38.1,38.7,208282
2023-01-12,38.75,38.75,40.5,38.75,38.95,2722918
2023-01-13,38.0,38.0,39.1,38.0,38.75,891521
2023-01-16,38.5,38.5,38.5,37.95,38.2,507436
2023-01-17,38.5,38.5,38.7,38.4,38.65,358740
2023-01-30,39.7,39.7,39.8,39.05,39.3,1134275
2023-01-31,40.3,40.3,40.5,39.7,39.7,1049673
2023-02-01,41.7,41.7,41.7,40.5,40.65,1975931
2023-02-02,42.0,42.0,42.2,40.6,41.2,3899546
2023-02-03,41.2,41.2,42.1,41.2,42.0,1486986
2023-02-06,41.0,41.0,41.5,40.6,40.7,960408
2023-02-07,41.25,41.25,41.75,41.0,41.75,670071
2023-02-08,41.3,41.3,41.75,41.25,41.7,674632
2023-02-09,41.7,41.7,42.45,41.3,41.3,1461810
2023-02-10,40.6,40.6,41.75,40.4,41.7,1513230
2023-02-13,40.55,40.55,40.7,40.05,40.55,379092
2023-02-14,41.2,41.2,42.1,40.8,41.0,1755684
2023-02-15,41.75,41.75,42.15,41.3,41.3,2281730
2023-02-16,41.85,41.85,42.1,41.55,41.75,956193
2023-02-17,42.0,42.0,42.35,41.45,41.5,987046
2023-02-20,42.2,42.2,43.5,42.0,42.0,1699614
2023-02-21,43.15,43.15,43.45,42.25,42.25,2147733
2023-02-22,42.25,42.25,42.95,41.85,42.5,1395320
2023-02-23,41.95,41.95,42.6,41.9,42.2,748147
2023-02-24,41.4,41.4,42.35,41.3,42.25,640254
2023-03-01,40.95,40.95,41.4,40.85,41.4,757306
2023-03-02,40.85,40.85,41.3,40.7,41.05,603566
2023-03-03,40.45,40.45,40.9,40.2,40.5,1516790
2023-03-06,41.7,41.7,42.4,40.75,40.9,2927131
2023-03-07,42.2,42.2,42.3,41.55,41.7,1803781
2023-03-08,42.45,42.45,42.85,41.5,41.75,2244582
2023-03-09,41.8,41.8,42.8,41.8,42.8,1308570
2023-03-10,40.55,40.55,41.45,40.45,41.4,1264936
2023-03-13,39.75,39.75,40.05,39.05,40.0,1620741
2023-03-14,39.3,39.3,39.5,39.05,39.5,854377
2023-03-15,39.25,39.25,39.95,39.25,39.95,703549
2023-03-16,38.65,38.65,39.35,38.25,39.25,917178
2023-03-17,39.6,39.6,39.8,38.75,38.9,740132
2023-03-20,41.35,41.35,42.75,41.2,41.2,4484109
2023-03-21,40.8,40.8,42.15,40.8,41.95,1750885
2023-03-22,41.5,41.5,41.75,41.0,41.15,1095154
2023-03-23,44.75,44.75,45.0,41.25,41.5,8799104
2023-03-24,43.4,43.4,44.75,43.35,44.7,4024133
2023-03-27,44.75,44.75,45.8,43.1,43.15,7419079
2023-03-28,46.9,46.9,49.2,45.8,46.5,35337255
2023-03-29,47.8,47.8,48.8,45.4,46.65,30731157
2023-03-30,47.7,47.7,48.0,46.6,47.25,10953164
2023-03-31,47.3,47.3,47.8,46.95,47.6,5877145
2023-04-06,47.0,47.0,48.2,47.0,47.4,6536291
2023-04-07,46.2,46.2,47.0,46.0,47.0,3983478
2023-04-10,46.15,46.15,46.8,45.8,45.95,3407129
2023-04-11,46.35,46.35,46.65,45.7,46.3,3119160
2023-04-12,46.55,46.55,46.8,46.15,46.8,2809466
2023-04-13,44.85,44.85,46.6,44.8,46.4,4081131
2023-04-14,45.65,45.65,45.95,44.5,45.05,3466568
2023-04-17,46.0,46.0,46.3,45.3,45.65,2108308
2023-04-18,45.35,45.35,46.4,45.15,46.1,1771404
2023-04-19,46.95,46.95,47.4,45.6,45.9,9971434
2023-04-20,47.3,47.3,47.35,45.9,46.25,6859847
2023-04-21,43.8,43.8,47.25,43.7,47.25,7220302
2023-04-24,43.35,43.35,44.1,43.05,43.4,2163580
2023-04-25,41.75,41.75,43.45,41.15,43.4,3738815
2023-04-26,41.3,41.3,41.75,40.3,41.45,2813504
2023-04-27,41.5,41.5,41.85,40.65,41.85,1348377
2023-04-28,41.65,41.65,41.9,41.5,41.75,1533363
2023-05-02,42.0,42.0,42.1,41.1,41.75,1018748
2023-05-03,41.25,41.25,41.7,41.2,41.7,872264
2023-05-04,40.9,40.9,41.3,40.7,41.3,838958
2023-05-05,40.7,40.7,41.25,40.7,40.85,987856
2023-05-08,40.3,40.3,41.1,40.3,41.1,834105
2023-05-09,39.45,39.45,40.35,39.1,40.35,1443874
2023-05-10,39.8,39.8,40.2,39.6,39.9,700592
2023-05-11,38.5,38.5,39.95,38.5,39.95,1277603
2023-05-12,39.25,39.25,39.25,38.4,38.4,568840
2023-05-15,38.45,38.45,39.25,38.4,39.25,855696
2023-05-16,38.75,38.75,39.1,38.65,38.65,504422
2023-05-17,39.2,39.2,39.5,38.8,38.8,762617
2023-05-18,39.6,39.6,39.7,39.0,39.5,884364
2023-05-19,39.0,39.0,39.9,38.95,39.9,1399323
2023-05-22,39.5,39.5,39.5,39.1,39.1,494216
2023-05-23,39.6,39.6,39.8,39.25,39.6,597038
2023-05-24,39.6,39.6,39.6,39.25,39.6,467049
2023-05-25,41.15,41.15,41.5,39.35,39.85,2559548
2023-05-26,40.3,40.3,41.4,40.3,41.2,1886659
2023-05-29,40.95,40.95,41.35,40.5,40.85,735788
2023-05-30,40.2,40.2,41.2,40.1,41.2,685051
2023-05-31,40.95,40.95,41.1,40.3,40.3,700408
2023-06-01,41.25,41.25,41.65,40.65,40.95,953072
2023-06-02,41.0,41.0,41.5,40.85,41.5,968645
2023-06-05,41.3,41.3,42.35,41.3,41.7,1370947
2023-06-06,40.5,40.5,41.6,40.45,41.5,820722
2023-06-07,40.8,40.8,40.95,40.5,40.65,602460
2023-06-08,40.15,40.15,40.95,40.15,40.95,646372
2023-06-09,40.6,40.6,40.75,40.4,40.5,493078
2023-06-12,40.8,40.8,41.2,39.8,40.65,1201875
2023-06-13,41.2,41.2,41.5,40.95,41.2,1362553
2023-06-14,41.05,41.05,41.65,41.05,41.5,1011227
2023-06-15,40.7,40.7,41.45,40.7,41.15,692519
2023-06-16,40.2,40.2,40.85,40.2,40.85,811699
2023-06-19,40.0,40.0,40.25,39.9,40.2,560355
2023-06-20,40.15,40.15,40.8,39.8,40.1,523131
2023-06-21,40.15,40.15,40.5,39.9,40.5,428252
2023-06-26,40.3,40.3,40.9,39.25,40.05,906369
2023-06-27,39.55,39.55,40.35,39.5,40.35,703597
2023-06-28,39.8,39.8,40.15,39.7,39.7,407774
2023-06-29,39.95,39.95,40.35,39.85,40.05,317649
2023-06-30,40.15,40.15,40.15,39.65,40.0,405502
2023-07-03,40.2,40.2,40.75,40.1,40.45,655275
2023-07-04,40.4,40.4,41.15,40.4,40.6,1255053
2023-07-05,40.65,40.65,41.15,40.6,40.9,1076168
2023-07-06,40.75,40.75,41.15,40.45,40.65,855905
2023-07-07,39.9,39.9,40.65,39.8,40.65,679476
2023-07-10,40.85,40.85,42.35,39.8,39.85,3113617
2023-07-11,42.4,42.4,42.95,41.0,41.5,5184691
2023-07-12,41.6,41.6,42.75,41.3,42.6,2536503
2023-07-13,40.7,40.7,42.05,40.65,42.0,1572521
2023-07-14,40.85,40.85,41.25,40.7,41.05,746441
2023-07-17,41.6,41.6,41.75,40.7,40.7,1138535
2023-07-18,40.65,40.65,42.25,40.65,42.1,1348898
2023-07-19,40.7,40.7,41.5,40.7,40.7,839449
2023-07-20,41.1,41.1,41.35,40.8,40.9,652199
2023-07-21,40.35,40.35,40.7,40.1,40.7,606718
2023-07-24,39.9,39.9,40.3,39.85,40.3,876080
2023-07-25,40.05,40.05,40.35,39.85,39.85,510759
2023-07-26,39.65,39.65,40.25,39.6,40.05,676314
2023-07-27,40.75,40.75,40.8,39.9,39.9,730616
2023-07-28,40.6,40.6,40.75,40.3,40.75,386211
2023-07-31,40.6,40.6,41.3,40.1,40.8,815447
2023-08-01,40.35,40.35,41.05,40.1,41.0,566099
2023-08-02,39.8,39.8,40.6,39.8,40.6,796826
2023-08-04,38.95,38.95,39.3,38.4,38.8,511358
2023-08-07,39.15,39.15,39.45,38.6,38.95,311749
2023-08-08,38.8,38.8,39.4,38.6,39.4,353766
2023-08-09,38.2,38.2,39.1,38.2,39.1,686850
2023-08-10,36.95,36.95,38.0,36.85,38.0,1108592
2023-08-11,34.9,34.9,36.75,34.9,36.75,2288114
2023-08-14,34.25,34.25,34.8,33.6,34.7,1668836
2023-08-15,34.65,34.65,34.95,34.2,34.2,517822
2023-08-16,34.95,34.95,34.95,34.0,34.0,316429
2023-08-17,34.95,34.95,35.15,34.3,34.3,557722
2023-08-18,34.65,34.65,35.4,34.65,34.95,422039
2023-08-21,34.55,34.55,34.9,34.45,34.9,298306
2023-08-22,34.25,34.25,34.9,34.25,34.9,299883
2023-08-23,35.15,35.15,35.2,34.3,34.3,415045
2023-08-24,35.0,35.0,35.6,34.75,35.15,615758
2023-08-25,35.25,35.25,35.6,34.65,35.0,455500
2023-08-28,35.2,35.2,35.3,34.95,35.3,365593
2023-08-29,35.35,35.35,35.4,35.0,35.2,348562
2023-08-30,36.1,36.1,36.15,35.35,35.35,664647
2023-08-31,36.15,36.15,36.25,35.85,36.2,269307
2023-09-01,37.1,37.1,37.15,36.15,36.15,642837
2023-09-04,37.4,37.4,37.6,36.9,37.15,501635
2023-09-05,37.45,37.45,37.7,37.2,37.2,262371
2023-09-06,37.1,37.1,37.6,37.0,37.6,332321
2023-09-07,36.9,36.9,37.75,36.6,36.6,450203
2023-09-08,36.3,36.3,36.9,36.2,36.9,304052
2023-09-11,35.7,35.7,36.35,35.65,36.3,283779
2023-09-12,36.0,36.0,36.1,35.6,35.7,219272
2023-09-13,36.55,36.55,36.7,36.15,36.2,252207
2023-09-14,36.55,36.55,36.75,36.45,36.45,221890
2023-09-15,36.9,36.9,36.9,36.55,36.75,208764
2023-09-18,36.95,36.95,37.4,36.9,36.9,302527
2023-09-19,36.25,36.25,37.4,36.25,37.4,320634
2023-09-20,36.0,36.0,36.6,36.0,36.4,238377
2023-09-21,35.2,35.2,36.0,35.2,36.0,344625
2023-09-22,35.8,35.8,35.8,35.0,35.2,171901
2023-09-25,35.8,35.8,36.2,35.8,36.0,122619
2023-09-26,35.15,35.15,35.8,35.15,35.8,150334
2023-09-27,35.0,35.0,35.35,34.9,35.05,157548
2023-09-28,34.75,34.75,35.35,34.65,35.35,263815
2023-10-02,35.5,35.5,35.6,34.75,34.75,290819
2023-10-03,35.9,35.9,36.0,35.5,35.5,186097
2023-10-04,35.3,35.3,35.85,35.15,35.85,223993
2023-10-05,35.65,35.65,35.8,35.35,35.35,182832
2023-10-06,35.7,35.7,36.0,35.6,35.65,185601
2023-10-11,35.05,35.05,36.05,34.55,36.05,262688
2023-10-12,35.7,35.7,35.7,35.1,35.1,175949
2023-10-13,35.55,35.55,35.9,35.45,35.45,158055
2023-10-16,34.95,34.95,35.4,34.7,35.1,187726
2023-10-17,35.55,35.55,35.85,35.05,35.05,199922
2023-10-18,34.5,34.5,35.45,34.45,35.45,383454
2023-10-19,34.3,34.3,34.45,34.15,34.15,183889
2023-10-20,34.3,34.3,34.5,33.35,34.25,337367
2023-10-23,34.55,34.55,35.3,34.3,34.5,243422
2023-10-24,34.35,34.35,35.1,34.05,35.1,232113
2023-10-25,34.8,34.8,35.05,34.2,34.2,281382
2023-10-26,33.95,33.95,34.75,33.9,34.2,212766
2023-10-27,33.85,33.85,34.6,33.7,34.3,220557
2023-10-30,34.1,34.1,34.4,33.5,33.85,206253
2023-10-31,33.15,33.15,34.3,33.1,34.1,510980
2023-11-01,33.25,33.25,33.95,33.2,33.3,193292
2023-11-02,33.95,33.95,34.4,33.6,33.9,222154
2023-11-03,34.0,34.0,34.15,33.8,33.9,153797
2023-11-06,34.6,34.6,34.7,34.0,34.0,191839
2023-11-07,34.55,34.55,34.85,34.55,34.6,90715
2023-11-08,34.55,34.55,34.85,34.5,34.55,116064
2023-11-09,34.0,34.0,34.65,34.0,34.6,167097
2023-11-10,33.65,33.65,34.0,33.65,34.0,138991
2023-11-13,33.6,33.6,34.0,33.6,33.7,127632
2023-11-14,33.85,33.85,33.85,33.45,33.7,160228
2023-11-15,34.0,34.0,34.4,33.85,34.0,337705
2023-11-16,34.0,34.0,34.25,33.85,34.25,152957
2023-11-17,34.3,34.3,34.4,33.95,33.95,227525
2023-11-20,36.05,36.05,36.2,34.5,34.5,1167816
2023-11-21,35.75,35.75,36.4,35.55,36.3,656422
2023-11-22,35.8,35.8,36.0,35.5,35.5,254268
2023-11-23,35.85,35.85,36.4,35.8,35.85,376651
2023-11-24,35.65,35.65,36.1,35.6,36.0,207657
2023-11-27,35.2,35.2,36.1,35.2,35.75,261453
2023-11-28,35.7,35.7,35.7,35.15,35.7,342065
2023-11-29,35.6,35.6,35.9,35.55,35.9,231739
2023-11-30,35.95,35.95,36.3,35.75,35.8,475292
2023-12-01,35.65,35.65,36.25,35.6,35.95,243497
2023-12-04,35.85,35.85,36.15,35.65,35.65,241127
2023-12-05,35.35,35.35,35.95,35.3,35.95,255597
2023-12-06,35.15,35.15,35.45,35.15,35.4,182004
2023-12-07,35.05,35.05,35.85,35.0,35.15,288941
2023-12-08,35.35,35.35,35.75,34.95,35.15,294008
2023-12-11,34.65,34.65,35.4,34.65,35.4,421752
2023-12-12,34.3,34.3,34.75,34.2,34.55,418933
2023-12-13,34.2,34.2,34.6,34.2,34.3,317189
2023-12-14,34.55,34.55,34.75,34.4,34.4,229545
2023-12-15,34.75,34.75,35.5,34.55,34.55,509592
2023-12-18,34.55,34.55,34.85,34.45,34.65,248308
2023-12-19,33.95,33.95,34.55,33.8,34.55,464203
2023-12-20,34.15,34.15,34.45,33.95,33.95,207685
2023-12-21,34.3,34.3,34.5,33.8,34.0,237611
2023-12-22,34.2,34.2,34.85,34.2,34.45,283939
2023-12-25,34.25,34.25,34.6,34.25,34.3,165657
2023-12-26,34.65,34.65,34.65,34.35,34.6,292113
2023-12-27,34.9,34.9,35.3,34.8,34.8,524093
2023-12-28,35.2,35.2,35.4,35.0,35.0,456427
2023-12-29,35.0,35.0,35.5,34.8,35.45,415950
2024-01-02,34.55,34.55,35.0,34.5,34.65,226596
2024-01-03,34.0,34.0,34.5,33.95,34.5,390988
2024-01-04,33.6,33.6,34.0,33.55,34.0,547785
2024-01-05,33.6,33.6,33.75,33.5,33.65,311382
2024-01-08,33.65,33.65,34.0,33.65,34.0,183211
2024-01-09,33.15,33.15,33.85,33.1,33.7,338736
2024-01-10,32.4,32.4,33.15,32.35,33.15,609139
2024-01-11,32.1,32.1,32.45,31.9,32.05,408784
2024-01-12,32.1,32.1,32.25,31.9,32.15,261723
2024-01-15,33.0,33.0,33.05,32.25,32.25,364551
2024-01-16,32.1,32.1,33.0,32.0,33.0,451090
2024-01-17,32.65,32.65,33.95,32.05,32.35,1310520
2024-01-18,32.0,32.0,32.7,31.85,32.35,526065
2024-01-19,32.1,32.1,32.4,32.0,32.4,223992
2024-01-22,32.15,32.15,32.3,31.95,32.3,198867
2024-01-23,32.35,32.35,32.4,31.95,31.95,219294
2024-01-24,32.2,32.2,32.65,32.2,32.4,212948
2024-01-25,32.05,32.05,32.3,32.0,32.3,160618
2024-01-26,31.75,31.75,32.1,31.75,32.1,401878
2024-01-29,31.65,31.65,31.85,31.5,31.85,307820
2024-01-30,31.15,31.15,31.65,31.1,31.55,316442
2024-01-31,31.0,31.0,31.2,30.8,30.95,400439
2024-02-01,31.0,31.0,31.35,30.8,31.1,201615
2024-02-02,31.0,31.0,31.3,31.0,31.1,210039
2024-02-05,31.1,31.1,31.15,30.55,31.0,281740
2024-02-15,31.9,31.9,31.9,31.1,31.1,410579
2024-02-16,32.2,32.2,32.3,32.0,32.25,253532
2024-02-19,32.45,32.45,32.85,32.2,32.2,373476
2024-02-20,32.15,32.15,32.8,32.1,32.8,253955
2024-02-21,32.25,32.25,32.6,32.2,32.25,336977
2024-02-22,32.2,32.2,32.5,31.9,32.5,323041
2024-02-23,31.95,31.95,32.3,31.95,32.2,326183
2024-02-26,32.2,32.2,32.3,31.9,31.95,368806
2024-02-27,31.65,31.65,32.45,31.6,32.4,424679
2024-02-29,31.35,31.35,31.75,31.3,31.65,272965
2024-03-01,31.15,31.15,31.65,31.15,31.45,254159
2024-03-04,31.3,31.3,31.45,30.9,31.2,410757
2024-03-05,31.05,31.05,31.55,30.9,31.3,330099
2024-03-06,31.05,31.05,31.35,30.95,31.35,194864
2024-03-07,30.6,30.6,31.1,30.55,30.95,413580
2024-03-08,33.65,33.65,33.65,30.9,30.9,3689497
2024-03-11,34.7,34.7,36.9,34.15,34.5,10440152
2024-03-12,34.1,34.1,34.5,33.8,34.5,1755033
2024-03-13,32.8,32.8,34.3,32.75,34.3,1385612
2024-03-14,34.2,34.2,35.35,32.75,32.75,2633960
2024-03-15,33.0,33.0,34.2,32.75,34.2,835085
2024-03-18,32.9,32.9,33.65,32.8,33.1,363407
2024-03-19,33.15,33.15,33.9,32.7,32.9,565133
2024-03-20,32.75,32.75,33.5,32.75,33.15,417402
2024-03-21,32.5,32.5,33.4,32.35,33.0,540692
2024-03-22,32.55,32.55,33.2,32.5,32.5,459337
2024-03-25,32.65,32.65,33.1,32.6,32.6,428928
2024-03-26,31.9,31.9,32.8,31.4,32.7,1121075
2024-03-27,31.65,31.65,31.8,31.5,31.7,409504
2024-03-28,31.95,31.95,32.25,31.65,31.65,343201
2024-03-29,31.9,31.9,31.95,31.6,31.75,278599
2024-04-01,32.65,32.65,33.0,32.0,32.0,644308
2024-04-02,32.1,32.1,32.8,32.05,32.7,262815
2024-04-03,31.65,31.65,31.9,31.6,31.85,306301
2024-04-08,31.6,31.6,32.15,31.5,31.85,266961
2024-04-09,31.9,31.9,32.1,31.65,31.65,317866
2024-04-10,32.4,32.4,32.95,31.9,31.95,575954
2024-04-11,32.15,32.15,32.45,31.7,32.4,421454
2024-04-12,32.0,32.0,32.3,31.9,32.3,273774
2024-04-15,31.35,31.35,31.9,31.3,31.9,1363994
2024-04-16,30.3,30.3,31.1,30.2,31.05,747560
2024-04-17,31.0,31.0,32.3,30.4,30.4,802855
2024-04-18,30.8,30.8,31.0,30.65,30.85,271906
2024-04-19,29.7,29.7,30.75,29.25,30.75,960937
2024-04-22,29.2,29.2,30.2,29.0,29.8,617241
2024-04-23,29.35,29.35,29.5,29.2,29.2,202880
2024-04-24,29.9,29.9,29.95,29.4,29.7,292246
2024-04-25,30.2,30.2,30.4,29.8,29.8,330629
2024-04-26,30.0,30.0,30.4,29.95,30.4,211325
2024-04-29,30.5,30.5,30.6,30.25,30.25,345336
2024-04-30,30.9,30.9,31.4,30.6,30.7,425670
2024-05-02,30.95,30.95,31.05,30.2,31.0,220193
2024-05-03,30.65,30.65,31.45,30.6,31.45,229412
2024-05-06,30.75,30.75,31.05,30.55,31.05,210298
2024-05-07,30.45,30.45,30.85,30.4,30.85,169027
2024-05-08,30.6,30.6,30.65,30.45,30.6,189524
2024-05-09,30.45,30.45,30.95,30.45,30.7,174765
2024-05-10,30.7,30.7,30.75,30.3,30.6,189561
2024-05-13,31.25,31.25,31.25,30.75,30.75,321363
2024-05-14,32.15,32.15,32.5,31.75,31.9,1295000
2024-05-15,31.75,31.75,32.45,31.65,32.25,435506
2024-05-16,31.5,31.5,32.0,31.4,32.0,258575
2024-05-17,31.5,31.5,31.8,31.4,31.8,205694
2024-05-20,31.7,31.7,32.0,31.45,31.5,196768
2024-05-21,31.6,31.6,31.95,31.45,31.95,185007
2024-05-22,31.8,31.8,31.85,31.5,31.8,334946
2024-05-23,31.45,31.45,31.95,31.45,31.6,333196
2024-05-24,31.8,31.8,31.8,31.1,31.4,316020
2024-05-27,32.0,32.0,32.1,31.85,32.0,294537
2024-05-28,32.9,32.9,32.9,32.0,32.0,1107039
2024-05-29,32.6,32.6,33.0,32.4,33.0,453768
2024-05-30,32.4,32.4,32.6,32.2,32.4,359350
2024-05-31,32.5,32.5,32.8,32.4,32.5,288725
2024-06-03,32.6,32.6,32.85,32.3,32.85,303503
2024-06-04,32.35,32.35,32.9,32.35,32.6,386996
2024-06-05,32.2,32.2,32.7,32.15,32.7,268742
2024-06-06,31.65,31.65,32.4,30.7,32.3,451970
2024-06-07,31.95,31.95,32.35,31.7,31.75,312277
2024-06-11,32.45,32.45,32.75,32.1,32.1,596631
2024-06-12,32.25,32.25,32.9,32.15,32.55,351151
2024-06-13,32.65,32.65,32.85,32.2,32.35,546352
2024-06-14,32.65,32.65,32.85,32.5,32.65,350847
2024-06-17,33.55,33.55,34.0,32.5,32.65,1274863
2024-06-18,33.8,33.8,34.0,33.25,34.0,638100
2024-06-19,33.55,33.55,34.0,33.45,33.9,568747
2024-06-20,33.95,33.95,34.0,33.45,33.65,698040
2024-06-21,33.55,33.55,34.05,33.55,33.95,626038
2024-06-24,32.7,32.7,33.75,32.55,33.25,506474
2024-06-25,32.75,32.75,32.75,31.8,32.7,528802
2024-06-26,32.7,32.7,33.3,32.7,33.15,243810
2024-06-27,32.0,32.0,32.6,31.9,32.4,392503
2024-06-28,32.45,32.45,32.65,31.95,31.95,208717
2024-07-01,32.2,32.2,32.65,32.15,32.5,190248
2024-07-02,32.35,32.35,32.4,31.9,32.05,271630
2024-07-03,32.8,32.8,33.2,32.35,32.5,427480
2024-07-04,33.3,33.3,33.45,32.8,32.8,540684
2024-07-05,33.45,33.45,33.7,33.15,33.4,507142
2024-07-08,33.35,33.35,33.75,33.2,33.6,280877
2024-07-09,32.7,32.7,33.8,32.5,33.5,435740
2024-07-10,33.2,33.2,33.3,32.75,32.75,389276
2024-07-11,33.65,33.65,33.85,33.1,33.25,841192
2024-07-12,34.1,34.1,34.5,33.3,33.8,1107982
2024-07-15,33.2,33.2,34.3,33.2,34.15,577852
2024-07-16,33.2,33.2,34.0,33.1,33.35,585384
2024-07-17,34.7,34.7,35.55,33.75,33.8,2053759
2024-07-18,34.3,34.3,34.45,33.6,34.3,875719
2024-07-19,32.7,32.7,34.2,32.7,33.8,801886
2024-07-22,32.7,32.7,33.0,32.0,32.6,477450
2024-07-23,33.45,33.45,33.45,32.65,32.65,293122
2024-07-26,33.2,33.2,33.4,32.45,32.85,360985
2024-07-29,31.95,31.95,33.4,31.95,33.4,497669
2024-07-30,32.45,32.45,32.45,31.45,31.95,371173
2024-07-31,32.4,32.4,32.9,32.4,32.6,250523
2024-08-01,33.2,33.2,34.15,32.95,33.05,899328
2024-08-02,32.1,32.1,32.9,32.05,32.8,477833
2024-08-05,28.9,28.9,31.05,28.9,31.05,1136744
2024-08-06,27.95,27.95,29.2,26.05,28.7,1301799
2024-08-07,29.4,29.4,29.6,28.05,28.05,424415
2024-08-08,29.1,29.1,29.4,28.45,28.45,169877
2024-08-09,29.3,29.3,30.0,29.25,29.6,450706
2024-08-12,29.8,29.8,30.1,29.35,29.35,246782
2024-08-13,29.75,29.75,30.05,29.35,30.05,118439
2024-08-14,29.75,29.75,30.3,29.5,29.95,307636
2024-08-15,29.65,29.65,29.9,29.55,29.8,130373
2024-08-16,29.7,29.7,30.15,29.7,29.75,193672
2024-08-19,29.9,29.9,30.1,29.55,29.75,209746
2024-08-20,30.25,30.25,30.55,29.95,30.1,367773
2024-08-21,30.15,30.15,30.45,30.05,30.25,256716
2024-08-22,30.7,30.7,31.35,30.25,30.25,460817
2024-08-23,30.8,30.8,30.95,30.2,30.95,226948
2024-08-26,31.35,31.35,31.6,30.8,30.8,457973
2024-08-27,31.5,31.5,31.55,30.85,31.35,305944
2024-08-28,31.35,31.35,31.75,31.15,31.7,137782
2024-08-29,31.6,31.6,31.8,31.1,31.1,214099
2024-08-30,32.0,32.0,32.2,31.75,31.8,326731
2024-09-02,32.1,32.1,32.6,32.1,32.6,284463
2024-09-03,31.75,31.75,32.3,31.75,32.15,251617
2024-09-04,30.5,30.5,31.35,30.0,30.9,380743
2024-09-05,30.85,30.85,31.8,30.7,30.7,430706
2024-09-06,31.2,31.2,31.4,30.6,30.75,260034
2024-09-09,31.45,31.45,31.45,30.45,30.45,300940
2024-09-10,31.45,31.45,32.0,31.0,31.4,259164
2024-09-11,30.85,30.85,32.0,30.85,31.15,205153
2024-09-12,30.7,30.7,31.25,30.65,31.25,379453
2024-09-13,31.5,31.5,31.5,30.7,30.9,359891
2024-09-16,31.9,31.9,32.25,31.6,31.6,353666
2024-09-18,31.5,31.5,32.0,31.25,31.9,226391
2024-09-19,32.3,32.3,32.3,31.6,31.75,410310
2024-09-20,33.3,33.3,34.8,32.95,33.0,2312443
2024-09-23,33.6,33.6,34.3,33.45,33.5,670072
2024-09-24,33.1,33.1,33.85,33.1,33.85,402916
2024-09-25,33.35,33.35,33.8,33.2,33.3,607739
2024-09-26,33.15,33.15,33.95,33.15,33.7,783740
2024-09-27,34.0,34.0,34.2,33.6,33.6,1473183
2024-09-30,34.0,34.0,34.0,33.45,34.0,698224
2024-10-01,33.3,33.3,34.3,33.3,34.3,421776
2024-10-04,33.05,33.05,33.1,32.6,33.1,404225
2024-10-07,32.6,32.6,33.75,32.45,33.75,455260
2024-10-08,32.4,32.4,32.95,32.15,32.75,312234
2024-10-09,31.6,31.6,32.8,31.0,32.8,2186624
2024-10-11,33.9,33.9,34.5,31.65,31.65,1210827
2024-10-14,33.65,33.65,34.1,33.3,34.0,620246
2024-10-15,34.5,34.5,35.35,33.8,33.8,1877833
2024-10-16,34.7,34.7,34.8,34.0,34.5,750864
2024-10-17,34.9,34.9,36.5,34.8,35.25,1911779
2024-10-18,34.4,34.4,35.3,34.25,34.9,594292
2024-10-21,34.1,34.1,34.9,34.1,34.7,560509
2024-10-22,34.45,34.45,34.55,34.0,34.25,537088
2024-10-23,34.4,34.4,34.8,34.2,34.45,321763
2024-10-24,34.45,34.45,34.8,34.25,34.6,600184
2024-10-25,34.4,34.4,34.9,34.0,34.75,398033
2024-10-28,33.9,33.9,34.65,33.5,34.15,722498
2024-10-29,33.05,33.05,33.85,32.2,33.85,769765
2024-10-30,32.6,32.6,33.15,32.6,33.1,199957
2024-11-01,32.45,32.45,32.6,31.6,32.6,288938
2024-11-04,32.05,32.05,32.35,31.9,32.1,221864
2024-11-05,31.95,31.95,32.35,31.7,31.7,123980
2024-11-06,31.9,31.9,32.25,31.75,32.25,179244
2024-11-07,32.25,32.25,32.35,31.75,31.75,264070
2024-11-08,31.85,31.85,32.4,31.75,32.25,347947
2024-11-11,33.9,33.9,34.8,32.1,32.4,1935091
2024-11-12,34.15,34.15,34.5,33.25,33.95,830127
2024-11-13,34.1,34.1,34.35,33.65,34.3,492170
2024-11-14,33.05,33.05,34.1,33.0,34.1,581530
2024-11-15,33.9,33.9,34.85,33.0,33.1,1236661
2024-11-18,33.1,33.1,34.45,32.9,34.45,544240
2024-11-19,33.1,33.1,33.45,33.0,33.15,259001
2024-11-20,33.05,33.05,33.4,32.95,33.1,259937
2024-11-21,33.85,33.85,33.9,33.0,33.05,444018
2024-11-22,34.2,34.2,35.0,34.0,34.3,926599
2024-11-25,34.65,34.65,34.85,34.35,34.65,636991
2024-11-26,34.35,34.35,34.65,34.1,34.65,391714
2024-11-27,33.65,33.65,34.5,33.5,34.35,362082
2024-11-28,34.5,34.5,34.6,32.95,33.5,577082
2024-11-29,34.5,34.5,34.9,34.0,34.0,576112
2024-12-02,34.7,34.7,35.0,34.5,35.0,377519
2024-12-03,35.2,35.2,36.15,34.7,34.7,1220398
2024-12-04,35.45,35.45,35.65,35.2,35.6,551930
2024-12-05,35.5,35.5,35.75,35.1,35.75,481757
2024-12-06,35.9,35.9,36.45,35.5,35.8,1363822
2024-12-09,35.85,35.85,36.6,35.7,36.45,966636
2024-12-10,34.2,34.2,36.2,34.2,36.2,788232
2024-12-11,35.05,35.05,36.1,34.8,34.9,1444367
2024-12-12,34.3,34.3,36.45,34.2,35.55,1526058
2024-12-13,33.35,33.35,34.5,33.3,34.15,798944
2024-12-16,31.65,31.65,33.35,31.55,33.35,1207054
2024-12-17,32.3,32.3,32.75,31.6,31.65,432590
2024-12-18,32.0,32.0,32.4,31.75,32.15,257204
2024-12-19,31.55,31.55,31.85,31.1,31.65,646109
2024-12-20,31.15,31.15,31.65,31.1,31.25,400128
2024-12-23,31.35,31.35,31.75,31.15,31.15,220031
2024-12-24,32.1,32.1,33.4,31.35,31.35,798507
2024-12-25,32.3,32.3,32.7,32.15,32.5,353678
2024-12-26,32.05,32.05,32.7,32.0,32.25,267375
2024-12-27,32.4,32.4,32.75,32.0,32.1,321999
2024-12-30,32.0,32.0,32.5,32.0,32.4,222486
2024-12-31,31.7,31.7,31.85,31.55,31.65,289775
2025-01-02,31.0,31.0,31.7,30.9,31.7,447281
2025-01-03,31.15,31.15,32.85,31.05,31.05,1132274
2025-01-06,30.85,30.85,31.35,30.6,31.2,510317
2025-01-07,30.75,30.75,31.25,30.65,30.7,486557
2025-01-08,30.75,30.75,30.95,30.25,30.65,359789
2025-01-09,30.1,30.1,30.75,30.0,30.75,375549
2025-01-10,30.1,30.1,30.6,30.05,30.1,220252
2025-01-13,28.9,28.9,30.05,28.7,30.05,788743
2025-01-14,29.5,29.5,29.5,28.75,28.9,185523
2025-01-15,29.55,29.55,30.05,28.75,29.5,345648
2025-01-16,30.25,30.25,30.4,30.0,30.25,135222
2025-01-17,30.1,30.1,30.25,29.85,30.25,149409
2025-01-20,30.5,30.5,30.7,30.0,30.1,240920
2025-01-21,30.25,30.25,30.5,30.25,30.5,98655
2025-01-22,30.25,30.25,30.45,30.0,30.45,180585
2025-02-03,29.85,29.85,30.25,29.45,30.25,232772
2025-02-04,30.15,30.15,30.3,29.9,29.9,163702
2025-02-05,30.2,30.2,30.6,30.2,30.2,90768
2025-02-06,30.65,30.65,30.8,30.3,30.3,251131
2025-02-07,30.75,30.75,31.25,30.7,30.7,210606
2025-02-10,30.75,30.75,30.9,30.45,30.85,157629
2025-02-11,30.8,30.8,31.25,30.7,31.25,170789
2025-02-12,30.9,30.9,31.35,30.8,30.95,216643
2025-02-13,31.35,31.35,31.6,30.9,30.9,421575
2025-02-14,31.9,31.9,32.1,31.35,31.4,453177
2025-02-17,31.9,31.9,32.1,31.7,32.1,293567
2025-02-18,31.65,31.65,32.0,31.65,31.9,328735
2025-02-19,32.25,32.25,32.65,31.65,31.65,544646
2025-02-20,32.15,32.15,32.4,31.95,32.3,220091
2025-02-21,31.85,31.85,32.2,31.7,32.15,449403
2025-02-24,31.7,31.7,31.95,31.6,31.8,173714
2025-02-25,31.45,31.45,31.7,31.2,31.7,200510
2025-02-26,31.25,31.25,31.55,31.2,31.45,175824
2025-02-27,30.8,30.8,32.0,30.7,31.6,341244
2025-03-03,30.15,30.15,30.85,30.05,30.85,270087
2025-03-04,30.05,30.05,30.3,29.65,30.05,335066
2025-03-05,30.4,30.4,30.5,30.0,30.4,182966
2025-03-06,30.05,30.05,30.45,30.0,30.45,292118
2025-03-07,30.0,30.0,30.4,30.0,30.1,209078
2025-03-10,30.05,30.05,30.3,29.9,29.9,197722
2025-03-11,29.8,29.8,30.0,28.7,30.0,505437
2025-03-12,29.8,29.8,30.1,29.75,30.1,254171
2025-03-13,29.25,29.25,30.4,29.25,30.25,260535
2025-03-14,29.5,29.5,29.5,29.2,29.25,314943
2025-03-17,29.35,29.35,29.85,29.25,29.25,238970
2025-03-18,29.35,29.35,29.75,29.3,29.45,323053
2025-03-19,29.65,29.65,29.7,29.35,29.6,236051
2025-03-20,30.65,30.65,30.9,29.7,29.7,623393
2025-03-21,30.45,30.45,30.75,30.0,30.65,450924
2025-03-24,30.75,30.75,30.9,30.2,30.2,504100
2025-03-25,30.9,30.9,31.25,30.6,30.6,393417
2025-03-26,31.35,31.35,31.7,30.9,31.0,543791
2025-03-27,31.15,31.15,31.35,30.85,31.1,338582
2025-03-28,29.25,29.25,30.9,29.25,30.9,538288
2025-03-31,26.9,26.9,28.65,26.85,28.35,1117428
2025-04-01,27.6,27.6,27.95,27.1,27.35,299608
2025-04-02,27.65,27.65,27.65,27.15,27.65,222549
2025-04-07,24.9,24.9,24.9,24.9,24.9,57066
2025-04-08,22.45,22.45,23.15,22.45,22.45,763961
2025-04-09,20.25,20.25,21.3,20.25,20.7,722679
2025-04-10,22.25,22.25,22.25,21.8,22.0,478126
2025-04-11,22.4,22.4,22.5,20.5,21.75,607551
2025-04-14,22.85,22.85,23.9,22.85,23.5,639217
2025-04-15,24.2,24.2,24.35,23.0,23.0,259298
2025-04-16,23.55,23.55,24.15,23.5,24.15,196461
2025-04-17,23.25,23.25,23.5,23.0,23.5,236872
2025-04-18,23.2,23.2,23.55,23.1,23.25,138863
2025-04-21,22.45,22.45,23.2,22.4,23.2,168592
2025-04-22,22.55,22.55,22.65,22.05,22.05,109017
2025-04-23,23.1,23.1,23.45,23.0,23.0,217026
2025-04-24,24.0,24.0,24.6,23.5,23.5,475638
2025-04-25,24.2,24.2,24.55,24.2,24.55,234425
2025-04-28,24.4,24.4,24.6,24.0,24.1,286715
2025-04-29,24.6,24.6,24.85,24.3,24.4,225228
2025-04-30,24.25,24.25,24.75,24.25,24.55,198855
2025-05-02,24.45,24.45,24.7,24.2,24.25,154180
2025-05-05,23.85,23.85,24.55,23.5,24.45,200266
2025-05-06,23.9,23.9,24.0,23.55,23.6,131682
2025-05-07,23.5,23.5,24.0,23.4,23.8,172527
2025-05-08,24.0,24.0,24.15,23.7,23.7,147125
2025-05-09,24.0,24.0,24.25,23.85,24.0,83060
2025-05-12,24.3,24.3,24.5,24.25,24.35,151012
2025-05-13,24.55,24.55,24.9,24.5,24.6,208362
2025-05-14,24.95,24.95,24.95,24.55,24.55,209664
2025-05-15,24.5,24.5,25.25,24.5,25.25,178832
2025-05-16,24.4,24.4,24.5,24.3,24.5,170002
2025-05-19,24.0,24.0,24.75,24.0,24.75,119410
2025-05-20,24.05,24.05,24.6,24.0,24.6,114812
2025-05-21,26.45,26.45,26.45,24.1,24.1,1594407
2025-05-22,25.0,25.0,26.45,25.0,26.45,2726975
2025-05-23,24.4,24.4,25.2,24.4,24.8,866060
2025-05-26,23.9,23.9,24.45,23.9,24.45,406997
2025-05-27,23.55,23.55,24.3,23.5,24.3,324256
2025-05-28,23.3,23.3,24.05,23.1,24.05,247205
2025-05-29,23.2,23.2,23.65,23.2,23.6,180725
2025-06-02,22.25,22.25,23.25,22.2,23.25,441512
2025-06-03,22.1,22.1,22.9,22.1,22.7,262861
2025-06-04,22.5,22.5,22.7,22.25,22.4,219272
2025-06-05,22.65,22.65,23.15,22.65,22.65,285678
2025-06-06,22.55,22.55,22.8,22.5,22.7,229956
2025-06-09,22.25,22.25,22.75,22.2,22.6,224751
2025-06-10,22.6,22.6,22.85,22.4,22.5,245694
2025-06-11,22.75,22.75,22.9,22.55,22.85,213026
2025-06-12,22.6,22.6,22.8,22.5,22.75,236831
2025-06-13,22.25,22.25,22.7,22.25,22.65,273070
2025-06-16,22.05,22.05,22.15,21.65,22.05,203404
2025-06-17,21.95,21.95,22.4,21.8,22.05,258828
2025-06-18,22.5,22.5,22.65,22.2,22.2,399270
2025-06-19,22.05,22.05,22.85,22.05,22.65,278910
2025-06-20,21.45,21.45,22.25,21.4,22.25,306616
2025-06-23,21.0,21.0,21.25,20.65,21.25,195974
2025-06-24,21.9,21.9,22.1,21.5,21.5,308966
2025-06-25,22.0,22.0,22.35,21.95,22.2,149314
2025-06-26,22.35,22.35,23.05,22.1,22.1,438544
2025-06-27,22.35,22.35,22.55,22.2,22.35,178635
2025-06-30,22.0,22.0,22.6,22.0,22.6,149097
2025-07-01,22.0,22.0,22.4,21.95,22.35,97901
2025-07-02,21.8,21.8,22.15,21.8,22.15,149606
2025-07-03,22.35,22.35,22.45,22.15,22.3,234413
2025-07-04,21.75,21.75,22.45,21.75,22.35,235333
2025-07-07,21.25,21.25,21.6,21.2,21.55,139828
2025-07-08,20.95,20.95,21.5,20.8,21.5,264214
2025-07-09,20.95,20.95,21.1,20.95,20.95,106558
2025-07-10,21.1,21.1,21.4,20.95,20.95,225851
2025-07-11,21.1,21.1,21.4,21.1,21.15,95827
2025-07-14,20.85,20.85,21.6,20.75,21.6,156675
2025-07-15,21.2,21.2,21.3,20.95,21.15,190263
2025-07-16,21.3,21.3,21.45,21.2,21.2,145085
2025-07-17,22.3,22.3,23.3,21.6,21.6,1798424
2025-07-18,21.85,21.85,22.5,21.85,22.3,604787
2025-07-21,21.65,21.65,21.9,21.6,21.9,185273
2025-07-22,21.1,21.1,22.0,21.1,21.7,372296
2025-07-23,21.55,21.55,21.6,21.15,21.15,218470
2025-07-24,21.6,21.6,22.0,21.3,22.0,179246
2025-07-25,21.55,21.55,21.75,21.4,21.7,147040
2025-07-28,21.4,21.4,21.85,21.35,21.85,198516
2025-07-29,21.3,21.3,21.6,21.2,21.45,158546
2025-07-30,21.55,21.55,21.55,21.05,21.45,241068
2025-07-31,20.8,20.8,21.45,20.65,21.45,386896
2025-08-01,20.6,20.6,20.65,20.1,20.2,425716
2025-08-04,20.55,20.55,20.65,20.0,20.55,327273
2025-08-05,20.75,20.75,20.9,20.6,20.7,176794
2025-08-06,21.3,21.3,22.75,21.2,21.45,1587811
2025-08-07,21.4,21.4,22.2,21.35,21.65,701105
2025-08-08,21.4,21.4,21.75,21.25,21.75,277645
2025-08-11,20.9,20.9,21.3,20.9,21.25,313876
2025-08-12,21.1,21.1,21.2,20.9,20.9,226471
2025-08-13,21.15,21.15,21.75,20.9,21.5,395967
2025-08-14,21.75,21.75,21.75,21.15,21.15,490693
2025-08-15,21.8,21.8,22.05,21.45,21.85,546546
2025-08-18,22.0,22.0,22.2,21.55,21.6,523229
2025-08-19,21.85,21.85,22.2,21.75,22.2,207420
2025-08-20,20.9,20.9,21.95,20.8,21.85,811042
2025-08-21,21.25,21.25,21.6,21.0,21.25,531390
2025-08-22,21.05,21.05,21.45,21.0,21.35,271446
2025-08-25,21.3,21.3,21.6,21.1,21.4,433608
2025-08-26,21.45,21.45,21.65,21.15,21.25,463870
2025-08-27,21.5,21.5,21.7,21.25,21.45,646536
2025-08-28,21.3,21.3,21.65,21.15,21.6,403706
2025-08-29,21.1,21.1,21.65,21.0,21.5,357356
2025-09-01,20.8,20.8,21.35,20.5,21.25,512828
2025-09-02,20.4,20.4,21.65,19.9,20.8,1063021
2025-09-03,22.05,22.05,22.4,20.6,20.6,2812165
2025-09-04,21.4,21.4,21.95,20.9,21.6,2173872
2025-09-05,21.9,21.9,22.3,21.25,21.7,1662300
2025-09-08,22.2,22.2,23.2,21.9,22.25,2397153
2025-09-09,22.2,22.2,23.4,21.7,23.0,1893793
2025-09-10,22.2,22.2,22.45,21.75,22.4,852482
2025-09-11,21.4,21.4,22.45,21.3,22.45,965648
2025-09-12,23.5,23.5,23.5,21.7,22.2,4251189
2025-09-15,25.85,25.85,25.85,23.9,23.9,19946751
2025-09-16,28.4,28.4,28.4,26.5,26.5,25943637
2025-09-17,31.2,31.2,31.2,29.3,29.6,13320662
2025-09-18,34.3,34.3,34.3,32.6,33.4,31515950
2025-09-19,33.4,33.4,36.8,32.15,35.9,41950012
2025-09-22,31.3,31.3,32.5,30.8,32.5,5889658
2025-09-23,31.85,31.85,32.0,30.45,31.6,3274328
2025-09-24,33.25,33.25,33.4,32.0,32.0,3946122
2025-09-25,31.4,31.4,33.3,31.4,33.3,2288761
2025-09-26,30.9,30.9,31.85,30.65,31.4,1568843
2025-09-30,32.0,32.0,32.45,31.55,31.85,1168975
2025-10-01,31.4,31.4,32.6,31.3,32.05,1012197
2025-10-02,31.55,31.55,33.5,31.5,33.5,1164681
2025-10-03,31.95,31.95,32.4,31.6,31.85,1409843
2025-10-07,32.85,32.85,32.85,31.95,32.65,2103301
2025-10-08,32.95,32.95,33.1,31.8,32.0,1349076
2025-10-09,33.7,33.7,34.2,32.35,32.9,3597615
2025-10-13,30.85,30.85,31.35,30.35,30.85,5615178
2025-10-14,28.7,28.7,31.75,28.4,31.0,6016840
2025-10-15,31.55,31.55,31.55,27.8,29.25,8452175
2025-10-16,32.75,32.75,34.0,31.15,31.7,14607781
2025-10-17,31.1,31.1,32.35,31.1,32.05,2939176
2025-10-20,31.7,31.7,32.8,30.75,31.35,3960789
2025-10-21,34.85,34.85,34.85,33.0,33.0,8560510
2025-10-22,38.3,38.3,38.3,35.6,36.0,21520540
2025-10-23,36.0,36.0,38.75,35.1,38.35,32098656
2025-10-27,36.4,36.4,38.35,36.35,37.9,17277045
2025-10-28,37.9,37.9,39.6,35.75,36.45,23584983
2025-10-29,37.0,37.0,38.45,36.5,38.15,8567583
2025-10-30,35.4,35.4,37.0,34.0,37.0,8131916
2025-10-31,34.15,34.15,35.75,34.15,35.2,4066798
2025-11-03,34.1,34.1,34.85,33.3,34.0,2996940
2025-11-04,32.25,32.25,34.1,32.2,33.95,3273003
2025-11-05,32.25,32.25,32.75,31.5,32.0,2740218
2025-11-06,33.0,33.0,33.5,32.35,33.5,3071071
2025-11-07,32.6,32.6,33.25,31.65,32.65,2648595
2025-11-10,33.45,33.45,34.45,31.95,33.0,4821273
2025-11-11,32.3,32.3,33.1,32.2,32.75,3818587
2025-11-12,33.15,33.15,33.4,32.35,32.35,3359715
2025-11-13,32.25,32.25,33.8,32.25,33.3,3221825
2025-11-14,31.2,31.2,31.95,30.9,30.9,2043483
2025-11-17,30.15,30.15,31.6,30.0,31.0,2619645
2025-11-18,29.2,29.2,30.15,29.1,30.0,1807729
2025-11-19,28.7,28.7,29.25,28.5,28.9,1214466
2025-11-20,29.2,29.2,29.9,28.85,29.5,964510
2025-11-21,27.5,27.5,28.6,27.35,28.5,1744813
2025-11-24,28.05,28.05,28.25,27.8,28.0,723969
2025-11-25,29.2,29.2,29.6,28.6,28.65,1548094
2025-11-26,28.55,28.55,29.95,28.3,29.45,1340282
2025-11-27,29.1,29.1,29.15,28.7,29.0,1114354
2025-11-28,28.85,28.85,29.5,28.8,29.5,745993
2025-12-01,29.6,29.6,30.55,29.5,29.6,2832508
2025-12-02,29.05,29.05,29.7,29.0,29.7,764973
2025-12-03,29.15,29.15,29.85,29.1,29.2,940392
2025-12-04,29.35,29.35,29.7,29.0,29.3,783869
2025-12-05,29.0,29.0,29.5,28.7,29.35,849999
2025-12-08,29.85,29.85,30.3,29.1,29.1,1590939
2025-12-09,29.9,29.9,30.35,29.5,29.9,1082486
2025-12-10,28.95,28.95,30.6,28.9,30.35,1602301
2025-12-11,28.8,28.8,29.25,28.45,29.1,944185
2025-12-12,29.15,29.15,29.6,28.9,29.0,941894
2025-12-15,28.9,28.9,29.2,28.35,28.55,586309
2025-12-16,28.3,28.3,29.0,28.0,28.9,843885
2025-12-17,29.15,29.15,30.6,28.3,28.3,5059139
2025-12-18,28.6,28.6,29.4,28.3,29.15,1761389
2025-12-19,28.5,28.5,29.4,28.3,28.85,1153212
2025-12-22,29.3,29.3,29.45,28.9,28.9,1300809
2025-12-23,29.0,29.0,29.75,28.75,29.6,1053661
2025-12-24,28.85,28.85,29.15,28.6,29.15,679058
2025-12-26,29.1,29.1,29.55,28.7,29.05,891434
2025-12-29,28.95,28.95,29.5,28.85,29.15,976353
2025-12-30,28.9,28.9,29.0,28.5,28.95,900899
2025-12-31,28.4,28.4,29.65,28.4,29.0,1573337
2026-01-02,30.0,30.0,30.75,28.5,28.5,4006885
2026-01-05,29.95,29.95,30.6,29.3,30.6,2851988
2026-01-06,32.9,32.9,32.9,29.85,30.25,7905499
2026-01-07,36.15,36.15,36.15,35.3,36.15,16586167
2026-01-08,33.7,33.7,35.2,32.9,35.0,12482523
2026-01-09,32.4,32.4,33.6,31.25,33.55,4873490
2026-01-12,32.85,32.85,34.5,32.65,33.2,6239993
2026-01-13,32.3,32.3,32.8,31.85,32.8,2993115
2026-01-14,34.2,34.2,34.35,32.2,32.3,5905468
2026-01-15,33.4,33.4,33.8,33.05,33.8,2534353
2026-01-16,33.85,33.85,34.75,33.2,33.55,4977916
2026-01-19,35.65,35.65,36.4,35.15,35.2,8376337
2026-01-20,36.75,36.75,38.2,34.4,35.0,10575089
2026-01-21,37.8,37.8,40.4,36.6,36.95,40831691
2026-01-22,38.95,38.95,40.6,37.9,39.0,19525412
2026-01-23,35.55,35.55,38.6,35.4,38.6,8997524
2026-01-26,35.25,35.25,35.85,33.95,35.5,5891488
2026-01-27,34.45,34.45,35.4,34.2,35.4,3374558
2026-01-28,35.35,35.35,36.15,34.8,34.8,4012197
2026-01-29,33.6,33.6,35.35,33.2,35.35,4107779
2026-01-30,32.9,32.9,34.5,32.8,33.6,3272118
2026-02-02,31.8,31.8,32.5,31.2,32.5,2382881
2026-02-03,32.05,32.05,33.45,31.6,32.55,2077972
2026-02-04,32.45,32.45,32.55,31.65,32.05,1304874
2026-02-05,31.85,31.85,32.95,31.75,32.2,1151453
2026-02-06,31.0,31.0,31.95,30.5,31.95,1309292
2026-02-09,30.85,30.85,32.45,30.85,32.45,1195363
2026-02-10,30.9,30.9,32.15,30.8,31.1,1511534
2026-02-11,30.5,30.5,31.05,30.3,31.0,1177659
2026-02-23,31.2,31.2,31.5,30.5,30.55,1041339
2026-02-24,32.4,32.4,32.7,31.25,31.3,1772325
2026-02-25,31.65,31.65,33.0,31.45,32.95,1526252
2026-02-26,33.5,33.5,33.95,31.85,31.9,3872310
2026-03-02,32.8,32.8,33.1,31.85,32.4,1771618
2026-03-03,31.15,31.15,33.85,31.15,32.8,2557636
2026-03-04,28.8,28.8,30.65,28.7,30.5,2445620
2026-03-05,30.3,30.3,31.15,29.8,29.9,1614944
2026-03-06,30.2,30.2,30.85,29.85,30.2,1027854
2026-03-09,28.65,28.65,28.7,27.65,28.6,1376055
2026-03-10,29.4,29.4,29.9,28.9,29.5,1171691
2026-03-11,31.05,31.05,31.35,30.15,30.2,1395016
2026-03-12,31.3,31.3,32.1,30.75,31.5,1415565
2026-03-13,30.75,30.75,31.2,30.55,30.8,981997
2026-03-16,32.5,32.5,33.05,31.45,31.45,2583854
2026-03-17,32.45,32.45,33.55,32.45,33.2,2116431
2026-03-18,33.9,33.9,34.5,32.5,33.0,4760060
2026-03-19,33.0,33.0,34.65,32.6,33.0,3434114
2026-03-20,32.3,32.3,33.75,32.0,33.45,1541785
2026-03-23,31.0,31.0,31.75,30.5,31.0,1199024
2026-03-24,31.1,31.1,32.7,30.7,32.0,1235046
2026-03-25,31.15,31.15,31.95,30.8,31.6,1062526
2026-03-26,30.85,30.85,32.15,30.8,31.2,1339985
2026-03-27,30.0,30.0,30.3,29.3,30.25,1320359
2026-03-30,29.05,29.05,29.4,28.8,29.4,910055
2026-03-31,28.1,28.1,29.2,28.0,28.65,1230088
2026-04-01,28.8,28.8,29.2,28.65,29.0,517083
2026-04-02,28.0,28.0,29.1,28.0,29.0,872701
2026-04-07,28.7,28.7,28.95,28.0,28.25,918472
2026-04-08,29.8,29.8,30.65,29.65,30.0,1269774
2026-04-09,29.35,29.35,30.45,29.25,30.45,758604
2026-04-10,29.3,29.3,30.1,29.25,29.45,701362
2026-04-13,29.1,29.1,29.6,28.9,29.6,634426
2026-04-14,29.4,29.4,30.5,29.3,29.35,1437161
2026-04-15,29.65,29.65,30.15,29.35,29.75,1357176
2026-04-16,30.05,30.05,30.35,29.75,29.9,1120299
2026-04-17,30.5,30.5,31.3,30.3,30.4,1716306
2026-04-20,31.3,31.3,32.2,30.85,31.0,2493188
2026-04-21,32.25,32.25,32.9,31.7,31.9,2559968
2026-04-22,33.3,33.3,33.5,32.2,32.5,2968602
2026-04-23,32.0,32.0,33.9,30.0,33.8,3620876
2026-04-24,31.6,31.6,33.6,31.55,32.1,3034672
2026-04-27,31.4,31.4,32.75,30.9,32.0,2769547
2026-04-28,31.55,31.55,32.9,30.4,31.2,2272833
2026-04-29,32.5,32.5,32.65,30.95,31.85,2150562
2026-04-30,33.6,33.6,34.85,32.5,32.55,6981784
2026-05-04,36.1,36.1,36.6,33.8,33.9,10334062
2026-05-05,39.7,39.7,39.7,37.65,37.65,7017435
2026-05-06,41.8,41.8,43.6,38.65,42.0,38069104
2026-05-07,45.95,45.95,45.95,40.6,41.75,16079768
2026-05-08,43.8,43.8,46.7,42.4,45.75,31903418
2026-05-11,43.05,43.05,45.2,41.9,43.8,15791982
2026-05-12,44.1,44.1,44.8,40.9,42.2,13768248
2026-05-13,41.0,41.0,44.55,41.0,43.8,12724719
2026-05-14,42.15,42.15,43.55,41.5,41.75,9221897
2026-05-15,40.45,40.45,43.2,40.0,42.8,6889946
2026-05-18,39.65,39.65,40.2,38.05,39.5,3850197
2026-05-19,38.55,38.55,40.3,37.6,39.75,5533234
2026-05-20,38.25,38.25,39.4,38.0,39.1,2390871
2026-05-21,40.45,40.45,41.5,39.95,39.95,4483929
2026-05-22,41.4,41.4,41.6,40.4,41.3,4583060
2026-05-25,43.15,43.15,44.4,42.2,43.35,8930361
2026-05-26,43.35,43.35,47.45,43.05,45.85,19274704
2026-05-27,44.05,44.05,44.8,42.0,43.6,13295079
2026-05-28,42.4,42.4,46.5,41.8,44.05,13734592
2026-05-29,42.8,42.8,44.75,42.05,44.1,5841696
2026-06-01,41.7,41.7,43.3,41.5,42.55,5208118
2026-06-02,40.6,40.6,42.4,39.7,41.75,4794854
2026-06-03,44.65,44.65,44.65,40.5,40.7,15954646
2026-06-04,43.05,43.05,47.25,42.5,43.3,18426716
2026-06-05,41.4,41.4,43.3,40.0,43.05,8124688
2026-06-08,38.9,38.9,39.75,37.3,37.3,4264816
2026-06-09,41.35,41.35,41.6,38.1,38.9,5211948
2026-06-10,38.85,38.85,42.0,38.8,41.0,7074624
2026-06-11,39.7,39.7,39.95,36.65,38.85,5401622
2026-06-12,40.9,40.9,42.45,40.55,40.55,6056369
2026-06-15,43.7,43.7,44.85,41.75,41.9,11727111
2026-06-16,48.05,48.05,48.05,44.75,44.75,15338141
2026-06-17,50.2,50.2,51.5,47.25,48.8,50499689
2026-06-18,55.2,55.2,55.2,51.3,52.0,29235308
2026-06-22,58.6,58.6,60.7,56.7,57.1,35417003
2026-06-23,57.0,57.0,63.9,56.6,58.5,27649013
2026-06-24,54.8,54.8,54.8,52.7,54.4,6167055
2026-06-25,53.2,53.2,55.5,52.4,55.5,3658648
2026-06-26,51.0,51.0,53.5,50.6,53.0,2605249
2026-06-29,52.4,52.4,53.0,51.2,51.2,1859295
2026-06-30,56.6,56.6,56.7,53.4,53.4,3488210
2026-07-01,54.8,54.8,58.5,54.1,58.0,2648816
2026-07-02,56.0,56.0,56.3,53.6,54.0,1773755
2026-07-03,58.3,58.3,58.5,55.5,55.5,3548609
2026-07-06,59.2,59.2,60.7,58.0,60.7,3570858
2026-07-07,54.5,54.5,59.2,54.5,59.2,3008197
2026-07-08,53.0,53.0,56.4,51.7,54.5,5652840
2026-07-09,49.0,49.0,54.6,48.9,53.7,6435688
2026-07-13,49.7,49.7,53.9,49.3,52.6,8804855
2026-07-14,45.95,45.95,50.8,44.75,49.15,7353382
2026-07-15,48.7,48.7,49.4,46.4,47.15,4963996
2026-07-16,47.0,47.0,48.65,46.6,48.0,2460570
2026-07-17,42.3,42.3,45.65,42.3,45.0,4174574
2026-07-20,40.4,40.4,41.9,38.5,39.35,3330138
2026-07-21,40.8,40.8,41.6,40.25,40.65,2630281
2026-07-22,42.95,42.95,44.0,41.6,41.65,3117619
2026-07-23,41.25,41.25,44.3,40.15,43.0,2921227
2026-07-24,39.1,39.1,40.45,38.8,40.3,2300908
2026-07-27,38.3,38.3,39.7,37.1,39.2,2295293
2026-07-28,34.7,34.7,37.2,34.6,37.2,2332641
2026-07-29,32.05,32.05,34.9,31.25,34.65,3802585
2026-07-30,29.95,29.95,32.7,29.45,32.05,2804247
2026-07-31,32.15,32.15,32.65,31.4,32.6,2186744
2026-08-03,33.65,33.65,34.4,31.7,32.05,2350984
2026-08-04,36.7,36.7,36.7,33.05,33.15,2487212
2026-08-05,37.65,37.65,38.7,37.2,37.5,3047340
2026-08-06,37.6,37.6,37.75,35.8,37.3,1540373
2026-08-07,36.35,36.35,37.5,36.2,37.5,1134345
2026-08-10,37.1,37.1,37.45,36.55,36.95,1595164
2026-08-11,37.05,37.05,38.1,36.35,37.6,1612599
2026-08-12,38.4,38.4,39.15,37.55,37.6,2687240
2026-08-13,39.25,39.25,41.6,38.9,38.95,4159026
2026-08-14,40.7,40.7,41.0,38.45,39.6,3262017
2026-08-17,40.4,40.4,40.95,38.0,39.7,3249703
2026-08-18,41.0,41.0,43.95,39.95,40.1,6997456
2026-08-19,38.8,38.8,42.75,38.8,40.0,5716098
2026-08-20,39.1,39.1,40.6,38.4,39.3,2516436
2026-08-21,38.65,38.65,39.75,38.6,39.1,1221600
2026-08-24,38.7,38.7,40.7,38.7,38.7,2354593
2026-08-25,39.25,39.25,39.25,37.25,38.4,1598605
2026-08-26,41.35,41.35,41.95,39.0,39.0,3716631
2026-08-27,40.15,40.15,41.55,40.05,41.35,2354774
2026-08-28,40.55,40.55,41.8,40.5,40.95,2224719
