Date,Adj Close,Close,High,Low,Open,Volume
2016-08-12,17.9,17.9,18.2,17.8,17.8,200567
2016-08-15,17.95,17.95,18.1,17.85,17.85,107262
2016-08-16,17.95,17.95,17.95,17.8,17.95,72744
2016-08-17,17.95,17.95,17.95,17.75,17.85,132981
2016-08-18,17.85,17.85,17.9,17.75,17.9,63190
2016-08-19,17.7,17.7,17.9,17.7,17.9,59713
2016-08-22,17.4,17.4,17.65,17.4,17.65,455863
2016-08-23,17.6,17.6,17.6,17.45,17.45,45471
2016-08-24,17.5,17.5,17.65,17.5,17.6,20353
2016-08-25,17.55,17.55,17.6,17.5,17.5,31362
2016-08-26,17.45,17.45,17.6,17.45,17.55,97361
2016-08-29,17.6,17.6,17.6,17.5,17.5,88535
2016-08-30,17.6,17.6,17.65,17.55,17.6,56605
2016-08-31,17.5,17.5,17.65,17.45,17.65,107464
2016-09-01,17.5,17.5,17.7,17.5,17.7,46790
2016-09-02,17.5,17.5,17.6,17.45,17.6,76113
2016-09-05,17.55,17.55,17.65,17.55,17.65,42558
2016-09-06,17.55,17.55,17.7,17.55,17.65,108670
2016-09-07,17.75,17.75,17.85,17.7,17.7,167799
2016-09-08,17.8,17.8,17.8,17.7,17.8,155794
2016-09-09,17.8,17.8,17.85,17.75,17.8,76924
2016-09-12,18.15,18.15,18.35,17.6,17.6,423850
2016-09-13,18.15,18.15,18.4,18.15,18.25,322681
2016-09-14,18.2,18.2,18.25,18.05,18.15,107253
2016-09-19,18.35,18.35,18.35,18.2,18.2,189619
2016-09-20,20.15,20.15,20.15,18.4,18.4,2524318
2016-09-21,21.4,21.4,22.1,20.75,20.75,4181816
2016-09-22,21.4,21.4,21.95,20.6,21.95,1915239
2016-09-23,21.5,21.5,21.9,21.0,21.9,1183090
2016-09-26,20.9,20.9,21.5,20.65,21.25,700795
2016-09-29,21.15,21.15,21.15,20.75,21.1,441329
2016-09-30,20.7,20.7,21.35,20.7,21.05,752934
2016-10-03,20.75,20.75,20.9,20.4,20.9,408033
2016-10-04,20.55,20.55,21.05,20.5,21.05,398503
2016-10-05,20.5,20.5,20.85,20.5,20.55,264708
2016-10-06,20.15,20.15,20.65,20.15,20.55,265128
2016-10-07,20.25,20.25,20.8,20.25,20.4,354814
2016-10-11,19.4,19.4,20.6,19.15,20.3,859143
2016-10-12,19.45,19.45,19.5,19.2,19.3,114620
2016-10-13,19.45,19.45,19.45,19.3,19.45,130950
2016-10-14,19.85,19.85,19.85,19.15,19.5,214364
2016-10-17,19.8,19.8,19.8,19.4,19.75,113307
2016-10-18,19.7,19.7,19.8,19.5,19.8,89956
2016-10-19,20.1,20.1,20.4,19.7,19.75,425021
2016-10-20,20.0,20.0,20.1,19.65,20.1,140601
2016-10-21,20.0,20.0,20.0,19.7,19.85,133430
2016-10-24,20.1,20.1,20.15,19.8,19.8,99068
2016-10-25,20.15,20.15,20.2,19.9,20.2,111889
2016-10-26,19.95,19.95,20.15,19.9,20.15,98759
2016-10-27,20.05,20.05,20.1,19.95,19.95,137817
2016-10-28,20.0,20.0,20.1,19.85,20.1,169788
2016-10-31,20.0,20.0,20.0,19.9,19.95,63191
2016-11-01,20.0,20.0,20.2,19.95,19.95,104008
2016-11-02,19.8,19.8,20.25,19.8,20.0,180047
2016-11-03,19.75,19.75,19.9,19.7,19.8,148123
2016-11-04,19.75,19.75,19.85,19.7,19.85,66351
2016-11-07,19.6,19.6,19.8,19.6,19.8,123815
2016-11-08,19.6,19.6,19.75,19.6,19.75,112347
2016-11-09,18.9,18.9,19.6,18.55,19.6,750677
2016-11-10,19.45,19.45,19.45,18.95,19.0,211750
2016-11-11,19.3,19.3,19.3,19.0,19.2,85825
2016-11-14,19.05,19.05,19.2,18.95,19.1,89392
2016-11-15,19.15,19.15,19.15,19.0,19.05,105607
2016-11-16,19.15,19.15,19.25,19.15,19.2,136802
2016-11-17,19.35,19.35,19.35,19.1,19.3,73409
2016-11-18,19.4,19.4,19.4,19.25,19.4,29731
2016-11-21,19.45,19.45,19.5,19.3,19.5,91129
2016-11-22,19.55,19.55,19.55,19.45,19.45,111127
2016-11-23,19.5,19.5,19.55,19.4,19.55,55678
2016-11-24,19.5,19.5,19.5,19.4,19.5,47500
2016-11-25,19.6,19.6,19.6,19.3,19.45,187215
2016-11-28,19.65,19.65,19.65,19.5,19.6,121908
2016-11-29,19.75,19.75,19.8,19.65,19.65,197841
2016-11-30,20.1,20.1,20.1,19.75,19.75,191702
2016-12-01,20.1,20.1,20.1,19.95,20.1,87864
2016-12-02,19.9,19.9,20.05,19.9,20.0,112468
2016-12-05,20.15,20.15,20.15,19.9,19.9,165378
2016-12-06,20.25,20.25,20.45,20.2,20.2,148114
2016-12-07,20.1,20.1,20.3,20.1,20.25,81295
2016-12-08,20.15,20.15,20.3,20.1,20.1,75537
2016-12-09,20.1,20.1,20.25,20.1,20.25,80528
2016-12-12,20.3,20.3,20.45,20.1,20.1,116166
2016-12-13,20.7,20.7,20.7,20.35,20.35,230861
2016-12-14,20.75,20.75,20.95,20.6,20.7,220971
2016-12-15,20.85,20.85,21.1,20.8,20.9,208434
2016-12-16,20.65,20.65,21.0,20.65,20.65,153189
2016-12-19,20.7,20.7,20.8,20.6,20.65,104033
2016-12-20,20.55,20.55,20.75,20.5,20.55,79098
2016-12-21,20.8,20.8,20.95,20.55,20.55,96015
2016-12-22,20.7,20.7,20.7,20.6,20.7,28549
2016-12-23,20.75,20.75,20.8,20.5,20.7,95603
2016-12-26,20.65,20.65,20.8,20.65,20.75,47390
2016-12-27,20.75,20.75,20.75,20.55,20.65,133203
2016-12-28,20.8,20.8,20.8,20.65,20.7,68581
2016-12-29,20.75,20.75,20.8,20.7,20.8,87651
2016-12-30,20.75,20.75,20.85,20.75,20.85,82461
2017-01-03,20.85,20.85,20.85,20.7,20.75,102293
2017-01-04,20.8,20.8,20.85,20.7,20.8,63863
2017-01-05,20.75,20.75,20.85,20.75,20.8,139515
2017-01-06,20.85,20.85,21.0,20.75,20.85,204443
2017-01-09,20.8,20.8,20.95,20.8,20.8,246956
2017-01-10,20.8,20.8,20.85,20.8,20.8,52939
2017-01-11,20.85,20.85,21.1,20.8,20.85,278005
2017-01-12,20.85,20.85,21.0,20.3,20.85,460765
2017-01-13,20.8,20.8,20.85,20.8,20.8,45377
2017-01-16,20.85,20.85,20.85,20.65,20.8,161374
2017-01-17,20.85,20.85,20.9,20.8,20.9,65800
2017-01-18,20.95,20.95,20.95,20.85,20.95,124262
2017-01-19,20.8,20.8,20.95,20.8,20.95,101853
2017-01-20,20.75,20.75,20.8,20.7,20.8,105260
2017-01-23,20.8,20.8,20.85,20.75,20.8,136684
2017-01-24,21.15,21.15,21.25,20.8,20.85,298603
2017-02-02,21.2,21.2,21.2,21.0,21.15,154647
2017-02-03,21.3,21.3,21.45,21.15,21.15,138087
2017-02-06,22.7,22.7,22.95,21.3,21.3,818154
2017-02-07,22.3,22.3,22.6,22.25,22.55,170933
2017-02-08,22.0,22.0,22.3,21.85,22.1,258627
2017-02-09,21.95,21.95,22.2,21.85,21.85,61672
2017-02-10,21.95,21.95,22.15,21.9,22.1,105964
2017-02-13,21.55,21.55,21.75,21.5,21.5,119340
2017-02-14,21.35,21.35,21.8,20.85,21.55,259431
2017-02-15,21.2,21.2,21.3,21.1,21.3,259522
2017-02-16,20.9,20.9,21.25,20.85,21.25,332291
2017-02-17,21.05,21.05,21.25,21.0,21.0,90026
2017-02-20,21.05,21.05,21.2,20.9,21.1,138629
2017-02-21,21.2,21.2,21.2,21.05,21.05,50124
2017-02-22,21.1,21.1,21.35,21.1,21.25,186253
2017-02-23,21.25,21.25,21.35,21.15,21.35,105279
2017-02-24,21.5,21.5,22.0,21.3,21.7,144425
2017-03-01,21.85,21.85,22.15,21.5,21.55,374049
2017-03-02,21.8,21.8,22.15,21.8,22.0,109463
2017-03-03,21.8,21.8,21.8,21.55,21.8,78452
2017-03-06,21.5,21.5,21.75,21.35,21.75,151262
2017-03-07,21.55,21.55,21.6,21.5,21.5,37655
2017-03-08,21.6,21.6,21.75,21.5,21.5,87816
2017-03-09,21.5,21.5,21.75,21.45,21.75,59050
2017-03-10,21.4,21.4,21.6,21.3,21.5,134348
2017-03-13,22.5,22.5,23.4,21.4,21.4,914088
2017-03-14,22.2,22.2,22.6,22.05,22.6,275491
2017-03-15,23.2,23.2,23.2,22.2,22.2,892121
2017-03-16,22.65,22.65,23.45,22.65,23.3,386258
2017-03-17,22.55,22.55,22.85,22.4,22.85,254414
2017-03-20,22.75,22.75,23.2,22.5,22.5,344919
2017-03-21,22.65,22.65,23.1,22.65,22.75,214163
2017-03-22,22.35,22.35,22.5,22.25,22.5,183205
2017-03-23,22.7,22.7,22.75,22.3,22.4,235276
2017-03-24,22.7,22.7,22.9,22.5,22.9,104265
2017-03-27,22.3,22.3,22.5,21.8,22.5,289298
2017-03-28,22.0,22.0,22.4,21.75,22.4,108891
2017-03-29,22.0,22.0,22.0,21.85,22.0,191297
2017-03-30,22.15,22.15,22.3,21.85,22.0,177894
2017-03-31,22.1,22.1,22.15,21.9,22.15,108378
2017-04-05,21.85,21.85,22.2,21.85,22.1,205269
2017-04-06,21.95,21.95,22.2,21.85,21.9,128045
2017-04-07,21.85,21.85,21.95,21.7,21.95,102710
2017-04-10,21.85,21.85,22.15,21.6,21.6,116092
2017-04-11,21.75,21.75,21.9,21.7,21.9,117452
2017-04-12,21.95,21.95,22.1,21.65,21.75,133736
2017-04-13,21.95,21.95,22.1,21.85,21.95,214873
2017-04-14,21.8,21.8,22.0,21.6,22.0,152842
2017-04-17,21.75,21.75,21.95,21.6,21.95,109838
2017-04-18,21.85,21.85,21.9,21.75,21.85,132464
2017-04-19,21.7,21.7,22.0,21.7,22.0,256212
2017-04-21,22.0,22.0,22.1,21.9,21.9,133420
2017-04-24,22.0,22.0,22.2,21.95,22.2,72820
2017-04-25,22.1,22.1,22.2,22.0,22.1,129996
2017-04-26,22.0,22.0,22.2,22.0,22.2,38690
2017-04-27,22.1,22.1,22.2,21.9,22.2,92768
2017-04-28,22.15,22.15,22.2,21.95,22.1,147005
2017-05-02,22.2,22.2,22.25,22.0,22.25,173840
2017-05-03,22.05,22.05,22.2,22.0,22.2,104200
2017-05-04,22.2,22.2,22.2,21.75,21.95,216590
2017-05-05,22.65,22.65,22.75,22.2,22.3,343640
2017-05-08,24.9,24.9,24.9,22.8,22.8,4800644
2017-05-09,22.65,22.65,25.1,22.6,24.9,3188402
2017-05-10,22.6,22.6,23.2,22.2,23.15,1015075
2017-05-11,22.45,22.45,23.1,22.35,22.65,514476
2017-05-12,22.55,22.55,22.7,22.05,22.15,1054143
2017-05-15,22.85,22.85,23.35,22.5,22.7,543998
2017-05-16,22.6,22.6,23.0,22.4,23.0,193590
2017-05-17,22.75,22.75,22.8,22.5,22.6,118799
2017-05-18,22.9,22.9,22.9,22.4,22.6,134247
2017-05-19,23.2,23.2,23.2,22.95,23.0,152498
2017-05-22,23.0,23.0,23.1,22.85,22.85,95804
2017-05-23,22.7,22.7,23.15,22.7,23.15,284162
2017-05-24,22.7,22.7,22.85,22.65,22.85,119484
2017-05-25,22.7,22.7,23.05,22.65,22.65,249968
2017-05-26,22.7,22.7,22.8,22.6,22.7,143501
2017-05-31,22.7,22.7,23.1,22.65,23.1,82987
2017-06-01,22.7,22.7,22.85,22.6,22.85,40913
2017-06-02,22.6,22.6,22.7,22.6,22.6,87718
2017-06-05,23.35,23.35,23.8,22.9,22.9,779996
2017-06-06,23.45,23.45,23.45,23.05,23.15,161062
2017-06-07,23.3,23.3,23.6,23.3,23.45,268662
2017-06-08,23.3,23.3,23.4,23.1,23.1,153165
2017-06-09,23.3,23.3,23.6,23.05,23.45,281843
2017-06-12,23.7,23.7,23.7,23.15,23.15,304751
2017-06-13,23.65,23.65,24.15,23.6,23.65,521677
2017-06-14,23.2,23.2,23.8,23.2,23.65,641130
2017-06-15,23.15,23.15,23.45,23.05,23.4,381163
2017-06-16,23.25,23.25,23.45,23.15,23.15,45479
2017-06-19,23.4,23.4,23.5,23.3,23.3,75332
2017-06-20,23.4,23.4,23.6,23.35,23.55,126391
2017-06-21,23.5,23.5,23.6,23.4,23.4,62391
2017-06-22,23.75,23.75,23.8,23.5,23.5,177312
2017-06-23,23.65,23.65,23.85,23.55,23.85,149125
2017-06-26,23.95,23.95,24.6,23.8,23.9,351671
2017-06-27,23.9,23.9,23.95,23.8,23.85,93909
2017-06-28,24.2,24.2,24.3,23.7,23.9,556252
2017-06-29,24.4,24.4,24.45,24.15,24.25,297498
2017-06-30,25.2,25.2,25.45,24.3,24.4,923578
2017-07-03,25.6,25.6,25.85,25.25,25.45,753246
2017-07-04,25.35,25.35,25.7,25.35,25.45,219385
2017-07-05,24.75,24.75,25.35,24.6,25.35,459101
2017-07-06,24.85,24.85,25.0,24.75,24.8,150225
2017-07-07,24.55,24.55,24.8,24.45,24.8,191503
2017-07-10,24.8,24.8,24.85,24.55,24.55,190169
2017-07-11,24.9,24.9,25.0,24.65,24.95,126455
2017-07-12,24.9,24.9,25.05,24.8,25.05,82057
2017-07-13,24.9,24.9,24.9,24.75,24.9,195212
2017-07-14,25.05,25.05,25.1,24.9,25.0,152535
2017-07-17,24.95,24.95,25.15,24.85,25.05,195999
2017-07-18,24.85,24.85,24.95,24.8,24.9,54196
2017-07-19,25.0,25.0,25.0,24.8,24.85,179643
2017-07-20,25.3,25.3,25.4,24.9,25.0,477959
2017-07-21,25.3,25.3,25.45,25.2,25.4,138893
2017-07-24,25.25,25.25,25.45,25.2,25.45,214480
2017-07-25,24.95,24.95,25.2,24.95,25.2,261617
2017-07-26,24.75,24.75,24.95,24.45,24.45,185076
2017-07-27,24.85,24.85,24.9,24.75,24.8,333936
2017-07-28,25.05,25.05,25.1,24.85,24.9,223237
2017-07-31,25.4,25.4,25.7,25.05,25.15,383161
2017-08-01,26.5,26.5,26.6,25.35,25.4,931865
2017-08-02,26.3,26.3,26.6,26.05,26.5,509652
2017-08-03,26.3,26.3,26.5,26.1,26.1,333692
2017-08-04,27.2,27.2,27.35,26.3,26.3,543820
2017-08-07,27.7,27.7,28.45,27.4,27.4,1704816
2017-08-08,27.4,27.4,27.7,26.8,27.4,659266
2017-08-09,27.55,27.55,27.85,27.15,27.15,241596
2017-08-10,26.1,26.1,27.5,25.6,27.25,829661
2017-08-11,26.35,26.35,26.45,26.05,26.05,325869
2017-08-14,25.7,25.7,26.2,25.6,26.0,369374
2017-08-15,25.4,25.4,25.95,24.95,25.5,595953
2017-08-16,25.45,25.45,25.5,25.2,25.4,180323
2017-08-17,26.8,26.8,26.95,25.6,25.6,922375
2017-08-18,26.5,26.5,26.75,26.0,26.75,176715
2017-08-21,26.9,26.9,27.5,26.5,26.8,227859
2017-08-22,27.05,27.05,27.05,26.85,26.9,275543
2017-08-23,26.7,26.7,27.25,26.55,27.05,263651
2017-08-24,26.7,26.7,26.85,26.5,26.7,177872
2017-08-25,26.85,26.85,26.9,26.45,26.7,391227
2017-08-28,27.0,27.0,27.35,26.7,27.05,620745
2017-08-29,26.8,26.8,27.0,26.7,26.95,249728
2017-08-30,26.75,26.75,27.0,26.7,26.9,122999
2017-08-31,26.9,26.9,27.0,26.75,26.75,167431
2017-09-01,26.85,26.85,26.95,26.8,26.95,238399
2017-09-04,26.8,26.8,26.85,26.7,26.7,198369
2017-09-05,26.35,26.35,26.85,26.3,26.85,206913
2017-09-06,26.15,26.15,26.4,26.0,26.35,256840
2017-09-07,25.95,25.95,26.4,25.9,26.15,241636
2017-09-08,26.2,26.2,26.25,25.7,26.1,158347
2017-09-11,26.2,26.2,26.35,26.15,26.2,94000
2017-09-12,26.3,26.3,26.7,26.1,26.65,170155
2017-09-13,26.1,26.1,26.25,26.1,26.25,131230
2017-09-14,26.05,26.05,26.2,25.9,26.2,97326
2017-09-15,26.0,26.0,26.3,25.85,26.3,148269
2017-09-18,26.25,26.25,26.3,25.9,25.95,245581
2017-09-19,26.2,26.2,26.3,26.05,26.3,89221
2017-09-20,26.4,26.4,26.6,26.05,26.15,211949
2017-09-21,28.95,28.95,29.0,26.35,26.4,2599529
2017-09-22,28.25,28.25,28.3,27.25,28.1,1647216
2017-09-25,27.9,27.9,28.05,27.7,28.0,574141
2017-09-26,27.35,27.35,27.9,27.3,27.9,434628
2017-09-27,28.65,28.65,28.95,27.45,27.45,1007123
2017-09-28,28.6,28.6,28.9,28.4,28.8,820219
2017-09-29,30.1,30.1,31.05,28.6,28.6,2709461
2017-10-02,31.0,31.0,31.35,30.5,30.5,742500
2017-10-03,31.0,31.0,31.5,30.75,31.05,430933
2017-10-05,32.0,32.0,32.05,31.3,31.5,923626
2017-10-06,31.65,31.65,32.0,31.35,32.0,488797
2017-10-11,31.2,31.2,31.95,31.0,31.65,503291
2017-10-12,31.2,31.2,31.45,30.8,31.2,567948
2017-10-13,31.25,31.25,31.45,31.0,31.0,218564
2017-10-16,32.4,32.4,32.5,31.3,31.4,852909
2017-10-17,32.7,32.7,33.25,32.1,32.55,1086780
2017-10-18,32.5,32.5,33.2,32.3,32.7,616307
2017-10-19,32.9,32.9,33.4,32.7,32.7,667501
2017-10-20,32.65,32.65,33.1,32.55,32.95,554666
2017-10-23,32.85,32.85,33.15,32.65,32.8,439133
2017-10-24,33.0,33.0,33.1,32.7,32.7,673559
2017-10-25,32.9,32.9,33.1,32.9,32.9,559427
2017-10-26,32.9,32.9,33.25,32.35,32.35,764877
2017-10-27,33.4,33.4,33.75,32.95,32.95,778531
2017-10-30,33.95,33.95,34.0,33.3,33.4,559838
2017-10-31,34.65,34.65,35.6,34.05,34.05,1366360
2017-11-01,35.3,35.3,35.3,34.4,35.0,652028
2017-11-02,34.8,34.8,35.2,34.65,34.65,425339
2017-11-03,34.65,34.65,34.8,33.9,34.8,797306
2017-11-06,34.8,34.8,35.1,34.65,34.8,354491
2017-11-07,34.2,34.2,34.85,34.1,34.8,328982
2017-11-08,34.25,34.25,34.45,34.15,34.45,139074
2017-11-09,34.3,34.3,34.9,34.2,34.25,516131
2017-11-10,34.3,34.3,34.6,34.0,34.35,304097
2017-11-13,33.9,33.9,34.25,33.65,34.05,494749
2017-11-14,31.9,31.9,33.65,31.7,33.5,1238021
2017-11-15,31.85,31.85,32.1,31.8,31.85,304621
2017-11-16,31.75,31.75,32.1,31.7,32.1,271197
2017-11-17,31.7,31.7,32.3,31.7,32.3,214199
2017-11-20,31.75,31.75,32.1,31.7,31.7,105127
2017-11-21,31.8,31.8,31.95,31.7,31.75,307661
2017-11-22,32.0,32.0,32.0,31.8,31.9,308414
2017-11-23,32.45,32.45,32.9,31.95,32.0,131835
2017-11-24,32.35,32.35,32.45,32.15,32.35,167405
2017-11-27,32.3,32.3,32.4,32.25,32.35,116324
2017-11-28,32.2,32.2,32.3,32.15,32.25,234094
2017-11-29,32.55,32.55,33.1,32.15,32.2,252962
2017-11-30,32.2,32.2,32.4,32.0,32.4,132813
2017-12-01,31.9,31.9,32.2,31.8,32.2,383016
2017-12-04,30.4,30.4,31.75,30.3,31.7,566882
2017-12-05,29.2,29.2,29.7,28.6,29.6,1000417
2017-12-06,29.15,29.15,29.7,29.1,29.2,304730
2017-12-07,29.7,29.7,29.7,29.05,29.05,156528
2017-12-08,29.95,29.95,29.95,29.6,29.75,96500
2017-12-11,30.25,30.25,30.5,29.95,30.5,119290
2017-12-12,30.3,30.3,31.1,30.3,31.1,141820
2017-12-13,30.3,30.3,30.65,30.25,30.3,62442
2017-12-14,32.2,32.2,32.2,30.5,31.3,360180
2017-12-15,31.8,31.8,33.0,31.7,32.4,468483
2017-12-18,31.3,31.3,32.0,31.2,32.0,83005
2017-12-19,30.6,30.6,31.3,30.4,31.3,265140
2017-12-20,30.8,30.8,31.2,30.65,31.2,94732
2017-12-21,30.55,30.55,31.1,30.25,30.85,109167
2017-12-22,30.25,30.25,30.9,29.6,30.9,115665
2017-12-25,30.3,30.3,30.95,30.25,30.95,84677
2017-12-26,30.25,30.25,30.3,30.0,30.25,113920
2017-12-27,30.8,30.8,31.45,30.05,30.05,281786
2017-12-28,31.0,31.0,31.0,30.65,30.95,87154
2017-12-29,31.1,31.1,31.15,30.9,31.0,106304
2018-01-02,31.2,31.2,31.4,30.8,31.4,87692
2018-01-03,31.0,31.0,31.2,30.95,31.2,88291
2018-01-04,31.1,31.1,31.1,30.8,30.9,222665
2018-01-05,31.0,31.0,31.1,30.95,31.1,87864
2018-01-08,31.65,31.65,32.15,30.85,30.85,311590
2018-01-09,31.1,31.1,31.65,30.95,31.65,183577
2018-01-10,30.8,30.8,31.2,30.05,31.2,169801
2018-01-11,30.45,30.45,31.15,30.4,31.15,107113
2018-01-12,31.1,31.1,31.2,30.45,30.45,151325
2018-01-15,30.9,30.9,31.25,30.9,31.1,73913
2018-01-16,30.9,30.9,31.1,30.9,30.9,193248
2018-01-17,31.1,31.1,31.35,30.85,30.95,415502
2018-01-18,32.4,32.4,34.0,31.3,31.5,1112524
2018-01-19,32.3,32.3,32.95,31.85,32.1,404074
2018-01-22,32.3,32.3,33.3,32.3,32.8,370873
2018-01-23,32.2,32.2,32.65,32.1,32.65,141111
2018-01-24,33.0,33.0,33.2,31.65,32.2,548004
2018-01-25,32.2,32.2,33.0,32.05,32.9,370452
2018-01-26,32.05,32.05,32.2,31.8,32.2,125941
2018-01-29,32.2,32.2,32.25,31.95,32.15,125005
2018-01-30,31.9,31.9,32.15,31.75,32.15,199872
2018-01-31,31.25,31.25,31.7,31.0,31.4,235045
2018-02-01,31.3,31.3,31.7,31.3,31.6,102335
2018-02-02,31.25,31.25,31.35,31.1,31.3,61428
2018-02-05,30.8,30.8,30.8,30.0,30.0,148833
2018-02-06,28.75,28.75,30.5,27.85,30.05,542238
2018-02-07,29.65,29.65,30.3,29.1,29.1,535505
2018-02-08,29.8,29.8,30.1,29.5,29.9,97189
2018-02-09,29.35,29.35,29.45,28.2,29.0,198715
2018-02-12,29.45,29.45,29.7,29.3,29.4,296624
2018-02-21,29.95,29.95,30.0,29.55,29.55,148484
2018-02-22,29.35,29.35,30.15,29.2,29.2,207147
2018-02-23,29.45,29.45,30.0,29.4,29.4,83629
2018-02-26,29.55,29.55,30.3,29.25,30.3,212500
2018-02-27,29.6,29.6,29.85,29.5,29.8,153093
2018-03-01,29.65,29.65,29.95,29.45,29.6,166009
2018-03-02,29.7,29.7,29.8,29.55,29.6,115439
2018-03-05,29.75,29.75,29.95,29.7,29.8,66386
2018-03-06,29.9,29.9,30.0,29.8,30.0,80003
2018-03-07,30.3,30.3,30.5,30.0,30.0,402153
2018-03-08,31.35,31.35,31.85,30.4,30.5,468171
2018-03-09,31.45,31.45,31.5,30.85,31.5,250871
2018-03-12,31.5,31.5,31.6,31.2,31.55,282416
2018-03-13,31.5,31.5,31.5,31.2,31.5,228839
2018-03-14,31.55,31.55,31.55,31.4,31.5,204224
2018-03-15,31.9,31.9,32.0,31.25,31.3,288640
2018-03-16,31.95,31.95,32.15,31.75,31.9,213554
2018-03-19,29.05,29.05,31.75,29.05,31.75,1157911
2018-03-20,29.9,29.9,29.9,28.45,29.05,584156
2018-03-21,30.4,30.4,30.5,30.0,30.05,260541
2018-03-22,29.9,29.9,30.5,29.65,30.5,291669
2018-03-23,29.25,29.25,29.65,29.25,29.65,161328
2018-03-26,29.4,29.4,29.5,29.25,29.5,96072
2018-03-27,29.2,29.2,29.9,29.05,29.55,202571
2018-03-28,29.2,29.2,29.2,28.85,29.2,111163
2018-03-29,29.25,29.25,29.3,29.0,29.2,90551
2018-03-30,29.15,29.15,29.35,29.15,29.35,62819
2018-04-02,29.0,29.0,29.1,29.0,29.0,63219
2018-04-03,28.55,28.55,29.0,28.55,29.0,148602
2018-04-09,27.5,27.5,28.55,27.45,28.55,402694
2018-04-10,26.7,26.7,27.5,25.5,27.45,747013
2018-04-11,27.2,27.2,27.2,26.2,26.65,205315
2018-04-12,26.55,26.55,27.2,26.25,27.2,219459
2018-04-13,26.85,26.85,26.95,26.55,26.55,110001
2018-04-16,26.55,26.55,26.85,26.35,26.65,103081
2018-04-17,25.85,25.85,26.4,25.7,26.4,116296
2018-04-18,25.85,25.85,26.2,25.6,25.85,168360
2018-04-19,25.5,25.5,25.9,25.45,25.9,86891
2018-04-20,25.5,25.5,25.6,25.05,25.5,171559
2018-04-23,25.45,25.45,25.75,25.2,25.55,139537
2018-04-24,25.45,25.45,25.7,25.4,25.5,106284
2018-04-25,24.8,24.8,25.45,24.5,25.45,231005
2018-04-26,23.75,23.75,24.9,23.45,24.8,251672
2018-04-27,24.8,24.8,24.8,23.7,23.75,390459
2018-04-30,24.8,24.8,24.8,24.5,24.8,297793
2018-05-02,24.5,24.5,24.95,24.5,24.8,260569
2018-05-03,24.65,24.65,24.8,24.35,24.35,228943
2018-05-04,24.4,24.4,24.65,24.15,24.65,219145
2018-05-07,24.3,24.3,24.4,24.1,24.4,180600
2018-05-08,24.2,24.2,24.3,24.05,24.3,157909
2018-05-09,24.3,24.3,24.3,24.15,24.2,140361
2018-05-10,24.3,24.3,24.3,24.15,24.2,74087
2018-05-11,26.05,26.05,26.5,24.3,24.35,626980
2018-05-14,25.8,25.8,26.35,25.75,26.15,449764
2018-05-15,25.75,25.75,25.8,23.45,23.45,515372
2018-05-16,25.7,25.7,25.8,25.25,25.25,106600
2018-05-17,25.5,25.5,25.75,25.45,25.7,110636
2018-05-18,26.0,26.0,26.0,25.5,25.55,193478
2018-05-21,26.35,26.35,26.35,26.0,26.0,265500
2018-05-22,27.0,27.0,27.0,26.4,26.5,372820
2018-05-23,27.15,27.15,27.15,26.85,26.9,192579
2018-05-24,27.45,27.45,27.45,27.15,27.25,169842
2018-05-25,29.0,29.0,29.3,27.45,27.45,722919
2018-05-28,28.7,28.7,29.0,28.25,29.0,273779
2018-05-29,28.3,28.3,28.6,28.2,28.6,158608
2018-05-30,28.3,28.3,28.3,27.95,28.0,90001
2018-05-31,27.95,27.95,28.4,27.9,28.4,134400
2018-06-01,28.15,28.15,28.2,27.8,28.2,116730
2018-06-04,28.35,28.35,28.35,28.05,28.2,157679
2018-06-05,28.45,28.45,28.55,28.4,28.4,173999
2018-06-06,29.0,29.0,29.1,28.5,28.55,213441
2018-06-07,28.8,28.8,29.45,28.8,29.15,189969
2018-06-08,28.45,28.45,29.0,28.25,28.8,129510
2018-06-11,28.5,28.5,28.6,28.0,28.6,139223
2018-06-12,28.6,28.6,28.6,28.25,28.3,158187
2018-06-13,28.85,28.85,28.9,28.4,28.55,343423
2018-06-14,28.8,28.8,28.8,28.55,28.8,231994
2018-06-15,29.2,29.2,29.2,28.7,28.8,279945
2018-06-19,29.0,29.0,29.1,28.85,29.0,169398
2018-06-20,29.0,29.0,29.0,28.75,28.9,130667
2018-06-21,29.0,29.0,29.1,28.9,28.95,133864
2018-06-22,28.95,28.95,29.0,28.8,28.95,177337
2018-06-25,28.6,28.6,28.8,28.6,28.8,129322
2018-06-26,28.3,28.3,28.6,28.3,28.6,108948
2018-06-27,28.4,28.4,28.6,28.3,28.3,69999
2018-06-28,29.1,29.1,29.65,28.4,28.4,258989
2018-06-29,28.85,28.85,29.3,28.85,29.1,110427
2018-07-02,28.8,28.8,29.0,28.8,29.0,51747
2018-07-03,28.35,28.35,28.8,28.25,28.5,166668
2018-07-04,28.85,28.85,28.85,28.3,28.85,73211
2018-07-05,29.0,29.0,29.0,28.5,28.7,150014
2018-07-06,29.0,29.0,29.0,28.3,28.9,216541
2018-07-09,28.8,28.8,29.0,28.5,29.0,82988
2018-07-10,29.0,29.0,29.0,28.6,28.8,138078
2018-07-11,29.05,29.05,29.45,28.7,29.0,189214
2018-07-12,29.05,29.05,29.1,28.65,29.05,49620
2018-07-13,29.15,29.15,29.3,29.0,29.05,157145
2018-07-16,28.75,28.75,29.1,28.75,29.1,62502
2018-07-17,28.8,28.8,29.05,28.65,29.05,28288
2018-07-18,29.0,29.0,29.2,28.8,29.0,87491
2018-07-19,28.7,28.7,29.1,28.7,29.0,60342
2018-07-20,28.9,28.9,29.0,28.7,29.0,40322
2018-07-23,28.75,28.75,28.95,28.75,28.95,58944
2018-07-24,29.0,29.0,29.0,28.8,28.95,55788
2018-07-25,29.05,29.05,29.1,28.85,29.0,123311
2018-07-26,29.3,29.3,29.3,29.05,29.2,204800
2018-07-27,31.6,31.6,32.0,29.15,29.3,998849
2018-07-30,30.5,30.5,31.6,30.1,31.6,572447
2018-07-31,29.65,29.65,30.85,29.65,30.75,231278
2018-08-01,29.85,29.85,30.4,29.7,29.7,179360
2018-08-02,29.0,29.0,30.35,28.4,29.9,251500
2018-08-03,29.3,29.3,29.5,28.8,28.9,167134
2018-08-06,28.8,28.8,29.3,28.7,29.3,65214
2018-08-07,28.95,28.95,29.0,28.7,28.8,77172
2018-08-08,28.6,28.6,29.0,28.6,28.85,129522
2018-08-09,28.8,28.8,28.9,28.6,28.9,64527
2018-08-10,28.3,28.3,28.7,28.3,28.7,154301
2018-08-13,27.8,27.8,28.4,27.4,28.4,173396
2018-08-14,28.0,28.0,28.0,27.6,27.8,140304
2018-08-15,27.5,27.5,28.0,27.45,28.0,145683
2018-08-16,27.5,27.5,27.65,27.3,27.3,64216
2018-08-17,27.55,27.55,27.6,27.3,27.45,92268
2018-08-20,27.75,27.75,28.15,27.6,27.6,89716
2018-08-21,27.85,27.85,27.9,27.6,27.6,76343
2018-08-22,27.7,27.7,27.85,27.4,27.7,88000
2018-08-23,27.7,27.7,27.8,27.7,27.7,45294
2018-08-24,27.7,27.7,27.75,27.45,27.7,92925
2018-08-27,27.7,27.7,27.7,27.55,27.65,34001
2018-08-28,28.65,28.65,28.65,27.55,27.7,240996
2018-08-29,27.95,27.95,28.75,27.95,28.5,93224
2018-08-30,27.55,27.55,28.1,27.55,28.0,100301
2018-08-31,27.9,27.9,27.9,27.55,27.6,111550
2018-09-03,27.8,27.8,27.9,27.6,27.9,78258
2018-09-04,27.7,27.7,27.8,27.6,27.8,107225
2018-09-05,27.6,27.6,27.8,27.6,27.6,61045
2018-09-06,27.65,27.65,27.85,27.6,27.6,74821
2018-09-07,27.4,27.4,27.65,27.4,27.65,59054
2018-09-10,26.75,26.75,27.45,26.2,27.4,238349
2018-09-11,26.75,26.75,27.15,26.5,26.75,141226
2018-09-12,26.5,26.5,26.8,26.0,26.75,172188
2018-09-13,26.7,26.7,26.7,26.25,26.5,77383
2018-09-14,26.8,26.8,26.8,26.25,26.7,151262
2018-09-17,26.55,26.55,26.6,26.5,26.6,32020
2018-09-18,26.5,26.5,26.55,26.35,26.45,56006
2018-09-19,26.7,26.7,26.75,26.4,26.5,152678
2018-09-20,26.45,26.45,26.75,26.45,26.7,76020
2018-09-21,27.45,27.45,27.45,26.45,26.45,322301
2018-09-25,29.2,29.2,29.7,27.3,27.3,862079
2018-09-26,29.35,29.35,29.4,28.8,29.35,519499
2018-09-27,29.45,29.45,29.45,28.95,29.2,193870
2018-09-28,28.7,28.7,29.9,28.6,29.45,647914
2018-10-01,28.7,28.7,29.05,28.7,28.8,45689
2018-10-02,28.45,28.45,28.85,28.45,28.7,45001
2018-10-03,28.1,28.1,28.7,28.0,28.6,94396
2018-10-04,28.2,28.2,28.2,28.0,28.2,100012
2018-10-05,27.8,27.8,28.25,27.5,28.2,91157
2018-10-08,27.55,27.55,27.9,27.2,27.75,98030
2018-10-09,27.5,27.5,27.55,27.1,27.55,126424
2018-10-11,26.3,26.3,26.8,24.75,26.8,727452
2018-10-12,25.6,25.6,26.35,25.5,25.8,206585
2018-10-15,25.4,25.4,25.45,25.0,25.35,219889
2018-10-16,25.4,25.4,25.5,25.0,25.4,181455
2018-10-17,25.85,25.85,25.85,25.45,25.45,194896
2018-10-18,25.55,25.55,25.95,25.2,25.85,418001
2018-10-19,25.65,25.65,25.7,25.25,25.55,137901
2018-10-22,25.75,25.75,25.75,25.45,25.65,114001
2018-10-23,25.75,25.75,25.8,25.4,25.4,146126
2018-10-24,25.75,25.75,25.8,25.5,25.7,141424
2018-10-25,25.65,25.65,25.75,25.2,25.75,119000
2018-10-26,25.75,25.75,25.9,25.65,25.65,138000
2018-10-29,25.5,25.5,25.75,25.2,25.7,160520
2018-10-30,25.0,25.0,25.5,24.0,25.5,381429
2018-10-31,25.15,25.15,25.2,24.85,25.0,163713
2018-11-01,25.45,25.45,25.45,25.15,25.15,198970
2018-11-02,25.5,25.5,25.55,25.0,25.45,368295
2018-11-05,25.55,25.55,25.55,25.1,25.5,129634
2018-11-06,25.55,25.55,25.55,25.35,25.55,74001
2018-11-07,25.7,25.7,25.7,25.4,25.55,172004
2018-11-08,27.2,27.2,27.5,25.75,25.75,602681
2018-11-09,27.25,27.25,27.25,27.0,27.2,190268
2018-11-12,26.5,26.5,27.25,26.5,27.2,72001
2018-11-13,26.1,26.1,26.2,25.6,26.2,64173
2018-11-14,26.3,26.3,26.3,25.95,26.05,136819
2018-11-15,25.9,25.9,26.1,25.8,26.0,127624
2018-11-16,26.2,26.2,26.2,25.9,25.9,96030
2018-11-19,26.45,26.45,26.45,26.15,26.15,158309
2018-11-20,26.6,26.6,26.6,26.3,26.4,84000
2018-11-21,26.4,26.4,26.65,26.3,26.55,93010
2018-11-22,26.6,26.6,27.15,26.6,26.6,354000
2018-11-23,26.45,26.45,26.6,26.2,26.6,52662
2018-11-26,27.0,27.0,27.0,26.4,26.45,92824
2018-11-27,27.0,27.0,27.05,26.7,26.95,84451
2018-11-28,27.05,27.05,27.05,26.85,26.95,84465
2018-11-29,27.2,27.2,27.2,26.95,27.05,172164
2018-11-30,27.3,27.3,27.35,27.15,27.15,108023
2018-12-03,28.15,28.15,28.3,27.5,27.5,261941
2018-12-04,28.05,28.05,28.25,27.95,28.2,120457
2018-12-05,28.05,28.05,28.05,27.85,27.95,28730
2018-12-06,27.95,27.95,28.1,27.7,28.0,107000
2018-12-07,28.0,28.0,28.3,28.0,28.1,63994
2018-12-10,28.0,28.0,28.0,27.85,28.0,28006
2018-12-11,28.0,28.0,28.05,27.25,28.0,82556
2018-12-12,28.0,28.0,28.05,27.8,28.0,49791
2018-12-13,27.95,27.95,28.0,27.75,27.75,23572
2018-12-14,27.85,27.85,27.95,27.65,27.75,34334
2018-12-17,27.9,27.9,27.9,27.65,27.75,51537
2018-12-18,27.75,27.75,27.8,27.55,27.8,34211
2018-12-19,27.55,27.55,27.8,27.25,27.75,61094
2018-12-20,27.45,27.45,27.6,27.3,27.55,48326
2018-12-21,27.4,27.4,27.45,27.0,27.45,41612
2018-12-24,27.0,27.0,27.4,27.0,27.4,31015
2018-12-25,27.15,27.15,27.15,27.1,27.1,3004
2018-12-26,26.85,26.85,27.25,26.7,27.2,27449
2018-12-27,26.9,26.9,27.1,26.65,26.9,30782
2018-12-28,26.65,26.65,26.95,26.5,26.9,56080
2019-01-02,27.0,27.0,27.0,26.5,26.65,86002
2019-01-03,26.85,26.85,27.1,25.8,27.0,117003
2019-01-04,26.8,26.8,26.8,26.8,26.8,2004
2019-01-07,27.0,27.0,27.0,26.8,26.8,59449
2019-01-08,27.0,27.0,27.0,26.85,26.9,68509
2019-01-09,27.1,27.1,27.3,26.9,27.0,156393
2019-01-10,27.5,27.5,27.5,27.0,27.0,115392
2019-01-11,27.3,27.3,27.5,27.0,27.45,36186
2019-01-14,27.3,27.3,27.3,26.9,27.3,34138
2019-01-15,27.5,27.5,27.5,27.3,27.3,71431
2019-01-16,27.2,27.2,27.65,27.2,27.5,114011
2019-01-17,27.2,27.2,27.4,27.2,27.4,83485
2019-01-18,27.4,27.4,27.4,27.1,27.2,63001
2019-01-21,27.5,27.5,27.6,27.4,27.4,28226
2019-01-22,27.45,27.45,27.55,27.1,27.5,65113
2019-01-23,27.5,27.5,27.55,27.4,27.45,24668
2019-01-24,27.4,27.4,27.6,27.15,27.5,118004
2019-01-25,27.4,27.4,27.45,26.95,27.4,75091
2019-01-28,27.4,27.4,27.4,27.25,27.4,25191
2019-01-29,27.35,27.35,27.4,27.1,27.4,31004
2019-01-30,27.4,27.4,27.4,27.15,27.35,70101
2019-02-11,27.1,27.1,27.4,27.1,27.4,87001
2019-02-12,27.15,27.15,27.3,26.95,27.1,111000
2019-02-13,27.15,27.15,27.25,27.05,27.05,16690
2019-02-14,27.55,27.55,27.6,27.25,27.25,89003
2019-02-15,28.0,28.0,28.0,27.6,27.6,136630
2019-02-18,27.95,27.95,28.25,27.95,28.0,98281
2019-02-19,27.95,27.95,28.05,27.85,27.95,40848
2019-02-20,28.05,28.05,28.25,27.95,28.0,100520
2019-02-21,28.0,28.0,28.05,27.9,28.05,46665
2019-02-22,27.9,27.9,28.1,27.75,28.1,47863
2019-02-25,27.95,27.95,28.1,27.75,27.75,63278
2019-02-26,28.0,28.0,28.05,27.9,28.05,25468
2019-02-27,27.85,27.85,28.1,27.85,28.05,43519
2019-03-04,27.75,27.75,28.0,27.75,27.9,214739
2019-03-05,27.8,27.8,27.8,27.5,27.7,164003
2019-03-06,27.8,27.8,27.8,27.65,27.75,106004
2019-03-07,27.85,27.85,27.85,27.6,27.8,107003
2019-03-08,27.8,27.8,27.85,27.65,27.85,80043
2019-03-11,27.8,27.8,27.9,27.65,27.8,81132
2019-03-12,27.85,27.85,27.85,27.65,27.8,106282
2019-03-13,27.85,27.85,27.85,27.65,27.85,88563
2019-03-14,27.75,27.75,27.85,27.6,27.85,128020
2019-03-15,27.7,27.7,27.75,27.55,27.6,183005
2019-03-18,27.65,27.65,27.65,27.55,27.6,118387
2019-03-19,27.6,27.6,27.8,27.5,27.8,97334
2019-03-20,27.6,27.6,27.65,27.45,27.65,16481
2019-03-21,27.45,27.45,27.65,27.45,27.65,56170
2019-03-22,27.4,27.4,27.75,27.4,27.7,80010
2019-03-25,27.4,27.4,27.4,27.1,27.2,104028
2019-03-26,27.4,27.4,27.65,27.4,27.4,45192
2019-03-27,27.5,27.5,27.5,27.3,27.5,23878
2019-03-28,27.45,27.45,27.45,27.2,27.25,26014
2019-03-29,27.45,27.45,27.45,27.2,27.45,21569
2019-04-01,27.3,27.3,27.45,27.3,27.45,40006
2019-04-02,27.45,27.45,27.6,27.3,27.45,116317
2019-04-03,27.5,27.5,27.5,27.3,27.45,40008
2019-04-08,27.4,27.4,27.55,27.2,27.55,173701
2019-04-09,27.1,27.1,27.45,27.0,27.45,59407
2019-04-10,27.4,27.4,27.4,27.1,27.1,81335
2019-04-11,27.35,27.35,27.4,27.2,27.4,192066
2019-04-12,27.4,27.4,27.45,27.3,27.35,92184
2019-04-15,27.65,27.65,27.85,27.4,27.4,126609
2019-04-16,30.4,30.4,30.4,27.5,27.6,670563
2019-04-17,30.05,30.05,33.4,30.05,31.5,2288528
2019-04-18,29.0,29.0,29.95,29.0,29.95,385536
2019-04-19,30.3,30.3,30.6,28.6,29.0,424633
2019-04-22,30.35,30.35,30.8,30.05,30.6,370916
2019-04-23,29.7,29.7,30.6,29.35,30.35,138825
2019-04-24,29.25,29.25,29.8,29.25,29.8,152266
2019-04-25,29.25,29.25,29.45,29.1,29.3,187747
2019-04-26,28.9,28.9,29.15,28.5,29.1,223157
2019-04-29,29.2,29.2,29.65,28.6,28.6,348593
2019-04-30,29.4,29.4,30.0,29.0,29.4,55427
2019-05-02,29.85,29.85,29.9,29.25,29.25,186466
2019-05-03,29.9,29.9,30.4,29.75,30.4,198531
2019-05-06,29.35,29.35,29.95,29.35,29.85,237272
2019-05-07,29.3,29.3,29.75,29.2,29.2,148080
2019-05-08,29.45,29.45,29.9,29.15,29.3,74151
2019-05-09,29.3,29.3,29.7,29.3,29.6,79337
2019-05-10,29.15,29.15,29.5,28.9,29.25,379537
2019-05-13,28.75,28.75,29.8,28.0,28.95,121078
2019-05-14,28.1,28.1,28.35,27.0,28.2,478064
2019-05-15,28.2,28.2,28.5,27.9,28.1,213000
2019-05-16,27.95,27.95,28.05,27.8,27.9,39329
2019-05-17,27.55,27.55,28.1,27.55,28.1,136114
2019-05-20,27.6,27.6,27.7,27.25,27.7,114749
2019-05-21,27.65,27.65,27.65,27.4,27.6,58856
2019-05-22,27.8,27.8,28.0,27.6,27.7,63361
2019-05-23,27.35,27.35,27.8,27.15,27.8,131134
2019-05-24,27.3,27.3,27.45,27.1,27.35,124374
2019-05-27,27.05,27.05,27.3,26.95,27.15,206960
2019-05-28,27.15,27.15,27.15,26.95,26.95,42025
2019-05-29,27.75,27.75,27.8,27.15,27.15,121358
2019-05-30,28.05,28.05,28.05,27.65,27.75,45001
2019-05-31,28.4,28.4,28.4,28.0,28.05,49004
2019-06-03,28.1,28.1,28.3,28.0,28.0,46000
2019-06-04,28.05,28.05,28.3,27.8,28.1,41000
2019-06-05,28.0,28.0,28.45,27.8,28.45,73783
2019-06-06,28.0,28.0,28.0,27.85,28.0,27001
2019-06-10,28.0,28.0,28.2,27.75,28.0,134224
2019-06-11,28.05,28.05,28.1,28.0,28.0,69558
2019-06-12,28.0,28.0,28.0,27.8,27.8,53035
2019-06-13,27.8,27.8,28.0,27.6,27.75,53767
2019-06-14,27.6,27.6,27.85,27.5,27.85,30002
2019-06-17,27.6,27.6,27.7,27.5,27.7,54000
2019-06-18,27.55,27.55,27.55,27.45,27.45,17496
2019-06-19,27.6,27.6,27.75,27.55,27.75,11466
2019-06-20,28.1,28.1,28.2,27.45,27.45,71799
2019-06-21,28.05,28.05,28.2,27.85,28.1,27161
2019-06-24,27.9,27.9,28.15,27.7,28.15,41262
2019-06-25,27.7,27.7,28.0,27.7,28.0,12132
2019-06-26,27.7,27.7,27.7,27.55,27.55,11716
2019-06-27,27.65,27.65,27.7,27.55,27.7,26088
2019-06-28,28.15,28.15,28.15,27.6,27.7,163869
2019-07-01,28.1,28.1,28.5,27.7,28.5,73204
2019-07-02,28.2,28.2,28.25,27.8,28.15,42400
2019-07-03,28.25,28.25,28.3,28.0,28.1,24354
2019-07-04,27.9,27.9,28.3,27.6,28.3,42030
2019-07-05,28.3,28.3,28.3,27.9,27.95,115354
2019-07-08,28.1,28.1,28.6,28.1,28.3,81000
2019-07-09,28.15,28.15,28.3,28.05,28.1,49100
2019-07-10,27.95,27.95,28.35,27.95,28.3,64132
2019-07-11,28.25,28.25,28.35,28.1,28.1,105885
2019-07-12,28.2,28.2,28.2,28.0,28.1,412694
2019-07-15,28.9,28.9,29.1,28.55,29.05,140555
2019-07-16,29.7,29.7,29.7,29.05,29.25,241748
2019-07-17,29.75,29.75,29.95,29.2,29.85,256058
2019-07-18,29.4,29.4,29.8,29.4,29.75,150836
2019-07-19,29.8,29.8,30.05,29.5,29.5,183576
2019-07-22,30.3,30.3,30.7,29.95,29.95,290665
2019-07-23,31.05,31.05,31.1,30.5,30.65,437703
2019-07-24,31.1,31.1,31.4,31.1,31.15,254207
2019-07-25,31.45,31.45,31.45,31.1,31.4,375323
2019-07-26,31.45,31.45,31.6,31.35,31.45,253721
2019-07-29,31.5,31.5,31.65,31.3,31.5,182102
2019-07-30,31.5,31.5,31.5,30.55,31.3,211725
2019-07-31,31.4,31.4,31.5,31.1,31.45,63753
2019-08-01,31.7,31.7,32.45,31.6,31.6,588507
2019-08-02,31.45,31.45,31.75,31.4,31.6,114860
2019-08-05,30.8,30.8,31.3,30.7,31.3,174271
2019-08-06,31.2,31.2,31.2,29.8,29.85,205565
2019-08-07,31.2,31.2,31.45,30.85,31.4,171452
2019-08-08,31.25,31.25,31.25,31.05,31.2,80649
2019-08-12,31.2,31.2,31.35,31.2,31.25,77267
2019-08-13,31.05,31.05,31.15,30.9,31.15,48092
2019-08-14,31.25,31.25,31.8,31.05,31.05,147839
2019-08-15,31.2,31.2,31.25,30.95,31.2,185325
2019-08-16,31.2,31.2,31.25,31.15,31.2,78160
2019-08-19,32.6,32.6,33.8,31.1,31.2,863365
2019-08-20,32.85,32.85,33.15,32.6,32.95,337305
2019-08-21,32.3,32.3,32.95,32.05,32.85,489186
2019-08-22,32.2,32.2,32.55,32.0,32.3,214731
2019-08-23,31.9,31.9,32.2,31.65,32.2,183695
2019-08-26,31.2,31.2,31.65,30.9,31.65,297589
2019-08-27,31.15,31.15,31.45,31.0,31.2,248128
2019-08-28,30.95,30.95,31.2,30.15,30.95,93943
2019-08-29,30.8,30.8,31.25,30.6,31.0,192566
2019-08-30,31.05,31.05,31.05,30.75,30.8,100565
2019-09-02,31.45,31.45,31.5,31.05,31.05,191047
2019-09-03,31.35,31.35,31.45,31.2,31.45,26789
2019-09-04,31.3,31.3,31.45,30.7,31.35,60004
2019-09-05,31.15,31.15,31.4,31.15,31.4,85500
2019-09-06,31.15,31.15,31.2,30.95,31.2,58389
2019-09-09,30.85,30.85,31.15,30.7,31.15,59263
2019-09-10,30.55,30.55,30.85,30.15,30.85,259854
2019-09-11,30.35,30.35,30.55,30.1,30.55,69758
2019-09-12,30.8,30.8,30.95,30.4,30.4,318600
2019-09-16,31.25,31.25,31.25,30.8,30.8,387974
2019-09-17,31.25,31.25,31.55,31.0,31.55,86000
2019-09-18,31.45,31.45,31.45,31.15,31.25,229055
2019-09-19,31.35,31.35,31.45,31.0,31.45,113499
2019-09-20,31.0,31.0,31.35,30.05,31.35,280338
2019-09-23,30.35,30.35,30.95,30.35,30.4,129245
2019-09-24,31.7,31.7,31.7,30.5,30.5,330445
2019-09-25,30.7,30.7,32.45,30.65,32.45,286053
2019-09-26,30.1,30.1,31.05,30.1,31.05,123131
2019-09-27,30.15,30.15,30.25,29.9,30.2,214100
2019-10-01,30.15,30.15,30.2,29.95,30.1,104367
2019-10-02,29.95,29.95,30.0,29.8,30.0,104497
2019-10-03,29.95,29.95,29.95,29.5,29.7,193001
2019-10-04,29.8,29.8,30.0,29.45,29.95,172004
2019-10-07,29.2,29.2,29.85,29.2,29.8,122045
2019-10-08,28.95,28.95,29.5,28.5,29.3,266256
2019-10-09,29.15,29.15,29.15,28.25,28.95,282384
2019-10-14,29.5,29.5,29.55,29.2,29.2,77904
2019-10-15,29.4,29.4,29.5,29.2,29.5,46543
2019-10-16,29.5,29.5,29.5,29.3,29.4,30840
2019-10-17,29.45,29.45,29.5,29.3,29.5,31606
2019-10-18,29.5,29.5,29.5,29.25,29.45,57332
2019-10-21,29.45,29.45,29.45,29.25,29.3,54001
2019-10-22,29.3,29.3,29.45,29.2,29.45,78040
2019-10-23,29.35,29.35,29.4,29.25,29.4,14015
2019-10-24,29.35,29.35,29.4,29.05,29.4,57847
2019-10-25,29.3,29.3,29.35,29.05,29.35,42156
2019-10-28,29.3,29.3,29.3,29.05,29.15,57217
2019-10-29,29.25,29.25,29.35,29.05,29.3,55315
2019-10-30,29.3,29.3,29.3,29.15,29.3,22432
2019-10-31,29.25,29.25,29.35,29.1,29.35,35270
2019-11-01,29.3,29.3,29.3,29.15,29.25,28985
2019-11-04,29.35,29.35,29.5,29.15,29.15,490200
2019-11-05,29.3,29.3,29.35,29.15,29.35,83500
2019-11-06,29.4,29.4,29.4,29.15,29.35,97050
2019-11-07,29.4,29.4,29.4,29.0,29.4,128329
2019-11-08,29.4,29.4,29.4,29.2,29.2,147797
2019-11-11,29.3,29.3,29.4,29.1,29.4,153856
2019-11-12,29.2,29.2,29.2,29.0,29.0,74181
2019-11-13,29.0,29.0,29.15,28.85,29.0,127454
2019-11-14,29.1,29.1,29.1,29.0,29.0,112350
2019-11-20,29.05,29.05,29.05,28.8,29.0,124564
2019-11-21,28.85,28.85,29.05,28.5,28.85,102268
2019-11-22,28.75,28.75,28.85,28.65,28.85,40051
2019-11-25,28.8,28.8,29.0,28.75,28.75,104161
2019-11-26,28.95,28.95,29.0,28.8,29.0,101293
2019-11-27,28.65,28.65,28.95,28.65,28.95,35540
2019-11-28,28.7,28.7,28.9,28.5,28.9,47205
2019-11-29,28.5,28.5,28.65,28.25,28.65,91215
2019-12-02,28.35,28.35,28.5,28.15,28.5,108001
2019-12-03,28.4,28.4,28.4,28.15,28.35,57694
2019-12-04,28.4,28.4,28.4,28.2,28.4,103566
2019-12-05,28.4,28.4,28.45,28.2,28.45,53663
2019-12-06,28.4,28.4,28.4,28.15,28.35,148696
2019-12-09,28.4,28.4,28.4,28.25,28.25,107848
2019-12-10,28.4,28.4,28.4,28.25,28.4,34004
2019-12-11,28.45,28.45,28.45,28.1,28.4,160632
2019-12-12,28.65,28.65,28.7,28.4,28.5,57511
2019-12-13,28.7,28.7,28.8,28.35,28.7,69894
2019-12-16,28.8,28.8,28.8,28.45,28.75,36994
2019-12-17,28.8,28.8,28.95,28.7,28.8,67696
2019-12-18,29.1,29.1,29.1,28.7,28.85,69866
2019-12-19,29.1,29.1,29.25,28.8,29.1,175929
2019-12-20,28.9,28.9,29.15,28.85,29.15,14207
2019-12-23,28.75,28.75,29.05,28.6,29.05,18006
2019-12-24,28.95,28.95,28.95,28.7,28.75,46003
2019-12-25,29.0,29.0,29.0,28.85,28.95,27723
2019-12-26,28.65,28.65,29.0,28.65,29.0,19883
2019-12-27,28.9,28.9,28.9,28.7,28.8,51516
2019-12-30,28.9,28.9,28.9,28.7,28.9,17125
2019-12-31,29.1,29.1,29.1,28.9,28.9,93676
2020-01-02,29.25,29.25,29.3,29.1,29.1,126164
2020-01-03,29.05,29.05,29.3,29.0,29.25,63586
2020-01-06,29.1,29.1,29.2,28.85,29.2,79375
2020-01-07,29.0,29.0,29.1,28.7,29.1,56485
2020-01-08,28.55,28.55,28.95,28.45,28.95,38262
2020-01-09,28.65,28.65,28.75,28.6,28.75,66133
2020-01-10,28.8,28.8,28.8,28.7,28.8,52287
2020-01-13,28.8,28.8,28.8,28.5,28.8,74001
2020-01-14,28.8,28.8,28.8,28.65,28.8,17523
2020-01-15,28.8,28.8,28.95,28.45,28.8,177047
2020-01-16,28.8,28.8,28.85,28.7,28.85,55999
2020-01-17,28.75,28.75,28.8,28.5,28.8,66799
2020-01-20,27.95,27.95,28.75,27.95,28.75,300136
2020-01-30,26.7,26.7,27.25,26.7,26.7,289417
2020-01-31,26.7,26.7,27.1,26.5,26.7,107056
2020-02-03,26.25,26.25,26.5,25.8,25.9,127131
2020-02-04,26.3,26.3,26.45,26.15,26.45,63763
2020-02-05,26.35,26.35,26.35,26.0,26.3,70094
2020-02-06,26.3,26.3,26.35,26.05,26.35,89459
2020-02-07,26.0,26.0,26.3,25.9,26.3,64152
2020-02-10,25.65,25.65,26.0,25.35,26.0,112267
2020-02-11,25.8,25.8,25.9,25.6,25.65,44613
2020-02-12,25.75,25.75,25.95,25.4,25.95,31670
2020-02-13,25.7,25.7,25.75,25.2,25.75,170613
2020-02-14,25.6,25.6,25.7,25.45,25.7,31451
2020-02-17,25.85,25.85,26.1,25.2,25.3,92054
2020-02-18,25.75,25.75,25.8,25.6,25.75,43010
2020-02-19,25.7,25.7,25.75,25.5,25.75,32001
2020-02-20,25.65,25.65,25.75,25.5,25.5,47248
2020-02-21,25.45,25.45,25.65,25.45,25.65,43327
2020-02-24,25.35,25.35,25.45,25.3,25.45,55004
2020-02-25,25.45,25.45,25.45,25.0,25.3,59904
2020-02-26,25.5,25.5,25.55,25.4,25.45,81226
2020-02-27,25.5,25.5,25.7,25.35,25.5,103000
2020-03-02,25.9,25.9,26.0,25.4,25.45,185038
2020-03-03,26.05,26.05,26.15,25.85,25.9,59019
2020-03-04,25.85,25.85,26.15,25.85,26.1,63767
2020-03-05,25.85,25.85,26.0,25.8,26.0,36288
2020-03-06,25.9,25.9,26.0,25.8,25.95,52004
2020-03-09,27.1,27.1,27.55,26.0,26.1,454504
2020-03-10,26.95,26.95,27.45,26.6,26.6,246006
2020-03-11,26.6,26.6,27.2,26.5,27.2,61037
2020-03-12,24.7,24.7,26.5,24.6,26.5,124446
2020-03-13,27.05,27.05,27.05,22.65,23.75,559478
2020-03-16,25.35,25.35,27.0,25.0,27.0,148510
2020-03-17,24.7,24.7,25.25,24.0,24.3,107014
2020-03-18,23.8,23.8,25.5,23.3,25.5,159595
2020-03-19,24.15,24.15,24.15,21.45,22.4,527436
2020-03-20,25.1,25.1,25.1,24.0,24.5,267015
2020-03-23,24.55,24.55,24.9,24.2,24.2,28176
2020-03-24,24.65,24.65,24.8,24.55,24.55,66346
2020-03-25,24.6,24.6,24.9,24.15,24.7,76380
2020-03-26,24.45,24.45,24.6,24.0,24.6,344443
2020-03-27,24.5,24.5,24.6,24.2,24.45,71997
2020-03-30,24.45,24.45,24.5,24.3,24.5,211161
2020-03-31,24.4,24.4,24.4,24.15,24.4,70110
2020-04-01,24.1,24.1,24.4,23.55,24.4,76505
2020-04-07,24.55,24.55,24.55,24.05,24.05,27004
2020-04-08,24.55,24.55,24.55,24.2,24.55,45922
2020-04-09,24.4,24.4,24.6,24.1,24.6,45887
2020-04-10,24.25,24.25,24.4,23.8,24.4,46549
2020-04-13,24.4,24.4,24.6,24.1,24.45,56731
2020-04-14,24.95,24.95,24.95,24.45,24.65,122034
2020-04-15,25.45,25.45,25.75,25.15,25.2,99081
2020-04-16,25.5,25.5,25.75,25.25,25.75,61867
2020-04-17,25.55,25.55,25.65,25.4,25.6,74086
2020-04-20,25.65,25.65,25.7,25.5,25.7,25603
2020-04-21,25.2,25.2,25.5,24.9,25.5,69005
2020-04-22,25.1,25.1,25.15,24.9,24.95,22000
2020-04-23,25.15,25.15,25.15,24.95,25.1,20000
2020-04-24,25.05,25.05,25.15,25.0,25.15,33053
2020-04-27,25.3,25.3,25.3,25.1,25.1,52452
2020-04-28,25.35,25.35,25.4,25.2,25.4,22400
2020-04-29,25.7,25.7,25.7,25.3,25.4,89659
2020-05-04,26.0,26.0,26.0,25.75,25.8,23111
2020-05-05,26.05,26.05,26.1,26.0,26.0,15153
2020-05-06,26.2,26.2,26.3,25.85,25.9,115853
2020-05-07,26.95,26.95,27.0,26.3,26.3,88004
2020-05-08,26.8,26.8,27.2,26.8,27.1,82499
2020-05-11,26.8,26.8,26.95,26.35,26.75,112430
2020-05-12,26.75,26.75,26.85,26.5,26.8,158914
2020-05-13,26.75,26.75,26.85,26.6,26.85,136001
2020-05-14,26.6,26.6,26.75,26.5,26.75,26266
2020-05-15,26.45,26.45,26.6,26.45,26.6,62451
2020-05-18,26.7,26.7,26.75,26.45,26.45,49001
2020-05-19,26.7,26.7,26.8,26.5,26.75,45752
2020-05-20,26.35,26.35,26.6,26.35,26.6,51964
2020-05-21,26.6,26.6,26.6,26.3,26.3,78130
2020-05-22,26.65,26.65,26.65,26.4,26.65,40235
2020-05-25,26.7,26.7,26.7,26.55,26.65,91235
2020-05-26,27.0,27.0,27.0,26.8,26.8,42918
2020-05-27,26.8,26.8,27.05,26.65,27.05,48835
2020-05-28,26.7,26.7,26.9,26.45,26.8,54092
2020-05-29,26.7,26.7,26.75,26.4,26.75,27238
2020-06-01,26.65,26.65,26.8,26.65,26.7,44621
2020-06-02,26.7,26.7,26.7,26.45,26.7,17446
2020-06-03,27.0,27.0,27.0,26.5,26.65,122848
2020-06-04,26.75,26.75,27.0,26.75,27.0,33271
2020-06-05,26.9,26.9,27.0,26.85,26.9,61989
2020-06-08,26.75,26.75,27.1,26.5,27.1,43356
2020-06-09,26.8,26.8,26.9,26.6,26.9,89428
2020-06-10,26.85,26.85,26.9,26.55,26.8,55789
2020-06-11,26.45,26.45,26.85,26.25,26.85,47120
2020-06-12,26.1,26.1,26.6,25.6,26.5,135053
2020-06-15,25.7,25.7,26.15,25.7,26.15,25248
2020-06-16,25.95,25.95,26.1,25.7,25.7,44500
2020-06-17,26.15,26.15,26.15,25.8,25.95,36262
2020-06-18,26.35,26.35,26.4,26.15,26.2,79500
2020-06-19,25.95,25.95,26.3,25.95,26.3,62604
2020-06-22,26.05,26.05,26.1,25.95,25.95,44619
2020-06-23,26.05,26.05,26.25,26.0,26.25,17402
2020-06-24,26.2,26.2,26.2,26.05,26.2,70836
2020-06-29,26.15,26.15,26.2,26.0,26.2,34335
2020-06-30,26.1,26.1,26.2,26.0,26.2,27001
2020-07-01,26.25,26.25,26.25,26.1,26.1,35570
2020-07-02,26.25,26.25,26.35,26.25,26.25,93356
2020-07-03,26.2,26.2,26.35,26.2,26.3,45756
2020-07-06,26.2,26.2,26.3,26.1,26.2,103967
2020-07-07,26.3,26.3,26.5,26.2,26.3,93511
2020-07-08,26.5,26.5,26.55,26.25,26.4,75351
2020-07-09,26.55,26.55,26.7,26.4,26.6,79973
2020-07-10,26.5,26.5,26.6,26.15,26.6,30788
2020-07-13,26.55,26.55,26.6,26.45,26.55,109304
2020-07-14,25.65,25.65,26.0,25.65,25.8,33175
2020-07-15,25.7,25.7,25.95,25.5,25.95,24994
2020-07-16,25.95,25.95,25.95,25.45,25.45,20847
2020-07-17,25.8,25.8,26.0,25.6,26.0,59531
2020-07-20,25.95,25.95,26.0,25.9,25.9,23000
2020-07-21,26.4,26.4,26.5,25.6,26.05,64652
2020-07-22,26.3,26.3,26.5,26.2,26.25,40166
2020-07-23,26.3,26.3,26.45,26.0,26.35,27221
2020-07-24,26.2,26.2,26.25,23.7,26.25,86000
2020-07-27,26.2,26.2,26.5,25.9,26.15,57880
2020-07-28,26.1,26.1,26.2,25.7,26.2,95206
2020-07-29,26.1,26.1,26.1,25.8,26.1,22577
2020-07-30,26.2,26.2,26.2,26.05,26.1,57620
2020-07-31,26.2,26.2,26.3,26.0,26.3,54256
2020-08-03,25.9,25.9,26.2,25.8,26.0,74116
2020-08-04,25.85,25.85,26.0,25.85,26.0,18567
2020-08-05,25.85,25.85,25.95,25.7,25.7,11436
2020-08-06,25.85,25.85,26.3,25.7,26.0,76571
2020-08-07,25.85,25.85,25.85,25.5,25.65,86394
2020-08-10,25.75,25.75,25.85,25.55,25.85,80305
2020-08-11,25.75,25.75,25.85,25.45,25.8,25696
2020-08-12,25.8,25.8,25.8,25.25,25.7,66437
2020-08-13,25.4,25.4,25.75,25.4,25.75,19602
2020-08-14,25.6,25.6,25.75,25.5,25.6,42346
2020-08-17,26.0,26.0,26.1,25.8,25.8,143500
2020-08-18,25.8,25.8,26.15,25.7,26.15,122010
2020-08-19,26.1,26.1,26.1,25.95,26.0,111014
2020-08-20,25.8,25.8,26.2,25.55,26.2,87010
2020-08-21,25.95,25.95,25.95,25.7,25.85,39262
2020-08-24,26.0,26.0,26.2,25.7,26.0,114106
2020-08-25,25.8,25.8,26.2,25.8,26.1,69000
2020-08-26,25.65,25.65,26.0,25.6,26.0,75602
2020-08-27,25.6,25.6,25.85,25.6,25.85,28000
2020-08-28,25.55,25.55,25.85,25.45,25.85,58607
2020-08-31,25.4,25.4,25.55,25.3,25.55,61241
2020-09-01,25.4,25.4,25.55,25.2,25.55,30000
2020-09-02,25.45,25.45,25.45,25.2,25.4,165816
2020-09-03,25.4,25.4,25.5,25.2,25.45,63316
2020-09-04,25.15,25.15,25.45,24.9,25.45,72011
2020-09-07,25.0,25.0,25.15,25.0,25.15,139921
2020-09-08,25.0,25.0,25.2,25.0,25.2,24500
2020-09-09,24.95,24.95,25.15,24.9,25.15,25525
2020-09-10,25.0,25.0,25.05,24.85,24.95,34845
2020-09-11,25.0,25.0,25.05,24.8,25.05,25271
2020-09-14,25.1,25.1,25.15,25.0,25.05,128000
2020-09-15,25.05,25.05,25.2,25.0,25.2,75266
2020-09-16,25.05,25.05,25.15,24.9,25.05,84000
2020-09-17,25.15,25.15,25.15,25.0,25.15,173400
2020-09-18,25.05,25.05,25.15,25.0,25.15,135050
2020-09-21,25.2,25.2,25.2,25.0,25.15,121309
2020-09-22,25.0,25.0,25.15,24.9,25.0,38668
2020-09-23,24.9,24.9,25.15,24.85,25.15,30034
2020-09-24,24.65,24.65,25.0,24.65,25.0,46174
2020-09-25,24.6,24.6,24.75,24.4,24.6,28984
2020-09-28,24.4,24.4,24.7,24.4,24.7,34735
2020-09-29,24.4,24.4,24.6,24.4,24.5,24585
2020-09-30,24.4,24.4,24.65,24.4,24.65,44738
2020-10-05,24.5,24.5,24.6,24.4,24.5,34001
2020-10-06,24.7,24.7,24.7,24.55,24.55,128466
2020-10-07,24.7,24.7,24.7,24.45,24.5,28110
2020-10-08,24.55,24.55,24.7,24.4,24.7,39946
2020-10-12,24.55,24.55,24.6,24.5,24.6,6200
2020-10-13,24.55,24.55,24.55,24.3,24.55,167451
2020-10-14,24.55,24.55,24.55,24.4,24.4,35674
2020-10-15,24.6,24.6,24.6,24.55,24.55,5115
2020-10-16,24.55,24.55,24.6,24.4,24.6,46000
2020-10-19,24.55,24.55,24.55,24.4,24.45,88282
2020-10-20,24.35,24.35,24.5,24.3,24.4,81513
2020-10-21,24.45,24.45,24.55,24.3,24.35,43055
2020-10-22,24.5,24.5,24.5,24.35,24.35,47901
2020-10-23,24.4,24.4,24.5,24.3,24.5,77650
2020-10-26,24.4,24.4,24.5,24.3,24.5,208436
2020-10-27,24.3,24.3,24.55,24.2,24.55,44314
2020-10-28,24.2,24.2,24.45,24.2,24.4,131798
2020-10-29,24.3,24.3,24.4,24.15,24.4,35311
2020-10-30,24.1,24.1,24.4,24.1,24.4,149790
2020-11-02,24.1,24.1,24.25,24.0,24.15,190292
2020-11-03,24.15,24.15,24.25,24.15,24.2,130711
2020-11-04,24.25,24.25,24.25,24.0,24.2,30458
2020-11-05,24.0,24.0,24.25,24.0,24.05,98641
2020-11-06,24.35,24.35,24.35,24.0,24.2,103166
2020-11-09,24.6,24.6,25.35,24.35,24.35,176944
2020-11-10,24.85,24.85,25.0,24.6,24.6,246099
2020-11-11,24.85,24.85,24.95,24.6,24.75,136953
2020-11-12,25.6,25.6,25.7,24.7,24.85,112435
2020-11-13,25.95,25.95,26.15,25.3,25.3,408959
2020-11-16,26.25,26.25,26.75,26.1,26.2,230888
2020-11-17,26.65,26.65,26.8,26.4,26.6,114033
2020-11-18,26.85,26.85,26.9,26.65,26.65,132606
2020-11-19,26.9,26.9,26.9,26.65,26.7,82979
2020-11-20,27.05,27.05,27.05,26.85,26.9,99541
2020-11-23,27.05,27.05,27.3,27.0,27.05,136595
2020-11-24,27.35,27.35,27.35,27.0,27.05,234521
2020-11-25,27.95,27.95,28.0,27.35,27.35,231012
2020-11-26,29.6,29.6,29.9,28.0,28.0,655090
2020-11-27,28.75,28.75,29.65,28.45,29.6,506919
2020-11-30,28.4,28.4,29.05,28.05,28.85,375157
2020-12-01,28.8,28.8,28.8,28.3,28.5,154213
2020-12-02,29.1,29.1,29.2,28.8,28.8,247525
2020-12-04,29.9,29.9,30.2,29.3,29.35,967652
2020-12-07,30.0,30.0,30.2,29.5,29.95,391613
2020-12-08,29.95,29.95,30.1,29.8,29.95,208660
2020-12-09,30.2,30.2,30.2,29.9,29.9,358184
2020-12-10,30.8,30.8,31.2,29.9,30.2,443447
2020-12-11,31.45,31.45,31.85,30.85,30.9,574297
2020-12-14,31.8,31.8,32.0,31.65,32.0,309541
2020-12-15,31.8,31.8,31.9,31.65,31.8,241767
2020-12-16,31.7,31.7,32.0,31.65,31.85,251614
2020-12-17,31.8,31.8,32.15,31.6,31.7,371701
2020-12-18,33.75,33.75,34.5,31.9,32.7,1139942
2020-12-21,32.35,32.35,33.75,32.0,33.75,570957
2020-12-22,30.1,30.1,32.35,30.1,32.35,642364
2020-12-23,30.8,30.8,30.9,30.2,30.2,220503
2020-12-24,30.7,30.7,31.15,30.1,31.15,214230
2020-12-25,30.3,30.3,30.8,30.25,30.7,217073
2020-12-28,30.65,30.65,30.95,29.95,30.4,326106
2020-12-29,31.15,31.15,31.45,30.35,30.85,432223
2020-12-30,32.0,32.0,32.6,31.0,31.3,802961
2020-12-31,31.6,31.6,33.4,31.25,32.15,1100287
2021-01-04,31.65,31.65,32.0,31.5,31.9,493635
2021-01-05,31.55,31.55,32.0,31.1,31.8,332502
2021-01-06,30.25,30.25,31.95,30.1,31.65,279530
2021-01-07,29.4,29.4,30.8,28.9,30.45,349746
2021-01-08,28.8,28.8,29.7,28.6,29.7,208452
2021-01-11,29.2,29.2,29.2,28.2,29.0,256805
2021-01-12,28.45,28.45,29.25,28.35,29.2,210952
2021-01-13,29.2,29.2,29.55,28.5,28.6,515837
2021-01-14,28.75,28.75,29.45,28.5,29.3,240240
2021-01-15,28.3,28.3,28.9,28.2,28.9,185100
2021-01-18,27.4,27.4,28.45,26.85,28.45,374706
2021-01-19,26.9,26.9,27.65,26.9,27.45,153459
2021-01-20,26.2,26.2,27.05,25.05,26.8,271417
2021-01-21,26.55,26.55,27.2,26.0,26.0,224863
2021-01-22,26.5,26.5,26.8,26.2,26.65,152700
2021-01-25,27.3,27.3,27.35,26.55,26.55,223790
2021-01-26,27.15,27.15,27.45,26.8,27.25,319175
2021-01-27,28.7,28.7,29.7,27.35,27.4,732831
2021-01-28,28.1,28.1,28.5,27.6,28.5,359249
2021-01-29,27.4,27.4,28.05,27.1,28.05,269261
2021-02-01,26.6,26.6,27.4,26.4,27.3,404210
2021-02-02,27.45,27.45,27.45,26.65,26.65,277953
2021-02-03,27.5,27.5,27.7,27.4,27.45,97270
2021-02-04,27.35,27.35,27.65,27.15,27.3,49395
2021-02-05,28.7,28.7,28.9,27.05,27.6,177833
2021-02-17,28.65,28.65,29.2,28.35,29.0,277841
2021-02-18,28.35,28.35,28.8,28.35,28.65,202203
2021-02-19,28.7,28.7,28.8,27.95,28.4,375621
2021-02-22,28.75,28.75,29.1,28.6,28.8,307060
2021-02-23,28.9,28.9,28.95,28.1,28.5,157672
2021-02-24,28.8,28.8,29.0,28.7,28.95,114864
2021-02-25,29.7,29.7,30.6,29.0,29.2,817232
2021-02-26,29.0,29.0,29.7,28.8,29.7,251645
2021-03-02,28.8,28.8,29.35,28.55,29.25,348160
2021-03-03,29.15,29.15,29.2,28.6,28.9,173706
2021-03-04,29.3,29.3,29.3,28.8,29.2,106344
2021-03-05,28.9,28.9,29.2,28.3,29.2,183107
2021-03-08,28.45,28.45,29.0,28.45,29.0,100652
2021-03-09,27.8,27.8,28.7,27.8,28.45,189350
2021-03-10,27.95,27.95,28.8,27.9,28.1,139948
2021-03-11,28.05,28.05,28.4,27.85,28.0,344426
2021-03-12,28.15,28.15,29.0,28.0,28.1,209536
2021-03-15,28.25,28.25,28.5,27.95,28.3,254342
2021-03-16,28.15,28.15,28.4,27.8,28.25,307081
2021-03-17,28.75,28.75,29.5,28.1,28.15,253166
2021-03-18,28.7,28.7,29.4,28.7,29.0,324833
2021-03-19,28.9,28.9,29.0,28.45,28.8,219006
2021-03-22,31.35,31.35,31.7,28.9,29.0,1653217
2021-03-23,30.2,30.2,31.5,29.5,31.35,890054
2021-03-24,30.9,30.9,31.5,29.8,30.2,591785
2021-03-25,30.55,30.55,31.15,30.3,31.0,181574
2021-03-26,30.1,30.1,30.85,30.05,30.85,223354
2021-03-29,29.75,29.75,30.75,29.7,30.2,264120
2021-03-30,29.45,29.45,29.9,29.4,29.75,135239
2021-03-31,28.85,28.85,29.6,28.5,29.6,338318
2021-04-01,30.55,30.55,31.0,28.95,28.95,1146990
2021-04-06,31.8,31.8,32.25,30.75,30.85,1402001
2021-04-07,33.0,33.0,33.15,32.1,32.7,1767518
2021-04-08,32.95,32.95,33.35,32.65,33.35,853537
2021-04-09,34.05,34.05,34.2,32.85,33.1,1239462
2021-04-12,36.5,36.5,37.4,35.45,35.5,3476409
2021-04-13,34.1,34.1,36.3,34.1,36.0,2032134
2021-04-14,33.2,33.2,35.25,31.8,35.0,1427256
2021-04-15,33.5,33.5,33.65,32.8,33.0,510997
2021-04-16,32.9,32.9,33.9,32.9,33.9,474750
2021-04-19,32.95,32.95,33.25,32.1,33.15,702916
2021-04-20,33.25,33.25,34.5,32.8,33.0,1281020
2021-04-21,32.9,32.9,33.85,32.85,33.25,542551
2021-04-22,31.4,31.4,33.3,30.55,33.25,697867
2021-04-23,31.65,31.65,32.4,30.85,31.5,380751
2021-04-26,31.65,31.65,32.0,31.0,31.75,310152
2021-04-27,32.1,32.1,32.75,31.7,31.7,359335
2021-04-28,32.3,32.3,32.8,31.6,32.4,320259
2021-04-29,31.65,31.65,32.7,31.65,32.7,290453
2021-05-03,29.75,29.75,31.65,29.6,31.65,860809
2021-05-04,29.1,29.1,30.0,27.55,30.0,513374
2021-05-05,29.9,29.9,30.6,29.0,29.0,414919
2021-05-06,29.9,29.9,30.65,29.5,29.9,257240
2021-05-07,31.8,31.8,31.95,29.6,30.0,448475
2021-05-10,31.3,31.3,32.45,31.15,31.7,362185
2021-05-11,29.75,29.75,30.9,29.25,30.9,751259
2021-05-12,29.1,29.1,30.5,28.05,29.8,554371
2021-05-13,27.85,27.85,29.05,27.65,28.9,549505
2021-05-14,27.1,27.1,28.45,27.0,27.85,430788
2021-05-17,26.5,26.5,27.2,26.0,26.5,518201
2021-05-18,28.3,28.3,28.4,26.4,26.4,302446
2021-05-19,30.15,30.15,30.2,28.25,28.3,390376
2021-05-20,30.3,30.3,30.4,29.3,30.15,432192
2021-05-21,31.0,31.0,31.2,30.05,30.3,724683
2021-05-24,31.4,31.4,32.0,31.05,31.4,1046260
2021-05-25,32.35,32.35,32.65,31.05,31.4,962351
2021-05-26,32.7,32.7,32.95,32.4,32.4,632200
2021-05-27,32.8,32.8,33.2,32.6,32.7,846201
2021-05-28,33.5,33.5,33.7,32.75,33.2,1230854
2021-05-31,33.7,33.7,33.9,33.45,33.9,833695
2021-06-01,34.35,34.35,34.8,33.8,33.9,1185046
2021-06-02,32.75,32.75,34.6,32.5,34.35,870675
2021-06-03,32.8,32.8,33.1,32.0,32.9,500716
2021-06-04,31.65,31.65,32.8,31.3,32.8,428721
2021-06-07,31.9,31.9,32.1,30.7,31.9,492218
2021-06-08,31.4,31.4,32.0,31.1,31.9,282397
2021-06-09,31.5,31.5,32.0,31.0,31.1,372887
2021-06-10,31.15,31.15,31.5,30.65,31.25,364709
2021-06-11,31.2,31.2,31.5,30.25,31.15,484470
2021-06-15,30.8,30.8,31.4,30.5,31.2,324791
2021-06-16,30.55,30.55,30.8,29.9,30.5,255708
2021-06-17,31.4,31.4,31.4,30.15,30.5,276487
2021-06-18,31.25,31.25,31.5,30.75,31.4,204674
2021-06-21,30.2,30.2,31.15,29.8,31.15,271269
2021-06-22,30.3,30.3,31.0,29.75,30.2,404469
2021-06-23,30.75,30.75,30.95,30.35,30.5,171715
2021-06-24,31.35,31.35,31.65,30.6,30.75,443201
2021-06-25,31.8,31.8,32.5,31.6,31.8,1244026
2021-06-28,31.95,31.95,32.35,31.7,32.3,508602
2021-06-29,31.75,31.75,31.95,31.25,31.95,363480
2021-06-30,32.0,32.0,32.15,31.5,32.0,330132
2021-07-01,31.6,31.6,32.05,31.25,32.05,243489
2021-07-02,31.7,31.7,32.0,31.35,31.6,382640
2021-07-05,32.5,32.5,32.6,31.85,31.85,682633
2021-07-06,31.65,31.65,32.6,31.45,32.5,334635
2021-07-07,31.9,31.9,32.1,31.3,31.5,279579
2021-07-08,31.6,31.6,31.9,31.45,31.9,159573
2021-07-09,31.15,31.15,31.9,31.05,31.4,391650
2021-07-12,31.3,31.3,31.5,30.75,31.2,749943
2021-07-13,30.8,30.8,31.9,30.8,31.6,831271
2021-07-14,31.5,31.5,32.1,30.9,30.9,1214687
2021-07-15,30.85,30.85,31.7,30.7,31.7,620506
2021-07-16,30.3,30.3,31.0,30.0,30.9,413109
2021-07-19,31.4,31.4,31.5,30.0,30.3,972338
2021-07-20,30.85,30.85,31.6,30.85,31.4,282604
2021-07-21,30.2,30.2,31.4,29.7,31.35,511191
2021-07-22,31.35,31.35,31.8,30.25,30.25,672107
2021-07-23,31.75,31.75,31.85,31.3,31.85,389711
2021-07-26,31.75,31.75,32.15,31.45,31.75,803247
2021-07-27,30.55,30.55,31.55,30.5,31.4,432868
2021-07-28,29.95,29.95,31.2,29.45,30.85,647828
2021-07-29,30.0,30.0,30.1,29.4,30.1,207659
2021-07-30,29.1,29.1,30.1,28.9,30.1,518139
2021-08-02,29.25,29.25,29.3,28.9,29.2,240007
2021-08-03,29.25,29.25,29.4,29.15,29.25,85890
2021-08-04,29.45,29.45,29.95,29.1,29.2,119562
2021-08-05,29.1,29.1,29.55,29.0,29.5,219920
2021-08-06,28.85,28.85,29.1,28.25,28.35,237585
2021-08-09,28.6,28.6,29.0,28.5,28.65,124146
2021-08-10,28.5,28.5,29.0,28.4,28.9,94186
2021-08-11,28.0,28.0,28.6,27.7,28.6,147482
2021-08-12,28.1,28.1,28.1,27.7,28.05,129372
2021-08-13,27.55,27.55,28.1,27.3,28.1,216526
2021-08-16,27.0,27.0,27.65,26.7,27.3,202436
2021-08-17,28.3,28.3,28.4,27.0,27.0,242114
2021-08-18,28.4,28.4,28.75,27.55,28.3,240502
2021-08-19,27.6,27.6,28.6,27.3,28.0,146847
2021-08-20,27.55,27.55,27.7,27.2,27.7,60625
2021-08-23,28.0,28.0,28.0,27.55,27.55,157206
2021-08-24,27.6,27.6,28.1,27.3,28.0,78426
2021-08-25,28.0,28.0,28.25,27.45,27.7,138871
2021-08-26,27.8,27.8,28.05,27.6,28.05,59015
2021-08-27,28.1,28.1,28.25,27.7,27.8,252043
2021-08-30,27.9,27.9,27.9,27.85,27.85,54361
2021-08-31,28.05,28.05,28.1,27.7,27.9,102427
2021-09-01,28.0,28.0,28.1,27.8,28.05,21394
2021-09-02,27.7,27.7,28.0,27.5,28.0,34454
2021-09-03,27.65,27.65,27.9,27.4,27.9,118006
2021-09-06,26.5,26.5,27.5,26.45,27.5,344875
2021-09-07,26.45,26.45,26.55,26.0,26.5,51056
2021-09-08,25.9,25.9,26.35,25.9,26.35,105442
2021-09-09,25.75,25.75,26.0,25.5,25.9,138592
2021-09-10,26.4,26.4,26.75,25.75,25.75,280040
2021-09-13,26.8,26.8,26.8,26.2,26.4,75401
2021-09-14,27.25,27.25,27.25,26.55,26.8,355332
2021-09-15,27.8,27.8,27.8,27.0,27.25,363756
2021-09-16,27.7,27.7,27.85,27.35,27.8,258458
2021-09-17,27.9,27.9,28.1,27.65,27.65,380867
2021-09-22,26.8,26.8,27.9,26.5,27.9,123997
2021-09-23,27.0,27.0,27.0,26.4,26.8,128400
2021-09-24,26.6,26.6,27.05,26.5,27.0,93002
2021-09-27,26.7,26.7,26.7,26.35,26.6,62650
2021-09-28,26.7,26.7,26.75,26.4,26.7,29243
2021-09-29,26.6,26.6,26.6,25.8,26.6,204069
2021-09-30,27.0,27.0,27.05,26.3,26.6,275446
2021-10-01,26.5,26.5,27.0,26.0,26.95,108820
2021-10-04,26.1,26.1,26.5,25.75,26.4,73150
2021-10-05,25.9,25.9,25.9,24.5,24.6,165303
2021-10-06,25.5,25.5,25.9,25.2,25.9,59107
2021-10-07,25.8,25.8,25.8,25.45,25.5,126615
2021-10-08,25.85,25.85,25.85,25.65,25.8,47094
2021-10-12,25.5,25.5,25.85,24.95,25.6,85503
2021-10-13,24.7,24.7,25.5,24.0,25.5,311630
2021-10-14,24.5,24.5,24.8,23.85,24.7,118133
2021-10-15,24.7,24.7,24.7,24.3,24.5,84197
2021-10-18,25.0,25.0,25.0,24.45,24.9,91001
2021-10-19,25.2,25.2,25.2,24.5,25.0,164189
2021-10-20,26.05,26.05,26.05,24.75,24.8,315115
2021-10-21,25.95,25.95,26.05,25.7,26.05,21306
2021-10-22,25.8,25.8,25.95,25.4,25.95,44252
2021-10-25,27.2,27.2,27.25,25.8,25.8,522620
2021-10-26,27.7,27.7,28.0,26.75,27.2,429305
2021-10-27,27.85,27.85,28.0,27.3,27.7,863730
2021-10-28,29.0,29.0,29.0,27.85,27.85,1201427
2021-10-29,30.95,30.95,30.95,29.2,29.25,2372485
2021-11-01,32.95,32.95,33.55,32.1,32.4,5179210
2021-11-02,31.55,31.55,33.1,30.5,33.1,2093976
2021-11-03,30.45,30.45,31.65,29.8,31.65,1327961
2021-11-04,31.0,31.0,31.45,29.7,30.2,1170749
2021-11-05,30.4,30.4,30.75,30.2,30.7,303694
2021-11-08,31.35,31.35,31.4,29.6,30.4,1057953
2021-11-09,32.0,32.0,32.05,31.15,31.5,1644527
2021-11-10,30.8,30.8,31.6,30.5,31.6,995955
2021-11-11,31.05,31.05,31.5,30.05,30.7,1028448
2021-11-12,30.9,30.9,31.1,30.65,31.05,320660
2021-11-15,29.8,29.8,30.9,29.65,30.9,771705
2021-11-16,28.75,28.75,30.0,28.7,30.0,662311
2021-11-17,30.1,30.1,30.8,29.35,29.7,1060512
2021-11-18,29.3,29.3,30.7,29.15,30.1,610665
2021-11-19,28.75,28.75,29.6,28.5,29.2,447413
2021-11-22,30.95,30.95,31.4,29.05,29.2,1430504
2021-11-23,29.8,29.8,30.35,29.6,30.35,554749
2021-11-24,29.65,29.65,30.0,29.55,29.7,290521
2021-11-25,29.2,29.2,29.75,29.2,29.65,201477
2021-11-26,28.75,28.75,29.5,28.6,29.5,271569
2021-11-29,27.95,27.95,28.3,27.3,28.2,269472
2021-11-30,27.9,27.9,28.55,27.6,28.35,222672
2021-12-01,27.8,27.8,28.05,27.65,27.95,176435
2021-12-02,27.75,27.75,28.4,27.7,27.8,173707
2021-12-03,28.05,28.05,28.4,27.75,28.4,169601
2021-12-06,28.25,28.25,28.65,27.5,27.75,514707
2021-12-07,28.75,28.75,29.2,28.2,28.6,804040
2021-12-08,29.4,29.4,29.55,28.75,29.0,699243
2021-12-09,28.8,28.8,29.5,28.35,29.5,368870
2021-12-10,29.3,29.3,29.5,28.5,28.5,501280
2021-12-13,29.65,29.65,30.5,29.4,29.6,1372512
2021-12-14,28.75,28.75,30.0,28.6,29.95,319675
2021-12-15,28.8,28.8,29.25,28.75,28.75,307084
2021-12-16,29.2,29.2,29.65,28.9,29.45,479499
2021-12-17,28.05,28.05,29.0,27.95,29.0,438486
2021-12-20,27.85,27.85,28.3,27.8,28.05,131219
2021-12-21,27.8,27.8,28.8,27.65,27.85,270068
2021-12-22,28.2,28.2,28.7,27.75,27.9,605732
2021-12-23,30.2,30.2,30.65,28.3,28.5,3420648
2021-12-24,29.2,29.2,30.2,28.85,30.2,1239484
2021-12-27,29.5,29.5,29.75,29.2,29.35,527223
2021-12-28,29.25,29.25,29.95,29.05,29.45,575736
2021-12-29,29.0,29.0,29.35,28.9,29.35,216261
2021-12-30,28.65,28.65,29.3,28.65,29.3,409552
2022-01-03,28.1,28.1,29.15,28.0,29.15,326325
2022-01-04,28.3,28.3,28.65,28.0,28.0,257016
2022-01-05,27.9,27.9,28.35,27.75,28.35,382060
2022-01-06,28.05,28.05,28.55,27.95,28.0,640920
2022-01-07,27.9,27.9,28.45,27.35,28.45,479745
2022-01-10,27.9,27.9,28.3,27.5,28.0,168008
2022-01-11,27.95,27.95,28.3,27.8,28.0,558886
2022-01-12,27.9,27.9,29.25,27.85,28.4,1109462
2022-01-13,27.8,27.8,28.3,27.6,28.1,256162
2022-01-14,27.3,27.3,28.0,27.25,28.0,343445
2022-01-17,28.5,28.5,28.65,27.4,27.4,534472
2022-01-18,28.15,28.15,28.6,27.9,28.5,262342
2022-01-19,28.0,28.0,28.55,27.75,28.15,302299
2022-01-20,28.95,28.95,29.0,27.85,28.0,862627
2022-01-21,28.6,28.6,29.0,28.1,28.8,647502
2022-01-24,28.4,28.4,28.85,27.85,28.5,364213
2022-01-25,28.15,28.15,28.85,27.95,28.2,394738
2022-01-26,28.0,28.0,28.5,28.0,28.0,259644
2022-02-07,30.35,30.35,30.7,28.25,28.25,2184048
2022-02-08,32.65,32.65,33.35,30.0,30.4,10828946
2022-02-09,33.45,33.45,34.8,32.7,34.5,11833710
2022-02-10,36.75,36.75,36.75,33.65,33.75,16539792
2022-02-11,36.0,36.0,37.85,35.75,36.8,39923618
2022-02-14,36.4,36.4,37.65,35.9,36.35,30126726
2022-02-15,37.6,37.6,37.6,36.6,36.65,17886989
2022-02-16,38.0,38.0,39.8,36.65,38.2,33357218
2022-02-17,37.0,37.0,38.95,36.65,38.6,13926313
2022-02-18,36.15,36.15,36.3,35.0,36.0,10137740
2022-02-21,33.5,33.5,35.75,33.15,35.5,8349243
2022-02-22,33.8,33.8,34.4,32.65,33.0,6815886
2022-02-23,34.0,34.0,34.2,33.45,33.45,3584356
2022-02-24,33.15,33.15,34.25,32.45,33.5,3021349
2022-02-25,33.9,33.9,34.35,33.3,33.35,2343570
2022-03-01,33.2,33.2,34.75,33.2,34.55,2437825
2022-03-02,34.35,34.35,34.45,32.85,32.85,2116001
2022-03-03,34.05,34.05,35.2,34.0,34.65,2067655
2022-03-04,33.3,33.3,34.5,33.05,33.95,1474056
2022-03-07,31.8,31.8,33.2,31.3,33.1,2014356
2022-03-08,31.2,31.2,32.5,30.3,30.3,2036988
2022-03-09,31.3,31.3,32.1,30.95,32.1,1143230
2022-03-10,32.45,32.45,32.85,31.6,31.65,1389804
2022-03-11,32.05,32.05,32.1,31.3,32.0,1044639
2022-03-14,35.25,35.25,35.25,34.0,34.0,5765584
2022-03-15,33.05,33.05,36.2,33.05,35.05,8303118
2022-03-16,36.35,36.35,36.35,33.7,33.9,11559018
2022-03-17,38.95,38.95,39.0,36.45,37.75,30259484
2022-03-18,37.6,37.6,40.2,37.45,38.3,20437078
2022-03-21,36.4,36.4,38.35,36.0,37.9,7884027
2022-03-22,35.55,35.55,36.3,35.0,35.75,5203070
2022-03-23,35.2,35.2,35.9,35.05,35.8,3001974
2022-03-24,35.1,35.1,35.7,35.0,35.1,1805526
2022-03-25,34.45,34.45,35.35,34.35,35.35,1699539
2022-03-28,34.65,34.65,34.85,33.6,33.75,1172618
2022-03-29,34.4,34.4,34.9,34.35,34.65,824094
2022-03-30,35.2,35.2,35.7,34.7,35.0,3067356
2022-03-31,33.75,33.75,35.2,33.7,35.2,2270133
2022-04-01,33.1,33.1,33.55,32.85,33.55,1196551
2022-04-06,33.2,33.2,33.2,32.45,33.1,753365
2022-04-07,33.0,33.0,34.4,33.0,33.55,1796646
2022-04-08,33.35,33.35,33.8,33.05,33.3,588220
2022-04-11,32.05,32.05,33.85,31.75,33.85,1180178
2022-04-12,31.55,31.55,32.1,31.45,32.05,1123636
2022-04-13,31.3,31.3,32.15,31.2,32.0,947820
2022-04-14,31.55,31.55,31.6,30.65,31.5,1497436
2022-04-15,30.5,30.5,31.45,30.45,31.05,1039293
2022-04-18,30.1,30.1,30.8,30.1,30.6,654740
2022-04-19,30.1,30.1,30.5,29.7,30.45,807548
2022-04-20,29.95,29.95,30.5,29.85,30.3,559734
2022-04-21,29.95,29.95,30.2,29.55,30.1,578082
2022-04-22,29.45,29.45,29.95,29.2,29.95,927218
2022-04-25,28.55,28.55,29.0,28.05,29.0,1003966
2022-04-26,28.85,28.85,29.25,28.65,28.7,544880
2022-04-27,27.65,27.65,28.0,26.8,28.0,1559150
2022-04-28,27.65,27.65,28.0,27.3,27.75,714529
2022-04-29,27.6,27.6,28.65,27.5,28.0,1021037
2022-05-03,27.45,27.45,27.9,27.25,27.6,494888
2022-05-04,27.3,27.3,27.9,27.25,27.7,515707
2022-05-05,27.55,27.55,27.9,27.45,27.9,471804
2022-05-06,27.25,27.25,27.25,26.4,27.1,928346
2022-05-09,26.55,26.55,27.15,25.85,27.1,984974
2022-05-10,26.4,26.4,26.8,25.65,26.3,408470
2022-05-11,26.5,26.5,26.7,25.95,26.5,467331
2022-05-12,25.8,25.8,26.75,25.8,26.3,433404
2022-05-13,26.1,26.1,26.7,25.7,25.95,348457
2022-05-16,26.5,26.5,26.9,26.2,26.55,361352
2022-05-17,27.2,27.2,27.45,26.7,26.75,615841
2022-05-18,28.15,28.15,28.45,27.25,27.6,1276555
2022-05-19,27.8,27.8,27.8,26.95,27.6,679134
2022-05-20,27.8,27.8,27.9,27.45,27.8,361458
2022-05-23,27.95,27.95,28.3,27.7,27.9,664930
2022-05-24,27.75,27.75,28.05,27.25,28.0,342491
2022-05-25,27.8,27.8,27.9,27.3,27.8,354964
2022-05-26,27.8,27.8,27.95,27.5,27.9,227639
2022-05-27,27.7,27.7,28.1,27.65,27.9,252428
2022-05-30,28.0,28.0,28.0,27.7,28.0,345531
2022-05-31,30.8,30.8,30.8,28.1,28.1,4192024
2022-06-01,29.8,29.8,33.6,29.8,31.45,21029818
2022-06-02,29.15,29.15,30.65,29.05,29.65,3498785
2022-06-06,28.5,28.5,29.15,28.45,29.15,1145744
2022-06-07,28.55,28.55,28.7,28.35,28.35,486007
2022-06-08,28.4,28.4,28.85,28.2,28.85,566058
2022-06-09,28.5,28.5,28.7,28.5,28.65,229460
2022-06-10,28.4,28.4,28.4,28.0,28.4,405594
2022-06-13,27.6,27.6,28.1,27.5,27.8,594755
2022-06-14,27.45,27.45,27.5,26.8,27.0,848317
2022-06-15,27.1,27.1,27.65,26.9,27.45,409234
2022-06-16,26.45,26.45,27.45,26.45,27.45,593583
2022-06-17,26.5,26.5,26.55,26.0,26.1,782281
2022-06-20,25.7,25.7,27.0,25.4,26.65,645970
2022-06-21,26.45,26.45,26.75,25.6,25.7,489941
2022-06-22,25.4,25.4,26.45,25.4,26.45,458612
2022-06-23,25.55,25.55,25.9,24.95,25.85,428147
2022-06-24,26.0,26.0,26.25,25.7,25.8,385467
2022-06-27,26.85,26.85,26.85,26.45,26.45,267327
2022-06-28,26.15,26.15,26.9,25.95,26.9,334579
2022-06-29,26.15,26.15,26.2,25.75,26.1,125792
2022-06-30,25.6,25.6,26.1,25.35,26.1,257847
2022-07-01,24.15,24.15,25.75,24.1,25.75,459628
2022-07-04,24.1,24.1,24.5,24.05,24.2,238648
2022-07-05,24.6,24.6,24.85,24.0,24.65,153242
2022-07-06,24.3,24.3,24.9,24.3,24.6,194705
2022-07-07,24.95,24.95,25.15,24.3,24.3,221511
2022-07-08,25.35,25.35,25.5,24.9,25.3,250415
2022-07-11,25.15,25.15,25.55,25.05,25.2,112153
2022-07-12,24.3,24.3,25.15,24.2,25.15,228668
2022-07-13,24.7,24.7,24.9,24.5,24.85,209524
2022-07-14,26.5,26.5,26.5,24.1,24.35,1178825
2022-07-15,26.25,26.25,26.8,25.75,26.8,954309
2022-07-18,26.1,26.1,26.55,26.05,26.25,230011
2022-07-19,26.0,26.0,26.15,25.8,26.0,143761
2022-07-20,26.1,26.1,26.6,26.05,26.45,392004
2022-07-21,26.4,26.4,26.45,26.1,26.4,211773
2022-07-22,27.55,27.55,28.4,26.4,26.65,1433436
2022-07-25,27.15,27.15,27.85,27.1,27.8,419715
2022-07-26,26.85,26.85,27.15,26.5,27.1,336060
2022-07-27,26.85,26.85,26.95,26.45,26.45,281074
2022-07-28,26.5,26.5,27.1,26.5,27.1,193944
2022-07-29,27.0,27.0,27.1,26.6,26.7,294917
2022-08-01,27.2,27.2,27.35,26.8,27.0,164780
2022-08-02,26.5,26.5,26.85,26.2,26.85,459286
2022-08-03,26.5,26.5,26.7,26.25,26.7,151270
2022-08-04,25.6,25.6,26.6,25.1,26.3,518738
2022-08-05,26.3,26.3,26.45,25.85,25.95,184803
2022-08-08,26.25,26.25,26.25,25.8,25.85,141444
2022-08-09,26.7,26.7,26.75,26.3,26.45,204547
2022-08-10,27.5,27.5,27.8,26.75,27.0,605038
2022-08-11,27.4,27.4,28.2,27.1,28.2,555331
2022-08-12,27.65,27.65,27.7,27.3,27.4,265963
2022-08-15,29.0,29.0,29.25,28.1,28.1,1714974
2022-08-16,29.1,29.1,29.8,29.0,29.15,1059058
2022-08-17,29.55,29.55,29.8,29.2,29.7,690047
2022-08-18,29.85,29.85,29.9,29.4,29.65,439631
2022-08-19,29.4,29.4,30.3,29.25,30.3,626457
2022-08-22,29.35,29.35,29.35,28.9,28.9,278392
2022-08-23,29.75,29.75,30.0,29.1,29.15,287782
2022-08-24,29.7,29.7,29.85,29.4,29.85,212612
2022-08-25,29.5,29.5,29.8,29.15,29.8,308916
2022-08-26,29.5,29.5,29.8,29.25,29.8,437275
2022-08-29,28.35,28.35,28.9,28.15,28.9,314320
2022-08-30,28.1,28.1,28.45,28.0,28.45,225710
2022-08-31,28.1,28.1,28.2,27.75,28.1,205033
2022-09-01,27.1,27.1,27.8,27.0,27.8,269191
2022-09-02,26.85,26.85,27.35,26.85,27.15,196628
2022-09-05,26.55,26.55,26.95,26.4,26.9,217768
2022-09-06,26.0,26.0,26.7,25.7,26.65,293770
2022-09-07,26.2,26.2,26.4,25.6,25.8,175897
2022-09-08,26.7,26.7,26.7,26.2,26.2,130710
2022-09-12,26.7,26.7,26.7,26.3,26.7,147035
2022-09-13,26.4,26.4,26.7,26.3,26.5,166112
2022-09-14,26.3,26.3,26.4,25.8,25.8,119900
2022-09-15,26.25,26.25,26.45,26.15,26.2,122920
2022-09-16,26.0,26.0,26.25,25.9,26.0,157150
2022-09-19,25.95,25.95,26.0,25.7,26.0,158585
2022-09-20,26.25,26.25,26.25,25.9,26.05,117201
2022-09-21,25.8,25.8,26.25,25.6,26.1,204744
2022-09-22,25.95,25.95,26.2,25.3,25.55,199052
2022-09-23,26.0,26.0,26.0,25.5,25.95,144842
2022-09-26,24.65,24.65,25.6,24.45,25.6,448392
2022-09-27,25.1,25.1,25.1,24.45,24.7,166637
2022-09-28,24.35,24.35,25.2,24.25,25.2,235103
2022-09-29,24.65,24.65,24.8,24.3,24.5,156890
2022-09-30,25.1,25.1,25.1,24.1,24.1,152594
2022-10-03,25.3,25.3,25.35,24.9,24.9,118633
2022-10-04,25.5,25.5,25.7,25.3,25.5,117141
2022-10-05,26.1,26.1,26.45,25.25,25.8,457299
2022-10-06,25.7,25.7,26.8,25.65,26.4,666590
2022-10-07,25.6,25.6,25.85,25.4,25.85,138380
2022-10-11,25.2,25.2,25.2,24.6,25.05,133785
2022-10-12,24.8,24.8,25.35,24.6,25.1,117002
2022-10-13,24.05,24.05,25.15,23.55,24.95,252457
2022-10-14,24.5,24.5,24.8,24.1,24.65,237495
2022-10-17,24.1,24.1,24.25,23.7,24.25,119895
2022-10-18,24.15,24.15,24.4,24.0,24.4,45445
2022-10-19,24.25,24.25,24.3,23.8,24.3,131556
2022-10-20,24.0,24.0,24.1,23.6,24.1,89279
2022-10-21,23.8,23.8,24.0,23.55,24.0,162711
2022-10-24,23.9,23.9,24.15,23.85,24.15,73697
2022-10-25,23.8,23.8,24.1,23.7,24.05,65856
2022-10-26,23.75,23.75,23.95,23.45,23.85,118962
2022-10-27,23.95,23.95,24.05,23.85,24.0,63561
2022-10-28,23.9,23.9,24.1,23.75,23.8,61198
2022-10-31,24.45,24.45,24.45,23.95,23.95,85503
2022-11-01,24.55,24.55,24.6,24.1,24.4,45361
2022-11-02,24.45,24.45,24.6,24.1,24.6,101315
2022-11-03,24.45,24.45,24.45,24.3,24.35,31910
2022-11-04,24.6,24.6,24.65,24.3,24.5,129001
2022-11-07,24.8,24.8,24.85,24.6,24.6,56532
2022-11-08,24.75,24.75,25.1,24.75,25.1,80872
2022-11-09,24.9,24.9,25.1,24.8,25.0,63582
2022-11-10,24.5,24.5,24.8,24.5,24.8,57336
2022-11-11,24.6,24.6,25.0,24.3,24.9,190717
2022-11-14,25.1,25.1,25.1,24.65,24.7,159595
2022-11-15,25.4,25.4,25.85,25.0,25.15,273617
2022-11-16,25.3,25.3,25.75,25.3,25.65,124879
2022-11-17,25.35,25.35,25.55,25.25,25.5,69189
2022-11-18,25.3,25.3,25.5,25.2,25.5,41737
2022-11-21,25.25,25.25,25.5,25.1,25.5,31994
2022-11-22,25.2,25.2,25.45,24.95,25.3,48333
2022-11-23,25.3,25.3,25.5,25.0,25.2,161851
2022-11-24,27.8,27.8,27.8,25.5,25.5,3683093
2022-11-25,27.8,27.8,27.8,26.45,27.6,2600583
2022-11-28,27.75,27.75,27.75,27.0,27.3,729601
2022-11-29,27.8,27.8,28.2,27.55,27.7,987355
2022-11-30,28.1,28.1,28.1,27.6,27.95,864905
2022-12-01,28.4,28.4,28.4,28.0,28.25,734258
2022-12-02,28.4,28.4,28.6,28.3,28.4,437634
2022-12-05,28.45,28.45,28.7,28.4,28.5,593059
2022-12-06,27.95,27.95,28.45,27.75,28.45,720210
2022-12-07,27.6,27.6,28.0,27.6,27.75,188270
2022-12-08,27.3,27.3,27.7,27.1,27.6,260615
2022-12-09,27.35,27.35,27.6,27.3,27.55,113033
2022-12-12,27.4,27.4,27.5,27.2,27.45,66595
2022-12-13,27.4,27.4,27.5,27.3,27.4,156740
2022-12-14,27.85,27.85,28.2,27.4,27.4,405431
2022-12-15,28.15,28.15,28.25,27.8,27.8,315918
2022-12-16,28.3,28.3,28.9,27.95,28.1,986168
2022-12-19,28.7,28.7,28.85,28.2,28.35,534156
2022-12-20,28.6,28.6,29.15,28.5,28.7,1038377
2022-12-21,28.85,28.85,29.1,28.6,28.6,563150
2022-12-22,29.4,29.4,29.7,28.95,28.95,697153
2022-12-23,29.0,29.0,29.8,29.0,29.3,891509
2022-12-26,29.15,29.15,29.8,28.85,28.85,1166965
2022-12-27,28.55,28.55,29.35,28.15,29.2,1031679
2022-12-28,28.4,28.4,29.25,28.2,29.15,1030365
2022-12-29,29.05,29.05,29.4,28.3,28.4,1054445
2022-12-30,28.5,28.5,29.5,28.5,29.4,431948
2023-01-03,28.15,28.15,28.65,28.0,28.5,272232
2023-01-04,28.1,28.1,28.3,27.9,28.2,191551
2023-01-05,27.8,27.8,28.25,27.8,28.25,234951
2023-01-06,27.65,27.65,27.85,27.6,27.8,123456
2023-01-09,27.75,27.75,28.0,27.75,27.95,111042
2023-01-10,27.6,27.6,27.85,27.5,27.6,172925
2023-01-11,27.55,27.55,27.75,27.45,27.7,180649
2023-01-12,27.5,27.5,27.7,27.4,27.65,168816
2023-01-13,27.3,27.3,27.65,27.2,27.65,276677
2023-01-16,28.7,28.7,28.85,27.4,27.4,899827
2023-01-17,28.5,28.5,28.9,28.35,28.6,285087
2023-01-30,29.15,29.15,29.5,28.6,28.95,628556
2023-01-31,28.95,28.95,29.3,28.9,29.15,200480
2023-02-01,29.0,29.0,29.3,28.8,29.25,237338
2023-02-02,29.4,29.4,29.5,29.2,29.2,394021
2023-02-03,30.6,30.6,30.9,29.3,29.4,1664491
2023-02-06,30.6,30.6,31.5,30.35,30.85,1620817
2023-02-07,30.15,30.15,30.4,30.0,30.4,303627
2023-02-08,30.2,30.2,30.7,30.0,30.7,439183
2023-02-09,30.1,30.1,30.25,29.75,30.2,298954
2023-02-10,29.65,29.65,30.1,29.6,30.0,252428
2023-02-13,30.7,30.7,31.1,29.45,29.6,890004
2023-02-14,30.4,30.4,30.95,30.4,30.9,271989
2023-02-15,32.5,32.5,32.8,30.5,30.55,3250690
2023-02-16,32.5,32.5,32.9,32.15,32.85,1712785
2023-02-17,33.45,33.45,33.9,32.25,32.5,2920995
2023-02-20,32.9,32.9,33.7,32.5,33.65,2116320
2023-02-21,32.15,32.15,33.0,31.65,33.0,1338683
2023-02-22,32.3,32.3,32.8,31.3,31.9,1571005
2023-02-23,32.85,32.85,33.35,32.45,32.6,2465348
2023-02-24,32.35,32.35,32.95,32.2,32.95,954859
2023-03-01,33.0,33.0,33.25,31.5,31.9,1454161
2023-03-02,33.15,33.15,33.45,32.55,32.95,1470039
2023-03-03,33.85,33.85,33.95,33.05,33.05,2575976
2023-03-06,33.55,33.55,34.5,33.55,34.5,3614495
2023-03-07,33.05,33.05,33.55,32.9,33.55,1146886
2023-03-08,33.3,33.3,33.35,32.6,33.0,1299966
2023-03-09,32.4,32.4,33.4,32.4,33.3,1108067
2023-03-10,31.8,31.8,32.55,31.7,32.4,758203
2023-03-13,31.55,31.55,31.75,30.9,31.55,539320
2023-03-14,31.5,31.5,32.0,31.4,31.4,478667
2023-03-15,31.15,31.15,31.95,31.1,31.9,590856
2023-03-16,30.9,30.9,31.5,30.8,31.0,550497
2023-03-17,31.3,31.3,31.75,31.2,31.25,757560
2023-03-20,32.0,32.0,32.45,31.25,31.55,1110355
2023-03-21,33.3,33.3,33.6,32.4,32.45,2171948
2023-03-22,33.3,33.3,33.9,33.3,33.35,2610214
2023-03-23,33.4,33.4,34.0,33.3,33.55,1630078
2023-03-24,32.6,32.6,33.85,32.6,33.45,1323321
2023-03-27,31.25,31.25,32.55,31.15,32.55,1446739
2023-03-28,30.4,30.4,31.75,30.25,31.75,901371
2023-03-29,30.45,30.45,30.5,29.7,30.3,851217
2023-03-30,30.45,30.45,30.75,30.2,30.2,365384
2023-03-31,30.5,30.5,30.6,30.3,30.3,255170
2023-04-06,30.6,30.6,30.8,29.9,30.0,417411
2023-04-07,30.55,30.55,30.85,30.45,30.45,335602
2023-04-10,31.5,31.5,31.6,30.7,31.0,947913
2023-04-11,31.25,31.25,31.6,31.1,31.6,471439
2023-04-12,32.3,32.3,32.6,31.4,31.55,1419214
2023-04-13,32.75,32.75,33.05,32.2,32.2,1199459
2023-04-14,33.15,33.15,33.7,32.95,33.0,1550669
2023-04-17,33.1,33.1,33.8,33.0,33.1,1916545
2023-04-18,32.8,32.8,33.85,32.8,33.3,1654550
2023-04-19,33.1,33.1,33.65,32.9,32.9,1475576
2023-04-20,31.8,31.8,33.1,31.7,33.1,814400
2023-04-21,31.0,31.0,31.9,30.6,31.65,773925
2023-04-24,31.65,31.65,31.8,30.7,31.35,430101
2023-04-25,31.0,31.0,31.9,30.7,31.7,602504
2023-04-26,31.25,31.25,31.35,30.6,31.0,215220
2023-04-27,31.0,31.0,31.45,30.95,31.45,179790
2023-04-28,33.4,33.4,33.55,31.75,31.95,1977544
2023-05-02,33.4,33.4,34.6,33.2,34.1,2438678
2023-05-03,33.25,33.25,33.9,32.8,33.6,973127
2023-05-04,33.4,33.4,33.75,33.05,33.15,710563
2023-05-05,32.6,32.6,33.4,32.6,33.4,457188
2023-05-08,32.0,32.0,32.8,31.9,32.8,534924
2023-05-09,31.15,31.15,32.15,31.1,32.1,848019
2023-05-10,31.55,31.55,31.6,30.7,31.25,698319
2023-05-11,30.2,30.2,31.2,30.1,31.2,1098040
2023-05-12,30.2,30.2,30.5,29.7,29.9,430477
2023-05-15,30.05,30.05,30.25,29.3,30.2,818814
2023-05-16,30.05,30.05,30.25,29.95,30.25,331735
2023-05-17,29.95,29.95,30.25,29.9,30.05,573163
2023-05-18,29.9,29.9,30.15,29.65,30.15,421825
2023-05-19,30.1,30.1,30.75,30.05,30.2,771642
2023-05-22,30.85,30.85,30.85,30.0,30.15,695341
2023-05-23,31.1,31.1,31.45,30.65,30.9,781013
2023-05-24,31.7,31.7,31.9,31.05,31.2,658553
2023-05-25,31.95,31.95,32.0,31.4,31.85,509557
2023-05-26,30.75,30.75,31.95,30.45,31.95,843218
2023-05-29,31.1,31.1,31.4,30.8,30.9,416846
2023-05-30,30.8,30.8,31.35,30.75,31.35,230723
2023-05-31,31.0,31.0,31.05,30.7,30.85,278734
2023-06-01,31.05,31.05,31.2,30.9,31.1,96687
2023-06-02,31.4,31.4,31.4,30.8,31.1,577605
2023-06-05,31.95,31.95,32.15,31.35,31.45,685851
2023-06-06,31.75,31.75,32.0,31.65,31.95,198445
2023-06-07,31.65,31.65,32.2,31.65,31.75,448934
2023-06-08,30.8,30.8,31.45,30.65,31.45,606661
2023-06-09,31.9,31.9,31.9,30.7,30.75,532859
2023-06-12,33.3,33.3,33.35,32.05,32.05,2344579
2023-06-13,32.5,32.5,33.4,32.5,33.35,1430711
2023-06-14,32.75,32.75,33.0,32.6,32.7,420201
2023-06-15,33.25,33.25,33.5,32.8,32.95,1111692
2023-06-16,33.45,33.45,33.5,32.95,33.35,867539
2023-06-19,33.5,33.5,33.9,33.0,33.55,1094404
2023-06-20,33.4,33.4,33.65,32.75,33.5,698819
2023-06-21,33.85,33.85,34.3,33.3,33.35,1519013
2023-06-26,34.15,34.15,34.4,33.75,33.9,2213762
2023-06-27,32.5,32.5,34.3,32.5,34.0,2033113
2023-06-28,35.75,35.75,35.75,33.0,33.0,3650488
2023-06-29,35.85,35.85,37.45,34.75,37.45,6595484
2023-06-30,32.75,32.75,35.6,32.6,35.5,5425444
2023-07-03,33.1,33.1,33.45,32.2,33.0,2122175
2023-07-04,33.1,33.1,33.5,32.6,33.3,875010
2023-07-05,32.7,32.7,33.4,32.7,33.15,740344
2023-07-06,32.15,32.15,32.8,32.15,32.55,1132387
2023-07-07,31.05,31.05,32.0,30.7,32.0,1403643
2023-07-10,30.65,30.65,31.35,30.65,31.3,706506
2023-07-11,30.35,30.35,30.8,30.35,30.8,934135
2023-07-12,30.1,30.1,30.55,30.1,30.4,723852
2023-07-13,29.8,29.8,30.45,29.8,30.35,1184669
2023-07-14,30.0,30.0,30.35,29.7,29.9,933932
2023-07-17,30.9,30.9,31.4,30.3,30.3,1254593
2023-07-18,30.35,30.35,31.0,30.3,30.75,1085313
2023-07-19,29.85,29.85,30.7,29.8,30.7,1100649
2023-07-20,29.95,29.95,30.3,29.8,29.8,565526
2023-07-21,30.65,30.65,31.75,29.75,30.0,1877123
2023-07-24,31.5,31.5,31.7,30.75,30.85,1455872
2023-07-25,32.8,32.8,33.65,31.55,31.7,3404912
2023-07-26,32.65,32.65,33.2,32.35,32.7,1419035
2023-07-27,30.65,30.65,32.4,30.65,32.35,4037521
2023-07-28,31.05,31.05,31.5,30.5,30.95,1427427
2023-07-31,32.9,32.9,33.9,31.35,31.5,4876145
2023-08-01,32.8,32.8,33.4,32.25,33.1,1833990
2023-08-02,32.1,32.1,33.65,32.1,32.8,4672505
2023-08-04,35.3,35.3,35.3,34.0,35.1,10274435
2023-08-07,38.45,38.45,38.45,34.6,34.7,12373123
2023-08-08,37.9,37.9,38.35,36.4,38.1,7065810
2023-08-09,37.9,37.9,38.4,36.6,37.3,3048278
2023-08-10,37.0,37.0,37.65,36.55,37.35,3028616
2023-08-11,36.6,36.6,37.2,35.6,37.05,2353134
2023-08-14,36.75,36.75,37.3,36.0,36.8,2177768
2023-08-15,37.8,37.8,38.1,36.55,37.0,2888127
2023-08-16,38.1,38.1,39.1,37.0,37.45,3993516
2023-08-17,38.15,38.15,38.95,37.5,37.55,2905804
2023-08-18,38.45,38.45,39.25,37.7,38.1,4714654
2023-08-21,37.4,37.4,38.95,37.25,38.35,2655060
2023-08-22,37.8,37.8,38.4,37.05,37.7,2121157
2023-08-23,38.4,38.4,38.5,37.55,37.55,1443122
2023-08-24,39.25,39.25,39.25,38.15,38.5,3095266
2023-08-25,38.5,38.5,39.0,37.8,39.0,1783524
2023-08-28,36.6,36.6,38.0,36.55,37.8,1464965
2023-08-29,34.0,34.0,36.6,34.0,36.6,2417114
2023-08-30,35.65,35.65,36.45,34.25,34.35,1972260
2023-08-31,36.75,36.75,37.0,35.65,35.7,1182329
2023-09-01,36.1,36.1,37.0,36.1,36.7,1070770
2023-09-04,37.25,37.25,38.2,35.8,36.1,2107169
2023-09-05,37.85,37.85,38.6,37.15,37.2,1650453
2023-09-06,37.4,37.4,38.5,37.3,38.5,920928
2023-09-07,36.35,36.35,37.9,36.15,37.9,1251969
2023-09-08,35.9,35.9,36.9,35.9,36.4,628978
2023-09-11,36.55,36.55,36.65,35.0,35.95,1041757
2023-09-12,38.2,38.2,39.15,36.8,36.8,4166571
2023-09-13,38.45,38.45,39.25,37.35,38.4,2714347
2023-09-14,42.25,42.25,42.25,39.4,39.55,8037644
2023-09-15,40.35,40.35,43.15,38.1,43.05,22652261
2023-09-18,43.55,43.55,44.25,40.1,40.15,22219694
2023-09-19,42.25,42.25,43.35,41.4,43.15,11465635
2023-09-20,41.3,41.3,42.2,40.7,41.95,5133137
2023-09-21,40.0,40.0,42.0,39.8,41.65,5684765
2023-09-22,39.3,39.3,39.9,38.7,39.3,3629602
2023-09-25,40.2,40.2,40.7,39.2,39.25,2238869
2023-09-26,38.85,38.85,40.8,38.85,40.0,2305966
2023-09-27,38.15,38.15,38.85,37.9,38.5,2124741
2023-09-28,38.9,38.9,39.7,38.2,38.4,1558009
2023-10-02,40.35,40.35,40.85,39.25,39.25,2288409
2023-10-03,39.55,39.55,40.8,39.5,40.05,1699287
2023-10-04,39.25,39.25,39.4,38.2,39.0,1098969
2023-10-05,38.5,38.5,39.65,38.35,39.25,1592667
2023-10-06,38.15,38.15,38.7,37.9,38.5,1198943
2023-10-11,37.1,37.1,38.3,37.0,38.25,1682656
2023-10-12,37.3,37.3,37.8,36.8,36.8,902821
2023-10-13,37.0,37.0,38.35,37.0,38.35,2404088
2023-10-16,38.95,38.95,39.0,37.0,37.45,2019405
2023-10-17,39.15,39.15,39.9,38.85,39.05,3397887
2023-10-18,37.6,37.6,39.45,37.5,39.4,1579199
2023-10-19,39.65,39.65,40.25,37.2,37.4,4898802
2023-10-20,38.85,38.85,39.3,38.2,39.2,1972317
2023-10-23,38.2,38.2,40.1,38.2,38.85,2565550
2023-10-24,39.8,39.8,40.0,37.3,38.15,4498115
2023-10-25,40.55,40.55,41.1,39.8,39.8,10674840
2023-10-26,40.0,40.0,40.75,38.95,39.5,3464725
2023-10-27,40.95,40.95,41.3,39.9,40.0,8655887
2023-10-30,39.3,39.3,40.95,38.4,40.95,5366130
2023-10-31,38.45,38.45,40.7,38.4,39.85,3488695
2023-11-01,37.5,37.5,39.4,37.2,39.1,3426679
2023-11-02,38.9,38.9,39.15,37.8,38.3,2219253
2023-11-03,38.3,38.3,39.2,38.25,38.9,1546068
2023-11-06,37.45,37.45,38.65,37.35,38.4,2497369
2023-11-07,38.5,38.5,38.85,37.35,37.8,2883111
2023-11-08,40.95,40.95,41.25,38.9,39.2,11447244
2023-11-09,41.6,41.6,42.7,40.1,41.55,17520638
2023-11-10,40.3,40.3,41.05,39.5,41.05,6028074
2023-11-13,38.6,38.6,40.9,38.2,40.9,6993562
2023-11-14,38.1,38.1,38.8,38.05,38.5,3143998
2023-11-15,40.65,40.65,41.05,38.3,38.65,9635630
2023-11-16,39.9,39.9,41.65,39.6,39.6,6646232
2023-11-17,39.3,39.3,40.25,39.2,40.0,2922943
2023-11-20,42.1,42.1,42.4,39.2,39.5,14458946
2023-11-21,41.0,41.0,42.0,40.9,42.0,6881086
2023-11-22,40.75,40.75,41.6,40.4,41.0,4120673
2023-11-23,40.2,40.2,41.45,40.2,40.9,3137714
2023-11-24,40.05,40.05,40.8,39.65,40.6,2386326
2023-11-27,39.4,39.4,40.7,39.4,40.25,2520966
2023-11-28,39.3,39.3,40.55,39.25,39.45,2973265
2023-11-29,40.05,40.05,40.25,39.4,39.65,2098695
2023-11-30,39.9,39.9,40.45,39.65,40.45,1607982
2023-12-01,40.0,40.0,40.7,39.95,40.05,2485612
2023-12-04,39.75,39.75,41.3,39.75,40.35,3918339
2023-12-05,38.8,38.8,40.3,38.7,40.0,3753805
2023-12-06,38.9,38.9,39.2,38.55,39.05,1562783
2023-12-07,39.5,39.5,40.15,38.8,38.85,2036903
2023-12-08,39.0,39.0,40.3,38.95,39.6,2633351
2023-12-11,39.5,39.5,39.7,38.8,39.0,1237086
2023-12-12,39.5,39.5,40.6,39.5,39.9,2469810
2023-12-13,38.9,38.9,39.8,38.75,39.5,2650537
2023-12-14,39.05,39.05,39.4,38.95,39.2,953912
2023-12-15,38.9,38.9,39.2,38.25,39.1,1719566
2023-12-18,38.15,38.15,38.95,37.9,38.85,2090001
2023-12-19,37.8,37.8,38.25,37.65,38.25,970277
2023-12-20,38.25,38.25,38.65,37.85,37.9,942027
2023-12-21,37.75,37.75,37.95,37.65,37.95,681172
2023-12-22,37.7,37.7,38.2,37.7,38.0,836269
2023-12-25,38.4,38.4,38.75,37.95,37.95,1242954
2023-12-26,38.5,38.5,38.85,38.3,38.75,727075
2023-12-27,38.55,38.55,40.25,38.55,39.45,5480124
2023-12-28,38.95,38.95,39.65,38.75,38.8,2684713
2023-12-29,38.55,38.55,39.3,38.55,39.3,1031135
2024-01-02,38.55,38.55,39.4,38.5,38.9,998222
2024-01-03,38.05,38.05,38.6,37.85,38.6,1006411
2024-01-04,38.0,38.0,38.4,38.0,38.0,680456
2024-01-05,38.05,38.05,38.15,37.9,38.1,589757
2024-01-08,37.35,37.35,38.05,37.35,37.85,1398459
2024-01-09,37.15,37.15,37.65,36.9,37.5,981449
2024-01-10,36.55,36.55,37.3,36.5,37.3,727376
2024-01-11,36.4,36.4,36.6,36.0,36.1,1026676
2024-01-12,36.15,36.15,36.55,36.1,36.1,440321
2024-01-15,36.4,36.4,36.45,36.05,36.2,343001
2024-01-16,35.5,35.5,36.45,35.5,36.45,1262356
2024-01-17,35.4,35.4,35.65,35.1,35.35,746935
2024-01-18,35.15,35.15,35.65,35.15,35.35,356752
2024-01-19,35.35,35.35,35.45,35.1,35.35,557896
2024-01-22,35.65,35.65,35.9,35.5,35.6,472451
2024-01-23,35.9,35.9,35.95,35.3,35.5,782851
2024-01-24,36.1,36.1,36.15,35.75,36.0,377346
2024-01-25,35.45,35.45,36.15,35.45,36.15,565017
2024-01-26,35.4,35.4,35.7,35.15,35.15,349726
2024-01-29,35.85,35.85,35.85,35.3,35.65,266065
2024-01-30,35.8,35.8,35.95,35.65,35.95,259911
2024-01-31,34.95,34.95,35.8,34.85,35.8,797068
2024-02-01,34.7,34.7,35.35,34.45,34.9,686077
2024-02-02,34.9,34.9,35.1,34.75,35.0,469102
2024-02-05,34.55,34.55,34.9,34.35,34.9,506247
2024-02-15,35.0,35.0,35.0,34.35,34.6,636672
2024-02-16,36.2,36.2,36.2,35.15,35.4,1095446
2024-02-19,37.25,37.25,37.7,36.3,36.5,1988902
2024-02-20,37.3,37.3,37.75,36.3,37.6,1056391
2024-02-21,37.25,37.25,37.65,37.05,37.55,659159
2024-02-22,37.3,37.3,37.35,37.0,37.3,540405
2024-02-23,38.1,38.1,38.75,37.25,37.35,2450866
2024-02-26,38.4,38.4,39.0,38.3,38.5,2662189
2024-02-27,38.45,38.45,38.75,37.8,38.45,1483433
2024-02-29,38.85,38.85,39.15,38.4,38.45,3177032
2024-03-01,39.75,39.75,40.1,38.75,39.05,4589983
2024-03-04,39.85,39.85,41.2,39.45,40.85,5734839
2024-03-05,39.3,39.3,40.1,39.15,39.35,2079188
2024-03-06,39.55,39.55,40.0,39.2,39.65,2049421
2024-03-07,38.5,38.5,39.9,38.35,39.9,1588947
2024-03-08,37.6,37.6,38.9,37.25,38.25,1234503
2024-03-11,36.3,36.3,37.3,36.25,37.05,1584820
2024-03-12,36.55,36.55,36.9,36.2,36.4,918688
2024-03-13,36.5,36.5,36.7,35.45,36.5,1297810
2024-03-14,36.05,36.05,36.45,35.8,36.45,415344
2024-03-15,36.5,36.5,37.1,35.95,36.1,785915
2024-03-18,36.6,36.6,36.65,36.0,36.65,472119
2024-03-19,36.6,36.6,37.1,36.6,36.6,338364
2024-03-20,36.45,36.45,36.9,36.4,36.9,367876
2024-03-21,36.65,36.65,36.7,36.4,36.5,415320
2024-03-22,36.85,36.85,36.85,36.6,36.75,272614
2024-03-25,36.95,36.95,36.95,36.25,36.3,424870
2024-03-26,35.9,35.9,37.05,35.7,37.05,714834
2024-03-27,35.8,35.8,36.3,35.75,36.0,479826
2024-03-28,35.25,35.25,35.9,35.05,35.65,1202863
2024-03-29,35.25,35.25,35.4,34.9,35.15,526429
2024-04-01,35.25,35.25,35.5,34.95,34.95,335699
2024-04-02,35.0,35.0,35.3,34.9,35.25,574145
2024-04-03,34.95,34.95,35.0,34.65,34.95,335278
2024-04-08,35.05,35.05,35.15,34.85,35.1,397889
2024-04-09,35.4,35.4,35.45,35.05,35.1,330615
2024-04-10,35.55,35.55,35.75,35.35,35.5,534415
2024-04-11,35.2,35.2,35.45,35.05,35.45,276049
2024-04-12,35.4,35.4,35.6,35.1,35.2,439776
2024-04-15,34.7,34.7,35.3,34.7,34.8,528546
2024-04-16,33.35,33.35,34.65,32.85,34.65,1068417
2024-04-17,33.8,33.8,33.9,33.05,33.05,253092
2024-04-18,34.35,34.35,34.65,33.7,33.75,368024
2024-04-19,33.2,33.2,34.1,32.5,33.9,662884
2024-04-22,33.3,33.3,33.95,33.15,33.2,344084
2024-04-23,32.75,32.75,33.65,32.25,33.6,634254
2024-04-24,33.3,33.3,33.3,32.9,32.95,311297
2024-04-25,32.8,32.8,33.3,32.8,33.05,244603
2024-04-26,32.65,32.65,33.0,32.55,32.7,400262
2024-04-29,32.7,32.7,32.95,32.6,32.8,244935
2024-04-30,33.25,33.25,33.3,32.75,32.75,385410
2024-05-02,33.0,33.0,33.15,32.7,32.95,276615
2024-05-03,32.5,32.5,33.2,32.5,33.0,536489
2024-05-06,32.75,32.75,32.75,32.3,32.75,304616
2024-05-07,33.2,33.2,33.25,32.55,33.05,508258
2024-05-08,33.4,33.4,33.75,33.15,33.5,333735
2024-05-09,33.25,33.25,33.85,33.2,33.7,332539
2024-05-10,33.75,33.75,33.85,33.25,33.45,318297
2024-05-13,34.0,34.0,34.1,33.6,33.75,289034
2024-05-14,33.85,33.85,34.05,33.6,33.9,235826
2024-05-15,33.5,33.5,33.9,33.2,33.55,598687
2024-05-16,33.95,33.95,34.15,33.65,33.8,330734
2024-05-17,33.45,33.45,33.9,33.4,33.85,339521
2024-05-20,33.45,33.45,33.8,33.3,33.3,354043
2024-05-21,34.2,34.2,34.2,33.35,33.7,440368
2024-05-22,34.05,34.05,34.4,33.95,34.4,383794
2024-05-23,33.8,33.8,34.2,33.4,34.05,416097
2024-05-24,34.25,34.25,34.35,33.55,33.6,304059
2024-05-27,34.4,34.4,34.6,34.2,34.45,302203
2024-05-28,34.8,34.8,35.25,34.8,34.85,792715
2024-05-29,35.05,35.05,35.35,34.7,34.95,449987
2024-05-30,34.9,34.9,35.95,34.7,34.8,705844
2024-05-31,35.25,35.25,35.35,34.9,35.1,400945
2024-06-03,35.45,35.45,35.6,35.1,35.5,576152
2024-06-04,35.5,35.5,35.85,35.35,35.65,444404
2024-06-05,34.95,34.95,35.7,34.9,35.7,360133
2024-06-06,35.2,35.2,35.8,34.8,35.2,691890
2024-06-07,35.8,35.8,35.8,35.2,35.4,583874
2024-06-11,35.15,35.15,36.0,35.1,36.0,355527
2024-06-12,35.3,35.3,35.45,35.0,35.45,148430
2024-06-13,35.1,35.1,35.4,35.05,35.35,258007
2024-06-14,35.25,35.25,35.4,34.95,35.15,423579
2024-06-17,36.2,36.2,36.35,35.2,35.3,911868
2024-06-18,35.7,35.7,36.35,35.6,36.35,424047
2024-06-19,35.55,35.55,36.25,35.5,36.1,412621
2024-06-20,35.6,35.6,35.75,35.35,35.5,331804
2024-06-21,35.5,35.5,35.75,35.35,35.75,305612
2024-06-24,34.95,34.95,35.45,34.95,35.45,459159
2024-06-25,35.05,35.05,35.1,34.6,34.9,306533
2024-06-26,35.2,35.2,35.35,35.1,35.1,191575
2024-06-27,35.0,35.0,35.25,34.8,35.2,314733
2024-06-28,35.05,35.05,35.7,34.9,35.0,213742
2024-07-01,35.15,35.15,35.3,35.05,35.05,193680
2024-07-02,35.65,35.65,35.7,35.0,35.3,349726
2024-07-03,35.75,35.75,35.85,35.6,35.65,264543
2024-07-04,35.95,35.95,36.0,35.75,35.95,334326
2024-07-05,36.4,36.4,36.5,35.95,36.05,801192
2024-07-08,36.2,36.2,36.95,36.1,36.7,756404
2024-07-09,35.65,35.65,36.1,35.25,36.1,602208
2024-07-10,35.9,35.9,36.05,35.65,35.85,298205
2024-07-11,35.9,35.9,36.4,35.9,36.0,478513
2024-07-12,35.85,35.85,36.1,35.75,35.9,291139
2024-07-15,35.85,35.85,36.0,35.65,35.85,376689
2024-07-16,35.6,35.6,36.0,35.55,35.95,748007
2024-07-17,35.15,35.15,35.6,34.65,34.7,1203933
2024-07-18,34.85,34.85,35.15,34.5,34.9,438088
2024-07-19,33.3,33.3,34.85,33.1,34.85,847379
2024-07-22,32.25,32.25,33.5,32.2,33.4,632478
2024-07-23,33.2,33.2,33.5,32.6,32.6,392763
2024-07-26,32.25,32.25,32.5,32.0,32.0,419668
2024-07-29,31.15,31.15,32.6,31.05,32.4,519461
2024-07-30,31.9,31.9,31.9,30.9,31.3,294536
2024-07-31,31.9,31.9,32.1,31.5,31.85,213784
2024-08-01,32.85,32.85,32.95,32.25,32.25,242596
2024-08-02,32.2,32.2,32.75,32.1,32.35,304125
2024-08-05,29.0,29.0,31.0,29.0,30.95,943708
2024-08-06,28.7,28.7,29.2,26.15,29.0,848341
2024-08-07,30.85,30.85,30.85,28.7,28.7,623938
2024-08-08,30.4,30.4,30.8,30.0,30.55,216352
2024-08-09,31.05,31.05,31.05,30.55,30.6,303821
2024-08-12,31.15,31.15,31.25,30.95,30.95,184181
2024-08-13,30.85,30.85,31.15,30.6,31.1,201072
2024-08-14,31.1,31.1,31.3,30.9,30.95,181130
2024-08-15,31.3,31.3,31.3,30.95,31.1,198380
2024-08-16,31.15,31.15,31.5,31.15,31.4,264537
2024-08-19,32.0,32.0,32.0,31.0,31.15,428435
2024-08-20,33.3,33.3,33.35,31.85,32.0,794580
2024-08-21,32.4,32.4,33.2,32.3,33.05,1304944
2024-08-22,32.8,32.8,33.25,32.5,32.5,615917
2024-08-23,32.7,32.7,32.8,32.35,32.8,264834
2024-08-26,33.0,33.0,33.2,32.65,32.7,339836
2024-08-27,33.0,33.0,33.0,32.65,33.0,153036
2024-08-28,32.75,32.75,33.0,32.7,33.0,132300
2024-08-29,32.9,32.9,32.95,32.5,32.7,197984
2024-08-30,33.25,33.25,33.6,32.85,32.9,440472
2024-09-02,33.0,33.0,33.5,33.0,33.25,132557
2024-09-03,32.4,32.4,33.2,32.35,33.0,156874
2024-09-04,30.6,30.6,31.4,30.2,31.2,422248
2024-09-05,30.6,30.6,31.35,30.5,30.65,186515
2024-09-06,30.8,30.8,30.85,30.55,30.85,117854
2024-09-09,30.55,30.55,30.7,30.0,30.05,164113
2024-09-10,29.8,29.8,30.7,29.65,30.65,313761
2024-09-11,29.95,29.95,30.05,29.7,29.8,297250
2024-09-12,30.5,30.5,30.5,30.05,30.05,231156
2024-09-13,30.55,30.55,30.6,30.35,30.5,113241
2024-09-16,30.85,30.85,30.85,30.55,30.55,144628
2024-09-18,30.6,30.6,31.0,30.6,30.85,200984
2024-09-19,31.3,31.3,31.35,30.6,30.6,295017
2024-09-20,31.65,31.65,31.7,31.25,31.35,260546
2024-09-23,31.75,31.75,31.8,31.55,31.65,113072
2024-09-24,31.5,31.5,31.8,31.5,31.75,152029
2024-09-25,31.8,31.8,32.0,31.5,31.5,234873
2024-09-26,31.6,31.6,31.95,31.6,31.8,137345
2024-09-27,31.85,31.85,31.85,31.55,31.65,180780
2024-09-30,31.75,31.75,31.85,31.6,31.85,121574
2024-10-01,31.7,31.7,31.8,31.3,31.75,111646
2024-10-04,31.4,31.4,31.7,31.15,31.7,137943
2024-10-07,31.6,31.6,31.6,31.35,31.4,111438
2024-10-08,31.1,31.1,31.6,30.95,31.5,154162
2024-10-09,30.75,30.75,31.2,30.6,31.1,179515
2024-10-11,30.2,30.2,30.75,30.2,30.75,182198
2024-10-14,30.5,30.5,30.5,30.15,30.2,222884
2024-10-15,31.2,31.2,31.3,30.5,30.5,257776
2024-10-16,31.0,31.0,31.05,30.75,31.0,133734
2024-10-17,31.0,31.0,31.25,30.95,30.95,166388
2024-10-18,30.9,30.9,31.25,30.7,31.0,225362
2024-10-21,30.95,30.95,30.95,30.75,30.9,143249
2024-10-22,31.15,31.15,31.15,30.9,30.95,182990
2024-10-23,32.8,32.8,33.2,31.15,31.15,1911438
2024-10-24,31.85,31.85,32.9,31.7,32.85,1261951
2024-10-25,31.75,31.75,32.3,31.5,31.85,594814
2024-10-28,30.5,30.5,31.8,30.5,31.75,577380
2024-10-29,30.05,30.05,30.55,29.8,30.5,372921
2024-10-30,30.25,30.25,30.25,29.9,30.05,319479
2024-11-01,29.95,29.95,30.1,29.6,29.8,188511
2024-11-04,29.35,29.35,29.95,29.15,29.95,252916
2024-11-05,29.7,29.7,29.9,29.25,29.3,198425
2024-11-06,29.8,29.8,29.85,29.7,29.7,122413
2024-11-07,30.4,30.4,30.5,29.8,29.8,258150
2024-11-08,29.8,29.8,30.4,29.65,30.4,302864
2024-11-11,27.8,27.8,29.7,27.5,29.7,1247542
2024-11-12,26.8,26.8,27.8,26.5,27.8,922712
2024-11-13,27.05,27.05,27.35,26.8,26.8,423613
2024-11-14,26.5,26.5,27.15,26.5,27.1,374229
2024-11-15,26.8,26.8,27.1,26.45,26.5,315950
2024-11-18,26.75,26.75,26.85,26.5,26.8,542285
2024-11-19,27.1,27.1,27.15,26.75,26.75,253911
2024-11-20,27.2,27.2,27.45,27.1,27.2,207713
2024-11-21,27.1,27.1,27.3,26.7,27.2,163219
2024-11-22,28.35,28.35,28.5,27.4,27.4,773865
2024-11-25,28.35,28.35,28.5,28.25,28.25,226167
2024-11-26,28.25,28.25,28.5,28.25,28.3,169430
2024-11-27,27.5,27.5,28.3,27.35,28.25,256410
2024-11-28,27.15,27.15,27.5,26.9,27.5,221942
2024-11-29,27.25,27.25,27.5,26.85,27.1,193010
2024-12-02,27.15,27.15,27.5,27.05,27.25,118631
2024-12-03,27.45,27.45,27.5,27.15,27.15,86677
2024-12-04,27.85,27.85,27.85,27.4,27.45,143523
2024-12-05,27.55,27.55,27.85,27.45,27.85,230474
2024-12-06,28.15,28.15,28.7,27.4,27.55,440939
2024-12-09,27.85,27.85,28.1,27.5,28.1,164072
2024-12-10,27.75,27.75,28.3,27.6,27.85,144257
2024-12-11,27.2,27.2,27.75,27.2,27.75,223030
2024-12-12,27.1,27.1,27.5,26.9,27.3,138101
2024-12-13,26.05,26.05,27.1,26.0,27.1,562832
2024-12-16,25.85,25.85,26.2,25.75,26.05,338093
2024-12-17,25.9,25.9,26.7,25.8,25.85,770298
2024-12-18,26.35,26.35,26.35,25.6,25.9,188225
2024-12-19,26.35,26.35,26.4,26.0,26.05,195657
2024-12-20,26.25,26.25,26.65,26.25,26.3,194924
2024-12-23,26.4,26.4,26.65,26.25,26.25,95523
2024-12-24,26.35,26.35,26.7,26.3,26.4,198476
2024-12-25,26.25,26.25,26.55,26.0,26.35,198615
2024-12-26,26.35,26.35,26.55,26.25,26.25,254610
2024-12-27,26.15,26.15,26.35,26.0,26.35,140218
2024-12-30,26.0,26.0,26.3,25.95,26.3,174861
2024-12-31,26.1,26.1,26.15,25.8,26.0,104993
2025-01-02,26.0,26.0,26.2,25.85,26.1,166358
2025-01-03,25.55,25.55,26.15,25.5,26.0,211893
2025-01-06,25.8,25.8,25.95,25.45,25.55,364295
2025-01-07,25.4,25.4,26.05,25.4,25.8,232930
2025-01-08,25.25,25.25,25.4,25.1,25.2,168899
2025-01-09,25.05,25.05,25.95,25.05,25.4,238151
2025-01-10,25.25,25.25,25.55,25.05,25.05,184070
2025-01-13,24.6,24.6,25.25,24.25,25.25,324942
2025-01-14,24.9,24.9,24.95,24.6,24.6,82046
2025-01-15,25.4,25.4,25.5,24.9,24.9,164014
2025-01-16,25.45,25.45,25.6,25.2,25.45,123239
2025-01-17,25.3,25.3,25.45,25.2,25.45,70914
2025-01-20,25.5,25.5,25.5,25.05,25.25,91594
2025-01-21,25.25,25.25,25.6,25.1,25.45,56382
2025-01-22,25.8,25.8,25.8,25.15,25.25,204515
2025-02-03,25.4,25.4,25.6,25.0,25.6,140219
2025-02-04,25.3,25.3,25.5,25.2,25.4,123621
2025-02-05,25.85,25.85,25.85,25.3,25.3,183618
2025-02-06,26.4,26.4,26.55,26.05,26.05,283637
2025-02-07,26.35,26.35,26.4,26.05,26.4,159801
2025-02-10,26.55,26.55,26.7,26.05,26.3,167962
2025-02-11,26.25,26.25,26.6,26.15,26.55,147873
2025-02-12,26.0,26.0,26.35,25.8,26.25,217800
2025-02-13,26.5,26.5,26.5,26.0,26.0,201007
2025-02-14,26.9,26.9,27.05,26.5,26.5,314520
2025-02-17,27.45,27.45,27.45,26.7,26.7,365085
2025-02-18,27.15,27.15,27.4,26.95,27.4,147802
2025-02-19,27.2,27.2,27.4,27.05,27.15,173060
2025-02-20,27.2,27.2,27.45,27.2,27.2,109933
2025-02-21,27.2,27.2,27.25,26.9,26.9,108531
2025-02-24,27.4,27.4,27.45,27.2,27.2,96357
2025-02-25,27.2,27.2,27.4,27.0,27.4,195743
2025-02-26,27.1,27.1,27.2,26.95,27.2,121843
2025-02-27,27.2,27.2,27.4,27.0,27.1,158073
2025-03-03,27.1,27.1,27.15,26.8,26.9,98833
2025-03-04,26.95,26.95,27.05,26.7,27.05,210064
2025-03-05,27.15,27.15,27.25,26.9,26.95,108638
2025-03-06,27.05,27.05,27.2,26.8,27.15,90901
2025-03-07,26.6,26.6,27.0,26.4,27.0,164170
2025-03-10,26.3,26.3,26.55,26.1,26.5,73354
2025-03-11,26.0,26.0,26.15,25.0,25.9,218442
2025-03-12,26.15,26.15,26.2,25.9,26.0,65555
2025-03-13,26.0,26.0,26.6,25.8,26.15,136989
2025-03-14,26.5,26.5,26.5,26.05,26.05,132395
2025-03-17,26.8,26.8,26.8,26.5,26.5,88232
2025-03-18,26.8,26.8,27.0,26.65,26.8,103645
2025-03-19,26.75,26.75,26.8,26.4,26.75,156271
2025-03-20,26.9,26.9,27.0,26.7,26.75,143780
2025-03-21,26.8,26.8,26.9,26.7,26.9,173885
2025-03-24,26.75,26.75,26.9,26.65,26.8,153443
2025-03-25,27.0,27.0,27.0,26.75,26.75,189005
2025-03-26,27.25,27.25,27.6,27.05,27.05,317272
2025-03-27,26.95,26.95,27.5,26.95,27.25,167226
2025-03-28,26.45,26.45,26.9,26.2,26.85,150911
2025-03-31,24.9,24.9,25.65,24.1,25.15,648634
2025-04-01,24.65,24.65,24.9,24.35,24.9,442169
2025-04-02,24.9,24.9,24.9,24.25,24.65,292579
2025-04-07,22.45,22.45,22.45,22.45,22.45,58002
2025-04-08,20.25,20.25,20.4,20.25,20.25,512743
2025-04-09,18.25,18.25,19.05,18.25,18.45,810415
2025-04-10,20.05,20.05,20.05,19.6,19.9,731365
2025-04-11,19.5,19.5,19.6,18.05,18.3,572318
2025-04-14,19.75,19.75,20.4,19.5,19.8,422295
2025-04-15,20.9,20.9,21.2,19.85,19.85,510252
2025-04-16,20.6,20.6,21.15,20.6,21.0,285120
2025-04-17,20.9,20.9,20.95,20.45,20.7,150321
2025-04-18,20.65,20.65,21.1,20.6,21.0,183448
2025-04-21,19.85,19.85,20.7,19.8,20.7,256596
2025-04-22,19.55,19.55,19.8,19.4,19.7,150969
2025-04-23,20.4,20.4,20.5,20.0,20.0,149712
2025-04-24,20.25,20.25,20.55,20.2,20.45,137930
2025-04-25,21.0,21.0,21.45,20.65,20.7,450550
2025-04-28,21.1,21.1,21.65,21.05,21.05,360413
2025-04-29,21.65,21.65,21.65,21.25,21.25,201485
2025-04-30,21.3,21.3,22.0,21.3,21.65,226491
2025-05-02,21.9,21.9,22.1,21.5,21.6,165275
2025-05-05,21.3,21.3,22.0,20.85,22.0,297697
2025-05-06,21.65,21.65,21.65,21.1,21.1,147417
2025-05-07,21.4,21.4,21.6,21.35,21.55,87165
2025-05-08,21.75,21.75,21.75,21.5,21.55,112137
2025-05-09,21.9,21.9,22.1,21.75,21.75,215689
2025-05-12,22.4,22.4,22.8,22.1,22.15,255407
2025-05-13,22.1,22.1,22.75,22.05,22.7,298907
2025-05-14,22.55,22.55,22.65,22.3,22.45,232485
2025-05-15,22.4,22.4,22.6,22.3,22.5,133305
2025-05-16,22.05,22.05,22.55,21.9,22.5,183493
2025-05-19,21.8,21.8,22.05,21.75,22.0,127474
2025-05-20,22.15,22.15,22.7,21.85,21.85,164854
2025-05-21,22.25,22.25,22.35,22.0,22.2,166222
2025-05-22,22.0,22.0,22.2,21.9,22.2,143197
2025-05-23,22.4,22.4,22.55,22.1,22.15,167618
2025-05-26,22.1,22.1,22.5,22.05,22.4,89476
2025-05-27,21.85,21.85,22.35,21.8,22.3,85472
2025-05-28,21.45,21.45,22.0,21.45,21.95,135577
2025-05-29,21.3,21.3,21.7,21.15,21.6,132275
2025-06-02,20.6,20.6,21.1,20.5,21.1,135363
2025-06-03,20.3,20.3,20.6,20.3,20.6,97652
2025-06-04,20.7,20.7,20.8,20.55,20.55,102040
2025-06-05,20.55,20.55,20.9,20.35,20.9,146470
2025-06-06,20.45,20.45,20.55,20.25,20.45,126513
2025-06-09,20.15,20.15,20.45,19.95,20.45,176239
2025-06-10,20.5,20.5,20.6,20.25,20.25,140602
2025-06-11,21.6,21.6,21.6,20.4,20.55,570791
2025-06-12,21.2,21.2,21.7,21.05,21.6,252751
2025-06-13,20.6,20.6,21.2,20.55,21.2,194624
2025-06-16,20.65,20.65,20.7,20.4,20.7,76365
2025-06-17,20.45,20.45,20.85,20.4,20.8,88606
2025-06-18,20.55,20.55,20.6,20.45,20.5,104155
2025-06-19,20.25,20.25,20.7,20.2,20.7,117622
2025-06-20,19.9,19.9,20.25,19.75,20.2,181970
2025-06-23,19.5,19.5,19.75,19.35,19.75,135140
2025-06-24,20.2,20.2,20.3,19.6,19.75,146046
2025-06-25,20.2,20.2,20.4,20.15,20.3,66732
2025-06-26,20.6,20.6,20.8,20.2,20.2,142342
2025-06-27,20.65,20.65,20.85,20.45,20.85,98404
2025-06-30,20.4,20.4,20.65,20.2,20.55,110493
2025-07-01,22.4,22.4,22.4,22.4,22.4,465701
2025-07-02,24.1,24.1,24.6,23.2,23.5,9783130
2025-07-03,24.0,24.0,24.3,23.75,24.2,2148514
2025-07-04,23.65,23.65,24.3,23.5,24.3,844455
2025-07-07,22.15,22.15,24.7,22.1,24.0,2763066
2025-07-08,21.75,21.75,22.1,21.3,22.0,802941
2025-07-09,22.2,22.2,22.4,21.7,21.75,454150
2025-07-10,22.1,22.1,22.35,22.0,22.35,429549
2025-07-11,24.3,24.3,24.3,22.0,22.0,2713671
2025-07-14,23.2,23.2,25.1,23.2,24.8,8143962
2025-07-15,23.65,23.65,23.8,23.1,23.2,1153537
2025-07-16,23.45,23.45,23.85,23.4,23.7,929220
2025-07-17,23.45,23.45,23.95,23.3,23.8,639628
2025-07-18,23.0,23.0,23.8,23.0,23.5,640495
2025-07-21,23.35,23.35,23.5,23.05,23.1,385539
2025-07-22,22.95,22.95,23.4,22.85,23.35,726450
2025-07-23,23.75,23.75,23.75,23.1,23.1,616576
2025-07-24,23.7,23.7,24.0,23.65,23.8,390476
2025-07-25,24.4,24.4,24.55,23.6,23.6,1635990
2025-07-28,24.0,24.0,24.6,23.8,24.35,1889365
2025-07-29,24.25,24.25,24.9,23.85,24.15,1683333
2025-07-30,24.8,24.8,24.9,24.2,24.3,1070988
2025-07-31,24.2,24.2,25.3,24.2,24.8,1464122
2025-08-01,25.0,25.0,25.1,23.75,23.85,941960
2025-08-04,25.0,25.0,25.25,24.6,24.85,730593
2025-08-05,25.3,25.3,25.35,24.9,25.2,559220
2025-08-06,25.1,25.1,25.45,25.0,25.4,640466
2025-08-07,24.3,24.3,25.35,23.6,25.1,1155673
2025-08-08,24.4,24.4,24.7,24.05,24.3,552345
2025-08-11,23.25,23.25,24.4,23.0,23.8,1218789
2025-08-12,24.7,24.7,24.9,23.25,23.25,2260551
2025-08-13,23.5,23.5,24.3,23.4,24.3,1886425
2025-08-14,23.85,23.85,24.15,23.6,23.75,883843
2025-08-15,23.75,23.75,23.85,23.4,23.85,343724
2025-08-18,23.75,23.75,23.95,23.75,23.75,402571
2025-08-19,23.7,23.7,24.0,23.6,23.8,361669
2025-08-20,23.5,23.5,23.6,22.85,23.5,397912
2025-08-21,24.25,24.25,24.4,23.4,23.4,599113
2025-08-22,24.15,24.15,24.7,24.1,24.4,469952
2025-08-25,24.05,24.05,24.4,23.85,24.2,217471
2025-08-26,23.95,23.95,24.2,23.95,24.05,160629
2025-08-27,24.2,24.2,24.35,23.95,23.95,231979
2025-08-28,24.15,24.15,24.4,23.95,24.35,216242
2025-08-29,24.15,24.15,24.4,24.1,24.25,219746
2025-09-01,23.8,23.8,24.15,23.35,24.15,317941
2025-09-02,23.55,23.55,23.8,23.25,23.6,229135
2025-09-03,24.0,24.0,24.0,23.55,23.55,112505
2025-09-04,24.7,24.7,24.7,24.1,24.2,641338
2025-09-05,24.55,24.55,24.95,24.2,24.95,348311
2025-09-08,23.9,23.9,24.55,23.9,24.55,393134
2025-09-09,23.3,23.3,23.95,23.25,23.95,508030
2025-09-10,23.25,23.25,23.45,23.05,23.2,259831
2025-09-11,22.9,22.9,23.2,22.7,23.2,549233
2025-09-12,22.7,22.7,23.1,22.7,23.0,278002
2025-09-15,22.85,22.85,22.95,22.7,22.75,158249
2025-09-16,24.4,24.4,24.65,22.9,23.0,748953
2025-09-17,25.45,25.45,26.25,24.4,24.4,2136335
2025-09-18,25.25,25.25,25.85,25.15,25.85,654807
2025-09-19,26.1,26.1,26.45,25.2,25.35,825913
2025-09-22,25.75,25.75,26.3,25.65,26.2,611096
2025-09-23,25.45,25.45,25.75,24.85,25.55,484733
2025-09-24,25.95,25.95,25.95,25.1,25.45,221429
2025-09-25,25.55,25.55,26.2,25.5,25.95,368046
2025-09-26,25.7,25.7,25.95,24.85,25.55,314846
2025-09-30,25.3,25.3,25.75,25.2,25.65,219671
2025-10-01,24.8,24.8,25.45,24.8,25.45,257844
2025-10-02,24.8,24.8,25.35,24.7,25.1,208146
2025-10-03,24.75,24.75,25.0,24.3,25.0,172294
2025-10-07,24.2,24.2,25.2,24.2,25.2,278901
2025-10-08,24.75,24.75,24.8,24.05,24.1,233723
2025-10-09,23.9,23.9,24.9,23.85,24.75,348694
2025-10-13,23.4,23.4,23.7,22.95,23.55,262013
2025-10-14,23.3,23.3,24.85,23.3,23.6,562165
2025-10-15,23.7,23.7,24.1,23.25,23.5,496708
2025-10-16,23.75,23.75,24.1,23.5,23.95,169460
2025-10-17,23.85,23.85,24.2,23.55,23.7,174617
2025-10-20,23.3,23.3,23.95,23.25,23.95,223599
2025-10-21,23.7,23.7,23.9,23.4,23.4,157164
2025-10-22,23.85,23.85,23.85,23.6,23.75,79151
2025-10-23,23.4,23.4,23.75,23.4,23.65,87358
2025-10-27,24.2,24.2,24.25,23.25,23.5,377846
2025-10-28,24.35,24.35,24.55,24.0,24.35,316028
2025-10-29,24.0,24.0,24.4,23.95,24.4,354745
2025-10-30,23.9,23.9,24.3,23.9,24.0,285161
2025-10-31,24.55,24.55,24.8,23.95,24.0,481694
2025-11-03,23.7,23.7,24.55,23.65,24.55,343955
2025-11-04,23.2,23.2,23.8,23.2,23.65,288648
2025-11-05,23.35,23.35,23.35,22.6,23.0,259879
2025-11-06,23.8,23.8,23.85,23.25,23.3,243290
2025-11-07,23.0,23.0,23.6,22.9,23.4,324404
2025-11-10,22.85,22.85,23.15,22.6,22.95,194989
2025-11-11,21.6,21.6,22.2,21.55,21.9,885698
2025-11-12,22.0,22.0,22.15,21.45,21.45,181742
2025-11-13,22.3,22.3,22.45,22.05,22.05,210450
2025-11-14,21.9,21.9,22.25,21.9,22.0,162893
2025-11-17,21.85,21.85,22.4,21.75,21.95,233186
2025-11-18,21.25,21.25,22.0,21.25,22.0,183665
2025-11-19,21.15,21.15,21.45,21.0,21.25,107504
2025-11-20,21.9,21.9,21.9,21.4,21.45,199766
2025-11-21,21.1,21.1,21.6,21.1,21.4,104309
2025-11-24,21.0,21.0,21.5,20.95,21.2,115938
2025-11-25,21.2,21.2,21.35,21.1,21.1,80672
2025-11-26,21.65,21.65,21.9,21.4,21.4,74911
2025-11-27,21.7,21.7,21.75,21.6,21.65,56120
2025-11-28,21.8,21.8,22.2,21.65,21.7,103029
2025-12-01,21.75,21.75,21.9,21.7,21.7,33786
2025-12-02,21.85,21.85,22.1,21.8,21.95,164680
2025-12-03,21.95,21.95,22.15,21.9,22.05,134967
2025-12-04,22.25,22.25,22.25,22.0,22.0,83624
2025-12-05,22.05,22.05,22.45,21.95,22.45,122405
2025-12-08,22.8,22.8,23.0,22.25,22.95,444315
2025-12-09,22.4,22.4,22.95,22.3,22.95,159425
2025-12-10,22.55,22.55,22.55,22.2,22.55,121774
2025-12-11,22.2,22.2,22.75,22.1,22.55,220512
2025-12-12,22.4,22.4,22.55,22.2,22.4,116786
2025-12-15,22.7,22.7,22.75,22.25,22.55,118808
2025-12-16,22.45,22.45,22.9,22.3,22.9,127867
2025-12-17,22.55,22.55,22.85,22.55,22.65,90500
2025-12-18,22.55,22.55,22.65,22.35,22.65,52911
2025-12-19,22.55,22.55,22.75,22.55,22.6,106033
2025-12-22,22.6,22.6,22.8,22.5,22.8,75827
2025-12-23,22.5,22.5,22.75,22.3,22.75,316710
2025-12-24,22.6,22.6,22.7,22.5,22.7,52014
2025-12-26,22.7,22.7,22.7,22.4,22.55,48317
2025-12-29,22.55,22.55,22.8,22.4,22.8,118130
2025-12-30,22.35,22.35,22.65,22.15,22.65,95170
2025-12-31,21.95,21.95,22.3,21.85,22.3,217144
2026-01-02,24.1,24.1,24.1,21.95,22.2,2359401
2026-01-05,24.4,24.4,25.7,23.7,24.3,4879746
2026-01-06,24.1,24.1,24.5,23.6,24.4,863761
2026-01-07,24.2,24.2,24.55,23.7,24.2,821834
2026-01-08,23.4,23.4,24.6,23.3,24.5,699981
2026-01-09,23.5,23.5,23.8,22.7,23.5,474569
2026-01-12,24.15,24.15,24.8,23.8,23.95,864281
2026-01-13,24.2,24.2,24.7,23.6,24.5,520484
2026-01-14,25.45,25.45,26.1,24.1,24.2,2948567
2026-01-15,26.0,26.0,26.35,24.9,26.2,4048138
2026-01-16,24.9,24.9,26.05,24.8,26.05,1531438
2026-01-19,24.9,24.9,25.25,24.75,24.9,869286
2026-01-20,24.95,24.95,25.1,24.75,24.95,810252
2026-01-21,24.85,24.85,25.1,24.65,24.7,571343
2026-01-22,24.9,24.9,25.1,24.8,25.0,592123
2026-01-23,26.95,26.95,27.25,24.9,24.9,2962285
2026-01-26,27.85,27.85,29.1,27.2,28.0,8289502
2026-01-27,26.55,26.55,27.85,26.2,27.85,2596946
2026-01-28,26.3,26.3,27.15,26.25,27.15,1011861
2026-01-29,25.5,25.5,26.6,25.45,26.6,1047270
2026-01-30,24.45,24.45,25.4,24.4,25.35,859713
2026-02-02,24.2,24.2,24.75,24.0,24.25,440553
2026-02-03,25.4,25.4,25.55,24.7,24.75,609574
2026-02-04,25.75,25.75,25.75,25.15,25.6,477517
2026-02-05,25.55,25.55,25.75,25.3,25.75,353215
2026-02-06,24.8,24.8,25.5,24.4,25.5,396421
2026-02-09,25.15,25.15,25.5,24.7,25.3,356816
2026-02-10,24.65,24.65,25.45,24.55,25.45,350434
2026-02-11,25.0,25.0,25.25,24.9,24.9,422752
2026-02-23,25.35,25.35,25.6,24.95,25.3,692880
2026-02-24,25.65,25.65,25.8,25.25,25.5,567460
2026-02-25,25.35,25.35,25.95,25.25,25.65,435785
2026-02-26,25.75,25.75,25.85,25.05,25.35,464565
2026-03-02,25.25,25.25,25.55,25.1,25.55,368041
2026-03-03,24.5,24.5,25.7,24.45,25.2,448701
2026-03-04,23.05,23.05,24.45,23.05,24.45,518851
2026-03-05,23.7,23.7,23.85,23.3,23.55,369855
2026-03-06,23.65,23.65,23.95,23.45,23.45,146251
2026-03-09,22.3,22.3,22.85,22.2,22.2,588794
2026-03-10,22.55,22.55,22.75,22.4,22.4,253690
2026-03-11,23.0,23.0,23.1,22.7,22.7,184500
2026-03-12,22.4,22.4,23.0,22.3,23.0,342156
2026-03-13,22.2,22.2,22.3,21.85,22.2,293772
2026-03-16,22.1,22.1,22.2,21.9,22.05,269369
2026-03-17,22.65,22.65,22.7,22.25,22.25,256907
2026-03-18,22.7,22.7,23.1,22.5,23.05,304127
2026-03-19,22.85,22.85,23.0,22.5,22.8,492937
2026-03-20,22.65,22.65,23.0,22.55,22.85,264521
2026-03-23,22.0,22.0,22.5,21.9,22.1,238875
2026-03-24,22.0,22.0,22.5,21.8,22.3,166545
2026-03-25,22.9,22.9,23.2,22.3,22.3,306248
2026-03-26,22.9,22.9,23.95,22.8,23.6,929995
2026-03-27,22.55,22.55,22.75,22.25,22.75,243759
2026-03-30,22.05,22.05,22.25,21.95,22.25,237607
2026-03-31,21.45,21.45,22.1,21.3,22.05,275609
2026-04-01,21.85,21.85,22.0,21.7,21.85,197379
2026-04-02,21.65,21.65,22.05,21.55,22.05,143640
2026-04-07,21.65,21.65,21.8,21.6,21.75,142465
2026-04-08,22.4,22.4,22.6,21.95,21.95,220207
2026-04-09,22.05,22.05,22.45,22.0,22.45,143197
2026-04-10,21.75,21.75,22.35,21.65,22.25,315447
2026-04-13,21.35,21.35,21.65,21.1,21.65,316090
2026-04-14,21.6,21.6,21.85,21.4,21.4,250742
2026-04-15,21.85,21.85,21.9,21.6,21.7,246498
2026-04-16,22.0,22.0,22.15,21.8,21.85,425196
2026-04-17,22.75,22.75,23.8,22.2,22.25,1368073
2026-04-20,22.65,22.65,23.1,22.5,23.1,463318
2026-04-21,23.05,23.05,23.2,22.65,22.75,494166
2026-04-22,23.25,23.25,23.4,22.9,23.05,425952
2026-04-23,22.75,22.75,23.3,22.0,23.3,464245
2026-04-24,22.55,22.55,23.5,22.5,22.8,446834
2026-04-27,21.9,21.9,22.7,21.7,22.7,389914
2026-04-28,21.65,21.65,21.9,21.65,21.9,244869
2026-04-29,21.6,21.6,21.85,21.45,21.85,260021
2026-04-30,21.1,21.1,21.8,21.0,21.8,393239
2026-05-04,20.9,20.9,21.35,20.8,21.35,301703
2026-05-05,21.1,21.1,21.2,20.85,21.2,358225
2026-05-06,20.95,20.95,21.25,20.8,21.25,302846
2026-05-07,21.25,21.25,21.3,20.8,20.95,443580
2026-05-08,21.85,21.85,22.35,21.3,21.3,1023411
2026-05-11,21.15,21.15,21.7,21.05,21.45,985942
2026-05-12,20.65,20.65,21.15,20.6,21.15,631523
2026-05-13,20.25,20.25,20.35,20.15,20.15,391851
2026-05-14,20.1,20.1,20.4,20.0,20.3,440593
2026-05-15,20.1,20.1,20.2,19.7,20.1,624118
2026-05-18,20.05,20.05,20.3,19.8,20.15,385097
2026-05-19,19.8,19.8,20.45,19.75,19.95,360076
2026-05-20,20.2,20.2,20.35,19.8,20.0,318480
2026-05-21,20.5,20.5,20.6,20.25,20.25,335703
2026-05-22,20.8,20.8,20.8,20.25,20.55,414325
2026-05-25,20.9,20.9,21.05,20.55,20.95,659935
2026-05-26,20.85,20.85,21.1,20.5,21.0,443673
2026-05-27,20.25,20.25,20.9,20.2,20.9,396030
2026-05-28,20.65,20.65,21.05,20.4,20.4,827297
2026-05-29,21.0,21.0,21.2,20.75,21.05,420150
2026-06-01,23.1,23.1,23.1,21.15,21.15,1273027
2026-06-02,24.15,24.15,24.45,22.75,23.8,2763571
2026-06-03,24.05,24.05,24.95,23.75,24.1,1583141
2026-06-04,24.6,24.6,24.95,23.8,24.05,1423834
2026-06-05,24.95,24.95,26.0,24.35,25.45,2635046
2026-06-08,24.2,24.2,24.45,22.65,22.65,1016056
2026-06-09,25.55,25.55,25.55,24.45,24.5,2490972
2026-06-10,25.95,25.95,27.3,25.3,25.35,3608476
2026-06-11,25.0,25.0,26.25,24.6,25.9,1416974
2026-06-12,24.85,24.85,25.8,24.65,25.7,1052826
2026-06-15,25.4,25.4,25.7,24.95,25.45,1025368
2026-06-16,25.15,25.15,25.95,24.9,25.8,652271
2026-06-17,25.15,25.15,25.25,24.7,25.05,507770
2026-06-18,25.45,25.45,25.9,25.2,25.35,1005912
2026-06-22,25.5,25.5,25.85,25.3,25.85,655652
2026-06-23,25.45,25.45,25.8,24.75,25.5,1162153
2026-06-24,24.95,24.95,25.45,24.65,25.0,834324
2026-06-25,24.65,24.65,25.3,24.6,25.0,511781
2026-06-26,23.8,23.8,25.0,23.35,24.65,863162
2026-06-29,23.75,23.75,24.05,23.5,24.05,501785
2026-06-30,23.8,23.8,24.0,23.7,23.75,274283
2026-07-01,23.35,23.35,23.95,23.35,23.9,327175
2026-07-02,23.5,23.5,23.6,23.1,23.25,214352
2026-07-03,24.5,24.5,24.7,23.35,23.35,606556
2026-07-06,24.15,24.15,24.6,23.75,24.6,462110
2026-07-07,22.9,22.9,24.35,22.9,24.35,445998
2026-07-08,22.95,22.95,22.95,22.45,22.9,386468
2026-07-09,22.85,22.85,23.5,22.75,23.5,249332
2026-07-13,21.9,21.9,22.9,21.8,22.9,363977
2026-07-14,21.45,21.45,22.15,20.8,22.15,489384
2026-07-15,21.45,21.45,21.6,21.2,21.6,260377
2026-07-16,21.35,21.35,21.75,21.2,21.45,138806
2026-07-17,20.45,20.45,21.2,20.4,21.2,416678
2026-07-20,20.2,20.2,20.65,19.8,20.45,256921
2026-07-21,20.8,20.8,20.9,20.3,20.9,97733
2026-07-22,21.1,21.1,21.15,20.8,20.9,185051
2026-07-23,20.85,20.85,21.45,20.55,21.4,184332
2026-07-24,20.65,20.65,20.75,20.35,20.75,159616
2026-07-27,20.7,20.7,20.7,20.15,20.7,279228
2026-07-28,19.9,19.9,20.25,19.85,20.2,286925
2026-07-29,19.65,19.65,20.4,19.2,19.6,613589
2026-07-30,19.15,19.15,19.55,19.0,19.5,415407
2026-07-31,19.8,19.8,19.85,19.4,19.55,208887
2026-08-03,19.85,19.85,19.95,19.4,19.4,118208
2026-08-04,19.8,19.8,20.05,19.6,19.8,208871
2026-08-05,19.8,19.8,20.15,19.8,20.0,176415
2026-08-06,19.45,19.45,19.8,19.0,19.8,337573
2026-08-07,19.45,19.45,19.7,19.45,19.6,120897
2026-08-10,19.5,19.5,19.6,19.15,19.6,248119
2026-08-11,19.65,19.65,19.65,19.3,19.5,171466
2026-08-12,19.7,19.7,20.0,19.7,19.8,133580
2026-08-13,19.55,19.55,19.95,19.4,19.95,220271
2026-08-14,19.65,19.65,19.75,19.4,19.55,118716
2026-08-17,19.5,19.5,19.65,19.25,19.65,121958
2026-08-18,19.4,19.4,19.5,19.35,19.35,70759
2026-08-19,19.4,19.4,19.45,19.15,19.15,126790
2026-08-20,19.6,19.6,19.6,19.45,19.55,45446
2026-08-21,19.6,19.6,19.65,19.45,19.6,75099
2026-08-24,19.55,19.55,19.7,19.3,19.55,190661
2026-08-25,19.65,19.65,19.75,19.35,19.7,169489
2026-08-26,20.35,20.35,20.5,19.7,19.75,294993
2026-08-27,20.35,20.35,20.5,20.0,20.45,313239
2026-08-28,20.15,20.15,20.5,20.1,20.35,154177
2026-08-31,20.55,20.55,20.65,19.8,20.15,351610
2026-09-01,20.55,20.55,20.9,19.9,20.9,570118
2026-09-02,20.0,20.0,20.55,20.0,20.4,247419
2026-09-03,19.7,19.7,20.0,19.7,19.8,197146
2026-09-04,20.0,20.0,20.0,19.65,19.8,187550
