Date,Adj Close,Close,High,Low,Open,Volume
2016-08-12,22.2,22.2,22.45,22.2,22.3,2674971
2016-08-15,22.6,22.6,22.65,22.25,22.35,6217932
2016-08-16,22.65,22.65,22.9,22.6,22.75,4205798
2016-08-17,22.6,22.6,22.7,22.45,22.65,3525484
2016-08-18,22.7,22.7,22.7,22.6,22.7,3595712
2016-08-19,22.8,22.8,22.9,22.7,22.8,6741398
2016-08-22,23.0,23.0,23.15,22.8,23.0,6689523
2016-08-23,23.7,23.7,23.7,23.05,23.1,20747924
2016-08-24,23.9,23.9,24.0,23.55,23.65,14840549
2016-08-25,23.8,23.8,24.1,23.7,24.0,8422509
2016-08-26,23.8,23.8,24.0,23.75,23.9,6923057
2016-08-29,24.5,24.5,24.65,23.95,24.0,14701989
2016-08-30,24.45,24.45,24.75,24.35,24.7,5855862
2016-08-31,23.7,23.7,24.5,23.6,24.45,11026373
2016-09-01,23.85,23.85,24.15,23.75,23.9,3979842
2016-09-02,23.4,23.4,24.05,23.35,23.9,5456402
2016-09-05,23.85,23.85,24.0,23.6,23.6,4216944
2016-09-06,23.8,23.8,23.95,23.6,23.85,3822182
2016-09-07,24.1,24.1,24.2,23.8,23.8,6232331
2016-09-08,24.25,24.25,24.4,23.9,24.15,5705416
2016-09-09,24.35,24.35,24.45,23.9,24.0,5199270
2016-09-12,23.0,23.0,23.45,23.0,23.2,6246521
2016-09-13,22.8,22.8,23.4,22.65,23.3,6438431
2016-09-14,23.0,23.0,23.2,22.75,22.75,3035547
2016-09-19,23.6,23.6,23.65,23.2,23.2,4875024
2016-09-20,24.15,24.15,24.15,23.65,23.7,8140379
2016-09-21,24.15,24.15,24.25,23.7,24.2,5314546
2016-09-22,24.05,24.05,24.45,23.95,24.4,4496591
2016-09-23,24.0,24.0,24.2,23.9,24.2,3085415
2016-09-26,24.1,24.1,24.4,23.95,24.2,4931165
2016-09-29,24.3,24.3,24.4,24.1,24.25,4482573
2016-09-30,24.1,24.1,24.3,23.9,24.3,3425021
2016-10-03,23.8,23.8,24.2,23.8,24.1,2746845
2016-10-04,24.15,24.15,24.2,23.9,23.9,3801083
2016-10-05,24.05,24.05,24.2,24.0,24.15,2077899
2016-10-06,24.05,24.05,24.25,24.0,24.1,1840442
2016-10-07,24.15,24.15,24.2,24.0,24.15,1907149
2016-10-11,24.05,24.05,24.4,23.85,24.35,4649902
2016-10-12,24.1,24.1,24.3,23.9,24.0,3599879
2016-10-13,24.75,24.75,24.95,24.1,24.25,10918548
2016-10-14,24.5,24.5,24.75,24.3,24.7,6197887
2016-10-17,24.55,24.55,24.65,24.3,24.6,2533689
2016-10-18,24.6,24.6,24.65,24.5,24.55,3724363
2016-10-19,25.05,25.05,25.5,24.7,24.7,10605471
2016-10-20,25.05,25.05,25.3,24.9,25.05,3460934
2016-10-21,24.75,24.75,25.1,24.7,25.05,4089606
2016-10-24,24.45,24.45,24.9,24.25,24.75,5505645
2016-10-25,25.1,25.1,25.15,24.5,24.7,7068290
2016-10-26,25.05,25.05,25.15,24.75,25.1,4651563
2016-10-27,24.9,24.9,25.2,24.85,25.05,3540722
2016-10-28,24.85,24.85,25.1,24.7,24.9,4660145
2016-10-31,25.0,25.0,25.2,24.7,24.9,4990804
2016-11-01,24.7,24.7,25.0,24.7,25.0,2292916
2016-11-02,23.75,23.75,24.5,23.75,24.5,8140874
2016-11-03,23.3,23.3,23.75,23.0,23.7,6074879
2016-11-04,23.6,23.6,23.75,23.25,23.3,2764655
2016-11-07,23.7,23.7,23.9,23.65,23.9,2186369
2016-11-08,23.4,23.4,23.7,23.15,23.7,4040812
2016-11-09,22.8,22.8,23.7,22.7,23.3,8430586
2016-11-10,23.6,23.6,23.65,23.15,23.5,4814709
2016-11-11,23.2,23.2,23.6,23.1,23.45,3734136
2016-11-14,22.5,22.5,23.15,22.3,23.05,5403003
2016-11-15,22.7,22.7,22.8,22.35,22.5,2837273
2016-11-16,22.6,22.6,22.85,22.5,22.75,3153342
2016-11-17,22.15,22.15,22.6,22.05,22.4,7156157
2016-11-18,21.75,21.75,22.05,21.55,22.0,6969345
2016-11-21,22.1,22.1,22.25,21.5,21.6,3918422
2016-11-22,22.1,22.1,22.25,22.05,22.1,3059663
2016-11-23,21.8,21.8,22.15,21.8,22.1,3767688
2016-11-24,21.8,21.8,21.85,21.6,21.6,2945212
2016-11-25,21.95,21.95,22.0,21.65,21.7,1356570
2016-11-28,22.05,22.05,22.2,21.95,22.1,2351325
2016-11-29,21.85,21.85,22.1,21.8,22.1,1908038
2016-11-30,22.0,22.0,22.0,21.75,21.8,1880020
2016-12-01,21.85,21.85,22.0,21.85,22.0,1537215
2016-12-02,21.7,21.7,21.8,21.7,21.8,2510246
2016-12-05,21.55,21.55,21.7,21.5,21.6,1942950
2016-12-06,22.35,22.35,22.5,22.2,22.5,6331552
2016-12-07,22.2,22.2,22.45,22.15,22.4,4085963
2016-12-08,22.25,22.25,22.5,22.2,22.5,2576291
2016-12-09,22.1,22.1,22.35,22.05,22.3,2490949
2016-12-12,21.95,21.95,22.25,21.9,22.15,2192563
2016-12-13,22.0,22.0,22.1,21.85,21.95,1571208
2016-12-14,22.05,22.05,22.1,21.95,22.1,1657785
2016-12-15,21.9,21.9,22.1,21.8,22.0,2052565
2016-12-16,21.85,21.85,21.95,21.8,21.9,1568340
2016-12-19,22.1,22.1,22.45,21.85,21.95,3370665
2016-12-20,21.95,21.95,22.1,21.85,22.0,2407176
2016-12-21,21.9,21.9,22.05,21.85,21.9,1986076
2016-12-22,21.9,21.9,22.1,21.85,22.0,1583524
2016-12-23,21.9,21.9,22.05,21.9,21.9,1468099
2016-12-26,21.9,21.9,22.05,21.85,21.95,1031117
2016-12-27,22.1,22.1,22.1,21.9,22.0,1179668
2016-12-28,22.2,22.2,22.2,22.05,22.1,1638880
2016-12-29,22.15,22.15,22.2,22.1,22.2,1456898
2016-12-30,22.15,22.15,22.25,22.15,22.15,1743094
2017-01-03,22.4,22.4,22.5,22.2,22.35,2962588
2017-01-04,22.3,22.3,22.55,22.3,22.4,3054396
2017-01-05,22.45,22.45,22.5,22.3,22.3,2148135
2017-01-06,22.7,22.7,22.75,22.45,22.45,4378016
2017-01-09,22.9,22.9,22.95,22.6,22.8,7346856
2017-01-10,22.5,22.5,22.8,22.45,22.8,3868580
2017-01-11,22.6,22.6,22.65,22.35,22.45,3703629
2017-01-12,22.4,22.4,22.55,22.4,22.5,2563803
2017-01-13,22.2,22.2,22.45,22.2,22.45,2225492
2017-01-16,22.1,22.1,22.35,22.1,22.35,1874132
2017-01-17,22.3,22.3,22.3,22.1,22.15,1262931
2017-01-18,22.1,22.1,22.3,22.05,22.2,1911721
2017-01-19,22.2,22.2,22.25,22.05,22.25,1432229
2017-01-20,22.6,22.6,22.95,22.5,22.5,7087809
2017-01-23,22.5,22.5,22.7,22.5,22.7,2272845
2017-01-24,22.45,22.45,22.55,22.4,22.5,1932392
2017-02-02,22.6,22.6,22.65,22.5,22.65,2723451
2017-02-03,22.6,22.6,22.7,22.5,22.6,2309599
2017-02-06,22.9,22.9,22.9,22.6,22.7,4354761
2017-02-07,22.75,22.75,22.95,22.75,22.95,2298452
2017-02-08,22.6,22.6,22.75,22.6,22.75,2584001
2017-02-09,22.7,22.7,22.8,22.6,22.6,2190442
2017-02-10,22.65,22.65,22.85,22.65,22.85,2913280
2017-02-13,22.55,22.55,22.65,22.4,22.65,3989785
2017-02-14,22.7,22.7,22.8,22.5,22.55,2196556
2017-02-15,22.7,22.7,22.8,22.65,22.8,2784136
2017-02-16,22.55,22.55,22.75,22.5,22.75,2715587
2017-02-17,22.7,22.7,22.7,22.5,22.6,2174403
2017-02-20,23.0,23.0,23.3,22.85,22.85,7768103
2017-02-21,23.1,23.1,23.15,22.9,23.1,3218820
2017-02-22,23.1,23.1,23.2,23.05,23.1,3319124
2017-02-23,23.15,23.15,23.2,23.0,23.1,3005640
2017-02-24,23.15,23.15,23.3,23.1,23.3,3217551
2017-03-01,23.25,23.25,23.25,23.1,23.2,2146091
2017-03-02,23.35,23.35,23.45,23.25,23.35,3075229
2017-03-03,23.25,23.25,23.35,23.15,23.35,2082376
2017-03-06,23.3,23.3,23.35,23.15,23.3,1930733
2017-03-07,23.2,23.2,23.25,23.1,23.25,2072773
2017-03-08,23.15,23.15,23.25,23.1,23.2,1800992
2017-03-09,23.6,23.6,23.9,23.1,23.15,10602529
2017-03-10,23.45,23.45,23.6,23.2,23.5,3668044
2017-03-13,22.8,22.8,22.85,22.2,22.8,6526082
2017-03-14,22.6,22.6,22.8,22.6,22.8,3551120
2017-03-15,22.65,22.65,22.8,22.6,22.6,1944466
2017-03-16,23.1,23.1,23.15,22.65,22.75,4591524
2017-03-17,23.25,23.25,23.25,22.95,23.05,3505276
2017-03-20,22.65,22.65,22.75,22.1,22.55,12339944
2017-03-21,22.7,22.7,22.75,22.6,22.65,4468866
2017-03-22,22.75,22.75,22.75,22.45,22.6,2947471
2017-03-23,22.7,22.7,22.8,22.6,22.75,2597653
2017-03-24,22.55,22.55,22.75,22.55,22.7,2537434
2017-03-27,22.2,22.2,22.5,22.2,22.45,5478096
2017-03-28,22.1,22.1,22.45,22.05,22.2,3899421
2017-03-29,22.25,22.25,22.25,22.05,22.2,2270458
2017-03-30,22.2,22.2,22.3,22.15,22.2,1409014
2017-03-31,22.1,22.1,22.2,22.0,22.1,4364459
2017-04-05,21.8,21.8,22.1,21.65,22.1,8312513
2017-04-06,21.85,21.85,21.9,21.75,21.8,2743638
2017-04-07,21.9,21.9,22.0,21.8,21.95,3242607
2017-04-10,22.15,22.15,22.45,22.1,22.3,4733724
2017-04-11,22.0,22.0,22.3,22.0,22.3,2659632
2017-04-12,22.25,22.25,22.35,22.0,22.15,5430241
2017-04-13,21.9,21.9,22.1,21.8,22.1,3372495
2017-04-14,21.7,21.7,21.8,21.6,21.8,2986731
2017-04-17,21.65,21.65,21.85,21.6,21.7,1651549
2017-04-18,21.8,21.8,21.8,21.65,21.7,1140792
2017-04-19,21.55,21.55,21.75,21.55,21.75,2551404
2017-04-21,21.5,21.5,21.7,21.5,21.6,1589842
2017-04-24,21.4,21.4,21.55,21.35,21.5,1580687
2017-04-25,21.5,21.5,21.5,21.4,21.5,1366528
2017-04-26,21.7,21.7,21.75,21.5,21.55,1907694
2017-04-27,21.65,21.65,21.75,21.6,21.7,785214
2017-04-28,21.95,21.95,22.05,21.65,21.65,3524645
2017-05-02,21.9,21.9,22.0,21.85,21.95,1452646
2017-05-03,21.85,21.85,21.95,21.85,21.9,1029547
2017-05-04,21.95,21.95,21.95,21.8,21.85,983892
2017-05-05,21.7,21.7,22.0,21.7,22.0,1438937
2017-05-08,21.8,21.8,22.05,21.75,21.9,2661385
2017-05-09,21.5,21.5,21.85,21.45,21.8,2221042
2017-05-10,21.55,21.55,21.65,21.5,21.5,1740864
2017-05-11,21.5,21.5,21.6,21.5,21.55,1162372
2017-05-12,21.55,21.55,21.75,21.45,21.5,2398041
2017-05-15,20.55,20.55,21.2,20.55,21.2,9972751
2017-05-16,20.1,20.1,20.55,19.85,20.5,7637226
2017-05-17,20.1,20.1,20.35,20.05,20.15,2856583
2017-05-18,20.15,20.15,20.25,19.9,19.95,1648846
2017-05-19,20.3,20.3,20.4,20.15,20.15,2112236
2017-05-22,20.25,20.25,20.4,20.2,20.3,1584112
2017-05-23,20.25,20.25,20.35,20.25,20.3,1626645
2017-05-24,20.4,20.4,20.45,20.3,20.3,1397670
2017-05-25,20.3,20.3,20.5,20.25,20.4,2673831
2017-05-26,20.4,20.4,20.4,20.3,20.3,1784221
2017-05-31,20.3,20.3,20.5,20.3,20.4,2096998
2017-06-01,20.45,20.45,20.5,20.3,20.35,1340392
2017-06-02,20.6,20.6,20.6,20.45,20.5,1458894
2017-06-05,20.65,20.65,20.7,20.55,20.6,1517535
2017-06-06,20.7,20.7,20.7,20.6,20.65,1212801
2017-06-07,20.65,20.65,20.8,20.65,20.75,1870984
2017-06-08,20.55,20.55,20.7,20.55,20.7,1407920
2017-06-09,20.5,20.5,20.65,20.5,20.55,1593702
2017-06-12,20.3,20.3,20.5,20.25,20.25,1831343
2017-06-13,20.65,20.65,20.9,20.25,20.3,3683420
2017-06-14,20.8,20.8,21.1,20.7,20.8,4057255
2017-06-15,20.75,20.75,20.8,20.6,20.8,1609639
2017-06-16,20.65,20.65,20.85,20.65,20.75,1127093
2017-06-19,20.65,20.65,20.75,20.65,20.65,1056194
2017-06-20,20.7,20.7,20.75,20.65,20.65,932511
2017-06-21,21.0,21.0,21.05,20.7,20.7,1971292
2017-06-22,20.9,20.9,21.2,20.9,21.1,1306415
2017-06-23,20.9,20.9,21.0,20.8,20.9,924055
2017-06-26,20.95,20.95,21.1,20.8,20.8,1697330
2017-06-27,20.8,20.8,21.0,20.8,20.9,1757928
2017-06-28,20.85,20.85,20.9,20.8,20.8,11541336
2017-06-29,20.9,20.9,21.0,20.85,20.85,1328868
2017-06-30,20.95,20.95,20.95,20.7,20.9,1627711
2017-07-03,21.0,21.0,21.0,20.85,20.85,1685813
2017-07-04,20.95,20.95,21.1,20.9,21.0,1382575
2017-07-05,20.9,20.9,21.0,20.85,20.95,1067154
2017-07-06,20.85,20.85,21.0,20.8,20.9,971383
2017-07-07,20.8,20.8,20.9,20.8,20.8,881006
2017-07-10,20.7,20.7,20.85,20.7,20.8,1756293
2017-07-11,20.25,20.25,20.6,20.25,20.5,4939113
2017-07-12,20.25,20.25,20.3,20.1,20.2,2572301
2017-07-13,20.35,20.35,20.4,20.25,20.25,1213313
2017-07-14,20.2,20.2,20.35,20.15,20.35,1901586
2017-07-17,20.1,20.1,20.25,20.1,20.15,1809891
2017-07-18,20.15,20.15,20.2,20.1,20.1,1469818
2017-07-19,20.25,20.25,20.25,20.1,20.15,1604324
2017-07-20,20.15,20.15,20.2,20.1,20.15,1347874
2017-07-21,20.15,20.15,20.2,20.1,20.15,1457045
2017-07-24,20.2,20.2,20.25,20.1,20.15,880456
2017-07-25,20.1,20.1,20.25,20.1,20.2,1161782
2017-07-26,20.05,20.05,20.2,20.0,20.15,2005043
2017-07-27,20.0,20.0,20.05,19.95,20.0,2670325
2017-07-28,19.95,19.95,20.0,19.9,20.0,1807515
2017-07-31,19.45,19.45,19.95,19.45,19.9,4965898
2017-08-01,19.55,19.55,19.7,19.45,19.45,2146057
2017-08-02,19.2,19.2,19.6,19.2,19.6,3804719
2017-08-03,18.9,18.9,19.1,18.7,19.05,5215500
2017-08-04,18.9,18.9,19.0,18.8,18.9,2258299
2017-08-07,19.8,19.8,19.85,19.05,19.05,4700212
2017-08-08,19.85,19.85,20.15,19.85,20.0,3819102
2017-08-09,19.4,19.4,19.7,19.35,19.7,3550398
2017-08-10,19.2,19.2,19.6,19.15,19.4,2695652
2017-08-11,19.15,19.15,19.2,19.0,19.0,1869219
2017-08-14,18.7,18.7,19.15,18.7,19.05,4199972
2017-08-15,18.85,18.85,18.9,18.8,18.8,1845684
2017-08-16,19.15,19.15,19.15,18.85,18.85,2471462
2017-08-17,19.1,19.1,19.15,19.0,19.0,2361145
2017-08-18,19.15,19.15,19.2,18.9,18.9,2371378
2017-08-21,19.2,19.2,19.2,19.05,19.2,2771725
2017-08-22,19.2,19.2,19.3,19.1,19.25,5288218
2017-08-23,19.1,19.1,19.25,19.1,19.2,9932631
2017-08-24,17.2,17.2,17.45,17.1,17.1,11907007
2017-08-25,17.25,17.25,17.35,17.2,17.3,2159595
2017-08-28,16.85,16.85,17.2,16.7,17.2,5606523
2017-08-29,16.5,16.5,16.8,16.45,16.8,4534490
2017-08-30,16.3,16.3,16.5,16.2,16.4,4626004
2017-08-31,16.8,16.8,16.9,16.2,16.2,7540634
2017-09-01,16.5,16.5,16.75,16.5,16.75,3185445
2017-09-04,16.25,16.25,16.4,16.2,16.4,3309443
2017-09-05,16.45,16.45,16.6,16.1,16.2,8022703
2017-09-06,16.3,16.3,16.4,16.25,16.4,2403887
2017-09-07,16.3,16.3,16.5,16.3,16.3,2268812
2017-09-08,16.35,16.35,16.55,16.2,16.3,6720872
2017-09-11,16.3,16.3,16.4,16.25,16.4,2254715
2017-09-12,16.55,16.55,16.75,16.35,16.45,8490679
2017-09-13,16.35,16.35,16.6,16.35,16.55,2447314
2017-09-14,16.4,16.4,16.45,16.3,16.35,1679422
2017-09-15,16.45,16.45,16.45,16.35,16.4,1633357
2017-09-18,17.15,17.15,17.4,16.5,16.5,19634017
2017-09-19,16.75,16.75,17.1,16.75,17.1,4923501
2017-09-20,16.6,16.6,16.85,16.6,16.75,1883645
2017-09-21,16.65,16.65,16.75,16.6,16.6,2154537
2017-09-22,16.55,16.55,16.65,16.5,16.6,2623873
2017-09-25,16.15,16.15,16.65,16.1,16.6,4947065
2017-09-26,16.15,16.15,16.3,16.15,16.25,1854925
2017-09-27,16.35,16.35,16.55,16.2,16.2,4523235
2017-09-28,16.15,16.15,16.4,16.1,16.3,2591821
2017-09-29,16.4,16.4,16.4,16.15,16.15,1471136
2017-10-02,16.55,16.55,16.7,16.3,16.35,4827671
2017-10-03,16.55,16.55,16.65,16.5,16.5,1031240
2017-10-05,16.4,16.4,16.55,16.25,16.55,2087123
2017-10-06,16.3,16.3,16.4,16.2,16.4,2876461
2017-10-11,16.3,16.3,16.9,15.9,16.15,28696300
2017-10-12,16.0,16.0,16.2,15.9,16.15,6999917
2017-10-13,15.9,15.9,16.0,15.85,16.0,3191514
2017-10-16,15.8,15.8,16.05,15.75,15.9,3905974
2017-10-17,15.6,15.6,15.8,15.55,15.8,3643456
2017-10-18,15.45,15.45,15.7,15.4,15.6,2654339
2017-10-19,15.2,15.2,15.4,15.1,15.4,5499490
2017-10-20,15.35,15.35,15.5,15.1,15.2,4814055
2017-10-23,15.2,15.2,15.5,15.2,15.35,2261401
2017-10-24,15.4,15.4,15.4,15.2,15.2,1740543
2017-10-25,15.75,15.75,15.75,15.4,15.4,4111274
2017-10-26,15.75,15.75,15.8,15.6,15.75,1505182
2017-10-27,15.5,15.5,15.8,15.5,15.75,2337018
2017-10-30,15.6,15.6,15.65,15.4,15.5,1393224
2017-10-31,15.45,15.45,15.6,15.4,15.6,1362915
2017-11-01,15.5,15.5,15.65,15.4,15.45,2381546
2017-11-02,15.45,15.45,15.55,15.35,15.5,1621325
2017-11-03,15.35,15.35,15.5,15.3,15.45,1736084
2017-11-06,15.7,15.7,15.85,15.5,15.55,6417067
2017-11-07,15.6,15.6,15.9,15.55,15.75,1999484
2017-11-08,15.6,15.6,15.75,15.55,15.6,2671215
2017-11-09,15.5,15.5,15.75,15.45,15.6,1727294
2017-11-10,15.45,15.45,15.55,15.35,15.5,1283142
2017-11-13,15.55,15.55,15.75,15.45,15.45,2739678
2017-11-14,15.6,15.6,15.9,15.55,15.7,5913441
2017-11-15,15.65,15.65,15.75,15.6,15.7,2149464
2017-11-16,15.7,15.7,15.75,15.6,15.65,1620194
2017-11-17,15.65,15.65,15.8,15.6,15.7,1290693
2017-11-20,15.9,15.9,15.95,15.75,15.75,4113625
2017-11-21,16.6,16.6,16.65,16.1,16.1,11826558
2017-11-22,16.45,16.45,16.75,16.25,16.65,5731260
2017-11-23,16.2,16.2,16.45,16.15,16.3,2483930
2017-11-24,16.5,16.5,16.55,16.15,16.15,3129743
2017-11-27,16.25,16.25,16.55,16.2,16.5,3279229
2017-11-28,16.15,16.15,16.3,16.15,16.25,1727714
2017-11-29,16.5,16.5,16.7,16.15,16.2,5533432
2017-11-30,16.4,16.4,16.5,16.3,16.5,1818463
2017-12-01,16.1,16.1,16.5,16.1,16.4,2799551
2017-12-04,16.2,16.2,16.35,16.1,16.2,1519125
2017-12-05,16.3,16.3,16.35,16.2,16.25,1878700
2017-12-06,16.35,16.35,16.65,16.3,16.35,3945676
2017-12-07,16.5,16.5,16.65,16.35,16.55,3222786
2017-12-08,16.55,16.55,16.65,16.45,16.6,1974248
2017-12-11,17.0,17.0,17.1,16.6,16.65,8401006
2017-12-12,16.6,16.6,17.0,16.55,17.0,3941553
2017-12-13,16.6,16.6,16.7,16.45,16.6,2003548
2017-12-14,16.55,16.55,16.7,16.5,16.65,1381105
2017-12-15,16.55,16.55,16.6,16.45,16.6,1693856
2017-12-18,16.25,16.25,16.55,16.25,16.55,2037168
2017-12-19,16.2,16.2,16.35,16.2,16.25,1092903
2017-12-20,16.25,16.25,16.35,16.2,16.2,1023882
2017-12-21,16.2,16.2,16.35,16.2,16.3,786540
2017-12-22,16.45,16.45,16.5,16.2,16.3,2686657
2017-12-25,16.3,16.3,16.45,16.3,16.4,1005746
2017-12-26,16.2,16.2,16.5,16.2,16.3,1202153
2017-12-27,16.25,16.25,16.4,16.2,16.2,877775
2017-12-28,16.35,16.35,16.4,16.25,16.3,1083330
2017-12-29,16.35,16.35,16.45,16.3,16.35,1450107
2018-01-02,16.5,16.5,16.6,16.45,16.5,1447255
2018-01-03,16.5,16.5,16.6,16.4,16.6,1517146
2018-01-04,16.5,16.5,16.55,16.4,16.5,1614058
2018-01-05,16.6,16.6,16.6,16.5,16.5,1577373
2018-01-08,16.65,16.65,16.8,16.6,16.6,2530486
2018-01-09,16.55,16.55,16.7,16.5,16.7,1284858
2018-01-10,16.45,16.45,16.55,16.4,16.55,1222326
2018-01-11,16.25,16.25,16.4,16.2,16.4,1913108
2018-01-12,16.5,16.5,16.6,16.4,16.4,1728134
2018-01-15,16.65,16.65,17.05,16.65,16.65,5585544
2018-01-16,16.7,16.7,16.75,16.6,16.65,1511530
2018-01-17,16.8,16.8,16.9,16.65,16.75,2772025
2018-01-18,16.8,16.8,16.95,16.7,16.9,2818107
2018-01-19,16.8,16.8,16.9,16.75,16.8,1703209
2018-01-22,16.9,16.9,17.0,16.85,16.85,2928957
2018-01-23,16.85,16.85,16.95,16.75,16.9,2023921
2018-01-24,16.8,16.8,16.85,16.65,16.75,2277933
2018-01-25,16.85,16.85,16.95,16.8,16.9,1666246
2018-01-26,16.95,16.95,16.95,16.85,16.95,2229117
2018-01-29,17.6,17.6,17.6,17.0,17.0,13867925
2018-01-30,17.35,17.35,18.0,17.3,17.6,9614103
2018-01-31,17.45,17.45,17.5,17.1,17.25,4050850
2018-02-01,17.05,17.05,17.45,17.05,17.45,3276899
2018-02-02,17.1,17.1,17.25,17.05,17.05,1697326
2018-02-05,16.95,16.95,17.1,16.4,17.1,4914811
2018-02-06,16.1,16.1,16.6,15.6,16.4,7944291
2018-02-07,16.6,16.6,16.7,16.3,16.5,4891858
2018-02-08,17.1,17.1,17.25,16.7,16.8,7085225
2018-02-09,16.85,16.85,16.9,16.5,16.6,3748318
2018-02-12,16.7,16.7,17.0,16.55,16.8,2643920
2018-02-21,17.0,17.0,17.1,16.8,17.0,1983687
2018-02-22,17.1,17.1,17.1,16.9,17.0,1832741
2018-02-23,17.2,17.2,17.35,17.15,17.2,3075935
2018-02-26,17.1,17.1,17.4,17.05,17.4,1955471
2018-02-27,17.0,17.0,17.25,16.9,17.15,1778821
2018-03-01,16.85,16.85,17.05,16.8,17.0,1680446
2018-03-02,16.9,16.9,17.0,16.8,16.9,1055630
2018-03-05,16.65,16.65,16.95,16.6,16.9,1700130
2018-03-06,16.55,16.55,16.75,16.4,16.75,2547884
2018-03-07,16.5,16.5,16.8,16.45,16.55,1241400
2018-03-08,16.5,16.5,16.6,16.5,16.5,943380
2018-03-09,16.55,16.55,16.6,16.5,16.6,1179765
2018-03-12,16.55,16.55,16.65,16.45,16.65,1591277
2018-03-13,16.65,16.65,16.65,16.45,16.5,1256797
2018-03-14,16.6,16.6,16.65,16.3,16.3,1444571
2018-03-15,16.7,16.7,16.75,16.6,16.7,1168915
2018-03-16,16.4,16.4,16.7,16.3,16.7,4296769
2018-03-19,16.4,16.4,16.4,16.3,16.4,1225979
2018-03-20,16.4,16.4,16.4,16.25,16.3,1652445
2018-03-21,16.25,16.25,16.45,16.25,16.4,1221647
2018-03-22,16.15,16.15,16.35,16.1,16.25,1768614
2018-03-23,15.95,15.95,16.05,15.8,15.95,2627830
2018-03-26,15.9,15.9,15.9,15.8,15.9,1429736
2018-03-27,15.05,15.05,15.8,15.0,15.8,11586758
2018-03-28,14.6,14.6,15.0,14.5,15.0,6634005
2018-03-29,14.2,14.2,14.6,14.1,14.5,6379985
2018-03-30,13.9,13.9,13.95,13.7,13.85,7390889
2018-04-02,14.2,14.2,14.35,14.1,14.15,2557494
2018-04-03,14.1,14.1,14.15,14.0,14.1,1650284
2018-04-09,13.85,13.85,14.1,13.75,14.1,2010627
2018-04-10,13.5,13.5,13.9,13.5,13.85,2750627
2018-04-11,13.75,13.75,13.85,13.5,13.5,1685693
2018-04-12,13.75,13.75,13.85,13.7,13.75,1106014
2018-04-13,13.8,13.8,13.85,13.7,13.8,1001907
2018-04-16,13.5,13.5,13.8,13.5,13.75,1360718
2018-04-17,13.05,13.05,13.35,12.85,13.35,3305057
2018-04-18,13.0,13.0,13.2,12.9,13.1,1512121
2018-04-19,13.15,13.15,13.4,13.0,13.0,2653101
2018-04-20,13.15,13.15,13.3,13.05,13.15,1034268
2018-04-23,13.0,13.0,13.15,12.95,13.15,1219076
2018-04-24,12.6,12.6,12.8,12.5,12.75,2959892
2018-04-25,12.5,12.5,12.55,12.35,12.55,1161185
2018-04-26,12.3,12.3,12.6,12.3,12.55,1490828
2018-04-27,12.4,12.4,12.5,12.35,12.35,970849
2018-04-30,12.75,12.75,12.75,12.45,12.5,1523544
2018-05-02,13.5,13.5,13.5,12.75,12.75,3080907
2018-05-03,13.1,13.1,13.5,13.1,13.5,1170640
2018-05-04,13.0,13.0,13.2,13.0,13.1,943642
2018-05-07,13.0,13.0,13.2,13.0,13.1,646409
2018-05-08,13.0,13.0,13.05,12.85,13.05,886531
2018-05-09,12.7,12.7,13.0,12.7,13.0,1036964
2018-05-10,12.75,12.75,13.0,12.7,13.0,922903
2018-05-11,12.7,12.7,12.8,12.65,12.7,879556
2018-05-14,12.8,12.8,12.95,12.7,12.8,2822200
2018-05-15,12.65,12.65,12.8,12.65,12.8,828690
2018-05-16,12.6,12.6,12.8,12.6,12.8,788362
2018-05-17,12.65,12.65,12.8,12.6,12.6,645183
2018-05-18,12.7,12.7,12.8,12.65,12.65,918329
2018-05-21,12.85,12.85,12.9,12.75,12.8,941917
2018-05-22,12.85,12.85,12.9,12.8,12.85,915082
2018-05-23,12.9,12.9,13.1,12.85,12.85,1531779
2018-05-24,12.95,12.95,13.1,12.85,12.9,863893
2018-05-25,13.1,13.1,13.35,12.95,12.95,2099475
2018-05-28,12.95,12.95,13.2,12.95,13.1,811915
2018-05-29,12.95,12.95,13.0,12.8,12.95,878027
2018-05-30,12.8,12.8,12.85,12.75,12.8,885027
2018-05-31,12.85,12.85,12.9,12.7,12.85,1817956
2018-06-01,13.35,13.35,13.6,12.75,12.75,9143751
2018-06-04,13.45,13.45,13.55,13.3,13.35,2418522
2018-06-05,13.3,13.3,13.45,13.25,13.4,1232345
2018-06-06,13.35,13.35,13.45,13.3,13.35,1634502
2018-06-07,13.8,13.8,14.05,13.4,13.4,7516985
2018-06-08,13.7,13.7,13.75,13.6,13.7,1930536
2018-06-11,13.45,13.45,13.8,13.35,13.8,2228783
2018-06-12,13.9,13.9,13.95,13.35,13.45,3860923
2018-06-13,14.55,14.55,14.65,13.8,13.9,11017500
2018-06-14,14.55,14.55,14.7,14.1,14.55,5174282
2018-06-15,14.55,14.55,14.65,14.3,14.6,6544028
2018-06-19,14.2,14.2,14.5,14.2,14.5,2228850
2018-06-20,14.8,14.8,15.05,14.0,14.1,8158270
2018-06-21,14.5,14.5,14.8,14.45,14.7,3889319
2018-06-22,14.3,14.3,14.9,14.25,14.3,4411158
2018-06-25,14.2,14.2,14.45,14.2,14.3,1530612
2018-06-26,13.7,13.7,14.1,13.65,14.1,2105224
2018-06-27,13.7,13.7,13.9,13.7,13.7,916985
2018-06-28,13.75,13.75,13.95,13.7,13.7,931930
2018-06-29,13.8,13.8,13.85,13.7,13.85,697196
2018-07-02,13.5,13.5,13.9,13.5,13.8,1206728
2018-07-03,13.2,13.2,13.7,13.2,13.55,1524042
2018-07-04,13.25,13.25,13.35,13.2,13.3,742262
2018-07-05,13.1,13.1,13.35,13.05,13.3,588947
2018-07-06,12.95,12.95,13.2,12.85,13.2,1123754
2018-07-09,13.45,13.45,13.55,13.0,13.05,4362200
2018-07-10,13.35,13.35,13.5,13.15,13.45,1396322
2018-07-11,13.05,13.05,13.2,13.05,13.15,1113380
2018-07-12,13.1,13.1,13.1,12.95,13.05,699450
2018-07-13,13.05,13.05,13.15,13.0,13.15,667900
2018-07-16,13.25,13.25,13.35,13.0,13.1,2282607
2018-07-17,13.05,13.05,13.25,13.05,13.25,601454
2018-07-18,13.1,13.1,13.2,13.05,13.15,774302
2018-07-19,13.0,13.0,13.4,13.0,13.1,2487254
2018-07-20,12.85,12.85,13.15,12.85,13.1,1512167
2018-07-23,12.95,12.95,12.95,12.75,12.85,761970
2018-07-24,13.05,13.05,13.05,12.85,12.95,779106
2018-07-25,12.95,12.95,13.1,12.95,13.05,503581
2018-07-26,13.0,13.0,13.05,12.95,13.0,712152
2018-07-27,13.15,13.15,13.3,12.95,13.0,3975549
2018-07-30,13.15,13.15,13.15,13.0,13.15,711421
2018-07-31,13.1,13.1,13.2,13.1,13.15,673328
2018-08-01,13.1,13.1,13.25,13.1,13.1,891921
2018-08-02,13.0,13.0,13.2,13.0,13.15,693545
2018-08-03,13.05,13.05,13.15,12.95,13.0,920295
2018-08-06,13.1,13.1,13.1,13.0,13.1,633781
2018-08-07,13.1,13.1,13.15,13.05,13.1,572920
2018-08-08,13.0,13.0,13.15,13.0,13.1,882829
2018-08-09,13.05,13.05,13.1,13.0,13.0,588132
2018-08-10,13.05,13.05,13.15,13.05,13.05,741168
2018-08-13,12.65,12.65,12.85,12.6,12.85,1754986
2018-08-14,12.65,12.65,12.8,12.6,12.65,694009
2018-08-15,12.55,12.55,12.75,12.55,12.7,1244270
2018-08-16,12.5,12.5,12.6,12.4,12.4,845831
2018-08-17,12.65,12.65,12.7,12.5,12.5,547810
2018-08-20,12.75,12.75,12.8,12.65,12.65,831375
2018-08-21,12.65,12.65,12.75,12.6,12.75,574413
2018-08-22,12.65,12.65,12.75,12.65,12.65,583054
2018-08-23,12.65,12.65,12.75,12.6,12.65,774650
2018-08-24,12.6,12.6,12.7,12.6,12.65,284659
2018-08-27,12.65,12.65,12.75,12.6,12.6,527364
2018-08-28,12.7,12.7,12.75,12.65,12.65,508459
2018-08-29,12.7,12.7,12.85,12.7,12.7,850858
2018-08-30,12.8,12.8,12.85,12.75,12.8,648986
2018-08-31,12.9,12.9,12.9,12.8,12.8,978856
2018-09-03,13.15,13.15,13.15,12.95,12.95,1377720
2018-09-04,13.3,13.3,13.45,13.15,13.2,1775656
2018-09-05,13.25,13.25,13.35,13.15,13.3,1066881
2018-09-06,13.05,13.05,13.2,13.05,13.15,522699
2018-09-07,12.9,12.9,13.1,12.75,13.05,729673
2018-09-10,12.65,12.65,12.9,12.55,12.9,685418
2018-09-11,12.75,12.75,12.75,12.55,12.65,810133
2018-09-12,12.65,12.65,12.85,12.6,12.75,662036
2018-09-13,12.8,12.8,12.95,12.65,12.7,806406
2018-09-14,12.9,12.9,12.95,12.8,12.85,508588
2018-09-17,12.85,12.85,12.95,12.8,12.9,209103
2018-09-18,12.75,12.75,12.9,12.75,12.8,416255
2018-09-19,12.9,12.9,12.9,12.75,12.75,646304
2018-09-20,12.8,12.8,12.95,12.8,12.95,370703
2018-09-21,12.75,12.75,12.9,12.75,12.8,527132
2018-09-25,12.8,12.8,12.85,12.75,12.85,418482
2018-09-26,13.0,13.0,13.1,12.8,12.8,2146442
2018-09-27,13.2,13.2,13.3,13.0,13.1,1435273
2018-09-28,13.45,13.45,13.8,13.4,13.4,4863212
2018-10-01,13.5,13.5,13.6,13.4,13.45,1227829
2018-10-02,13.35,13.35,13.5,13.3,13.5,975570
2018-10-03,13.15,13.15,13.4,13.15,13.35,966060
2018-10-04,13.05,13.05,13.25,13.05,13.15,749576
2018-10-05,12.7,12.7,13.0,12.6,13.0,1714059
2018-10-08,12.8,12.8,12.85,12.65,12.65,427376
2018-10-09,12.75,12.75,12.85,12.7,12.8,773266
2018-10-11,11.6,11.6,12.6,11.5,12.6,3754657
2018-10-12,11.75,11.75,11.9,11.15,11.55,1739505
2018-10-15,11.65,11.65,11.95,11.65,11.95,1008415
2018-10-16,11.8,11.8,12.05,11.6,11.6,981518
2018-10-17,12.0,12.0,12.1,11.85,11.9,1250074
2018-10-18,12.1,12.1,12.2,12.0,12.1,674831
2018-10-19,11.85,11.85,12.05,11.7,12.05,602398
2018-10-22,11.9,11.9,12.1,11.8,11.85,631070
2018-10-23,11.8,11.8,11.95,11.7,11.9,513396
2018-10-24,11.85,11.85,11.95,11.7,11.8,636712
2018-10-25,11.5,11.5,11.7,11.5,11.7,1096369
2018-10-26,11.3,11.3,11.6,11.2,11.55,1259901
2018-10-29,11.45,11.45,11.45,11.2,11.3,759821
2018-10-30,11.5,11.5,11.7,11.4,11.45,647614
2018-10-31,11.8,11.8,11.9,11.65,11.65,818710
2018-11-01,11.85,11.85,11.95,11.8,11.95,408530
2018-11-02,12.0,12.0,12.1,11.85,11.85,928490
2018-11-05,12.0,12.0,12.15,11.9,12.0,356367
2018-11-06,12.0,12.0,12.1,11.9,12.0,417381
2018-11-07,12.2,12.2,12.3,12.0,12.0,1405544
2018-11-08,12.25,12.25,12.35,12.2,12.3,504995
2018-11-09,12.15,12.15,12.3,11.95,12.3,699798
2018-11-12,12.05,12.05,12.25,12.0,12.15,454093
2018-11-13,11.9,11.9,11.95,11.8,11.9,546732
2018-11-14,11.95,11.95,12.0,11.85,11.95,536704
2018-11-15,12.05,12.05,12.05,11.85,11.95,577540
2018-11-16,12.05,12.05,12.1,11.95,12.0,505836
2018-11-19,11.9,11.9,12.1,11.8,12.05,905256
2018-11-20,11.8,11.8,11.9,11.8,11.9,420938
2018-11-21,11.8,11.8,11.9,11.7,11.75,549988
2018-11-22,11.85,11.85,11.9,11.8,11.8,400882
2018-11-23,11.7,11.7,11.85,11.7,11.85,574942
2018-11-26,11.85,11.85,11.95,11.75,11.75,454281
2018-11-27,11.8,11.8,11.85,11.75,11.85,299261
2018-11-28,11.85,11.85,11.9,11.8,11.8,730097
2018-11-29,12.05,12.05,12.15,11.9,11.95,3238456
2018-11-30,12.25,12.25,12.3,12.0,12.0,1559345
2018-12-03,12.35,12.35,12.4,12.25,12.3,1673713
2018-12-04,12.2,12.2,12.35,12.2,12.35,865939
2018-12-05,12.05,12.05,12.1,11.9,12.1,734285
2018-12-06,11.8,11.8,12.05,11.75,12.05,1504284
2018-12-07,11.85,11.85,11.9,11.8,11.8,543521
2018-12-10,11.75,11.75,11.9,11.75,11.85,454904
2018-12-11,11.75,11.75,11.9,11.75,11.8,841825
2018-12-12,11.85,11.85,11.9,11.8,11.8,877957
2018-12-13,11.85,11.85,11.95,11.85,11.85,409960
2018-12-14,11.85,11.85,11.95,11.8,11.9,630550
2018-12-17,11.9,11.9,12.0,11.8,11.8,1726820
2018-12-18,11.75,11.75,11.9,11.75,11.8,770273
2018-12-19,11.85,11.85,11.85,11.7,11.8,573992
2018-12-20,11.65,11.65,11.8,11.65,11.75,707744
2018-12-21,11.45,11.45,11.65,11.45,11.65,927159
2018-12-24,11.5,11.5,11.55,11.4,11.5,409279
2018-12-25,11.2,11.2,11.4,11.15,11.4,928793
2018-12-26,11.25,11.25,11.35,11.2,11.2,594305
2018-12-27,11.3,11.3,11.4,11.3,11.35,454906
2018-12-28,11.25,11.25,11.35,11.25,11.3,293543
2019-01-02,11.2,11.2,11.3,11.15,11.25,334842
2019-01-03,11.35,11.35,11.5,11.25,11.25,1372753
2019-01-04,11.4,11.4,11.45,11.2,11.35,978121
2019-01-07,11.65,11.65,11.8,11.45,11.45,3984018
2019-01-08,11.55,11.55,11.65,11.55,11.65,514627
2019-01-09,11.7,11.7,11.75,11.6,11.6,584711
2019-01-10,11.5,11.5,11.7,11.5,11.7,760949
2019-01-11,11.6,11.6,11.65,11.5,11.5,448348
2019-01-14,11.55,11.55,11.7,11.55,11.65,454404
2019-01-15,11.6,11.6,11.7,11.55,11.6,281994
2019-01-16,11.7,11.7,11.7,11.6,11.6,699058
2019-01-17,11.7,11.7,11.8,11.7,11.75,967793
2019-01-18,11.75,11.75,11.75,11.65,11.7,299036
2019-01-21,11.6,11.6,11.75,11.6,11.75,766375
2019-01-22,11.55,11.55,11.6,11.5,11.55,462738
2019-01-23,11.55,11.55,11.7,11.55,11.55,532744
2019-01-24,11.5,11.5,11.65,11.5,11.6,773812
2019-01-25,11.6,11.6,11.65,11.5,11.6,751320
2019-01-28,11.75,11.75,11.75,11.55,11.6,936292
2019-01-29,11.6,11.6,11.75,11.55,11.75,646192
2019-01-30,11.65,11.65,11.65,11.6,11.65,542512
2019-02-11,11.65,11.65,11.75,11.65,11.65,861491
2019-02-12,11.7,11.7,11.8,11.65,11.7,1108906
2019-02-13,11.9,11.9,12.05,11.75,11.8,1631576
2019-02-14,12.0,12.0,12.05,11.95,11.95,898875
2019-02-15,12.0,12.0,12.1,11.9,12.1,688938
2019-02-18,12.15,12.15,12.2,12.0,12.1,1420138
2019-02-19,12.3,12.3,12.35,12.15,12.2,1036672
2019-02-20,12.25,12.25,12.5,12.15,12.35,2125889
2019-02-21,12.1,12.1,12.35,12.1,12.25,1107585
2019-02-22,12.2,12.2,12.3,12.1,12.1,973292
2019-02-25,12.6,12.6,12.75,12.35,12.4,2303766
2019-02-26,12.55,12.55,12.75,12.5,12.7,974159
2019-02-27,12.35,12.35,12.6,12.35,12.55,1179550
2019-03-04,12.4,12.4,12.5,12.3,12.4,662090
2019-03-05,12.45,12.45,12.5,12.35,12.35,695695
2019-03-06,12.45,12.45,12.6,12.4,12.45,740169
2019-03-07,12.4,12.4,12.5,12.4,12.45,500426
2019-03-08,12.2,12.2,12.3,12.15,12.3,730943
2019-03-11,12.25,12.25,12.25,12.1,12.15,651338
2019-03-12,12.45,12.45,12.45,12.25,12.25,767101
2019-03-13,12.4,12.4,12.5,12.35,12.5,582425
2019-03-14,12.4,12.4,12.5,12.4,12.4,680750
2019-03-15,12.4,12.4,12.75,12.4,12.4,2291605
2019-03-18,12.25,12.25,12.6,12.25,12.35,1646907
2019-03-19,12.25,12.25,12.35,12.2,12.3,812617
2019-03-20,12.2,12.2,12.35,12.1,12.35,1722416
2019-03-21,12.1,12.1,12.2,12.1,12.2,886816
2019-03-22,12.15,12.15,12.2,12.1,12.1,767934
2019-03-25,12.0,12.0,12.1,11.9,12.0,1130886
2019-03-26,12.0,12.0,12.25,12.0,12.0,1104541
2019-03-27,11.95,11.95,12.05,11.9,12.0,876426
2019-03-28,11.85,11.85,11.9,11.8,11.9,780880
2019-03-29,11.8,11.8,11.9,11.75,11.85,1181148
2019-04-01,11.8,11.8,11.95,11.75,11.8,1459488
2019-04-02,11.9,11.9,11.9,11.8,11.8,554796
2019-04-03,11.8,11.8,11.9,11.75,11.9,1165935
2019-04-08,11.9,11.9,11.9,11.75,11.8,966290
2019-04-09,11.9,11.9,12.0,11.8,11.9,1360116
2019-04-10,11.75,11.75,11.85,11.7,11.8,2238470
2019-04-11,11.85,11.85,11.95,11.75,11.85,1348849
2019-04-12,11.95,11.95,12.0,11.85,11.85,826034
2019-04-15,12.25,12.25,12.25,11.95,11.95,3333990
2019-04-16,12.1,12.1,12.35,12.1,12.2,1607320
2019-04-17,12.3,12.3,12.3,12.05,12.1,2685749
2019-04-18,12.1,12.1,12.45,12.1,12.4,2447567
2019-04-19,12.15,12.15,12.35,12.05,12.1,1111319
2019-04-22,12.1,12.1,12.3,12.05,12.15,985547
2019-04-23,12.2,12.2,12.2,12.1,12.1,676874
2019-04-24,12.2,12.2,12.35,12.15,12.3,1074291
2019-04-25,12.2,12.2,12.25,12.15,12.2,554503
2019-04-26,12.1,12.1,12.2,12.05,12.2,641596
2019-04-29,11.95,11.95,12.15,11.9,12.1,762670
2019-04-30,11.95,11.95,12.05,11.9,11.9,867986
2019-05-02,11.95,11.95,12.05,11.9,11.95,739908
2019-05-03,11.95,11.95,12.1,11.9,11.9,1012089
2019-05-06,11.8,11.8,11.95,11.8,11.95,1252838
2019-05-07,11.9,11.9,11.9,11.75,11.8,647202
2019-05-08,11.75,11.75,11.85,11.7,11.8,752308
2019-05-09,11.65,11.65,11.85,11.6,11.85,1232932
2019-05-10,11.45,11.45,11.7,11.45,11.6,1254468
2019-05-13,11.3,11.3,11.5,11.25,11.5,834621
2019-05-14,11.1,11.1,11.1,10.9,10.9,1876515
2019-05-15,11.2,11.2,11.25,11.1,11.1,887125
2019-05-16,11.15,11.15,11.4,11.15,11.4,1016083
2019-05-17,11.15,11.15,11.25,11.1,11.2,656212
2019-05-20,10.9,10.9,11.2,10.9,11.15,1129952
2019-05-21,11.0,11.0,11.05,10.85,10.9,815124
2019-05-22,10.95,10.95,11.2,10.95,11.05,2014340
2019-05-23,11.0,11.0,11.05,10.95,11.0,726726
2019-05-24,11.1,11.1,11.1,10.95,10.95,1043659
2019-05-27,11.2,11.2,11.2,11.1,11.1,567163
2019-05-28,10.7,10.7,11.25,10.7,11.2,2712981
2019-05-29,10.5,10.5,10.8,10.45,10.8,2690793
2019-05-30,10.45,10.45,10.55,10.45,10.5,1390496
2019-05-31,10.6,10.6,10.6,10.45,10.45,1209201
2019-06-03,10.55,10.55,10.55,10.45,10.5,642467
2019-06-04,10.5,10.5,10.55,10.45,10.55,764016
2019-06-05,10.55,10.55,10.6,10.5,10.55,571145
2019-06-06,10.45,10.45,10.55,10.45,10.55,497397
2019-06-10,10.45,10.45,10.45,10.35,10.45,741042
2019-06-11,10.7,10.7,10.75,10.5,10.5,1502965
2019-06-12,10.65,10.65,10.75,10.6,10.75,474072
2019-06-13,10.75,10.75,10.8,10.7,10.75,783340
2019-06-14,10.7,10.7,10.75,10.65,10.7,498432
2019-06-17,10.6,10.6,10.75,10.6,10.7,622499
2019-06-18,10.55,10.55,10.6,10.5,10.6,585238
2019-06-19,10.6,10.6,10.65,10.55,10.55,946765
2019-06-20,10.65,10.65,10.7,10.6,10.65,667104
2019-06-21,10.95,10.95,11.3,10.65,10.65,6959735
2019-06-24,11.1,11.1,11.25,10.95,10.95,1532924
2019-06-25,11.1,11.1,11.1,11.0,11.1,765506
2019-06-26,10.95,10.95,11.1,10.9,11.05,605117
2019-06-27,11.1,11.1,11.2,10.95,10.95,935649
2019-06-28,11.0,11.0,11.15,11.0,11.1,610944
2019-07-01,11.05,11.05,11.15,11.0,11.15,626417
2019-07-02,11.0,11.0,11.1,11.0,11.0,869609
2019-07-03,11.05,11.05,11.1,10.95,11.0,495109
2019-07-04,11.05,11.05,11.1,11.0,11.05,799317
2019-07-05,11.2,11.2,11.2,11.05,11.1,968380
2019-07-08,11.2,11.2,11.35,11.2,11.2,1309743
2019-07-09,11.5,11.5,11.55,11.25,11.25,2491419
2019-07-10,11.5,11.5,11.6,11.4,11.55,1596654
2019-07-11,11.45,11.45,11.5,11.35,11.5,1284939
2019-07-12,11.4,11.4,11.5,11.35,11.4,859973
2019-07-15,11.25,11.25,11.4,11.25,11.4,934921
2019-07-16,11.3,11.3,11.35,11.25,11.25,607537
2019-07-17,11.4,11.4,11.65,11.3,11.3,1506416
2019-07-18,11.35,11.35,11.5,11.35,11.5,600851
2019-07-19,11.4,11.4,11.4,11.3,11.35,504887
2019-07-22,11.35,11.35,11.4,11.3,11.4,520517
2019-07-23,11.25,11.25,11.35,11.2,11.35,857678
2019-07-24,11.35,11.35,11.5,11.15,11.25,3962505
2019-07-25,11.3,11.3,11.35,11.25,11.35,875656
2019-07-26,11.3,11.3,11.4,11.3,11.35,947928
2019-07-29,11.4,11.4,11.4,11.25,11.3,628404
2019-07-30,11.25,11.25,11.4,11.25,11.4,822970
2019-07-31,11.3,11.3,11.35,11.15,11.35,952912
2019-08-01,11.1,11.1,11.25,11.1,11.2,911491
2019-08-02,10.85,10.85,11.05,10.75,11.05,1286717
2019-08-05,10.65,10.65,10.8,10.65,10.8,651224
2019-08-06,10.55,10.55,10.6,10.35,10.45,835282
2019-08-07,10.55,10.55,10.65,10.55,10.6,491944
2019-08-08,10.75,10.75,10.8,10.5,10.5,1214635
2019-08-12,10.95,10.95,11.0,10.8,10.9,874709
2019-08-13,10.8,10.8,10.85,10.75,10.75,511412
2019-08-14,11.0,11.0,11.15,10.8,10.9,3605269
2019-08-15,10.85,10.85,10.9,10.7,10.8,648345
2019-08-16,10.9,10.9,11.0,10.8,10.8,560139
2019-08-19,11.05,11.05,11.05,10.9,10.9,703241
2019-08-20,11.0,11.0,11.1,10.95,11.0,584170
2019-08-21,10.95,10.95,11.1,10.95,11.05,463129
2019-08-22,11.1,11.1,11.1,11.0,11.0,575323
2019-08-23,11.0,11.0,11.1,11.0,11.05,388763
2019-08-26,10.85,10.85,10.9,10.8,10.8,539132
2019-08-27,10.75,10.75,10.95,10.7,10.95,902088
2019-08-28,10.65,10.65,10.8,10.6,10.8,824288
2019-08-29,10.7,10.7,10.75,10.6,10.7,827831
2019-08-30,10.85,10.85,10.85,10.7,10.75,1001318
2019-09-02,10.9,10.9,10.95,10.8,10.85,570662
2019-09-03,10.9,10.9,10.95,10.85,10.9,350396
2019-09-04,11.0,11.0,11.0,10.85,10.9,555282
2019-09-05,10.95,10.95,11.05,10.9,11.0,967587
2019-09-06,10.95,10.95,11.0,10.95,11.0,689245
2019-09-09,11.0,11.0,11.2,10.95,11.2,1105714
2019-09-10,10.95,10.95,11.1,10.95,11.05,500467
2019-09-11,11.0,11.0,11.1,10.95,11.0,806881
2019-09-12,11.05,11.05,11.1,11.0,11.0,480457
2019-09-16,11.1,11.1,11.15,11.0,11.05,1104149
2019-09-17,11.05,11.05,11.15,11.0,11.05,835083
2019-09-18,11.1,11.1,11.15,11.05,11.05,650538
2019-09-19,11.3,11.3,11.45,11.15,11.15,2441906
2019-09-20,11.4,11.4,11.4,11.3,11.4,1311951
2019-09-23,11.6,11.6,11.6,11.4,11.4,1838267
2019-09-24,11.55,11.55,11.85,11.5,11.7,3042629
2019-09-25,12.1,12.1,12.2,11.75,11.8,8080575
2019-09-26,11.9,11.9,12.05,11.8,12.05,2660059
2019-09-27,11.55,11.55,11.85,11.5,11.85,2146577
2019-10-01,11.45,11.45,11.6,11.45,11.5,998340
2019-10-02,11.6,11.6,11.6,11.35,11.4,701208
2019-10-03,11.5,11.5,11.55,11.4,11.5,528751
2019-10-04,11.45,11.45,11.55,11.4,11.55,517808
2019-10-07,11.45,11.45,11.55,11.35,11.5,721537
2019-10-08,11.55,11.55,11.7,11.45,11.5,977122
2019-10-09,11.45,11.45,11.55,11.4,11.55,575209
2019-10-14,11.5,11.5,11.55,11.4,11.55,1066561
2019-10-15,11.2,11.2,11.55,11.2,11.5,1764817
2019-10-16,11.25,11.25,11.3,11.2,11.25,745728
2019-10-17,11.25,11.25,11.3,11.15,11.25,1229859
2019-10-18,11.3,11.3,11.3,11.15,11.2,753293
2019-10-21,11.35,11.35,11.4,11.2,11.3,1360648
2019-10-22,11.35,11.35,11.4,11.3,11.3,1262208
2019-10-23,11.4,11.4,11.5,11.35,11.35,858864
2019-10-24,11.4,11.4,11.4,11.3,11.35,375874
2019-10-25,11.3,11.3,11.4,11.3,11.4,552663
2019-10-28,11.25,11.25,11.35,11.2,11.3,589421
2019-10-29,11.15,11.15,11.3,11.05,11.2,967876
2019-10-30,11.15,11.15,11.2,11.05,11.1,440566
2019-10-31,11.0,11.0,11.15,11.0,11.15,1075959
2019-11-01,10.95,10.95,11.0,10.95,11.0,468032
2019-11-04,11.0,11.0,11.05,10.95,11.0,533704
2019-11-05,11.1,11.1,11.15,11.0,11.0,690383
2019-11-06,11.05,11.05,11.1,11.0,11.1,595234
2019-11-07,11.0,11.0,11.05,11.0,11.05,586181
2019-11-08,11.25,11.25,11.3,11.1,11.3,1966324
2019-11-11,10.8,10.8,11.3,10.8,11.25,2072022
2019-11-12,10.8,10.8,10.85,10.75,10.85,673215
2019-11-13,10.85,10.85,10.95,10.8,10.95,503699
2019-11-14,10.65,10.65,10.85,10.65,10.85,1074061
2019-11-20,10.7,10.7,10.75,10.65,10.75,406485
2019-11-21,10.6,10.6,10.65,10.55,10.6,680661
2019-11-22,10.65,10.65,10.7,10.6,10.6,425649
2019-11-25,10.65,10.65,10.7,10.6,10.65,399394
2019-11-26,10.7,10.7,10.75,10.6,10.7,1034730
2019-11-27,10.75,10.75,10.8,10.65,10.65,539702
2019-11-28,10.65,10.65,10.8,10.65,10.75,627743
2019-11-29,10.6,10.6,10.7,10.55,10.65,998117
2019-12-02,10.65,10.65,10.7,10.6,10.6,493599
2019-12-03,10.6,10.6,10.8,10.6,10.8,951745
2019-12-04,10.7,10.7,10.7,10.6,10.6,703393
2019-12-05,10.65,10.65,10.7,10.6,10.7,463997
2019-12-06,10.65,10.65,10.7,10.6,10.7,331799
2019-12-09,10.7,10.7,10.75,10.65,10.65,696204
2019-12-10,10.9,10.9,10.9,10.75,10.75,1346932
2019-12-11,10.75,10.75,10.9,10.75,10.9,587578
2019-12-12,10.65,10.65,10.8,10.6,10.75,946467
2019-12-13,10.6,10.6,10.75,10.55,10.65,1224348
2019-12-16,10.6,10.6,10.7,10.55,10.6,1705849
2019-12-17,10.7,10.7,10.7,10.6,10.65,832340
2019-12-18,10.85,10.85,10.9,10.6,10.7,1694098
2019-12-19,10.85,10.85,10.9,10.75,10.85,890053
2019-12-20,10.8,10.8,10.95,10.8,10.9,1208193
2019-12-23,10.7,10.7,10.85,10.7,10.85,771577
2019-12-24,10.7,10.7,10.8,10.65,10.7,783417
2019-12-25,10.7,10.7,10.85,10.7,10.7,734095
2019-12-26,10.7,10.7,10.75,10.65,10.75,929221
2019-12-27,10.65,10.65,10.75,10.65,10.7,684231
2019-12-30,10.65,10.65,10.75,10.65,10.7,671004
2019-12-31,10.65,10.65,10.65,10.6,10.65,1012400
2020-01-02,11.0,11.0,11.05,10.75,10.75,3522655
2020-01-03,10.95,10.95,11.15,10.8,11.1,2047089
2020-01-06,10.7,10.7,10.95,10.7,10.95,922641
2020-01-07,10.65,10.65,10.8,10.6,10.75,832618
2020-01-08,10.65,10.65,10.7,10.6,10.65,1088252
2020-01-09,10.65,10.65,10.75,10.65,10.7,654587
2020-01-10,10.65,10.65,10.7,10.65,10.65,746272
2020-01-13,10.7,10.7,10.75,10.65,10.65,667114
2020-01-14,10.75,10.75,10.85,10.7,10.75,742066
2020-01-15,10.7,10.7,10.8,10.65,10.8,810311
2020-01-16,10.8,10.8,10.9,10.75,10.75,1221827
2020-01-17,10.8,10.8,10.95,10.75,10.95,1179225
2020-01-20,10.85,10.85,10.9,10.75,10.8,1009956
2020-01-30,10.2,10.2,10.65,10.2,10.6,3953096
2020-01-31,10.3,10.3,10.4,10.25,10.25,1220412
2020-02-03,9.88,9.88,10.0,9.8,10.0,2319995
2020-02-04,9.98,9.98,10.1,9.9,9.9,1723770
2020-02-05,9.97,9.97,10.1,9.94,10.05,1470533
2020-02-06,9.99,9.99,10.05,9.96,9.99,2171153
2020-02-07,9.8,9.8,9.96,9.8,9.96,2755827
2020-02-10,9.56,9.56,9.75,9.55,9.75,2782463
2020-02-11,9.68,9.68,9.7,9.58,9.58,899695
2020-02-12,9.86,9.86,9.87,9.7,9.7,1478430
2020-02-13,9.84,9.84,9.94,9.82,9.91,1172894
2020-02-14,9.84,9.84,9.89,9.81,9.89,740871
2020-02-17,9.73,9.73,9.84,9.73,9.8,822650
2020-02-18,9.67,9.67,9.8,9.65,9.71,1634451
2020-02-19,9.74,9.74,9.78,9.65,9.66,1000487
2020-02-20,9.75,9.75,9.79,9.7,9.7,710884
2020-02-21,9.73,9.73,9.78,9.72,9.73,815692
2020-02-24,9.61,9.61,9.68,9.59,9.67,1424948
2020-02-25,9.4,9.4,9.5,9.38,9.5,3206429
2020-02-26,9.36,9.36,9.4,9.34,9.36,1528309
2020-02-27,9.23,9.23,9.37,9.2,9.36,2056927
2020-03-02,8.92,8.92,9.1,8.9,9.05,3206476
2020-03-03,9.0,9.0,9.07,8.92,8.96,1916468
2020-03-04,9.0,9.0,9.02,8.96,8.99,989726
2020-03-05,9.15,9.15,9.18,9.01,9.05,1217742
2020-03-06,9.0,9.0,9.15,8.98,9.15,1254829
2020-03-09,8.6,8.6,8.94,8.6,8.91,2429665
2020-03-10,8.42,8.42,8.43,8.16,8.21,2428845
2020-03-11,8.62,8.62,8.99,8.6,8.6,1562466
2020-03-12,8.2,8.2,8.49,8.15,8.45,2157333
2020-03-13,7.42,7.42,7.55,7.38,7.41,4788063
2020-03-16,7.17,7.17,7.55,7.1,7.49,1926921
2020-03-17,6.71,6.71,6.95,6.49,6.49,4661430
2020-03-18,6.66,6.66,6.77,6.65,6.71,1879389
2020-03-19,6.0,6.0,6.49,6.0,6.49,5085683
2020-03-20,6.44,6.44,6.49,6.06,6.06,2376468
2020-03-23,6.14,6.14,6.18,6.05,6.1,1257413
2020-03-24,6.29,6.29,6.4,6.21,6.21,1578689
2020-03-25,6.56,6.56,6.6,6.39,6.41,2513039
2020-03-26,6.69,6.69,6.72,6.48,6.6,1368162
2020-03-27,6.7,6.7,6.84,6.7,6.8,1902282
2020-03-30,6.56,6.56,6.68,6.45,6.68,943152
2020-03-31,6.53,6.53,6.69,6.53,6.67,1098804
2020-04-01,6.6,6.6,6.71,6.52,6.52,1620500
2020-04-07,6.78,6.78,6.92,6.72,6.72,1466304
2020-04-08,6.97,6.97,6.99,6.75,6.75,1763963
2020-04-09,7.25,7.25,7.28,7.01,7.11,3230646
2020-04-10,7.18,7.18,7.29,7.03,7.16,1376704
2020-04-13,7.19,7.19,7.25,7.1,7.19,1465749
2020-04-14,7.27,7.27,7.29,7.19,7.19,1220737
2020-04-15,7.43,7.43,7.5,7.3,7.3,1602969
2020-04-16,7.25,7.25,7.35,7.2,7.35,1807486
2020-04-17,7.22,7.22,7.46,7.2,7.36,2091269
2020-04-20,7.23,7.23,7.26,7.18,7.22,611307
2020-04-21,6.88,6.88,7.24,6.87,7.24,2037292
2020-04-22,6.95,6.95,7.0,6.74,6.8,803071
2020-04-23,7.04,7.04,7.12,6.96,6.96,1046852
2020-04-24,7.04,7.04,7.09,7.03,7.05,628840
2020-04-27,7.22,7.22,7.25,7.1,7.1,1240355
2020-04-28,7.29,7.29,7.31,7.23,7.23,1069241
2020-04-29,7.44,7.44,7.5,7.32,7.32,1750467
2020-05-04,7.35,7.35,7.65,7.35,7.65,2231718
2020-05-05,7.4,7.4,7.49,7.36,7.41,1065551
2020-05-06,7.32,7.32,7.48,7.32,7.48,1042568
2020-05-07,7.4,7.4,7.46,7.35,7.39,1022236
2020-05-08,7.57,7.57,7.64,7.45,7.45,1775525
2020-05-11,7.52,7.52,7.75,7.52,7.58,2143678
2020-05-12,7.38,7.38,7.53,7.35,7.51,1574316
2020-05-13,7.35,7.35,7.4,7.3,7.39,835377
2020-05-14,7.13,7.13,7.3,7.09,7.3,2397269
2020-05-15,7.05,7.05,7.21,7.0,7.15,1263682
2020-05-18,7.05,7.05,7.14,7.02,7.14,847399
2020-05-19,7.16,7.16,7.19,7.09,7.11,1392348
2020-05-20,7.36,7.36,7.59,7.16,7.16,3370926
2020-05-21,7.41,7.41,7.55,7.39,7.39,1506897
2020-05-22,7.33,7.33,7.41,7.26,7.4,1052344
2020-05-25,7.2,7.2,7.35,7.15,7.34,910731
2020-05-26,7.24,7.24,7.32,7.2,7.2,757636
2020-05-27,7.25,7.25,7.29,7.21,7.27,1034518
2020-05-28,7.35,7.35,7.45,7.26,7.28,2011097
2020-05-29,7.23,7.23,7.4,7.23,7.34,1042566
2020-06-01,7.27,7.27,7.35,7.23,7.35,948044
2020-06-02,7.34,7.34,7.47,7.31,7.32,1715996
2020-06-03,7.6,7.6,7.65,7.39,7.42,4869956
2020-06-04,7.61,7.61,7.95,7.6,7.7,4122003
2020-06-05,7.75,7.75,7.8,7.61,7.61,3286238
2020-06-08,7.78,7.78,7.9,7.75,7.84,2468946
2020-06-09,7.78,7.78,7.87,7.71,7.8,1429211
2020-06-10,7.97,7.97,7.99,7.77,7.79,2951367
2020-06-11,7.73,7.73,7.99,7.62,7.97,3084216
2020-06-12,7.48,7.48,7.51,7.4,7.41,2484989
2020-06-15,7.34,7.34,7.47,7.31,7.47,1560309
2020-06-16,7.54,7.54,7.58,7.41,7.42,1865114
2020-06-17,7.66,7.66,7.74,7.53,7.56,1628959
2020-06-18,8.14,8.14,8.15,7.71,7.71,7470038
2020-06-19,8.12,8.12,8.44,8.11,8.22,7700570
2020-06-22,8.03,8.03,8.16,7.96,7.96,2236963
2020-06-23,7.93,7.93,8.18,7.91,8.06,3014621
2020-06-24,7.94,7.94,7.97,7.83,7.93,1476748
2020-06-29,8.12,8.12,8.24,7.76,7.8,15728979
2020-06-30,8.03,8.03,8.18,8.03,8.13,2436906
2020-07-01,8.07,8.07,8.14,8.04,8.04,1831132
2020-07-02,8.1,8.1,8.18,8.08,8.17,1793740
2020-07-03,8.07,8.07,8.15,8.01,8.12,1806035
2020-07-06,8.23,8.23,8.33,8.07,8.08,4515477
2020-07-07,8.14,8.14,8.35,8.1,8.29,2205583
2020-07-08,8.27,8.27,8.3,8.14,8.15,2938153
2020-07-09,8.49,8.49,8.8,8.35,8.35,8585324
2020-07-10,8.45,8.45,8.63,8.3,8.59,3838807
2020-07-13,8.71,8.71,8.72,8.52,8.65,3472163
2020-07-14,8.72,8.72,8.89,8.62,8.71,2983240
2020-07-15,9.59,9.59,9.59,8.85,8.91,24206684
2020-07-16,10.5,10.5,10.5,9.8,10.0,32522420
2020-07-17,9.96,9.96,10.6,9.81,10.5,21584235
2020-07-20,9.6,9.6,9.94,9.15,9.86,10877209
2020-07-21,9.74,9.74,9.99,9.68,9.78,6800998
2020-07-22,9.71,9.71,9.94,9.61,9.72,3887398
2020-07-23,9.58,9.58,9.71,9.54,9.64,2658167
2020-07-24,9.47,9.47,9.85,9.45,9.63,4502482
2020-07-27,9.15,9.15,9.55,9.15,9.46,4171578
2020-07-28,8.96,8.96,9.25,8.95,9.15,3734799
2020-07-29,9.45,9.45,9.69,8.91,8.91,8247576
2020-07-30,9.38,9.38,9.5,9.32,9.45,2423219
2020-07-31,9.44,9.44,9.48,9.36,9.48,1196594
2020-08-03,9.61,9.61,9.77,9.49,9.6,3993987
2020-08-04,10.1,10.1,10.2,9.63,9.65,8712135
2020-08-05,10.6,10.6,11.1,10.2,10.55,42081832
2020-08-06,10.5,10.5,11.4,10.25,10.75,31614936
2020-08-07,10.2,10.2,10.5,10.05,10.4,9479612
2020-08-10,10.3,10.3,10.45,10.0,10.15,6103480
2020-08-11,10.55,10.55,10.6,10.15,10.3,6294681
2020-08-12,10.2,10.2,10.3,10.0,10.15,7058267
2020-08-13,10.05,10.05,10.35,10.05,10.35,3763070
2020-08-14,10.25,10.25,10.35,10.05,10.1,3113153
2020-08-17,10.35,10.35,10.45,10.25,10.3,3532371
2020-08-18,10.3,10.3,10.45,10.2,10.45,2492192
2020-08-19,10.3,10.3,10.45,10.2,10.45,2412857
2020-08-20,9.79,9.79,10.35,9.55,10.3,8762426
2020-08-21,9.95,9.95,9.97,9.84,9.95,2039631
2020-08-24,10.0,10.0,10.15,9.94,10.0,1656735
2020-08-25,10.3,10.3,10.45,10.05,10.1,3756315
2020-08-26,10.35,10.35,10.35,10.2,10.3,1876420
2020-08-27,10.5,10.5,10.85,10.45,10.45,9303529
2020-08-28,10.45,10.45,10.65,10.3,10.6,3730210
2020-08-31,10.55,10.55,10.8,10.55,10.65,4012225
2020-09-01,10.55,10.55,10.65,10.4,10.6,2982779
2020-09-02,10.6,10.6,10.75,10.5,10.7,2124844
2020-09-03,10.8,10.8,11.0,10.65,10.7,9572063
2020-09-04,10.65,10.65,10.95,10.5,10.6,5711485
2020-09-07,10.65,10.65,10.85,10.55,10.7,4296809
2020-09-08,10.6,10.6,10.8,10.55,10.75,2082299
2020-09-09,10.85,10.85,11.0,10.55,10.6,8222045
2020-09-10,10.8,10.8,11.05,10.8,11.0,4682226
2020-09-11,10.45,10.45,10.85,10.35,10.8,4088769
2020-09-14,10.45,10.45,10.7,10.3,10.45,4145599
2020-09-15,10.4,10.4,10.6,10.3,10.5,2362834
2020-09-16,10.2,10.2,10.5,10.2,10.4,3142212
2020-09-17,10.45,10.45,10.55,10.2,10.2,7863500
2020-09-18,10.65,10.65,10.65,10.35,10.45,2496018
2020-09-21,10.45,10.45,10.6,10.4,10.55,2307287
2020-09-22,10.25,10.25,10.45,10.2,10.45,1940993
2020-09-23,10.2,10.2,10.35,10.1,10.3,1816384
2020-09-24,9.9,9.9,10.1,9.88,10.1,3640346
2020-09-25,9.62,9.62,9.99,9.5,9.9,2746785
2020-09-28,9.99,9.99,10.1,9.65,9.73,1660837
2020-09-29,9.87,9.87,10.1,9.85,10.05,1325649
2020-09-30,9.88,9.88,9.99,9.83,9.87,565898
2020-10-05,10.05,10.05,10.15,9.9,9.97,1268339
2020-10-06,10.15,10.15,10.3,10.05,10.15,1171068
2020-10-07,10.25,10.25,10.4,10.05,10.15,4416068
2020-10-08,10.15,10.15,10.3,10.15,10.3,933533
2020-10-12,10.2,10.2,10.25,10.05,10.2,1120657
2020-10-13,10.7,10.7,10.8,10.25,10.35,8809353
2020-10-14,11.0,11.0,11.2,10.65,10.7,20892757
2020-10-15,10.75,10.75,11.0,10.65,10.95,5283503
2020-10-16,10.4,10.4,10.75,10.35,10.75,4058118
2020-10-19,10.75,10.75,10.9,10.4,10.45,4907510
2020-10-20,10.75,10.75,11.0,10.65,10.8,10214233
2020-10-21,10.65,10.65,10.9,10.55,10.8,3016708
2020-10-22,10.7,10.7,10.7,10.55,10.65,1529871
2020-10-23,10.7,10.7,10.8,10.6,10.7,1517728
2020-10-26,10.8,10.8,11.15,10.7,10.8,6880741
2020-10-27,10.65,10.65,10.8,10.6,10.7,2393714
2020-10-28,10.5,10.5,10.75,10.5,10.65,1588776
2020-10-29,10.4,10.4,10.4,10.15,10.25,2165415
2020-10-30,10.2,10.2,10.45,10.15,10.45,1802191
2020-11-02,10.4,10.4,10.7,10.05,10.2,6464066
2020-11-03,10.5,10.5,10.55,10.35,10.4,1532162
2020-11-04,10.5,10.5,10.6,10.45,10.6,1333899
2020-11-05,10.55,10.55,10.65,10.45,10.5,1747263
2020-11-06,10.6,10.6,10.8,10.6,10.65,2800534
2020-11-09,10.75,10.75,10.95,10.65,10.8,4065193
2020-11-10,10.9,10.9,11.0,10.75,10.8,5844464
2020-11-11,10.9,10.9,11.0,10.8,11.0,3205176
2020-11-12,10.7,10.7,10.95,10.6,10.9,2596552
2020-11-13,10.7,10.7,11.1,10.65,10.75,15076117
2020-11-16,10.75,10.75,10.85,10.7,10.8,1828011
2020-11-17,10.75,10.75,10.85,10.6,10.85,2090323
2020-11-18,10.75,10.75,10.95,10.7,10.75,3264818
2020-11-19,10.95,10.95,11.0,10.8,10.85,6765682
2020-11-20,11.0,11.0,11.05,10.9,11.05,3768358
2020-11-23,11.3,11.3,11.6,11.1,11.1,11326858
2020-11-24,11.6,11.6,11.8,11.25,11.5,16867043
2020-11-25,11.65,11.65,11.95,11.55,11.8,19577022
2020-11-26,11.5,11.5,11.7,11.45,11.65,6340622
2020-11-27,11.55,11.55,11.6,11.4,11.5,3303247
2020-11-30,11.5,11.5,11.7,11.45,11.55,5578379
2020-12-01,11.8,11.8,11.95,11.55,11.55,11443552
2020-12-02,11.85,11.85,12.1,11.8,11.85,14208677
2020-12-04,12.7,12.7,12.95,12.1,12.3,21828957
2020-12-07,12.5,12.5,13.25,12.2,12.9,21698218
2020-12-08,12.25,12.25,12.55,12.2,12.4,7132947
2020-12-09,12.4,12.4,12.45,12.05,12.3,7149376
2020-12-10,12.1,12.1,12.4,11.85,12.4,6738111
2020-12-11,11.85,11.85,12.25,11.7,12.15,4966456
2020-12-14,12.1,12.1,12.3,11.85,11.9,3311821
2020-12-15,12.0,12.0,12.4,11.9,12.4,3972634
2020-12-16,12.2,12.2,12.45,12.2,12.25,5871624
2020-12-17,12.6,12.6,12.65,12.2,12.25,8813559
2020-12-18,12.35,12.35,12.75,12.3,12.7,7197586
2020-12-21,12.3,12.3,12.35,11.9,12.35,4191669
2020-12-22,11.85,11.85,12.5,11.85,12.4,6600688
2020-12-23,12.1,12.1,12.2,11.8,11.95,4111762
2020-12-24,12.15,12.15,12.4,12.05,12.15,2921958
2020-12-25,12.2,12.2,12.3,12.15,12.3,2413377
2020-12-28,12.4,12.4,12.5,12.15,12.25,5189749
2020-12-29,12.4,12.4,12.55,12.3,12.5,3709785
2020-12-30,12.4,12.4,12.5,12.35,12.45,2630531
2020-12-31,12.5,12.5,12.5,12.3,12.45,3902540
2021-01-04,12.45,12.45,12.6,12.4,12.5,3915633
2021-01-05,12.25,12.25,12.45,12.15,12.45,5283439
2021-01-06,11.65,11.65,12.25,11.55,12.2,8205332
2021-01-07,11.9,11.9,12.05,11.7,11.75,2250431
2021-01-08,11.9,11.9,12.15,11.8,12.1,2854002
2021-01-11,11.9,11.9,12.0,11.75,12.0,2398593
2021-01-12,11.6,11.6,11.9,11.55,11.9,3325758
2021-01-13,11.8,11.8,12.1,11.65,11.65,4570620
2021-01-14,11.85,11.85,11.95,11.75,11.8,1769308
2021-01-15,11.55,11.55,11.85,11.5,11.85,4810964
2021-01-18,11.65,11.65,11.65,11.25,11.55,3075498
2021-01-19,11.7,11.7,11.95,11.65,11.65,2191721
2021-01-20,11.25,11.25,11.9,11.15,11.9,5875298
2021-01-21,11.3,11.3,11.5,11.2,11.4,2294054
2021-01-22,11.3,11.3,11.4,11.15,11.15,2041422
2021-01-25,11.3,11.3,11.35,11.1,11.25,1723078
2021-01-26,11.25,11.25,11.3,11.15,11.3,1837086
2021-01-27,11.3,11.3,11.4,11.25,11.35,1324694
2021-01-28,11.25,11.25,11.35,11.15,11.3,1457907
2021-01-29,11.15,11.15,11.45,11.1,11.25,4916113
2021-02-01,11.0,11.0,11.15,10.95,11.15,1853889
2021-02-02,11.1,11.1,11.2,10.95,11.05,1511697
2021-02-03,11.25,11.25,11.35,11.05,11.15,1536381
2021-02-04,11.1,11.1,11.3,11.05,11.25,1142679
2021-02-05,11.05,11.05,11.2,11.05,11.1,1478836
2021-02-17,11.15,11.15,11.4,11.05,11.2,6434713
2021-02-18,11.35,11.35,11.35,11.1,11.15,1698126
2021-02-19,11.35,11.35,11.4,11.25,11.35,1679014
2021-02-22,11.5,11.5,11.55,11.4,11.4,2383455
2021-02-23,11.6,11.6,11.6,11.45,11.55,2642777
2021-02-24,11.65,11.65,11.8,11.6,11.6,4362208
2021-02-25,11.7,11.7,11.85,11.7,11.8,2976272
2021-02-26,11.85,11.85,11.85,11.5,11.65,4225235
2021-03-02,12.05,12.05,12.05,11.85,12.0,5493449
2021-03-03,12.85,12.85,13.25,12.45,12.5,41482085
2021-03-04,12.7,12.7,12.8,12.5,12.7,11199385
2021-03-05,12.35,12.35,12.55,12.25,12.55,6501354
2021-03-08,12.5,12.5,12.9,12.45,12.5,13596683
2021-03-09,12.45,12.45,12.7,12.35,12.7,2500346
2021-03-10,12.5,12.5,12.6,12.4,12.6,2149206
2021-03-11,12.55,12.55,12.7,12.5,12.55,3078615
2021-03-12,12.65,12.65,12.7,12.5,12.7,2977351
2021-03-15,12.85,12.85,13.15,12.65,12.65,8916516
2021-03-16,14.1,14.1,14.1,13.0,13.2,31121641
2021-03-17,15.5,15.5,15.5,13.75,13.9,66384669
2021-03-18,16.65,16.65,17.0,15.4,16.2,126727990
2021-03-19,18.1,18.1,18.3,16.15,16.5,86735810
2021-03-22,19.85,19.85,19.9,18.15,18.15,89051198
2021-03-23,17.9,17.9,20.55,17.9,19.9,86966850
2021-03-24,16.8,16.8,17.1,16.3,17.1,28954857
2021-03-25,16.65,16.65,17.05,16.5,16.8,11853769
2021-03-26,16.6,16.6,17.35,16.45,17.35,18834154
2021-03-29,17.3,17.3,17.55,16.85,16.85,12819877
2021-03-30,17.95,17.95,18.3,17.4,17.4,13465427
2021-03-31,18.25,18.25,18.6,18.15,18.3,14608716
2021-04-01,18.25,18.25,18.6,18.0,18.5,10381284
2021-04-06,18.6,18.6,18.9,18.25,18.5,15398979
2021-04-07,19.0,19.0,19.0,18.5,18.75,11854380
2021-04-08,18.9,18.9,19.3,18.5,19.0,16735350
2021-04-09,18.55,18.55,20.3,18.55,19.65,45262851
2021-04-12,18.5,18.5,19.3,18.1,18.9,23884748
2021-04-13,18.1,18.1,19.1,18.05,18.7,18450643
2021-04-14,19.0,19.0,19.15,16.95,18.3,44943397
2021-04-15,19.15,19.15,20.45,19.05,19.75,66818129
2021-04-16,18.8,18.8,19.5,18.65,19.35,22973517
2021-04-19,18.85,18.85,19.4,18.55,18.8,20981007
2021-04-20,19.05,19.05,19.45,18.65,18.95,27632211
2021-04-21,19.0,19.0,19.45,19.0,19.4,24095308
2021-04-22,18.3,18.3,19.45,18.05,19.3,27419723
2021-04-23,18.6,18.6,18.8,18.1,18.4,17021179
2021-04-26,19.15,19.15,19.6,18.6,18.95,35032822
2021-04-27,19.1,19.1,19.4,18.65,19.15,21291272
2021-04-28,21.0,21.0,21.0,19.05,19.1,107402818
2021-04-29,20.05,20.05,22.7,19.9,22.6,122050216
2021-05-03,19.05,19.05,19.95,19.0,19.9,32715293
2021-05-04,20.95,20.95,20.95,18.3,20.4,144581481
2021-05-05,19.9,19.9,21.0,19.6,20.95,72791570
2021-05-06,19.05,19.05,20.45,18.7,19.9,37970342
2021-05-07,19.5,19.5,19.65,18.95,19.5,22709537
2021-05-10,19.1,19.1,19.7,19.0,19.55,14538653
2021-05-11,17.55,17.55,18.8,17.2,18.65,34913987
2021-05-12,15.8,15.8,17.45,15.8,17.1,36601942
2021-05-13,15.65,15.65,16.25,14.3,14.5,24822223
2021-05-14,16.0,16.0,16.75,15.75,16.05,31931035
2021-05-17,14.4,14.4,15.3,14.4,14.5,17904997
2021-05-18,15.8,15.8,15.8,14.65,14.65,24149933
2021-05-19,16.05,16.05,16.25,15.4,15.8,18482757
2021-05-20,15.2,15.2,15.9,15.15,15.8,12209516
2021-05-21,15.75,15.75,16.0,15.25,15.5,11935111
2021-05-24,16.4,16.4,16.4,15.45,15.5,13308304
2021-05-25,16.6,16.6,17.1,16.2,16.6,21259874
2021-05-26,16.75,16.75,16.95,16.4,16.6,9621158
2021-05-27,16.9,16.9,17.2,16.7,16.9,12287896
2021-05-28,17.6,17.6,17.65,17.05,17.2,12677995
2021-05-31,17.95,17.95,18.8,17.7,18.25,30136166
2021-06-01,17.85,17.85,18.0,17.55,17.95,10890568
2021-06-02,17.75,17.75,18.1,17.6,18.0,9557696
2021-06-03,17.85,17.85,18.2,17.8,17.85,7240355
2021-06-04,17.55,17.55,18.1,17.55,17.9,7190526
2021-06-07,18.05,18.05,18.3,17.3,17.65,14662768
2021-06-08,17.85,17.85,18.5,17.8,18.45,9139222
2021-06-09,17.4,17.4,18.0,17.35,17.75,6556305
2021-06-10,17.1,17.1,17.65,16.9,17.5,8481131
2021-06-11,17.05,17.05,17.45,17.0,17.3,4065901
2021-06-15,17.3,17.3,17.4,16.95,17.15,4631629
2021-06-16,16.8,16.8,17.45,16.75,17.35,7170933
2021-06-17,17.45,17.45,17.65,16.85,16.85,8067084
2021-06-18,17.2,17.2,17.75,17.2,17.6,10636693
2021-06-21,16.7,16.7,17.1,16.65,16.9,5453908
2021-06-22,16.6,16.6,17.1,16.5,16.95,4698901
2021-06-23,16.9,16.9,17.1,16.7,16.8,5739264
2021-06-24,17.25,17.25,17.5,16.95,17.1,6690595
2021-06-25,17.05,17.05,17.45,17.05,17.45,4947489
2021-06-28,18.0,18.0,18.15,16.95,17.1,23300874
2021-06-29,17.3,17.3,18.0,17.2,18.0,12920085
2021-06-30,17.4,17.4,17.5,17.2,17.4,5171110
2021-07-01,17.2,17.2,17.6,17.15,17.45,5596522
2021-07-02,17.35,17.35,17.7,17.2,17.3,6538490
2021-07-05,17.6,17.6,17.8,17.3,17.5,6779905
2021-07-06,17.45,17.45,17.8,17.4,17.75,4146465
2021-07-07,17.75,17.75,18.3,17.55,18.0,19774825
2021-07-08,18.7,18.7,18.75,17.85,18.0,54392376
2021-07-09,18.3,18.3,18.6,18.0,18.4,19633875
2021-07-12,18.45,18.45,18.7,18.3,18.6,12954853
2021-07-13,18.8,18.8,19.5,18.45,18.6,35673241
2021-07-14,18.4,18.4,19.15,18.05,18.95,16299830
2021-07-15,18.4,18.4,18.65,18.2,18.35,8977672
2021-07-16,18.25,18.25,18.6,18.15,18.5,7028776
2021-07-19,18.0,18.0,18.2,17.9,18.15,7157737
2021-07-20,17.4,17.4,17.9,17.35,17.75,9166600
2021-07-21,17.1,17.1,17.8,17.0,17.65,7209389
2021-07-22,18.0,18.0,18.4,17.25,17.3,18443388
2021-07-23,17.8,17.8,18.25,17.65,18.05,8929942
2021-07-26,18.05,18.05,18.3,17.65,17.95,9218628
2021-07-27,17.7,17.7,18.25,17.7,18.25,5136309
2021-07-28,17.45,17.45,17.75,17.0,17.7,6357035
2021-07-29,17.55,17.55,17.8,17.4,17.6,4356772
2021-07-30,17.1,17.1,17.6,17.05,17.55,7055747
2021-08-02,17.2,17.2,17.35,16.85,17.15,4773117
2021-08-03,17.05,17.05,17.35,17.0,17.3,2950560
2021-08-04,18.1,18.1,18.35,17.15,17.15,36322231
2021-08-05,17.75,17.75,18.25,17.65,18.25,14661749
2021-08-06,18.4,18.4,19.1,18.25,18.35,55670950
2021-08-09,18.35,18.35,18.85,18.3,18.85,18854383
2021-08-10,17.9,17.9,18.45,17.8,18.3,9753496
2021-08-11,17.85,17.85,18.15,17.55,17.9,6057338
2021-08-12,17.8,17.8,18.05,17.7,17.9,3665291
2021-08-13,17.4,17.4,17.95,17.3,17.95,7183896
2021-08-16,17.0,17.0,17.35,16.85,17.25,8051854
2021-08-17,16.9,16.9,17.3,16.9,17.15,3819545
2021-08-18,17.3,17.3,17.4,16.6,16.85,5329767
2021-08-19,16.8,16.8,17.15,16.8,17.05,4066591
2021-08-20,16.55,16.55,17.0,16.5,16.9,4805084
2021-08-23,16.85,16.85,16.95,16.75,16.8,3008944
2021-08-24,16.65,16.65,17.05,16.6,17.0,3404019
2021-08-25,16.9,16.9,17.15,16.75,16.8,3190830
2021-08-26,16.9,16.9,17.05,16.8,17.0,2211183
2021-08-27,17.05,17.05,17.2,16.85,16.9,4178899
2021-08-30,17.15,17.15,17.25,17.05,17.1,1775194
2021-08-31,16.95,16.95,17.2,16.9,17.2,2605189
2021-09-01,17.45,17.45,17.6,17.0,17.0,5526532
2021-09-02,17.1,17.1,17.6,17.1,17.6,3128491
2021-09-03,17.2,17.2,17.35,17.1,17.2,2441597
2021-09-06,16.6,16.6,17.2,16.5,17.2,4561946
2021-09-07,17.05,17.05,17.45,16.95,17.0,6515843
2021-09-08,16.75,16.75,17.1,16.7,17.05,3846530
2021-09-09,16.95,16.95,16.95,16.7,16.7,1447027
2021-09-10,17.2,17.2,17.4,16.95,16.95,3979429
2021-09-13,17.35,17.35,17.5,17.2,17.3,5082515
2021-09-14,17.35,17.35,17.6,17.35,17.5,2808791
2021-09-15,17.4,17.4,17.5,17.25,17.35,2621356
2021-09-16,17.3,17.3,17.5,17.2,17.4,1957834
2021-09-17,17.35,17.35,17.35,17.1,17.3,2075575
2021-09-22,16.8,16.8,17.1,16.7,16.95,4838933
2021-09-23,16.95,16.95,17.0,16.85,17.0,2621521
2021-09-24,17.5,17.5,17.6,17.05,17.05,5894272
2021-09-27,17.95,17.95,18.0,17.6,17.65,9456497
2021-09-28,17.75,17.75,18.15,17.7,17.95,4452793
2021-09-29,17.3,17.3,17.5,17.15,17.5,3767739
2021-09-30,17.4,17.4,17.5,17.3,17.45,2338121
2021-10-01,16.9,16.9,17.3,16.85,17.2,4362484
2021-10-04,16.65,16.65,17.15,16.6,17.0,3795983
2021-10-05,16.85,16.85,16.95,16.35,16.45,2575037
2021-10-06,16.75,16.75,17.0,16.65,17.0,1805851
2021-10-07,17.75,17.75,17.8,17.05,17.2,9342772
2021-10-08,17.9,17.9,18.0,17.6,17.65,7260757
2021-10-12,17.7,17.7,18.1,17.55,18.0,7228167
2021-10-13,17.55,17.55,17.95,17.4,17.95,2700934
2021-10-14,17.55,17.55,17.75,17.35,17.7,2909749
2021-10-15,17.55,17.55,17.95,17.55,17.75,3253375
2021-10-18,17.6,17.6,17.85,17.6,17.65,2718624
2021-10-19,17.95,17.95,18.1,17.8,17.85,11051728
2021-10-20,17.7,17.7,18.1,17.65,18.05,3972901
2021-10-21,17.75,17.75,17.9,17.65,17.7,4534324
2021-10-22,17.75,17.75,17.9,17.65,17.9,2273325
2021-10-25,17.5,17.5,17.8,17.3,17.8,4744183
2021-10-26,17.25,17.25,17.6,17.25,17.55,3606180
2021-10-27,17.3,17.3,17.35,17.15,17.2,4114175
2021-10-28,17.7,17.7,18.2,17.35,17.35,22001921
2021-11-08,19.15,19.15,19.55,18.25,18.25,13194866
2021-11-09,19.0,19.0,19.5,18.85,19.25,6282272
2021-11-10,18.25,18.25,18.6,18.2,18.55,8210805
2021-11-11,18.1,18.1,18.3,18.0,18.15,3478928
2021-11-12,18.0,18.0,18.3,18.0,18.25,3005599
2021-11-15,17.7,17.7,18.1,17.6,18.0,5386817
2021-11-16,17.65,17.65,17.9,17.6,17.8,3333974
2021-11-17,18.15,18.15,18.2,17.6,17.75,5809509
2021-11-18,18.05,18.05,18.15,17.95,18.1,4260864
2021-11-19,17.85,17.85,18.2,17.85,18.05,3446293
2021-11-22,18.4,18.4,18.8,17.95,17.95,10570083
2021-11-23,18.7,18.7,19.3,18.6,18.8,14702725
2021-11-24,19.35,19.35,19.4,18.6,18.6,16051601
2021-11-25,19.85,19.85,20.0,19.4,19.55,20688065
2021-11-26,19.7,19.7,20.2,19.7,20.1,16772694
2021-11-29,18.8,18.8,19.9,18.7,19.6,13161488
2021-11-30,18.35,18.35,19.2,18.35,19.15,9705232
2021-12-01,18.3,18.3,18.4,18.1,18.35,4526608
2021-12-02,18.0,18.0,18.45,17.9,18.4,7939968
2021-12-03,18.05,18.05,18.25,17.95,18.2,3843570
2021-12-06,17.95,17.95,18.1,17.8,18.1,4381608
2021-12-07,18.25,18.25,18.3,18.0,18.1,4521949
2021-12-08,18.05,18.05,18.5,18.05,18.4,4139406
2021-12-09,18.4,18.4,18.85,18.0,18.1,16079149
2021-12-10,17.2,17.2,17.4,16.8,17.2,36156404
2021-12-13,17.45,17.45,17.75,17.2,17.4,10401028
2021-12-14,17.1,17.1,17.45,17.05,17.45,7673698
2021-12-15,17.4,17.4,17.4,17.0,17.0,3879167
2021-12-16,17.4,17.4,17.5,17.25,17.5,3564330
2021-12-17,17.4,17.4,17.4,17.15,17.4,4152899
2021-12-20,17.2,17.2,17.4,17.15,17.4,2821629
2021-12-21,17.2,17.2,17.3,17.05,17.15,2959683
2021-12-22,17.15,17.15,17.35,17.15,17.35,1801880
2021-12-23,17.45,17.45,17.55,17.15,17.25,8906849
2021-12-24,17.35,17.35,17.5,17.3,17.45,2236970
2021-12-27,17.35,17.35,17.45,17.3,17.4,2273812
2021-12-28,17.35,17.35,17.45,17.35,17.45,1964454
2021-12-29,17.7,17.7,17.75,17.35,17.45,5242191
2021-12-30,17.6,17.6,17.75,17.55,17.7,1852205
2022-01-03,17.3,17.3,17.7,17.25,17.6,3215934
2022-01-04,17.25,17.25,17.4,17.25,17.25,1897754
2022-01-05,17.35,17.35,17.45,17.3,17.4,1787964
2022-01-06,17.25,17.25,17.35,17.2,17.3,1800743
2022-01-07,17.05,17.05,17.3,16.95,17.3,4270931
2022-01-10,17.05,17.05,17.2,17.0,17.0,1286283
2022-01-11,17.1,17.1,17.35,17.1,17.15,1640955
2022-01-12,17.1,17.1,17.25,17.05,17.15,1728510
2022-01-13,17.15,17.15,17.25,17.1,17.1,1241727
2022-01-14,16.95,16.95,17.15,16.85,17.15,3066189
2022-01-17,17.05,17.05,17.05,16.85,16.95,1369208
2022-01-18,17.15,17.15,17.2,17.05,17.05,1376642
2022-01-19,17.05,17.05,17.15,17.0,17.05,1012588
2022-01-20,17.1,17.1,17.25,17.1,17.1,1320831
2022-01-21,16.9,16.9,17.0,16.85,17.0,2174349
2022-01-24,16.7,16.7,16.8,16.6,16.8,1893834
2022-01-25,16.3,16.3,16.8,16.25,16.7,3485302
2022-01-26,16.25,16.25,16.45,16.15,16.3,2475634
2022-02-07,16.6,16.6,16.7,16.3,16.35,1249077
2022-02-08,16.8,16.8,16.85,16.65,16.65,1476734
2022-02-09,16.95,16.95,17.0,16.85,16.95,1414840
2022-02-10,17.0,17.0,17.05,16.85,16.95,1144119
2022-02-11,16.9,16.9,17.0,16.85,16.95,885405
2022-02-14,16.5,16.5,16.75,16.5,16.75,1654977
2022-02-15,16.45,16.45,16.75,16.45,16.5,1444680
2022-02-16,16.65,16.65,16.7,16.55,16.65,947297
2022-02-17,16.55,16.55,16.75,16.5,16.65,1252587
2022-02-18,16.6,16.6,16.65,16.4,16.5,1126915
2022-02-21,16.85,16.85,16.9,16.45,16.5,1855845
2022-02-22,16.55,16.55,16.75,16.45,16.75,1846485
2022-02-23,16.55,16.55,16.7,16.5,16.6,970072
2022-02-24,16.15,16.15,16.45,16.05,16.45,3767338
2022-02-25,16.05,16.05,16.3,16.0,16.15,2531314
2022-03-01,16.3,16.3,16.35,16.05,16.1,1559200
2022-03-02,16.3,16.3,16.35,16.15,16.2,884075
2022-03-03,16.2,16.2,16.5,16.2,16.35,1249902
2022-03-04,16.1,16.1,16.2,16.05,16.15,1478874
2022-03-07,15.5,15.5,16.05,15.45,16.05,3364897
2022-03-08,15.0,15.0,15.35,14.9,15.15,3817674
2022-03-09,15.1,15.1,15.2,14.95,15.15,3024609
2022-03-10,15.45,15.45,15.6,15.25,15.25,2305423
2022-03-11,15.35,15.35,15.5,15.3,15.35,1250622
2022-03-14,15.5,15.5,15.55,15.4,15.4,940904
2022-03-15,15.15,15.15,15.45,15.1,15.45,1456658
2022-03-16,15.2,15.2,15.35,15.15,15.25,1353244
2022-03-17,15.7,15.7,15.75,15.35,15.4,2260842
2022-03-18,15.8,15.8,15.8,15.6,15.7,935393
2022-03-21,16.3,16.3,16.4,16.05,16.1,4397652
2022-03-22,16.45,16.45,16.5,16.25,16.4,2363593
2022-03-23,16.5,16.5,16.6,16.45,16.5,1683049
2022-03-24,16.55,16.55,16.55,16.3,16.45,1690173
2022-03-25,16.45,16.45,16.6,16.4,16.55,1348419
2022-03-28,16.5,16.5,16.55,16.2,16.45,1827671
2022-03-29,16.5,16.5,16.65,16.5,16.5,1624772
2022-03-30,16.6,16.6,16.7,16.55,16.55,1717203
2022-03-31,16.75,16.75,16.85,16.65,16.65,2402051
2022-04-01,16.8,16.8,16.85,16.6,16.65,1349567
2022-04-06,16.85,16.85,16.9,16.65,16.8,1234684
2022-04-07,16.45,16.45,16.9,16.45,16.85,2369289
2022-04-08,16.7,16.7,16.85,16.5,16.6,1381148
2022-04-11,16.25,16.25,16.6,16.2,16.6,1997343
2022-04-12,16.2,16.2,16.3,16.05,16.15,1697191
2022-04-13,16.35,16.35,16.4,16.2,16.3,1589035
2022-04-14,16.25,16.25,16.4,16.2,16.35,672915
2022-04-15,16.05,16.05,16.2,16.05,16.2,1022331
2022-04-18,15.85,15.85,16.1,15.85,16.05,1331864
2022-04-19,15.85,15.85,16.0,15.8,15.85,1192214
2022-04-20,15.95,15.95,16.0,15.85,15.95,757482
2022-04-21,15.9,15.9,16.0,15.85,16.0,624318
2022-04-22,15.8,15.8,15.85,15.75,15.85,951416
2022-04-25,15.25,15.25,15.6,15.1,15.6,2309666
2022-04-26,15.05,15.05,15.4,15.05,15.3,1926007
2022-04-27,14.5,14.5,14.8,14.2,14.8,3451010
2022-04-28,14.55,14.55,14.65,14.4,14.6,1475712
2022-04-29,14.5,14.5,14.75,14.45,14.7,1953626
2022-05-03,13.05,13.05,13.6,13.05,13.55,10793125
2022-05-04,12.8,12.8,13.2,12.65,13.05,6765810
2022-05-05,13.1,13.1,13.15,13.0,13.0,2833412
2022-05-06,13.05,13.05,13.05,12.65,12.7,3340177
2022-05-09,12.35,12.35,12.9,12.35,12.85,3325279
2022-05-10,12.75,12.75,12.8,12.0,12.0,3231337
2022-05-11,12.45,12.45,12.7,12.35,12.65,1658080
2022-05-12,12.3,12.3,12.6,12.25,12.45,1141110
2022-05-13,12.35,12.35,12.55,12.3,12.35,1039716
2022-05-16,12.55,12.55,12.7,12.4,12.5,908348
2022-05-17,12.8,12.8,12.85,12.5,12.6,1744369
2022-05-18,13.15,13.15,13.2,12.9,12.9,2335403
2022-05-19,12.9,12.9,13.0,12.8,12.85,1352959
2022-05-20,13.0,13.0,13.15,12.95,13.0,1109810
2022-05-23,13.05,13.05,13.15,13.0,13.15,866382
2022-05-24,12.95,12.95,13.15,12.95,13.15,580646
2022-05-25,13.0,13.0,13.05,12.9,12.95,643469
2022-05-26,13.0,13.0,13.15,12.95,13.05,702021
2022-05-27,13.4,13.4,13.45,13.05,13.1,10738022
2022-05-30,13.2,13.2,13.45,13.15,13.45,2298583
2022-05-31,13.05,13.05,13.25,13.05,13.2,2001249
2022-06-01,13.1,13.1,13.2,13.05,13.05,644680
2022-06-02,13.15,13.15,13.25,13.05,13.05,610078
2022-06-06,13.15,13.15,13.2,13.05,13.15,635783
2022-06-07,13.25,13.25,13.3,13.15,13.25,787576
2022-06-08,14.0,14.0,14.25,13.35,13.35,17461738
2022-06-09,14.0,14.0,14.25,13.75,13.75,11441429
2022-06-10,13.65,13.65,13.8,13.55,13.65,3243925
2022-06-13,13.15,13.15,13.45,13.1,13.4,2549239
2022-06-14,13.25,13.25,13.3,12.95,13.0,1673193
2022-06-15,13.35,13.35,13.45,13.1,13.15,1619250
2022-06-16,13.15,13.15,13.55,13.15,13.45,1433902
2022-06-17,13.1,13.1,13.25,13.0,13.05,1330235
2022-06-20,12.6,12.6,13.15,12.6,13.15,2062001
2022-06-21,13.15,13.15,13.2,12.7,12.75,1882569
2022-06-22,12.8,12.8,13.1,12.8,13.1,1141343
2022-06-23,12.7,12.7,13.0,12.55,12.7,1446831
2022-06-24,13.15,13.15,13.15,12.85,12.85,1187317
2022-06-27,13.35,13.35,13.4,13.2,13.3,1211973
2022-06-28,13.15,13.15,13.35,13.1,13.25,794056
2022-06-29,13.0,13.0,13.2,13.0,13.1,682621
2022-06-30,12.65,12.65,13.0,12.6,13.0,1705002
2022-07-01,11.95,11.95,12.65,11.9,12.55,3011023
2022-07-04,11.95,11.95,12.3,11.9,11.9,1133549
2022-07-05,12.15,12.15,12.35,11.95,12.15,1101686
2022-07-06,11.9,11.9,12.5,11.9,12.3,1743861
2022-07-07,12.1,12.1,12.1,11.75,12.05,981077
2022-07-08,12.15,12.15,12.35,12.1,12.1,1252840
2022-07-11,11.95,11.95,12.2,11.85,12.2,792128
2022-07-12,11.2,11.2,11.85,11.15,11.85,2304068
2022-07-13,11.6,11.6,11.7,11.45,11.5,1251555
2022-07-14,11.7,11.7,11.8,11.35,11.5,1092526
2022-07-15,11.85,11.85,11.85,11.6,11.7,1167890
2022-07-18,12.0,12.0,12.1,11.8,11.8,1565662
2022-07-19,12.05,12.05,12.25,12.0,12.25,837424
2022-07-20,12.1,12.1,12.25,12.05,12.2,1288910
2022-07-21,12.35,12.35,12.35,11.9,12.1,1605231
2022-07-22,12.45,12.45,12.5,12.2,12.45,1460678
2022-07-25,12.5,12.5,12.5,12.3,12.45,854047
2022-07-26,12.25,12.25,12.45,12.2,12.35,876947
2022-07-27,12.25,12.25,12.25,11.95,12.25,1192427
2022-07-28,12.15,12.15,12.4,12.1,12.3,881170
2022-07-29,12.15,12.15,12.3,12.1,12.3,696983
2022-08-01,12.3,12.3,12.35,12.1,12.2,717025
2022-08-02,11.95,11.95,12.15,11.9,12.1,1492813
2022-08-03,11.95,11.95,12.15,11.9,12.1,657860
2022-08-04,11.8,11.8,12.05,11.6,12.0,1399814
2022-08-05,11.85,11.85,11.85,11.7,11.7,1522951
2022-08-08,12.0,12.0,12.1,11.7,11.85,1299390
2022-08-09,12.15,12.15,12.15,11.9,12.0,1223885
2022-08-10,12.2,12.2,12.25,12.1,12.15,885756
2022-08-11,12.35,12.35,12.4,12.15,12.3,1959552
2022-08-12,12.6,12.6,12.65,12.35,12.45,1921502
2022-08-15,12.65,12.65,12.65,12.5,12.65,1063886
2022-08-16,12.7,12.7,12.8,12.6,12.7,1185355
2022-08-17,12.8,12.8,13.05,12.75,12.8,2920405
2022-08-18,12.85,12.85,12.9,12.6,12.8,1277677
2022-08-19,13.0,13.0,13.1,12.8,12.85,1648514
2022-08-22,12.9,12.9,13.05,12.8,12.85,1996982
2022-08-23,12.85,12.85,12.95,12.65,12.8,1890774
2022-08-24,12.85,12.85,13.3,12.8,13.1,2115653
2022-08-25,12.95,12.95,13.05,12.9,13.05,1094935
2022-08-26,13.05,13.05,13.1,12.9,13.0,1716867
2022-08-29,12.7,12.7,12.8,12.65,12.7,1929929
2022-08-30,12.85,12.85,12.9,12.65,12.65,2035375
2022-08-31,12.8,12.8,13.0,12.8,12.85,5946783
2022-09-01,11.75,11.75,11.75,11.45,11.55,7646730
2022-09-02,11.5,11.5,11.9,11.5,11.9,2207093
2022-09-05,11.1,11.1,11.5,11.05,11.5,2675769
2022-09-06,10.65,10.65,11.15,10.65,11.15,2579800
2022-09-07,10.15,10.15,10.6,10.15,10.6,4449605
2022-09-08,10.45,10.45,10.55,10.1,10.3,2362699
2022-09-12,10.9,10.9,10.9,10.5,10.6,1874629
2022-09-13,10.85,10.85,11.0,10.75,10.9,1093608
2022-09-14,10.8,10.8,10.9,10.55,10.55,991493
2022-09-15,10.8,10.8,10.9,10.7,10.8,1152191
2022-09-16,10.45,10.45,10.8,10.45,10.75,1700075
2022-09-19,10.25,10.25,10.5,10.25,10.45,1516457
2022-09-20,10.25,10.25,10.4,10.15,10.35,1032836
2022-09-21,10.15,10.15,10.4,10.15,10.15,1368635
2022-09-22,10.2,10.2,10.3,10.0,10.1,1345491
2022-09-23,10.1,10.1,10.25,10.05,10.2,1497766
2022-09-26,9.51,9.51,10.05,9.51,10.0,4101869
2022-09-27,9.66,9.66,9.7,9.45,9.53,1511308
2022-09-28,9.17,9.17,9.66,9.17,9.66,2342684
2022-09-29,9.79,9.79,9.85,9.25,9.25,2713515
2022-09-30,9.67,9.67,9.75,9.39,9.52,1889999
2022-10-03,9.62,9.62,9.74,9.53,9.53,758743
2022-10-04,9.79,9.79,9.87,9.73,9.81,1133007
2022-10-05,9.85,9.85,10.05,9.85,9.95,1660815
2022-10-06,9.85,9.85,9.95,9.76,9.89,713081
2022-10-07,10.0,10.0,10.05,9.76,9.76,1316208
2022-10-11,9.63,9.63,9.96,9.63,9.96,1516229
2022-10-12,9.66,9.66,9.7,9.5,9.63,1128424
2022-10-13,9.18,9.18,9.73,9.11,9.67,1865449
2022-10-14,9.41,9.41,9.46,9.33,9.33,1255011
2022-10-17,9.22,9.22,9.36,9.02,9.36,1504284
2022-10-18,9.28,9.28,9.4,9.2,9.32,868514
2022-10-19,9.28,9.28,9.4,9.25,9.31,1129749
2022-10-20,9.11,9.11,9.26,8.99,9.25,1496720
2022-10-21,9.03,9.03,9.11,9.02,9.11,786462
2022-10-24,9.01,9.01,9.15,9.01,9.15,907800
2022-10-25,8.93,8.93,9.11,8.9,9.07,1328766
2022-10-26,9.05,9.05,9.11,8.92,8.92,954639
2022-10-27,9.15,9.15,9.25,9.07,9.07,946339
2022-10-28,9.18,9.18,9.19,9.11,9.19,903696
2022-10-31,9.27,9.27,9.36,9.22,9.22,677463
2022-11-01,9.42,9.42,9.42,9.27,9.31,724926
2022-11-02,9.61,9.61,9.63,9.45,9.48,1216879
2022-11-03,9.52,9.52,9.58,9.51,9.58,662001
2022-11-04,9.62,9.62,9.63,9.48,9.52,618651
2022-11-07,9.58,9.58,9.63,9.55,9.63,1121180
2022-11-08,9.5,9.5,9.63,9.47,9.58,1061882
2022-11-09,10.4,10.4,10.45,9.71,9.71,8522491
2022-11-10,10.05,10.05,10.35,10.05,10.35,3860369
2022-11-11,9.99,9.99,10.3,9.99,10.25,3366897
2022-11-14,10.15,10.15,10.2,9.99,10.05,1915728
2022-11-15,10.15,10.15,10.25,10.05,10.15,2214688
2022-11-16,10.05,10.05,10.25,10.0,10.0,3071377
2022-11-17,10.15,10.15,10.25,10.05,10.05,1679831
2022-11-18,10.1,10.1,10.25,10.05,10.2,1796776
2022-11-21,10.0,10.0,10.15,9.99,10.05,1550434
2022-11-22,10.0,10.0,10.15,10.0,10.1,1408378
2022-11-23,10.1,10.1,10.1,10.0,10.1,1135363
2022-11-24,9.96,9.96,10.15,9.96,10.15,1290496
2022-11-25,10.05,10.05,10.1,9.96,10.0,1770041
2022-11-28,9.92,9.92,10.45,9.88,10.1,24349464
2022-11-29,9.55,9.55,9.87,9.49,9.86,10821998
2022-11-30,9.66,9.66,9.74,9.54,9.55,17099616
2022-12-01,10.15,10.15,10.2,9.77,9.78,7448634
2022-12-02,10.25,10.25,10.25,10.05,10.15,2658980
2022-12-05,10.3,10.3,10.4,10.2,10.25,8424929
2022-12-06,10.15,10.15,10.35,10.1,10.3,2156813
2022-12-07,10.0,10.0,10.15,9.97,10.1,2085952
2022-12-08,9.87,9.87,9.99,9.85,9.99,1662810
2022-12-09,9.9,9.9,9.97,9.85,9.97,1322875
2022-12-12,9.78,9.78,9.9,9.7,9.9,791857
2022-12-13,9.78,9.78,9.87,9.78,9.82,942243
2022-12-14,9.76,9.76,9.86,9.76,9.85,1193701
2022-12-15,9.94,9.94,9.98,9.76,9.76,1322356
2022-12-16,9.73,9.73,9.87,9.73,9.8,1841664
2022-12-19,9.87,9.87,9.97,9.68,9.73,1704562
2022-12-20,9.69,9.69,9.98,9.68,9.86,1758936
2022-12-21,9.72,9.72,9.81,9.7,9.7,914974
2022-12-22,9.83,9.83,9.91,9.78,9.78,739151
2022-12-23,9.93,9.93,9.95,9.74,9.75,1113187
2022-12-26,9.93,9.93,10.05,9.93,9.94,956104
2022-12-27,9.95,9.95,10.05,9.94,10.0,706844
2022-12-28,9.84,9.84,10.0,9.82,9.99,791670
2022-12-29,9.87,9.87,9.96,9.7,9.84,1024392
2022-12-30,10.0,10.0,10.1,9.9,9.92,2403972
2023-01-03,9.93,9.93,10.15,9.89,10.15,977037
2023-01-04,10.05,10.05,10.05,9.97,9.99,1049125
2023-01-05,9.99,9.99,10.1,9.99,10.05,926192
2023-01-06,10.0,10.0,10.05,9.98,10.0,724289
2023-01-09,9.96,9.96,10.05,9.96,10.05,832754
2023-01-10,9.98,9.98,9.99,9.96,9.96,450958
2023-01-11,9.95,9.95,10.05,9.95,10.0,758745
2023-01-12,9.91,9.91,10.0,9.91,10.0,668985
2023-01-13,9.91,9.91,9.95,9.9,9.93,673971
2023-01-16,9.8,9.8,9.94,9.77,9.94,1191181
2023-01-17,9.81,9.81,9.87,9.76,9.76,522127
2023-01-30,9.86,9.86,10.0,9.83,9.87,1207079
2023-01-31,10.0,10.0,10.05,9.83,9.83,1735796
2023-02-01,10.1,10.1,10.15,9.99,10.0,1616083
2023-02-02,10.25,10.25,10.3,10.1,10.15,1982987
2023-02-03,10.25,10.25,10.35,10.15,10.3,1312330
2023-02-06,10.15,10.15,10.25,10.15,10.2,809638
2023-02-07,10.2,10.2,10.3,10.15,10.2,1148920
2023-02-08,10.25,10.25,10.3,10.2,10.3,927482
2023-02-09,10.15,10.15,10.25,10.15,10.25,550771
2023-02-10,10.05,10.05,10.2,10.0,10.2,874694
2023-02-13,10.0,10.0,10.05,9.93,10.05,655768
2023-02-14,10.05,10.05,10.1,10.0,10.0,706554
2023-02-15,10.1,10.1,10.15,10.05,10.05,911226
2023-02-16,10.2,10.2,10.2,10.1,10.15,793389
2023-02-17,10.3,10.3,10.35,10.15,10.2,1698664
2023-02-20,10.65,10.65,10.7,10.35,10.4,4448228
2023-02-21,10.65,10.65,10.8,10.55,10.65,1860094
2023-02-22,10.75,10.75,10.8,10.45,10.5,2439147
2023-02-23,10.65,10.65,10.85,10.6,10.8,1667741
2023-02-24,10.7,10.7,10.85,10.55,10.65,2641108
2023-03-01,10.65,10.65,10.75,10.6,10.75,1131804
2023-03-02,10.45,10.45,10.7,10.4,10.6,1717327
2023-03-03,10.6,10.6,10.7,10.45,10.6,1641631
2023-03-06,10.7,10.7,10.85,10.6,10.75,2135642
2023-03-07,10.75,10.75,10.8,10.65,10.7,1351784
2023-03-08,10.95,10.95,10.95,10.7,10.75,1907428
2023-03-09,10.95,10.95,11.3,10.9,11.1,4522368
2023-03-10,10.6,10.6,10.9,10.45,10.9,3244225
2023-03-13,10.45,10.45,10.55,10.3,10.5,1603644
2023-03-14,10.15,10.15,10.5,10.05,10.5,4180885
2023-03-15,10.2,10.2,10.25,10.15,10.2,1624525
2023-03-16,10.0,10.0,10.2,10.0,10.15,2213724
2023-03-17,10.2,10.2,10.2,10.1,10.1,1294416
2023-03-20,10.2,10.2,10.25,10.1,10.2,708768
2023-03-21,10.3,10.3,10.35,10.2,10.25,1205316
2023-03-22,10.4,10.4,10.45,10.35,10.4,1389412
2023-03-23,10.35,10.35,10.5,10.35,10.35,818825
2023-03-24,10.3,10.3,10.4,10.2,10.35,1389313
2023-03-27,10.25,10.25,10.35,10.25,10.3,716735
2023-03-28,10.2,10.2,10.3,10.15,10.3,774263
2023-03-29,10.1,10.1,10.2,10.1,10.2,725825
2023-03-30,10.15,10.15,10.2,10.1,10.15,592546
2023-03-31,10.15,10.15,10.15,10.1,10.15,971947
2023-04-06,10.05,10.05,10.15,10.0,10.15,1356444
2023-04-07,10.05,10.05,10.15,10.05,10.15,838875
2023-04-10,10.05,10.05,10.15,10.05,10.1,755935
2023-04-11,10.1,10.1,10.2,10.1,10.1,864429
2023-04-12,10.25,10.25,10.3,10.1,10.15,1939760
2023-04-13,10.2,10.2,10.3,10.15,10.25,1583211
2023-04-14,10.3,10.3,10.35,10.2,10.25,1733813
2023-04-17,10.4,10.4,10.4,10.25,10.3,1699196
2023-04-18,10.45,10.45,10.45,10.3,10.4,1647261
2023-04-19,10.5,10.5,10.5,10.35,10.45,1996277
2023-04-20,10.45,10.45,10.5,10.3,10.5,2119678
2023-04-21,10.3,10.3,10.45,10.25,10.45,1996335
2023-04-24,10.5,10.5,10.55,10.2,10.25,2637666
2023-04-25,10.65,10.65,11.1,10.6,10.65,9579359
2023-04-26,10.95,10.95,10.95,10.5,10.65,4603920
2023-04-27,11.15,11.15,11.2,10.9,10.95,6098031
2023-04-28,11.45,11.45,11.5,11.15,11.2,6326156
2023-05-02,11.5,11.5,11.8,11.3,11.55,5111377
2023-05-03,11.8,11.8,11.8,11.3,11.4,5880404
2023-05-04,12.25,12.25,12.3,11.8,11.8,11151487
2023-05-05,12.4,12.4,12.4,12.05,12.3,7350009
2023-05-08,12.55,12.55,12.55,12.2,12.5,6480012
2023-05-09,12.7,12.7,12.7,12.45,12.5,4966115
2023-05-10,13.0,13.0,13.0,12.7,12.7,8433276
2023-05-11,13.1,13.1,13.4,12.85,13.25,10863663
2023-05-12,12.65,12.65,13.25,12.55,13.1,9540870
2023-05-15,11.9,11.9,12.55,11.85,12.55,9303689
2023-05-16,12.3,12.3,12.35,12.1,12.15,4057006
2023-05-17,12.35,12.35,12.4,12.2,12.3,3116641
2023-05-18,13.0,13.0,13.1,12.4,12.5,9054378
2023-05-19,12.65,12.65,13.2,12.65,13.1,6213482
2023-05-22,12.5,12.5,12.75,12.4,12.55,2742003
2023-05-23,12.95,12.95,13.0,12.55,12.55,3673746
2023-05-24,12.85,12.85,13.0,12.7,13.0,2672340
2023-05-25,12.5,12.5,12.85,12.5,12.85,3212288
2023-05-26,12.35,12.35,12.6,12.3,12.55,2871002
2023-05-29,12.7,12.7,12.85,12.3,12.35,5348248
2023-05-30,12.7,12.7,12.9,12.6,12.8,2775399
2023-05-31,13.25,13.25,13.25,12.7,12.7,8254119
2023-06-01,13.9,13.9,14.55,13.5,13.7,43617217
2023-06-02,15.1,15.1,15.2,14.15,14.15,39080602
2023-06-05,14.75,14.75,15.35,14.35,15.3,16178808
2023-06-06,14.2,14.2,14.65,14.15,14.5,10991532
2023-06-07,14.25,14.25,14.4,13.95,14.2,6953542
2023-06-08,13.95,13.95,14.3,13.8,14.3,6691012
2023-06-09,14.1,14.1,14.25,13.9,14.15,4321940
2023-06-12,13.8,13.8,14.3,13.75,14.3,4603842
2023-06-13,14.2,14.2,14.35,13.85,13.95,6319386
2023-06-14,14.1,14.1,14.35,13.95,14.1,3764285
2023-06-15,14.8,14.8,14.95,14.1,14.1,10839614
2023-06-16,14.45,14.45,14.95,14.0,14.85,15001050
2023-06-19,14.55,14.55,14.85,14.35,14.35,6063260
2023-06-20,14.6,14.6,14.95,14.6,14.8,4866946
2023-06-21,14.9,14.9,15.3,14.7,14.75,10770134
2023-06-26,14.8,14.8,15.0,14.55,14.95,4263184
2023-06-27,14.7,14.7,15.05,14.6,14.85,4589915
2023-06-28,14.9,14.9,15.05,14.8,14.9,4294173
2023-06-29,15.0,15.0,15.1,14.85,15.05,4635981
2023-06-30,14.7,14.7,15.1,14.7,15.1,3777416
2023-07-03,14.75,14.75,14.9,14.65,14.8,3252960
2023-07-04,14.75,14.75,14.85,14.5,14.8,4561309
2023-07-05,14.8,14.8,15.0,14.75,14.75,3228627
2023-07-06,15.05,15.05,15.2,14.9,15.0,7003140
2023-07-07,15.3,15.3,15.6,14.7,15.05,11436016
2023-07-10,14.1,14.1,15.25,13.95,15.2,17090672
2023-07-11,14.8,14.8,15.0,14.15,14.15,9261611
2023-07-12,14.3,14.3,14.9,14.25,14.9,4696205
2023-07-13,14.0,14.0,14.5,14.0,14.5,8631388
2023-07-14,13.95,13.95,14.2,13.9,14.1,3064666
2023-07-17,14.1,14.1,14.3,13.65,13.95,3512728
2023-07-18,14.05,14.05,14.2,13.95,14.1,2523556
2023-07-19,13.65,13.65,14.1,13.6,14.1,3641500
2023-07-20,13.9,13.9,14.0,13.65,13.65,2030186
2023-07-21,14.05,14.05,14.25,13.75,13.75,2623470
2023-07-24,13.6,13.6,14.15,13.6,14.1,2826504
2023-07-25,13.8,13.8,13.8,13.6,13.75,1442626
2023-07-26,13.7,13.7,13.9,13.6,13.85,2113130
2023-07-27,14.15,14.15,14.35,13.75,13.75,5573688
2023-07-28,13.8,13.8,14.05,13.75,14.05,3104866
2023-07-31,13.75,13.75,14.1,13.7,13.9,3254688
2023-08-01,13.95,13.95,14.0,13.75,13.8,1838216
2023-08-02,13.5,13.5,13.9,13.5,13.9,3590588
2023-08-04,13.75,13.75,13.75,13.35,13.5,1680577
2023-08-07,12.7,12.7,13.4,12.45,13.3,9011125
2023-08-08,12.8,12.8,12.95,12.7,12.7,1926699
2023-08-09,12.8,12.8,13.0,12.8,12.85,1822741
2023-08-10,12.6,12.6,12.8,12.5,12.8,1576911
2023-08-11,12.55,12.55,12.8,12.55,12.8,847221
2023-08-14,12.25,12.25,12.5,12.1,12.5,1876496
2023-08-15,12.4,12.4,12.5,12.3,12.4,1148442
2023-08-16,12.1,12.1,12.25,12.0,12.2,1313014
2023-08-17,12.35,12.35,12.4,12.0,12.0,1168324
2023-08-18,12.2,12.2,12.4,12.1,12.3,1163888
2023-08-21,12.25,12.25,12.35,12.2,12.25,599375
2023-08-22,12.2,12.2,12.3,12.15,12.3,752294
2023-08-23,12.2,12.2,12.25,12.05,12.15,1119775
2023-08-24,12.2,12.2,12.4,12.15,12.25,1162770
2023-08-25,12.15,12.15,12.25,12.15,12.2,503533
2023-08-28,12.1,12.1,12.3,12.0,12.2,1173879
2023-08-29,12.15,12.15,12.25,12.05,12.15,1005208
2023-08-30,12.25,12.25,12.3,12.15,12.15,817736
2023-08-31,12.2,12.2,12.4,12.1,12.2,1863622
2023-09-01,12.65,12.65,12.7,12.15,12.15,3282955
2023-09-04,12.5,12.5,12.75,12.45,12.7,1269686
2023-09-05,12.55,12.55,12.7,12.5,12.6,564540
2023-09-06,12.55,12.55,12.7,12.45,12.6,1120557
2023-09-07,12.95,12.95,13.2,12.75,12.75,4282674
2023-09-08,12.85,12.85,13.05,12.7,13.0,1309882
2023-09-11,12.6,12.6,12.9,12.55,12.85,1127570
2023-09-12,12.6,12.6,12.75,12.6,12.65,1064438
2023-09-13,12.65,12.65,12.85,12.6,12.8,777021
2023-09-14,12.6,12.6,12.75,12.6,12.7,1682918
2023-09-15,12.5,12.5,12.75,12.45,12.65,1817942
2023-09-18,12.5,12.5,12.55,12.3,12.4,789171
2023-09-19,12.45,12.45,12.6,12.45,12.45,983493
2023-09-20,12.2,12.2,12.45,12.2,12.45,1717477
2023-09-21,11.9,11.9,12.2,11.9,12.2,1313083
2023-09-22,11.8,11.8,11.9,11.7,11.7,1089609
2023-09-25,12.25,12.25,12.35,11.8,11.8,2504415
2023-09-26,11.95,11.95,12.25,11.9,12.25,1273129
2023-10-11,12.05,12.05,12.45,12.05,12.4,1204003
2023-10-12,12.2,12.2,12.25,12.05,12.1,791922
2023-10-13,12.15,12.15,12.3,12.1,12.2,396390
2023-10-16,12.1,12.1,12.25,12.1,12.2,379266
2023-10-17,11.95,11.95,12.2,11.95,12.2,887589
2023-10-18,11.75,11.75,12.05,11.7,11.95,2565702
2023-10-19,11.6,11.6,11.75,11.55,11.75,1394960
2023-10-20,11.45,11.45,11.6,11.25,11.6,1419479
2023-10-23,11.7,11.7,11.85,11.45,11.55,1167921
2023-10-24,11.7,11.7,11.8,11.5,11.8,942527
2023-10-25,11.8,11.8,11.9,11.75,11.75,809523
2023-10-26,11.65,11.65,11.8,11.65,11.7,522426
2023-10-27,11.65,11.65,11.8,11.6,11.7,474825
2023-10-30,11.65,11.65,11.75,11.6,11.7,394791
2023-10-31,11.4,11.4,11.75,11.4,11.7,1127199
2023-11-01,11.55,11.55,11.55,11.4,11.55,368604
2023-11-02,11.6,11.6,11.75,11.55,11.6,925758
2023-11-03,11.75,11.75,11.8,11.65,11.65,996992
2023-11-06,11.8,11.8,11.9,11.7,11.8,858019
2023-11-07,11.7,11.7,11.8,11.65,11.75,393290
2023-11-08,11.65,11.65,11.8,11.65,11.8,715107
2023-11-09,11.6,11.6,11.75,11.6,11.65,566832
2023-11-10,11.55,11.55,11.65,11.5,11.55,425644
2023-11-13,11.45,11.45,11.7,11.4,11.65,1124248
2023-11-14,11.35,11.35,11.6,11.35,11.6,922556
2023-11-15,11.6,11.6,11.65,11.4,11.4,1549321
2023-11-16,11.65,11.65,11.75,11.6,11.75,682889
2023-11-17,11.8,11.8,11.8,11.65,11.75,937145
2023-11-20,11.95,11.95,11.95,11.75,11.8,1077854
2023-11-21,11.95,11.95,12.0,11.85,12.0,1202128
2023-11-22,12.05,12.05,12.1,11.9,11.95,1305605
2023-11-23,12.0,12.0,12.2,11.95,12.05,919287
2023-11-24,12.05,12.05,12.1,12.0,12.0,439072
2023-11-27,11.85,11.85,12.1,11.8,12.05,830475
2023-11-28,12.0,12.0,12.05,11.9,11.95,679648
2023-11-29,11.95,11.95,12.05,11.9,12.05,604306
2023-11-30,11.95,11.95,12.0,11.9,12.0,737105
2023-12-01,12.3,12.3,12.4,11.95,11.95,2121600
2023-12-04,13.5,13.5,13.5,12.35,12.35,13108473
2023-12-05,13.05,13.05,13.8,13.0,13.5,15311986
2023-12-06,12.85,12.85,13.1,12.7,13.05,4977302
2023-12-07,12.9,12.9,13.15,12.85,12.95,2510532
2023-12-08,13.2,13.2,13.35,13.0,13.0,3417134
2023-12-11,12.85,12.85,13.15,12.85,13.1,2009624
2023-12-12,12.85,12.85,13.0,12.8,12.95,1716226
2023-12-13,12.8,12.8,12.95,12.75,12.85,851252
2023-12-14,12.85,12.85,13.05,12.85,12.9,1630840
2023-12-15,13.0,13.0,13.15,12.9,12.95,1951926
2023-12-18,12.75,12.75,13.1,12.75,13.0,1270864
2023-12-19,12.5,12.5,12.75,12.45,12.75,1583615
2023-12-20,12.65,12.65,12.7,12.55,12.6,770708
2023-12-21,12.6,12.6,12.7,12.45,12.55,714878
2023-12-22,12.7,12.7,12.85,12.6,12.75,1491306
2023-12-25,12.65,12.65,12.75,12.65,12.7,640617
2023-12-26,12.9,12.9,12.95,12.65,12.75,1455054
2023-12-27,12.95,12.95,13.1,12.8,12.95,1381578
2023-12-28,13.0,13.0,13.15,12.95,12.95,1575340
2023-12-29,13.0,13.0,13.2,12.9,13.0,1325297
2024-01-02,12.95,12.95,13.0,12.85,13.0,741875
2024-01-03,12.95,12.95,12.95,12.8,12.85,758930
2024-01-04,13.05,13.05,13.05,12.85,13.0,1802475
2024-01-05,13.55,13.55,13.8,13.05,13.1,15865434
2024-01-08,13.75,13.75,13.9,13.35,13.55,14256400
2024-01-09,13.45,13.45,13.75,13.25,13.7,5584027
2024-01-10,13.45,13.45,13.85,13.3,13.45,7391236
2024-01-11,13.55,13.55,13.8,13.5,13.5,3796762
2024-01-12,13.7,13.7,13.85,13.35,13.55,6702164
2024-01-15,13.7,13.7,13.85,13.5,13.7,2832551
2024-01-16,13.6,13.6,13.7,13.55,13.7,1948131
2024-01-17,13.35,13.35,13.8,13.25,13.6,2998443
2024-01-18,13.2,13.2,13.6,13.2,13.45,3306232
2024-01-19,12.9,12.9,13.4,12.9,13.35,4536020
2024-01-22,13.1,13.1,13.2,12.9,12.95,1790617
2024-01-23,13.35,13.35,13.65,13.2,13.2,4234591
2024-01-24,13.5,13.5,13.7,13.45,13.5,2768262
2024-01-25,13.35,13.35,13.65,13.3,13.65,2271819
2024-01-26,13.55,13.55,13.65,13.35,13.35,2782128
2024-01-29,13.4,13.4,13.55,13.35,13.55,1770359
2024-01-30,13.2,13.2,13.45,13.2,13.4,1330103
2024-01-31,13.3,13.3,13.35,13.2,13.2,961961
2024-02-01,13.3,13.3,13.4,13.25,13.4,815237
2024-02-02,13.05,13.05,13.4,13.0,13.4,2797143
2024-02-05,12.95,12.95,13.1,12.85,13.05,2072245
2024-02-15,13.55,13.55,13.7,13.2,13.2,4647329
2024-02-16,14.1,14.1,14.2,13.5,13.55,9624751
2024-02-19,15.5,15.5,15.5,14.3,14.3,32413078
2024-02-20,15.25,15.25,16.0,15.25,15.7,31493015
2024-02-21,16.75,16.75,16.75,15.3,15.5,49022673
2024-02-22,16.45,16.45,17.4,15.7,17.0,52796434
2024-02-23,15.75,15.75,16.5,15.7,16.45,18487703
2024-02-26,15.6,15.6,15.85,15.35,15.65,10284622
2024-02-27,15.35,15.35,15.7,15.2,15.7,7213326
2024-02-29,15.15,15.15,15.5,15.1,15.45,5812024
2024-03-01,14.9,14.9,15.15,14.9,15.15,5514268
2024-03-04,14.9,14.9,15.1,14.5,14.8,8571610
2024-03-05,14.7,14.7,15.05,14.5,15.0,5098289
2024-03-06,14.8,14.8,14.95,14.65,14.7,2656465
2024-03-07,14.4,14.4,14.8,14.3,14.8,5484574
2024-03-08,14.05,14.05,14.55,14.0,14.45,5277534
2024-03-11,14.35,14.35,14.4,14.1,14.1,2681580
2024-03-12,14.35,14.35,14.55,14.25,14.35,2623743
2024-03-13,14.15,14.15,14.4,14.0,14.35,3081378
2024-03-14,14.2,14.2,14.5,14.2,14.5,3275253
2024-03-15,14.0,14.0,14.3,13.95,14.1,2300675
2024-03-18,13.9,13.9,14.05,13.85,14.05,1571534
2024-03-19,13.75,13.75,13.95,13.75,13.9,2442777
2024-03-20,13.5,13.5,13.75,13.45,13.75,4465735
2024-03-21,13.8,13.8,13.85,13.6,13.6,2504340
2024-03-22,13.9,13.9,13.95,13.65,13.8,1667484
2024-03-25,14.3,14.3,14.5,13.95,13.95,4984451
2024-03-26,14.15,14.15,14.35,14.1,14.3,2934259
2024-03-27,14.35,14.35,14.4,14.15,14.15,1885327
2024-03-28,14.2,14.2,14.55,14.15,14.4,2787934
2024-03-29,14.15,14.15,14.2,14.05,14.2,1593140
2024-04-01,14.4,14.4,14.5,14.15,14.15,2028280
2024-04-02,14.4,14.4,14.5,14.3,14.45,1787196
2024-04-03,14.5,14.5,14.55,14.3,14.4,2483044
2024-04-08,14.8,14.8,14.95,14.45,14.5,6822545
2024-04-09,14.8,14.8,15.1,14.75,14.8,5480339
2024-04-10,14.8,14.8,15.15,14.7,14.95,4279725
2024-04-11,14.85,14.85,15.35,14.8,15.0,7629295
2024-04-12,14.95,14.95,15.1,14.7,14.85,4656005
2024-04-15,14.6,14.6,15.05,14.6,15.0,3544221
2024-04-16,14.2,14.2,14.6,14.1,14.6,3921614
2024-04-17,14.4,14.4,14.5,14.3,14.3,1785386
2024-04-18,14.25,14.25,14.45,14.2,14.4,1689682
2024-04-19,13.9,13.9,14.25,13.6,14.2,4685788
2024-04-22,14.05,14.05,14.4,13.9,14.0,2458986
2024-04-23,15.05,15.05,15.35,14.15,14.15,15325240
2024-04-24,15.0,15.0,15.05,14.7,14.85,6983275
2024-04-25,15.15,15.15,15.35,14.9,15.0,6387016
2024-04-26,15.2,15.2,15.3,15.1,15.3,4410919
2024-04-29,15.45,15.45,15.75,15.25,15.5,7956512
2024-04-30,15.25,15.25,15.5,15.05,15.5,3437866
2024-05-02,15.1,15.1,15.2,15.05,15.1,2481515
2024-05-03,15.1,15.1,15.35,15.0,15.2,2933642
2024-05-06,15.05,15.05,15.3,15.0,15.2,2195923
2024-05-07,15.05,15.05,15.25,14.95,15.15,2552413
2024-05-08,15.0,15.0,15.0,14.75,15.0,2150145
2024-05-09,15.6,15.6,16.35,15.35,15.55,20852259
2024-05-10,15.7,15.7,16.2,15.6,16.15,11169747
2024-05-13,16.05,16.05,16.3,15.7,15.95,13722471
2024-05-14,15.95,15.95,16.3,15.9,16.2,6863513
2024-05-15,15.9,15.9,16.4,15.85,16.05,9706107
2024-05-16,17.45,17.45,17.45,16.05,16.05,52882786
2024-05-17,18.05,18.05,18.5,17.35,17.65,79361254
2024-05-20,18.1,18.1,18.8,17.3,17.8,38431136
2024-05-21,18.9,18.9,19.0,17.95,18.45,33532027
2024-05-22,17.95,17.95,18.95,17.9,18.9,33861720
2024-05-23,17.6,17.6,17.95,17.5,17.95,13564868
2024-05-24,19.35,19.35,19.35,17.45,17.6,52806816
2024-05-27,20.4,20.4,20.55,19.2,20.1,92785339
2024-05-28,22.4,22.4,22.4,21.45,21.5,34145185
2024-05-29,23.55,23.55,24.3,22.85,23.4,161283517
2024-05-30,21.3,21.3,23.2,21.2,23.05,80611695
2024-05-31,20.75,20.75,21.75,20.7,21.3,40943831
2024-06-03,20.75,20.75,21.2,20.35,21.15,24835771
2024-06-04,20.5,20.5,21.2,20.35,20.75,19043229
2024-06-05,19.7,19.7,20.6,19.7,20.6,21983906
2024-06-06,19.2,19.2,20.25,19.2,20.15,19071075
2024-06-07,19.45,19.45,20.35,19.4,19.7,25844532
2024-06-11,19.35,19.35,20.2,19.25,19.55,19171739
2024-06-12,19.25,19.25,19.5,19.0,19.45,11127421
2024-06-13,19.25,19.25,19.55,19.15,19.35,9199897
2024-06-14,19.4,19.4,19.85,19.3,19.4,11705855
2024-06-17,19.7,19.7,20.1,19.3,19.4,13300005
2024-06-18,19.55,19.55,19.8,19.25,19.8,9845421
2024-06-19,19.1,19.1,19.75,19.0,19.6,10728925
2024-06-20,19.2,19.2,19.3,19.0,19.05,7612354
2024-06-21,20.5,20.5,21.1,19.25,19.25,62684094
2024-06-24,20.0,20.0,21.0,20.0,20.5,24830837
2024-06-25,19.95,19.95,20.3,19.4,20.0,10478148
2024-06-26,19.6,19.6,20.35,19.6,19.9,8920244
2024-06-27,20.4,20.4,21.05,19.4,19.65,36818765
2024-06-28,20.6,20.6,20.9,20.35,20.65,19613690
2024-07-01,20.4,20.4,20.75,20.2,20.7,10499129
2024-07-02,20.6,20.6,20.7,20.35,20.4,9079338
2024-07-03,20.3,20.3,21.0,20.25,20.95,15240701
2024-07-04,20.15,20.15,20.55,20.1,20.45,9261476
2024-07-05,20.9,20.9,21.8,20.25,20.25,31742739
2024-07-08,20.6,20.6,21.5,20.5,21.4,17557814
2024-07-09,21.1,21.1,21.65,20.45,20.65,27136115
2024-07-10,22.2,22.2,22.8,21.6,21.9,58446337
2024-07-11,22.3,22.3,23.8,22.0,22.7,73223058
2024-07-12,24.5,24.5,24.5,22.55,22.95,81442476
2024-07-15,26.0,26.0,26.95,25.05,26.65,277432327
2024-07-16,25.25,25.25,26.6,25.0,26.05,108753924
2024-07-17,25.8,25.8,26.4,25.05,25.3,95655160
2024-07-18,24.55,24.55,25.4,24.3,25.3,52946130
2024-07-19,23.5,23.5,24.75,23.5,24.6,34042867
2024-07-22,22.4,22.4,24.05,22.2,23.75,36851145
2024-07-23,22.2,22.2,23.4,21.8,22.8,32290553
2024-07-26,21.2,21.2,21.75,20.5,21.4,17166755
2024-07-29,21.35,21.35,21.85,21.1,21.5,15053491
2024-07-30,22.1,22.1,22.35,21.05,21.35,23478415
2024-07-31,21.3,21.3,22.05,21.2,21.55,16855595
2024-08-01,22.0,22.0,22.35,21.55,21.6,27179449
2024-08-02,21.45,21.45,21.75,21.2,21.5,12159740
2024-08-05,19.35,19.35,20.6,19.35,20.55,16734121
2024-08-06,18.3,18.3,19.8,17.45,19.4,27069548
2024-08-07,20.1,20.1,20.1,19.1,19.4,13491094
2024-08-08,21.55,21.55,22.1,20.25,20.25,49753987
2024-08-09,21.65,21.65,22.8,21.4,21.75,58273404
2024-08-12,22.15,22.15,22.8,21.75,22.2,28038358
2024-08-13,22.25,22.25,22.55,21.85,22.4,16721992
2024-08-14,21.9,21.9,22.75,21.9,22.55,19350837
2024-08-15,23.1,23.1,23.35,21.85,22.0,56850686
2024-08-16,22.95,22.95,23.7,22.65,23.4,37741116
2024-08-19,23.8,23.8,24.2,22.5,22.8,49581888
2024-08-20,23.6,23.6,24.05,23.4,23.6,26458695
2024-08-21,23.2,23.2,23.7,23.05,23.55,11793811
2024-08-22,22.75,22.75,23.5,22.75,23.35,12182785
2024-08-23,22.7,22.7,22.75,22.2,22.5,10702326
2024-08-26,22.8,22.8,23.4,22.7,23.05,10012644
2024-08-27,22.9,22.9,22.95,22.5,22.85,7375113
2024-08-28,22.7,22.7,23.15,22.55,23.05,10086824
2024-08-29,22.95,22.95,23.1,22.3,22.35,7858465
2024-08-30,22.7,22.7,23.2,22.7,23.1,8541089
2024-09-02,22.3,22.3,23.0,22.3,23.0,5819536
2024-09-03,22.4,22.4,22.95,22.3,22.35,8156343
2024-09-04,21.55,21.55,22.1,20.65,21.1,10245850
2024-09-05,21.35,21.35,22.6,21.25,22.2,9148560
2024-09-06,20.9,20.9,21.8,20.9,21.8,9033173
2024-09-09,20.2,20.2,20.45,19.9,20.3,10179846
2024-09-10,20.45,20.45,21.25,20.2,20.85,15311116
2024-09-11,20.4,20.4,20.65,20.4,20.6,5214745
2024-09-12,20.4,20.4,21.1,20.4,20.8,8502179
2024-09-13,20.4,20.4,20.6,20.3,20.55,5340008
2024-09-16,20.55,20.55,20.9,20.45,20.45,6852089
2024-09-18,20.3,20.3,20.85,20.3,20.65,6568142
2024-09-30,22.0,22.0,22.1,21.7,22.0,8041468
2024-10-01,21.7,21.7,22.25,21.45,22.2,7159147
2024-10-04,20.7,20.7,21.8,20.7,21.8,6196899
2024-10-07,21.25,21.25,21.65,20.95,20.95,4251168
2024-10-08,21.35,21.35,21.5,21.2,21.3,3361392
2024-10-09,21.5,21.5,22.2,21.45,21.9,10390343
2024-10-11,21.6,21.6,22.3,21.6,21.7,6385132
2024-10-14,21.55,21.55,21.8,21.4,21.5,3659379
2024-10-15,21.7,21.7,22.0,21.6,21.6,3691986
2024-10-16,21.75,21.75,21.85,21.45,21.75,3342164
2024-10-17,21.95,21.95,22.15,21.8,21.95,6667022
2024-10-18,21.4,21.4,22.15,21.4,22.0,7005134
2024-10-21,21.6,21.6,21.9,21.25,21.65,4183475
2024-10-22,21.4,21.4,21.65,21.25,21.65,3534637
2024-10-23,23.5,23.5,23.5,21.35,21.35,22842132
2024-10-24,22.5,22.5,24.05,22.4,23.8,53693395
2024-10-25,22.05,22.05,22.75,21.75,22.45,15798865
2024-10-28,21.75,21.75,22.45,21.7,22.05,7705198
2024-10-29,21.35,21.35,22.0,21.25,21.7,6763486
2024-10-30,21.0,21.0,21.7,21.0,21.5,5080383
2024-11-01,21.1,21.1,21.15,20.75,20.8,3772725
2024-11-04,21.5,21.5,21.8,21.0,21.2,5482892
2024-11-05,21.7,21.7,22.15,21.4,21.4,5851539
2024-11-06,21.95,21.95,22.05,21.7,21.9,5297750
2024-11-07,21.85,21.85,22.0,21.6,21.7,7619169
2024-11-08,20.8,20.8,21.85,20.75,21.75,14971867
2024-11-11,20.35,20.35,20.75,20.15,20.6,10072598
2024-11-12,20.0,20.0,20.45,19.9,20.2,5221859
2024-11-13,19.9,19.9,20.35,19.9,20.05,3476581
2024-11-14,19.85,19.85,20.2,19.8,20.0,4169120
2024-11-15,20.05,20.05,20.55,19.9,19.9,4853764
2024-11-18,19.8,19.8,20.2,19.8,20.2,3726862
2024-11-19,19.85,19.85,20.0,19.7,20.0,2916808
2024-11-20,19.4,19.4,19.95,19.4,19.9,4156988
2024-11-21,19.7,19.7,19.8,19.2,19.4,2980465
2024-11-22,20.0,20.0,20.15,19.8,19.8,3797599
2024-11-25,20.5,20.5,20.65,20.05,20.2,5835620
2024-11-26,20.55,20.55,20.7,20.3,20.55,3506651
2024-11-27,20.1,20.1,20.9,20.05,20.9,4874924
2024-11-28,19.45,19.45,20.15,19.45,20.0,4159407
2024-11-29,19.55,19.55,19.65,19.2,19.35,3065419
2024-12-02,19.5,19.5,19.85,19.5,19.8,1725769
2024-12-03,19.7,19.7,19.95,19.6,19.6,1642217
2024-12-04,19.85,19.85,19.9,19.6,19.8,2506903
2024-12-05,20.0,20.0,20.35,20.0,20.15,5305218
2024-12-06,19.75,19.75,20.2,19.75,20.1,3160402
2024-12-09,19.3,19.3,19.85,19.3,19.75,4300328
2024-12-10,19.1,19.1,19.6,19.1,19.35,3231744
2024-12-11,19.1,19.1,19.35,18.95,19.1,2297496
2024-12-12,19.3,19.3,19.75,19.2,19.2,3012934
2024-12-13,18.75,18.75,19.35,18.75,19.3,3798092
2024-12-16,18.75,18.75,19.0,18.5,18.95,2066428
2024-12-17,18.9,18.9,19.0,18.7,18.8,1655755
2024-12-18,18.8,18.8,19.0,18.65,18.85,2233236
2024-12-19,18.65,18.65,18.7,18.25,18.35,2438022
2024-12-20,19.15,19.15,19.4,18.85,18.85,5696441
2024-12-23,19.15,19.15,19.5,19.15,19.25,2053948
2024-12-24,19.0,19.0,19.35,18.95,19.3,1878460
2024-12-25,19.3,19.3,19.4,19.05,19.2,2118822
2024-12-26,19.2,19.2,19.5,19.1,19.45,1840451
2024-12-27,19.1,19.1,19.25,19.0,19.2,1467794
2024-12-30,18.7,18.7,19.05,18.7,19.0,1621158
2024-12-31,18.55,18.55,18.75,18.45,18.7,1541016
2025-01-02,18.6,18.6,18.9,18.3,18.3,1866517
2025-01-03,18.4,18.4,18.85,18.4,18.6,1847775
2025-01-06,19.05,19.05,19.05,18.45,18.6,3583007
2025-01-07,18.75,18.75,19.5,18.7,19.25,3267994
2025-01-08,19.2,19.2,19.25,18.7,19.0,3436779
2025-01-09,18.6,18.6,19.25,18.55,19.25,2597695
2025-01-10,18.05,18.05,18.85,17.95,18.65,4393843
2025-01-13,18.2,18.2,18.45,17.55,18.0,7120667
2025-01-14,18.25,18.25,18.4,17.95,18.4,3290697
2025-01-15,17.95,17.95,18.6,17.95,18.25,2652461
2025-01-16,18.0,18.0,18.35,17.95,18.2,2137376
2025-01-17,18.0,18.0,18.2,17.95,18.1,1712755
2025-01-20,18.05,18.05,18.1,17.95,18.05,1303800
2025-01-21,17.7,17.7,18.3,17.7,18.2,2967234
2025-01-22,18.0,18.0,18.05,17.7,17.85,1984414
2025-02-03,17.75,17.75,17.8,17.35,17.7,3797966
2025-02-04,17.55,17.55,18.0,17.45,17.85,2295311
2025-02-05,18.2,18.2,18.4,17.75,17.75,3347131
2025-02-06,18.45,18.45,18.5,18.2,18.5,1820792
2025-02-07,18.2,18.2,18.55,18.1,18.5,2023840
2025-02-10,18.05,18.05,18.15,17.95,18.05,1618039
2025-02-11,17.8,17.8,18.25,17.8,18.1,2901246
2025-02-12,18.1,18.1,18.3,17.85,17.85,2745811
2025-02-13,18.35,18.35,18.5,18.2,18.2,3160781
2025-02-14,18.55,18.55,18.6,18.25,18.4,2143658
2025-02-17,18.75,18.75,18.8,18.5,18.7,2495729
2025-02-18,18.95,18.95,18.95,18.6,18.8,2629984
2025-02-19,19.1,19.1,19.2,18.8,18.8,2968149
2025-02-20,18.8,18.8,19.25,18.75,19.15,3204557
2025-02-21,19.1,19.1,19.1,18.85,18.85,1927815
2025-02-24,19.15,19.15,19.2,19.0,19.05,1538523
2025-02-25,18.9,18.9,19.1,18.9,19.05,1869678
2025-02-26,18.9,18.9,18.95,18.8,18.9,973816
2025-02-27,18.8,18.8,19.25,18.75,18.95,2308148
2025-03-03,18.9,18.9,18.95,18.6,18.75,1371369
2025-03-04,19.1,19.1,19.15,18.55,18.8,2124428
2025-03-05,19.0,19.0,19.2,18.95,19.1,1677093
2025-03-06,18.0,18.0,19.2,18.0,19.05,10744914
2025-03-07,17.75,17.75,18.15,17.75,18.0,2954682
2025-03-10,17.5,17.5,17.9,17.5,17.85,2858521
2025-03-11,17.2,17.2,17.3,16.7,17.15,4207884
2025-03-12,17.35,17.35,17.5,17.1,17.4,1433362
2025-03-13,16.95,16.95,17.55,16.9,17.4,2828219
2025-03-14,17.1,17.1,17.2,16.85,16.95,2089928
2025-03-17,17.45,17.45,17.45,17.1,17.35,2022404
2025-03-18,17.6,17.6,17.9,17.2,17.5,4977939
2025-03-19,17.6,17.6,17.65,17.45,17.6,1454865
2025-03-20,17.5,17.5,17.85,17.4,17.6,2638127
2025-03-21,17.5,17.5,17.6,17.4,17.55,1137110
2025-03-24,17.4,17.4,17.6,17.3,17.6,1532716
2025-03-25,17.0,17.0,17.55,17.0,17.5,2362254
2025-03-26,16.95,16.95,17.25,16.9,17.05,1438575
2025-03-27,16.8,16.8,17.0,16.75,16.95,1431093
2025-03-28,16.25,16.25,16.8,16.2,16.8,3175221
2025-03-31,15.15,15.15,15.8,15.15,15.65,6179149
2025-04-01,15.8,15.8,15.85,15.25,15.35,2190496
2025-04-02,15.9,15.9,16.0,15.5,15.8,1492083
2025-04-07,14.35,14.35,14.35,14.35,14.35,321639
2025-04-08,12.95,12.95,13.3,12.95,12.95,3624851
2025-04-09,11.7,11.7,12.3,11.7,11.9,7213081
2025-04-10,12.85,12.85,12.85,12.35,12.7,4154726
2025-04-11,12.95,12.95,13.0,11.9,12.3,5264523
2025-04-14,13.35,13.35,14.0,13.25,13.35,4051622
2025-04-15,14.05,14.05,14.15,13.45,13.55,3239925
2025-04-16,13.55,13.55,14.2,13.55,14.2,3295190
2025-04-17,13.85,13.85,13.95,13.3,13.5,3153561
2025-04-18,13.85,13.85,14.35,13.85,13.95,2822690
2025-04-21,13.6,13.6,14.1,13.6,13.9,3369068
2025-04-22,13.75,13.75,13.85,13.4,13.6,2777674
2025-04-23,13.9,13.9,14.1,13.85,14.0,3038970
2025-04-24,13.7,13.7,13.95,13.65,13.95,1251838
2025-04-25,13.75,13.75,14.05,13.7,13.85,2914760
2025-04-28,14.15,14.15,14.15,13.85,13.9,3491603
2025-04-29,14.65,14.65,14.65,14.1,14.2,3356918
2025-04-30,14.25,14.25,14.65,14.2,14.6,2118158
2025-05-02,14.25,14.25,14.4,14.15,14.35,1951463
2025-05-05,13.85,13.85,14.4,13.6,14.4,2959020
2025-05-06,14.0,14.0,14.05,13.8,13.85,1706362
2025-05-07,13.85,13.85,14.0,13.8,14.0,1542512
2025-05-08,14.15,14.15,14.25,13.9,13.9,1626585
2025-05-09,14.25,14.25,14.35,14.05,14.2,1839938
2025-05-12,14.45,14.45,14.5,14.3,14.3,1925429
2025-05-13,14.35,14.35,14.7,14.35,14.7,1720308
2025-05-14,14.45,14.45,14.5,14.3,14.45,1619130
2025-05-15,15.85,15.85,15.85,14.25,14.5,11209399
2025-05-16,15.35,15.35,16.2,15.35,16.0,19856772
2025-05-19,14.9,14.9,15.5,14.9,15.35,5217454
2025-05-20,15.0,15.0,15.35,15.0,15.15,4294323
2025-05-21,14.95,14.95,15.1,14.85,15.1,2421381
2025-05-22,14.9,14.9,15.05,14.7,14.9,2425757
2025-05-23,14.75,14.75,15.05,14.7,14.85,3252530
2025-05-26,14.55,14.55,14.8,14.55,14.8,1470188
2025-05-27,14.35,14.35,14.75,14.35,14.55,1575286
2025-05-28,14.2,14.2,14.55,14.15,14.5,2437095
2025-05-29,14.05,14.05,14.4,13.95,14.3,3048802
2025-06-02,13.65,13.65,14.05,13.55,13.95,2676312
2025-06-03,13.6,13.6,13.8,13.55,13.7,1193468
2025-06-04,13.95,13.95,14.05,13.75,13.75,1820108
2025-06-05,14.0,14.0,14.2,13.9,14.0,1878418
2025-06-06,14.05,14.05,14.15,13.95,14.0,780456
2025-06-09,14.1,14.1,14.5,14.0,14.4,2149095
2025-06-10,14.2,14.2,14.45,14.15,14.25,1909913
2025-06-11,14.45,14.45,14.45,14.1,14.25,1622398
2025-06-12,14.65,14.65,14.65,14.35,14.45,1603494
2025-06-13,14.2,14.2,14.5,14.2,14.45,1678625
2025-06-16,14.1,14.1,14.15,14.0,14.1,1133880
2025-06-17,14.05,14.05,14.25,13.95,14.2,1797802
2025-06-18,14.4,14.4,14.55,14.05,14.1,2450624
2025-06-19,13.9,13.9,14.35,13.85,14.3,1921161
2025-06-20,13.6,13.6,13.95,13.55,13.95,2348956
2025-06-23,13.5,13.5,13.55,13.15,13.5,1370086
2025-06-24,14.05,14.05,14.05,13.7,13.75,1560701
2025-06-25,13.95,13.95,14.15,13.95,14.1,894612
2025-06-26,14.25,14.25,14.4,13.95,13.95,1936077
2025-06-27,14.25,14.25,14.45,14.15,14.3,1024444
2025-06-30,14.0,14.0,14.35,13.95,14.3,962161
2025-07-01,14.25,14.25,14.25,14.0,14.0,1074094
2025-07-02,14.25,14.25,14.35,14.2,14.25,1004287
2025-07-03,14.3,14.3,14.5,14.3,14.3,1463869
2025-07-04,14.15,14.15,14.45,14.05,14.4,1056239
2025-07-07,14.0,14.0,14.2,13.9,14.2,787000
2025-07-08,13.8,13.8,14.0,13.7,14.0,973784
2025-07-09,13.9,13.9,13.95,13.8,13.8,525029
2025-07-10,13.65,13.65,13.9,13.65,13.85,881378
2025-07-11,13.65,13.65,13.8,13.65,13.7,1017618
2025-07-14,13.4,13.4,13.7,13.35,13.7,1397288
2025-07-15,13.35,13.35,13.55,13.35,13.35,1082907
2025-07-16,13.45,13.45,13.65,13.35,13.4,1226152
2025-07-17,13.95,13.95,14.15,13.55,13.6,2940168
2025-07-18,13.8,13.8,14.1,13.75,14.0,1135072
2025-07-21,13.7,13.7,13.95,13.7,13.8,926134
2025-07-22,13.25,13.25,13.8,13.2,13.8,2501468
2025-07-23,13.6,13.6,13.65,13.35,13.4,1683712
2025-07-24,13.65,13.65,13.7,13.45,13.6,886185
2025-07-25,13.65,13.65,13.7,13.55,13.55,1096672
2025-07-28,13.7,13.7,13.8,13.5,13.7,1029965
2025-07-29,13.55,13.55,13.75,13.45,13.7,1000416
2025-07-30,13.6,13.6,13.7,13.45,13.6,1386130
2025-07-31,13.3,13.3,13.7,13.25,13.7,2669518
2025-08-01,13.3,13.3,13.45,12.9,13.1,1821031
2025-08-04,13.7,13.7,13.8,13.05,13.2,2293781
2025-08-05,13.9,13.9,13.95,13.7,13.8,1628169
2025-08-06,13.85,13.85,14.0,13.8,13.9,1121737
2025-08-07,13.75,13.75,14.1,13.75,13.85,1450783
2025-08-08,13.05,13.05,13.65,12.9,13.65,7776644
2025-08-11,13.05,13.05,13.15,12.95,13.0,1589800
2025-08-12,13.15,13.15,13.2,13.0,13.0,1455809
2025-08-13,13.05,13.05,13.4,12.95,13.25,3356258
2025-08-14,13.35,13.35,13.55,13.15,13.15,4556155
2025-08-15,13.35,13.35,13.45,13.2,13.4,1741702
2025-08-18,13.65,13.65,13.9,13.3,13.35,3617609
2025-08-19,13.7,13.7,13.8,13.35,13.65,3192016
2025-08-20,13.2,13.2,13.6,13.15,13.55,3205826
2025-08-21,13.55,13.55,13.6,13.25,13.25,2602658
2025-08-22,13.3,13.3,13.65,13.25,13.55,1606774
2025-08-25,13.35,13.35,13.7,13.35,13.45,2581253
2025-08-26,13.35,13.35,13.45,13.25,13.35,1519650
2025-08-27,13.8,13.8,14.15,13.5,13.5,6891499
2025-08-28,13.9,13.9,13.95,13.65,13.8,2270885
2025-08-29,13.75,13.75,14.05,13.65,14.0,2026734
2025-09-01,13.65,13.65,13.9,13.55,13.7,2218744
2025-09-02,13.4,13.4,13.75,13.3,13.7,1579586
2025-09-03,13.45,13.45,13.45,13.3,13.35,1693345
2025-09-04,13.6,13.6,13.75,13.5,13.5,1762875
2025-09-05,13.75,13.75,13.8,13.5,13.65,1393303
2025-09-08,13.8,13.8,14.1,13.7,13.8,2847605
2025-09-09,13.7,13.7,13.9,13.6,13.85,1931409
2025-09-10,13.8,13.8,13.9,13.45,13.7,3007461
2025-09-11,13.2,13.2,13.8,13.15,13.8,3958301
2025-09-12,13.3,13.3,13.45,13.25,13.25,1614902
2025-09-15,13.2,13.2,13.45,13.15,13.3,1620912
2025-09-16,13.3,13.3,13.35,13.1,13.25,2218924
2025-09-17,13.45,13.45,13.75,13.25,13.25,4021967
2025-09-18,13.5,13.5,13.65,13.35,13.45,2230646
2025-09-19,13.6,13.6,13.7,13.4,13.6,3126795
2025-09-22,13.55,13.55,13.75,13.5,13.7,2179631
2025-09-23,13.55,13.55,13.7,13.45,13.6,3194515
2025-09-24,13.35,13.35,13.6,13.3,13.5,3101601
2025-10-07,13.7,13.7,13.9,13.5,13.7,2651840
2025-10-08,15.05,15.05,15.05,13.85,13.9,10896286
2025-10-09,15.8,15.8,16.05,15.05,15.25,20370040
2025-10-13,16.2,16.2,16.2,15.0,15.2,9468289
2025-10-14,15.25,15.25,16.5,15.15,16.35,8912189
2025-10-15,15.2,15.2,15.5,15.05,15.3,3333211
2025-10-16,15.25,15.25,15.5,15.2,15.3,2543262
2025-10-17,15.2,15.2,15.4,15.1,15.3,2053082
2025-10-20,15.25,15.25,15.4,15.05,15.35,2263696
2025-10-21,15.3,15.3,15.75,15.3,15.4,3539088
2025-10-22,15.5,15.5,15.65,15.25,15.3,2296628
2025-10-23,15.6,15.6,15.75,15.45,15.6,3593234
2025-10-27,15.05,15.05,15.3,15.05,15.2,3496372
2025-10-28,14.7,14.7,15.2,14.65,15.1,2403359
2025-10-29,14.5,14.5,14.75,14.4,14.65,2349320
2025-10-30,14.2,14.2,14.5,14.15,14.5,3042944
2025-10-31,14.05,14.05,14.4,14.05,14.4,1685039
2025-11-03,14.1,14.1,14.3,14.0,14.2,1437679
2025-11-04,14.0,14.0,14.15,13.85,14.1,2424057
2025-11-05,13.9,13.9,13.95,13.65,13.95,1492919
2025-11-06,14.15,14.15,14.25,13.9,14.0,2781156
2025-11-07,13.75,13.75,14.25,13.7,14.05,3069739
2025-11-10,14.0,14.0,14.2,13.7,13.8,2487468
2025-11-11,14.2,14.2,14.35,14.1,14.15,2512081
2025-11-12,14.65,14.65,14.75,14.25,14.3,3610036
2025-11-13,15.3,15.3,15.55,14.9,14.95,7654204
2025-11-14,15.15,15.15,15.4,15.05,15.25,2896888
2025-11-17,15.1,15.1,15.45,15.1,15.25,2416649
2025-11-18,15.2,15.2,15.35,14.8,15.0,4056529
2025-11-19,14.75,14.75,15.4,14.65,15.4,3738139
2025-11-20,14.7,14.7,15.05,14.65,14.9,2193611
2025-11-21,14.65,14.65,14.85,14.5,14.6,2432451
2025-11-24,14.3,14.3,15.0,14.25,14.75,2781953
2025-11-25,14.6,14.6,14.6,14.4,14.45,1439830
2025-11-26,14.8,14.8,15.0,14.7,14.7,1675341
2025-11-27,14.95,14.95,15.0,14.7,14.85,1125510
2025-11-28,15.15,15.15,15.25,14.85,15.0,2130556
2025-12-01,15.1,15.1,15.25,15.0,15.15,2070577
2025-12-02,15.0,15.0,15.2,15.0,15.1,941349
2025-12-03,15.0,15.0,15.15,14.9,15.05,998824
2025-12-04,15.0,15.0,15.25,14.95,15.0,1574853
2025-12-05,14.95,14.95,15.15,14.8,15.05,1861876
2025-12-08,14.75,14.75,15.0,14.75,14.95,1376237
2025-12-09,14.55,14.55,14.75,14.45,14.6,1779295
2025-12-10,14.35,14.35,14.65,14.35,14.55,2189886
2025-12-11,14.65,14.65,14.7,14.3,14.5,2072015
2025-12-12,14.4,14.4,14.9,14.35,14.75,3124359
2025-12-15,14.85,14.85,14.9,14.3,14.35,2652200
2025-12-16,14.8,14.8,14.85,14.55,14.7,2262250
2025-12-17,14.6,14.6,15.05,14.5,14.85,3635575
2025-12-18,14.55,14.55,14.75,14.45,14.65,2091260
2025-12-19,14.75,14.75,14.85,14.55,14.55,1432824
2025-12-22,15.2,15.2,15.55,14.9,14.9,6899543
2025-12-23,14.75,14.75,15.35,14.75,15.25,3764116
2025-12-24,14.6,14.6,14.95,14.5,14.85,2868842
2025-12-26,14.6,14.6,14.7,14.5,14.7,1968282
2025-12-29,14.9,14.9,15.15,14.6,14.6,4291637
2025-12-30,15.0,15.0,15.05,14.75,14.9,2285406
2025-12-31,15.15,15.15,15.4,15.05,15.1,4509791
2026-01-02,15.4,15.4,15.7,15.25,15.3,4555642
2026-01-05,15.75,15.75,16.15,15.6,15.7,9144371
2026-01-06,17.3,17.3,17.3,15.9,15.9,28594503
2026-01-07,16.75,16.75,18.0,16.75,17.6,35699266
2026-01-08,15.8,15.8,16.8,15.75,16.75,11540773
2026-01-09,15.65,15.65,16.05,15.3,15.8,5254055
2026-01-12,15.75,15.75,16.2,15.35,15.6,6566733
2026-01-13,15.8,15.8,15.9,15.5,15.8,4015446
2026-01-14,16.45,16.45,16.5,15.85,15.9,7413936
2026-01-15,16.3,16.3,16.45,16.1,16.45,3557937
2026-01-16,16.4,16.4,16.6,16.3,16.5,3614180
2026-01-19,18.0,18.0,18.0,16.25,16.25,17201442
2026-01-20,19.15,19.15,19.8,18.85,19.0,54395921
2026-01-21,21.05,21.05,21.05,19.0,19.15,34663030
2026-01-22,23.15,23.15,23.15,22.6,23.0,33014829
2026-01-23,22.0,22.0,23.9,21.6,23.1,95842120
2026-01-26,24.2,24.2,24.2,22.2,22.2,28686398
2026-01-27,23.55,23.55,24.9,22.85,24.1,64507698
2026-01-28,22.4,22.4,23.0,22.4,23.0,8028840
2026-01-29,21.15,21.15,22.8,21.0,22.75,9542225
2026-01-30,20.3,20.3,21.0,19.4,21.0,10082985
2026-02-02,20.5,20.5,21.2,20.0,20.0,5281223
2026-02-03,21.35,21.35,21.45,21.05,21.2,4125617
2026-02-04,22.8,22.8,22.95,21.35,21.35,5629885
2026-02-05,22.9,22.9,23.6,22.8,22.8,7163113
2026-02-06,22.75,22.75,23.1,21.8,22.9,3699684
2026-02-09,23.75,23.75,24.25,22.4,23.7,10731223
2026-02-10,25.2,25.2,25.25,24.0,24.3,19278312
2026-02-11,27.1,27.1,27.7,23.25,25.85,96536765
2026-02-23,29.8,29.8,29.8,29.8,29.8,15518346
2026-02-24,32.75,32.75,32.75,32.75,32.75,9685038
2026-02-25,36.0,36.0,36.0,36.0,36.0,15019039
2026-02-26,39.6,39.6,39.6,37.75,38.5,57331628
2026-03-02,43.55,43.55,43.55,41.05,41.05,24782182
2026-03-03,40.3,40.3,47.9,39.2,47.9,40407154
2026-03-04,41.5,41.5,42.6,37.95,42.6,17481235
2026-03-05,43.45,43.45,45.65,41.5,45.5,17721757
2026-03-06,43.65,43.65,44.9,42.2,43.45,8053930
2026-03-09,39.3,39.3,39.3,39.3,39.3,2415492
2026-03-10,35.4,35.4,39.0,35.4,39.0,16681452
2026-03-11,37.45,37.45,38.9,37.25,38.9,12871639
2026-03-12,37.6,37.6,38.85,37.1,37.75,6361319
2026-03-13,41.35,41.35,41.35,36.8,36.8,8743411
2026-03-16,41.9,41.9,42.85,40.95,42.85,6431289
2026-03-17,39.9,39.9,44.0,39.0,42.0,9874843
2026-03-18,39.0,39.0,39.9,38.0,39.9,21217860
2026-03-19,42.9,42.9,42.9,39.8,40.35,23086400
2026-03-20,38.65,38.65,47.15,38.65,47.15,145087207
2026-03-23,34.8,34.8,36.1,34.8,34.8,27124787
2026-03-24,31.5,31.5,36.8,31.35,36.45,92688893
2026-03-25,32.6,32.6,34.65,31.5,33.9,100248753
2026-03-26,31.9,31.9,33.1,29.45,32.8,72322697
2026-03-27,35.05,35.05,35.05,31.0,31.4,58295002
2026-03-30,32.7,32.7,35.5,32.1,35.05,72307127
2026-03-31,31.25,31.25,34.15,30.9,32.85,59391833
2026-04-01,33.4,33.4,34.35,32.65,33.0,53627570
2026-04-02,32.2,32.2,34.7,31.8,33.65,50918405
2026-04-07,35.4,35.4,35.4,33.05,33.1,59320644
2026-04-08,38.9,38.9,38.9,38.15,38.45,34718181
2026-04-09,42.75,42.75,42.75,41.0,41.3,63672071
2026-04-10,45.3,45.3,47.0,40.6,44.6,226976023
2026-04-13,47.7,47.7,49.8,46.35,47.05,167988197
2026-04-14,45.7,45.7,47.3,44.2,46.5,93579068
2026-04-15,42.25,42.25,44.0,42.15,44.0,16638492
2026-04-16,44.0,44.0,45.0,42.0,43.3,7212271
2026-04-17,44.65,44.65,46.0,44.4,44.45,5151172
2026-04-20,42.6,42.6,44.95,42.6,44.95,7488102
2026-04-21,44.5,44.5,44.5,41.6,43.5,6949406
2026-04-22,44.1,44.1,44.5,43.1,43.1,4473181
2026-04-23,41.4,41.4,44.75,39.8,44.75,8695547
2026-04-24,38.5,38.5,42.55,38.5,42.3,8268086
2026-04-27,35.25,35.25,37.1,34.65,37.1,14439729
2026-04-28,38.2,38.2,38.75,36.0,37.5,9118316
2026-04-29,42.0,42.0,42.0,37.5,38.85,85451042
2026-04-30,42.1,42.1,45.5,41.5,42.0,108916868
2026-05-04,42.0,42.0,42.8,41.25,42.1,42868114
2026-05-05,46.2,46.2,46.2,40.35,41.55,87302261
2026-05-06,44.4,44.4,48.85,43.55,47.9,129770222
2026-05-07,44.25,44.25,46.2,43.9,44.4,52070919
2026-05-08,41.6,41.6,44.9,41.4,43.8,38356228
2026-05-11,43.0,43.0,43.95,41.6,42.0,25668873
2026-05-12,41.8,41.8,44.8,41.75,42.6,35036984
2026-05-13,41.3,41.3,41.5,40.0,41.0,21240599
2026-05-14,40.55,40.55,42.45,40.25,41.6,24690914
2026-05-15,40.35,40.35,41.4,39.05,40.65,21839336
2026-05-18,39.75,39.75,40.3,37.5,40.3,22810783
2026-05-19,41.5,41.5,42.65,39.5,39.75,33625384
2026-05-20,42.55,42.55,44.0,40.55,41.55,66608667
2026-05-21,46.8,46.8,46.8,43.2,44.3,97194722
2026-05-22,51.4,51.4,51.4,50.7,50.7,29542292
2026-05-25,56.5,56.5,56.5,56.5,56.5,6706560
2026-05-26,51.7,51.7,57.7,50.9,57.5,127851563
2026-05-27,50.7,50.7,53.2,48.3,53.1,80204687
2026-05-28,48.0,48.0,52.8,47.2,50.7,70715115
2026-05-29,49.5,49.5,50.4,48.35,48.6,37165339
2026-06-01,48.65,48.65,50.4,48.65,50.1,31391915
2026-06-02,47.8,47.8,50.8,47.15,49.7,31703123
2026-06-03,50.1,50.1,52.5,48.5,48.5,76506592
2026-06-04,49.05,49.05,49.4,48.0,49.1,24152094
2026-06-05,48.4,48.4,49.3,46.2,48.0,24065334
2026-06-08,43.6,43.6,43.6,43.6,43.6,7072317
2026-06-09,44.25,44.25,44.6,42.15,43.65,30088278
2026-06-10,40.8,40.8,45.0,40.7,43.6,26669274
2026-06-11,41.0,41.0,42.5,39.5,40.9,21619785
2026-06-12,41.65,41.65,43.4,41.65,42.8,12526057
2026-06-15,45.0,45.0,45.8,42.45,42.7,23640893
2026-06-16,45.9,45.9,49.5,45.45,45.5,64134727
2026-06-17,48.6,48.6,49.6,45.5,46.0,59390344
2026-06-18,48.15,48.15,49.2,47.7,49.0,27365297
2026-06-22,50.7,50.7,51.9,48.2,48.25,62617576
2026-06-23,47.35,47.35,51.2,47.35,51.1,37518158
2026-06-24,47.1,47.1,48.75,46.15,46.2,20137779
2026-06-25,46.1,46.1,48.3,46.05,47.4,13908784
2026-06-26,42.15,42.15,46.9,42.0,46.0,21674715
2026-06-29,42.35,42.35,43.5,41.5,43.0,10019702
2026-06-30,43.3,43.3,43.9,42.55,43.1,8870760
2026-07-01,40.9,40.9,45.0,40.8,44.0,24586960
2026-07-02,41.6,41.6,42.1,39.6,40.2,12426312
2026-07-03,41.7,41.7,42.0,40.55,40.8,6716610
2026-07-06,41.05,41.05,42.6,41.0,42.0,9588306
2026-07-07,39.05,39.05,42.25,38.4,41.25,18309173
2026-07-08,38.65,38.65,39.25,37.9,39.1,8860241
2026-07-09,38.4,38.4,39.35,38.2,39.05,6679770
2026-07-13,38.25,38.25,40.3,36.5,39.0,15069853
2026-07-14,36.0,36.0,39.25,34.45,38.35,17062299
2026-07-15,36.6,36.6,37.2,35.8,36.8,7087899
2026-07-16,35.2,35.2,36.65,35.15,36.6,6197417
2026-07-17,32.15,32.15,34.5,32.05,34.4,14492969
2026-07-20,30.6,30.6,32.3,29.5,32.0,13173196
2026-07-21,30.65,30.65,31.5,30.25,31.5,8837038
2026-07-22,31.6,31.6,32.2,31.05,31.5,6020880
2026-07-23,31.75,31.75,32.85,31.1,32.0,6276773
2026-07-24,30.1,30.1,31.6,30.0,31.4,5667385
2026-07-27,30.05,30.05,30.3,28.9,30.1,8236139
2026-07-28,27.45,27.45,29.2,27.4,29.2,12989188
2026-07-29,26.1,26.1,27.8,24.8,27.45,15446599
2026-07-30,24.5,24.5,26.6,24.05,25.2,10446822
2026-07-31,26.7,26.7,26.95,25.95,26.75,9197797
2026-08-03,27.9,27.9,28.1,26.3,26.65,7320408
2026-08-04,30.1,30.1,30.25,27.45,27.9,9912361
2026-08-05,33.1,33.1,33.1,31.0,31.15,23176014
2026-08-06,31.7,31.7,33.05,30.5,33.05,27452473
2026-08-07,30.85,30.85,33.0,30.75,32.15,11665574
2026-08-10,33.4,33.4,33.7,31.75,31.9,15376279
2026-08-11,32.75,32.75,33.7,32.3,33.4,10489835
2026-08-12,33.0,33.0,33.3,32.75,33.05,6908475
2026-08-13,32.0,32.0,33.55,32.0,33.3,8329012
2026-08-14,31.5,31.5,32.35,31.15,32.3,6469037
2026-08-17,32.2,32.2,32.25,30.8,31.5,7113565
2026-08-18,31.1,31.1,32.45,30.8,32.4,5084589
2026-08-19,31.3,31.3,31.8,30.2,30.45,6924856
2026-08-20,32.45,32.45,32.6,30.7,31.55,6409997
2026-08-21,35.65,35.65,35.65,33.0,33.0,35363872
2026-08-24,36.9,36.9,39.2,36.85,37.65,70237701
2026-08-25,40.55,40.55,40.55,34.5,36.15,70188294
2026-08-26,41.5,41.5,43.5,40.7,40.9,127754504
2026-08-27,40.05,40.05,42.35,39.8,40.5,50360417
