,Adj Close,Close,High,Low,Open,Volume,Dividends,Stock Splits
2020-01-02,12.808137893676758,14.963485717773438,15.28979206085205,14.823639869689941,14.963485717773438,445872,,
2020-01-03,12.927838325500488,15.103330612182617,15.149947166442871,15.010101318359375,15.103330612182617,324713,,
2020-01-06,12.927838325500488,15.103330612182617,15.149947166442871,14.963485717773438,15.103330612182617,256861,,
2020-01-07,12.927838325500488,15.103330612182617,15.103330612182617,15.010101318359375,15.103330612182617,483351,,
2020-01-08,12.967741966247559,15.149947166442871,15.196561813354492,14.963485717773438,15.103330612182617,164754,,
2020-01-09,12.967741966247559,15.149947166442871,15.196561813354492,14.963485717773438,15.149947166442871,250303,,
2020-01-10,13.007641792297363,15.196561813354492,15.196561813354492,15.056715965270996,15.149947166442871,133616,,
2020-01-13,13.047544479370117,15.24317741394043,15.24317741394043,15.056715965270996,15.196561813354492,239004,,
2020-01-14,13.047544479370117,15.24317741394043,15.28979206085205,15.196561813354492,15.24317741394043,49481,,
2020-01-15,13.007641792297363,15.196561813354492,15.28979206085205,15.149947166442871,15.28979206085205,57061,,
2020-01-16,13.127345085144043,15.336407661437988,15.383023262023926,15.196561813354492,15.28979206085205,195756,,
2020-01-17,13.247045516967773,15.476252555847168,15.61609935760498,15.196561813354492,15.336407661437988,481607,,
2020-01-20,13.366748809814453,15.61609935760498,15.709328651428223,15.476252555847168,15.476252555847168,220879,,
2020-01-30,12.848038673400879,15.010101318359375,15.383023262023926,14.916871070861816,15.383023262023926,179670,,
2020-01-31,13.207144737243652,15.429637908935547,15.709328651428223,15.24317741394043,15.24317741394043,213998,,
2020-02-03,12.887939453125,15.056715965270996,15.383023262023926,15.056715965270996,15.28979206085205,191144,,
2020-02-04,13.087443351745605,15.28979206085205,15.28979206085205,14.916871070861816,14.916871070861816,63913,,
2020-02-05,13.366748809814453,15.61609935760498,16.03563690185547,15.149947166442871,15.196561813354492,285320,,
2020-02-06,13.646053314208984,15.942404747009277,15.942404747009277,15.569483757019043,15.569483757019043,224080,,
2020-02-07,13.366748809814453,15.61609935760498,15.942404747009277,15.569483757019043,15.942404747009277,135767,,
2020-02-10,13.16724681854248,15.383023262023926,15.569483757019043,15.336407661437988,15.569483757019043,73024,,
2020-02-11,13.207144737243652,15.429637908935547,15.522868156433105,15.28979206085205,15.476252555847168,74530,,
2020-02-12,13.247045516967773,15.476252555847168,15.522868156433105,15.383023262023926,15.429637908935547,22193,,
2020-02-13,13.127345085144043,15.336407661437988,15.476252555847168,15.28979206085205,15.476252555847168,127657,,
2020-02-14,13.486451148986816,15.755945205688477,15.755945205688477,15.336407661437988,15.336407661437988,123876,,
2020-02-17,13.646053314208984,15.942404747009277,15.942404747009277,15.709328651428223,15.755945205688477,170580,,
2020-02-18,13.765755653381348,16.082250595092773,16.12886619567871,15.942404747009277,15.942404747009277,170143,,
2020-02-19,13.805657386779785,16.12886619567871,16.12886619567871,16.082250595092773,16.082250595092773,119462,,
2020-02-20,13.805657386779785,16.12886619567871,16.222097396850586,16.03563690185547,16.12886619567871,112102,,
2020-02-21,13.885459899902344,16.222097396850586,16.315326690673828,16.082250595092773,16.17548179626465,174168,,
2020-02-24,13.725854873657227,16.03563690185547,16.26871109008789,15.849175453186035,16.26871109008789,151772,,
2020-02-25,13.765755653381348,16.082250595092773,16.082250595092773,15.755945205688477,15.755945205688477,34886,,
2020-02-26,13.685956001281738,15.989021301269531,16.03563690185547,15.849175453186035,16.03563690185547,39735,,
2020-02-27,13.685956001281738,15.989021301269531,15.989021301269531,15.755945205688477,15.989021301269531,153707,,
2020-03-02,13.646053314208984,15.942404747009277,16.082250595092773,15.895790100097656,15.942404747009277,99791,,
2020-03-03,13.725854873657227,16.03563690185547,16.03563690185547,15.942404747009277,16.03563690185547,46947,,
2020-03-04,13.685956001281738,15.989021301269531,16.082250595092773,15.895790100097656,16.082250595092773,56419,,
2020-03-05,13.685956001281738,15.989021301269531,16.03563690185547,15.895790100097656,16.03563690185547,87973,,
2020-03-06,13.606152534484863,15.895790100097656,15.989021301269531,15.895790100097656,15.989021301269531,54968,,
2020-03-09,13.526352882385254,15.802559852600098,15.849175453186035,15.569483757019043,15.849175453186035,291854,,
2020-03-10,13.366748809814453,15.61609935760498,15.662714004516602,15.522868156433105,15.662714004516602,179294,,
2020-03-11,13.286948204040527,15.522868156433105,15.755945205688477,15.522868156433105,15.61609935760498,126658,,
2020-03-12,12.887939453125,15.056715965270996,15.429637908935547,14.916871070861816,15.429637908935547,610330,,
2020-03-13,13.007641792297363,15.196561813354492,15.196561813354492,14.031181335449219,14.264257431030273,355147,,
2020-03-16,13.007641792297363,15.196561813354492,15.196561813354492,14.77702522277832,15.056715965270996,101254,,
2020-03-17,12.927838325500488,15.103330612182617,15.103330612182617,14.310873031616211,14.310873031616211,225345,,
2020-03-18,12.887939453125,15.056715965270996,15.103330612182617,14.730409622192383,14.77702522277832,443386,,
2020-03-19,12.768238067626953,14.916871070861816,14.916871070861816,14.077796936035156,14.916871070861816,809332,,
2020-03-20,12.768238067626953,14.916871070861816,15.056715965270996,14.683794021606445,14.683794021606445,169263,,
2020-03-23,12.768238067626953,14.916871070861816,14.916871070861816,14.543949127197266,14.637179374694824,70584,,
2020-03-24,12.768238067626953,14.916871070861816,14.916871070861816,14.683794021606445,14.730409622192383,1446082,,
2020-03-25,12.728337287902832,14.870255470275879,15.056715965270996,14.77702522277832,14.916871070861816,140726,,
2020-03-26,12.728337287902832,14.870255470275879,14.870255470275879,14.730409622192383,14.77702522277832,99026,,
2020-03-27,12.568733215332031,14.683794021606445,14.963485717773438,14.590563774108887,14.870255470275879,484441,,
2020-03-30,12.568733215332031,14.683794021606445,14.683794021606445,14.45071792602539,14.497333526611328,309453,,
2020-03-31,12.409131050109863,14.497333526611328,14.683794021606445,14.497333526611328,14.683794021606445,787350,,
2020-04-01,12.409131050109863,14.497333526611328,14.590563774108887,14.40410327911377,14.590563774108887,344659,,
2020-04-06,12.369231224060059,14.45071792602539,14.497333526611328,14.264257431030273,14.497333526611328,264759,,
2020-04-07,12.369231224060059,14.45071792602539,14.45071792602539,14.264257431030273,14.45071792602539,133873,,
2020-04-08,12.369231224060059,14.45071792602539,14.45071792602539,14.357487678527832,14.45071792602539,50438,,
2020-04-09,12.409131050109863,14.497333526611328,14.497333526611328,14.357487678527832,14.45071792602539,75534,,
2020-04-10,12.449030876159668,14.543949127197266,14.543949127197266,14.357487678527832,14.497333526611328,160091,,
2020-04-13,12.449030876159668,14.543949127197266,14.730409622192383,14.497333526611328,14.730409622192383,128839,,
2020-04-14,12.528833389282227,14.637179374694824,14.637179374694824,14.497333526611328,14.543949127197266,320587,,
2020-04-15,13.646053314208984,15.942404747009277,16.082250595092773,14.637179374694824,14.683794021606445,495739,,
2020-04-16,12.927838325500488,15.103330612182617,15.61609935760498,15.103330612182617,15.61609935760498,356318,,
2020-04-17,12.768238067626953,14.916871070861816,15.383023262023926,14.916871070861816,15.196561813354492,326214,,
2020-04-20,12.608634948730469,14.730409622192383,15.196561813354492,14.730409622192383,14.963485717773438,3904622,,
2020-04-21,12.927838325500488,15.103330612182617,15.476252555847168,14.823639869689941,14.870255470275879,358509,,
2020-04-22,13.047544479370117,15.24317741394043,15.476252555847168,15.149947166442871,15.149947166442871,181579,,
2020-04-23,12.648536682128906,14.77702522277832,15.24317741394043,14.77702522277832,15.196561813354492,402409,,
2020-04-24,12.488932609558105,14.590563774108887,14.823639869689941,14.590563774108887,14.77702522277832,138690,,
2020-04-27,12.688437461853027,14.823639869689941,14.823639869689941,14.637179374694824,14.637179374694824,127982,,
2020-04-28,12.528833389282227,14.637179374694824,14.77702522277832,14.637179374694824,14.77702522277832,151068,,
2020-04-29,13.087443351745605,15.28979206085205,15.476252555847168,14.730409622192383,14.77702522277832,315370,,
2020-04-30,14.284467697143555,16.688249588012695,16.781478881835938,16.315326690673828,16.59501838684082,2308596,,
2020-05-04,13.326848030090332,15.569483757019043,16.781478881835938,15.28979206085205,16.688249588012695,1076840,,
2020-05-05,13.326848030090332,15.569483757019043,16.17548179626465,15.383023262023926,15.383023262023926,308880,,
2020-05-06,13.007641792297363,15.196561813354492,15.755945205688477,15.196561813354492,15.709328651428223,504699,,
2020-05-07,13.007641792297363,15.196561813354492,15.24317741394043,15.149947166442871,15.24317741394043,140436,,
2020-05-08,12.967741966247559,15.149947166442871,15.24317741394043,15.056715965270996,15.24317741394043,208784,,
2020-05-11,12.808137893676758,14.963485717773438,15.196561813354492,14.963485717773438,15.196561813354492,334773,,
2020-05-12,12.808137893676758,14.963485717773438,15.010101318359375,14.683794021606445,15.010101318359375,527115,,
2020-05-13,12.648536682128906,14.77702522277832,14.916871070861816,14.77702522277832,14.916871070861816,237128,,
2020-05-14,12.688437461853027,14.823639869689941,15.056715965270996,14.77702522277832,14.77702522277832,215867,,
2020-05-15,12.967741966247559,15.149947166442871,15.149947166442871,14.823639869689941,14.916871070861816,155665,,
2020-05-18,13.406649589538574,15.662714004516602,15.802559852600098,15.149947166442871,15.149947166442871,368080,,
2020-05-19,13.406649589538574,15.662714004516602,16.03563690185547,15.569483757019043,15.755945205688477,372465,,
2020-05-20,13.247045516967773,15.476252555847168,15.755945205688477,15.476252555847168,15.755945205688477,185703,,
2020-05-21,12.967741966247559,15.149947166442871,15.476252555847168,15.149947166442871,15.476252555847168,328276,,
2020-05-22,12.728337287902832,14.870255470275879,15.196561813354492,14.870255470275879,15.103330612182617,262141,,
2020-05-25,12.927838325500488,15.103330612182617,15.149947166442871,14.730409622192383,14.916871070861816,189752,,
2020-05-26,12.887939453125,15.056715965270996,15.336407661437988,15.010101318359375,15.010101318359375,379707,,
2020-05-27,13.047544479370117,15.24317741394043,15.383023262023926,15.010101318359375,15.010101318359375,374877,,
2020-05-28,13.047544479370117,15.24317741394043,15.336407661437988,15.056715965270996,15.336407661437988,295043,,
2020-05-29,12.808137893676758,14.963485717773438,15.24317741394043,14.916871070861816,15.103330612182617,626161,,
2020-06-01,12.967741966247559,15.149947166442871,15.149947166442871,14.963485717773438,14.963485717773438,358372,,
2020-06-02,12.927838325500488,15.103330612182617,15.149947166442871,14.823639869689941,15.149947166442871,516959,,
2020-06-03,12.967741966247559,15.149947166442871,15.149947166442871,15.010101318359375,15.103330612182617,244612,,
2020-06-04,12.967741966247559,15.149947166442871,15.28979206085205,15.149947166442871,15.196561813354492,271897,,
2020-06-05,13.486451148986816,15.755945205688477,15.849175453186035,15.149947166442871,15.149947166442871,825375,,
2020-06-08,13.805657386779785,16.12886619567871,16.781478881835938,15.849175453186035,15.989021301269531,914174,,
2020-06-09,13.646053314208984,15.942404747009277,16.408557891845703,15.849175453186035,16.408557891845703,816794,,
2020-06-10,13.366748809814453,15.61609935760498,15.895790100097656,15.569483757019043,15.895790100097656,429631,,
2020-06-11,13.047544479370117,15.24317741394043,16.17548179626465,15.149947166442871,16.17548179626465,530309,,
2020-06-12,13.207144737243652,15.429637908935547,15.429637908935547,15.010101318359375,15.010101318359375,2235702,,
2020-06-15,13.406649589538574,15.662714004516602,15.662714004516602,15.383023262023926,15.476252555847168,350101,,
2020-06-16,14.045063018798828,16.408557891845703,16.408557891845703,15.662714004516602,15.662714004516602,657086,,
2020-06-17,14.045063018798828,16.408557891845703,17.014556884765625,16.408557891845703,16.59501838684082,883719,,
2020-06-18,14.124861717224121,16.501787185668945,16.59501838684082,16.408557891845703,16.45517349243164,543172,,
2020-06-19,14.523869514465332,16.967939376831055,17.107786178588867,16.408557891845703,16.548402786254883,1050904,,
2020-06-22,14.683472633361816,17.154401779174805,17.713783264160156,16.967939376831055,17.713783264160156,1359928,,
2020-06-23,14.244565963745117,16.641633987426758,17.340862274169922,16.45517349243164,17.340862274169922,1088897,,
2020-06-24,14.324366569519043,16.73486328125,17.52732276916504,16.222097396850586,17.52732276916504,1954402,,
2020-06-29,13.725854873657227,16.03563690185547,16.641633987426758,16.03563690185547,16.641633987426758,635202,,
2020-06-30,13.646053314208984,15.942404747009277,16.26871109008789,15.849175453186035,16.222097396850586,1068270,,
2020-07-01,13.646053314208984,15.942404747009277,16.17548179626465,15.802559852600098,16.082250595092773,622569,,
2020-07-02,13.646053314208984,15.942404747009277,16.082250595092773,15.849175453186035,16.082250595092773,442598,,
2020-07-03,13.326848030090332,15.569483757019043,15.942404747009277,15.569483757019043,15.942404747009277,723585,,
2020-07-06,13.925359725952148,16.26871109008789,16.408557891845703,15.61609935760498,15.662714004516602,882496,,
2020-07-07,13.685956001281738,15.989021301269531,16.361942291259766,15.989021301269531,16.26871109008789,557438,,
2020-07-08,13.725854873657227,16.03563690185547,16.12886619567871,15.849175453186035,15.895790100097656,368362,,
2020-07-09,13.646053314208984,15.942404747009277,16.222097396850586,15.802559852600098,16.222097396850586,418627,,
2020-07-10,13.326848030090332,15.569483757019043,15.802559852600098,15.522868156433105,15.802559852600098,516767,,
2020-07-13,13.446551322937012,15.709328651428223,15.849175453186035,15.61609935760498,15.662714004516602,244425,,
2020-07-14,13.366748809814453,15.61609935760498,15.849175453186035,15.522868156433105,15.849175453186035,279567,,
2020-07-15,13.16724681854248,15.383023262023926,15.61609935760498,15.28979206085205,15.61609935760498,454440,,
2020-07-16,13.16724681854248,15.383023262023926,15.476252555847168,15.383023262023926,15.429637908935547,200746,,
2020-07-17,13.16724681854248,15.383023262023926,15.522868156433105,15.24317741394043,15.429637908935547,348694,,
2020-07-20,13.047544479370117,15.24317741394043,15.429637908935547,15.196561813354492,15.383023262023926,332022,,
2020-07-21,13.047544479370117,15.24317741394043,15.383023262023926,15.149947166442871,15.24317741394043,397357,,
2020-07-22,13.087443351745605,15.28979206085205,15.336407661437988,15.103330612182617,15.149947166442871,288536,,
2020-07-23,13.047544479370117,15.24317741394043,15.28979206085205,15.196561813354492,15.28979206085205,134805,,
2020-07-24,12.808137893676758,14.963485717773438,15.24317741394043,14.963485717773438,15.24317741394043,405645,,
2020-07-27,12.808137893676758,14.963485717773438,15.056715965270996,14.916871070861816,15.010101318359375,242411,,
2020-07-28,12.648536682128906,14.77702522277832,15.010101318359375,14.637179374694824,15.010101318359375,381874,,
2020-07-29,12.688437461853027,14.823639869689941,14.870255470275879,14.730409622192383,14.730409622192383,269540,,
2020-07-30,12.927838325500488,15.103330612182617,15.429637908935547,14.730409622192383,14.870255470275879,525142,,
2020-07-31,13.208881378173828,15.336407661437988,15.383023262023926,14.870255470275879,14.916871070861816,344893,,
2020-08-03,13.449772834777832,15.61609935760498,15.662714004516602,15.24317741394043,15.336407661437988,550400,,
2020-08-04,13.369476318359375,15.522868156433105,15.61609935760498,15.429637908935547,15.522868156433105,145388,,
2020-08-05,13.168731689453125,15.28979206085205,15.476252555847168,15.056715965270996,15.383023262023926,463591,,
2020-08-06,13.208881378173828,15.336407661437988,15.336407661437988,15.103330612182617,15.28979206085205,197897,,
2020-08-07,13.088435173034668,15.196561813354492,15.28979206085205,15.056715965270996,15.196561813354492,290680,,
2020-08-10,12.927840232849121,15.010101318359375,15.196561813354492,15.010101318359375,15.103330612182617,256904,,
2020-08-11,12.967988967895508,15.056715965270996,15.149947166442871,15.010101318359375,15.010101318359375,214124,,
2020-08-12,12.927840232849121,15.010101318359375,15.056715965270996,14.870255470275879,15.056715965270996,284075,,
2020-08-13,12.88769245147705,14.963485717773438,15.010101318359375,14.916871070861816,15.010101318359375,237055,,
2020-08-14,13.449772834777832,15.61609935760498,15.802559852600098,14.963485717773438,14.963485717773438,526126,,
2020-08-17,13.168731689453125,15.28979206085205,15.662714004516602,15.28979206085205,15.569483757019043,377501,,
2020-08-18,13.128584861755371,15.24317741394043,15.336407661437988,15.103330612182617,15.149947166442871,481826,,
2020-08-19,13.048288345336914,15.149947166442871,15.336407661437988,15.103330612182617,15.28979206085205,659655,,
2020-08-20,13.008135795593262,15.103330612182617,15.149947166442871,14.730409622192383,15.056715965270996,773245,,
2020-08-21,13.008135795593262,15.103330612182617,15.149947166442871,14.823639869689941,15.056715965270996,733699,,
2020-08-24,12.807395935058594,14.870255470275879,15.056715965270996,14.823639869689941,14.963485717773438,1202165,,
2020-08-25,12.84754467010498,14.916871070861816,15.010101318359375,14.730409622192383,14.916871070861816,1063364,,
2020-08-26,12.88769245147705,14.963485717773438,15.010101318359375,14.77702522277832,14.916871070861816,980482,,
2020-08-27,12.807395935058594,14.870255470275879,14.963485717773438,14.823639869689941,14.870255470275879,907717,,
2020-08-28,12.84754467010498,14.916871070861816,14.963485717773438,14.823639869689941,14.916871070861816,432867,,
2020-08-31,12.84754467010498,14.916871070861816,14.963485717773438,14.823639869689941,14.963485717773438,618646,,
2020-09-01,12.76724624633789,14.823639869689941,14.916871070861816,14.77702522277832,14.870255470275879,591754,,
2020-09-02,12.686949729919434,14.730409622192383,14.916871070861816,14.730409622192383,14.916871070861816,547024,,
2020-09-03,12.76724624633789,14.823639869689941,14.916871070861816,14.730409622192383,14.77702522277832,559465,,
2020-09-04,12.686949729919434,14.730409622192383,15.010101318359375,14.637179374694824,14.823639869689941,979503,,
2020-09-07,12.686949729919434,14.730409622192383,14.823639869689941,14.637179374694824,14.77702522277832,425395,,
2020-09-08,12.60665225982666,14.637179374694824,14.916871070861816,14.543949127197266,14.823639869689941,654986,,
2020-09-09,12.646800994873047,14.683794021606445,14.730409622192383,14.590563774108887,14.730409622192383,303793,,
2020-09-10,12.807395935058594,14.870255470275879,14.916871070861816,14.637179374694824,14.77702522277832,312907,,
2020-09-11,12.76724624633789,14.823639869689941,14.870255470275879,14.730409622192383,14.870255470275879,166509,,
2020-09-14,12.76724624633789,14.823639869689941,14.823639869689941,14.730409622192383,14.823639869689941,397178,,
2020-09-15,12.646800994873047,14.683794021606445,14.77702522277832,14.637179374694824,14.77702522277832,700458,,
2020-09-16,12.727099418640137,14.77702522277832,14.77702522277832,14.683794021606445,14.683794021606445,256598,,
2020-09-17,12.686949729919434,14.730409622192383,14.823639869689941,14.590563774108887,14.77702522277832,655075,,
2020-09-18,12.686949729919434,14.730409622192383,14.730409622192383,14.543949127197266,14.730409622192383,568179,,
2020-09-21,12.76724624633789,14.823639869689941,14.870255470275879,14.730409622192383,14.730409622192383,754386,,
2020-09-22,12.646800994873047,14.683794021606445,14.823639869689941,14.45071792602539,14.730409622192383,1314489,,
2020-09-23,12.446059226989746,14.45071792602539,14.730409622192383,14.40410327911377,14.730409622192383,563771,,
2020-09-24,12.044571876525879,13.984565734863281,14.357487678527832,13.984565734863281,14.264257431030273,705163,,
2020-09-25,12.245315551757812,14.217641830444336,14.497333526611328,14.031181335449219,14.031181335449219,464918,,
2020-09-28,12.40591049194336,14.40410327911377,14.40410327911377,14.264257431030273,14.357487678527832,150280,,
2020-09-29,12.446059226989746,14.45071792602539,14.497333526611328,14.310873031616211,14.40410327911377,381681,,
2020-09-30,12.486207008361816,14.497333526611328,14.497333526611328,14.357487678527832,14.45071792602539,239195,,
2020-10-05,12.727099418640137,14.77702522277832,15.010101318359375,14.45071792602539,14.45071792602539,809969,,
2020-10-06,12.727099418640137,14.77702522277832,14.916871070861816,14.77702522277832,14.870255470275879,318173,,
2020-10-07,12.76724624633789,14.823639869689941,14.823639869689941,14.637179374694824,14.730409622192383,239196,,
2020-10-08,12.686949729919434,14.730409622192383,14.77702522277832,14.45071792602539,14.730409622192383,497150,,
2020-10-12,12.646800994873047,14.683794021606445,14.77702522277832,14.590563774108887,14.77702522277832,327385,,
2020-10-13,12.566503524780273,14.590563774108887,14.683794021606445,14.45071792602539,14.637179374694824,443197,,
2020-10-14,12.36575984954834,14.357487678527832,14.637179374694824,14.264257431030273,14.590563774108887,753411,,
2020-10-15,12.325613021850586,14.310873031616211,14.40410327911377,14.264257431030273,14.357487678527832,253684,,
2020-10-16,12.446059226989746,14.45071792602539,14.45071792602539,14.264257431030273,14.40410327911377,469251,,
2020-10-19,12.285463333129883,14.264257431030273,14.45071792602539,14.264257431030273,14.45071792602539,431835,,
2020-10-20,12.285463333129883,14.264257431030273,14.264257431030273,14.077796936035156,14.264257431030273,425908,,
2020-10-21,12.285463333129883,14.264257431030273,14.264257431030273,13.984565734863281,14.217641830444336,976796,,
2020-10-22,12.285463333129883,14.264257431030273,14.264257431030273,13.984565734863281,14.264257431030273,1772383,,
2020-10-23,12.285463333129883,14.264257431030273,14.264257431030273,14.077796936035156,14.217641830444336,1160910,,
2020-10-26,12.325613021850586,14.310873031616211,14.45071792602539,14.217641830444336,14.217641830444336,307106,,
2020-10-27,12.446059226989746,14.45071792602539,14.45071792602539,14.264257431030273,14.357487678527832,292132,,
2020-10-28,12.40591049194336,14.40410327911377,14.543949127197266,14.264257431030273,14.543949127197266,526630,,
2020-10-29,12.325613021850586,14.310873031616211,14.40410327911377,14.217641830444336,14.357487678527832,557770,,
2020-10-30,12.40591049194336,14.40410327911377,14.45071792602539,14.264257431030273,14.310873031616211,2567443,,
2020-11-02,12.36575984954834,14.357487678527832,14.497333526611328,14.264257431030273,14.310873031616211,593153,,
2020-11-03,12.40591049194336,14.40410327911377,14.45071792602539,14.264257431030273,14.310873031616211,2569700,,
2020-11-04,12.325613021850586,14.310873031616211,14.45071792602539,14.264257431030273,14.45071792602539,2010765,,
2020-11-05,12.325613021850586,14.310873031616211,14.357487678527832,14.264257431030273,14.310873031616211,3559245,,
2020-11-06,12.285463333129883,14.264257431030273,14.40410327911377,14.264257431030273,14.310873031616211,1306081,,
2020-11-09,12.325613021850586,14.310873031616211,14.45071792602539,14.217641830444336,14.357487678527832,3856867,,
2020-11-10,12.36575984954834,14.357487678527832,14.357487678527832,14.171027183532715,14.310873031616211,3130478,,
2020-11-11,12.205164909362793,14.171027183532715,14.45071792602539,14.171027183532715,14.357487678527832,2399971,,
2020-11-12,12.285463333129883,14.264257431030273,14.310873031616211,14.124411582946777,14.217641830444336,8261276,,
2020-11-13,12.165017127990723,14.124411582946777,14.40410327911377,14.077796936035156,14.264257431030273,3342369,,
2020-11-16,12.124870300292969,14.077796936035156,14.217641830444336,13.984565734863281,14.171027183532715,2711299,,
2020-11-17,11.924126625061035,13.844719886779785,14.124411582946777,13.47179889678955,14.077796936035156,8104191,,
2020-11-18,12.084721565246582,14.031181335449219,14.031181335449219,13.844719886779785,13.844719886779785,1229958,,
2020-11-19,12.617693901062012,14.649999618530273,14.75,14.25,14.5,2477873,,
2020-11-20,12.445440292358398,14.449999809265137,14.649999618530273,14.449999809265137,14.649999618530273,977151,,
2020-11-23,12.53156852722168,14.550000190734863,14.550000190734863,14.399999618530273,14.5,1190003,,
2020-11-24,12.617693901062012,14.649999618530273,14.75,14.5,14.5,1381327,,
2020-11-25,12.53156852722168,14.550000190734863,14.649999618530273,14.5,14.649999618530273,1597098,,
2020-11-26,12.53156852722168,14.550000190734863,14.649999618530273,14.5,14.649999618530273,1132800,,
2020-11-27,13.780417442321777,16.0,16.0,14.649999618530273,14.649999618530273,6329517,,
2020-11-30,13.048331260681152,15.149999618530273,16.100000381469727,15.0,16.0,6574382,,
2020-12-01,12.703821182250977,14.75,15.350000381469727,14.649999618530273,15.300000190734863,1848760,,
2020-12-02,12.273183822631836,14.25,14.75,14.199999809265137,14.75,4632001,,
2020-12-03,12.273183822631836,14.25,14.25,13.949999809265137,14.25,2677417,,
2020-12-04,12.187056541442871,14.149999618530273,14.300000190734863,14.100000381469727,14.300000190734863,2142301,,
2020-12-07,12.014801979064941,13.949999809265137,14.199999809265137,13.899999618530273,14.199999809265137,2789668,,
2020-12-08,11.971736907958984,13.899999618530273,14.050000190734863,13.699999809265137,13.899999618530273,2412912,,
2020-12-09,11.71335506439209,13.600000381469727,13.949999809265137,13.5,13.949999809265137,3329642,,
2020-12-10,12.230119705200195,14.199999809265137,14.449999809265137,13.600000381469727,13.600000381469727,2222658,,
2020-12-11,12.230119705200195,14.199999809265137,14.350000381469727,14.100000381469727,14.100000381469727,2044412,,
2020-12-14,12.359312057495117,14.350000381469727,14.350000381469727,14.100000381469727,14.199999809265137,815999,,
2020-12-15,12.187056541442871,14.149999618530273,14.300000190734863,14.100000381469727,14.25,910359,,
2020-12-16,12.014801979064941,13.949999809265137,14.350000381469727,13.949999809265137,14.149999618530273,2629802,,
2020-12-17,11.756418228149414,13.649999618530273,13.850000381469727,13.5,13.75,15217778,,
2020-12-18,12.057865142822266,14.0,14.100000381469727,13.649999618530273,13.649999618530273,6391767,,
2020-12-21,12.187056541442871,14.149999618530273,14.199999809265137,13.899999618530273,14.0,3246274,,
2020-12-22,12.316247940063477,14.300000190734863,14.649999618530273,14.149999618530273,14.149999618530273,3991930,,
2020-12-23,12.273183822631836,14.25,14.350000381469727,14.149999618530273,14.25,1308719,,
2020-12-24,12.316247940063477,14.300000190734863,14.5,14.25,14.5,1795503,,
2020-12-25,12.230119705200195,14.199999809265137,14.350000381469727,14.100000381469727,14.350000381469727,1052834,,
2020-12-28,12.100930213928223,14.050000190734863,14.25,14.0,14.199999809265137,1939430,,
2020-12-29,12.100930213928223,14.050000190734863,14.100000381469727,14.0,14.0,2221223,,
2020-12-30,12.057865142822266,14.0,14.100000381469727,13.899999618530273,14.0,2698627,,
2020-12-31,12.100930213928223,14.050000190734863,14.199999809265137,14.050000190734863,14.050000190734863,742095,,
2021-01-04,12.143993377685547,14.100000381469727,14.100000381469727,14.0,14.050000190734863,1017154,,
2021-01-05,12.100930213928223,14.050000190734863,14.149999618530273,14.0,14.100000381469727,882579,,
2021-01-06,12.014801979064941,13.949999809265137,14.100000381469727,13.949999809265137,14.050000190734863,1417707,,
2021-01-07,12.057865142822266,14.0,14.050000190734863,14.0,14.0,2354394,,
2021-01-08,12.014801979064941,13.949999809265137,14.050000190734863,13.949999809265137,14.050000190734863,1625595,,
2021-01-11,12.014801979064941,13.949999809265137,14.100000381469727,13.899999618530273,14.0,1508225,,
2021-01-12,11.928674697875977,13.850000381469727,14.0,13.850000381469727,14.0,1502580,,
2021-01-13,11.799483299255371,13.699999809265137,13.949999809265137,13.699999809265137,13.850000381469727,2681868,,
2021-01-14,11.799483299255371,13.699999809265137,13.800000190734863,13.699999809265137,13.699999809265137,816686,,
2021-01-15,11.71335506439209,13.600000381469727,13.699999809265137,13.550000190734863,13.699999809265137,981292,,
2021-01-18,11.756418228149414,13.649999618530273,13.699999809265137,13.600000381469727,13.649999618530273,877195,,
2021-01-19,11.756418228149414,13.649999618530273,13.699999809265137,13.550000190734863,13.600000381469727,856501,,
2021-01-20,11.67029094696045,13.550000190734863,13.699999809265137,13.550000190734863,13.649999618530273,1121097,,
2021-01-21,11.67029094696045,13.550000190734863,13.649999618530273,13.5,13.550000190734863,1260408,,
2021-01-22,11.627226829528809,13.5,13.600000381469727,13.449999809265137,13.600000381469727,1568020,,
2021-01-25,11.627226829528809,13.5,13.550000190734863,13.449999809265137,13.5,1455661,,
2021-01-26,11.584163665771484,13.449999809265137,13.5,13.449999809265137,13.5,893717,,
2021-01-27,11.541098594665527,13.399999618530273,13.5,13.399999618530273,13.449999809265137,619814,,
2021-01-28,11.627226829528809,13.5,13.5,13.350000381469727,13.399999618530273,934319,,
2021-01-29,11.584163665771484,13.449999809265137,13.5,13.399999618530273,13.449999809265137,565642,,
2021-02-01,11.842545509338379,13.75,13.949999809265137,13.5,13.5,1284144,,
2021-02-02,11.928674697875977,13.850000381469727,13.899999618530273,13.75,13.75,615193,,
2021-02-03,12.100930213928223,14.050000190734863,14.050000190734863,13.800000190734863,13.800000190734863,701909,,
2021-02-04,12.143993377685547,14.100000381469727,14.149999618530273,13.949999809265137,13.949999809265137,851501,,
2021-02-05,12.057865142822266,14.0,14.100000381469727,14.0,14.100000381469727,667657,,
2021-02-17,12.187056541442871,14.149999618530273,14.199999809265137,14.050000190734863,14.100000381469727,1206934,,
2021-02-18,12.316247940063477,14.300000190734863,14.300000190734863,14.149999618530273,14.149999618530273,706740,,
2021-02-19,12.230119705200195,14.199999809265137,14.399999618530273,14.149999618530273,14.300000190734863,586705,,
2021-02-22,12.143993377685547,14.100000381469727,14.300000190734863,14.050000190734863,14.199999809265137,1096699,,
2021-02-23,12.230119705200195,14.199999809265137,14.399999618530273,14.100000381469727,14.100000381469727,933419,,
2021-02-24,12.273183822631836,14.25,14.350000381469727,14.199999809265137,14.350000381469727,412517,,
2021-02-25,12.187056541442871,14.149999618530273,14.300000190734863,14.0,14.300000190734863,815697,,
2021-02-26,12.100930213928223,14.050000190734863,14.149999618530273,14.0,14.100000381469727,518474,,
2021-03-02,12.057865142822266,14.0,14.199999809265137,14.0,14.199999809265137,560010,,
2021-03-03,12.143993377685547,14.100000381469727,14.149999618530273,14.050000190734863,14.149999618530273,441799,,
2021-03-04,12.143993377685547,14.100000381469727,14.149999618530273,13.949999809265137,14.050000190734863,533777,,
2021-03-05,12.53156852722168,14.550000190734863,14.649999618530273,14.100000381469727,14.100000381469727,4346244,,
2021-03-08,12.488504409790039,14.5,14.949999809265137,14.350000381469727,14.600000381469727,5442771,,
2021-03-09,12.53156852722168,14.550000190734863,14.899999618530273,14.449999809265137,14.899999618530273,914021,,
2021-03-10,12.402375221252441,14.399999618530273,14.699999809265137,14.399999618530273,14.550000190734863,1000631,,
2021-03-11,12.273183822631836,14.25,14.550000190734863,14.199999809265137,14.399999618530273,1703725,,
2021-03-12,12.273183822631836,14.25,14.350000381469727,14.25,14.25,302708,,
2021-03-15,12.273183822631836,14.25,14.350000381469727,14.199999809265137,14.25,554015,,
2021-03-16,12.316247940063477,14.300000190734863,14.350000381469727,14.25,14.350000381469727,190844,,
2021-03-17,12.316247940063477,14.300000190734863,14.350000381469727,14.25,14.300000190734863,254500,,
2021-03-18,12.273183822631836,14.25,14.350000381469727,14.199999809265137,14.300000190734863,466430,,
2021-03-19,12.187056541442871,14.149999618530273,14.25,14.149999618530273,14.199999809265137,446091,,
2021-03-22,12.187056541442871,14.149999618530273,14.25,14.100000381469727,14.25,438990,,
2021-03-23,12.100930213928223,14.050000190734863,14.100000381469727,13.949999809265137,14.100000381469727,815896,,
2021-03-24,12.187056541442871,14.149999618530273,14.149999618530273,14.050000190734863,14.050000190734863,276611,,
2021-03-25,12.100930213928223,14.050000190734863,14.149999618530273,14.0,14.149999618530273,256003,,
2021-03-26,12.187056541442871,14.149999618530273,14.149999618530273,14.050000190734863,14.050000190734863,238497,,
2021-03-29,12.187056541442871,14.149999618530273,14.5,14.050000190734863,14.149999618530273,730480,,
2021-03-30,12.230119705200195,14.199999809265137,14.25,14.050000190734863,14.199999809265137,480378,,
2021-03-31,12.359312057495117,14.350000381469727,14.399999618530273,14.25,14.300000190734863,847893,,
2021-04-01,12.273183822631836,14.25,14.449999809265137,14.25,14.350000381469727,413852,,
2021-04-07,12.230119705200195,14.199999809265137,14.350000381469727,14.199999809265137,14.25,636606,,
2021-04-08,12.230119705200195,14.199999809265137,14.399999618530273,14.199999809265137,14.199999809265137,1372340,,
2021-04-09,12.273183822631836,14.25,14.350000381469727,14.199999809265137,14.199999809265137,578957,,
2021-04-12,12.273183822631836,14.25,14.300000190734863,14.25,14.25,652861,,
2021-04-13,12.273183822631836,14.25,14.350000381469727,14.25,14.25,624250,,
2021-04-14,12.230119705200195,14.199999809265137,14.350000381469727,14.199999809265137,14.350000381469727,718687,,
2021-04-15,12.316247940063477,14.300000190734863,14.350000381469727,14.199999809265137,14.199999809265137,1186220,,
2021-04-16,12.230119705200195,14.199999809265137,14.350000381469727,14.199999809265137,14.300000190734863,749798,,
2021-04-19,12.316247940063477,14.300000190734863,14.350000381469727,14.199999809265137,14.199999809265137,1108374,,
2021-04-20,12.617693901062012,14.649999618530273,14.75,14.25,14.25,2570840,,
2021-04-21,13.005269050598145,15.100000381469727,15.199999809265137,14.600000381469727,14.649999618530273,6244847,,
2021-04-22,13.220588684082031,15.350000381469727,15.850000381469727,14.899999618530273,15.100000381469727,6683970,,
2021-04-23,12.833014488220215,14.899999618530273,15.5,14.75,15.350000381469727,2552055,,
2021-04-26,12.488504409790039,14.5,14.899999618530273,14.449999809265137,14.899999618530273,3186701,,
2021-04-27,12.445440292358398,14.449999809265137,14.699999809265137,14.399999618530273,14.5,1288296,,
2021-04-28,12.53156852722168,14.550000190734863,14.699999809265137,14.399999618530273,14.449999809265137,817808,,
2021-04-29,12.488504409790039,14.5,14.699999809265137,14.5,14.649999618530273,619756,,
2021-05-03,12.316247940063477,14.300000190734863,14.550000190734863,14.050000190734863,14.5,1316010,,
2021-05-04,12.057865142822266,14.0,14.300000190734863,13.850000381469727,14.300000190734863,3019918,,
2021-05-05,12.057865142822266,14.0,14.149999618530273,13.949999809265137,14.0,897649,,
2021-05-06,12.057865142822266,14.0,14.100000381469727,13.899999618530273,14.050000190734863,865780,,
2021-05-07,12.143993377685547,14.100000381469727,14.149999618530273,13.949999809265137,14.0,462365,,
2021-05-10,12.143993377685547,14.100000381469727,14.199999809265137,14.100000381469727,14.199999809265137,268332,,
2021-05-11,11.88560962677002,13.800000190734863,14.100000381469727,13.800000190734863,14.100000381469727,2018547,,
2021-05-12,11.584163665771484,13.449999809265137,14.0,12.949999809265137,13.649999618530273,4842268,,
2021-05-13,11.541098594665527,13.399999618530273,13.800000190734863,13.0,13.300000190734863,1076632,,
2021-05-14,11.584163665771484,13.449999809265137,13.649999618530273,13.350000381469727,13.399999618530273,827730,,
2021-05-17,11.368844032287598,13.199999809265137,13.449999809265137,13.100000381469727,13.25,1653883,,
2021-05-18,11.67029094696045,13.550000190734863,13.800000190734863,13.300000190734863,13.300000190734863,1465628,,
2021-05-19,11.584163665771484,13.449999809265137,13.649999618530273,13.399999618530273,13.550000190734863,405029,,
2021-05-20,11.627226829528809,13.5,13.600000381469727,13.449999809265137,13.449999809265137,285001,,
2021-05-21,11.842545509338379,13.75,13.850000381469727,13.649999618530273,13.699999809265137,522500,,
2021-05-24,11.842545509338379,13.75,13.850000381469727,13.600000381469727,13.75,627403,,
2021-05-25,11.88560962677002,13.800000190734863,14.0,13.75,13.75,367002,,
2021-05-26,11.88560962677002,13.800000190734863,13.949999809265137,13.75,13.850000381469727,646789,,
2021-05-27,11.88560962677002,13.800000190734863,13.850000381469727,13.699999809265137,13.800000190734863,436085,,
2021-05-28,11.971736907958984,13.899999618530273,13.949999809265137,13.800000190734863,13.850000381469727,737499,,
2021-05-31,11.971736907958984,13.899999618530273,14.0,13.850000381469727,13.949999809265137,270944,,
2021-06-01,11.971736907958984,13.899999618530273,13.949999809265137,13.850000381469727,13.899999618530273,547907,,
2021-06-02,11.842545509338379,13.75,13.899999618530273,13.75,13.899999618530273,254100,,
2021-06-03,11.799483299255371,13.699999809265137,13.850000381469727,13.699999809265137,13.850000381469727,692923,,
2021-06-04,11.756418228149414,13.649999618530273,13.800000190734863,13.649999618530273,13.699999809265137,407326,,
2021-06-07,11.67029094696045,13.550000190734863,13.649999618530273,13.449999809265137,13.649999618530273,648105,,
2021-06-08,11.627226829528809,13.5,13.649999618530273,13.5,13.649999618530273,289800,,
2021-06-09,11.584163665771484,13.449999809265137,13.600000381469727,13.449999809265137,13.550000190734863,275760,,
2021-06-10,11.71335506439209,13.600000381469727,13.649999618530273,13.5,13.5,194385,,
2021-06-11,11.67029094696045,13.550000190734863,13.649999618530273,13.550000190734863,13.600000381469727,223006,,
2021-06-15,11.88560962677002,13.800000190734863,13.800000190734863,13.550000190734863,13.550000190734863,277594,,
2021-06-16,11.971736907958984,13.899999618530273,13.949999809265137,13.800000190734863,13.850000381469727,532060,,
2021-06-17,11.971736907958984,13.899999618530273,13.949999809265137,13.800000190734863,13.899999618530273,352354,,
2021-06-18,11.971736907958984,13.899999618530273,13.899999618530273,13.800000190734863,13.899999618530273,217828,,
2021-06-21,11.971736907958984,13.899999618530273,13.899999618530273,13.649999618530273,13.800000190734863,309243,,
2021-06-22,11.88560962677002,13.800000190734863,13.899999618530273,13.75,13.899999618530273,259661,,
2021-06-23,11.88560962677002,13.800000190734863,13.850000381469727,13.75,13.800000190734863,312631,,
2021-06-24,11.928674697875977,13.850000381469727,13.949999809265137,13.850000381469727,13.850000381469727,434372,,
2021-06-25,11.88560962677002,13.800000190734863,13.899999618530273,13.75,13.800000190734863,370001,,
2021-06-28,11.842545509338379,13.75,13.850000381469727,13.699999809265137,13.850000381469727,332015,,
2021-06-29,11.756418228149414,13.649999618530273,13.75,13.649999618530273,13.75,401100,,
2021-06-30,11.799483299255371,13.699999809265137,13.800000190734863,13.649999618530273,13.699999809265137,389162,,
2021-07-01,11.799483299255371,13.699999809265137,13.800000190734863,13.699999809265137,13.699999809265137,533827,,
2021-07-02,11.842545509338379,13.75,13.800000190734863,13.699999809265137,13.699999809265137,244116,,
2021-07-05,11.799483299255371,13.699999809265137,13.800000190734863,13.699999809265137,13.75,438086,,
2021-07-06,11.799483299255371,13.699999809265137,13.75,13.699999809265137,13.699999809265137,323962,,
2021-07-07,11.842545509338379,13.75,13.850000381469727,13.699999809265137,13.850000381469727,306796,,
2021-07-08,11.842545509338379,13.75,13.800000190734863,13.699999809265137,13.75,254633,,
2021-07-09,11.842545509338379,13.75,13.800000190734863,13.649999618530273,13.75,347373,,
2021-07-12,11.799483299255371,13.699999809265137,13.75,13.649999618530273,13.75,379250,,
2021-07-13,11.756418228149414,13.649999618530273,13.75,13.649999618530273,13.699999809265137,396115,,
2021-07-14,11.756418228149414,13.649999618530273,13.699999809265137,13.649999618530273,13.649999618530273,322318,,
2021-07-15,11.799483299255371,13.699999809265137,13.75,13.649999618530273,13.699999809265137,187178,,
2021-07-16,11.842545509338379,13.75,13.850000381469727,13.699999809265137,13.699999809265137,239597,,
2021-07-19,11.799483299255371,13.699999809265137,13.800000190734863,13.649999618530273,13.75,307058,,
2021-07-20,11.756418228149414,13.649999618530273,13.800000190734863,13.600000381469727,13.699999809265137,245153,,
2021-07-21,11.799483299255371,13.699999809265137,13.800000190734863,13.649999618530273,13.649999618530273,490882,,
2021-07-22,12.143993377685547,14.100000381469727,14.149999618530273,13.75,13.75,1136500,,
2021-07-23,12.187056541442871,14.149999618530273,14.350000381469727,14.100000381469727,14.100000381469727,799511,,
2021-07-26,12.273183822631836,14.25,14.300000190734863,14.149999618530273,14.199999809265137,441692,,
2021-07-27,12.187056541442871,14.149999618530273,14.350000381469727,14.100000381469727,14.25,466041,,
2021-07-28,12.014801979064941,13.949999809265137,14.100000381469727,13.850000381469727,14.100000381469727,456006,,
2021-07-29,12.014801979064941,13.949999809265137,14.100000381469727,13.850000381469727,13.850000381469727,308948,,
2021-07-30,12.100930213928223,14.050000190734863,14.050000190734863,13.899999618530273,13.949999809265137,103820,,
2021-08-02,12.100930213928223,14.050000190734863,14.199999809265137,14.0,14.199999809265137,405575,,
2021-08-03,12.143993377685547,14.100000381469727,14.199999809265137,14.0,14.0,385884,,
2021-08-04,12.014801979064941,13.949999809265137,14.199999809265137,13.899999618530273,14.100000381469727,573250,,
2021-08-05,12.014801979064941,13.949999809265137,14.050000190734863,13.899999618530273,13.899999618530273,357004,,
2021-08-06,11.928674697875977,13.850000381469727,13.949999809265137,13.800000190734863,13.899999618530273,345803,,
2021-08-09,11.88560962677002,13.800000190734863,13.949999809265137,13.75,13.850000381469727,392103,,
2021-08-10,11.799483299255371,13.699999809265137,13.850000381469727,13.699999809265137,13.800000190734863,250168,,
2021-08-11,11.842545509338379,13.75,14.0,13.649999618530273,13.699999809265137,759753,,
2021-08-12,11.842545509338379,13.75,13.899999618530273,13.699999809265137,13.75,446059,,
2021-08-13,11.756418228149414,13.649999618530273,13.850000381469727,13.649999618530273,13.850000381469727,372599,,
2021-08-16,11.756418228149414,13.649999618530273,13.75,13.550000190734863,13.649999618530273,450319,,
2021-08-17,11.756418228149414,13.649999618530273,13.649999618530273,13.649999618530273,13.649999618530273,0,,
2021-08-18,11.756418228149414,13.649999618530273,13.699999809265137,13.600000381469727,13.600000381469727,373001,,
2021-08-19,11.71335506439209,13.600000381469727,13.75,13.600000381469727,13.649999618530273,582010,,
2021-08-20,11.67029094696045,13.550000190734863,13.699999809265137,13.550000190734863,13.699999809265137,224695,,
2021-08-23,11.756418228149414,13.649999618530273,13.699999809265137,13.550000190734863,13.649999618530273,390827,,
2021-08-24,11.756418228149414,13.649999618530273,13.75,13.550000190734863,13.649999618530273,213089,,
2021-08-25,11.799483299255371,13.699999809265137,13.800000190734863,13.699999809265137,13.699999809265137,284005,,
2021-08-26,11.799483299255371,13.699999809265137,13.899999618530273,13.649999618530273,13.899999618530273,229582,,
2021-08-27,11.842545509338379,13.75,13.800000190734863,13.649999618530273,13.800000190734863,148227,,
2021-08-30,11.88560962677002,13.800000190734863,13.800000190734863,13.649999618530273,13.75,265077,,
2021-08-31,11.842545509338379,13.75,13.850000381469727,13.699999809265137,13.800000190734863,177500,,
2021-09-01,11.971736907958984,13.899999618530273,13.899999618530273,13.75,13.75,146647,,
2021-09-02,12.057865142822266,14.0,14.0,13.899999618530273,13.899999618530273,296082,,
2021-09-03,11.971736907958984,13.899999618530273,14.0,13.850000381469727,13.949999809265137,224132,,
2021-09-06,11.88560962677002,13.800000190734863,13.899999618530273,13.800000190734863,13.899999618530273,208140,,
2021-09-07,11.88560962677002,13.800000190734863,13.850000381469727,13.75,13.800000190734863,128517,,
2021-09-08,11.842545509338379,13.75,13.899999618530273,13.699999809265137,13.899999618530273,434693,,
2021-09-09,11.88560962677002,13.800000190734863,13.899999618530273,13.75,13.75,1007050,,
2021-09-10,11.88560962677002,13.800000190734863,13.899999618530273,13.800000190734863,13.899999618530273,89001,,
2021-09-13,11.842545509338379,13.75,13.800000190734863,13.649999618530273,13.800000190734863,885500,,
2021-09-14,11.842545509338379,13.75,13.949999809265137,13.699999809265137,13.75,150175,,
2021-09-15,11.928674697875977,13.850000381469727,13.899999618530273,13.75,13.800000190734863,673635,,
2021-09-16,12.014801979064941,13.949999809265137,13.949999809265137,13.800000190734863,13.949999809265137,765850,,
2021-09-17,12.273183822631836,14.25,14.25,13.899999618530273,13.899999618530273,1168914,,
2021-09-22,12.100930213928223,14.050000190734863,14.149999618530273,14.0,14.149999618530273,917770,,
2021-09-23,12.143993377685547,14.100000381469727,14.149999618530273,14.050000190734863,14.149999618530273,183861,,
2021-09-24,12.143993377685547,14.100000381469727,14.149999618530273,14.050000190734863,14.100000381469727,234998,,
2021-09-27,12.833014488220215,14.899999618530273,15.5,14.300000190734863,14.300000190734863,7604482,,
2021-09-28,13.13446044921875,15.25,15.449999809265137,14.550000190734863,14.899999618530273,3757154,,
2021-09-29,13.435908317565918,15.600000381469727,15.649999618530273,14.699999809265137,15.100000381469727,3453029,,
2021-09-30,13.30671501159668,15.449999809265137,15.75,15.350000381469727,15.699999809265137,2184700,,
2021-10-01,13.048331260681152,15.149999618530273,15.399999618530273,15.0,15.399999618530273,2244399,,
2021-10-04,12.833014488220215,14.899999618530273,15.199999809265137,14.75,15.149999618530273,2089413,,
2021-10-05,12.96220588684082,15.050000190734863,15.100000381469727,14.800000190734863,15.0,784020,,
2021-10-06,12.876077651977539,14.949999809265137,15.050000190734863,14.899999618530273,15.050000190734863,776524,,
2021-10-07,13.091395378112793,15.199999809265137,15.399999618530273,15.100000381469727,15.25,1622330,,
2021-10-08,12.919140815734863,15.0,15.300000190734863,14.949999809265137,15.300000190734863,1193827,,
2021-10-12,12.833014488220215,14.899999618530273,15.050000190734863,14.649999618530273,15.050000190734863,1374390,,
2021-10-13,12.789949417114258,14.850000381469727,15.649999618530273,14.800000190734863,15.0,1831038,,
2021-10-14,12.746886253356934,14.800000190734863,15.100000381469727,14.800000190734863,15.100000381469727,818268,,
2021-10-15,12.660759925842285,14.699999809265137,15.050000190734863,14.699999809265137,15.050000190734863,1064000,,
2021-10-18,12.833014488220215,14.899999618530273,15.100000381469727,14.699999809265137,14.699999809265137,715001,,
2021-10-19,12.876077651977539,14.949999809265137,15.0,14.899999618530273,14.899999618530273,421421,,
2021-10-20,12.660759925842285,14.699999809265137,15.0,14.600000381469727,14.949999809265137,682894,,
2021-10-21,12.660759925842285,14.699999809265137,14.850000381469727,14.649999618530273,14.699999809265137,503550,,
2021-10-22,12.746886253356934,14.800000190734863,14.800000190734863,14.550000190734863,14.699999809265137,767702,,
2021-10-25,12.660759925842285,14.699999809265137,14.800000190734863,14.600000381469727,14.800000190734863,434506,,
2021-10-26,12.703821182250977,14.75,14.800000190734863,14.649999618530273,14.75,722233,,
2021-10-27,12.746886253356934,14.800000190734863,14.899999618530273,14.699999809265137,14.75,304000,,
2021-10-28,12.919140815734863,15.0,15.050000190734863,14.800000190734863,14.850000381469727,630510,,
2021-10-29,12.833014488220215,14.899999618530273,15.050000190734863,14.899999618530273,15.050000190734863,470370,,
2021-11-01,12.833014488220215,14.899999618530273,15.050000190734863,14.899999618530273,15.0,594500,,
2021-11-02,12.746886253356934,14.800000190734863,15.0,14.75,15.0,569003,,
2021-11-03,12.746886253356934,14.800000190734863,14.850000381469727,14.699999809265137,14.699999809265137,848776,,
2021-11-04,12.703821182250977,14.75,14.899999618530273,14.699999809265137,14.800000190734863,692500,,
2021-11-05,12.703821182250977,14.75,14.800000190734863,14.699999809265137,14.699999809265137,357500,,
2021-11-08,12.703821182250977,14.75,14.899999618530273,14.649999618530273,14.800000190734863,1146872,,
2021-11-09,12.703821182250977,14.75,14.899999618530273,14.699999809265137,14.899999618530273,451232,,
2021-11-10,12.660759925842285,14.699999809265137,14.899999618530273,14.649999618530273,14.850000381469727,911308,,
2021-11-11,12.488504409790039,14.5,14.75,14.449999809265137,14.75,1213060,,
2021-11-12,12.402375221252441,14.399999618530273,14.550000190734863,14.350000381469727,14.5,511528,,
2021-11-15,12.660759925842285,14.699999809265137,14.75,14.399999618530273,14.399999618530273,385024,,
2021-11-16,12.574630737304688,14.600000381469727,14.75,14.600000381469727,14.649999618530273,418627,,
2021-11-17,12.53156852722168,14.550000190734863,14.600000381469727,14.5,14.600000381469727,579201,,
2021-11-18,12.53156852722168,14.550000190734863,14.600000381469727,14.449999809265137,14.550000190734863,281870,,
2021-11-19,12.53156852722168,14.550000190734863,14.600000381469727,14.449999809265137,14.550000190734863,676581,,
2021-11-22,12.660759925842285,14.699999809265137,14.699999809265137,14.5,14.600000381469727,607889,,
2021-11-23,12.488504409790039,14.5,14.699999809265137,14.5,14.649999618530273,357801,,
2021-11-24,12.488504409790039,14.5,14.600000381469727,14.449999809265137,14.600000381469727,254220,,
2021-11-25,12.488504409790039,14.5,14.600000381469727,14.5,14.550000190734863,471600,,
2021-11-26,12.402375221252441,14.399999618530273,14.550000190734863,14.399999618530273,14.5,568979,,
2021-11-29,12.402375221252441,14.399999618530273,14.449999809265137,14.25,14.25,473453,,
2021-11-30,12.402375221252441,14.399999618530273,14.550000190734863,14.350000381469727,14.399999618530273,1779310,,
2021-12-01,12.617693901062012,14.649999618530273,14.649999618530273,14.399999618530273,14.399999618530273,1940781,,
2021-12-02,12.574630737304688,14.600000381469727,14.649999618530273,14.5,14.649999618530273,307386,,
2021-12-03,12.574630737304688,14.600000381469727,14.649999618530273,14.5,14.5,433461,,
2021-12-06,12.488504409790039,14.5,14.600000381469727,14.5,14.600000381469727,475229,,
2021-12-07,12.488504409790039,14.5,14.600000381469727,14.449999809265137,14.5,257405,,
2021-12-08,12.445440292358398,14.449999809265137,14.600000381469727,14.399999618530273,14.5,474650,,
2021-12-09,12.488504409790039,14.5,14.550000190734863,14.399999618530273,14.449999809265137,419010,,
2021-12-10,12.445440292358398,14.449999809265137,14.550000190734863,14.449999809265137,14.550000190734863,239423,,
2021-12-13,12.445440292358398,14.449999809265137,14.550000190734863,14.399999618530273,14.5,861302,,
2021-12-14,12.402375221252441,14.399999618530273,14.449999809265137,14.350000381469727,14.399999618530273,371001,,
2021-12-15,12.359312057495117,14.350000381469727,14.449999809265137,14.25,14.399999618530273,620000,,
2021-12-16,12.316247940063477,14.300000190734863,14.449999809265137,14.300000190734863,14.399999618530273,559001,,
2021-12-17,12.359312057495117,14.350000381469727,14.5,14.300000190734863,14.300000190734863,285213,,
2021-12-20,12.402375221252441,14.399999618530273,14.449999809265137,14.350000381469727,14.399999618530273,187069,,
2021-12-21,12.402375221252441,14.399999618530273,14.5,14.399999618530273,14.399999618530273,187082,,
2021-12-22,12.402375221252441,14.399999618530273,14.5,14.350000381469727,14.5,233063,,
2021-12-23,12.359312057495117,14.350000381469727,14.449999809265137,14.350000381469727,14.449999809265137,163138,,
2021-12-24,12.53156852722168,14.550000190734863,14.550000190734863,14.350000381469727,14.449999809265137,351547,,
2021-12-27,12.617693901062012,14.649999618530273,14.649999618530273,14.550000190734863,14.550000190734863,527459,,
2021-12-28,12.574630737304688,14.600000381469727,14.699999809265137,14.550000190734863,14.649999618530273,384214,,
2021-12-29,12.53156852722168,14.550000190734863,14.600000381469727,14.5,14.5,219673,,
2021-12-30,12.488504409790039,14.5,14.550000190734863,14.399999618530273,14.550000190734863,849443,,
2022-01-03,12.488504409790039,14.5,14.5,14.449999809265137,14.5,338499,,
2022-01-04,12.53156852722168,14.550000190734863,14.550000190734863,14.449999809265137,14.5,279254,,
2022-01-05,12.876077651977539,14.949999809265137,15.100000381469727,14.5,14.5,1402077,,
2022-01-06,12.746886253356934,14.800000190734863,15.199999809265137,14.800000190734863,14.949999809265137,1337797,,
2022-01-07,12.789949417114258,14.850000381469727,14.899999618530273,14.800000190734863,14.899999618530273,592027,,
2022-01-10,12.833014488220215,14.899999618530273,14.949999809265137,14.75,14.899999618530273,404015,,
2022-01-11,12.746886253356934,14.800000190734863,14.949999809265137,14.800000190734863,14.949999809265137,464528,,
2022-01-12,12.833014488220215,14.899999618530273,15.050000190734863,14.800000190734863,14.850000381469727,342170,,
2022-01-13,12.833014488220215,14.899999618530273,15.0,14.850000381469727,14.899999618530273,200857,,
2022-01-14,12.660759925842285,14.699999809265137,14.899999618530273,14.699999809265137,14.899999618530273,415339,,
2022-01-17,12.746886253356934,14.800000190734863,14.800000190734863,14.649999618530273,14.699999809265137,143035,,
2022-01-18,12.703821182250977,14.75,14.800000190734863,14.699999809265137,14.800000190734863,251048,,
2022-01-19,12.703821182250977,14.75,14.800000190734863,14.699999809265137,14.800000190734863,175001,,
2022-01-20,12.703821182250977,14.75,14.800000190734863,14.699999809265137,14.75,121926,,
2022-01-21,12.53156852722168,14.550000190734863,14.75,14.550000190734863,14.75,459202,,
2022-01-24,12.574630737304688,14.600000381469727,14.600000381469727,14.449999809265137,14.550000190734863,555168,,
2022-01-25,12.488504409790039,14.5,14.600000381469727,14.449999809265137,14.5,327001,,
2022-01-26,12.53156852722168,14.550000190734863,14.550000190734863,14.449999809265137,14.5,243094,,
2022-02-07,12.359312057495117,14.350000381469727,14.699999809265137,14.350000381469727,14.5,1531388,,
2022-02-08,12.445440292358398,14.449999809265137,14.550000190734863,14.350000381469727,14.350000381469727,396041,,
2022-02-09,12.53156852722168,14.550000190734863,14.600000381469727,14.449999809265137,14.449999809265137,503318,,
2022-02-10,12.574630737304688,14.600000381469727,14.649999618530273,14.550000190734863,14.550000190734863,780129,,
2022-02-11,12.833014488220215,14.899999618530273,15.100000381469727,14.600000381469727,14.600000381469727,999250,,
2022-02-14,12.660759925842285,14.699999809265137,15.050000190734863,14.649999618530273,14.699999809265137,892476,,
2022-02-15,12.660759925842285,14.699999809265137,14.800000190734863,14.699999809265137,14.699999809265137,345002,,
2022-02-16,12.789949417114258,14.850000381469727,14.850000381469727,14.699999809265137,14.75,613404,,
2022-02-17,12.746886253356934,14.800000190734863,14.899999618530273,14.75,14.899999618530273,309001,,
2022-02-18,12.789949417114258,14.850000381469727,14.899999618530273,14.649999618530273,14.75,727255,,
2022-02-21,12.660759925842285,14.699999809265137,14.850000381469727,14.699999809265137,14.850000381469727,491004,,
2022-02-22,12.617693901062012,14.649999618530273,14.699999809265137,14.600000381469727,14.649999618530273,415371,,
2022-02-23,12.488504409790039,14.5,14.699999809265137,14.5,14.600000381469727,1007001,,
2022-02-24,12.488504409790039,14.5,14.649999618530273,14.350000381469727,14.550000190734863,1703003,,
2022-02-25,12.488504409790039,14.5,14.600000381469727,14.449999809265137,14.5,1826368,,
2022-03-01,12.617693901062012,14.649999618530273,14.75,14.5,14.5,631506,,
2022-03-02,12.660759925842285,14.699999809265137,14.800000190734863,14.600000381469727,14.800000190734863,513100,,
2022-03-03,12.660759925842285,14.699999809265137,14.800000190734863,14.649999618530273,14.75,480002,,
2022-03-04,12.574630737304688,14.600000381469727,14.699999809265137,14.550000190734863,14.649999618530273,423697,,
2022-03-07,12.53156852722168,14.550000190734863,14.550000190734863,14.399999618530273,14.5,678106,,
2022-03-08,12.488504409790039,14.5,14.550000190734863,14.399999618530273,14.550000190734863,698621,,
2022-03-09,12.488504409790039,14.5,14.550000190734863,14.449999809265137,14.5,419029,,
2022-03-10,12.617693901062012,14.649999618530273,14.649999618530273,14.5,14.5,206026,,
2022-03-11,12.488504409790039,14.5,14.649999618530273,14.5,14.600000381469727,152564,,
2022-03-14,12.53156852722168,14.550000190734863,14.600000381469727,14.449999809265137,14.5,359557,,
2022-03-15,12.488504409790039,14.5,14.550000190734863,14.5,14.550000190734863,280200,,
2022-03-16,12.53156852722168,14.550000190734863,14.600000381469727,14.5,14.5,209021,,
2022-03-17,12.617693901062012,14.649999618530273,14.800000190734863,14.600000381469727,14.699999809265137,317205,,
2022-03-18,12.617693901062012,14.649999618530273,14.75,14.600000381469727,14.699999809265137,117317,,
2022-03-21,12.617693901062012,14.649999618530273,14.75,14.600000381469727,14.699999809265137,238552,,
2022-03-22,12.660759925842285,14.699999809265137,14.75,14.550000190734863,14.649999618530273,651105,,
2022-03-23,12.789949417114258,14.850000381469727,15.0,14.699999809265137,14.699999809265137,669288,,
2022-03-24,12.703821182250977,14.75,14.800000190734863,14.75,14.75,222335,,
2022-03-25,12.660759925842285,14.699999809265137,14.800000190734863,14.649999618530273,14.800000190734863,203006,,
2022-03-28,12.703821182250977,14.75,14.75,14.600000381469727,14.649999618530273,336500,,
2022-03-29,12.660759925842285,14.699999809265137,14.75,14.699999809265137,14.75,110288,,
2022-03-30,12.703821182250977,14.75,14.75,14.649999618530273,14.649999618530273,182648,,
2022-03-31,12.660759925842285,14.699999809265137,14.75,14.699999809265137,14.699999809265137,148233,,
2022-04-01,12.660759925842285,14.699999809265137,14.800000190734863,14.649999618530273,14.649999618530273,371055,,
2022-04-06,12.703821182250977,14.75,14.800000190734863,14.600000381469727,14.649999618530273,511101,,
2022-04-07,12.617693901062012,14.649999618530273,14.75,14.649999618530273,14.699999809265137,341001,,
2022-04-08,12.703821182250977,14.75,14.75,14.649999618530273,14.699999809265137,372001,,
2022-04-11,12.660759925842285,14.699999809265137,14.949999809265137,14.699999809265137,14.899999618530273,510388,,
2022-04-12,12.660759925842285,14.699999809265137,14.75,14.649999618530273,14.699999809265137,210001,,
2022-04-13,12.703821182250977,14.75,14.75,14.649999618530273,14.699999809265137,387225,,
2022-04-14,12.660759925842285,14.699999809265137,14.75,14.649999618530273,14.699999809265137,244000,,
2022-04-15,12.660759925842285,14.699999809265137,14.699999809265137,14.649999618530273,14.699999809265137,249007,,
2022-04-18,12.617693901062012,14.649999618530273,14.699999809265137,14.600000381469727,14.649999618530273,274001,,
2022-04-19,12.617693901062012,14.649999618530273,14.649999618530273,14.600000381469727,14.649999618530273,287628,,
2022-04-20,12.53156852722168,14.550000190734863,14.649999618530273,14.550000190734863,14.600000381469727,437774,,
2022-04-21,12.53156852722168,14.550000190734863,14.649999618530273,14.5,14.600000381469727,736065,,
2022-04-22,12.488504409790039,14.5,14.600000381469727,14.449999809265137,14.5,144000,,
2022-04-25,12.359312057495117,14.350000381469727,14.5,14.300000190734863,14.5,1061341,,
2022-04-26,12.402375221252441,14.399999618530273,14.449999809265137,14.350000381469727,14.350000381469727,144002,,
2022-04-27,12.359312057495117,14.350000381469727,14.5,14.300000190734863,14.5,558230,,
2022-04-28,12.359312057495117,14.350000381469727,14.449999809265137,14.350000381469727,14.350000381469727,291001,,
2022-04-29,12.359312057495117,14.350000381469727,14.449999809265137,14.300000190734863,14.350000381469727,289001,,
2022-05-03,12.402375221252441,14.399999618530273,14.399999618530273,14.300000190734863,14.350000381469727,179003,,
2022-05-04,12.488504409790039,14.5,14.600000381469727,14.300000190734863,14.399999618530273,382399,,
2022-05-05,12.445440292358398,14.449999809265137,14.550000190734863,14.399999618530273,14.550000190734863,145812,,
2022-05-06,12.402375221252441,14.399999618530273,14.5,14.350000381469727,14.399999618530273,234078,,
2022-05-09,12.273183822631836,14.25,14.399999618530273,14.199999809265137,14.399999618530273,541005,,
2022-05-10,12.53156852722168,14.550000190734863,14.600000381469727,14.199999809265137,14.25,1224898,,
2022-05-11,12.445440292358398,14.449999809265137,14.5,14.350000381469727,14.5,418411,,
2022-05-12,12.359312057495117,14.350000381469727,14.449999809265137,14.300000190734863,14.449999809265137,815001,,
2022-05-13,12.402375221252441,14.399999618530273,14.449999809265137,14.300000190734863,14.350000381469727,169772,,
2022-05-16,12.402375221252441,14.399999618530273,14.5,14.350000381469727,14.5,112576,,
2022-05-17,12.488504409790039,14.5,14.550000190734863,14.350000381469727,14.399999618530273,445121,,
2022-05-18,12.488504409790039,14.5,14.550000190734863,14.399999618530273,14.449999809265137,154559,,
2022-05-19,12.488504409790039,14.5,14.5,14.350000381469727,14.449999809265137,576000,,
2022-05-20,12.53156852722168,14.550000190734863,14.550000190734863,14.399999618530273,14.5,153080,,
2022-05-23,12.53156852722168,14.550000190734863,14.649999618530273,14.550000190734863,14.600000381469727,177039,,
2022-05-24,12.53156852722168,14.550000190734863,14.550000190734863,14.5,14.5,138401,,
2022-05-25,12.488504409790039,14.5,14.550000190734863,14.399999618530273,14.550000190734863,89403,,
2022-05-26,12.445440292358398,14.449999809265137,14.600000381469727,14.449999809265137,14.550000190734863,253063,,
2022-05-27,12.488504409790039,14.5,14.5,14.399999618530273,14.449999809265137,93002,,
2022-05-30,12.445440292358398,14.449999809265137,14.550000190734863,14.449999809265137,14.5,207073,,
2022-05-31,12.488504409790039,14.5,14.550000190734863,14.399999618530273,14.449999809265137,90182,,
2022-06-01,12.703821182250977,14.75,14.75,14.449999809265137,14.5,356004,,
2022-06-02,12.660759925842285,14.699999809265137,14.699999809265137,14.550000190734863,14.699999809265137,144003,,
2022-06-06,12.574630737304688,14.600000381469727,14.75,14.550000190734863,14.75,118114,,
2022-06-07,12.445440292358398,14.449999809265137,14.550000190734863,14.449999809265137,14.5,98016,,
2022-06-08,12.445440292358398,14.449999809265137,14.5,14.449999809265137,14.5,113000,,
2022-06-09,12.53156852722168,14.550000190734863,14.649999618530273,14.449999809265137,14.449999809265137,100013,,
2022-06-10,12.488504409790039,14.5,14.5,14.449999809265137,14.449999809265137,90001,,
2022-06-13,12.402375221252441,14.399999618530273,14.5,14.300000190734863,14.399999618530273,296872,,
2022-06-14,12.445440292358398,14.449999809265137,14.5,14.300000190734863,14.399999618530273,338000,,
2022-06-15,12.488504409790039,14.5,14.5,14.399999618530273,14.449999809265137,255346,,
2022-06-16,12.488504409790039,14.5,14.550000190734863,14.399999618530273,14.5,461001,,
2022-06-17,12.746886253356934,14.800000190734863,14.800000190734863,14.399999618530273,14.449999809265137,647613,,
2022-06-20,12.488504409790039,14.5,14.699999809265137,14.5,14.699999809265137,321888,,
2022-06-21,12.574630737304688,14.600000381469727,14.600000381469727,14.550000190734863,14.600000381469727,208122,,
2022-06-22,12.445440292358398,14.449999809265137,14.600000381469727,14.399999618530273,14.600000381469727,203122,,
2022-06-23,12.402375221252441,14.399999618530273,14.550000190734863,14.350000381469727,14.5,1352000,,
2022-06-24,12.402375221252441,14.399999618530273,14.600000381469727,14.399999618530273,14.449999809265137,265900,,
2022-06-27,12.445440292358398,14.449999809265137,14.5,14.399999618530273,14.399999618530273,162963,,
2022-06-28,12.488504409790039,14.5,14.600000381469727,14.449999809265137,14.5,395687,,
2022-06-29,12.488504409790039,14.5,14.550000190734863,14.449999809265137,14.5,201002,,
2022-06-30,12.574630737304688,14.600000381469727,14.699999809265137,14.5,14.699999809265137,622000,,
2022-07-01,12.488504409790039,14.5,14.600000381469727,14.399999618530273,14.600000381469727,545877,,
2022-07-04,12.53156852722168,14.550000190734863,14.600000381469727,14.449999809265137,14.550000190734863,411000,,
2022-07-05,12.53156852722168,14.550000190734863,14.649999618530273,14.449999809265137,14.600000381469727,357000,,
2022-07-06,12.488504409790039,14.5,14.600000381469727,14.5,14.550000190734863,312000,,
2022-07-07,12.488504409790039,14.5,14.600000381469727,14.449999809265137,14.5,121463,,
2022-07-08,12.488504409790039,14.5,14.550000190734863,14.399999618530273,14.5,256001,,
2022-07-11,12.445440292358398,14.449999809265137,14.550000190734863,14.449999809265137,14.5,66121,,
2022-07-12,12.402375221252441,14.399999618530273,14.5,14.399999618530273,14.449999809265137,116255,,
2022-07-13,12.488504409790039,14.5,14.5,14.399999618530273,14.5,104000,,
2022-07-14,12.445440292358398,14.449999809265137,14.5,14.399999618530273,14.5,136000,,
2022-07-15,12.445440292358398,14.449999809265137,14.5,14.399999618530273,14.449999809265137,133345,,
2022-07-18,12.402375221252441,14.399999618530273,14.5,14.350000381469727,14.449999809265137,378975,,
2022-07-19,12.402375221252441,14.399999618530273,14.5,14.399999618530273,14.399999618530273,66692,,
2022-07-20,12.359312057495117,14.350000381469727,14.5,14.350000381469727,14.399999618530273,222647,,
2022-07-21,12.402375221252441,14.399999618530273,14.449999809265137,14.350000381469727,14.350000381469727,90721,,
2022-07-22,12.359312057495117,14.350000381469727,14.449999809265137,14.350000381469727,14.399999618530273,139700,,
2022-07-25,12.445440292358398,14.449999809265137,14.5,14.350000381469727,14.350000381469727,185006,,
2022-07-26,12.488504409790039,14.5,14.5,14.399999618530273,14.5,195001,,
2022-07-27,12.445440292358398,14.449999809265137,14.5,14.399999618530273,14.5,153623,,
2022-07-28,12.488504409790039,14.5,14.5,14.399999618530273,14.5,92176,,
2022-07-29,12.488504409790039,14.5,14.550000190734863,14.449999809265137,14.5,411001,,
2022-08-01,12.402375221252441,14.399999618530273,14.5,14.399999618530273,14.5,427195,,
2022-08-02,12.445440292358398,14.449999809265137,14.5,14.399999618530273,14.449999809265137,224127,,
2022-08-03,12.359312057495117,14.350000381469727,14.5,14.350000381469727,14.5,128230,,
2022-08-04,12.402375221252441,14.399999618530273,14.399999618530273,14.300000190734863,14.350000381469727,384000,,
2022-08-05,12.359312057495117,14.350000381469727,14.399999618530273,14.300000190734863,14.399999618530273,395001,,
2022-08-08,12.402375221252441,14.399999618530273,14.449999809265137,14.300000190734863,14.350000381469727,1603344,,
2022-08-09,12.359312057495117,14.350000381469727,14.449999809265137,14.350000381469727,14.399999618530273,179508,,
2022-08-10,12.402375221252441,14.399999618530273,14.399999618530273,14.350000381469727,14.399999618530273,89970,,
2022-08-11,12.445440292358398,14.449999809265137,14.449999809265137,14.350000381469727,14.399999618530273,191692,,
2022-08-12,12.445440292358398,14.449999809265137,14.449999809265137,14.399999618530273,14.449999809265137,72008,,
2022-08-15,12.445440292358398,14.449999809265137,14.5,14.399999618530273,14.449999809265137,143746,,
2022-08-16,12.402375221252441,14.399999618530273,14.5,14.399999618530273,14.449999809265137,39142,,
2022-08-17,12.402375221252441,14.399999618530273,14.449999809265137,14.350000381469727,14.449999809265137,247406,,
2022-08-18,12.445440292358398,14.449999809265137,14.5,14.399999618530273,14.449999809265137,301082,,
2022-08-19,12.574630737304688,14.600000381469727,14.699999809265137,14.5,14.5,833001,,
2022-08-22,12.488504409790039,14.5,14.600000381469727,14.5,14.550000190734863,122000,,
2022-08-23,12.53156852722168,14.550000190734863,14.550000190734863,14.5,14.5,139008,,
2022-08-24,12.53156852722168,14.550000190734863,14.600000381469727,14.5,14.600000381469727,72500,,
2022-08-25,12.53156852722168,14.550000190734863,14.649999618530273,14.5,14.550000190734863,229398,,
2022-08-26,12.617693901062012,14.649999618530273,14.699999809265137,14.550000190734863,14.550000190734863,310000,,
2022-08-29,12.789949417114258,14.850000381469727,15.0,14.649999618530273,14.649999618530273,1616812,,
2022-08-30,13.435908317565918,15.600000381469727,15.850000381469727,14.899999618530273,14.899999618530273,1606980,,
2022-08-31,13.651226043701172,15.850000381469727,16.600000381469727,15.600000381469727,15.649999618530273,3692761,,
2022-09-01,13.694290161132812,15.899999618530273,16.0,15.350000381469727,15.949999809265137,1049221,,
2022-09-02,13.737353324890137,15.949999809265137,16.299999237060547,15.899999618530273,16.049999237060547,1595114,,
2022-09-05,13.866545677185059,16.100000381469727,16.200000762939453,16.0,16.200000762939453,717066,,
2022-09-06,13.651226043701172,15.850000381469727,16.350000381469727,15.75,16.25,713064,,
2022-09-07,13.34977912902832,15.5,15.850000381469727,15.399999618530273,15.850000381469727,721513,,
2022-09-08,13.392844200134277,15.550000190734863,15.850000381469727,15.550000190734863,15.800000190734863,247200,,
2022-09-12,13.694290161132812,15.899999618530273,16.049999237060547,15.550000190734863,15.550000190734863,646183,,
2022-09-13,13.651226043701172,15.850000381469727,15.949999809265137,15.850000381469727,15.899999618530273,234224,,
2022-09-14,13.866545677185059,16.100000381469727,16.200000762939453,15.600000381469727,16.149999618530273,1167482,,
2022-09-15,14.555564880371094,16.899999618530273,17.299999237060547,16.149999618530273,16.149999618530273,3934173,,
2022-09-16,14.813948631286621,17.200000762939453,17.549999237060547,16.799999237060547,16.850000381469727,3036291,,
2022-09-19,14.641694068908691,17.0,17.75,16.899999618530273,17.200000762939453,2736100,,
2022-09-20,14.684757232666016,17.049999237060547,17.299999237060547,16.899999618530273,17.049999237060547,841145,,
2022-09-21,14.943140983581543,17.350000381469727,17.450000762939453,17.0,17.049999237060547,1494213,,
2022-09-22,14.77088451385498,17.149999618530273,17.350000381469727,16.850000381469727,17.350000381469727,1134006,,
2022-09-23,14.684757232666016,17.049999237060547,17.149999618530273,17.0,17.149999618530273,867236,,
2022-09-26,14.555564880371094,16.899999618530273,17.049999237060547,16.649999618530273,17.049999237060547,1227580,,
2022-09-27,14.857013702392578,17.25,17.5,16.950000762939453,16.950000762939453,1778433,,
2022-09-28,14.641694068908691,17.0,17.299999237060547,16.950000762939453,17.25,858590,,
2022-09-29,14.684757232666016,17.049999237060547,17.149999618530273,16.950000762939453,17.0,548842,,
2022-09-30,14.813948631286621,17.200000762939453,17.299999237060547,16.899999618530273,17.100000381469727,1123499,,
2022-10-03,14.727821350097656,17.100000381469727,17.299999237060547,17.049999237060547,17.149999618530273,877024,,
2022-10-04,14.77088451385498,17.149999618530273,17.299999237060547,17.049999237060547,17.049999237060547,1091028,,
2022-10-05,14.77088451385498,17.149999618530273,17.25,17.049999237060547,17.100000381469727,730812,,
2022-10-06,15.675224304199219,18.200000762939453,18.350000381469727,17.399999618530273,17.399999618530273,5887018,,
2022-10-07,15.58910083770752,18.100000381469727,18.350000381469727,17.899999618530273,18.299999237060547,2618695,,
2022-10-11,15.7613525390625,18.299999237060547,18.399999618530273,17.799999237060547,17.899999618530273,2585098,,
2022-10-12,15.632161140441895,18.149999618530273,18.649999618530273,18.100000381469727,18.299999237060547,2731205,,
2022-10-13,15.115396499633789,17.549999237060547,18.200000762939453,17.299999237060547,18.0,2826873,,
2022-10-14,15.373777389526367,17.850000381469727,18.0,17.649999618530273,17.850000381469727,928756,,
2022-10-17,15.502968788146973,18.0,18.100000381469727,17.649999618530273,17.799999237060547,1042364,,
2022-10-18,16.105865478515625,18.700000762939453,18.799999237060547,18.100000381469727,18.149999618530273,3035420,,
2022-10-19,16.01973533630371,18.600000381469727,18.850000381469727,18.299999237060547,18.700000762939453,1993843,,
2022-10-20,16.407306671142578,19.049999237060547,19.149999618530273,18.25,18.649999618530273,2120640,,
2022-10-21,16.665693283081055,19.350000381469727,19.350000381469727,18.700000762939453,19.100000381469727,2412078,,
2022-10-24,16.665693283081055,19.350000381469727,20.350000381469727,19.149999618530273,19.600000381469727,7484534,,
2022-10-25,16.19198989868164,18.799999237060547,19.75,18.649999618530273,19.549999237060547,4048913,,
2022-10-26,16.36424446105957,19.0,19.149999618530273,18.200000762939453,18.799999237060547,2206895,,
2022-10-27,16.36424446105957,19.0,19.200000762939453,18.75,19.200000762939453,1768552,,
2022-10-28,16.19198989868164,18.799999237060547,19.200000762939453,18.649999618530273,19.100000381469727,1146567,,
2022-10-31,15.7613525390625,18.299999237060547,19.100000381469727,18.299999237060547,19.100000381469727,1862350,,
2022-11-01,15.244586944580078,17.700000762939453,18.25,17.5,18.25,3038160,,
2022-11-02,15.201522827148438,17.649999618530273,18.0,17.600000381469727,17.649999618530273,1197164,,
2022-11-03,14.900077819824219,17.299999237060547,17.600000381469727,17.049999237060547,17.5,1789150,,
2022-11-04,15.459906578063965,17.950000762939453,17.950000762939453,17.200000762939453,17.200000762939453,917776,,
2022-11-07,15.244586944580078,17.700000762939453,18.299999237060547,17.649999618530273,17.950000762939453,1170359,,
2022-11-08,15.158459663391113,17.600000381469727,17.950000762939453,17.600000381469727,17.799999237060547,780000,,
2022-11-09,15.675224304199219,18.200000762939453,18.299999237060547,17.75,18.049999237060547,1552965,,
2022-11-10,15.58910083770752,18.100000381469727,18.5,18.0,18.450000762939453,686000,,
2022-11-11,16.536500930786133,19.200000762939453,19.350000381469727,18.450000762939453,18.549999237060547,6877999,,
2022-11-14,16.536500930786133,19.200000762939453,19.5,18.899999618530273,19.5,2468683,,
2022-11-15,16.27811622619629,18.899999618530273,19.399999618530273,18.700000762939453,19.399999618530273,1841502,,
2022-11-16,15.847477912902832,18.399999618530273,18.799999237060547,18.399999618530273,18.799999237060547,1385823,,
2022-11-17,16.06279754638672,18.649999618530273,18.950000762939453,18.350000381469727,18.399999618530273,1194580,,
2022-11-18,16.536500930786133,19.200000762939453,19.25,18.75,18.75,1515323,,
2022-11-21,16.235055923461914,18.850000381469727,19.600000381469727,18.850000381469727,19.600000381469727,850500,,
2022-11-22,16.27811622619629,18.899999618530273,19.0,18.700000762939453,18.850000381469727,553432,,
2022-11-23,16.321182250976562,18.950000762939453,19.25,18.850000381469727,19.0,873695,,
2022-11-24,16.36424446105957,19.0,19.149999618530273,18.899999618530273,19.100000381469727,569246,,
2022-11-25,16.105865478515625,18.700000762939453,19.0,18.700000762939453,18.899999618530273,769025,,
2022-11-28,15.976670265197754,18.549999237060547,18.950000762939453,18.549999237060547,18.700000762939453,868915,,
2022-11-29,16.321182250976562,18.950000762939453,19.200000762939453,18.649999618530273,18.649999618530273,1206156,,
2022-11-30,15.933608055114746,18.5,19.299999237060547,18.5,19.100000381469727,4857131,,
2022-12-01,15.890542984008789,18.450000762939453,18.850000381469727,18.299999237060547,18.5,1763256,,
2022-12-02,15.890542984008789,18.450000762939453,18.5,18.350000381469727,18.450000762939453,558396,,
2022-12-05,15.847477912902832,18.399999618530273,18.549999237060547,18.399999618530273,18.450000762939453,469445,,
2022-12-06,15.58910083770752,18.100000381469727,18.5,18.100000381469727,18.450000762939453,974200,,
2022-12-07,15.546031951904297,18.049999237060547,18.299999237060547,17.799999237060547,18.149999618530273,1262912,,
2022-12-08,15.373777389526367,17.850000381469727,18.0,17.700000762939453,17.950000762939453,585001,,
2022-12-09,15.416840553283691,17.899999618530273,17.899999618530273,17.700000762939453,17.850000381469727,342404,,
2022-12-12,15.244586944580078,17.700000762939453,17.899999618530273,17.600000381469727,17.899999618530273,525012,,
2022-12-13,15.890542984008789,18.450000762939453,18.450000762939453,17.700000762939453,17.700000762939453,984500,,
2022-12-14,15.416840553283691,17.899999618530273,18.399999618530273,17.899999618530273,18.399999618530273,795166,,
2022-12-15,15.287649154663086,17.75,17.899999618530273,17.700000762939453,17.899999618530273,440620,,
2022-12-16,15.201522827148438,17.649999618530273,17.799999237060547,17.5,17.700000762939453,588459,,
2022-12-19,15.158459663391113,17.600000381469727,17.75,17.450000762939453,17.450000762939453,627001,,
2022-12-20,14.986202239990234,17.399999618530273,17.600000381469727,17.350000381469727,17.600000381469727,594100,,
2022-12-21,15.029267311096191,17.450000762939453,17.5,17.350000381469727,17.399999618530273,269001,,
2022-12-22,14.986202239990234,17.399999618530273,17.549999237060547,17.350000381469727,17.450000762939453,394149,,
2022-12-23,14.943140983581543,17.350000381469727,17.399999618530273,17.299999237060547,17.399999618530273,359385,,
2022-12-26,14.900077819824219,17.299999237060547,17.450000762939453,17.299999237060547,17.450000762939453,204536,,
2022-12-27,14.900077819824219,17.299999237060547,17.399999618530273,17.25,17.299999237060547,213322,,
2022-12-28,14.857013702392578,17.25,17.399999618530273,17.200000762939453,17.25,255040,,
2022-12-29,14.77088451385498,17.149999618530273,17.25,17.100000381469727,17.200000762939453,499002,,
2022-12-30,14.857013702392578,17.25,17.25,17.100000381469727,17.149999618530273,322038,,
2023-01-03,14.813948631286621,17.200000762939453,17.299999237060547,17.100000381469727,17.299999237060547,386024,,
2023-01-04,14.77088451385498,17.149999618530273,17.200000762939453,17.049999237060547,17.100000381469727,344002,,
2023-01-05,15.072331428527832,17.5,17.5,17.100000381469727,17.149999618530273,330111,,
2023-01-06,15.029267311096191,17.450000762939453,17.549999237060547,17.350000381469727,17.450000762939453,395048,,
2023-01-09,14.943140983581543,17.350000381469727,17.5,17.350000381469727,17.5,401041,,
2023-01-10,14.900077819824219,17.299999237060547,17.5,17.200000762939453,17.350000381469727,468144,,
2023-01-11,14.900077819824219,17.299999237060547,17.649999618530273,17.299999237060547,17.5,661100,,
2023-01-12,14.813948631286621,17.200000762939453,17.299999237060547,17.149999618530273,17.25,343027,,
2023-01-13,14.813948631286621,17.200000762939453,17.25,17.200000762939453,17.25,106371,,
2023-01-16,14.813948631286621,17.200000762939453,17.299999237060547,17.200000762939453,17.200000762939453,200780,,
2023-01-17,14.857013702392578,17.25,17.299999237060547,17.149999618530273,17.200000762939453,290369,,
2023-01-30,15.072331428527832,17.5,17.799999237060547,17.25,17.25,1040255,,
2023-01-31,15.201522827148438,17.649999618530273,17.850000381469727,17.5,17.5,746001,,
2023-02-01,15.201522827148438,17.649999618530273,18.0,17.649999618530273,17.649999618530273,586177,,
2023-02-02,15.287649154663086,17.75,17.850000381469727,17.700000762939453,17.850000381469727,326277,,
2023-02-03,15.287649154663086,17.75,17.75,17.549999237060547,17.700000762939453,512080,,
2023-02-06,15.201522827148438,17.649999618530273,17.799999237060547,17.549999237060547,17.75,601009,,
2023-02-07,15.287649154663086,17.75,17.75,17.549999237060547,17.649999618530273,503236,,
2023-02-08,15.459906578063965,17.950000762939453,17.950000762939453,17.75,17.850000381469727,779535,,
2023-02-09,15.80441951751709,18.350000381469727,18.450000762939453,17.899999618530273,17.950000762939453,1140793,,
2023-02-10,15.546031951904297,18.049999237060547,18.350000381469727,17.950000762939453,18.350000381469727,817074,,
2023-02-13,15.201522827148438,17.649999618530273,18.049999237060547,17.549999237060547,18.049999237060547,880011,,
2023-02-14,15.201522827148438,17.649999618530273,17.75,17.549999237060547,17.700000762939453,366003,,
2023-02-15,15.201522827148438,17.649999618530273,17.700000762939453,17.549999237060547,17.600000381469727,233035,,
2023-02-16,15.287649154663086,17.75,17.75,17.600000381469727,17.649999618530273,274111,,
2023-02-17,15.244586944580078,17.700000762939453,17.899999618530273,17.700000762939453,17.75,235014,,
2023-02-20,15.158459663391113,17.600000381469727,17.75,17.450000762939453,17.700000762939453,562290,,
2023-02-21,15.115396499633789,17.549999237060547,17.700000762939453,17.5,17.600000381469727,408500,,
2023-02-22,15.072331428527832,17.5,17.600000381469727,17.5,17.5,235220,,
2023-02-23,14.986202239990234,17.399999618530273,17.600000381469727,17.350000381469727,17.5,581002,,
2023-02-24,15.158459663391113,17.600000381469727,17.600000381469727,17.25,17.450000762939453,604903,,
2023-03-01,14.986202239990234,17.399999618530273,17.700000762939453,17.399999618530273,17.600000381469727,377000,,
2023-03-02,15.029267311096191,17.450000762939453,17.5,17.299999237060547,17.399999618530273,390004,,
2023-03-03,15.115396499633789,17.549999237060547,17.600000381469727,17.350000381469727,17.450000762939453,480001,,
2023-03-06,15.158459663391113,17.600000381469727,17.700000762939453,17.549999237060547,17.600000381469727,389003,,
2023-03-07,15.33071517944336,17.799999237060547,18.100000381469727,17.649999618530273,17.649999618530273,855002,,
2023-03-08,15.201522827148438,17.649999618530273,17.850000381469727,17.399999618530273,17.799999237060547,670735,,
2023-03-09,14.986202239990234,17.399999618530273,17.649999618530273,17.399999618530273,17.649999618530273,589008,,
2023-03-10,15.115396499633789,17.549999237060547,17.549999237060547,17.350000381469727,17.399999618530273,481001,,
2023-03-13,15.029267311096191,17.450000762939453,17.5,17.350000381469727,17.5,458005,,
2023-03-14,15.029267311096191,17.450000762939453,17.549999237060547,17.350000381469727,17.399999618530273,293001,,
2023-03-15,14.943140983581543,17.350000381469727,17.600000381469727,17.350000381469727,17.549999237060547,333001,,
2023-03-16,15.373777389526367,17.850000381469727,18.100000381469727,17.5,17.549999237060547,1409005,,
2023-03-17,15.373777389526367,17.850000381469727,18.049999237060547,17.799999237060547,17.950000762939453,522003,,
2023-03-20,15.158459663391113,17.600000381469727,17.850000381469727,17.549999237060547,17.850000381469727,334002,,
2023-03-21,15.158459663391113,17.600000381469727,17.899999618530273,17.600000381469727,17.899999618530273,264002,,
2023-03-22,15.33071517944336,17.799999237060547,17.799999237060547,17.600000381469727,17.75,541962,,
2023-03-23,15.416840553283691,17.899999618530273,18.100000381469727,17.799999237060547,17.799999237060547,806002,,
2023-03-24,15.373777389526367,17.850000381469727,18.0,17.850000381469727,17.950000762939453,320131,,
2023-03-27,15.675224304199219,18.200000762939453,18.350000381469727,17.850000381469727,17.850000381469727,1214200,,
2023-03-28,15.890542984008789,18.450000762939453,18.5,18.049999237060547,18.100000381469727,980616,,
2023-03-29,15.80441951751709,18.350000381469727,18.649999618530273,18.350000381469727,18.450000762939453,1113242,,
2023-03-30,16.034147262573242,18.200000762939453,18.350000381469727,18.049999237060547,18.149999618530273,708261,,
2023-03-31,16.12224578857422,18.299999237060547,18.299999237060547,18.049999237060547,18.200000762939453,550224,,
2023-04-06,16.474647521972656,18.700000762939453,18.75,18.25,18.25,1036482,,
2023-04-07,16.827043533325195,19.100000381469727,19.200000762939453,18.600000381469727,18.700000762939453,1469182,,
2023-04-10,16.95919418334961,19.25,19.75,19.100000381469727,19.200000762939453,1675020,,
2023-04-11,16.738943099975586,19.0,19.25,18.799999237060547,19.25,974004,,
2023-04-12,17.047292709350586,19.350000381469727,19.399999618530273,18.700000762939453,18.950000762939453,885186,,
2023-04-13,16.915143966674805,19.200000762939453,19.600000381469727,19.200000762939453,19.399999618530273,725002,,
2023-04-14,17.00324249267578,19.299999237060547,19.299999237060547,19.149999618530273,19.200000762939453,378049,,
2023-04-17,16.871091842651367,19.149999618530273,19.299999237060547,19.100000381469727,19.25,565001,,
2023-04-18,16.738943099975586,19.0,19.149999618530273,18.950000762939453,19.149999618530273,423891,,
2023-04-19,16.915143966674805,19.200000762939453,19.25,18.950000762939453,19.0,804794,,
2023-04-20,16.694896697998047,18.950000762939453,19.200000762939453,18.850000381469727,19.200000762939453,513000,,
2023-04-21,17.223491668701172,19.549999237060547,19.600000381469727,19.0,19.0,965980,,
2023-04-24,17.09134292602539,19.399999618530273,19.649999618530273,19.200000762939453,19.5,1022083,,
2023-04-25,17.355640411376953,19.700000762939453,19.899999618530273,19.450000762939453,19.5,1192035,,
2023-04-26,17.575891494750977,19.950000762939453,19.950000762939453,19.600000381469727,19.75,1441558,,
2023-04-27,18.809288024902344,21.350000381469727,21.799999237060547,19.899999618530273,20.0,5265428,,
2023-04-28,19.470033645629883,22.100000381469727,22.649999618530273,21.5,21.5,3273741,,
2023-05-02,20.48318099975586,23.25,23.5,22.200000762939453,22.299999237060547,3991589,,
2023-05-03,19.778383255004883,22.450000762939453,23.649999618530273,21.899999618530273,23.649999618530273,3823496,,
2023-05-04,19.778383255004883,22.450000762939453,22.75,21.950000762939453,22.75,1289883,,
2023-05-05,19.337886810302734,21.950000762939453,22.25,21.700000762939453,22.25,1431297,,
2023-05-08,19.690284729003906,22.350000381469727,22.399999618530273,21.649999618530273,21.899999618530273,1681922,,
2023-05-09,19.646230697631836,22.299999237060547,22.649999618530273,21.899999618530273,22.350000381469727,1058000,,
2023-05-10,19.82243537902832,22.5,22.5,22.200000762939453,22.25,636352,,
2023-05-11,19.249788284301758,21.850000381469727,22.5,21.700000762939453,22.5,1459663,,
2023-05-12,19.425983428955078,22.049999237060547,22.25,21.700000762939453,21.75,369001,,
2023-05-15,20.086732864379883,22.799999237060547,23.049999237060547,21.899999618530273,21.899999618530273,1618436,,
2023-05-16,20.174833297729492,22.899999618530273,23.149999618530273,22.350000381469727,22.649999618530273,1292054,,
2023-05-17,20.48318099975586,23.25,23.700000762939453,22.700000762939453,22.700000762939453,2133105,,
2023-05-18,19.910531997680664,22.600000381469727,23.649999618530273,22.549999237060547,23.100000381469727,1727768,,
2023-05-19,19.99863624572754,22.700000762939453,22.799999237060547,22.5,22.5,745319,,
2023-05-22,19.910531997680664,22.600000381469727,22.950000762939453,22.600000381469727,22.600000381469727,514001,,
2023-05-23,20.174833297729492,22.899999618530273,23.200000762939453,22.200000762939453,22.600000381469727,1120042,,
2023-05-24,20.130783081054688,22.850000381469727,23.200000762939453,22.75,22.899999618530273,629371,,
2023-05-25,20.130783081054688,22.850000381469727,22.950000762939453,22.600000381469727,22.600000381469727,514101,,
2023-05-26,20.395078659057617,23.149999618530273,23.200000762939453,22.649999618530273,22.649999618530273,1532019,,
2023-05-29,20.306982040405273,23.049999237060547,23.5,23.049999237060547,23.200000762939453,1212459,,
2023-05-30,20.48318099975586,23.25,23.399999618530273,23.149999618530273,23.399999618530273,896594,,
2023-05-31,20.174833297729492,22.899999618530273,24.899999618530273,22.799999237060547,23.299999237060547,4218652,,
2023-06-01,20.306982040405273,23.049999237060547,23.299999237060547,22.5,23.0,2622566,,
2023-06-02,20.879629135131836,23.700000762939453,23.700000762939453,23.049999237060547,23.049999237060547,1600062,,
2023-06-05,21.408227920532227,24.299999237060547,24.399999618530273,23.5,23.700000762939453,2580990,,
2023-06-06,22.024927139282227,25.0,25.0,24.200000762939453,24.299999237060547,3427933,,
2023-06-07,21.364177703857422,24.25,25.299999237060547,23.75,25.100000381469727,4220045,,
2023-06-08,21.540380477905273,24.450000762939453,24.75,23.899999618530273,24.299999237060547,1213328,,
2023-06-09,21.804676055908203,24.75,25.149999618530273,24.399999618530273,24.450000762939453,1068296,,
2023-06-12,21.804676055908203,24.75,25.0,24.549999237060547,25.0,647386,,
2023-06-13,21.89277458190918,24.850000381469727,25.0,24.649999618530273,24.649999618530273,554405,,
2023-06-14,21.89277458190918,24.850000381469727,25.049999237060547,24.850000381469727,24.950000762939453,663568,,
2023-06-15,22.421377182006836,25.450000762939453,25.450000762939453,24.799999237060547,24.850000381469727,1547925,,
2023-06-16,21.936826705932617,24.899999618530273,25.649999618530273,24.549999237060547,25.450000762939453,1748600,,
2023-06-19,21.89277458190918,24.850000381469727,25.0,24.799999237060547,25.0,665360,,
2023-06-20,21.45227813720703,24.350000381469727,24.850000381469727,24.25,24.850000381469727,1346256,,
2023-06-21,21.408227920532227,24.299999237060547,24.600000381469727,24.200000762939453,24.200000762939453,613047,,
2023-06-26,21.320133209228516,24.200000762939453,24.350000381469727,24.149999618530273,24.149999618530273,538823,,
2023-06-27,21.364177703857422,24.25,24.450000762939453,24.049999237060547,24.100000381469727,500102,,
2023-06-28,21.540380477905273,24.450000762939453,24.700000762939453,24.100000381469727,24.25,815590,,
2023-06-29,21.320133209228516,24.200000762939453,24.799999237060547,24.200000762939453,24.450000762939453,678322,,
2023-06-30,21.143930435180664,24.0,24.299999237060547,23.899999618530273,24.299999237060547,815018,,
2023-07-03,21.408227920532227,24.299999237060547,24.450000762939453,23.899999618530273,23.899999618530273,630441,,
2023-07-04,21.09988021850586,23.950000762939453,24.299999237060547,23.899999618530273,24.299999237060547,741325,,
2023-07-05,21.276079177856445,24.149999618530273,24.25,23.950000762939453,23.950000762939453,434999,,
2023-07-06,21.055828094482422,23.899999618530273,24.399999618530273,23.799999237060547,24.200000762939453,1085013,,
2023-07-07,21.01177978515625,23.850000381469727,23.950000762939453,23.700000762939453,23.899999618530273,532002,,
2023-07-10,21.01177978515625,23.850000381469727,24.149999618530273,23.799999237060547,23.850000381469727,407001,,
2023-07-11,20.967727661132812,23.799999237060547,23.899999618530273,23.700000762939453,23.850000381469727,623215,,
2023-07-12,20.747480392456055,23.549999237060547,23.799999237060547,23.450000762939453,23.799999237060547,954002,,
2023-07-13,20.70343017578125,23.5,23.799999237060547,23.5,23.549999237060547,673156,,
2023-07-14,21.055828094482422,23.899999618530273,24.0,23.450000762939453,23.5,1056227,,
2023-07-17,20.48318099975586,23.25,23.899999618530273,23.149999618530273,23.850000381469727,1570239,,
2023-07-18,20.747480392456055,23.549999237060547,23.549999237060547,23.049999237060547,23.100000381469727,1086003,,
2023-07-19,20.306982040405273,23.049999237060547,24.149999618530273,23.049999237060547,23.950000762939453,1216452,,
2023-07-20,20.571279525756836,23.350000381469727,23.450000762939453,23.100000381469727,23.100000381469727,207524,,
2023-07-21,20.48318099975586,23.25,23.399999618530273,23.200000762939453,23.350000381469727,284280,,
2023-07-24,20.527231216430664,23.299999237060547,23.450000762939453,23.100000381469727,23.350000381469727,364765,,
2023-07-25,20.70343017578125,23.5,23.600000381469727,23.350000381469727,23.350000381469727,343961,,
2023-07-26,20.65938377380371,23.450000762939453,23.850000381469727,23.450000762939453,23.5,806642,,
2023-07-27,20.79153060913086,23.600000381469727,23.700000762939453,23.5,23.700000762939453,218193,,
2023-07-28,20.571279525756836,23.350000381469727,23.549999237060547,23.299999237060547,23.549999237060547,373145,,
2023-07-31,21.584428787231445,24.5,24.600000381469727,23.5,23.799999237060547,2145114,,
2023-08-01,21.89277458190918,24.850000381469727,25.0,24.25,24.5,1581693,,
2023-08-02,21.89277458190918,24.850000381469727,25.399999618530273,24.549999237060547,24.899999618530273,2331233,,
2023-08-04,22.861873626708984,25.950000762939453,26.700000762939453,25.0,25.0,3400564,,
2023-08-07,23.126171112060547,26.25,26.5,26.0,26.299999237060547,1392692,,
2023-08-08,23.302370071411133,26.450000762939453,26.450000762939453,26.0,26.299999237060547,1142727,,
2023-08-09,22.729724884033203,25.799999237060547,26.399999618530273,25.649999618530273,26.149999618530273,1322688,,
2023-08-10,22.81782341003418,25.899999618530273,26.200000762939453,25.149999618530273,25.600000381469727,982463,,
2023-08-11,22.729724884033203,25.799999237060547,26.25,25.649999618530273,25.950000762939453,580647,,
2023-08-14,22.333274841308594,25.350000381469727,25.75,25.149999618530273,25.5,1048535,,
2023-08-15,22.3773250579834,25.399999618530273,25.75,25.0,25.350000381469727,556001,,
2023-08-16,22.3773250579834,25.399999618530273,25.5,25.0,25.399999618530273,630405,,
2023-08-17,22.861873626708984,25.950000762939453,26.100000381469727,25.350000381469727,25.399999618530273,774853,,
2023-08-18,22.465425491333008,25.5,26.0,25.200000762939453,25.950000762939453,736335,,
2023-08-21,22.333274841308594,25.350000381469727,25.649999618530273,25.200000762939453,25.5,367600,,
2023-08-22,22.157075881958008,25.149999618530273,25.350000381469727,25.049999237060547,25.350000381469727,543140,,
2023-08-23,22.245176315307617,25.25,25.350000381469727,25.149999618530273,25.299999237060547,166002,,
2023-08-24,22.024927139282227,25.0,25.350000381469727,24.899999618530273,25.350000381469727,569204,,
2023-08-25,22.113025665283203,25.100000381469727,25.299999237060547,25.0,25.0,330700,,
2023-08-28,22.28922462463379,25.299999237060547,25.399999618530273,24.950000762939453,25.200000762939453,426033,,
2023-08-29,22.729724884033203,25.799999237060547,25.850000381469727,25.25,25.350000381469727,515060,,
2023-08-30,22.729724884033203,25.799999237060547,26.25,25.600000381469727,26.0,753143,,
2023-08-31,22.201126098632812,25.200000762939453,25.899999618530273,25.149999618530273,25.899999618530273,927899,,
2023-09-01,22.333274841308594,25.350000381469727,25.350000381469727,25.100000381469727,25.200000762939453,840000,,
2023-09-04,22.201126098632812,25.200000762939453,25.5,25.200000762939453,25.350000381469727,316002,,
2023-09-05,22.421377182006836,25.450000762939453,25.5,25.200000762939453,25.200000762939453,286437,,
2023-09-06,22.201126098632812,25.200000762939453,25.5,25.100000381469727,25.450000762939453,643000,,
2023-09-07,22.157075881958008,25.149999618530273,25.299999237060547,25.0,25.200000762939453,312823,,
2023-09-08,22.024927139282227,25.0,25.149999618530273,25.0,25.0,462218,,
2023-09-11,21.980876922607422,24.950000762939453,25.5,24.950000762939453,25.5,492744,,
2023-09-12,21.980876922607422,24.950000762939453,25.0,24.850000381469727,24.950000762939453,325002,,
2023-09-13,22.333274841308594,25.350000381469727,25.350000381469727,24.950000762939453,25.200000762939453,448177,,
2023-09-14,22.3773250579834,25.399999618530273,25.700000762939453,25.100000381469727,25.100000381469727,317167,,
2023-09-15,22.465425491333008,25.5,25.5,25.25,25.399999618530273,284088,,
2023-09-18,22.245176315307617,25.25,25.5,25.100000381469727,25.5,189001,,
2023-09-19,22.157075881958008,25.149999618530273,25.299999237060547,25.0,25.25,239285,,
2023-09-20,22.157075881958008,25.149999618530273,25.299999237060547,25.100000381469727,25.149999618530273,359083,,
2023-09-21,22.157075881958008,25.149999618530273,25.200000762939453,24.950000762939453,24.950000762939453,227150,,
2023-09-22,22.157075881958008,25.149999618530273,25.299999237060547,25.100000381469727,25.100000381469727,424769,,
2023-09-25,22.157075881958008,25.149999618530273,25.25,25.149999618530273,25.200000762939453,372038,,
2023-09-26,22.157075881958008,25.149999618530273,25.25,25.100000381469727,25.149999618530273,313300,,
2023-09-27,22.905925750732422,26.0,26.0,25.149999618530273,25.200000762939453,1982200,,
2023-09-28,23.214271545410156,26.350000381469727,26.350000381469727,25.700000762939453,26.0,1387050,,
2023-10-02,23.302370071411133,26.450000762939453,26.5,26.25,26.299999237060547,908948,,
2023-10-03,23.87502098083496,27.100000381469727,27.350000381469727,26.25,26.5,2705827,,
2023-10-04,23.34642219543457,26.5,27.299999237060547,26.399999618530273,27.200000762939453,1281662,,
2023-10-05,23.610719680786133,26.799999237060547,27.100000381469727,26.25,26.5,839001,,
2023-10-06,23.17022132873535,26.299999237060547,26.799999237060547,26.149999618530273,26.799999237060547,1004301,,
2023-10-11,23.522621154785156,26.700000762939453,26.899999618530273,26.350000381469727,26.350000381469727,672010,,
2023-10-12,23.566673278808594,26.75,26.799999237060547,26.5,26.700000762939453,474324,,
2023-10-13,23.919071197509766,27.149999618530273,27.350000381469727,26.75,26.899999618530273,1381449,,
2023-10-16,23.919071197509766,27.149999618530273,27.75,26.899999618530273,27.200000762939453,1073166,,
2023-10-17,24.40361785888672,27.700000762939453,27.700000762939453,27.200000762939453,27.299999237060547,759702,,
2023-10-18,24.007169723510742,27.25,27.649999618530273,26.899999618530273,27.649999618530273,1707975,,
2023-10-19,24.051219940185547,27.299999237060547,27.350000381469727,26.899999618530273,26.899999618530273,418200,,
2023-10-20,24.139320373535156,27.399999618530273,27.399999618530273,26.950000762939453,27.25,386364,,
2023-10-23,24.051219940185547,27.299999237060547,27.450000762939453,27.149999618530273,27.450000762939453,332750,,
2023-10-24,24.09526824951172,27.350000381469727,27.399999618530273,27.049999237060547,27.25,240039,,
2023-10-25,24.051219940185547,27.299999237060547,27.399999618530273,27.25,27.299999237060547,117172,,
2023-10-26,23.78691864013672,27.0,27.399999618530273,26.850000381469727,27.399999618530273,922301,,
2023-10-27,23.830970764160156,27.049999237060547,27.299999237060547,26.899999618530273,27.0,616002,,
2023-10-30,24.09526824951172,27.350000381469727,27.399999618530273,27.100000381469727,27.200000762939453,212031,,
2023-10-31,23.78691864013672,27.0,27.25,26.799999237060547,27.200000762939453,657166,,
2023-11-01,23.830970764160156,27.049999237060547,27.399999618530273,26.899999618530273,27.399999618530273,548000,,
2023-11-02,24.007169723510742,27.25,27.350000381469727,27.049999237060547,27.100000381469727,200392,,
2023-11-03,24.007169723510742,27.25,27.299999237060547,26.899999618530273,27.299999237060547,419000,,
2023-11-06,24.007169723510742,27.25,27.299999237060547,27.149999618530273,27.25,276237,,
2023-11-07,24.888168334960938,28.25,28.25,27.299999237060547,27.399999618530273,2104133,,
2023-11-08,24.888168334960938,28.25,28.549999237060547,27.899999618530273,28.5,1216866,,
2023-11-09,24.62386703491211,27.950000762939453,28.25,27.899999618530273,28.25,509477,,
2023-11-10,24.315519332885742,27.600000381469727,27.950000762939453,27.049999237060547,27.950000762939453,1602001,,
2023-11-13,24.2274169921875,27.5,27.75,27.399999618530273,27.75,349167,,
2023-11-14,24.18337059020996,27.450000762939453,27.700000762939453,27.399999618530273,27.600000381469727,546001,,
2023-11-15,24.139320373535156,27.399999618530273,27.75,27.399999618530273,27.450000762939453,820338,,
2023-11-16,24.139320373535156,27.399999618530273,27.549999237060547,27.350000381469727,27.549999237060547,420905,,
2023-11-17,24.2274169921875,27.5,27.700000762939453,27.399999618530273,27.700000762939453,359663,,
2023-11-20,24.139320373535156,27.399999618530273,27.700000762939453,27.299999237060547,27.700000762939453,694350,,
2023-11-21,24.491716384887695,27.799999237060547,28.100000381469727,27.549999237060547,27.549999237060547,758002,,
2023-11-22,24.667917251586914,28.0,28.100000381469727,27.850000381469727,27.899999618530273,659318,,
2023-11-23,25.372713088989258,28.799999237060547,28.899999618530273,28.0,28.0,1699456,,
2023-11-24,25.24056625366211,28.649999618530273,28.950000762939453,28.450000762939453,28.899999618530273,696003,,
2023-11-27,25.108415603637695,28.5,28.850000381469727,28.450000762939453,28.850000381469727,299438,,
2023-11-28,25.372713088989258,28.799999237060547,28.950000762939453,28.600000381469727,28.600000381469727,630000,,
2023-11-29,25.63701820373535,29.100000381469727,29.149999618530273,28.700000762939453,28.950000762939453,666757,,
2023-11-30,27.487110137939453,31.200000762939453,31.200000762939453,29.149999618530273,29.200000762939453,4960758,,
2023-12-01,27.354957580566406,31.049999237060547,31.149999618530273,30.5,30.899999618530273,1504824,,
2023-12-04,28.324054718017578,32.150001525878906,32.25,30.399999618530273,31.049999237060547,2068003,,
2023-12-05,29.072904586791992,33.0,33.400001525878906,32.04999923706055,32.20000076293945,3522303,,
2023-12-06,30.482500076293945,34.599998474121094,34.650001525878906,33.04999923706055,33.04999923706055,3369340,,
2023-12-07,29.68959617614746,33.70000076293945,34.95000076293945,33.70000076293945,34.599998474121094,2380572,,
2023-12-08,29.909847259521484,33.95000076293945,34.04999923706055,33.349998474121094,33.900001525878906,952460,,
2023-12-11,30.086050033569336,34.150001525878906,34.599998474121094,33.79999923706055,34.099998474121094,1184157,,
2023-12-12,30.438447952270508,34.54999923706055,34.599998474121094,33.900001525878906,34.0,973041,,
2023-12-13,31.055145263671875,35.25,35.400001525878906,34.400001525878906,34.70000076293945,1644839,,
2023-12-14,32.420692443847656,36.79999923706055,36.849998474121094,35.099998474121094,35.45000076293945,3592381,,
2023-12-15,31.363496780395508,35.599998474121094,37.5,35.599998474121094,36.79999923706055,2370664,,
2023-12-18,31.980192184448242,36.29999923706055,36.400001525878906,35.099998474121094,35.599998474121094,1304976,,
2023-12-19,31.31945037841797,35.54999923706055,36.349998474121094,35.099998474121094,36.29999923706055,1857308,,
2023-12-20,31.011098861694336,35.20000076293945,35.849998474121094,35.04999923706055,35.5,1284572,,
2023-12-21,30.438447952270508,34.54999923706055,35.0,34.349998474121094,35.0,1624377,,
2023-12-22,30.526548385620117,34.650001525878906,34.79999923706055,34.349998474121094,34.54999923706055,696420,,
2023-12-25,30.482500076293945,34.599998474121094,35.150001525878906,34.5,35.150001525878906,698302,,
2023-12-26,30.482500076293945,34.599998474121094,34.599998474121094,34.29999923706055,34.29999923706055,987037,,
2023-12-27,30.39440155029297,34.5,34.70000076293945,34.349998474121094,34.45000076293945,1279735,,
2023-12-28,31.539691925048828,35.79999923706055,35.79999923706055,34.54999923706055,34.54999923706055,1145093,,
2023-12-29,31.583744049072266,35.849998474121094,35.95000076293945,35.099998474121094,35.95000076293945,944376,,
2024-01-02,31.803993225097656,36.099998474121094,36.29999923706055,35.599998474121094,35.849998474121094,652347,,
2024-01-03,32.420692443847656,36.79999923706055,37.0,35.900001525878906,36.099998474121094,1864224,,
2024-01-04,33.21359634399414,37.70000076293945,37.70000076293945,36.70000076293945,36.79999923706055,2586119,,
2024-01-05,33.65408706665039,38.20000076293945,38.5,37.54999923706055,37.650001525878906,2472840,,
2024-01-08,31.45159912109375,35.70000076293945,38.900001525878906,34.900001525878906,38.29999923706055,5909202,,
2024-01-09,32.02424621582031,36.349998474121094,36.45000076293945,35.099998474121094,35.70000076293945,2139032,,
2024-01-10,32.86118698120117,37.29999923706055,37.45000076293945,36.099998474121094,36.349998474121094,1694089,,
2024-01-11,32.993343353271484,37.45000076293945,37.70000076293945,36.650001525878906,37.25,2739489,,
2024-01-12,32.596893310546875,37.0,37.54999923706055,36.75,37.45000076293945,1040772,,
2024-01-15,33.34573745727539,37.849998474121094,37.849998474121094,36.900001525878906,37.0,1452988,,
2024-01-16,32.817134857177734,37.25,37.75,37.0,37.29999923706055,1007221,,
2024-01-17,32.55284118652344,36.95000076293945,37.849998474121094,36.45000076293945,37.849998474121094,1559402,,
2024-01-18,32.596893310546875,37.0,37.400001525878906,36.650001525878906,36.650001525878906,511408,,
2024-01-19,32.68498992919922,37.099998474121094,37.29999923706055,36.54999923706055,37.04999923706055,802273,,
2024-01-22,32.420692443847656,36.79999923706055,37.599998474121094,36.599998474121094,37.20000076293945,893380,,
2024-01-23,32.55284118652344,36.95000076293945,37.150001525878906,36.54999923706055,36.79999923706055,502184,,
2024-01-24,32.817134857177734,37.25,37.45000076293945,36.75,36.95000076293945,1279998,,
2024-01-25,32.64094161987305,37.04999923706055,37.54999923706055,37.0,37.20000076293945,704000,,
2024-01-26,32.86118698120117,37.29999923706055,37.599998474121094,37.04999923706055,37.099998474121094,568200,,
2024-01-29,33.34573745727539,37.849998474121094,38.099998474121094,37.099998474121094,37.25,1290200,,
2024-01-30,33.389793395996094,37.900001525878906,38.349998474121094,37.70000076293945,37.79999923706055,1117595,,
2024-01-31,33.389793395996094,37.900001525878906,38.400001525878906,37.70000076293945,37.900001525878906,1078100,,
2024-02-01,33.08143997192383,37.54999923706055,38.29999923706055,37.29999923706055,38.150001525878906,1471221,,
2024-02-02,33.037391662597656,37.5,38.0,37.349998474121094,37.900001525878906,557401,,
2024-02-05,33.34573745727539,37.849998474121094,37.900001525878906,37.349998474121094,37.599998474121094,719000,,
2024-02-15,32.993343353271484,37.45000076293945,37.70000076293945,36.79999923706055,37.5,2013001,,
2024-02-16,32.15638732910156,36.5,37.349998474121094,36.29999923706055,37.25,3141244,,
2024-02-19,33.61003494262695,38.150001525878906,38.349998474121094,35.900001525878906,36.5,3877066,,
2024-02-20,33.21359634399414,37.70000076293945,39.54999923706055,37.70000076293945,38.150001525878906,3183421,,
2024-02-21,33.61003494262695,38.150001525878906,38.349998474121094,37.54999923706055,37.900001525878906,1191722,,
2024-02-22,33.91838836669922,38.5,38.75,37.900001525878906,38.20000076293945,1621248,,
2024-02-23,34.27078628540039,38.900001525878906,39.400001525878906,38.5,38.75,1415416,,
2024-02-26,33.786231994628906,38.349998474121094,39.20000076293945,38.25,39.20000076293945,970223,,
2024-02-27,33.962440490722656,38.54999923706055,38.900001525878906,38.349998474121094,38.349998474121094,1300544,,
2024-02-29,33.433834075927734,37.95000076293945,38.95000076293945,37.79999923706055,38.95000076293945,1880582,,
2024-03-01,33.65408706665039,38.20000076293945,38.599998474121094,37.849998474121094,37.849998474121094,860454,,
2024-03-04,33.65408706665039,38.20000076293945,38.349998474121094,38.0,38.25,482091,,
2024-03-05,33.87434005737305,38.45000076293945,38.45000076293945,38.099998474121094,38.20000076293945,678101,,
2024-03-06,34.00648498535156,38.599998474121094,38.79999923706055,38.29999923706055,38.400001525878906,1246158,,
2024-03-07,34.31483840942383,38.95000076293945,39.0,38.29999923706055,38.650001525878906,1593850,,
2024-03-08,34.667236328125,39.349998474121094,39.349998474121094,38.599998474121094,38.95000076293945,1540060,,
2024-03-11,35.06368637084961,39.79999923706055,39.79999923706055,38.75,39.349998474121094,2448637,,
2024-03-12,37.04592514038086,42.04999923706055,42.79999923706055,40.0,40.0,4682797,,
2024-03-13,37.83882522583008,42.95000076293945,44.349998474121094,41.5,42.150001525878906,3762109,,
2024-03-14,38.36741638183594,43.54999923706055,43.70000076293945,42.70000076293945,43.099998474121094,2370556,,
2024-03-15,38.587669372558594,43.79999923706055,44.650001525878906,43.5,43.650001525878906,2728271,,
2024-03-18,36.208980560302734,41.099998474121094,44.29999923706055,39.70000076293945,43.5,6135103,,
2024-03-19,36.64947509765625,41.599998474121094,41.900001525878906,41.099998474121094,41.099998474121094,1105634,,
2024-03-20,35.76848220825195,40.599998474121094,42.599998474121094,40.099998474121094,42.599998474121094,2009470,,
2024-03-21,35.63633346557617,40.45000076293945,41.04999923706055,40.25,40.650001525878906,1025075,,
2024-03-22,35.592281341552734,40.400001525878906,41.04999923706055,40.25,40.5,871411,,
2024-03-25,36.78163146972656,41.75,41.79999923706055,40.29999923706055,40.400001525878906,1546768,,
2024-03-26,36.605430603027344,41.54999923706055,42.29999923706055,41.29999923706055,42.099998474121094,1002103,,
2024-03-27,38.05907440185547,43.20000076293945,43.650001525878906,41.54999923706055,41.54999923706055,2665298,,
2024-03-28,39.512718200683594,44.849998474121094,44.849998474121094,43.099998474121094,43.099998474121094,2429299,,
2024-03-29,38.896018981933594,44.150001525878906,46.0,44.150001525878906,45.54999923706055,2274000,,
2024-04-01,39.33652114868164,44.650001525878906,45.0,43.95000076293945,45.0,1416267,,
2024-04-02,41.80331039428711,47.45000076293945,47.70000076293945,44.70000076293945,44.900001525878906,5272397,,
2024-04-03,41.75925827026367,47.400001525878906,48.04999923706055,46.349998474121094,47.650001525878906,1952964,,
2024-04-08,43.917701721191406,49.849998474121094,49.900001525878906,47.54999923706055,47.75,4104528,,
2024-04-09,44.66654968261719,50.70000076293945,50.70000076293945,49.400001525878906,50.20000076293945,3205037,,
2024-04-10,45.72374725341797,51.900001525878906,51.900001525878906,50.29999923706055,50.29999923706055,2237278,,
2024-04-11,45.72374725341797,51.900001525878906,53.5,51.5,52.0,3953978,,
2024-04-12,46.869041442871094,53.20000076293945,53.20000076293945,50.400001525878906,51.70000076293945,3104702,,
2024-04-15,47.30954360961914,53.70000076293945,54.099998474121094,52.599998474121094,53.20000076293945,2432172,,
2024-04-16,45.28324890136719,51.400001525878906,53.5,50.70000076293945,53.5,3117456,,
2024-04-17,46.604740142822266,52.900001525878906,53.20000076293945,51.099998474121094,51.599998474121094,2173846,,
2024-04-18,47.57383728027344,54.0,54.0,52.599998474121094,52.900001525878906,1600901,,
2024-04-19,46.69284439086914,53.0,54.400001525878906,51.70000076293945,53.900001525878906,3062075,,
2024-04-22,45.811851501464844,52.0,55.0,51.29999923706055,53.29999923706055,3923674,,
2024-04-23,46.252342224121094,52.5,52.79999923706055,51.0,52.79999923706055,1803592,,
2024-04-24,45.9880485534668,52.20000076293945,53.099998474121094,51.70000076293945,52.70000076293945,1415360,,
2024-04-25,45.934635162353516,51.599998474121094,52.400001525878906,51.29999923706055,52.0,893447,,
2024-04-26,44.955406188964844,50.5,52.0,50.400001525878906,51.900001525878906,1938012,,
2024-04-29,45.756595611572266,51.400001525878906,51.400001525878906,49.25,50.29999923706055,3299900,,
2024-04-30,45.66756820678711,51.29999923706055,52.0,49.70000076293945,52.0,1773857,,
2024-05-02,47.00288009643555,52.79999923706055,53.29999923706055,50.70000076293945,51.400001525878906,3188281,,
2024-05-03,48.872314453125,54.900001525878906,55.0,52.400001525878906,52.79999923706055,3971589,,
2024-05-06,48.07112503051758,54.0,55.20000076293945,53.599998474121094,55.099998474121094,2414498,,
2024-05-07,44.06520080566406,49.5,54.400001525878906,49.5,53.900001525878906,5718457,,
2024-05-08,41.928707122802734,47.099998474121094,50.0,46.95000076293945,49.54999923706055,3899881,,
2024-05-09,41.57262420654297,46.70000076293945,47.79999923706055,46.70000076293945,47.0,2088499,,
2024-05-10,42.37380599975586,47.599998474121094,47.900001525878906,46.29999923706055,46.79999923706055,1876389,,
2024-05-13,43.264015197753906,48.599998474121094,49.400001525878906,46.650001525878906,47.20000076293945,1385849,,
2024-05-14,41.12752151489258,46.20000076293945,49.349998474121094,46.150001525878906,48.54999923706055,2175823,,
2024-05-15,40.99399185180664,46.04999923706055,47.099998474121094,45.75,46.0,1822569,,
2024-05-16,42.106746673583984,47.29999923706055,47.650001525878906,46.150001525878906,46.150001525878906,1102217,,
2024-05-17,42.50733947753906,47.75,47.95000076293945,47.29999923706055,47.29999923706055,624237,,
2024-05-20,42.81890869140625,48.099998474121094,49.0,47.54999923706055,47.900001525878906,1262588,,
2024-05-21,42.01772689819336,47.20000076293945,48.099998474121094,47.099998474121094,48.099998474121094,815155,,
2024-05-22,41.750667572021484,46.900001525878906,47.349998474121094,46.75,47.20000076293945,658020,,
2024-05-23,41.12752151489258,46.20000076293945,46.70000076293945,45.54999923706055,46.70000076293945,1338112,,
2024-05-24,42.01772689819336,47.20000076293945,47.75,45.79999923706055,46.20000076293945,992448,,
2024-05-27,41.7951774597168,46.95000076293945,47.400001525878906,46.70000076293945,47.20000076293945,561136,,
2024-05-28,41.88419723510742,47.04999923706055,47.70000076293945,46.900001525878906,47.0,677307,,
2024-05-29,42.50733947753906,47.75,48.400001525878906,46.95000076293945,47.20000076293945,1029956,,
2024-05-30,42.15126037597656,47.349998474121094,48.29999923706055,47.20000076293945,47.54999923706055,681108,,
2024-05-31,44.24324417114258,49.70000076293945,49.70000076293945,47.599998474121094,48.150001525878906,2702277,,
2024-06-03,44.15422439575195,49.599998474121094,50.20000076293945,48.099998474121094,49.79999923706055,2365414,,
2024-06-04,43.53107833862305,48.900001525878906,50.79999923706055,48.5,50.5,2327992,,
2024-06-05,42.863426208496094,48.150001525878906,49.400001525878906,47.349998474121094,49.400001525878906,1182255,,
2024-06-06,42.863426208496094,48.150001525878906,48.25,47.54999923706055,48.20000076293945,817004,,
2024-06-07,42.9969596862793,48.29999923706055,48.70000076293945,47.70000076293945,48.0,869407,,
2024-06-11,42.01772689819336,47.20000076293945,48.70000076293945,46.400001525878906,48.70000076293945,1924183,,
2024-06-12,40.548885345458984,45.54999923706055,47.04999923706055,44.79999923706055,47.04999923706055,2400524,,
2024-06-13,40.86045837402344,45.900001525878906,46.25,45.29999923706055,45.70000076293945,927800,,
2024-06-14,43.17499542236328,48.5,49.45000076293945,46.0,46.0,3156419,,
2024-06-17,42.77440643310547,48.04999923706055,49.45000076293945,47.849998474121094,49.20000076293945,1333199,,
2024-06-18,43.041465759277344,48.349998474121094,48.70000076293945,47.79999923706055,48.04999923706055,851703,,
2024-06-19,43.442054748535156,48.79999923706055,49.849998474121094,48.54999923706055,48.79999923706055,1838887,,
2024-06-20,43.17499542236328,48.5,48.849998474121094,47.849998474121094,48.54999923706055,1132009,,
2024-06-21,42.46282958984375,47.70000076293945,48.5,47.5,48.5,980142,,
2024-06-24,42.4183235168457,47.650001525878906,47.79999923706055,47.150001525878906,47.70000076293945,629260,,
2024-06-25,42.46282958984375,47.70000076293945,47.900001525878906,47.099998474121094,47.849998474121094,702018,,
2024-06-26,42.729888916015625,48.0,48.349998474121094,47.5,47.70000076293945,726636,,
2024-06-27,43.26625061035156,48.400001525878906,49.150001525878906,47.599998474121094,47.650001525878906,1511363,,
2024-06-28,43.176849365234375,48.29999923706055,48.849998474121094,47.95000076293945,48.099998474121094,786284,,
2024-07-01,43.98139190673828,49.20000076293945,49.45000076293945,47.849998474121094,48.29999923706055,2084373,,
2024-07-02,44.51775360107422,49.79999923706055,49.900001525878906,49.150001525878906,49.20000076293945,1511628,,
2024-07-03,44.026092529296875,49.25,50.0,49.099998474121094,49.79999923706055,1061524,,
2024-07-04,44.20487594604492,49.45000076293945,49.650001525878906,49.20000076293945,49.25,745219,,
2024-07-05,44.026092529296875,49.25,49.95000076293945,49.04999923706055,49.95000076293945,569208,,
2024-07-08,45.679866790771484,51.099998474121094,51.29999923706055,49.400001525878906,49.599998474121094,3545745,,
2024-07-09,46.037437438964844,51.5,51.79999923706055,50.70000076293945,51.5,2092985,,
2024-07-10,47.37833023071289,53.0,53.900001525878906,52.20000076293945,52.29999923706055,3314627,,
2024-07-11,48.27226257324219,54.0,54.29999923706055,52.70000076293945,53.79999923706055,3813606,,
2024-07-12,47.64651107788086,53.29999923706055,54.099998474121094,53.0,54.0,2205385,,
2024-07-15,48.7192268371582,54.5,54.5,53.0,53.79999923706055,2723684,,
2024-07-16,47.825294494628906,53.5,55.0,53.400001525878906,54.5,2468640,,
2024-07-17,48.004085540771484,53.70000076293945,54.599998474121094,53.5,53.5,2263151,,
2024-07-18,48.27226257324219,54.0,54.400001525878906,53.400001525878906,54.099998474121094,2286742,,
2024-07-19,48.093475341796875,53.79999923706055,54.29999923706055,51.79999923706055,54.0,2686235,,
2024-07-22,47.64651107788086,53.29999923706055,53.70000076293945,51.900001525878906,53.099998474121094,2546900,,
2024-07-23,47.825294494628906,53.5,54.29999923706055,52.900001525878906,53.5,1527627,,
2024-07-26,48.36165237426758,54.099998474121094,54.20000076293945,52.70000076293945,53.79999923706055,4005534,,
2024-07-29,51.40102005004883,57.5,59.5,54.599998474121094,54.79999923706055,9003185,,
2024-07-30,52.8313102722168,59.099998474121094,59.599998474121094,55.5,58.599998474121094,6531890,,
2024-07-31,51.66919708251953,57.79999923706055,60.70000076293945,57.5,59.79999923706055,5333533,,
2024-08-01,49.970733642578125,55.900001525878906,58.400001525878906,55.599998474121094,58.29999923706055,4495672,,
2024-08-02,47.735904693603516,53.400001525878906,55.900001525878906,52.79999923706055,55.099998474121094,4682221,,
2024-08-05,42.99806594848633,48.099998474121094,51.20000076293945,48.099998474121094,51.20000076293945,5150091,,
2024-08-06,40.58445739746094,45.400001525878906,48.0,43.349998474121094,45.75,6038588,,
2024-08-07,43.13216018676758,48.25,48.70000076293945,44.79999923706055,46.400001525878906,3515849,,
2024-08-08,43.13216018676758,48.25,49.099998474121094,47.04999923706055,47.79999923706055,1848127,,
2024-08-09,43.087467193603516,48.20000076293945,50.29999923706055,48.20000076293945,49.0,2233849,,
2024-08-12,42.640499114990234,47.70000076293945,49.849998474121094,47.5,48.45000076293945,1678300,,
2024-08-13,43.802608489990234,49.0,49.29999923706055,47.5,47.70000076293945,932000,,
2024-08-14,45.14350509643555,50.5,50.5,48.54999923706055,48.849998474121094,1563423,,
2024-08-15,44.696537017822266,50.0,51.79999923706055,49.650001525878906,50.5,1606101,,
2024-08-16,45.05411148071289,50.400001525878906,51.20000076293945,49.900001525878906,50.29999923706055,1713101,,
2024-08-19,44.026092529296875,49.25,50.5,49.25,50.5,2338155,,
2024-08-20,42.37232208251953,47.400001525878906,49.349998474121094,47.20000076293945,49.25,2699000,,
2024-08-21,42.86398696899414,47.95000076293945,48.25,45.849998474121094,46.70000076293945,1877498,,
2024-08-22,42.37232208251953,47.400001525878906,48.400001525878906,46.70000076293945,48.25,1154708,,
2024-08-23,41.34429931640625,46.25,47.400001525878906,45.25,47.400001525878906,2171748,,
2024-08-26,42.19353103637695,47.20000076293945,47.20000076293945,46.0,47.0,1125683,,
2024-08-27,42.23822784423828,47.25,47.650001525878906,46.5,46.54999923706055,840263,,
2024-08-28,42.23822784423828,47.25,47.599998474121094,46.900001525878906,47.0,1072012,,
2024-08-29,42.563899993896484,47.04999923706055,47.20000076293945,46.5,46.5,455081,,
2024-08-30,44.011348724365234,48.650001525878906,48.650001525878906,47.0,47.04999923706055,1250209,,
2024-09-02,42.79006576538086,47.29999923706055,49.0,47.25,48.849998474121094,1180560,,
2024-09-03,41.65925216674805,46.04999923706055,47.349998474121094,45.75,47.29999923706055,1102590,,
2024-09-04,40.573665618896484,44.849998474121094,45.849998474121094,43.849998474121094,45.0,1834598,,
2024-09-05,39.66901397705078,43.849998474121094,45.29999923706055,43.849998474121094,45.0,1475480,,
2024-09-06,40.48320388793945,44.75,45.150001525878906,44.099998474121094,44.95000076293945,851082,,
2024-09-09,40.39273452758789,44.650001525878906,45.099998474121094,43.150001525878906,43.150001525878906,1048001,,
2024-09-10,39.21669006347656,43.349998474121094,45.79999923706055,42.900001525878906,45.79999923706055,1950001,,
2024-09-11,38.17633819580078,42.20000076293945,44.04999923706055,41.650001525878906,43.349998474121094,1863200,,
2024-09-12,37.95017623901367,41.95000076293945,43.5,41.849998474121094,42.45000076293945,1263411,,
2024-09-13,37.76924514770508,41.75,42.5,41.599998474121094,42.0,1399551,,
2024-09-16,37.95017623901367,41.95000076293945,42.400001525878906,41.75,41.79999923706055,956002,,
2024-09-18,37.99540710449219,42.0,42.650001525878906,41.95000076293945,41.95000076293945,774888,,
2024-09-19,39.17145538330078,43.29999923706055,43.70000076293945,42.0,42.0,1269287,,
2024-09-20,36.90982437133789,40.79999923706055,41.79999923706055,39.79999923706055,41.20000076293945,10612060,,
2024-09-23,35.55284881591797,39.29999923706055,40.75,38.54999923706055,40.70000076293945,3328253,,
2024-09-24,35.145751953125,38.849998474121094,39.79999923706055,38.70000076293945,38.79999923706055,1457317,,
2024-09-25,35.326683044433594,39.04999923706055,39.79999923706055,38.650001525878906,39.0,1533207,,
2024-09-26,36.18610382080078,40.0,40.0,39.04999923706055,39.04999923706055,1038326,,
2024-09-27,36.095638275146484,39.900001525878906,40.75,39.79999923706055,40.599998474121094,1013254,,
2024-09-30,35.643310546875,39.400001525878906,39.900001525878906,39.29999923706055,39.5,1219217,,
2024-10-01,35.824241638183594,39.599998474121094,39.79999923706055,39.099998474121094,39.099998474121094,492091,,
2024-10-04,35.28144454956055,39.0,40.20000076293945,39.0,39.45000076293945,711800,,
2024-10-07,35.326683044433594,39.04999923706055,39.20000076293945,38.45000076293945,38.79999923706055,751253,,
2024-10-08,34.693424224853516,38.349998474121094,38.849998474121094,37.95000076293945,38.79999923706055,889213,,
2024-10-09,34.78389358520508,38.45000076293945,38.95000076293945,37.599998474121094,38.20000076293945,1530010,,
2024-10-11,35.01005935668945,38.70000076293945,39.20000076293945,38.29999923706055,38.45000076293945,889000,,
2024-10-14,35.41714859008789,39.150001525878906,39.45000076293945,38.45000076293945,38.45000076293945,1011000,,
2024-10-15,36.54796600341797,40.400001525878906,41.79999923706055,39.150001525878906,39.150001525878906,1734100,,
2024-10-16,36.367034912109375,40.20000076293945,40.650001525878906,39.75,39.79999923706055,1045167,,
2024-10-17,36.412269592285156,40.25,41.400001525878906,40.099998474121094,40.099998474121094,1034765,,
2024-10-18,35.643310546875,39.400001525878906,40.54999923706055,39.099998474121094,40.400001525878906,908210,,
2024-10-21,35.326683044433594,39.04999923706055,39.5,39.0,39.400001525878906,611501,,
2024-10-22,35.28144454956055,39.0,39.25,38.79999923706055,39.25,463927,,
2024-10-23,35.28144454956055,39.0,39.5,38.75,38.75,387336,,
2024-10-24,35.0552864074707,38.75,39.0,38.5,39.0,719005,,
2024-10-25,35.19098663330078,38.900001525878906,39.45000076293945,38.54999923706055,38.54999923706055,576339,,
2024-10-28,35.86947250366211,39.650001525878906,39.900001525878906,38.849998474121094,38.900001525878906,440170,,
2024-10-29,35.28144454956055,39.0,39.5,38.75,39.099998474121094,524200,,
2024-10-30,35.371917724609375,39.099998474121094,39.29999923706055,38.849998474121094,38.95000076293945,219602,,
2024-11-01,36.367034912109375,40.20000076293945,40.349998474121094,38.849998474121094,39.0,990296,,
2024-11-04,36.05040740966797,39.849998474121094,41.20000076293945,39.650001525878906,40.29999923706055,560200,,
2024-11-05,36.095638275146484,39.900001525878906,40.400001525878906,39.5,39.5,654080,,
2024-11-06,36.27656555175781,40.099998474121094,40.400001525878906,39.900001525878906,39.900001525878906,333104,,
2024-11-07,36.18610382080078,40.0,40.29999923706055,39.70000076293945,39.79999923706055,504299,,
2024-11-08,36.54796600341797,40.400001525878906,41.95000076293945,40.099998474121094,40.45000076293945,944314,,
2024-11-11,36.321800231933594,40.150001525878906,40.5,39.900001525878906,40.5,339000,,
2024-11-12,35.371917724609375,39.099998474121094,40.0,39.0,39.599998474121094,982394,,
2024-11-13,35.50761032104492,39.25,39.5,39.0,39.25,377075,,
2024-11-14,35.59808349609375,39.349998474121094,40.400001525878906,39.150001525878906,39.150001525878906,425040,,
2024-11-15,36.86459732055664,40.75,40.95000076293945,39.45000076293945,39.45000076293945,788502,,
2024-11-18,36.18610382080078,40.0,40.70000076293945,39.900001525878906,40.5,660093,,
2024-11-19,36.27656555175781,40.099998474121094,40.599998474121094,40.0,40.0,354001,,
2024-11-20,36.54796600341797,40.400001525878906,40.400001525878906,40.400001525878906,40.400001525878906,345039,,
2024-11-21,38.67389678955078,42.75,42.95000076293945,40.0,40.0,1862000,,
2024-11-22,38.22157287597656,42.25,43.0,42.099998474121094,42.75,890000,,
2024-11-25,38.90005874633789,43.0,43.0,41.95000076293945,42.20000076293945,846665,,
2024-11-26,38.76435852050781,42.849998474121094,43.400001525878906,42.70000076293945,42.95000076293945,663500,,
2024-11-27,38.628665924072266,42.70000076293945,43.0,42.099998474121094,42.79999923706055,853165,,
2024-11-28,37.643646240234375,41.04999923706055,41.849998474121094,40.75,41.79999923706055,737198,,
2024-11-29,37.82705307006836,41.25,41.599998474121094,40.29999923706055,40.650001525878906,287000,,
2024-12-02,37.96460723876953,41.400001525878906,41.70000076293945,41.0,41.25,349100,,
2024-12-03,37.78120422363281,41.20000076293945,41.900001525878906,41.099998474121094,41.400001525878906,412000,,
2024-12-04,37.68949508666992,41.099998474121094,41.70000076293945,41.099998474121094,41.20000076293945,195000,,
2024-12-05,36.5432243347168,39.849998474121094,41.099998474121094,39.79999923706055,41.099998474121094,1073002,,
2024-12-06,37.414390563964844,40.79999923706055,41.0,39.849998474121094,39.849998474121094,438101,,
2024-12-09,36.726627349853516,40.04999923706055,40.75,39.599998474121094,40.75,769000,,
2024-12-10,35.99300765991211,39.25,40.099998474121094,39.20000076293945,39.900001525878906,420922,,
2024-12-11,35.99300765991211,39.25,39.599998474121094,39.04999923706055,39.150001525878906,252076,,
2024-12-12,36.45151901245117,39.75,39.849998474121094,39.29999923706055,39.29999923706055,178001,,
2024-12-13,36.176414489746094,39.45000076293945,39.75,39.04999923706055,39.45000076293945,252075,,
2024-12-16,35.85546112060547,39.099998474121094,40.0,39.099998474121094,39.5,328001,,
2024-12-17,35.76375198364258,39.0,39.349998474121094,38.79999923706055,39.099998474121094,476101,,
2024-12-18,35.76375198364258,39.0,39.150001525878906,38.70000076293945,38.900001525878906,489085,,
2024-12-19,35.7179069519043,38.95000076293945,39.099998474121094,38.5,38.54999923706055,499459,,
2024-12-20,35.809608459472656,39.04999923706055,39.5,38.400001525878906,38.599998474121094,1646000,,
2024-12-23,35.76375198364258,39.0,39.349998474121094,38.75,39.04999923706055,1829224,,
2024-12-24,35.76375198364258,39.0,39.900001525878906,38.75,39.04999923706055,1817001,,
2024-12-25,35.76375198364258,39.0,39.5,38.900001525878906,39.0,695000,,
2024-12-26,35.901309967041016,39.150001525878906,39.650001525878906,39.0,39.0,520043,,
2024-12-27,35.94716262817383,39.20000076293945,39.25,39.04999923706055,39.150001525878906,279136,,
2024-12-30,36.5432243347168,39.849998474121094,40.0,39.099998474121094,39.099998474121094,634140,,
2024-12-31,35.94716262817383,39.20000076293945,39.900001525878906,39.20000076293945,39.70000076293945,451723,,
2025-01-02,35.76375198364258,39.0,39.099998474121094,38.70000076293945,38.849998474121094,528001,,
2025-01-03,35.76375198364258,39.0,39.400001525878906,38.79999923706055,39.0,535001,,
2025-01-06,35.62620544433594,38.849998474121094,39.20000076293945,38.75,39.0,444002,,
2025-01-07,35.53450012207031,38.75,39.099998474121094,38.75,38.849998474121094,361129,,
2025-01-08,35.44280242919922,38.650001525878906,38.79999923706055,38.150001525878906,38.54999923706055,561791,,
2025-01-09,35.075992584228516,38.25,38.95000076293945,38.150001525878906,38.650001525878906,705117,,
2025-01-10,33.70046615600586,36.75,38.150001525878906,36.599998474121094,37.95000076293945,1842447,,
2025-01-13,33.74631118774414,36.79999923706055,37.04999923706055,36.150001525878906,36.5,939001,,
2025-01-14,34.296531677246094,37.400001525878906,37.70000076293945,37.0,37.0,275003,,
2025-01-15,34.296531677246094,37.400001525878906,37.79999923706055,37.099998474121094,37.099998474121094,185100,,
2025-01-16,34.296531677246094,37.400001525878906,37.849998474121094,37.25,37.25,406060,,
2025-01-17,34.2048225402832,37.29999923706055,37.45000076293945,37.150001525878906,37.349998474121094,327001,,
2025-01-20,34.984291076660156,38.150001525878906,38.20000076293945,37.29999923706055,37.29999923706055,342746,,
2025-01-21,35.2593994140625,38.45000076293945,38.650001525878906,38.0,38.099998474121094,318794,,
2025-01-22,36.22226333618164,39.5,39.599998474121094,38.45000076293945,38.45000076293945,598108,,
2025-02-03,36.818328857421875,40.150001525878906,40.400001525878906,38.900001525878906,38.900001525878906,872100,,
2025-02-04,36.497371673583984,39.79999923706055,40.29999923706055,39.0,40.150001525878906,569001,,
2025-02-05,35.53450012207031,38.75,40.04999923706055,38.599998474121094,40.04999923706055,812212,,
2025-02-06,35.53450012207031,38.75,39.20000076293945,38.650001525878906,38.75,221175,,
2025-02-07,35.167694091796875,38.349998474121094,39.349998474121094,38.25,38.849998474121094,803000,,
2025-02-10,35.809608459472656,39.04999923706055,39.29999923706055,38.29999923706055,38.400001525878906,563101,,
2025-02-11,35.67205810546875,38.900001525878906,39.349998474121094,38.849998474121094,39.29999923706055,263050,,
2025-02-12,35.809608459472656,39.04999923706055,39.25,38.79999923706055,38.900001525878906,413073,,
2025-02-13,36.497371673583984,39.79999923706055,39.79999923706055,39.0,39.0,571101,,
2025-02-14,36.22226333618164,39.5,40.20000076293945,39.5,39.70000076293945,461062,,
2025-02-17,36.68077850341797,40.0,40.150001525878906,39.25,40.0,594002,,
2025-02-18,36.68077850341797,40.0,40.150001525878906,39.45000076293945,39.45000076293945,236692,,
2025-02-19,36.9100341796875,40.25,40.400001525878906,39.849998474121094,40.0,463100,,
2025-02-20,37.59779739379883,41.0,41.099998474121094,40.0,40.099998474121094,874074,,
2025-02-21,38.148006439208984,41.599998474121094,41.599998474121094,40.75,41.0,986283,,
2025-02-24,39.202579498291016,42.75,42.75,41.5,41.599998474121094,659279,,
2025-02-25,39.15673065185547,42.70000076293945,42.75,42.150001525878906,42.20000076293945,664070,,
2025-02-26,38.285560607910156,41.75,42.849998474121094,41.400001525878906,42.79999923706055,1974787,,
2025-02-27,38.51481628417969,42.0,42.0,41.29999923706055,41.849998474121094,772047,,
2025-03-03,39.06502151489258,42.599998474121094,42.70000076293945,41.75,41.849998474121094,790292,,
2025-03-04,37.78120422363281,41.20000076293945,42.599998474121094,40.400001525878906,42.599998474121094,1012073,,
2025-03-05,37.139286041259766,40.5,41.150001525878906,40.5,41.04999923706055,444579,,
2025-03-06,37.00173568725586,40.349998474121094,41.0,40.349998474121094,40.79999923706055,402100,,
2025-03-07,37.27684020996094,40.650001525878906,40.75,40.349998474121094,40.70000076293945,169108,,
2025-03-10,37.047584533691406,40.400001525878906,40.54999923706055,40.04999923706055,40.54999923706055,380093,,
2025-03-11,36.5432243347168,39.849998474121094,40.0,39.349998474121094,39.79999923706055,542027,,
2025-03-12,36.68077850341797,40.0,40.25,39.70000076293945,40.0,407001,,
2025-03-13,36.818328857421875,40.150001525878906,41.0,40.150001525878906,40.70000076293945,415001,,
2025-03-14,37.50609588623047,40.900001525878906,41.150001525878906,40.349998474121094,40.599998474121094,487000,,
2025-03-17,37.09343338012695,40.45000076293945,41.0,40.20000076293945,40.45000076293945,631000,,
2025-03-18,36.95587921142578,40.29999923706055,40.79999923706055,40.04999923706055,40.400001525878906,625000,,
2025-03-19,36.726627349853516,40.04999923706055,41.0,40.04999923706055,41.0,539000,,
2025-03-20,37.230987548828125,40.599998474121094,40.599998474121094,40.099998474121094,40.099998474121094,386455,,
2025-03-21,38.37725830078125,41.849998474121094,42.099998474121094,40.20000076293945,40.400001525878906,1163000,,
2025-03-24,37.82705307006836,41.25,41.79999923706055,41.099998474121094,41.79999923706055,512577,,
2025-03-25,37.00173568725586,40.349998474121094,41.5,40.29999923706055,41.5,639200,,
2025-03-26,37.047584533691406,40.400001525878906,40.54999923706055,40.04999923706055,40.54999923706055,523078,,
2025-03-27,37.09343338012695,40.45000076293945,40.599998474121094,40.04999923706055,40.400001525878906,302319,,
2025-03-28,36.95587921142578,40.29999923706055,40.650001525878906,40.04999923706055,40.54999923706055,497199,,
2025-03-31,35.901309967041016,39.150001525878906,40.150001525878906,39.0,40.150001525878906,1160109,,
2025-04-01,35.99300765991211,39.25,39.849998474121094,39.099998474121094,39.25,722592,,
2025-04-02,35.901309967041016,39.150001525878906,39.400001525878906,39.0,39.349998474121094,413985,,
2025-04-07,32.32493209838867,35.25,35.25,35.25,35.25,267000,,
2025-04-08,29.803129196166992,32.5,33.650001525878906,31.75,31.75,2703080,,
2025-04-09,28.794408798217773,31.399999618530273,32.20000076293945,30.299999237060547,31.850000381469727,3245001,,
2025-04-10,31.637168884277344,34.5,34.5,33.5,34.5,1223000,,
2025-04-11,30.169939041137695,32.900001525878906,34.70000076293945,32.599998474121094,34.70000076293945,1357197,,
2025-04-14,30.58259391784668,33.349998474121094,34.20000076293945,33.0,33.5,876338,,
2025-04-15,31.820573806762695,34.70000076293945,34.79999923706055,33.099998474121094,33.099998474121094,1012206,,
2025-04-16,30.903554916381836,33.70000076293945,34.54999923706055,33.349998474121094,34.5,1225001,,
2025-04-17,31.086959838867188,33.900001525878906,34.54999923706055,32.900001525878906,34.54999923706055,646769,,
2025-04-18,30.62845230102539,33.400001525878906,34.45000076293945,33.20000076293945,34.45000076293945,175100,,
2025-04-21,31.041109085083008,33.849998474121094,34.20000076293945,33.650001525878906,34.0,458140,,
2025-04-22,30.44504737854004,33.20000076293945,33.54999923706055,33.0,33.5,330266,,
2025-04-23,31.31621551513672,34.150001525878906,34.150001525878906,33.349998474121094,33.70000076293945,365000,,
2025-04-24,31.3804874420166,33.79999923706055,34.04999923706055,33.5,34.04999923706055,348019,,
2025-04-25,31.56617546081543,34.0,34.25,33.70000076293945,34.25,319004,,
2025-04-28,31.659011840820312,34.099998474121094,34.70000076293945,34.0,34.0,582000,,
2025-04-29,31.3804874420166,33.79999923706055,34.150001525878906,33.70000076293945,34.099998474121094,446731,,
2025-04-30,30.77701759338379,33.150001525878906,33.79999923706055,33.150001525878906,33.70000076293945,507250,,
2025-05-02,32.03038024902344,34.5,34.650001525878906,33.599998474121094,33.599998474121094,1241059,,
2025-05-05,33.0516357421875,35.599998474121094,35.900001525878906,35.0,35.04999923706055,1050000,,
2025-05-06,32.81953430175781,35.349998474121094,35.79999923706055,34.849998474121094,35.5,523002,,
2025-05-07,32.72669219970703,35.25,35.54999923706055,35.25,35.349998474121094,425020,,
2025-05-08,32.26248550415039,34.75,35.75,34.75,35.20000076293945,582010,,
2025-05-09,32.58742904663086,35.099998474121094,35.349998474121094,34.0,34.650001525878906,856010,,
2025-05-12,32.26248550415039,34.75,35.25,34.70000076293945,34.70000076293945,367101,,
2025-05-13,31.56617546081543,34.0,34.95000076293945,33.95000076293945,34.849998474121094,672002,,
2025-05-14,31.33406639099121,33.75,34.20000076293945,33.5,34.0,568001,,
2025-05-15,31.51974868774414,33.95000076293945,34.20000076293945,33.54999923706055,33.75,441000,,
2025-05-16,31.612592697143555,34.04999923706055,34.599998474121094,34.04999923706055,34.04999923706055,437045,,
2025-05-19,31.51974868774414,33.95000076293945,34.04999923706055,33.599998474121094,34.04999923706055,340000,,
2025-05-20,31.473331451416016,33.900001525878906,34.599998474121094,33.900001525878906,34.150001525878906,545204,,
2025-05-21,31.56617546081543,34.0,34.20000076293945,33.849998474121094,33.95000076293945,667041,,
2025-05-22,31.3804874420166,33.79999923706055,34.20000076293945,33.70000076293945,34.20000076293945,213000,,
2025-05-23,31.3804874420166,33.79999923706055,34.04999923706055,33.79999923706055,33.79999923706055,435129,,
2025-05-26,31.241230010986328,33.650001525878906,33.95000076293945,33.5,33.5,371060,,
2025-05-27,30.359230041503906,32.70000076293945,33.650001525878906,32.400001525878906,33.650001525878906,836179,,
2025-05-28,30.312808990478516,32.650001525878906,33.25,32.650001525878906,32.70000076293945,253000,,
2025-05-29,29.94144058227539,32.25,32.849998474121094,32.150001525878906,32.400001525878906,729000,,
2025-06-02,29.80217933654785,32.099998474121094,32.900001525878906,32.0,32.25,719526,,
2025-06-03,29.152286529541016,31.399999618530273,32.54999923706055,31.200000762939453,32.099998474121094,1070001,,
2025-06-04,29.19870948791504,31.450000762939453,32.150001525878906,31.350000381469727,31.5,1009573,,
2025-06-05,29.152286529541016,31.399999618530273,31.700000762939453,31.100000381469727,31.450000762939453,583488,,
2025-06-06,29.523653030395508,31.799999237060547,31.850000381469727,31.200000762939453,31.200000762939453,356400,,
2025-06-09,29.80217933654785,32.099998474121094,32.599998474121094,32.0,32.20000076293945,813000,,
2025-06-10,30.591337203979492,32.95000076293945,33.0,32.20000076293945,32.20000076293945,975220,,
2025-06-11,31.19480323791504,33.599998474121094,34.0,32.75,34.0,1544228,,
2025-06-12,32.03038024902344,34.5,35.29999923706055,33.54999923706055,33.75,1639014,,
2025-06-13,31.19480323791504,33.599998474121094,34.79999923706055,33.5,34.5,1027030,,
2025-06-16,29.987863540649414,32.29999923706055,33.349998474121094,32.29999923706055,33.150001525878906,802100,,
2025-06-17,30.127126693725586,32.45000076293945,32.79999923706055,32.0,32.54999923706055,580532,,
2025-06-18,29.987863540649414,32.29999923706055,32.75,32.0,32.25,675000,,
2025-06-19,29.152286529541016,31.399999618530273,32.400001525878906,31.350000381469727,31.950000762939453,1262000,,
2025-06-20,28.502397537231445,30.700000762939453,31.399999618530273,29.600000381469727,31.399999618530273,1627576,,
2025-06-23,28.734500885009766,30.950000762939453,31.399999618530273,29.950000762939453,30.5,1192000,,
2025-06-24,29.059444427490234,31.299999237060547,31.649999618530273,30.649999618530273,31.200000762939453,1332850,,
2025-06-25,28.780921936035156,31.0,31.299999237060547,30.799999237060547,31.299999237060547,679364,,
2025-06-26,29.10586929321289,31.350000381469727,31.549999237060547,30.799999237060547,30.799999237060547,747002,,
2025-06-27,29.38439178466797,31.649999618530273,31.75,31.200000762939453,31.299999237060547,614002,,
2025-06-30,28.734500885009766,30.950000762939453,32.20000076293945,30.799999237060547,31.899999618530273,1144001,,
2025-07-01,29.987863540649414,32.29999923706055,32.400001525878906,30.0,30.950000762939453,1505320,,
2025-07-02,29.94144058227539,32.25,33.0,31.75,32.20000076293945,1208220,,
2025-07-03,29.33797264099121,31.600000381469727,32.349998474121094,31.600000381469727,32.25,608140,,
2025-07-04,29.33797264099121,31.600000381469727,31.649999618530273,31.0,31.549999237060547,808016,,
2025-07-07,28.966604232788086,31.200000762939453,31.75,31.200000762939453,31.600000381469727,266121,,
2025-07-08,28.502397537231445,30.700000762939453,31.200000762939453,30.399999618530273,30.899999618530273,798001,,
2025-07-09,28.502397537231445,30.700000762939453,30.700000762939453,30.299999237060547,30.5,425420,,
2025-07-10,29.152286529541016,31.399999618530273,31.799999237060547,30.450000762939453,30.700000762939453,730000,,
2025-07-11,29.01302719116211,31.25,31.899999618530273,31.100000381469727,31.299999237060547,362100,,
2025-07-14,28.873764038085938,31.100000381469727,31.350000381469727,30.899999618530273,31.25,321503,,
2025-07-15,29.10586929321289,31.350000381469727,31.649999618530273,31.100000381469727,31.100000381469727,503002,,
2025-07-16,28.502397537231445,30.700000762939453,31.549999237060547,30.549999237060547,31.399999618530273,713064,,
2025-07-17,28.548818588256836,30.75,31.0,30.700000762939453,31.0,338001,,
2025-07-18,28.08460807800293,30.25,30.899999618530273,30.0,30.799999237060547,1144379,,
2025-07-21,27.898923873901367,30.049999237060547,30.25,29.799999237060547,29.950000762939453,537083,,
2025-07-22,27.85250473022461,30.0,30.149999618530273,29.700000762939453,30.049999237060547,686068,,
2025-07-23,27.94659996032715,29.700000762939453,30.450000762939453,29.5,29.5,250000,,
2025-07-24,27.94659996032715,29.700000762939453,29.850000381469727,29.399999618530273,29.549999237060547,582961,,
2025-07-25,27.476119995117188,29.200000762939453,29.799999237060547,28.850000381469727,29.799999237060547,842738,,
2025-07-28,27.24087905883789,28.950000762939453,29.350000381469727,28.600000381469727,29.200000762939453,906001,,
2025-07-29,26.817445755004883,28.5,29.200000762939453,28.5,28.799999237060547,339001,,
2025-07-30,26.676300048828125,28.350000381469727,28.75,28.25,28.549999237060547,506000,,
2025-07-31,26.817445755004883,28.5,28.600000381469727,27.799999237060547,28.399999618530273,1255687,,
2025-08-04,26.62925148010254,28.299999237060547,28.899999618530273,28.0,28.0,928275,,
2025-08-05,26.44106101989746,28.100000381469727,28.350000381469727,27.549999237060547,28.350000381469727,730043,,
2025-08-06,26.111722946166992,27.75,28.049999237060547,27.5,28.049999237060547,787030,,
2025-08-07,26.44106101989746,28.100000381469727,28.200000762939453,27.700000762939453,27.850000381469727,575166,,
2025-08-08,26.817445755004883,28.5,28.5,27.850000381469727,27.850000381469727,605101,,
2025-08-11,27.14678192138672,28.850000381469727,29.100000381469727,28.299999237060547,28.700000762939453,903310,,
2025-08-12,27.099733352661133,28.799999237060547,28.950000762939453,28.200000762939453,28.950000762939453,868118,,
2025-08-13,28.22888946533203,30.0,30.299999237060547,29.149999618530273,29.149999618530273,1962050,,
2025-08-14,28.981658935546875,30.799999237060547,31.100000381469727,30.100000381469727,30.100000381469727,1328511,,
2025-08-15,30.0167179107666,31.899999618530273,32.25,31.0,31.100000381469727,1665017,,
2025-08-18,30.299007415771484,32.20000076293945,32.70000076293945,31.799999237060547,32.25,1704041,,
2025-08-19,30.581296920776367,32.5,32.70000076293945,31.850000381469727,32.0,1209473,,
2025-08-20,30.48720359802246,32.400001525878906,32.599998474121094,32.04999923706055,32.599998474121094,1006069,,
2025-08-21,29.922622680664062,31.799999237060547,32.45000076293945,31.799999237060547,32.400001525878906,725361,,
2025-08-22,29.499189376831055,31.350000381469727,31.75,31.049999237060547,31.75,749024,,
2025-08-25,29.35804557800293,31.200000762939453,31.700000762939453,31.149999618530273,31.5,417052,,
2025-08-26,28.88756561279297,30.700000762939453,31.200000762939453,30.399999618530273,31.049999237060547,792738,,
2025-08-27,28.93461036682129,30.75,31.049999237060547,30.399999618530273,30.450000762939453,584218,,
2025-08-28,29.45214080810547,31.299999237060547,31.5,30.450000762939453,30.5,655003,,
2025-08-29,28.981658935546875,30.799999237060547,31.600000381469727,30.700000762939453,31.399999618530273,507595,,
2025-09-01,29.640335083007812,31.5,31.600000381469727,30.549999237060547,31.049999237060547,690066,,
2025-09-02,29.73443031311035,31.600000381469727,31.899999618530273,31.200000762939453,31.600000381469727,965100,,
2025-09-03,29.73443031311035,31.600000381469727,31.75,30.899999618530273,31.600000381469727,1167050,,
2025-09-04,31.051776885986328,33.0,33.25,31.5,31.700000762939453,3147500,,
2025-09-05,30.722442626953125,32.650001525878906,33.400001525878906,32.099998474121094,33.150001525878906,1739161,,
2025-09-08,30.040802001953125,30.850000381469727,31.100000381469727,30.450000762939453,31.049999237060547,1362217,,
2025-09-09,29.894737243652344,30.700000762939453,30.850000381469727,30.5,30.700000762939453,706001,,
2025-09-10,29.310474395751953,30.100000381469727,30.700000762939453,30.100000381469727,30.700000762939453,703001,,
2025-09-11,29.018342971801758,29.799999237060547,30.0,29.399999618530273,30.0,904041,,
2025-09-12,29.115718841552734,29.899999618530273,30.149999618530273,29.799999237060547,29.799999237060547,281012,,
2025-09-15,30.186866760253906,31.0,31.299999237060547,30.0,30.0,1465001,,
2025-09-16,30.868507385253906,31.700000762939453,32.04999923706055,31.149999618530273,31.399999618530273,2133995,,
2025-09-17,30.72243881225586,31.549999237060547,31.799999237060547,31.299999237060547,31.75,653051,,
2025-09-18,30.47899627685547,31.299999237060547,31.600000381469727,30.700000762939453,31.549999237060547,796000,,
2025-09-19,29.359161376953125,30.149999618530273,31.149999618530273,30.0,31.149999618530273,1310000,,
2025-09-22,29.164409637451172,29.950000762939453,30.399999618530273,29.700000762939453,30.149999618530273,774454,,
2025-09-23,29.115718841552734,29.899999618530273,30.100000381469727,29.850000381469727,29.950000762939453,539325,,
2025-09-24,29.50522804260254,30.299999237060547,30.350000381469727,29.600000381469727,29.600000381469727,741100,,
2025-09-25,29.407852172851562,30.200000762939453,30.600000381469727,30.049999237060547,30.5,521001,,
2025-09-26,29.115718841552734,29.899999618530273,30.25,29.899999618530273,30.200000762939453,449106,,
2025-09-30,29.310474395751953,30.100000381469727,30.25,29.950000762939453,30.0,303369,,
2025-10-01,28.969654083251953,29.75,30.350000381469727,29.5,30.299999237060547,776700,,
2025-10-02,29.018342971801758,29.799999237060547,30.100000381469727,29.549999237060547,29.799999237060547,1001000,,
2025-10-03,29.164409637451172,29.950000762939453,30.0,29.600000381469727,29.799999237060547,326001,,
2025-10-07,29.894737243652344,30.700000762939453,31.0,29.850000381469727,29.950000762939453,1361113,,
2025-10-08,30.089488983154297,30.899999618530273,31.0,30.5,30.5,1418220,,
2025-10-09,30.527687072753906,31.350000381469727,31.5,30.75,30.950000762939453,1930177,,
2025-10-13,30.430309295654297,31.25,31.350000381469727,30.600000381469727,31.200000762939453,887269,,
2025-10-14,30.186866760253906,31.0,31.25,30.600000381469727,30.950000762939453,939045,,
2025-10-15,30.576374053955078,31.399999618530273,31.399999618530273,30.149999618530273,30.700000762939453,4372191,,
2025-10-16,29.74867057800293,30.549999237060547,31.049999237060547,30.299999237060547,31.0,1420102,,
2025-10-17,29.943424224853516,30.75,30.899999618530273,30.450000762939453,30.549999237060547,550649,,
2025-10-20,29.164409637451172,29.950000762939453,30.799999237060547,29.799999237060547,30.700000762939453,869725,,
2025-10-21,29.26178550720215,30.049999237060547,30.149999618530273,29.75,30.149999618530273,788050,,
2025-10-22,29.213096618652344,30.0,30.0,29.649999618530273,30.0,784407,,
2025-10-23,28.969654083251953,29.75,30.0,29.5,30.0,531318,,
2025-10-27,29.115718841552734,29.899999618530273,30.350000381469727,29.5,29.700000762939453,1234002,,
2025-10-28,27.99588394165039,28.75,30.25,28.75,30.25,1818150,,
2025-10-29,28.58014678955078,29.350000381469727,29.5,28.700000762939453,28.950000762939453,776035,,
2025-10-30,28.23932647705078,29.0,29.600000381469727,29.0,29.600000381469727,332600,,
2025-10-31,28.823589324951172,29.600000381469727,29.950000762939453,28.899999618530273,29.049999237060547,1475010,,
2025-11-03,28.141950607299805,28.899999618530273,29.549999237060547,28.899999618530273,29.5,779251,,
2025-11-04,28.09326171875,28.850000381469727,29.0,28.75,28.899999618530273,331525,,
2025-11-05,28.92096710205078,29.700000762939453,29.899999618530273,28.950000762939453,29.299999237060547,1208050,,
2025-11-06,28.823589324951172,29.600000381469727,30.649999618530273,29.549999237060547,30.200000762939453,484001,,
2025-11-07,28.09326171875,28.850000381469727,29.450000762939453,28.799999237060547,29.450000762939453,825466,,
2025-11-10,27.703754425048828,28.450000762939453,28.799999237060547,28.350000381469727,28.799999237060547,499302,,
2025-11-11,27.168180465698242,27.899999618530273,28.649999618530273,27.899999618530273,28.399999618530273,1115245,,
2025-11-12,27.119491577148438,27.850000381469727,28.5,27.850000381469727,28.5,727525,,
2025-11-13,27.26555633544922,28.0,28.5,27.799999237060547,28.0,820681,,
2025-11-14,27.168180465698242,27.899999618530273,28.299999237060547,27.75,28.0,698150,,
2025-11-17,27.168180465698242,27.899999618530273,28.149999618530273,27.600000381469727,28.0,916000,,
2025-11-18,26.77867317199707,27.5,27.899999618530273,27.049999237060547,27.799999237060547,1159649,,
2025-11-19,26.43785285949707,27.149999618530273,27.649999618530273,27.100000381469727,27.600000381469727,1018030,,
2025-11-20,26.92473793029785,27.649999618530273,27.899999618530273,27.200000762939453,27.200000762939453,800031,,
2025-11-21,26.77867317199707,27.5,27.850000381469727,27.100000381469727,27.450000762939453,1328177,,
2025-11-24,26.973426818847656,27.700000762939453,28.200000762939453,27.5,27.549999237060547,927049,,
2025-11-25,27.314245223999023,28.049999237060547,28.100000381469727,27.700000762939453,27.850000381469727,428012,,
2025-11-26,27.60637664794922,28.350000381469727,28.399999618530273,27.950000762939453,28.149999618530273,644000,,
2025-11-27,27.655065536499023,28.399999618530273,28.549999237060547,28.049999237060547,28.350000381469727,772368,,
2025-11-28,27.801130294799805,28.549999237060547,28.700000762939453,28.200000762939453,28.299999237060547,640073,,
2025-12-01,27.50899887084961,28.25,28.799999237060547,28.049999237060547,28.799999237060547,717050,,
2025-12-02,27.655065536499023,28.399999618530273,28.450000762939453,28.200000762939453,28.25,352027,,
2025-12-03,27.655065536499023,28.399999618530273,28.649999618530273,28.299999237060547,28.649999618530273,385279,,
2025-12-04,27.801130294799805,28.549999237060547,28.700000762939453,28.299999237060547,28.549999237060547,528681,,
2025-12-05,27.703754425048828,28.450000762939453,28.600000381469727,28.149999618530273,28.600000381469727,536395,,
2025-12-08,27.801130294799805,28.549999237060547,28.75,28.0,28.0,677747,,
2025-12-09,27.600000381469727,27.600000381469727,27.950000762939453,27.399999618530273,27.850000381469727,698053,,
2025-12-10,27.799999237060547,27.799999237060547,27.850000381469727,27.5,27.600000381469727,316071,,
2025-12-11,27.549999237060547,27.549999237060547,27.799999237060547,27.299999237060547,27.75,472000,,
2025-12-12,27.700000762939453,27.700000762939453,27.950000762939453,27.549999237060547,27.75,252227,,
2025-12-15,27.75,27.75,28.100000381469727,27.549999237060547,27.700000762939453,446000,,
2025-12-16,27.600000381469727,27.600000381469727,27.649999618530273,27.299999237060547,27.5,373001,,
2025-12-17,27.700000762939453,27.700000762939453,28.200000762939453,27.649999618530273,27.799999237060547,423679,,
2025-12-18,28.049999237060547,28.049999237060547,28.25,27.700000762939453,27.700000762939453,652009,,
2025-12-19,28.850000381469727,28.850000381469727,28.850000381469727,27.899999618530273,28.0,895110,,
2025-12-22,28.899999618530273,28.899999618530273,29.25,28.549999237060547,29.100000381469727,807048,,
2025-12-23,28.75,28.75,29.049999237060547,28.600000381469727,28.899999618530273,751000,,
2025-12-24,28.5,28.5,28.899999618530273,28.399999618530273,28.75,675635,,
2025-12-26,28.5,28.5,29.100000381469727,28.5,28.649999618530273,975213,,
2025-12-29,28.299999237060547,28.299999237060547,28.700000762939453,28.0,28.600000381469727,998222,,
2025-12-30,27.899999618530273,27.899999618530273,28.299999237060547,27.799999237060547,28.200000762939453,566596,,
2025-12-31,28.25,28.25,28.350000381469727,27.75,28.0,785005,,
2026-01-02,27.799999237060547,27.799999237060547,28.299999237060547,27.799999237060547,28.299999237060547,648110,,
2026-01-05,28.649999618530273,28.649999618530273,28.850000381469727,27.950000762939453,27.950000762939453,1917031,,
2026-01-06,28.700000762939453,28.700000762939453,29.0,28.200000762939453,28.850000381469727,1444060,,
2026-01-07,29.100000381469727,29.100000381469727,29.399999618530273,28.5,28.700000762939453,1322433,,
2026-01-08,29.200000762939453,29.200000762939453,29.450000762939453,29.0,29.149999618530273,1168053,,
2026-01-09,30.200000762939453,30.200000762939453,30.200000762939453,29.049999237060547,29.200000762939453,1584105,,
2026-01-12,29.600000381469727,29.600000381469727,30.200000762939453,29.25,30.049999237060547,1406189,,
2026-01-13,28.850000381469727,28.850000381469727,29.899999618530273,28.5,29.899999618530273,1191227,,
2026-01-14,28.5,28.5,29.0,28.25,28.850000381469727,1031437,,
2026-01-15,28.549999237060547,28.549999237060547,28.75,28.149999618530273,28.350000381469727,812080,,
2026-01-16,28.350000381469727,28.350000381469727,28.549999237060547,28.049999237060547,28.549999237060547,799058,,
2026-01-19,28.149999618530273,28.149999618530273,28.5,28.049999237060547,28.149999618530273,842202,,
2026-01-20,28.149999618530273,28.149999618530273,28.200000762939453,27.700000762939453,28.049999237060547,1405120,,
2026-01-21,27.850000381469727,27.850000381469727,27.950000762939453,27.600000381469727,27.950000762939453,749001,,
2026-01-22,27.600000381469727,27.600000381469727,27.850000381469727,27.549999237060547,27.850000381469727,497100,,
2026-01-23,27.600000381469727,27.600000381469727,27.75,27.450000762939453,27.549999237060547,478000,,
2026-01-26,27.25,27.25,27.600000381469727,27.200000762939453,27.600000381469727,827038,,
2026-01-27,27.0,27.0,27.549999237060547,27.0,27.25,723148,,
2026-01-28,26.799999237060547,26.799999237060547,27.200000762939453,26.5,27.0,1051557,,
2026-01-29,26.549999237060547,26.549999237060547,26.899999618530273,26.100000381469727,26.799999237060547,1074001,,
2026-01-30,26.200000762939453,26.200000762939453,26.600000381469727,26.200000762939453,26.549999237060547,789326,,
2026-02-02,26.0,26.0,26.200000762939453,25.600000381469727,26.200000762939453,925000,,
2026-02-03,25.450000762939453,25.450000762939453,26.100000381469727,25.350000381469727,26.0,952450,,
2026-02-04,25.450000762939453,25.450000762939453,25.5,25.100000381469727,25.450000762939453,748093,,
2026-02-05,25.399999618530273,25.399999618530273,25.75,25.299999237060547,25.399999618530273,586031,,
2026-02-06,25.649999618530273,25.649999618530273,25.850000381469727,25.149999618530273,25.5,959001,,
2026-02-09,25.399999618530273,25.399999618530273,25.899999618530273,25.200000762939453,25.850000381469727,843079,,
2026-02-10,25.100000381469727,25.100000381469727,25.350000381469727,25.0,25.350000381469727,716332,,
2026-02-11,25.200000762939453,25.200000762939453,25.350000381469727,25.049999237060547,25.100000381469727,609422,,
2026-02-23,26.0,26.0,26.100000381469727,25.0,25.200000762939453,1591095,,
2026-02-24,25.950000762939453,25.950000762939453,26.149999618530273,25.600000381469727,26.0,764113,,
2026-02-25,26.950000762939453,26.950000762939453,27.049999237060547,26.0,26.0,1245768,,
2026-02-26,26.700000762939453,26.700000762939453,27.350000381469727,26.649999618530273,27.0,980388,,
2026-03-02,27.450000762939453,27.450000762939453,27.600000381469727,26.399999618530273,26.75,1336105,,
2026-03-03,26.75,26.75,27.399999618530273,26.5,27.399999618530273,811577,,
2026-03-04,26.649999618530273,26.649999618530273,26.700000762939453,26.049999237060547,26.399999618530273,761415,,
2026-03-05,26.600000381469727,26.600000381469727,26.850000381469727,26.399999618530273,26.850000381469727,383286,,
2026-03-06,26.350000381469727,26.350000381469727,26.549999237060547,26.200000762939453,26.5,387133,,
2026-03-09,25.649999618530273,25.649999618530273,26.0,25.450000762939453,25.450000762939453,934767,,
2026-03-10,25.5,25.5,26.200000762939453,25.149999618530273,26.149999618530273,528662,,
2026-03-11,25.450000762939453,25.450000762939453,25.600000381469727,25.299999237060547,25.5,408076,,
2026-03-12,25.950000762939453,25.950000762939453,26.049999237060547,25.200000762939453,25.25,844020,,
2026-03-13,25.350000381469727,25.350000381469727,25.850000381469727,25.200000762939453,25.450000762939453,842780,,
2026-03-16,25.200000762939453,25.200000762939453,25.450000762939453,25.0,25.450000762939453,393310,,
2026-03-17,25.450000762939453,25.450000762939453,25.600000381469727,25.149999618530273,25.149999618530273,395386,,
2026-03-18,25.100000381469727,25.100000381469727,25.649999618530273,25.049999237060547,25.649999618530273,637800,,
2026-03-19,24.799999237060547,24.799999237060547,25.200000762939453,24.549999237060547,24.899999618530273,952106,,
2026-03-20,24.899999618530273,24.899999618530273,25.799999237060547,24.799999237060547,24.799999237060547,631001,,
2026-03-23,25.100000381469727,25.100000381469727,25.149999618530273,24.600000381469727,24.700000762939453,529130,,
2026-03-24,25.049999237060547,25.049999237060547,25.100000381469727,24.850000381469727,24.950000762939453,259002,,
2026-03-25,25.100000381469727,25.100000381469727,25.25,24.950000762939453,25.149999618530273,494000,,
2026-03-26,25.049999237060547,25.049999237060547,25.549999237060547,25.0,25.200000762939453,426476,,
2026-03-27,25.350000381469727,25.350000381469727,25.5,24.899999618530273,24.899999618530273,647150,,
2026-03-30,25.0,25.0,25.25,24.850000381469727,24.899999618530273,566763,,
2026-03-31,24.600000381469727,24.600000381469727,24.950000762939453,24.600000381469727,24.799999237060547,505097,,
2026-04-01,24.899999618530273,24.899999618530273,25.100000381469727,24.799999237060547,24.850000381469727,512550,,
2026-04-02,24.049999237060547,24.049999237060547,25.049999237060547,23.950000762939453,25.049999237060547,1142135,,
2026-04-07,24.049999237060547,24.049999237060547,24.100000381469727,23.25,24.100000381469727,1220503,,
2026-04-08,23.950000762939453,23.950000762939453,24.25,23.5,24.0,934182,,
2026-04-09,23.549999237060547,23.549999237060547,24.049999237060547,23.299999237060547,24.049999237060547,789648,,
2026-04-10,23.25,23.25,23.649999618530273,23.0,23.649999618530273,997201,,
2026-04-13,22.850000381469727,22.850000381469727,23.100000381469727,22.5,23.100000381469727,2230337,,
2026-04-14,22.700000762939453,22.700000762939453,22.950000762939453,22.5,22.950000762939453,1046388,,
2026-04-15,22.850000381469727,22.850000381469727,23.0,22.549999237060547,22.700000762939453,859505,,
2026-04-16,22.649999618530273,22.649999618530273,22.850000381469727,22.5,22.799999237060547,903555,,
2026-04-17,22.600000381469727,22.600000381469727,22.899999618530273,22.450000762939453,22.75,849455,,
2026-04-20,22.299999237060547,22.299999237060547,22.899999618530273,22.200000762939453,22.799999237060547,1175943,,
2026-04-21,22.299999237060547,22.299999237060547,22.549999237060547,22.149999618530273,22.450000762939453,745300,,
2026-04-22,21.75,21.75,22.399999618530273,21.649999618530273,22.399999618530273,1441354,,
2026-04-23,21.75,21.75,21.899999618530273,21.450000762939453,21.649999618530273,2046000,,
2026-04-24,21.850000381469727,21.850000381469727,21.899999618530273,21.399999618530273,21.600000381469727,725157,,
2026-04-27,21.399999618530273,21.399999618530273,21.75,20.950000762939453,21.75,1473724,,
2026-04-28,21.200000762939453,21.200000762939453,21.549999237060547,20.5,21.549999237060547,890250,,
2026-04-29,21.200000762939453,21.200000762939453,21.450000762939453,21.0,21.450000762939453,667115,,
2026-04-30,20.850000381469727,20.850000381469727,21.350000381469727,20.850000381469727,21.200000762939453,1447210,,
2026-05-04,20.200000762939453,20.200000762939453,21.0,20.100000381469727,20.899999618530273,1430172,,
2026-05-05,20.399999618530273,20.399999618530273,20.5,20.0,20.450000762939453,1289736,,
2026-05-06,20.75,20.75,20.799999237060547,20.049999237060547,20.600000381469727,2064385,,
2026-05-07,21.149999618530273,21.149999618530273,21.200000762939453,20.450000762939453,20.450000762939453,1497449,,
2026-05-08,21.5,21.5,21.5,21.049999237060547,21.5,1631002,,
2026-05-11,21.200000762939453,21.200000762939453,21.549999237060547,20.549999237060547,21.200000762939453,2599405,,
2026-05-12,21.299999237060547,21.299999237060547,21.399999618530273,20.549999237060547,21.200000762939453,1920001,,
2026-05-13,21.350000381469727,21.350000381469727,21.350000381469727,20.549999237060547,21.0,6031511,,
2026-05-14,21.049999237060547,21.049999237060547,21.299999237060547,20.399999618530273,21.25,1789358,,
2026-05-15,21.0,21.0,21.0,20.5,20.799999237060547,995723,,
2026-05-18,20.899999618530273,20.899999618530273,20.950000762939453,20.600000381469727,20.899999618530273,940931,,
2026-05-19,20.700000762939453,20.700000762939453,20.850000381469727,20.600000381469727,20.649999618530273,395064,,
2026-05-20,20.899999618530273,20.899999618530273,20.950000762939453,20.350000381469727,20.799999237060547,852495,,
2026-05-21,20.850000381469727,20.850000381469727,20.899999618530273,20.450000762939453,20.899999618530273,915091,,
2026-05-22,20.450000762939453,20.450000762939453,20.75,20.25,20.649999618530273,1349725,,
2026-05-25,19.899999618530273,19.899999618530273,20.299999237060547,19.899999618530273,20.299999237060547,1443524,,
2026-05-26,19.0,19.0,19.899999618530273,19.0,19.899999618530273,2247146,,
2026-05-27,18.100000381469727,18.100000381469727,19.0,17.799999237060547,19.0,2958618,,
2026-05-28,18.0,18.0,18.299999237060547,17.700000762939453,18.200000762939453,1603500,,
2026-05-29,18.700000762939453,18.700000762939453,18.799999237060547,18.049999237060547,18.049999237060547,1375259,,
2026-06-01,19.700000762939453,19.700000762939453,19.700000762939453,18.5,18.899999618530273,1600138,,
2026-06-02,18.799999237060547,18.799999237060547,19.700000762939453,18.549999237060547,19.700000762939453,1556400,,
2026-06-03,19.299999237060547,19.299999237060547,19.299999237060547,18.649999618530273,18.850000381469727,891123,,
2026-06-04,19.100000381469727,19.100000381469727,19.399999618530273,18.950000762939453,19.25,1236367,,
2026-06-05,19.600000381469727,19.600000381469727,19.600000381469727,18.850000381469727,19.100000381469727,1183001,,
2026-06-08,19.25,19.25,19.5,18.649999618530273,18.649999618530273,1020035,,
2026-06-09,19.149999618530273,19.149999618530273,19.799999237060547,19.0,19.149999618530273,1074019,,
2026-06-10,20.25,20.25,20.350000381469727,18.799999237060547,18.850000381469727,2282828,,
2026-06-11,19.649999618530273,19.649999618530273,20.350000381469727,19.5,20.350000381469727,1172101,,
2026-06-12,20.0,20.0,20.149999618530273,19.649999618530273,19.75,400026,,
2026-06-15,19.950000762939453,19.950000762939453,20.049999237060547,19.600000381469727,20.0,398027,,
2026-06-16,20.100000381469727,20.100000381469727,20.200000762939453,19.899999618530273,20.200000762939453,492090,,
2026-06-17,20.450000762939453,20.450000762939453,20.700000762939453,20.0,20.0,763025,,
2026-06-18,20.0,20.0,20.700000762939453,20.0,20.549999237060547,1045123,,
2026-06-22,19.0,19.0,20.0,18.799999237060547,20.0,1613151,,
2026-06-23,19.049999237060547,19.049999237060547,19.200000762939453,18.799999237060547,18.950000762939453,515092,,
2026-06-24,19.0,19.0,19.25,18.850000381469727,19.049999237060547,425001,,
2026-06-25,18.75,18.75,19.100000381469727,18.700000762939453,19.0,756840,,
2026-06-26,18.450000762939453,18.450000762939453,18.799999237060547,18.350000381469727,18.600000381469727,814000,,
2026-06-29,19.149999618530273,19.149999618530273,19.200000762939453,18.450000762939453,18.450000762939453,699000,,
2026-06-30,19.299999237060547,19.299999237060547,19.299999237060547,18.950000762939453,19.0,597040,,
2026-07-01,20.200000762939453,20.200000762939453,20.600000381469727,19.0,19.299999237060547,2584193,,
2026-07-02,18.950000762939453,18.950000762939453,20.200000762939453,18.600000381469727,20.200000762939453,3454010,,
2026-07-03,19.399999618530273,19.399999618530273,19.5,18.850000381469727,18.850000381469727,828993,,
2026-07-06,19.649999618530273,19.649999618530273,19.850000381469727,19.399999618530273,19.5,542000,,
2026-07-07,19.600000381469727,19.600000381469727,19.850000381469727,19.399999618530273,19.649999618530273,358020,,
2026-07-08,19.549999237060547,19.549999237060547,19.75,19.450000762939453,19.450000762939453,340016,,
2026-07-09,19.75,19.75,20.100000381469727,19.5,19.5,531000,,
2026-07-10,19.75,19.75,19.75,19.75,19.75,0,,
2026-07-13,19.600000381469727,19.600000381469727,19.700000762939453,19.149999618530273,19.700000762939453,532080,,
2026-07-14,19.100000381469727,19.100000381469727,19.850000381469727,19.049999237060547,19.799999237060547,1063000,,
2026-07-15,19.149999618530273,19.149999618530273,19.350000381469727,18.950000762939453,19.200000762939453,461053,,
2026-07-16,19.399999618530273,19.399999618530273,19.5,19.0,19.399999618530273,527001,,
2026-07-17,19.5,19.5,19.75,19.100000381469727,19.100000381469727,823000,,
2026-07-20,20.049999237060547,20.049999237060547,20.149999618530273,18.950000762939453,19.700000762939453,1446236,,
2026-07-21,19.450000762939453,19.450000762939453,20.0,19.450000762939453,20.0,607526,,
2026-07-22,19.299999237060547,19.299999237060547,19.700000762939453,19.299999237060547,19.450000762939453,664807,,
2026-07-23,19.950000762939453,19.950000762939453,20.0,19.0,19.299999237060547,1148100,,
2026-07-24,20.0,20.0,20.450000762939453,19.649999618530273,19.850000381469727,1328450,,
2026-07-27,20.149999618530273,20.149999618530273,20.200000762939453,19.899999618530273,20.0,751040,,
2026-07-28,19.899999618530273,19.899999618530273,20.049999237060547,19.700000762939453,19.899999618530273,735110,,
2026-07-29,20.649999618530273,20.649999618530273,21.100000381469727,19.899999618530273,19.899999618530273,2652217,,
2026-07-30,21.100000381469727,21.100000381469727,21.100000381469727,20.399999618530273,20.700000762939453,1223260,,
2026-07-31,19.899999618530273,19.899999618530273,21.5,19.899999618530273,21.299999237060547,1794112,,
2026-08-03,19.649999618530273,19.649999618530273,20.100000381469727,19.399999618530273,19.899999618530273,724103,,
2026-08-04,19.25,19.25,19.600000381469727,18.950000762939453,19.299999237060547,1202659,,
2026-08-05,19.600000381469727,19.600000381469727,19.799999237060547,19.149999618530273,19.5,448634,,
2026-08-06,19.25,19.25,19.549999237060547,19.200000762939453,19.299999237060547,407030,,
2026-08-07,19.450000762939453,19.450000762939453,19.5,19.149999618530273,19.25,408000,,
2026-08-10,19.4,19.4,19.5,19.2,19.45,596461,,
2026-08-11,19.25,19.25,19.5,19.2,19.25,249877,,
2026-08-12,19.4,19.4,19.6,19.2,19.2,363209,,
2026-08-13,19.5,19.5,19.6,19.25,19.45,328663,,
2026-08-14,19.399999618530273,19.399999618530273,19.5,19.149999618530273,19.5,440020,0.0,0.0
2026-08-17,19.700000762939453,19.700000762939453,19.799999237060547,19.25,19.25,414139,0.0,0.0
2026-08-18,19.350000381469727,19.350000381469727,19.700000762939453,19.350000381469727,19.549999237060547,464185,0.0,0.0
2026-08-19,19.0,19.0,19.350000381469727,19.0,19.350000381469727,1197041,0.0,0.0
2026-08-20,19.549999237060547,19.549999237060547,19.899999618530273,18.950000762939453,19.100000381469727,951863,0.0,0.0
