Date,Adj Close,Close,High,Low,Open,Volume
2016-08-12,25.0,25.0,25.05,24.85,24.9,52011
2016-08-15,25.0,25.0,25.0,24.9,24.95,69179
2016-08-16,24.95,24.95,24.95,24.85,24.9,33000
2016-08-17,26.2,26.2,26.5,24.9,24.95,116092
2016-08-18,25.3,25.3,26.0,25.15,26.0,32025
2016-08-19,25.0,25.0,25.35,24.9,25.35,38730
2016-08-22,24.75,24.75,24.9,24.5,24.5,51040
2016-08-23,24.9,24.9,24.9,24.75,24.9,8638
2016-08-24,24.85,24.85,25.1,24.7,24.7,13000
2016-08-25,25.15,25.15,25.15,24.85,24.85,57007
2016-08-26,25.25,25.25,25.25,25.0,25.0,31100
2016-08-29,25.25,25.25,25.6,25.0,25.3,58543
2016-08-30,25.15,25.15,25.4,25.15,25.3,33054
2016-08-31,25.1,25.1,25.2,24.45,24.45,11008
2016-09-01,24.85,24.85,24.85,24.6,24.6,6025
2016-09-02,24.95,24.95,25.1,24.95,25.1,78090
2016-09-05,25.2,25.2,25.2,24.85,24.85,53565
2016-09-06,25.0,25.0,25.2,25.0,25.0,18058
2016-09-07,25.0,25.0,25.1,24.9,25.0,28320
2016-09-08,25.0,25.0,25.0,24.95,25.0,21008
2016-09-09,24.85,24.85,25.0,24.65,24.65,61700
2016-09-12,24.95,24.95,24.95,24.8,24.9,55020
2016-09-13,24.9,24.9,24.95,24.9,24.95,19858
2016-09-14,24.9,24.9,25.0,24.85,24.85,50100
2016-09-19,24.9,24.9,25.15,24.9,24.9,68000
2016-09-20,25.1,25.1,25.15,25.0,25.0,67910
2016-09-21,25.8,25.8,26.1,25.05,25.1,137800
2016-09-22,25.5,25.5,25.6,25.5,25.6,8001
2016-09-23,25.35,25.35,25.5,25.1,25.1,23200
2016-09-26,25.35,25.35,25.35,25.35,25.35,3800
2016-09-29,25.3,25.3,25.35,25.0,25.35,32000
2016-09-30,24.9,24.9,25.0,24.8,25.0,29587
2016-10-03,24.95,24.95,25.1,24.9,24.9,42669
2016-10-04,25.0,25.0,25.0,25.0,25.0,38592
2016-10-05,24.95,24.95,25.05,24.95,25.0,44304
2016-10-07,25.1,25.1,25.1,25.0,25.0,52794
2016-10-11,25.0,25.0,25.1,24.9,25.1,23200
2016-10-12,25.0,25.0,25.0,25.0,25.0,1776
2016-10-13,25.0,25.0,25.0,24.05,24.05,44001
2016-10-14,24.9,24.9,25.0,24.9,25.0,63575
2016-10-17,25.0,25.0,25.0,24.9,24.9,38680
2016-10-18,25.0,25.0,25.0,24.9,24.95,38562
2016-10-19,25.0,25.0,25.0,24.95,24.95,34005
2016-10-20,25.0,25.0,25.0,24.9,24.9,49243
2016-10-21,25.0,25.0,25.0,24.65,24.65,57100
2016-10-24,25.0,25.0,25.15,25.0,25.15,27457
2016-10-25,25.0,25.0,25.0,25.0,25.0,23315
2016-10-26,25.05,25.05,25.55,25.0,25.0,55000
2016-10-27,25.0,25.0,25.0,24.9,25.0,32000
2016-10-28,25.0,25.0,25.0,25.0,25.0,5000
2016-10-31,24.85,24.85,25.0,24.8,25.0,8400
2016-11-01,24.8,24.8,24.8,24.8,24.8,2064
2016-11-02,24.8,24.8,25.0,24.8,24.8,28264
2016-11-03,25.0,25.0,25.0,24.15,24.15,9310
2016-11-04,24.7,24.7,24.7,24.7,24.7,1000
2016-11-07,25.0,25.0,25.0,24.7,24.7,42000
2016-11-08,24.65,24.65,25.0,24.6,25.0,4841
2016-11-09,24.1,24.1,24.8,24.1,24.8,55947
2016-11-10,24.8,24.8,24.8,24.4,24.4,17224
2016-11-11,24.6,24.6,24.8,24.2,24.8,14216
2016-11-14,24.8,24.8,24.8,24.6,24.6,43400
2016-11-15,24.8,24.8,25.0,24.7,24.8,63798
2016-11-16,24.75,24.75,25.0,24.75,25.0,47100
2016-11-17,24.75,24.75,24.8,24.75,24.8,7400
2016-11-18,24.8,24.8,25.0,24.8,24.8,12400
2016-11-21,24.85,24.85,24.9,24.85,24.85,7400
2016-11-22,24.8,24.8,24.9,24.8,24.9,46506
2016-11-23,24.8,24.8,24.85,24.8,24.8,13000
2016-11-24,24.8,24.8,24.8,24.8,24.8,11375
2016-11-25,24.95,24.95,25.0,24.85,25.0,40000
2016-11-28,24.9,24.9,25.0,24.9,25.0,14400
2016-11-29,24.8,24.8,24.8,24.8,24.8,10120
2016-11-30,25.0,25.0,25.0,24.85,24.85,41026
2016-12-01,24.9,24.9,25.0,24.9,25.0,35400
2016-12-02,25.0,25.0,25.0,24.9,24.9,34000
2016-12-05,25.2,25.2,25.2,24.95,25.0,81400
2016-12-06,25.05,25.05,25.95,25.0,25.0,68500
2016-12-07,25.25,25.25,25.35,25.0,25.05,54000
2016-12-08,25.05,25.05,25.35,25.0,25.35,12680
2016-12-09,24.95,24.95,25.2,24.95,25.05,122700
2016-12-12,25.0,25.0,26.0,24.95,26.0,87515
2016-12-13,25.0,25.0,25.8,24.9,25.6,90125
2016-12-14,25.0,25.0,25.0,24.9,25.0,68021
2016-12-15,24.9,24.9,24.9,24.85,24.9,48501
2016-12-16,24.95,24.95,24.95,24.8,24.9,17000
2016-12-19,24.9,24.9,24.95,24.9,24.9,4000
2016-12-20,24.9,24.9,24.9,24.8,24.9,11152
2016-12-21,24.85,24.85,25.0,24.85,24.9,17200
2016-12-22,24.9,24.9,25.0,24.9,24.9,20400
2016-12-23,25.2,25.2,25.2,24.9,24.9,7026
2016-12-26,25.15,25.15,25.15,25.0,25.1,7000
2016-12-27,25.2,25.2,25.5,24.95,25.5,9941
2016-12-28,25.2,25.2,25.2,25.0,25.0,9434
2016-12-29,25.15,25.15,25.15,25.0,25.15,7000
2016-12-30,25.2,25.2,25.2,25.2,25.2,69349
2017-01-03,25.65,25.65,25.65,24.85,24.9,12803
2017-01-04,25.25,25.25,25.4,25.25,25.35,10200
2017-01-05,25.1,25.1,25.15,25.1,25.15,4030
2017-01-09,24.9,24.9,25.0,24.9,24.9,18317
2017-01-10,25.45,25.45,25.45,24.85,24.9,71200
2017-01-11,25.4,25.4,25.4,25.2,25.4,30000
2017-01-12,25.1,25.1,25.2,25.1,25.2,9000
2017-01-13,25.05,25.05,25.5,25.05,25.5,10360
2017-01-16,25.25,25.25,25.25,25.0,25.0,10000
2017-01-17,25.15,25.15,25.2,25.15,25.2,4435
2017-01-18,25.4,25.4,25.45,25.1,25.15,60048
2017-01-19,25.25,25.25,25.25,25.0,25.05,36252
2017-01-20,25.5,25.5,25.5,24.95,25.25,29000
2017-01-23,25.4,25.4,25.6,24.95,25.5,50740
2017-01-24,25.5,25.5,25.5,25.4,25.4,34547
2017-02-02,25.9,25.9,26.0,25.5,25.8,42660
2017-02-03,26.5,26.5,26.7,25.9,25.9,79920
2017-02-06,27.6,27.6,28.6,26.6,26.7,177267
2017-02-07,27.8,27.8,27.8,27.2,27.6,84374
2017-02-08,27.8,27.8,28.5,27.6,27.7,100314
2017-02-09,27.8,27.8,27.85,27.45,27.6,62031
2017-02-10,27.7,27.7,27.8,27.5,27.8,33400
2017-02-13,27.5,27.5,27.95,27.5,27.7,37361
2017-02-14,27.7,27.7,28.0,27.35,27.5,86000
2017-02-15,27.75,27.75,27.8,27.4,27.4,111201
2017-02-16,27.65,27.65,27.75,27.4,27.6,73476
2017-02-17,27.25,27.25,27.55,27.0,27.4,54487
2017-02-20,27.0,27.0,27.3,27.0,27.3,41200
2017-02-21,27.5,27.5,27.5,26.85,27.0,136000
2017-02-22,27.4,27.4,27.5,27.1,27.5,9543
2017-02-23,27.0,27.0,27.3,27.0,27.2,77273
2017-02-24,27.2,27.2,27.2,27.0,27.0,7355
2017-03-01,27.2,27.2,27.5,27.05,27.2,24200
2017-03-02,27.5,27.5,27.5,27.2,27.2,61000
2017-03-03,27.55,27.55,28.0,27.2,27.5,37200
2017-03-06,27.8,27.8,27.8,27.5,27.55,42600
2017-03-07,27.5,27.5,27.8,27.5,27.8,21400
2017-03-08,27.8,27.8,27.8,27.5,27.55,15637
2017-03-09,27.5,27.5,27.5,27.1,27.5,49919
2017-03-10,27.2,27.2,27.5,27.2,27.5,32638
2017-03-13,27.45,27.45,27.45,27.1,27.2,17612
2017-03-14,27.25,27.25,27.6,27.25,27.45,20939
2017-03-15,27.4,27.4,28.0,27.25,27.25,29084
2017-03-16,27.45,27.45,27.8,27.4,27.4,64131
2017-03-17,27.4,27.4,27.9,27.4,27.45,57339
2017-03-20,27.7,27.7,28.0,27.55,28.0,169421
2017-03-21,28.35,28.35,28.45,27.6,27.7,142990
2017-03-22,28.5,28.5,28.6,28.35,28.35,147879
2017-03-23,28.9,28.9,28.9,28.5,28.6,126636
2017-03-24,28.65,28.65,29.0,28.6,29.0,119000
2017-03-27,28.5,28.5,28.85,28.4,28.55,99590
2017-03-28,28.3,28.3,28.65,28.3,28.45,77000
2017-03-29,28.1,28.1,28.5,28.1,28.3,78300
2017-03-30,28.35,28.35,28.4,28.15,28.15,33326
2017-03-31,28.35,28.35,28.35,28.15,28.15,57100
2017-04-05,28.5,28.5,28.8,28.3,28.35,70135
2017-04-06,28.5,28.5,28.5,28.4,28.5,42514
2017-04-07,28.2,28.2,28.4,28.05,28.4,80401
2017-04-10,27.8,27.8,28.1,27.6,28.1,176057
2017-04-11,27.65,27.65,27.8,27.6,27.8,62501
2017-04-12,27.65,27.65,27.75,27.5,27.65,42612
2017-04-13,27.65,27.65,27.7,27.65,27.7,34595
2017-04-14,27.75,27.75,27.8,27.6,27.65,19469
2017-04-17,27.75,27.75,27.8,27.5,27.5,31402
2017-04-18,27.75,27.75,27.8,27.5,27.75,71200
2017-04-19,27.4,27.4,27.6,27.35,27.5,46030
2017-04-21,27.65,27.65,27.7,27.5,27.7,28200
2017-04-24,27.6,27.6,27.6,27.5,27.5,17000
2017-04-25,27.7,27.7,27.9,27.6,27.8,47345
2017-04-26,27.7,27.7,28.0,27.7,28.0,24102
2017-04-27,27.7,27.7,27.8,27.7,27.7,26002
2017-04-28,27.45,27.45,28.0,27.35,27.5,82219
2017-05-02,27.0,27.0,27.6,26.85,27.6,97220
2017-05-03,27.6,27.6,27.9,27.2,27.2,60678
2017-05-04,27.75,27.75,28.0,27.7,27.7,55620
2017-05-05,28.0,28.0,28.0,27.7,27.7,73424
2017-05-08,27.7,27.7,28.0,27.7,28.0,49300
2017-05-09,27.95,27.95,28.0,27.7,27.8,60400
2017-05-10,28.2,28.2,28.2,27.7,27.7,84461
2017-05-11,28.0,28.0,28.2,28.0,28.0,32000
2017-05-12,28.2,28.2,28.2,28.0,28.0,75000
2017-05-15,27.9,27.9,28.3,27.9,28.0,55200
2017-05-16,28.05,28.05,28.05,27.9,27.9,39073
2017-05-17,28.05,28.05,28.25,28.0,28.25,77400
2017-05-18,28.1,28.1,28.2,28.05,28.1,49540
2017-05-19,28.2,28.2,28.25,28.0,28.1,80379
2017-05-22,28.2,28.2,28.2,28.1,28.1,59000
2017-05-23,28.3,28.3,28.3,28.1,28.2,54192
2017-05-24,28.2,28.2,28.6,28.2,28.3,82408
2017-05-25,28.2,28.2,28.3,28.2,28.3,79073
2017-05-26,28.45,28.45,28.45,28.2,28.3,56509
2017-05-31,28.55,28.55,28.55,28.4,28.45,90002
2017-06-01,28.3,28.3,28.4,28.25,28.4,28024
2017-06-02,28.55,28.55,28.55,28.3,28.3,45411
2017-06-05,28.45,28.45,28.55,28.45,28.5,67650
2017-06-06,28.3,28.3,28.5,28.3,28.5,55018
2017-06-07,28.25,28.25,28.4,28.25,28.3,66026
2017-06-08,28.3,28.3,28.4,28.3,28.3,34599
2017-06-09,28.45,28.45,28.5,28.4,28.4,36009
2017-06-12,28.45,28.45,28.45,28.45,28.45,41055
2017-06-13,28.4,28.4,28.5,28.4,28.45,68157
2017-06-14,28.35,28.35,28.5,28.35,28.45,91698
2017-06-15,28.3,28.3,28.4,28.3,28.35,62000
2017-06-16,28.85,28.85,28.85,28.3,28.3,73905
2017-06-19,28.4,28.4,28.8,28.4,28.8,197165
2017-06-20,28.7,28.7,28.9,28.4,28.45,103803
2017-06-21,29.0,29.0,29.0,28.4,28.5,185003
2017-06-22,28.8,28.8,28.95,28.7,28.7,85268
2017-06-23,28.8,28.8,29.0,28.7,28.85,95889
2017-06-26,29.0,29.0,29.0,28.8,28.8,127100
2017-06-27,29.0,29.0,29.05,28.8,29.0,106338
2017-06-28,29.0,29.0,29.05,28.95,29.0,94300
2017-06-29,29.1,29.1,29.2,29.05,29.2,67523
2017-06-30,29.15,29.15,29.2,29.1,29.1,69342
2017-07-03,29.05,29.05,29.15,29.05,29.15,81800
2017-07-04,29.05,29.05,29.1,29.0,29.05,58190
2017-07-05,29.25,29.25,29.65,29.05,29.1,229026
2017-07-06,29.2,29.2,29.3,29.2,29.25,53620
2017-07-07,29.15,29.15,29.25,29.1,29.2,31555
2017-07-10,29.05,29.05,29.15,29.0,29.15,128200
2017-07-11,28.85,28.85,29.1,28.8,29.1,177490
2017-07-12,29.1,29.1,29.1,28.95,28.95,69223
2017-07-13,29.0,29.0,29.1,29.0,29.1,74638
2017-07-14,29.05,29.05,29.1,29.05,29.05,52606
2017-07-17,29.1,29.1,29.15,29.05,29.05,77769
2017-07-18,29.3,29.3,29.4,29.1,29.1,87652
2017-07-19,29.45,29.45,29.5,29.3,29.3,76002
2017-07-20,29.7,29.7,30.0,29.6,30.0,133239
2017-07-21,29.9,29.9,29.9,29.7,29.7,86038
2017-07-24,30.0,30.0,30.2,30.0,30.0,165830
2017-07-25,30.0,30.0,30.2,30.0,30.0,117320
2017-07-26,29.95,29.95,30.05,29.95,30.0,160673
2017-07-27,30.0,30.0,30.0,29.9,30.0,203809
2017-07-28,30.25,30.25,30.4,30.0,30.0,308600
2017-07-31,30.3,30.3,30.5,30.15,30.35,245403
2017-08-01,30.5,30.5,30.5,30.2,30.3,284110
2017-08-02,32.15,32.15,32.15,30.8,30.8,949283
2017-08-03,28.1,28.1,28.4,28.0,28.1,342759
2017-08-04,27.8,27.8,28.4,27.8,28.3,177466
2017-08-07,27.5,27.5,27.8,27.3,27.8,281661
2017-08-08,27.1,27.1,27.75,27.1,27.5,151236
2017-08-09,27.05,27.05,27.5,27.05,27.5,70594
2017-08-10,27.1,27.1,27.1,26.8,27.0,109400
2017-08-11,27.1,27.1,28.1,27.1,28.1,105200
2017-08-14,27.1,27.1,27.2,27.1,27.1,96702
2017-08-15,27.7,27.7,27.9,27.0,27.1,136240
2017-08-16,27.2,27.2,27.55,27.2,27.2,31730
2017-08-17,27.2,27.2,27.5,27.2,27.5,45203
2017-08-18,27.05,27.05,27.35,27.05,27.3,108231
2017-08-21,26.9,26.9,27.15,26.9,27.0,133650
2017-08-22,26.9,26.9,27.0,26.85,26.9,64440
2017-08-23,26.9,26.9,27.6,26.9,26.9,198069
2017-08-24,27.8,27.8,27.9,27.0,27.05,125914
2017-08-25,27.45,27.45,28.0,27.4,28.0,64200
2017-08-28,27.3,27.3,27.65,27.1,27.45,63468
2017-08-29,27.3,27.3,27.6,27.3,27.3,53451
2017-08-30,27.2,27.2,27.5,27.2,27.5,15063
2017-08-31,27.3,27.3,27.3,27.1,27.2,43076
2017-09-01,27.2,27.2,27.35,27.0,27.35,94233
2017-09-04,27.2,27.2,27.6,27.2,27.5,49124
2017-09-05,27.2,27.2,27.25,27.2,27.2,16282
2017-09-06,27.05,27.05,27.2,27.0,27.0,36020
2017-09-07,27.1,27.1,27.35,27.05,27.3,47220
2017-09-08,27.5,27.5,28.0,27.05,27.1,169362
2017-09-11,27.1,27.1,27.55,27.1,27.5,170256
2017-09-12,27.45,27.45,27.8,27.1,27.6,219900
2017-09-13,27.4,27.4,27.6,27.25,27.6,51628
2017-09-14,27.45,27.45,27.5,27.2,27.4,134278
2017-09-15,27.3,27.3,27.5,27.15,27.5,92608
2017-09-18,27.2,27.2,27.45,27.2,27.4,55794
2017-09-19,27.1,27.1,27.5,27.1,27.1,75220
2017-09-20,27.1,27.1,27.25,27.0,27.25,105782
2017-09-21,27.7,27.7,27.7,27.3,27.3,94600
2017-09-22,27.45,27.45,27.7,27.4,27.7,196560
2017-09-25,27.4,27.4,27.5,27.3,27.5,84400
2017-09-26,27.3,27.3,27.5,27.3,27.5,50293
2017-09-27,27.3,27.3,27.5,27.15,27.2,36300
2017-09-28,27.35,27.35,27.6,27.3,27.3,60800
2017-09-29,27.6,27.6,27.6,27.3,27.3,98999
2017-10-02,27.4,27.4,27.5,27.25,27.4,42644
2017-10-03,27.4,27.4,27.5,27.4,27.4,28300
2017-10-05,27.4,27.4,27.45,27.4,27.45,22143
2017-10-06,27.4,27.4,27.45,27.4,27.4,34335
2017-10-11,27.4,27.4,27.45,27.3,27.45,79800
2017-10-12,27.45,27.45,27.55,27.4,27.4,17500
2017-10-13,27.5,27.5,27.5,27.45,27.45,14619
2017-10-16,27.5,27.5,27.6,27.35,27.45,43553
2017-10-17,27.8,27.8,27.8,27.5,27.5,24570
2017-10-18,27.65,27.65,27.95,27.6,27.8,90415
2017-10-19,28.0,28.0,28.4,27.5,27.5,238500
2017-10-20,28.0,28.0,28.0,27.75,28.0,38793
2017-10-23,27.9,27.9,28.0,27.85,28.0,40435
2017-10-24,28.15,28.15,28.3,27.9,27.9,106300
2017-10-25,29.0,29.0,29.0,28.15,28.2,228201
2017-10-26,28.65,28.65,29.0,28.5,28.8,82999
2017-10-27,28.5,28.5,29.0,28.5,29.0,35195
2017-10-30,28.05,28.05,28.3,27.85,28.3,46800
2017-10-31,28.2,28.2,28.5,28.05,28.05,35849
2017-11-01,28.1,28.1,28.15,28.05,28.1,28250
2017-11-02,28.3,28.3,28.5,28.1,28.1,80021
2017-11-03,28.5,28.5,28.5,28.0,28.0,51078
2017-11-06,28.5,28.5,28.5,28.3,28.5,31100
2017-11-07,28.5,28.5,28.5,28.15,28.5,50182
2017-11-08,28.35,28.35,28.4,28.3,28.35,32713
2017-11-09,28.5,28.5,28.5,28.3,28.35,53340
2017-11-10,28.5,28.5,28.5,28.2,28.2,60278
2017-11-13,28.2,28.2,28.35,28.2,28.3,45430
2017-11-14,28.1,28.1,28.5,28.0,28.2,163700
2017-11-15,28.15,28.15,28.4,28.1,28.1,66721
2017-11-16,28.2,28.2,28.25,28.15,28.15,19600
2017-11-17,28.25,28.25,28.3,28.2,28.3,33000
2017-11-20,28.5,28.5,28.5,28.1,28.25,89220
2017-11-21,28.4,28.4,28.5,28.3,28.5,40200
2017-11-22,28.8,28.8,28.9,28.4,28.4,74790
2017-11-23,28.6,28.6,28.8,28.6,28.8,35336
2017-11-24,28.8,28.8,28.8,28.45,28.6,35813
2017-11-27,29.2,29.2,30.25,28.8,28.8,102122
2017-11-28,29.5,29.5,29.5,29.1,29.2,52840
2017-11-29,29.0,29.0,29.5,29.0,29.5,27421
2017-11-30,28.9,28.9,29.0,28.7,29.0,38453
2017-12-01,28.7,28.7,28.75,28.3,28.35,143033
2017-12-04,28.5,28.5,28.9,28.45,28.45,59525
2017-12-05,28.55,28.55,29.0,28.45,28.5,92300
2017-12-06,28.95,28.95,28.95,28.5,28.55,125090
2017-12-07,28.65,28.65,28.95,28.65,28.95,18500
2017-12-08,28.9,28.9,28.9,28.6,28.6,27500
2017-12-11,28.8,28.8,29.6,28.8,29.6,47342
2017-12-12,28.7,28.7,29.0,28.7,29.0,45613
2017-12-13,28.65,28.65,28.9,28.65,28.65,13151
2017-12-14,28.7,28.7,28.9,28.7,28.7,20118
2017-12-15,28.65,28.65,28.8,28.65,28.75,18424
2017-12-18,28.7,28.7,28.8,28.2,28.6,168000
2017-12-19,28.5,28.5,29.0,28.5,29.0,69555
2017-12-20,28.0,28.0,28.8,27.8,28.5,296250
2017-12-21,28.4,28.4,28.4,28.0,28.0,115600
2017-12-22,28.05,28.05,28.2,28.0,28.0,276401
2017-12-25,28.15,28.15,28.3,28.05,28.05,24003
2017-12-26,28.1,28.1,28.2,28.05,28.2,71100
2017-12-27,28.0,28.0,28.15,28.0,28.1,96001
2017-12-28,28.0,28.0,28.3,28.0,28.0,77035
2017-12-29,28.1,28.1,28.3,28.05,28.15,37000
2018-01-02,28.2,28.2,28.4,28.15,28.3,60099
2018-01-03,28.3,28.3,28.45,28.3,28.3,60116
2018-01-04,28.35,28.35,28.6,28.3,28.3,54088
2018-01-05,28.5,28.5,28.85,28.35,28.35,137236
2018-01-08,28.35,28.35,28.6,28.35,28.5,79362
2018-01-09,28.2,28.2,28.45,28.2,28.35,53510
2018-01-10,28.35,28.35,28.4,28.25,28.25,39003
2018-01-11,28.2,28.2,28.4,28.2,28.35,40253
2018-01-12,28.25,28.25,28.35,28.15,28.15,25172
2018-01-15,28.2,28.2,28.4,28.2,28.4,69320
2018-01-16,28.3,28.3,28.5,28.25,28.3,67118
2018-01-17,28.6,28.6,28.8,28.3,28.3,88278
2018-01-18,28.35,28.35,28.8,28.35,28.8,33601
2018-01-19,28.25,28.25,28.45,28.2,28.35,82880
2018-01-22,28.25,28.25,28.3,28.25,28.25,18004
2018-01-23,28.05,28.05,28.4,28.05,28.3,74000
2018-01-24,28.05,28.05,28.35,28.05,28.05,38155
2018-01-25,28.25,28.25,28.4,28.2,28.2,42169
2018-01-26,28.4,28.4,28.5,28.35,28.35,161500
2018-01-29,28.35,28.35,28.5,28.35,28.5,37398
2018-01-30,28.4,28.4,28.8,28.4,28.45,96622
2018-01-31,28.35,28.35,28.5,28.3,28.4,26200
2018-02-01,28.45,28.45,28.5,28.4,28.5,88295
2018-02-02,28.45,28.45,28.5,28.4,28.5,22606
2018-02-05,28.15,28.15,28.45,28.1,28.2,74103
2018-02-06,28.1,28.1,28.2,28.0,28.1,285000
2018-02-07,28.15,28.15,28.35,28.1,28.1,96400
2018-02-08,28.0,28.0,28.2,28.0,28.15,90776
2018-02-09,28.0,28.0,28.05,27.7,27.9,71803
2018-02-12,28.0,28.0,28.2,27.9,28.0,89000
2018-02-21,28.05,28.05,28.2,28.05,28.05,62000
2018-02-22,28.1,28.1,28.2,28.1,28.2,15167
2018-02-23,28.2,28.2,28.3,28.2,28.3,38440
2018-02-26,28.2,28.2,28.35,28.2,28.25,58988
2018-02-27,28.2,28.2,28.4,28.1,28.2,67541
2018-03-01,28.2,28.2,28.4,28.2,28.4,22000
2018-03-02,28.15,28.15,28.4,28.15,28.3,39005
2018-03-05,28.2,28.2,28.3,28.2,28.3,13277
2018-03-06,28.25,28.25,28.35,28.25,28.3,26396
2018-03-07,28.3,28.3,28.35,28.25,28.25,15000
2018-03-08,28.35,28.35,28.55,28.35,28.35,46691
2018-03-09,28.4,28.4,28.5,28.35,28.4,28599
2018-03-12,28.2,28.2,28.4,28.2,28.4,64702
2018-03-13,28.3,28.3,28.6,28.2,28.2,57720
2018-03-14,28.3,28.3,28.8,28.3,28.8,33310
2018-03-15,28.35,28.35,28.35,28.1,28.3,104296
2018-03-16,28.35,28.35,28.35,28.3,28.35,20044
2018-03-19,28.3,28.3,28.4,28.25,28.35,37933
2018-03-20,28.4,28.4,28.8,28.2,28.6,43070
2018-03-21,28.5,28.5,28.6,28.4,28.4,35200
2018-03-22,28.35,28.35,28.6,28.35,28.6,36225
2018-03-23,28.3,28.3,28.35,28.3,28.35,61100
2018-03-26,28.5,28.5,28.8,28.4,28.5,89002
2018-03-27,28.6,28.6,28.75,28.6,28.6,96323
2018-03-28,29.0,29.0,29.2,28.65,28.65,222464
2018-03-29,29.15,29.15,29.4,29.1,29.1,120098
2018-03-30,29.15,29.15,29.6,29.15,29.3,160537
2018-04-02,29.1,29.1,29.4,29.1,29.4,81950
2018-04-03,29.05,29.05,29.1,28.9,28.95,48300
2018-04-09,29.1,29.1,29.15,29.0,29.05,40270
2018-04-10,29.1,29.1,29.5,29.1,29.1,51561
2018-04-11,29.1,29.1,29.2,29.0,29.2,47006
2018-04-12,29.05,29.05,29.2,29.05,29.1,33400
2018-04-13,29.0,29.0,29.1,28.95,29.1,50114
2018-04-16,29.1,29.1,29.2,29.0,29.05,45389
2018-04-17,28.9,28.9,29.35,28.9,29.35,67237
2018-04-18,29.05,29.05,29.3,29.0,29.2,27200
2018-04-19,29.1,29.1,29.5,29.1,29.5,42293
2018-04-20,29.1,29.1,29.1,29.0,29.1,29711
2018-04-23,29.1,29.1,29.2,29.0,29.1,33140
2018-04-24,28.95,28.95,29.15,28.95,29.1,64330
2018-04-25,28.95,28.95,29.0,28.7,28.8,43000
2018-04-26,28.95,28.95,29.1,28.95,29.0,47493
2018-04-27,29.1,29.1,29.1,29.05,29.05,50034
2018-04-30,29.15,29.15,29.2,29.1,29.1,36300
2018-05-02,29.1,29.1,29.15,29.05,29.15,56133
2018-05-03,29.15,29.15,29.2,29.1,29.1,21013
2018-05-04,29.3,29.3,29.5,29.15,29.2,48020
2018-05-07,29.1,29.1,29.4,29.05,29.35,73046
2018-05-08,29.4,29.4,29.4,29.15,29.3,35050
2018-05-09,29.3,29.3,29.4,29.15,29.2,21028
2018-05-10,29.4,29.4,29.5,29.25,29.3,82571
2018-05-11,29.5,29.5,29.5,29.4,29.4,50999
2018-05-14,29.3,29.3,29.5,29.2,29.5,33602
2018-05-15,29.6,29.6,29.6,29.05,29.3,42322
2018-05-16,29.45,29.45,29.45,29.3,29.4,27617
2018-05-17,29.5,29.5,29.65,29.35,29.65,6201
2018-05-18,29.3,29.3,29.5,29.3,29.5,101000
2018-05-21,29.55,29.55,29.55,29.3,29.3,54735
2018-05-22,29.4,29.4,29.6,29.4,29.55,36502
2018-05-23,29.5,29.5,29.6,29.4,29.6,8515207
2018-05-24,29.4,29.4,29.6,29.3,29.3,62617
2018-05-25,29.9,29.9,30.2,29.35,29.4,89534
2018-05-28,29.9,29.9,30.25,29.9,30.25,105666
2018-05-29,29.95,29.95,30.0,29.9,29.9,23133
2018-05-30,29.35,29.35,29.6,29.05,29.55,161411
2018-05-31,29.4,29.4,29.5,29.35,29.5,35400
2018-06-01,29.1,29.1,29.4,29.1,29.4,113072
2018-06-04,29.25,29.25,29.4,29.2,29.2,68662
2018-06-05,29.3,29.3,29.5,29.3,29.4,16623
2018-06-06,29.35,29.35,29.75,29.35,29.75,35433
2018-06-07,29.4,29.4,29.4,29.3,29.35,41133
2018-06-08,29.45,29.45,30.2,29.2,30.2,78528
2018-06-11,29.25,29.25,29.55,29.25,29.55,22202
2018-06-12,29.3,29.3,29.4,29.3,29.4,50807
2018-06-13,29.3,29.3,29.5,29.3,29.4,26796
2018-06-14,29.35,29.35,29.45,29.3,29.3,19300
2018-06-15,29.3,29.3,29.35,29.3,29.35,23320
2018-06-19,29.3,29.3,29.6,29.3,29.4,33000
2018-06-20,29.3,29.3,29.5,29.1,29.15,68656
2018-06-21,29.25,29.25,29.45,29.2,29.4,55100
2018-06-22,29.25,29.25,29.35,29.25,29.3,47000
2018-06-25,29.45,29.45,29.5,29.25,29.25,37133
2018-06-26,30.85,30.85,30.85,29.35,29.35,73612
2018-06-27,29.8,29.8,30.3,29.75,30.3,35302
2018-06-28,29.85,29.85,29.95,29.8,29.8,65595
2018-06-29,29.9,29.9,30.0,29.8,29.8,37367
2018-07-02,29.8,29.8,29.95,29.8,29.9,24500
2018-07-03,29.85,29.85,29.9,29.7,29.8,40000
2018-07-04,29.6,29.6,29.6,29.35,29.6,36600
2018-07-05,29.4,29.4,29.5,29.4,29.5,16676
2018-07-06,29.35,29.35,29.6,29.2,29.4,49100
2018-07-09,29.7,29.7,29.8,29.1,29.1,30300
2018-07-10,29.7,29.7,29.8,29.7,29.7,20138
2018-07-11,29.45,29.45,29.8,29.45,29.75,28007
2018-07-12,29.8,29.8,29.8,29.45,29.45,24008
2018-07-13,29.8,29.8,29.9,29.8,29.8,45328
2018-07-16,29.85,29.85,30.6,29.85,30.6,57040
2018-07-17,29.6,29.6,29.85,29.6,29.85,8220
2018-07-18,29.8,29.8,30.4,29.6,29.65,44233
2018-07-19,29.9,29.9,30.0,29.8,29.8,28223
2018-07-20,29.8,29.8,30.0,29.8,30.0,30000
2018-07-23,29.8,29.8,30.05,29.8,29.8,36034
2018-07-24,29.65,29.65,29.9,29.65,29.9,45120
2018-07-25,29.7,29.7,29.85,29.7,29.85,14600
2018-07-26,29.6,29.6,29.75,29.6,29.7,45348
2018-07-27,29.6,29.6,29.6,29.55,29.55,7100
2018-07-30,29.7,29.7,30.5,29.7,29.9,91052
2018-07-31,29.75,29.75,30.45,29.7,29.7,63730
2018-08-01,29.8,29.8,30.0,29.75,29.9,36765
2018-08-02,29.8,29.8,29.95,29.75,29.8,35559
2018-08-03,29.7,29.7,29.9,29.7,29.8,60039
2018-08-06,29.7,29.7,29.9,29.7,29.9,14281
2018-08-07,29.75,29.75,29.8,29.7,29.7,28627
2018-08-08,29.6,29.6,29.9,29.55,29.7,67753
2018-08-09,29.75,29.75,30.0,29.7,29.85,74872
2018-08-10,29.8,29.8,30.0,29.8,29.9,53850
2018-08-13,29.8,29.8,30.0,29.75,29.75,50447
2018-08-14,29.9,29.9,30.0,29.8,29.8,57284
2018-08-15,29.85,29.85,29.9,29.85,29.9,13767
2018-08-16,29.75,29.75,30.0,29.7,29.85,48636
2018-08-17,30.0,30.0,30.15,29.8,29.8,81270
2018-08-20,30.1,30.1,30.3,30.0,30.0,77269
2018-08-21,29.95,29.95,30.3,29.9,29.9,50777
2018-08-22,30.0,30.0,30.3,29.95,30.3,45118
2018-08-23,29.95,29.95,30.0,29.9,30.0,36079
2018-08-24,30.0,30.0,30.1,29.95,30.0,38301
2018-08-27,30.1,30.1,30.2,30.0,30.0,32310
2018-08-28,30.2,30.2,30.35,30.1,30.2,87120
2018-08-29,30.4,30.4,30.85,30.35,30.5,120804
2018-08-30,30.5,30.5,30.7,30.4,30.65,56517
2018-08-31,30.8,30.8,30.95,30.55,30.55,100042
2018-09-03,30.95,30.95,31.0,30.8,30.8,297228
2018-09-04,31.3,31.3,31.3,30.95,31.0,283753
2018-09-05,31.05,31.05,31.5,31.0,31.45,424292
2018-09-06,28.0,28.0,28.45,27.4,27.7,473090
2018-09-07,27.8,27.8,28.3,27.6,28.05,223023
2018-09-10,28.1,28.1,28.3,27.8,28.2,181920
2018-09-11,27.95,27.95,28.2,27.8,28.2,150748
2018-09-12,27.8,27.8,28.0,27.7,27.7,111310
2018-09-13,27.8,27.8,28.1,27.8,27.95,57139
2018-09-14,27.95,27.95,28.05,27.9,27.9,48504
2018-09-17,27.85,27.85,27.9,27.8,27.9,22250
2018-09-18,27.75,27.75,27.85,27.75,27.8,32041
2018-09-19,28.1,28.1,28.8,27.7,27.9,94000
2018-09-20,28.2,28.2,28.3,28.0,28.0,83000
2018-09-21,28.15,28.15,28.4,28.15,28.4,55000
2018-09-25,27.9,27.9,28.5,27.9,28.3,54952
2018-09-26,28.0,28.0,28.2,27.85,28.2,27377
2018-09-27,28.0,28.0,28.0,27.8,28.0,47004
2018-09-28,27.8,27.8,28.0,27.8,28.0,73000
2018-10-01,27.85,27.85,27.85,27.75,27.8,20450
2018-10-02,27.85,27.85,28.0,27.8,28.0,32000
2018-10-03,27.65,27.65,27.9,27.6,27.85,65020
2018-10-04,27.75,27.75,27.95,27.55,27.6,30000
2018-10-05,27.7,27.7,28.0,27.65,27.75,46300
2018-10-08,28.0,28.0,28.0,27.6,27.65,32332
2018-10-09,27.95,27.95,28.05,27.7,27.7,25000
2018-10-11,27.5,27.5,27.7,27.0,27.7,103741
2018-10-12,27.35,27.35,27.5,26.8,26.9,165854
2018-10-15,27.2,27.2,27.4,27.05,27.2,75752
2018-10-16,27.3,27.3,27.35,27.2,27.3,30388
2018-10-17,27.5,27.5,27.55,27.3,27.3,13665
2018-10-18,27.25,27.25,27.5,27.15,27.5,80568
2018-10-19,27.25,27.25,27.3,27.1,27.2,97253
2018-10-22,27.4,27.4,27.4,27.0,27.0,26218
2018-10-23,27.2,27.2,27.5,27.2,27.5,25363
2018-10-24,27.2,27.2,27.3,27.2,27.3,33015
2018-10-25,27.05,27.05,27.25,27.0,27.2,103552
2018-10-26,27.05,27.05,27.3,27.05,27.05,61167
2018-10-29,27.1,27.1,27.2,27.0,27.05,24320
2018-10-30,26.95,26.95,27.15,26.8,27.1,80460
2018-10-31,26.95,26.95,27.15,26.85,27.1,65632
2018-11-01,27.05,27.05,27.25,26.9,27.1,51195
2018-11-02,27.05,27.05,27.2,27.05,27.05,29876
2018-11-05,27.25,27.25,27.25,27.1,27.1,8680
2018-11-06,27.0,27.0,27.4,27.0,27.4,16991
2018-11-07,27.35,27.35,27.35,27.1,27.1,9854
2018-11-08,27.2,27.2,27.35,27.05,27.2,15000
2018-11-09,27.1,27.1,27.4,27.1,27.4,6500
2018-11-12,27.1,27.1,27.25,27.1,27.1,15700
2018-11-13,27.1,27.1,27.25,27.05,27.1,29294
2018-11-14,27.15,27.15,27.15,27.15,27.15,8428
2018-11-15,27.2,27.2,27.25,27.1,27.15,23300
2018-11-16,27.3,27.3,27.3,27.25,27.25,4250
2018-11-19,27.35,27.35,27.35,27.3,27.35,24080
2018-11-20,27.25,27.25,27.45,27.1,27.4,13972
2018-11-21,27.35,27.35,27.35,27.2,27.2,15445
2018-11-22,27.3,27.3,27.35,27.3,27.35,19310
2018-11-23,27.15,27.15,27.4,27.15,27.3,21280
2018-11-26,27.15,27.15,27.6,27.15,27.4,54152
2018-11-27,27.4,27.4,27.45,27.4,27.45,21039
2018-11-28,27.15,27.15,27.2,27.15,27.2,27400
2018-11-29,27.25,27.25,27.3,27.25,27.3,5100
2018-11-30,27.15,27.15,27.35,27.15,27.35,41132
2018-12-03,27.3,27.3,27.4,27.3,27.35,20112
2018-12-04,27.4,27.4,27.4,27.2,27.2,25015
2018-12-05,27.3,27.3,27.35,27.3,27.3,9050
2018-12-06,27.05,27.05,27.4,26.85,27.3,1092493
2018-12-07,27.2,27.2,27.2,27.05,27.05,11960
2018-12-10,27.2,27.2,27.35,27.15,27.15,7368
2018-12-11,27.1,27.1,27.3,27.1,27.3,63170
2018-12-12,27.1,27.1,27.1,27.1,27.1,4120
2018-12-13,27.1,27.1,27.2,27.1,27.1,46618
2018-12-14,27.3,27.3,27.3,27.0,27.1,64336
2018-12-17,27.1,27.1,27.1,27.0,27.1,27240
2018-12-18,27.1,27.1,27.3,27.1,27.3,9553
2018-12-19,27.1,27.1,27.1,27.1,27.1,15100
2018-12-20,27.0,27.0,27.1,27.0,27.1,18161
2018-12-21,27.1,27.1,27.2,27.0,27.1,23000
2018-12-24,27.05,27.05,27.1,27.05,27.1,47216
2018-12-25,26.8,26.8,27.05,26.8,27.05,61160
2018-12-26,27.0,27.0,27.1,27.0,27.1,4201
2018-12-27,26.95,26.95,27.05,26.9,27.0,39266
2018-12-28,27.0,27.0,27.1,27.0,27.1,19225
2019-01-02,27.0,27.0,27.0,26.9,26.9,8100
2019-01-03,27.0,27.0,27.1,26.9,27.1,11403
2019-01-04,27.1,27.1,27.15,27.0,27.0,40100
2019-01-07,27.1,27.1,27.1,26.65,27.1,55560
2019-01-08,27.1,27.1,27.2,26.8,27.2,42320
2019-01-09,26.95,26.95,27.1,26.9,27.0,62188
2019-01-10,26.9,26.9,27.0,26.85,27.0,46400
2019-01-11,26.8,26.8,26.95,26.8,26.9,50268
2019-01-14,26.8,26.8,27.1,26.75,27.1,35466
2019-01-15,26.8,26.8,27.1,26.7,27.1,84291
2019-01-16,26.8,26.8,26.95,26.8,26.8,58000
2019-01-17,26.8,26.8,27.0,26.7,27.0,25080
2019-01-18,26.95,26.95,27.0,26.9,27.0,4200
2019-01-21,26.85,26.85,26.9,26.8,26.9,20100
2019-01-22,26.8,26.8,26.8,26.8,26.8,8108
2019-01-23,26.9,26.9,26.95,26.8,26.8,23037
2019-01-24,26.9,26.9,27.0,26.9,26.95,8700
2019-01-25,26.75,26.75,26.95,26.7,26.95,43322
2019-01-28,27.1,27.1,27.35,27.0,27.3,61558
2019-01-29,27.3,27.3,27.35,26.95,26.95,77000
2019-01-30,27.0,27.0,27.25,26.85,27.1,178578
2019-02-11,27.0,27.0,27.15,26.8,27.0,106245
2019-02-12,27.1,27.1,27.15,27.1,27.15,8492
2019-02-13,27.15,27.15,27.15,27.1,27.15,34080
2019-02-14,27.25,27.25,27.25,27.2,27.2,11344
2019-02-15,27.5,27.5,27.5,27.25,27.25,61041
2019-02-18,27.5,27.5,27.5,27.25,27.5,64331
2019-02-19,27.45,27.45,27.45,27.35,27.45,25500
2019-02-20,27.65,27.65,28.5,27.45,27.45,52360
2019-02-21,27.45,27.45,27.7,27.45,27.6,51002
2019-02-22,27.4,27.4,27.4,27.0,27.3,213406
2019-02-25,27.9,27.9,28.0,27.4,27.4,65068
2019-02-26,27.7,27.7,27.9,27.7,27.9,15970
2019-02-27,27.65,27.65,27.8,27.65,27.7,23176
2019-03-04,27.8,27.8,27.8,27.65,27.75,11840
2019-03-05,28.35,28.35,28.45,27.8,27.8,49569
2019-03-06,28.45,28.45,28.5,28.0,28.35,88627
2019-03-07,28.05,28.05,28.45,28.05,28.45,56378
2019-03-08,28.1,28.1,28.35,28.1,28.35,45001
2019-03-11,28.3,28.3,28.35,28.1,28.35,8666
2019-03-12,28.15,28.15,28.5,28.15,28.4,44914
2019-03-13,28.2,28.2,28.4,28.2,28.2,6036
2019-03-14,28.2,28.2,28.3,28.2,28.2,35528
2019-03-15,28.3,28.3,28.3,28.0,28.2,84540
2019-03-18,28.15,28.15,28.3,28.0,28.3,83138
2019-03-19,28.15,28.15,28.15,28.1,28.1,17100
2019-03-20,28.25,28.25,28.25,28.1,28.15,41871
2019-03-21,28.1,28.1,28.15,28.1,28.15,27721
2019-03-22,28.2,28.2,28.2,28.1,28.1,15512
2019-03-25,28.1,28.1,28.2,28.0,28.2,23368
2019-03-26,28.35,28.35,28.35,28.1,28.1,41438
2019-03-27,28.3,28.3,28.45,28.25,28.35,23546
2019-03-28,28.25,28.25,28.3,28.2,28.3,35527
2019-03-29,28.35,28.35,28.45,28.25,28.25,20343
2019-04-01,28.35,28.35,28.45,28.25,28.3,45718
2019-04-02,28.75,28.75,28.85,28.45,28.45,65741
2019-04-03,28.9,28.9,29.0,28.6,28.6,89848
2019-04-08,29.1,29.1,29.2,28.9,28.9,65670
2019-04-09,29.15,29.15,29.2,29.1,29.15,38080
2019-04-10,29.3,29.3,29.3,29.1,29.1,81237
2019-04-11,29.1,29.1,29.3,29.05,29.3,39424
2019-04-12,29.1,29.1,29.2,29.1,29.1,35465
2019-04-15,29.1,29.1,29.15,29.0,29.15,15966
2019-04-16,29.1,29.1,29.2,29.0,29.2,17422
2019-04-17,30.15,30.15,30.15,29.0,29.0,69091
2019-04-18,29.05,29.05,29.95,29.05,29.95,75520
2019-04-19,29.05,29.05,29.1,29.0,29.05,21799
2019-04-22,29.1,29.1,29.6,29.1,29.6,4143
2019-04-23,29.05,29.05,29.2,28.55,29.2,8384
2019-04-24,28.75,28.75,29.0,28.75,29.0,55529
2019-04-25,29.1,29.1,29.1,28.6,28.6,25100
2019-04-26,29.05,29.05,29.2,29.05,29.2,15100
2019-04-29,29.0,29.0,29.05,29.0,29.0,20007
2019-04-30,29.15,29.15,29.3,29.0,29.0,15480
2019-05-02,29.0,29.0,29.2,29.0,29.2,23400
2019-05-03,29.05,29.05,29.2,29.05,29.2,10112
2019-05-06,28.8,28.8,29.05,28.8,29.05,36760
2019-05-07,29.05,29.05,30.0,28.9,29.6,30436
2019-05-08,29.0,29.0,29.1,29.0,29.0,60538
2019-05-09,29.2,29.2,29.2,28.95,29.0,79750
2019-05-10,29.3,29.3,29.3,29.15,29.2,39969
2019-05-13,29.25,29.25,29.25,29.15,29.15,10354
2019-05-14,29.1,29.1,29.25,29.0,29.2,25034
2019-05-15,29.55,29.55,29.9,29.2,29.2,40610
2019-05-16,29.4,29.4,29.6,29.25,29.6,50134
2019-05-17,29.5,29.5,29.6,29.4,29.4,37405
2019-05-20,29.5,29.5,29.5,29.3,29.5,32547
2019-05-21,29.7,29.7,29.7,29.45,29.55,38108
2019-05-22,29.9,29.9,30.2,29.55,29.55,75618
2019-05-23,30.0,30.0,30.0,29.65,29.7,97146
2019-05-24,29.75,29.75,30.0,29.75,30.0,37169
2019-05-27,29.7,29.7,29.9,29.7,29.75,51088
2019-05-28,29.6,29.6,29.8,29.6,29.75,30400
2019-05-29,29.6,29.6,29.85,29.6,29.8,43185
2019-05-30,29.6,29.6,29.75,29.5,29.6,14533
2019-05-31,29.6,29.6,29.9,29.5,29.9,25018
2019-06-03,29.8,29.8,29.8,29.5,29.6,37850
2019-06-04,29.9,29.9,29.9,29.6,29.8,26080
2019-06-05,29.8,29.8,30.0,29.8,30.0,21000
2019-06-06,29.9,29.9,29.9,29.6,29.8,69168
2019-06-10,29.8,29.8,30.0,29.65,29.9,37261
2019-06-11,29.7,29.7,29.95,29.6,29.95,49215
2019-06-12,29.7,29.7,29.7,29.65,29.65,6081
2019-06-13,29.8,29.8,29.8,29.7,29.7,20752
2019-06-14,29.95,29.95,30.0,29.8,29.8,34434
2019-06-17,30.1,30.1,30.2,29.9,29.95,115305
2019-06-18,30.0,30.0,30.1,29.85,30.1,14812
2019-06-19,30.2,30.2,30.2,29.9,30.0,34500
2019-06-20,30.25,30.25,30.45,30.0,30.15,26000
2019-06-21,30.15,30.15,30.5,30.05,30.5,60048
2019-06-24,30.2,30.2,30.45,30.0,30.3,48337
2019-06-25,30.15,30.15,30.15,30.0,30.05,20710
2019-06-26,30.15,30.15,30.15,30.0,30.1,23356
2019-06-27,30.5,30.5,30.5,30.0,30.15,90400
2019-06-28,30.05,30.05,30.2,30.05,30.2,21300
2019-07-01,30.05,30.05,30.05,30.0,30.0,47307
2019-07-02,30.0,30.0,30.05,30.0,30.0,42857
2019-07-03,30.5,30.5,30.5,30.0,30.0,121511
2019-07-04,30.45,30.45,30.6,30.15,30.15,32066
2019-07-05,30.1,30.1,30.5,30.1,30.5,53150
2019-07-08,30.1,30.1,30.4,30.1,30.1,20322
2019-07-09,30.0,30.0,30.2,30.0,30.15,69366
2019-07-10,30.2,30.2,30.3,29.75,30.3,133492
2019-07-11,30.05,30.05,30.2,30.05,30.1,30250
2019-07-12,30.05,30.05,30.1,30.0,30.0,67335
2019-07-15,30.1,30.1,30.15,30.05,30.05,89789
2019-07-16,30.1,30.1,30.15,30.1,30.1,23828
2019-07-17,30.4,30.4,30.45,30.05,30.05,76012
2019-07-18,30.15,30.15,30.5,30.15,30.2,36228
2019-07-19,30.6,30.6,30.9,30.45,30.5,164935
2019-07-22,30.55,30.55,30.6,30.4,30.6,79324
2019-07-23,30.4,30.4,30.55,30.4,30.55,30978
2019-07-24,30.3,30.3,30.35,30.3,30.35,42000
2019-07-25,30.35,30.35,30.55,30.35,30.55,97503
2019-07-26,30.45,30.45,30.5,30.35,30.35,73044
2019-07-29,30.65,30.65,30.65,30.4,30.4,77100
2019-07-30,30.55,30.55,30.65,30.55,30.65,36230
2019-07-31,30.75,30.75,30.75,30.45,30.55,85557
2019-08-01,30.6,30.6,30.65,30.5,30.65,47166
2019-08-02,30.55,30.55,30.6,30.45,30.5,70273
2019-08-05,30.7,30.7,30.75,30.55,30.55,163805
2019-08-06,30.45,30.45,30.7,29.95,29.95,298221
2019-08-07,27.85,27.85,28.0,27.0,27.0,307493
2019-08-08,27.65,27.65,27.85,27.4,27.85,123148
2019-08-12,27.8,27.8,27.95,27.65,27.65,46800
2019-08-13,28.0,28.0,28.3,27.9,27.9,90204
2019-08-14,28.45,28.45,28.45,28.1,28.3,109450
2019-08-15,28.3,28.3,28.45,28.0,28.45,56108
2019-08-16,28.25,28.25,28.35,28.15,28.3,48459
2019-08-19,28.2,28.2,28.35,28.2,28.3,61609
2019-08-20,28.2,28.2,28.4,28.2,28.25,50203
2019-08-21,28.25,28.25,28.6,28.2,28.35,75485
2019-08-22,28.35,28.35,28.4,28.3,28.35,26000
2019-08-23,28.35,28.35,28.35,28.3,28.35,19900
2019-08-26,28.45,28.45,28.45,28.35,28.35,31299
2019-08-27,28.7,28.7,29.0,28.45,28.45,157400
2019-08-28,28.7,28.7,28.8,28.7,28.7,68902
2019-08-29,28.8,28.8,28.85,28.55,28.7,41100
2019-08-30,28.8,28.8,28.9,28.65,28.85,153885
2019-09-02,28.95,28.95,29.2,28.7,28.8,175000
2019-09-03,28.95,28.95,29.0,28.9,29.0,136080
2019-09-04,29.0,29.0,29.05,28.9,28.9,166195
2019-09-05,29.0,29.0,29.05,28.85,29.0,151189
2019-09-06,28.95,28.95,29.0,28.9,29.0,82686
2019-09-09,29.0,29.0,29.0,28.5,28.95,77250
2019-09-10,29.0,29.0,29.05,28.9,29.0,102378
2019-09-11,28.95,28.95,29.05,28.9,28.95,70002
2019-09-12,29.0,29.0,29.05,28.8,28.8,190267
2019-09-16,29.05,29.05,29.15,28.7,29.05,113809
2019-09-17,29.0,29.0,29.05,28.9,29.05,88711
2019-09-18,30.3,30.3,30.4,28.95,29.0,274215
2019-09-19,29.75,29.75,30.15,29.65,30.15,97028
2019-09-20,29.55,29.55,29.8,29.5,29.75,63878
2019-09-23,29.6,29.6,29.6,29.35,29.55,61215
2019-09-24,29.4,29.4,29.6,29.35,29.6,71560
2019-09-25,29.3,29.3,29.55,29.3,29.35,148507
2019-09-26,29.15,29.15,29.35,29.15,29.3,114241
2019-09-27,28.95,28.95,29.2,28.9,29.15,124690
2019-10-01,28.7,28.7,29.0,28.5,28.95,94028
2019-10-02,28.7,28.7,28.9,28.7,28.7,33950
2019-10-03,28.75,28.75,28.8,28.55,28.6,103484
2019-10-04,28.75,28.75,29.0,28.7,28.75,152378
2019-10-07,28.9,28.9,28.9,28.75,28.75,85980
2019-10-08,28.95,28.95,29.0,28.9,28.9,108048
2019-10-09,29.0,29.0,29.4,29.0,29.4,179491
2019-10-14,29.3,29.3,29.3,29.0,29.0,119837
2019-10-15,29.1,29.1,29.3,29.0,29.3,54271
2019-10-16,29.4,29.4,29.45,29.05,29.25,108961
2019-10-17,29.3,29.3,29.35,29.2,29.2,40320
2019-10-18,29.35,29.35,29.35,29.3,29.3,41343
2019-10-21,29.3,29.3,29.4,29.25,29.35,69397
2019-10-22,29.3,29.3,29.35,29.3,29.3,43178
2019-10-23,29.3,29.3,29.35,29.25,29.3,75426
2019-10-24,29.3,29.3,29.4,29.25,29.3,52250
2019-10-25,29.3,29.3,29.3,29.25,29.3,41227
2019-10-28,29.2,29.2,29.25,29.2,29.25,25169
2019-10-29,29.25,29.25,29.25,29.15,29.25,49902
2019-10-30,29.2,29.2,29.35,29.15,29.35,102231
2019-10-31,29.15,29.15,29.35,29.15,29.35,90539
2019-11-01,29.3,29.3,29.4,29.1,29.1,166807
2019-11-04,29.35,29.35,29.4,29.25,29.35,70950
2019-11-05,29.35,29.35,29.4,29.2,29.4,189180
2019-11-06,29.3,29.3,29.4,29.25,29.25,163422
2019-11-07,29.4,29.4,29.4,29.25,29.3,137399
2019-11-08,29.4,29.4,29.4,29.25,29.35,66130
2019-11-11,29.25,29.25,29.4,29.2,29.4,114649
2019-11-12,29.4,29.4,29.4,29.25,29.3,75005
2019-11-13,29.25,29.25,29.35,29.0,29.0,135243
2019-11-14,29.3,29.3,29.3,29.15,29.25,74574
2019-11-20,29.3,29.3,29.3,29.15,29.3,86691
2019-11-21,29.15,29.15,29.2,29.1,29.15,51413
2019-11-22,29.2,29.2,29.2,29.1,29.2,18641
2019-11-25,29.2,29.2,29.25,29.2,29.2,11127
2019-11-26,29.15,29.15,29.25,29.1,29.25,93650
2019-11-27,29.1,29.1,29.2,29.1,29.2,86340
2019-11-28,29.15,29.15,29.15,29.1,29.1,20011
2019-11-29,29.0,29.0,29.2,29.0,29.15,142000
2019-12-02,29.0,29.0,29.05,29.0,29.05,14432
2019-12-03,29.1,29.1,29.1,29.1,29.1,14603
2019-12-04,29.2,29.2,29.25,29.1,29.2,67969
2019-12-05,29.3,29.3,29.3,29.2,29.2,81087
2019-12-06,29.3,29.3,29.3,29.25,29.3,67052
2019-12-09,29.3,29.3,29.3,29.0,29.3,154131
2019-12-10,29.3,29.3,29.3,29.0,29.3,54280
2019-12-11,29.1,29.1,29.1,29.05,29.1,38783
2019-12-12,29.2,29.2,29.25,29.05,29.1,140732
2019-12-13,29.2,29.2,29.25,29.1,29.2,102273
2019-12-16,29.3,29.3,29.45,29.2,29.2,122052
2019-12-17,29.5,29.5,29.5,29.35,29.35,188877
2019-12-18,29.75,29.75,29.75,29.5,29.5,145421
2019-12-19,29.7,29.7,29.8,29.45,29.8,151430
2019-12-20,29.7,29.7,29.7,29.55,29.7,55824
2019-12-23,29.5,29.5,29.7,29.4,29.7,207228
2019-12-24,29.65,29.65,29.65,29.4,29.4,63602
2019-12-25,29.65,29.65,29.65,29.6,29.65,77024
2019-12-26,29.6,29.6,29.65,29.55,29.6,29467
2019-12-27,29.65,29.65,29.7,29.55,29.6,135294
2019-12-30,29.65,29.65,29.65,29.55,29.55,40130
2019-12-31,29.5,29.5,29.65,29.4,29.65,114377
2020-01-02,29.6,29.6,29.6,29.4,29.55,153976
2020-01-03,29.55,29.55,29.65,29.55,29.6,110569
2020-01-06,29.55,29.55,29.65,29.2,29.4,181170
2020-01-07,29.6,29.6,29.6,29.45,29.55,89187
2020-01-08,29.65,29.65,29.65,29.5,29.6,133539
2020-01-09,29.7,29.7,29.7,29.65,29.65,143650
2020-01-10,30.0,30.0,30.05,29.65,29.75,230917
2020-01-13,30.35,30.35,30.8,30.15,30.55,289205
2020-01-14,30.35,30.35,30.45,30.2,30.4,139090
2020-01-15,30.2,30.2,30.35,30.15,30.35,98496
2020-01-16,30.2,30.2,30.3,30.05,30.3,57001
2020-01-17,30.15,30.15,30.25,30.1,30.25,24555
2020-01-20,30.25,30.25,30.3,30.15,30.15,82338
2020-01-30,29.8,29.8,30.1,29.7,30.05,310814
2020-01-31,29.95,29.95,30.1,29.8,29.8,85353
2020-02-03,29.95,29.95,29.95,29.45,29.95,187957
2020-02-04,30.05,30.05,30.15,29.9,29.95,204763
2020-02-05,29.95,29.95,30.05,29.65,29.95,243400
2020-02-06,30.1,30.1,30.1,30.0,30.05,96515
2020-02-07,29.9,29.9,30.05,29.75,30.0,237401
2020-02-10,29.9,29.9,30.0,29.9,30.0,23596
2020-02-11,29.95,29.95,30.05,29.85,30.05,191152
2020-02-12,29.95,29.95,29.95,29.85,29.9,95100
2020-02-13,29.9,29.9,30.0,29.85,29.95,110067
2020-02-14,29.9,29.9,29.95,29.9,29.9,69100
2020-02-17,30.05,30.05,30.1,29.9,29.9,129233
2020-02-18,30.0,30.0,30.15,29.95,30.05,95790
2020-02-19,30.0,30.0,30.05,29.95,30.0,44156
2020-02-20,30.0,30.0,30.1,30.0,30.0,68792
2020-02-21,30.0,30.0,30.1,30.0,30.0,61124
2020-02-24,29.95,29.95,30.05,29.95,30.0,87324
2020-02-25,29.95,29.95,29.95,29.9,29.95,77971
2020-02-26,29.95,29.95,30.0,29.9,29.95,66779
2020-02-27,30.05,30.05,30.2,29.95,29.95,214342
2020-03-02,29.95,29.95,30.05,29.9,30.05,46478
2020-03-03,30.0,30.0,30.05,29.95,29.95,30721
2020-03-04,30.2,30.2,30.2,30.0,30.0,307419
2020-03-05,30.25,30.25,30.35,30.2,30.35,55160
2020-03-06,30.05,30.05,30.2,30.05,30.15,117554
2020-03-09,29.95,29.95,30.1,29.85,30.1,119406
2020-03-10,30.05,30.05,30.05,29.9,29.9,217398
2020-03-11,30.0,30.0,30.25,30.0,30.2,80721
2020-03-12,29.95,29.95,30.0,29.8,30.0,240204
2020-03-13,29.2,29.2,29.55,28.8,29.0,654526
2020-03-16,29.25,29.25,29.9,29.0,29.85,246799
2020-03-17,29.25,29.25,29.55,29.1,29.25,559367
2020-03-18,30.25,30.25,30.4,29.1,29.3,453494
2020-03-19,29.3,29.3,30.2,29.1,30.2,564235
2020-03-20,29.65,29.65,30.1,29.4,29.4,175777
2020-03-23,29.9,29.9,30.1,29.5,29.65,437188
2020-03-24,30.5,30.5,30.85,30.0,30.0,444540
2020-03-25,30.7,30.7,31.4,30.4,30.85,669029
2020-03-26,31.6,31.6,31.75,30.45,30.8,1185520
2020-03-27,31.0,31.0,32.0,31.0,31.65,594588
2020-03-30,31.25,31.25,31.35,30.0,30.6,385791
2020-03-31,30.9,30.9,31.9,30.6,31.25,331300
2020-04-01,31.6,31.6,31.65,30.5,31.1,526672
2020-04-07,32.25,32.25,32.25,31.3,31.45,901810
2020-04-08,33.25,33.25,33.3,31.8,32.1,944947
2020-04-09,33.5,33.5,34.0,32.85,33.4,756859
2020-04-10,33.0,33.0,33.45,32.9,33.45,315364
2020-04-13,32.2,32.2,32.9,32.15,32.9,602764
2020-04-14,32.75,32.75,32.85,32.1,32.15,300272
2020-04-15,33.1,33.1,33.45,32.6,32.6,442066
2020-04-16,32.95,32.95,33.15,32.65,33.1,102197
2020-04-17,33.2,33.2,33.75,32.9,33.25,304337
2020-04-20,33.5,33.5,33.6,33.35,33.35,255249
2020-04-21,32.85,32.85,33.5,32.65,33.35,335705
2020-04-22,33.3,33.3,33.35,32.2,32.5,105680
2020-04-23,33.05,33.05,33.3,33.0,33.0,125364
2020-04-24,33.0,33.0,33.1,32.85,33.1,104224
2020-04-27,33.35,33.35,33.35,32.8,33.05,334025
2020-04-28,33.4,33.4,33.5,33.35,33.4,163500
2020-04-29,33.55,33.55,33.6,33.35,33.5,364955
2020-05-04,33.6,33.6,33.75,33.0,33.4,318727
2020-05-05,33.6,33.6,33.65,33.35,33.35,147636
2020-05-06,33.35,33.35,33.55,33.35,33.45,184418
2020-05-07,33.6,33.6,33.7,33.3,33.35,262704
2020-05-08,33.55,33.55,33.8,33.5,33.5,313833
2020-05-11,33.8,33.8,33.8,33.5,33.5,372570
2020-05-12,33.65,33.65,33.8,33.55,33.65,487244
2020-05-13,33.7,33.7,33.75,33.55,33.6,379290
2020-05-14,33.7,33.7,33.7,33.55,33.6,157500
2020-05-15,33.6,33.6,33.65,33.5,33.65,187840
2020-05-18,33.6,33.6,33.65,33.3,33.4,406937
2020-05-19,34.4,34.4,34.75,33.55,33.6,887286
2020-05-20,34.4,34.4,34.55,34.1,34.4,388454
2020-05-21,34.75,34.75,34.8,34.4,34.4,336234
2020-05-22,34.5,34.5,34.7,34.2,34.5,252381
2020-05-25,34.6,34.6,34.9,34.3,34.5,399436
2020-05-26,34.45,34.45,34.8,34.3,34.5,441223
2020-05-27,34.25,34.25,34.6,34.25,34.6,135621
2020-05-28,33.95,33.95,34.45,33.65,34.45,377084
2020-05-29,34.05,34.05,34.1,33.6,33.9,118580
2020-06-01,34.45,34.45,34.7,33.8,34.0,338074
2020-06-02,34.45,34.45,34.5,34.2,34.45,185548
2020-06-03,34.25,34.25,34.65,34.1,34.45,599237
2020-06-04,34.15,34.15,34.4,34.15,34.3,155096
2020-06-05,34.1,34.1,34.25,34.0,34.2,184162
2020-06-08,34.1,34.1,34.5,34.1,34.2,272775
2020-06-09,34.35,34.35,34.45,34.15,34.15,131362
2020-06-10,34.5,34.5,34.55,34.35,34.5,297110
2020-06-11,34.25,34.25,34.5,34.2,34.5,298798
2020-06-12,34.1,34.1,34.1,33.8,33.95,273792
2020-06-15,34.05,34.05,34.25,34.0,34.1,192844
2020-06-16,34.2,34.2,34.35,34.05,34.05,136348
2020-06-17,34.35,34.35,34.4,34.15,34.15,134405
2020-06-18,34.3,34.3,34.35,34.2,34.35,86575
2020-06-19,34.5,34.5,34.5,34.25,34.3,148027
2020-06-22,34.4,34.4,34.55,34.4,34.5,138783
2020-06-23,34.4,34.4,34.5,34.4,34.4,163921
2020-06-24,34.3,34.3,34.45,34.3,34.45,170541
2020-06-29,34.15,34.15,34.35,34.1,34.3,257548
2020-06-30,34.25,34.25,34.3,34.1,34.1,72342
2020-07-01,34.3,34.3,34.35,34.1,34.1,86502
2020-07-02,34.25,34.25,34.4,34.2,34.4,182210
2020-07-03,34.4,34.4,34.45,34.25,34.3,246674
2020-07-06,34.45,34.45,34.7,34.3,34.4,586247
2020-07-07,34.5,34.5,34.6,34.3,34.55,390940
2020-07-08,34.45,34.45,34.55,34.4,34.4,283806
2020-07-09,34.45,34.45,34.65,34.4,34.65,164310
2020-07-10,34.3,34.3,34.45,34.25,34.4,164077
2020-07-13,34.4,34.4,34.4,34.25,34.3,114493
2020-07-14,34.35,34.35,34.4,34.2,34.35,129325
2020-07-15,34.4,34.4,34.6,34.35,34.4,287548
2020-07-16,34.35,34.35,34.5,34.3,34.35,114665
2020-07-17,34.35,34.35,34.45,34.35,34.4,196470
2020-07-20,34.4,34.4,34.45,34.3,34.35,70490
2020-07-21,35.6,35.6,35.6,34.4,34.4,1030977
2020-07-22,35.25,35.25,35.55,34.9,35.55,598113
2020-07-23,34.8,34.8,35.25,34.8,35.25,526241
2020-07-24,34.55,34.55,34.95,34.5,34.65,375300
2020-07-27,34.5,34.5,34.7,34.35,34.5,325999
2020-07-28,34.6,34.6,34.65,34.35,34.4,497509
2020-07-29,34.7,34.7,34.8,34.5,34.5,875336
2020-07-30,34.8,34.8,34.8,34.55,34.7,702881
2020-07-31,34.7,34.7,34.8,34.5,34.8,413766
2020-08-03,34.7,34.7,34.75,34.55,34.7,229843
2020-08-04,34.8,34.8,34.8,34.5,34.7,465117
2020-08-05,34.75,34.75,34.9,34.65,34.8,445702
2020-08-06,35.1,35.1,35.1,34.8,34.8,388130
2020-08-07,35.0,35.0,35.2,34.95,35.2,174040
2020-08-10,35.0,35.0,35.4,35.0,35.2,557477
2020-08-11,35.15,35.15,35.35,34.8,35.0,405732
2020-08-12,35.15,35.15,35.3,35.0,35.2,324167
2020-08-13,35.0,35.0,35.2,35.0,35.15,510719
2020-08-14,35.0,35.0,35.3,35.0,35.2,718131
2020-08-17,35.3,35.3,35.5,35.15,35.25,1280925
2020-08-18,37.2,37.2,37.2,35.4,35.55,1527153
2020-08-19,31.75,31.75,32.4,30.7,31.0,2819922
2020-08-20,31.3,31.3,31.8,31.0,31.8,917224
2020-08-21,31.9,31.9,31.9,31.25,31.25,403594
2020-08-24,31.95,31.95,32.1,31.9,32.0,261243
2020-08-25,32.1,32.1,32.2,32.0,32.0,233153
2020-08-26,32.05,32.05,32.15,31.9,32.05,263219
2020-08-27,32.05,32.05,32.05,31.9,32.05,522430
2020-08-28,32.0,32.0,32.0,31.85,32.0,466396
2020-08-31,31.95,31.95,32.0,31.85,31.95,385955
2020-09-01,31.55,31.55,31.95,31.3,31.95,339360
2020-09-02,31.2,31.2,31.65,31.1,31.65,508380
2020-09-03,31.05,31.05,31.2,30.95,31.05,336488
2020-09-04,31.0,31.0,31.1,30.9,31.05,266230
2020-09-07,30.95,30.95,31.1,30.9,31.05,270828
2020-09-08,31.0,31.0,31.05,30.95,31.0,308565
2020-09-09,31.15,31.15,31.3,30.8,31.0,297699
2020-09-10,31.05,31.05,31.15,30.95,31.15,254127
2020-09-11,31.0,31.0,31.2,30.9,31.1,184500
2020-09-14,31.0,31.0,31.1,30.9,31.0,186556
2020-09-15,31.1,31.1,31.25,31.0,31.0,206219
2020-09-16,31.05,31.05,31.1,30.95,31.1,330358
2020-09-17,31.0,31.0,31.25,31.0,31.05,155115
2020-09-18,31.3,31.3,31.3,31.0,31.0,771483
2020-09-21,31.35,31.35,31.5,31.2,31.3,402165
2020-09-22,31.05,31.05,31.3,31.0,31.3,339500
2020-09-23,31.1,31.1,31.1,30.9,31.05,286400
2020-09-24,30.65,30.65,30.75,30.55,30.75,701085
2020-09-25,30.35,30.35,30.55,30.3,30.4,523029
2020-09-28,30.15,30.15,30.35,30.15,30.35,380418
2020-09-29,30.3,30.3,30.45,30.15,30.15,245062
2020-09-30,30.3,30.3,30.3,30.15,30.3,123999
2020-10-05,30.3,30.3,30.4,30.15,30.4,84206
2020-10-06,30.35,30.35,30.35,30.2,30.25,142461
2020-10-07,30.35,30.35,30.35,30.15,30.35,136921
2020-10-08,30.3,30.3,30.3,30.1,30.2,195233
2020-10-12,30.3,30.3,30.3,30.1,30.3,188808
2020-10-13,30.15,30.15,30.3,30.05,30.3,163825
2020-10-14,30.25,30.25,30.25,30.05,30.1,291459
2020-10-15,30.05,30.05,30.25,30.05,30.25,103179
2020-10-16,30.05,30.05,30.1,30.0,30.05,162324
2020-10-19,30.8,30.8,30.8,30.05,30.05,332096
2020-10-20,30.4,30.4,30.7,30.2,30.2,134370
2020-10-21,30.45,30.45,30.45,30.25,30.4,158953
2020-10-22,30.15,30.15,30.45,30.15,30.45,195068
2020-10-23,30.25,30.25,30.3,30.1,30.3,78427
2020-10-26,30.15,30.15,30.25,29.95,30.15,209971
2020-10-27,30.3,30.3,30.3,30.1,30.1,86850
2020-10-28,30.15,30.15,30.3,30.15,30.25,52142
2020-10-29,30.05,30.05,30.15,30.0,30.15,130038
2020-10-30,30.0,30.0,30.1,29.9,30.0,243440
2020-11-02,30.15,30.15,30.2,30.0,30.0,73896
2020-11-03,30.15,30.15,30.3,30.1,30.1,89841
2020-11-04,30.25,30.25,30.3,30.15,30.25,115333
2020-11-05,30.2,30.2,30.3,30.0,30.3,131320
2020-11-06,30.15,30.15,30.5,30.15,30.5,116923
2020-11-09,30.35,30.35,30.45,30.15,30.2,179862
2020-11-10,30.3,30.3,30.45,30.3,30.4,93623
2020-11-11,30.55,30.55,30.55,30.3,30.3,258525
2020-11-12,30.45,30.45,30.55,30.2,30.35,82456
2020-11-13,30.5,30.5,30.55,30.45,30.5,79152
2020-11-16,30.6,30.6,30.65,30.5,30.5,219584
2020-11-17,30.75,30.75,30.8,30.5,30.5,258659
2020-11-18,31.5,31.5,31.75,30.75,30.75,679165
2020-11-19,31.25,31.25,31.5,31.15,31.5,126210
2020-11-20,31.25,31.25,31.25,31.05,31.25,105862
2020-11-23,31.2,31.2,31.7,31.15,31.3,344066
2020-11-24,31.05,31.05,31.25,31.05,31.25,107722
2020-11-25,30.9,30.9,31.2,30.9,31.1,199493
2020-11-26,31.1,31.1,31.2,30.9,30.9,120538
2020-11-27,31.15,31.15,31.2,31.05,31.1,119096
2020-11-30,31.05,31.05,31.5,31.0,31.15,286588
2020-12-01,31.0,31.0,31.1,31.0,31.0,152097
2020-12-02,30.9,30.9,31.0,30.65,31.0,178148
2020-12-04,30.7,30.7,30.7,30.55,30.65,228236
2020-12-07,30.65,30.65,30.9,30.65,30.75,119043
2020-12-08,30.35,30.35,30.6,30.1,30.6,338582
2020-12-09,30.3,30.3,30.3,30.05,30.1,197745
2020-12-10,30.3,30.3,30.45,30.1,30.15,129531
2020-12-11,30.15,30.15,30.3,30.1,30.1,105400
2020-12-14,30.05,30.05,30.25,30.05,30.15,212002
2020-12-15,30.05,30.05,30.15,29.9,30.05,261815
2020-12-16,30.6,30.6,30.6,30.05,30.05,277919
2020-12-17,30.45,30.45,30.6,30.2,30.6,113761
2020-12-18,30.05,30.05,30.4,30.05,30.4,152487
2020-12-21,30.5,30.5,30.5,30.0,30.05,127780
2020-12-22,30.05,30.05,30.5,30.05,30.5,117196
2020-12-23,30.05,30.05,30.25,30.0,30.05,142114
2020-12-24,30.2,30.2,30.45,30.05,30.2,61311
2020-12-25,30.3,30.3,30.35,30.2,30.35,81860
2020-12-28,30.25,30.25,30.25,30.15,30.2,110714
2020-12-29,30.25,30.25,30.5,30.2,30.2,170802
2020-12-30,30.4,30.4,30.45,30.25,30.25,143856
2020-12-31,30.45,30.45,30.5,30.4,30.4,123704
2021-01-04,30.6,30.6,31.0,30.35,30.45,232433
2021-01-05,30.75,30.75,30.9,30.6,30.6,238364
2021-01-06,30.6,30.6,30.8,30.55,30.75,317094
2021-01-07,30.7,30.7,30.8,30.5,30.6,119897
2021-01-08,30.7,30.7,30.8,30.5,30.5,132459
2021-01-11,30.55,30.55,30.75,30.5,30.7,141641
2021-01-12,30.3,30.3,30.55,30.3,30.55,215803
2021-01-13,30.6,30.6,30.8,30.25,30.25,274467
2021-01-14,30.45,30.45,30.7,30.45,30.7,184892
2021-01-15,30.3,30.3,30.75,30.3,30.4,177320
2021-01-18,30.3,30.3,30.35,30.1,30.35,175079
2021-01-19,30.35,30.35,30.35,30.2,30.25,88855
2021-01-20,30.0,30.0,30.25,30.0,30.25,368280
2021-01-21,30.0,30.0,30.3,30.0,30.0,166945
2021-01-22,30.1,30.1,30.5,30.0,30.5,150864
2021-01-25,30.2,30.2,30.5,29.95,30.1,146725
2021-01-26,30.0,30.0,30.15,30.0,30.15,103811
2021-01-27,30.05,30.05,30.4,30.0,30.4,86646
2021-01-28,30.1,30.1,30.1,30.0,30.0,176272
2021-01-29,29.95,29.95,30.2,29.95,30.0,304087
2021-02-01,30.05,30.05,30.4,29.95,29.95,101755
2021-02-02,30.25,30.25,30.3,29.95,30.0,234197
2021-02-03,30.15,30.15,30.35,30.15,30.3,101672
2021-02-04,30.05,30.05,30.15,30.0,30.0,88968
2021-02-05,30.25,30.25,30.35,30.05,30.05,229718
2021-02-17,30.4,30.4,30.55,30.25,30.35,241768
2021-02-18,30.65,30.65,30.85,30.4,30.4,201390
2021-02-19,30.45,30.45,30.6,30.45,30.6,187757
2021-02-22,30.55,30.55,30.75,30.15,30.15,193076
2021-02-23,31.1,31.1,31.1,30.5,30.5,401990
2021-02-24,31.2,31.2,31.35,31.0,31.15,354665
2021-02-25,31.6,31.6,31.65,31.15,31.15,355316
2021-02-26,31.25,31.25,31.55,31.0,31.4,765789
2021-03-02,31.1,31.1,31.55,31.05,31.3,364917
2021-03-03,31.25,31.25,31.45,31.2,31.2,240415
2021-03-04,31.3,31.3,31.4,31.15,31.2,284877
2021-03-05,31.35,31.35,31.4,31.2,31.3,188963
2021-03-08,31.5,31.5,31.95,31.4,31.95,351769
2021-03-09,31.95,31.95,31.95,31.6,31.6,490621
2021-03-10,31.9,31.9,32.0,31.8,31.95,295681
2021-03-11,32.3,32.3,32.4,31.9,31.9,299000
2021-03-12,32.4,32.4,32.45,32.2,32.35,206387
2021-03-15,32.3,32.3,32.35,32.25,32.3,126090
2021-03-16,32.3,32.3,32.45,32.15,32.25,222065
2021-03-17,32.3,32.3,32.3,32.2,32.25,223019
2021-03-18,32.15,32.15,32.3,32.15,32.25,194620
2021-03-19,32.55,32.55,32.55,31.65,32.15,619101
2021-03-22,32.2,32.2,32.5,31.95,32.5,231537
2021-03-23,32.45,32.45,32.5,32.25,32.5,456387
2021-03-24,32.75,32.75,32.85,32.4,32.4,366166
2021-03-25,32.9,32.9,32.9,32.65,32.75,365086
2021-03-26,33.05,33.05,33.05,32.7,32.7,423001
2021-03-29,33.3,33.3,33.55,32.95,33.0,531645
2021-03-30,33.45,33.45,33.65,33.3,33.3,248071
2021-03-31,33.45,33.45,33.6,33.35,33.5,277484
2021-04-01,33.45,33.45,33.55,33.35,33.4,117397
2021-04-06,33.55,33.55,33.65,33.4,33.4,281689
2021-04-07,33.35,33.35,33.5,33.35,33.45,285643
2021-04-08,33.25,33.25,33.3,32.9,33.3,562903
2021-04-09,33.05,33.05,33.25,32.95,33.25,271587
2021-04-12,32.95,32.95,33.05,32.85,32.95,333276
2021-04-13,32.85,32.85,33.0,32.85,32.95,305569
2021-04-14,32.75,32.75,32.95,32.65,32.85,335856
2021-04-15,32.7,32.7,32.85,32.7,32.75,200239
2021-04-16,32.75,32.75,32.8,32.6,32.6,110052
2021-04-19,33.05,33.05,33.1,32.4,32.7,451061
2021-04-20,32.95,32.95,33.05,32.75,33.05,228588
2021-04-21,32.75,32.75,32.95,32.7,32.9,191871
2021-04-22,32.6,32.6,32.75,32.6,32.7,253934
2021-04-23,32.6,32.6,32.8,32.5,32.6,264068
2021-04-26,32.5,32.5,32.8,32.4,32.65,325128
2021-04-27,32.5,32.5,32.55,32.35,32.5,140039
2021-04-28,32.45,32.45,32.5,32.3,32.5,210684
2021-04-29,32.45,32.45,32.5,32.3,32.45,132017
2021-05-03,32.2,32.2,32.4,32.2,32.4,261327
2021-05-04,32.1,32.1,32.4,32.1,32.3,430022
2021-05-05,31.9,31.9,32.1,31.9,32.05,278678
2021-05-06,31.75,31.75,32.0,31.65,31.85,226118
2021-05-07,32.0,32.0,32.2,31.8,31.8,162178
2021-05-10,32.05,32.05,32.15,31.95,32.0,228027
2021-05-11,32.0,32.0,32.2,31.85,32.0,758145
2021-05-12,30.8,30.8,32.35,30.2,32.0,930204
2021-05-13,30.75,30.75,31.15,30.05,30.8,550780
2021-05-14,31.05,31.05,32.0,30.75,30.75,213629
2021-05-17,31.05,31.05,31.1,30.35,30.5,321659
2021-05-18,31.25,31.25,31.5,30.5,30.5,214533
2021-05-19,31.1,31.1,31.55,30.65,30.65,187489
2021-05-20,31.1,31.1,31.4,31.0,31.4,176536
2021-05-21,31.5,31.5,31.9,31.4,31.5,146510
2021-05-24,31.35,31.35,31.4,31.25,31.3,43321
2021-05-25,31.4,31.4,31.6,31.35,31.45,149290
2021-05-26,31.6,31.6,31.6,31.45,31.5,105866
2021-05-27,31.55,31.55,31.7,31.35,31.6,86933
2021-05-28,31.6,31.6,31.75,31.5,31.55,56326
2021-05-31,31.5,31.5,31.65,31.35,31.65,181595
2021-06-01,31.45,31.45,31.6,31.45,31.5,91290
2021-06-02,31.5,31.5,31.5,31.45,31.45,51815
2021-06-03,31.5,31.5,31.55,31.45,31.55,116224
2021-06-04,31.3,31.3,31.6,31.2,31.5,181025
2021-06-07,31.25,31.25,31.35,31.1,31.35,153544
2021-06-08,31.4,31.4,31.55,31.25,31.55,33082
2021-06-09,31.3,31.3,31.5,31.2,31.2,64928
2021-06-10,31.5,31.5,31.65,31.45,31.5,332477
2021-06-11,31.6,31.6,31.7,31.55,31.7,64652
2021-06-15,31.7,31.7,31.8,31.5,31.6,146185
2021-06-16,31.65,31.65,31.65,31.5,31.55,92138
2021-06-17,31.65,31.65,31.65,31.5,31.6,63752
2021-06-18,31.6,31.6,31.65,31.5,31.5,149093
2021-06-21,31.5,31.5,31.65,31.45,31.6,312596
2021-06-22,31.65,31.65,31.65,31.5,31.55,204891
2021-06-23,31.75,31.75,31.8,31.55,31.65,142851
2021-06-24,32.0,32.0,32.1,31.75,31.75,218675
2021-06-25,32.1,32.1,32.3,32.0,32.3,109468
2021-06-28,32.1,32.1,32.45,32.0,32.25,302532
2021-06-29,32.15,32.15,32.2,31.95,32.2,123239
2021-06-30,32.0,32.0,32.15,32.0,32.15,60254
2021-07-01,32.0,32.0,32.1,31.95,32.0,93787
2021-07-02,31.95,31.95,32.05,31.95,31.95,120771
2021-07-05,32.05,32.05,32.15,32.0,32.0,157628
2021-07-06,32.0,32.0,32.1,32.0,32.05,81090
2021-07-07,32.25,32.25,32.25,31.85,32.0,121212
2021-07-08,32.1,32.1,32.35,32.05,32.25,234216
2021-07-09,32.1,32.1,32.15,31.7,32.15,181587
2021-07-12,32.25,32.25,32.4,32.15,32.4,146714
2021-07-13,32.45,32.45,32.65,32.3,32.4,608377
2021-07-14,32.6,32.6,32.65,32.4,32.45,245292
2021-07-15,32.65,32.65,32.7,32.6,32.6,148287
2021-07-16,32.7,32.7,32.7,32.6,32.6,95955
2021-07-19,32.7,32.7,32.75,32.6,32.75,141159
2021-07-20,32.55,32.55,32.7,32.45,32.65,155613
2021-07-21,32.35,32.35,32.75,32.3,32.7,207420
2021-07-22,32.65,32.65,32.75,32.55,32.6,215539
2021-07-23,32.65,32.65,32.75,32.6,32.75,120279
2021-07-26,32.6,32.6,32.7,32.55,32.6,325733
2021-07-27,32.65,32.65,32.7,32.4,32.55,271339
2021-07-28,32.3,32.3,32.65,32.3,32.6,218885
2021-07-29,32.45,32.45,32.7,32.3,32.3,215014
2021-07-30,32.45,32.45,32.55,32.4,32.4,56866
2021-08-02,32.6,32.6,32.65,32.5,32.65,106936
2021-08-03,32.55,32.55,32.6,32.45,32.5,125832
2021-08-04,32.5,32.5,32.55,32.5,32.55,84131
2021-08-05,32.5,32.5,32.55,32.4,32.5,136718
2021-08-06,32.5,32.5,32.5,32.3,32.5,116310
2021-08-09,32.5,32.5,32.65,32.25,32.4,115511
2021-08-10,32.4,32.4,32.45,32.35,32.45,53640
2021-08-11,32.3,32.3,32.4,32.25,32.4,90075
2021-08-12,32.25,32.25,32.3,32.2,32.3,83080
2021-08-13,31.95,31.95,32.2,31.95,32.1,179015
2021-08-16,32.0,32.0,32.05,31.7,31.8,133478
2021-08-17,32.0,32.0,32.2,31.85,32.0,189171
2021-08-18,32.3,32.3,32.45,31.8,31.95,207057
2021-08-19,31.75,31.75,32.4,31.7,32.05,334919
2021-08-20,31.75,31.75,32.25,31.6,32.1,228211
2021-08-23,32.5,32.5,32.85,32.0,32.0,194948
2021-08-24,32.75,32.75,32.85,32.5,32.5,285081
2021-08-25,32.85,32.85,33.2,32.75,32.75,480412
2021-08-26,32.85,32.85,32.85,32.75,32.75,175215
2021-08-27,33.4,33.4,33.4,32.8,32.85,398954
2021-08-30,33.6,33.6,33.6,33.1,33.5,325163
2021-08-31,33.6,33.6,33.7,33.45,33.65,236894
2021-09-01,34.5,34.5,34.6,33.5,33.65,390968
2021-09-02,34.0,34.0,34.5,33.75,34.5,174063
2021-09-03,34.3,34.3,34.35,33.9,34.15,340195
2021-09-06,34.85,34.85,34.85,34.35,34.5,541682
2021-09-07,34.9,34.9,35.1,34.5,34.9,230404
2021-09-08,34.4,34.4,34.9,34.35,34.9,338148
2021-09-09,34.4,34.4,34.6,34.3,34.4,252127
2021-09-10,34.6,34.6,34.6,34.4,34.4,234368
2021-09-13,34.35,34.35,34.65,34.25,34.65,383477
2021-09-14,34.2,34.2,34.5,34.1,34.45,328102
2021-09-15,34.3,34.3,34.6,34.0,34.3,366346
2021-09-16,34.3,34.3,34.5,33.9,34.45,678945
2021-09-17,34.25,34.25,34.5,34.0,34.45,930796
2021-09-22,30.25,30.25,30.4,29.8,30.0,1755090
2021-09-23,30.95,30.95,31.0,30.4,30.4,770745
2021-09-24,30.9,30.9,31.0,30.75,31.0,384022
2021-09-27,31.6,31.6,31.6,31.05,31.05,620432
2021-09-28,31.6,31.6,31.65,31.45,31.6,275972
2021-09-29,31.7,31.7,31.75,31.3,31.3,468569
2021-09-30,31.75,31.75,31.8,31.55,31.65,347073
2021-10-01,31.35,31.35,31.7,31.3,31.45,566197
2021-10-04,31.3,31.3,31.65,31.3,31.5,420918
2021-10-05,31.05,31.05,31.3,30.8,31.3,321600
2021-10-06,30.7,30.7,31.35,30.7,31.35,456550
2021-10-07,31.2,31.2,31.35,30.85,30.85,205314
2021-10-08,31.1,31.1,31.3,31.1,31.2,48142
2021-10-12,31.1,31.1,31.25,30.9,31.1,147862
2021-10-13,31.15,31.15,31.25,31.0,31.25,114231
2021-10-14,31.05,31.05,31.25,30.8,31.25,209916
2021-10-15,31.05,31.05,31.2,31.0,31.0,162856
2021-10-18,31.15,31.15,31.15,30.9,31.0,369034
2021-10-19,31.0,31.0,31.2,31.0,31.15,251432
2021-10-20,31.1,31.1,31.2,31.0,31.2,119316
2021-10-21,31.05,31.05,31.25,31.05,31.1,163825
2021-10-22,31.05,31.05,31.3,31.05,31.05,193170
2021-10-25,31.45,31.45,31.45,31.1,31.1,207793
2021-10-26,31.6,31.6,31.65,31.25,31.55,321336
2021-10-27,31.6,31.6,31.7,31.4,31.6,772047
2021-10-28,31.5,31.5,31.65,31.35,31.55,389873
2021-10-29,31.4,31.4,31.5,31.35,31.5,157333
2021-11-01,31.35,31.35,31.45,31.25,31.4,312497
2021-11-02,31.35,31.35,31.4,31.25,31.35,275526
2021-11-03,31.4,31.4,31.4,31.2,31.35,189724
2021-11-04,31.4,31.4,31.5,31.25,31.4,119795
2021-11-05,31.4,31.4,31.4,31.2,31.25,243493
2021-11-08,31.45,31.45,31.45,31.3,31.4,165916
2021-11-09,31.5,31.5,31.5,31.35,31.45,279328
2021-11-10,31.45,31.45,31.5,31.4,31.5,131799
2021-11-11,31.5,31.5,31.5,31.35,31.45,159579
2021-11-12,31.4,31.4,31.45,31.2,31.4,417127
2021-11-15,31.3,31.3,31.5,31.25,31.4,312614
2021-11-16,31.3,31.3,31.4,31.1,31.4,226956
2021-11-17,31.3,31.3,31.3,31.15,31.2,201217
2021-11-18,31.3,31.3,31.3,31.2,31.3,151357
2021-11-19,31.15,31.15,31.3,31.15,31.3,205109
2021-11-22,31.15,31.15,31.2,31.1,31.15,128380
2021-11-23,31.1,31.1,31.3,31.1,31.3,207946
2021-11-24,31.2,31.2,31.25,31.15,31.2,48579
2021-11-25,31.15,31.15,31.25,31.15,31.2,81400
2021-11-26,31.2,31.2,31.2,31.1,31.1,205399
2021-11-29,31.15,31.15,31.45,31.05,31.25,170927
2021-11-30,31.1,31.1,31.2,31.1,31.1,153052
2021-12-01,31.15,31.15,31.15,31.05,31.1,82452
2021-12-02,31.15,31.15,31.2,31.05,31.05,129602
2021-12-03,31.15,31.15,31.15,31.05,31.1,102856
2021-12-06,31.25,31.25,31.25,31.15,31.2,139068
2021-12-07,31.2,31.2,31.25,31.1,31.1,113331
2021-12-08,31.25,31.25,31.3,31.15,31.3,219531
2021-12-09,31.25,31.25,31.3,31.2,31.3,114118
2021-12-10,31.25,31.25,31.3,31.15,31.25,149779
2021-12-13,31.25,31.25,31.3,31.2,31.2,100820
2021-12-14,31.3,31.3,31.3,31.15,31.25,257393
2021-12-15,31.2,31.2,31.3,31.2,31.25,110556
2021-12-16,31.2,31.2,31.25,31.15,31.25,96357
2021-12-17,31.25,31.25,31.25,31.15,31.2,159686
2021-12-20,31.15,31.15,31.4,31.15,31.4,141584
2021-12-21,31.15,31.15,31.2,31.1,31.15,98224
2021-12-22,31.15,31.15,31.2,31.1,31.2,130928
2021-12-23,31.15,31.15,31.2,31.05,31.1,177101
2021-12-24,31.15,31.15,31.15,31.1,31.15,133250
2021-12-27,31.25,31.25,31.3,31.15,31.25,143308
2021-12-28,31.1,31.1,31.25,31.0,31.25,483573
2021-12-29,31.15,31.15,31.25,31.1,31.1,192537
2021-12-30,31.1,31.1,31.2,31.05,31.2,251638
2022-01-03,31.1,31.1,31.15,31.05,31.1,161760
2022-01-04,31.0,31.0,31.15,30.9,31.1,604214
2022-01-05,31.0,31.0,31.05,30.9,30.95,675474
2022-01-06,31.05,31.05,31.1,30.95,31.0,664526
2022-01-07,30.8,30.8,31.2,30.6,31.0,1749034
2022-01-10,30.95,30.95,31.0,30.9,31.0,294459
2022-01-11,30.95,30.95,30.95,30.85,30.95,288366
2022-01-12,30.95,30.95,30.95,30.8,30.9,201793
2022-01-13,30.9,30.9,31.0,30.8,30.95,319722
2022-01-14,30.8,30.8,30.9,30.8,30.9,187660
2022-01-17,30.5,30.5,30.85,30.3,30.8,1277548
2022-01-18,30.5,30.5,30.55,30.45,30.5,307879
2022-01-19,30.6,30.6,30.75,30.4,30.75,357735
2022-01-20,30.6,30.6,30.65,30.55,30.6,98051
2022-01-21,30.8,30.8,30.8,30.55,30.6,271247
2022-01-24,30.85,30.85,30.85,30.5,30.8,602527
2022-01-25,30.6,30.6,30.8,30.6,30.8,231853
2022-01-26,30.75,30.75,30.75,30.6,30.6,119442
2022-02-07,31.1,31.1,31.1,30.75,30.75,261197
2022-02-08,30.95,30.95,31.1,30.95,31.05,221761
2022-02-09,31.0,31.0,31.0,30.8,30.95,351578
2022-02-10,31.15,31.15,31.15,31.0,31.0,137181
2022-02-11,30.7,30.7,31.1,30.6,31.0,702493
2022-02-14,30.8,30.8,30.85,30.6,30.7,356821
2022-02-15,30.8,30.8,30.9,30.65,30.8,273400
2022-02-16,30.65,30.65,31.1,30.65,30.85,412495
2022-02-17,30.85,30.85,30.95,30.75,30.8,263654
2022-02-18,30.8,30.8,30.9,30.65,30.85,394854
2022-02-21,30.7,30.7,30.9,30.5,30.8,1036398
2022-02-22,30.7,30.7,30.75,30.45,30.7,444157
2022-02-23,30.7,30.7,30.8,30.45,30.7,692888
2022-02-24,30.55,30.55,30.65,30.5,30.65,722705
2022-02-25,30.6,30.6,30.8,30.55,30.65,357513
2022-03-01,30.85,30.85,30.9,30.55,30.6,441040
2022-03-02,31.3,31.3,31.35,30.7,30.9,661655
2022-03-03,31.5,31.5,31.6,31.35,31.5,322103
2022-03-04,31.75,31.75,31.75,31.05,31.05,458279
2022-03-07,31.25,31.25,31.6,31.1,31.4,400505
2022-03-08,31.15,31.15,31.2,30.8,31.1,399990
2022-03-09,31.0,31.0,31.15,30.85,31.15,379629
2022-03-10,31.0,31.0,31.2,31.0,31.0,110087
2022-03-11,31.05,31.05,31.15,31.0,31.0,123197
2022-03-14,31.1,31.1,31.1,30.95,31.0,177612
2022-03-15,31.0,31.0,31.1,30.9,31.05,400442
2022-03-16,31.1,31.1,31.2,30.95,30.95,243511
2022-03-17,31.45,31.45,31.45,31.1,31.1,384016
2022-03-18,31.65,31.65,31.65,31.4,31.45,172949
2022-03-21,31.5,31.5,31.65,31.45,31.65,146497
2022-03-22,32.45,32.45,32.55,31.75,31.75,973680
2022-03-23,33.15,33.15,33.25,32.5,32.5,560076
2022-03-24,32.8,32.8,33.15,32.65,33.15,202076
2022-03-25,32.65,32.65,32.8,32.35,32.8,397221
2022-03-28,32.85,32.85,32.9,32.3,32.4,226917
2022-03-29,32.9,32.9,33.05,32.55,32.55,190871
2022-03-30,32.95,32.95,33.0,32.85,32.9,275684
2022-03-31,32.7,32.7,33.0,32.7,33.0,272159
2022-04-01,32.7,32.7,33.0,32.5,32.6,162504
2022-04-06,32.95,32.95,33.0,32.5,32.5,238994
2022-04-07,32.6,32.6,32.95,32.55,32.95,214769
2022-04-08,32.6,32.6,32.65,32.3,32.6,441269
2022-04-11,32.35,32.35,32.65,32.25,32.65,196167
2022-04-12,32.35,32.35,32.45,32.25,32.25,142902
2022-04-13,32.5,32.5,32.7,32.4,32.45,218232
2022-04-14,32.65,32.65,32.65,32.5,32.55,112640
2022-04-15,32.55,32.55,32.65,32.5,32.65,113292
2022-04-18,32.45,32.45,32.8,32.3,32.35,188394
2022-04-19,32.95,32.95,33.0,32.45,32.45,339307
2022-04-20,32.65,32.65,32.75,32.6,32.6,67930
2022-04-21,32.55,32.55,32.9,32.5,32.9,78100
2022-04-22,32.5,32.5,32.55,32.25,32.4,341473
2022-04-25,32.25,32.25,32.5,32.2,32.3,223170
2022-04-26,32.2,32.2,32.45,32.2,32.3,218203
2022-04-27,32.2,32.2,32.25,32.0,32.25,242065
2022-04-28,32.3,32.3,32.65,32.05,32.05,116065
2022-04-29,32.5,32.5,32.5,32.15,32.15,124903
2022-05-03,32.25,32.25,32.25,32.1,32.2,169742
2022-05-04,32.2,32.2,32.3,32.15,32.3,94728
2022-05-05,32.4,32.4,32.45,32.15,32.3,246749
2022-05-06,32.25,32.25,32.3,32.0,32.05,279614
2022-05-09,31.85,31.85,32.05,31.75,31.95,288866
2022-05-10,32.2,32.2,32.2,31.3,31.7,311962
2022-05-11,32.15,32.15,32.3,31.95,32.0,167098
2022-05-12,31.8,31.8,32.15,31.75,32.1,245708
2022-05-13,31.95,31.95,31.95,31.6,31.75,135338
2022-05-16,31.4,31.4,31.95,31.05,31.95,392494
2022-05-17,31.75,31.75,32.0,31.3,32.0,118294
2022-05-18,32.2,32.2,32.45,31.75,31.75,171627
2022-05-19,32.05,32.05,32.2,31.55,32.2,121203
2022-05-20,32.3,32.3,32.3,32.0,32.0,99350
2022-05-23,32.35,32.35,32.35,32.15,32.2,57014
2022-05-24,32.5,32.5,32.6,32.0,32.0,188416
2022-05-25,32.5,32.5,32.5,32.05,32.5,133399
2022-05-26,32.8,32.8,32.8,32.45,32.7,119762
2022-05-27,32.8,32.8,32.9,32.55,32.8,56090
2022-05-30,32.95,32.95,32.95,32.6,32.8,173122
2022-05-31,32.85,32.85,32.95,32.8,32.95,97846
2022-06-01,32.7,32.7,32.8,32.6,32.8,45245
2022-06-02,32.6,32.6,32.7,32.4,32.6,105691
2022-06-06,32.55,32.55,32.95,32.5,32.9,115263
2022-06-07,32.5,32.5,32.55,32.25,32.55,160135
2022-06-08,32.65,32.65,32.75,32.55,32.55,45539
2022-06-09,32.7,32.7,32.8,32.55,32.65,97101
2022-06-10,32.6,32.6,32.9,32.5,32.5,84833
2022-06-13,32.4,32.4,32.6,32.4,32.45,244639
2022-06-14,32.5,32.5,32.65,32.3,32.4,161826
2022-06-15,32.95,32.95,33.0,32.45,32.45,159831
2022-06-16,32.8,32.8,33.1,32.8,33.1,130019
2022-06-17,32.8,32.8,32.95,32.7,32.8,112546
2022-06-20,32.45,32.45,32.75,32.45,32.7,225158
2022-06-21,33.0,33.0,33.0,32.8,32.8,208027
2022-06-22,32.7,32.7,32.85,32.7,32.8,75758
2022-06-23,32.9,32.9,33.0,32.8,32.9,292967
2022-06-24,32.95,32.95,33.3,32.85,33.0,251908
2022-06-27,33.25,33.25,33.4,32.95,32.95,336509
2022-06-28,33.05,33.05,33.15,33.0,33.0,111362
2022-06-29,32.9,32.9,33.1,32.65,32.8,157803
2022-06-30,32.7,32.7,32.95,32.6,32.8,228678
2022-07-01,32.6,32.6,32.95,32.55,32.8,225648
2022-07-04,32.7,32.7,32.8,32.6,32.75,129063
2022-07-05,32.8,32.8,33.2,32.7,32.9,130796
2022-07-06,32.6,32.6,32.8,32.6,32.8,81940
2022-07-07,32.65,32.65,32.75,32.55,32.65,124832
2022-07-08,32.5,32.5,32.7,32.45,32.6,238069
2022-07-11,32.4,32.4,32.55,32.35,32.5,200585
2022-07-12,32.3,32.3,32.4,32.2,32.3,263248
2022-07-13,32.5,32.5,32.55,32.35,32.55,129176
2022-07-14,32.5,32.5,32.65,32.35,32.4,95175
2022-07-15,32.4,32.4,32.5,32.3,32.3,142958
2022-07-18,32.35,32.35,32.5,32.3,32.3,215450
2022-07-19,32.75,32.75,32.8,32.3,32.35,207156
2022-07-20,32.45,32.45,32.75,32.4,32.75,230377
2022-07-21,32.35,32.35,32.5,32.3,32.5,90485
2022-07-22,32.3,32.3,32.4,32.3,32.3,177724
2022-07-25,32.35,32.35,32.4,32.2,32.4,233030
2022-07-26,32.35,32.35,32.45,32.3,32.35,152857
2022-07-27,32.6,32.6,32.6,32.5,32.5,94485
2022-07-28,32.65,32.65,32.65,32.55,32.6,47813
2022-07-29,32.95,32.95,33.1,32.6,33.1,164347
2022-08-01,32.95,32.95,33.0,32.9,32.9,151664
2022-08-02,32.85,32.85,32.95,32.8,32.95,276800
2022-08-03,33.1,33.1,33.1,32.85,32.85,329660
2022-08-04,33.0,33.0,33.1,32.65,33.1,228045
2022-08-05,33.1,33.1,33.1,32.8,33.0,186032
2022-08-08,33.2,33.2,33.25,32.95,33.1,245016
2022-08-09,33.5,33.5,33.5,33.15,33.15,860797
2022-08-10,34.1,34.1,34.3,33.35,33.4,368442
2022-08-11,34.3,34.3,34.5,34.1,34.1,202961
2022-08-12,34.3,34.3,34.45,34.2,34.45,150542
2022-08-15,33.75,33.75,34.4,33.6,34.4,584212
2022-08-16,34.05,34.05,34.15,33.8,34.0,292902
2022-08-17,34.0,34.0,34.25,33.95,34.25,182951
2022-08-18,34.05,34.05,34.45,33.95,34.45,150684
2022-08-19,34.0,34.0,34.25,33.85,34.05,167532
2022-08-22,34.35,34.35,34.5,33.9,34.0,277571
2022-08-23,34.3,34.3,34.4,34.2,34.2,244083
2022-08-24,34.35,34.35,34.45,34.3,34.35,205671
2022-08-25,34.55,34.55,34.7,34.35,34.35,352429
2022-08-26,34.95,34.95,34.95,34.7,34.7,430208
2022-08-29,34.9,34.9,35.0,34.25,34.7,430114
2022-08-30,35.1,35.1,35.75,34.85,35.0,1395238
2022-08-31,32.0,32.0,32.05,31.1,31.1,1476427
2022-09-01,31.8,31.8,31.9,31.4,31.9,1112169
2022-09-02,31.6,31.6,31.95,31.6,31.95,441811
2022-09-05,31.35,31.35,31.6,31.15,31.6,414525
2022-09-06,31.55,31.55,31.65,31.35,31.5,159525
2022-09-07,31.55,31.55,31.6,31.3,31.3,203653
2022-09-08,31.8,31.8,32.0,31.6,31.6,282885
2022-09-12,31.9,31.9,32.05,31.8,31.95,271166
2022-09-13,31.95,31.95,32.05,31.9,32.0,218438
2022-09-14,32.25,32.25,32.3,31.95,31.95,193411
2022-09-15,32.6,32.6,32.75,32.2,32.25,309312
2022-09-16,32.6,32.6,32.6,32.4,32.55,147892
2022-09-19,32.45,32.45,32.6,32.2,32.5,159840
2022-09-20,32.45,32.45,32.55,32.4,32.5,158387
2022-09-21,32.35,32.35,32.55,32.3,32.45,206600
2022-09-22,32.35,32.35,32.5,32.0,32.35,216284
2022-09-23,32.05,32.05,32.5,32.05,32.15,159135
2022-09-26,32.0,32.0,32.2,31.8,32.05,362986
2022-09-27,32.05,32.05,33.4,32.0,33.4,214142
2022-09-28,31.9,31.9,32.0,31.8,32.0,277221
2022-09-29,32.0,32.0,32.05,31.9,32.0,265071
2022-09-30,31.9,31.9,32.1,31.85,32.05,326952
2022-10-03,31.8,31.8,32.0,31.75,31.9,365332
2022-10-04,31.75,31.75,31.95,31.75,31.85,721804
2022-10-05,31.75,31.75,32.0,31.5,31.75,1843040
2022-10-06,32.0,32.0,32.0,31.65,31.75,1024455
2022-10-07,32.05,32.05,32.1,31.95,32.0,202898
2022-10-11,31.85,31.85,32.0,31.0,31.0,412427
2022-10-12,32.0,32.0,32.05,31.85,31.85,272731
2022-10-13,31.7,31.7,32.1,31.65,32.1,371831
2022-10-14,31.85,31.85,31.85,31.6,31.6,173998
2022-10-17,31.9,31.9,31.95,31.7,31.85,322604
2022-10-18,31.95,31.95,32.2,31.9,31.95,442983
2022-10-19,32.0,32.0,32.05,31.85,31.9,346394
2022-10-20,31.8,31.8,31.95,31.6,31.7,221483
2022-10-21,31.75,31.75,31.95,31.7,31.75,186681
2022-10-24,31.75,31.75,31.8,31.7,31.8,249452
2022-10-25,31.85,31.85,31.9,31.65,31.9,310224
2022-10-26,31.75,31.75,31.8,31.6,31.8,252616
2022-10-27,31.7,31.7,31.9,31.55,31.9,578022
2022-10-28,31.5,31.5,31.85,31.5,31.85,348344
2022-10-31,31.45,31.45,32.0,31.4,31.5,397063
2022-11-01,31.4,31.4,31.5,31.3,31.45,365886
2022-11-02,31.05,31.05,31.35,31.0,31.35,706427
2022-11-03,31.0,31.0,31.1,30.95,31.05,272247
2022-11-04,31.4,31.4,31.4,30.85,30.9,319058
2022-11-07,31.4,31.4,31.45,31.2,31.35,193603
2022-11-08,31.35,31.35,31.4,31.25,31.35,153758
2022-11-09,31.35,31.35,31.4,31.25,31.4,255673
2022-11-10,31.8,31.8,31.9,31.35,31.35,445274
2022-11-11,32.0,32.0,32.55,31.85,32.2,741095
2022-11-14,32.6,32.6,32.7,32.05,32.05,865767
2022-11-15,32.5,32.5,32.65,32.25,32.3,286428
2022-11-16,32.3,32.3,32.6,32.3,32.55,407110
2022-11-17,32.05,32.05,32.35,31.85,32.35,532188
2022-11-18,31.85,31.85,32.1,31.8,31.95,282160
2022-11-21,31.95,31.95,32.15,31.8,31.85,208325
2022-11-22,31.9,31.9,32.05,31.85,32.05,257575
2022-11-23,32.25,32.25,32.45,32.0,32.0,443450
2022-11-24,32.4,32.4,32.4,32.0,32.35,376571
2022-11-25,32.1,32.1,32.45,32.1,32.45,311792
2022-11-28,32.2,32.2,32.5,31.95,32.1,275553
2022-11-29,32.35,32.35,32.5,32.1,32.25,325980
2022-11-30,31.6,31.6,32.5,31.6,32.45,2321108
2022-12-01,32.1,32.1,32.2,31.85,31.9,549054
2022-12-02,31.95,31.95,32.2,31.95,32.1,261552
2022-12-05,31.95,31.95,32.15,31.95,31.95,126859
2022-12-06,31.85,31.85,32.0,31.85,31.95,161441
2022-12-07,31.75,31.75,31.9,31.7,31.85,289189
2022-12-08,31.8,31.8,31.85,31.65,31.7,182658
2022-12-09,31.75,31.75,31.95,31.75,31.85,94804
2022-12-12,31.75,31.75,31.9,31.7,31.7,82220
2022-12-13,32.1,32.1,32.1,31.75,31.75,204323
2022-12-14,32.35,32.35,32.4,32.15,32.2,279515
2022-12-15,32.15,32.15,32.4,32.0,32.4,620179
2022-12-16,31.9,31.9,32.0,31.85,31.9,287613
2022-12-19,31.9,31.9,32.1,31.85,31.95,1087544
2022-12-20,31.9,31.9,32.1,31.85,31.9,106863
2022-12-21,31.95,31.95,32.0,31.9,31.9,81175
2022-12-22,31.95,31.95,32.0,31.9,31.95,44002
2022-12-23,31.95,31.95,32.0,31.75,31.9,246633
2022-12-26,31.9,31.9,32.0,31.9,31.95,77063
2022-12-27,31.95,31.95,32.05,31.85,32.05,49883
2022-12-28,31.9,31.9,31.95,31.9,31.9,55474
2022-12-29,31.9,31.9,32.05,31.85,31.9,97939
2022-12-30,31.9,31.9,32.0,31.9,31.9,55506
2023-01-03,31.85,31.85,31.9,31.75,31.9,418874
2023-01-04,32.0,32.0,32.0,31.9,32.0,33978
2023-01-05,32.0,32.0,32.2,32.0,32.0,143005
2023-01-06,32.1,32.1,32.2,31.95,32.0,142675
2023-01-09,32.4,32.4,32.45,32.1,32.1,355334
2023-01-10,32.35,32.35,32.4,32.0,32.35,191953
2023-01-11,32.35,32.35,32.4,32.2,32.35,108836
2023-01-12,32.3,32.3,32.4,32.25,32.35,119234
2023-01-13,32.25,32.25,32.4,32.2,32.4,84848
2023-01-16,32.85,32.85,33.3,32.25,32.3,536365
2023-01-17,32.9,32.9,33.0,32.85,32.85,212271
2023-01-30,32.95,32.95,33.45,32.9,32.9,547482
2023-01-31,33.4,33.4,33.4,33.05,33.05,198709
2023-02-01,33.15,33.15,33.4,33.15,33.4,150037
2023-02-02,33.3,33.3,33.4,33.15,33.3,407174
2023-02-03,33.5,33.5,33.5,33.2,33.2,280535
2023-02-06,33.3,33.3,33.5,33.2,33.5,299733
2023-02-07,33.6,33.6,33.6,33.3,33.3,183802
2023-02-08,33.7,33.7,33.7,33.4,33.6,188918
2023-02-09,33.8,33.8,33.8,33.5,33.5,177479
2023-02-10,34.0,34.0,34.0,33.7,33.8,378455
2023-02-13,33.9,33.9,34.1,33.85,34.0,208145
2023-02-14,34.0,34.0,34.25,33.85,33.85,265296
2023-02-15,34.25,34.25,34.3,34.0,34.0,241539
2023-02-16,34.4,34.4,34.4,34.2,34.25,124307
2023-02-17,34.5,34.5,34.65,34.3,34.5,385303
2023-02-20,34.4,34.4,34.5,34.4,34.5,187568
2023-02-21,34.15,34.15,34.3,33.95,34.3,312789
2023-02-22,34.05,34.05,34.1,33.95,34.1,323406
2023-02-23,34.2,34.2,34.2,34.05,34.05,122577
2023-02-24,34.75,34.75,34.75,34.2,34.25,372218
2023-03-01,34.55,34.55,34.75,34.3,34.3,279508
2023-03-02,34.5,34.5,34.65,34.45,34.45,165952
2023-03-03,34.65,34.65,34.8,34.5,34.8,137202
2023-03-06,34.6,34.6,34.85,34.6,34.85,135957
2023-03-07,34.65,34.65,34.65,34.5,34.65,221672
2023-03-08,34.55,34.55,34.65,34.5,34.55,185904
2023-03-09,34.45,34.45,34.65,34.45,34.55,198247
2023-03-10,34.1,34.1,34.5,34.1,34.5,450016
2023-03-13,34.9,34.9,35.4,34.4,34.45,1379082
2023-03-14,35.5,35.5,35.8,34.9,34.95,1034914
2023-03-15,36.05,36.05,36.1,35.55,35.6,770771
2023-03-16,36.6,36.6,36.8,35.95,36.05,1197305
2023-03-17,37.05,37.05,37.45,36.85,36.85,584824
2023-03-20,35.8,35.8,37.05,35.6,37.05,1003349
2023-03-21,36.35,36.35,36.35,35.9,35.9,163413
2023-03-22,36.25,36.25,36.55,36.1,36.35,236720
2023-03-23,36.05,36.05,36.4,36.0,36.0,245538
2023-03-24,36.2,36.2,36.55,36.05,36.05,203840
2023-03-27,36.85,36.85,37.0,36.3,36.3,425407
2023-03-28,36.6,36.6,36.8,36.55,36.7,172419
2023-03-29,36.65,36.65,36.7,36.6,36.65,121703
2023-03-30,36.8,36.8,37.0,36.7,37.0,183378
2023-03-31,37.25,37.25,37.25,36.7,36.75,292592
2023-04-06,37.6,37.6,38.2,37.25,37.25,481475
2023-04-07,37.15,37.15,37.7,37.05,37.5,437600
2023-04-10,37.6,37.6,38.0,37.1,37.1,857849
2023-04-11,37.5,37.5,37.95,37.4,37.95,386696
2023-04-12,37.4,37.4,37.85,37.4,37.55,423027
2023-04-13,37.25,37.25,37.5,37.2,37.45,306258
2023-04-14,37.5,37.5,37.7,37.25,37.25,222050
2023-04-17,37.5,37.5,37.7,37.25,37.25,274774
2023-04-18,37.4,37.4,37.65,37.4,37.5,316192
2023-04-19,37.4,37.4,37.65,37.3,37.4,281098
2023-04-20,37.15,37.15,37.35,37.0,37.35,338033
2023-04-21,37.15,37.15,37.5,37.05,37.2,328460
2023-04-24,37.25,37.25,37.45,37.15,37.15,176865
2023-04-25,37.25,37.25,37.55,37.25,37.25,154791
2023-04-26,37.4,37.4,37.5,37.25,37.25,198829
2023-04-27,37.5,37.5,37.65,37.35,37.35,144556
2023-04-28,37.5,37.5,37.85,37.5,37.85,117158
2023-05-02,37.45,37.45,38.0,37.4,37.5,533356
2023-05-03,37.65,37.65,38.7,37.55,38.7,214153
2023-05-04,37.85,37.85,37.9,37.65,37.65,165054
2023-05-05,37.8,37.8,37.9,37.75,37.85,199871
2023-05-08,37.8,37.8,37.9,37.8,37.8,288518
2023-05-09,38.0,38.0,38.35,37.85,37.85,470203
2023-05-10,38.05,38.05,38.25,37.95,38.0,390375
2023-05-11,37.7,37.7,38.2,37.65,38.2,429600
2023-05-12,37.45,37.45,37.7,37.2,37.7,712478
2023-05-15,37.35,37.35,37.6,37.35,37.45,163202
2023-05-16,37.65,37.65,37.85,37.45,37.45,288286
2023-05-17,37.8,37.8,38.2,37.65,37.8,506093
2023-05-18,37.75,37.75,38.1,37.65,37.65,239372
2023-05-19,37.85,37.85,38.0,37.7,37.8,275292
2023-05-22,37.85,37.85,38.1,37.8,37.85,444397
2023-05-23,37.85,37.85,38.0,37.85,37.9,450667
2023-05-24,37.8,37.8,38.0,37.7,38.0,261446
2023-05-25,37.85,37.85,38.0,37.75,37.75,479299
2023-05-26,37.8,37.8,37.95,37.8,37.9,325332
2023-05-29,37.85,37.85,38.05,37.8,37.8,284550
2023-05-30,37.9,37.9,38.0,37.85,37.9,126295
2023-05-31,38.2,38.2,38.2,37.95,38.0,620489
2023-06-01,38.45,38.45,38.65,38.1,38.15,613654
2023-06-02,38.7,38.7,38.95,38.25,38.25,599985
2023-06-05,39.4,39.4,39.7,38.9,39.0,753430
2023-06-06,39.4,39.4,39.7,39.35,39.4,367432
2023-06-07,39.65,39.65,39.9,39.5,39.5,594967
2023-06-08,39.7,39.7,39.95,39.6,39.95,160139
2023-06-09,39.75,39.75,39.9,39.7,39.7,232936
2023-06-12,40.3,40.3,40.5,39.7,39.75,651504
2023-06-13,41.0,41.0,41.0,40.3,40.5,700726
2023-06-14,42.55,42.55,42.85,41.0,41.45,788939
2023-06-15,40.7,40.7,42.6,40.15,42.55,1151115
2023-06-16,41.4,41.4,41.65,40.05,40.35,539514
2023-06-19,40.3,40.3,41.4,40.0,41.4,936259
2023-06-20,40.2,40.2,40.35,39.85,40.3,391806
2023-06-21,40.65,40.65,40.65,39.85,40.2,322810
2023-06-26,40.45,40.45,40.55,40.0,40.5,269019
2023-06-27,40.65,40.65,40.75,40.1,40.2,192109
2023-06-28,41.3,41.3,41.7,40.25,40.6,383487
2023-06-29,41.7,41.7,41.75,41.25,41.3,357639
2023-06-30,41.5,41.5,42.0,41.1,42.0,331496
2023-07-03,42.45,42.45,42.5,41.7,41.7,659290
2023-07-04,42.45,42.45,42.65,42.4,42.45,188528
2023-07-05,42.65,42.65,43.0,42.2,43.0,353284
2023-07-06,42.6,42.6,43.55,42.4,42.75,506722
2023-07-07,42.6,42.6,42.75,42.35,42.5,212076
2023-07-10,43.8,43.8,43.85,43.05,43.85,949121
2023-07-11,43.85,43.85,44.0,43.6,43.75,255822
2023-07-12,44.1,44.1,44.3,43.65,43.7,480995
2023-07-13,44.65,44.65,45.1,44.1,44.1,711683
2023-07-14,45.9,45.9,46.05,44.7,44.7,734296
2023-07-17,45.35,45.35,46.25,44.95,46.0,789754
2023-07-18,44.6,44.6,45.35,44.1,45.35,519389
2023-07-19,44.75,44.75,45.1,44.6,44.6,311326
2023-07-20,46.6,46.6,46.65,45.15,45.2,746698
2023-07-21,46.25,46.25,47.0,46.0,46.4,429085
2023-07-24,45.9,45.9,46.25,45.3,46.25,262548
2023-07-25,45.85,45.85,46.3,45.85,45.9,176710
2023-07-26,46.55,46.55,46.95,45.85,45.9,286099
2023-07-27,47.4,47.4,47.5,46.6,46.6,408834
2023-07-28,48.1,48.1,48.2,47.05,48.2,1094497
2023-07-31,49.4,49.4,50.0,48.25,48.3,615892
2023-08-01,49.35,49.35,49.85,48.0,49.55,632572
2023-08-02,48.6,48.6,49.75,48.4,49.35,671241
2023-08-04,49.35,49.35,50.0,48.6,48.6,1068795
2023-08-07,49.1,49.1,49.35,48.7,49.35,317765
2023-08-08,48.9,48.9,49.75,48.8,49.5,809117
2023-08-09,48.05,48.05,49.05,47.6,49.0,751549
2023-08-10,47.7,47.7,48.0,47.2,48.0,537186
2023-08-11,47.6,47.6,48.1,47.5,47.5,256847
2023-08-14,45.55,45.55,47.6,45.5,47.6,1202259
2023-08-15,46.35,46.35,46.65,45.05,45.1,359439
2023-08-16,45.1,45.1,46.2,45.0,46.2,637853
2023-08-17,45.15,45.15,45.8,44.7,45.1,627198
2023-08-18,45.5,45.5,45.65,45.05,45.2,450853
2023-08-21,45.55,45.55,46.5,45.2,45.55,995470
2023-08-22,46.7,46.7,46.8,45.6,45.6,869737
2023-08-23,48.05,48.05,48.2,46.45,46.95,1823738
2023-08-24,40.4,40.4,42.55,40.1,41.5,3678949
2023-08-25,40.4,40.4,41.35,39.9,40.4,390392
2023-08-28,39.8,39.8,41.05,39.75,40.45,618688
2023-08-29,39.8,39.8,40.15,39.8,39.85,193994
2023-08-30,39.8,39.8,40.0,39.7,39.85,291509
2023-08-31,39.75,39.75,39.95,39.75,39.8,194015
2023-09-01,39.7,39.7,40.0,39.7,40.0,239137
2023-09-04,40.15,40.15,40.35,39.75,39.75,320107
2023-09-05,40.8,40.8,40.85,40.2,40.25,302203
2023-09-06,40.4,40.4,41.95,40.35,41.95,426857
2023-09-07,40.05,40.05,40.3,39.9,40.1,229704
2023-09-08,40.0,40.0,40.3,39.9,40.15,149999
2023-09-11,40.0,40.0,40.2,39.7,40.0,428039
2023-09-12,40.3,40.3,40.5,40.0,40.0,113595
2023-09-13,40.15,40.15,40.6,40.1,40.4,305873
2023-09-14,40.65,40.65,40.7,40.25,40.25,158780
2023-09-15,41.85,41.85,41.95,40.35,40.65,490239
2023-09-18,41.3,41.3,42.0,41.25,42.0,230939
2023-09-19,42.55,42.55,43.0,41.5,41.9,578386
2023-09-20,43.65,43.65,44.4,42.6,42.65,888267
2023-09-21,43.25,43.25,43.65,42.95,43.65,365485
2023-09-22,42.2,42.2,43.15,42.2,43.0,390859
2023-09-25,41.8,41.8,42.25,41.4,42.25,307636
2023-09-26,41.7,41.7,42.6,41.65,41.65,294112
2023-09-27,41.0,41.0,41.5,40.7,41.5,372428
2023-09-28,41.65,41.65,42.0,41.0,41.0,402410
2023-10-02,41.6,41.6,42.45,41.3,42.05,477307
2023-10-03,41.25,41.25,41.45,41.05,41.45,384211
2023-10-04,41.25,41.25,41.6,40.95,41.2,426120
2023-10-05,41.7,41.7,41.95,41.25,41.25,136133
2023-10-06,41.65,41.65,41.9,41.55,41.7,237543
2023-10-11,42.35,42.35,42.6,41.7,41.7,454766
2023-10-12,42.7,42.7,42.7,42.35,42.5,285243
2023-10-13,42.4,42.4,42.6,42.15,42.6,305074
2023-10-16,42.2,42.2,42.4,41.9,42.4,357723
2023-10-17,42.25,42.25,42.5,42.1,42.2,207103
2023-10-18,42.15,42.15,42.6,41.95,42.6,276829
2023-10-19,42.35,42.35,42.35,42.0,42.15,127967
2023-10-20,42.7,42.7,42.85,41.75,42.15,347372
2023-10-23,43.2,43.2,43.75,42.45,42.6,523969
2023-10-24,43.05,43.05,43.5,42.85,43.5,224378
2023-10-25,42.9,42.9,43.2,42.9,43.2,161958
2023-10-26,42.9,42.9,43.35,42.65,42.9,155394
2023-10-27,43.2,43.2,43.45,42.9,42.9,238578
2023-10-30,43.2,43.2,43.55,43.1,43.55,205613
2023-10-31,43.5,43.5,43.9,43.15,43.5,427797
2023-11-01,43.55,43.55,43.9,43.4,43.9,177136
2023-11-02,43.6,43.6,44.1,43.5,43.7,485434
2023-11-03,44.05,44.05,44.2,43.65,43.65,395529
2023-11-06,44.7,44.7,44.9,44.1,44.4,544811
2023-11-07,45.45,45.45,45.5,44.7,44.75,534355
2023-11-08,45.25,45.25,45.55,44.85,45.55,354255
2023-11-09,45.0,45.0,45.5,44.95,45.25,431697
2023-11-10,45.2,45.2,45.6,45.0,45.0,215699
2023-11-13,45.5,45.5,45.6,45.0,45.2,462736
2023-11-14,46.45,46.45,46.6,45.1,45.1,709900
2023-11-15,47.05,47.05,47.35,46.5,46.5,709118
2023-11-16,47.05,47.05,47.7,46.55,47.2,822362
2023-11-17,47.95,47.95,48.0,47.05,47.3,749007
2023-11-20,48.9,48.9,48.95,47.9,48.0,868076
2023-11-21,49.9,49.9,49.95,48.95,48.95,841207
2023-11-22,49.7,49.7,49.95,49.35,49.95,659039
2023-11-23,49.45,49.45,49.7,48.5,49.4,744100
2023-11-24,49.85,49.85,50.4,49.45,49.45,565886
2023-11-27,48.7,48.7,49.95,48.55,49.85,732100
2023-11-28,49.9,49.9,49.95,48.5,48.85,655096
2023-11-29,48.8,48.8,49.8,48.3,49.5,1150391
2023-11-30,49.0,49.0,49.3,48.6,48.8,286654
2023-12-01,49.1,49.1,49.2,48.65,49.1,226228
2023-12-04,49.1,49.1,49.4,48.8,49.1,266605
2023-12-05,49.95,49.95,50.0,48.95,49.1,519145
2023-12-06,49.8,49.8,50.6,49.35,50.1,348621
2023-12-07,49.8,49.8,49.9,49.45,49.85,230409
2023-12-08,49.85,49.85,50.1,49.5,50.1,202320
2023-12-11,49.6,49.6,49.85,49.6,49.85,186390
2023-12-12,49.8,49.8,49.8,49.1,49.75,497847
2023-12-13,49.1,49.1,49.8,49.05,49.8,335403
2023-12-14,49.65,49.65,49.9,49.0,49.5,652983
2023-12-15,49.3,49.3,49.7,49.3,49.65,361397
2023-12-18,49.0,49.0,49.6,48.95,49.3,268609
2023-12-19,48.9,48.9,49.35,48.7,49.35,248274
2023-12-20,48.45,48.45,48.95,48.35,48.8,750810
2023-12-21,47.95,47.95,48.95,47.95,48.25,696581
2023-12-22,47.35,47.35,48.0,47.0,47.95,686270
2023-12-25,47.8,47.8,47.8,46.9,47.35,317092
2023-12-26,48.35,48.35,48.75,47.75,47.75,474451
2023-12-27,48.45,48.45,48.6,47.9,48.3,196234
2023-12-28,48.6,48.6,48.6,48.0,48.45,232273
2023-12-29,48.4,48.4,48.6,48.35,48.35,85639
2024-01-02,48.2,48.2,48.4,48.1,48.4,121452
2024-01-03,47.95,47.95,48.2,47.65,48.2,352533
2024-01-04,47.7,47.7,48.1,47.5,47.9,468613
2024-01-05,47.95,47.95,48.4,47.5,47.95,405722
2024-01-08,47.95,47.95,49.8,47.9,48.6,785227
2024-01-09,47.55,47.55,48.15,47.45,48.0,408675
2024-01-10,48.75,48.75,49.1,47.65,47.85,953632
2024-01-11,48.35,48.35,49.1,48.3,48.75,331922
2024-01-12,48.15,48.15,48.65,48.0,48.55,192622
2024-01-15,48.55,48.55,48.75,48.1,48.25,213837
2024-01-16,47.9,47.9,48.25,47.75,47.85,491665
2024-01-17,47.1,47.1,47.85,47.05,47.55,786666
2024-01-18,47.55,47.55,47.75,47.1,47.1,137375
2024-01-19,47.8,47.8,47.9,47.15,47.45,144080
2024-01-22,47.5,47.5,47.8,47.4,47.65,190202
2024-01-23,47.9,47.9,49.15,47.7,49.15,227039
2024-01-24,48.0,48.0,48.0,47.75,47.9,105801
2024-01-25,48.3,48.3,48.5,48.0,48.05,230350
2024-01-26,48.35,48.35,48.4,47.8,48.1,129796
2024-01-29,48.15,48.15,48.5,48.0,48.15,134421
2024-01-30,48.3,48.3,48.65,48.15,48.35,245078
2024-01-31,48.3,48.3,48.5,48.25,48.25,134302
2024-02-01,48.55,48.55,48.85,48.45,48.5,282947
2024-02-02,49.3,49.3,49.4,48.55,48.55,809418
2024-02-05,49.15,49.15,49.3,48.7,49.0,461096
2024-02-15,50.8,50.8,50.8,48.85,48.85,1550591
2024-02-16,52.4,52.4,53.5,51.0,51.0,1027854
2024-02-19,57.5,57.5,57.6,53.9,56.1,3843976
2024-02-20,57.7,57.7,58.4,55.4,57.5,1668073
2024-02-21,59.6,59.6,60.0,57.7,57.8,1711829
2024-02-22,61.4,61.4,61.5,58.6,59.6,2012241
2024-02-23,62.0,62.0,64.1,61.0,61.6,2274671
2024-02-26,62.8,62.8,63.3,61.3,62.0,1266309
2024-02-27,59.8,59.8,63.4,59.5,62.8,1665906
2024-02-29,59.3,59.3,60.3,58.4,59.4,1622922
2024-03-01,61.1,61.1,62.0,59.0,59.3,1091319
2024-03-04,61.5,61.5,61.8,60.2,60.2,649132
2024-03-05,63.6,63.6,63.8,61.4,62.0,1715576
2024-03-06,63.7,63.7,64.3,63.0,63.5,903733
2024-03-07,63.4,63.4,64.0,63.1,63.7,653904
2024-03-08,61.5,61.5,63.1,61.1,63.0,1498788
2024-03-11,61.9,61.9,62.3,61.2,61.9,1015392
2024-03-12,65.8,65.8,67.9,63.3,63.5,3124451
2024-03-13,68.8,68.8,69.3,65.1,65.1,2175745
2024-03-14,69.9,69.9,70.6,67.8,68.9,3074155
2024-03-15,69.4,69.4,70.6,68.0,69.9,9374439
2024-03-18,68.3,68.3,69.4,66.2,69.4,1911326
2024-03-19,66.9,66.9,67.8,66.5,67.8,1517407
2024-03-20,67.5,67.5,68.5,66.4,66.6,838804
2024-03-21,68.2,68.2,69.4,67.7,68.0,558585
2024-03-22,69.0,69.0,69.7,68.4,68.6,1279203
2024-03-25,71.0,71.0,72.8,68.7,69.1,2137497
2024-03-26,70.4,70.4,72.0,70.1,72.0,1075400
2024-03-27,72.1,72.1,74.0,70.4,70.4,2509319
2024-03-28,71.9,71.9,73.5,71.6,72.2,695493
2024-03-29,71.7,71.7,72.5,70.9,71.9,960492
2024-04-01,72.1,72.1,73.2,71.8,71.8,957384
2024-04-02,72.2,72.2,72.5,71.5,72.0,656942
2024-04-03,72.2,72.2,72.6,71.8,72.2,441548
2024-04-08,73.3,73.3,74.5,72.5,72.5,1470440
2024-04-09,73.4,73.4,74.1,72.9,73.3,1157676
2024-04-10,74.5,74.5,75.7,73.4,73.4,1423545
2024-04-11,73.2,73.2,75.4,73.1,74.5,1600897
2024-04-12,73.7,73.7,74.5,73.1,73.2,911507
2024-04-15,74.2,74.2,74.3,73.2,73.3,365916
2024-04-16,73.2,73.2,74.2,72.6,74.2,1108986
2024-04-17,75.1,75.1,77.0,73.2,73.2,2698969
2024-04-18,76.0,76.0,76.0,74.3,75.1,1781728
2024-04-19,76.7,76.7,76.7,73.9,76.2,1951614
2024-04-22,76.1,76.1,80.0,74.7,76.7,3438977
2024-04-23,76.3,76.3,76.3,73.3,76.1,1947929
2024-04-24,77.3,77.3,77.7,76.0,76.2,1920865
2024-04-25,74.9,74.9,77.9,74.7,77.4,1766938
2024-04-26,74.9,74.9,75.7,73.3,74.5,954419
2024-04-29,75.0,75.0,75.4,74.2,74.7,840467
2024-04-30,75.5,75.5,75.9,73.9,75.0,1023811
2024-05-02,74.1,74.1,75.9,74.1,75.3,1080503
2024-05-03,75.3,75.3,76.2,74.3,75.0,1458263
2024-05-06,72.3,72.3,75.5,72.1,75.5,2006411
2024-05-07,68.4,68.4,75.6,68.0,72.3,3853834
2024-05-08,66.2,66.2,68.9,65.2,68.8,3177635
2024-05-09,65.4,65.4,67.1,65.3,66.3,1023376
2024-05-10,65.7,65.7,66.2,64.9,65.5,927951
2024-05-13,66.9,66.9,67.2,64.3,65.5,1423569
2024-05-14,66.3,66.3,67.2,66.1,66.9,720987
2024-05-15,67.4,67.4,68.2,66.4,66.5,1291793
2024-05-16,68.0,68.0,68.9,67.6,67.7,998441
2024-05-17,69.1,69.1,69.1,68.0,68.4,551024
2024-05-20,69.7,69.7,71.3,69.5,70.5,1373144
2024-05-21,68.8,68.8,69.9,68.7,69.9,500256
2024-05-22,68.9,68.9,69.5,68.5,68.8,374186
2024-05-23,67.5,67.5,68.3,67.0,68.1,850550
2024-05-24,68.4,68.4,68.4,67.0,67.9,386014
2024-05-27,68.4,68.4,69.1,68.1,68.4,336126
2024-05-28,69.8,69.8,70.0,68.0,68.5,517410
2024-05-29,70.9,70.9,71.0,69.2,69.5,535321
2024-05-30,71.3,71.3,71.9,70.3,70.9,693894
2024-05-31,74.4,74.4,74.4,71.5,71.9,2276553
2024-06-03,73.8,73.8,74.9,72.7,73.9,907509
2024-06-04,73.5,73.5,73.9,72.1,73.8,726564
2024-06-05,74.6,74.6,74.7,73.4,73.4,558209
2024-06-06,75.0,75.0,75.8,74.7,75.0,697821
2024-06-07,74.5,74.5,75.5,74.2,75.1,523837
2024-06-11,74.0,74.0,75.6,73.0,75.6,679178
2024-06-12,71.8,71.8,74.0,71.5,74.0,809495
2024-06-13,72.1,72.1,72.1,70.5,71.8,569606
2024-06-14,72.9,72.9,73.7,71.9,72.1,405410
2024-06-17,73.1,73.1,73.9,72.5,72.5,226947
2024-06-18,74.0,74.0,74.4,72.7,73.1,685829
2024-06-19,75.7,75.7,75.7,73.6,74.2,1390720
2024-06-20,75.5,75.5,76.1,74.4,75.7,1004307
2024-06-21,76.3,76.3,76.3,74.9,75.6,1617077
2024-06-24,75.2,75.2,76.4,75.1,76.3,431885
2024-06-25,75.4,75.4,76.3,74.4,76.3,414013
2024-06-26,75.2,75.2,76.0,74.6,75.1,328344
2024-06-27,74.7,74.7,75.2,74.4,74.6,304487
2024-06-28,75.5,75.5,76.2,74.8,75.0,665054
2024-07-01,77.5,77.5,77.5,74.6,74.9,1351909
2024-07-02,76.5,76.5,77.9,76.5,77.5,589474
2024-07-03,77.0,77.0,78.0,76.5,76.5,946350
2024-07-04,77.2,77.2,77.7,77.0,77.0,815708
2024-07-05,76.7,76.7,77.6,76.2,77.0,779437
2024-07-08,77.0,77.0,77.8,76.4,76.7,990056
2024-07-09,76.2,76.2,77.4,76.1,77.0,438736
2024-07-10,77.0,77.0,77.7,76.0,76.2,467326
2024-07-11,77.2,77.2,78.5,76.9,77.0,1287205
2024-07-12,77.0,77.0,77.9,76.9,77.4,803024
2024-07-15,77.7,77.7,78.8,76.7,77.5,865568
2024-07-16,78.8,78.8,82.4,78.0,78.0,2998317
2024-07-17,79.0,79.0,80.6,77.2,78.8,1533929
2024-07-18,78.9,78.9,80.4,77.8,79.9,1592689
2024-07-19,75.4,75.4,78.6,74.5,78.5,2291630
2024-07-22,72.0,72.0,75.4,71.5,75.3,2206077
2024-07-23,75.1,75.1,76.0,73.5,73.5,897345
2024-07-26,76.7,76.7,77.0,74.0,76.0,1027986
2024-07-29,78.9,78.9,81.4,77.3,77.7,2437584
2024-07-30,80.1,80.1,80.8,78.0,79.8,1535874
2024-07-31,79.6,79.6,81.8,79.5,81.0,1746628
2024-08-01,79.6,79.6,80.8,78.5,79.1,1297225
2024-08-02,78.4,78.4,79.7,78.0,78.6,935193
2024-08-05,72.2,72.2,76.0,71.8,76.0,2386257
2024-08-06,68.9,68.9,74.5,67.8,73.5,2385033
2024-08-07,75.2,75.2,75.2,68.9,68.9,1038961
2024-08-08,74.3,74.3,75.0,72.3,72.7,700071
2024-08-09,79.8,79.8,80.6,74.6,74.6,1674549
2024-08-12,81.0,81.0,84.5,80.5,80.5,1173913
2024-08-13,81.4,81.4,82.3,79.6,81.6,760153
2024-08-14,83.2,83.2,84.9,81.0,81.0,2253580
2024-08-15,73.1,73.1,75.5,73.0,73.4,2169642
2024-08-16,73.2,73.2,75.1,73.1,74.9,1187327
2024-08-19,73.2,73.2,75.3,72.8,73.5,701463
2024-08-20,71.1,71.1,73.5,71.0,73.2,1437066
2024-08-21,70.9,70.9,72.0,70.0,72.0,1175281
2024-08-22,69.1,69.1,71.0,68.3,71.0,1437142
2024-08-23,67.7,67.7,69.2,67.3,68.9,1343924
2024-08-26,69.0,69.0,69.2,68.0,68.1,676817
2024-08-27,71.0,71.0,71.4,68.5,69.0,598846
2024-08-28,69.8,69.8,71.2,69.8,71.0,595479
2024-08-29,68.6,68.6,70.0,68.4,69.4,660894
2024-08-30,70.2,70.2,70.2,68.6,68.6,488753
2024-09-02,68.2,68.2,70.5,68.1,69.6,695999
2024-09-03,68.3,68.3,69.1,68.2,68.3,368241
2024-09-04,65.5,65.5,67.5,65.3,66.5,1419791
2024-09-05,65.0,65.0,67.2,65.0,66.0,756479
2024-09-06,64.9,64.9,65.9,64.5,65.0,380261
2024-09-09,61.5,61.5,64.0,60.5,63.1,1968130
2024-09-10,59.9,59.9,61.9,59.3,61.8,1309084
2024-09-11,55.7,55.7,59.1,54.1,57.9,3415410
2024-09-12,55.0,55.0,57.3,54.7,56.5,1881177
2024-09-13,55.3,55.3,56.0,54.4,56.0,1490688
2024-09-16,54.8,54.8,55.9,54.3,55.9,788961
2024-09-18,54.5,54.5,55.2,53.9,54.9,1139607
2024-09-19,55.6,55.6,56.0,54.3,54.6,789690
2024-09-20,53.9,53.9,53.9,50.7,52.5,4766313
2024-09-23,49.65,49.65,52.5,48.8,52.3,4830432
2024-09-24,50.2,50.2,50.5,49.0,49.75,2160545
2024-09-25,50.4,50.4,52.0,50.2,50.2,1568473
2024-09-26,51.0,51.0,51.5,50.5,50.5,1255475
2024-09-27,50.4,50.4,51.0,50.3,51.0,918792
2024-09-30,49.8,49.8,50.7,49.65,50.5,972385
2024-10-01,49.8,49.8,50.0,49.25,49.8,1178053
2024-10-04,49.1,49.1,50.9,48.7,50.9,1771821
2024-10-07,50.0,50.0,50.2,49.0,49.0,682253
2024-10-08,49.65,49.65,50.1,48.85,49.8,714559
2024-10-09,48.75,48.75,50.1,48.25,50.1,1478128
2024-10-11,48.85,48.85,49.6,48.6,49.6,650085
2024-10-14,49.65,49.65,50.1,48.65,49.05,572983
2024-10-15,51.0,51.0,51.6,49.55,49.7,1369566
2024-10-16,49.45,49.45,50.9,49.05,50.9,1597496
2024-10-17,49.3,49.3,49.85,49.1,49.85,425203
2024-10-18,49.7,49.7,49.9,49.25,49.7,594903
2024-10-21,49.7,49.7,50.1,49.45,50.0,544875
2024-10-22,49.9,49.9,50.0,49.35,50.0,430579
2024-10-23,49.9,49.9,50.4,49.65,50.0,492604
2024-10-24,49.85,49.85,50.3,49.4,49.9,606267
2024-10-25,49.85,49.85,49.95,49.6,49.85,445243
2024-10-28,49.9,49.9,50.3,49.65,49.85,434540
2024-10-29,49.9,49.9,50.2,49.6,50.0,553297
2024-10-30,50.4,50.4,50.6,49.7,50.1,587893
2024-11-01,52.4,52.4,52.4,49.9,50.3,1412646
2024-11-04,50.0,50.0,52.4,50.0,52.4,1188864
2024-11-05,50.3,50.3,50.7,50.0,50.0,223371
2024-11-06,50.0,50.0,50.6,49.85,50.6,539481
2024-11-07,50.0,50.0,50.4,49.75,49.9,456295
2024-11-08,50.3,50.3,50.9,50.1,50.3,404637
2024-11-11,50.7,50.7,51.4,50.5,51.4,774344
2024-11-12,50.0,50.0,50.7,49.85,50.7,680724
2024-11-13,50.0,50.0,50.1,49.55,49.9,542280
2024-11-14,49.95,49.95,50.1,49.6,50.0,474034
2024-11-15,50.3,50.3,50.7,49.7,50.0,387654
2024-11-18,50.1,50.1,50.7,49.95,50.6,421897
2024-11-19,50.9,50.9,51.0,50.0,50.2,408705
2024-11-20,50.7,50.7,51.1,50.3,50.9,497582
2024-11-21,55.7,55.7,55.7,51.7,52.0,4541266
2024-11-22,56.0,56.0,56.9,54.4,55.6,4675260
2024-11-25,57.8,57.8,58.0,55.5,56.5,2958466
2024-11-26,57.2,57.2,57.6,55.5,57.6,1754291
2024-11-27,54.5,54.5,56.7,54.3,56.6,2074897
2024-11-28,53.0,53.0,54.8,52.6,54.5,1340779
2024-11-29,53.6,53.6,54.0,52.4,53.4,671005
2024-12-02,53.0,53.0,55.4,53.0,53.6,882189
2024-12-03,53.2,53.2,53.7,52.9,53.4,479593
2024-12-04,53.3,53.3,54.8,52.7,53.5,932775
2024-12-05,51.5,51.5,53.4,51.3,53.3,1271969
2024-12-06,53.5,53.5,53.6,51.4,51.6,579428
2024-12-09,52.9,52.9,54.0,52.6,54.0,577061
2024-12-10,52.4,52.4,53.5,52.2,52.9,326891
2024-12-11,52.0,52.0,52.4,51.7,52.4,512348
2024-12-12,51.7,51.7,53.2,51.7,52.0,367526
2024-12-13,50.5,50.5,52.3,50.4,51.5,815578
2024-12-16,51.0,51.0,52.0,50.5,51.0,997241
2024-12-17,50.2,50.2,51.2,50.1,51.1,731341
2024-12-18,50.3,50.3,50.8,49.7,50.4,502226
2024-12-19,50.0,50.0,50.2,49.75,49.95,717162
2024-12-20,50.0,50.0,51.3,49.7,50.4,1240994
2024-12-23,51.4,51.4,51.9,50.6,50.6,571121
2024-12-24,52.3,52.3,53.5,51.5,51.5,495710
2024-12-25,52.1,52.1,53.3,52.0,53.3,259965
2024-12-26,52.1,52.1,52.4,51.9,52.2,159598
2024-12-27,52.0,52.0,52.4,51.5,52.1,201733
2024-12-30,53.8,53.8,54.2,52.0,52.3,790670
2024-12-31,53.0,53.0,53.8,52.3,53.8,515194
2025-01-02,52.5,52.5,53.0,52.1,52.7,403830
2025-01-03,52.0,52.0,53.0,51.5,52.9,457348
2025-01-06,53.1,53.1,53.4,52.0,52.7,427249
2025-01-07,52.4,52.4,53.4,52.0,53.4,304487
2025-01-08,52.6,52.6,52.6,51.9,52.2,193819
2025-01-09,52.3,52.3,52.9,52.1,52.2,267624
2025-01-10,52.1,52.1,52.5,51.6,52.2,316870
2025-01-13,51.2,51.2,52.0,50.5,51.9,738325
2025-01-14,50.8,50.8,51.8,50.7,51.1,341891
2025-01-15,51.4,51.4,51.8,51.1,51.5,225741
2025-01-16,52.5,52.5,52.6,51.8,52.2,427607
2025-01-17,51.9,51.9,52.8,51.8,52.5,409042
2025-01-20,53.0,53.0,53.3,51.9,52.0,522834
2025-01-21,52.6,52.6,53.4,52.2,53.4,293018
2025-01-22,53.3,53.3,53.3,52.5,53.2,473369
2025-02-03,53.5,53.5,54.4,53.0,53.3,550651
2025-02-04,52.9,52.9,54.1,52.3,54.1,359200
2025-02-05,52.0,52.0,54.0,51.7,53.8,503052
2025-02-06,51.8,51.8,52.6,51.8,52.1,223696
2025-02-07,52.3,52.3,52.3,51.4,51.8,309129
2025-02-10,53.0,53.0,53.3,51.6,52.3,550717
2025-02-11,52.8,52.8,53.7,52.5,53.0,400306
2025-02-12,52.2,52.2,53.0,52.0,53.0,476008
2025-02-13,52.7,52.7,53.2,52.5,52.7,358569
2025-02-14,52.6,52.6,53.0,52.3,52.5,568085
2025-02-17,53.0,53.0,53.2,52.2,53.0,667769
2025-02-18,52.8,52.8,53.7,52.6,53.0,666024
2025-02-19,52.8,52.8,53.1,52.5,52.8,398383
2025-02-20,53.9,53.9,54.3,52.8,52.8,1443572
2025-02-21,56.0,56.0,56.3,53.8,54.4,1299607
2025-02-24,56.0,56.0,56.5,55.4,56.0,986508
2025-02-25,55.0,55.0,55.7,54.5,55.5,905500
2025-02-26,54.1,54.1,54.8,53.9,54.8,630814
2025-02-27,53.9,53.9,55.0,53.4,54.5,660159
2025-03-03,53.9,53.9,54.4,53.4,54.0,420997
2025-03-04,54.0,54.0,54.0,53.2,53.6,296421
2025-03-05,53.7,53.7,54.7,53.2,53.3,395214
2025-03-06,54.2,54.2,54.2,53.6,53.9,303035
2025-03-07,54.3,54.3,55.2,54.1,54.7,493534
2025-03-10,55.9,55.9,56.2,54.2,54.2,1318321
2025-03-11,56.3,56.3,56.8,54.6,55.0,1197368
2025-03-12,60.6,60.6,61.4,57.0,60.3,3903871
2025-03-13,62.0,62.0,64.5,61.1,61.2,4056745
2025-03-14,62.0,62.0,62.4,61.0,62.3,1285910
2025-03-17,63.1,63.1,64.0,61.0,62.0,1411119
2025-03-18,64.8,64.8,64.9,62.9,63.9,1382794
2025-03-19,65.0,65.0,66.3,64.3,65.0,2088298
2025-03-20,67.0,67.0,67.0,64.9,64.9,1759521
2025-03-21,68.1,68.1,68.9,67.0,67.2,2129855
2025-03-24,68.3,68.3,70.2,68.0,68.1,2488718
2025-03-25,68.0,68.0,69.4,67.5,69.3,1320371
2025-03-26,68.5,68.5,69.2,68.0,68.0,1244711
2025-03-27,67.7,67.7,68.4,66.5,68.4,1721040
2025-03-28,65.7,65.7,67.6,65.5,67.6,1706251
2025-03-31,63.0,63.0,64.9,62.8,64.6,2136218
2025-04-01,63.6,63.6,65.9,63.0,64.5,1752968
2025-04-02,63.1,63.1,64.4,62.4,64.4,732918
2025-04-07,56.8,56.8,56.8,56.8,56.8,362868
2025-04-08,56.4,56.4,56.8,52.9,53.0,2503023
2025-04-09,53.7,53.7,56.4,53.7,55.1,1899697
2025-04-10,59.0,59.0,59.0,58.4,59.0,643786
2025-04-11,59.9,59.9,60.0,56.7,59.8,1345189
2025-04-14,60.7,60.7,60.9,59.1,60.7,1587667
2025-04-15,62.7,62.7,63.8,61.0,61.3,1281206
2025-04-16,63.0,63.0,63.9,62.3,62.3,1007173
2025-04-17,62.9,62.9,63.4,62.4,63.0,705007
2025-04-18,63.5,63.5,63.5,61.1,63.2,1278830
2025-04-21,64.1,64.1,65.4,62.4,63.5,1572541
2025-04-22,62.4,62.4,64.0,60.0,62.7,2265009
2025-04-23,64.1,64.1,64.4,62.8,63.2,1562957
2025-04-24,63.2,63.2,65.0,62.6,65.0,1333222
2025-04-25,61.4,61.4,64.1,61.4,63.7,1151730
2025-04-28,61.6,61.6,62.0,60.5,62.0,706797
2025-04-29,62.2,62.2,62.5,61.2,61.7,632872
2025-04-30,60.8,60.8,62.0,60.7,62.0,781562
2025-05-02,62.6,62.6,62.8,60.3,60.9,819428
2025-05-05,63.1,63.1,65.5,63.0,63.6,1543439
2025-05-06,63.8,63.8,64.1,63.1,63.1,652730
2025-05-07,64.0,64.0,65.2,63.4,64.2,1048154
2025-05-08,62.7,62.7,64.7,62.6,64.7,774621
2025-05-09,62.6,62.6,63.2,62.0,63.0,646056
2025-05-12,62.0,62.0,63.6,61.9,63.6,619606
2025-05-13,61.6,61.6,63.3,61.6,63.3,725815
2025-05-14,61.6,61.6,62.3,61.3,61.8,654734
2025-05-15,61.1,61.1,62.6,61.1,61.8,675242
2025-05-16,62.6,62.6,63.2,61.0,61.7,633976
2025-05-19,61.9,61.9,63.4,61.6,63.4,456920
2025-05-20,62.3,62.3,63.0,61.9,62.5,549505
2025-05-21,63.0,63.0,63.0,62.5,62.6,316029
2025-05-22,62.5,62.5,62.9,62.3,62.6,200016
2025-05-23,62.0,62.0,62.9,62.0,62.5,222042
2025-05-26,63.5,63.5,63.6,62.1,62.1,715557
2025-05-27,61.9,61.9,64.0,61.9,63.0,767496
2025-05-28,61.1,61.1,62.0,60.7,62.0,797765
2025-05-29,60.9,60.9,61.7,60.7,61.3,546580
2025-06-02,60.6,60.6,61.7,60.2,61.4,610751
2025-06-03,61.0,61.0,61.4,60.5,61.0,387106
2025-06-04,61.1,61.1,61.9,60.7,61.0,295813
2025-06-05,60.6,60.6,61.4,60.3,60.7,382597
2025-06-06,61.4,61.4,61.4,60.6,60.6,290397
2025-06-09,61.5,61.5,61.9,60.8,61.4,307489
2025-06-10,62.5,62.5,63.4,62.0,62.0,927760
2025-06-11,61.9,61.9,63.2,61.5,63.2,449838
2025-06-12,61.8,61.8,62.1,61.5,61.9,226189
2025-06-13,62.0,62.0,62.1,61.1,61.2,363473
2025-06-16,61.7,61.7,62.4,61.1,62.4,523486
2025-06-17,62.2,62.2,62.2,61.3,62.2,471532
2025-06-18,62.5,62.5,63.0,61.5,61.5,369653
2025-06-19,61.9,61.9,62.3,61.6,61.8,473641
2025-06-20,61.9,61.9,62.5,61.7,61.9,3297266
2025-06-23,62.0,62.0,62.1,60.9,61.9,477051
2025-06-24,62.1,62.1,63.5,62.1,62.5,541068
2025-06-25,62.2,62.2,62.7,61.7,62.0,453444
2025-06-26,63.8,63.8,63.8,62.3,62.6,966497
2025-06-27,64.7,64.7,65.0,63.3,64.0,1153532
2025-06-30,66.5,66.5,66.5,64.4,64.7,1293914
2025-07-01,68.5,68.5,68.5,66.0,66.0,1709595
2025-07-02,66.4,66.4,69.0,66.1,69.0,1108228
2025-07-03,66.1,66.1,67.2,66.0,66.8,471678
2025-07-04,65.4,65.4,66.1,64.9,66.1,459282
2025-07-07,65.4,65.4,65.9,65.0,65.4,370797
2025-07-08,63.1,63.1,65.4,63.1,65.4,677850
2025-07-09,63.1,63.1,63.6,62.3,63.0,401333
2025-07-10,63.0,63.0,63.4,62.5,62.5,290234
2025-07-11,63.0,63.0,64.3,62.8,62.8,442061
2025-07-14,63.2,63.2,63.5,62.8,63.0,354505
2025-07-15,63.3,63.3,63.5,62.9,63.2,340062
2025-07-16,62.9,62.9,63.9,62.9,63.3,657866
2025-07-17,63.8,63.8,64.3,62.9,62.9,615059
2025-07-18,63.9,63.9,64.2,63.3,64.2,578407
2025-07-21,64.7,64.7,65.6,64.0,64.1,652081
2025-07-22,65.4,65.4,65.9,65.0,65.5,878407
2025-07-23,66.1,66.1,66.1,65.1,65.1,607979
2025-07-24,65.9,65.9,66.5,65.5,66.5,388126
2025-07-25,66.0,66.0,66.0,65.4,65.6,280465
2025-07-28,67.0,67.0,68.0,66.0,66.0,872372
2025-07-29,66.9,66.9,67.3,66.3,67.2,577600
2025-07-30,66.7,66.7,67.0,65.8,65.8,396018
2025-07-31,65.1,65.1,66.8,64.7,66.8,845546
2025-08-01,65.7,65.7,66.0,64.6,64.7,396279
2025-08-04,66.6,66.6,67.5,64.8,64.9,635637
2025-08-05,66.8,66.8,67.5,66.0,66.6,484851
2025-08-06,67.7,67.7,68.8,66.6,67.4,1148758
2025-08-07,68.0,68.0,68.0,67.2,68.0,437532
2025-08-08,68.6,68.6,68.7,67.9,68.0,491269
2025-08-11,69.0,69.0,69.8,68.4,69.5,869358
2025-08-12,68.6,68.6,69.5,67.9,69.5,755666
2025-08-13,67.7,67.7,69.1,67.7,68.5,655265
2025-08-14,68.0,68.0,68.0,67.4,67.6,335265
2025-08-15,69.2,69.2,70.1,67.3,68.5,1235011
2025-08-18,68.0,68.0,69.8,67.6,69.2,839248
2025-08-19,67.1,67.1,67.8,66.9,67.5,747132
2025-08-20,65.1,65.1,67.1,63.7,67.1,1800762
2025-08-21,66.2,66.2,66.6,65.1,65.1,521483
2025-08-22,65.5,65.5,66.2,65.3,66.1,591043
2025-08-25,63.5,63.5,66.5,63.5,66.5,2404998
2025-08-26,60.8,60.8,63.0,59.7,63.0,3121727
2025-08-27,60.5,60.5,61.0,59.7,61.0,2945884
2025-08-28,50.4,50.4,51.8,50.1,51.1,3476926
2025-08-29,49.0,49.0,50.8,49.0,50.5,2454243
2025-09-01,48.05,48.05,49.2,47.5,49.2,2183912
2025-09-02,48.3,48.3,48.35,47.75,48.05,992154
2025-09-03,48.3,48.3,48.95,47.9,48.95,1189816
2025-09-04,53.1,53.1,53.1,48.45,48.9,2236920
2025-09-05,51.8,51.8,55.1,51.6,54.7,3265851
2025-09-08,50.3,50.3,51.8,50.1,51.8,1286080
2025-09-09,49.85,49.85,50.6,49.8,50.4,891056
2025-09-10,49.0,49.0,49.85,48.75,49.85,1145351
2025-09-11,48.65,48.65,49.05,48.6,49.0,995089
2025-09-12,48.75,48.75,49.4,48.55,48.8,760018
2025-09-15,49.4,49.4,49.6,48.9,49.0,638944
2025-09-16,49.85,49.85,51.0,49.2,49.75,1036767
2025-09-17,50.4,50.4,50.7,49.7,49.9,818937
2025-09-18,49.65,49.65,50.7,49.65,50.6,905198
2025-09-19,48.35,48.35,49.3,48.35,49.3,1782539
2025-09-22,48.05,48.05,48.35,48.0,48.35,829315
2025-09-23,48.0,48.0,48.3,47.8,48.05,832078
2025-09-24,48.4,48.4,48.6,47.85,48.25,666704
2025-09-25,48.25,48.25,48.7,48.05,48.45,419765
2025-09-26,48.0,48.0,48.65,48.0,48.65,718319
2025-09-30,48.55,48.55,48.7,48.1,48.15,677641
2025-10-01,48.35,48.35,48.85,48.2,48.55,508668
2025-10-02,48.25,48.25,48.6,48.1,48.35,1010379
2025-10-03,47.75,47.75,48.25,47.2,48.25,2066765
2025-10-07,47.7,47.7,48.0,47.2,47.8,1170383
2025-10-08,48.1,48.1,48.5,47.5,47.65,1061764
2025-10-09,48.2,48.2,48.45,48.05,48.4,606286
2025-10-13,48.9,48.9,49.4,47.55,48.2,1189475
2025-10-14,48.95,48.95,50.3,48.7,48.7,1574212
2025-10-15,49.15,49.15,49.6,49.0,49.2,706232
2025-10-16,49.15,49.15,49.95,49.05,49.95,644106
2025-10-17,48.5,48.5,49.45,48.5,49.15,901243
2025-10-20,48.0,48.0,48.8,47.5,48.55,1628195
2025-10-21,48.35,48.35,48.65,47.95,48.2,875941
2025-10-22,49.45,49.45,49.6,48.35,48.35,1100377
2025-10-23,49.1,49.1,49.7,48.9,49.45,942020
2025-10-27,49.55,49.55,49.7,48.85,49.25,1090498
2025-10-28,49.45,49.45,49.9,49.15,49.9,496454
2025-10-29,48.9,48.9,49.35,48.8,49.35,519750
2025-10-30,48.65,48.65,49.1,48.6,48.9,528899
2025-10-31,48.15,48.15,48.75,48.15,48.75,744310
2025-11-03,47.9,47.9,48.1,47.65,48.1,965992
2025-11-04,47.9,47.9,48.45,47.85,47.9,469451
2025-11-05,48.35,48.35,48.55,47.5,47.9,497277
2025-11-06,48.2,48.2,48.5,48.0,48.35,348114
2025-11-07,48.2,48.2,48.35,47.9,48.05,308479
2025-11-10,48.05,48.05,48.2,47.7,48.2,632313
2025-11-11,47.75,47.75,48.05,47.4,48.0,1333777
2025-11-12,47.8,47.8,47.95,47.4,47.65,653896
2025-11-13,47.45,47.45,48.05,47.0,47.95,1044495
2025-11-14,47.05,47.05,47.7,46.75,47.7,985598
2025-11-17,46.15,46.15,46.85,45.85,46.85,1538062
2025-11-18,45.1,45.1,46.15,44.8,46.15,1710776
2025-11-19,43.6,43.6,45.15,43.6,45.15,1459795
2025-11-20,44.2,44.2,44.45,43.2,43.35,967262
2025-11-21,44.05,44.05,44.3,43.5,44.0,992870
2025-11-24,44.7,44.7,45.25,43.95,44.3,1083910
2025-11-25,44.55,44.55,45.0,44.0,44.95,534977
2025-11-26,44.8,44.8,45.0,44.3,44.9,518651
2025-11-27,45.65,45.65,45.65,44.7,44.7,430594
2025-11-28,46.5,46.5,46.55,45.35,45.65,759933
2025-12-01,45.7,45.7,46.5,45.05,46.5,806013
2025-12-02,45.85,45.85,45.95,45.35,45.65,315754
2025-12-03,46.55,46.55,46.6,45.7,45.85,436451
2025-12-04,47.35,47.35,47.35,46.55,46.55,478928
2025-12-05,48.05,48.05,48.1,47.25,47.45,677585
2025-12-08,47.5,47.5,48.15,46.9,48.05,749632
2025-12-09,47.6,47.6,47.6,46.95,47.5,349680
2025-12-10,48.0,48.0,48.4,47.5,47.7,657005
2025-12-11,47.85,47.85,48.0,47.0,48.0,542344
2025-12-12,47.8,47.8,48.1,47.55,48.05,336744
2025-12-15,48.0,48.0,48.3,47.1,47.85,535778
2025-12-16,47.9,47.9,48.15,47.1,47.1,604722
2025-12-17,48.0,48.0,48.7,48.0,48.2,919856
2025-12-18,47.65,47.65,48.65,47.45,48.65,520878
2025-12-19,48.5,48.5,48.6,47.65,47.65,837155
2025-12-22,48.0,48.0,48.55,47.7,48.55,682007
2025-12-23,48.0,48.0,48.05,47.8,48.0,286448
2025-12-24,48.35,48.35,48.9,48.1,48.1,361518
2025-12-26,48.65,48.65,49.0,48.1,48.55,380917
2025-12-29,49.35,49.35,49.65,48.9,48.95,925431
2025-12-30,48.95,48.95,49.35,48.8,49.35,301285
2025-12-31,48.5,48.5,48.95,48.1,48.95,553798
2026-01-02,48.0,48.0,48.5,47.75,48.5,602489
2026-01-05,47.4,47.4,47.9,47.0,47.9,975129
2026-01-06,47.5,47.5,47.85,47.15,47.85,610105
2026-01-07,47.05,47.05,47.6,47.0,47.5,677064
2026-01-08,47.7,47.7,47.95,47.05,47.1,612516
2026-01-09,48.2,48.2,48.3,47.75,47.9,522056
2026-01-12,48.35,48.35,48.7,47.85,48.7,484482
2026-01-13,48.35,48.35,48.95,47.9,48.95,425891
2026-01-14,49.3,49.3,49.3,48.35,48.35,654803
2026-01-15,48.6,48.6,49.6,48.6,49.35,517143
2026-01-16,47.9,47.9,48.9,47.6,48.9,960872
2026-01-19,48.15,48.15,48.4,47.45,47.6,562537
2026-01-20,48.0,48.0,48.6,47.95,48.5,498731
2026-01-21,48.65,48.65,48.7,47.7,48.0,901096
2026-01-22,49.3,49.3,49.95,48.65,48.65,894108
2026-01-23,48.3,48.3,49.35,48.3,49.35,526669
2026-01-26,48.0,48.0,48.3,47.75,48.3,456027
2026-01-27,47.75,47.75,48.2,47.55,48.05,875600
2026-01-28,48.0,48.0,48.15,47.65,48.15,457473
2026-01-29,48.05,48.05,48.2,47.65,47.8,809259
2026-01-30,47.4,47.4,48.0,47.2,47.8,897116
2026-02-02,46.55,46.55,47.4,46.2,47.4,969283
2026-02-03,46.6,46.6,47.0,45.35,46.75,980473
2026-02-04,47.0,47.0,47.3,46.4,46.6,446082
2026-02-05,47.5,47.5,47.65,46.8,47.0,474310
2026-02-06,47.9,47.9,48.05,46.7,47.1,785721
2026-02-09,47.7,47.7,48.0,47.25,48.0,573140
2026-02-10,48.5,48.5,48.5,47.75,47.75,1008288
2026-02-11,48.55,48.55,48.6,46.8,47.8,1275077
2026-02-23,49.55,49.55,50.0,48.7,48.7,1523291
2026-02-24,49.5,49.5,49.7,48.9,49.55,1177226
2026-02-25,49.25,49.25,49.6,48.75,49.5,732076
2026-02-26,49.0,49.0,49.9,48.6,49.9,984260
2026-03-02,50.0,50.0,50.0,48.55,49.25,1002685
2026-03-03,49.05,49.05,49.95,48.7,49.95,909569
2026-03-04,48.0,48.0,48.3,47.5,48.2,931778
2026-03-05,48.6,48.6,49.0,48.15,48.75,428666
2026-03-06,49.6,49.6,49.7,48.25,48.5,639120
2026-03-09,48.0,48.0,48.8,47.6,47.6,1018898
2026-03-10,49.0,49.0,49.45,48.1,49.45,492098
2026-03-11,48.6,48.6,50.5,48.0,50.5,1804766
2026-03-12,48.0,48.0,48.35,47.3,48.0,1343406
2026-03-13,47.8,47.8,47.95,47.05,47.5,1447737
2026-03-16,48.75,48.75,48.95,47.55,48.4,830715
2026-03-17,49.65,49.65,49.65,48.45,48.45,865937
2026-03-18,48.75,48.75,50.2,48.6,49.65,1151146
2026-03-19,48.25,48.25,48.8,48.0,48.4,580263
2026-03-20,48.15,48.15,49.65,48.1,48.55,663887
2026-03-23,47.7,47.7,48.0,47.2,47.4,1016114
2026-03-24,47.8,47.8,47.95,47.5,47.85,559860
2026-03-25,48.7,48.7,49.15,48.0,49.15,437246
2026-03-26,48.5,48.5,49.15,48.35,49.0,549511
2026-03-27,48.5,48.5,48.6,48.25,48.5,412966
2026-03-30,48.0,48.0,48.45,47.6,47.6,562925
2026-03-31,47.9,47.9,48.25,47.65,47.85,540486
2026-04-01,47.9,47.9,48.35,47.75,48.35,471044
2026-04-02,47.55,47.55,48.15,47.5,48.0,479018
2026-04-07,47.95,47.95,48.0,47.25,47.8,399556
2026-04-08,47.95,47.95,48.2,47.8,48.0,585436
2026-04-09,47.75,47.75,48.25,47.55,48.1,383035
2026-04-10,47.75,47.75,48.0,47.55,47.75,380183
2026-04-13,47.5,47.5,48.2,47.1,47.5,567509
2026-04-14,47.5,47.5,48.1,47.3,48.1,796519
2026-04-15,47.25,47.25,47.8,47.1,47.8,728645
2026-04-16,46.95,46.95,47.45,46.95,47.45,1120380
2026-04-17,46.7,46.7,47.15,46.45,47.15,991401
2026-04-20,45.95,45.95,46.95,45.5,46.75,1432021
2026-04-21,45.35,45.35,46.1,44.9,45.95,1311198
2026-04-22,44.8,44.8,46.3,44.55,46.3,1247750
2026-04-23,44.35,44.35,45.0,44.05,44.8,1233747
2026-04-24,43.25,43.25,44.4,43.2,44.35,1782955
2026-04-27,41.05,41.05,43.05,40.9,43.05,3174882
2026-04-28,41.25,41.25,41.5,40.15,41.5,1632261
2026-04-29,41.5,41.5,41.6,40.6,41.4,1036040
2026-04-30,41.0,41.0,41.6,40.95,41.6,973020
2026-05-04,40.3,40.3,41.2,40.25,41.0,1430351
2026-05-05,39.9,39.9,40.25,39.6,40.2,1640891
2026-05-06,39.7,39.7,40.15,39.5,40.1,1488961
2026-05-07,39.35,39.35,39.75,39.1,39.7,1578619
2026-05-08,39.35,39.35,40.3,39.25,40.3,1166771
2026-05-11,39.75,39.75,39.8,38.6,39.4,1778340
2026-05-12,39.05,39.05,40.15,38.8,40.05,1322940
2026-05-13,39.3,39.3,39.35,38.7,39.25,1126558
2026-05-14,38.65,38.65,39.65,38.5,39.3,1539518
2026-05-15,38.1,38.1,38.7,37.9,38.7,1851095
2026-05-18,37.75,37.75,38.6,37.5,38.0,1168431
2026-05-19,38.15,38.15,38.6,37.65,37.75,997347
2026-05-20,38.35,38.35,38.75,37.85,38.75,775416
2026-05-21,38.4,38.4,38.7,38.15,38.7,598981
2026-05-22,38.2,38.2,38.4,38.05,38.25,645940
2026-05-25,36.6,36.6,38.2,35.95,38.2,4824459
2026-05-26,34.65,34.65,36.95,34.6,36.6,3977291
2026-05-27,33.2,33.2,34.45,33.1,34.4,4919591
2026-05-28,34.5,34.5,34.8,33.1,33.2,2917441
2026-05-29,36.6,36.6,36.6,34.35,34.65,2644964
2026-06-01,36.7,36.7,37.55,35.35,36.7,3249439
2026-06-02,36.0,36.0,36.95,35.55,36.8,1849317
2026-06-03,36.5,36.5,36.5,35.65,36.0,1112899
2026-06-04,38.15,38.15,39.85,36.95,37.3,3232967
2026-06-05,37.35,37.35,38.5,37.15,38.5,1336586
2026-06-08,36.6,36.6,37.1,35.1,35.1,1259013
2026-06-09,36.9,36.9,37.2,36.3,36.5,780331
2026-06-10,39.35,39.35,40.5,36.5,36.85,4116363
2026-06-11,38.9,38.9,39.8,37.5,39.8,3602068
2026-06-12,38.8,38.8,39.45,38.35,39.0,2048744
2026-06-15,39.0,39.0,39.4,38.35,39.4,1167175
2026-06-16,38.9,38.9,39.7,38.6,39.45,1314583
2026-06-17,39.4,39.4,39.45,38.75,39.15,891295
2026-06-18,39.95,39.95,40.25,39.15,39.8,1771484
2026-06-22,38.65,38.65,39.95,38.55,39.95,1776165
2026-06-23,38.65,38.65,38.85,38.3,38.5,1068071
2026-06-24,39.1,39.1,39.45,38.2,38.65,950165
2026-06-25,38.95,38.95,39.4,38.8,39.15,696124
2026-06-26,38.1,38.1,38.75,37.75,38.5,1140843
2026-06-29,39.3,39.3,39.3,38.4,38.95,732696
2026-06-30,38.9,38.9,39.5,38.55,39.5,878365
2026-07-01,39.25,39.25,39.4,38.55,39.15,1265544
2026-07-02,39.1,39.1,39.3,38.65,39.3,664587
2026-07-03,39.3,39.3,39.4,38.5,38.5,690232
2026-07-06,39.7,39.7,39.8,39.1,39.3,961631
2026-07-07,39.8,39.8,40.35,39.45,39.7,915059
2026-07-08,39.15,39.15,39.8,38.95,39.8,705772
2026-07-09,39.3,39.3,39.5,39.05,39.15,406586
2026-07-13,40.95,40.95,41.0,39.3,39.3,1363423
2026-07-14,40.55,40.55,41.2,40.15,41.2,1276476
2026-07-15,40.1,40.1,40.95,39.75,40.6,1453977
2026-07-16,41.2,41.2,41.4,40.1,40.1,1493740
2026-07-17,40.8,40.8,41.6,40.8,40.8,1771263
2026-07-20,40.4,40.4,41.5,39.7,41.3,1234689
2026-07-21,40.25,40.25,40.6,39.85,39.85,476620
2026-07-22,40.0,40.0,40.5,39.95,40.1,801812
2026-07-23,40.4,40.4,40.4,39.75,40.05,662230
2026-07-24,40.55,40.55,40.6,39.85,40.4,593980
2026-07-27,41.4,41.4,41.4,40.5,40.7,1063344
2026-07-28,41.15,41.15,41.45,40.65,41.45,795317
2026-07-29,42.65,42.65,43.7,41.2,41.35,4230872
2026-07-30,42.95,42.95,43.05,41.9,42.75,1426883
2026-07-31,42.65,42.65,43.3,42.25,42.95,1494398
2026-08-03,42.4,42.4,42.85,41.65,42.65,1309935
2026-08-04,41.15,41.15,41.85,40.65,41.5,1752881
2026-08-05,43.35,43.35,43.5,41.1,41.15,1874341
2026-08-06,43.1,43.1,43.55,42.5,42.85,1179650
2026-08-07,43.3,43.3,43.4,42.75,43.4,790828
2026-08-10,42.85,42.85,43.75,42.65,43.75,1108813
2026-08-11,41.55,41.55,42.5,41.1,42.5,2089345
2026-08-12,42.15,42.15,42.65,41.55,41.8,1228769
2026-08-13,41.8,41.8,42.15,41.35,42.15,1182146
2026-08-14,41.3,41.3,41.8,41.3,41.8,1009962
2026-08-17,41.3,41.3,42.0,40.8,41.3,2055466
2026-08-18,41.15,41.15,41.5,41.0,41.5,2066628
2026-08-19,41.25,41.25,41.65,40.4,41.15,3313274
2026-08-20,35.5,35.5,36.2,33.7,33.7,3299868
2026-08-21,36.1,36.1,36.1,34.75,35.45,1606623
2026-08-24,35.05,35.05,36.5,34.95,36.5,1503629
2026-08-25,34.9,34.9,35.35,34.75,35.35,995653
