Price,Adj Close,Close,High,Low,Open,Volume
Ticker,2740.TWO,2740.TWO,2740.TWO,2740.TWO,2740.TWO,2740.TWO
Date,,,,,,
2020-01-02 00:00:00,27.82524871826172,8.0,8.0,8.0,8.0,0
2020-01-03 00:00:00,29.459983825683594,8.47,8.75,7.82,8.75,1754
2020-01-06 00:00:00,28.52088165283203,8.2,9.0,8.2,9.0,1150
2020-01-07 00:00:00,27.303525924682617,7.85,7.9,7.85,7.9,575
2020-01-08 00:00:00,28.451316833496094,8.18,8.75,8.0,8.75,1437
2020-01-09 00:00:00,28.451316833496094,8.18,8.75,8.0,8.75,1437
2020-01-10 00:00:00,27.65134048461914,7.95,8.65,7.9,8.65,2300
2020-01-13 00:00:00,28.033939361572266,8.06,8.07,7.81,7.81,1158
2020-01-14 00:00:00,28.033939361572266,8.06,8.06,8.06,8.06,0
2020-01-15 00:00:00,27.82524871826172,8.0,8.06,8.0,8.06,575
2020-01-16 00:00:00,27.82524871826172,8.0,8.0,8.0,8.0,287
2020-01-17 00:00:00,27.82524871826172,8.0,8.0,8.0,8.0,287
2020-01-20 00:00:00,27.68612289428711,7.96,7.99,7.63,7.82,13809
2020-01-30 00:00:00,27.09483528137207,7.79,8.29,7.79,8.29,1725
2020-01-31 00:00:00,27.09483528137207,7.79,8.29,7.79,8.29,1726
2020-02-03 00:00:00,27.616559982299805,7.94,7.94,7.36,7.52,5175
2020-02-04 00:00:00,27.616559982299805,7.94,7.94,7.36,7.52,5175
2020-02-05 00:00:00,26.712238311767578,7.68,7.68,7.68,7.68,1150
2020-02-06 00:00:00,26.85136604309082,7.72,7.72,7.68,7.68,862
2020-02-07 00:00:00,26.85136604309082,7.72,7.72,7.68,7.68,867
2020-02-10 00:00:00,26.85136604309082,7.72,7.72,7.72,7.72,305
2020-02-11 00:00:00,27.12961769104004,7.8,7.8,7.76,7.76,1437
2020-02-12 00:00:00,28.312191009521484,8.14,8.43,7.84,8.15,1152
2020-02-13 00:00:00,28.312162399291992,15.57,15.57,15.57,15.57,0
2020-02-14 00:00:00,28.312162399291992,15.57,15.57,15.57,15.57,0
2020-02-17 00:00:00,28.312162399291992,15.57,15.57,15.57,15.57,0
2020-02-18 00:00:00,28.312162399291992,15.57,15.57,15.57,15.57,0
2020-02-19 00:00:00,28.312162399291992,15.57,15.57,15.57,15.57,0
2020-02-20 00:00:00,28.312162399291992,15.57,15.57,15.57,15.57,0
2020-02-21 00:00:00,28.312162399291992,15.57,15.57,15.57,15.57,0
2020-02-24 00:00:00,25.818180084228516,14.2,14.5,14.2,14.5,4400
2020-02-25 00:00:00,25.454544067382812,14.0,15.5,13.6,15.5,22550
2020-02-26 00:00:00,26.545454025268555,14.6,14.65,13.8,14.65,6600
2020-02-27 00:00:00,25.09090805053711,13.8,14.35,13.8,14.35,4950
2020-03-02 00:00:00,24.818180084228516,13.65,13.65,13.3,13.3,4400
2020-03-03 00:00:00,24.818180084228516,13.65,13.75,13.3,13.45,4950
2020-03-04 00:00:00,24.727272033691406,13.6,13.75,13.25,13.75,6050
2020-03-05 00:00:00,24.545454025268555,13.5,13.5,13.3,13.35,1650
2020-03-06 00:00:00,24.18181800842285,13.3,13.7,13.3,13.7,1100
2020-03-09 00:00:00,22.909090042114258,12.6,12.9,12.25,12.9,4950
2020-03-10 00:00:00,22.636362075805664,12.45,12.45,11.8,12.2,5500
2020-03-11 00:00:00,22.18181800842285,12.2,12.2,11.55,11.8,5500
2020-03-12 00:00:00,21.18181800842285,11.65,11.7,11.65,11.7,2200
2020-03-13 00:00:00,21.0,11.55,11.55,10.5,10.55,15400
2020-03-16 00:00:00,19.545454025268555,10.75,10.8,10.4,10.7,8250
2020-03-17 00:00:00,19.09090805053711,10.5,10.5,10.5,10.5,550
2020-03-18 00:00:00,18.636362075805664,10.25,10.4,10.2,10.2,4400
2020-03-19 00:00:00,18.636362075805664,10.25,10.25,10.25,10.25,550
2020-03-20 00:00:00,18.636362075805664,10.25,10.3,9.56,10.3,3850
2020-03-23 00:00:00,19.818180084228516,10.9,10.9,10.9,10.9,550
2020-03-24 00:00:00,19.363636016845703,10.65,10.65,10.05,10.1,3300
2020-03-25 00:00:00,18.818180084228516,10.35,11.0,10.1,10.65,12650
2020-03-26 00:00:00,18.636362075805664,10.25,10.25,9.85,10.1,19800
2020-03-27 00:00:00,19.0,10.45,10.45,10.45,10.45,1100
2020-03-30 00:00:00,19.09090805053711,10.5,10.5,10.5,10.5,1100
2020-03-31 00:00:00,18.909090042114258,10.4,10.75,10.1,10.75,4950
2020-04-01 00:00:00,18.363636016845703,10.1,10.15,9.7,10.1,9900
2020-04-06 00:00:00,17.672727584838867,9.72,9.81,9.33,9.81,20350
2020-04-07 00:00:00,17.381818771362305,9.56,9.56,9.54,9.55,8800
2020-04-08 00:00:00,17.10909080505371,9.41,9.75,9.41,9.56,5500
2020-04-09 00:00:00,17.618181228637695,9.69,9.71,9.37,9.42,3850
2020-04-10 00:00:00,17.27272605895996,9.5,9.65,9.32,9.47,13750
2020-04-13 00:00:00,17.618181228637695,9.69,9.69,9.69,9.69,2200
2020-04-14 00:00:00,17.96363639831543,9.88,9.88,9.56,9.7,2200
2020-04-15 00:00:00,17.96363639831543,9.88,9.88,9.55,9.6,6050
2020-04-16 00:00:00,18.0,9.9,10.0,9.88,9.88,4950
2020-04-17 00:00:00,18.27272605895996,10.05,10.05,10.0,10.0,1650
2020-04-20 00:00:00,18.18181800842285,10.0,10.05,9.73,10.05,3300
2020-04-21 00:00:00,18.363636016845703,10.1,10.1,10.05,10.05,1100
2020-04-22 00:00:00,18.0,9.9,9.9,9.78,9.78,5500
2020-04-23 00:00:00,18.18181800842285,10.0,10.2,9.66,9.66,9900
2020-04-24 00:00:00,18.27272605895996,10.05,10.05,9.81,9.81,1100
2020-04-27 00:00:00,18.27272605895996,10.05,10.05,9.83,9.83,9350
2020-04-28 00:00:00,18.27272605895996,10.05,10.05,9.7,9.7,2750
2020-04-29 00:00:00,18.363636016845703,10.1,10.1,10.0,10.05,7150
2020-04-30 00:00:00,18.363636016845703,10.1,10.3,10.1,10.3,6600
2020-05-04 00:00:00,19.18181800842285,10.55,10.6,10.5,10.55,11550
2020-05-05 00:00:00,20.18181800842285,11.1,11.1,10.6,10.6,13750
2020-05-06 00:00:00,20.18181800842285,11.1,11.1,11.0,11.1,7150
2020-05-07 00:00:00,21.818180084228516,12.0,12.0,11.9,11.9,3300
2020-05-08 00:00:00,22.363636016845703,12.3,12.3,12.2,12.2,3850
2020-05-11 00:00:00,24.545454025268555,13.5,13.5,13.5,13.5,550
2020-05-12 00:00:00,22.09090805053711,12.15,13.05,12.15,13.05,17050
2020-05-13 00:00:00,24.27272605895996,13.35,12.25,12.0,12.1,2200
2020-05-14 00:00:00,21.09090805053711,11.6,12.2,11.6,12.2,2200
2020-05-15 00:00:00,22.363636016845703,12.3,12.3,12.3,12.3,550
2020-05-18 00:00:00,23.454544067382812,12.9,13.5,12.85,12.85,12650
2020-05-19 00:00:00,22.363636016845703,12.3,13.0,12.1,13.0,23650
2020-05-20 00:00:00,23.909090042114258,13.15,13.45,12.35,12.35,26950
2020-05-21 00:00:00,23.818180084228516,13.1,13.45,12.7,13.05,9350
2020-05-22 00:00:00,23.818180084228516,13.1,13.1,13.0,13.1,4950
2020-05-25 00:00:00,25.09090805053711,13.8,14.0,13.1,13.1,9350
2020-05-26 00:00:00,25.727272033691406,14.15,14.25,13.85,13.85,7700
2020-05-27 00:00:00,28.27272605895996,15.55,15.55,15.25,15.25,10450
2020-05-28 00:00:00,31.09090805053711,17.1,17.1,16.0,16.0,81400
2020-05-29 00:00:00,34.18181610107422,18.8,18.8,18.8,18.8,56650
2020-06-01 00:00:00,37.54545211791992,20.65,20.65,20.55,20.55,48950
2020-06-02 00:00:00,41.272727966308594,22.7,22.7,22.7,22.7,22550
2020-06-03 00:00:00,45.3636360168457,24.95,24.95,24.95,24.95,22000
2020-06-04 00:00:00,49.818180084228516,27.4,27.4,27.4,27.4,18150
2020-06-05 00:00:00,50.0,27.5,30.1,24.7,30.1,174350
2020-06-08 00:00:00,47.272727966308594,26.0,30.25,25.7,30.25,33550
2020-06-09 00:00:00,42.54545211791992,23.4,24.1,23.4,24.1,16500
2020-06-10 00:00:00,38.3636360168457,21.1,23.4,21.1,23.4,33000
2020-06-11 00:00:00,36.909088134765625,20.3,20.9,19.5,20.9,19800
2020-06-12 00:00:00,36.09090805053711,19.85,20.25,19.35,20.25,7150
2020-06-15 00:00:00,35.818180084228516,19.7,19.7,19.7,19.7,2750
2020-06-16 00:00:00,38.909088134765625,21.4,21.6,19.7,19.7,12100
2020-06-17 00:00:00,42.6363639831543,23.45,23.45,21.4,21.4,18150
2020-06-18 00:00:00,45.272727966308594,24.9,25.0,23.45,23.45,7150
2020-06-19 00:00:00,41.272727966308594,22.7,25.5,22.7,25.5,24750
2020-06-22 00:00:00,39.45454406738281,21.7,22.0,20.45,20.45,32450
2020-06-23 00:00:00,37.272727966308594,20.5,21.7,20.0,21.7,26950
2020-06-24 00:00:00,38.18181610107422,21.0,21.45,20.5,20.5,13200
2020-06-29 00:00:00,40.6363639831543,22.35,22.55,21.0,21.0,8250
2020-06-30 00:00:00,44.6363639831543,24.55,24.55,22.9,22.9,75350
2020-07-01 00:00:00,44.272727966308594,24.35,26.4,24.0,25.0,66000
2020-07-02 00:00:00,42.727272033691406,23.5,25.7,23.5,25.7,33000
2020-07-03 00:00:00,43.54545211791992,23.95,24.45,23.5,23.55,15950
2020-07-06 00:00:00,44.09090805053711,24.25,24.5,24.0,24.0,10450
2020-07-07 00:00:00,42.727272033691406,23.5,24.6,22.7,24.6,14850
2020-07-08 00:00:00,41.818180084228516,23.0,23.6,23.0,23.5,13200
2020-07-09 00:00:00,40.818180084228516,22.45,23.25,22.45,22.65,9900
2020-07-10 00:00:00,38.18181610107422,21.0,22.7,20.4,21.85,18150
2020-07-13 00:00:00,39.3636360168457,21.65,21.75,21.0,21.75,7700
2020-07-14 00:00:00,38.6363639831543,21.25,21.7,20.55,20.55,4950
2020-07-15 00:00:00,38.818180084228516,21.35,21.35,21.25,21.25,6050
2020-07-16 00:00:00,39.09090805053711,21.5,21.5,21.45,21.5,13750
2020-07-17 00:00:00,38.54545211791992,21.2,21.25,21.15,21.2,7150
2020-07-20 00:00:00,38.18181610107422,21.0,21.2,21.0,21.2,1100
2020-07-21 00:00:00,41.0,22.55,22.55,21.0,21.25,16500
2020-07-22 00:00:00,39.818180084228516,21.9,22.1,21.9,22.05,6600
2020-07-23 00:00:00,39.818180084228516,21.9,21.9,21.9,21.9,550
2020-07-24 00:00:00,38.18181610107422,21.0,21.9,21.0,21.8,4950
2020-07-27 00:00:00,36.18181610107422,19.9,19.9,19.2,19.9,5500
2020-07-28 00:00:00,35.0,19.25,19.8,19.25,19.8,4400
2020-07-29 00:00:00,35.0,19.25,19.5,19.25,19.25,6600
2020-07-30 00:00:00,35.0,19.25,19.25,19.25,19.25,3300
2020-07-31 00:00:00,35.6363639831543,19.6,19.7,19.25,19.25,9900
2020-08-03 00:00:00,34.54545211791992,19.0,19.0,19.0,19.0,1100
2020-08-04 00:00:00,33.6363639831543,18.5,19.0,18.5,19.0,3850
2020-08-05 00:00:00,33.6363639831543,18.5,18.5,17.9,18.0,10450
2020-08-06 00:00:00,34.0,18.7,18.8,18.05,18.5,9900
2020-08-07 00:00:00,34.0,18.7,18.7,18.7,18.7,0
2020-08-10 00:00:00,33.909088134765625,18.65,18.65,18.1,18.6,5500
2020-08-11 00:00:00,33.727272033691406,18.55,18.55,18.2,18.2,3850
2020-08-12 00:00:00,33.09090805053711,18.2,18.3,18.2,18.3,1650
2020-08-13 00:00:00,33.0,18.15,18.2,18.15,18.2,4400
2020-08-14 00:00:00,33.09090805053711,18.2,18.2,18.2,18.2,1650
2020-08-17 00:00:00,33.18181610107422,18.25,18.25,18.25,18.25,1100
2020-08-18 00:00:00,36.09090805053711,19.85,18.3,18.3,18.3,2200
2020-08-19 00:00:00,34.3636360168457,18.9,18.9,17.9,18.85,8800
2020-08-20 00:00:00,32.909088134765625,18.1,18.1,17.5,17.85,6600
2020-08-21 00:00:00,33.727272033691406,18.55,18.55,18.1,18.1,4400
2020-08-24 00:00:00,32.727272033691406,18.0,18.55,18.0,18.55,6050
2020-08-25 00:00:00,33.0,18.15,18.2,18.15,18.15,2750
2020-08-26 00:00:00,34.18181610107422,18.8,18.8,18.15,18.15,1100
2020-08-27 00:00:00,33.09090805053711,18.2,18.2,18.2,18.2,1100
2020-08-28 00:00:00,33.09090805053711,18.2,18.2,18.2,18.2,0
2020-08-31 00:00:00,32.6363639831543,17.95,18.0,17.95,18.0,4400
2020-09-01 00:00:00,32.818180084228516,18.05,18.05,18.05,18.05,1650
2020-09-02 00:00:00,33.6363639831543,18.5,18.5,18.05,18.05,2200
2020-09-03 00:00:00,33.3636360168457,18.35,18.35,18.15,18.15,2200
2020-09-04 00:00:00,33.54545211791992,18.45,18.45,18.0,18.1,1650
2020-09-07 00:00:00,32.818180084228516,18.05,18.1,18.05,18.1,1100
2020-09-08 00:00:00,33.0,18.15,18.15,18.0,18.0,1650
2020-09-09 00:00:00,33.18181610107422,18.25,18.25,17.85,17.9,2200
2020-09-10 00:00:00,33.45454406738281,18.4,18.4,18.25,18.25,3300
2020-09-11 00:00:00,33.09090805053711,18.2,18.25,18.2,18.25,1650
2020-09-14 00:00:00,33.6363639831543,18.5,18.5,18.2,18.2,1100
2020-09-15 00:00:00,33.272727966308594,18.3,18.3,18.0,18.0,7150
2020-09-16 00:00:00,33.272727966308594,18.3,18.3,18.3,18.3,0
2020-09-17 00:00:00,33.272727966308594,18.3,18.3,18.25,18.25,1650
2020-09-18 00:00:00,33.272727966308594,18.3,18.3,18.3,18.3,0
2020-09-21 00:00:00,34.09090805053711,18.75,18.75,18.75,18.75,550
2020-09-22 00:00:00,34.0,18.7,18.7,18.7,18.7,1100
2020-09-23 00:00:00,32.818180084228516,18.05,18.05,18.0,18.0,3300
2020-09-24 00:00:00,32.3636360168457,17.8,17.8,17.7,17.7,1100
2020-09-25 00:00:00,32.6363639831543,17.95,17.95,17.3,17.8,7150
2020-09-28 00:00:00,32.727272033691406,18.0,18.0,17.7,17.7,2750
2020-09-29 00:00:00,32.727272033691406,18.0,18.0,18.0,18.0,3850
2020-09-30 00:00:00,33.3636360168457,18.35,18.35,18.35,18.35,550
2020-10-05 00:00:00,33.3636360168457,18.35,18.35,18.35,18.35,0
2020-10-06 00:00:00,34.45454406738281,18.95,18.95,18.35,18.35,4950
2020-10-07 00:00:00,34.3636360168457,18.9,18.9,18.3,18.3,1100
2020-10-08 00:00:00,33.818180084228516,18.6,18.6,18.1,18.1,2750
2020-10-12 00:00:00,32.727272033691406,18.0,18.2,17.55,18.0,8250
2020-10-13 00:00:00,32.727272033691406,18.0,18.0,18.0,18.0,0
2020-10-14 00:00:00,32.727272033691406,18.0,18.0,18.0,18.0,0
2020-10-15 00:00:00,32.6363639831543,17.95,17.95,17.5,17.5,1100
2020-10-16 00:00:00,32.3636360168457,17.8,18.0,17.8,18.0,2200
2020-10-19 00:00:00,31.818180084228516,17.5,17.5,17.5,17.5,1100
2020-10-20 00:00:00,32.727272033691406,18.0,18.0,17.1,17.4,5500
2020-10-21 00:00:00,33.09090805053711,18.2,18.2,18.0,18.0,4950
2020-10-22 00:00:00,32.6363639831543,17.95,17.95,17.7,17.7,1100
2020-10-23 00:00:00,32.6363639831543,17.95,17.95,17.95,17.95,0
2020-10-26 00:00:00,32.6363639831543,17.95,17.95,17.95,17.95,0
2020-10-27 00:00:00,31.909090042114258,17.55,17.8,16.2,17.8,15950
2020-10-28 00:00:00,31.545454025268555,17.35,17.5,16.7,16.8,8800
2020-10-29 00:00:00,33.09090805053711,18.2,18.2,17.0,18.1,6050
2020-10-30 00:00:00,32.727272033691406,18.0,18.0,18.0,18.0,2750
2020-11-02 00:00:00,32.727272033691406,18.0,18.0,18.0,18.0,550
2020-11-03 00:00:00,32.727272033691406,18.0,18.0,18.0,18.0,0
2020-11-04 00:00:00,32.727272033691406,18.0,18.0,18.0,18.0,0
2020-11-05 00:00:00,33.18181610107422,18.25,18.25,18.25,18.25,550
2020-11-06 00:00:00,33.6363639831543,18.5,18.5,18.35,18.35,2750
2020-11-09 00:00:00,33.6363639831543,18.5,18.5,18.5,18.5,2200
2020-11-10 00:00:00,37.0,20.35,20.35,20.3,20.35,18700
2020-11-11 00:00:00,40.0,22.0,22.3,20.0,22.3,35200
2020-11-12 00:00:00,37.54545211791992,20.65,22.1,20.65,22.1,8250
2020-11-13 00:00:00,37.54545211791992,20.65,20.65,20.65,20.65,0
2020-11-16 00:00:00,37.818180084228516,20.8,22.0,20.8,22.0,4400
2020-11-17 00:00:00,37.54545211791992,20.65,20.65,20.65,20.65,3300
2020-11-18 00:00:00,37.54545211791992,20.65,20.65,20.65,20.65,0
2020-11-19 00:00:00,37.54545211791992,20.65,20.65,20.65,20.65,0
2020-11-20 00:00:00,37.54545211791992,20.65,20.65,20.65,20.65,0
2020-11-23 00:00:00,37.272727966308594,20.5,20.5,20.5,20.5,1100
2020-11-24 00:00:00,37.727272033691406,20.75,21.6,20.75,21.6,3300
2020-11-25 00:00:00,40.09090805053711,22.05,22.8,21.1,21.1,19250
2020-11-26 00:00:00,40.45454406738281,22.25,22.25,22.25,22.25,1100
2020-11-27 00:00:00,41.727272033691406,22.95,22.95,22.0,22.0,2200
2020-11-30 00:00:00,42.09090805053711,23.15,23.7,22.6,23.7,6050
2020-12-01 00:00:00,42.909088134765625,23.6,23.6,22.55,22.55,1100
2020-12-02 00:00:00,42.0,23.1,23.6,23.1,23.6,1100
2020-12-03 00:00:00,41.0,22.55,22.55,22.55,22.55,550
2020-12-04 00:00:00,40.3636360168457,22.2,22.5,22.0,22.0,2200
2020-12-07 00:00:00,38.727272033691406,21.3,22.1,20.5,22.1,3300
2020-12-08 00:00:00,38.727272033691406,21.3,21.3,21.3,21.3,0
2020-12-09 00:00:00,35.818180084228516,19.7,20.9,20.4,20.9,1650
2020-12-10 00:00:00,35.818180084228516,19.7,19.7,19.7,19.7,0
2020-12-11 00:00:00,36.727272033691406,20.2,20.2,20.2,20.2,550
2020-12-14 00:00:00,36.0,19.8,19.8,19.5,19.6,3300
2020-12-15 00:00:00,37.6363639831543,20.7,20.7,20.4,20.4,1100
2020-12-16 00:00:00,37.6363639831543,20.7,20.95,20.7,20.95,1100
2020-12-17 00:00:00,37.6363639831543,20.7,20.7,20.7,20.7,0
2020-12-18 00:00:00,36.09090805053711,19.85,20.0,19.75,20.0,1650
2020-12-21 00:00:00,36.09090805053711,19.85,19.85,19.85,19.85,0
2020-12-22 00:00:00,36.18181610107422,19.9,19.9,19.9,19.9,550
2020-12-23 00:00:00,36.18181610107422,19.9,19.9,19.9,19.9,0
2020-12-24 00:00:00,35.909088134765625,19.75,19.75,18.8,19.05,2200
2020-12-25 00:00:00,36.3636360168457,20.0,20.0,19.0,19.05,6600
2020-12-28 00:00:00,35.54545211791992,19.55,19.55,19.1,19.55,3850
2020-12-29 00:00:00,35.54545211791992,19.55,19.55,19.55,19.55,0
2020-12-30 00:00:00,35.54545211791992,19.55,19.55,19.55,19.55,0
2020-12-31 00:00:00,35.54545211791992,19.55,19.55,19.55,19.55,0
2021-01-04 00:00:00,35.54545211791992,19.55,19.55,19.55,19.55,0
2021-01-05 00:00:00,35.272727966308594,19.4,19.6,19.4,19.55,2200
2021-01-06 00:00:00,35.3636360168457,19.45,19.45,18.8,19.0,3850
2021-01-07 00:00:00,34.818180084228516,19.15,19.15,18.55,19.0,1650
2021-01-08 00:00:00,34.818180084228516,19.15,19.15,19.15,19.15,0
2021-01-11 00:00:00,32.909088134765625,18.1,18.1,17.6,17.6,4400
2021-01-12 00:00:00,32.909088134765625,18.1,18.1,18.05,18.05,5500
2021-01-13 00:00:00,32.818180084228516,18.05,18.05,17.6,17.75,3300
2021-01-14 00:00:00,32.818180084228516,18.05,18.05,17.25,17.6,2750
2021-01-15 00:00:00,32.818180084228516,18.05,18.05,17.25,17.55,2750
2021-01-18 00:00:00,32.818180084228516,18.05,18.05,18.05,18.05,0
2021-01-19 00:00:00,31.454544067382812,17.3,17.3,16.65,16.65,3850
2021-01-20 00:00:00,32.09090805053711,17.65,17.65,16.7,16.7,2200
2021-01-21 00:00:00,32.727272033691406,18.0,18.0,18.0,18.0,550
2021-01-22 00:00:00,32.727272033691406,18.0,18.0,18.0,18.0,0
2021-01-25 00:00:00,32.09090805053711,17.65,17.65,16.7,16.7,2750
2021-01-26 00:00:00,30.909090042114258,17.0,17.05,16.95,17.05,3300
2021-01-27 00:00:00,31.18181800842285,17.15,17.15,16.9,17.0,2200
2021-01-28 00:00:00,32.6363639831543,17.95,17.95,17.95,17.95,550
2021-01-29 00:00:00,32.09090805053711,17.65,17.65,17.65,17.65,1100
2021-02-01 00:00:00,31.818180084228516,17.5,17.6,17.0,17.6,4400
2021-02-02 00:00:00,33.272727966308594,18.3,18.3,17.4,18.15,7150
2021-02-03 00:00:00,34.18181610107422,18.8,18.8,18.3,18.3,7150
2021-02-04 00:00:00,34.45454406738281,18.95,18.95,18.95,18.95,550
2021-02-05 00:00:00,34.09090805053711,18.75,18.75,18.7,18.7,1100
2021-02-17 00:00:00,34.727272033691406,19.1,19.1,19.05,19.05,4950
2021-02-18 00:00:00,36.0,19.8,19.8,18.7,18.7,1100
2021-02-19 00:00:00,36.272727966308594,19.95,19.95,19.05,19.8,4400
2021-02-22 00:00:00,39.727272033691406,21.85,21.85,19.95,19.95,12100
2021-02-23 00:00:00,38.3636360168457,21.1,21.1,21.0,21.0,1650
2021-02-24 00:00:00,39.18181610107422,21.55,22.75,21.55,22.75,1650
2021-02-25 00:00:00,39.45454406738281,21.7,21.7,21.7,21.7,550
2021-02-26 00:00:00,39.45454406738281,21.7,21.7,21.7,21.7,0
2021-03-02 00:00:00,39.3636360168457,21.65,21.65,21.05,21.6,12650
2021-03-03 00:00:00,39.6363639831543,21.8,21.8,21.05,21.05,5500
2021-03-04 00:00:00,39.6363639831543,21.8,21.8,21.8,21.8,550
2021-03-05 00:00:00,38.3636360168457,21.1,21.3,21.1,21.3,4400
2021-03-08 00:00:00,39.09090805053711,21.5,21.5,21.0,21.0,1650
2021-03-09 00:00:00,39.09090805053711,21.5,21.5,21.0,21.5,4950
2021-03-10 00:00:00,39.272727966308594,21.6,21.6,21.6,21.6,550
2021-03-11 00:00:00,39.818180084228516,21.9,21.9,21.05,21.05,1100
2021-03-12 00:00:00,40.3636360168457,22.2,22.4,22.2,22.4,1650
2021-03-15 00:00:00,41.6363639831543,22.9,22.9,22.75,22.9,3300
2021-03-16 00:00:00,41.6363639831543,22.9,22.9,22.9,22.9,0
2021-03-17 00:00:00,41.3636360168457,22.75,22.75,22.75,22.75,550
2021-03-18 00:00:00,41.09090805053711,22.6,22.6,22.0,22.0,1100
2021-03-19 00:00:00,38.727272033691406,21.3,22.05,21.3,22.05,1650
2021-03-22 00:00:00,40.09090805053711,22.05,22.05,22.05,22.05,550
2021-03-23 00:00:00,40.09090805053711,22.05,22.05,22.05,22.05,550
2021-03-24 00:00:00,40.0,22.0,22.0,22.0,22.0,550
2021-03-25 00:00:00,40.0,22.0,22.0,22.0,22.0,0
2021-03-26 00:00:00,39.727272033691406,21.85,21.85,20.8,20.8,1100
2021-03-29 00:00:00,39.818180084228516,21.9,21.9,20.75,21.0,2750
2021-03-30 00:00:00,39.6363639831543,21.8,21.8,20.9,20.9,3850
2021-03-31 00:00:00,39.6363639831543,21.8,21.8,21.8,21.8,550
2021-04-01 00:00:00,39.3636360168457,21.65,21.75,21.65,21.75,1100
2021-04-07 00:00:00,38.272727966308594,21.05,21.05,21.05,21.05,550
2021-04-08 00:00:00,38.0,20.9,20.9,20.1,20.1,3850
2021-04-09 00:00:00,39.45454406738281,21.7,22.0,20.95,20.95,7150
2021-04-12 00:00:00,39.909088134765625,21.95,21.95,21.7,21.7,2200
2021-04-13 00:00:00,39.909088134765625,21.95,21.95,21.95,21.95,550
2021-04-14 00:00:00,39.909088134765625,21.95,21.95,21.7,21.95,1650
2021-04-15 00:00:00,39.909088134765625,21.95,21.95,21.95,21.95,1100
2021-04-16 00:00:00,39.909088134765625,21.95,21.95,21.95,21.95,0
2021-04-19 00:00:00,39.909088134765625,21.95,21.95,21.2,21.2,2200
2021-04-20 00:00:00,39.6363639831543,21.8,22.05,21.5,22.0,3850
2021-04-21 00:00:00,39.6363639831543,21.8,21.8,21.0,21.15,2750
2021-04-22 00:00:00,39.6363639831543,21.8,22.5,21.55,22.5,6050
2021-04-23 00:00:00,39.09090805053711,21.5,21.8,21.35,21.8,3850
2021-04-26 00:00:00,39.09090805053711,21.5,21.5,21.5,21.5,0
2021-04-27 00:00:00,40.54545211791992,22.3,22.3,22.25,22.25,1100
2021-04-28 00:00:00,40.727272033691406,22.4,22.4,22.3,22.3,1100
2021-04-29 00:00:00,40.909088134765625,22.5,22.5,22.2,22.4,4400
2021-05-03 00:00:00,40.909088134765625,22.5,22.5,22.5,22.5,3300
2021-05-04 00:00:00,40.909088134765625,22.5,22.5,22.5,22.5,0
2021-05-05 00:00:00,40.909088134765625,22.5,22.5,22.5,22.5,1100
2021-05-06 00:00:00,41.818180084228516,23.0,23.0,23.0,23.0,550
2021-05-07 00:00:00,41.818180084228516,23.0,23.0,22.5,22.5,1100
2021-05-10 00:00:00,41.45454406738281,22.8,23.0,22.8,23.0,1100
2021-05-11 00:00:00,41.818180084228516,23.0,23.0,20.55,22.8,7150
2021-05-12 00:00:00,41.818180084228516,23.0,23.0,21.0,22.0,4950
2021-05-13 00:00:00,41.818180084228516,23.0,23.0,22.8,23.0,5500
2021-05-14 00:00:00,41.09090805053711,22.6,23.0,22.6,23.0,1650
2021-05-17 00:00:00,38.18181610107422,21.0,21.9,20.5,21.9,4950
2021-05-18 00:00:00,36.909088134765625,20.3,20.3,20.3,20.3,550
2021-05-19 00:00:00,36.909088134765625,20.3,20.3,20.3,20.3,0
2021-05-20 00:00:00,36.909088134765625,20.3,20.3,20.3,20.3,0
2021-05-21 00:00:00,36.909088134765625,20.3,20.3,20.3,20.3,0
2021-05-24 00:00:00,36.909088134765625,20.3,20.3,20.3,20.3,0
2021-05-25 00:00:00,37.09090805053711,20.4,20.4,20.4,20.4,550
2021-05-26 00:00:00,37.09090805053711,20.4,20.4,20.4,20.4,0
2021-05-27 00:00:00,40.727272033691406,22.4,22.4,18.65,18.65,1100
2021-05-28 00:00:00,39.6363639831543,21.8,22.4,21.0,21.0,5500
2021-05-31 00:00:00,39.272727966308594,21.6,21.8,21.6,21.8,1650
2021-06-01 00:00:00,43.18181610107422,23.75,23.75,23.75,23.75,550
2021-06-02 00:00:00,43.18181610107422,23.75,23.75,23.75,23.75,0
2021-06-03 00:00:00,41.727272033691406,22.95,22.95,21.8,21.8,1100
2021-06-04 00:00:00,41.727272033691406,22.95,22.95,22.95,22.95,0
2021-06-07 00:00:00,40.3636360168457,22.2,22.2,22.0,22.0,1100
2021-06-08 00:00:00,40.0,22.0,22.0,22.0,22.0,550
2021-06-09 00:00:00,40.0,22.0,22.0,22.0,22.0,0
2021-06-10 00:00:00,40.0,22.0,22.0,22.0,22.0,0
2021-06-11 00:00:00,40.18181610107422,22.1,22.5,22.1,22.5,1100
2021-06-15 00:00:00,40.909088134765625,22.5,22.5,22.0,22.0,2750
2021-06-16 00:00:00,40.909088134765625,22.5,22.5,22.5,22.5,0
2021-06-17 00:00:00,40.909088134765625,22.5,22.5,22.0,22.0,1100
2021-06-18 00:00:00,40.909088134765625,22.5,22.5,22.5,22.5,0
2021-06-21 00:00:00,40.54545211791992,22.3,22.3,22.3,22.3,550
2021-06-22 00:00:00,40.54545211791992,22.3,22.3,22.3,22.3,0
2021-06-23 00:00:00,40.0,22.0,22.0,22.0,22.0,550
2021-06-24 00:00:00,39.09090805053711,21.5,21.5,20.0,21.5,48950
2021-06-25 00:00:00,39.09090805053711,21.5,22.1,21.5,22.1,1100
2021-06-28 00:00:00,42.6363639831543,23.45,23.65,23.45,23.6,2200
2021-06-29 00:00:00,42.6363639831543,23.45,23.45,23.45,23.45,0
2021-06-30 00:00:00,42.6363639831543,23.45,23.45,23.45,23.45,1100
2021-07-01 00:00:00,42.727272033691406,23.5,23.5,23.5,23.5,2200
2021-07-02 00:00:00,42.727272033691406,23.5,23.5,23.5,23.5,0
2021-07-05 00:00:00,42.727272033691406,23.5,23.5,23.5,23.5,0
2021-07-06 00:00:00,42.727272033691406,23.5,23.5,23.5,23.5,0
2021-07-07 00:00:00,42.727272033691406,23.5,23.5,23.5,23.5,1650
2021-07-08 00:00:00,41.818180084228516,23.0,23.0,23.0,23.0,550
2021-07-09 00:00:00,42.09090805053711,23.15,23.15,23.15,23.15,550
2021-07-12 00:00:00,42.09090805053711,23.15,23.15,23.15,23.15,550
2021-07-13 00:00:00,41.818180084228516,23.0,23.2,23.0,23.2,1100
2021-07-14 00:00:00,41.818180084228516,23.0,23.0,23.0,23.0,0
2021-07-15 00:00:00,41.818180084228516,23.0,23.0,23.0,23.0,6050
2021-07-16 00:00:00,41.818180084228516,23.0,23.0,23.0,23.0,0
2021-07-19 00:00:00,41.818180084228516,23.0,23.0,23.0,23.0,0
2021-07-20 00:00:00,42.727272033691406,23.5,23.6,23.5,23.6,2200
2021-07-21 00:00:00,42.727272033691406,23.5,23.5,23.5,23.5,0
2021-07-22 00:00:00,40.909088134765625,22.5,22.5,22.5,22.5,550
2021-07-23 00:00:00,42.727272033691406,23.5,23.6,23.45,23.6,3300
2021-07-26 00:00:00,41.818180084228516,23.0,23.5,23.0,23.5,2750
2021-07-27 00:00:00,38.818180084228516,21.35,21.5,21.35,21.5,1100
2021-07-28 00:00:00,41.818180084228516,23.0,23.0,23.0,23.0,1100
2021-07-29 00:00:00,41.818180084228516,23.0,23.0,23.0,23.0,0
2021-07-30 00:00:00,40.727272033691406,22.4,22.4,22.4,22.4,550
2021-08-02 00:00:00,40.727272033691406,22.4,22.4,22.4,22.4,1100
2021-08-03 00:00:00,40.909088134765625,22.5,22.5,22.5,22.5,550
2021-08-04 00:00:00,40.727272033691406,22.4,22.4,22.4,22.4,550
2021-08-05 00:00:00,40.727272033691406,22.4,22.4,22.4,22.4,0
2021-08-06 00:00:00,40.54545211791992,22.3,22.3,22.3,22.3,550
2021-08-09 00:00:00,38.0,20.9,21.1,20.9,21.05,1650
2021-08-10 00:00:00,38.0,20.9,20.9,20.9,20.9,1100
2021-08-11 00:00:00,37.272727966308594,20.5,20.5,20.5,20.5,550
2021-08-12 00:00:00,39.09090805053711,21.5,21.5,20.0,20.0,1100
2021-08-13 00:00:00,36.45454406738281,20.05,21.2,21.2,21.2,550
2021-08-16 00:00:00,38.18181610107422,21.0,23.15,21.0,21.0,1650
2021-08-17 00:00:00,36.0,19.8,19.8,19.8,19.8,1100
2021-08-18 00:00:00,39.272727966308594,21.6,21.6,20.0,20.0,1100
2021-08-19 00:00:00,37.818180084228516,20.8,21.6,20.8,21.6,2200
2021-08-20 00:00:00,38.18181610107422,21.0,21.4,21.0,21.4,1100
2021-08-23 00:00:00,38.18181610107422,21.0,21.5,20.9,21.5,2200
2021-08-24 00:00:00,37.818180084228516,20.8,21.05,20.8,21.05,2750
2021-08-25 00:00:00,37.818180084228516,20.8,22.0,20.8,22.0,3850
2021-08-26 00:00:00,37.272727966308594,20.5,20.8,20.5,20.8,2750
2021-08-27 00:00:00,37.6363639831543,20.7,20.7,20.7,20.7,550
2021-08-30 00:00:00,38.18181610107422,21.0,22.0,20.8,22.0,6600
2021-08-31 00:00:00,38.18181610107422,21.0,22.0,20.9,22.0,5500
2021-09-01 00:00:00,38.0,20.9,21.0,20.9,21.0,3300
2021-09-02 00:00:00,37.818180084228516,20.8,21.0,20.8,21.0,2200
2021-09-03 00:00:00,37.09090805053711,20.4,20.9,20.4,20.9,5500
2021-09-06 00:00:00,37.09090805053711,20.4,20.4,20.4,20.4,0
2021-09-07 00:00:00,37.09090805053711,20.4,20.5,20.3,20.5,6050
2021-09-08 00:00:00,36.909088134765625,20.3,20.4,20.3,20.4,1100
2021-09-09 00:00:00,36.818180084228516,20.25,20.25,19.0,20.0,6050
2021-09-10 00:00:00,36.3636360168457,20.0,20.4,20.0,20.4,5500
2021-09-13 00:00:00,36.3636360168457,20.0,20.0,20.0,20.0,0
2021-09-14 00:00:00,36.3636360168457,20.0,20.0,20.0,20.0,0
2021-09-15 00:00:00,36.3636360168457,20.0,20.0,20.0,20.0,0
2021-09-16 00:00:00,36.3636360168457,20.0,20.0,19.9,20.0,1650
2021-09-17 00:00:00,36.3636360168457,20.0,20.0,19.75,19.95,3850
2021-09-22 00:00:00,36.3636360168457,20.0,20.0,19.8,20.0,2750
2021-09-23 00:00:00,36.3636360168457,20.0,20.1,19.95,20.1,3850
2021-09-24 00:00:00,36.3636360168457,20.0,20.0,19.9,20.0,1650
2021-09-27 00:00:00,36.272727966308594,19.95,19.95,19.5,19.5,2200
2021-09-28 00:00:00,36.3636360168457,20.0,20.0,20.0,20.0,550
2021-09-29 00:00:00,36.272727966308594,19.95,19.95,19.75,19.95,3300
2021-09-30 00:00:00,36.3636360168457,20.0,20.0,20.0,20.0,550
2021-10-01 00:00:00,36.18181610107422,19.9,19.9,19.4,19.5,1650
2021-10-04 00:00:00,36.3636360168457,20.0,20.0,19.7,19.9,2750
2021-10-05 00:00:00,36.3636360168457,20.0,20.6,20.0,20.0,28050
2021-10-06 00:00:00,36.18181610107422,19.9,20.0,19.8,20.0,23650
2021-10-07 00:00:00,36.3636360168457,20.0,21.0,20.0,21.0,24200
2021-10-08 00:00:00,36.3636360168457,20.0,20.05,20.0,20.0,9900
2021-10-12 00:00:00,36.3636360168457,20.0,20.0,20.0,20.0,0
2021-10-13 00:00:00,36.3636360168457,20.0,20.0,20.0,20.0,0
2021-10-14 00:00:00,36.45454406738281,20.05,20.05,20.0,20.0,6600
2021-10-15 00:00:00,36.54545211791992,20.1,20.95,20.1,20.5,6600
2021-10-18 00:00:00,38.18181610107422,21.0,21.0,21.0,21.0,4950
2021-10-19 00:00:00,38.18181610107422,21.0,21.0,21.0,21.0,0
2021-10-20 00:00:00,38.18181610107422,21.0,21.0,21.0,21.0,0
2021-10-21 00:00:00,38.18181610107422,21.0,21.0,21.0,21.0,0
2021-10-22 00:00:00,36.909088134765625,20.3,20.3,20.3,20.3,550
2021-10-25 00:00:00,36.3636360168457,20.0,20.0,20.0,20.0,550
2021-10-26 00:00:00,36.3636360168457,20.0,20.2,20.0,20.2,4400
2021-10-27 00:00:00,36.45454406738281,20.05,20.1,20.05,20.1,1650
2021-10-28 00:00:00,37.272727966308594,20.5,20.5,20.0,20.0,6050
2021-10-29 00:00:00,37.272727966308594,20.5,20.5,20.5,20.5,4950
2021-11-01 00:00:00,37.45454406738281,20.6,20.6,20.3,20.5,3850
2021-11-02 00:00:00,37.45454406738281,20.6,20.6,20.6,20.6,1100
2021-11-03 00:00:00,38.18181610107422,21.0,21.0,21.0,21.0,1650
2021-11-04 00:00:00,38.18181610107422,21.0,21.0,21.0,21.0,550
2021-11-05 00:00:00,38.18181610107422,21.0,21.0,21.0,21.0,0
2021-11-08 00:00:00,41.818180084228516,23.0,23.0,21.0,21.0,1100
2021-11-09 00:00:00,45.45454406738281,25.0,25.0,21.0,21.0,3850
2021-11-10 00:00:00,43.272727966308594,23.8,23.8,23.8,23.8,550
2021-11-11 00:00:00,43.272727966308594,23.8,23.8,23.8,23.8,550
2021-11-12 00:00:00,43.272727966308594,23.8,23.8,23.8,23.8,0
2021-11-15 00:00:00,43.272727966308594,23.8,23.8,23.8,23.8,0
2021-11-16 00:00:00,43.272727966308594,23.8,23.8,23.8,23.8,0
2021-11-17 00:00:00,43.272727966308594,23.8,23.8,23.8,23.8,0
2021-11-18 00:00:00,38.18181610107422,21.0,21.0,21.0,21.0,14850
2021-11-19 00:00:00,38.18181610107422,21.0,21.1,21.0,21.0,2200
2021-11-22 00:00:00,38.3636360168457,21.1,21.1,21.0,21.0,1100
2021-11-23 00:00:00,38.3636360168457,21.1,21.1,21.1,21.1,0
2021-11-24 00:00:00,38.3636360168457,21.1,21.1,21.1,21.1,0
2021-11-25 00:00:00,38.45454406738281,21.15,21.15,21.15,21.15,550
2021-11-26 00:00:00,38.3636360168457,21.1,21.1,21.1,21.1,1100
2021-11-29 00:00:00,42.18181610107422,23.2,23.2,23.2,23.2,550
2021-11-30 00:00:00,42.09090805053711,23.15,23.15,21.1,21.1,3300
2021-12-01 00:00:00,42.09090805053711,23.15,23.15,23.15,23.15,550
2021-12-02 00:00:00,42.09090805053711,23.15,23.15,23.15,23.15,0
2021-12-03 00:00:00,42.0,23.1,23.15,22.05,23.15,2750
2021-12-06 00:00:00,42.0,23.1,23.1,23.1,23.1,0
2021-12-07 00:00:00,42.0,23.1,23.1,23.1,23.1,2200
2021-12-08 00:00:00,41.818180084228516,23.0,23.0,23.0,23.0,3300
2021-12-09 00:00:00,40.727272033691406,22.4,22.5,22.4,22.5,6050
2021-12-10 00:00:00,40.727272033691406,22.4,22.4,22.4,22.4,11550
2021-12-13 00:00:00,40.727272033691406,22.4,22.4,22.4,22.4,0
2021-12-14 00:00:00,40.727272033691406,22.4,22.4,22.4,22.4,7700
2021-12-15 00:00:00,40.727272033691406,22.4,22.4,22.4,22.4,2200
2021-12-16 00:00:00,40.909088134765625,22.5,22.5,22.4,22.4,2750
2021-12-17 00:00:00,40.0,22.0,22.4,22.0,22.4,5500
2021-12-20 00:00:00,40.727272033691406,22.4,22.4,22.4,22.4,4400
2021-12-21 00:00:00,40.727272033691406,22.4,22.4,22.4,22.4,0
2021-12-22 00:00:00,40.727272033691406,22.4,22.4,22.4,22.4,2750
2021-12-23 00:00:00,40.3636360168457,22.2,22.2,22.2,22.2,550
2021-12-24 00:00:00,40.727272033691406,22.4,22.4,22.4,22.4,2750
2021-12-27 00:00:00,40.818180084228516,22.45,22.45,22.45,22.45,1650
2021-12-28 00:00:00,43.6363639831543,24.0,24.5,22.0,24.05,15400
2021-12-29 00:00:00,40.909088134765625,22.5,24.25,22.5,24.05,6600
2021-12-30 00:00:00,40.818180084228516,22.45,22.45,22.45,22.45,550
2022-01-03 00:00:00,40.818180084228516,22.45,22.45,22.45,22.45,1100
2022-01-04 00:00:00,40.909088134765625,22.5,22.5,22.45,22.45,9350
2022-01-05 00:00:00,40.909088134765625,22.5,22.5,22.5,22.5,11550
2022-01-06 00:00:00,40.909088134765625,22.5,24.5,22.5,22.5,10450
2022-01-07 00:00:00,40.909088134765625,22.5,22.5,22.5,22.5,10450
2022-01-10 00:00:00,41.0,22.55,22.55,22.5,22.55,17050
2022-01-11 00:00:00,41.09090805053711,22.6,23.0,22.55,22.55,16500
2022-01-12 00:00:00,41.272727966308594,22.7,23.0,22.65,22.65,17050
2022-01-13 00:00:00,41.54545211791992,22.85,23.0,22.75,22.75,51700
2022-01-14 00:00:00,42.18181610107422,23.2,23.2,22.85,22.85,44550
2022-01-17 00:00:00,43.6363639831543,24.0,24.0,23.5,23.5,13750
2022-01-18 00:00:00,44.727272033691406,24.6,24.6,24.0,24.0,20350
2022-01-19 00:00:00,44.0,24.2,24.5,24.2,24.2,15950
2022-01-20 00:00:00,43.18181610107422,23.75,24.0,23.75,24.0,4400
2022-01-21 00:00:00,41.45454406738281,22.8,23.5,22.8,23.5,28600
2022-01-24 00:00:00,42.727272033691406,23.5,23.5,23.0,23.0,34100
2022-01-25 00:00:00,42.727272033691406,23.5,23.5,23.5,23.5,27500
2022-01-26 00:00:00,47.0,25.85,25.85,25.85,25.85,16500
2022-02-07 00:00:00,51.6363639831543,28.4,28.4,28.4,28.4,4400
2022-02-08 00:00:00,55.0,30.25,31.2,30.0,31.2,114400
2022-02-09 00:00:00,56.727272033691406,31.2,32.95,31.2,32.95,34100
2022-02-10 00:00:00,52.727272033691406,29.0,32.0,29.0,32.0,40700
2022-02-11 00:00:00,52.727272033691406,29.0,30.0,29.0,30.0,7700
2022-02-14 00:00:00,52.727272033691406,29.0,29.0,29.0,29.0,0
2022-02-15 00:00:00,50.0,27.5,28.9,27.5,28.9,44550
2022-02-16 00:00:00,46.3636360168457,25.5,27.5,25.5,27.5,52800
2022-02-17 00:00:00,44.54545211791992,24.5,26.05,24.5,26.05,34650
2022-02-18 00:00:00,43.818180084228516,24.1,25.0,24.1,24.5,27500
2022-02-21 00:00:00,44.727272033691406,24.6,24.6,24.5,24.5,24200
2022-02-22 00:00:00,44.54545211791992,24.5,24.6,24.5,24.5,108900
2022-02-23 00:00:00,47.09090805053711,25.9,26.45,22.05,22.05,28050
2022-02-24 00:00:00,51.727272033691406,28.45,28.45,25.1,25.1,9900
2022-02-25 00:00:00,51.818180084228516,28.5,28.5,28.5,28.5,18150
2022-03-01 00:00:00,49.272727966308594,27.1,28.5,27.1,28.5,26400
2022-03-02 00:00:00,49.272727966308594,27.1,27.1,27.1,27.1,0
2022-03-03 00:00:00,45.45454406738281,25.0,25.0,25.0,25.0,22000
2022-03-04 00:00:00,43.818180084228516,24.1,25.0,24.1,25.0,41800
2022-03-07 00:00:00,42.727272033691406,23.5,23.5,23.5,23.5,44000
2022-03-08 00:00:00,42.727272033691406,23.5,23.5,23.5,23.5,16500
2022-03-09 00:00:00,42.727272033691406,23.5,23.5,23.5,23.5,0
2022-03-10 00:00:00,42.727272033691406,23.5,23.5,23.5,23.5,1650
2022-03-11 00:00:00,42.727272033691406,23.5,23.5,23.5,23.5,47300
2022-03-14 00:00:00,42.727272033691406,23.5,23.5,23.5,23.5,13750
2022-03-15 00:00:00,43.3636360168457,23.85,23.85,23.85,23.85,550
2022-03-16 00:00:00,43.3636360168457,23.85,23.85,23.55,23.55,1100
2022-03-17 00:00:00,43.45454406738281,23.9,23.9,23.9,23.9,1100
2022-03-18 00:00:00,43.45454406738281,23.9,23.9,23.9,23.9,0
2022-03-21 00:00:00,43.45454406738281,23.9,23.9,23.9,23.9,0
2022-03-22 00:00:00,42.727272033691406,23.5,24.0,23.5,24.0,4950
2022-03-23 00:00:00,42.727272033691406,23.5,23.5,23.5,23.5,19250
2022-03-24 00:00:00,42.727272033691406,23.5,23.5,23.5,23.5,0
2022-03-25 00:00:00,42.727272033691406,23.5,23.5,23.5,23.5,0
2022-03-28 00:00:00,42.727272033691406,23.5,23.5,23.5,23.5,0
2022-03-29 00:00:00,42.909088134765625,23.6,23.6,23.6,23.6,550
2022-03-30 00:00:00,42.909088134765625,23.6,23.6,23.6,23.6,0
2022-03-31 00:00:00,42.909088134765625,23.6,23.6,23.6,23.6,0
2022-04-01 00:00:00,43.272727966308594,23.8,23.8,23.8,23.8,550
2022-04-06 00:00:00,44.54545211791992,24.5,24.5,24.5,24.5,550
2022-04-07 00:00:00,44.54545211791992,24.5,24.5,24.5,24.5,0
2022-04-08 00:00:00,46.45454406738281,25.55,25.55,25.55,25.55,1100
2022-04-11 00:00:00,46.45454406738281,25.55,25.55,25.55,25.55,0
2022-04-12 00:00:00,46.45454406738281,25.55,25.55,25.55,25.55,0
2022-04-13 00:00:00,46.45454406738281,25.55,25.55,25.55,25.55,0
2022-04-14 00:00:00,46.45454406738281,25.55,25.55,25.55,25.55,0
2022-04-15 00:00:00,47.272727966308594,26.0,26.0,26.0,26.0,550
2022-04-18 00:00:00,47.272727966308594,26.0,26.0,26.0,26.0,0
2022-04-19 00:00:00,47.272727966308594,26.0,26.0,26.0,26.0,0
2022-04-20 00:00:00,47.272727966308594,26.0,26.0,26.0,26.0,0
2022-04-21 00:00:00,47.45454406738281,26.1,27.5,26.1,27.5,1650
2022-04-22 00:00:00,46.54545211791992,25.6,25.6,25.6,25.6,550
2022-04-25 00:00:00,45.272727966308594,24.9,24.9,24.9,24.9,550
2022-04-26 00:00:00,49.09090805053711,27.0,27.0,27.0,27.0,550
2022-04-27 00:00:00,46.45454406738281,25.55,25.55,25.55,25.55,2200
2022-04-28 00:00:00,47.272727966308594,26.0,26.0,26.0,26.0,550
2022-04-29 00:00:00,47.272727966308594,26.0,26.0,26.0,26.0,0
2022-05-03 00:00:00,47.272727966308594,26.0,26.0,26.0,26.0,0
2022-05-04 00:00:00,47.272727966308594,26.0,28.0,26.0,28.0,2750
2022-05-05 00:00:00,47.272727966308594,26.0,26.0,26.0,26.0,0
2022-05-06 00:00:00,46.909088134765625,25.8,25.8,25.8,25.8,550
2022-05-09 00:00:00,46.909088134765625,25.8,25.8,25.8,25.8,0
2022-05-10 00:00:00,46.909088134765625,25.8,25.8,25.8,25.8,0
2022-05-11 00:00:00,46.909088134765625,25.8,25.8,25.8,25.8,0
2022-05-12 00:00:00,46.54545211791992,25.6,25.6,25.6,25.6,1100
2022-05-13 00:00:00,46.54545211791992,25.6,25.6,25.6,25.6,0
2022-05-16 00:00:00,48.18181610107422,26.5,27.1,26.5,27.1,2200
2022-05-17 00:00:00,48.18181610107422,26.5,26.5,26.5,26.5,0
2022-05-18 00:00:00,48.18181610107422,26.5,26.5,26.5,26.5,0
2022-05-19 00:00:00,47.45454406738281,26.1,26.2,26.1,26.2,1650
2022-05-20 00:00:00,47.6363639831543,26.2,26.2,26.2,26.2,1100
2022-05-23 00:00:00,47.6363639831543,26.2,26.2,26.2,26.2,0
2022-05-24 00:00:00,50.909088134765625,28.0,28.0,28.0,28.0,550
2022-05-25 00:00:00,53.6363639831543,29.5,30.0,28.2,28.2,7700
2022-05-26 00:00:00,51.45454406738281,28.3,28.5,28.3,28.5,3300
2022-05-27 00:00:00,51.09090805053711,28.1,28.3,28.1,28.3,1100
2022-05-30 00:00:00,51.3636360168457,28.25,28.25,28.25,28.25,9350
2022-05-31 00:00:00,51.272727966308594,28.2,28.2,28.2,28.2,2200
2022-06-01 00:00:00,52.3636360168457,28.8,28.8,28.8,28.8,550
2022-06-02 00:00:00,52.3636360168457,28.8,28.8,28.8,28.8,550
2022-06-06 00:00:00,52.3636360168457,28.8,28.8,28.8,28.8,0
2022-06-07 00:00:00,52.3636360168457,28.8,28.8,28.8,28.8,0
2022-06-08 00:00:00,55.45454406738281,30.5,30.5,30.5,30.5,1100
2022-06-09 00:00:00,55.6363639831543,30.6,30.6,30.5,30.5,4950
2022-06-10 00:00:00,55.6363639831543,30.6,30.6,30.6,30.6,0
2022-06-13 00:00:00,55.6363639831543,30.6,30.6,30.6,30.6,1650
2022-06-14 00:00:00,55.6363639831543,30.6,30.6,30.6,30.6,2200
2022-06-15 00:00:00,56.0,30.8,30.8,30.8,30.8,1100
2022-06-16 00:00:00,56.0,30.8,30.8,30.8,30.8,7150
2022-06-17 00:00:00,55.45454406738281,30.5,30.5,30.3,30.3,1100
2022-06-20 00:00:00,55.45454406738281,30.5,30.5,30.5,30.5,550
2022-06-21 00:00:00,55.45454406738281,30.5,30.5,30.5,30.5,0
2022-06-22 00:00:00,55.45454406738281,30.5,30.5,30.5,30.5,2200
2022-06-23 00:00:00,55.45454406738281,30.5,30.5,30.5,30.5,3300
2022-06-24 00:00:00,54.54545211791992,30.0,30.0,30.0,30.0,2750
2022-06-27 00:00:00,56.0,30.8,30.8,30.5,30.5,3850
2022-06-28 00:00:00,56.0,30.8,30.8,30.8,30.8,0
2022-06-29 00:00:00,56.0,30.8,30.8,30.8,30.8,0
2022-06-30 00:00:00,56.0,30.8,30.8,30.8,30.8,0
2022-07-01 00:00:00,55.45454406738281,30.5,30.5,30.5,30.5,2750
2022-07-04 00:00:00,55.45454406738281,30.5,30.5,30.5,30.5,1650
2022-07-05 00:00:00,55.45454406738281,30.5,30.5,30.5,30.5,0
2022-07-06 00:00:00,55.45454406738281,30.5,30.5,30.5,30.5,0
2022-07-07 00:00:00,55.45454406738281,30.5,30.5,30.5,30.5,550
2022-07-08 00:00:00,55.818180084228516,30.7,30.7,30.55,30.55,4950
2022-07-11 00:00:00,55.818180084228516,30.7,30.7,30.7,30.7,2200
2022-07-12 00:00:00,55.818180084228516,30.7,30.7,30.7,30.7,0
2022-07-13 00:00:00,55.818180084228516,30.7,30.7,30.7,30.7,0
2022-07-14 00:00:00,55.818180084228516,30.7,30.7,30.7,30.7,0
2022-07-15 00:00:00,56.727272033691406,31.2,31.2,31.2,31.2,2750
2022-07-18 00:00:00,57.3636360168457,31.55,31.55,31.5,31.5,2200
2022-07-19 00:00:00,57.3636360168457,31.55,31.55,31.55,31.55,0
2022-07-20 00:00:00,57.3636360168457,31.55,31.55,31.55,31.55,0
2022-07-21 00:00:00,61.6363639831543,33.9,33.9,32.0,33.3,3850
2022-07-22 00:00:00,61.6363639831543,33.9,33.9,33.9,33.9,0
2022-07-25 00:00:00,65.45454406738281,36.0,36.0,36.0,36.0,1650
2022-07-26 00:00:00,68.18181610107422,37.5,37.8,37.5,37.8,7700
2022-07-27 00:00:00,68.18181610107422,37.5,37.5,37.5,37.5,0
2022-07-28 00:00:00,68.18181610107422,37.5,37.5,35.8,35.8,6050
2022-07-29 00:00:00,68.18181610107422,37.5,37.5,37.5,37.5,0
2022-08-01 00:00:00,68.18181610107422,37.5,37.5,37.5,37.5,0
2022-08-02 00:00:00,68.81818389892578,37.85,37.85,37.8,37.8,7700
2022-08-03 00:00:00,68.90908813476562,37.9,37.9,37.85,37.85,2750
2022-08-04 00:00:00,68.90908813476562,37.9,37.9,37.9,37.9,0
2022-08-05 00:00:00,68.90908813476562,37.9,37.9,37.9,37.9,0
2022-08-08 00:00:00,67.09091186523438,36.9,36.9,36.9,36.9,550
2022-08-09 00:00:00,67.09091186523438,36.9,36.9,36.9,36.9,1100
2022-08-10 00:00:00,67.09091186523438,36.9,36.9,36.9,36.9,0
2022-08-11 00:00:00,67.09091186523438,36.9,36.9,36.9,36.9,0
2022-08-12 00:00:00,75.7272720336914,41.65,41.65,41.65,41.65,550
2022-08-15 00:00:00,68.2727279663086,37.55,37.55,37.55,37.55,550
2022-08-16 00:00:00,72.7272720336914,40.0,40.0,38.8,38.8,3300
2022-08-17 00:00:00,75.45454406738281,41.5,41.5,40.1,40.1,2200
2022-08-18 00:00:00,75.45454406738281,41.5,43.1,41.2,43.1,9900
2022-08-19 00:00:00,75.45454406738281,41.5,41.5,41.0,41.5,2200
2022-08-22 00:00:00,75.45454406738281,41.5,41.5,41.5,41.5,0
2022-08-23 00:00:00,74.54545593261719,41.0,41.0,41.0,41.0,550
2022-08-24 00:00:00,74.54545593261719,41.0,41.0,41.0,41.0,0
2022-08-25 00:00:00,70.90908813476562,39.0,39.2,39.0,39.2,1650
2022-08-26 00:00:00,70.7272720336914,38.9,40.0,38.9,40.0,1100
2022-08-29 00:00:00,68.7272720336914,37.8,38.9,37.8,38.9,1100
2022-08-30 00:00:00,68.18181610107422,37.5,37.8,37.5,37.8,3850
2022-08-31 00:00:00,68.18181610107422,37.5,37.5,37.5,37.5,550
2022-09-01 00:00:00,67.45454406738281,37.1,37.1,37.1,37.1,550
2022-09-02 00:00:00,67.18181610107422,36.95,36.95,36.95,36.95,550
2022-09-05 00:00:00,66.36363220214844,36.5,38.0,36.5,37.0,3850
2022-09-06 00:00:00,66.36363220214844,36.5,36.5,36.5,36.5,1650
2022-09-07 00:00:00,73.0,40.15,40.15,38.0,38.0,43450
2022-09-08 00:00:00,80.2727279663086,44.15,44.15,44.15,44.15,33550
2022-09-12 00:00:00,88.2727279663086,48.55,48.55,46.0,46.0,41250
2022-09-13 00:00:00,86.54545593261719,47.6,48.9,47.6,48.85,45650
2022-09-14 00:00:00,89.45454406738281,49.2,49.2,46.8,47.15,3300
2022-09-15 00:00:00,85.45454406738281,47.0,49.2,47.0,49.2,9350
2022-09-16 00:00:00,87.2727279663086,48.0,48.0,47.1,47.1,4400
2022-09-19 00:00:00,88.18181610107422,48.5,48.5,48.0,48.0,7150
2022-09-20 00:00:00,89.45454406738281,49.2,49.2,48.55,48.6,6600
2022-09-21 00:00:00,88.18181610107422,48.5,48.5,47.5,47.6,2750
2022-09-22 00:00:00,96.90908813476562,53.3,49.45,48.9,48.9,4950
2022-09-23 00:00:00,93.09091186523438,51.2,51.2,49.5,49.8,2750
2022-09-26 00:00:00,94.36363220214844,51.9,53.0,50.2,53.0,18150
2022-09-27 00:00:00,97.45454406738281,53.6,53.6,51.9,51.9,13200
2022-09-28 00:00:00,92.36363220214844,50.8,53.6,50.8,53.6,12100
2022-09-29 00:00:00,96.0,52.8,52.8,51.8,52.0,2200
2022-09-30 00:00:00,96.0,52.8,52.8,52.8,52.8,0
2022-10-03 00:00:00,96.36363220214844,53.0,53.0,52.8,52.8,2200
2022-10-04 00:00:00,97.63636016845703,53.7,54.9,53.0,54.0,8800
2022-10-05 00:00:00,94.54545593261719,52.0,52.0,51.5,51.5,2750
2022-10-06 00:00:00,94.54545593261719,52.0,52.0,49.55,50.3,19800
2022-10-07 00:00:00,94.18181610107422,51.8,51.8,51.5,51.8,8250
2022-10-11 00:00:00,89.63636016845703,49.3,50.0,49.3,50.0,6050
2022-10-12 00:00:00,89.09091186523438,49.0,49.5,48.0,48.0,5500
2022-10-13 00:00:00,88.18181610107422,48.5,48.5,47.7,48.5,8800
2022-10-14 00:00:00,87.2727279663086,48.0,48.1,48.0,48.0,5500
2022-10-17 00:00:00,87.2727279663086,48.0,48.0,48.0,48.0,0
2022-10-18 00:00:00,85.45454406738281,47.0,47.0,47.0,47.0,7150
2022-10-19 00:00:00,87.2727279663086,48.0,48.0,48.0,48.0,2750
2022-10-20 00:00:00,87.2727279663086,48.0,48.0,48.0,48.0,0
2022-10-21 00:00:00,87.2727279663086,48.0,48.0,48.0,48.0,0
2022-10-24 00:00:00,87.2727279663086,48.0,48.0,48.0,48.0,0
2022-10-25 00:00:00,85.54545593261719,47.05,47.05,47.05,47.05,550
2022-10-26 00:00:00,85.54545593261719,47.05,47.05,47.05,47.05,0
2022-10-27 00:00:00,85.54545593261719,47.05,47.05,47.05,47.05,0
2022-10-28 00:00:00,83.63636016845703,46.0,47.05,46.0,47.05,1650
2022-10-31 00:00:00,83.63636016845703,46.0,46.0,46.0,46.0,0
2022-11-01 00:00:00,83.81818389892578,46.1,46.1,46.1,46.1,550
2022-11-02 00:00:00,83.81818389892578,46.1,46.1,46.1,46.1,0
2022-11-03 00:00:00,83.81818389892578,46.1,46.1,46.1,46.1,0
2022-11-04 00:00:00,89.09091186523438,49.0,49.0,48.8,48.8,3850
2022-11-07 00:00:00,90.90908813476562,50.0,50.0,50.0,50.0,550
2022-11-08 00:00:00,90.90908813476562,50.0,50.0,50.0,50.0,2200
2022-11-09 00:00:00,90.90908813476562,50.0,52.3,50.0,50.8,7700
2022-11-10 00:00:00,90.90908813476562,50.0,50.0,50.0,50.0,0
2022-11-11 00:00:00,90.90908813476562,50.0,50.0,50.0,50.0,0
2022-11-14 00:00:00,90.90908813476562,50.0,50.0,50.0,50.0,0
2022-11-15 00:00:00,90.90908813476562,50.0,50.0,50.0,50.0,0
2022-11-16 00:00:00,90.90908813476562,50.0,50.0,50.0,50.0,0
2022-11-17 00:00:00,98.90908813476562,54.4,54.4,54.4,54.4,550
2022-11-18 00:00:00,95.81818389892578,52.7,51.1,50.3,51.1,2200
2022-11-21 00:00:00,94.54545593261719,52.0,52.0,49.6,52.0,1650
2022-11-22 00:00:00,90.90908813476562,50.0,50.0,50.0,50.0,1100
2022-11-23 00:00:00,90.90908813476562,50.0,50.0,50.0,50.0,0
2022-11-24 00:00:00,90.90908813476562,50.0,50.0,50.0,50.0,2200
2022-11-25 00:00:00,90.90908813476562,50.0,50.0,50.0,50.0,0
2022-11-28 00:00:00,90.90908813476562,50.0,50.0,50.0,50.0,0
2022-11-29 00:00:00,90.09091186523438,49.55,49.55,49.55,49.55,2750
2022-11-30 00:00:00,88.18181610107422,48.5,48.95,48.5,48.95,1650
2022-12-01 00:00:00,94.54545593261719,52.0,52.8,52.0,52.8,2200
2022-12-02 00:00:00,94.54545593261719,52.0,52.0,52.0,52.0,0
2022-12-05 00:00:00,91.81818389892578,50.5,50.5,49.8,49.8,1100
2022-12-06 00:00:00,91.81818389892578,50.5,50.5,50.5,50.5,0
2022-12-07 00:00:00,90.54545593261719,49.8,50.6,49.9,49.9,1100
2022-12-08 00:00:00,89.54545593261719,49.25,50.5,49.25,50.4,5500
2022-12-09 00:00:00,92.7272720336914,51.0,51.0,49.3,49.3,4400
2022-12-12 00:00:00,90.36363220214844,49.7,50.0,49.7,50.0,1650
2022-12-13 00:00:00,89.09091186523438,49.0,49.9,49.0,49.5,4400
2022-12-14 00:00:00,91.81818389892578,50.5,50.5,50.5,50.5,550
2022-12-15 00:00:00,91.81818389892578,50.5,50.5,49.7,50.5,3300
2022-12-16 00:00:00,90.54545593261719,49.8,50.0,49.8,50.0,2200
2022-12-19 00:00:00,90.54545593261719,49.8,49.8,49.8,49.8,0
2022-12-20 00:00:00,89.81818389892578,49.4,49.5,49.4,49.5,2200
2022-12-21 00:00:00,96.0,52.8,52.8,52.8,52.8,550
2022-12-22 00:00:00,89.81818389892578,49.4,49.5,49.4,49.5,5500
2022-12-23 00:00:00,89.81818389892578,49.4,49.4,49.4,49.4,0
2022-12-26 00:00:00,89.81818389892578,49.4,49.4,49.4,49.4,0
2022-12-27 00:00:00,89.81818389892578,49.4,49.4,49.4,49.4,0
2022-12-28 00:00:00,89.81818389892578,49.4,49.4,49.4,49.4,0
2022-12-29 00:00:00,89.81818389892578,49.4,49.4,49.4,49.4,0
2022-12-30 00:00:00,89.81818389892578,49.4,49.4,49.4,49.4,0
2023-01-03 00:00:00,85.45454406738281,47.0,47.0,47.0,47.0,1650
2023-01-04 00:00:00,90.90908813476562,50.0,50.0,47.2,47.2,3300
2023-01-05 00:00:00,90.90908813476562,50.0,50.0,50.0,50.0,0
2023-01-06 00:00:00,90.90908813476562,50.0,50.0,50.0,50.0,0
2023-01-09 00:00:00,89.09091186523438,49.0,49.0,49.0,49.0,550
2023-01-10 00:00:00,89.09091186523438,49.0,49.0,49.0,49.0,0
2023-01-11 00:00:00,89.09091186523438,49.0,49.0,49.0,49.0,0
2023-01-12 00:00:00,90.81818389892578,49.95,49.95,49.95,49.95,550
2023-01-13 00:00:00,90.90908813476562,50.0,50.0,50.0,50.0,550
2023-01-16 00:00:00,90.90908813476562,50.0,50.0,50.0,50.0,0
2023-01-17 00:00:00,90.90908813476562,50.0,50.0,50.0,50.0,0
2023-01-30 00:00:00,90.90908813476562,50.0,50.0,50.0,50.0,0
2023-01-31 00:00:00,90.90908813476562,50.0,50.0,50.0,50.0,0
2023-02-01 00:00:00,90.90908813476562,50.0,50.0,50.0,50.0,0
2023-02-02 00:00:00,90.90908813476562,50.0,50.0,50.0,50.0,0
2023-02-03 00:00:00,90.90908813476562,50.0,50.0,50.0,50.0,0
2023-02-06 00:00:00,90.90908813476562,50.0,50.0,50.0,50.0,0
2023-02-07 00:00:00,90.90908813476562,50.0,50.0,50.0,50.0,0
2023-02-08 00:00:00,90.90908813476562,50.0,50.0,50.0,50.0,0
2023-02-09 00:00:00,90.90908813476562,50.0,50.0,50.0,50.0,0
2023-02-10 00:00:00,90.90908813476562,50.0,50.0,50.0,50.0,0
2023-02-13 00:00:00,82.81818389892578,45.55,46.45,45.25,46.45,2200
2023-02-14 00:00:00,82.81818389892578,45.55,45.55,45.55,45.55,550
2023-02-15 00:00:00,87.2727279663086,48.0,48.0,46.8,46.8,1650
2023-02-16 00:00:00,87.2727279663086,48.0,48.0,48.0,48.0,0
2023-02-17 00:00:00,87.2727279663086,48.0,48.0,48.0,48.0,0
2023-02-20 00:00:00,87.2727279663086,48.0,48.0,48.0,48.0,0
2023-02-21 00:00:00,84.2727279663086,46.35,46.35,46.35,46.35,550
2023-02-22 00:00:00,84.2727279663086,46.35,46.35,46.35,46.35,0
2023-02-23 00:00:00,84.2727279663086,46.35,46.35,46.35,46.35,0
2023-02-24 00:00:00,85.45454406738281,47.0,47.0,47.0,47.0,2200
2023-03-01 00:00:00,85.45454406738281,47.0,47.0,47.0,47.0,0
2023-03-02 00:00:00,89.90908813476562,49.45,49.5,46.2,47.0,2750
2023-03-03 00:00:00,89.90908813476562,49.45,49.45,49.45,49.45,0
2023-03-06 00:00:00,89.90908813476562,49.45,49.45,49.45,49.45,0
2023-03-07 00:00:00,88.18181610107422,48.5,48.5,48.5,48.5,550
2023-03-08 00:00:00,88.18181610107422,48.5,48.5,48.5,48.5,0
2023-03-09 00:00:00,88.18181610107422,48.5,48.5,48.5,48.5,550
2023-03-10 00:00:00,88.18181610107422,48.5,48.5,48.5,48.5,0
2023-03-13 00:00:00,88.18181610107422,48.5,48.5,48.5,48.5,0
2023-03-14 00:00:00,88.18181610107422,48.5,46.5,45.95,46.0,2750
2023-03-15 00:00:00,88.18181610107422,48.5,48.5,48.5,48.5,0
2023-03-16 00:00:00,88.18181610107422,48.5,48.5,48.5,48.5,0
2023-03-17 00:00:00,88.18181610107422,48.5,48.5,48.5,48.5,0
2023-03-20 00:00:00,88.18181610107422,48.5,48.5,48.5,48.5,0
2023-03-21 00:00:00,88.18181610107422,48.5,48.5,48.5,48.5,0
2023-03-22 00:00:00,88.18181610107422,48.5,48.5,48.5,48.5,0
2023-03-23 00:00:00,88.18181610107422,48.5,48.5,48.5,48.5,0
2023-03-24 00:00:00,87.2727279663086,48.0,48.0,47.0,47.0,1650
2023-03-27 00:00:00,87.2727279663086,48.0,48.0,48.0,48.0,0
2023-03-28 00:00:00,84.54545593261719,46.5,46.6,46.5,46.6,3300
2023-03-29 00:00:00,84.36363220214844,46.4,46.4,46.4,46.4,550
2023-03-30 00:00:00,84.36363220214844,46.4,46.4,46.4,46.4,0
2023-03-31 00:00:00,84.36363220214844,46.4,46.4,46.3,46.3,1650
2023-04-06 00:00:00,87.18181610107422,47.95,47.95,47.95,47.95,1100
2023-04-07 00:00:00,87.18181610107422,47.95,47.95,47.95,47.95,1650
2023-04-10 00:00:00,88.18181610107422,48.5,49.0,48.5,48.5,2200
2023-04-11 00:00:00,88.18181610107422,48.5,48.5,48.5,48.5,550
2023-04-12 00:00:00,88.18181610107422,48.5,48.5,48.5,48.5,0
2023-04-13 00:00:00,88.18181610107422,48.5,48.5,48.5,48.5,0
2023-04-14 00:00:00,88.18181610107422,48.5,48.5,48.5,48.5,0
2023-04-17 00:00:00,89.09091186523438,49.0,46.8,45.9,45.9,2750
2023-04-18 00:00:00,84.0,46.2,46.7,46.2,46.7,1650
2023-04-19 00:00:00,84.18181610107422,46.3,47.0,46.2,46.2,3300
2023-04-20 00:00:00,83.63636016845703,46.0,46.0,46.0,46.0,2200
2023-04-21 00:00:00,83.63636016845703,46.0,46.0,46.0,46.0,550
2023-04-24 00:00:00,87.2727279663086,48.0,48.0,43.6,43.6,2200
2023-04-25 00:00:00,83.63636016845703,46.0,46.0,46.0,46.0,550
2023-04-26 00:00:00,83.63636016845703,46.0,46.0,46.0,46.0,0
2023-04-27 00:00:00,83.63636016845703,46.0,46.0,46.0,46.0,1100
2023-04-28 00:00:00,83.63636016845703,46.0,46.0,46.0,46.0,0
2023-05-02 00:00:00,83.63636016845703,46.0,46.0,46.0,46.0,5500
2023-05-03 00:00:00,81.81818389892578,45.0,45.0,45.0,45.0,550
2023-05-04 00:00:00,81.81818389892578,45.0,45.0,45.0,45.0,0
2023-05-05 00:00:00,84.45454406738281,46.45,46.5,46.45,46.5,1100
2023-05-08 00:00:00,83.63636016845703,46.0,46.0,46.0,46.0,550
2023-05-09 00:00:00,83.63636016845703,46.0,46.0,46.0,46.0,0
2023-05-10 00:00:00,83.36363220214844,45.85,45.85,45.85,45.85,550
2023-05-11 00:00:00,83.36363220214844,45.85,45.85,45.85,45.85,0
2023-05-12 00:00:00,83.36363220214844,45.85,45.85,45.85,45.85,0
2023-05-15 00:00:00,76.54545593261719,42.1,42.1,42.0,42.1,3300
2023-05-16 00:00:00,76.54545593261719,42.1,42.1,42.1,42.1,0
2023-05-17 00:00:00,76.54545593261719,42.1,42.1,42.1,42.1,0
2023-05-18 00:00:00,76.54545593261719,42.1,42.1,42.1,42.1,0
2023-05-19 00:00:00,76.54545593261719,42.1,42.1,42.1,42.1,0
2023-05-22 00:00:00,78.63636016845703,43.25,44.5,42.2,42.2,5500
2023-05-23 00:00:00,77.36363220214844,42.55,42.55,41.85,42.0,1650
2023-05-24 00:00:00,77.81818389892578,42.8,42.8,42.0,42.2,4950
2023-05-25 00:00:00,76.36363220214844,42.0,42.1,42.0,42.1,4400
2023-05-26 00:00:00,76.0,41.8,42.0,41.8,42.0,2200
2023-05-29 00:00:00,76.0,41.8,41.8,41.8,41.8,0
2023-05-30 00:00:00,76.0,41.8,41.8,41.8,41.8,0
2023-05-31 00:00:00,76.0,41.8,41.8,41.8,41.8,0
2023-06-01 00:00:00,75.90908813476562,41.75,42.0,41.6,42.0,5500
2023-06-02 00:00:00,75.90908813476562,41.75,41.75,41.75,41.75,0
2023-06-05 00:00:00,76.36363220214844,42.0,42.0,41.85,41.85,2750
2023-06-06 00:00:00,76.36363220214844,42.0,42.0,42.0,42.0,0
2023-06-07 00:00:00,76.36363220214844,42.0,42.0,42.0,42.0,0
2023-06-08 00:00:00,76.36363220214844,42.0,42.0,42.0,42.0,1100
2023-06-09 00:00:00,76.36363220214844,42.0,42.0,42.0,42.0,0
2023-06-12 00:00:00,76.36363220214844,42.0,42.0,42.0,42.0,0
2023-06-13 00:00:00,76.36363220214844,42.0,42.0,42.0,42.0,0
2023-06-14 00:00:00,76.36363220214844,42.0,42.0,42.0,42.0,0
2023-06-15 00:00:00,76.36363220214844,42.0,42.0,42.0,42.0,550
2023-06-16 00:00:00,76.36363220214844,42.0,42.0,42.0,42.0,0
2023-06-19 00:00:00,82.90908813476562,45.6,41.6,41.25,41.25,4400
2023-06-20 00:00:00,77.09091186523438,42.4,42.4,40.65,40.65,2200
2023-06-21 00:00:00,77.09091186523438,42.4,42.4,42.4,42.4,0
2023-06-26 00:00:00,78.2727279663086,43.05,43.5,43.05,43.5,1650
2023-06-27 00:00:00,78.2727279663086,43.05,43.05,43.05,43.05,0
2023-06-28 00:00:00,78.2727279663086,43.05,43.05,43.05,43.05,0
2023-06-29 00:00:00,78.2727279663086,43.05,43.05,43.05,43.05,0
2023-06-30 00:00:00,78.2727279663086,43.05,43.05,43.05,43.05,0
2023-07-03 00:00:00,77.63636016845703,42.7,42.7,42.7,42.7,550
2023-07-04 00:00:00,77.63636016845703,42.7,42.7,42.7,42.7,0
2023-07-05 00:00:00,77.63636016845703,42.7,42.7,42.7,42.7,0
2023-07-06 00:00:00,77.63636016845703,42.7,42.7,42.7,42.7,0
2023-07-07 00:00:00,77.63636016845703,42.7,42.7,42.7,42.7,0
2023-07-10 00:00:00,77.63636016845703,42.7,42.7,42.7,42.7,0
2023-07-11 00:00:00,77.63636016845703,42.7,42.7,42.7,42.7,0
2023-07-12 00:00:00,77.63636016845703,42.7,42.7,42.7,42.7,0
2023-07-13 00:00:00,73.09091186523438,40.2,40.2,38.25,38.25,2750
2023-07-14 00:00:00,71.90908813476562,39.55,39.8,39.55,39.8,3850
2023-07-17 00:00:00,71.90908813476562,39.55,39.55,39.55,39.55,550
2023-07-18 00:00:00,71.90908813476562,39.55,39.55,39.55,39.55,550
2023-07-19 00:00:00,71.90908813476562,39.55,39.55,39.55,39.55,0
2023-07-20 00:00:00,71.90908813476562,39.55,39.55,39.55,39.55,0
2023-07-21 00:00:00,71.90908813476562,39.55,39.55,39.55,39.55,0
2023-07-24 00:00:00,69.09091186523438,38.0,38.0,38.0,38.0,550
2023-07-25 00:00:00,69.09091186523438,38.0,38.0,37.05,38.0,1650
2023-07-26 00:00:00,70.0,38.5,38.5,37.05,37.1,2750
2023-07-27 00:00:00,74.54545593261719,41.0,41.4,41.0,41.4,1100
2023-07-28 00:00:00,74.54545593261719,41.0,41.0,41.0,41.0,0
2023-07-31 00:00:00,74.54545593261719,41.0,41.0,41.0,41.0,0
2023-08-01 00:00:00,74.54545593261719,41.0,41.0,41.0,41.0,0
2023-08-02 00:00:00,74.54545593261719,41.0,41.0,41.0,41.0,0
2023-08-04 00:00:00,74.54545593261719,41.0,41.0,41.0,41.0,0
2023-08-07 00:00:00,72.36363220214844,39.8,37.4,37.3,37.3,1100
2023-08-08 00:00:00,72.36363220214844,39.8,39.8,39.8,39.8,0
2023-08-09 00:00:00,68.0,37.4,37.6,37.4,37.6,1650
2023-08-10 00:00:00,68.0,37.4,37.4,37.4,37.4,1100
2023-08-11 00:00:00,68.7272720336914,37.8,37.8,37.25,37.25,1650
2023-08-14 00:00:00,67.45454406738281,37.1,37.15,37.1,37.15,1100
2023-08-15 00:00:00,67.45454406738281,37.1,37.1,37.1,37.1,0
2023-08-16 00:00:00,67.45454406738281,37.1,37.1,37.1,37.1,0
2023-08-17 00:00:00,67.45454406738281,37.1,37.1,37.1,37.1,0
2023-08-18 00:00:00,67.45454406738281,37.1,37.1,37.1,37.1,0
2023-08-21 00:00:00,67.45454406738281,37.1,37.1,37.1,37.1,0
2023-08-22 00:00:00,67.45454406738281,37.1,37.1,37.1,37.1,0
2023-08-23 00:00:00,67.2727279663086,37.0,37.0,37.0,37.0,550
2023-08-24 00:00:00,67.45454406738281,37.1,37.1,37.1,37.1,550
2023-08-25 00:00:00,67.45454406738281,37.1,38.0,38.0,38.0,550
2023-08-28 00:00:00,67.45454406738281,37.1,37.1,37.1,37.1,0
2023-08-29 00:00:00,67.45454406738281,37.1,37.1,37.1,37.1,0
2023-08-30 00:00:00,67.45454406738281,37.1,37.1,37.1,37.1,0
2023-08-31 00:00:00,67.45454406738281,37.1,37.1,37.1,37.1,0
2023-09-01 00:00:00,67.45454406738281,37.1,37.1,37.1,37.1,0
2023-09-04 00:00:00,69.90908813476562,38.45,39.3,38.45,39.3,1100
2023-09-05 00:00:00,69.90908813476562,38.45,38.45,38.45,38.45,0
2023-09-06 00:00:00,69.90908813476562,38.45,38.45,38.45,38.45,0
2023-09-07 00:00:00,69.90908813476562,38.45,38.45,38.45,38.45,0
2023-09-08 00:00:00,69.90908813476562,38.45,38.45,38.45,38.45,0
2023-09-11 00:00:00,65.63636016845703,36.1,38.1,36.1,38.1,2750
2023-09-12 00:00:00,65.63636016845703,36.1,36.1,36.1,36.1,0
2023-09-13 00:00:00,65.63636016845703,36.1,36.1,36.1,36.1,0
2023-09-14 00:00:00,65.63636016845703,36.1,36.1,36.1,36.1,0
2023-09-15 00:00:00,65.63636016845703,36.1,36.1,36.1,36.1,0
2023-09-18 00:00:00,65.63636016845703,36.1,36.1,36.1,36.1,0
2023-09-19 00:00:00,65.63636016845703,36.1,36.1,36.1,36.1,0
2023-09-20 00:00:00,65.63636016845703,36.1,36.1,36.1,36.1,0
2023-09-21 00:00:00,69.09091186523438,38.0,38.0,36.75,36.75,1100
2023-09-22 00:00:00,67.2727279663086,37.0,38.0,37.0,38.0,1650
2023-09-25 00:00:00,67.63636016845703,37.2,37.25,37.2,37.25,1100
2023-09-26 00:00:00,69.81818389892578,38.4,38.4,37.2,37.2,1100
2023-09-27 00:00:00,68.18181610107422,37.5,37.5,37.5,37.5,550
2023-09-28 00:00:00,70.09091186523438,38.55,38.55,38.55,38.55,550
2023-10-02 00:00:00,67.81818389892578,37.3,37.3,37.3,37.3,550
2023-10-03 00:00:00,68.09091186523438,37.45,37.5,37.45,37.5,1100
2023-10-04 00:00:00,68.09091186523438,37.45,37.45,37.45,37.45,0
2023-10-05 00:00:00,68.09091186523438,37.45,37.45,37.45,37.45,0
2023-10-06 00:00:00,68.36363220214844,37.6,37.6,37.6,37.6,550
2023-10-11 00:00:00,75.18181610107422,41.35,41.35,37.6,37.65,9900
2023-10-12 00:00:00,75.18181610107422,41.35,41.35,41.35,41.35,550
2023-10-13 00:00:00,75.18181610107422,41.35,41.35,41.35,41.35,0
2023-10-16 00:00:00,75.18181610107422,41.35,41.35,41.35,41.35,0
2023-10-17 00:00:00,75.18181610107422,41.35,41.35,41.35,41.35,550
2023-10-18 00:00:00,74.45454406738281,40.95,40.95,37.8,38.15,2750
2023-10-19 00:00:00,68.54545593261719,37.7,37.8,37.7,37.8,3850
2023-10-20 00:00:00,68.54545593261719,37.7,37.7,37.7,37.7,0
2023-10-23 00:00:00,68.54545593261719,37.7,37.7,37.7,37.7,0
2023-10-24 00:00:00,67.45454406738281,37.1,37.1,37.1,37.1,1100
2023-10-25 00:00:00,67.63636016845703,37.2,37.2,37.2,37.2,550
2023-10-26 00:00:00,67.63636016845703,37.2,37.2,37.2,37.2,0
2023-10-27 00:00:00,72.36363220214844,39.8,39.8,38.0,38.0,1650
2023-10-30 00:00:00,72.36363220214844,39.8,39.8,39.8,39.8,0
2023-10-31 00:00:00,72.36363220214844,39.8,39.8,39.8,39.8,0
2023-11-01 00:00:00,72.36363220214844,39.8,39.8,39.8,39.8,0
2023-11-02 00:00:00,72.36363220214844,39.8,39.8,39.8,39.8,0
2023-11-03 00:00:00,77.09091186523438,42.4,42.4,42.4,42.4,550
2023-11-06 00:00:00,77.09091186523438,42.4,42.4,42.4,42.4,0
2023-11-07 00:00:00,77.09091186523438,42.4,42.4,42.4,42.4,0
2023-11-08 00:00:00,77.09091186523438,42.4,42.4,42.4,42.4,0
2023-11-09 00:00:00,77.09091186523438,42.4,42.4,42.4,42.4,0
2023-11-10 00:00:00,77.09091186523438,42.4,42.4,42.4,42.4,0
2023-11-13 00:00:00,77.09091186523438,42.4,42.4,42.4,42.4,0
2023-11-14 00:00:00,77.09091186523438,42.4,42.4,42.4,42.4,0
2023-11-15 00:00:00,77.09091186523438,42.4,42.4,42.4,42.4,0
2023-11-16 00:00:00,77.09091186523438,42.4,42.4,42.4,42.4,0
2023-11-17 00:00:00,77.09091186523438,42.4,42.4,42.4,42.4,0
2023-11-20 00:00:00,70.90908813476562,39.0,39.0,39.0,39.0,550
2023-11-21 00:00:00,70.90908813476562,39.0,39.0,39.0,39.0,0
2023-11-22 00:00:00,75.09091186523438,41.3,41.3,39.05,39.05,1650
2023-11-23 00:00:00,75.09091186523438,41.3,41.3,41.3,41.3,0
2023-11-24 00:00:00,75.09091186523438,41.3,41.3,41.3,41.3,0
2023-11-27 00:00:00,75.09091186523438,41.3,41.3,41.3,41.3,0
2023-11-28 00:00:00,75.09091186523438,41.3,41.3,41.3,41.3,0
2023-11-29 00:00:00,73.7272720336914,40.55,40.55,40.55,40.55,550
2023-11-30 00:00:00,74.90908813476562,41.2,39.05,39.05,39.05,550
2023-12-01 00:00:00,72.7272720336914,40.0,40.0,40.0,40.0,550
2023-12-04 00:00:00,72.7272720336914,40.0,40.0,40.0,40.0,0
2023-12-05 00:00:00,80.0,44.0,44.0,40.0,40.0,19800
2023-12-06 00:00:00,74.90908813476562,41.2,44.0,41.15,44.0,8800
2023-12-07 00:00:00,73.0,40.15,40.6,40.0,40.6,6050
2023-12-08 00:00:00,72.7272720336914,40.0,40.15,39.9,40.15,6050
2023-12-11 00:00:00,72.7272720336914,40.0,40.0,38.5,40.0,1650
2023-12-12 00:00:00,72.7272720336914,40.0,40.0,40.0,40.0,0
2023-12-13 00:00:00,72.7272720336914,40.0,40.0,40.0,40.0,550
2023-12-14 00:00:00,72.7272720336914,40.0,40.0,40.0,40.0,0
2023-12-15 00:00:00,70.18181610107422,38.6,38.6,38.6,38.6,550
2023-12-18 00:00:00,70.18181610107422,38.6,38.65,38.6,38.65,1100
2023-12-19 00:00:00,70.18181610107422,38.6,38.6,38.6,38.6,0
2023-12-20 00:00:00,70.18181610107422,38.6,38.6,38.6,38.6,0
2023-12-21 00:00:00,70.18181610107422,38.6,38.6,38.6,38.6,0
2023-12-22 00:00:00,72.7272720336914,40.0,40.0,39.0,39.0,4400
2023-12-25 00:00:00,71.45454406738281,39.3,39.3,38.6,38.6,5500
2023-12-26 00:00:00,71.81818389892578,39.5,39.5,39.3,39.3,4950
2023-12-27 00:00:00,70.54545593261719,38.8,38.8,38.8,38.8,4400
2023-12-28 00:00:00,70.2727279663086,38.65,38.65,38.5,38.5,3850
2023-12-29 00:00:00,72.63636016845703,39.95,40.0,39.95,39.95,2750
2024-01-02 00:00:00,72.63636016845703,39.95,39.95,39.95,39.95,0
2024-01-03 00:00:00,72.63636016845703,39.95,39.95,39.95,39.95,0
2024-01-04 00:00:00,72.63636016845703,39.95,39.95,39.95,39.95,0
2024-01-05 00:00:00,72.7272720336914,40.0,40.0,40.0,40.0,1100
2024-01-08 00:00:00,72.7272720336914,40.0,40.0,40.0,40.0,0
2024-01-09 00:00:00,72.7272720336914,40.0,40.0,40.0,40.0,0
2024-01-10 00:00:00,72.7272720336914,40.0,40.0,40.0,40.0,0
2024-01-11 00:00:00,72.7272720336914,40.0,40.0,40.0,40.0,0
2024-01-12 00:00:00,72.7272720336914,40.0,40.0,40.0,40.0,0
2024-01-15 00:00:00,72.7272720336914,40.0,40.0,40.0,40.0,0
2024-01-16 00:00:00,72.7272720336914,40.0,40.0,40.0,40.0,0
2024-01-17 00:00:00,72.7272720336914,40.0,40.0,40.0,40.0,0
2024-01-18 00:00:00,69.09091186523438,38.0,38.1,38.0,38.1,2200
2024-01-19 00:00:00,69.09091186523438,38.0,38.0,38.0,38.0,1100
2024-01-22 00:00:00,67.36363220214844,37.05,37.2,37.0,37.2,2200
2024-01-23 00:00:00,67.36363220214844,37.05,37.05,37.05,37.05,0
2024-01-24 00:00:00,67.36363220214844,37.05,37.05,37.05,37.05,0
2024-01-25 00:00:00,67.36363220214844,37.05,37.05,37.05,37.05,0
2024-01-26 00:00:00,67.36363220214844,37.05,37.05,37.05,37.05,0
2024-01-29 00:00:00,68.2727279663086,37.55,37.55,37.55,37.55,550
2024-01-30 00:00:00,68.90908813476562,37.9,37.9,36.9,37.5,3300
2024-01-31 00:00:00,68.90908813476562,37.9,37.9,37.9,37.9,0
2024-02-01 00:00:00,68.90908813476562,37.9,37.9,37.9,37.9,0
2024-02-02 00:00:00,70.90908813476562,39.0,39.0,38.85,38.85,8250
2024-02-05 00:00:00,70.90908813476562,39.0,39.0,39.0,39.0,0
2024-02-15 00:00:00,70.90908813476562,39.0,39.0,39.0,39.0,550
2024-02-16 00:00:00,70.90908813476562,39.0,39.0,39.0,39.0,0
2024-02-19 00:00:00,70.90908813476562,39.0,39.0,39.0,39.0,550
2024-02-20 00:00:00,70.90908813476562,39.0,39.0,39.0,39.0,0
2024-02-21 00:00:00,70.90908813476562,39.0,39.0,39.0,39.0,0
2024-02-22 00:00:00,70.90908813476562,39.0,39.0,39.0,39.0,0
2024-02-23 00:00:00,70.81818389892578,38.95,38.95,37.1,37.3,3850
2024-02-26 00:00:00,67.7272720336914,37.25,37.9,37.25,37.7,2200
2024-02-27 00:00:00,67.45454406738281,37.1,37.2,37.1,37.2,2200
2024-02-29 00:00:00,65.36363220214844,35.95,39.5,35.95,37.1,12100
2024-03-01 00:00:00,64.09091186523438,35.25,35.25,35.05,35.05,1100
2024-03-04 00:00:00,64.81818389892578,35.65,36.0,35.65,36.0,1100
2024-03-05 00:00:00,65.45454406738281,36.0,36.0,36.0,36.0,550
2024-03-06 00:00:00,65.45454406738281,36.0,36.5,36.0,36.5,1650
2024-03-07 00:00:00,65.45454406738281,36.0,36.0,36.0,36.0,550
2024-03-08 00:00:00,65.45454406738281,36.0,36.0,36.0,36.0,550
2024-03-11 00:00:00,65.45454406738281,36.0,36.0,36.0,36.0,0
2024-03-12 00:00:00,65.45454406738281,36.0,36.0,36.0,36.0,0
2024-03-13 00:00:00,65.45454406738281,36.0,36.0,36.0,36.0,1100
2024-03-14 00:00:00,63.6363639831543,35.0,35.5,35.0,35.5,3850
2024-03-15 00:00:00,64.90908813476562,35.7,36.0,35.7,36.0,1100
2024-03-18 00:00:00,65.45454406738281,36.0,36.0,35.5,35.5,1100
2024-03-19 00:00:00,65.45454406738281,36.0,36.0,36.0,36.0,550
2024-03-20 00:00:00,70.0,38.5,38.5,38.5,38.5,550
2024-03-21 00:00:00,66.90908813476562,36.8,39.9,36.8,39.9,1650
2024-03-22 00:00:00,66.90908813476562,36.8,36.8,36.8,36.8,0
2024-03-25 00:00:00,66.90908813476562,36.8,36.8,36.8,36.8,0
2024-03-26 00:00:00,66.90908813476562,36.8,36.8,36.8,36.8,0
2024-03-27 00:00:00,67.2727279663086,37.0,37.0,37.0,37.0,550
2024-03-28 00:00:00,67.2727279663086,37.0,37.0,37.0,37.0,0
2024-03-29 00:00:00,67.2727279663086,37.0,37.0,37.0,37.0,0
2024-04-01 00:00:00,67.2727279663086,37.0,37.0,37.0,37.0,0
2024-04-02 00:00:00,70.90908813476562,39.0,39.0,38.5,38.5,1100
2024-04-03 00:00:00,65.09091186523438,35.8,40.2,35.45,40.2,2200
2024-04-08 00:00:00,64.18181610107422,35.3,35.3,35.3,35.3,550
2024-04-09 00:00:00,64.18181610107422,35.3,35.3,35.3,35.3,0
2024-04-10 00:00:00,64.18181610107422,35.3,35.3,35.3,35.3,0
2024-04-11 00:00:00,72.54545593261719,39.9,35.2,35.2,35.2,550
2024-04-12 00:00:00,72.54545593261719,39.9,39.9,39.9,39.9,0
2024-04-15 00:00:00,72.54545593261719,39.9,39.9,39.9,39.9,0
2024-04-16 00:00:00,64.36363220214844,35.4,36.5,34.2,34.2,1650
2024-04-17 00:00:00,68.18181610107422,37.5,37.5,36.5,36.5,1100
2024-04-18 00:00:00,68.18181610107422,37.5,37.5,37.5,37.5,0
2024-04-19 00:00:00,70.90908813476562,39.0,39.0,38.9,39.0,4400
2024-04-22 00:00:00,64.90908813476562,35.7,37.8,35.1,35.1,6050
2024-04-23 00:00:00,67.09091186523438,36.9,35.7,35.7,35.7,550
2024-04-24 00:00:00,67.09091186523438,36.9,36.9,36.9,36.9,0
2024-04-25 00:00:00,66.90908813476562,36.8,36.8,36.8,36.8,550
2024-04-26 00:00:00,70.90908813476562,39.0,39.0,38.0,38.0,1100
2024-04-29 00:00:00,69.09091186523438,38.0,39.9,38.0,39.9,6600
2024-04-30 00:00:00,69.09091186523438,38.0,38.0,38.0,38.0,0
2024-05-02 00:00:00,65.09091186523438,35.8,35.8,35.8,35.8,1650
2024-05-03 00:00:00,67.81818389892578,37.3,35.8,35.8,35.8,550
2024-05-06 00:00:00,67.81818389892578,37.3,37.3,37.3,37.3,0
2024-05-07 00:00:00,67.81818389892578,37.3,37.3,37.3,37.3,0
2024-05-08 00:00:00,65.45454406738281,36.0,36.0,36.0,36.0,550
2024-05-09 00:00:00,65.45454406738281,36.0,36.0,36.0,36.0,550
2024-05-10 00:00:00,65.45454406738281,36.0,36.0,36.0,36.0,0
2024-05-13 00:00:00,65.45454406738281,36.0,36.0,36.0,36.0,0
2024-05-14 00:00:00,65.45454406738281,36.0,36.0,36.0,36.0,0
2024-05-15 00:00:00,63.727272033691406,35.05,35.3,35.05,35.3,1100
2024-05-16 00:00:00,63.818180084228516,35.1,35.1,35.1,35.1,550
2024-05-17 00:00:00,63.818180084228516,35.1,35.1,35.1,35.1,0
2024-05-20 00:00:00,64.54545593261719,35.5,35.5,35.5,35.5,550
2024-05-21 00:00:00,64.54545593261719,35.5,35.5,35.5,35.5,0
2024-05-22 00:00:00,63.0,34.65,34.8,34.65,34.8,2200
2024-05-23 00:00:00,63.0,34.65,34.65,34.65,34.65,1100
2024-05-24 00:00:00,63.0,34.65,34.65,34.65,34.65,0
2024-05-27 00:00:00,63.0,34.65,34.65,34.65,34.65,0
2024-05-28 00:00:00,63.0,34.65,34.65,34.65,34.65,0
2024-05-29 00:00:00,62.09090805053711,34.15,34.15,34.15,34.15,550
2024-05-30 00:00:00,62.09090805053711,34.15,34.15,34.15,34.15,0
2024-05-31 00:00:00,61.45454406738281,33.8,33.8,33.8,33.8,550
2024-06-03 00:00:00,63.0,34.65,34.65,34.65,34.65,550
2024-06-04 00:00:00,63.0,34.65,34.65,34.65,34.65,0
2024-06-05 00:00:00,63.0,34.65,34.65,34.65,34.65,1100
2024-06-06 00:00:00,63.54545211791992,34.95,34.95,34.95,34.95,550
2024-06-07 00:00:00,61.818180084228516,34.0,34.0,34.0,34.0,1650
2024-06-11 00:00:00,61.818180084228516,34.0,34.0,34.0,34.0,550
2024-06-12 00:00:00,61.818180084228516,34.0,34.0,34.0,34.0,1100
2024-06-13 00:00:00,67.0,36.85,36.85,32.75,33.8,4950
2024-06-14 00:00:00,67.0,36.85,36.85,36.85,36.85,0
2024-06-17 00:00:00,62.727272033691406,34.5,34.6,34.5,34.5,2200
2024-06-18 00:00:00,62.727272033691406,34.5,34.5,34.5,34.5,0
2024-06-19 00:00:00,62.727272033691406,34.5,34.5,34.5,34.5,0
2024-06-20 00:00:00,62.727272033691406,34.5,34.5,34.5,34.5,0
2024-06-21 00:00:00,62.727272033691406,34.5,34.5,34.5,34.5,0
2024-06-24 00:00:00,59.6363639831543,32.8,32.85,32.8,32.85,1100
2024-06-25 00:00:00,59.6363639831543,32.8,32.8,32.8,32.8,0
2024-06-26 00:00:00,61.54545211791992,33.85,33.85,33.85,33.85,550
2024-06-27 00:00:00,60.54545211791992,33.3,33.3,32.0,32.05,3300
2024-06-28 00:00:00,58.6363639831543,32.25,33.3,32.25,33.25,2750
2024-07-01 00:00:00,59.09090805053711,32.5,33.3,32.05,32.05,5500
2024-07-02 00:00:00,57.818180084228516,31.8,32.0,29.3,32.0,13200
2024-07-03 00:00:00,57.818180084228516,31.8,31.8,31.8,31.8,0
2024-07-04 00:00:00,56.45454406738281,31.05,31.05,30.05,30.05,1100
2024-07-05 00:00:00,55.18181610107422,30.35,31.95,29.2,31.95,9900
2024-07-08 00:00:00,54.54545211791992,30.0,30.35,30.0,30.1,3300
2024-07-09 00:00:00,54.54545211791992,30.0,30.0,30.0,30.0,0
2024-07-10 00:00:00,54.54545211791992,30.0,30.0,30.0,30.0,0
2024-07-11 00:00:00,51.45454406738281,28.3,28.3,28.2,28.2,8800
2024-07-12 00:00:00,51.45454406738281,28.3,28.3,28.0,28.0,7700
2024-07-15 00:00:00,51.45454406738281,28.3,28.3,28.3,28.3,550
2024-07-16 00:00:00,54.18181610107422,29.8,29.8,29.8,29.8,550
2024-07-17 00:00:00,52.0,28.6,29.8,28.6,29.8,1650
2024-07-18 00:00:00,52.0,28.6,28.6,28.6,28.6,0
2024-07-19 00:00:00,52.0,28.6,28.6,28.6,28.6,0
2024-07-22 00:00:00,52.0,28.6,28.6,28.6,28.6,0
2024-07-23 00:00:00,52.0,28.6,28.6,28.6,28.6,0
2024-07-26 00:00:00,52.0,28.6,28.6,28.6,28.6,0
2024-07-29 00:00:00,52.0,28.6,28.6,28.6,28.6,0
2024-07-30 00:00:00,52.0,28.6,28.6,28.6,28.6,0
2024-07-31 00:00:00,51.818180084228516,28.5,28.5,28.5,28.5,550
2024-08-01 00:00:00,48.3636360168457,26.6,27.55,26.6,27.55,1100
2024-08-02 00:00:00,47.3636360168457,26.05,26.6,26.05,26.6,3300
2024-08-05 00:00:00,42.727272033691406,23.5,23.55,23.5,23.55,1650
2024-08-06 00:00:00,46.909088134765625,25.8,25.8,24.6,24.6,1100
2024-08-07 00:00:00,51.54545211791992,28.35,25.8,25.8,25.8,40700
2024-08-08 00:00:00,51.54545211791992,28.35,28.35,28.35,28.35,0
2024-08-09 00:00:00,51.54545211791992,28.35,28.35,28.35,28.35,0
2024-08-12 00:00:00,49.45454406738281,27.2,27.2,27.2,27.2,550
2024-08-13 00:00:00,49.45454406738281,27.2,27.2,27.2,27.2,0
2024-08-14 00:00:00,49.45454406738281,27.2,27.2,27.2,27.2,0
2024-08-15 00:00:00,49.45454406738281,27.2,27.2,27.2,27.2,0
2024-08-16 00:00:00,49.45454406738281,27.2,27.2,27.2,27.2,0
2024-08-19 00:00:00,50.45454406738281,27.75,27.75,27.75,27.75,6050
2024-08-20 00:00:00,50.45454406738281,27.75,27.75,27.75,27.75,0
2024-08-21 00:00:00,43.6363639831543,24.0,24.0,24.0,24.0,550
2024-08-22 00:00:00,43.6363639831543,24.0,24.0,24.0,24.0,0
2024-08-23 00:00:00,43.6363639831543,24.0,24.0,24.0,24.0,0
2024-08-26 00:00:00,43.6363639831543,24.0,24.0,24.0,24.0,0
2024-08-27 00:00:00,45.818180084228516,25.2,25.2,25.2,25.2,1100
2024-08-28 00:00:00,47.45454406738281,26.1,27.7,26.1,26.95,4950
2024-08-29 00:00:00,47.45454406738281,26.1,26.1,26.1,26.1,0
2024-08-30 00:00:00,47.45454406738281,26.1,26.1,26.1,26.1,0
2024-09-02 00:00:00,47.45454406738281,26.1,26.1,26.1,26.1,0
2024-09-03 00:00:00,47.45454406738281,26.1,26.1,26.1,26.1,0
2024-09-04 00:00:00,47.45454406738281,26.1,26.1,26.1,26.1,0
2024-09-05 00:00:00,47.45454406738281,26.1,26.1,26.1,26.1,0
2024-09-06 00:00:00,47.45454406738281,26.1,26.1,26.1,26.1,0
2024-09-09 00:00:00,47.45454406738281,26.1,26.1,26.1,26.1,0
2024-09-10 00:00:00,47.45454406738281,26.1,26.1,26.1,26.1,0
2024-09-11 00:00:00,47.45454406738281,26.1,26.1,26.1,26.1,0
2024-09-12 00:00:00,47.45454406738281,26.1,26.1,26.1,26.1,0
2024-09-13 00:00:00,55.909088134765625,30.75,28.0,28.0,28.0,550
2024-09-16 00:00:00,51.0,28.05,28.05,28.05,28.05,550
2024-09-18 00:00:00,54.54545211791992,30.0,30.85,30.0,30.0,20350
2024-09-19 00:00:00,52.18181610107422,28.7,31.9,28.55,30.0,22000
2024-09-20 00:00:00,53.6363639831543,29.5,29.5,27.6,28.05,6050
2024-09-23 00:00:00,55.3636360168457,30.45,30.9,30.4,30.4,2750
2024-09-24 00:00:00,55.54545211791992,30.55,30.85,30.55,30.6,3850
2024-09-25 00:00:00,55.54545211791992,30.55,30.55,30.55,30.55,3300
2024-09-26 00:00:00,54.0,29.7,30.55,29.7,30.5,4400
2024-09-27 00:00:00,52.727272033691406,29.0,29.7,29.0,29.7,3850
2024-09-30 00:00:00,52.727272033691406,29.0,29.0,29.0,29.0,1100
2024-10-01 00:00:00,52.727272033691406,29.0,29.0,29.0,29.0,0
2024-10-04 00:00:00,52.727272033691406,29.0,29.0,29.0,29.0,0
2024-10-07 00:00:00,52.727272033691406,29.0,29.0,29.0,29.0,0
2024-10-08 00:00:00,52.727272033691406,29.0,29.0,29.0,29.0,2750
2024-10-09 00:00:00,52.727272033691406,29.0,29.0,29.0,29.0,0
2024-10-11 00:00:00,52.727272033691406,29.0,29.0,29.0,29.0,0
2024-10-14 00:00:00,52.727272033691406,29.0,29.0,29.0,29.0,0
2024-10-15 00:00:00,52.727272033691406,29.0,29.0,29.0,29.0,1100
2024-10-16 00:00:00,52.727272033691406,29.0,29.0,29.0,29.0,0
2024-10-17 00:00:00,52.727272033691406,29.0,29.0,29.0,29.0,0
2024-10-18 00:00:00,52.727272033691406,29.0,29.0,29.0,29.0,0
2024-10-21 00:00:00,52.727272033691406,29.0,29.0,29.0,29.0,0
2024-10-22 00:00:00,52.727272033691406,29.0,29.0,29.0,29.0,0
2024-10-23 00:00:00,52.727272033691406,29.0,29.0,29.0,29.0,0
2024-10-24 00:00:00,57.909088134765625,31.85,29.0,29.0,29.0,1100
2024-10-25 00:00:00,57.909088134765625,31.85,31.85,31.85,31.85,0
2024-10-28 00:00:00,57.909088134765625,31.85,31.85,31.85,31.85,0
2024-10-29 00:00:00,52.727272033691406,29.0,29.0,29.0,29.0,3300
2024-10-30 00:00:00,52.727272033691406,29.0,29.0,29.0,29.0,0
2024-11-01 00:00:00,52.727272033691406,29.0,29.0,29.0,29.0,0
2024-11-04 00:00:00,52.727272033691406,29.0,29.0,29.0,29.0,0
2024-11-05 00:00:00,52.727272033691406,29.0,29.0,29.0,29.0,0
2024-11-06 00:00:00,52.727272033691406,29.0,29.0,29.0,29.0,0
2024-11-07 00:00:00,52.727272033691406,29.0,29.0,29.0,29.0,550
2024-11-08 00:00:00,52.727272033691406,29.0,29.0,29.0,29.0,0
2024-11-11 00:00:00,48.0,26.4,26.45,26.15,26.2,4950
2024-11-12 00:00:00,48.0,26.4,26.4,26.4,26.4,0
2024-11-13 00:00:00,50.818180084228516,27.95,27.95,27.95,27.95,550
2024-11-14 00:00:00,50.818180084228516,27.95,27.95,27.95,27.95,0
2024-11-15 00:00:00,50.818180084228516,27.95,27.95,27.95,27.95,0
2024-11-18 00:00:00,50.818180084228516,27.95,27.95,27.95,27.95,0
2024-11-19 00:00:00,50.818180084228516,27.95,27.95,27.95,27.95,0
2024-11-20 00:00:00,50.818180084228516,27.95,27.95,27.95,27.95,0
2024-11-21 00:00:00,50.909088134765625,28.0,28.0,25.3,25.3,3850
2024-11-22 00:00:00,50.909088134765625,28.0,28.0,28.0,28.0,0
2024-11-25 00:00:00,50.909088134765625,28.0,28.0,28.0,28.0,0
2024-11-26 00:00:00,46.45454406738281,25.55,25.55,25.55,25.55,550
2024-11-27 00:00:00,46.45454406738281,25.55,25.55,25.55,25.55,0
2024-11-28 00:00:00,46.45454406738281,25.55,25.55,25.55,25.55,0
2024-11-29 00:00:00,46.3636360168457,25.5,25.5,25.5,25.5,6050
2024-12-02 00:00:00,46.3636360168457,25.5,25.5,25.5,25.5,0
2024-12-03 00:00:00,46.3636360168457,25.5,25.5,25.5,25.5,0
2024-12-04 00:00:00,46.3636360168457,25.5,25.5,25.5,25.5,0
2024-12-05 00:00:00,46.3636360168457,25.5,25.5,25.5,25.5,0
2024-12-06 00:00:00,61.54545211791992,33.85,33.85,33.85,33.85,1650
2024-12-09 00:00:00,55.54545211791992,30.55,37.0,30.55,37.0,6050
2024-12-10 00:00:00,51.909088134765625,28.55,28.55,28.55,28.55,550
2024-12-11 00:00:00,51.909088134765625,28.55,28.55,28.55,28.55,0
2024-12-12 00:00:00,51.909088134765625,28.55,28.55,28.55,28.55,0
2024-12-13 00:00:00,42.727272033691406,23.5,25.0,23.4,25.0,6050
2024-12-16 00:00:00,47.0,25.85,25.45,23.3,24.6,14300
2024-12-17 00:00:00,40.6363639831543,22.35,23.0,21.5,22.7,17600
2024-12-18 00:00:00,41.818180084228516,23.0,22.3,20.45,20.45,2200
2024-12-19 00:00:00,41.818180084228516,23.0,23.0,21.35,23.0,8800
2024-12-20 00:00:00,42.18181610107422,23.2,25.2,21.8,25.2,10450
2024-12-23 00:00:00,45.45454406738281,25.0,25.0,25.0,25.0,550
2024-12-24 00:00:00,49.54545211791992,27.25,27.25,27.25,27.25,550
2024-12-25 00:00:00,49.45454406738281,27.2,28.8,24.55,28.8,6600
2024-12-26 00:00:00,46.18181610107422,25.4,26.6,24.55,26.6,2750
2024-12-27 00:00:00,41.818180084228516,23.0,25.4,22.9,25.4,10450
2024-12-30 00:00:00,37.6363639831543,20.7,23.7,20.7,23.7,44000
2024-12-31 00:00:00,39.18181610107422,21.55,21.55,18.65,19.0,35200
2025-01-02 00:00:00,39.181819915771484,39.18,39.18,39.18,39.18,0
2025-01-03 00:00:00,39.181819915771484,39.18,39.18,39.18,39.18,0
2025-01-06 00:00:00,39.181819915771484,39.18,39.18,39.18,39.18,0
2025-01-07 00:00:00,39.181819915771484,39.18,39.18,39.18,39.18,0
2025-01-08 00:00:00,39.181819915771484,39.18,39.18,39.18,39.18,0
2025-01-09 00:00:00,39.181819915771484,39.18,39.18,39.18,39.18,0
2025-01-10 00:00:00,39.181819915771484,39.18,39.18,39.18,39.18,0
2025-01-13 00:00:00,35.5,35.5,39.9,35.35,35.35,7000
2025-01-14 00:00:00,35.45000076293945,35.45,39.45,36.15,39.0,6000
2025-01-15 00:00:00,39.0,39.0,40.3,35.45,40.3,5000
2025-01-16 00:00:00,42.04999923706055,42.05,38.85,34.7,38.85,7000
2025-01-17 00:00:00,37.349998474121094,37.35,37.35,34.75,34.8,6000
2025-01-20 00:00:00,34.5,34.5,40.6,33.9,38.4,13000
2025-01-21 00:00:00,34.45000076293945,34.45,34.7,34.45,34.7,2000
2025-01-22 00:00:00,34.400001525878906,34.4,34.4,34.4,34.4,1000
2025-02-03 00:00:00,32.54999923706055,32.55,34.35,31.5,31.5,3002
2025-02-04 00:00:00,32.5,32.5,32.5,31.8,31.8,2001
2025-02-05 00:00:00,32.400001525878906,32.4,32.4,30.25,30.25,3287
2025-02-06 00:00:00,33.400001525878906,33.4,33.4,33.4,33.4,1283
2025-02-07 00:00:00,33.75,33.75,33.75,32.45,32.45,3203
2025-02-10 00:00:00,33.79999923706055,33.8,33.8,33.8,33.8,1004
2025-02-11 00:00:00,30.549999237060547,30.55,36.35,30.45,32.8,67008
2025-02-12 00:00:00,31.450000762939453,31.45,31.45,30.9,30.95,3003
2025-02-13 00:00:00,31.899999618530273,31.9,33.85,30.65,31.3,14004
2025-02-14 00:00:00,34.75,34.75,34.75,29.55,30.75,44020
2025-02-17 00:00:00,35.70000076293945,35.7,36.0,34.25,36.0,8018
2025-02-18 00:00:00,35.95000076293945,35.95,35.95,32.75,32.75,8095
2025-02-19 00:00:00,35.849998474121094,35.85,35.85,35.85,35.85,1021
2025-02-20 00:00:00,35.5,35.5,35.75,34.35,34.35,10047
2025-02-21 00:00:00,34.099998474121094,34.1,35.3,34.1,35.3,3187
2025-02-24 00:00:00,34.04999923706055,34.05,35.9,33.05,33.1,16100
2025-02-25 00:00:00,35.45000076293945,35.45,35.5,34.3,35.2,4011
2025-02-26 00:00:00,37.79999923706055,37.8,37.8,36.65,36.65,2002
2025-02-27 00:00:00,34.599998474121094,34.6,37.65,34.15,37.45,11059
2025-03-03 00:00:00,37.099998474121094,37.1,37.1,33.75,35.8,8035
2025-03-04 00:00:00,39.900001525878906,39.9,40.0,34.65,37.05,10345
2025-03-05 00:00:00,39.400001525878906,39.4,39.4,37.8,37.8,3004
2025-03-06 00:00:00,42.349998474121094,42.35,42.35,36.0,37.3,5006
2025-03-07 00:00:00,41.75,41.75,42.3,38.15,42.3,11354
2025-03-10 00:00:00,37.650001525878906,37.65,41.7,37.65,41.7,2969
2025-03-11 00:00:00,39.400001525878906,39.4,41.2,35.2,38.95,10213
2025-03-12 00:00:00,39.650001525878906,39.65,41.95,37.15,40.75,11287
2025-03-13 00:00:00,38.349998474121094,38.35,39.45,37.1,39.45,6004
2025-03-14 00:00:00,37.900001525878906,37.9,37.9,37.45,37.45,2003
2025-03-17 00:00:00,35.849998474121094,35.85,38.2,35.35,35.35,5018
2025-03-18 00:00:00,36.95000076293945,36.95,37.9,33.95,34.05,19012
2025-03-19 00:00:00,36.900001525878906,36.9,36.9,36.9,36.9,1016
2025-03-20 00:00:00,36.849998474121094,36.85,36.85,36.85,36.85,1001
2025-03-21 00:00:00,36.79999923706055,36.8,36.8,36.8,36.8,1014
2025-03-24 00:00:00,37.95000076293945,37.95,37.95,37.95,37.95,1000
2025-03-25 00:00:00,36.79999923706055,36.8,37.85,34.25,37.85,10002
2025-03-26 00:00:00,36.75,36.75,36.75,36.75,36.75,1002
2025-03-27 00:00:00,35.95000076293945,35.95,37.45,33.5,37.45,7002
2025-03-28 00:00:00,35.75,35.75,35.8,35.75,35.8,2025
2025-03-31 00:00:00,33.29999923706055,33.3,36.95,32.2,36.95,25350
2025-04-01 00:00:00,34.599998474121094,34.6,34.65,30.0,30.05,50001
2025-04-02 00:00:00,31.200000762939453,31.2,33.6,31.15,33.6,11071
2025-04-07 00:00:00,28.149999618530273,28.15,31.15,28.1,31.15,11085
2025-04-08 00:00:00,27.450000762939453,27.45,29.9,25.4,28.95,16200
2025-04-09 00:00:00,24.799999237060547,24.8,29.85,24.8,28.4,7001
2025-04-10 00:00:00,27.149999618530273,27.15,27.15,27.15,27.15,2004
2025-04-11 00:00:00,28.100000381469727,28.1,28.1,28.1,28.1,1000
2025-04-14 00:00:00,26.25,26.25,29.95,25.55,28.95,14045
2025-04-15 00:00:00,26.0,26.0,27.6,25.65,27.15,9012
2025-04-16 00:00:00,26.899999618530273,26.9,26.9,26.9,26.9,1000
2025-04-17 00:00:00,27.799999237060547,27.8,27.8,27.8,27.8,1000
2025-04-18 00:00:00,28.75,28.75,28.75,28.75,28.75,1001
2025-04-21 00:00:00,26.5,26.5,29.7,26.05,29.7,8000
2025-04-22 00:00:00,25.549999237060547,25.55,27.25,24.35,27.25,17000
2025-04-23 00:00:00,25.950000762939453,25.95,27.7,25.0,26.4,11000
2025-04-24 00:00:00,25.649999618530273,25.65,26.65,24.3,26.65,10000
2025-04-25 00:00:00,25.649999618530273,25.65,27.75,25.65,25.9,12000
2025-04-28 00:00:00,26.700000762939453,26.7,27.65,26.7,26.8,3000
2025-04-29 00:00:00,29.049999237060547,29.05,29.05,27.6,27.6,8300
2025-04-30 00:00:00,29.25,29.25,30.0,28.3,30.0,3000
2025-05-02 00:00:00,30.0,30.0,30.2,28.15,30.2,7000
2025-05-05 00:00:00,32.54999923706055,32.55,32.55,31.05,31.05,3000
2025-05-06 00:00:00,30.899999618530273,30.9,34.3,29.3,32.2,14000
2025-05-07 00:00:00,28.899999618530273,28.9,30.7,27.85,30.7,24069
2025-05-08 00:00:00,28.600000381469727,28.6,28.75,27.75,28.35,7000
2025-05-09 00:00:00,28.899999618530273,28.9,28.9,28.9,28.9,1000
2025-05-12 00:00:00,29.850000381469727,29.85,29.85,28.9,28.9,8000
2025-05-13 00:00:00,29.899999618530273,29.9,31.9,29.5,30.85,13000
2025-05-14 00:00:00,30.5,30.5,30.5,30.5,30.5,1000
2025-05-15 00:00:00,30.799999237060547,30.8,30.8,30.8,30.8,1421000
2025-05-16 00:00:00,31.5,31.5,31.55,30.25,30.25,6000
2025-05-19 00:00:00,32.599998474121094,32.6,33.65,31.5,32.7,6120
2025-05-20 00:00:00,34.79999923706055,34.8,34.8,31.45,31.45,7750
2025-05-21 00:00:00,35.650001525878906,35.65,35.65,32.15,33.6,7817
2025-05-22 00:00:00,36.099998474121094,36.1,36.1,35.55,35.55,2183
2025-05-23 00:00:00,35.70000076293945,35.7,35.7,33.05,33.05,4000
2025-05-26 00:00:00,36.099998474121094,36.1,36.1,35.65,35.65,2003
2025-05-27 00:00:00,36.70000076293945,36.7,36.7,36.45,36.45,2003
2025-05-28 00:00:00,36.349998474121094,36.35,36.45,35.0,36.35,7000
2025-05-29 00:00:00,36.45000076293945,36.45,36.45,35.95,35.95,2000
2025-06-02 00:00:00,35.45000076293945,35.45,35.55,33.85,34.75,5000
2025-06-03 00:00:00,35.400001525878906,35.4,35.7,33.85,35.45,9001
2025-06-04 00:00:00,35.70000076293945,35.7,35.7,35.7,35.7,1000
2025-06-05 00:00:00,34.849998474121094,34.85,35.95,33.85,35.95,3000
2025-06-06 00:00:00,34.79999923706055,34.8,35.75,34.5,35.75,3099
2025-06-09 00:00:00,35.5,35.5,35.5,35.5,35.5,1299
2025-06-10 00:00:00,34.95000076293945,34.95,35.75,33.6,35.75,6000
2025-06-11 00:00:00,35.70000076293945,35.7,35.7,34.05,35.15,4000
2025-06-12 00:00:00,34.70000076293945,34.7,35.6,34.7,35.6,2000
2025-06-13 00:00:00,34.79999923706055,34.8,35.1,33.9,35.1,3003
2025-06-16 00:00:00,33.849998474121094,33.85,35.75,33.15,35.75,7000
2025-06-17 00:00:00,34.95000076293945,34.95,34.95,34.95,34.95,1000
2025-06-18 00:00:00,35.599998474121094,35.6,35.6,35.6,35.6,1001
2025-06-19 00:00:00,33.95000076293945,33.95,35.5,33.05,35.5,5000
2025-06-20 00:00:00,34.349998474121094,34.35,34.35,34.35,34.35,1000
2025-06-23 00:00:00,34.849998474121094,34.85,34.85,34.85,34.85,1150
2025-06-24 00:00:00,33.70000076293945,33.7,34.95,32.0,34.95,7456
2025-06-25 00:00:00,34.099998474121094,34.1,34.45,32.5,33.35,5225
2025-06-26 00:00:00,33.45000076293945,33.45,34.35,32.45,32.5,6001
2025-06-27 00:00:00,32.599998474121094,32.6,34.1,32.35,34.1,6001
2025-06-30 00:00:00,33.70000076293945,33.7,33.7,33.7,33.7,1420
2025-07-01 00:00:00,32.599998474121094,32.6,33.55,32.6,33.55,2000
2025-07-02 00:00:00,34.099998474121094,34.1,34.1,33.6,33.6,2000
2025-07-03 00:00:00,33.95000076293945,33.95,33.95,33.95,33.95,1862
2025-07-04 00:00:00,33.79999923706055,33.8,33.8,33.8,33.8,1000
2025-07-07 00:00:00,33.79999923706055,33.8,33.8,33.8,33.8,1000
2025-07-08 00:00:00,33.79999923706055,33.8,33.8,33.8,33.8,1574
2025-07-09 00:00:00,33.79999923706055,33.8,33.8,33.8,33.8,1000
2025-07-10 00:00:00,33.45000076293945,33.45,34.6,33.45,33.7,4200
2025-07-11 00:00:00,33.400001525878906,33.4,33.4,33.4,33.4,1000
2025-07-14 00:00:00,34.900001525878906,34.9,34.9,32.45,32.45,4284
2025-07-15 00:00:00,33.849998474121094,33.85,34.75,32.7,34.75,5000
2025-07-16 00:00:00,33.150001525878906,33.15,33.3,32.2,33.3,3000
2025-07-17 00:00:00,32.5,32.5,33.1,32.5,33.1,2000
2025-07-18 00:00:00,33.54999923706055,33.55,33.55,32.5,32.5,2000
2025-07-21 00:00:00,31.799999237060547,31.8,33.75,31.0,33.75,6003
2025-07-22 00:00:00,31.350000381469727,31.35,32.45,31.35,32.45,5000
2025-07-23 00:00:00,31.799999237060547,31.8,31.8,31.8,31.8,1000
2025-07-24 00:00:00,33.70000076293945,33.7,33.7,30.8,30.8,4000
2025-07-25 00:00:00,33.400001525878906,33.4,33.55,31.55,33.55,4000
2025-07-28 00:00:00,32.599998474121094,32.6,33.25,31.55,33.25,4000
2025-07-29 00:00:00,33.150001525878906,33.15,33.15,33.15,33.15,1000
2025-07-30 00:00:00,33.150001525878906,33.15,33.15,33.15,33.15,1000
2025-07-31 00:00:00,32.900001525878906,32.9,33.2,30.65,33.2,4000
2025-08-04 00:00:00,31.850000381469727,31.85,32.8,30.0,32.8,24028
2025-08-05 00:00:00,30.899999618530273,30.9,30.95,29.4,29.4,10360
2025-08-06 00:00:00,31.450000762939453,31.45,31.45,31.45,31.45,1000
2025-08-07 00:00:00,30.5,30.5,30.5,30.0,30.05,10000
2025-08-08 00:00:00,30.950000762939453,30.95,30.95,30.95,30.95,1000
2025-08-11 00:00:00,30.899999618530273,30.9,30.9,30.9,30.9,1000
2025-08-12 00:00:00,29.950000762939453,29.95,30.5,29.1,29.2,12000
2025-08-13 00:00:00,29.799999237060547,29.8,29.8,29.8,29.8,1030
2025-08-14 00:00:00,29.75,29.75,29.9,29.0,29.45,6002
2025-08-15 00:00:00,29.200000762939453,29.2,32.35,29.05,31.35,14000
2025-08-18 00:00:00,31.549999237060547,31.55,31.6,27.65,29.6,20000
2025-08-19 00:00:00,29.450000762939453,29.45,33.85,28.6,31.55,20068
2025-08-20 00:00:00,28.0,28.0,29.1,27.5,28.1,15894
2025-08-21 00:00:00,28.950000762939453,28.95,28.95,28.5,28.5,2000
2025-08-22 00:00:00,28.799999237060547,28.8,28.8,28.2,28.2,12003
2025-08-25 00:00:00,28.75,28.75,28.95,27.8,27.8,11005
2025-08-26 00:00:00,27.850000381469727,27.85,28.45,26.95,27.6,13011
2025-08-27 00:00:00,27.799999237060547,27.8,27.8,26.95,27.5,7040
2025-08-28 00:00:00,27.299999237060547,27.3,28.3,26.0,27.8,22000
2025-08-29 00:00:00,25.950000762939453,25.95,27.25,25.8,27.25,15546
2025-09-01 00:00:00,25.799999237060547,25.8,25.9,25.0,25.9,8040
2025-09-02 00:00:00,25.75,25.75,25.75,25.0,25.2,13000
2025-09-03 00:00:00,24.850000381469727,24.85,25.7,24.8,25.7,7500
2025-09-04 00:00:00,24.799999237060547,24.8,26.5,24.25,24.25,13061
2025-09-05 00:00:00,27.25,27.25,27.25,26.8,26.8,91862
2025-09-08 00:00:00,24.649999618530273,24.65,25.65,24.55,25.6,98002
2025-09-09 00:00:00,24.5,24.5,24.7,23.95,24.65,23000
2025-09-10 00:00:00,24.450000762939453,24.45,25.4,24.2,24.5,28000
2025-09-11 00:00:00,24.0,24.0,24.95,23.8,24.5,51000
2025-09-12 00:00:00,23.850000381469727,23.85,24.35,23.2,24.2,13000
2025-09-15 00:00:00,23.799999237060547,23.8,24.75,23.5,23.95,25000
2025-09-16 00:00:00,23.75,23.75,24.6,23.4,23.8,21000
2025-09-17 00:00:00,23.700000762939453,23.7,23.7,23.4,23.4,3000
2025-09-18 00:00:00,23.450000762939453,23.45,23.45,22.15,23.35,19000
2025-09-19 00:00:00,23.299999237060547,23.3,23.3,23.3,23.3,1000
2025-09-22 00:00:00,24.600000381469727,24.6,25.2,23.6,23.6,10002
2025-09-23 00:00:00,25.200000762939453,25.2,25.7,24.95,24.95,7000
2025-09-24 00:00:00,24.450000762939453,24.45,25.05,23.65,25.05,12001
2025-09-25 00:00:00,24.549999237060547,24.55,25.65,24.3,24.45,7001
2025-09-26 00:00:00,24.549999237060547,24.55,24.55,24.55,24.55,1001
2025-09-30 00:00:00,23.799999237060547,23.8,25.05,23.8,25.05,4000
2025-10-01 00:00:00,24.100000381469727,24.1,24.6,23.55,24.6,10045
2025-10-02 00:00:00,22.950000762939453,22.95,24.1,22.7,24.05,20301
2025-10-03 00:00:00,23.75,23.75,23.75,23.75,23.75,1000
2025-10-07 00:00:00,23.899999618530273,23.9,24.25,23.0,24.25,4000
2025-10-08 00:00:00,22.799999237060547,22.8,23.85,22.5,23.85,27001
2025-10-09 00:00:00,22.799999237060547,22.8,22.8,22.6,22.7,23000
2025-10-13 00:00:00,23.0,23.0,23.0,22.0,22.15,9250
2025-10-14 00:00:00,23.100000381469727,23.1,23.7,22.8,23.7,9300
2025-10-15 00:00:00,22.75,22.75,23.4,22.75,23.4,5001
2025-10-16 00:00:00,22.850000381469727,22.85,23.25,22.85,23.25,13000
2025-10-17 00:00:00,23.5,23.5,23.5,23.5,23.5,1000
2025-10-20 00:00:00,22.299999237060547,22.3,23.65,22.2,23.65,36439
2025-10-21 00:00:00,22.450000762939453,22.45,22.65,21.95,22.65,9000
2025-10-22 00:00:00,22.399999618530273,22.4,22.55,21.65,22.3,4198
2025-10-23 00:00:00,22.299999237060547,22.3,22.3,22.0,22.1,16002
2025-10-27 00:00:00,21.600000381469727,21.6,22.45,21.35,22.45,16000
2025-10-28 00:00:00,21.299999237060547,21.3,21.3,20.6,21.15,7300
2025-10-29 00:00:00,21.700000762939453,21.7,21.9,21.1,21.9,4000
2025-10-30 00:00:00,21.299999237060547,21.3,21.7,20.95,21.7,10000
2025-10-31 00:00:00,21.950000762939453,21.95,21.95,21.0,21.25,8000
2025-11-03 00:00:00,21.100000381469727,21.1,21.9,21.0,21.9,13450
2025-11-04 00:00:00,20.700000762939453,20.7,20.75,19.95,20.5,17083
2025-11-05 00:00:00,20.399999618530273,20.4,20.4,19.95,19.95,3000
2025-11-06 00:00:00,21.75,21.75,21.75,20.35,20.35,17000
2025-11-07 00:00:00,21.5,21.5,21.5,21.45,21.5,3000
2025-11-10 00:00:00,22.450000762939453,22.45,22.45,21.0,21.0,6000
2025-11-11 00:00:00,22.649999618530273,22.65,22.65,22.2,22.4,7000
2025-11-12 00:00:00,24.100000381469727,24.1,24.9,22.6,22.6,80000
2025-11-13 00:00:00,24.350000381469727,24.35,26.5,23.5,24.0,65001
2025-11-14 00:00:00,22.600000381469727,22.6,24.95,21.95,24.15,37033
2025-11-17 00:00:00,24.299999237060547,24.3,24.85,23.2,23.2,69000
2025-11-18 00:00:00,22.600000381469727,22.6,25.15,22.6,24.3,44385
2025-11-19 00:00:00,22.899999618530273,22.9,23.45,21.95,23.45,28192
2025-11-20 00:00:00,22.700000762939453,22.7,23.4,22.65,22.75,12000
2025-11-21 00:00:00,22.700000762939453,22.7,23.45,22.7,23.45,4000
2025-11-24 00:00:00,22.899999618530273,22.9,23.45,21.55,23.45,9000
2025-11-25 00:00:00,21.549999237060547,21.55,23.7,20.85,22.9,30093
2025-11-26 00:00:00,22.299999237060547,22.3,22.55,21.05,21.5,32000
2025-11-27 00:00:00,22.950000762939453,22.95,22.95,22.95,22.95,1287
2025-11-28 00:00:00,22.5,22.5,24.65,22.5,22.95,23010
2025-12-01 00:00:00,23.25,23.25,23.5,23.25,23.4,6000
2025-12-02 00:00:00,24.700000762939453,24.7,25.55,23.45,23.5,48000
2025-12-03 00:00:00,27.0,27.0,27.0,23.6,26.0,53000
2025-12-04 00:00:00,27.5,27.5,28.0,24.85,27.8,41011
2025-12-05 00:00:00,25.799999237060547,25.8,28.35,24.9,25.2,61000
2025-12-08 00:00:00,26.799999237060547,26.8,27.2,24.05,25.35,39000
2025-12-09 00:00:00,27.200000762939453,27.2,27.4,26.05,27.4,24000
2025-12-10 00:00:00,27.200000762939453,27.2,27.25,26.1,27.2,68000
2025-12-11 00:00:00,27.350000381469727,27.35,27.4,26.8,27.1,22287
2025-12-12 00:00:00,29.899999618530273,29.9,30.05,27.5,27.5,64000
2025-12-15 00:00:00,28.25,28.25,30.6,28.25,28.85,46000
2025-12-16 00:00:00,29.549999237060547,29.55,29.9,28.3,29.2,16250
2025-12-17 00:00:00,29.450000762939453,29.45,30.5,28.5,30.5,45000
2025-12-18 00:00:00,27.350000381469727,27.35,29.95,26.55,29.95,50073
2025-12-19 00:00:00,28.049999237060547,28.05,28.15,27.8,28.15,6000
2025-12-22 00:00:00,29.700000762939453,29.7,30.45,27.55,27.55,28151
2025-12-23 00:00:00,28.850000381469727,28.85,29.6,26.75,29.55,67000
2025-12-24 00:00:00,29.200000762939453,29.2,29.2,28.55,28.8,11003
2025-12-26 00:00:00,28.700000762939453,28.7,28.8,26.8,28.8,16737
2025-12-29 00:00:00,27.850000381469727,27.85,28.15,27.1,27.1,7000
2025-12-30 00:00:00,26.950000762939453,26.95,27.85,26.3,27.85,74000
2025-12-31 00:00:00,27.700000762939453,27.7,28.15,26.95,27.85,18000
2026-01-02 00:00:00,28.049999237060547,28.05,28.65,27.35,28.55,20001
2026-01-05 00:00:00,28.450000762939453,28.45,28.45,27.95,27.95,4000
2026-01-06 00:00:00,27.5,27.5,28.4,27.5,28.4,2000
2026-01-07 00:00:00,29.0,29.0,29.0,27.9,27.9,7000
2026-01-08 00:00:00,28.649999618530273,28.65,30.45,27.35,28.0,50002
2026-01-09 00:00:00,29.200000762939453,29.2,29.2,29.15,29.2,3099
2026-01-12 00:00:00,29.0,29.0,30.0,28.65,28.65,14000
2026-01-13 00:00:00,28.049999237060547,28.05,29.0,28.05,29.0,3000
2026-01-14 00:00:00,28.899999618530273,28.9,29.85,27.9,28.05,20000
2026-01-15 00:00:00,28.899999618530273,28.9,29.75,28.75,28.85,22000
2026-01-16 00:00:00,29.200000762939453,29.2,29.2,29.2,29.2,2001
2026-01-19 00:00:00,29.399999618530273,29.4,30.0,29.0,29.15,18000
2026-01-20 00:00:00,29.850000381469727,29.85,32.2,29.35,29.35,43099
2026-01-21 00:00:00,29.450000762939453,29.45,29.95,28.45,29.95,9002
2026-01-22 00:00:00,30.450000762939453,30.45,32.35,29.2,29.2,67300
2026-01-23 00:00:00,31.399999618530273,31.4,31.5,29.4,30.45,34001
2026-01-26 00:00:00,34.5,34.5,34.5,29.8,30.5,130000
2026-01-27 00:00:00,37.95000076293945,37.95,37.95,34.0,34.35,106100
2026-01-28 00:00:00,41.70000076293945,41.7,41.7,37.95,37.95,128036
2026-01-29 00:00:00,40.0,40.0,44.45,38.0,40.0,115000
2026-01-30 00:00:00,40.45000076293945,40.45,42.25,37.8,39.3,37017
2026-02-02 00:00:00,40.599998474121094,40.6,40.95,37.85,37.85,33001
2026-02-03 00:00:00,42.599998474121094,42.6,42.95,39.15,40.95,39100
2026-02-04 00:00:00,45.25,45.25,46.4,43.0,46.3,20205
2026-02-05 00:00:00,45.0,45.0,47.45,44.9,47.45,34000
2026-02-06 00:00:00,45.95000076293945,45.95,46.5,44.0,44.6,17100
2026-02-09 00:00:00,45.849998474121094,45.85,46.8,42.2,42.2,23000
2026-02-10 00:00:00,44.70000076293945,44.7,46.65,42.65,46.65,20000
2026-02-11 00:00:00,42.25,42.25,44.4,40.8,44.4,19047
2026-02-23 00:00:00,43.150001525878906,43.15,44.4,39.3,42.15,20000
2026-02-24 00:00:00,43.099998474121094,43.1,44.7,40.35,44.7,11000
2026-02-25 00:00:00,43.099998474121094,43.1,44.85,41.05,44.85,15000
2026-02-26 00:00:00,43.20000076293945,43.2,43.9,43.1,43.1,5014
2026-03-02 00:00:00,41.95000076293945,41.95,44.05,39.0,44.05,21000
2026-03-03 00:00:00,41.29999923706055,41.3,41.3,38.5,38.65,16001
2026-03-04 00:00:00,37.20000076293945,37.2,40.7,37.2,40.7,9158
2026-03-05 00:00:00,39.29999923706055,39.3,39.6,37.95,38.5,15053
2026-03-06 00:00:00,40.95000076293945,40.95,40.95,40.65,40.65,2042
2026-03-09 00:00:00,39.900001525878906,39.9,40.95,37.05,40.95,8000
2026-03-10 00:00:00,40.79999923706055,40.8,40.85,40.8,40.85,3000
2026-03-11 00:00:00,41.95000076293945,41.95,41.95,41.8,41.8,2002
2026-03-12 00:00:00,41.849998474121094,41.85,41.95,39.5,41.95,8000
2026-03-13 00:00:00,41.75,41.75,44.75,40.0,40.0,9056
2026-03-16 00:00:00,41.45000076293945,41.45,43.45,41.45,41.75,4000
2026-03-17 00:00:00,39.95000076293945,39.95,42.85,38.7,42.85,8198
2026-03-18 00:00:00,40.0,40.0,40.65,40.0,40.65,2001
2026-03-19 00:00:00,40.5,40.5,40.5,40.5,40.5,1000
2026-03-20 00:00:00,42.150001525878906,42.15,42.45,39.0,42.45,6287
2026-03-23 00:00:00,41.54999923706055,41.55,43.6,39.95,43.6,7000
2026-03-24 00:00:00,40.0,40.0,42.5,40.0,42.5,4015
2026-03-25 00:00:00,41.70000076293945,41.7,41.7,41.45,41.45,2000
2026-03-26 00:00:00,39.900001525878906,39.9,42.7,39.2,41.65,19006
2026-03-27 00:00:00,39.29999923706055,39.3,39.95,37.0,39.95,20000
2026-03-30 00:00:00,38.099998474121094,38.1,38.55,38.1,38.55,2001
2026-03-31 00:00:00,37.5,37.5,37.95,37.5,37.95,2000
2026-04-01 00:00:00,37.70000076293945,37.7,37.95,37.7,37.95,2000
2026-04-02 00:00:00,38.04999923706055,38.05,38.05,38.05,38.05,1000
2026-04-07 00:00:00,38.29999923706055,38.3,38.3,38.3,38.3,1001
2026-04-08 00:00:00,38.0,38.0,38.35,35.2,38.0,21001
2026-04-09 00:00:00,37.25,37.25,38.7,34.8,37.7,74034
2026-04-10 00:00:00,35.54999923706055,35.55,35.9,34.0,35.9,10000
2026-04-13 00:00:00,35.400001525878906,35.4,35.4,35.4,35.4,1000
2026-04-14 00:00:00,35.400001525878906,35.4,35.4,35.4,35.4,1001
2026-04-15 00:00:00,34.650001525878906,34.65,35.35,33.8,35.35,4200
2026-04-16 00:00:00,35.29999923706055,35.3,35.3,35.2,35.2,6000
2026-04-17 00:00:00,38.5,38.5,38.8,35.2,35.3,48340
2026-04-20 00:00:00,41.25,41.25,41.8,37.35,37.35,5003
2026-04-21 00:00:00,38.0,38.0,43.2,37.9,42.3,11053
2026-04-22 00:00:00,39.900001525878906,39.9,39.9,38.0,38.0,5000
2026-04-23 00:00:00,40.849998474121094,40.85,40.85,39.0,39.0,6048
2026-04-24 00:00:00,42.0,42.0,43.2,41.65,41.65,10000
2026-04-27 00:00:00,43.54999923706055,43.55,44.0,42.9,42.9,3280
2026-04-28 00:00:00,43.0,43.0,43.5,43.0,43.5,3000
2026-04-29 00:00:00,39.45000076293945,39.45,41.95,38.7,41.95,14000
2026-04-30 00:00:00,41.150001525878906,41.15,41.95,41.15,41.95,2071
2026-05-04 00:00:00,41.0,41.0,41.0,41.0,41.0,1100
2026-05-05 00:00:00,42.150001525878906,42.15,42.15,41.0,41.0,2021
2026-05-06 00:00:00,39.400001525878906,39.4,40.95,37.95,40.95,7051
2026-05-07 00:00:00,41.849998474121094,41.85,41.85,39.0,39.35,9710
2026-05-08 00:00:00,39.849998474121094,39.85,42.65,37.7,42.65,10103
2026-05-11 00:00:00,38.900001525878906,38.9,40.45,38.0,40.45,6000
2026-05-12 00:00:00,38.900001525878906,38.9,38.9,38.9,38.9,1550
2026-05-13 00:00:00,37.95000076293945,37.95,38.85,35.05,38.85,44299
2026-05-14 00:00:00,37.5,37.5,37.5,37.5,37.5,1050
2026-05-15 00:00:00,37.20000076293945,37.2,37.9,33.9,37.9,7100
2026-05-18 00:00:00,36.75,36.75,37.0,35.75,37.0,4100
2026-05-19 00:00:00,36.70000076293945,36.7,38.15,33.95,37.9,5050
2026-05-20 00:00:00,36.650001525878906,36.65,36.65,36.65,36.65,1100
2026-05-21 00:00:00,36.45000076293945,36.45,36.65,36.45,36.65,4100
2026-05-22 00:00:00,35.95000076293945,35.95,36.2,35.95,36.2,5000
2026-05-25 00:00:00,35.900001525878906,35.9,37.75,35.9,36.95,6000
2026-05-26 00:00:00,35.849998474121094,35.85,36.8,35.85,36.8,5000
2026-05-27 00:00:00,35.70000076293945,35.7,36.45,33.3,36.45,15100
2026-05-28 00:00:00,35.5,35.5,36.2,32.8,36.2,11000
2026-05-29 00:00:00,34.95000076293945,34.95,35.85,34.95,35.45,3100
2026-06-01 00:00:00,34.349998474121094,34.35,34.85,31.8,34.85,5001
2026-06-02 00:00:00,36.400001525878906,36.4,36.4,34.75,34.75,5100
2026-06-03 00:00:00,33.0,33.0,37.5,33.0,37.5,13061
2026-06-04 00:00:00,30.0,30.0,34.0,29.75,34.0,52186
2026-06-05 00:00:00,29.350000381469727,29.35,30.0,27.65,30.0,11000
2026-06-08 00:00:00,26.950000762939453,26.95,28.45,26.45,26.45,20085
2026-06-09 00:00:00,28.350000381469727,28.35,28.35,27.75,27.75,2500
2026-06-10 00:00:00,28.100000381469727,28.1,28.1,28.1,28.1,1000
2026-06-11 00:00:00,27.799999237060547,27.8,27.95,27.35,27.95,5000
2026-06-12 00:00:00,29.200000762939453,29.2,29.7,25.7,27.8,14000
2026-06-15 00:00:00,27.600000381469727,27.6,29.95,26.65,29.95,22072
2026-06-16 00:00:00,25.600000381469727,25.6,27.4,24.85,27.4,28150
2026-06-17 00:00:00,26.100000381469727,26.1,26.8,23.9,24.9,11000
2026-06-18 00:00:00,27.450000762939453,27.45,28.45,26.0,26.0,5139
2026-06-22 00:00:00,28.649999618530273,28.65,28.65,27.9,27.9,2142
2026-06-23 00:00:00,29.450000762939453,29.45,29.45,28.2,28.2,4287
2026-06-24 00:00:00,29.600000381469727,29.6,29.6,29.0,29.0,5095
2026-06-25 00:00:00,30.399999618530273,30.4,31.3,27.5,29.95,7096
2026-06-26 00:00:00,30.399999618530273,30.4,30.4,30.4,30.4,1020
2026-06-29 00:00:00,32.04999923706055,32.05,32.05,30.35,30.35,4326
2026-06-30 00:00:00,31.899999618530273,31.9,31.9,31.9,31.9,1000
2026-07-01 00:00:00,30.25,30.25,31.3,28.75,31.3,6065
2026-07-02 00:00:00,31.149999618530273,31.15,32.6,28.1,30.1,28100
2026-07-03 00:00:00,29.950000762939453,29.95,30.75,28.15,30.75,4016
2026-07-06 00:00:00,32.400001525878906,32.4,32.85,31.75,31.75,4025
2026-07-07 00:00:00,32.45000076293945,32.45,32.95,31.25,31.4,11372
2026-07-08 00:00:00,33.20000076293945,33.2,33.2,32.8,32.8,2519
2026-07-09 00:00:00,34.099998474121094,34.1,34.1,34.1,34.1,1379
2026-07-10 00:00:00,34.099998474121094,34.1,34.1,34.1,34.1,0
2026-07-13 00:00:00,34.099998474121094,34.1,34.1,34.1,34.1,1304
2026-07-14 00:00:00,34.099998474121094,34.1,34.1,34.1,34.1,1718
2026-07-15 00:00:00,34.349998474121094,34.35,34.35,34.1,34.1,2930
2026-07-16 00:00:00,34.29999923706055,34.3,34.3,34.3,34.3,2098
2026-07-17 00:00:00,34.20000076293945,34.2,34.2,34.2,34.2,2000
2026-07-20 00:00:00,34.150001525878906,34.15,34.15,34.15,34.15,1648
2026-07-21 00:00:00,33.900001525878906,33.9,33.9,33.9,33.9,1294
2026-07-22 00:00:00,33.849998474121094,33.85,33.85,33.85,33.85,1299
2026-07-23 00:00:00,33.900001525878906,33.9,33.9,33.8,33.8,2134
2026-07-24 00:00:00,33.849998474121094,33.85,33.85,33.85,33.85,1108
2026-07-27 00:00:00,33.75,33.75,33.75,33.75,33.75,1206
2026-07-28 00:00:00,33.400001525878906,33.4,33.4,33.4,33.4,1201
2026-07-29 00:00:00,33.400001525878906,33.4,33.4,33.4,33.4,1512
2026-07-30 00:00:00,33.25,33.25,33.25,33.0,33.0,2301
2026-07-31 00:00:00,33.650001525878906,33.65,33.65,32.9,32.9,2100
2026-08-03 00:00:00,33.650001525878906,33.65,33.65,33.65,33.65,1100
2026-08-04 00:00:00,33.5,33.5,33.5,33.5,33.5,1100
2026-08-05 00:00:00,33.0,33.0,33.35,30.2,32.95,8210
2026-08-06 00:00:00,30.399999618530273,30.4,32.75,30.4,32.75,2066
2026-08-07 00:00:00,30.899999618530273,30.9,30.9,30.9,30.9,1000
2026-08-10 00:00:00,31.700000762939453,31.7,31.7,31.7,31.7,1100
2026-08-11 00:00:00,30.850000381469727,30.85,30.85,30.85,30.85,1001
2026-08-12 00:00:00,30.75,30.75,30.75,30.75,30.75,1441
2026-08-13 00:00:00,30.25,30.25,30.75,28.45,30.75,4152
2026-08-14 00:00:00,30.75,30.75,30.75,30.75,30.75,1100
2026-08-17 00:00:00,29.899999618530273,29.9,30.75,28.2,30.75,5049
2026-08-18 00:00:00,30.149999618530273,30.15,30.15,27.3,29.9,5856
2026-08-19 00:00:00,29.700000762939453,29.7,29.7,29.7,29.7,1100
2026-08-20 00:00:00,29.5,29.5,29.5,29.5,29.5,1412
2026-08-21 00:00:00,30.600000381469727,30.6,30.6,29.95,29.95,2400
