,Adj Close,Close,High,Low,Open,Volume,Dividends,Stock Splits
2020-01-02,27.82524871826172,27.82524871826172,27.82524871826172,27.82524871826172,27.82524871826172,0,,
2020-01-03,29.459983825683594,29.459983825683594,30.433866500854492,27.199180603027344,30.433866500854492,1754,,
2020-01-06,28.52088165283203,28.52088165283203,31.30340576171875,28.52088165283203,31.30340576171875,1150,,
2020-01-07,27.303525924682617,27.303525924682617,27.477434158325195,27.303525924682617,27.477434158325195,575,,
2020-01-08,28.451316833496094,28.451316833496094,30.433866500854492,27.82524871826172,30.433866500854492,1437,,
2020-01-09,28.451316833496094,28.451316833496094,30.433866500854492,27.82524871826172,30.433866500854492,1437,,
2020-01-10,27.65134048461914,27.65134048461914,30.08605194091797,27.477434158325195,30.08605194091797,2300,,
2020-01-13,28.033939361572266,28.033939361572266,28.0687198638916,27.164400100708008,27.164400100708008,1158,,
2020-01-14,28.033939361572266,28.033939361572266,28.033939361572266,28.033939361572266,28.033939361572266,0,,
2020-01-15,27.82524871826172,27.82524871826172,28.033939361572266,27.82524871826172,28.033939361572266,575,,
2020-01-16,27.82524871826172,27.82524871826172,27.82524871826172,27.82524871826172,27.82524871826172,287,,
2020-01-17,27.82524871826172,27.82524871826172,27.82524871826172,27.82524871826172,27.82524871826172,287,,
2020-01-20,27.68612289428711,27.68612289428711,27.790468215942383,26.538330078125,27.199180603027344,13809,,
2020-01-30,27.09483528137207,27.09483528137207,28.83391571044922,27.09483528137207,28.83391571044922,1725,,
2020-01-31,27.09483528137207,27.09483528137207,28.83391571044922,27.09483528137207,28.83391571044922,1726,,
2020-02-03,27.616559982299805,27.616559982299805,27.616559982299805,25.59922981262207,26.155733108520508,5175,,
2020-02-04,27.616559982299805,27.616559982299805,27.616559982299805,25.59922981262207,26.155733108520508,5175,,
2020-02-05,26.712238311767578,26.712238311767578,26.712238311767578,26.712238311767578,26.712238311767578,1150,,
2020-02-06,26.85136604309082,26.85136604309082,26.85136604309082,26.712238311767578,26.712238311767578,862,,
2020-02-07,26.85136604309082,26.85136604309082,26.85136604309082,26.712238311767578,26.712238311767578,867,,
2020-02-10,26.85136604309082,26.85136604309082,26.85136604309082,26.85136604309082,26.85136604309082,305,,
2020-02-11,27.12961769104004,27.12961769104004,27.12961769104004,26.99049186706543,26.99049186706543,1437,,
2020-02-12,28.312191009521484,28.312191009521484,29.32085609436035,27.26874351501465,28.346973419189453,1152,,
2020-02-13,28.312162399291992,28.312162399291992,28.312162399291992,28.312162399291992,28.312162399291992,0,,
2020-02-14,28.312162399291992,28.312162399291992,28.312162399291992,28.312162399291992,28.312162399291992,0,,
2020-02-17,28.312162399291992,28.312162399291992,28.312162399291992,28.312162399291992,28.312162399291992,0,,
2020-02-18,28.312162399291992,28.312162399291992,28.312162399291992,28.312162399291992,28.312162399291992,0,,
2020-02-19,28.312162399291992,28.312162399291992,28.312162399291992,28.312162399291992,28.312162399291992,0,,
2020-02-20,28.312162399291992,28.312162399291992,28.312162399291992,28.312162399291992,28.312162399291992,0,,
2020-02-21,28.312162399291992,28.312162399291992,28.312162399291992,28.312162399291992,28.312162399291992,0,,
2020-02-24,25.818180084228516,25.818180084228516,26.363636016845703,25.818180084228516,26.363636016845703,4400,,
2020-02-25,25.454544067382812,25.454544067382812,28.18181800842285,24.727272033691406,28.18181800842285,22550,,
2020-02-26,26.545454025268555,26.545454025268555,26.636362075805664,25.09090805053711,26.636362075805664,6600,,
2020-02-27,25.09090805053711,25.09090805053711,26.09090805053711,25.09090805053711,26.09090805053711,4950,,
2020-03-02,24.818180084228516,24.818180084228516,24.818180084228516,24.18181800842285,24.18181800842285,4400,,
2020-03-03,24.818180084228516,24.818180084228516,25.0,24.18181800842285,24.454544067382812,4950,,
2020-03-04,24.727272033691406,24.727272033691406,25.0,24.09090805053711,25.0,6050,,
2020-03-05,24.545454025268555,24.545454025268555,24.545454025268555,24.18181800842285,24.27272605895996,1650,,
2020-03-06,24.18181800842285,24.18181800842285,24.909090042114258,24.18181800842285,24.909090042114258,1100,,
2020-03-09,22.909090042114258,22.909090042114258,23.454544067382812,22.27272605895996,23.454544067382812,4950,,
2020-03-10,22.636362075805664,22.636362075805664,22.636362075805664,21.454544067382812,22.18181800842285,5500,,
2020-03-11,22.18181800842285,22.18181800842285,22.18181800842285,21.0,21.454544067382812,5500,,
2020-03-12,21.18181800842285,21.18181800842285,21.27272605895996,21.18181800842285,21.27272605895996,2200,,
2020-03-13,21.0,21.0,21.0,19.09090805053711,19.18181800842285,15400,,
2020-03-16,19.545454025268555,19.545454025268555,19.636362075805664,18.909090042114258,19.454544067382812,8250,,
2020-03-17,19.09090805053711,19.09090805053711,19.09090805053711,19.09090805053711,19.09090805053711,550,,
2020-03-18,18.636362075805664,18.636362075805664,18.909090042114258,18.545454025268555,18.545454025268555,4400,,
2020-03-19,18.636362075805664,18.636362075805664,18.636362075805664,18.636362075805664,18.636362075805664,550,,
2020-03-20,18.636362075805664,18.636362075805664,18.727272033691406,17.381818771362305,18.727272033691406,3850,,
2020-03-23,19.818180084228516,19.818180084228516,19.818180084228516,19.818180084228516,19.818180084228516,550,,
2020-03-24,19.363636016845703,19.363636016845703,19.363636016845703,18.27272605895996,18.363636016845703,3300,,
2020-03-25,18.818180084228516,18.818180084228516,20.0,18.363636016845703,19.363636016845703,12650,,
2020-03-26,18.636362075805664,18.636362075805664,18.636362075805664,17.909090042114258,18.363636016845703,19800,,
2020-03-27,19.0,19.0,19.0,19.0,19.0,1100,,
2020-03-30,19.09090805053711,19.09090805053711,19.09090805053711,19.09090805053711,19.09090805053711,1100,,
2020-03-31,18.909090042114258,18.909090042114258,19.545454025268555,18.363636016845703,19.545454025268555,4950,,
2020-04-01,18.363636016845703,18.363636016845703,18.454544067382812,17.636362075805664,18.363636016845703,9900,,
2020-04-06,17.672727584838867,17.672727584838867,17.836362838745117,16.96363639831543,17.836362838745117,20350,,
2020-04-07,17.381818771362305,17.381818771362305,17.381818771362305,17.3454532623291,17.363636016845703,8800,,
2020-04-08,17.10909080505371,17.10909080505371,17.727272033691406,17.10909080505371,17.381818771362305,5500,,
2020-04-09,17.618181228637695,17.618181228637695,17.654544830322266,17.03636360168457,17.12727165222168,3850,,
2020-04-10,17.27272605895996,17.27272605895996,17.545454025268555,16.945453643798828,17.218181610107422,13750,,
2020-04-13,17.618181228637695,17.618181228637695,17.618181228637695,17.618181228637695,17.618181228637695,2200,,
2020-04-14,17.96363639831543,17.96363639831543,17.96363639831543,17.381818771362305,17.636362075805664,2200,,
2020-04-15,17.96363639831543,17.96363639831543,17.96363639831543,17.363636016845703,17.454544067382812,6050,,
2020-04-16,18.0,18.0,18.18181800842285,17.96363639831543,17.96363639831543,4950,,
2020-04-17,18.27272605895996,18.27272605895996,18.27272605895996,18.18181800842285,18.18181800842285,1650,,
2020-04-20,18.18181800842285,18.18181800842285,18.27272605895996,17.690908432006836,18.27272605895996,3300,,
2020-04-21,18.363636016845703,18.363636016845703,18.363636016845703,18.27272605895996,18.27272605895996,1100,,
2020-04-22,18.0,18.0,18.0,17.781818389892578,17.781818389892578,5500,,
2020-04-23,18.18181800842285,18.18181800842285,18.545454025268555,17.563636779785156,17.563636779785156,9900,,
2020-04-24,18.27272605895996,18.27272605895996,18.27272605895996,17.836362838745117,17.836362838745117,1100,,
2020-04-27,18.27272605895996,18.27272605895996,18.27272605895996,17.872726440429688,17.872726440429688,9350,,
2020-04-28,18.27272605895996,18.27272605895996,18.27272605895996,17.636362075805664,17.636362075805664,2750,,
2020-04-29,18.363636016845703,18.363636016845703,18.363636016845703,18.18181800842285,18.27272605895996,7150,,
2020-04-30,18.363636016845703,18.363636016845703,18.727272033691406,18.363636016845703,18.727272033691406,6600,,
2020-05-04,19.18181800842285,19.18181800842285,19.27272605895996,19.09090805053711,19.18181800842285,11550,,
2020-05-05,20.18181800842285,20.18181800842285,20.18181800842285,19.27272605895996,19.27272605895996,13750,,
2020-05-06,20.18181800842285,20.18181800842285,20.18181800842285,20.0,20.18181800842285,7150,,
2020-05-07,21.818180084228516,21.818180084228516,21.818180084228516,21.636362075805664,21.636362075805664,3300,,
2020-05-08,22.363636016845703,22.363636016845703,22.363636016845703,22.18181800842285,22.18181800842285,3850,,
2020-05-11,24.545454025268555,24.545454025268555,24.545454025268555,24.545454025268555,24.545454025268555,550,,
2020-05-12,22.09090805053711,22.09090805053711,23.727272033691406,22.09090805053711,23.727272033691406,17050,,
2020-05-13,24.27272605895996,24.27272605895996,22.27272605895996,21.818180084228516,22.0,2200,,
2020-05-14,21.09090805053711,21.09090805053711,22.18181800842285,21.09090805053711,22.18181800842285,2200,,
2020-05-15,22.363636016845703,22.363636016845703,22.363636016845703,22.363636016845703,22.363636016845703,550,,
2020-05-18,23.454544067382812,23.454544067382812,24.545454025268555,23.363636016845703,23.363636016845703,12650,,
2020-05-19,22.363636016845703,22.363636016845703,23.636362075805664,22.0,23.636362075805664,23650,,
2020-05-20,23.909090042114258,23.909090042114258,24.454544067382812,22.454544067382812,22.454544067382812,26950,,
2020-05-21,23.818180084228516,23.818180084228516,24.454544067382812,23.09090805053711,23.727272033691406,9350,,
2020-05-22,23.818180084228516,23.818180084228516,23.818180084228516,23.636362075805664,23.818180084228516,4950,,
2020-05-25,25.09090805053711,25.09090805053711,25.454544067382812,23.818180084228516,23.818180084228516,9350,,
2020-05-26,25.727272033691406,25.727272033691406,25.909090042114258,25.18181800842285,25.18181800842285,7700,,
2020-05-27,28.27272605895996,28.27272605895996,28.27272605895996,27.727272033691406,27.727272033691406,10450,,
2020-05-28,31.09090805053711,31.09090805053711,31.09090805053711,29.09090805053711,29.09090805053711,81400,,
2020-05-29,34.18181610107422,34.18181610107422,34.18181610107422,34.18181610107422,34.18181610107422,56650,,
2020-06-01,37.54545211791992,37.54545211791992,37.54545211791992,37.3636360168457,37.3636360168457,48950,,
2020-06-02,41.272727966308594,41.272727966308594,41.272727966308594,41.272727966308594,41.272727966308594,22550,,
2020-06-03,45.3636360168457,45.3636360168457,45.3636360168457,45.3636360168457,45.3636360168457,22000,,
2020-06-04,49.818180084228516,49.818180084228516,49.818180084228516,49.818180084228516,49.818180084228516,18150,,
2020-06-05,50.0,50.0,54.727272033691406,44.909088134765625,54.727272033691406,174350,,
2020-06-08,47.272727966308594,47.272727966308594,55.0,46.727272033691406,55.0,33550,,
2020-06-09,42.54545211791992,42.54545211791992,43.818180084228516,42.54545211791992,43.818180084228516,16500,,
2020-06-10,38.3636360168457,38.3636360168457,42.54545211791992,38.3636360168457,42.54545211791992,33000,,
2020-06-11,36.909088134765625,36.909088134765625,38.0,35.45454406738281,38.0,19800,,
2020-06-12,36.09090805053711,36.09090805053711,36.818180084228516,35.18181610107422,36.818180084228516,7150,,
2020-06-15,35.818180084228516,35.818180084228516,35.818180084228516,35.818180084228516,35.818180084228516,2750,,
2020-06-16,38.909088134765625,38.909088134765625,39.272727966308594,35.818180084228516,35.818180084228516,12100,,
2020-06-17,42.6363639831543,42.6363639831543,42.6363639831543,38.909088134765625,38.909088134765625,18150,,
2020-06-18,45.272727966308594,45.272727966308594,45.45454406738281,42.6363639831543,42.6363639831543,7150,,
2020-06-19,41.272727966308594,41.272727966308594,46.3636360168457,41.272727966308594,46.3636360168457,24750,,
2020-06-22,39.45454406738281,39.45454406738281,40.0,37.18181610107422,37.18181610107422,32450,,
2020-06-23,37.272727966308594,37.272727966308594,39.45454406738281,36.3636360168457,39.45454406738281,26950,,
2020-06-24,38.18181610107422,38.18181610107422,39.0,37.272727966308594,37.272727966308594,13200,,
2020-06-29,40.6363639831543,40.6363639831543,41.0,38.18181610107422,38.18181610107422,8250,,
2020-06-30,44.6363639831543,44.6363639831543,44.6363639831543,41.6363639831543,41.6363639831543,75350,,
2020-07-01,44.272727966308594,44.272727966308594,48.0,43.6363639831543,45.45454406738281,66000,,
2020-07-02,42.727272033691406,42.727272033691406,46.727272033691406,42.727272033691406,46.727272033691406,33000,,
2020-07-03,43.54545211791992,43.54545211791992,44.45454406738281,42.727272033691406,42.818180084228516,15950,,
2020-07-06,44.09090805053711,44.09090805053711,44.54545211791992,43.6363639831543,43.6363639831543,10450,,
2020-07-07,42.727272033691406,42.727272033691406,44.727272033691406,41.272727966308594,44.727272033691406,14850,,
2020-07-08,41.818180084228516,41.818180084228516,42.909088134765625,41.818180084228516,42.727272033691406,13200,,
2020-07-09,40.818180084228516,40.818180084228516,42.272727966308594,40.818180084228516,41.18181610107422,9900,,
2020-07-10,38.18181610107422,38.18181610107422,41.272727966308594,37.09090805053711,39.727272033691406,18150,,
2020-07-13,39.3636360168457,39.3636360168457,39.54545211791992,38.18181610107422,39.54545211791992,7700,,
2020-07-14,38.6363639831543,38.6363639831543,39.45454406738281,37.3636360168457,37.3636360168457,4950,,
2020-07-15,38.818180084228516,38.818180084228516,38.818180084228516,38.6363639831543,38.6363639831543,6050,,
2020-07-16,39.09090805053711,39.09090805053711,39.09090805053711,39.0,39.09090805053711,13750,,
2020-07-17,38.54545211791992,38.54545211791992,38.6363639831543,38.45454406738281,38.54545211791992,7150,,
2020-07-20,38.18181610107422,38.18181610107422,38.54545211791992,38.18181610107422,38.54545211791992,1100,,
2020-07-21,41.0,41.0,41.0,38.18181610107422,38.6363639831543,16500,,
2020-07-22,39.818180084228516,39.818180084228516,40.18181610107422,39.818180084228516,40.09090805053711,6600,,
2020-07-23,39.818180084228516,39.818180084228516,39.818180084228516,39.818180084228516,39.818180084228516,550,,
2020-07-24,38.18181610107422,38.18181610107422,39.818180084228516,38.18181610107422,39.6363639831543,4950,,
2020-07-27,36.18181610107422,36.18181610107422,36.18181610107422,34.909088134765625,36.18181610107422,5500,,
2020-07-28,35.0,35.0,36.0,35.0,36.0,4400,,
2020-07-29,35.0,35.0,35.45454406738281,35.0,35.0,6600,,
2020-07-30,35.0,35.0,35.0,35.0,35.0,3300,,
2020-07-31,35.6363639831543,35.6363639831543,35.818180084228516,35.0,35.0,9900,,
2020-08-03,34.54545211791992,34.54545211791992,34.54545211791992,34.54545211791992,34.54545211791992,1100,,
2020-08-04,33.6363639831543,33.6363639831543,34.54545211791992,33.6363639831543,34.54545211791992,3850,,
2020-08-05,33.6363639831543,33.6363639831543,33.6363639831543,32.54545211791992,32.727272033691406,10450,,
2020-08-06,34.0,34.0,34.18181610107422,32.818180084228516,33.6363639831543,9900,,
2020-08-07,34.0,34.0,34.0,34.0,34.0,0,,
2020-08-10,33.909088134765625,33.909088134765625,33.909088134765625,32.909088134765625,33.818180084228516,5500,,
2020-08-11,33.727272033691406,33.727272033691406,33.727272033691406,33.09090805053711,33.09090805053711,3850,,
2020-08-12,33.09090805053711,33.09090805053711,33.272727966308594,33.09090805053711,33.272727966308594,1650,,
2020-08-13,33.0,33.0,33.09090805053711,33.0,33.09090805053711,4400,,
2020-08-14,33.09090805053711,33.09090805053711,33.09090805053711,33.09090805053711,33.09090805053711,1650,,
2020-08-17,33.18181610107422,33.18181610107422,33.18181610107422,33.18181610107422,33.18181610107422,1100,,
2020-08-18,36.09090805053711,36.09090805053711,33.272727966308594,33.272727966308594,33.272727966308594,2200,,
2020-08-19,34.3636360168457,34.3636360168457,34.3636360168457,32.54545211791992,34.272727966308594,8800,,
2020-08-20,32.909088134765625,32.909088134765625,32.909088134765625,31.818180084228516,32.45454406738281,6600,,
2020-08-21,33.727272033691406,33.727272033691406,33.727272033691406,32.909088134765625,32.909088134765625,4400,,
2020-08-24,32.727272033691406,32.727272033691406,33.727272033691406,32.727272033691406,33.727272033691406,6050,,
2020-08-25,33.0,33.0,33.09090805053711,33.0,33.0,2750,,
2020-08-26,34.18181610107422,34.18181610107422,34.18181610107422,33.0,33.0,1100,,
2020-08-27,33.09090805053711,33.09090805053711,33.09090805053711,33.09090805053711,33.09090805053711,1100,,
2020-08-28,33.09090805053711,33.09090805053711,33.09090805053711,33.09090805053711,33.09090805053711,0,,
2020-08-31,32.6363639831543,32.6363639831543,32.727272033691406,32.6363639831543,32.727272033691406,4400,,
2020-09-01,32.818180084228516,32.818180084228516,32.818180084228516,32.818180084228516,32.818180084228516,1650,,
2020-09-02,33.6363639831543,33.6363639831543,33.6363639831543,32.818180084228516,32.818180084228516,2200,,
2020-09-03,33.3636360168457,33.3636360168457,33.3636360168457,33.0,33.0,2200,,
2020-09-04,33.54545211791992,33.54545211791992,33.54545211791992,32.727272033691406,32.909088134765625,1650,,
2020-09-07,32.818180084228516,32.818180084228516,32.909088134765625,32.818180084228516,32.909088134765625,1100,,
2020-09-08,33.0,33.0,33.0,32.727272033691406,32.727272033691406,1650,,
2020-09-09,33.18181610107422,33.18181610107422,33.18181610107422,32.45454406738281,32.54545211791992,2200,,
2020-09-10,33.45454406738281,33.45454406738281,33.45454406738281,33.18181610107422,33.18181610107422,3300,,
2020-09-11,33.09090805053711,33.09090805053711,33.18181610107422,33.09090805053711,33.18181610107422,1650,,
2020-09-14,33.6363639831543,33.6363639831543,33.6363639831543,33.09090805053711,33.09090805053711,1100,,
2020-09-15,33.272727966308594,33.272727966308594,33.272727966308594,32.727272033691406,32.727272033691406,7150,,
2020-09-16,33.272727966308594,33.272727966308594,33.272727966308594,33.272727966308594,33.272727966308594,0,,
2020-09-17,33.272727966308594,33.272727966308594,33.272727966308594,33.18181610107422,33.18181610107422,1650,,
2020-09-18,33.272727966308594,33.272727966308594,33.272727966308594,33.272727966308594,33.272727966308594,0,,
2020-09-21,34.09090805053711,34.09090805053711,34.09090805053711,34.09090805053711,34.09090805053711,550,,
2020-09-22,34.0,34.0,34.0,34.0,34.0,1100,,
2020-09-23,32.818180084228516,32.818180084228516,32.818180084228516,32.727272033691406,32.727272033691406,3300,,
2020-09-24,32.3636360168457,32.3636360168457,32.3636360168457,32.18181610107422,32.18181610107422,1100,,
2020-09-25,32.6363639831543,32.6363639831543,32.6363639831543,31.454544067382812,32.3636360168457,7150,,
2020-09-28,32.727272033691406,32.727272033691406,32.727272033691406,32.18181610107422,32.18181610107422,2750,,
2020-09-29,32.727272033691406,32.727272033691406,32.727272033691406,32.727272033691406,32.727272033691406,3850,,
2020-09-30,33.3636360168457,33.3636360168457,33.3636360168457,33.3636360168457,33.3636360168457,550,,
2020-10-05,33.3636360168457,33.3636360168457,33.3636360168457,33.3636360168457,33.3636360168457,0,,
2020-10-06,34.45454406738281,34.45454406738281,34.45454406738281,33.3636360168457,33.3636360168457,4950,,
2020-10-07,34.3636360168457,34.3636360168457,34.3636360168457,33.272727966308594,33.272727966308594,1100,,
2020-10-08,33.818180084228516,33.818180084228516,33.818180084228516,32.909088134765625,32.909088134765625,2750,,
2020-10-12,32.727272033691406,32.727272033691406,33.09090805053711,31.909090042114258,32.727272033691406,8250,,
2020-10-13,32.727272033691406,32.727272033691406,32.727272033691406,32.727272033691406,32.727272033691406,0,,
2020-10-14,32.727272033691406,32.727272033691406,32.727272033691406,32.727272033691406,32.727272033691406,0,,
2020-10-15,32.6363639831543,32.6363639831543,32.6363639831543,31.818180084228516,31.818180084228516,1100,,
2020-10-16,32.3636360168457,32.3636360168457,32.727272033691406,32.3636360168457,32.727272033691406,2200,,
2020-10-19,31.818180084228516,31.818180084228516,31.818180084228516,31.818180084228516,31.818180084228516,1100,,
2020-10-20,32.727272033691406,32.727272033691406,32.727272033691406,31.09090805053711,31.636362075805664,5500,,
2020-10-21,33.09090805053711,33.09090805053711,33.09090805053711,32.727272033691406,32.727272033691406,4950,,
2020-10-22,32.6363639831543,32.6363639831543,32.6363639831543,32.18181610107422,32.18181610107422,1100,,
2020-10-23,32.6363639831543,32.6363639831543,32.6363639831543,32.6363639831543,32.6363639831543,0,,
2020-10-26,32.6363639831543,32.6363639831543,32.6363639831543,32.6363639831543,32.6363639831543,0,,
2020-10-27,31.909090042114258,31.909090042114258,32.3636360168457,29.454544067382812,32.3636360168457,15950,,
2020-10-28,31.545454025268555,31.545454025268555,31.818180084228516,30.363636016845703,30.545454025268555,8800,,
2020-10-29,33.09090805053711,33.09090805053711,33.09090805053711,30.909090042114258,32.909088134765625,6050,,
2020-10-30,32.727272033691406,32.727272033691406,32.727272033691406,32.727272033691406,32.727272033691406,2750,,
2020-11-02,32.727272033691406,32.727272033691406,32.727272033691406,32.727272033691406,32.727272033691406,550,,
2020-11-03,32.727272033691406,32.727272033691406,32.727272033691406,32.727272033691406,32.727272033691406,0,,
2020-11-04,32.727272033691406,32.727272033691406,32.727272033691406,32.727272033691406,32.727272033691406,0,,
2020-11-05,33.18181610107422,33.18181610107422,33.18181610107422,33.18181610107422,33.18181610107422,550,,
2020-11-06,33.6363639831543,33.6363639831543,33.6363639831543,33.3636360168457,33.3636360168457,2750,,
2020-11-09,33.6363639831543,33.6363639831543,33.6363639831543,33.6363639831543,33.6363639831543,2200,,
2020-11-10,37.0,37.0,37.0,36.909088134765625,37.0,18700,,
2020-11-11,40.0,40.0,40.54545211791992,36.3636360168457,40.54545211791992,35200,,
2020-11-12,37.54545211791992,37.54545211791992,40.18181610107422,37.54545211791992,40.18181610107422,8250,,
2020-11-13,37.54545211791992,37.54545211791992,37.54545211791992,37.54545211791992,37.54545211791992,0,,
2020-11-16,37.818180084228516,37.818180084228516,40.0,37.818180084228516,40.0,4400,,
2020-11-17,37.54545211791992,37.54545211791992,37.54545211791992,37.54545211791992,37.54545211791992,3300,,
2020-11-18,37.54545211791992,37.54545211791992,37.54545211791992,37.54545211791992,37.54545211791992,0,,
2020-11-19,37.54545211791992,37.54545211791992,37.54545211791992,37.54545211791992,37.54545211791992,0,,
2020-11-20,37.54545211791992,37.54545211791992,37.54545211791992,37.54545211791992,37.54545211791992,0,,
2020-11-23,37.272727966308594,37.272727966308594,37.272727966308594,37.272727966308594,37.272727966308594,1100,,
2020-11-24,37.727272033691406,37.727272033691406,39.272727966308594,37.727272033691406,39.272727966308594,3300,,
2020-11-25,40.09090805053711,40.09090805053711,41.45454406738281,38.3636360168457,38.3636360168457,19250,,
2020-11-26,40.45454406738281,40.45454406738281,40.45454406738281,40.45454406738281,40.45454406738281,1100,,
2020-11-27,41.727272033691406,41.727272033691406,41.727272033691406,40.0,40.0,2200,,
2020-11-30,42.09090805053711,42.09090805053711,43.09090805053711,41.09090805053711,43.09090805053711,6050,,
2020-12-01,42.909088134765625,42.909088134765625,42.909088134765625,41.0,41.0,1100,,
2020-12-02,42.0,42.0,42.909088134765625,42.0,42.909088134765625,1100,,
2020-12-03,41.0,41.0,41.0,41.0,41.0,550,,
2020-12-04,40.3636360168457,40.3636360168457,40.909088134765625,40.0,40.0,2200,,
2020-12-07,38.727272033691406,38.727272033691406,40.18181610107422,37.272727966308594,40.18181610107422,3300,,
2020-12-08,38.727272033691406,38.727272033691406,38.727272033691406,38.727272033691406,38.727272033691406,0,,
2020-12-09,35.818180084228516,35.818180084228516,38.0,37.09090805053711,38.0,1650,,
2020-12-10,35.818180084228516,35.818180084228516,35.818180084228516,35.818180084228516,35.818180084228516,0,,
2020-12-11,36.727272033691406,36.727272033691406,36.727272033691406,36.727272033691406,36.727272033691406,550,,
2020-12-14,36.0,36.0,36.0,35.45454406738281,35.6363639831543,3300,,
2020-12-15,37.6363639831543,37.6363639831543,37.6363639831543,37.09090805053711,37.09090805053711,1100,,
2020-12-16,37.6363639831543,37.6363639831543,38.09090805053711,37.6363639831543,38.09090805053711,1100,,
2020-12-17,37.6363639831543,37.6363639831543,37.6363639831543,37.6363639831543,37.6363639831543,0,,
2020-12-18,36.09090805053711,36.09090805053711,36.3636360168457,35.909088134765625,36.3636360168457,1650,,
2020-12-21,36.09090805053711,36.09090805053711,36.09090805053711,36.09090805053711,36.09090805053711,0,,
2020-12-22,36.18181610107422,36.18181610107422,36.18181610107422,36.18181610107422,36.18181610107422,550,,
2020-12-23,36.18181610107422,36.18181610107422,36.18181610107422,36.18181610107422,36.18181610107422,0,,
2020-12-24,35.909088134765625,35.909088134765625,35.909088134765625,34.18181610107422,34.6363639831543,2200,,
2020-12-25,36.3636360168457,36.3636360168457,36.3636360168457,34.54545211791992,34.6363639831543,6600,,
2020-12-28,35.54545211791992,35.54545211791992,35.54545211791992,34.727272033691406,35.54545211791992,3850,,
2020-12-29,35.54545211791992,35.54545211791992,35.54545211791992,35.54545211791992,35.54545211791992,0,,
2020-12-30,35.54545211791992,35.54545211791992,35.54545211791992,35.54545211791992,35.54545211791992,0,,
2020-12-31,35.54545211791992,35.54545211791992,35.54545211791992,35.54545211791992,35.54545211791992,0,,
2021-01-04,35.54545211791992,35.54545211791992,35.54545211791992,35.54545211791992,35.54545211791992,0,,
2021-01-05,35.272727966308594,35.272727966308594,35.6363639831543,35.272727966308594,35.54545211791992,2200,,
2021-01-06,35.3636360168457,35.3636360168457,35.3636360168457,34.18181610107422,34.54545211791992,3850,,
2021-01-07,34.818180084228516,34.818180084228516,34.818180084228516,33.727272033691406,34.54545211791992,1650,,
2021-01-08,34.818180084228516,34.818180084228516,34.818180084228516,34.818180084228516,34.818180084228516,0,,
2021-01-11,32.909088134765625,32.909088134765625,32.909088134765625,32.0,32.0,4400,,
2021-01-12,32.909088134765625,32.909088134765625,32.909088134765625,32.818180084228516,32.818180084228516,5500,,
2021-01-13,32.818180084228516,32.818180084228516,32.818180084228516,32.0,32.272727966308594,3300,,
2021-01-14,32.818180084228516,32.818180084228516,32.818180084228516,31.363636016845703,32.0,2750,,
2021-01-15,32.818180084228516,32.818180084228516,32.818180084228516,31.363636016845703,31.909090042114258,2750,,
2021-01-18,32.818180084228516,32.818180084228516,32.818180084228516,32.818180084228516,32.818180084228516,0,,
2021-01-19,31.454544067382812,31.454544067382812,31.454544067382812,30.27272605895996,30.27272605895996,3850,,
2021-01-20,32.09090805053711,32.09090805053711,32.09090805053711,30.363636016845703,30.363636016845703,2200,,
2021-01-21,32.727272033691406,32.727272033691406,32.727272033691406,32.727272033691406,32.727272033691406,550,,
2021-01-22,32.727272033691406,32.727272033691406,32.727272033691406,32.727272033691406,32.727272033691406,0,,
2021-01-25,32.09090805053711,32.09090805053711,32.09090805053711,30.363636016845703,30.363636016845703,2750,,
2021-01-26,30.909090042114258,30.909090042114258,31.0,30.818180084228516,31.0,3300,,
2021-01-27,31.18181800842285,31.18181800842285,31.18181800842285,30.727272033691406,30.909090042114258,2200,,
2021-01-28,32.6363639831543,32.6363639831543,32.6363639831543,32.6363639831543,32.6363639831543,550,,
2021-01-29,32.09090805053711,32.09090805053711,32.09090805053711,32.09090805053711,32.09090805053711,1100,,
2021-02-01,31.818180084228516,31.818180084228516,32.0,30.909090042114258,32.0,4400,,
2021-02-02,33.272727966308594,33.272727966308594,33.272727966308594,31.636362075805664,33.0,7150,,
2021-02-03,34.18181610107422,34.18181610107422,34.18181610107422,33.272727966308594,33.272727966308594,7150,,
2021-02-04,34.45454406738281,34.45454406738281,34.45454406738281,34.45454406738281,34.45454406738281,550,,
2021-02-05,34.09090805053711,34.09090805053711,34.09090805053711,34.0,34.0,1100,,
2021-02-17,34.727272033691406,34.727272033691406,34.727272033691406,34.6363639831543,34.6363639831543,4950,,
2021-02-18,36.0,36.0,36.0,34.0,34.0,1100,,
2021-02-19,36.272727966308594,36.272727966308594,36.272727966308594,34.6363639831543,36.0,4400,,
2021-02-22,39.727272033691406,39.727272033691406,39.727272033691406,36.272727966308594,36.272727966308594,12100,,
2021-02-23,38.3636360168457,38.3636360168457,38.3636360168457,38.18181610107422,38.18181610107422,1650,,
2021-02-24,39.18181610107422,39.18181610107422,41.3636360168457,39.18181610107422,41.3636360168457,1650,,
2021-02-25,39.45454406738281,39.45454406738281,39.45454406738281,39.45454406738281,39.45454406738281,550,,
2021-02-26,39.45454406738281,39.45454406738281,39.45454406738281,39.45454406738281,39.45454406738281,0,,
2021-03-02,39.3636360168457,39.3636360168457,39.3636360168457,38.272727966308594,39.272727966308594,12650,,
2021-03-03,39.6363639831543,39.6363639831543,39.6363639831543,38.272727966308594,38.272727966308594,5500,,
2021-03-04,39.6363639831543,39.6363639831543,39.6363639831543,39.6363639831543,39.6363639831543,550,,
2021-03-05,38.3636360168457,38.3636360168457,38.727272033691406,38.3636360168457,38.727272033691406,4400,,
2021-03-08,39.09090805053711,39.09090805053711,39.09090805053711,38.18181610107422,38.18181610107422,1650,,
2021-03-09,39.09090805053711,39.09090805053711,39.09090805053711,38.18181610107422,39.09090805053711,4950,,
2021-03-10,39.272727966308594,39.272727966308594,39.272727966308594,39.272727966308594,39.272727966308594,550,,
2021-03-11,39.818180084228516,39.818180084228516,39.818180084228516,38.272727966308594,38.272727966308594,1100,,
2021-03-12,40.3636360168457,40.3636360168457,40.727272033691406,40.3636360168457,40.727272033691406,1650,,
2021-03-15,41.6363639831543,41.6363639831543,41.6363639831543,41.3636360168457,41.6363639831543,3300,,
2021-03-16,41.6363639831543,41.6363639831543,41.6363639831543,41.6363639831543,41.6363639831543,0,,
2021-03-17,41.3636360168457,41.3636360168457,41.3636360168457,41.3636360168457,41.3636360168457,550,,
2021-03-18,41.09090805053711,41.09090805053711,41.09090805053711,40.0,40.0,1100,,
2021-03-19,38.727272033691406,38.727272033691406,40.09090805053711,38.727272033691406,40.09090805053711,1650,,
2021-03-22,40.09090805053711,40.09090805053711,40.09090805053711,40.09090805053711,40.09090805053711,550,,
2021-03-23,40.09090805053711,40.09090805053711,40.09090805053711,40.09090805053711,40.09090805053711,550,,
2021-03-24,40.0,40.0,40.0,40.0,40.0,550,,
2021-03-25,40.0,40.0,40.0,40.0,40.0,0,,
2021-03-26,39.727272033691406,39.727272033691406,39.727272033691406,37.818180084228516,37.818180084228516,1100,,
2021-03-29,39.818180084228516,39.818180084228516,39.818180084228516,37.727272033691406,38.18181610107422,2750,,
2021-03-30,39.6363639831543,39.6363639831543,39.6363639831543,38.0,38.0,3850,,
2021-03-31,39.6363639831543,39.6363639831543,39.6363639831543,39.6363639831543,39.6363639831543,550,,
2021-04-01,39.3636360168457,39.3636360168457,39.54545211791992,39.3636360168457,39.54545211791992,1100,,
2021-04-07,38.272727966308594,38.272727966308594,38.272727966308594,38.272727966308594,38.272727966308594,550,,
2021-04-08,38.0,38.0,38.0,36.54545211791992,36.54545211791992,3850,,
2021-04-09,39.45454406738281,39.45454406738281,40.0,38.09090805053711,38.09090805053711,7150,,
2021-04-12,39.909088134765625,39.909088134765625,39.909088134765625,39.45454406738281,39.45454406738281,2200,,
2021-04-13,39.909088134765625,39.909088134765625,39.909088134765625,39.909088134765625,39.909088134765625,550,,
2021-04-14,39.909088134765625,39.909088134765625,39.909088134765625,39.45454406738281,39.909088134765625,1650,,
2021-04-15,39.909088134765625,39.909088134765625,39.909088134765625,39.909088134765625,39.909088134765625,1100,,
2021-04-16,39.909088134765625,39.909088134765625,39.909088134765625,39.909088134765625,39.909088134765625,0,,
2021-04-19,39.909088134765625,39.909088134765625,39.909088134765625,38.54545211791992,38.54545211791992,2200,,
2021-04-20,39.6363639831543,39.6363639831543,40.09090805053711,39.09090805053711,40.0,3850,,
2021-04-21,39.6363639831543,39.6363639831543,39.6363639831543,38.18181610107422,38.45454406738281,2750,,
2021-04-22,39.6363639831543,39.6363639831543,40.909088134765625,39.18181610107422,40.909088134765625,6050,,
2021-04-23,39.09090805053711,39.09090805053711,39.6363639831543,38.818180084228516,39.6363639831543,3850,,
2021-04-26,39.09090805053711,39.09090805053711,39.09090805053711,39.09090805053711,39.09090805053711,0,,
2021-04-27,40.54545211791992,40.54545211791992,40.54545211791992,40.45454406738281,40.45454406738281,1100,,
2021-04-28,40.727272033691406,40.727272033691406,40.727272033691406,40.54545211791992,40.54545211791992,1100,,
2021-04-29,40.909088134765625,40.909088134765625,40.909088134765625,40.3636360168457,40.727272033691406,4400,,
2021-05-03,40.909088134765625,40.909088134765625,40.909088134765625,40.909088134765625,40.909088134765625,3300,,
2021-05-04,40.909088134765625,40.909088134765625,40.909088134765625,40.909088134765625,40.909088134765625,0,,
2021-05-05,40.909088134765625,40.909088134765625,40.909088134765625,40.909088134765625,40.909088134765625,1100,,
2021-05-06,41.818180084228516,41.818180084228516,41.818180084228516,41.818180084228516,41.818180084228516,550,,
2021-05-07,41.818180084228516,41.818180084228516,41.818180084228516,40.909088134765625,40.909088134765625,1100,,
2021-05-10,41.45454406738281,41.45454406738281,41.818180084228516,41.45454406738281,41.818180084228516,1100,,
2021-05-11,41.818180084228516,41.818180084228516,41.818180084228516,37.3636360168457,41.45454406738281,7150,,
2021-05-12,41.818180084228516,41.818180084228516,41.818180084228516,38.18181610107422,40.0,4950,,
2021-05-13,41.818180084228516,41.818180084228516,41.818180084228516,41.45454406738281,41.818180084228516,5500,,
2021-05-14,41.09090805053711,41.09090805053711,41.818180084228516,41.09090805053711,41.818180084228516,1650,,
2021-05-17,38.18181610107422,38.18181610107422,39.818180084228516,37.272727966308594,39.818180084228516,4950,,
2021-05-18,36.909088134765625,36.909088134765625,36.909088134765625,36.909088134765625,36.909088134765625,550,,
2021-05-19,36.909088134765625,36.909088134765625,36.909088134765625,36.909088134765625,36.909088134765625,0,,
2021-05-20,36.909088134765625,36.909088134765625,36.909088134765625,36.909088134765625,36.909088134765625,0,,
2021-05-21,36.909088134765625,36.909088134765625,36.909088134765625,36.909088134765625,36.909088134765625,0,,
2021-05-24,36.909088134765625,36.909088134765625,36.909088134765625,36.909088134765625,36.909088134765625,0,,
2021-05-25,37.09090805053711,37.09090805053711,37.09090805053711,37.09090805053711,37.09090805053711,550,,
2021-05-26,37.09090805053711,37.09090805053711,37.09090805053711,37.09090805053711,37.09090805053711,0,,
2021-05-27,40.727272033691406,40.727272033691406,40.727272033691406,33.909088134765625,33.909088134765625,1100,,
2021-05-28,39.6363639831543,39.6363639831543,40.727272033691406,38.18181610107422,38.18181610107422,5500,,
2021-05-31,39.272727966308594,39.272727966308594,39.6363639831543,39.272727966308594,39.6363639831543,1650,,
2021-06-01,43.18181610107422,43.18181610107422,43.18181610107422,43.18181610107422,43.18181610107422,550,,
2021-06-02,43.18181610107422,43.18181610107422,43.18181610107422,43.18181610107422,43.18181610107422,0,,
2021-06-03,41.727272033691406,41.727272033691406,41.727272033691406,39.6363639831543,39.6363639831543,1100,,
2021-06-04,41.727272033691406,41.727272033691406,41.727272033691406,41.727272033691406,41.727272033691406,0,,
2021-06-07,40.3636360168457,40.3636360168457,40.3636360168457,40.0,40.0,1100,,
2021-06-08,40.0,40.0,40.0,40.0,40.0,550,,
2021-06-09,40.0,40.0,40.0,40.0,40.0,0,,
2021-06-10,40.0,40.0,40.0,40.0,40.0,0,,
2021-06-11,40.18181610107422,40.18181610107422,40.909088134765625,40.18181610107422,40.909088134765625,1100,,
2021-06-15,40.909088134765625,40.909088134765625,40.909088134765625,40.0,40.0,2750,,
2021-06-16,40.909088134765625,40.909088134765625,40.909088134765625,40.909088134765625,40.909088134765625,0,,
2021-06-17,40.909088134765625,40.909088134765625,40.909088134765625,40.0,40.0,1100,,
2021-06-18,40.909088134765625,40.909088134765625,40.909088134765625,40.909088134765625,40.909088134765625,0,,
2021-06-21,40.54545211791992,40.54545211791992,40.54545211791992,40.54545211791992,40.54545211791992,550,,
2021-06-22,40.54545211791992,40.54545211791992,40.54545211791992,40.54545211791992,40.54545211791992,0,,
2021-06-23,40.0,40.0,40.0,40.0,40.0,550,,
2021-06-24,39.09090805053711,39.09090805053711,39.09090805053711,36.3636360168457,39.09090805053711,48950,,
2021-06-25,39.09090805053711,39.09090805053711,40.18181610107422,39.09090805053711,40.18181610107422,1100,,
2021-06-28,42.6363639831543,42.6363639831543,43.0,42.6363639831543,42.909088134765625,2200,,
2021-06-29,42.6363639831543,42.6363639831543,42.6363639831543,42.6363639831543,42.6363639831543,0,,
2021-06-30,42.6363639831543,42.6363639831543,42.6363639831543,42.6363639831543,42.6363639831543,1100,,
2021-07-01,42.727272033691406,42.727272033691406,42.727272033691406,42.727272033691406,42.727272033691406,2200,,
2021-07-02,42.727272033691406,42.727272033691406,42.727272033691406,42.727272033691406,42.727272033691406,0,,
2021-07-05,42.727272033691406,42.727272033691406,42.727272033691406,42.727272033691406,42.727272033691406,0,,
2021-07-06,42.727272033691406,42.727272033691406,42.727272033691406,42.727272033691406,42.727272033691406,0,,
2021-07-07,42.727272033691406,42.727272033691406,42.727272033691406,42.727272033691406,42.727272033691406,1650,,
2021-07-08,41.818180084228516,41.818180084228516,41.818180084228516,41.818180084228516,41.818180084228516,550,,
2021-07-09,42.09090805053711,42.09090805053711,42.09090805053711,42.09090805053711,42.09090805053711,550,,
2021-07-12,42.09090805053711,42.09090805053711,42.09090805053711,42.09090805053711,42.09090805053711,550,,
2021-07-13,41.818180084228516,41.818180084228516,42.18181610107422,41.818180084228516,42.18181610107422,1100,,
2021-07-14,41.818180084228516,41.818180084228516,41.818180084228516,41.818180084228516,41.818180084228516,0,,
2021-07-15,41.818180084228516,41.818180084228516,41.818180084228516,41.818180084228516,41.818180084228516,6050,,
2021-07-16,41.818180084228516,41.818180084228516,41.818180084228516,41.818180084228516,41.818180084228516,0,,
2021-07-19,41.818180084228516,41.818180084228516,41.818180084228516,41.818180084228516,41.818180084228516,0,,
2021-07-20,42.727272033691406,42.727272033691406,42.909088134765625,42.727272033691406,42.909088134765625,2200,,
2021-07-21,42.727272033691406,42.727272033691406,42.727272033691406,42.727272033691406,42.727272033691406,0,,
2021-07-22,40.909088134765625,40.909088134765625,40.909088134765625,40.909088134765625,40.909088134765625,550,,
2021-07-23,42.727272033691406,42.727272033691406,42.909088134765625,42.6363639831543,42.909088134765625,3300,,
2021-07-26,41.818180084228516,41.818180084228516,42.727272033691406,41.818180084228516,42.727272033691406,2750,,
2021-07-27,38.818180084228516,38.818180084228516,39.09090805053711,38.818180084228516,39.09090805053711,1100,,
2021-07-28,41.818180084228516,41.818180084228516,41.818180084228516,41.818180084228516,41.818180084228516,1100,,
2021-07-29,41.818180084228516,41.818180084228516,41.818180084228516,41.818180084228516,41.818180084228516,0,,
2021-07-30,40.727272033691406,40.727272033691406,40.727272033691406,40.727272033691406,40.727272033691406,550,,
2021-08-02,40.727272033691406,40.727272033691406,40.727272033691406,40.727272033691406,40.727272033691406,1100,,
2021-08-03,40.909088134765625,40.909088134765625,40.909088134765625,40.909088134765625,40.909088134765625,550,,
2021-08-04,40.727272033691406,40.727272033691406,40.727272033691406,40.727272033691406,40.727272033691406,550,,
2021-08-05,40.727272033691406,40.727272033691406,40.727272033691406,40.727272033691406,40.727272033691406,0,,
2021-08-06,40.54545211791992,40.54545211791992,40.54545211791992,40.54545211791992,40.54545211791992,550,,
2021-08-09,38.0,38.0,38.3636360168457,38.0,38.272727966308594,1650,,
2021-08-10,38.0,38.0,38.0,38.0,38.0,1100,,
2021-08-11,37.272727966308594,37.272727966308594,37.272727966308594,37.272727966308594,37.272727966308594,550,,
2021-08-12,39.09090805053711,39.09090805053711,39.09090805053711,36.3636360168457,36.3636360168457,1100,,
2021-08-13,36.45454406738281,36.45454406738281,38.54545211791992,38.54545211791992,38.54545211791992,550,,
2021-08-16,38.18181610107422,38.18181610107422,42.09090805053711,38.18181610107422,38.18181610107422,1650,,
2021-08-17,36.0,36.0,36.0,36.0,36.0,1100,,
2021-08-18,39.272727966308594,39.272727966308594,39.272727966308594,36.3636360168457,36.3636360168457,1100,,
2021-08-19,37.818180084228516,37.818180084228516,39.272727966308594,37.818180084228516,39.272727966308594,2200,,
2021-08-20,38.18181610107422,38.18181610107422,38.909088134765625,38.18181610107422,38.909088134765625,1100,,
2021-08-23,38.18181610107422,38.18181610107422,39.09090805053711,38.0,39.09090805053711,2200,,
2021-08-24,37.818180084228516,37.818180084228516,38.272727966308594,37.818180084228516,38.272727966308594,2750,,
2021-08-25,37.818180084228516,37.818180084228516,40.0,37.818180084228516,40.0,3850,,
2021-08-26,37.272727966308594,37.272727966308594,37.818180084228516,37.272727966308594,37.818180084228516,2750,,
2021-08-27,37.6363639831543,37.6363639831543,37.6363639831543,37.6363639831543,37.6363639831543,550,,
2021-08-30,38.18181610107422,38.18181610107422,40.0,37.818180084228516,40.0,6600,,
2021-08-31,38.18181610107422,38.18181610107422,40.0,38.0,40.0,5500,,
2021-09-01,38.0,38.0,38.18181610107422,38.0,38.18181610107422,3300,,
2021-09-02,37.818180084228516,37.818180084228516,38.18181610107422,37.818180084228516,38.18181610107422,2200,,
2021-09-03,37.09090805053711,37.09090805053711,38.0,37.09090805053711,38.0,5500,,
2021-09-06,37.09090805053711,37.09090805053711,37.09090805053711,37.09090805053711,37.09090805053711,0,,
2021-09-07,37.09090805053711,37.09090805053711,37.272727966308594,36.909088134765625,37.272727966308594,6050,,
2021-09-08,36.909088134765625,36.909088134765625,37.09090805053711,36.909088134765625,37.09090805053711,1100,,
2021-09-09,36.818180084228516,36.818180084228516,36.818180084228516,34.54545211791992,36.3636360168457,6050,,
2021-09-10,36.3636360168457,36.3636360168457,37.09090805053711,36.3636360168457,37.09090805053711,5500,,
2021-09-13,36.3636360168457,36.3636360168457,36.3636360168457,36.3636360168457,36.3636360168457,0,,
2021-09-14,36.3636360168457,36.3636360168457,36.3636360168457,36.3636360168457,36.3636360168457,0,,
2021-09-15,36.3636360168457,36.3636360168457,36.3636360168457,36.3636360168457,36.3636360168457,0,,
2021-09-16,36.3636360168457,36.3636360168457,36.3636360168457,36.18181610107422,36.3636360168457,1650,,
2021-09-17,36.3636360168457,36.3636360168457,36.3636360168457,35.909088134765625,36.272727966308594,3850,,
2021-09-22,36.3636360168457,36.3636360168457,36.3636360168457,36.0,36.3636360168457,2750,,
2021-09-23,36.3636360168457,36.3636360168457,36.54545211791992,36.272727966308594,36.54545211791992,3850,,
2021-09-24,36.3636360168457,36.3636360168457,36.3636360168457,36.18181610107422,36.3636360168457,1650,,
2021-09-27,36.272727966308594,36.272727966308594,36.272727966308594,35.45454406738281,35.45454406738281,2200,,
2021-09-28,36.3636360168457,36.3636360168457,36.3636360168457,36.3636360168457,36.3636360168457,550,,
2021-09-29,36.272727966308594,36.272727966308594,36.272727966308594,35.909088134765625,36.272727966308594,3300,,
2021-09-30,36.3636360168457,36.3636360168457,36.3636360168457,36.3636360168457,36.3636360168457,550,,
2021-10-01,36.18181610107422,36.18181610107422,36.18181610107422,35.272727966308594,35.45454406738281,1650,,
2021-10-04,36.3636360168457,36.3636360168457,36.3636360168457,35.818180084228516,36.18181610107422,2750,,
2021-10-05,36.3636360168457,36.3636360168457,37.45454406738281,36.3636360168457,36.3636360168457,28050,,
2021-10-06,36.18181610107422,36.18181610107422,36.3636360168457,36.0,36.3636360168457,23650,,
2021-10-07,36.3636360168457,36.3636360168457,38.18181610107422,36.3636360168457,38.18181610107422,24200,,
2021-10-08,36.3636360168457,36.3636360168457,36.45454406738281,36.3636360168457,36.3636360168457,9900,,
2021-10-12,36.3636360168457,36.3636360168457,36.3636360168457,36.3636360168457,36.3636360168457,0,,
2021-10-13,36.3636360168457,36.3636360168457,36.3636360168457,36.3636360168457,36.3636360168457,0,,
2021-10-14,36.45454406738281,36.45454406738281,36.45454406738281,36.3636360168457,36.3636360168457,6600,,
2021-10-15,36.54545211791992,36.54545211791992,38.09090805053711,36.54545211791992,37.272727966308594,6600,,
2021-10-18,38.18181610107422,38.18181610107422,38.18181610107422,38.18181610107422,38.18181610107422,4950,,
2021-10-19,38.18181610107422,38.18181610107422,38.18181610107422,38.18181610107422,38.18181610107422,0,,
2021-10-20,38.18181610107422,38.18181610107422,38.18181610107422,38.18181610107422,38.18181610107422,0,,
2021-10-21,38.18181610107422,38.18181610107422,38.18181610107422,38.18181610107422,38.18181610107422,0,,
2021-10-22,36.909088134765625,36.909088134765625,36.909088134765625,36.909088134765625,36.909088134765625,550,,
2021-10-25,36.3636360168457,36.3636360168457,36.3636360168457,36.3636360168457,36.3636360168457,550,,
2021-10-26,36.3636360168457,36.3636360168457,36.727272033691406,36.3636360168457,36.727272033691406,4400,,
2021-10-27,36.45454406738281,36.45454406738281,36.54545211791992,36.45454406738281,36.54545211791992,1650,,
2021-10-28,37.272727966308594,37.272727966308594,37.272727966308594,36.3636360168457,36.3636360168457,6050,,
2021-10-29,37.272727966308594,37.272727966308594,37.272727966308594,37.272727966308594,37.272727966308594,4950,,
2021-11-01,37.45454406738281,37.45454406738281,37.45454406738281,36.909088134765625,37.272727966308594,3850,,
2021-11-02,37.45454406738281,37.45454406738281,37.45454406738281,37.45454406738281,37.45454406738281,1100,,
2021-11-03,38.18181610107422,38.18181610107422,38.18181610107422,38.18181610107422,38.18181610107422,1650,,
2021-11-04,38.18181610107422,38.18181610107422,38.18181610107422,38.18181610107422,38.18181610107422,550,,
2021-11-05,38.18181610107422,38.18181610107422,38.18181610107422,38.18181610107422,38.18181610107422,0,,
2021-11-08,41.818180084228516,41.818180084228516,41.818180084228516,38.18181610107422,38.18181610107422,1100,,
2021-11-09,45.45454406738281,45.45454406738281,45.45454406738281,38.18181610107422,38.18181610107422,3850,,
2021-11-10,43.272727966308594,43.272727966308594,43.272727966308594,43.272727966308594,43.272727966308594,550,,
2021-11-11,43.272727966308594,43.272727966308594,43.272727966308594,43.272727966308594,43.272727966308594,550,,
2021-11-12,43.272727966308594,43.272727966308594,43.272727966308594,43.272727966308594,43.272727966308594,0,,
2021-11-15,43.272727966308594,43.272727966308594,43.272727966308594,43.272727966308594,43.272727966308594,0,,
2021-11-16,43.272727966308594,43.272727966308594,43.272727966308594,43.272727966308594,43.272727966308594,0,,
2021-11-17,43.272727966308594,43.272727966308594,43.272727966308594,43.272727966308594,43.272727966308594,0,,
2021-11-18,38.18181610107422,38.18181610107422,38.18181610107422,38.18181610107422,38.18181610107422,14850,,
2021-11-19,38.18181610107422,38.18181610107422,38.3636360168457,38.18181610107422,38.18181610107422,2200,,
2021-11-22,38.3636360168457,38.3636360168457,38.3636360168457,38.18181610107422,38.18181610107422,1100,,
2021-11-23,38.3636360168457,38.3636360168457,38.3636360168457,38.3636360168457,38.3636360168457,0,,
2021-11-24,38.3636360168457,38.3636360168457,38.3636360168457,38.3636360168457,38.3636360168457,0,,
2021-11-25,38.45454406738281,38.45454406738281,38.45454406738281,38.45454406738281,38.45454406738281,550,,
2021-11-26,38.3636360168457,38.3636360168457,38.3636360168457,38.3636360168457,38.3636360168457,1100,,
2021-11-29,42.18181610107422,42.18181610107422,42.18181610107422,42.18181610107422,42.18181610107422,550,,
2021-11-30,42.09090805053711,42.09090805053711,42.09090805053711,38.3636360168457,38.3636360168457,3300,,
2021-12-01,42.09090805053711,42.09090805053711,42.09090805053711,42.09090805053711,42.09090805053711,550,,
2021-12-02,42.09090805053711,42.09090805053711,42.09090805053711,42.09090805053711,42.09090805053711,0,,
2021-12-03,42.0,42.0,42.09090805053711,40.09090805053711,42.09090805053711,2750,,
2021-12-06,42.0,42.0,42.0,42.0,42.0,0,,
2021-12-07,42.0,42.0,42.0,42.0,42.0,2200,,
2021-12-08,41.818180084228516,41.818180084228516,41.818180084228516,41.818180084228516,41.818180084228516,3300,,
2021-12-09,40.727272033691406,40.727272033691406,40.909088134765625,40.727272033691406,40.909088134765625,6050,,
2021-12-10,40.727272033691406,40.727272033691406,40.727272033691406,40.727272033691406,40.727272033691406,11550,,
2021-12-13,40.727272033691406,40.727272033691406,40.727272033691406,40.727272033691406,40.727272033691406,0,,
2021-12-14,40.727272033691406,40.727272033691406,40.727272033691406,40.727272033691406,40.727272033691406,7700,,
2021-12-15,40.727272033691406,40.727272033691406,40.727272033691406,40.727272033691406,40.727272033691406,2200,,
2021-12-16,40.909088134765625,40.909088134765625,40.909088134765625,40.727272033691406,40.727272033691406,2750,,
2021-12-17,40.0,40.0,40.727272033691406,40.0,40.727272033691406,5500,,
2021-12-20,40.727272033691406,40.727272033691406,40.727272033691406,40.727272033691406,40.727272033691406,4400,,
2021-12-21,40.727272033691406,40.727272033691406,40.727272033691406,40.727272033691406,40.727272033691406,0,,
2021-12-22,40.727272033691406,40.727272033691406,40.727272033691406,40.727272033691406,40.727272033691406,2750,,
2021-12-23,40.3636360168457,40.3636360168457,40.3636360168457,40.3636360168457,40.3636360168457,550,,
2021-12-24,40.727272033691406,40.727272033691406,40.727272033691406,40.727272033691406,40.727272033691406,2750,,
2021-12-27,40.818180084228516,40.818180084228516,40.818180084228516,40.818180084228516,40.818180084228516,1650,,
2021-12-28,43.6363639831543,43.6363639831543,44.54545211791992,40.0,43.727272033691406,15400,,
2021-12-29,40.909088134765625,40.909088134765625,44.09090805053711,40.909088134765625,43.727272033691406,6600,,
2021-12-30,40.818180084228516,40.818180084228516,40.818180084228516,40.818180084228516,40.818180084228516,550,,
2022-01-03,40.818180084228516,40.818180084228516,40.818180084228516,40.818180084228516,40.818180084228516,1100,,
2022-01-04,40.909088134765625,40.909088134765625,40.909088134765625,40.818180084228516,40.818180084228516,9350,,
2022-01-05,40.909088134765625,40.909088134765625,40.909088134765625,40.909088134765625,40.909088134765625,11550,,
2022-01-06,40.909088134765625,40.909088134765625,44.54545211791992,40.909088134765625,40.909088134765625,10450,,
2022-01-07,40.909088134765625,40.909088134765625,40.909088134765625,40.909088134765625,40.909088134765625,10450,,
2022-01-10,41.0,41.0,41.0,40.909088134765625,41.0,17050,,
2022-01-11,41.09090805053711,41.09090805053711,41.818180084228516,41.0,41.0,16500,,
2022-01-12,41.272727966308594,41.272727966308594,41.818180084228516,41.18181610107422,41.18181610107422,17050,,
2022-01-13,41.54545211791992,41.54545211791992,41.818180084228516,41.3636360168457,41.3636360168457,51700,,
2022-01-14,42.18181610107422,42.18181610107422,42.18181610107422,41.54545211791992,41.54545211791992,44550,,
2022-01-17,43.6363639831543,43.6363639831543,43.6363639831543,42.727272033691406,42.727272033691406,13750,,
2022-01-18,44.727272033691406,44.727272033691406,44.727272033691406,43.6363639831543,43.6363639831543,20350,,
2022-01-19,44.0,44.0,44.54545211791992,44.0,44.0,15950,,
2022-01-20,43.18181610107422,43.18181610107422,43.6363639831543,43.18181610107422,43.6363639831543,4400,,
2022-01-21,41.45454406738281,41.45454406738281,42.727272033691406,41.45454406738281,42.727272033691406,28600,,
2022-01-24,42.727272033691406,42.727272033691406,42.727272033691406,41.818180084228516,41.818180084228516,34100,,
2022-01-25,42.727272033691406,42.727272033691406,42.727272033691406,42.727272033691406,42.727272033691406,27500,,
2022-01-26,47.0,47.0,47.0,47.0,47.0,16500,,
2022-02-07,51.6363639831543,51.6363639831543,51.6363639831543,51.6363639831543,51.6363639831543,4400,,
2022-02-08,55.0,55.0,56.727272033691406,54.54545211791992,56.727272033691406,114400,,
2022-02-09,56.727272033691406,56.727272033691406,59.909088134765625,56.727272033691406,59.909088134765625,34100,,
2022-02-10,52.727272033691406,52.727272033691406,58.18181610107422,52.727272033691406,58.18181610107422,40700,,
2022-02-11,52.727272033691406,52.727272033691406,54.54545211791992,52.727272033691406,54.54545211791992,7700,,
2022-02-14,52.727272033691406,52.727272033691406,52.727272033691406,52.727272033691406,52.727272033691406,0,,
2022-02-15,50.0,50.0,52.54545211791992,50.0,52.54545211791992,44550,,
2022-02-16,46.3636360168457,46.3636360168457,50.0,46.3636360168457,50.0,52800,,
2022-02-17,44.54545211791992,44.54545211791992,47.3636360168457,44.54545211791992,47.3636360168457,34650,,
2022-02-18,43.818180084228516,43.818180084228516,45.45454406738281,43.818180084228516,44.54545211791992,27500,,
2022-02-21,44.727272033691406,44.727272033691406,44.727272033691406,44.54545211791992,44.54545211791992,24200,,
2022-02-22,44.54545211791992,44.54545211791992,44.727272033691406,44.54545211791992,44.54545211791992,108900,,
2022-02-23,47.09090805053711,47.09090805053711,48.09090805053711,40.09090805053711,40.09090805053711,28050,,
2022-02-24,51.727272033691406,51.727272033691406,51.727272033691406,45.6363639831543,45.6363639831543,9900,,
2022-02-25,51.818180084228516,51.818180084228516,51.818180084228516,51.818180084228516,51.818180084228516,18150,,
2022-03-01,49.272727966308594,49.272727966308594,51.818180084228516,49.272727966308594,51.818180084228516,26400,,
2022-03-02,49.272727966308594,49.272727966308594,49.272727966308594,49.272727966308594,49.272727966308594,0,,
2022-03-03,45.45454406738281,45.45454406738281,45.45454406738281,45.45454406738281,45.45454406738281,22000,,
2022-03-04,43.818180084228516,43.818180084228516,45.45454406738281,43.818180084228516,45.45454406738281,41800,,
2022-03-07,42.727272033691406,42.727272033691406,42.727272033691406,42.727272033691406,42.727272033691406,44000,,
2022-03-08,42.727272033691406,42.727272033691406,42.727272033691406,42.727272033691406,42.727272033691406,16500,,
2022-03-09,42.727272033691406,42.727272033691406,42.727272033691406,42.727272033691406,42.727272033691406,0,,
2022-03-10,42.727272033691406,42.727272033691406,42.727272033691406,42.727272033691406,42.727272033691406,1650,,
2022-03-11,42.727272033691406,42.727272033691406,42.727272033691406,42.727272033691406,42.727272033691406,47300,,
2022-03-14,42.727272033691406,42.727272033691406,42.727272033691406,42.727272033691406,42.727272033691406,13750,,
2022-03-15,43.3636360168457,43.3636360168457,43.3636360168457,43.3636360168457,43.3636360168457,550,,
2022-03-16,43.3636360168457,43.3636360168457,43.3636360168457,42.818180084228516,42.818180084228516,1100,,
2022-03-17,43.45454406738281,43.45454406738281,43.45454406738281,43.45454406738281,43.45454406738281,1100,,
2022-03-18,43.45454406738281,43.45454406738281,43.45454406738281,43.45454406738281,43.45454406738281,0,,
2022-03-21,43.45454406738281,43.45454406738281,43.45454406738281,43.45454406738281,43.45454406738281,0,,
2022-03-22,42.727272033691406,42.727272033691406,43.6363639831543,42.727272033691406,43.6363639831543,4950,,
2022-03-23,42.727272033691406,42.727272033691406,42.727272033691406,42.727272033691406,42.727272033691406,19250,,
2022-03-24,42.727272033691406,42.727272033691406,42.727272033691406,42.727272033691406,42.727272033691406,0,,
2022-03-25,42.727272033691406,42.727272033691406,42.727272033691406,42.727272033691406,42.727272033691406,0,,
2022-03-28,42.727272033691406,42.727272033691406,42.727272033691406,42.727272033691406,42.727272033691406,0,,
2022-03-29,42.909088134765625,42.909088134765625,42.909088134765625,42.909088134765625,42.909088134765625,550,,
2022-03-30,42.909088134765625,42.909088134765625,42.909088134765625,42.909088134765625,42.909088134765625,0,,
2022-03-31,42.909088134765625,42.909088134765625,42.909088134765625,42.909088134765625,42.909088134765625,0,,
2022-04-01,43.272727966308594,43.272727966308594,43.272727966308594,43.272727966308594,43.272727966308594,550,,
2022-04-06,44.54545211791992,44.54545211791992,44.54545211791992,44.54545211791992,44.54545211791992,550,,
2022-04-07,44.54545211791992,44.54545211791992,44.54545211791992,44.54545211791992,44.54545211791992,0,,
2022-04-08,46.45454406738281,46.45454406738281,46.45454406738281,46.45454406738281,46.45454406738281,1100,,
2022-04-11,46.45454406738281,46.45454406738281,46.45454406738281,46.45454406738281,46.45454406738281,0,,
2022-04-12,46.45454406738281,46.45454406738281,46.45454406738281,46.45454406738281,46.45454406738281,0,,
2022-04-13,46.45454406738281,46.45454406738281,46.45454406738281,46.45454406738281,46.45454406738281,0,,
2022-04-14,46.45454406738281,46.45454406738281,46.45454406738281,46.45454406738281,46.45454406738281,0,,
2022-04-15,47.272727966308594,47.272727966308594,47.272727966308594,47.272727966308594,47.272727966308594,550,,
2022-04-18,47.272727966308594,47.272727966308594,47.272727966308594,47.272727966308594,47.272727966308594,0,,
2022-04-19,47.272727966308594,47.272727966308594,47.272727966308594,47.272727966308594,47.272727966308594,0,,
2022-04-20,47.272727966308594,47.272727966308594,47.272727966308594,47.272727966308594,47.272727966308594,0,,
2022-04-21,47.45454406738281,47.45454406738281,50.0,47.45454406738281,50.0,1650,,
2022-04-22,46.54545211791992,46.54545211791992,46.54545211791992,46.54545211791992,46.54545211791992,550,,
2022-04-25,45.272727966308594,45.272727966308594,45.272727966308594,45.272727966308594,45.272727966308594,550,,
2022-04-26,49.09090805053711,49.09090805053711,49.09090805053711,49.09090805053711,49.09090805053711,550,,
2022-04-27,46.45454406738281,46.45454406738281,46.45454406738281,46.45454406738281,46.45454406738281,2200,,
2022-04-28,47.272727966308594,47.272727966308594,47.272727966308594,47.272727966308594,47.272727966308594,550,,
2022-04-29,47.272727966308594,47.272727966308594,47.272727966308594,47.272727966308594,47.272727966308594,0,,
2022-05-03,47.272727966308594,47.272727966308594,47.272727966308594,47.272727966308594,47.272727966308594,0,,
2022-05-04,47.272727966308594,47.272727966308594,50.909088134765625,47.272727966308594,50.909088134765625,2750,,
2022-05-05,47.272727966308594,47.272727966308594,47.272727966308594,47.272727966308594,47.272727966308594,0,,
2022-05-06,46.909088134765625,46.909088134765625,46.909088134765625,46.909088134765625,46.909088134765625,550,,
2022-05-09,46.909088134765625,46.909088134765625,46.909088134765625,46.909088134765625,46.909088134765625,0,,
2022-05-10,46.909088134765625,46.909088134765625,46.909088134765625,46.909088134765625,46.909088134765625,0,,
2022-05-11,46.909088134765625,46.909088134765625,46.909088134765625,46.909088134765625,46.909088134765625,0,,
2022-05-12,46.54545211791992,46.54545211791992,46.54545211791992,46.54545211791992,46.54545211791992,1100,,
2022-05-13,46.54545211791992,46.54545211791992,46.54545211791992,46.54545211791992,46.54545211791992,0,,
2022-05-16,48.18181610107422,48.18181610107422,49.272727966308594,48.18181610107422,49.272727966308594,2200,,
2022-05-17,48.18181610107422,48.18181610107422,48.18181610107422,48.18181610107422,48.18181610107422,0,,
2022-05-18,48.18181610107422,48.18181610107422,48.18181610107422,48.18181610107422,48.18181610107422,0,,
2022-05-19,47.45454406738281,47.45454406738281,47.6363639831543,47.45454406738281,47.6363639831543,1650,,
2022-05-20,47.6363639831543,47.6363639831543,47.6363639831543,47.6363639831543,47.6363639831543,1100,,
2022-05-23,47.6363639831543,47.6363639831543,47.6363639831543,47.6363639831543,47.6363639831543,0,,
2022-05-24,50.909088134765625,50.909088134765625,50.909088134765625,50.909088134765625,50.909088134765625,550,,
2022-05-25,53.6363639831543,53.6363639831543,54.54545211791992,51.272727966308594,51.272727966308594,7700,,
2022-05-26,51.45454406738281,51.45454406738281,51.818180084228516,51.45454406738281,51.818180084228516,3300,,
2022-05-27,51.09090805053711,51.09090805053711,51.45454406738281,51.09090805053711,51.45454406738281,1100,,
2022-05-30,51.3636360168457,51.3636360168457,51.3636360168457,51.3636360168457,51.3636360168457,9350,,
2022-05-31,51.272727966308594,51.272727966308594,51.272727966308594,51.272727966308594,51.272727966308594,2200,,
2022-06-01,52.3636360168457,52.3636360168457,52.3636360168457,52.3636360168457,52.3636360168457,550,,
2022-06-02,52.3636360168457,52.3636360168457,52.3636360168457,52.3636360168457,52.3636360168457,550,,
2022-06-06,52.3636360168457,52.3636360168457,52.3636360168457,52.3636360168457,52.3636360168457,0,,
2022-06-07,52.3636360168457,52.3636360168457,52.3636360168457,52.3636360168457,52.3636360168457,0,,
2022-06-08,55.45454406738281,55.45454406738281,55.45454406738281,55.45454406738281,55.45454406738281,1100,,
2022-06-09,55.6363639831543,55.6363639831543,55.6363639831543,55.45454406738281,55.45454406738281,4950,,
2022-06-10,55.6363639831543,55.6363639831543,55.6363639831543,55.6363639831543,55.6363639831543,0,,
2022-06-13,55.6363639831543,55.6363639831543,55.6363639831543,55.6363639831543,55.6363639831543,1650,,
2022-06-14,55.6363639831543,55.6363639831543,55.6363639831543,55.6363639831543,55.6363639831543,2200,,
2022-06-15,56.0,56.0,56.0,56.0,56.0,1100,,
2022-06-16,56.0,56.0,56.0,56.0,56.0,7150,,
2022-06-17,55.45454406738281,55.45454406738281,55.45454406738281,55.09090805053711,55.09090805053711,1100,,
2022-06-20,55.45454406738281,55.45454406738281,55.45454406738281,55.45454406738281,55.45454406738281,550,,
2022-06-21,55.45454406738281,55.45454406738281,55.45454406738281,55.45454406738281,55.45454406738281,0,,
2022-06-22,55.45454406738281,55.45454406738281,55.45454406738281,55.45454406738281,55.45454406738281,2200,,
2022-06-23,55.45454406738281,55.45454406738281,55.45454406738281,55.45454406738281,55.45454406738281,3300,,
2022-06-24,54.54545211791992,54.54545211791992,54.54545211791992,54.54545211791992,54.54545211791992,2750,,
2022-06-27,56.0,56.0,56.0,55.45454406738281,55.45454406738281,3850,,
2022-06-28,56.0,56.0,56.0,56.0,56.0,0,,
2022-06-29,56.0,56.0,56.0,56.0,56.0,0,,
2022-06-30,56.0,56.0,56.0,56.0,56.0,0,,
2022-07-01,55.45454406738281,55.45454406738281,55.45454406738281,55.45454406738281,55.45454406738281,2750,,
2022-07-04,55.45454406738281,55.45454406738281,55.45454406738281,55.45454406738281,55.45454406738281,1650,,
2022-07-05,55.45454406738281,55.45454406738281,55.45454406738281,55.45454406738281,55.45454406738281,0,,
2022-07-06,55.45454406738281,55.45454406738281,55.45454406738281,55.45454406738281,55.45454406738281,0,,
2022-07-07,55.45454406738281,55.45454406738281,55.45454406738281,55.45454406738281,55.45454406738281,550,,
2022-07-08,55.818180084228516,55.818180084228516,55.818180084228516,55.54545211791992,55.54545211791992,4950,,
2022-07-11,55.818180084228516,55.818180084228516,55.818180084228516,55.818180084228516,55.818180084228516,2200,,
2022-07-12,55.818180084228516,55.818180084228516,55.818180084228516,55.818180084228516,55.818180084228516,0,,
2022-07-13,55.818180084228516,55.818180084228516,55.818180084228516,55.818180084228516,55.818180084228516,0,,
2022-07-14,55.818180084228516,55.818180084228516,55.818180084228516,55.818180084228516,55.818180084228516,0,,
2022-07-15,56.727272033691406,56.727272033691406,56.727272033691406,56.727272033691406,56.727272033691406,2750,,
2022-07-18,57.3636360168457,57.3636360168457,57.3636360168457,57.272727966308594,57.272727966308594,2200,,
2022-07-19,57.3636360168457,57.3636360168457,57.3636360168457,57.3636360168457,57.3636360168457,0,,
2022-07-20,57.3636360168457,57.3636360168457,57.3636360168457,57.3636360168457,57.3636360168457,0,,
2022-07-21,61.6363639831543,61.6363639831543,61.6363639831543,58.18181610107422,60.54545211791992,3850,,
2022-07-22,61.6363639831543,61.6363639831543,61.6363639831543,61.6363639831543,61.6363639831543,0,,
2022-07-25,65.45454406738281,65.45454406738281,65.45454406738281,65.45454406738281,65.45454406738281,1650,,
2022-07-26,68.18181610107422,68.18181610107422,68.7272720336914,68.18181610107422,68.7272720336914,7700,,
2022-07-27,68.18181610107422,68.18181610107422,68.18181610107422,68.18181610107422,68.18181610107422,0,,
2022-07-28,68.18181610107422,68.18181610107422,68.18181610107422,65.09091186523438,65.09091186523438,6050,,
2022-07-29,68.18181610107422,68.18181610107422,68.18181610107422,68.18181610107422,68.18181610107422,0,,
2022-08-01,68.18181610107422,68.18181610107422,68.18181610107422,68.18181610107422,68.18181610107422,0,,
2022-08-02,68.81818389892578,68.81818389892578,68.81818389892578,68.7272720336914,68.7272720336914,7700,,
2022-08-03,68.90908813476562,68.90908813476562,68.90908813476562,68.81818389892578,68.81818389892578,2750,,
2022-08-04,68.90908813476562,68.90908813476562,68.90908813476562,68.90908813476562,68.90908813476562,0,,
2022-08-05,68.90908813476562,68.90908813476562,68.90908813476562,68.90908813476562,68.90908813476562,0,,
2022-08-08,67.09091186523438,67.09091186523438,67.09091186523438,67.09091186523438,67.09091186523438,550,,
2022-08-09,67.09091186523438,67.09091186523438,67.09091186523438,67.09091186523438,67.09091186523438,1100,,
2022-08-10,67.09091186523438,67.09091186523438,67.09091186523438,67.09091186523438,67.09091186523438,0,,
2022-08-11,67.09091186523438,67.09091186523438,67.09091186523438,67.09091186523438,67.09091186523438,0,,
2022-08-12,75.7272720336914,75.7272720336914,75.7272720336914,75.7272720336914,75.7272720336914,550,,
2022-08-15,68.2727279663086,68.2727279663086,68.2727279663086,68.2727279663086,68.2727279663086,550,,
2022-08-16,72.7272720336914,72.7272720336914,72.7272720336914,70.54545593261719,70.54545593261719,3300,,
2022-08-17,75.45454406738281,75.45454406738281,75.45454406738281,72.90908813476562,72.90908813476562,2200,,
2022-08-18,75.45454406738281,75.45454406738281,78.36363220214844,74.90908813476562,78.36363220214844,9900,,
2022-08-19,75.45454406738281,75.45454406738281,75.45454406738281,74.54545593261719,75.45454406738281,2200,,
2022-08-22,75.45454406738281,75.45454406738281,75.45454406738281,75.45454406738281,75.45454406738281,0,,
2022-08-23,74.54545593261719,74.54545593261719,74.54545593261719,74.54545593261719,74.54545593261719,550,,
2022-08-24,74.54545593261719,74.54545593261719,74.54545593261719,74.54545593261719,74.54545593261719,0,,
2022-08-25,70.90908813476562,70.90908813476562,71.2727279663086,70.90908813476562,71.2727279663086,1650,,
2022-08-26,70.7272720336914,70.7272720336914,72.7272720336914,70.7272720336914,72.7272720336914,1100,,
2022-08-29,68.7272720336914,68.7272720336914,70.7272720336914,68.7272720336914,70.7272720336914,1100,,
2022-08-30,68.18181610107422,68.18181610107422,68.7272720336914,68.18181610107422,68.7272720336914,3850,,
2022-08-31,68.18181610107422,68.18181610107422,68.18181610107422,68.18181610107422,68.18181610107422,550,,
2022-09-01,67.45454406738281,67.45454406738281,67.45454406738281,67.45454406738281,67.45454406738281,550,,
2022-09-02,67.18181610107422,67.18181610107422,67.18181610107422,67.18181610107422,67.18181610107422,550,,
2022-09-05,66.36363220214844,66.36363220214844,69.09091186523438,66.36363220214844,67.2727279663086,3850,,
2022-09-06,66.36363220214844,66.36363220214844,66.36363220214844,66.36363220214844,66.36363220214844,1650,,
2022-09-07,73.0,73.0,73.0,69.09091186523438,69.09091186523438,43450,,
2022-09-08,80.2727279663086,80.2727279663086,80.2727279663086,80.2727279663086,80.2727279663086,33550,,
2022-09-12,88.2727279663086,88.2727279663086,88.2727279663086,83.63636016845703,83.63636016845703,41250,,
2022-09-13,86.54545593261719,86.54545593261719,88.90908813476562,86.54545593261719,88.81818389892578,45650,,
2022-09-14,89.45454406738281,89.45454406738281,89.45454406738281,85.09091186523438,85.7272720336914,3300,,
2022-09-15,85.45454406738281,85.45454406738281,89.45454406738281,85.45454406738281,89.45454406738281,9350,,
2022-09-16,87.2727279663086,87.2727279663086,87.2727279663086,85.63636016845703,85.63636016845703,4400,,
2022-09-19,88.18181610107422,88.18181610107422,88.18181610107422,87.2727279663086,87.2727279663086,7150,,
2022-09-20,89.45454406738281,89.45454406738281,89.45454406738281,88.2727279663086,88.36363220214844,6600,,
2022-09-21,88.18181610107422,88.18181610107422,88.18181610107422,86.36363220214844,86.54545593261719,2750,,
2022-09-22,96.90908813476562,96.90908813476562,89.90908813476562,88.90908813476562,88.90908813476562,4950,,
2022-09-23,93.09091186523438,93.09091186523438,93.09091186523438,90.0,90.54545593261719,2750,,
2022-09-26,94.36363220214844,94.36363220214844,96.36363220214844,91.2727279663086,96.36363220214844,18150,,
2022-09-27,97.45454406738281,97.45454406738281,97.45454406738281,94.36363220214844,94.36363220214844,13200,,
2022-09-28,92.36363220214844,92.36363220214844,97.45454406738281,92.36363220214844,97.45454406738281,12100,,
2022-09-29,96.0,96.0,96.0,94.18181610107422,94.54545593261719,2200,,
2022-09-30,96.0,96.0,96.0,96.0,96.0,0,,
2022-10-03,96.36363220214844,96.36363220214844,96.36363220214844,96.0,96.0,2200,,
2022-10-04,97.63636016845703,97.63636016845703,99.81818389892578,96.36363220214844,98.18181610107422,8800,,
2022-10-05,94.54545593261719,94.54545593261719,94.54545593261719,93.63636016845703,93.63636016845703,2750,,
2022-10-06,94.54545593261719,94.54545593261719,94.54545593261719,90.09091186523438,91.45454406738281,19800,,
2022-10-07,94.18181610107422,94.18181610107422,94.18181610107422,93.63636016845703,94.18181610107422,8250,,
2022-10-11,89.63636016845703,89.63636016845703,90.90908813476562,89.63636016845703,90.90908813476562,6050,,
2022-10-12,89.09091186523438,89.09091186523438,90.0,87.2727279663086,87.2727279663086,5500,,
2022-10-13,88.18181610107422,88.18181610107422,88.18181610107422,86.7272720336914,88.18181610107422,8800,,
2022-10-14,87.2727279663086,87.2727279663086,87.45454406738281,87.2727279663086,87.2727279663086,5500,,
2022-10-17,87.2727279663086,87.2727279663086,87.2727279663086,87.2727279663086,87.2727279663086,0,,
2022-10-18,85.45454406738281,85.45454406738281,85.45454406738281,85.45454406738281,85.45454406738281,7150,,
2022-10-19,87.2727279663086,87.2727279663086,87.2727279663086,87.2727279663086,87.2727279663086,2750,,
2022-10-20,87.2727279663086,87.2727279663086,87.2727279663086,87.2727279663086,87.2727279663086,0,,
2022-10-21,87.2727279663086,87.2727279663086,87.2727279663086,87.2727279663086,87.2727279663086,0,,
2022-10-24,87.2727279663086,87.2727279663086,87.2727279663086,87.2727279663086,87.2727279663086,0,,
2022-10-25,85.54545593261719,85.54545593261719,85.54545593261719,85.54545593261719,85.54545593261719,550,,
2022-10-26,85.54545593261719,85.54545593261719,85.54545593261719,85.54545593261719,85.54545593261719,0,,
2022-10-27,85.54545593261719,85.54545593261719,85.54545593261719,85.54545593261719,85.54545593261719,0,,
2022-10-28,83.63636016845703,83.63636016845703,85.54545593261719,83.63636016845703,85.54545593261719,1650,,
2022-10-31,83.63636016845703,83.63636016845703,83.63636016845703,83.63636016845703,83.63636016845703,0,,
2022-11-01,83.81818389892578,83.81818389892578,83.81818389892578,83.81818389892578,83.81818389892578,550,,
2022-11-02,83.81818389892578,83.81818389892578,83.81818389892578,83.81818389892578,83.81818389892578,0,,
2022-11-03,83.81818389892578,83.81818389892578,83.81818389892578,83.81818389892578,83.81818389892578,0,,
2022-11-04,89.09091186523438,89.09091186523438,89.09091186523438,88.7272720336914,88.7272720336914,3850,,
2022-11-07,90.90908813476562,90.90908813476562,90.90908813476562,90.90908813476562,90.90908813476562,550,,
2022-11-08,90.90908813476562,90.90908813476562,90.90908813476562,90.90908813476562,90.90908813476562,2200,,
2022-11-09,90.90908813476562,90.90908813476562,95.09091186523438,90.90908813476562,92.36363220214844,7700,,
2022-11-10,90.90908813476562,90.90908813476562,90.90908813476562,90.90908813476562,90.90908813476562,0,,
2022-11-11,90.90908813476562,90.90908813476562,90.90908813476562,90.90908813476562,90.90908813476562,0,,
2022-11-14,90.90908813476562,90.90908813476562,90.90908813476562,90.90908813476562,90.90908813476562,0,,
2022-11-15,90.90908813476562,90.90908813476562,90.90908813476562,90.90908813476562,90.90908813476562,0,,
2022-11-16,90.90908813476562,90.90908813476562,90.90908813476562,90.90908813476562,90.90908813476562,0,,
2022-11-17,98.90908813476562,98.90908813476562,98.90908813476562,98.90908813476562,98.90908813476562,550,,
2022-11-18,95.81818389892578,95.81818389892578,92.90908813476562,91.45454406738281,92.90908813476562,2200,,
2022-11-21,94.54545593261719,94.54545593261719,94.54545593261719,90.18181610107422,94.54545593261719,1650,,
2022-11-22,90.90908813476562,90.90908813476562,90.90908813476562,90.90908813476562,90.90908813476562,1100,,
2022-11-23,90.90908813476562,90.90908813476562,90.90908813476562,90.90908813476562,90.90908813476562,0,,
2022-11-24,90.90908813476562,90.90908813476562,90.90908813476562,90.90908813476562,90.90908813476562,2200,,
2022-11-25,90.90908813476562,90.90908813476562,90.90908813476562,90.90908813476562,90.90908813476562,0,,
2022-11-28,90.90908813476562,90.90908813476562,90.90908813476562,90.90908813476562,90.90908813476562,0,,
2022-11-29,90.09091186523438,90.09091186523438,90.09091186523438,90.09091186523438,90.09091186523438,2750,,
2022-11-30,88.18181610107422,88.18181610107422,89.0,88.18181610107422,89.0,1650,,
2022-12-01,94.54545593261719,94.54545593261719,96.0,94.54545593261719,96.0,2200,,
2022-12-02,94.54545593261719,94.54545593261719,94.54545593261719,94.54545593261719,94.54545593261719,0,,
2022-12-05,91.81818389892578,91.81818389892578,91.81818389892578,90.54545593261719,90.54545593261719,1100,,
2022-12-06,91.81818389892578,91.81818389892578,91.81818389892578,91.81818389892578,91.81818389892578,0,,
2022-12-07,90.54545593261719,90.54545593261719,92.0,90.7272720336914,90.7272720336914,1100,,
2022-12-08,89.54545593261719,89.54545593261719,91.81818389892578,89.54545593261719,91.63636016845703,5500,,
2022-12-09,92.7272720336914,92.7272720336914,92.7272720336914,89.63636016845703,89.63636016845703,4400,,
2022-12-12,90.36363220214844,90.36363220214844,90.90908813476562,90.36363220214844,90.90908813476562,1650,,
2022-12-13,89.09091186523438,89.09091186523438,90.7272720336914,89.09091186523438,90.0,4400,,
2022-12-14,91.81818389892578,91.81818389892578,91.81818389892578,91.81818389892578,91.81818389892578,550,,
2022-12-15,91.81818389892578,91.81818389892578,91.81818389892578,90.36363220214844,91.81818389892578,3300,,
2022-12-16,90.54545593261719,90.54545593261719,90.90908813476562,90.54545593261719,90.90908813476562,2200,,
2022-12-19,90.54545593261719,90.54545593261719,90.54545593261719,90.54545593261719,90.54545593261719,0,,
2022-12-20,89.81818389892578,89.81818389892578,90.0,89.81818389892578,90.0,2200,,
2022-12-21,96.0,96.0,96.0,96.0,96.0,550,,
2022-12-22,89.81818389892578,89.81818389892578,90.0,89.81818389892578,90.0,5500,,
2022-12-23,89.81818389892578,89.81818389892578,89.81818389892578,89.81818389892578,89.81818389892578,0,,
2022-12-26,89.81818389892578,89.81818389892578,89.81818389892578,89.81818389892578,89.81818389892578,0,,
2022-12-27,89.81818389892578,89.81818389892578,89.81818389892578,89.81818389892578,89.81818389892578,0,,
2022-12-28,89.81818389892578,89.81818389892578,89.81818389892578,89.81818389892578,89.81818389892578,0,,
2022-12-29,89.81818389892578,89.81818389892578,89.81818389892578,89.81818389892578,89.81818389892578,0,,
2022-12-30,89.81818389892578,89.81818389892578,89.81818389892578,89.81818389892578,89.81818389892578,0,,
2023-01-03,85.45454406738281,85.45454406738281,85.45454406738281,85.45454406738281,85.45454406738281,1650,,
2023-01-04,90.90908813476562,90.90908813476562,90.90908813476562,85.81818389892578,85.81818389892578,3300,,
2023-01-05,90.90908813476562,90.90908813476562,90.90908813476562,90.90908813476562,90.90908813476562,0,,
2023-01-06,90.90908813476562,90.90908813476562,90.90908813476562,90.90908813476562,90.90908813476562,0,,
2023-01-09,89.09091186523438,89.09091186523438,89.09091186523438,89.09091186523438,89.09091186523438,550,,
2023-01-10,89.09091186523438,89.09091186523438,89.09091186523438,89.09091186523438,89.09091186523438,0,,
2023-01-11,89.09091186523438,89.09091186523438,89.09091186523438,89.09091186523438,89.09091186523438,0,,
2023-01-12,90.81818389892578,90.81818389892578,90.81818389892578,90.81818389892578,90.81818389892578,550,,
2023-01-13,90.90908813476562,90.90908813476562,90.90908813476562,90.90908813476562,90.90908813476562,550,,
2023-01-16,90.90908813476562,90.90908813476562,90.90908813476562,90.90908813476562,90.90908813476562,0,,
2023-01-17,90.90908813476562,90.90908813476562,90.90908813476562,90.90908813476562,90.90908813476562,0,,
2023-01-30,90.90908813476562,90.90908813476562,90.90908813476562,90.90908813476562,90.90908813476562,0,,
2023-01-31,90.90908813476562,90.90908813476562,90.90908813476562,90.90908813476562,90.90908813476562,0,,
2023-02-01,90.90908813476562,90.90908813476562,90.90908813476562,90.90908813476562,90.90908813476562,0,,
2023-02-02,90.90908813476562,90.90908813476562,90.90908813476562,90.90908813476562,90.90908813476562,0,,
2023-02-03,90.90908813476562,90.90908813476562,90.90908813476562,90.90908813476562,90.90908813476562,0,,
2023-02-06,90.90908813476562,90.90908813476562,90.90908813476562,90.90908813476562,90.90908813476562,0,,
2023-02-07,90.90908813476562,90.90908813476562,90.90908813476562,90.90908813476562,90.90908813476562,0,,
2023-02-08,90.90908813476562,90.90908813476562,90.90908813476562,90.90908813476562,90.90908813476562,0,,
2023-02-09,90.90908813476562,90.90908813476562,90.90908813476562,90.90908813476562,90.90908813476562,0,,
2023-02-10,90.90908813476562,90.90908813476562,90.90908813476562,90.90908813476562,90.90908813476562,0,,
2023-02-13,82.81818389892578,82.81818389892578,84.45454406738281,82.2727279663086,84.45454406738281,2200,,
2023-02-14,82.81818389892578,82.81818389892578,82.81818389892578,82.81818389892578,82.81818389892578,550,,
2023-02-15,87.2727279663086,87.2727279663086,87.2727279663086,85.09091186523438,85.09091186523438,1650,,
2023-02-16,87.2727279663086,87.2727279663086,87.2727279663086,87.2727279663086,87.2727279663086,0,,
2023-02-17,87.2727279663086,87.2727279663086,87.2727279663086,87.2727279663086,87.2727279663086,0,,
2023-02-20,87.2727279663086,87.2727279663086,87.2727279663086,87.2727279663086,87.2727279663086,0,,
2023-02-21,84.2727279663086,84.2727279663086,84.2727279663086,84.2727279663086,84.2727279663086,550,,
2023-02-22,84.2727279663086,84.2727279663086,84.2727279663086,84.2727279663086,84.2727279663086,0,,
2023-02-23,84.2727279663086,84.2727279663086,84.2727279663086,84.2727279663086,84.2727279663086,0,,
2023-02-24,85.45454406738281,85.45454406738281,85.45454406738281,85.45454406738281,85.45454406738281,2200,,
2023-03-01,85.45454406738281,85.45454406738281,85.45454406738281,85.45454406738281,85.45454406738281,0,,
2023-03-02,89.90908813476562,89.90908813476562,90.0,84.0,85.45454406738281,2750,,
2023-03-03,89.90908813476562,89.90908813476562,89.90908813476562,89.90908813476562,89.90908813476562,0,,
2023-03-06,89.90908813476562,89.90908813476562,89.90908813476562,89.90908813476562,89.90908813476562,0,,
2023-03-07,88.18181610107422,88.18181610107422,88.18181610107422,88.18181610107422,88.18181610107422,550,,
2023-03-08,88.18181610107422,88.18181610107422,88.18181610107422,88.18181610107422,88.18181610107422,0,,
2023-03-09,88.18181610107422,88.18181610107422,88.18181610107422,88.18181610107422,88.18181610107422,550,,
2023-03-10,88.18181610107422,88.18181610107422,88.18181610107422,88.18181610107422,88.18181610107422,0,,
2023-03-13,88.18181610107422,88.18181610107422,88.18181610107422,88.18181610107422,88.18181610107422,0,,
2023-03-14,88.18181610107422,88.18181610107422,84.54545593261719,83.54545593261719,83.63636016845703,2750,,
2023-03-15,88.18181610107422,88.18181610107422,88.18181610107422,88.18181610107422,88.18181610107422,0,,
2023-03-16,88.18181610107422,88.18181610107422,88.18181610107422,88.18181610107422,88.18181610107422,0,,
2023-03-17,88.18181610107422,88.18181610107422,88.18181610107422,88.18181610107422,88.18181610107422,0,,
2023-03-20,88.18181610107422,88.18181610107422,88.18181610107422,88.18181610107422,88.18181610107422,0,,
2023-03-21,88.18181610107422,88.18181610107422,88.18181610107422,88.18181610107422,88.18181610107422,0,,
2023-03-22,88.18181610107422,88.18181610107422,88.18181610107422,88.18181610107422,88.18181610107422,0,,
2023-03-23,88.18181610107422,88.18181610107422,88.18181610107422,88.18181610107422,88.18181610107422,0,,
2023-03-24,87.2727279663086,87.2727279663086,87.2727279663086,85.45454406738281,85.45454406738281,1650,,
2023-03-27,87.2727279663086,87.2727279663086,87.2727279663086,87.2727279663086,87.2727279663086,0,,
2023-03-28,84.54545593261719,84.54545593261719,84.7272720336914,84.54545593261719,84.7272720336914,3300,,
2023-03-29,84.36363220214844,84.36363220214844,84.36363220214844,84.36363220214844,84.36363220214844,550,,
2023-03-30,84.36363220214844,84.36363220214844,84.36363220214844,84.36363220214844,84.36363220214844,0,,
2023-03-31,84.36363220214844,84.36363220214844,84.36363220214844,84.18181610107422,84.18181610107422,1650,,
2023-04-06,87.18181610107422,87.18181610107422,87.18181610107422,87.18181610107422,87.18181610107422,1100,,
2023-04-07,87.18181610107422,87.18181610107422,87.18181610107422,87.18181610107422,87.18181610107422,1650,,
2023-04-10,88.18181610107422,88.18181610107422,89.09091186523438,88.18181610107422,88.18181610107422,2200,,
2023-04-11,88.18181610107422,88.18181610107422,88.18181610107422,88.18181610107422,88.18181610107422,550,,
2023-04-12,88.18181610107422,88.18181610107422,88.18181610107422,88.18181610107422,88.18181610107422,0,,
2023-04-13,88.18181610107422,88.18181610107422,88.18181610107422,88.18181610107422,88.18181610107422,0,,
2023-04-14,88.18181610107422,88.18181610107422,88.18181610107422,88.18181610107422,88.18181610107422,0,,
2023-04-17,89.09091186523438,89.09091186523438,85.09091186523438,83.45454406738281,83.45454406738281,2750,,
2023-04-18,84.0,84.0,84.90908813476562,84.0,84.90908813476562,1650,,
2023-04-19,84.18181610107422,84.18181610107422,85.45454406738281,84.0,84.0,3300,,
2023-04-20,83.63636016845703,83.63636016845703,83.63636016845703,83.63636016845703,83.63636016845703,2200,,
2023-04-21,83.63636016845703,83.63636016845703,83.63636016845703,83.63636016845703,83.63636016845703,550,,
2023-04-24,87.2727279663086,87.2727279663086,87.2727279663086,79.2727279663086,79.2727279663086,2200,,
2023-04-25,83.63636016845703,83.63636016845703,83.63636016845703,83.63636016845703,83.63636016845703,550,,
2023-04-26,83.63636016845703,83.63636016845703,83.63636016845703,83.63636016845703,83.63636016845703,0,,
2023-04-27,83.63636016845703,83.63636016845703,83.63636016845703,83.63636016845703,83.63636016845703,1100,,
2023-04-28,83.63636016845703,83.63636016845703,83.63636016845703,83.63636016845703,83.63636016845703,0,,
2023-05-02,83.63636016845703,83.63636016845703,83.63636016845703,83.63636016845703,83.63636016845703,5500,,
2023-05-03,81.81818389892578,81.81818389892578,81.81818389892578,81.81818389892578,81.81818389892578,550,,
2023-05-04,81.81818389892578,81.81818389892578,81.81818389892578,81.81818389892578,81.81818389892578,0,,
2023-05-05,84.45454406738281,84.45454406738281,84.54545593261719,84.45454406738281,84.54545593261719,1100,,
2023-05-08,83.63636016845703,83.63636016845703,83.63636016845703,83.63636016845703,83.63636016845703,550,,
2023-05-09,83.63636016845703,83.63636016845703,83.63636016845703,83.63636016845703,83.63636016845703,0,,
2023-05-10,83.36363220214844,83.36363220214844,83.36363220214844,83.36363220214844,83.36363220214844,550,,
2023-05-11,83.36363220214844,83.36363220214844,83.36363220214844,83.36363220214844,83.36363220214844,0,,
2023-05-12,83.36363220214844,83.36363220214844,83.36363220214844,83.36363220214844,83.36363220214844,0,,
2023-05-15,76.54545593261719,76.54545593261719,76.54545593261719,76.36363220214844,76.54545593261719,3300,,
2023-05-16,76.54545593261719,76.54545593261719,76.54545593261719,76.54545593261719,76.54545593261719,0,,
2023-05-17,76.54545593261719,76.54545593261719,76.54545593261719,76.54545593261719,76.54545593261719,0,,
2023-05-18,76.54545593261719,76.54545593261719,76.54545593261719,76.54545593261719,76.54545593261719,0,,
2023-05-19,76.54545593261719,76.54545593261719,76.54545593261719,76.54545593261719,76.54545593261719,0,,
2023-05-22,78.63636016845703,78.63636016845703,80.90908813476562,76.7272720336914,76.7272720336914,5500,,
2023-05-23,77.36363220214844,77.36363220214844,77.36363220214844,76.09091186523438,76.36363220214844,1650,,
2023-05-24,77.81818389892578,77.81818389892578,77.81818389892578,76.36363220214844,76.7272720336914,4950,,
2023-05-25,76.36363220214844,76.36363220214844,76.54545593261719,76.36363220214844,76.54545593261719,4400,,
2023-05-26,76.0,76.0,76.36363220214844,76.0,76.36363220214844,2200,,
2023-05-29,76.0,76.0,76.0,76.0,76.0,0,,
2023-05-30,76.0,76.0,76.0,76.0,76.0,0,,
2023-05-31,76.0,76.0,76.0,76.0,76.0,0,,
2023-06-01,75.90908813476562,75.90908813476562,76.36363220214844,75.63636016845703,76.36363220214844,5500,,
2023-06-02,75.90908813476562,75.90908813476562,75.90908813476562,75.90908813476562,75.90908813476562,0,,
2023-06-05,76.36363220214844,76.36363220214844,76.36363220214844,76.09091186523438,76.09091186523438,2750,,
2023-06-06,76.36363220214844,76.36363220214844,76.36363220214844,76.36363220214844,76.36363220214844,0,,
2023-06-07,76.36363220214844,76.36363220214844,76.36363220214844,76.36363220214844,76.36363220214844,0,,
2023-06-08,76.36363220214844,76.36363220214844,76.36363220214844,76.36363220214844,76.36363220214844,1100,,
2023-06-09,76.36363220214844,76.36363220214844,76.36363220214844,76.36363220214844,76.36363220214844,0,,
2023-06-12,76.36363220214844,76.36363220214844,76.36363220214844,76.36363220214844,76.36363220214844,0,,
2023-06-13,76.36363220214844,76.36363220214844,76.36363220214844,76.36363220214844,76.36363220214844,0,,
2023-06-14,76.36363220214844,76.36363220214844,76.36363220214844,76.36363220214844,76.36363220214844,0,,
2023-06-15,76.36363220214844,76.36363220214844,76.36363220214844,76.36363220214844,76.36363220214844,550,,
2023-06-16,76.36363220214844,76.36363220214844,76.36363220214844,76.36363220214844,76.36363220214844,0,,
2023-06-19,82.90908813476562,82.90908813476562,75.63636016845703,75.0,75.0,4400,,
2023-06-20,77.09091186523438,77.09091186523438,77.09091186523438,73.90908813476562,73.90908813476562,2200,,
2023-06-21,77.09091186523438,77.09091186523438,77.09091186523438,77.09091186523438,77.09091186523438,0,,
2023-06-26,78.2727279663086,78.2727279663086,79.09091186523438,78.2727279663086,79.09091186523438,1650,,
2023-06-27,78.2727279663086,78.2727279663086,78.2727279663086,78.2727279663086,78.2727279663086,0,,
2023-06-28,78.2727279663086,78.2727279663086,78.2727279663086,78.2727279663086,78.2727279663086,0,,
2023-06-29,78.2727279663086,78.2727279663086,78.2727279663086,78.2727279663086,78.2727279663086,0,,
2023-06-30,78.2727279663086,78.2727279663086,78.2727279663086,78.2727279663086,78.2727279663086,0,,
2023-07-03,77.63636016845703,77.63636016845703,77.63636016845703,77.63636016845703,77.63636016845703,550,,
2023-07-04,77.63636016845703,77.63636016845703,77.63636016845703,77.63636016845703,77.63636016845703,0,,
2023-07-05,77.63636016845703,77.63636016845703,77.63636016845703,77.63636016845703,77.63636016845703,0,,
2023-07-06,77.63636016845703,77.63636016845703,77.63636016845703,77.63636016845703,77.63636016845703,0,,
2023-07-07,77.63636016845703,77.63636016845703,77.63636016845703,77.63636016845703,77.63636016845703,0,,
2023-07-10,77.63636016845703,77.63636016845703,77.63636016845703,77.63636016845703,77.63636016845703,0,,
2023-07-11,77.63636016845703,77.63636016845703,77.63636016845703,77.63636016845703,77.63636016845703,0,,
2023-07-12,77.63636016845703,77.63636016845703,77.63636016845703,77.63636016845703,77.63636016845703,0,,
2023-07-13,73.09091186523438,73.09091186523438,73.09091186523438,69.54545593261719,69.54545593261719,2750,,
2023-07-14,71.90908813476562,71.90908813476562,72.36363220214844,71.90908813476562,72.36363220214844,3850,,
2023-07-17,71.90908813476562,71.90908813476562,71.90908813476562,71.90908813476562,71.90908813476562,550,,
2023-07-18,71.90908813476562,71.90908813476562,71.90908813476562,71.90908813476562,71.90908813476562,550,,
2023-07-19,71.90908813476562,71.90908813476562,71.90908813476562,71.90908813476562,71.90908813476562,0,,
2023-07-20,71.90908813476562,71.90908813476562,71.90908813476562,71.90908813476562,71.90908813476562,0,,
2023-07-21,71.90908813476562,71.90908813476562,71.90908813476562,71.90908813476562,71.90908813476562,0,,
2023-07-24,69.09091186523438,69.09091186523438,69.09091186523438,69.09091186523438,69.09091186523438,550,,
2023-07-25,69.09091186523438,69.09091186523438,69.09091186523438,67.36363220214844,69.09091186523438,1650,,
2023-07-26,70.0,70.0,70.0,67.36363220214844,67.45454406738281,2750,,
2023-07-27,74.54545593261719,74.54545593261719,75.2727279663086,74.54545593261719,75.2727279663086,1100,,
2023-07-28,74.54545593261719,74.54545593261719,74.54545593261719,74.54545593261719,74.54545593261719,0,,
2023-07-31,74.54545593261719,74.54545593261719,74.54545593261719,74.54545593261719,74.54545593261719,0,,
2023-08-01,74.54545593261719,74.54545593261719,74.54545593261719,74.54545593261719,74.54545593261719,0,,
2023-08-02,74.54545593261719,74.54545593261719,74.54545593261719,74.54545593261719,74.54545593261719,0,,
2023-08-04,74.54545593261719,74.54545593261719,74.54545593261719,74.54545593261719,74.54545593261719,0,,
2023-08-07,72.36363220214844,72.36363220214844,68.0,67.81818389892578,67.81818389892578,1100,,
2023-08-08,72.36363220214844,72.36363220214844,72.36363220214844,72.36363220214844,72.36363220214844,0,,
2023-08-09,68.0,68.0,68.36363220214844,68.0,68.36363220214844,1650,,
2023-08-10,68.0,68.0,68.0,68.0,68.0,1100,,
2023-08-11,68.7272720336914,68.7272720336914,68.7272720336914,67.7272720336914,67.7272720336914,1650,,
2023-08-14,67.45454406738281,67.45454406738281,67.54545593261719,67.45454406738281,67.54545593261719,1100,,
2023-08-15,67.45454406738281,67.45454406738281,67.45454406738281,67.45454406738281,67.45454406738281,0,,
2023-08-16,67.45454406738281,67.45454406738281,67.45454406738281,67.45454406738281,67.45454406738281,0,,
2023-08-17,67.45454406738281,67.45454406738281,67.45454406738281,67.45454406738281,67.45454406738281,0,,
2023-08-18,67.45454406738281,67.45454406738281,67.45454406738281,67.45454406738281,67.45454406738281,0,,
2023-08-21,67.45454406738281,67.45454406738281,67.45454406738281,67.45454406738281,67.45454406738281,0,,
2023-08-22,67.45454406738281,67.45454406738281,67.45454406738281,67.45454406738281,67.45454406738281,0,,
2023-08-23,67.2727279663086,67.2727279663086,67.2727279663086,67.2727279663086,67.2727279663086,550,,
2023-08-24,67.45454406738281,67.45454406738281,67.45454406738281,67.45454406738281,67.45454406738281,550,,
2023-08-25,67.45454406738281,67.45454406738281,69.09091186523438,69.09091186523438,69.09091186523438,550,,
2023-08-28,67.45454406738281,67.45454406738281,67.45454406738281,67.45454406738281,67.45454406738281,0,,
2023-08-29,67.45454406738281,67.45454406738281,67.45454406738281,67.45454406738281,67.45454406738281,0,,
2023-08-30,67.45454406738281,67.45454406738281,67.45454406738281,67.45454406738281,67.45454406738281,0,,
2023-08-31,67.45454406738281,67.45454406738281,67.45454406738281,67.45454406738281,67.45454406738281,0,,
2023-09-01,67.45454406738281,67.45454406738281,67.45454406738281,67.45454406738281,67.45454406738281,0,,
2023-09-04,69.90908813476562,69.90908813476562,71.45454406738281,69.90908813476562,71.45454406738281,1100,,
2023-09-05,69.90908813476562,69.90908813476562,69.90908813476562,69.90908813476562,69.90908813476562,0,,
2023-09-06,69.90908813476562,69.90908813476562,69.90908813476562,69.90908813476562,69.90908813476562,0,,
2023-09-07,69.90908813476562,69.90908813476562,69.90908813476562,69.90908813476562,69.90908813476562,0,,
2023-09-08,69.90908813476562,69.90908813476562,69.90908813476562,69.90908813476562,69.90908813476562,0,,
2023-09-11,65.63636016845703,65.63636016845703,69.2727279663086,65.63636016845703,69.2727279663086,2750,,
2023-09-12,65.63636016845703,65.63636016845703,65.63636016845703,65.63636016845703,65.63636016845703,0,,
2023-09-13,65.63636016845703,65.63636016845703,65.63636016845703,65.63636016845703,65.63636016845703,0,,
2023-09-14,65.63636016845703,65.63636016845703,65.63636016845703,65.63636016845703,65.63636016845703,0,,
2023-09-15,65.63636016845703,65.63636016845703,65.63636016845703,65.63636016845703,65.63636016845703,0,,
2023-09-18,65.63636016845703,65.63636016845703,65.63636016845703,65.63636016845703,65.63636016845703,0,,
2023-09-19,65.63636016845703,65.63636016845703,65.63636016845703,65.63636016845703,65.63636016845703,0,,
2023-09-20,65.63636016845703,65.63636016845703,65.63636016845703,65.63636016845703,65.63636016845703,0,,
2023-09-21,69.09091186523438,69.09091186523438,69.09091186523438,66.81818389892578,66.81818389892578,1100,,
2023-09-22,67.2727279663086,67.2727279663086,69.09091186523438,67.2727279663086,69.09091186523438,1650,,
2023-09-25,67.63636016845703,67.63636016845703,67.7272720336914,67.63636016845703,67.7272720336914,1100,,
2023-09-26,69.81818389892578,69.81818389892578,69.81818389892578,67.63636016845703,67.63636016845703,1100,,
2023-09-27,68.18181610107422,68.18181610107422,68.18181610107422,68.18181610107422,68.18181610107422,550,,
2023-09-28,70.09091186523438,70.09091186523438,70.09091186523438,70.09091186523438,70.09091186523438,550,,
2023-10-02,67.81818389892578,67.81818389892578,67.81818389892578,67.81818389892578,67.81818389892578,550,,
2023-10-03,68.09091186523438,68.09091186523438,68.18181610107422,68.09091186523438,68.18181610107422,1100,,
2023-10-04,68.09091186523438,68.09091186523438,68.09091186523438,68.09091186523438,68.09091186523438,0,,
2023-10-05,68.09091186523438,68.09091186523438,68.09091186523438,68.09091186523438,68.09091186523438,0,,
2023-10-06,68.36363220214844,68.36363220214844,68.36363220214844,68.36363220214844,68.36363220214844,550,,
2023-10-11,75.18181610107422,75.18181610107422,75.18181610107422,68.36363220214844,68.45454406738281,9900,,
2023-10-12,75.18181610107422,75.18181610107422,75.18181610107422,75.18181610107422,75.18181610107422,550,,
2023-10-13,75.18181610107422,75.18181610107422,75.18181610107422,75.18181610107422,75.18181610107422,0,,
2023-10-16,75.18181610107422,75.18181610107422,75.18181610107422,75.18181610107422,75.18181610107422,0,,
2023-10-17,75.18181610107422,75.18181610107422,75.18181610107422,75.18181610107422,75.18181610107422,550,,
2023-10-18,74.45454406738281,74.45454406738281,74.45454406738281,68.7272720336914,69.36363220214844,2750,,
2023-10-19,68.54545593261719,68.54545593261719,68.7272720336914,68.54545593261719,68.7272720336914,3850,,
2023-10-20,68.54545593261719,68.54545593261719,68.54545593261719,68.54545593261719,68.54545593261719,0,,
2023-10-23,68.54545593261719,68.54545593261719,68.54545593261719,68.54545593261719,68.54545593261719,0,,
2023-10-24,67.45454406738281,67.45454406738281,67.45454406738281,67.45454406738281,67.45454406738281,1100,,
2023-10-25,67.63636016845703,67.63636016845703,67.63636016845703,67.63636016845703,67.63636016845703,550,,
2023-10-26,67.63636016845703,67.63636016845703,67.63636016845703,67.63636016845703,67.63636016845703,0,,
2023-10-27,72.36363220214844,72.36363220214844,72.36363220214844,69.09091186523438,69.09091186523438,1650,,
2023-10-30,72.36363220214844,72.36363220214844,72.36363220214844,72.36363220214844,72.36363220214844,0,,
2023-10-31,72.36363220214844,72.36363220214844,72.36363220214844,72.36363220214844,72.36363220214844,0,,
2023-11-01,72.36363220214844,72.36363220214844,72.36363220214844,72.36363220214844,72.36363220214844,0,,
2023-11-02,72.36363220214844,72.36363220214844,72.36363220214844,72.36363220214844,72.36363220214844,0,,
2023-11-03,77.09091186523438,77.09091186523438,77.09091186523438,77.09091186523438,77.09091186523438,550,,
2023-11-06,77.09091186523438,77.09091186523438,77.09091186523438,77.09091186523438,77.09091186523438,0,,
2023-11-07,77.09091186523438,77.09091186523438,77.09091186523438,77.09091186523438,77.09091186523438,0,,
2023-11-08,77.09091186523438,77.09091186523438,77.09091186523438,77.09091186523438,77.09091186523438,0,,
2023-11-09,77.09091186523438,77.09091186523438,77.09091186523438,77.09091186523438,77.09091186523438,0,,
2023-11-10,77.09091186523438,77.09091186523438,77.09091186523438,77.09091186523438,77.09091186523438,0,,
2023-11-13,77.09091186523438,77.09091186523438,77.09091186523438,77.09091186523438,77.09091186523438,0,,
2023-11-14,77.09091186523438,77.09091186523438,77.09091186523438,77.09091186523438,77.09091186523438,0,,
2023-11-15,77.09091186523438,77.09091186523438,77.09091186523438,77.09091186523438,77.09091186523438,0,,
2023-11-16,77.09091186523438,77.09091186523438,77.09091186523438,77.09091186523438,77.09091186523438,0,,
2023-11-17,77.09091186523438,77.09091186523438,77.09091186523438,77.09091186523438,77.09091186523438,0,,
2023-11-20,70.90908813476562,70.90908813476562,70.90908813476562,70.90908813476562,70.90908813476562,550,,
2023-11-21,70.90908813476562,70.90908813476562,70.90908813476562,70.90908813476562,70.90908813476562,0,,
2023-11-22,75.09091186523438,75.09091186523438,75.09091186523438,71.0,71.0,1650,,
2023-11-23,75.09091186523438,75.09091186523438,75.09091186523438,75.09091186523438,75.09091186523438,0,,
2023-11-24,75.09091186523438,75.09091186523438,75.09091186523438,75.09091186523438,75.09091186523438,0,,
2023-11-27,75.09091186523438,75.09091186523438,75.09091186523438,75.09091186523438,75.09091186523438,0,,
2023-11-28,75.09091186523438,75.09091186523438,75.09091186523438,75.09091186523438,75.09091186523438,0,,
2023-11-29,73.7272720336914,73.7272720336914,73.7272720336914,73.7272720336914,73.7272720336914,550,,
2023-11-30,74.90908813476562,74.90908813476562,71.0,71.0,71.0,550,,
2023-12-01,72.7272720336914,72.7272720336914,72.7272720336914,72.7272720336914,72.7272720336914,550,,
2023-12-04,72.7272720336914,72.7272720336914,72.7272720336914,72.7272720336914,72.7272720336914,0,,
2023-12-05,80.0,80.0,80.0,72.7272720336914,72.7272720336914,19800,,
2023-12-06,74.90908813476562,74.90908813476562,80.0,74.81818389892578,80.0,8800,,
2023-12-07,73.0,73.0,73.81818389892578,72.7272720336914,73.81818389892578,6050,,
2023-12-08,72.7272720336914,72.7272720336914,73.0,72.54545593261719,73.0,6050,,
2023-12-11,72.7272720336914,72.7272720336914,72.7272720336914,70.0,72.7272720336914,1650,,
2023-12-12,72.7272720336914,72.7272720336914,72.7272720336914,72.7272720336914,72.7272720336914,0,,
2023-12-13,72.7272720336914,72.7272720336914,72.7272720336914,72.7272720336914,72.7272720336914,550,,
2023-12-14,72.7272720336914,72.7272720336914,72.7272720336914,72.7272720336914,72.7272720336914,0,,
2023-12-15,70.18181610107422,70.18181610107422,70.18181610107422,70.18181610107422,70.18181610107422,550,,
2023-12-18,70.18181610107422,70.18181610107422,70.2727279663086,70.18181610107422,70.2727279663086,1100,,
2023-12-19,70.18181610107422,70.18181610107422,70.18181610107422,70.18181610107422,70.18181610107422,0,,
2023-12-20,70.18181610107422,70.18181610107422,70.18181610107422,70.18181610107422,70.18181610107422,0,,
2023-12-21,70.18181610107422,70.18181610107422,70.18181610107422,70.18181610107422,70.18181610107422,0,,
2023-12-22,72.7272720336914,72.7272720336914,72.7272720336914,70.90908813476562,70.90908813476562,4400,,
2023-12-25,71.45454406738281,71.45454406738281,71.45454406738281,70.18181610107422,70.18181610107422,5500,,
2023-12-26,71.81818389892578,71.81818389892578,71.81818389892578,71.45454406738281,71.45454406738281,4950,,
2023-12-27,70.54545593261719,70.54545593261719,70.54545593261719,70.54545593261719,70.54545593261719,4400,,
2023-12-28,70.2727279663086,70.2727279663086,70.2727279663086,70.0,70.0,3850,,
2023-12-29,72.63636016845703,72.63636016845703,72.7272720336914,72.63636016845703,72.63636016845703,2750,,
2024-01-02,72.63636016845703,72.63636016845703,72.63636016845703,72.63636016845703,72.63636016845703,0,,
2024-01-03,72.63636016845703,72.63636016845703,72.63636016845703,72.63636016845703,72.63636016845703,0,,
2024-01-04,72.63636016845703,72.63636016845703,72.63636016845703,72.63636016845703,72.63636016845703,0,,
2024-01-05,72.7272720336914,72.7272720336914,72.7272720336914,72.7272720336914,72.7272720336914,1100,,
2024-01-08,72.7272720336914,72.7272720336914,72.7272720336914,72.7272720336914,72.7272720336914,0,,
2024-01-09,72.7272720336914,72.7272720336914,72.7272720336914,72.7272720336914,72.7272720336914,0,,
2024-01-10,72.7272720336914,72.7272720336914,72.7272720336914,72.7272720336914,72.7272720336914,0,,
2024-01-11,72.7272720336914,72.7272720336914,72.7272720336914,72.7272720336914,72.7272720336914,0,,
2024-01-12,72.7272720336914,72.7272720336914,72.7272720336914,72.7272720336914,72.7272720336914,0,,
2024-01-15,72.7272720336914,72.7272720336914,72.7272720336914,72.7272720336914,72.7272720336914,0,,
2024-01-16,72.7272720336914,72.7272720336914,72.7272720336914,72.7272720336914,72.7272720336914,0,,
2024-01-17,72.7272720336914,72.7272720336914,72.7272720336914,72.7272720336914,72.7272720336914,0,,
2024-01-18,69.09091186523438,69.09091186523438,69.2727279663086,69.09091186523438,69.2727279663086,2200,,
2024-01-19,69.09091186523438,69.09091186523438,69.09091186523438,69.09091186523438,69.09091186523438,1100,,
2024-01-22,67.36363220214844,67.36363220214844,67.63636016845703,67.2727279663086,67.63636016845703,2200,,
2024-01-23,67.36363220214844,67.36363220214844,67.36363220214844,67.36363220214844,67.36363220214844,0,,
2024-01-24,67.36363220214844,67.36363220214844,67.36363220214844,67.36363220214844,67.36363220214844,0,,
2024-01-25,67.36363220214844,67.36363220214844,67.36363220214844,67.36363220214844,67.36363220214844,0,,
2024-01-26,67.36363220214844,67.36363220214844,67.36363220214844,67.36363220214844,67.36363220214844,0,,
2024-01-29,68.2727279663086,68.2727279663086,68.2727279663086,68.2727279663086,68.2727279663086,550,,
2024-01-30,68.90908813476562,68.90908813476562,68.90908813476562,67.09091186523438,68.18181610107422,3300,,
2024-01-31,68.90908813476562,68.90908813476562,68.90908813476562,68.90908813476562,68.90908813476562,0,,
2024-02-01,68.90908813476562,68.90908813476562,68.90908813476562,68.90908813476562,68.90908813476562,0,,
2024-02-02,70.90908813476562,70.90908813476562,70.90908813476562,70.63636016845703,70.63636016845703,8250,,
2024-02-05,70.90908813476562,70.90908813476562,70.90908813476562,70.90908813476562,70.90908813476562,0,,
2024-02-15,70.90908813476562,70.90908813476562,70.90908813476562,70.90908813476562,70.90908813476562,550,,
2024-02-16,70.90908813476562,70.90908813476562,70.90908813476562,70.90908813476562,70.90908813476562,0,,
2024-02-19,70.90908813476562,70.90908813476562,70.90908813476562,70.90908813476562,70.90908813476562,550,,
2024-02-20,70.90908813476562,70.90908813476562,70.90908813476562,70.90908813476562,70.90908813476562,0,,
2024-02-21,70.90908813476562,70.90908813476562,70.90908813476562,70.90908813476562,70.90908813476562,0,,
2024-02-22,70.90908813476562,70.90908813476562,70.90908813476562,70.90908813476562,70.90908813476562,0,,
2024-02-23,70.81818389892578,70.81818389892578,70.81818389892578,67.45454406738281,67.81818389892578,3850,,
2024-02-26,67.7272720336914,67.7272720336914,68.90908813476562,67.7272720336914,68.54545593261719,2200,,
2024-02-27,67.45454406738281,67.45454406738281,67.63636016845703,67.45454406738281,67.63636016845703,2200,,
2024-02-29,65.36363220214844,65.36363220214844,71.81818389892578,65.36363220214844,67.45454406738281,12100,,
2024-03-01,64.09091186523438,64.09091186523438,64.09091186523438,63.727272033691406,63.727272033691406,1100,,
2024-03-04,64.81818389892578,64.81818389892578,65.45454406738281,64.81818389892578,65.45454406738281,1100,,
2024-03-05,65.45454406738281,65.45454406738281,65.45454406738281,65.45454406738281,65.45454406738281,550,,
2024-03-06,65.45454406738281,65.45454406738281,66.36363220214844,65.45454406738281,66.36363220214844,1650,,
2024-03-07,65.45454406738281,65.45454406738281,65.45454406738281,65.45454406738281,65.45454406738281,550,,
2024-03-08,65.45454406738281,65.45454406738281,65.45454406738281,65.45454406738281,65.45454406738281,550,,
2024-03-11,65.45454406738281,65.45454406738281,65.45454406738281,65.45454406738281,65.45454406738281,0,,
2024-03-12,65.45454406738281,65.45454406738281,65.45454406738281,65.45454406738281,65.45454406738281,0,,
2024-03-13,65.45454406738281,65.45454406738281,65.45454406738281,65.45454406738281,65.45454406738281,1100,,
2024-03-14,63.6363639831543,63.6363639831543,64.54545593261719,63.6363639831543,64.54545593261719,3850,,
2024-03-15,64.90908813476562,64.90908813476562,65.45454406738281,64.90908813476562,65.45454406738281,1100,,
2024-03-18,65.45454406738281,65.45454406738281,65.45454406738281,64.54545593261719,64.54545593261719,1100,,
2024-03-19,65.45454406738281,65.45454406738281,65.45454406738281,65.45454406738281,65.45454406738281,550,,
2024-03-20,70.0,70.0,70.0,70.0,70.0,550,,
2024-03-21,66.90908813476562,66.90908813476562,72.54545593261719,66.90908813476562,72.54545593261719,1650,,
2024-03-22,66.90908813476562,66.90908813476562,66.90908813476562,66.90908813476562,66.90908813476562,0,,
2024-03-25,66.90908813476562,66.90908813476562,66.90908813476562,66.90908813476562,66.90908813476562,0,,
2024-03-26,66.90908813476562,66.90908813476562,66.90908813476562,66.90908813476562,66.90908813476562,0,,
2024-03-27,67.2727279663086,67.2727279663086,67.2727279663086,67.2727279663086,67.2727279663086,550,,
2024-03-28,67.2727279663086,67.2727279663086,67.2727279663086,67.2727279663086,67.2727279663086,0,,
2024-03-29,67.2727279663086,67.2727279663086,67.2727279663086,67.2727279663086,67.2727279663086,0,,
2024-04-01,67.2727279663086,67.2727279663086,67.2727279663086,67.2727279663086,67.2727279663086,0,,
2024-04-02,70.90908813476562,70.90908813476562,70.90908813476562,70.0,70.0,1100,,
2024-04-03,65.09091186523438,65.09091186523438,73.09091186523438,64.45454406738281,73.09091186523438,2200,,
2024-04-08,64.18181610107422,64.18181610107422,64.18181610107422,64.18181610107422,64.18181610107422,550,,
2024-04-09,64.18181610107422,64.18181610107422,64.18181610107422,64.18181610107422,64.18181610107422,0,,
2024-04-10,64.18181610107422,64.18181610107422,64.18181610107422,64.18181610107422,64.18181610107422,0,,
2024-04-11,72.54545593261719,72.54545593261719,64.0,64.0,64.0,550,,
2024-04-12,72.54545593261719,72.54545593261719,72.54545593261719,72.54545593261719,72.54545593261719,0,,
2024-04-15,72.54545593261719,72.54545593261719,72.54545593261719,72.54545593261719,72.54545593261719,0,,
2024-04-16,64.36363220214844,64.36363220214844,66.36363220214844,62.18181610107422,62.18181610107422,1650,,
2024-04-17,68.18181610107422,68.18181610107422,68.18181610107422,66.36363220214844,66.36363220214844,1100,,
2024-04-18,68.18181610107422,68.18181610107422,68.18181610107422,68.18181610107422,68.18181610107422,0,,
2024-04-19,70.90908813476562,70.90908813476562,70.90908813476562,70.7272720336914,70.90908813476562,4400,,
2024-04-22,64.90908813476562,64.90908813476562,68.7272720336914,63.818180084228516,63.818180084228516,6050,,
2024-04-23,67.09091186523438,67.09091186523438,64.90908813476562,64.90908813476562,64.90908813476562,550,,
2024-04-24,67.09091186523438,67.09091186523438,67.09091186523438,67.09091186523438,67.09091186523438,0,,
2024-04-25,66.90908813476562,66.90908813476562,66.90908813476562,66.90908813476562,66.90908813476562,550,,
2024-04-26,70.90908813476562,70.90908813476562,70.90908813476562,69.09091186523438,69.09091186523438,1100,,
2024-04-29,69.09091186523438,69.09091186523438,72.54545593261719,69.09091186523438,72.54545593261719,6600,,
2024-04-30,69.09091186523438,69.09091186523438,69.09091186523438,69.09091186523438,69.09091186523438,0,,
2024-05-02,65.09091186523438,65.09091186523438,65.09091186523438,65.09091186523438,65.09091186523438,1650,,
2024-05-03,67.81818389892578,67.81818389892578,65.09091186523438,65.09091186523438,65.09091186523438,550,,
2024-05-06,67.81818389892578,67.81818389892578,67.81818389892578,67.81818389892578,67.81818389892578,0,,
2024-05-07,67.81818389892578,67.81818389892578,67.81818389892578,67.81818389892578,67.81818389892578,0,,
2024-05-08,65.45454406738281,65.45454406738281,65.45454406738281,65.45454406738281,65.45454406738281,550,,
2024-05-09,65.45454406738281,65.45454406738281,65.45454406738281,65.45454406738281,65.45454406738281,550,,
2024-05-10,65.45454406738281,65.45454406738281,65.45454406738281,65.45454406738281,65.45454406738281,0,,
2024-05-13,65.45454406738281,65.45454406738281,65.45454406738281,65.45454406738281,65.45454406738281,0,,
2024-05-14,65.45454406738281,65.45454406738281,65.45454406738281,65.45454406738281,65.45454406738281,0,,
2024-05-15,63.727272033691406,63.727272033691406,64.18181610107422,63.727272033691406,64.18181610107422,1100,,
2024-05-16,63.818180084228516,63.818180084228516,63.818180084228516,63.818180084228516,63.818180084228516,550,,
2024-05-17,63.818180084228516,63.818180084228516,63.818180084228516,63.818180084228516,63.818180084228516,0,,
2024-05-20,64.54545593261719,64.54545593261719,64.54545593261719,64.54545593261719,64.54545593261719,550,,
2024-05-21,64.54545593261719,64.54545593261719,64.54545593261719,64.54545593261719,64.54545593261719,0,,
2024-05-22,63.0,63.0,63.272727966308594,63.0,63.272727966308594,2200,,
2024-05-23,63.0,63.0,63.0,63.0,63.0,1100,,
2024-05-24,63.0,63.0,63.0,63.0,63.0,0,,
2024-05-27,63.0,63.0,63.0,63.0,63.0,0,,
2024-05-28,63.0,63.0,63.0,63.0,63.0,0,,
2024-05-29,62.09090805053711,62.09090805053711,62.09090805053711,62.09090805053711,62.09090805053711,550,,
2024-05-30,62.09090805053711,62.09090805053711,62.09090805053711,62.09090805053711,62.09090805053711,0,,
2024-05-31,61.45454406738281,61.45454406738281,61.45454406738281,61.45454406738281,61.45454406738281,550,,
2024-06-03,63.0,63.0,63.0,63.0,63.0,550,,
2024-06-04,63.0,63.0,63.0,63.0,63.0,0,,
2024-06-05,63.0,63.0,63.0,63.0,63.0,1100,,
2024-06-06,63.54545211791992,63.54545211791992,63.54545211791992,63.54545211791992,63.54545211791992,550,,
2024-06-07,61.818180084228516,61.818180084228516,61.818180084228516,61.818180084228516,61.818180084228516,1650,,
2024-06-11,61.818180084228516,61.818180084228516,61.818180084228516,61.818180084228516,61.818180084228516,550,,
2024-06-12,61.818180084228516,61.818180084228516,61.818180084228516,61.818180084228516,61.818180084228516,1100,,
2024-06-13,67.0,67.0,67.0,59.54545211791992,61.45454406738281,4950,,
2024-06-14,67.0,67.0,67.0,67.0,67.0,0,,
2024-06-17,62.727272033691406,62.727272033691406,62.909088134765625,62.727272033691406,62.727272033691406,2200,,
2024-06-18,62.727272033691406,62.727272033691406,62.727272033691406,62.727272033691406,62.727272033691406,0,,
2024-06-19,62.727272033691406,62.727272033691406,62.727272033691406,62.727272033691406,62.727272033691406,0,,
2024-06-20,62.727272033691406,62.727272033691406,62.727272033691406,62.727272033691406,62.727272033691406,0,,
2024-06-21,62.727272033691406,62.727272033691406,62.727272033691406,62.727272033691406,62.727272033691406,0,,
2024-06-24,59.6363639831543,59.6363639831543,59.727272033691406,59.6363639831543,59.727272033691406,1100,,
2024-06-25,59.6363639831543,59.6363639831543,59.6363639831543,59.6363639831543,59.6363639831543,0,,
2024-06-26,61.54545211791992,61.54545211791992,61.54545211791992,61.54545211791992,61.54545211791992,550,,
2024-06-27,60.54545211791992,60.54545211791992,60.54545211791992,58.18181610107422,58.272727966308594,3300,,
2024-06-28,58.6363639831543,58.6363639831543,60.54545211791992,58.6363639831543,60.45454406738281,2750,,
2024-07-01,59.09090805053711,59.09090805053711,60.54545211791992,58.272727966308594,58.272727966308594,5500,,
2024-07-02,57.818180084228516,57.818180084228516,58.18181610107422,53.272727966308594,58.18181610107422,13200,,
2024-07-03,57.818180084228516,57.818180084228516,57.818180084228516,57.818180084228516,57.818180084228516,0,,
2024-07-04,56.45454406738281,56.45454406738281,56.45454406738281,54.6363639831543,54.6363639831543,1100,,
2024-07-05,55.18181610107422,55.18181610107422,58.09090805053711,53.09090805053711,58.09090805053711,9900,,
2024-07-08,54.54545211791992,54.54545211791992,55.18181610107422,54.54545211791992,54.727272033691406,3300,,
2024-07-09,54.54545211791992,54.54545211791992,54.54545211791992,54.54545211791992,54.54545211791992,0,,
2024-07-10,54.54545211791992,54.54545211791992,54.54545211791992,54.54545211791992,54.54545211791992,0,,
2024-07-11,51.45454406738281,51.45454406738281,51.45454406738281,51.272727966308594,51.272727966308594,8800,,
2024-07-12,51.45454406738281,51.45454406738281,51.45454406738281,50.909088134765625,50.909088134765625,7700,,
2024-07-15,51.45454406738281,51.45454406738281,51.45454406738281,51.45454406738281,51.45454406738281,550,,
2024-07-16,54.18181610107422,54.18181610107422,54.18181610107422,54.18181610107422,54.18181610107422,550,,
2024-07-17,52.0,52.0,54.18181610107422,52.0,54.18181610107422,1650,,
2024-07-18,52.0,52.0,52.0,52.0,52.0,0,,
2024-07-19,52.0,52.0,52.0,52.0,52.0,0,,
2024-07-22,52.0,52.0,52.0,52.0,52.0,0,,
2024-07-23,52.0,52.0,52.0,52.0,52.0,0,,
2024-07-26,52.0,52.0,52.0,52.0,52.0,0,,
2024-07-29,52.0,52.0,52.0,52.0,52.0,0,,
2024-07-30,52.0,52.0,52.0,52.0,52.0,0,,
2024-07-31,51.818180084228516,51.818180084228516,51.818180084228516,51.818180084228516,51.818180084228516,550,,
2024-08-01,48.3636360168457,48.3636360168457,50.09090805053711,48.3636360168457,50.09090805053711,1100,,
2024-08-02,47.3636360168457,47.3636360168457,48.3636360168457,47.3636360168457,48.3636360168457,3300,,
2024-08-05,42.727272033691406,42.727272033691406,42.818180084228516,42.727272033691406,42.818180084228516,1650,,
2024-08-06,46.909088134765625,46.909088134765625,46.909088134765625,44.727272033691406,44.727272033691406,1100,,
2024-08-07,51.54545211791992,51.54545211791992,46.909088134765625,46.909088134765625,46.909088134765625,40700,,
2024-08-08,51.54545211791992,51.54545211791992,51.54545211791992,51.54545211791992,51.54545211791992,0,,
2024-08-09,51.54545211791992,51.54545211791992,51.54545211791992,51.54545211791992,51.54545211791992,0,,
2024-08-12,49.45454406738281,49.45454406738281,49.45454406738281,49.45454406738281,49.45454406738281,550,,
2024-08-13,49.45454406738281,49.45454406738281,49.45454406738281,49.45454406738281,49.45454406738281,0,,
2024-08-14,49.45454406738281,49.45454406738281,49.45454406738281,49.45454406738281,49.45454406738281,0,,
2024-08-15,49.45454406738281,49.45454406738281,49.45454406738281,49.45454406738281,49.45454406738281,0,,
2024-08-16,49.45454406738281,49.45454406738281,49.45454406738281,49.45454406738281,49.45454406738281,0,,
2024-08-19,50.45454406738281,50.45454406738281,50.45454406738281,50.45454406738281,50.45454406738281,6050,,
2024-08-20,50.45454406738281,50.45454406738281,50.45454406738281,50.45454406738281,50.45454406738281,0,,
2024-08-21,43.6363639831543,43.6363639831543,43.6363639831543,43.6363639831543,43.6363639831543,550,,
2024-08-22,43.6363639831543,43.6363639831543,43.6363639831543,43.6363639831543,43.6363639831543,0,,
2024-08-23,43.6363639831543,43.6363639831543,43.6363639831543,43.6363639831543,43.6363639831543,0,,
2024-08-26,43.6363639831543,43.6363639831543,43.6363639831543,43.6363639831543,43.6363639831543,0,,
2024-08-27,45.818180084228516,45.818180084228516,45.818180084228516,45.818180084228516,45.818180084228516,1100,,
2024-08-28,47.45454406738281,47.45454406738281,50.3636360168457,47.45454406738281,49.0,4950,,
2024-08-29,47.45454406738281,47.45454406738281,47.45454406738281,47.45454406738281,47.45454406738281,0,,
2024-08-30,47.45454406738281,47.45454406738281,47.45454406738281,47.45454406738281,47.45454406738281,0,,
2024-09-02,47.45454406738281,47.45454406738281,47.45454406738281,47.45454406738281,47.45454406738281,0,,
2024-09-03,47.45454406738281,47.45454406738281,47.45454406738281,47.45454406738281,47.45454406738281,0,,
2024-09-04,47.45454406738281,47.45454406738281,47.45454406738281,47.45454406738281,47.45454406738281,0,,
2024-09-05,47.45454406738281,47.45454406738281,47.45454406738281,47.45454406738281,47.45454406738281,0,,
2024-09-06,47.45454406738281,47.45454406738281,47.45454406738281,47.45454406738281,47.45454406738281,0,,
2024-09-09,47.45454406738281,47.45454406738281,47.45454406738281,47.45454406738281,47.45454406738281,0,,
2024-09-10,47.45454406738281,47.45454406738281,47.45454406738281,47.45454406738281,47.45454406738281,0,,
2024-09-11,47.45454406738281,47.45454406738281,47.45454406738281,47.45454406738281,47.45454406738281,0,,
2024-09-12,47.45454406738281,47.45454406738281,47.45454406738281,47.45454406738281,47.45454406738281,0,,
2024-09-13,55.909088134765625,55.909088134765625,50.909088134765625,50.909088134765625,50.909088134765625,550,,
2024-09-16,51.0,51.0,51.0,51.0,51.0,550,,
2024-09-18,54.54545211791992,54.54545211791992,56.09090805053711,54.54545211791992,54.54545211791992,20350,,
2024-09-19,52.18181610107422,52.18181610107422,58.0,51.909088134765625,54.54545211791992,22000,,
2024-09-20,53.6363639831543,53.6363639831543,53.6363639831543,50.18181610107422,51.0,6050,,
2024-09-23,55.3636360168457,55.3636360168457,56.18181610107422,55.272727966308594,55.272727966308594,2750,,
2024-09-24,55.54545211791992,55.54545211791992,56.09090805053711,55.54545211791992,55.6363639831543,3850,,
2024-09-25,55.54545211791992,55.54545211791992,55.54545211791992,55.54545211791992,55.54545211791992,3300,,
2024-09-26,54.0,54.0,55.54545211791992,54.0,55.45454406738281,4400,,
2024-09-27,52.727272033691406,52.727272033691406,54.0,52.727272033691406,54.0,3850,,
2024-09-30,52.727272033691406,52.727272033691406,52.727272033691406,52.727272033691406,52.727272033691406,1100,,
2024-10-01,52.727272033691406,52.727272033691406,52.727272033691406,52.727272033691406,52.727272033691406,0,,
2024-10-04,52.727272033691406,52.727272033691406,52.727272033691406,52.727272033691406,52.727272033691406,0,,
2024-10-07,52.727272033691406,52.727272033691406,52.727272033691406,52.727272033691406,52.727272033691406,0,,
2024-10-08,52.727272033691406,52.727272033691406,52.727272033691406,52.727272033691406,52.727272033691406,2750,,
2024-10-09,52.727272033691406,52.727272033691406,52.727272033691406,52.727272033691406,52.727272033691406,0,,
2024-10-11,52.727272033691406,52.727272033691406,52.727272033691406,52.727272033691406,52.727272033691406,0,,
2024-10-14,52.727272033691406,52.727272033691406,52.727272033691406,52.727272033691406,52.727272033691406,0,,
2024-10-15,52.727272033691406,52.727272033691406,52.727272033691406,52.727272033691406,52.727272033691406,1100,,
2024-10-16,52.727272033691406,52.727272033691406,52.727272033691406,52.727272033691406,52.727272033691406,0,,
2024-10-17,52.727272033691406,52.727272033691406,52.727272033691406,52.727272033691406,52.727272033691406,0,,
2024-10-18,52.727272033691406,52.727272033691406,52.727272033691406,52.727272033691406,52.727272033691406,0,,
2024-10-21,52.727272033691406,52.727272033691406,52.727272033691406,52.727272033691406,52.727272033691406,0,,
2024-10-22,52.727272033691406,52.727272033691406,52.727272033691406,52.727272033691406,52.727272033691406,0,,
2024-10-23,52.727272033691406,52.727272033691406,52.727272033691406,52.727272033691406,52.727272033691406,0,,
2024-10-24,57.909088134765625,57.909088134765625,52.727272033691406,52.727272033691406,52.727272033691406,1100,,
2024-10-25,57.909088134765625,57.909088134765625,57.909088134765625,57.909088134765625,57.909088134765625,0,,
2024-10-28,57.909088134765625,57.909088134765625,57.909088134765625,57.909088134765625,57.909088134765625,0,,
2024-10-29,52.727272033691406,52.727272033691406,52.727272033691406,52.727272033691406,52.727272033691406,3300,,
2024-10-30,52.727272033691406,52.727272033691406,52.727272033691406,52.727272033691406,52.727272033691406,0,,
2024-11-01,52.727272033691406,52.727272033691406,52.727272033691406,52.727272033691406,52.727272033691406,0,,
2024-11-04,52.727272033691406,52.727272033691406,52.727272033691406,52.727272033691406,52.727272033691406,0,,
2024-11-05,52.727272033691406,52.727272033691406,52.727272033691406,52.727272033691406,52.727272033691406,0,,
2024-11-06,52.727272033691406,52.727272033691406,52.727272033691406,52.727272033691406,52.727272033691406,0,,
2024-11-07,52.727272033691406,52.727272033691406,52.727272033691406,52.727272033691406,52.727272033691406,550,,
2024-11-08,52.727272033691406,52.727272033691406,52.727272033691406,52.727272033691406,52.727272033691406,0,,
2024-11-11,48.0,48.0,48.09090805053711,47.54545211791992,47.6363639831543,4950,,
2024-11-12,48.0,48.0,48.0,48.0,48.0,0,,
2024-11-13,50.818180084228516,50.818180084228516,50.818180084228516,50.818180084228516,50.818180084228516,550,,
2024-11-14,50.818180084228516,50.818180084228516,50.818180084228516,50.818180084228516,50.818180084228516,0,,
2024-11-15,50.818180084228516,50.818180084228516,50.818180084228516,50.818180084228516,50.818180084228516,0,,
2024-11-18,50.818180084228516,50.818180084228516,50.818180084228516,50.818180084228516,50.818180084228516,0,,
2024-11-19,50.818180084228516,50.818180084228516,50.818180084228516,50.818180084228516,50.818180084228516,0,,
2024-11-20,50.818180084228516,50.818180084228516,50.818180084228516,50.818180084228516,50.818180084228516,0,,
2024-11-21,50.909088134765625,50.909088134765625,50.909088134765625,46.0,46.0,3850,,
2024-11-22,50.909088134765625,50.909088134765625,50.909088134765625,50.909088134765625,50.909088134765625,0,,
2024-11-25,50.909088134765625,50.909088134765625,50.909088134765625,50.909088134765625,50.909088134765625,0,,
2024-11-26,46.45454406738281,46.45454406738281,46.45454406738281,46.45454406738281,46.45454406738281,550,,
2024-11-27,46.45454406738281,46.45454406738281,46.45454406738281,46.45454406738281,46.45454406738281,0,,
2024-11-28,46.45454406738281,46.45454406738281,46.45454406738281,46.45454406738281,46.45454406738281,0,,
2024-11-29,46.3636360168457,46.3636360168457,46.3636360168457,46.3636360168457,46.3636360168457,6050,,
2024-12-02,46.3636360168457,46.3636360168457,46.3636360168457,46.3636360168457,46.3636360168457,0,,
2024-12-03,46.3636360168457,46.3636360168457,46.3636360168457,46.3636360168457,46.3636360168457,0,,
2024-12-04,46.3636360168457,46.3636360168457,46.3636360168457,46.3636360168457,46.3636360168457,0,,
2024-12-05,46.3636360168457,46.3636360168457,46.3636360168457,46.3636360168457,46.3636360168457,0,,
2024-12-06,61.54545211791992,61.54545211791992,61.54545211791992,61.54545211791992,61.54545211791992,1650,,
2024-12-09,55.54545211791992,55.54545211791992,67.2727279663086,55.54545211791992,67.2727279663086,6050,,
2024-12-10,51.909088134765625,51.909088134765625,51.909088134765625,51.909088134765625,51.909088134765625,550,,
2024-12-11,51.909088134765625,51.909088134765625,51.909088134765625,51.909088134765625,51.909088134765625,0,,
2024-12-12,51.909088134765625,51.909088134765625,51.909088134765625,51.909088134765625,51.909088134765625,0,,
2024-12-13,42.727272033691406,42.727272033691406,45.45454406738281,42.54545211791992,45.45454406738281,6050,,
2024-12-16,47.0,47.0,46.272727966308594,42.3636360168457,44.727272033691406,14300,,
2024-12-17,40.6363639831543,40.6363639831543,41.818180084228516,39.09090805053711,41.272727966308594,17600,,
2024-12-18,41.818180084228516,41.818180084228516,40.54545211791992,37.18181610107422,37.18181610107422,2200,,
2024-12-19,41.818180084228516,41.818180084228516,41.818180084228516,38.818180084228516,41.818180084228516,8800,,
2024-12-20,42.18181610107422,42.18181610107422,45.818180084228516,39.6363639831543,45.818180084228516,10450,,
2024-12-23,45.45454406738281,45.45454406738281,45.45454406738281,45.45454406738281,45.45454406738281,550,,
2024-12-24,49.54545211791992,49.54545211791992,49.54545211791992,49.54545211791992,49.54545211791992,550,,
2024-12-25,49.45454406738281,49.45454406738281,52.3636360168457,44.6363639831543,52.3636360168457,6600,,
2024-12-26,46.18181610107422,46.18181610107422,48.3636360168457,44.6363639831543,48.3636360168457,2750,,
2024-12-27,41.818180084228516,41.818180084228516,46.18181610107422,41.6363639831543,46.18181610107422,10450,,
2024-12-30,37.6363639831543,37.6363639831543,43.09090805053711,37.6363639831543,43.09090805053711,44000,,
2024-12-31,39.18181610107422,39.18181610107422,39.18181610107422,33.909088134765625,34.54545211791992,35200,,
2025-01-02,39.181819915771484,39.181819915771484,39.181819915771484,39.181819915771484,39.181819915771484,0,,
2025-01-03,39.181819915771484,39.181819915771484,39.181819915771484,39.181819915771484,39.181819915771484,0,,
2025-01-06,39.181819915771484,39.181819915771484,39.181819915771484,39.181819915771484,39.181819915771484,0,,
2025-01-07,39.181819915771484,39.181819915771484,39.181819915771484,39.181819915771484,39.181819915771484,0,,
2025-01-08,39.181819915771484,39.181819915771484,39.181819915771484,39.181819915771484,39.181819915771484,0,,
2025-01-09,39.181819915771484,39.181819915771484,39.181819915771484,39.181819915771484,39.181819915771484,0,,
2025-01-10,39.181819915771484,39.181819915771484,39.181819915771484,39.181819915771484,39.181819915771484,0,,
2025-01-13,35.5,35.5,39.900001525878906,35.349998474121094,35.349998474121094,7000,,
2025-01-14,35.45000076293945,35.45000076293945,39.45000076293945,36.150001525878906,39.0,6000,,
2025-01-15,39.0,39.0,40.29999923706055,35.45000076293945,40.29999923706055,5000,,
2025-01-16,42.04999923706055,42.04999923706055,38.849998474121094,34.70000076293945,38.849998474121094,7000,,
2025-01-17,37.349998474121094,37.349998474121094,37.349998474121094,34.75,34.79999923706055,6000,,
2025-01-20,34.5,34.5,40.599998474121094,33.900001525878906,38.400001525878906,13000,,
2025-01-21,34.45000076293945,34.45000076293945,34.70000076293945,34.45000076293945,34.70000076293945,2000,,
2025-01-22,34.400001525878906,34.400001525878906,34.400001525878906,34.400001525878906,34.400001525878906,1000,,
2025-02-03,32.54999923706055,32.54999923706055,34.349998474121094,31.5,31.5,3002,,
2025-02-04,32.5,32.5,32.5,31.799999237060547,31.799999237060547,2001,,
2025-02-05,32.400001525878906,32.400001525878906,32.400001525878906,30.25,30.25,3287,,
2025-02-06,33.400001525878906,33.400001525878906,33.400001525878906,33.400001525878906,33.400001525878906,1283,,
2025-02-07,33.75,33.75,33.75,32.45000076293945,32.45000076293945,3203,,
2025-02-10,33.79999923706055,33.79999923706055,33.79999923706055,33.79999923706055,33.79999923706055,1004,,
2025-02-11,30.549999237060547,30.549999237060547,36.349998474121094,30.450000762939453,32.79999923706055,67008,,
2025-02-12,31.450000762939453,31.450000762939453,31.450000762939453,30.899999618530273,30.950000762939453,3003,,
2025-02-13,31.899999618530273,31.899999618530273,33.849998474121094,30.649999618530273,31.299999237060547,14004,,
2025-02-14,34.75,34.75,34.75,29.549999237060547,30.75,44020,,
2025-02-17,35.70000076293945,35.70000076293945,36.0,34.25,36.0,8018,,
2025-02-18,35.95000076293945,35.95000076293945,35.95000076293945,32.75,32.75,8095,,
2025-02-19,35.849998474121094,35.849998474121094,35.849998474121094,35.849998474121094,35.849998474121094,1021,,
2025-02-20,35.5,35.5,35.75,34.349998474121094,34.349998474121094,10047,,
2025-02-21,34.099998474121094,34.099998474121094,35.29999923706055,34.099998474121094,35.29999923706055,3187,,
2025-02-24,34.04999923706055,34.04999923706055,35.900001525878906,33.04999923706055,33.099998474121094,16100,,
2025-02-25,35.45000076293945,35.45000076293945,35.5,34.29999923706055,35.20000076293945,4011,,
2025-02-26,37.79999923706055,37.79999923706055,37.79999923706055,36.650001525878906,36.650001525878906,2002,,
2025-02-27,34.599998474121094,34.599998474121094,37.650001525878906,34.150001525878906,37.45000076293945,11059,,
2025-03-03,37.099998474121094,37.099998474121094,37.099998474121094,33.75,35.79999923706055,8035,,
2025-03-04,39.900001525878906,39.900001525878906,40.0,34.650001525878906,37.04999923706055,10345,,
2025-03-05,39.400001525878906,39.400001525878906,39.400001525878906,37.79999923706055,37.79999923706055,3004,,
2025-03-06,42.349998474121094,42.349998474121094,42.349998474121094,36.0,37.29999923706055,5006,,
2025-03-07,41.75,41.75,42.29999923706055,38.150001525878906,42.29999923706055,11354,,
2025-03-10,37.650001525878906,37.650001525878906,41.70000076293945,37.650001525878906,41.70000076293945,2969,,
2025-03-11,39.400001525878906,39.400001525878906,41.20000076293945,35.20000076293945,38.95000076293945,10213,,
2025-03-12,39.650001525878906,39.650001525878906,41.95000076293945,37.150001525878906,40.75,11287,,
2025-03-13,38.349998474121094,38.349998474121094,39.45000076293945,37.099998474121094,39.45000076293945,6004,,
2025-03-14,37.900001525878906,37.900001525878906,37.900001525878906,37.45000076293945,37.45000076293945,2003,,
2025-03-17,35.849998474121094,35.849998474121094,38.20000076293945,35.349998474121094,35.349998474121094,5018,,
2025-03-18,36.95000076293945,36.95000076293945,37.900001525878906,33.95000076293945,34.04999923706055,19012,,
2025-03-19,36.900001525878906,36.900001525878906,36.900001525878906,36.900001525878906,36.900001525878906,1016,,
2025-03-20,36.849998474121094,36.849998474121094,36.849998474121094,36.849998474121094,36.849998474121094,1001,,
2025-03-21,36.79999923706055,36.79999923706055,36.79999923706055,36.79999923706055,36.79999923706055,1014,,
2025-03-24,37.95000076293945,37.95000076293945,37.95000076293945,37.95000076293945,37.95000076293945,1000,,
2025-03-25,36.79999923706055,36.79999923706055,37.849998474121094,34.25,37.849998474121094,10002,,
2025-03-26,36.75,36.75,36.75,36.75,36.75,1002,,
2025-03-27,35.95000076293945,35.95000076293945,37.45000076293945,33.5,37.45000076293945,7002,,
2025-03-28,35.75,35.75,35.79999923706055,35.75,35.79999923706055,2025,,
2025-03-31,33.29999923706055,33.29999923706055,36.95000076293945,32.20000076293945,36.95000076293945,25350,,
2025-04-01,34.599998474121094,34.599998474121094,34.650001525878906,30.0,30.049999237060547,50001,,
2025-04-02,31.200000762939453,31.200000762939453,33.599998474121094,31.149999618530273,33.599998474121094,11071,,
2025-04-07,28.149999618530273,28.149999618530273,31.149999618530273,28.100000381469727,31.149999618530273,11085,,
2025-04-08,27.450000762939453,27.450000762939453,29.899999618530273,25.399999618530273,28.950000762939453,16200,,
2025-04-09,24.799999237060547,24.799999237060547,29.850000381469727,24.799999237060547,28.399999618530273,7001,,
2025-04-10,27.149999618530273,27.149999618530273,27.149999618530273,27.149999618530273,27.149999618530273,2004,,
2025-04-11,28.100000381469727,28.100000381469727,28.100000381469727,28.100000381469727,28.100000381469727,1000,,
2025-04-14,26.25,26.25,29.950000762939453,25.549999237060547,28.950000762939453,14045,,
2025-04-15,26.0,26.0,27.600000381469727,25.649999618530273,27.149999618530273,9012,,
2025-04-16,26.899999618530273,26.899999618530273,26.899999618530273,26.899999618530273,26.899999618530273,1000,,
2025-04-17,27.799999237060547,27.799999237060547,27.799999237060547,27.799999237060547,27.799999237060547,1000,,
2025-04-18,28.75,28.75,28.75,28.75,28.75,1001,,
2025-04-21,26.5,26.5,29.700000762939453,26.049999237060547,29.700000762939453,8000,,
2025-04-22,25.549999237060547,25.549999237060547,27.25,24.350000381469727,27.25,17000,,
2025-04-23,25.950000762939453,25.950000762939453,27.700000762939453,25.0,26.399999618530273,11000,,
2025-04-24,25.649999618530273,25.649999618530273,26.649999618530273,24.299999237060547,26.649999618530273,10000,,
2025-04-25,25.649999618530273,25.649999618530273,27.75,25.649999618530273,25.899999618530273,12000,,
2025-04-28,26.700000762939453,26.700000762939453,27.649999618530273,26.700000762939453,26.799999237060547,3000,,
2025-04-29,29.049999237060547,29.049999237060547,29.049999237060547,27.600000381469727,27.600000381469727,8300,,
2025-04-30,29.25,29.25,30.0,28.299999237060547,30.0,3000,,
2025-05-02,30.0,30.0,30.200000762939453,28.149999618530273,30.200000762939453,7000,,
2025-05-05,32.54999923706055,32.54999923706055,32.54999923706055,31.049999237060547,31.049999237060547,3000,,
2025-05-06,30.899999618530273,30.899999618530273,34.29999923706055,29.299999237060547,32.20000076293945,14000,,
2025-05-07,28.899999618530273,28.899999618530273,30.700000762939453,27.850000381469727,30.700000762939453,24069,,
2025-05-08,28.600000381469727,28.600000381469727,28.75,27.75,28.350000381469727,7000,,
2025-05-09,28.899999618530273,28.899999618530273,28.899999618530273,28.899999618530273,28.899999618530273,1000,,
2025-05-12,29.850000381469727,29.850000381469727,29.850000381469727,28.899999618530273,28.899999618530273,8000,,
2025-05-13,29.899999618530273,29.899999618530273,31.899999618530273,29.5,30.850000381469727,13000,,
2025-05-14,30.5,30.5,30.5,30.5,30.5,1000,,
2025-05-15,30.799999237060547,30.799999237060547,30.799999237060547,30.799999237060547,30.799999237060547,1421000,,
2025-05-16,31.5,31.5,31.549999237060547,30.25,30.25,6000,,
2025-05-19,32.599998474121094,32.599998474121094,33.650001525878906,31.5,32.70000076293945,6120,,
2025-05-20,34.79999923706055,34.79999923706055,34.79999923706055,31.450000762939453,31.450000762939453,7750,,
2025-05-21,35.650001525878906,35.650001525878906,35.650001525878906,32.150001525878906,33.599998474121094,7817,,
2025-05-22,36.099998474121094,36.099998474121094,36.099998474121094,35.54999923706055,35.54999923706055,2183,,
2025-05-23,35.70000076293945,35.70000076293945,35.70000076293945,33.04999923706055,33.04999923706055,4000,,
2025-05-26,36.099998474121094,36.099998474121094,36.099998474121094,35.650001525878906,35.650001525878906,2003,,
2025-05-27,36.70000076293945,36.70000076293945,36.70000076293945,36.45000076293945,36.45000076293945,2003,,
2025-05-28,36.349998474121094,36.349998474121094,36.45000076293945,35.0,36.349998474121094,7000,,
2025-05-29,36.45000076293945,36.45000076293945,36.45000076293945,35.95000076293945,35.95000076293945,2000,,
2025-06-02,35.45000076293945,35.45000076293945,35.54999923706055,33.849998474121094,34.75,5000,,
2025-06-03,35.400001525878906,35.400001525878906,35.70000076293945,33.849998474121094,35.45000076293945,9001,,
2025-06-04,35.70000076293945,35.70000076293945,35.70000076293945,35.70000076293945,35.70000076293945,1000,,
2025-06-05,34.849998474121094,34.849998474121094,35.95000076293945,33.849998474121094,35.95000076293945,3000,,
2025-06-06,34.79999923706055,34.79999923706055,35.75,34.5,35.75,3099,,
2025-06-09,35.5,35.5,35.5,35.5,35.5,1299,,
2025-06-10,34.95000076293945,34.95000076293945,35.75,33.599998474121094,35.75,6000,,
2025-06-11,35.70000076293945,35.70000076293945,35.70000076293945,34.04999923706055,35.150001525878906,4000,,
2025-06-12,34.70000076293945,34.70000076293945,35.599998474121094,34.70000076293945,35.599998474121094,2000,,
2025-06-13,34.79999923706055,34.79999923706055,35.099998474121094,33.900001525878906,35.099998474121094,3003,,
2025-06-16,33.849998474121094,33.849998474121094,35.75,33.150001525878906,35.75,7000,,
2025-06-17,34.95000076293945,34.95000076293945,34.95000076293945,34.95000076293945,34.95000076293945,1000,,
2025-06-18,35.599998474121094,35.599998474121094,35.599998474121094,35.599998474121094,35.599998474121094,1001,,
2025-06-19,33.95000076293945,33.95000076293945,35.5,33.04999923706055,35.5,5000,,
2025-06-20,34.349998474121094,34.349998474121094,34.349998474121094,34.349998474121094,34.349998474121094,1000,,
2025-06-23,34.849998474121094,34.849998474121094,34.849998474121094,34.849998474121094,34.849998474121094,1150,,
2025-06-24,33.70000076293945,33.70000076293945,34.95000076293945,32.0,34.95000076293945,7456,,
2025-06-25,34.099998474121094,34.099998474121094,34.45000076293945,32.5,33.349998474121094,5225,,
2025-06-26,33.45000076293945,33.45000076293945,34.349998474121094,32.45000076293945,32.5,6001,,
2025-06-27,32.599998474121094,32.599998474121094,34.099998474121094,32.349998474121094,34.099998474121094,6001,,
2025-06-30,33.70000076293945,33.70000076293945,33.70000076293945,33.70000076293945,33.70000076293945,1420,,
2025-07-01,32.599998474121094,32.599998474121094,33.54999923706055,32.599998474121094,33.54999923706055,2000,,
2025-07-02,34.099998474121094,34.099998474121094,34.099998474121094,33.599998474121094,33.599998474121094,2000,,
2025-07-03,33.95000076293945,33.95000076293945,33.95000076293945,33.95000076293945,33.95000076293945,1862,,
2025-07-04,33.79999923706055,33.79999923706055,33.79999923706055,33.79999923706055,33.79999923706055,1000,,
2025-07-07,33.79999923706055,33.79999923706055,33.79999923706055,33.79999923706055,33.79999923706055,1000,,
2025-07-08,33.79999923706055,33.79999923706055,33.79999923706055,33.79999923706055,33.79999923706055,1574,,
2025-07-09,33.79999923706055,33.79999923706055,33.79999923706055,33.79999923706055,33.79999923706055,1000,,
2025-07-10,33.45000076293945,33.45000076293945,34.599998474121094,33.45000076293945,33.70000076293945,4200,,
2025-07-11,33.400001525878906,33.400001525878906,33.400001525878906,33.400001525878906,33.400001525878906,1000,,
2025-07-14,34.900001525878906,34.900001525878906,34.900001525878906,32.45000076293945,32.45000076293945,4284,,
2025-07-15,33.849998474121094,33.849998474121094,34.75,32.70000076293945,34.75,5000,,
2025-07-16,33.150001525878906,33.150001525878906,33.29999923706055,32.20000076293945,33.29999923706055,3000,,
2025-07-17,32.5,32.5,33.099998474121094,32.5,33.099998474121094,2000,,
2025-07-18,33.54999923706055,33.54999923706055,33.54999923706055,32.5,32.5,2000,,
2025-07-21,31.799999237060547,31.799999237060547,33.75,31.0,33.75,6003,,
2025-07-22,31.350000381469727,31.350000381469727,32.45000076293945,31.350000381469727,32.45000076293945,5000,,
2025-07-23,31.799999237060547,31.799999237060547,31.799999237060547,31.799999237060547,31.799999237060547,1000,,
2025-07-24,33.70000076293945,33.70000076293945,33.70000076293945,30.799999237060547,30.799999237060547,4000,,
2025-07-25,33.400001525878906,33.400001525878906,33.54999923706055,31.549999237060547,33.54999923706055,4000,,
2025-07-28,32.599998474121094,32.599998474121094,33.25,31.549999237060547,33.25,4000,,
2025-07-29,33.150001525878906,33.150001525878906,33.150001525878906,33.150001525878906,33.150001525878906,1000,,
2025-07-30,33.150001525878906,33.150001525878906,33.150001525878906,33.150001525878906,33.150001525878906,1000,,
2025-07-31,32.900001525878906,32.900001525878906,33.20000076293945,30.649999618530273,33.20000076293945,4000,,
2025-08-04,31.850000381469727,31.850000381469727,32.79999923706055,30.0,32.79999923706055,24028,,
2025-08-05,30.899999618530273,30.899999618530273,30.950000762939453,29.399999618530273,29.399999618530273,10360,,
2025-08-06,31.450000762939453,31.450000762939453,31.450000762939453,31.450000762939453,31.450000762939453,1000,,
2025-08-07,30.5,30.5,30.5,30.0,30.049999237060547,10000,,
2025-08-08,30.950000762939453,30.950000762939453,30.950000762939453,30.950000762939453,30.950000762939453,1000,,
2025-08-11,30.899999618530273,30.899999618530273,30.899999618530273,30.899999618530273,30.899999618530273,1000,,
2025-08-12,29.950000762939453,29.950000762939453,30.5,29.100000381469727,29.200000762939453,12000,,
2025-08-13,29.799999237060547,29.799999237060547,29.799999237060547,29.799999237060547,29.799999237060547,1030,,
2025-08-14,29.75,29.75,29.899999618530273,29.0,29.450000762939453,6002,,
2025-08-15,29.200000762939453,29.200000762939453,32.349998474121094,29.049999237060547,31.350000381469727,14000,,
2025-08-18,31.549999237060547,31.549999237060547,31.600000381469727,27.649999618530273,29.600000381469727,20000,,
2025-08-19,29.450000762939453,29.450000762939453,33.849998474121094,28.600000381469727,31.549999237060547,20068,,
2025-08-20,28.0,28.0,29.100000381469727,27.5,28.100000381469727,15894,,
2025-08-21,28.950000762939453,28.950000762939453,28.950000762939453,28.5,28.5,2000,,
2025-08-22,28.799999237060547,28.799999237060547,28.799999237060547,28.200000762939453,28.200000762939453,12003,,
2025-08-25,28.75,28.75,28.950000762939453,27.799999237060547,27.799999237060547,11005,,
2025-08-26,27.850000381469727,27.850000381469727,28.450000762939453,26.950000762939453,27.600000381469727,13011,,
2025-08-27,27.799999237060547,27.799999237060547,27.799999237060547,26.950000762939453,27.5,7040,,
2025-08-28,27.299999237060547,27.299999237060547,28.299999237060547,26.0,27.799999237060547,22000,,
2025-08-29,25.950000762939453,25.950000762939453,27.25,25.799999237060547,27.25,15546,,
2025-09-01,25.799999237060547,25.799999237060547,25.899999618530273,25.0,25.899999618530273,8040,,
2025-09-02,25.75,25.75,25.75,25.0,25.200000762939453,13000,,
2025-09-03,24.850000381469727,24.850000381469727,25.700000762939453,24.799999237060547,25.700000762939453,7500,,
2025-09-04,24.799999237060547,24.799999237060547,26.5,24.25,24.25,13061,,
2025-09-05,27.25,27.25,27.25,26.799999237060547,26.799999237060547,91862,,
2025-09-08,24.649999618530273,24.649999618530273,25.649999618530273,24.549999237060547,25.600000381469727,98002,,
2025-09-09,24.5,24.5,24.700000762939453,23.950000762939453,24.649999618530273,23000,,
2025-09-10,24.450000762939453,24.450000762939453,25.399999618530273,24.200000762939453,24.5,28000,,
2025-09-11,24.0,24.0,24.950000762939453,23.799999237060547,24.5,51000,,
2025-09-12,23.850000381469727,23.850000381469727,24.350000381469727,23.200000762939453,24.200000762939453,13000,,
2025-09-15,23.799999237060547,23.799999237060547,24.75,23.5,23.950000762939453,25000,,
2025-09-16,23.75,23.75,24.600000381469727,23.399999618530273,23.799999237060547,21000,,
2025-09-17,23.700000762939453,23.700000762939453,23.700000762939453,23.399999618530273,23.399999618530273,3000,,
2025-09-18,23.450000762939453,23.450000762939453,23.450000762939453,22.149999618530273,23.350000381469727,19000,,
2025-09-19,23.299999237060547,23.299999237060547,23.299999237060547,23.299999237060547,23.299999237060547,1000,,
2025-09-22,24.600000381469727,24.600000381469727,25.200000762939453,23.600000381469727,23.600000381469727,10002,,
2025-09-23,25.200000762939453,25.200000762939453,25.700000762939453,24.950000762939453,24.950000762939453,7000,,
2025-09-24,24.450000762939453,24.450000762939453,25.049999237060547,23.649999618530273,25.049999237060547,12001,,
2025-09-25,24.549999237060547,24.549999237060547,25.649999618530273,24.299999237060547,24.450000762939453,7001,,
2025-09-26,24.549999237060547,24.549999237060547,24.549999237060547,24.549999237060547,24.549999237060547,1001,,
2025-09-30,23.799999237060547,23.799999237060547,25.049999237060547,23.799999237060547,25.049999237060547,4000,,
2025-10-01,24.100000381469727,24.100000381469727,24.600000381469727,23.549999237060547,24.600000381469727,10045,,
2025-10-02,22.950000762939453,22.950000762939453,24.100000381469727,22.700000762939453,24.049999237060547,20301,,
2025-10-03,23.75,23.75,23.75,23.75,23.75,1000,,
2025-10-07,23.899999618530273,23.899999618530273,24.25,23.0,24.25,4000,,
2025-10-08,22.799999237060547,22.799999237060547,23.850000381469727,22.5,23.850000381469727,27001,,
2025-10-09,22.799999237060547,22.799999237060547,22.799999237060547,22.600000381469727,22.700000762939453,23000,,
2025-10-13,23.0,23.0,23.0,22.0,22.149999618530273,9250,,
2025-10-14,23.100000381469727,23.100000381469727,23.700000762939453,22.799999237060547,23.700000762939453,9300,,
2025-10-15,22.75,22.75,23.399999618530273,22.75,23.399999618530273,5001,,
2025-10-16,22.850000381469727,22.850000381469727,23.25,22.850000381469727,23.25,13000,,
2025-10-17,23.5,23.5,23.5,23.5,23.5,1000,,
2025-10-20,22.299999237060547,22.299999237060547,23.649999618530273,22.200000762939453,23.649999618530273,36439,,
2025-10-21,22.450000762939453,22.450000762939453,22.649999618530273,21.950000762939453,22.649999618530273,9000,,
2025-10-22,22.399999618530273,22.399999618530273,22.549999237060547,21.649999618530273,22.299999237060547,4198,,
2025-10-23,22.299999237060547,22.299999237060547,22.299999237060547,22.0,22.100000381469727,16002,,
2025-10-27,21.600000381469727,21.600000381469727,22.450000762939453,21.350000381469727,22.450000762939453,16000,,
2025-10-28,21.299999237060547,21.299999237060547,21.299999237060547,20.600000381469727,21.149999618530273,7300,,
2025-10-29,21.700000762939453,21.700000762939453,21.899999618530273,21.100000381469727,21.899999618530273,4000,,
2025-10-30,21.299999237060547,21.299999237060547,21.700000762939453,20.950000762939453,21.700000762939453,10000,,
2025-10-31,21.950000762939453,21.950000762939453,21.950000762939453,21.0,21.25,8000,,
2025-11-03,21.100000381469727,21.100000381469727,21.899999618530273,21.0,21.899999618530273,13450,,
2025-11-04,20.700000762939453,20.700000762939453,20.75,19.950000762939453,20.5,17083,,
2025-11-05,20.399999618530273,20.399999618530273,20.399999618530273,19.950000762939453,19.950000762939453,3000,,
2025-11-06,21.75,21.75,21.75,20.350000381469727,20.350000381469727,17000,,
2025-11-07,21.5,21.5,21.5,21.450000762939453,21.5,3000,,
2025-11-10,22.450000762939453,22.450000762939453,22.450000762939453,21.0,21.0,6000,,
2025-11-11,22.649999618530273,22.649999618530273,22.649999618530273,22.200000762939453,22.399999618530273,7000,,
2025-11-12,24.100000381469727,24.100000381469727,24.899999618530273,22.600000381469727,22.600000381469727,80000,,
2025-11-13,24.350000381469727,24.350000381469727,26.5,23.5,24.0,65001,,
2025-11-14,22.600000381469727,22.600000381469727,24.950000762939453,21.950000762939453,24.149999618530273,37033,,
2025-11-17,24.299999237060547,24.299999237060547,24.850000381469727,23.200000762939453,23.200000762939453,69000,,
2025-11-18,22.600000381469727,22.600000381469727,25.149999618530273,22.600000381469727,24.299999237060547,44385,,
2025-11-19,22.899999618530273,22.899999618530273,23.450000762939453,21.950000762939453,23.450000762939453,28192,,
2025-11-20,22.700000762939453,22.700000762939453,23.399999618530273,22.649999618530273,22.75,12000,,
2025-11-21,22.700000762939453,22.700000762939453,23.450000762939453,22.700000762939453,23.450000762939453,4000,,
2025-11-24,22.899999618530273,22.899999618530273,23.450000762939453,21.549999237060547,23.450000762939453,9000,,
2025-11-25,21.549999237060547,21.549999237060547,23.700000762939453,20.850000381469727,22.899999618530273,30093,,
2025-11-26,22.299999237060547,22.299999237060547,22.549999237060547,21.049999237060547,21.5,32000,,
2025-11-27,22.950000762939453,22.950000762939453,22.950000762939453,22.950000762939453,22.950000762939453,1287,,
2025-11-28,22.5,22.5,24.649999618530273,22.5,22.950000762939453,23010,,
2025-12-01,23.25,23.25,23.5,23.25,23.399999618530273,6000,,
2025-12-02,24.700000762939453,24.700000762939453,25.549999237060547,23.450000762939453,23.5,48000,,
2025-12-03,27.0,27.0,27.0,23.600000381469727,26.0,53000,,
2025-12-04,27.5,27.5,28.0,24.850000381469727,27.799999237060547,41011,,
2025-12-05,25.799999237060547,25.799999237060547,28.350000381469727,24.899999618530273,25.200000762939453,61000,,
2025-12-08,26.799999237060547,26.799999237060547,27.200000762939453,24.049999237060547,25.350000381469727,39000,,
2025-12-09,27.200000762939453,27.200000762939453,27.399999618530273,26.049999237060547,27.399999618530273,24000,,
2025-12-10,27.200000762939453,27.200000762939453,27.25,26.100000381469727,27.200000762939453,68000,,
2025-12-11,27.350000381469727,27.350000381469727,27.399999618530273,26.799999237060547,27.100000381469727,22287,,
2025-12-12,29.899999618530273,29.899999618530273,30.049999237060547,27.5,27.5,64000,,
2025-12-15,28.25,28.25,30.600000381469727,28.25,28.850000381469727,46000,,
2025-12-16,29.549999237060547,29.549999237060547,29.899999618530273,28.299999237060547,29.200000762939453,16250,,
2025-12-17,29.450000762939453,29.450000762939453,30.5,28.5,30.5,45000,,
2025-12-18,27.350000381469727,27.350000381469727,29.950000762939453,26.549999237060547,29.950000762939453,50073,,
2025-12-19,28.049999237060547,28.049999237060547,28.149999618530273,27.799999237060547,28.149999618530273,6000,,
2025-12-22,29.700000762939453,29.700000762939453,30.450000762939453,27.549999237060547,27.549999237060547,28151,,
2025-12-23,28.850000381469727,28.850000381469727,29.600000381469727,26.75,29.549999237060547,67000,,
2025-12-24,29.200000762939453,29.200000762939453,29.200000762939453,28.549999237060547,28.799999237060547,11003,,
2025-12-26,28.700000762939453,28.700000762939453,28.799999237060547,26.799999237060547,28.799999237060547,16737,,
2025-12-29,27.850000381469727,27.850000381469727,28.149999618530273,27.100000381469727,27.100000381469727,7000,,
2025-12-30,26.950000762939453,26.950000762939453,27.850000381469727,26.299999237060547,27.850000381469727,74000,,
2025-12-31,27.700000762939453,27.700000762939453,28.149999618530273,26.950000762939453,27.850000381469727,18000,,
2026-01-02,28.049999237060547,28.049999237060547,28.649999618530273,27.350000381469727,28.549999237060547,20001,,
2026-01-05,28.450000762939453,28.450000762939453,28.450000762939453,27.950000762939453,27.950000762939453,4000,,
2026-01-06,27.5,27.5,28.399999618530273,27.5,28.399999618530273,2000,,
2026-01-07,29.0,29.0,29.0,27.899999618530273,27.899999618530273,7000,,
2026-01-08,28.649999618530273,28.649999618530273,30.450000762939453,27.350000381469727,28.0,50002,,
2026-01-09,29.200000762939453,29.200000762939453,29.200000762939453,29.149999618530273,29.200000762939453,3099,,
2026-01-12,29.0,29.0,30.0,28.649999618530273,28.649999618530273,14000,,
2026-01-13,28.049999237060547,28.049999237060547,29.0,28.049999237060547,29.0,3000,,
2026-01-14,28.899999618530273,28.899999618530273,29.850000381469727,27.899999618530273,28.049999237060547,20000,,
2026-01-15,28.899999618530273,28.899999618530273,29.75,28.75,28.850000381469727,22000,,
2026-01-16,29.200000762939453,29.200000762939453,29.200000762939453,29.200000762939453,29.200000762939453,2001,,
2026-01-19,29.399999618530273,29.399999618530273,30.0,29.0,29.149999618530273,18000,,
2026-01-20,29.850000381469727,29.850000381469727,32.20000076293945,29.350000381469727,29.350000381469727,43099,,
2026-01-21,29.450000762939453,29.450000762939453,29.950000762939453,28.450000762939453,29.950000762939453,9002,,
2026-01-22,30.450000762939453,30.450000762939453,32.349998474121094,29.200000762939453,29.200000762939453,67300,,
2026-01-23,31.399999618530273,31.399999618530273,31.5,29.399999618530273,30.450000762939453,34001,,
2026-01-26,34.5,34.5,34.5,29.799999237060547,30.5,130000,,
2026-01-27,37.95000076293945,37.95000076293945,37.95000076293945,34.0,34.349998474121094,106100,,
2026-01-28,41.70000076293945,41.70000076293945,41.70000076293945,37.95000076293945,37.95000076293945,128036,,
2026-01-29,40.0,40.0,44.45000076293945,38.0,40.0,115000,,
2026-01-30,40.45000076293945,40.45000076293945,42.25,37.79999923706055,39.29999923706055,37017,,
2026-02-02,40.599998474121094,40.599998474121094,40.95000076293945,37.849998474121094,37.849998474121094,33001,,
2026-02-03,42.599998474121094,42.599998474121094,42.95000076293945,39.150001525878906,40.95000076293945,39100,,
2026-02-04,45.25,45.25,46.400001525878906,43.0,46.29999923706055,20205,,
2026-02-05,45.0,45.0,47.45000076293945,44.900001525878906,47.45000076293945,34000,,
2026-02-06,45.95000076293945,45.95000076293945,46.5,44.0,44.599998474121094,17100,,
2026-02-09,45.849998474121094,45.849998474121094,46.79999923706055,42.20000076293945,42.20000076293945,23000,,
2026-02-10,44.70000076293945,44.70000076293945,46.650001525878906,42.650001525878906,46.650001525878906,20000,,
2026-02-11,42.25,42.25,44.400001525878906,40.79999923706055,44.400001525878906,19047,,
2026-02-23,43.150001525878906,43.150001525878906,44.400001525878906,39.29999923706055,42.150001525878906,20000,,
2026-02-24,43.099998474121094,43.099998474121094,44.70000076293945,40.349998474121094,44.70000076293945,11000,,
2026-02-25,43.099998474121094,43.099998474121094,44.849998474121094,41.04999923706055,44.849998474121094,15000,,
2026-02-26,43.20000076293945,43.20000076293945,43.900001525878906,43.099998474121094,43.099998474121094,5014,,
2026-03-02,41.95000076293945,41.95000076293945,44.04999923706055,39.0,44.04999923706055,21000,,
2026-03-03,41.29999923706055,41.29999923706055,41.29999923706055,38.5,38.650001525878906,16001,,
2026-03-04,37.20000076293945,37.20000076293945,40.70000076293945,37.20000076293945,40.70000076293945,9158,,
2026-03-05,39.29999923706055,39.29999923706055,39.599998474121094,37.95000076293945,38.5,15053,,
2026-03-06,40.95000076293945,40.95000076293945,40.95000076293945,40.650001525878906,40.650001525878906,2042,,
2026-03-09,39.900001525878906,39.900001525878906,40.95000076293945,37.04999923706055,40.95000076293945,8000,,
2026-03-10,40.79999923706055,40.79999923706055,40.849998474121094,40.79999923706055,40.849998474121094,3000,,
2026-03-11,41.95000076293945,41.95000076293945,41.95000076293945,41.79999923706055,41.79999923706055,2002,,
2026-03-12,41.849998474121094,41.849998474121094,41.95000076293945,39.5,41.95000076293945,8000,,
2026-03-13,41.75,41.75,44.75,40.0,40.0,9056,,
2026-03-16,41.45000076293945,41.45000076293945,43.45000076293945,41.45000076293945,41.75,4000,,
2026-03-17,39.95000076293945,39.95000076293945,42.849998474121094,38.70000076293945,42.849998474121094,8198,,
2026-03-18,40.0,40.0,40.650001525878906,40.0,40.650001525878906,2001,,
2026-03-19,40.5,40.5,40.5,40.5,40.5,1000,,
2026-03-20,42.150001525878906,42.150001525878906,42.45000076293945,39.0,42.45000076293945,6287,,
2026-03-23,41.54999923706055,41.54999923706055,43.599998474121094,39.95000076293945,43.599998474121094,7000,,
2026-03-24,40.0,40.0,42.5,40.0,42.5,4015,,
2026-03-25,41.70000076293945,41.70000076293945,41.70000076293945,41.45000076293945,41.45000076293945,2000,,
2026-03-26,39.900001525878906,39.900001525878906,42.70000076293945,39.20000076293945,41.650001525878906,19006,,
2026-03-27,39.29999923706055,39.29999923706055,39.95000076293945,37.0,39.95000076293945,20000,,
2026-03-30,38.099998474121094,38.099998474121094,38.54999923706055,38.099998474121094,38.54999923706055,2001,,
2026-03-31,37.5,37.5,37.95000076293945,37.5,37.95000076293945,2000,,
2026-04-01,37.70000076293945,37.70000076293945,37.95000076293945,37.70000076293945,37.95000076293945,2000,,
2026-04-02,38.04999923706055,38.04999923706055,38.04999923706055,38.04999923706055,38.04999923706055,1000,,
2026-04-07,38.29999923706055,38.29999923706055,38.29999923706055,38.29999923706055,38.29999923706055,1001,,
2026-04-08,38.0,38.0,38.349998474121094,35.20000076293945,38.0,21001,,
2026-04-09,37.25,37.25,38.70000076293945,34.79999923706055,37.70000076293945,74034,,
2026-04-10,35.54999923706055,35.54999923706055,35.900001525878906,34.0,35.900001525878906,10000,,
2026-04-13,35.400001525878906,35.400001525878906,35.400001525878906,35.400001525878906,35.400001525878906,1000,,
2026-04-14,35.400001525878906,35.400001525878906,35.400001525878906,35.400001525878906,35.400001525878906,1001,,
2026-04-15,34.650001525878906,34.650001525878906,35.349998474121094,33.79999923706055,35.349998474121094,4200,,
2026-04-16,35.29999923706055,35.29999923706055,35.29999923706055,35.20000076293945,35.20000076293945,6000,,
2026-04-17,38.5,38.5,38.79999923706055,35.20000076293945,35.29999923706055,48340,,
2026-04-20,41.25,41.25,41.79999923706055,37.349998474121094,37.349998474121094,5003,,
2026-04-21,38.0,38.0,43.20000076293945,37.900001525878906,42.29999923706055,11053,,
2026-04-22,39.900001525878906,39.900001525878906,39.900001525878906,38.0,38.0,5000,,
2026-04-23,40.849998474121094,40.849998474121094,40.849998474121094,39.0,39.0,6048,,
2026-04-24,42.0,42.0,43.20000076293945,41.650001525878906,41.650001525878906,10000,,
2026-04-27,43.54999923706055,43.54999923706055,44.0,42.900001525878906,42.900001525878906,3280,,
2026-04-28,43.0,43.0,43.5,43.0,43.5,3000,,
2026-04-29,39.45000076293945,39.45000076293945,41.95000076293945,38.70000076293945,41.95000076293945,14000,,
2026-04-30,41.150001525878906,41.150001525878906,41.95000076293945,41.150001525878906,41.95000076293945,2071,,
2026-05-04,41.0,41.0,41.0,41.0,41.0,1100,,
2026-05-05,42.150001525878906,42.150001525878906,42.150001525878906,41.0,41.0,2021,,
2026-05-06,39.400001525878906,39.400001525878906,40.95000076293945,37.95000076293945,40.95000076293945,7051,,
2026-05-07,41.849998474121094,41.849998474121094,41.849998474121094,39.0,39.349998474121094,9710,,
2026-05-08,39.849998474121094,39.849998474121094,42.650001525878906,37.70000076293945,42.650001525878906,10103,,
2026-05-11,38.900001525878906,38.900001525878906,40.45000076293945,38.0,40.45000076293945,6000,,
2026-05-12,38.900001525878906,38.900001525878906,38.900001525878906,38.900001525878906,38.900001525878906,1550,,
2026-05-13,37.95000076293945,37.95000076293945,38.849998474121094,35.04999923706055,38.849998474121094,44299,,
2026-05-14,37.5,37.5,37.5,37.5,37.5,1050,,
2026-05-15,37.20000076293945,37.20000076293945,37.900001525878906,33.900001525878906,37.900001525878906,7100,,
2026-05-18,36.75,36.75,37.0,35.75,37.0,4100,,
2026-05-19,36.70000076293945,36.70000076293945,38.150001525878906,33.95000076293945,37.900001525878906,5050,,
2026-05-20,36.650001525878906,36.650001525878906,36.650001525878906,36.650001525878906,36.650001525878906,1100,,
2026-05-21,36.45000076293945,36.45000076293945,36.650001525878906,36.45000076293945,36.650001525878906,4100,,
2026-05-22,35.95000076293945,35.95000076293945,36.20000076293945,35.95000076293945,36.20000076293945,5000,,
2026-05-25,35.900001525878906,35.900001525878906,37.75,35.900001525878906,36.95000076293945,6000,,
2026-05-26,35.849998474121094,35.849998474121094,36.79999923706055,35.849998474121094,36.79999923706055,5000,,
2026-05-27,35.70000076293945,35.70000076293945,36.45000076293945,33.29999923706055,36.45000076293945,15100,,
2026-05-28,35.5,35.5,36.20000076293945,32.79999923706055,36.20000076293945,11000,,
2026-05-29,34.95000076293945,34.95000076293945,35.849998474121094,34.95000076293945,35.45000076293945,3100,,
2026-06-01,34.349998474121094,34.349998474121094,34.849998474121094,31.799999237060547,34.849998474121094,5001,,
2026-06-02,36.400001525878906,36.400001525878906,36.400001525878906,34.75,34.75,5100,,
2026-06-03,33.0,33.0,37.5,33.0,37.5,13061,,
2026-06-04,30.0,30.0,34.0,29.75,34.0,52186,,
2026-06-05,29.350000381469727,29.350000381469727,30.0,27.649999618530273,30.0,11000,,
2026-06-08,26.950000762939453,26.950000762939453,28.450000762939453,26.450000762939453,26.450000762939453,20085,,
2026-06-09,28.350000381469727,28.350000381469727,28.350000381469727,27.75,27.75,2500,,
2026-06-10,28.100000381469727,28.100000381469727,28.100000381469727,28.100000381469727,28.100000381469727,1000,,
2026-06-11,27.799999237060547,27.799999237060547,27.950000762939453,27.350000381469727,27.950000762939453,5000,,
2026-06-12,29.200000762939453,29.200000762939453,29.700000762939453,25.700000762939453,27.799999237060547,14000,,
2026-06-15,27.600000381469727,27.600000381469727,29.950000762939453,26.649999618530273,29.950000762939453,22072,,
2026-06-16,25.600000381469727,25.600000381469727,27.399999618530273,24.850000381469727,27.399999618530273,28150,,
2026-06-17,26.100000381469727,26.100000381469727,26.799999237060547,23.899999618530273,24.899999618530273,11000,,
2026-06-18,27.450000762939453,27.450000762939453,28.450000762939453,26.0,26.0,5139,,
2026-06-22,28.649999618530273,28.649999618530273,28.649999618530273,27.899999618530273,27.899999618530273,2142,,
2026-06-23,29.450000762939453,29.450000762939453,29.450000762939453,28.200000762939453,28.200000762939453,4287,,
2026-06-24,29.600000381469727,29.600000381469727,29.600000381469727,29.0,29.0,5095,,
2026-06-25,30.399999618530273,30.399999618530273,31.299999237060547,27.5,29.950000762939453,7096,,
2026-06-26,30.399999618530273,30.399999618530273,30.399999618530273,30.399999618530273,30.399999618530273,1020,,
2026-06-29,32.04999923706055,32.04999923706055,32.04999923706055,30.350000381469727,30.350000381469727,4326,,
2026-06-30,31.899999618530273,31.899999618530273,31.899999618530273,31.899999618530273,31.899999618530273,1000,,
2026-07-01,30.25,30.25,31.299999237060547,28.75,31.299999237060547,6065,,
2026-07-02,31.149999618530273,31.149999618530273,32.599998474121094,28.100000381469727,30.100000381469727,28100,,
2026-07-03,29.950000762939453,29.950000762939453,30.75,28.149999618530273,30.75,4016,,
2026-07-06,32.400001525878906,32.400001525878906,32.849998474121094,31.75,31.75,4025,,
2026-07-07,32.45000076293945,32.45000076293945,32.95000076293945,31.25,31.399999618530273,11372,,
2026-07-08,33.20000076293945,33.20000076293945,33.20000076293945,32.79999923706055,32.79999923706055,2519,,
2026-07-09,34.099998474121094,34.099998474121094,34.099998474121094,34.099998474121094,34.099998474121094,1379,,
2026-07-10,34.099998474121094,34.099998474121094,34.099998474121094,34.099998474121094,34.099998474121094,0,,
2026-07-13,34.099998474121094,34.099998474121094,34.099998474121094,34.099998474121094,34.099998474121094,1304,,
2026-07-14,34.099998474121094,34.099998474121094,34.099998474121094,34.099998474121094,34.099998474121094,1718,,
2026-07-15,34.349998474121094,34.349998474121094,34.349998474121094,34.099998474121094,34.099998474121094,2930,,
2026-07-16,34.29999923706055,34.29999923706055,34.29999923706055,34.29999923706055,34.29999923706055,2098,,
2026-07-17,34.20000076293945,34.20000076293945,34.20000076293945,34.20000076293945,34.20000076293945,2000,,
2026-07-20,34.150001525878906,34.150001525878906,34.150001525878906,34.150001525878906,34.150001525878906,1648,,
2026-07-21,33.900001525878906,33.900001525878906,33.900001525878906,33.900001525878906,33.900001525878906,1294,,
2026-07-22,33.849998474121094,33.849998474121094,33.849998474121094,33.849998474121094,33.849998474121094,1299,,
2026-07-23,33.900001525878906,33.900001525878906,33.900001525878906,33.79999923706055,33.79999923706055,2134,,
2026-07-24,33.849998474121094,33.849998474121094,33.849998474121094,33.849998474121094,33.849998474121094,1108,,
2026-07-27,33.75,33.75,33.75,33.75,33.75,1206,,
2026-07-28,33.400001525878906,33.400001525878906,33.400001525878906,33.400001525878906,33.400001525878906,1201,,
2026-07-29,33.400001525878906,33.400001525878906,33.400001525878906,33.400001525878906,33.400001525878906,1512,,
2026-07-30,33.25,33.25,33.25,33.0,33.0,2301,,
2026-07-31,33.650001525878906,33.650001525878906,33.650001525878906,32.900001525878906,32.900001525878906,2100,,
2026-08-03,33.650001525878906,33.650001525878906,33.650001525878906,33.650001525878906,33.650001525878906,1100,,
2026-08-04,33.5,33.5,33.5,33.5,33.5,1100,,
2026-08-05,33.0,33.0,33.349998474121094,30.200000762939453,32.95000076293945,8210,,
2026-08-06,30.399999618530273,30.399999618530273,32.75,30.399999618530273,32.75,2066,,
2026-08-07,30.899999618530273,30.899999618530273,30.899999618530273,30.899999618530273,30.899999618530273,1000,,
2026-08-10,31.7,31.7,31.7,31.7,31.7,1105,,
2026-08-11,30.85,30.85,30.85,30.85,30.85,1030,,
2026-08-12,30.75,30.75,30.75,30.75,30.75,1442,,
2026-08-13,30.25,30.25,30.75,28.45,30.75,5116,,
2026-08-14,30.75,30.75,30.75,30.75,30.75,1100,0.0,0.0
2026-08-17,29.899999618530273,29.899999618530273,30.75,28.200000762939453,30.75,5049,0.0,0.0
2026-08-18,30.149999618530273,30.149999618530273,30.149999618530273,27.299999237060547,29.899999618530273,5856,0.0,0.0
2026-08-19,29.700000762939453,29.700000762939453,29.700000762939453,29.700000762939453,29.700000762939453,1100,0.0,0.0
2026-08-20,29.5,29.5,29.5,29.5,29.5,1143,0.0,0.0
