Price,Adj Close,Close,High,Low,Open,Volume
Ticker,2812.TW,2812.TW,2812.TW,2812.TW,2812.TW,2812.TW
Date,,,,,,
2020-01-02 00:00:00,7.108930587768555,11.94,11.94,11.89,11.94,5516311
2020-01-03 00:00:00,7.138428211212158,11.99,11.99,11.94,11.94,6450859
2020-01-06 00:00:00,7.1679253578186035,12.04,12.04,11.94,11.99,6489060
2020-01-07 00:00:00,7.256419658660889,12.18,12.18,12.04,12.04,11862705
2020-01-08 00:00:00,7.197423458099365,12.09,12.18,12.04,12.18,10890029
2020-01-09 00:00:00,7.226920127868652,12.13,12.18,12.09,12.09,7320621
2020-01-10 00:00:00,7.256419658660889,12.18,12.18,12.09,12.13,7040075
2020-01-13 00:00:00,7.315413951873779,12.28,12.28,12.18,12.18,8440165
2020-01-14 00:00:00,7.344912052154541,12.33,12.38,12.28,12.33,7803394
2020-01-15 00:00:00,7.374408721923828,12.38,12.43,12.33,12.38,10423667
2020-01-16 00:00:00,7.344912052154541,12.33,12.38,12.28,12.33,4124368
2020-01-17 00:00:00,7.344912052154541,12.33,12.38,12.28,12.33,5485469
2020-01-20 00:00:00,7.374408721923828,12.38,12.38,12.28,12.33,12253948
2020-01-30 00:00:00,7.138428211212158,11.99,12.13,11.94,11.99,32829366
2020-01-31 00:00:00,7.1679253578186035,12.04,12.09,11.94,11.94,18538751
2020-02-03 00:00:00,7.108930587768555,11.94,11.94,11.74,11.89,21960837
2020-02-04 00:00:00,7.1679253578186035,12.04,12.04,11.79,11.79,8289958
2020-02-05 00:00:00,7.1679253578186035,12.04,12.09,11.94,12.09,13487273
2020-02-06 00:00:00,7.285915851593018,12.23,12.28,12.09,12.09,15523230
2020-02-07 00:00:00,7.256419658660889,12.18,12.28,12.09,12.28,5431882
2020-02-10 00:00:00,7.1679253578186035,12.04,12.09,11.99,12.09,5225059
2020-02-11 00:00:00,7.226920127868652,12.13,12.13,12.09,12.09,5863014
2020-02-12 00:00:00,7.226920127868652,12.13,12.18,12.09,12.13,6489997
2020-02-13 00:00:00,7.256419658660889,12.18,12.23,12.13,12.18,4171319
2020-02-14 00:00:00,7.256419658660889,12.18,12.18,12.13,12.13,4726798
2020-02-17 00:00:00,7.226920127868652,12.13,12.18,12.09,12.18,4982472
2020-02-18 00:00:00,7.256419658660889,12.18,12.18,12.09,12.13,3437923
2020-02-19 00:00:00,7.285915851593018,12.23,12.23,12.13,12.18,5613887
2020-02-20 00:00:00,7.285915851593018,12.23,12.28,12.23,12.23,6028853
2020-02-21 00:00:00,7.256419658660889,12.18,12.23,12.18,12.23,4356470
2020-02-24 00:00:00,7.226920127868652,12.13,12.13,12.04,12.09,7298411
2020-02-25 00:00:00,7.1679253578186035,12.04,12.09,11.99,12.04,11308776
2020-02-26 00:00:00,7.285915851593018,12.23,12.28,12.13,12.13,24091087
2020-02-27 00:00:00,7.285915851593018,12.23,12.33,12.18,12.28,12154682
2020-03-02 00:00:00,7.197423458099365,12.09,12.18,12.04,12.09,22611296
2020-03-03 00:00:00,7.256419658660889,12.18,12.18,12.13,12.18,4873879
2020-03-04 00:00:00,7.226920127868652,12.13,12.18,12.04,12.09,9511652
2020-03-05 00:00:00,7.256419658660889,12.18,12.23,12.13,12.18,5303147
2020-03-06 00:00:00,7.226920127868652,12.13,12.18,12.09,12.18,7674191
2020-03-09 00:00:00,7.108930587768555,11.94,12.09,11.94,12.09,24815127
2020-03-10 00:00:00,7.079432964324951,11.89,11.89,11.74,11.79,28110806
2020-03-11 00:00:00,7.0499348640441895,11.84,11.94,11.84,11.89,13635638
2020-03-12 00:00:00,6.87294864654541,11.54,11.79,11.39,11.79,37271251
2020-03-13 00:00:00,6.607470512390137,11.09,11.14,10.65,11.09,47268487
2020-03-16 00:00:00,6.341991901397705,10.65,11.0,10.65,11.0,23890888
2020-03-17 00:00:00,6.04701566696167,10.15,10.4,10.1,10.1,24824312
2020-03-18 00:00:00,5.929025650024414,9.96,10.25,9.96,10.2,25334878
2020-03-19 00:00:00,5.403967380523682,9.07,9.79,9.02,9.79,50311756
2020-03-20 00:00:00,5.840532302856445,9.81,9.87,9.29,9.29,27189574
2020-03-23 00:00:00,5.716641902923584,9.6,9.65,9.11,9.11,11402785
2020-03-24 00:00:00,5.899527549743652,9.91,10.1,9.67,9.67,19627933
2020-03-25 00:00:00,6.224000930786133,10.45,10.65,10.2,10.2,26780196
2020-03-26 00:00:00,6.106011390686035,10.25,10.55,10.15,10.55,17854668
2020-03-27 00:00:00,6.165006160736084,10.35,10.55,10.3,10.5,14953007
2020-03-30 00:00:00,6.04701566696167,10.15,10.3,10.01,10.15,15230017
2020-03-31 00:00:00,6.106011390686035,10.25,10.3,10.1,10.25,8928733
2020-04-01 00:00:00,6.017518043518066,10.1,10.2,10.1,10.2,10183903
2020-04-06 00:00:00,6.017518043518066,10.1,10.2,9.91,10.2,11272305
2020-04-07 00:00:00,6.106011390686035,10.25,10.3,10.15,10.25,9905852
2020-04-08 00:00:00,6.224000930786133,10.45,10.5,10.2,10.25,14825375
2020-04-09 00:00:00,6.282996654510498,10.55,10.6,10.45,10.5,17199651
2020-04-10 00:00:00,6.459982395172119,10.85,10.85,10.55,10.55,18127700
2020-04-13 00:00:00,6.371490478515625,10.7,10.75,10.6,10.75,11491529
2020-04-14 00:00:00,6.489480972290039,10.9,10.9,10.8,10.8,12610388
2020-04-15 00:00:00,6.57797384262085,11.05,11.09,10.95,11.0,14124846
2020-04-16 00:00:00,6.489480972290039,10.9,10.95,10.85,10.95,13169516
2020-04-17 00:00:00,6.489480972290039,10.9,11.19,10.9,11.05,16915938
2020-04-20 00:00:00,6.548476219177246,11.0,11.05,10.9,10.95,5796668
2020-04-21 00:00:00,6.400987148284912,10.75,10.95,10.7,10.95,15674343
2020-04-22 00:00:00,6.371490478515625,10.7,10.75,10.5,10.65,7639328
2020-04-23 00:00:00,6.430484294891357,10.8,10.85,10.7,10.75,5435246
2020-04-24 00:00:00,6.459982395172119,10.85,10.85,10.75,10.85,9035926
2020-04-27 00:00:00,6.548476219177246,11.0,11.05,10.9,10.9,8136751
2020-04-28 00:00:00,6.607470512390137,11.09,11.09,11.0,11.05,9507878
2020-04-29 00:00:00,6.666465759277344,11.19,11.24,11.09,11.09,11311806
2020-04-30 00:00:00,6.754958629608154,11.34,11.39,11.29,11.29,14918592
2020-05-04 00:00:00,6.636969089508057,11.14,11.19,11.09,11.19,10309973
2020-05-05 00:00:00,6.666465759277344,11.19,11.24,11.14,11.14,6839861
2020-05-06 00:00:00,6.607470512390137,11.09,11.24,11.09,11.24,8170419
2020-05-07 00:00:00,6.607470512390137,11.09,11.14,11.05,11.14,5287520
2020-05-08 00:00:00,6.666465759277344,11.19,11.24,11.14,11.19,6066420
2020-05-11 00:00:00,6.725461959838867,11.29,11.44,11.24,11.24,12657045
2020-05-12 00:00:00,6.695963382720947,11.24,11.34,11.24,11.34,7228275
2020-05-13 00:00:00,6.725461959838867,11.29,11.39,11.19,11.24,5730304
2020-05-14 00:00:00,6.695963382720947,11.24,11.34,11.24,11.29,6246800
2020-05-15 00:00:00,6.695963382720947,11.24,11.29,11.19,11.24,5895327
2020-05-18 00:00:00,6.695963382720947,11.24,11.34,11.19,11.24,3285037
2020-05-19 00:00:00,6.754958629608154,11.34,11.39,11.29,11.34,3497294
2020-05-20 00:00:00,6.754958629608154,11.34,11.39,11.29,11.29,6608811
2020-05-21 00:00:00,6.784456729888916,11.39,11.39,11.34,11.34,3230464
2020-05-22 00:00:00,6.725461959838867,11.29,11.34,11.24,11.34,7049432
2020-05-25 00:00:00,6.725461959838867,11.29,11.29,11.09,11.29,7916301
2020-05-26 00:00:00,6.754958629608154,11.34,11.39,11.29,11.29,4404003
2020-05-27 00:00:00,6.754958629608154,11.34,11.44,11.34,11.39,7046487
2020-05-28 00:00:00,6.784456729888916,11.39,11.44,11.34,11.39,6287136
2020-05-29 00:00:00,6.725461959838867,11.29,11.39,11.29,11.39,10063872
2020-06-01 00:00:00,6.813954830169678,11.44,11.49,11.29,11.29,7033067
2020-06-02 00:00:00,6.87294864654541,11.54,11.54,11.44,11.44,5572133
2020-06-03 00:00:00,6.990940570831299,11.74,11.79,11.59,11.59,13168496
2020-06-04 00:00:00,6.990940570831299,11.74,11.79,11.64,11.79,10529860
2020-06-05 00:00:00,6.990940570831299,11.74,11.84,11.69,11.79,5425000
2020-06-08 00:00:00,7.0499348640441895,11.84,11.89,11.74,11.79,9813208
2020-06-09 00:00:00,7.0499348640441895,11.84,11.89,11.79,11.89,7390638
2020-06-10 00:00:00,7.0499348640441895,11.84,11.84,11.74,11.84,6970625
2020-06-11 00:00:00,6.961441993713379,11.69,11.89,11.69,11.84,14447108
2020-06-12 00:00:00,6.90244722366333,11.59,11.59,11.39,11.49,14425951
2020-06-15 00:00:00,6.90244722366333,11.59,11.59,11.49,11.59,8368303
2020-06-16 00:00:00,6.961441993713379,11.69,11.74,11.59,11.59,7155059
2020-06-17 00:00:00,7.020438194274902,11.79,11.79,11.64,11.69,5172764
2020-06-18 00:00:00,7.020438194274902,11.79,11.79,11.69,11.79,4549534
2020-06-19 00:00:00,7.020438194274902,11.79,11.79,11.69,11.79,7582713
2020-06-22 00:00:00,6.961441993713379,11.69,11.79,11.69,11.74,6972129
2020-06-23 00:00:00,6.931944370269775,11.64,11.79,11.64,11.74,7892264
2020-06-24 00:00:00,6.931944370269775,11.64,11.74,11.64,11.69,6979895
2020-06-29 00:00:00,6.87294864654541,11.54,11.59,11.49,11.59,10809280
2020-06-30 00:00:00,6.87294864654541,11.54,11.64,11.49,11.59,7576116
2020-07-01 00:00:00,6.87294864654541,11.54,11.64,11.54,11.54,4569803
2020-07-02 00:00:00,6.90244722366333,11.59,11.64,11.54,11.54,4608108
2020-07-03 00:00:00,6.90244722366333,11.59,11.69,11.59,11.64,8015166
2020-07-06 00:00:00,6.990940570831299,11.74,11.79,11.64,11.64,11283123
2020-07-07 00:00:00,6.961441993713379,11.69,11.84,11.69,11.79,8698288
2020-07-08 00:00:00,6.990940570831299,11.74,11.79,11.69,11.74,4276428
2020-07-09 00:00:00,6.990940570831299,11.74,11.79,11.69,11.79,6684397
2020-07-10 00:00:00,6.931944370269775,11.64,11.74,11.59,11.74,10157876
2020-07-13 00:00:00,6.961441993713379,11.69,11.69,11.59,11.64,6661228
2020-07-14 00:00:00,6.931944370269775,11.64,11.69,11.59,11.69,5613402
2020-07-15 00:00:00,6.961441993713379,11.69,11.74,11.64,11.64,6379980
2020-07-16 00:00:00,7.020438194274902,11.79,11.79,11.69,11.74,8262379
2020-07-17 00:00:00,7.020438194274902,11.79,11.84,11.69,11.79,8341633
2020-07-20 00:00:00,6.961441993713379,11.69,11.79,11.69,11.79,5454348
2020-07-21 00:00:00,7.0499348640441895,11.84,11.89,11.74,11.74,13787078
2020-07-22 00:00:00,7.0499348640441895,11.84,11.89,11.79,11.84,7459347
2020-07-23 00:00:00,7.020438194274902,11.79,11.89,11.79,11.84,4896585
2020-07-24 00:00:00,6.990940570831299,11.74,11.79,11.69,11.79,7642498
2020-07-27 00:00:00,6.90244722366333,11.59,11.74,11.49,11.69,14966934
2020-07-28 00:00:00,6.87294864654541,11.54,11.64,11.54,11.59,9050915
2020-07-29 00:00:00,6.90244722366333,11.59,11.64,11.54,11.54,5862717
2020-07-30 00:00:00,6.90244722366333,11.59,11.64,11.54,11.59,6515237
2020-07-31 00:00:00,6.90244722366333,11.59,11.64,11.59,11.59,2893605
2020-08-03 00:00:00,6.87294864654541,11.54,11.64,11.54,11.59,5115446
2020-08-04 00:00:00,6.90244722366333,11.59,11.64,11.54,11.59,2763409
2020-08-05 00:00:00,6.931944370269775,11.64,11.64,11.59,11.64,4329221
2020-08-06 00:00:00,6.990940570831299,11.74,11.74,11.64,11.69,9753979
2020-08-07 00:00:00,7.0499348640441895,11.84,11.84,11.74,11.79,7201167
2020-08-10 00:00:00,7.079432964324951,11.89,11.89,11.79,11.84,10314499
2020-08-11 00:00:00,7.0499348640441895,11.84,11.94,11.84,11.89,8027462
2020-08-12 00:00:00,7.079432964324951,11.89,11.89,11.84,11.89,8532795
2020-08-13 00:00:00,7.079432964324951,11.89,11.94,11.84,11.89,11404609
2020-08-14 00:00:00,7.0499348640441895,11.84,11.89,11.84,11.89,8955487
2020-08-17 00:00:00,7.108930587768555,11.94,11.94,11.84,11.89,14813189
2020-08-18 00:00:00,7.138428211212158,11.99,11.99,11.89,11.99,9282991
2020-08-19 00:00:00,7.138428211212158,11.99,12.04,11.94,11.99,13320074
2020-08-20 00:00:00,7.020438194274902,11.79,11.99,11.79,11.99,23554284
2020-08-21 00:00:00,7.108930587768555,11.94,11.99,11.84,11.89,13095069
2020-08-24 00:00:00,7.079432964324951,11.89,11.99,11.84,11.94,19507021
2020-08-25 00:00:00,7.138428211212158,11.99,11.99,11.89,11.94,34077062
2020-08-26 00:00:00,7.179253578186035,11.19,11.24,11.09,11.14,34347849
2020-08-27 00:00:00,7.179253578186035,11.19,11.29,11.19,11.24,8856973
2020-08-28 00:00:00,7.179253578186035,11.19,11.19,11.14,11.19,4166053
2020-08-31 00:00:00,7.083954334259033,11.05,11.19,11.05,11.19,13058494
2020-09-01 00:00:00,7.020421028137207,10.95,11.09,10.95,11.05,6681106
2020-09-02 00:00:00,6.988654136657715,10.9,11.0,10.85,11.0,9901482
2020-09-03 00:00:00,6.956888198852539,10.85,10.95,10.8,10.95,8312772
2020-09-04 00:00:00,6.861587047576904,10.7,10.85,10.7,10.85,10556041
2020-09-07 00:00:00,6.956888198852539,10.85,10.9,10.7,10.7,6851686
2020-09-08 00:00:00,7.020421028137207,10.95,11.0,10.85,10.9,5864031
2020-09-09 00:00:00,6.956888198852539,10.85,11.0,10.8,11.0,5880008
2020-09-10 00:00:00,6.988654136657715,10.9,10.95,10.85,10.9,3331147
2020-09-11 00:00:00,6.956888198852539,10.85,10.9,10.8,10.9,3858709
2020-09-14 00:00:00,6.956888198852539,10.85,10.85,10.8,10.85,4273367
2020-09-15 00:00:00,6.925120830535889,10.8,10.9,10.8,10.85,5528895
2020-09-16 00:00:00,6.925120830535889,10.8,10.85,10.8,10.85,2726767
2020-09-17 00:00:00,6.956888198852539,10.85,10.85,10.75,10.8,5583405
2020-09-18 00:00:00,6.956888198852539,10.85,10.85,10.8,10.8,5675201
2020-09-21 00:00:00,6.925120830535889,10.8,10.9,10.8,10.85,7167582
2020-09-22 00:00:00,6.82982063293457,10.65,10.8,10.65,10.8,10452731
2020-09-23 00:00:00,6.798054218292236,10.6,10.75,10.55,10.7,8129912
2020-09-24 00:00:00,6.6709885597229,10.4,10.55,10.4,10.55,10307808
2020-09-25 00:00:00,6.702754974365234,10.45,10.6,10.4,10.4,5619807
2020-09-28 00:00:00,6.766287803649902,10.55,10.6,10.5,10.5,3351366
2020-09-29 00:00:00,6.766287803649902,10.55,10.65,10.55,10.6,4157826
2020-09-30 00:00:00,6.798054218292236,10.6,10.7,10.55,10.6,7880126
2020-10-05 00:00:00,6.861587047576904,10.7,10.75,10.65,10.65,5051331
2020-10-06 00:00:00,6.893354415893555,10.75,10.8,10.75,10.75,3310402
2020-10-07 00:00:00,6.925120830535889,10.8,10.8,10.7,10.75,3392644
2020-10-08 00:00:00,6.956888198852539,10.85,10.9,10.75,10.8,4548796
2020-10-12 00:00:00,6.925120830535889,10.8,10.9,10.75,10.85,3141473
2020-10-13 00:00:00,6.925120830535889,10.8,10.8,10.7,10.7,4072536
2020-10-14 00:00:00,6.861587047576904,10.7,10.8,10.7,10.75,4995498
2020-10-15 00:00:00,6.861587047576904,10.7,10.8,10.65,10.75,3356239
2020-10-16 00:00:00,6.82982063293457,10.65,10.75,10.65,10.75,4549942
2020-10-19 00:00:00,6.861587047576904,10.7,10.7,10.65,10.7,4047444
2020-10-20 00:00:00,6.861587047576904,10.7,10.75,10.65,10.7,3723434
2020-10-21 00:00:00,6.861587047576904,10.7,10.75,10.65,10.75,5166073
2020-10-22 00:00:00,6.82982063293457,10.65,10.75,10.65,10.75,6463207
2020-10-23 00:00:00,6.861587047576904,10.7,10.75,10.65,10.65,5306169
2020-10-26 00:00:00,6.956888198852539,10.85,10.9,10.75,10.75,8915989
2020-10-27 00:00:00,6.925120830535889,10.8,10.95,10.8,10.9,5636339
2020-10-28 00:00:00,6.893354415893555,10.75,10.85,10.75,10.85,3527280
2020-10-29 00:00:00,6.893354415893555,10.75,10.75,10.7,10.75,2942565
2020-10-30 00:00:00,6.893354415893555,10.75,10.85,10.75,10.8,3242117
2020-11-02 00:00:00,6.925120830535889,10.8,10.8,10.7,10.75,2878622
2020-11-03 00:00:00,6.977430820465088,10.88,10.88,10.83,10.83,3157179
2020-11-04 00:00:00,6.977430820465088,10.88,10.93,10.83,10.93,3117220
2020-11-05 00:00:00,6.913711071014404,10.78,10.93,10.78,10.88,3684375
2020-11-06 00:00:00,6.913711071014404,10.78,10.83,10.73,10.73,4221228
2020-11-09 00:00:00,6.977430820465088,10.88,10.93,10.83,10.83,4522113
2020-11-10 00:00:00,7.009292125701904,10.93,10.93,10.83,10.88,7702641
2020-11-11 00:00:00,7.104873180389404,11.08,11.08,10.88,10.93,13765676
2020-11-12 00:00:00,7.041151523590088,10.98,11.08,10.98,11.03,5089607
2020-11-13 00:00:00,7.009292125701904,10.93,10.98,10.88,10.93,3802885
2020-11-16 00:00:00,7.041151523590088,10.98,10.98,10.88,10.93,8396556
2020-11-17 00:00:00,7.009292125701904,10.93,10.98,10.88,10.98,4384549
2020-11-18 00:00:00,7.009292125701904,10.93,10.98,10.88,10.93,6188509
2020-11-19 00:00:00,7.009292125701904,10.93,10.98,10.88,10.93,4404401
2020-11-20 00:00:00,7.009292125701904,10.93,10.93,10.88,10.93,2907297
2020-11-23 00:00:00,7.009292125701904,10.93,10.98,10.88,10.93,6337021
2020-11-24 00:00:00,7.041151523590088,10.98,10.98,10.93,10.93,4868956
2020-11-25 00:00:00,7.009292125701904,10.93,10.98,10.93,10.93,6009442
2020-11-26 00:00:00,7.009292125701904,10.93,10.93,10.88,10.93,3298352
2020-11-27 00:00:00,7.009292125701904,10.93,10.93,10.88,10.93,2942904
2020-11-30 00:00:00,6.945570945739746,10.83,10.93,10.83,10.93,9674065
2020-12-01 00:00:00,6.977430820465088,10.88,10.93,10.83,10.88,3546258
2020-12-02 00:00:00,6.977430820465088,10.88,10.88,10.83,10.83,3293563
2020-12-03 00:00:00,6.977430820465088,10.88,10.93,10.83,10.93,4562307
2020-12-04 00:00:00,6.977430820465088,10.88,10.88,10.83,10.88,6234649
2020-12-07 00:00:00,7.041151523590088,10.98,10.98,10.88,10.88,10096937
2020-12-08 00:00:00,6.945570945739746,10.83,10.93,10.83,10.93,10324713
2020-12-09 00:00:00,6.913711071014404,10.78,10.83,10.68,10.83,13832683
2020-12-10 00:00:00,6.913711071014404,10.78,10.88,10.73,10.83,8236862
2020-12-11 00:00:00,6.977430820465088,10.88,10.88,10.78,10.78,6082333
2020-12-14 00:00:00,6.913711071014404,10.78,10.88,10.78,10.88,5848582
2020-12-15 00:00:00,6.881849765777588,10.73,10.78,10.73,10.78,8548459
2020-12-16 00:00:00,6.945570945739746,10.83,10.83,10.73,10.73,6138268
2020-12-17 00:00:00,6.945570945739746,10.83,10.83,10.78,10.83,2992874
2020-12-18 00:00:00,6.881849765777588,10.73,10.83,10.73,10.83,12418394
2020-12-21 00:00:00,6.913711071014404,10.78,10.83,10.73,10.78,4852407
2020-12-22 00:00:00,6.849989414215088,10.68,10.73,10.63,10.68,22820113
2020-12-23 00:00:00,6.849989414215088,10.68,10.68,10.63,10.68,8814541
2020-12-24 00:00:00,6.881849765777588,10.73,10.73,10.68,10.68,5333619
2020-12-25 00:00:00,6.849989414215088,10.68,10.73,10.68,10.73,5501097
2020-12-28 00:00:00,6.849989414215088,10.68,10.73,10.63,10.68,8982995
2020-12-29 00:00:00,6.849989414215088,10.68,10.68,10.63,10.68,8052327
2020-12-30 00:00:00,6.945570945739746,10.83,10.83,10.63,10.68,18221495
2020-12-31 00:00:00,6.913711071014404,10.78,10.88,10.78,10.83,10923039
2021-01-04 00:00:00,6.913711071014404,10.78,10.83,10.73,10.83,9244605
2021-01-05 00:00:00,6.913711071014404,10.78,10.78,10.73,10.78,5463232
2021-01-06 00:00:00,6.881849765777588,10.73,10.83,10.73,10.78,11197392
2021-01-07 00:00:00,6.913711071014404,10.78,10.78,10.73,10.78,5295273
2021-01-08 00:00:00,6.945570945739746,10.83,10.83,10.73,10.78,12046013
2021-01-11 00:00:00,7.009292125701904,10.93,10.93,10.88,10.88,11481050
2021-01-12 00:00:00,6.945570945739746,10.83,10.93,10.83,10.93,8423049
2021-01-13 00:00:00,6.977430820465088,10.88,10.93,10.83,10.83,10703847
2021-01-14 00:00:00,6.977430820465088,10.88,10.93,10.83,10.88,6152705
2021-01-15 00:00:00,6.913711071014404,10.78,10.88,10.78,10.88,9630121
2021-01-18 00:00:00,6.913711071014404,10.78,10.78,10.68,10.78,6218989
2021-01-19 00:00:00,6.913711071014404,10.78,10.78,10.73,10.73,4430344
2021-01-20 00:00:00,6.818129062652588,10.63,10.73,10.63,10.73,14918897
2021-01-21 00:00:00,6.818129062652588,10.63,10.73,10.63,10.68,7132505
2021-01-22 00:00:00,6.818129062652588,10.63,10.68,10.58,10.63,7720489
2021-01-25 00:00:00,6.849989414215088,10.68,10.68,10.58,10.63,7844386
2021-01-26 00:00:00,6.818129062652588,10.63,10.68,10.63,10.68,4538293
2021-01-27 00:00:00,6.818129062652588,10.63,10.68,10.58,10.63,8102843
2021-01-28 00:00:00,6.818129062652588,10.63,10.63,10.58,10.63,4924620
2021-01-29 00:00:00,6.786268711090088,10.58,10.63,10.58,10.63,5212755
2021-02-01 00:00:00,6.818129062652588,10.63,10.68,10.58,10.58,6913954
2021-02-02 00:00:00,6.818129062652588,10.63,10.68,10.58,10.63,4125261
2021-02-03 00:00:00,6.818129062652588,10.63,10.68,10.63,10.68,5122516
2021-02-04 00:00:00,6.818129062652588,10.63,10.68,10.58,10.58,5670014
2021-02-05 00:00:00,6.818129062652588,10.63,10.68,10.63,10.68,7775354
2021-02-17 00:00:00,6.881849765777588,10.73,10.78,10.68,10.68,9698815
2021-02-18 00:00:00,6.913711071014404,10.78,10.78,10.73,10.78,6275407
2021-02-19 00:00:00,6.913711071014404,10.78,10.78,10.73,10.78,6453325
2021-02-22 00:00:00,6.913711071014404,10.78,10.83,10.78,10.78,9372055
2021-02-23 00:00:00,6.977430820465088,10.88,10.88,10.78,10.83,10077421
2021-02-24 00:00:00,7.009292125701904,10.93,10.98,10.88,10.88,16040692
2021-02-25 00:00:00,7.073012828826904,11.03,11.03,10.93,10.93,9541653
2021-02-26 00:00:00,7.073012828826904,11.03,11.03,10.93,10.98,13254158
2021-03-02 00:00:00,7.073012828826904,11.03,11.13,11.03,11.08,11846868
2021-03-03 00:00:00,7.136733055114746,11.13,11.13,11.03,11.03,11643315
2021-03-04 00:00:00,7.136733055114746,11.13,11.13,11.03,11.08,9599461
2021-03-05 00:00:00,7.136733055114746,11.13,11.13,11.03,11.08,5025485
2021-03-08 00:00:00,7.136733055114746,11.13,11.23,11.13,11.13,12273112
2021-03-09 00:00:00,7.296035289764404,11.38,11.38,11.13,11.13,21734549
2021-03-10 00:00:00,7.327895641326904,11.43,11.48,11.33,11.38,13690148
2021-03-11 00:00:00,7.200453758239746,11.23,11.43,11.23,11.43,30948616
2021-03-12 00:00:00,7.2641754150390625,11.33,11.33,11.18,11.23,12796082
2021-03-15 00:00:00,7.2641754150390625,11.33,11.38,11.28,11.33,6519793
2021-03-16 00:00:00,7.327895641326904,11.43,11.43,11.33,11.33,7851275
2021-03-17 00:00:00,7.2641754150390625,11.33,11.43,11.28,11.43,9400903
2021-03-18 00:00:00,7.2641754150390625,11.33,11.38,11.33,11.33,6663092
2021-03-19 00:00:00,7.168593883514404,11.18,11.38,11.18,11.33,22350278
2021-03-22 00:00:00,7.2641754150390625,11.33,11.33,11.23,11.23,7826706
2021-03-23 00:00:00,7.2323150634765625,11.28,11.33,11.28,11.33,6129961
2021-03-24 00:00:00,7.2323150634765625,11.28,11.33,11.23,11.28,5113026
2021-03-25 00:00:00,7.2641754150390625,11.33,11.38,11.28,11.28,6115852
2021-03-26 00:00:00,7.296035289764404,11.38,11.43,11.33,11.33,6968738
2021-03-29 00:00:00,7.296035289764404,11.38,11.43,11.38,11.38,9295704
2021-03-30 00:00:00,7.327895641326904,11.43,11.43,11.33,11.38,7120875
2021-03-31 00:00:00,7.327895641326904,11.43,11.43,11.38,11.43,7736364
2021-04-01 00:00:00,7.327895641326904,11.43,11.48,11.38,11.43,7468143
2021-04-07 00:00:00,7.296035289764404,11.38,11.43,11.38,11.43,7319290
2021-04-08 00:00:00,7.296035289764404,11.38,11.43,11.38,11.38,7316083
2021-04-09 00:00:00,7.2641754150390625,11.33,11.43,11.33,11.43,15559961
2021-04-12 00:00:00,7.327895641326904,11.43,11.43,11.33,11.38,14196274
2021-04-13 00:00:00,7.359756946563721,11.48,11.52,11.43,11.43,13155964
2021-04-14 00:00:00,7.359756946563721,11.48,11.48,11.43,11.48,8949501
2021-04-15 00:00:00,7.4553375244140625,11.62,11.62,11.48,11.48,12386558
2021-04-16 00:00:00,7.4553375244140625,11.62,11.62,11.57,11.62,9552087
2021-04-19 00:00:00,7.614638805389404,11.87,11.87,11.62,11.62,22993530
2021-04-20 00:00:00,7.582779407501221,11.82,11.92,11.72,11.87,14427171
2021-04-21 00:00:00,7.519057750701904,11.72,11.82,11.72,11.72,7184448
2021-04-22 00:00:00,7.519057750701904,11.72,11.82,11.67,11.77,14249819
2021-04-23 00:00:00,7.519057750701904,11.72,11.72,11.62,11.72,7069360
2021-04-26 00:00:00,7.582779407501221,11.82,11.87,11.67,11.72,14868163
2021-04-27 00:00:00,7.582779407501221,11.82,11.87,11.82,11.87,7369469
2021-04-28 00:00:00,7.614638805389404,11.87,11.92,11.82,11.82,11678769
2021-04-29 00:00:00,7.614638805389404,11.87,11.92,11.82,11.87,10048513
2021-05-03 00:00:00,7.614638805389404,11.87,11.87,11.77,11.82,16741781
2021-05-04 00:00:00,7.4553375244140625,11.62,11.92,11.43,11.82,30331580
2021-05-05 00:00:00,7.519057750701904,11.72,11.77,11.62,11.67,9389249
2021-05-06 00:00:00,7.550918102264404,11.77,11.92,11.72,11.82,14535457
2021-05-07 00:00:00,7.582779407501221,11.82,11.87,11.77,11.82,7947070
2021-05-10 00:00:00,7.678360462188721,11.97,12.02,11.82,11.87,27004911
2021-05-11 00:00:00,7.550918102264404,11.77,11.97,11.72,11.97,18441911
2021-05-12 00:00:00,7.2641754150390625,11.33,11.77,10.98,11.77,41394214
2021-05-13 00:00:00,7.200453758239746,11.23,11.38,11.08,11.08,22535790
2021-05-14 00:00:00,7.296035289764404,11.38,11.38,11.18,11.28,19595011
2021-05-17 00:00:00,7.041151523590088,10.98,11.23,10.93,11.03,27413455
2021-05-18 00:00:00,7.2323150634765625,11.28,11.33,10.98,10.98,15628192
2021-05-19 00:00:00,7.168593883514404,11.18,11.28,11.13,11.23,8347210
2021-05-20 00:00:00,7.168593883514404,11.18,11.18,11.08,11.18,5468902
2021-05-21 00:00:00,7.2323150634765625,11.28,11.33,11.18,11.23,6280769
2021-05-24 00:00:00,7.200453758239746,11.23,11.28,11.13,11.18,4935429
2021-05-25 00:00:00,7.2323150634765625,11.28,11.33,11.23,11.23,6280469
2021-05-26 00:00:00,7.2323150634765625,11.28,11.28,11.23,11.28,6669101
2021-05-27 00:00:00,7.136733055114746,11.13,11.28,11.13,11.23,16716408
2021-05-28 00:00:00,7.2323150634765625,11.28,11.28,11.18,11.23,6249344
2021-05-31 00:00:00,7.2323150634765625,11.28,11.33,11.23,11.28,6491664
2021-06-01 00:00:00,7.296035289764404,11.38,11.43,11.28,11.28,6858204
2021-06-02 00:00:00,7.327895641326904,11.43,11.48,11.38,11.38,6585047
2021-06-03 00:00:00,7.359756946563721,11.48,11.52,11.43,11.48,3775542
2021-06-04 00:00:00,7.359756946563721,11.48,11.52,11.43,11.52,5436207
2021-06-07 00:00:00,7.296035289764404,11.38,11.52,11.33,11.52,5740266
2021-06-08 00:00:00,7.327895641326904,11.43,11.48,11.38,11.43,2424637
2021-06-09 00:00:00,7.2641754150390625,11.33,11.48,11.33,11.43,5701849
2021-06-10 00:00:00,7.327895641326904,11.43,11.43,11.33,11.38,3629952
2021-06-11 00:00:00,7.327895641326904,11.43,11.48,11.38,11.48,4104558
2021-06-15 00:00:00,7.327895641326904,11.43,11.48,11.38,11.43,5980075
2021-06-16 00:00:00,7.296035289764404,11.38,11.43,11.33,11.43,8043883
2021-06-17 00:00:00,7.296035289764404,11.38,11.43,11.33,11.38,5388193
2021-06-18 00:00:00,7.296035289764404,11.38,11.57,11.33,11.38,19107739
2021-06-21 00:00:00,7.2641754150390625,11.33,11.38,11.33,11.38,5138423
2021-06-22 00:00:00,7.327895641326904,11.43,11.43,11.38,11.38,4486908
2021-06-23 00:00:00,7.359756946563721,11.48,11.52,11.43,11.43,7037185
2021-06-24 00:00:00,7.359756946563721,11.48,11.52,11.43,11.48,2662771
2021-06-25 00:00:00,7.359756946563721,11.48,11.52,11.43,11.48,4460378
2021-06-28 00:00:00,7.391615867614746,11.52,11.52,11.48,11.52,4725264
2021-06-29 00:00:00,7.391615867614746,11.52,11.52,11.48,11.52,5610959
2021-06-30 00:00:00,7.391615867614746,11.52,11.52,11.48,11.52,6214256
2021-07-01 00:00:00,7.359756946563721,11.48,11.57,11.48,11.52,6451860
2021-07-02 00:00:00,7.391615867614746,11.52,11.57,11.48,11.48,6909046
2021-07-05 00:00:00,7.423476696014404,11.57,11.57,11.52,11.57,6068097
2021-07-06 00:00:00,7.4553375244140625,11.62,11.67,11.57,11.62,6477175
2021-07-07 00:00:00,7.4553375244140625,11.62,11.67,11.62,11.62,4740342
2021-07-08 00:00:00,7.519057750701904,11.72,11.72,11.67,11.67,5951684
2021-07-09 00:00:00,7.4871978759765625,11.67,11.72,11.67,11.72,7171654
2021-07-12 00:00:00,7.550918102264404,11.77,11.87,11.72,11.72,10518274
2021-07-13 00:00:00,7.582779407501221,11.82,11.87,11.77,11.82,7951958
2021-07-14 00:00:00,7.582779407501221,11.82,11.87,11.82,11.82,6145066
2021-07-15 00:00:00,7.582779407501221,11.82,11.87,11.82,11.82,4890675
2021-07-16 00:00:00,7.582779407501221,11.82,11.87,11.72,11.82,10166733
2021-07-19 00:00:00,7.614638805389404,11.87,11.87,11.77,11.82,7315780
2021-07-20 00:00:00,7.550918102264404,11.77,11.82,11.77,11.82,9054211
2021-07-21 00:00:00,7.550918102264404,11.77,11.87,11.72,11.82,9430716
2021-07-22 00:00:00,7.582779407501221,11.82,11.82,11.77,11.82,6143658
2021-07-23 00:00:00,7.614638805389404,11.87,11.87,11.82,11.82,5375938
2021-07-26 00:00:00,7.582779407501221,11.82,11.92,11.82,11.87,7418250
2021-07-27 00:00:00,7.614638805389404,11.87,11.87,11.82,11.87,6301183
2021-07-28 00:00:00,7.582779407501221,11.82,11.82,11.67,11.82,9971374
2021-07-29 00:00:00,7.614638805389404,11.87,11.87,11.77,11.82,4011090
2021-07-30 00:00:00,7.582779407501221,11.82,11.87,11.77,11.82,4355364
2021-08-02 00:00:00,7.614638805389404,11.87,11.87,11.82,11.82,3405873
2021-08-03 00:00:00,7.582779407501221,11.82,11.87,11.82,11.87,2655677
2021-08-04 00:00:00,7.614638805389404,11.87,11.87,11.82,11.87,6165459
2021-08-05 00:00:00,7.646498680114746,11.92,11.92,11.82,11.87,5350544
2021-08-06 00:00:00,7.614638805389404,11.87,11.92,11.87,11.92,4374807
2021-08-09 00:00:00,7.614638805389404,11.87,11.92,11.82,11.92,4047114
2021-08-10 00:00:00,7.646498680114746,11.92,11.92,11.82,11.92,7830745
2021-08-11 00:00:00,7.646498680114746,11.92,11.92,11.87,11.92,5900570
2021-08-12 00:00:00,7.646498680114746,11.92,11.92,11.87,11.92,4422922
2021-08-13 00:00:00,7.614638805389404,11.87,11.92,11.82,11.87,7744367
2021-08-16 00:00:00,7.582779407501221,11.82,11.87,11.77,11.87,12004587
2021-08-17 00:00:00,7.582779407501221,11.82,11.82,11.77,11.82,7106758
2021-08-18 00:00:00,7.582779407501221,11.82,11.82,11.77,11.82,6622101
2021-08-19 00:00:00,7.550918102264404,11.77,11.82,11.77,11.82,9608759
2021-08-20 00:00:00,7.582779407501221,11.82,11.82,11.72,11.77,9836713
2021-08-23 00:00:00,7.614638805389404,11.87,11.87,11.82,11.82,4835516
2021-08-24 00:00:00,7.614638805389404,11.87,11.92,11.82,11.87,8562762
2021-08-25 00:00:00,7.646498680114746,11.92,11.92,11.87,11.87,8647614
2021-08-26 00:00:00,7.646498680114746,11.92,11.92,11.87,11.92,13692724
2021-08-27 00:00:00,7.710220813751221,12.02,12.02,11.92,11.92,26044816
2021-08-30 00:00:00,7.7739410400390625,12.12,12.17,12.07,12.07,39983970
2021-08-31 00:00:00,7.988341808319092,11.67,11.72,11.43,11.43,48163043
2021-09-01 00:00:00,7.954348087310791,11.62,11.77,11.62,11.67,10377895
2021-09-02 00:00:00,7.886361598968506,11.52,11.62,11.52,11.62,11235433
2021-09-03 00:00:00,7.988341808319092,11.67,11.67,11.57,11.57,9102710
2021-09-06 00:00:00,7.954348087310791,11.62,11.72,11.62,11.72,6735735
2021-09-07 00:00:00,7.92035436630249,11.57,11.67,11.57,11.67,4965647
2021-09-08 00:00:00,7.85236930847168,11.48,11.62,11.48,11.62,9208538
2021-09-09 00:00:00,7.85236930847168,11.48,11.52,11.43,11.52,7036956
2021-09-10 00:00:00,7.85236930847168,11.48,11.57,11.48,11.52,5713484
2021-09-13 00:00:00,7.85236930847168,11.48,11.57,11.48,11.52,11287130
2021-09-14 00:00:00,7.818375110626221,11.43,11.52,11.43,11.48,11591238
2021-09-15 00:00:00,7.75039005279541,11.33,11.43,11.28,11.43,18764533
2021-09-16 00:00:00,7.818375110626221,11.43,11.43,11.33,11.33,9653012
2021-09-17 00:00:00,7.818375110626221,11.43,11.48,11.43,11.43,20202697
2021-09-22 00:00:00,7.784383773803711,11.38,11.38,11.28,11.38,10593440
2021-09-23 00:00:00,7.818375110626221,11.43,11.48,11.38,11.43,3391142
2021-09-24 00:00:00,7.85236930847168,11.48,11.52,11.43,11.48,4437202
2021-09-27 00:00:00,7.85236930847168,11.48,11.57,11.43,11.48,8367374
2021-09-28 00:00:00,7.886361598968506,11.52,11.57,11.48,11.52,5276821
2021-09-29 00:00:00,7.85236930847168,11.48,11.52,11.43,11.48,4502299
2021-09-30 00:00:00,7.886361598968506,11.52,11.52,11.43,11.48,5763087
2021-10-01 00:00:00,7.818375110626221,11.43,11.48,11.38,11.48,10660065
2021-10-04 00:00:00,7.85236930847168,11.48,11.52,11.43,11.48,4459853
2021-10-05 00:00:00,7.818375110626221,11.43,11.48,11.38,11.43,6227326
2021-10-06 00:00:00,7.85236930847168,11.48,11.48,11.43,11.48,5383017
2021-10-07 00:00:00,7.85236930847168,11.48,11.52,11.43,11.48,4661529
2021-10-08 00:00:00,7.85236930847168,11.48,11.52,11.48,11.52,3979473
2021-10-12 00:00:00,7.886361598968506,11.52,11.52,11.48,11.48,9340410
2021-10-13 00:00:00,7.886361598968506,11.52,11.57,11.48,11.52,5367280
2021-10-14 00:00:00,7.886361598968506,11.52,11.57,11.52,11.52,3810598
2021-10-15 00:00:00,7.92035436630249,11.57,11.57,11.52,11.52,6558698
2021-10-18 00:00:00,7.954348087310791,11.62,11.62,11.52,11.57,8580774
2021-10-19 00:00:00,7.954348087310791,11.62,11.67,11.57,11.62,7392205
2021-10-20 00:00:00,8.022333145141602,11.72,11.77,11.67,11.67,9922518
2021-10-21 00:00:00,8.090317726135254,11.82,11.92,11.77,11.77,18428481
2021-10-22 00:00:00,8.124313354492188,11.87,11.92,11.82,11.87,5994682
2021-10-25 00:00:00,8.124313354492188,11.87,11.92,11.82,11.87,5345658
2021-10-26 00:00:00,8.124313354492188,11.87,11.87,11.82,11.87,6864028
2021-10-27 00:00:00,8.124313354492188,11.87,11.92,11.82,11.87,9923766
2021-10-28 00:00:00,8.090317726135254,11.82,11.87,11.82,11.87,3839887
2021-10-29 00:00:00,8.124313354492188,11.87,11.87,11.82,11.82,6000735
2021-11-01 00:00:00,8.124313354492188,11.87,11.87,11.82,11.87,5174310
2021-11-02 00:00:00,8.158305168151855,11.92,11.92,11.87,11.87,5824034
2021-11-03 00:00:00,8.158305168151855,11.92,11.92,11.87,11.92,6790721
2021-11-04 00:00:00,8.143590927124023,11.9,11.95,11.9,11.95,4246770
2021-11-05 00:00:00,8.143590927124023,11.9,11.95,11.85,11.95,3950712
2021-11-08 00:00:00,8.143590927124023,11.9,11.9,11.85,11.9,4154200
2021-11-09 00:00:00,8.109519004821777,11.85,11.9,11.85,11.9,3910386
2021-11-10 00:00:00,8.143590927124023,11.9,11.9,11.85,11.9,3994302
2021-11-11 00:00:00,8.143590927124023,11.9,11.9,11.85,11.9,3955542
2021-11-12 00:00:00,8.177665710449219,11.95,11.95,11.85,11.9,9657920
2021-11-15 00:00:00,8.177665710449219,11.95,11.95,11.9,11.95,6406936
2021-11-16 00:00:00,8.177665710449219,11.95,11.95,11.9,11.95,6463860
2021-11-17 00:00:00,8.211739540100098,12.0,12.05,11.9,11.95,17394277
2021-11-18 00:00:00,8.313958168029785,12.15,12.2,12.0,12.0,15440138
2021-11-19 00:00:00,8.211739540100098,12.0,12.2,12.0,12.15,10138571
2021-11-22 00:00:00,8.245811462402344,12.05,12.05,11.95,12.0,4919492
2021-11-23 00:00:00,8.177665710449219,11.95,12.05,11.95,12.05,4632731
2021-11-24 00:00:00,8.245811462402344,12.05,12.05,11.95,11.95,4572217
2021-11-25 00:00:00,8.245811462402344,12.05,12.1,12.0,12.05,3741943
2021-11-26 00:00:00,8.211739540100098,12.0,12.05,11.95,12.05,7127658
2021-11-29 00:00:00,8.143590927124023,11.9,11.95,11.85,11.95,8160189
2021-11-30 00:00:00,8.109519004821777,11.85,11.95,11.85,11.9,9195226
2021-12-01 00:00:00,8.177665710449219,11.95,11.95,11.85,11.85,4809749
2021-12-02 00:00:00,8.143590927124023,11.9,11.95,11.9,11.9,2909720
2021-12-03 00:00:00,8.177665710449219,11.95,11.95,11.9,11.95,7566894
2021-12-06 00:00:00,8.143590927124023,11.9,11.95,11.9,11.95,3527797
2021-12-07 00:00:00,8.177665710449219,11.95,11.95,11.9,11.95,5642177
2021-12-08 00:00:00,8.177665710449219,11.95,12.0,11.9,11.95,10519167
2021-12-09 00:00:00,8.211739540100098,12.0,12.0,11.95,12.0,5861557
2021-12-10 00:00:00,8.211739540100098,12.0,12.0,11.9,12.0,6235550
2021-12-13 00:00:00,8.211739540100098,12.0,12.05,11.95,12.0,7581251
2021-12-14 00:00:00,8.177665710449219,11.95,12.0,11.95,11.95,6255259
2021-12-15 00:00:00,8.177665710449219,11.95,12.0,11.9,11.95,6359108
2021-12-16 00:00:00,8.177665710449219,11.95,12.0,11.95,11.95,3231311
2021-12-17 00:00:00,8.211739540100098,12.0,12.0,11.95,11.95,5611372
2021-12-20 00:00:00,8.177665710449219,11.95,12.0,11.95,11.95,4468012
2021-12-21 00:00:00,8.177665710449219,11.95,12.0,11.95,11.95,3827353
2021-12-22 00:00:00,8.211739540100098,12.0,12.05,11.95,12.0,4601611
2021-12-23 00:00:00,8.211739540100098,12.0,12.05,12.0,12.0,3089890
2021-12-24 00:00:00,8.211739540100098,12.0,12.05,12.0,12.0,4096730
2021-12-27 00:00:00,8.177665710449219,11.95,12.0,11.9,11.95,17705733
2021-12-28 00:00:00,8.211739540100098,12.0,12.05,11.95,11.95,13423295
2021-12-29 00:00:00,8.279887199401855,12.1,12.1,12.0,12.0,11097994
2021-12-30 00:00:00,8.279887199401855,12.1,12.15,12.1,12.1,6976170
2022-01-03 00:00:00,8.313958168029785,12.15,12.15,12.1,12.1,7825607
2022-01-04 00:00:00,8.313958168029785,12.15,12.15,12.1,12.15,6554383
2022-01-05 00:00:00,8.416180610656738,12.3,12.35,12.1,12.15,20203320
2022-01-06 00:00:00,8.416180610656738,12.3,12.4,12.25,12.3,11563227
2022-01-07 00:00:00,8.586548805236816,12.55,12.6,12.35,12.35,23763344
2022-01-10 00:00:00,8.79098892211914,12.85,12.85,12.6,12.65,16485020
2022-01-11 00:00:00,9.268020629882812,13.54,13.94,12.9,12.9,102960735
2022-01-12 00:00:00,9.233946800231934,13.49,13.64,13.2,13.49,36273732
2022-01-13 00:00:00,9.438387870788574,13.79,13.84,13.49,13.54,36233689
2022-01-14 00:00:00,9.370241165161133,13.69,13.84,13.44,13.79,31083088
2022-01-17 00:00:00,9.233946800231934,13.49,13.79,13.44,13.69,18455801
2022-01-18 00:00:00,9.302094459533691,13.59,13.59,13.39,13.39,13924757
2022-01-19 00:00:00,9.233946800231934,13.49,13.59,13.44,13.44,9671682
2022-01-20 00:00:00,9.165801048278809,13.39,13.44,13.25,13.44,11770699
2022-01-21 00:00:00,8.99543285369873,13.15,13.34,13.15,13.34,17685509
2022-01-24 00:00:00,9.131725311279297,13.34,13.39,12.9,12.95,26460985
2022-01-25 00:00:00,8.99543285369873,13.15,13.29,13.15,13.25,10152975
2022-01-26 00:00:00,9.063578605651855,13.25,13.44,13.2,13.2,7949570
2022-02-07 00:00:00,9.302094459533691,13.59,13.69,13.29,13.34,17971476
2022-02-08 00:00:00,9.438387870788574,13.79,13.84,13.59,13.64,17218015
2022-02-09 00:00:00,9.404315948486328,13.74,13.89,13.64,13.84,11701738
2022-02-10 00:00:00,9.370241165161133,13.69,13.79,13.59,13.79,8045989
2022-02-11 00:00:00,9.404315948486328,13.74,13.74,13.59,13.74,7395997
2022-02-14 00:00:00,9.370241165161133,13.69,13.74,13.54,13.64,8887677
2022-02-15 00:00:00,9.302094459533691,13.59,13.79,13.54,13.74,8793246
2022-02-16 00:00:00,9.33616828918457,13.64,13.69,13.59,13.64,6786125
2022-02-17 00:00:00,9.33616828918457,13.64,13.74,13.59,13.64,6150521
2022-02-18 00:00:00,9.370241165161133,13.69,13.69,13.54,13.59,6477396
2022-02-21 00:00:00,9.302094459533691,13.59,13.69,13.59,13.69,4353674
2022-02-22 00:00:00,9.233946800231934,13.49,13.59,13.39,13.59,13401549
2022-02-23 00:00:00,9.233946800231934,13.49,13.59,13.39,13.39,5964651
2022-02-24 00:00:00,9.09765338897705,13.29,13.44,13.2,13.39,16698316
2022-02-25 00:00:00,9.131725311279297,13.34,13.49,13.29,13.29,12066856
2022-03-01 00:00:00,9.33616828918457,13.64,13.64,13.39,13.44,8662312
2022-03-02 00:00:00,9.302094459533691,13.59,13.64,13.44,13.59,6294444
2022-03-03 00:00:00,9.302094459533691,13.59,13.64,13.54,13.64,5436545
2022-03-04 00:00:00,9.268020629882812,13.54,13.64,13.49,13.64,5110726
2022-03-07 00:00:00,9.131725311279297,13.34,13.44,13.25,13.44,16780547
2022-03-08 00:00:00,9.029505729675293,13.2,13.29,13.15,13.15,16099768
2022-03-09 00:00:00,9.09765338897705,13.29,13.29,13.15,13.25,13333676
2022-03-10 00:00:00,9.33616828918457,13.64,13.64,13.39,13.44,11031581
2022-03-11 00:00:00,9.33616828918457,13.64,13.69,13.49,13.49,8737690
2022-03-14 00:00:00,9.33616828918457,13.64,13.74,13.59,13.59,7587682
2022-03-15 00:00:00,9.404315948486328,13.74,13.74,13.64,13.64,8295119
2022-03-16 00:00:00,9.642830848693848,14.09,14.09,13.79,13.79,24721020
2022-03-17 00:00:00,9.77912425994873,14.29,14.39,14.19,14.24,17913056
2022-03-18 00:00:00,10.051712989807129,14.69,14.74,14.34,14.34,38166675
2022-03-21 00:00:00,10.017640113830566,14.64,14.74,14.54,14.74,13588462
2022-03-22 00:00:00,9.983566284179688,14.59,14.64,14.49,14.64,7243572
2022-03-23 00:00:00,10.256155014038086,14.99,15.04,14.64,14.64,19827772
2022-03-24 00:00:00,10.222081184387207,14.94,15.04,14.79,14.94,13258478
2022-03-25 00:00:00,10.017640113830566,14.64,14.99,14.64,14.94,17334256
2022-03-28 00:00:00,10.119860649108887,14.79,14.84,14.44,14.49,9686156
2022-03-29 00:00:00,10.085787773132324,14.74,14.89,14.74,14.84,6849845
2022-03-30 00:00:00,10.188008308410645,14.89,14.94,14.74,14.84,9809272
2022-03-31 00:00:00,10.324302673339844,15.09,15.24,14.84,14.84,19841844
2022-04-01 00:00:00,10.358376502990723,15.14,15.24,14.99,15.04,8163588
2022-04-06 00:00:00,10.596891403198242,15.49,15.49,15.04,15.04,16389772
2022-04-07 00:00:00,10.460596084594727,15.29,15.88,15.24,15.54,36918612
2022-04-08 00:00:00,10.733186721801758,15.69,15.69,15.09,15.34,16887189
2022-04-11 00:00:00,10.90355396270752,15.93,16.13,15.69,15.73,25546964
2022-04-12 00:00:00,10.733186721801758,15.69,15.88,15.59,15.88,17619074
2022-04-13 00:00:00,10.733186721801758,15.69,15.78,15.44,15.73,12624299
2022-04-14 00:00:00,10.324302673339844,15.09,15.69,14.99,15.69,30905526
2022-04-15 00:00:00,10.324302673339844,15.09,15.34,14.94,14.94,10111015
2022-04-18 00:00:00,10.051712989807129,14.69,15.09,14.49,15.04,22690726
2022-04-19 00:00:00,10.153934478759766,14.84,15.04,14.74,14.84,8351815
2022-04-20 00:00:00,10.222081184387207,14.94,14.99,14.59,14.94,12814658
2022-04-21 00:00:00,10.256155014038086,14.99,14.99,14.69,14.94,9948458
2022-04-22 00:00:00,10.392449378967285,15.19,15.19,14.79,14.84,13285056
2022-04-25 00:00:00,10.188008308410645,14.89,14.99,14.79,14.89,9787915
2022-04-26 00:00:00,10.290229797363281,15.04,15.09,14.89,14.94,7139788
2022-04-27 00:00:00,10.153934478759766,14.84,14.89,14.74,14.84,9063752
2022-04-28 00:00:00,10.188008308410645,14.89,14.94,14.69,14.84,6588455
2022-04-29 00:00:00,10.188008308410645,14.89,14.99,14.79,14.94,4581516
2022-05-03 00:00:00,10.017640113830566,14.64,14.79,14.64,14.79,8395359
2022-05-04 00:00:00,9.983566284179688,14.59,14.69,14.54,14.69,5042761
2022-05-05 00:00:00,9.881345748901367,14.44,14.74,14.34,14.69,13671536
2022-05-06 00:00:00,9.67690372467041,14.14,14.29,14.04,14.24,15097847
2022-05-09 00:00:00,9.370241165161133,13.69,14.14,13.64,14.14,19329878
2022-05-10 00:00:00,9.47246265411377,13.84,13.94,13.39,13.39,12705255
2022-05-11 00:00:00,9.438387870788574,13.79,13.99,13.74,13.89,5874636
2022-05-12 00:00:00,9.09765338897705,13.29,13.79,13.25,13.79,13902007
2022-05-13 00:00:00,9.199872970581055,13.44,13.49,13.15,13.29,9953432
2022-05-16 00:00:00,9.131725311279297,13.34,13.59,13.2,13.49,9288684
2022-05-17 00:00:00,9.199872970581055,13.44,13.49,13.25,13.34,7205478
2022-05-18 00:00:00,9.438387870788574,13.79,13.84,13.44,13.44,8789551
2022-05-19 00:00:00,9.370241165161133,13.69,13.69,13.44,13.54,7794469
2022-05-20 00:00:00,9.404315948486328,13.74,13.79,13.59,13.74,5453429
2022-05-23 00:00:00,9.404315948486328,13.74,13.84,13.54,13.79,5414835
2022-05-24 00:00:00,9.404315948486328,13.74,13.94,13.64,13.79,4824542
2022-05-25 00:00:00,9.47246265411377,13.84,13.89,13.64,13.69,4218372
2022-05-26 00:00:00,9.47246265411377,13.84,13.89,13.74,13.89,3448947
2022-05-27 00:00:00,9.540609359741211,13.94,13.94,13.84,13.89,5618870
2022-05-30 00:00:00,9.642830848693848,14.09,14.14,13.99,14.04,6220004
2022-05-31 00:00:00,9.506535530090332,13.89,14.09,13.89,14.09,5561386
2022-06-01 00:00:00,9.47246265411377,13.84,13.99,13.74,13.94,4102609
2022-06-02 00:00:00,9.47246265411377,13.84,13.84,13.69,13.74,3340754
2022-06-06 00:00:00,9.47246265411377,13.84,13.94,13.74,13.94,3709107
2022-06-07 00:00:00,9.438387870788574,13.79,13.89,13.69,13.89,4133953
2022-06-08 00:00:00,9.506535530090332,13.89,13.89,13.79,13.84,4429053
2022-06-09 00:00:00,9.438387870788574,13.79,13.94,13.79,13.94,3195737
2022-06-10 00:00:00,9.438387870788574,13.79,13.79,13.59,13.69,3879642
2022-06-13 00:00:00,9.33616828918457,13.64,13.64,13.49,13.64,6938659
2022-06-14 00:00:00,9.47246265411377,13.84,13.84,13.54,13.54,6398639
2022-06-15 00:00:00,9.438387870788574,13.79,13.89,13.69,13.84,7095023
2022-06-16 00:00:00,9.370241165161133,13.69,14.04,13.69,13.89,9582397
2022-06-17 00:00:00,9.506535530090332,13.89,13.89,13.49,13.64,17467327
2022-06-20 00:00:00,9.131725311279297,13.34,13.89,13.29,13.84,15034601
2022-06-21 00:00:00,9.302094459533691,13.59,13.69,13.34,13.44,8553166
2022-06-22 00:00:00,9.165801048278809,13.39,13.69,13.34,13.64,5603032
2022-06-23 00:00:00,9.268020629882812,13.54,13.59,13.34,13.44,6487483
2022-06-24 00:00:00,9.33616828918457,13.64,13.69,13.54,13.59,5307788
2022-06-27 00:00:00,9.404315948486328,13.74,13.79,13.69,13.74,4036876
2022-06-28 00:00:00,9.370241165161133,13.69,13.74,13.54,13.74,3456896
2022-06-29 00:00:00,9.370241165161133,13.69,13.69,13.54,13.59,2498332
2022-06-30 00:00:00,9.233946800231934,13.49,13.64,13.44,13.64,9553802
2022-07-01 00:00:00,9.233946800231934,13.49,13.69,13.44,13.49,8010815
2022-07-04 00:00:00,9.268020629882812,13.54,13.69,13.44,13.49,5770836
2022-07-05 00:00:00,9.370241165161133,13.69,13.74,13.49,13.64,5943928
2022-07-06 00:00:00,9.233946800231934,13.49,13.74,13.49,13.74,9348979
2022-07-07 00:00:00,9.233946800231934,13.49,13.59,13.39,13.54,7043859
2022-07-08 00:00:00,9.302094459533691,13.59,13.64,13.54,13.54,5763046
2022-07-11 00:00:00,9.302094459533691,13.59,13.69,13.54,13.64,5134292
2022-07-12 00:00:00,9.165801048278809,13.39,13.54,13.34,13.54,7951056
2022-07-13 00:00:00,9.233946800231934,13.49,13.64,13.39,13.54,9672542
2022-07-14 00:00:00,9.268020629882812,13.54,13.54,13.44,13.44,5334434
2022-07-15 00:00:00,9.268020629882812,13.54,13.59,13.39,13.49,10022138
2022-07-18 00:00:00,9.33616828918457,13.64,13.84,13.49,13.54,22486140
2022-07-19 00:00:00,9.483810424804688,12.95,13.05,12.8,12.85,14863634
2022-07-20 00:00:00,9.374382019042969,12.8,13.1,12.8,13.05,10570092
2022-07-21 00:00:00,9.447333335876465,12.9,13.0,12.75,12.8,6192146
2022-07-22 00:00:00,9.520285606384277,13.0,13.05,12.85,12.9,3417352
2022-07-25 00:00:00,9.556763648986816,13.05,13.15,12.95,13.05,3939723
2022-07-26 00:00:00,9.520285606384277,13.0,13.1,12.95,13.05,3005576
2022-07-27 00:00:00,9.59323787689209,13.1,13.1,13.0,13.05,1957231
2022-07-28 00:00:00,9.775619506835938,13.34,13.39,13.1,13.1,5278710
2022-07-29 00:00:00,9.702667236328125,13.25,13.44,13.25,13.39,4129465
2022-08-01 00:00:00,9.775619506835938,13.34,13.34,13.2,13.25,2946950
2022-08-02 00:00:00,9.629714965820312,13.15,13.25,13.15,13.25,3523982
2022-08-03 00:00:00,9.520285606384277,13.0,13.25,13.0,13.2,4211307
2022-08-04 00:00:00,9.59323787689209,13.1,13.1,12.95,13.1,3990130
2022-08-05 00:00:00,9.666191101074219,13.2,13.25,13.15,13.2,2374997
2022-08-08 00:00:00,9.666191101074219,13.2,13.25,13.05,13.25,2789786
2022-08-09 00:00:00,9.739142417907715,13.29,13.34,13.2,13.25,3430166
2022-08-10 00:00:00,9.848572731018066,13.44,13.54,13.29,13.34,6203200
2022-08-11 00:00:00,9.994477272033691,13.64,13.64,13.44,13.49,5293330
2022-08-12 00:00:00,9.958001136779785,13.59,13.64,13.54,13.59,2647522
2022-08-15 00:00:00,9.921524047851562,13.54,13.64,13.49,13.59,3388168
2022-08-16 00:00:00,9.885048866271973,13.49,13.59,13.44,13.59,3103491
2022-08-17 00:00:00,9.81209659576416,13.39,13.59,13.34,13.54,5509967
2022-08-18 00:00:00,9.81209659576416,13.39,13.49,13.39,13.39,1765485
2022-08-19 00:00:00,9.81209659576416,13.39,13.44,13.39,13.44,1920815
2022-08-22 00:00:00,9.848572731018066,13.44,13.49,13.34,13.39,2595775
2022-08-23 00:00:00,9.81209659576416,13.39,13.44,13.34,13.39,3564824
2022-08-24 00:00:00,9.848572731018066,13.44,13.49,13.39,13.39,3753973
2022-08-25 00:00:00,9.885048866271973,13.49,13.59,13.44,13.44,4279419
2022-08-26 00:00:00,9.921524047851562,13.54,13.59,13.49,13.54,2855816
2022-08-29 00:00:00,9.885048866271973,13.49,13.49,13.39,13.44,3444142
2022-08-30 00:00:00,9.848572731018066,13.44,13.54,13.44,13.44,4344107
2022-08-31 00:00:00,9.958001136779785,13.59,13.59,13.44,13.44,4120338
2022-09-01 00:00:00,9.994477272033691,13.64,13.64,13.39,13.54,8853935
2022-09-02 00:00:00,9.994477272033691,13.64,13.69,13.59,13.64,3703947
2022-09-05 00:00:00,10.067428588867188,13.74,13.79,13.69,13.74,5698632
2022-09-06 00:00:00,9.994477272033691,13.64,13.79,13.54,13.79,7193540
2022-09-07 00:00:00,9.885048866271973,13.49,13.64,13.44,13.64,7465698
2022-09-08 00:00:00,9.958001136779785,13.59,13.59,13.44,13.59,5069896
2022-09-12 00:00:00,9.994477272033691,13.64,13.64,13.49,13.64,7537765
2022-09-13 00:00:00,9.958001136779785,13.59,13.69,13.54,13.69,3998026
2022-09-14 00:00:00,9.885048866271973,13.49,13.59,13.44,13.54,5264689
2022-09-15 00:00:00,9.958001136779785,13.59,13.59,13.49,13.54,4424524
2022-09-16 00:00:00,9.81209659576416,13.39,13.64,13.39,13.59,21848990
2022-09-19 00:00:00,9.885048866271973,13.49,13.54,13.39,13.44,6508378
2022-09-20 00:00:00,9.885048866271973,13.49,13.59,13.49,13.54,2590490
2022-09-21 00:00:00,9.885048866271973,13.49,13.59,13.44,13.54,3922226
2022-09-22 00:00:00,9.921524047851562,13.54,13.59,13.39,13.54,4736785
2022-09-23 00:00:00,9.885048866271973,13.49,13.59,13.49,13.59,2649191
2022-09-26 00:00:00,9.739142417907715,13.29,13.54,13.25,13.54,9657451
2022-09-27 00:00:00,9.702667236328125,13.25,13.34,13.2,13.34,6698937
2022-09-28 00:00:00,9.520285606384277,13.0,13.29,12.95,13.25,9448829
2022-09-29 00:00:00,9.629714965820312,13.15,13.15,13.0,13.0,6887901
2022-09-30 00:00:00,9.59323787689209,13.1,13.15,13.0,13.0,6671945
2022-10-03 00:00:00,9.556763648986816,13.05,13.15,12.95,13.1,5183358
2022-10-04 00:00:00,9.556763648986816,13.05,13.15,12.95,13.1,4940862
2022-10-05 00:00:00,9.520285606384277,13.0,13.15,13.0,13.1,5162998
2022-10-06 00:00:00,9.556763648986816,13.05,13.1,13.0,13.05,4550178
2022-10-07 00:00:00,9.59323787689209,13.1,13.15,13.05,13.1,2988501
2022-10-11 00:00:00,9.483810424804688,12.95,13.1,12.95,13.1,7295552
2022-10-12 00:00:00,9.520285606384277,13.0,13.05,12.95,13.0,2982442
2022-10-13 00:00:00,9.337904930114746,12.75,13.15,12.75,13.05,11689662
2022-10-14 00:00:00,9.374382019042969,12.8,12.95,12.75,12.95,6686106
2022-10-17 00:00:00,9.228476524353027,12.6,12.75,12.5,12.75,7896196
2022-10-18 00:00:00,9.228476524353027,12.6,12.65,12.5,12.6,6958367
2022-10-19 00:00:00,9.04609489440918,12.35,12.65,12.35,12.6,8716386
2022-10-20 00:00:00,8.900191307067871,12.15,12.3,11.95,12.3,11901289
2022-10-21 00:00:00,8.936667442321777,12.2,12.35,12.05,12.2,4752360
2022-10-24 00:00:00,9.00961971282959,12.3,12.4,12.2,12.3,3532713
2022-10-25 00:00:00,9.00961971282959,12.3,12.45,12.2,12.35,4726754
2022-10-26 00:00:00,9.082572937011719,12.4,12.5,12.25,12.3,4808651
2022-10-27 00:00:00,9.082572937011719,12.4,12.55,12.4,12.4,4102391
2022-10-28 00:00:00,9.119048118591309,12.45,12.5,12.4,12.4,2750324
2022-10-31 00:00:00,9.155523300170898,12.5,12.55,12.45,12.45,4386739
2022-11-01 00:00:00,9.141106605529785,12.48,12.58,12.38,12.38,3486677
2022-11-02 00:00:00,9.104541778564453,12.43,12.53,12.43,12.48,2534746
2022-11-03 00:00:00,9.067977905273438,12.38,12.48,12.38,12.48,3188410
2022-11-04 00:00:00,9.141106605529785,12.48,12.48,12.33,12.43,3089235
2022-11-07 00:00:00,9.214235305786133,12.58,12.58,12.48,12.53,3053272
2022-11-08 00:00:00,9.287365913391113,12.68,12.78,12.63,12.63,3930422
2022-11-09 00:00:00,9.433622360229492,12.88,12.88,12.73,12.78,5327942
2022-11-10 00:00:00,9.323928833007812,12.73,12.93,12.73,12.93,3264912
2022-11-11 00:00:00,9.433622360229492,12.88,12.98,12.83,12.88,6077763
2022-11-14 00:00:00,9.470187187194824,12.93,12.93,12.83,12.93,5028767
2022-11-15 00:00:00,9.433622360229492,12.88,12.88,12.73,12.83,3719718
2022-11-16 00:00:00,9.287365913391113,12.68,12.88,12.68,12.88,5545851
2022-11-17 00:00:00,9.323928833007812,12.73,12.78,12.63,12.73,3252492
2022-11-18 00:00:00,9.323928833007812,12.73,12.78,12.63,12.68,2631372
2022-11-21 00:00:00,9.323928833007812,12.73,12.78,12.68,12.73,2534967
2022-11-22 00:00:00,9.39705753326416,12.83,12.88,12.68,12.78,2971364
2022-11-23 00:00:00,9.470187187194824,12.93,12.93,12.83,12.88,4318741
2022-11-24 00:00:00,9.543315887451172,13.03,13.03,12.88,12.93,5848129
2022-11-25 00:00:00,9.543315887451172,13.03,13.03,12.93,12.98,3350918
2022-11-28 00:00:00,9.543315887451172,13.03,13.03,12.88,12.98,3547036
2022-11-29 00:00:00,9.616443634033203,13.13,13.13,12.93,13.03,4908888
2022-11-30 00:00:00,9.579879760742188,13.08,13.18,13.03,13.13,3971457
2022-12-01 00:00:00,9.616443634033203,13.13,13.23,13.08,13.18,7310902
2022-12-02 00:00:00,9.579879760742188,13.08,13.18,13.08,13.18,3108947
2022-12-05 00:00:00,9.616443634033203,13.13,13.18,13.03,13.13,4342551
2022-12-06 00:00:00,9.50675106048584,12.98,13.08,12.98,13.08,3535272
2022-12-07 00:00:00,9.50675106048584,12.98,13.08,12.98,13.03,4526920
2022-12-08 00:00:00,9.470187187194824,12.93,13.03,12.93,13.03,3482781
2022-12-09 00:00:00,9.616443634033203,13.13,13.13,12.98,13.03,4806784
2022-12-12 00:00:00,9.579879760742188,13.08,13.18,13.03,13.18,2847126
2022-12-13 00:00:00,9.543315887451172,13.03,13.13,13.03,13.13,2515259
2022-12-14 00:00:00,9.579879760742188,13.08,13.13,13.03,13.08,3937219
2022-12-15 00:00:00,9.579879760742188,13.08,13.13,12.98,13.08,2595041
2022-12-16 00:00:00,9.579879760742188,13.08,13.08,12.98,12.98,4471344
2022-12-19 00:00:00,9.543315887451172,13.03,13.08,12.98,13.03,1806396
2022-12-20 00:00:00,9.470187187194824,12.93,13.08,12.93,12.98,5482007
2022-12-21 00:00:00,9.360493659973145,12.78,12.83,12.68,12.83,21091913
2022-12-22 00:00:00,9.39705753326416,12.83,12.88,12.73,12.78,6702633
2022-12-23 00:00:00,9.360493659973145,12.78,12.83,12.73,12.78,4062245
2022-12-26 00:00:00,9.39705753326416,12.83,12.83,12.78,12.78,2731692
2022-12-27 00:00:00,9.433622360229492,12.88,12.88,12.83,12.83,2231315
2022-12-28 00:00:00,9.39705753326416,12.83,12.88,12.78,12.88,4084834
2022-12-29 00:00:00,9.360493659973145,12.78,12.83,12.78,12.83,3003986
2022-12-30 00:00:00,9.360493659973145,12.78,12.88,12.78,12.83,4665986
2023-01-03 00:00:00,9.360493659973145,12.78,12.88,12.73,12.78,3705609
2023-01-04 00:00:00,9.360493659973145,12.78,12.83,12.78,12.83,1580510
2023-01-05 00:00:00,9.433622360229492,12.88,12.88,12.83,12.83,3202848
2023-01-06 00:00:00,9.433622360229492,12.88,12.93,12.78,12.93,4409912
2023-01-09 00:00:00,9.50675106048584,12.98,12.98,12.88,12.93,7039947
2023-01-10 00:00:00,9.579879760742188,13.08,13.13,12.98,13.03,10176010
2023-01-11 00:00:00,9.579879760742188,13.08,13.23,13.03,13.13,9028017
2023-01-12 00:00:00,9.543315887451172,13.03,13.13,12.98,13.13,6058078
2023-01-13 00:00:00,9.543315887451172,13.03,13.08,12.98,13.08,9309541
2023-01-16 00:00:00,9.579879760742188,13.08,13.08,12.98,13.03,6093945
2023-01-17 00:00:00,9.543315887451172,13.03,13.08,12.98,13.08,10174643
2023-01-30 00:00:00,9.579879760742188,13.08,13.13,12.98,13.08,14042850
2023-01-31 00:00:00,9.579879760742188,13.08,13.13,13.03,13.08,9682801
2023-02-01 00:00:00,9.579879760742188,13.08,13.18,13.08,13.08,6542272
2023-02-02 00:00:00,9.653009414672852,13.18,13.23,13.08,13.13,12788490
2023-02-03 00:00:00,9.689574241638184,13.23,13.23,13.13,13.23,12003824
2023-02-06 00:00:00,9.653009414672852,13.18,13.23,13.13,13.23,8942790
2023-02-07 00:00:00,9.653009414672852,13.18,13.23,13.08,13.23,11340066
2023-02-08 00:00:00,9.653009414672852,13.18,13.28,13.18,13.23,9712063
2023-02-09 00:00:00,9.653009414672852,13.18,13.28,13.18,13.23,7982034
2023-02-10 00:00:00,9.653009414672852,13.18,13.28,13.18,13.23,6212306
2023-02-13 00:00:00,9.689574241638184,13.23,13.23,13.13,13.18,8282218
2023-02-14 00:00:00,9.689574241638184,13.23,13.28,13.18,13.23,7453982
2023-02-15 00:00:00,9.653009414672852,13.18,13.23,13.18,13.23,4297507
2023-02-16 00:00:00,9.653009414672852,13.18,13.23,13.18,13.18,7644196
2023-02-17 00:00:00,9.689574241638184,13.23,13.23,13.18,13.18,5004860
2023-02-20 00:00:00,9.799266815185547,13.38,13.43,13.23,13.23,18943643
2023-02-21 00:00:00,9.762701988220215,13.33,13.43,13.33,13.43,8003436
2023-02-22 00:00:00,9.835830688476562,13.43,13.48,13.28,13.38,12508390
2023-02-23 00:00:00,9.982089042663574,13.63,13.68,13.48,13.48,13278907
2023-02-24 00:00:00,10.055218696594238,13.73,13.83,13.68,13.78,17474793
2023-03-01 00:00:00,10.164910316467285,13.88,13.88,13.68,13.73,10872402
2023-03-02 00:00:00,10.055218696594238,13.73,13.88,13.73,13.88,13713731
2023-03-03 00:00:00,10.055218696594238,13.73,13.83,13.68,13.78,8168294
2023-03-06 00:00:00,10.164910316467285,13.88,13.93,13.78,13.83,9781373
2023-03-07 00:00:00,10.274603843688965,14.03,14.08,13.88,13.93,12203242
2023-03-08 00:00:00,10.347732543945312,14.13,14.13,14.03,14.08,8596803
2023-03-09 00:00:00,10.274603843688965,14.03,14.18,14.03,14.18,8824833
2023-03-10 00:00:00,10.164910316467285,13.88,13.98,13.83,13.98,18005447
2023-03-13 00:00:00,10.055218696594238,13.73,13.78,13.53,13.68,19474427
2023-03-14 00:00:00,9.945525169372559,13.58,13.68,13.48,13.68,22791854
2023-03-15 00:00:00,10.018653869628906,13.68,13.73,13.63,13.63,7103404
2023-03-16 00:00:00,9.872395515441895,13.48,13.58,13.43,13.58,19748180
2023-03-17 00:00:00,9.90895938873291,13.53,13.58,13.48,13.53,9933227
2023-03-20 00:00:00,9.945525169372559,13.58,13.58,13.48,13.53,5996601
2023-03-21 00:00:00,10.055218696594238,13.73,13.88,13.58,13.58,7568756
2023-03-22 00:00:00,10.091781616210938,13.78,13.83,13.73,13.83,6456839
2023-03-23 00:00:00,10.091781616210938,13.78,13.83,13.73,13.73,6355386
2023-03-24 00:00:00,10.091781616210938,13.78,13.88,13.73,13.83,5201301
2023-03-27 00:00:00,10.055218696594238,13.73,13.83,13.68,13.83,4349757
2023-03-28 00:00:00,10.12834644317627,13.83,13.83,13.73,13.78,5840363
2023-03-29 00:00:00,10.12834644317627,13.83,13.88,13.78,13.83,4530910
2023-03-30 00:00:00,10.091781616210938,13.78,13.88,13.78,13.83,3632569
2023-03-31 00:00:00,10.12834644317627,13.83,13.83,13.73,13.78,4168512
2023-04-06 00:00:00,10.164910316467285,13.88,13.88,13.78,13.83,4931387
2023-04-07 00:00:00,10.201475143432617,13.93,13.93,13.83,13.88,4780176
2023-04-10 00:00:00,10.201475143432617,13.93,13.98,13.93,13.98,5217117
2023-04-11 00:00:00,10.23803997039795,13.98,14.03,13.98,13.98,7487433
2023-04-12 00:00:00,10.311169624328613,14.08,14.08,13.98,13.98,7365986
2023-04-13 00:00:00,10.347732543945312,14.13,14.18,14.08,14.08,8885041
2023-04-14 00:00:00,10.347732543945312,14.13,14.23,14.13,14.18,5865424
2023-04-17 00:00:00,10.347732543945312,14.13,14.18,14.08,14.18,9432941
2023-04-18 00:00:00,10.274603843688965,14.03,14.13,14.03,14.13,6206131
2023-04-19 00:00:00,10.311169624328613,14.08,14.13,14.03,14.03,5915908
2023-04-20 00:00:00,10.201475143432617,13.93,14.03,13.88,13.98,7635843
2023-04-21 00:00:00,10.201475143432617,13.93,13.98,13.88,13.93,6118929
2023-04-24 00:00:00,10.23803997039795,13.98,13.98,13.88,13.93,4549939
2023-04-25 00:00:00,10.23803997039795,13.98,14.13,13.93,13.98,12258930
2023-04-26 00:00:00,10.311169624328613,14.08,14.08,13.93,13.93,6682090
2023-04-27 00:00:00,10.311169624328613,14.08,14.13,14.03,14.08,3495791
2023-04-28 00:00:00,10.311169624328613,14.08,14.18,14.08,14.13,8457546
2023-05-02 00:00:00,10.530555725097656,14.38,14.38,14.13,14.13,15037424
2023-05-03 00:00:00,10.567119598388672,14.43,14.53,14.28,14.38,12827737
2023-05-04 00:00:00,10.640247344970703,14.53,14.53,14.38,14.48,7414329
2023-05-05 00:00:00,10.713377952575684,14.62,14.62,14.53,14.57,6763958
2023-05-08 00:00:00,10.713377952575684,14.62,14.67,14.53,14.62,8660460
2023-05-09 00:00:00,10.749942779541016,14.67,14.67,14.57,14.67,6486448
2023-05-10 00:00:00,10.749942779541016,14.67,14.72,14.62,14.72,5052931
2023-05-11 00:00:00,10.640247344970703,14.53,14.62,14.43,14.62,13362207
2023-05-12 00:00:00,10.640247344970703,14.53,14.57,14.38,14.53,6424439
2023-05-15 00:00:00,10.676813125610352,14.57,14.62,14.48,14.53,4293334
2023-05-16 00:00:00,10.713377952575684,14.62,14.67,14.53,14.57,6069125
2023-05-17 00:00:00,10.786506652832031,14.72,14.77,14.57,14.57,13546171
2023-05-18 00:00:00,10.749942779541016,14.67,14.77,14.67,14.77,7332004
2023-05-19 00:00:00,10.749942779541016,14.67,14.67,14.62,14.67,4248077
2023-05-22 00:00:00,10.749942779541016,14.67,14.72,14.67,14.67,4260899
2023-05-23 00:00:00,10.749942779541016,14.67,14.72,14.62,14.72,5060740
2023-05-24 00:00:00,10.749942779541016,14.67,14.72,14.62,14.67,6666985
2023-05-25 00:00:00,10.713377952575684,14.62,14.67,14.62,14.62,4717523
2023-05-26 00:00:00,10.676813125610352,14.57,14.62,14.48,14.62,6399739
2023-05-29 00:00:00,10.713377952575684,14.62,14.67,14.57,14.62,6831521
2023-05-30 00:00:00,10.749942779541016,14.67,14.67,14.62,14.62,3617167
2023-05-31 00:00:00,10.713377952575684,14.62,14.72,14.62,14.67,6540818
2023-06-01 00:00:00,10.713377952575684,14.62,14.72,14.62,14.67,5186650
2023-06-02 00:00:00,10.749942779541016,14.67,14.67,14.62,14.67,4109220
2023-06-05 00:00:00,10.786506652832031,14.72,14.77,14.67,14.67,7756385
2023-06-06 00:00:00,10.823070526123047,14.77,14.82,14.72,14.77,4029242
2023-06-07 00:00:00,10.823070526123047,14.77,14.82,14.77,14.82,5126768
2023-06-08 00:00:00,10.749942779541016,14.67,14.82,14.67,14.82,6162995
2023-06-09 00:00:00,10.786506652832031,14.72,14.77,14.67,14.72,4990734
2023-06-12 00:00:00,10.859634399414062,14.82,14.87,14.72,14.77,6866266
2023-06-13 00:00:00,10.896198272705078,14.87,14.92,14.82,14.87,4333965
2023-06-14 00:00:00,10.896198272705078,14.87,14.92,14.87,14.87,4102805
2023-06-15 00:00:00,10.823070526123047,14.77,14.92,14.77,14.87,5589252
2023-06-16 00:00:00,10.823070526123047,14.77,14.87,14.77,14.82,7481320
2023-06-19 00:00:00,10.823070526123047,14.77,14.82,14.72,14.77,5372199
2023-06-20 00:00:00,10.823070526123047,14.77,14.82,14.72,14.77,2675767
2023-06-21 00:00:00,10.896198272705078,14.87,14.87,14.77,14.77,5220359
2023-06-26 00:00:00,10.932765007019043,14.92,14.97,14.77,14.82,8211717
2023-06-27 00:00:00,10.896198272705078,14.87,14.92,14.82,14.87,4069230
2023-06-28 00:00:00,10.932765007019043,14.92,14.97,14.87,14.87,3555787
2023-06-29 00:00:00,10.932765007019043,14.92,14.97,14.92,14.97,3097682
2023-06-30 00:00:00,11.11558723449707,15.17,15.17,14.92,14.97,16908109
2023-07-03 00:00:00,11.298409461975098,15.42,15.47,15.17,15.22,10232977
2023-07-04 00:00:00,11.298409461975098,15.42,15.47,15.42,15.47,5955538
2023-07-05 00:00:00,11.334972381591797,15.47,15.57,15.47,15.47,6959825
2023-07-06 00:00:00,11.11558723449707,15.17,15.52,15.12,15.52,14625572
2023-07-07 00:00:00,11.11558723449707,15.17,15.17,14.97,15.12,8155327
2023-07-10 00:00:00,11.152151107788086,15.22,15.37,15.17,15.17,9891498
2023-07-11 00:00:00,11.298409461975098,15.42,15.42,15.32,15.32,7045509
2023-07-12 00:00:00,11.334972381591797,15.47,15.47,15.37,15.42,7520562
2023-07-13 00:00:00,11.298409461975098,15.42,15.47,15.42,15.47,7633029
2023-07-14 00:00:00,11.371536254882812,15.52,15.57,15.42,15.42,12700030
2023-07-17 00:00:00,11.517794609069824,15.72,15.77,15.57,15.57,26694934
2023-07-18 00:00:00,11.778107643127441,15.12,15.12,14.87,14.97,34969762
2023-07-19 00:00:00,11.661493301391602,14.97,15.17,14.87,15.12,15040525
2023-07-20 00:00:00,11.622620582580566,14.92,14.97,14.87,14.97,5926186
2023-07-21 00:00:00,11.583749771118164,14.87,14.92,14.87,14.87,5133777
2023-07-24 00:00:00,11.506007194519043,14.77,14.92,14.77,14.87,7388942
2023-07-25 00:00:00,11.583749771118164,14.87,14.87,14.77,14.82,4909302
2023-07-26 00:00:00,11.70036506652832,15.02,15.07,14.87,14.87,6440675
2023-07-27 00:00:00,11.70036506652832,15.02,15.07,14.97,15.07,4957734
2023-07-28 00:00:00,11.661493301391602,14.97,15.07,14.92,15.02,3483035
2023-07-31 00:00:00,11.583749771118164,14.87,15.02,14.87,14.97,7153938
2023-08-01 00:00:00,11.661493301391602,14.97,14.97,14.82,14.87,3954614
2023-08-02 00:00:00,11.544878005981445,14.82,14.87,14.77,14.87,10472200
2023-08-04 00:00:00,11.544878005981445,14.82,14.87,14.77,14.82,3331915
2023-08-07 00:00:00,11.583749771118164,14.87,14.92,14.82,14.82,2962531
2023-08-08 00:00:00,11.506007194519043,14.77,14.97,14.77,14.92,5431120
2023-08-09 00:00:00,11.544878005981445,14.82,14.87,14.77,14.77,3182813
2023-08-10 00:00:00,11.544878005981445,14.82,14.92,14.77,14.87,3519743
2023-08-11 00:00:00,11.583749771118164,14.87,14.87,14.82,14.82,2103150
2023-08-14 00:00:00,11.428262710571289,14.67,14.82,14.62,14.82,8597522
2023-08-15 00:00:00,11.38939094543457,14.62,14.72,14.62,14.62,5986842
2023-08-16 00:00:00,11.27277660369873,14.48,14.62,14.28,14.62,11895647
2023-08-17 00:00:00,11.31164836883545,14.53,14.53,14.28,14.43,6498704
2023-08-18 00:00:00,11.31164836883545,14.53,14.62,14.43,14.48,7119498
2023-08-21 00:00:00,11.38939094543457,14.62,14.62,14.48,14.57,4066574
2023-08-22 00:00:00,11.38939094543457,14.62,14.67,14.57,14.62,3142204
2023-08-23 00:00:00,11.350520133972168,14.57,14.62,14.53,14.62,2786072
2023-08-24 00:00:00,11.38939094543457,14.62,14.62,14.57,14.62,2221079
2023-08-25 00:00:00,11.350520133972168,14.57,14.62,14.53,14.57,2250538
2023-08-28 00:00:00,11.428262710571289,14.67,14.72,14.57,14.57,3376184
2023-08-29 00:00:00,11.506007194519043,14.77,14.82,14.72,14.72,3087780
2023-08-30 00:00:00,11.506007194519043,14.77,14.82,14.72,14.77,3638024
2023-08-31 00:00:00,11.467134475708008,14.72,14.77,14.72,14.77,2093471
2023-09-01 00:00:00,11.544878005981445,14.82,14.82,14.72,14.72,3662929
2023-09-04 00:00:00,11.583749771118164,14.87,14.92,14.82,14.82,3522300
2023-09-05 00:00:00,11.583749771118164,14.87,14.92,14.87,14.87,2298229
2023-09-06 00:00:00,11.506007194519043,14.77,14.92,14.77,14.92,4572978
2023-09-07 00:00:00,11.467134475708008,14.72,14.82,14.72,14.82,3164104
2023-09-08 00:00:00,11.506007194519043,14.77,14.77,14.72,14.72,2252434
2023-09-11 00:00:00,11.506007194519043,14.77,14.87,14.67,14.77,4654297
2023-09-12 00:00:00,11.544878005981445,14.82,14.87,14.77,14.82,3031962
2023-09-13 00:00:00,11.583749771118164,14.87,14.87,14.82,14.87,2844406
2023-09-14 00:00:00,11.583749771118164,14.87,14.92,14.82,14.92,4302105
2023-09-15 00:00:00,11.622620582580566,14.92,14.97,14.87,14.92,3201877
2023-09-18 00:00:00,11.583749771118164,14.87,14.97,14.82,14.97,3308441
2023-09-19 00:00:00,11.544878005981445,14.82,14.92,14.82,14.87,3919599
2023-09-20 00:00:00,11.583749771118164,14.87,14.87,14.82,14.87,2606128
2023-09-21 00:00:00,11.467134475708008,14.72,14.87,14.72,14.87,4575448
2023-09-22 00:00:00,11.467134475708008,14.72,14.77,14.67,14.77,2813319
2023-09-25 00:00:00,11.506007194519043,14.77,14.77,14.72,14.77,2493579
2023-09-26 00:00:00,11.428262710571289,14.67,14.82,14.67,14.82,4344797
2023-09-27 00:00:00,11.428262710571289,14.67,14.72,14.62,14.72,4034977
2023-09-28 00:00:00,11.38939094543457,14.62,14.72,14.62,14.72,3263138
2023-10-02 00:00:00,11.467134475708008,14.72,14.77,14.67,14.72,3884487
2023-10-03 00:00:00,11.506007194519043,14.77,14.77,14.67,14.77,3108685
2023-10-04 00:00:00,11.428262710571289,14.67,14.77,14.67,14.72,3357212
2023-10-05 00:00:00,11.428262710571289,14.67,14.72,14.62,14.67,5106813
2023-10-06 00:00:00,11.467134475708008,14.72,14.77,14.72,14.72,2416144
2023-10-11 00:00:00,11.622620582580566,14.92,14.92,14.77,14.77,8061149
2023-10-12 00:00:00,11.661493301391602,14.97,14.97,14.87,14.97,4241976
2023-10-13 00:00:00,11.622620582580566,14.92,14.97,14.87,14.97,2598925
2023-10-16 00:00:00,11.622620582580566,14.92,14.92,14.82,14.82,2854253
2023-10-17 00:00:00,11.583749771118164,14.87,14.92,14.87,14.92,2005858
2023-10-18 00:00:00,11.583749771118164,14.87,14.87,14.77,14.87,5273165
2023-10-19 00:00:00,11.583749771118164,14.87,14.87,14.77,14.82,2279091
2023-10-20 00:00:00,11.544878005981445,14.82,14.82,14.67,14.82,5525052
2023-10-23 00:00:00,11.506007194519043,14.77,14.77,14.72,14.77,2811892
2023-10-24 00:00:00,11.467134475708008,14.72,14.77,14.67,14.72,3725172
2023-10-25 00:00:00,11.467134475708008,14.72,14.77,14.72,14.72,1949746
2023-10-26 00:00:00,11.467134475708008,14.72,14.72,14.62,14.67,4113948
2023-10-27 00:00:00,11.428262710571289,14.67,14.82,14.67,14.72,3323728
2023-10-30 00:00:00,11.38939094543457,14.62,14.72,14.62,14.67,3390473
2023-10-31 00:00:00,11.428262710571289,14.67,14.72,14.62,14.67,2638768
2023-11-01 00:00:00,11.428262710571289,14.67,14.72,14.62,14.67,2384194
2023-11-02 00:00:00,11.506007194519043,14.77,14.77,14.67,14.72,3250608
2023-11-03 00:00:00,11.506007194519043,14.77,14.82,14.77,14.82,2396911
2023-11-06 00:00:00,11.583749771118164,14.87,14.87,14.82,14.82,3314512
2023-11-07 00:00:00,11.544878005981445,14.82,14.92,14.77,14.92,3435263
2023-11-08 00:00:00,11.544878005981445,14.82,14.87,14.77,14.87,2938375
2023-11-09 00:00:00,11.583749771118164,14.87,14.87,14.82,14.87,3753187
2023-11-10 00:00:00,11.583749771118164,14.87,14.92,14.82,14.87,3604453
2023-11-13 00:00:00,11.583749771118164,14.87,14.92,14.87,14.87,2484978
2023-11-14 00:00:00,11.622620582580566,14.92,14.92,14.87,14.92,3011676
2023-11-15 00:00:00,11.661493301391602,14.97,14.97,14.87,14.97,7376854
2023-11-16 00:00:00,11.70036506652832,15.02,15.02,14.92,14.97,7224231
2023-11-17 00:00:00,11.933594703674316,15.32,15.32,15.02,15.02,14673793
2023-11-20 00:00:00,11.972465515136719,15.37,15.42,15.27,15.32,6645193
2023-11-21 00:00:00,12.011338233947754,15.42,15.42,15.32,15.42,8717012
2023-11-22 00:00:00,12.050209045410156,15.47,15.47,15.32,15.42,4565014
2023-11-23 00:00:00,12.205696105957031,15.67,15.72,15.47,15.47,11447870
2023-11-24 00:00:00,12.127952575683594,15.57,15.67,15.52,15.67,4807887
2023-11-27 00:00:00,12.089081764221191,15.52,15.62,15.52,15.57,4269770
2023-11-28 00:00:00,12.166825294494629,15.62,15.67,15.52,15.52,5319923
2023-11-29 00:00:00,12.166825294494629,15.62,15.67,15.57,15.62,4123355
2023-11-30 00:00:00,12.283439636230469,15.77,15.77,15.57,15.62,9324073
2023-12-01 00:00:00,12.24456787109375,15.72,15.77,15.67,15.72,4114977
2023-12-04 00:00:00,12.283439636230469,15.77,15.77,15.67,15.72,4780359
2023-12-05 00:00:00,12.283439636230469,15.77,15.82,15.72,15.77,6664781
2023-12-06 00:00:00,12.477797508239746,16.02,16.12,15.82,15.82,13619439
2023-12-07 00:00:00,12.477797508239746,16.02,16.07,15.92,15.97,6943464
2023-12-08 00:00:00,12.594411849975586,16.17,16.17,16.02,16.07,8270332
2023-12-11 00:00:00,12.78877067565918,16.42,16.47,16.17,16.22,12245414
2023-12-12 00:00:00,12.827642440795898,16.47,16.57,16.37,16.47,7012491
2023-12-13 00:00:00,12.594411849975586,16.17,16.47,16.17,16.47,10973773
2023-12-14 00:00:00,12.711028099060059,16.32,16.37,16.17,16.17,7212336
2023-12-15 00:00:00,12.594411849975586,16.17,16.42,16.17,16.37,5247301
2023-12-18 00:00:00,12.400053977966309,15.92,16.17,15.87,16.17,8016229
2023-12-19 00:00:00,12.24456787109375,15.72,15.87,15.67,15.87,10754741
2023-12-20 00:00:00,12.361183166503906,15.87,15.97,15.77,15.77,3732142
2023-12-21 00:00:00,12.24456787109375,15.72,15.92,15.72,15.87,4055642
2023-12-22 00:00:00,12.205696105957031,15.67,15.72,15.62,15.72,4543456
2023-12-25 00:00:00,12.283439636230469,15.77,15.87,15.67,15.67,2643335
2023-12-26 00:00:00,12.400053977966309,15.92,15.92,15.82,15.82,2746566
2023-12-27 00:00:00,12.361183166503906,15.87,15.92,15.82,15.92,4247554
2023-12-28 00:00:00,12.438925743103027,15.97,15.97,15.82,15.87,2584217
2023-12-29 00:00:00,12.361183166503906,15.87,15.92,15.82,15.92,3071466
2024-01-02 00:00:00,12.361183166503906,15.87,15.92,15.82,15.87,3208561
2024-01-03 00:00:00,12.361183166503906,15.87,15.92,15.82,15.82,2886290
2024-01-04 00:00:00,12.400053977966309,15.92,15.97,15.87,15.92,2488278
2024-01-05 00:00:00,12.400053977966309,15.92,16.02,15.87,15.97,3117746
2024-01-08 00:00:00,12.361183166503906,15.87,16.02,15.87,15.97,3125615
2024-01-09 00:00:00,12.322311401367188,15.82,15.97,15.82,15.92,3331300
2024-01-10 00:00:00,12.555541038513184,16.12,16.22,15.97,15.97,14861688
2024-01-11 00:00:00,12.594411849975586,16.17,16.22,16.12,16.17,3984402
2024-01-12 00:00:00,12.555541038513184,16.12,16.12,15.97,16.12,3477194
2024-01-15 00:00:00,12.516670227050781,16.07,16.17,16.07,16.12,3134931
2024-01-16 00:00:00,12.361183166503906,15.87,16.02,15.87,16.02,7483921
2024-01-17 00:00:00,12.283439636230469,15.77,15.82,15.72,15.82,7714964
2024-01-18 00:00:00,12.322311401367188,15.82,15.87,15.72,15.77,3181633
2024-01-19 00:00:00,12.400053977966309,15.92,15.92,15.72,15.82,3783458
2024-01-22 00:00:00,12.322311401367188,15.82,15.92,15.82,15.92,3388694
2024-01-23 00:00:00,12.400053977966309,15.92,15.92,15.87,15.87,1839304
2024-01-24 00:00:00,12.361183166503906,15.87,15.92,15.87,15.92,1998503
2024-01-25 00:00:00,12.361183166503906,15.87,15.97,15.87,15.87,1873556
2024-01-26 00:00:00,12.438925743103027,15.97,15.97,15.87,15.87,2650135
2024-01-29 00:00:00,12.400053977966309,15.92,15.97,15.87,15.97,2205843
2024-01-30 00:00:00,12.322311401367188,15.82,15.97,15.82,15.92,4987059
2024-01-31 00:00:00,12.205696105957031,15.67,15.92,15.67,15.82,10478256
2024-02-01 00:00:00,11.894722938537598,15.27,15.37,14.77,14.92,111099407
2024-02-02 00:00:00,11.972465515136719,15.37,15.37,15.12,15.22,25535051
2024-02-05 00:00:00,11.933594703674316,15.32,15.42,15.32,15.37,11269548
2024-02-15 00:00:00,12.050209045410156,15.47,15.47,15.32,15.37,12717814
2024-02-16 00:00:00,12.050209045410156,15.47,15.57,15.42,15.52,11903226
2024-02-19 00:00:00,12.127952575683594,15.57,15.67,15.47,15.52,7497933
2024-02-20 00:00:00,12.127952575683594,15.57,15.67,15.52,15.52,5547903
2024-02-21 00:00:00,12.322311401367188,15.82,15.82,15.57,15.67,8560766
2024-02-22 00:00:00,12.283439636230469,15.77,15.82,15.72,15.77,7926071
2024-02-23 00:00:00,12.205696105957031,15.67,15.77,15.62,15.77,7543664
2024-02-26 00:00:00,12.749898910522461,16.37,16.42,16.07,16.07,38215381
2024-02-27 00:00:00,12.749898910522461,16.37,16.47,16.22,16.42,15826633
2024-02-29 00:00:00,12.944257736206055,16.62,16.67,16.37,16.37,15821870
2024-03-01 00:00:00,13.060871124267578,16.77,16.82,16.57,16.67,10799869
2024-03-04 00:00:00,13.022001266479492,16.72,16.82,16.67,16.77,8471109
2024-03-05 00:00:00,13.022001266479492,16.72,16.77,16.62,16.77,6715437
2024-03-06 00:00:00,13.29410171508789,17.07,17.12,16.72,16.77,16625674
2024-03-07 00:00:00,13.332975387573242,17.12,17.17,16.97,17.12,9868087
2024-03-08 00:00:00,13.29410171508789,17.07,17.22,16.97,17.12,11665940
2024-03-11 00:00:00,13.332975387573242,17.12,17.17,17.02,17.02,7724775
2024-03-12 00:00:00,13.449588775634766,17.27,17.27,17.17,17.17,6601558
2024-03-13 00:00:00,13.643946647644043,17.52,17.57,17.22,17.22,11337913
2024-03-14 00:00:00,13.643946647644043,17.52,17.82,17.42,17.52,15634896
2024-03-15 00:00:00,13.371844291687012,17.17,17.62,17.07,17.52,32032682
2024-03-18 00:00:00,13.29410171508789,17.07,17.27,16.92,17.17,14556435
2024-03-19 00:00:00,13.138615608215332,16.87,17.02,16.87,16.92,11396199
2024-03-20 00:00:00,13.022001266479492,16.72,16.97,16.72,16.87,10897297
2024-03-21 00:00:00,13.17748737335205,16.92,17.02,16.77,16.77,6935828
2024-03-22 00:00:00,13.216358184814453,16.97,17.17,16.92,16.97,5844965
2024-03-25 00:00:00,13.138615608215332,16.87,16.97,16.72,16.97,5568130
2024-03-26 00:00:00,13.09974479675293,16.82,16.97,16.82,16.87,4402646
2024-03-27 00:00:00,13.255230903625488,17.02,17.07,16.87,16.87,5875352
2024-03-28 00:00:00,13.255230903625488,17.02,17.12,17.02,17.02,4423845
2024-03-29 00:00:00,13.332975387573242,17.12,17.12,16.97,17.02,3118530
2024-04-01 00:00:00,13.29410171508789,17.07,17.22,17.02,17.02,3968545
2024-04-02 00:00:00,13.216358184814453,16.97,17.12,16.97,17.07,4430643
2024-04-03 00:00:00,13.216358184814453,16.97,17.02,16.87,17.02,3936033
2024-04-08 00:00:00,13.29410171508789,17.07,17.07,16.92,17.02,4417232
2024-04-09 00:00:00,13.332975387573242,17.12,17.17,17.02,17.12,4496066
2024-04-10 00:00:00,13.449588775634766,17.27,17.42,17.17,17.17,6790436
2024-04-11 00:00:00,13.566204071044922,17.42,17.47,17.22,17.32,6905313
2024-04-12 00:00:00,13.410717964172363,17.22,17.37,17.22,17.37,5194582
2024-04-15 00:00:00,13.527332305908203,17.37,17.37,17.12,17.22,5683546
2024-04-16 00:00:00,13.216358184814453,16.97,17.32,16.97,17.22,11193218
2024-04-17 00:00:00,13.449588775634766,17.27,17.27,17.02,17.02,5298835
2024-04-18 00:00:00,13.527332305908203,17.37,17.37,17.02,17.07,4241573
2024-04-19 00:00:00,13.29410171508789,17.07,17.32,16.82,17.32,12977213
2024-04-22 00:00:00,13.449588775634766,17.27,17.47,17.12,17.12,9388120
2024-04-23 00:00:00,13.760560989379883,17.67,17.72,17.32,17.32,13736060
2024-04-24 00:00:00,13.566204071044922,17.42,17.82,17.42,17.82,8573421
2024-04-25 00:00:00,13.566204071044922,17.42,17.52,17.32,17.42,3936587
2024-04-26 00:00:00,13.566204071044922,17.42,17.52,17.37,17.37,3989109
2024-04-29 00:00:00,13.838305473327637,17.77,17.77,17.42,17.42,10399003
2024-04-30 00:00:00,13.760560989379883,17.67,17.72,17.57,17.67,4950849
2024-05-02 00:00:00,13.838305473327637,17.77,17.77,17.57,17.62,3971669
2024-05-03 00:00:00,13.838305473327637,17.77,17.92,17.67,17.77,7287468
2024-05-06 00:00:00,14.032663345336914,18.02,18.17,17.82,17.87,10416715
2024-05-07 00:00:00,13.993791580200195,17.97,18.12,17.82,18.07,8114702
2024-05-08 00:00:00,13.916049003601074,17.87,18.07,17.82,18.02,3975432
2024-05-09 00:00:00,13.877176284790039,17.82,17.97,17.82,17.97,4770487
2024-05-10 00:00:00,14.032663345336914,18.02,18.02,17.87,17.87,5336947
2024-05-13 00:00:00,14.032663345336914,18.02,18.12,17.92,18.12,4681938
2024-05-14 00:00:00,13.916049003601074,17.87,18.02,17.87,18.02,4462949
2024-05-15 00:00:00,13.916049003601074,17.87,18.02,17.87,17.92,6552231
2024-05-16 00:00:00,13.954919815063477,17.92,18.02,17.87,18.02,6371482
2024-05-17 00:00:00,14.071535110473633,18.07,18.07,17.92,17.92,6265910
2024-05-20 00:00:00,14.188149452209473,18.22,18.32,18.02,18.07,11488406
2024-05-21 00:00:00,14.14927864074707,18.17,18.22,17.97,18.22,9517934
2024-05-22 00:00:00,14.38250732421875,18.47,18.57,18.17,18.22,8849380
2024-05-23 00:00:00,14.110406875610352,18.12,18.37,18.12,18.37,7881381
2024-05-24 00:00:00,14.227022171020508,18.27,18.32,18.02,18.12,4164046
2024-05-27 00:00:00,14.188149452209473,18.22,18.32,18.12,18.22,5217444
2024-05-28 00:00:00,14.265893936157227,18.32,18.42,18.22,18.32,4293154
2024-05-29 00:00:00,14.14927864074707,18.17,18.37,18.17,18.32,5053733
2024-05-30 00:00:00,14.110406875610352,18.12,18.32,18.12,18.17,4452711
2024-05-31 00:00:00,14.537995338439941,18.67,18.67,18.22,18.22,12942584
2024-06-03 00:00:00,14.421380043029785,18.52,18.77,18.37,18.77,5017169
2024-06-04 00:00:00,14.38250732421875,18.47,18.57,18.42,18.52,3526149
2024-06-05 00:00:00,14.421380043029785,18.52,18.62,18.42,18.52,4585599
2024-06-06 00:00:00,14.421380043029785,18.52,18.57,18.47,18.57,3558472
2024-06-07 00:00:00,14.460251808166504,18.57,18.62,18.52,18.57,4113137
2024-06-11 00:00:00,14.343636512756348,18.42,18.57,18.32,18.57,6946149
2024-06-12 00:00:00,14.304764747619629,18.37,18.52,18.37,18.47,4344770
2024-06-13 00:00:00,14.304764747619629,18.37,18.42,18.32,18.42,4566790
2024-06-14 00:00:00,14.343636512756348,18.42,18.52,18.32,18.37,3351656
2024-06-17 00:00:00,14.343636512756348,18.42,18.47,18.37,18.47,3247586
2024-06-18 00:00:00,14.38250732421875,18.47,18.52,18.42,18.42,3214759
2024-06-19 00:00:00,14.499123573303223,18.62,18.67,18.47,18.47,6285010
2024-06-20 00:00:00,14.38250732421875,18.47,18.62,18.47,18.62,6729475
2024-06-21 00:00:00,14.421380043029785,18.52,18.57,18.47,18.52,7802425
2024-06-24 00:00:00,14.460251808166504,18.57,18.57,18.32,18.42,7851935
2024-06-25 00:00:00,14.38250732421875,18.47,18.62,18.37,18.57,4373380
2024-06-26 00:00:00,14.265893936157227,18.32,18.47,18.27,18.47,8724829
2024-06-27 00:00:00,14.14927864074707,18.17,18.27,18.02,18.22,6515527
2024-06-28 00:00:00,14.227022171020508,18.27,18.42,18.17,18.17,4276550
2024-07-01 00:00:00,14.265893936157227,18.32,18.37,18.22,18.27,4039636
2024-07-02 00:00:00,14.188149452209473,18.22,18.27,18.17,18.27,4559072
2024-07-03 00:00:00,14.304764747619629,18.37,18.42,18.17,18.27,5253716
2024-07-04 00:00:00,14.38250732421875,18.47,18.47,18.32,18.47,4626413
2024-07-05 00:00:00,14.460251808166504,18.57,18.57,18.42,18.47,5253572
2024-07-08 00:00:00,14.771224975585938,18.97,18.97,18.57,18.62,13399573
2024-07-09 00:00:00,14.771224975585938,18.97,19.07,18.87,19.02,8511634
2024-07-10 00:00:00,14.887840270996094,19.12,19.32,19.02,19.02,7807481
2024-07-11 00:00:00,15.354299545288086,19.72,19.82,19.32,19.32,13288621
2024-07-12 00:00:00,15.470914840698242,19.87,19.87,19.42,19.62,8837709
2024-07-15 00:00:00,15.393172264099121,19.77,19.97,19.67,19.92,5731736
2024-07-16 00:00:00,15.393172264099121,19.77,19.97,19.77,19.77,10939709
2024-07-17 00:00:00,15.354299545288086,19.72,19.92,19.72,19.82,8429779
2024-07-18 00:00:00,15.509786605834961,19.92,19.92,19.47,19.62,14672480
2024-07-19 00:00:00,15.237685203552246,19.57,19.87,19.22,19.77,18102859
2024-07-22 00:00:00,15.198812484741211,19.52,19.57,19.22,19.57,26688890
2024-07-23 00:00:00,15.271598815917969,18.17,18.37,18.07,18.17,24811961
2024-07-26 00:00:00,15.103778839111328,17.97,18.27,17.87,17.97,14242983
2024-07-29 00:00:00,15.145733833312988,18.02,18.22,17.97,18.07,6490050
2024-07-30 00:00:00,14.935958862304688,17.77,18.07,17.52,18.07,14636364
2024-07-31 00:00:00,14.935958862304688,17.77,17.97,17.77,17.92,4481018
2024-08-01 00:00:00,15.187689781188965,18.07,18.07,17.77,17.82,6721519
2024-08-02 00:00:00,14.935958862304688,17.77,17.92,17.62,17.92,8521134
2024-08-05 00:00:00,13.845130920410156,16.47,17.47,16.37,17.47,30290835
2024-08-06 00:00:00,14.0968599319458,16.77,16.92,15.97,16.62,19285157
2024-08-07 00:00:00,14.306633949279785,17.02,17.07,16.72,16.82,8188238
2024-08-08 00:00:00,14.222724914550781,16.92,17.07,16.82,17.02,5865622
2024-08-09 00:00:00,14.642274856567383,17.42,17.72,17.07,17.07,9348310
2024-08-12 00:00:00,14.68422794342041,17.47,17.82,17.47,17.52,6037015
2024-08-13 00:00:00,14.726183891296387,17.52,17.67,17.47,17.67,3432701
2024-08-14 00:00:00,15.061823844909668,17.92,17.92,17.57,17.67,5870223
2024-08-15 00:00:00,14.810094833374023,17.62,17.92,17.62,17.87,4715269
2024-08-16 00:00:00,14.894003868103027,17.72,17.92,17.67,17.92,3231404
2024-08-19 00:00:00,14.768138885498047,17.57,17.77,17.47,17.77,5050237
2024-08-20 00:00:00,14.810094833374023,17.62,17.72,17.57,17.72,2632941
2024-08-21 00:00:00,14.935958862304688,17.77,17.77,17.62,17.72,5538781
2024-08-22 00:00:00,14.894003868103027,17.72,17.77,17.67,17.77,2784006
2024-08-23 00:00:00,14.894003868103027,17.72,17.77,17.52,17.67,4254948
2024-08-26 00:00:00,14.977913856506348,17.82,17.97,17.77,17.77,5096226
2024-08-27 00:00:00,15.019868850708008,17.87,17.87,17.72,17.77,2864134
2024-08-28 00:00:00,14.935958862304688,17.77,17.92,17.77,17.87,3133321
2024-08-29 00:00:00,14.935958862304688,17.77,17.82,17.67,17.67,2985429
2024-08-30 00:00:00,15.145733833312988,18.02,18.02,17.77,17.82,5762413
2024-09-02 00:00:00,15.355508804321289,18.27,18.37,18.07,18.07,8474275
2024-09-03 00:00:00,15.229643821716309,18.12,18.32,18.07,18.32,4384494
2024-09-04 00:00:00,14.935958862304688,17.77,17.97,17.67,17.92,10773976
2024-09-05 00:00:00,14.935958862304688,17.77,18.07,17.77,17.82,5153852
2024-09-06 00:00:00,14.935958862304688,17.77,17.87,17.62,17.82,3388795
2024-09-09 00:00:00,14.852048873901367,17.67,17.72,17.52,17.62,5606944
2024-09-10 00:00:00,14.935958862304688,17.77,17.87,17.62,17.72,4433528
2024-09-11 00:00:00,14.894003868103027,17.72,17.87,17.72,17.87,2752685
2024-09-12 00:00:00,15.103778839111328,17.97,18.02,17.72,17.87,3995542
2024-09-13 00:00:00,15.061823844909668,17.92,18.02,17.92,18.02,2078917
2024-09-16 00:00:00,15.229643821716309,18.12,18.17,17.97,18.07,3937540
2024-09-18 00:00:00,15.187689781188965,18.07,18.17,17.97,18.17,3542393
2024-09-19 00:00:00,15.271598815917969,18.17,18.17,18.02,18.12,3234955
2024-09-20 00:00:00,15.355508804321289,18.27,18.27,18.12,18.22,4555335
2024-09-23 00:00:00,15.397461891174316,18.32,18.42,18.22,18.32,3301079
2024-09-24 00:00:00,15.397461891174316,18.32,18.37,18.22,18.37,2493115
2024-09-25 00:00:00,15.439417839050293,18.37,18.47,18.27,18.37,4343605
2024-09-26 00:00:00,15.397461891174316,18.32,18.47,18.32,18.42,3320059
2024-09-27 00:00:00,15.48137378692627,18.42,18.42,18.27,18.42,3735811
2024-09-30 00:00:00,15.439417839050293,18.37,18.47,18.27,18.47,3523176
2024-10-01 00:00:00,15.355508804321289,18.27,18.47,18.17,18.42,3401400
2024-10-04 00:00:00,15.271598815917969,18.17,18.32,18.07,18.32,3752186
2024-10-07 00:00:00,15.397461891174316,18.32,18.32,18.17,18.27,2967326
2024-10-08 00:00:00,15.187689781188965,18.07,18.37,18.07,18.37,3583631
2024-10-09 00:00:00,15.061823844909668,17.92,18.12,17.92,18.12,4496026
2024-10-11 00:00:00,15.019868850708008,17.87,18.07,17.87,17.97,4115151
2024-10-14 00:00:00,15.061823844909668,17.92,17.97,17.87,17.97,2553514
2024-10-15 00:00:00,15.103778839111328,17.97,18.07,17.87,17.97,7017769
2024-10-16 00:00:00,15.019868850708008,17.87,17.97,17.87,17.97,4126673
2024-10-17 00:00:00,15.187689781188965,18.07,18.07,17.87,17.92,3014729
2024-10-18 00:00:00,15.313552856445312,18.22,18.27,18.07,18.12,5022907
2024-10-21 00:00:00,15.187689781188965,18.07,18.27,18.07,18.22,3171729
2024-10-22 00:00:00,15.187689781188965,18.07,18.12,18.02,18.12,1731334
2024-10-23 00:00:00,15.061823844909668,17.92,18.07,17.87,18.07,4014491
2024-10-24 00:00:00,15.103778839111328,17.97,17.97,17.87,17.92,3056547
2024-10-25 00:00:00,15.019868850708008,17.87,17.97,17.87,17.92,1894383
2024-10-28 00:00:00,15.019868850708008,17.87,17.97,17.87,17.97,2606993
2024-10-29 00:00:00,14.894003868103027,17.72,17.97,17.67,17.92,5129405
2024-10-30 00:00:00,14.894003868103027,17.72,17.87,17.72,17.87,2297778
2024-11-01 00:00:00,15.061823844909668,17.92,17.92,17.57,17.72,5085582
2024-11-04 00:00:00,14.977913856506348,17.82,17.92,17.77,17.87,2490286
2024-11-05 00:00:00,14.935958862304688,17.77,17.92,17.77,17.87,2580322
2024-11-06 00:00:00,14.894003868103027,17.72,17.87,17.72,17.82,2629721
2024-11-07 00:00:00,14.894003868103027,17.72,17.87,17.72,17.77,2443176
2024-11-08 00:00:00,14.977913856506348,17.82,17.87,17.77,17.77,2647270
2024-11-11 00:00:00,15.019868850708008,17.87,17.87,17.82,17.87,1838304
2024-11-12 00:00:00,14.894003868103027,17.72,17.82,17.72,17.77,3317401
2024-11-13 00:00:00,14.852048873901367,17.67,17.77,17.67,17.67,2797873
2024-11-14 00:00:00,14.810094833374023,17.62,17.67,17.62,17.62,3342738
2024-11-15 00:00:00,14.894003868103027,17.72,17.82,17.62,17.72,2991927
2024-11-18 00:00:00,14.894003868103027,17.72,17.82,17.67,17.72,2199596
2024-11-19 00:00:00,15.061823844909668,17.92,17.92,17.72,17.72,4317754
2024-11-20 00:00:00,15.187689781188965,18.07,18.17,17.77,17.87,6532701
2024-11-21 00:00:00,15.145733833312988,18.02,18.07,17.97,17.97,1816353
2024-11-22 00:00:00,15.229643821716309,18.12,18.17,18.02,18.02,1553899
2024-11-25 00:00:00,15.775057792663574,18.77,18.77,18.17,18.22,15955410
2024-11-26 00:00:00,15.607236862182617,18.57,18.77,18.52,18.62,4648571
2024-11-27 00:00:00,15.733104705810547,18.72,18.97,18.57,18.57,7274160
2024-11-28 00:00:00,15.69114875793457,18.67,18.82,18.52,18.72,4652352
2024-11-29 00:00:00,15.733104705810547,18.72,18.77,18.37,18.52,4560451
2024-12-02 00:00:00,15.649192810058594,18.62,18.87,18.62,18.67,5794826
2024-12-03 00:00:00,15.817014694213867,18.82,18.87,18.62,18.72,4845986
2024-12-04 00:00:00,15.733104705810547,18.72,18.92,18.72,18.87,3509677
2024-12-05 00:00:00,15.775057792663574,18.77,18.82,18.67,18.77,2373606
2024-12-06 00:00:00,15.942878723144531,18.97,18.97,18.77,18.77,5410012
2024-12-09 00:00:00,16.320470809936523,19.42,19.62,19.07,19.07,12110607
2024-12-10 00:00:00,16.15265464782715,19.22,19.52,19.22,19.47,4409118
2024-12-11 00:00:00,16.15265464782715,19.22,19.32,19.07,19.17,3696170
2024-12-12 00:00:00,16.362428665161133,19.47,19.47,19.22,19.22,3490075
2024-12-13 00:00:00,16.19460678100586,19.27,19.57,19.22,19.52,3507330
2024-12-16 00:00:00,16.068742752075195,19.12,19.37,19.02,19.27,4722106
2024-12-17 00:00:00,15.984831809997559,19.02,19.17,18.82,19.17,5097328
2024-12-18 00:00:00,15.733104705810547,18.72,18.92,18.67,18.82,6265868
2024-12-19 00:00:00,15.439417839050293,18.37,18.67,18.32,18.62,8925225
2024-12-20 00:00:00,15.439417839050293,18.37,18.42,18.12,18.32,12538854
2024-12-23 00:00:00,15.649192810058594,18.62,18.67,18.42,18.47,3001956
2024-12-24 00:00:00,15.733104705810547,18.72,18.72,18.62,18.67,2966917
2024-12-25 00:00:00,15.69114875793457,18.67,18.77,18.52,18.77,2079032
2024-12-26 00:00:00,15.649192810058594,18.62,18.72,18.62,18.67,1076071
2024-12-27 00:00:00,15.607236862182617,18.57,18.62,18.47,18.62,1957773
2024-12-30 00:00:00,15.649192810058594,18.62,18.72,18.47,18.57,1788330
2024-12-31 00:00:00,15.733104705810547,18.72,18.72,18.52,18.57,2161760
2025-01-02 00:00:00,15.565282821655273,18.52,18.67,18.47,18.52,4109698
2025-01-03 00:00:00,15.607236862182617,18.57,18.67,18.47,18.57,1746647
2025-01-06 00:00:00,15.649192810058594,18.62,18.77,18.62,18.67,3689656
2025-01-07 00:00:00,15.775057792663574,18.77,18.87,18.67,18.72,1882655
2025-01-08 00:00:00,15.775057792663574,18.77,18.82,18.67,18.82,2227642
2025-01-09 00:00:00,15.775057792663574,18.77,18.97,18.72,18.82,4302707
2025-01-10 00:00:00,15.69114875793457,18.67,18.82,18.52,18.77,3149259
2025-01-13 00:00:00,15.565282821655273,18.52,18.82,18.37,18.67,6688485
2025-01-14 00:00:00,15.69114875793457,18.67,18.77,18.57,18.62,3558891
2025-01-15 00:00:00,15.733104705810547,18.72,18.87,18.67,18.72,3138434
2025-01-16 00:00:00,15.817014694213867,18.82,18.97,18.82,18.87,4136853
2025-01-17 00:00:00,15.775057792663574,18.77,18.92,18.77,18.92,2465594
2025-01-20 00:00:00,15.733104705810547,18.72,18.82,18.67,18.77,2691004
2025-01-21 00:00:00,15.858967781066895,18.87,18.87,18.72,18.72,2830596
2025-01-22 00:00:00,15.858967781066895,18.87,18.97,18.82,18.87,3905173
2025-02-03 00:00:00,15.69114875793457,18.67,18.92,18.57,18.77,14254714
2025-02-04 00:00:00,15.523327827453613,18.47,18.77,18.47,18.72,9656967
2025-02-05 00:00:00,15.439417839050293,18.37,18.57,18.32,18.57,11102246
2025-02-06 00:00:00,15.523327827453613,18.47,18.47,18.37,18.42,5296921
2025-02-07 00:00:00,15.48137378692627,18.42,18.57,18.37,18.52,6206435
2025-02-10 00:00:00,15.48137378692627,18.42,18.52,18.37,18.47,4611708
2025-02-11 00:00:00,15.439417839050293,18.37,18.52,18.37,18.52,5989683
2025-02-12 00:00:00,15.48137378692627,18.42,18.42,18.37,18.37,3642363
2025-02-13 00:00:00,15.523327827453613,18.47,18.52,18.42,18.47,6418619
2025-02-14 00:00:00,15.48137378692627,18.42,18.52,18.37,18.47,7102210
2025-02-17 00:00:00,15.565282821655273,18.52,18.57,18.42,18.52,6005879
2025-02-18 00:00:00,15.565282821655273,18.52,18.52,18.47,18.47,3760613
2025-02-19 00:00:00,15.565282821655273,18.52,18.57,18.47,18.52,4362065
2025-02-20 00:00:00,15.69114875793457,18.67,18.67,18.52,18.57,4323149
2025-02-21 00:00:00,15.649192810058594,18.62,18.72,18.62,18.62,6178568
2025-02-24 00:00:00,15.649192810058594,18.62,18.62,18.57,18.62,3671297
2025-02-25 00:00:00,15.649192810058594,18.62,18.67,18.47,18.57,5473166
2025-02-26 00:00:00,15.775057792663574,18.77,18.87,18.57,18.62,4260670
2025-02-27 00:00:00,15.942878723144531,18.97,18.97,18.77,18.77,7543628
2025-03-03 00:00:00,16.740022659301758,19.92,19.97,19.42,19.47,34357252
2025-03-04 00:00:00,17.075660705566406,20.32,20.32,19.72,19.82,28734671
2025-03-05 00:00:00,16.949796676635742,20.17,20.66,20.12,20.46,19938519
2025-03-06 00:00:00,17.033706665039062,20.27,20.32,20.17,20.22,8461339
2025-03-07 00:00:00,17.24348258972168,20.51,20.56,20.22,20.32,11170593
2025-03-10 00:00:00,17.24348258972168,20.51,20.56,20.27,20.56,8211032
2025-03-11 00:00:00,16.991750717163086,20.22,20.27,19.97,20.27,14357819
2025-03-12 00:00:00,16.991750717163086,20.22,20.32,20.02,20.12,6309439
2025-03-13 00:00:00,17.11761474609375,20.37,20.56,20.27,20.27,7360467
2025-03-14 00:00:00,17.285436630249023,20.56,20.56,20.37,20.46,6962409
2025-03-17 00:00:00,17.369346618652344,20.66,20.66,20.46,20.56,4211984
2025-03-18 00:00:00,17.369346618652344,20.66,20.81,20.56,20.71,4774955
2025-03-19 00:00:00,17.411300659179688,20.71,20.76,20.56,20.61,6163046
2025-03-20 00:00:00,17.45325469970703,20.76,20.86,20.76,20.76,5278541
2025-03-21 00:00:00,17.663028717041016,21.01,21.01,20.66,20.76,9030781
2025-03-24 00:00:00,17.621074676513672,20.96,21.06,20.86,20.96,5396681
2025-03-25 00:00:00,17.830848693847656,21.21,21.46,20.96,20.96,9528551
2025-03-26 00:00:00,18.040624618530273,21.46,21.51,21.26,21.26,6770960
2025-03-27 00:00:00,18.082578659057617,21.51,21.51,21.21,21.46,9768616
2025-03-28 00:00:00,17.74694061279297,21.11,21.41,21.01,21.41,11530880
2025-03-31 00:00:00,17.24348258972168,20.51,20.91,20.32,20.46,20491470
2025-04-01 00:00:00,17.411300659179688,20.71,21.06,20.66,20.71,7004811
2025-04-02 00:00:00,17.20152473449707,20.46,20.81,20.37,20.71,7461716
2025-04-07 00:00:00,15.48137378692627,18.42,18.42,18.42,18.42,13042307
2025-04-08 00:00:00,15.817014694213867,18.82,19.02,18.12,18.22,45426095
2025-04-09 00:00:00,14.894003868103027,17.72,19.02,17.67,18.87,36132315
2025-04-10 00:00:00,16.362428665161133,19.47,19.47,19.12,19.42,16301452
2025-04-11 00:00:00,16.02678680419922,19.07,19.17,18.62,18.97,20406630
2025-04-14 00:00:00,15.942878723144531,18.97,19.22,18.82,19.17,15911440
2025-04-15 00:00:00,16.02678680419922,19.07,19.07,18.77,18.97,8321073
2025-04-16 00:00:00,15.984831809997559,19.02,19.02,18.87,18.97,6632174
2025-04-17 00:00:00,15.942878723144531,18.97,18.97,18.72,18.97,7263849
2025-04-18 00:00:00,16.02678680419922,19.07,19.07,18.87,18.97,4117448
2025-04-21 00:00:00,15.858967781066895,18.87,19.07,18.87,18.97,5201972
2025-04-22 00:00:00,15.69114875793457,18.67,18.82,18.52,18.77,11877626
2025-04-23 00:00:00,15.858967781066895,18.87,18.92,18.77,18.77,4621642
2025-04-24 00:00:00,15.900921821594238,18.92,18.97,18.87,18.92,3900877
2025-04-25 00:00:00,16.02678680419922,19.07,19.12,18.97,19.07,6904680
2025-04-28 00:00:00,15.984831809997559,19.02,19.12,18.97,19.12,5206917
2025-04-29 00:00:00,16.362428665161133,19.47,19.47,19.02,19.02,8028267
2025-04-30 00:00:00,16.61415672302246,19.77,19.87,19.47,19.47,9594493
2025-05-02 00:00:00,16.7819766998291,19.97,20.07,19.72,19.82,7625613
2025-05-05 00:00:00,16.404380798339844,19.52,19.97,19.22,19.82,15336383
2025-05-06 00:00:00,16.698068618774414,19.87,19.97,19.47,19.57,7507325
2025-05-07 00:00:00,16.86588478088379,20.07,20.27,19.92,19.97,14544592
2025-05-08 00:00:00,16.823930740356445,20.02,20.37,19.97,20.17,6688520
2025-05-09 00:00:00,17.15957260131836,20.41,20.41,20.02,20.07,7743023
2025-05-12 00:00:00,16.991750717163086,20.22,20.46,20.17,20.41,6448782
2025-05-13 00:00:00,17.075660705566406,20.32,20.32,20.12,20.27,5931865
2025-05-14 00:00:00,17.075660705566406,20.32,20.41,20.27,20.32,4902322
2025-05-15 00:00:00,17.11761474609375,20.37,20.37,20.22,20.27,3398021
2025-05-16 00:00:00,17.11761474609375,20.37,20.46,20.27,20.32,4605705
2025-05-19 00:00:00,16.991750717163086,20.22,20.37,20.22,20.37,4349879
2025-05-20 00:00:00,17.20152473449707,20.46,20.46,20.27,20.27,4483762
2025-05-21 00:00:00,17.327390670776367,20.61,20.66,20.37,20.46,5938297
2025-05-22 00:00:00,17.327390670776367,20.61,20.66,20.46,20.46,3072580
2025-05-23 00:00:00,17.579120635986328,20.91,20.96,20.56,20.61,7888733
2025-05-26 00:00:00,17.53716468811035,20.86,21.26,20.81,20.96,10393459
2025-05-27 00:00:00,17.53716468811035,20.86,21.11,20.76,20.96,5754399
2025-05-28 00:00:00,17.20152473449707,20.46,20.96,20.46,20.86,7268293
2025-05-29 00:00:00,17.24348258972168,20.51,20.61,20.41,20.56,5016536
2025-06-02 00:00:00,17.20152473449707,20.46,20.61,20.37,20.37,4117155
2025-06-03 00:00:00,17.45325469970703,20.76,20.76,20.46,20.56,4552317
2025-06-04 00:00:00,17.369346618652344,20.66,21.01,20.66,20.81,11660571
2025-06-05 00:00:00,17.411300659179688,20.71,20.86,20.66,20.71,4358719
2025-06-06 00:00:00,17.53716468811035,20.86,21.01,20.76,20.76,6354584
2025-06-09 00:00:00,17.663028717041016,21.01,21.11,20.91,20.96,7307667
2025-06-10 00:00:00,17.663028717041016,21.01,21.11,20.86,20.96,7230797
2025-06-11 00:00:00,17.621074676513672,20.96,21.06,20.91,20.96,4954800
2025-06-12 00:00:00,17.704986572265625,21.06,21.06,20.86,20.91,5324648
2025-06-13 00:00:00,17.53716468811035,20.86,21.01,20.81,20.86,4927764
2025-06-16 00:00:00,17.704986572265625,21.06,21.06,20.86,20.86,5352792
2025-06-17 00:00:00,17.956716537475586,21.36,21.36,21.06,21.06,10389387
2025-06-18 00:00:00,17.956716537475586,21.36,21.46,21.31,21.36,8124219
2025-06-19 00:00:00,17.872804641723633,21.26,21.46,21.06,21.26,5697335
2025-06-20 00:00:00,17.704986572265625,21.06,21.41,21.01,21.26,17781281
2025-06-23 00:00:00,17.53716468811035,20.86,20.96,20.76,20.91,6463865
2025-06-24 00:00:00,17.663028717041016,21.01,21.16,20.86,20.91,5161004
2025-06-25 00:00:00,17.74694061279297,21.11,21.16,21.01,21.01,3954038
2025-06-26 00:00:00,18.040624618530273,21.46,21.56,21.16,21.16,8685987
2025-06-27 00:00:00,18.20844268798828,21.66,21.76,21.46,21.46,9159342
2025-06-30 00:00:00,18.4182186126709,21.91,21.96,21.66,21.66,11343843
2025-07-01 00:00:00,18.460174560546875,21.96,22.06,21.81,21.96,6027351
2025-07-02 00:00:00,18.544082641601562,22.06,22.21,21.76,21.91,8368452
2025-07-03 00:00:00,18.586040496826172,22.11,22.26,22.06,22.11,7716750
2025-07-04 00:00:00,18.586040496826172,22.11,22.36,22.11,22.21,7069335
2025-07-07 00:00:00,18.795814514160156,22.36,22.46,22.06,22.16,7033952
2025-07-08 00:00:00,18.795814514160156,22.36,22.46,22.11,22.41,6719178
2025-07-09 00:00:00,18.66994857788086,22.21,22.41,22.16,22.41,6029178
2025-07-10 00:00:00,19.047544479370117,22.66,22.76,22.16,22.16,10825295
2025-07-11 00:00:00,18.92167854309082,22.51,22.86,22.51,22.66,7340775
2025-07-14 00:00:00,18.795814514160156,22.36,22.61,22.11,22.51,8564651
2025-07-15 00:00:00,18.66994857788086,22.21,22.51,22.21,22.21,6083762
2025-07-16 00:00:00,18.586040496826172,22.11,22.21,21.96,22.16,11907701
2025-07-17 00:00:00,18.795814514160156,22.36,22.36,22.11,22.11,7195357
2025-07-18 00:00:00,18.753856658935547,22.31,22.51,22.16,22.46,10308338
2025-07-21 00:00:00,18.586040496826172,22.11,22.31,22.01,22.26,11083363
2025-07-22 00:00:00,18.4182186126709,21.91,22.11,21.71,22.11,14027897
2025-07-23 00:00:00,18.4182186126709,21.91,22.06,21.86,21.91,6737745
2025-07-24 00:00:00,18.2923526763916,21.76,21.96,21.76,21.96,5255242
2025-07-25 00:00:00,18.25040054321289,21.71,21.81,21.66,21.76,5422465
2025-07-28 00:00:00,18.082578659057617,21.51,21.81,21.51,21.71,7957736
2025-07-29 00:00:00,18.25040054321289,21.71,21.91,21.61,21.66,7799319
2025-07-30 00:00:00,18.627992630004883,22.16,22.31,21.61,21.76,12023085
2025-07-31 00:00:00,18.66994857788086,22.21,22.31,22.01,22.16,6105161
2025-08-04 00:00:00,19.551002502441406,23.26,23.36,22.66,22.76,14687604
2025-08-05 00:00:00,19.84468650817871,23.61,23.76,23.21,23.31,14658896
2025-08-06 00:00:00,20.01250648498535,23.81,24.01,23.71,23.71,14316271
2025-08-07 00:00:00,19.718822479248047,23.46,23.91,23.31,23.91,17380733
2025-08-08 00:00:00,19.2573184967041,22.91,23.61,22.86,23.51,21671295
2025-08-11 00:00:00,19.592958450317383,23.31,23.36,22.86,22.91,15618773
2025-08-12 00:00:00,19.634910583496094,23.36,23.41,23.11,23.31,20271056
2025-08-13 00:00:00,19.893421173095703,21.66,21.91,21.56,21.71,35280344
2025-08-14 00:00:00,20.214282989501953,22.01,22.36,21.66,21.71,11189347
2025-08-15 00:00:00,20.076770782470703,21.86,22.11,21.76,22.06,8576661
2025-08-18 00:00:00,19.893421173095703,21.66,21.86,21.56,21.86,7312570
2025-08-19 00:00:00,19.755910873413086,21.51,21.61,21.36,21.56,8910349
2025-08-20 00:00:00,19.664234161376953,21.41,21.66,21.41,21.61,5095057
2025-08-21 00:00:00,19.985097885131836,21.76,21.76,21.41,21.41,3889409
2025-08-22 00:00:00,19.939260482788086,21.71,21.81,21.51,21.71,4145666
2025-08-25 00:00:00,19.801748275756836,21.56,21.76,21.51,21.71,5884313
2025-08-26 00:00:00,19.664234161376953,21.41,21.51,21.26,21.46,8381879
2025-08-27 00:00:00,19.664234161376953,21.41,21.51,21.31,21.31,3205498
2025-08-28 00:00:00,19.710073471069336,21.46,21.61,21.31,21.41,3626040
2025-08-29 00:00:00,19.526723861694336,21.26,21.51,21.26,21.46,4288533
2025-09-01 00:00:00,19.572561264038086,21.31,21.56,21.26,21.31,4178160
2025-09-02 00:00:00,19.664234161376953,21.41,21.46,21.31,21.31,3422680
2025-09-03 00:00:00,19.710073471069336,21.46,21.61,21.36,21.46,3499539
2025-09-04 00:00:00,19.893421173095703,21.66,21.71,21.51,21.51,4720611
2025-09-05 00:00:00,19.939260482788086,21.71,21.86,21.56,21.71,3396486
2025-09-08 00:00:00,19.755910873413086,21.51,21.76,21.46,21.76,4072587
2025-09-09 00:00:00,19.893421173095703,21.66,21.66,21.51,21.56,3060379
2025-09-10 00:00:00,19.893421173095703,21.66,21.76,21.51,21.56,3628829
2025-09-11 00:00:00,20.214282989501953,22.01,22.21,21.76,21.76,8835853
2025-09-12 00:00:00,20.764333724975586,22.61,22.76,22.11,22.11,9956323
2025-09-15 00:00:00,20.626819610595703,22.46,22.86,22.46,22.66,5484573
2025-09-16 00:00:00,20.580982208251953,22.41,22.71,22.41,22.51,5227264
2025-09-17 00:00:00,20.305959701538086,22.11,22.51,22.06,22.51,9651181
2025-09-18 00:00:00,20.443470001220703,22.26,22.31,22.06,22.21,4145088
2025-09-19 00:00:00,20.443470001220703,22.26,22.36,22.06,22.16,4776960
2025-09-22 00:00:00,20.718494415283203,22.56,22.76,22.31,22.36,6492935
2025-09-23 00:00:00,21.222705841064453,23.11,23.26,22.56,22.56,13320169
2025-09-24 00:00:00,21.222705841064453,23.11,23.21,22.96,23.16,5989089
2025-09-25 00:00:00,21.039356231689453,22.91,23.21,22.76,23.21,6537809
2025-09-26 00:00:00,20.764333724975586,22.61,22.86,22.56,22.76,7949294
2025-09-30 00:00:00,20.810169219970703,22.66,22.81,22.56,22.66,8831547
2025-10-01 00:00:00,20.856006622314453,22.71,22.96,22.66,22.86,6135622
2025-10-02 00:00:00,20.718494415283203,22.56,22.76,22.51,22.66,7773694
2025-10-03 00:00:00,20.535146713256836,22.36,22.66,22.16,22.61,13073122
2025-10-07 00:00:00,20.443470001220703,22.26,22.56,21.96,22.41,9002378
2025-10-08 00:00:00,20.351797103881836,22.16,22.46,22.16,22.31,4751109
2025-10-09 00:00:00,20.305959701538086,22.11,22.26,22.06,22.21,6816747
2025-10-13 00:00:00,20.122610092163086,21.91,21.96,21.71,21.96,10676060
2025-10-14 00:00:00,20.168447494506836,21.96,22.26,21.91,21.96,8335037
2025-10-15 00:00:00,20.443470001220703,22.26,22.46,22.06,22.16,5268805
2025-10-16 00:00:00,20.305959701538086,22.11,22.36,22.06,22.31,7535135
2025-10-17 00:00:00,20.397632598876953,22.21,22.31,22.06,22.16,5013872
2025-10-20 00:00:00,20.535146713256836,22.36,22.46,22.11,22.31,9727908
2025-10-21 00:00:00,20.397632598876953,22.21,22.46,22.21,22.46,10103288
2025-10-22 00:00:00,20.168447494506836,21.96,22.31,21.96,22.26,14551299
2025-10-23 00:00:00,20.260120391845703,22.06,22.11,21.86,22.01,8916867
2025-10-27 00:00:00,20.076770782470703,21.86,22.21,21.86,22.11,12633700
2025-10-28 00:00:00,20.0653133392334,21.85,22.05,21.85,21.95,5651460
2025-10-29 00:00:00,19.973480224609375,21.75,21.95,21.7,21.9,9821674
2025-10-30 00:00:00,19.835731506347656,21.6,21.75,21.5,21.7,8388767
2025-10-31 00:00:00,19.652069091796875,21.4,21.65,21.4,21.6,7991041
2025-11-03 00:00:00,19.697982788085938,21.45,21.55,21.3,21.4,4481952
2025-11-04 00:00:00,19.743900299072266,21.5,21.65,21.4,21.4,4261165
2025-11-05 00:00:00,19.78981590270996,21.55,21.55,21.25,21.55,6898037
2025-11-06 00:00:00,19.88164710998535,21.65,21.65,21.45,21.6,3351785
2025-11-07 00:00:00,19.92756462097168,21.7,21.9,21.65,21.7,5778245
2025-11-10 00:00:00,19.78981590270996,21.55,21.8,21.55,21.75,4253904
2025-11-11 00:00:00,19.78981590270996,21.55,21.7,21.5,21.6,3234534
2025-11-12 00:00:00,19.743900299072266,21.5,21.65,21.45,21.55,4709697
2025-11-13 00:00:00,19.743900299072266,21.5,21.55,21.5,21.55,2461087
2025-11-14 00:00:00,19.743900299072266,21.5,21.65,21.4,21.5,5788309
2025-11-17 00:00:00,19.60615348815918,21.35,21.55,21.25,21.5,7032108
2025-11-18 00:00:00,19.33065414428711,21.05,21.25,21.0,21.25,8820031
2025-11-19 00:00:00,19.284738540649414,21.0,21.1,20.85,21.0,7480042
2025-11-20 00:00:00,19.422487258911133,21.15,21.35,21.0,21.05,5809333
2025-11-21 00:00:00,19.284738540649414,21.0,21.2,20.9,21.15,7629727
2025-11-24 00:00:00,19.284738540649414,21.0,21.25,21.0,21.15,12747481
2025-11-25 00:00:00,19.284738540649414,21.0,21.2,20.95,21.1,4708773
2025-11-26 00:00:00,19.422487258911133,21.15,21.15,21.0,21.05,5817852
2025-11-27 00:00:00,19.33065414428711,21.05,21.2,21.0,21.05,4133546
2025-11-28 00:00:00,19.146991729736328,20.85,21.1,20.8,21.05,12838452
2025-12-01 00:00:00,19.055158615112305,20.75,21.05,20.65,20.9,7315492
2025-12-02 00:00:00,19.055158615112305,20.75,20.85,20.7,20.7,6047749
2025-12-03 00:00:00,19.19290542602539,20.9,20.95,20.75,20.85,3507700
2025-12-04 00:00:00,19.284738540649414,21.0,21.05,20.9,20.95,7480431
2025-12-05 00:00:00,19.23882293701172,20.95,21.1,20.9,21.05,4276464
2025-12-08 00:00:00,19.284738540649414,21.0,21.15,20.95,21.0,9333302
2025-12-09 00:00:00,19.284738540649414,21.0,21.05,20.85,21.05,7262781
2025-12-10 00:00:00,19.422487258911133,21.15,21.3,20.95,21.0,10373041
2025-12-11 00:00:00,19.514320373535156,21.25,21.3,21.05,21.15,8519069
2025-12-12 00:00:00,19.514320373535156,21.25,21.5,21.2,21.35,12092816
2025-12-15 00:00:00,19.60615348815918,21.35,21.4,21.1,21.25,8007980
2025-12-16 00:00:00,19.514320373535156,21.25,21.35,21.2,21.2,9060286
2025-12-17 00:00:00,19.60615348815918,21.35,21.7,21.15,21.15,15397744
2025-12-18 00:00:00,19.60615348815918,21.35,21.5,21.0,21.45,13120651
2025-12-19 00:00:00,19.697982788085938,21.45,21.65,21.15,21.2,14625692
2025-12-22 00:00:00,19.743900299072266,21.5,21.55,21.3,21.45,9131340
2025-12-23 00:00:00,19.60615348815918,21.35,21.6,21.25,21.55,8238521
2025-12-24 00:00:00,19.33065414428711,21.05,21.35,21.0,21.35,16856887
2025-12-26 00:00:00,19.284738540649414,21.0,21.1,20.95,21.05,10111937
2025-12-29 00:00:00,19.284738540649414,21.0,21.05,20.9,20.95,9222122
2025-12-30 00:00:00,19.19290542602539,20.9,21.0,20.85,21.0,7007768
2025-12-31 00:00:00,19.101076126098633,20.8,20.9,20.7,20.9,12428247
2026-01-02 00:00:00,19.19290542602539,20.9,21.0,20.8,20.8,4648645
2026-01-05 00:00:00,19.19290542602539,20.9,21.0,20.8,20.9,7402340
2026-01-06 00:00:00,19.101076126098633,20.8,21.05,20.8,20.95,10083218
2026-01-07 00:00:00,19.055158615112305,20.75,20.85,20.7,20.85,10474538
2026-01-08 00:00:00,19.101076126098633,20.8,20.85,20.7,20.8,8725349
2026-01-09 00:00:00,19.101076126098633,20.8,21.1,20.7,20.9,8377827
2026-01-12 00:00:00,19.146991729736328,20.85,21.05,20.8,20.9,8663526
2026-01-13 00:00:00,19.146991729736328,20.85,21.0,20.85,21.0,6656417
2026-01-14 00:00:00,19.101076126098633,20.8,21.0,20.75,20.95,10413893
2026-01-15 00:00:00,19.101076126098633,20.8,20.9,20.75,20.8,5939701
2026-01-16 00:00:00,19.101076126098633,20.8,20.95,20.75,20.8,11386764
2026-01-19 00:00:00,19.00924301147461,20.7,20.95,20.7,20.75,13593215
2026-01-20 00:00:00,19.00924301147461,20.7,20.75,20.55,20.7,15777160
2026-01-21 00:00:00,18.825578689575195,20.5,20.65,20.5,20.6,14120226
2026-01-22 00:00:00,18.733745574951172,20.4,20.55,20.4,20.55,13026262
2026-01-23 00:00:00,18.687829971313477,20.35,20.45,20.25,20.4,12260953
2026-01-26 00:00:00,18.687829971313477,20.35,20.45,20.3,20.35,11754748
2026-01-27 00:00:00,18.64191436767578,20.3,20.45,20.3,20.35,9629820
2026-01-28 00:00:00,18.55008316040039,20.2,20.35,20.1,20.3,18372937
2026-01-29 00:00:00,18.458251953125,20.1,20.3,20.05,20.15,15766360
2026-01-30 00:00:00,18.366418838500977,20.0,20.25,20.0,20.15,16655589
2026-02-02 00:00:00,18.274585723876953,19.9,19.95,19.75,19.95,16834872
2026-02-03 00:00:00,18.366418838500977,20.0,20.15,20.0,20.0,7715007
2026-02-04 00:00:00,18.55008316040039,20.2,20.3,20.05,20.05,9054771
2026-02-05 00:00:00,18.825578689575195,20.5,20.6,20.15,20.25,12964146
2026-02-06 00:00:00,18.733745574951172,20.4,20.6,20.25,20.6,8216433
2026-02-09 00:00:00,18.825578689575195,20.5,20.8,20.4,20.5,14358995
2026-02-10 00:00:00,18.825578689575195,20.5,20.65,20.4,20.55,8198682
2026-02-11 00:00:00,18.7796630859375,20.45,20.55,20.4,20.55,15280358
2026-02-23 00:00:00,19.055158615112305,20.75,20.85,20.45,20.45,26952974
2026-02-24 00:00:00,19.146991729736328,20.85,20.95,20.7,20.7,17534143
2026-02-25 00:00:00,19.284738540649414,21.0,21.1,20.85,20.85,13934538
2026-02-26 00:00:00,19.376571655273438,21.1,21.2,20.85,21.0,17524483
2026-03-02 00:00:00,19.146991729736328,20.85,21.0,20.75,20.9,12607047
2026-03-03 00:00:00,19.055158615112305,20.75,20.9,20.65,20.85,9098389
2026-03-04 00:00:00,18.55008316040039,20.2,20.65,20.2,20.65,20884898
2026-03-05 00:00:00,18.595998764038086,20.25,20.5,20.1,20.45,11165649
2026-03-06 00:00:00,18.87149429321289,20.55,20.7,20.25,20.25,12444830
2026-03-09 00:00:00,18.504167556762695,20.15,20.3,19.95,20.1,22281243
2026-03-10 00:00:00,18.64191436767578,20.3,20.4,20.2,20.35,9188539
2026-03-11 00:00:00,19.055158615112305,20.75,20.85,20.4,20.45,12732978
2026-03-12 00:00:00,19.23882293701172,20.95,21.0,20.6,20.6,11788335
2026-03-13 00:00:00,19.101076126098633,20.8,21.0,20.7,20.7,7796644
2026-03-16 00:00:00,18.917409896850586,20.6,20.85,20.6,20.75,10793857
2026-03-17 00:00:00,18.87149429321289,20.55,20.7,20.4,20.65,14005756
2026-03-18 00:00:00,18.825578689575195,20.5,20.65,20.45,20.65,7824043
2026-03-19 00:00:00,18.733745574951172,20.4,20.45,20.35,20.4,6755273
2026-03-20 00:00:00,18.825578689575195,20.5,20.65,20.4,20.4,8793928
2026-03-23 00:00:00,18.595998764038086,20.25,20.4,20.2,20.3,9107743
2026-03-24 00:00:00,18.687829971313477,20.35,20.5,20.25,20.35,7576447
2026-03-25 00:00:00,18.917409896850586,20.6,20.7,20.45,20.5,5899479
2026-03-26 00:00:00,19.00924301147461,20.7,20.8,20.6,20.7,8920130
2026-03-27 00:00:00,19.055158615112305,20.75,20.8,20.6,20.65,8337062
2026-03-30 00:00:00,18.87149429321289,20.55,20.6,20.45,20.5,10577225
2026-03-31 00:00:00,18.87149429321289,20.55,20.7,20.45,20.5,11959277
2026-04-01 00:00:00,19.055158615112305,20.75,20.85,20.7,20.75,11244838
2026-04-02 00:00:00,19.055158615112305,20.75,20.9,20.7,20.85,6908261
2026-04-07 00:00:00,19.376571655273438,21.1,21.1,20.7,20.8,16788951
2026-04-08 00:00:00,19.284738540649414,21.0,21.15,20.95,21.15,11888868
2026-04-09 00:00:00,19.33065414428711,21.05,21.1,20.9,21.05,6900700
2026-04-10 00:00:00,19.376571655273438,21.1,21.15,20.95,21.15,5938541
2026-04-13 00:00:00,19.055158615112305,20.75,20.95,20.7,20.9,14102575
2026-04-14 00:00:00,19.00924301147461,20.7,20.75,20.6,20.75,15729934
2026-04-15 00:00:00,19.00924301147461,20.7,20.75,20.6,20.75,7858147
2026-04-16 00:00:00,18.963327407836914,20.65,20.85,20.6,20.75,9719954
2026-04-17 00:00:00,18.87149429321289,20.55,20.75,20.5,20.75,17380200
2026-04-20 00:00:00,18.825578689575195,20.5,20.65,20.4,20.6,13828810
2026-04-21 00:00:00,18.733745574951172,20.4,20.55,20.3,20.55,15469347
2026-04-22 00:00:00,18.687829971313477,20.35,20.4,20.25,20.4,15807259
2026-04-23 00:00:00,18.504167556762695,20.15,20.35,20.15,20.35,23934074
2026-04-24 00:00:00,18.32050323486328,19.95,20.05,19.8,20.0,33619433
2026-04-27 00:00:00,18.182754516601562,19.8,19.85,19.6,19.8,29075169
2026-04-28 00:00:00,18.458251953125,20.1,20.1,19.6,19.8,12713079
2026-04-29 00:00:00,18.366418838500977,20.0,20.15,19.9,20.15,8284741
2026-04-30 00:00:00,18.228670120239258,19.85,20.05,19.75,20.0,13627986
2026-05-04 00:00:00,18.182754516601562,19.8,19.95,19.8,19.85,15344318
2026-05-05 00:00:00,18.182754516601562,19.8,19.8,19.7,19.8,14405350
2026-05-06 00:00:00,18.136837005615234,19.75,19.8,19.65,19.8,17245073
2026-05-07 00:00:00,18.090923309326172,19.7,19.8,19.6,19.8,20422063
2026-05-08 00:00:00,18.136837005615234,19.75,19.95,19.75,19.85,15750647
2026-05-11 00:00:00,18.136837005615234,19.75,19.8,19.65,19.8,14758428
2026-05-12 00:00:00,17.99909019470215,19.6,19.8,19.6,19.8,17110590
2026-05-13 00:00:00,17.86134147644043,19.45,19.45,19.3,19.45,29561110
2026-05-14 00:00:00,17.448097229003906,19.0,19.4,18.9,19.3,50097628
2026-05-15 00:00:00,17.218517303466797,18.75,18.95,18.55,18.95,49836580
2026-05-18 00:00:00,17.310348510742188,18.85,18.9,18.5,18.55,23149491
2026-05-19 00:00:00,17.585845947265625,19.15,19.3,18.7,18.85,17811369
2026-05-20 00:00:00,17.356266021728516,18.9,19.15,18.9,19.15,11111720
2026-05-21 00:00:00,17.448097229003906,19.0,19.05,18.9,18.95,8396230
2026-05-22 00:00:00,17.40218162536621,18.95,19.05,18.9,19.0,9799117
2026-05-25 00:00:00,17.218517303466797,18.75,19.0,18.75,19.0,13949031
2026-05-26 00:00:00,17.310348510742188,18.85,18.95,18.7,18.75,10960602
2026-05-27 00:00:00,17.264432907104492,18.8,18.9,18.7,18.85,17407573
2026-05-28 00:00:00,16.988937377929688,18.5,18.8,18.5,18.8,27278849
2026-05-29 00:00:00,16.943021774291992,18.45,18.6,18.4,18.5,19473055
2026-06-01 00:00:00,16.897106170654297,18.4,18.45,18.1,18.45,43949327
2026-06-02 00:00:00,17.17259979248047,18.7,18.75,18.25,18.35,19809092
2026-06-03 00:00:00,17.677677154541016,19.25,19.4,18.7,18.75,28865250
2026-06-04 00:00:00,17.815425872802734,19.4,19.65,19.25,19.35,30802982
2026-06-05 00:00:00,17.72359275817871,19.3,19.55,19.15,19.45,21473892
2026-06-08 00:00:00,17.4940128326416,19.05,19.1,18.6,18.8,22928417
2026-06-09 00:00:00,18.090923309326172,19.7,19.75,19.05,19.05,26502822
2026-06-10 00:00:00,17.815425872802734,19.4,19.65,19.3,19.6,19376858
2026-06-11 00:00:00,17.631759643554688,19.2,19.3,19.05,19.3,13501142
2026-06-12 00:00:00,17.907257080078125,19.5,19.65,19.35,19.35,14031280
2026-06-15 00:00:00,17.99909019470215,19.6,19.8,19.6,19.65,14975833
2026-06-16 00:00:00,18.136837005615234,19.75,19.9,19.55,19.7,21844683
2026-06-17 00:00:00,18.228670120239258,19.85,20.15,19.8,19.85,29196742
2026-06-18 00:00:00,18.182754516601562,19.8,20.1,19.8,19.95,22212186
2026-06-22 00:00:00,18.045005798339844,19.65,20.0,19.6,20.0,15534368
2026-06-23 00:00:00,18.366418838500977,20.0,20.1,19.6,19.65,20596894
2026-06-24 00:00:00,18.228670120239258,19.85,20.0,19.75,19.9,12231233
2026-06-25 00:00:00,18.412334442138672,20.05,20.1,19.8,19.85,16463977
2026-06-26 00:00:00,18.182754516601562,19.8,20.05,19.75,19.95,14090342
2026-06-29 00:00:00,18.32050323486328,19.95,20.0,19.8,19.8,7542856
2026-06-30 00:00:00,18.412334442138672,20.05,20.05,19.85,20.0,16023818
2026-07-01 00:00:00,18.274585723876953,19.9,20.1,19.85,20.05,9885042
2026-07-02 00:00:00,18.504167556762695,20.15,20.15,19.8,19.9,11871033
2026-07-03 00:00:00,18.733745574951172,20.4,20.6,20.15,20.15,19987809
2026-07-06 00:00:00,18.87149429321289,20.55,20.7,20.4,20.5,11661271
2026-07-07 00:00:00,18.963327407836914,20.65,20.8,20.55,20.6,16448423
2026-07-08 00:00:00,18.917409896850586,20.6,20.75,20.45,20.7,8180214
2026-07-09 00:00:00,18.917409896850586,20.6,20.75,20.55,20.65,7411998
2026-07-10 00:00:00,18.917409896850586,20.6,20.6,20.6,20.6,0
2026-07-13 00:00:00,18.963327407836914,20.65,20.8,20.5,20.6,9371571
2026-07-14 00:00:00,18.825578689575195,20.5,20.75,20.2,20.75,16817152
2026-07-15 00:00:00,18.64191436767578,20.3,20.6,20.2,20.45,15668445
2026-07-16 00:00:00,18.595998764038086,20.25,20.45,20.2,20.3,15646349
2026-07-17 00:00:00,18.87149429321289,20.55,20.55,20.2,20.25,33153462
2026-07-20 00:00:00,18.687829971313477,20.35,20.65,20.1,20.55,26235315
2026-07-21 00:00:00,18.7796630859375,20.45,20.6,20.4,20.4,33589825
2026-07-22 00:00:00,18.7796630859375,20.45,20.6,20.35,20.5,21116078
2026-07-23 00:00:00,18.7796630859375,20.45,20.55,20.35,20.45,16896962
2026-07-24 00:00:00,18.7796630859375,20.45,20.5,20.3,20.35,10988438
2026-07-27 00:00:00,19.055158615112305,20.75,20.8,20.45,20.45,37661476
2026-07-28 00:00:00,19.055158615112305,20.75,20.75,20.5,20.5,29265216
2026-07-29 00:00:00,18.963327407836914,20.65,20.85,20.4,20.75,37274073
2026-07-30 00:00:00,18.963327407836914,20.65,20.7,20.35,20.5,22647843
2026-07-31 00:00:00,18.825578689575195,20.5,20.85,20.5,20.75,38273109
2026-08-03 00:00:00,18.963327407836914,20.65,20.7,20.4,20.5,36678464
2026-08-04 00:00:00,18.899999618530273,18.9,19.15,18.75,19.05,41071019
2026-08-05 00:00:00,18.799999237060547,18.8,19.05,18.8,18.95,16604962
2026-08-06 00:00:00,18.5,18.5,18.8,18.4,18.8,28765362
2026-08-07 00:00:00,18.649999618530273,18.65,18.8,18.55,18.55,12949691
2026-08-10 00:00:00,18.700000762939453,18.7,18.75,18.4,18.7,13999812
2026-08-11 00:00:00,18.5,18.5,18.75,18.5,18.75,11518795
2026-08-12 00:00:00,18.649999618530273,18.65,18.75,18.45,18.55,10333195
2026-08-13 00:00:00,18.649999618530273,18.65,18.75,18.55,18.75,9085916
2026-08-14 00:00:00,18.649999618530273,18.65,18.7,18.5,18.55,10496299
2026-08-17 00:00:00,18.799999237060547,18.8,18.8,18.45,18.65,14576234
2026-08-18 00:00:00,19.0,19.0,19.05,18.7,18.7,13725717
2026-08-19 00:00:00,19.0,19.0,19.0,18.75,18.95,5612503
2026-08-20 00:00:00,18.799999237060547,18.8,19.0,18.75,19.0,6068048
2026-08-21 00:00:00,18.850000381469727,18.85,18.95,18.7,18.8,8444943
