Date,Adj Close,Close,High,Low,Open,Volume
2016-08-12,19.25,19.25,19.3,19.25,19.25,188126
2016-08-15,19.25,19.25,19.3,19.25,19.25,109520
2016-08-16,19.25,19.25,19.3,19.2,19.25,133008
2016-08-17,19.3,19.3,19.3,19.2,19.25,197197
2016-08-18,19.3,19.3,19.3,19.25,19.3,54800
2016-08-19,19.2,19.2,19.3,19.2,19.3,133813
2016-08-22,19.2,19.2,19.3,19.1,19.3,154606
2016-08-23,19.1,19.1,19.2,19.0,19.1,94640
2016-08-24,19.1,19.1,19.15,19.0,19.1,102538
2016-08-25,19.0,19.0,19.15,19.0,19.0,203534
2016-08-26,19.0,19.0,19.1,18.9,19.0,218160
2016-08-29,18.85,18.85,19.2,18.85,18.95,339166
2016-08-30,18.95,18.95,19.0,18.8,18.85,240629
2016-08-31,18.85,18.85,18.95,18.75,18.95,301238
2016-09-01,18.8,18.8,18.85,18.75,18.85,115102
2016-09-02,18.8,18.8,18.85,18.75,18.8,138005
2016-09-05,18.8,18.8,18.85,18.8,18.8,78500
2016-09-06,18.85,18.85,18.9,18.8,18.9,140002
2016-09-07,18.9,18.9,18.9,18.8,18.85,100258
2016-09-08,18.8,18.8,18.9,18.8,18.9,94474
2016-09-09,18.8,18.8,18.9,18.8,18.8,127656
2016-09-12,18.85,18.85,18.85,18.7,18.7,110493
2016-09-13,18.75,18.75,18.85,18.65,18.85,83180
2016-09-14,18.6,18.6,18.7,18.6,18.65,108215
2016-09-19,18.8,18.8,18.8,18.55,18.6,71319
2016-09-20,18.8,18.8,18.85,18.7,18.85,36412
2016-09-21,18.95,18.95,19.0,18.6,18.8,127428
2016-09-22,18.8,18.8,18.95,18.7,18.95,41712
2016-09-23,18.9,18.9,18.9,18.75,18.8,57160
2016-09-26,18.8,18.8,18.8,18.75,18.75,25201
2016-09-29,18.9,18.9,18.9,18.7,18.8,101520
2016-09-30,18.75,18.75,18.9,18.65,18.8,54000
2016-10-03,18.75,18.75,18.9,18.6,18.75,139100
2016-10-04,18.85,18.85,18.9,18.65,18.7,15544
2016-10-05,18.85,18.85,18.9,18.7,18.9,31324
2016-10-06,18.75,18.75,18.8,18.7,18.7,66500
2016-10-07,18.7,18.7,18.75,18.65,18.75,39401
2016-10-11,18.6,18.6,18.7,18.5,18.65,135189
2016-10-12,18.55,18.55,18.6,18.5,18.6,87667
2016-10-13,18.55,18.55,18.55,18.35,18.35,87146
2016-10-14,18.5,18.5,18.55,18.45,18.5,77176
2016-10-17,18.5,18.5,18.5,18.3,18.5,151152
2016-10-18,18.55,18.55,18.55,18.35,18.5,118642
2016-10-19,18.6,18.6,18.6,18.4,18.6,40635
2016-10-20,18.55,18.55,18.6,18.35,18.6,92428
2016-10-21,18.55,18.55,18.6,18.35,18.4,71993
2016-10-24,18.6,18.6,18.6,18.45,18.45,46753
2016-10-25,18.6,18.6,18.6,18.45,18.45,65360
2016-10-26,18.6,18.6,18.65,18.4,18.5,44001
2016-10-27,18.55,18.55,18.6,18.4,18.6,66001
2016-10-28,18.5,18.5,18.5,18.4,18.4,31600
2016-10-31,18.5,18.5,18.5,18.45,18.5,33709
2016-11-01,18.55,18.55,18.55,18.4,18.45,43066
2016-11-02,18.5,18.5,18.5,18.35,18.45,44790
2016-11-03,18.35,18.35,18.4,18.3,18.35,86303
2016-11-04,18.4,18.4,18.45,18.4,18.4,23802
2016-11-07,18.5,18.5,18.5,18.3,18.4,48331
2016-11-08,18.35,18.35,18.5,18.3,18.5,21044
2016-11-09,18.4,18.4,18.55,18.25,18.5,133156
2016-11-10,18.45,18.45,18.5,18.3,18.4,44165
2016-11-11,18.5,18.5,18.55,18.4,18.45,108923
2016-11-14,18.5,18.5,18.6,18.45,18.5,69895
2016-11-15,18.5,18.5,18.6,18.5,18.5,107736
2016-11-16,18.7,18.7,18.7,18.55,18.65,73311
2016-11-17,18.6,18.6,18.75,18.6,18.7,62001
2016-11-18,18.7,18.7,18.8,18.6,18.7,169499
2016-11-21,18.7,18.7,18.75,18.6,18.75,21161
2016-11-22,18.6,18.6,18.7,18.6,18.6,73618
2016-11-23,18.55,18.55,18.7,18.55,18.6,83720
2016-11-24,18.9,18.9,18.95,18.65,18.65,154680
2016-11-25,19.5,19.5,20.15,18.95,18.95,1158494
2016-11-28,19.5,19.5,19.95,19.5,19.7,605531
2016-11-29,19.25,19.25,19.5,19.2,19.5,300333
2016-11-30,20.3,20.3,20.3,19.2,19.2,316693
2016-12-01,19.8,19.8,19.85,19.7,19.8,305140
2016-12-02,19.85,19.85,19.85,19.6,19.8,196381
2016-12-05,19.6,19.6,19.9,19.6,19.9,91310
2016-12-06,19.5,19.5,19.65,19.45,19.65,79305
2016-12-07,19.6,19.6,19.6,19.5,19.6,87840
2016-12-08,19.7,19.7,19.9,19.5,19.5,241800
2016-12-09,19.65,19.65,19.85,19.65,19.7,131925
2016-12-12,19.7,19.7,19.7,19.6,19.7,86278
2016-12-13,19.6,19.6,19.7,19.5,19.7,87015
2016-12-14,19.4,19.4,19.65,19.25,19.65,128121
2016-12-15,19.5,19.5,19.6,19.4,19.4,88586
2016-12-16,19.4,19.4,19.65,19.4,19.65,33048
2016-12-19,19.3,19.3,19.4,19.3,19.4,35071
2016-12-20,19.3,19.3,19.5,19.3,19.5,69433
2016-12-21,19.2,19.2,19.4,19.2,19.3,53023
2016-12-22,19.1,19.1,19.3,19.1,19.3,75212
2016-12-23,19.2,19.2,19.2,19.1,19.1,32203
2016-12-26,19.35,19.35,19.35,19.2,19.2,51960
2016-12-27,19.3,19.3,19.35,19.2,19.35,83960
2016-12-28,19.2,19.2,19.3,19.1,19.2,48640
2016-12-29,19.1,19.1,19.3,19.0,19.2,32500
2016-12-30,19.3,19.3,19.3,19.05,19.05,37300
2017-01-03,19.3,19.3,19.35,19.15,19.15,69083
2017-01-04,19.3,19.3,19.3,19.15,19.15,45841
2017-01-05,19.3,19.3,19.3,19.2,19.2,68160
2017-01-06,19.3,19.3,19.35,19.2,19.3,56353
2017-01-09,19.35,19.35,19.35,19.25,19.35,68480
2017-01-10,19.35,19.35,19.35,19.15,19.3,52427
2017-01-11,19.25,19.25,19.3,19.15,19.3,46068
2017-01-12,19.15,19.15,19.2,19.1,19.2,147906
2017-01-13,19.15,19.15,19.15,19.05,19.1,135100
2017-01-16,18.6,18.6,19.2,18.45,19.2,1673472
2017-01-17,18.7,18.7,18.75,18.55,18.6,102308
2017-01-18,18.75,18.75,18.8,18.6,18.7,126004
2017-01-19,18.8,18.8,18.85,18.7,18.75,148400
2017-01-20,18.9,18.9,18.9,18.8,18.85,90092
2017-01-23,18.9,18.9,18.95,18.75,18.9,90492
2017-01-24,18.95,18.95,18.95,18.8,18.9,68360
2017-02-02,19.1,19.1,19.1,18.7,18.95,116633
2017-02-03,18.75,18.75,19.1,18.75,19.1,149140
2017-02-06,18.95,18.95,19.0,18.75,18.8,103121
2017-02-07,19.0,19.0,19.0,18.95,19.0,141946
2017-02-08,19.05,19.05,19.1,18.95,19.0,102426
2017-02-09,19.0,19.0,19.05,19.0,19.0,44108
2017-02-10,19.05,19.05,19.05,19.0,19.05,66311
2017-02-13,19.1,19.1,19.2,19.05,19.1,121115
2017-02-14,19.1,19.1,19.2,19.05,19.1,162721
2017-02-15,19.05,19.05,19.2,19.0,19.15,222177
2017-02-16,19.15,19.15,19.2,19.05,19.1,135324
2017-02-17,19.1,19.1,19.15,19.05,19.15,103312
2017-02-20,19.05,19.05,19.1,19.0,19.1,126896
2017-02-21,19.0,19.0,19.15,19.0,19.15,127734
2017-02-22,19.15,19.15,19.2,19.0,19.0,56715
2017-02-23,19.15,19.15,19.15,19.0,19.05,119233
2017-02-24,19.15,19.15,19.15,19.05,19.15,45570
2017-03-01,19.2,19.2,19.25,19.05,19.2,54457
2017-03-02,19.15,19.15,19.3,19.1,19.2,85014
2017-03-03,19.05,19.05,19.25,19.05,19.15,76658
2017-03-06,19.0,19.0,19.1,19.0,19.05,110514
2017-03-07,19.15,19.15,19.15,19.0,19.0,98885
2017-03-08,19.2,19.2,19.25,19.05,19.15,154035
2017-03-09,19.1,19.1,19.2,19.1,19.2,64123
2017-03-10,19.05,19.05,19.4,19.0,19.4,111889
2017-03-13,19.2,19.2,19.25,19.05,19.1,152914
2017-03-14,19.2,19.2,19.3,19.15,19.2,148960
2017-03-15,19.2,19.2,19.25,19.15,19.2,111672
2017-03-16,19.2,19.2,19.4,19.2,19.25,280425
2017-03-17,19.2,19.2,19.5,19.2,19.35,2280988
2017-03-20,19.3,19.3,19.45,19.2,19.2,180095
2017-03-21,19.25,19.25,19.4,19.2,19.3,155046
2017-03-22,19.2,19.2,19.35,19.2,19.25,154827
2017-03-23,19.35,19.35,19.4,19.2,19.2,145670
2017-03-24,19.35,19.35,19.45,19.2,19.45,258118
2017-03-27,19.3,19.3,19.35,19.25,19.3,138460
2017-03-28,19.15,19.15,19.3,19.1,19.3,289480
2017-03-29,19.05,19.05,19.15,19.0,19.15,257384
2017-03-30,19.1,19.1,19.1,18.95,19.0,123009
2017-03-31,19.05,19.05,19.1,19.0,19.1,169920
2017-04-05,18.95,18.95,19.05,18.85,19.0,291983
2017-04-06,19.05,19.05,19.05,18.9,18.9,94344
2017-04-07,18.95,18.95,19.0,18.9,19.0,114451
2017-04-10,18.95,18.95,19.05,18.9,18.95,112075
2017-04-11,18.9,18.9,19.1,18.9,18.95,183732
2017-04-12,19.0,19.0,19.1,18.85,18.9,130042
2017-04-13,19.0,19.0,19.0,18.9,18.95,50322
2017-04-14,18.9,18.9,18.95,18.85,18.95,74173
2017-04-17,18.8,18.8,18.9,18.75,18.9,206171
2017-04-18,18.8,18.8,18.9,18.75,18.9,56183
2017-04-19,18.85,18.85,18.9,18.7,18.8,150334
2017-04-21,18.8,18.8,18.9,18.8,18.8,73330
2017-04-24,18.85,18.85,18.95,18.85,18.85,53636
2017-04-25,19.0,19.0,19.1,18.9,18.9,72003
2017-04-26,19.05,19.05,19.1,19.0,19.05,84146
2017-04-27,19.0,19.0,19.15,18.9,19.1,49080
2017-04-28,18.95,18.95,19.0,18.9,19.0,29164
2017-05-02,18.95,18.95,19.0,18.85,19.0,127237
2017-05-03,18.95,18.95,19.1,18.85,18.9,159273
2017-05-04,18.95,18.95,19.05,18.9,19.0,93002
2017-05-05,18.95,18.95,19.0,18.9,18.95,70000
2017-05-08,18.95,18.95,18.95,18.85,18.95,98055
2017-05-09,18.9,18.9,19.0,18.85,19.0,168087
2017-05-10,18.85,18.85,18.95,18.8,18.95,192122
2017-05-11,18.95,18.95,19.0,18.9,19.0,36034
2017-05-12,19.0,19.0,19.05,18.95,19.0,168368
2017-05-15,19.1,19.1,19.1,18.95,19.1,310650
2017-05-16,19.2,19.2,19.3,19.1,19.1,181230
2017-05-17,19.15,19.15,19.25,19.1,19.25,106414
2017-05-18,19.1,19.1,19.15,19.05,19.15,99753
2017-05-19,19.2,19.2,19.2,19.05,19.1,192274
2017-05-22,19.1,19.1,19.2,19.05,19.2,321336
2017-05-23,19.15,19.15,19.2,19.1,19.15,145260
2017-05-24,19.1,19.1,19.2,19.05,19.15,277320
2017-05-25,19.1,19.1,19.2,19.1,19.15,98173
2017-05-26,19.2,19.2,19.2,19.05,19.1,159150
2017-05-31,19.05,19.05,19.2,19.05,19.2,93963
2017-06-01,19.15,19.15,19.15,19.05,19.15,84304
2017-06-02,19.15,19.15,19.2,19.1,19.2,103777
2017-06-05,19.2,19.2,19.2,19.1,19.2,261187
2017-06-06,19.15,19.15,19.25,19.15,19.15,95155
2017-06-07,19.2,19.2,19.3,19.2,19.2,384732
2017-06-08,19.2,19.2,19.25,19.15,19.25,273501
2017-06-09,19.2,19.2,19.2,19.1,19.2,269497
2017-06-12,19.3,19.3,19.3,19.15,19.25,331704
2017-06-13,19.3,19.3,19.4,19.25,19.3,105442
2017-06-14,19.2,19.2,19.3,19.15,19.3,126340
2017-06-15,19.2,19.2,19.25,19.1,19.25,104320
2017-06-16,19.15,19.15,19.25,19.05,19.2,576952
2017-06-19,19.15,19.15,19.2,19.1,19.2,96328
2017-06-20,19.25,19.25,19.25,19.15,19.2,177893
2017-06-21,19.3,19.3,19.35,19.15,19.15,176188
2017-06-22,19.35,19.35,19.35,19.2,19.25,113305
2017-06-23,19.35,19.35,19.4,19.3,19.35,139402
2017-06-26,19.5,19.5,19.5,19.3,19.35,556440
2017-06-27,19.65,19.65,19.7,19.45,19.5,516923
2017-06-28,19.6,19.6,19.7,19.45,19.5,198636
2017-06-29,19.6,19.6,19.75,19.55,19.65,504617
2017-06-30,19.65,19.65,19.65,19.5,19.6,383571
2017-07-03,19.65,19.65,19.7,19.6,19.6,558693
2017-07-04,19.6,19.6,19.7,19.6,19.65,1268209
2017-07-05,18.8,18.8,18.9,18.75,18.75,821970
2017-07-06,18.95,18.95,18.95,18.8,18.8,267763
2017-07-07,19.0,19.0,19.05,18.9,18.95,463566
2017-07-10,19.0,19.0,19.05,18.95,19.05,195693
2017-07-11,18.95,18.95,19.05,18.9,19.0,211562
2017-07-12,18.95,18.95,19.0,18.9,18.95,186262
2017-07-13,19.0,19.0,19.0,18.95,18.95,204820
2017-07-14,19.05,19.05,19.05,18.95,19.0,196800
2017-07-17,19.05,19.05,19.2,19.05,19.1,242112
2017-07-18,19.05,19.05,19.15,19.05,19.05,157092
2017-07-19,19.15,19.15,19.15,19.05,19.05,263645
2017-07-20,19.1,19.1,19.2,19.1,19.1,170273
2017-07-21,19.2,19.2,19.25,19.1,19.1,200756
2017-07-24,19.1,19.1,19.25,19.1,19.2,228960
2017-07-25,19.05,19.05,19.1,19.0,19.1,125640
2017-07-26,19.05,19.05,19.05,19.05,19.05,71611
2017-07-27,19.1,19.1,19.15,19.05,19.15,128002
2017-07-28,19.0,19.0,19.15,19.0,19.05,319406
2017-07-31,19.05,19.05,19.1,18.9,18.95,256623
2017-08-01,19.1,19.1,19.15,19.0,19.05,137962
2017-08-02,19.1,19.1,19.15,19.0,19.15,113830
2017-08-03,19.05,19.05,19.1,19.0,19.1,97161
2017-08-04,19.05,19.05,19.05,19.0,19.05,132520
2017-08-07,19.0,19.0,19.1,18.95,18.95,161094
2017-08-08,19.05,19.05,19.1,19.0,19.0,71280
2017-08-09,19.15,19.15,19.25,19.0,19.05,423417
2017-08-10,19.05,19.05,19.2,19.0,19.15,224845
2017-08-11,19.05,19.05,19.05,18.95,18.95,158271
2017-08-14,19.0,19.0,19.15,18.95,19.1,238709
2017-08-15,19.0,19.0,19.05,18.95,19.0,143805
2017-08-16,19.0,19.0,19.05,18.95,19.0,68075
2017-08-17,19.05,19.05,19.15,19.05,19.05,155106
2017-08-18,19.1,19.1,19.15,19.05,19.05,81375
2017-08-21,19.1,19.1,19.15,19.05,19.05,214543
2017-08-22,19.1,19.1,19.2,19.1,19.2,204477
2017-08-23,19.1,19.1,19.2,19.1,19.15,197398
2017-08-24,19.15,19.15,19.2,19.1,19.1,172162
2017-08-25,19.1,19.1,19.2,19.05,19.1,217192
2017-08-28,19.2,19.2,19.2,19.1,19.1,119381
2017-08-29,19.15,19.15,19.25,19.15,19.2,109232
2017-08-30,19.4,19.4,19.5,19.2,19.2,337898
2017-08-31,19.7,19.7,19.8,19.5,19.5,872500
2017-09-01,19.7,19.7,19.8,19.65,19.75,205460
2017-09-04,19.55,19.55,19.65,19.5,19.65,188870
2017-09-05,19.6,19.6,19.65,19.45,19.55,192909
2017-09-06,19.55,19.55,19.6,19.4,19.6,179225
2017-09-07,19.55,19.55,19.6,19.55,19.6,96320
2017-09-08,19.8,19.8,19.85,19.7,19.75,1064301
2017-09-11,20.0,20.0,20.1,19.85,19.95,723100
2017-09-12,20.05,20.05,20.1,19.95,20.0,264908
2017-09-13,20.1,20.1,20.1,20.0,20.0,310600
2017-09-14,20.0,20.0,20.1,19.95,20.05,216574
2017-09-15,19.95,19.95,20.05,19.95,20.0,151127
2017-09-18,20.15,20.15,20.2,20.05,20.1,316752
2017-09-19,20.15,20.15,20.2,20.05,20.15,228200
2017-09-20,20.2,20.2,20.25,20.1,20.15,349160
2017-09-21,20.3,20.3,20.3,20.2,20.2,194972
2017-09-22,20.05,20.05,20.35,20.0,20.35,332616
2017-09-25,19.8,19.8,20.05,19.75,20.05,501424
2017-09-26,19.8,19.8,19.95,19.7,19.75,223020
2017-09-27,19.9,19.9,19.95,19.75,19.8,197082
2017-09-28,19.85,19.85,19.9,19.85,19.9,75918
2017-09-29,19.95,19.95,19.95,19.85,19.85,117726
2017-10-02,20.0,20.0,20.1,20.0,20.0,159249
2017-10-03,20.05,20.05,20.1,20.0,20.05,110256
2017-10-05,20.15,20.15,20.15,20.05,20.05,107237
2017-10-06,20.25,20.25,20.25,20.15,20.15,201500
2017-10-11,20.45,20.45,20.45,20.25,20.25,406996
2017-10-12,20.2,20.2,20.3,20.15,20.3,355034
2017-10-13,20.1,20.1,20.2,20.1,20.2,179299
2017-10-16,20.15,20.15,20.15,20.1,20.1,67518
2017-10-17,20.2,20.2,20.2,20.1,20.2,121365
2017-10-18,20.1,20.1,20.2,20.0,20.2,386572
2017-10-19,20.05,20.05,20.2,20.0,20.2,121340
2017-10-20,20.1,20.1,20.1,20.0,20.05,93610
2017-10-23,20.1,20.1,20.2,20.1,20.15,64612
2017-10-24,20.1,20.1,20.15,20.05,20.1,62758
2017-10-25,20.1,20.1,20.15,20.05,20.15,112480
2017-10-26,20.15,20.15,20.15,20.05,20.1,99086
2017-10-27,20.1,20.1,20.3,20.1,20.15,143410
2017-10-30,20.2,20.2,20.2,20.05,20.1,88120
2017-10-31,20.2,20.2,20.25,20.15,20.15,97410
2017-11-01,20.2,20.2,20.25,20.15,20.2,94801
2017-11-02,20.25,20.25,20.25,20.15,20.2,87116
2017-11-03,20.25,20.25,20.25,20.15,20.25,87870
2017-11-06,20.25,20.25,20.25,20.2,20.25,56440
2017-11-07,20.15,20.15,20.25,20.15,20.25,66080
2017-11-08,20.2,20.2,20.2,20.05,20.15,210081
2017-11-09,20.15,20.15,20.2,20.1,20.15,76111
2017-11-10,20.2,20.2,20.3,20.1,20.25,234496
2017-11-13,20.35,20.35,20.4,20.3,20.3,244282
2017-11-14,20.4,20.4,20.6,20.4,20.45,623844
2017-11-15,20.35,20.35,20.45,20.25,20.4,143353
2017-11-16,20.25,20.25,20.4,20.15,20.4,147585
2017-11-17,20.15,20.15,20.25,20.15,20.2,294519
2017-11-20,20.15,20.15,20.3,20.1,20.2,331030
2017-11-21,20.25,20.25,20.35,20.15,20.2,453093
2017-11-22,20.3,20.3,20.4,20.25,20.35,462204
2017-11-23,20.25,20.25,20.35,20.2,20.3,322144
2017-11-24,20.25,20.25,20.3,20.15,20.3,301276
2017-11-27,20.2,20.2,20.3,20.1,20.25,359541
2017-11-28,20.15,20.15,20.3,20.1,20.3,328637
2017-11-29,20.15,20.15,20.25,20.1,20.25,241740
2017-11-30,20.55,20.55,20.55,20.05,20.15,1116901
2017-12-01,20.4,20.4,20.5,20.3,20.45,463202
2017-12-04,20.5,20.5,20.5,20.25,20.5,323651
2017-12-05,20.55,20.55,20.6,20.45,20.45,386300
2017-12-06,20.35,20.35,20.55,20.3,20.5,212250
2017-12-07,20.45,20.45,20.5,20.35,20.45,282300
2017-12-08,20.5,20.5,20.5,20.4,20.45,260630
2017-12-11,20.45,20.45,20.55,20.45,20.45,154822
2017-12-12,20.4,20.4,20.5,20.35,20.45,130011
2017-12-13,20.4,20.4,20.5,20.4,20.4,142217
2017-12-14,20.55,20.55,20.6,20.4,20.4,300840
2017-12-15,20.5,20.5,20.6,20.45,20.6,141205
2017-12-18,20.55,20.55,20.6,20.5,20.55,104807
2017-12-19,20.5,20.5,20.55,20.45,20.5,87930
2017-12-20,20.4,20.4,20.5,20.35,20.5,141460
2017-12-21,20.45,20.45,20.5,20.4,20.45,71002
2017-12-22,20.45,20.45,20.5,20.4,20.45,58660
2017-12-25,20.45,20.45,20.45,20.4,20.4,76662
2017-12-26,20.4,20.4,20.45,20.35,20.45,96402
2017-12-27,20.4,20.4,20.5,20.4,20.4,74102
2017-12-28,20.4,20.4,20.45,20.4,20.4,63850
2017-12-29,20.45,20.45,20.5,20.4,20.5,103952
2018-01-02,20.6,20.6,20.7,20.4,20.45,201229
2018-01-03,20.65,20.65,20.7,20.55,20.65,112950
2018-01-04,20.7,20.7,20.7,20.6,20.65,266356
2018-01-05,20.9,20.9,21.0,20.7,20.7,351930
2018-01-08,21.0,21.0,21.05,20.9,20.95,388165
2018-01-09,20.85,20.85,21.05,20.8,21.05,225491
2018-01-10,20.9,20.9,21.0,20.8,20.85,285634
2018-01-11,20.9,20.9,20.95,20.8,20.9,228760
2018-01-12,20.85,20.85,20.9,20.75,20.85,158440
2018-01-15,21.0,21.0,21.0,20.9,20.9,200905
2018-01-16,20.9,20.9,21.0,20.9,21.0,156547
2018-01-17,20.95,20.95,21.0,20.9,20.95,200673
2018-01-18,20.9,20.9,21.0,20.9,21.0,209131
2018-01-19,20.9,20.9,20.95,20.9,20.95,134128
2018-01-22,21.15,21.15,21.4,20.85,20.9,447717
2018-01-23,21.1,21.1,21.25,21.0,21.2,313515
2018-01-24,21.1,21.1,21.1,20.95,21.05,212920
2018-01-25,21.1,21.1,21.2,21.1,21.1,227194
2018-01-26,20.95,20.95,21.05,20.9,20.95,203237
2018-01-29,20.95,20.95,21.0,20.9,21.0,146004
2018-01-30,21.0,21.0,21.05,20.9,21.0,164752
2018-01-31,20.9,20.9,20.95,20.75,20.95,99746
2018-02-01,20.9,20.9,21.0,20.9,20.9,65007
2018-02-02,20.9,20.9,20.9,20.8,20.9,121755
2018-02-05,20.65,20.65,20.7,20.6,20.65,424601
2018-02-06,20.1,20.1,20.45,19.95,20.4,795881
2018-02-07,20.2,20.2,20.4,20.2,20.3,255161
2018-02-08,20.2,20.2,20.25,20.1,20.2,118003
2018-02-09,20.3,20.3,20.3,19.9,20.0,347449
2018-02-12,20.2,20.2,20.3,20.1,20.3,155621
2018-02-21,20.35,20.35,20.4,20.25,20.3,158860
2018-02-22,20.65,20.65,20.75,20.35,20.35,211160
2018-02-23,20.8,20.8,20.9,20.65,20.65,215660
2018-02-26,20.85,20.85,20.95,20.8,20.95,158660
2018-02-27,20.8,20.8,20.9,20.75,20.9,110740
2018-03-01,20.7,20.7,20.8,20.7,20.8,83013
2018-03-02,20.65,20.65,20.65,20.45,20.6,143702
2018-03-05,20.35,20.35,20.7,20.3,20.5,393363
2018-03-06,20.45,20.45,20.55,20.35,20.35,81090
2018-03-07,20.5,20.5,20.5,20.4,20.45,56480
2018-03-08,20.5,20.5,20.55,20.5,20.5,39163
2018-03-09,20.55,20.55,20.55,20.5,20.5,51064
2018-03-12,20.6,20.6,20.65,20.55,20.55,262590
2018-03-13,20.75,20.75,20.8,20.6,20.65,182787
2018-03-14,20.8,20.8,20.85,20.75,20.75,167573
2018-03-15,20.9,20.9,20.9,20.8,20.8,163282
2018-03-16,20.6,20.6,20.95,20.6,20.95,212463
2018-03-19,20.6,20.6,20.85,20.25,20.65,201702
2018-03-20,20.65,20.65,20.65,20.5,20.6,61038
2018-03-21,20.7,20.7,20.75,20.65,20.7,162921
2018-03-22,20.85,20.85,20.9,20.7,20.7,303559
2018-03-23,20.55,20.55,20.7,20.45,20.45,85168
2018-03-26,20.55,20.55,20.7,20.5,20.55,100011
2018-03-27,20.75,20.75,20.75,20.6,20.6,69529
2018-03-28,20.75,20.75,20.75,20.65,20.75,116313
2018-03-29,20.65,20.65,20.75,20.65,20.75,120200
2018-03-30,20.65,20.65,20.7,20.6,20.7,217105
2018-04-02,20.8,20.8,20.8,20.7,20.75,129600
2018-04-03,20.85,20.85,20.85,20.65,20.7,243665
2018-04-09,20.8,20.8,20.85,20.65,20.85,96147
2018-04-10,20.9,20.9,20.9,20.7,20.8,417245
2018-04-11,20.95,20.95,20.95,20.85,20.85,149542
2018-04-12,20.95,20.95,21.0,20.9,21.0,154798
2018-04-13,20.95,20.95,20.95,20.9,20.95,93501
2018-04-16,20.9,20.9,21.0,20.9,20.9,208640
2018-04-17,20.85,20.85,20.95,20.85,20.95,182550
2018-04-18,20.85,20.85,20.9,20.8,20.85,48232
2018-04-19,20.9,20.9,21.05,20.85,20.9,115777
2018-04-20,20.9,20.9,20.95,20.85,20.85,133743
2018-04-23,20.9,20.9,20.95,20.9,20.9,277556
2018-04-24,20.85,20.85,20.9,20.8,20.9,162304
2018-04-25,20.8,20.8,20.85,20.8,20.85,124030
2018-04-26,20.85,20.85,20.95,20.8,20.8,69465
2018-04-27,20.85,20.85,20.9,20.8,20.85,120368
2018-04-30,20.75,20.75,20.85,20.65,20.8,425158
2018-05-02,20.75,20.75,20.75,20.7,20.75,203205
2018-05-03,20.75,20.75,20.75,20.7,20.75,90011
2018-05-04,20.75,20.75,20.8,20.7,20.7,68148
2018-05-07,20.8,20.8,20.9,20.75,20.75,113168
2018-05-08,20.8,20.8,20.85,20.75,20.8,58478
2018-05-09,20.75,20.75,20.85,20.75,20.8,74505
2018-05-10,20.7,20.7,20.75,20.7,20.75,138565
2018-05-11,20.8,20.8,20.85,20.7,20.75,113486
2018-05-14,20.95,20.95,20.95,20.8,20.8,121602
2018-05-15,20.9,20.9,20.95,20.85,20.95,66000
2018-05-16,21.1,21.1,21.3,20.8,20.85,336640
2018-05-17,20.95,20.95,21.25,20.9,21.2,239225
2018-05-18,21.1,21.1,21.1,20.95,20.95,247480
2018-05-21,21.15,21.15,21.25,21.1,21.1,214892
2018-05-22,21.25,21.25,21.25,21.05,21.2,219698
2018-05-23,21.0,21.0,21.25,21.0,21.25,107001
2018-05-24,21.05,21.05,21.2,21.0,21.2,148400
2018-05-25,21.1,21.1,21.15,20.95,20.95,61436
2018-05-28,21.15,21.15,21.15,21.05,21.1,126516
2018-05-29,21.0,21.0,21.05,20.95,21.0,118970
2018-05-30,20.8,20.8,20.95,20.8,20.95,142591
2018-05-31,20.85,20.85,20.95,20.75,20.8,60204
2018-06-01,20.9,20.9,21.0,20.75,21.0,150251
2018-06-04,20.9,20.9,20.95,20.85,20.9,120452
2018-06-05,20.95,20.95,20.95,20.85,20.9,78500
2018-06-06,21.0,21.0,21.0,20.9,20.9,105937
2018-06-07,20.9,20.9,21.0,20.9,21.0,63631
2018-06-08,20.95,20.95,21.0,20.95,20.95,158202
2018-06-11,20.9,20.9,21.0,20.9,20.95,495843
2018-06-12,20.9,20.9,21.0,20.9,20.95,58777
2018-06-13,20.95,20.95,20.95,20.85,20.85,118630
2018-06-14,20.9,20.9,21.0,20.9,21.0,129652
2018-06-15,20.95,20.95,21.0,20.85,20.85,93010
2018-06-19,21.05,21.05,21.1,20.9,20.9,188472
2018-06-20,21.1,21.1,21.15,20.95,21.1,189450
2018-06-21,21.3,21.3,21.3,21.0,21.1,343461
2018-06-22,21.25,21.25,21.4,21.0,21.3,134465
2018-06-25,21.1,21.1,21.2,21.0,21.2,302312
2018-06-26,21.05,21.05,21.05,20.95,21.05,120386
2018-06-27,21.0,21.0,21.05,20.95,21.0,117320
2018-06-28,21.0,21.0,21.2,20.95,21.0,116510
2018-06-29,21.1,21.1,21.25,21.0,21.2,116925
2018-07-02,21.2,21.2,21.2,21.05,21.15,132514
2018-07-03,21.0,21.0,21.2,21.0,21.2,309222
2018-07-04,20.1,20.1,20.15,19.95,20.0,315201
2018-07-05,20.15,20.15,20.15,20.1,20.1,132349
2018-07-06,20.1,20.1,20.2,19.95,20.15,194250
2018-07-09,20.15,20.15,20.2,20.05,20.05,76030
2018-07-10,20.1,20.1,20.2,20.1,20.15,72001
2018-07-11,20.1,20.1,20.15,20.05,20.15,125001
2018-07-12,20.15,20.15,20.2,20.1,20.2,67320
2018-07-13,20.25,20.25,20.25,20.15,20.15,96067
2018-07-16,20.35,20.35,20.35,20.25,20.25,104009
2018-07-17,20.35,20.35,20.4,20.25,20.4,89091
2018-07-18,20.25,20.25,20.35,20.25,20.35,65002
2018-07-19,20.3,20.3,20.35,20.2,20.3,55011
2018-07-20,20.4,20.4,20.4,20.2,20.2,104161
2018-07-23,20.4,20.4,20.45,20.3,20.4,23334
2018-07-24,20.35,20.35,20.35,20.25,20.25,55960
2018-07-25,20.3,20.3,20.4,20.3,20.3,33168
2018-07-26,20.35,20.35,20.4,20.3,20.35,82869
2018-07-27,20.35,20.35,20.35,20.3,20.35,35670
2018-07-30,20.3,20.3,20.4,20.25,20.35,57735
2018-07-31,20.35,20.35,20.35,20.25,20.3,33590
2018-08-01,20.3,20.3,20.4,20.25,20.4,108409
2018-08-02,20.2,20.2,20.35,20.15,20.3,153661
2018-08-03,20.35,20.35,20.4,20.2,20.25,165600
2018-08-06,20.35,20.35,20.35,20.25,20.35,53872
2018-08-07,20.3,20.3,20.4,20.2,20.35,197105
2018-08-08,20.3,20.3,20.4,20.05,20.35,370051
2018-08-09,20.3,20.3,20.4,20.25,20.3,95793
2018-08-10,20.35,20.35,20.35,20.25,20.3,99999
2018-08-13,20.15,20.15,20.35,20.15,20.35,189214
2018-08-14,20.2,20.2,20.25,20.15,20.2,101874
2018-08-15,20.2,20.2,20.2,20.1,20.1,82886
2018-08-16,20.2,20.2,20.2,20.15,20.2,51303
2018-08-17,20.3,20.3,20.3,20.15,20.15,50841
2018-08-20,20.35,20.35,20.4,20.2,20.3,102002
2018-08-21,20.3,20.3,20.35,20.2,20.35,119068
2018-08-22,20.25,20.25,20.35,20.15,20.35,170320
2018-08-23,20.25,20.25,20.25,20.2,20.25,29150
2018-08-24,20.25,20.25,20.25,20.2,20.2,66010
2018-08-27,20.25,20.25,20.35,20.2,20.25,69400
2018-08-28,20.3,20.3,20.35,20.25,20.3,51404
2018-08-29,20.4,20.4,20.4,20.25,20.3,124300
2018-08-30,20.3,20.3,20.4,20.3,20.4,72759
2018-08-31,20.35,20.35,20.45,20.3,20.35,153300
2018-09-03,20.5,20.5,20.6,20.35,20.4,217302
2018-09-04,20.75,20.75,20.75,20.5,20.5,209935
2018-09-05,20.7,20.7,20.8,20.65,20.75,143807
2018-09-06,20.6,20.6,20.75,20.5,20.7,89509
2018-09-07,20.55,20.55,20.55,20.4,20.55,96251
2018-09-10,20.4,20.4,20.55,20.25,20.55,154201
2018-09-11,20.35,20.35,20.5,20.2,20.3,75550
2018-09-12,20.35,20.35,20.4,20.3,20.35,41645
2018-09-13,20.4,20.4,20.4,20.2,20.3,188230
2018-09-14,20.4,20.4,20.45,20.4,20.4,52800
2018-09-17,20.45,20.45,20.45,20.4,20.4,54003
2018-09-18,20.5,20.5,20.5,20.4,20.45,41722
2018-09-19,20.9,20.9,20.95,20.5,20.5,242527
2018-09-20,20.65,20.65,20.85,20.6,20.85,134201
2018-09-21,20.65,20.65,20.65,20.55,20.65,118519
2018-09-25,20.55,20.55,20.65,20.4,20.65,163033
2018-09-26,20.65,20.65,20.7,20.55,20.55,46774
2018-09-27,20.75,20.75,20.8,20.6,20.65,91889
2018-09-28,20.8,20.8,20.9,20.75,20.75,276150
2018-10-01,20.85,20.85,20.95,20.7,20.95,122016
2018-10-02,20.8,20.8,20.9,20.75,20.9,65000
2018-10-03,20.65,20.65,20.8,20.65,20.7,57650
2018-10-04,20.6,20.6,20.65,20.55,20.55,184726
2018-10-05,20.55,20.55,20.6,20.4,20.6,193850
2018-10-08,20.6,20.6,20.7,20.55,20.7,137550
2018-10-09,20.8,20.8,20.85,20.5,20.5,156464
2018-10-11,20.2,20.2,20.4,20.0,20.0,355150
2018-10-12,20.2,20.2,20.2,20.0,20.2,276502
2018-10-15,20.1,20.1,20.4,20.1,20.4,149148
2018-10-16,20.05,20.05,20.25,20.05,20.25,169005
2018-10-17,20.0,20.0,20.25,20.0,20.05,172793
2018-10-18,19.9,19.9,20.1,19.9,20.05,217876
2018-10-19,19.85,19.85,19.95,19.75,19.9,184160
2018-10-22,19.95,19.95,19.95,19.8,19.8,90249
2018-10-23,19.8,19.8,19.95,19.8,19.9,194030
2018-10-24,19.8,19.8,19.85,19.8,19.8,68001
2018-10-25,19.8,19.8,19.8,19.55,19.8,126708
2018-10-26,19.75,19.75,19.9,19.6,19.8,94362
2018-10-29,19.85,19.85,19.85,19.65,19.75,40640
2018-10-30,19.9,19.9,19.9,19.7,19.85,138683
2018-10-31,19.9,19.9,19.95,19.8,19.95,75487
2018-11-01,20.0,20.0,20.0,19.75,19.9,44580
2018-11-02,19.95,19.95,20.0,19.85,20.0,156169
2018-11-05,19.95,19.95,19.95,19.75,19.9,64070
2018-11-06,19.85,19.85,19.95,19.85,19.95,39800
2018-11-07,20.0,20.0,20.05,19.8,19.85,115500
2018-11-08,20.1,20.1,20.2,20.05,20.05,93160
2018-11-09,20.1,20.1,20.2,20.05,20.1,34800
2018-11-12,20.15,20.15,20.15,20.0,20.1,34001
2018-11-13,20.1,20.1,20.1,19.95,19.95,57250
2018-11-14,20.05,20.05,20.1,20.0,20.0,43160
2018-11-15,20.05,20.05,20.05,19.75,20.0,56010
2018-11-16,19.95,19.95,20.05,19.95,20.0,72858
2018-11-19,20.05,20.05,20.05,19.95,19.95,38003
2018-11-20,20.05,20.05,20.05,19.85,19.9,40217
2018-11-21,20.05,20.05,20.05,19.9,19.95,50820
2018-11-22,20.0,20.0,20.05,19.95,20.05,33007
2018-11-23,19.9,19.9,20.0,19.9,19.95,100911
2018-11-26,19.9,19.9,20.2,19.9,19.95,63016
2018-11-27,20.0,20.0,20.0,19.95,19.95,32001
2018-11-28,20.05,20.05,20.05,20.0,20.0,47680
2018-11-29,20.05,20.05,20.1,20.0,20.0,72008
2018-11-30,19.95,19.95,20.1,19.95,20.0,110011
2018-12-03,20.0,20.0,20.1,19.95,20.05,99160
2018-12-04,20.0,20.0,20.0,19.9,19.95,79072
2018-12-05,19.95,19.95,20.0,19.85,20.0,125567
2018-12-06,19.9,19.9,19.95,19.8,19.9,95117
2018-12-07,19.9,19.9,19.95,19.85,19.85,48000
2018-12-10,19.85,19.85,19.95,19.85,19.9,70056
2018-12-11,19.9,19.9,20.0,19.85,19.85,38005
2018-12-12,19.95,19.95,19.95,19.85,19.9,66549
2018-12-13,20.0,20.0,20.0,19.9,19.95,57360
2018-12-14,20.0,20.0,20.0,19.9,19.95,55600
2018-12-17,19.9,19.9,20.0,19.9,19.95,71065
2018-12-18,19.8,19.8,19.9,19.8,19.85,186618
2018-12-19,19.85,19.85,19.9,19.75,19.8,127113
2018-12-20,19.8,19.8,20.0,19.8,20.0,58301
2018-12-21,19.95,19.95,20.0,19.75,19.8,157160
2018-12-24,19.75,19.75,20.05,19.65,19.8,282866
2018-12-25,19.7,19.7,19.7,19.5,19.7,303160
2018-12-26,19.6,19.6,19.7,19.45,19.7,314921
2018-12-27,19.65,19.65,19.75,19.3,19.75,300244
2018-12-28,19.55,19.55,19.65,19.25,19.65,235347
2019-01-02,19.55,19.55,19.6,19.45,19.6,41160
2019-01-03,19.65,19.65,19.65,19.5,19.5,41977
2019-01-04,19.6,19.6,19.65,19.55,19.65,34060
2019-01-07,19.7,19.7,19.7,19.6,19.7,85634
2019-01-08,19.8,19.8,19.8,19.65,19.7,34023
2019-01-09,19.9,19.9,19.9,19.75,19.85,77933
2019-01-10,19.95,19.95,19.95,19.7,19.8,100217
2019-01-11,19.75,19.75,19.95,19.6,19.95,132562
2019-01-14,19.65,19.65,19.85,19.55,19.85,114661
2019-01-15,19.75,19.75,19.75,19.65,19.65,25022
2019-01-16,19.65,19.65,19.7,19.6,19.7,114321
2019-01-17,19.65,19.65,19.7,19.55,19.65,102785
2019-01-18,19.7,19.7,19.7,19.55,19.7,79206
2019-01-21,19.8,19.8,19.8,19.55,19.7,89653
2019-01-22,19.65,19.65,19.75,19.55,19.75,232335
2019-01-23,19.65,19.65,19.7,19.6,19.6,23225
2019-01-24,19.65,19.65,19.7,19.55,19.65,59820
2019-01-25,19.75,19.75,19.75,19.65,19.7,103344
2019-01-28,19.75,19.75,19.75,19.7,19.7,18164
2019-01-29,19.75,19.75,19.75,19.65,19.7,26086
2019-01-30,19.75,19.75,19.8,19.7,19.75,61011
2019-02-11,19.8,19.8,19.8,19.7,19.75,42559
2019-02-12,19.8,19.8,19.8,19.75,19.8,45082
2019-02-13,19.85,19.85,19.85,19.75,19.8,49736
2019-02-14,19.95,19.95,19.95,19.85,19.85,85198
2019-02-15,19.95,19.95,20.0,19.9,19.95,48700
2019-02-18,20.1,20.1,20.1,19.95,19.95,141800
2019-02-19,20.05,20.05,20.1,19.95,20.1,49178
2019-02-20,20.1,20.1,20.1,20.0,20.05,85100
2019-02-21,20.0,20.0,20.1,20.0,20.1,68013
2019-02-22,20.1,20.1,20.1,20.0,20.0,13672
2019-02-25,19.95,19.95,20.1,19.95,20.1,92600
2019-02-26,20.1,20.1,20.1,19.85,20.0,123025
2019-02-27,20.0,20.0,20.1,19.95,20.1,91489
2019-03-04,19.95,19.95,20.1,19.9,20.0,86033
2019-03-05,19.95,19.95,20.05,19.9,19.95,58641
2019-03-06,20.0,20.0,20.0,19.95,19.95,66561
2019-03-07,20.0,20.0,20.05,19.95,20.0,74132
2019-03-08,20.0,20.0,20.05,20.0,20.0,52100
2019-03-11,20.05,20.05,20.05,19.95,20.0,62105
2019-03-12,20.1,20.1,20.1,20.0,20.05,81138
2019-03-13,20.05,20.05,20.1,20.0,20.05,116031
2019-03-14,20.1,20.1,20.1,20.0,20.05,124523
2019-03-15,20.15,20.15,20.15,20.0,20.0,126964
2019-03-18,20.15,20.15,20.15,20.0,20.15,125183
2019-03-19,20.15,20.15,20.2,20.05,20.15,116620
2019-03-20,20.15,20.15,20.15,20.1,20.15,115765
2019-03-21,20.15,20.15,20.2,20.15,20.15,89962
2019-03-22,20.25,20.25,20.4,20.2,20.3,166082
2019-03-25,20.35,20.35,20.5,20.1,20.1,148183
2019-03-26,20.3,20.3,20.35,20.2,20.2,43480
2019-03-27,20.2,20.2,20.3,20.2,20.3,97062
2019-03-28,20.15,20.15,20.25,20.1,20.25,163026
2019-03-29,20.1,20.1,20.15,20.0,20.15,281017
2019-04-01,20.1,20.1,20.2,20.1,20.15,97926
2019-04-02,20.15,20.15,20.15,20.0,20.1,123160
2019-04-03,20.15,20.15,20.15,20.05,20.1,50175
2019-04-08,20.1,20.1,20.2,20.05,20.15,124489
2019-04-09,20.25,20.25,20.25,20.1,20.1,85600
2019-04-10,20.15,20.15,20.2,20.1,20.2,74840
2019-04-11,20.2,20.2,20.25,20.1,20.15,96206
2019-04-12,20.1,20.1,20.15,20.1,20.1,83280
2019-04-15,20.15,20.15,20.2,20.1,20.15,73217
2019-04-16,20.15,20.15,20.25,20.0,20.1,113720
2019-04-17,20.3,20.3,20.5,20.1,20.1,133481
2019-04-18,20.1,20.1,20.3,20.1,20.3,74888
2019-04-19,20.2,20.2,20.25,20.1,20.1,57389
2019-04-22,20.35,20.35,20.45,20.2,20.45,52846
2019-04-23,20.35,20.35,20.35,20.2,20.2,28661
2019-04-24,20.3,20.3,20.35,20.25,20.3,39002
2019-04-25,20.2,20.2,20.3,20.1,20.2,86166
2019-04-26,20.2,20.2,20.2,20.15,20.2,19187
2019-04-29,20.2,20.2,20.25,20.1,20.1,123985
2019-04-30,20.25,20.25,20.25,20.1,20.2,76802
2019-05-02,20.25,20.25,20.25,20.1,20.2,217491
2019-05-03,20.15,20.15,20.25,20.1,20.1,77901
2019-05-06,20.1,20.1,20.15,20.05,20.15,174495
2019-05-07,20.1,20.1,20.15,20.05,20.1,77506
2019-05-08,20.15,20.15,20.15,20.1,20.1,93774
2019-05-09,20.15,20.15,20.15,20.05,20.1,135664
2019-05-10,20.15,20.15,20.2,20.1,20.1,115106
2019-05-13,20.15,20.15,20.2,20.05,20.15,138059
2019-05-14,20.15,20.15,20.15,20.0,20.0,100752
2019-05-15,20.2,20.2,20.2,20.05,20.15,46004
2019-05-16,20.1,20.1,20.2,20.05,20.2,71886
2019-05-17,20.05,20.05,20.2,20.05,20.05,181200
2019-05-20,20.25,20.25,20.25,20.05,20.05,270629
2019-05-21,20.25,20.25,20.25,20.15,20.2,118324
2019-05-22,20.35,20.35,20.35,20.2,20.25,137160
2019-05-23,20.35,20.35,20.4,20.3,20.3,113251
2019-05-24,20.4,20.4,20.4,20.25,20.4,90002
2019-05-27,20.45,20.45,20.45,20.35,20.35,107301
2019-05-28,20.4,20.4,20.45,20.3,20.45,151301
2019-05-29,20.5,20.5,20.5,20.35,20.4,237000
2019-05-30,20.45,20.45,20.5,20.05,20.5,166016
2019-05-31,20.5,20.5,20.5,20.4,20.45,121167
2019-06-03,20.45,20.45,20.5,20.4,20.4,174563
2019-06-04,20.5,20.5,20.6,20.4,20.45,167544
2019-06-05,20.45,20.45,20.5,20.45,20.5,44881
2019-06-06,20.45,20.45,20.5,20.4,20.45,97775
2019-06-10,20.45,20.45,20.45,20.4,20.45,106149
2019-06-11,20.5,20.5,20.5,20.4,20.45,149928
2019-06-12,20.45,20.45,20.5,20.4,20.45,75523
2019-06-13,20.55,20.55,20.55,20.35,20.45,239804
2019-06-14,20.6,20.6,20.6,20.5,20.5,85124
2019-06-17,20.55,20.55,20.6,20.5,20.5,118527
2019-06-18,20.55,20.55,20.55,20.5,20.55,71861
2019-06-19,20.6,20.6,20.6,20.5,20.55,101900
2019-06-20,20.6,20.6,20.65,20.55,20.6,175594
2019-06-21,20.65,20.65,20.65,20.6,20.6,159503
2019-06-24,20.65,20.65,20.65,20.6,20.6,73323
2019-06-25,20.65,20.65,20.65,20.6,20.6,117004
2019-06-26,20.65,20.65,20.65,20.6,20.65,84458
2019-06-27,20.7,20.7,20.7,20.6,20.65,162251
2019-06-28,20.6,20.6,20.7,20.55,20.6,127586
2019-07-01,20.7,20.7,20.75,20.65,20.7,118354
2019-07-02,20.7,20.7,20.75,20.65,20.75,168570
2019-07-03,20.65,20.65,20.7,20.6,20.7,657760
2019-07-04,19.95,19.95,20.0,19.85,19.85,281585
2019-07-05,20.1,20.1,20.15,19.9,19.95,141208
2019-07-08,20.15,20.15,20.15,20.05,20.1,93699
2019-07-09,20.15,20.15,20.15,20.05,20.1,56676
2019-07-10,20.15,20.15,20.15,20.05,20.1,99261
2019-07-11,20.1,20.1,20.15,20.05,20.15,161858
2019-07-12,20.15,20.15,20.15,20.1,20.1,75572
2019-07-15,20.15,20.15,20.15,20.1,20.15,188004
2019-07-16,20.2,20.2,20.2,20.15,20.2,130001
2019-07-17,20.1,20.1,20.3,20.1,20.15,215306
2019-07-18,20.25,20.25,20.25,20.15,20.2,73522
2019-07-19,20.25,20.25,20.25,20.15,20.15,47600
2019-07-22,20.2,20.2,20.2,20.15,20.2,93483
2019-07-23,20.15,20.15,20.25,20.15,20.25,53925
2019-07-24,20.15,20.15,20.15,20.1,20.15,68153
2019-07-25,20.15,20.15,20.15,20.05,20.15,129480
2019-07-26,20.1,20.1,20.2,20.1,20.15,45227
2019-07-29,20.15,20.15,20.15,20.05,20.05,84394
2019-07-30,20.15,20.15,20.15,20.1,20.15,42818
2019-07-31,20.15,20.15,20.2,20.1,20.2,59095
2019-08-01,20.2,20.2,20.2,20.05,20.1,103805
2019-08-02,20.05,20.05,20.1,20.05,20.05,108203
2019-08-05,20.05,20.05,20.1,20.05,20.05,64096
2019-08-06,20.05,20.05,20.2,19.95,20.0,417360
2019-08-07,20.05,20.05,20.1,20.05,20.1,23867
2019-08-08,20.1,20.1,20.1,20.05,20.05,79857
2019-08-12,20.1,20.1,20.15,20.05,20.05,57600
2019-08-13,20.1,20.1,20.15,20.05,20.15,39001
2019-08-14,20.3,20.3,20.6,20.05,20.15,327133
2019-08-15,20.2,20.2,20.2,20.1,20.2,48482
2019-08-16,20.25,20.25,20.25,20.15,20.2,31046
2019-08-19,20.25,20.25,20.3,20.2,20.25,72280
2019-08-20,20.3,20.3,20.3,20.2,20.25,12465
2019-08-21,20.15,20.15,20.25,20.15,20.25,45041
2019-08-22,20.25,20.25,20.25,20.15,20.15,26001
2019-08-23,20.2,20.2,20.2,20.1,20.1,36040
2019-08-26,20.1,20.1,20.15,20.05,20.05,67624
2019-08-27,20.1,20.1,20.15,20.1,20.15,25834
2019-08-28,20.2,20.2,20.2,20.1,20.1,22286
2019-08-29,20.2,20.2,20.2,20.1,20.2,93330
2019-08-30,20.2,20.2,20.25,20.1,20.2,195584
2019-09-02,20.15,20.15,20.2,20.1,20.1,83392
2019-09-03,20.25,20.25,20.25,20.15,20.15,99118
2019-09-04,20.25,20.25,20.3,20.1,20.25,158160
2019-09-05,20.2,20.2,20.25,20.1,20.2,158004
2019-09-06,20.25,20.25,20.25,20.1,20.2,225219
2019-09-09,20.15,20.15,20.3,20.1,20.25,220481
2019-09-10,20.2,20.2,20.25,20.05,20.25,193920
2019-09-11,20.2,20.2,20.2,20.1,20.2,305754
2019-09-12,20.2,20.2,20.2,20.05,20.15,263375
2019-09-16,20.2,20.2,20.25,20.2,20.2,130817
2019-09-17,20.25,20.25,20.25,20.2,20.25,83637
2019-09-18,20.3,20.3,20.3,20.2,20.25,213102
2019-09-19,20.2,20.2,20.25,20.2,20.25,121302
2019-09-20,20.2,20.2,20.25,20.15,20.2,144740
2019-09-23,20.25,20.25,20.3,20.2,20.2,442158
2019-09-24,20.25,20.25,20.3,20.2,20.25,311011
2019-09-25,20.25,20.25,20.25,20.15,20.25,145148
2019-09-26,20.25,20.25,20.25,20.15,20.25,200411
2019-09-27,20.25,20.25,20.3,20.15,20.3,238001
2019-10-01,20.25,20.25,20.3,20.15,20.3,343617
2019-10-02,20.3,20.3,20.3,20.15,20.2,321646
2019-10-03,20.35,20.35,20.5,20.15,20.25,487267
2019-10-04,20.2,20.2,20.35,20.2,20.35,565909
2019-10-07,20.35,20.35,20.35,20.2,20.2,329837
2019-10-08,20.25,20.25,20.3,20.25,20.3,253458
2019-10-09,20.3,20.3,20.3,20.2,20.25,163209
2019-10-14,20.4,20.4,20.4,20.3,20.3,118141
2019-10-15,20.4,20.4,20.4,20.35,20.35,25465
2019-10-16,20.45,20.45,20.5,20.3,20.35,120405
2019-10-17,20.45,20.45,20.5,20.4,20.4,145739
2019-10-18,20.3,20.3,20.55,20.3,20.55,90179
2019-10-21,20.55,20.55,20.6,20.4,20.45,113443
2019-10-22,20.6,20.6,20.6,20.55,20.55,69864
2019-10-23,20.6,20.6,20.6,20.55,20.6,53065
2019-10-24,20.6,20.6,20.6,20.4,20.5,115406
2019-10-25,20.6,20.6,20.6,20.45,20.55,64040
2019-10-28,20.45,20.45,20.6,20.45,20.6,74959
2019-10-29,20.5,20.5,20.55,20.5,20.5,15051
2019-10-30,20.55,20.55,20.55,20.45,20.5,72420
2019-10-31,20.55,20.55,20.55,20.5,20.55,51601
2019-11-01,20.5,20.5,20.55,20.5,20.5,34457
2019-11-04,20.6,20.6,20.6,20.5,20.55,180089
2019-11-05,20.6,20.6,20.6,20.5,20.55,57153
2019-11-06,20.5,20.5,20.6,20.4,20.4,119384
2019-11-07,20.6,20.6,20.65,20.5,20.6,159106
2019-11-08,20.65,20.65,20.7,20.6,20.6,73630
2019-11-11,20.5,20.5,20.6,20.5,20.6,53198
2019-11-12,20.6,20.6,20.65,20.45,20.6,144738
2019-11-13,20.6,20.6,20.65,20.5,20.65,59980
2019-11-14,20.5,20.5,20.6,20.5,20.6,98422
2019-11-20,20.7,20.7,20.8,20.6,20.6,165592
2019-11-21,20.75,20.75,20.8,20.7,20.7,148507
2019-11-22,20.8,20.8,20.85,20.7,20.75,125950
2019-11-25,20.8,20.8,20.85,20.8,20.8,120450
2019-11-26,20.85,20.85,20.85,20.8,20.85,121460
2019-11-27,20.85,20.85,20.9,20.8,20.85,96185
2019-11-28,20.9,20.9,20.9,20.85,20.85,43300
2019-11-29,20.8,20.8,20.9,20.8,20.9,71003
2019-12-02,20.7,20.7,20.8,20.7,20.8,66102
2019-12-03,20.8,20.8,20.8,20.7,20.7,56551
2019-12-04,20.7,20.7,20.8,20.7,20.75,63322
2019-12-05,20.7,20.7,20.8,20.7,20.7,79479
2019-12-06,20.8,20.8,20.8,20.7,20.7,49161
2019-12-09,20.75,20.75,20.8,20.7,20.8,109813
2019-12-10,20.75,20.75,20.8,20.7,20.7,62947
2019-12-11,20.75,20.75,20.8,20.75,20.75,171385
2019-12-12,20.8,20.8,20.85,20.75,20.75,77322
2019-12-13,20.9,20.9,20.9,20.8,20.85,107101
2019-12-16,20.95,20.95,20.95,20.85,20.85,157774
2019-12-17,21.0,21.0,21.05,20.95,20.95,413416
2019-12-18,21.05,21.05,21.05,20.95,21.0,190086
2019-12-19,20.95,20.95,21.05,20.95,21.05,84426
2019-12-20,20.95,20.95,20.95,20.9,20.95,82795
2019-12-23,20.95,20.95,20.95,20.85,20.9,47572
2019-12-24,20.95,20.95,20.95,20.9,20.95,64611
2019-12-25,21.0,21.0,21.0,20.95,20.95,120570
2019-12-26,21.0,21.0,21.0,20.9,21.0,64980
2019-12-27,21.0,21.0,21.0,20.95,20.95,50208
2019-12-30,20.9,20.9,21.0,20.85,20.95,145591
2019-12-31,20.9,20.9,20.95,20.85,20.9,45702
2020-01-02,20.9,20.9,20.95,20.9,20.9,145821
2020-01-03,20.9,20.9,20.95,20.9,20.9,87727
2020-01-06,20.85,20.85,20.9,20.75,20.9,128476
2020-01-07,20.8,20.8,20.9,20.75,20.85,190916
2020-01-08,20.8,20.8,20.8,20.6,20.7,59390
2020-01-09,20.85,20.85,20.95,20.75,20.75,91912
2020-01-10,20.8,20.8,20.9,20.75,20.85,67415
2020-01-13,20.85,20.85,20.95,20.8,20.8,190740
2020-01-14,20.95,20.95,21.0,20.9,21.0,223183
2020-01-15,20.95,20.95,21.0,20.85,21.0,89508
2020-01-16,20.9,20.9,20.95,20.85,20.9,119099
2020-01-17,20.9,20.9,20.95,20.85,20.9,112092
2020-01-20,21.0,21.0,21.0,20.9,20.9,197644
2020-01-30,20.8,20.8,20.8,20.5,20.8,460418
2020-01-31,20.85,20.85,20.85,20.55,20.55,381434
2020-02-03,20.6,20.6,20.65,20.4,20.4,359369
2020-02-04,20.7,20.7,20.75,20.55,20.65,509201
2020-02-05,20.75,20.75,20.75,20.6,20.7,107574
2020-02-06,20.8,20.8,20.85,20.7,20.75,141106
2020-02-07,20.75,20.75,20.8,20.6,20.75,155526
2020-02-10,20.65,20.65,20.75,20.6,20.65,394116
2020-02-11,20.6,20.6,20.75,20.6,20.75,177501
2020-02-12,20.75,20.75,20.8,20.7,20.7,147102
2020-02-13,20.7,20.7,20.8,20.7,20.75,207372
2020-02-14,20.65,20.65,20.75,20.65,20.75,169123
2020-02-17,20.7,20.7,20.7,20.6,20.7,207424
2020-02-18,20.75,20.75,20.75,20.7,20.7,194113
2020-02-19,20.8,20.8,20.8,20.7,20.7,175327
2020-02-20,20.8,20.8,20.85,20.75,20.8,211004
2020-02-21,20.75,20.75,20.8,20.7,20.8,161282
2020-02-24,20.7,20.7,20.75,20.65,20.75,153152
2020-02-25,20.7,20.7,20.7,20.6,20.65,114854
2020-02-26,20.65,20.65,20.7,20.6,20.65,142947
2020-02-27,20.55,20.55,20.65,20.55,20.65,257572
2020-03-02,20.55,20.55,20.75,20.4,20.45,260551
2020-03-03,20.55,20.55,20.7,20.45,20.55,275681
2020-03-04,20.55,20.55,20.6,20.45,20.55,125020
2020-03-05,20.55,20.55,20.65,20.5,20.6,109920
2020-03-06,20.45,20.45,20.55,20.4,20.55,416617
2020-03-09,20.1,20.1,20.4,20.1,20.4,566024
2020-03-10,20.15,20.15,20.35,19.95,20.0,417469
2020-03-11,20.15,20.15,20.25,20.1,20.25,369665
2020-03-12,19.8,19.8,20.1,19.65,20.1,658306
2020-03-13,19.35,19.35,19.55,18.5,19.55,1341901
2020-03-16,18.75,18.75,19.2,18.65,18.8,616602
2020-03-17,18.3,18.3,18.5,18.0,18.0,765216
2020-03-18,18.05,18.05,18.3,17.85,18.3,684680
2020-03-19,17.0,17.0,17.7,16.75,17.7,680108
2020-03-20,17.6,17.6,17.7,17.0,17.0,496917
2020-03-23,17.0,17.0,17.0,16.2,16.2,370919
2020-03-24,17.6,17.6,17.6,17.2,17.2,344789
2020-03-25,18.1,18.1,18.15,17.85,17.85,307200
2020-03-26,18.2,18.2,18.2,17.9,18.2,207627
2020-03-27,18.25,18.25,18.5,18.2,18.3,216094
2020-03-30,18.5,18.5,18.55,17.7,18.2,272044
2020-03-31,18.4,18.4,18.5,18.3,18.3,147480
2020-04-01,18.2,18.2,18.4,18.15,18.4,245000
2020-04-07,18.5,18.5,18.55,18.4,18.4,121400
2020-04-08,18.8,18.8,18.8,18.55,18.6,235180
2020-04-09,18.85,18.85,18.85,18.65,18.85,296100
2020-04-10,19.0,19.0,19.15,18.85,18.85,156406
2020-04-13,19.05,19.05,19.1,18.95,19.0,128003
2020-04-14,19.2,19.2,19.25,18.9,18.95,198720
2020-04-15,19.35,19.35,19.4,19.15,19.2,202150
2020-04-16,19.2,19.2,19.3,19.1,19.3,228059
2020-04-17,19.4,19.4,19.5,19.25,19.25,221160
2020-04-20,19.3,19.3,19.4,19.2,19.4,197696
2020-04-21,19.05,19.05,19.3,18.8,19.3,448000
2020-04-22,19.05,19.05,19.05,18.6,19.0,161002
2020-04-23,19.1,19.1,19.15,19.0,19.05,45320
2020-04-24,19.2,19.2,19.2,19.05,19.2,179468
2020-04-27,19.4,19.4,19.4,19.25,19.35,187100
2020-04-28,19.45,19.45,19.45,19.35,19.4,56602
2020-04-29,19.6,19.6,19.6,19.35,19.45,194810
2020-05-04,19.4,19.4,19.5,19.35,19.5,146134
2020-05-05,19.5,19.5,19.5,19.3,19.3,144096
2020-05-06,19.5,19.5,19.55,19.35,19.5,108347
2020-05-07,19.45,19.45,19.5,19.4,19.5,172319
2020-05-08,19.55,19.55,19.75,19.45,19.45,124801
2020-05-11,19.7,19.7,19.7,19.55,19.55,128402
2020-05-12,19.7,19.7,19.7,19.55,19.6,93000
2020-05-13,19.7,19.7,19.7,19.55,19.6,47168
2020-05-14,19.5,19.5,19.7,19.5,19.7,107503
2020-05-15,19.6,19.6,19.65,19.5,19.5,116580
2020-05-18,19.6,19.6,19.8,19.5,19.5,153936
2020-05-19,19.95,19.95,20.0,19.7,19.75,290281
2020-05-20,19.9,19.9,20.05,19.85,19.95,237825
2020-05-21,19.9,19.9,20.0,19.9,20.0,103406
2020-05-22,19.65,19.65,19.95,19.6,19.9,196861
2020-05-25,19.95,19.95,20.0,19.65,19.65,247960
2020-05-26,19.95,19.95,20.05,19.9,20.0,252111
2020-05-27,20.0,20.0,20.15,19.95,19.95,268264
2020-05-28,20.15,20.15,20.2,20.05,20.15,186522
2020-05-29,20.15,20.15,20.2,20.0,20.15,136250
2020-06-01,20.2,20.2,20.3,20.15,20.15,331183
2020-06-02,20.3,20.3,20.3,20.2,20.2,240239
2020-06-03,20.45,20.45,20.45,20.35,20.35,216845
2020-06-04,20.4,20.4,20.5,20.35,20.45,250468
2020-06-05,20.4,20.4,20.45,20.3,20.4,246307
2020-06-08,20.55,20.55,20.6,20.4,20.5,291738
2020-06-09,20.5,20.5,20.7,20.45,20.6,352955
2020-06-10,20.55,20.55,20.6,20.45,20.55,356914
2020-06-11,20.5,20.5,20.55,20.4,20.55,951726
2020-06-12,19.55,19.55,19.6,19.15,19.4,763031
2020-06-15,19.55,19.55,19.6,19.45,19.5,153681
2020-06-16,19.6,19.6,19.7,19.55,19.6,360997
2020-06-17,19.7,19.7,19.75,19.65,19.65,116703
2020-06-18,19.75,19.75,19.75,19.7,19.7,85728
2020-06-19,19.75,19.75,19.8,19.7,19.75,99724
2020-06-22,19.7,19.7,19.75,19.65,19.75,115840
2020-06-23,19.75,19.75,19.8,19.65,19.8,83718
2020-06-24,19.75,19.75,19.8,19.7,19.8,74038
2020-06-29,19.6,19.6,19.75,19.55,19.75,203527
2020-06-30,19.65,19.65,19.7,19.55,19.6,43006
2020-07-01,19.7,19.7,19.75,19.7,19.75,61963
2020-07-02,19.75,19.75,19.75,19.7,19.75,117000
2020-07-03,19.75,19.75,19.8,19.65,19.75,103253
2020-07-06,19.8,19.8,19.85,19.7,19.7,182584
2020-07-07,19.75,19.75,19.9,19.75,19.9,84230
2020-07-08,19.75,19.75,19.8,19.75,19.75,83314
2020-07-09,19.8,19.8,19.8,19.75,19.75,169175
2020-07-10,19.7,19.7,19.8,19.7,19.8,201953
2020-07-13,19.7,19.7,19.7,19.65,19.7,92665
2020-07-14,19.65,19.65,19.75,19.6,19.75,254270
2020-07-15,19.75,19.75,19.8,19.6,19.65,134887
2020-07-16,19.7,19.7,19.8,19.65,19.7,81107
2020-07-17,19.7,19.7,19.75,19.65,19.65,151880
2020-07-20,19.7,19.7,19.75,19.65,19.75,48802
2020-07-21,19.95,19.95,20.2,19.7,19.7,576376
2020-07-22,19.85,19.85,19.95,19.8,19.95,167413
2020-07-23,19.85,19.85,19.95,19.75,19.85,115001
2020-07-24,19.7,19.7,19.85,19.7,19.85,81750
2020-07-27,19.65,19.65,19.8,19.65,19.7,118654
2020-07-28,19.6,19.6,19.7,19.55,19.6,115155
2020-07-29,19.65,19.65,19.75,19.55,19.6,143762
2020-07-30,19.65,19.65,19.7,19.6,19.65,111007
2020-07-31,19.65,19.65,19.7,19.6,19.65,81213
2020-08-03,19.55,19.55,19.7,19.5,19.65,180576
2020-08-04,19.6,19.6,19.65,19.55,19.65,101115
2020-08-05,19.65,19.65,19.7,19.55,19.55,60031
2020-08-06,19.65,19.65,19.65,19.6,19.65,128481
2020-08-07,19.65,19.65,19.7,19.6,19.65,79647
2020-08-10,19.8,19.8,19.85,19.7,19.7,252121
2020-08-11,19.8,19.8,19.85,19.8,19.85,113093
2020-08-12,19.85,19.85,19.85,19.75,19.8,97506
2020-08-13,19.85,19.85,19.9,19.85,19.85,108320
2020-08-14,19.8,19.8,19.85,19.7,19.85,67002
2020-08-17,19.8,19.8,19.9,19.75,19.9,99156
2020-08-18,19.85,19.85,19.95,19.8,19.9,153105
2020-08-19,19.9,19.9,19.95,19.75,19.85,123080
2020-08-20,19.6,19.6,19.9,19.55,19.9,276561
2020-08-21,19.7,19.7,19.75,19.6,19.65,158230
2020-08-24,19.7,19.7,19.75,19.7,19.7,78460
2020-08-25,19.75,19.75,19.8,19.7,19.7,40052
2020-08-26,19.8,19.8,19.8,19.65,19.75,183003
2020-08-27,19.75,19.75,19.8,19.7,19.8,82308
2020-08-28,19.75,19.75,19.75,19.65,19.75,42826
2020-08-31,19.7,19.7,19.75,19.7,19.75,103413
2020-09-01,19.75,19.75,19.75,19.65,19.7,75002
2020-09-02,19.7,19.7,19.75,19.65,19.75,158114
2020-09-03,19.65,19.65,19.8,19.65,19.7,202104
2020-09-04,19.75,19.75,19.75,19.6,19.65,208009
2020-09-07,19.75,19.75,19.75,19.65,19.7,50355
2020-09-08,19.75,19.75,19.75,19.75,19.75,110035
2020-09-09,19.7,19.7,19.75,19.65,19.75,62805
2020-09-10,19.7,19.7,19.7,19.7,19.7,199811
2020-09-11,19.7,19.7,19.7,19.65,19.7,124556
2020-09-14,19.7,19.7,19.75,19.7,19.7,96670
2020-09-15,19.75,19.75,19.75,19.65,19.7,105162
2020-09-16,19.75,19.75,19.8,19.7,19.8,111747
2020-09-17,19.75,19.75,19.75,19.7,19.7,62745
2020-09-18,19.75,19.75,19.8,19.7,19.75,77001
2020-09-21,19.75,19.75,19.75,19.7,19.75,173198
2020-09-22,19.65,19.65,19.7,19.65,19.65,142976
2020-09-23,19.7,19.7,19.7,19.6,19.7,305713
2020-09-24,19.45,19.45,19.6,19.45,19.6,427373
2020-09-25,19.55,19.55,19.6,19.45,19.45,121509
2020-09-28,19.6,19.6,19.65,19.55,19.65,79470
2020-09-29,19.65,19.65,19.65,19.6,19.65,37002
2020-09-30,19.7,19.7,19.7,19.65,19.7,54000
2020-10-05,19.65,19.65,19.7,19.55,19.6,64241
2020-10-06,19.7,19.7,19.7,19.6,19.7,122433
2020-10-07,19.75,19.75,19.75,19.65,19.75,53424
2020-10-08,19.75,19.75,19.75,19.7,19.7,43818
2020-10-12,19.8,19.8,19.8,19.7,19.75,105383
2020-10-13,19.75,19.75,19.8,19.75,19.8,41630
2020-10-14,19.75,19.75,19.75,19.7,19.75,46100
2020-10-15,19.75,19.75,19.75,19.65,19.65,44506
2020-10-16,19.8,19.8,19.8,19.65,19.7,48261
2020-10-19,19.9,19.9,19.9,19.7,19.75,155803
2020-10-20,19.75,19.75,19.85,19.7,19.85,60800
2020-10-21,19.8,19.8,19.8,19.7,19.7,50049
2020-10-22,19.8,19.8,19.8,19.7,19.8,17006
2020-10-23,19.7,19.7,19.85,19.65,19.85,62432
2020-10-26,19.8,19.8,19.8,19.75,19.8,64506
2020-10-27,19.8,19.8,19.8,19.65,19.65,85931
2020-10-28,19.75,19.75,19.8,19.75,19.8,28611
2020-10-29,19.7,19.7,19.75,19.7,19.7,45108
2020-10-30,19.75,19.75,19.75,19.6,19.7,94885
2020-11-02,19.75,19.75,19.8,19.7,19.7,82103
2020-11-03,19.85,19.85,19.9,19.8,19.8,92864
2020-11-04,19.85,19.85,19.85,19.75,19.8,28965
2020-11-05,19.85,19.85,19.85,19.8,19.85,72772
2020-11-06,19.85,19.85,19.85,19.75,19.8,106217
2020-11-09,19.85,19.85,19.9,19.8,19.9,116575
2020-11-10,19.9,19.9,19.95,19.8,19.9,259006
2020-11-11,20.15,20.15,20.2,19.95,19.95,478819
2020-11-12,20.05,20.05,20.15,19.95,20.1,122466
2020-11-13,20.1,20.1,20.15,20.0,20.0,150726
2020-11-16,20.2,20.2,20.2,20.05,20.1,144896
2020-11-17,20.15,20.15,20.2,20.1,20.2,56210
2020-11-18,20.15,20.15,20.2,20.1,20.2,193601
2020-11-19,20.15,20.15,20.2,20.1,20.2,84208
2020-11-20,20.15,20.15,20.15,20.1,20.15,30084
2020-11-23,20.1,20.1,20.25,20.0,20.2,256691
2020-11-24,20.15,20.15,20.15,20.1,20.1,83673
2020-11-25,20.2,20.2,20.2,20.15,20.2,82368
2020-11-26,20.25,20.25,20.25,20.15,20.15,81725
2020-11-27,20.25,20.25,20.25,20.1,20.25,96699
2020-11-30,20.1,20.1,20.25,20.1,20.25,230517
2020-12-01,20.25,20.25,20.3,20.15,20.2,114076
2020-12-02,20.25,20.25,20.25,20.1,20.15,131116
2020-12-04,20.35,20.35,20.35,20.1,20.1,145254
2020-12-07,20.35,20.35,20.4,20.25,20.35,130490
2020-12-08,20.2,20.2,20.35,20.15,20.35,192391
2020-12-09,20.35,20.35,20.4,20.2,20.2,186137
2020-12-10,20.35,20.35,20.35,20.1,20.2,141699
2020-12-11,20.3,20.3,20.35,20.15,20.3,192534
2020-12-14,20.35,20.35,20.35,20.25,20.3,60058
2020-12-15,20.2,20.2,20.3,20.15,20.25,140287
2020-12-16,20.3,20.3,20.35,20.15,20.15,155816
2020-12-17,20.3,20.3,20.3,20.2,20.3,87618
2020-12-18,20.1,20.1,20.2,20.1,20.2,261455
2020-12-21,20.2,20.2,20.2,20.05,20.05,113590
2020-12-22,20.1,20.1,20.2,20.1,20.2,94422
2020-12-23,20.15,20.15,20.2,20.1,20.2,71425
2020-12-24,20.25,20.25,20.25,20.1,20.15,112597
2020-12-25,20.25,20.25,20.3,20.15,20.25,84361
2020-12-28,20.35,20.35,20.35,20.25,20.25,147286
2020-12-29,20.5,20.5,20.5,20.3,20.35,294345
2020-12-30,20.6,20.6,20.6,20.35,20.4,323169
2020-12-31,20.5,20.5,20.6,20.5,20.6,95217
2021-01-04,20.55,20.55,20.55,20.3,20.5,183449
2021-01-05,20.4,20.4,20.55,20.35,20.55,99363
2021-01-06,20.25,20.25,20.4,20.2,20.25,207915
2021-01-07,20.35,20.35,20.45,20.25,20.25,191164
2021-01-08,20.4,20.4,20.45,20.35,20.35,86903
2021-01-11,20.35,20.35,20.45,20.35,20.4,148026
2021-01-12,20.35,20.35,20.4,20.25,20.35,184846
2021-01-13,20.4,20.4,20.5,20.3,20.35,138370
2021-01-14,20.3,20.3,20.4,20.3,20.4,44531
2021-01-15,20.25,20.25,20.3,20.15,20.3,138980
2021-01-18,20.1,20.1,20.2,19.95,20.2,344095
2021-01-19,20.25,20.25,20.3,20.1,20.1,98626
2021-01-20,20.0,20.0,20.15,19.95,20.1,233211
2021-01-21,20.0,20.0,20.2,20.0,20.15,140745
2021-01-22,20.4,20.4,20.5,20.2,20.2,689655
2021-01-25,20.65,20.65,21.5,20.6,20.8,3324727
2021-01-26,20.3,20.3,20.9,20.2,20.9,908754
2021-01-27,20.1,20.1,20.35,20.1,20.3,420895
2021-01-28,20.05,20.05,20.1,20.0,20.1,465351
2021-01-29,20.0,20.0,20.1,19.95,20.05,292269
2021-02-01,19.8,19.8,20.1,19.8,20.0,592038
2021-02-02,19.9,19.9,20.0,19.85,19.9,267146
2021-02-03,20.0,20.0,20.1,19.85,19.9,175640
2021-02-04,19.95,19.95,20.1,19.9,19.9,150079
2021-02-05,20.05,20.05,20.1,20.0,20.0,183194
2021-02-17,20.05,20.05,20.2,20.0,20.1,368860
2021-02-18,20.5,20.5,20.55,20.1,20.1,857023
2021-02-19,20.6,20.6,20.85,20.5,20.8,550110
2021-02-22,20.55,20.55,20.6,20.4,20.55,342612
2021-02-23,20.85,20.85,20.85,20.6,20.6,591710
2021-02-24,20.65,20.65,20.85,20.6,20.85,328640
2021-02-25,20.85,20.85,20.9,20.7,20.75,250803
2021-02-26,20.65,20.65,20.8,20.6,20.8,283111
2021-03-02,20.5,20.5,20.7,20.5,20.65,287498
2021-03-03,20.6,20.6,20.7,20.5,20.7,145071
2021-03-04,20.6,20.6,20.65,20.5,20.6,213698
2021-03-05,20.65,20.65,20.7,20.55,20.6,161709
2021-03-08,21.05,21.05,21.2,20.7,20.7,937865
2021-03-09,21.45,21.45,21.45,21.15,21.15,1222557
2021-03-10,21.4,21.4,21.5,21.15,21.5,493541
2021-03-11,21.55,21.55,21.75,21.5,21.6,634726
2021-03-12,21.45,21.45,21.6,21.35,21.6,260177
2021-03-15,21.85,21.85,22.0,21.4,21.45,870082
2021-03-16,21.75,21.75,22.0,21.7,21.85,245073
2021-03-17,21.7,21.7,21.9,21.6,21.75,286460
2021-03-18,21.7,21.7,21.75,21.55,21.7,322955
2021-03-19,21.6,21.6,21.7,21.55,21.6,218703
2021-03-22,22.0,22.0,22.0,21.6,21.6,503065
2021-03-23,21.95,21.95,22.05,21.85,22.0,253450
2021-03-24,21.95,21.95,22.0,21.9,21.9,309475
2021-03-25,21.9,21.9,22.0,21.85,21.9,270236
2021-03-26,21.95,21.95,22.0,21.9,21.9,261803
2021-03-29,22.35,22.35,22.45,22.0,22.0,715897
2021-03-30,22.35,22.35,22.35,22.25,22.3,192516
2021-03-31,22.4,22.4,22.45,22.3,22.45,266051
2021-04-01,22.4,22.4,22.45,22.35,22.45,301210
2021-04-06,22.45,22.45,22.45,22.3,22.4,383444
2021-04-07,22.8,22.8,22.8,22.4,22.4,916150
2021-04-08,23.45,23.45,23.6,22.85,22.85,688152
2021-04-09,23.1,23.1,23.4,22.9,23.4,817005
2021-04-12,22.95,22.95,23.05,22.9,23.0,836528
2021-04-13,23.1,23.1,23.1,22.95,22.95,554238
2021-04-14,23.5,23.5,23.5,22.95,23.05,846818
2021-04-15,23.55,23.55,23.55,23.2,23.2,370368
2021-04-16,23.55,23.55,23.55,23.4,23.45,330878
2021-04-19,24.0,24.0,24.15,23.5,23.55,803565
2021-04-20,23.4,23.4,24.05,23.4,23.9,1819709
2021-04-21,23.6,23.6,23.7,23.35,23.35,770769
2021-04-22,23.6,23.6,23.75,23.45,23.55,851046
2021-04-23,23.6,23.6,23.75,23.45,23.5,530632
2021-04-26,23.55,23.55,23.7,23.5,23.6,519577
2021-04-27,23.75,23.75,23.8,23.55,23.55,749643
2021-04-28,24.1,24.1,24.2,23.75,23.75,780095
2021-04-29,23.65,23.65,24.0,23.6,23.85,619065
2021-05-03,23.1,23.1,23.35,22.9,23.2,1813170
2021-05-04,22.95,22.95,23.45,22.7,23.1,1124272
2021-05-05,23.15,23.15,23.2,22.75,23.1,547240
2021-05-06,23.4,23.4,23.5,23.15,23.15,432112
2021-05-07,23.75,23.75,23.75,23.4,23.4,456566
2021-05-10,23.7,23.7,24.15,23.6,23.75,881564
2021-05-11,23.0,23.0,23.85,22.85,23.85,1233394
2021-05-12,21.65,21.65,22.8,21.05,22.8,2634020
2021-05-13,21.4,21.4,22.0,21.0,21.0,865190
2021-05-14,21.4,21.4,21.9,21.3,21.45,580857
2021-05-17,19.8,19.8,20.3,19.5,19.5,3236714
2021-05-18,20.1,20.1,20.25,19.5,19.65,1283641
2021-05-19,20.0,20.0,20.15,19.8,20.0,1338261
2021-05-20,19.95,19.95,20.05,19.75,19.95,1036636
2021-05-21,20.05,20.05,20.25,19.95,20.1,643245
2021-05-24,20.55,20.55,20.6,19.95,20.0,865437
2021-05-25,20.4,20.4,20.75,20.35,20.7,830674
2021-05-26,20.35,20.35,20.5,20.15,20.4,959362
2021-05-27,20.4,20.4,20.5,20.15,20.3,608424
2021-05-28,20.65,20.65,20.65,20.4,20.4,506657
2021-05-31,20.8,20.8,20.9,20.7,20.7,430492
2021-06-01,20.9,20.9,21.0,20.8,20.8,628210
2021-06-02,21.15,21.15,21.2,20.85,20.9,867920
2021-06-03,21.45,21.45,21.45,21.2,21.2,615229
2021-06-04,21.5,21.5,21.55,21.3,21.45,646797
2021-06-07,21.6,21.6,21.8,21.3,21.6,854358
2021-06-08,21.7,21.7,21.8,21.6,21.65,540387
2021-06-09,21.8,21.8,21.8,21.6,21.75,680179
2021-06-10,21.85,21.85,21.9,21.75,21.8,727236
2021-06-11,21.45,21.45,21.85,21.15,21.85,2204868
2021-06-15,21.4,21.4,21.5,21.05,21.4,1053921
2021-06-16,21.6,21.6,21.65,21.3,21.5,927082
2021-06-17,21.7,21.7,21.8,21.5,21.6,1965731
2021-06-18,20.45,20.45,20.65,20.45,20.65,1336197
2021-06-21,20.35,20.35,20.45,20.0,20.45,1464633
2021-06-22,20.35,20.35,20.45,20.3,20.4,284637
2021-06-23,20.3,20.3,20.35,20.2,20.35,307809
2021-06-24,20.2,20.2,20.3,20.15,20.3,285840
2021-06-25,20.2,20.2,20.3,20.1,20.3,461757
2021-06-28,20.05,20.05,20.1,19.9,20.1,804527
2021-06-29,20.05,20.05,20.15,20.0,20.1,499634
2021-06-30,20.25,20.25,20.25,20.0,20.05,430733
2021-07-01,20.3,20.3,20.35,20.15,20.3,162780
2021-07-02,20.2,20.2,20.3,20.1,20.3,387253
2021-07-05,20.1,20.1,20.3,20.05,20.3,711296
2021-07-06,20.2,20.2,20.3,20.1,20.2,201159
2021-07-07,20.15,20.15,20.3,20.15,20.2,131014
2021-07-08,20.2,20.2,20.3,20.15,20.15,256694
2021-07-09,20.3,20.3,20.4,20.2,20.3,289736
2021-07-12,20.15,20.15,20.3,20.15,20.2,472543
2021-07-13,20.2,20.2,20.3,20.2,20.3,269610
2021-07-14,20.3,20.3,20.4,20.25,20.3,290319
2021-07-15,20.25,20.25,20.3,20.2,20.25,288239
2021-07-16,20.1,20.1,20.1,19.8,20.0,1523799
2021-07-19,19.9,19.9,19.95,19.6,19.95,1731371
2021-07-20,19.85,19.85,19.9,19.75,19.75,479468
2021-07-21,19.8,19.8,19.85,19.7,19.85,544150
2021-07-22,19.85,19.85,19.9,19.7,19.8,442355
2021-07-23,19.85,19.85,19.85,19.7,19.75,363878
2021-07-26,19.85,19.85,19.9,19.7,19.85,390473
2021-07-27,19.75,19.75,19.85,19.7,19.85,313945
2021-07-28,19.65,19.65,19.85,19.55,19.85,592754
2021-07-29,19.65,19.65,19.7,19.6,19.65,321275
2021-07-30,19.6,19.6,19.65,19.55,19.65,269930
2021-08-02,19.6,19.6,19.8,19.55,19.8,349465
2021-08-03,19.65,19.65,19.75,19.6,19.65,271509
2021-08-04,19.65,19.65,19.75,19.6,19.75,222477
2021-08-05,19.65,19.65,19.65,19.55,19.6,675502
2021-08-06,19.7,19.7,19.75,19.65,19.7,149123
2021-08-09,19.7,19.7,19.7,19.65,19.7,151845
2021-08-10,19.65,19.65,19.7,19.6,19.7,254813
2021-08-11,19.65,19.65,19.75,19.55,19.65,822581
2021-08-12,19.65,19.65,19.7,19.55,19.6,1073555
2021-08-13,19.8,19.8,19.95,19.65,19.65,1336313
2021-08-16,19.6,19.6,19.95,19.55,19.95,1159615
2021-08-17,19.85,19.85,19.95,19.65,19.75,478420
2021-08-18,19.85,19.85,19.85,19.7,19.85,149701
2021-08-19,19.7,19.7,19.8,19.6,19.7,261973
2021-08-20,19.75,19.75,19.8,19.6,19.8,138273
2021-08-23,19.8,19.8,19.8,19.65,19.75,143944
2021-08-24,19.75,19.75,19.8,19.7,19.75,67162
2021-08-25,19.95,19.95,19.95,19.7,19.8,165544
2021-08-26,19.85,19.85,19.95,19.8,19.95,129572
2021-08-27,19.95,19.95,20.0,19.85,19.85,342868
2021-08-30,20.0,20.0,20.1,19.85,19.95,323362
2021-08-31,20.0,20.0,20.1,19.95,20.0,228795
2021-09-01,20.15,20.15,20.25,20.0,20.0,324403
2021-09-02,20.0,20.0,20.15,19.95,20.15,127772
2021-09-03,20.05,20.05,20.15,20.0,20.0,117205
2021-09-06,19.9,19.9,20.0,19.9,20.0,227625
2021-09-07,19.8,19.8,19.9,19.8,19.8,202355
2021-09-08,19.7,19.7,20.0,19.7,19.8,264452
2021-09-09,19.7,19.7,19.8,19.7,19.7,166553
2021-09-10,19.75,19.75,19.9,19.75,19.85,63294
2021-09-13,19.75,19.75,19.9,19.65,19.9,212468
2021-09-14,19.8,19.8,19.8,19.7,19.7,156273
2021-09-15,19.8,19.8,19.85,19.7,19.85,94775
2021-09-16,19.8,19.8,19.8,19.7,19.8,92349
2021-09-17,19.8,19.8,19.85,19.7,19.85,91670
2021-09-22,19.6,19.6,19.7,19.6,19.65,381193
2021-09-23,19.75,19.75,19.75,19.65,19.7,51160
2021-09-24,19.8,19.8,19.85,19.75,19.75,110656
2021-09-27,19.75,19.75,19.85,19.75,19.85,103745
2021-09-28,19.8,19.8,19.85,19.75,19.75,53042
2021-09-29,19.65,19.65,19.75,19.65,19.7,182129
2021-09-30,19.8,19.8,19.8,19.65,19.65,66781
2021-10-01,19.7,19.7,19.75,19.65,19.7,154578
2021-10-04,19.65,19.65,19.8,19.65,19.8,258267
2021-10-05,19.7,19.7,19.7,19.65,19.65,83966
2021-10-06,19.7,19.7,19.75,19.65,19.7,106265
2021-10-07,19.8,19.8,19.85,19.65,19.75,215497
2021-10-08,19.7,19.7,19.8,19.7,19.75,115939
2021-10-12,19.75,19.75,19.75,19.65,19.7,142404
2021-10-13,19.75,19.75,19.8,19.7,19.8,104268
2021-10-14,19.8,19.8,19.85,19.75,19.75,71714
2021-10-15,19.8,19.8,19.85,19.75,19.8,98759
2021-10-18,19.85,19.85,19.85,19.75,19.8,84445
2021-10-19,19.85,19.85,19.9,19.85,19.9,180167
2021-10-20,19.9,19.9,19.9,19.85,19.9,50779
2021-10-21,19.85,19.85,19.95,19.85,19.9,98558
2021-10-22,19.85,19.85,19.9,19.8,19.85,45599
2021-10-25,19.95,19.95,19.95,19.8,19.8,96001
2021-10-26,20.0,20.0,20.0,19.9,19.9,98416
2021-10-27,20.0,20.0,20.0,19.9,20.0,79210
2021-10-28,20.0,20.0,20.0,19.9,20.0,72354
2021-10-29,19.95,19.95,19.95,19.85,19.95,104558
2021-11-01,19.95,19.95,19.95,19.85,19.9,87047
2021-11-02,19.9,19.9,19.95,19.85,19.95,66258
2021-11-03,19.95,19.95,19.95,19.8,19.9,117360
2021-11-04,19.85,19.85,20.0,19.85,20.0,174308
2021-11-05,19.85,19.85,19.9,19.8,19.85,89398
2021-11-08,19.85,19.85,19.9,19.85,19.85,60482
2021-11-09,19.9,19.9,19.9,19.8,19.85,92233
2021-11-10,19.9,19.9,20.0,19.9,19.95,222015
2021-11-11,19.95,19.95,19.95,19.9,19.9,103068
2021-11-12,19.95,19.95,20.05,19.95,19.95,221966
2021-11-15,20.15,20.15,20.25,19.95,20.0,266596
2021-11-16,20.1,20.1,20.2,20.05,20.15,177549
2021-11-17,20.2,20.2,20.25,20.1,20.1,274706
2021-11-18,20.3,20.3,20.35,20.1,20.2,446931
2021-11-19,20.35,20.35,20.4,20.3,20.3,355716
2021-11-22,20.35,20.35,20.35,20.25,20.3,257593
2021-11-23,20.2,20.2,20.35,20.2,20.35,210538
2021-11-24,20.25,20.25,20.3,20.2,20.25,92425
2021-11-25,20.2,20.2,20.3,20.2,20.25,88563
2021-11-26,20.05,20.05,20.25,20.0,20.2,431822
2021-11-29,20.05,20.05,20.05,19.9,20.0,177410
2021-11-30,20.0,20.0,20.1,20.0,20.05,97882
2021-12-01,20.25,20.25,20.3,20.0,20.0,211372
2021-12-02,20.1,20.1,20.3,20.05,20.2,118574
2021-12-03,20.05,20.05,20.2,20.05,20.05,68005
2021-12-06,20.1,20.1,20.15,20.05,20.05,67974
2021-12-07,20.1,20.1,20.2,20.05,20.1,76660
2021-12-08,20.2,20.2,20.25,20.1,20.25,126411
2021-12-09,20.15,20.15,20.25,20.15,20.2,116775
2021-12-10,20.1,20.1,20.2,20.05,20.15,157289
2021-12-13,20.1,20.1,20.15,20.1,20.1,97527
2021-12-14,20.0,20.0,20.1,20.0,20.1,184655
2021-12-15,20.05,20.05,20.15,20.0,20.0,99508
2021-12-16,20.05,20.05,20.05,20.0,20.05,117940
2021-12-17,20.05,20.05,20.1,20.0,20.05,125632
2021-12-20,20.05,20.05,20.15,20.05,20.05,92008
2021-12-21,20.1,20.1,20.1,20.05,20.05,114944
2021-12-22,20.1,20.1,20.15,20.05,20.1,170695
2021-12-23,20.1,20.1,20.15,20.1,20.1,54004
2021-12-24,20.2,20.2,20.25,20.1,20.1,260549
2021-12-27,20.25,20.25,20.3,20.2,20.2,172667
2021-12-28,20.35,20.35,20.4,20.25,20.35,236090
2021-12-29,20.35,20.35,20.4,20.3,20.35,251593
2021-12-30,20.4,20.4,20.5,20.35,20.4,258605
2022-01-03,20.3,20.3,20.4,20.25,20.4,315967
2022-01-04,20.3,20.3,20.4,20.3,20.3,101307
2022-01-05,20.3,20.3,20.35,20.2,20.2,183219
2022-01-06,20.25,20.25,20.35,20.25,20.35,158917
2022-01-07,20.3,20.3,20.4,20.2,20.4,216297
2022-01-10,20.25,20.25,20.3,20.2,20.3,178262
2022-01-11,20.35,20.35,20.4,20.25,20.25,333553
2022-01-12,20.4,20.4,20.4,20.3,20.4,211204
2022-01-13,20.6,20.6,20.6,20.4,20.4,570960
2022-01-14,20.4,20.4,20.65,20.4,20.65,422836
2022-01-17,20.3,20.3,20.5,20.25,20.4,335808
2022-01-18,20.4,20.4,20.5,20.3,20.3,208457
2022-01-19,20.35,20.35,20.5,20.35,20.5,191130
2022-01-20,20.35,20.35,20.5,20.3,20.5,137335
2022-01-21,20.25,20.25,20.35,20.2,20.35,335469
2022-01-24,20.3,20.3,20.3,20.1,20.15,141988
2022-01-25,20.25,20.25,20.25,20.15,20.25,185825
2022-01-26,20.3,20.3,20.35,20.2,20.2,58164
2022-02-07,20.5,20.5,20.5,20.3,20.4,330626
2022-02-08,20.5,20.5,20.5,20.4,20.5,207877
2022-02-09,20.55,20.55,20.55,20.4,20.5,227672
2022-02-10,20.45,20.45,20.55,20.45,20.5,193061
2022-02-11,20.5,20.5,20.55,20.45,20.45,185955
2022-02-14,20.4,20.4,20.6,20.35,20.6,289920
2022-02-15,20.45,20.45,20.55,20.45,20.45,186539
2022-02-16,20.55,20.55,20.6,20.45,20.5,114578
2022-02-17,20.5,20.5,20.55,20.5,20.55,294952
2022-02-18,20.55,20.55,20.6,20.45,20.45,163816
2022-02-21,20.55,20.55,20.55,20.5,20.5,176621
2022-02-22,20.6,20.6,20.7,20.45,20.55,331125
2022-02-23,20.6,20.6,20.75,20.6,20.7,139178
2022-02-24,20.45,20.45,20.65,20.45,20.65,404835
2022-02-25,20.45,20.45,20.55,20.4,20.45,263318
2022-03-01,20.55,20.55,20.55,20.45,20.5,427291
2022-03-02,20.6,20.6,20.6,20.5,20.55,101383
2022-03-03,20.55,20.55,20.65,20.55,20.6,158214
2022-03-04,20.45,20.45,20.55,20.45,20.55,139286
2022-03-07,20.2,20.2,20.45,20.15,20.45,430383
2022-03-08,20.05,20.05,20.2,20.05,20.1,347024
2022-03-09,20.1,20.1,20.15,20.1,20.1,104353
2022-03-10,20.3,20.3,20.3,20.15,20.15,109609
2022-03-11,20.25,20.25,20.3,20.2,20.2,92473
2022-03-14,20.25,20.25,20.3,20.2,20.2,86117
2022-03-15,20.15,20.15,20.3,20.15,20.3,150567
2022-03-16,20.2,20.2,20.25,20.15,20.15,137239
2022-03-17,20.35,20.35,20.4,20.25,20.35,234778
2022-03-18,20.35,20.35,20.55,20.35,20.55,265707
2022-03-21,20.4,20.4,20.5,20.35,20.35,386963
2022-03-22,20.45,20.45,20.5,20.35,20.4,202221
2022-03-23,20.6,20.6,20.6,20.45,20.45,444467
2022-03-24,20.55,20.55,20.6,20.5,20.5,168146
2022-03-25,20.55,20.55,20.6,20.5,20.55,140923
2022-03-28,20.45,20.45,20.6,20.4,20.55,453427
2022-03-29,20.55,20.55,20.6,20.5,20.5,191871
2022-03-30,20.75,20.75,20.75,20.6,20.6,363340
2022-03-31,20.75,20.75,20.85,20.7,20.75,331680
2022-04-01,20.95,20.95,21.0,20.75,20.75,907570
2022-04-06,21.05,21.05,21.1,20.85,20.95,1051379
2022-04-07,20.85,20.85,21.05,20.8,21.05,1140977
2022-04-08,20.45,20.45,20.55,20.3,20.4,901625
2022-04-11,20.4,20.4,20.55,20.3,20.45,428560
2022-04-12,20.45,20.45,20.5,20.3,20.4,153591
2022-04-13,20.35,20.35,20.5,20.35,20.45,313078
2022-04-14,20.5,20.5,20.65,20.35,20.35,308968
2022-04-15,20.4,20.4,20.5,20.4,20.5,113274
2022-04-18,20.4,20.4,20.4,20.2,20.35,205126
2022-04-19,20.4,20.4,20.4,20.3,20.4,107696
2022-04-20,20.4,20.4,20.45,20.3,20.3,104098
2022-04-21,20.35,20.35,20.4,20.3,20.4,81726
2022-04-22,20.45,20.45,20.45,20.25,20.3,74972
2022-04-25,20.2,20.2,20.3,20.15,20.25,314001
2022-04-26,20.25,20.25,20.25,20.15,20.25,244609
2022-04-27,20.1,20.1,20.2,20.05,20.2,336316
2022-04-28,20.15,20.15,20.15,20.05,20.1,134824
2022-04-29,20.15,20.15,20.2,20.1,20.15,125956
2022-05-03,20.0,20.0,20.05,19.9,20.0,521028
2022-05-04,19.95,19.95,20.0,19.9,19.95,390878
2022-05-05,19.95,19.95,19.95,19.9,19.95,261337
2022-05-06,19.8,19.8,19.9,19.75,19.8,335635
2022-05-09,19.45,19.45,19.75,19.4,19.75,826598
2022-05-10,19.35,19.35,19.4,19.1,19.4,643300
2022-05-11,19.35,19.35,19.4,19.2,19.2,127415
2022-05-12,19.3,19.3,19.4,19.15,19.4,190436
2022-05-13,19.5,19.5,19.5,19.2,19.2,155024
2022-05-16,19.5,19.5,19.5,19.25,19.5,231175
2022-05-17,19.5,19.5,19.5,19.3,19.35,226940
2022-05-18,19.5,19.5,19.5,19.35,19.4,222956
2022-05-19,19.3,19.3,19.4,19.2,19.35,225921
2022-05-20,19.3,19.3,19.3,19.2,19.3,206793
2022-05-23,19.25,19.25,19.25,19.15,19.25,202130
2022-05-24,19.35,19.35,19.4,19.3,19.3,177204
2022-05-25,19.45,19.45,19.5,19.35,19.35,106089
2022-05-26,19.55,19.55,19.6,19.5,19.5,84533
2022-05-27,19.75,19.75,19.8,19.6,19.6,204570
2022-05-30,19.95,19.95,20.0,19.85,19.85,274783
2022-05-31,19.9,19.9,19.95,19.85,19.95,51138
2022-06-01,19.85,19.85,19.9,19.75,19.85,145332
2022-06-02,19.75,19.75,19.8,19.75,19.8,34498
2022-06-06,19.75,19.75,19.8,19.7,19.7,69216
2022-06-07,19.7,19.7,19.75,19.7,19.7,52568
2022-06-08,19.75,19.75,19.8,19.7,19.7,45015
2022-06-09,19.75,19.75,19.8,19.7,19.7,27196
2022-06-10,19.7,19.7,19.7,19.6,19.65,73296
2022-06-13,19.6,19.6,19.6,19.4,19.5,213886
2022-06-14,19.45,19.45,19.6,19.4,19.6,133796
2022-06-15,19.5,19.5,19.55,19.45,19.45,115815
2022-06-16,19.5,19.5,19.65,19.4,19.55,156064
2022-06-17,19.5,19.5,19.5,19.3,19.45,157124
2022-06-20,19.3,19.3,19.4,19.25,19.4,206316
2022-06-21,19.5,19.5,19.55,19.3,19.5,236025
2022-06-22,19.45,19.45,19.45,19.3,19.4,78492
2022-06-23,19.55,19.55,19.55,19.35,19.5,204946
2022-06-24,19.6,19.6,19.75,19.5,19.5,200105
2022-06-27,19.65,19.65,19.8,19.5,19.6,231929
2022-06-28,19.55,19.55,19.6,19.5,19.6,74652
2022-06-29,19.45,19.45,19.5,19.35,19.5,152943
2022-06-30,19.4,19.4,19.5,19.3,19.4,214629
2022-07-01,19.3,19.3,19.4,19.2,19.3,263554
2022-07-04,19.25,19.25,19.45,19.1,19.3,218145
2022-07-05,19.35,19.35,19.35,19.15,19.3,97105
2022-07-06,19.2,19.2,19.35,19.1,19.35,225354
2022-07-07,19.25,19.25,19.3,19.2,19.25,79268
2022-07-08,19.2,19.2,19.25,19.1,19.2,107230
2022-07-11,19.7,19.7,19.75,19.35,19.65,385011
2022-07-12,19.4,19.4,19.55,19.4,19.45,147167
2022-07-13,19.6,19.6,19.65,19.5,19.5,72251
2022-07-14,19.55,19.55,19.65,19.55,19.6,56210
2022-07-15,19.55,19.55,19.6,19.45,19.45,40177
2022-07-18,19.65,19.65,19.65,19.5,19.5,82762
2022-07-19,19.65,19.65,19.7,19.6,19.6,92003
2022-07-20,19.5,19.5,19.8,19.45,19.7,184720
2022-07-21,19.55,19.55,19.55,19.35,19.45,139965
2022-07-22,19.55,19.55,19.55,19.45,19.55,43485
2022-07-25,19.65,19.65,19.65,19.55,19.55,41171
2022-07-26,19.6,19.6,19.65,19.55,19.65,39360
2022-07-27,19.7,19.7,19.7,19.55,19.6,45433
2022-07-28,19.65,19.65,19.7,19.6,19.7,79037
2022-07-29,19.55,19.55,19.7,19.55,19.7,162442
2022-08-01,19.55,19.55,19.6,19.55,19.6,127003
2022-08-02,19.55,19.55,19.6,19.5,19.55,111328
2022-08-03,19.55,19.55,19.7,19.5,19.5,165296
2022-08-04,19.5,19.5,19.55,19.4,19.55,164543
2022-08-05,19.5,19.5,19.6,19.5,19.6,93078
2022-08-08,19.5,19.5,19.6,19.45,19.5,24502
2022-08-09,19.7,19.7,19.7,19.5,19.5,67902
2022-08-10,19.9,19.9,19.9,19.65,19.65,250897
2022-08-11,20.0,20.0,20.0,19.9,19.9,192500
2022-08-12,20.05,20.05,20.05,19.9,19.9,100972
2022-08-15,20.0,20.0,20.0,19.9,19.9,81969
2022-08-16,19.9,19.9,20.0,19.9,20.0,43741
2022-08-17,19.95,19.95,20.0,19.9,20.0,92948
2022-08-18,19.95,19.95,20.0,19.9,19.95,118428
2022-08-19,19.95,19.95,20.05,19.8,20.05,339913
2022-08-22,19.95,19.95,19.95,19.75,19.9,181869
2022-08-23,19.95,19.95,19.95,19.85,19.95,33720
2022-08-24,19.95,19.95,20.0,19.9,19.95,63467
2022-08-25,20.0,20.0,20.05,19.95,19.95,107727
2022-08-26,20.05,20.05,20.1,20.0,20.05,110024
2022-08-29,20.1,20.1,20.1,19.95,20.0,207661
2022-08-30,20.15,20.15,20.15,20.0,20.0,101094
2022-08-31,20.15,20.15,20.15,20.05,20.15,86481
2022-09-01,20.15,20.15,20.15,19.95,20.0,211212
2022-09-02,20.05,20.05,20.15,20.05,20.15,100047
2022-09-05,20.1,20.1,20.15,20.0,20.0,102445
2022-09-06,20.1,20.1,20.1,20.0,20.1,110103
2022-09-07,20.05,20.05,20.05,19.95,20.0,156776
2022-09-08,20.25,20.25,20.25,20.15,20.2,199814
2022-09-12,20.3,20.3,20.35,20.2,20.35,152372
2022-09-13,20.3,20.3,20.35,20.25,20.25,108908
2022-09-14,20.45,20.45,20.55,20.25,20.3,305822
2022-09-15,20.5,20.5,20.55,20.4,20.4,251634
2022-09-16,20.4,20.4,20.45,20.35,20.45,233590
2022-09-19,20.3,20.3,20.4,20.2,20.4,137727
2022-09-20,20.4,20.4,20.45,20.25,20.35,113873
2022-09-21,20.25,20.25,20.4,20.2,20.4,203817
2022-09-22,20.15,20.15,20.15,20.05,20.1,224159
2022-09-23,20.1,20.1,20.25,20.1,20.15,84438
2022-09-26,20.0,20.0,20.2,19.95,20.2,238741
2022-09-27,20.05,20.05,20.15,20.0,20.0,106404
2022-09-28,19.9,19.9,20.05,19.8,20.05,360246
2022-09-29,19.95,19.95,20.0,19.9,19.9,67208
2022-09-30,20.05,20.05,20.05,19.9,20.0,112269
2022-10-03,20.0,20.0,20.0,19.9,20.0,139602
2022-10-04,20.0,20.0,20.05,19.9,20.0,148030
2022-10-05,20.15,20.15,20.15,20.0,20.0,156136
2022-10-06,20.05,20.05,20.1,20.0,20.1,68317
2022-10-07,20.05,20.05,20.1,20.0,20.0,74285
2022-10-11,19.9,19.9,20.0,19.85,20.0,185780
2022-10-12,19.9,19.9,19.9,19.8,19.9,140194
2022-10-13,19.8,19.8,19.9,19.65,19.9,261022
2022-10-14,20.0,20.0,20.0,19.85,19.85,171106
2022-10-17,19.9,19.9,19.9,19.7,19.9,149203
2022-10-18,19.95,19.95,20.0,19.8,19.9,119823
2022-10-19,19.9,19.9,19.95,19.8,19.95,108121
2022-10-20,19.8,19.8,19.85,19.6,19.8,125502
2022-10-21,19.75,19.75,19.8,19.7,19.8,83892
2022-10-24,19.8,19.8,19.9,19.75,19.8,125097
2022-10-25,19.9,19.9,19.95,19.8,19.85,116444
2022-10-26,19.9,19.9,20.0,19.8,19.9,112023
2022-10-27,20.0,20.0,20.0,19.9,19.95,91277
2022-10-28,19.7,19.7,20.0,19.5,20.0,879972
2022-10-31,19.8,19.8,19.9,19.75,19.9,90463
2022-11-01,19.9,19.9,19.9,19.7,19.7,71122
2022-11-02,19.8,19.8,20.0,19.8,20.0,54340
2022-11-03,19.8,19.8,19.85,19.75,19.85,28116
2022-11-04,19.95,19.95,19.95,19.75,19.8,74598
2022-11-07,20.05,20.05,20.1,19.9,20.0,139184
2022-11-08,20.1,20.1,20.2,20.05,20.2,98050
2022-11-09,20.15,20.15,20.15,20.05,20.1,142268
2022-11-10,20.15,20.15,20.15,19.95,20.05,70041
2022-11-11,20.2,20.2,20.25,20.15,20.2,220664
2022-11-14,20.25,20.25,20.25,20.1,20.15,78322
2022-11-15,20.2,20.2,20.2,20.1,20.15,110614
2022-11-16,20.05,20.05,20.15,20.05,20.15,78943
2022-11-17,20.15,20.15,20.15,20.05,20.1,52646
2022-11-18,20.1,20.1,20.15,20.05,20.15,43322
2022-11-21,20.15,20.15,20.15,20.05,20.1,91436
2022-11-22,20.2,20.2,20.2,20.1,20.1,78257
2022-11-23,20.3,20.3,20.3,20.2,20.2,87428
2022-11-24,20.35,20.35,20.4,20.3,20.3,122875
2022-11-25,20.35,20.35,20.45,20.3,20.4,65588
2022-11-28,20.4,20.4,20.45,20.25,20.35,165957
2022-11-29,20.35,20.35,20.4,20.25,20.4,86891
2022-11-30,20.35,20.35,20.35,20.3,20.35,136760
2022-12-01,20.35,20.35,20.4,20.3,20.35,223521
2022-12-02,20.45,20.45,20.55,20.35,20.4,161304
2022-12-05,20.6,20.6,20.6,20.45,20.45,164667
2022-12-06,20.6,20.6,20.6,20.5,20.5,115421
2022-12-07,20.5,20.5,20.6,20.45,20.5,210413
2022-12-08,20.5,20.5,20.5,20.45,20.5,137386
2022-12-09,20.5,20.5,20.5,20.4,20.45,80149
2022-12-12,20.5,20.5,20.5,20.4,20.5,95454
2022-12-13,20.4,20.4,20.45,20.4,20.4,121128
2022-12-14,20.5,20.5,20.6,20.35,20.5,186272
2022-12-15,20.5,20.5,20.55,20.4,20.5,146372
2022-12-16,20.4,20.4,20.55,20.4,20.45,192997
2022-12-19,20.5,20.5,20.5,20.4,20.4,111019
2022-12-20,20.4,20.4,20.6,20.4,20.6,66029
2022-12-21,20.5,20.5,20.5,20.35,20.45,88158
2022-12-22,20.5,20.5,20.5,20.45,20.45,26073
2022-12-23,20.45,20.45,20.5,20.4,20.4,88180
2022-12-26,20.45,20.45,20.45,20.35,20.45,72633
2022-12-27,20.45,20.45,20.45,20.4,20.45,56401
2022-12-28,20.45,20.45,20.45,20.4,20.45,50023
2022-12-29,20.4,20.4,20.5,20.35,20.5,81939
2022-12-30,20.45,20.45,20.45,20.4,20.4,37807
2023-01-03,20.5,20.5,20.5,20.3,20.4,115199
2023-01-04,20.5,20.5,20.5,20.4,20.45,69098
2023-01-05,20.5,20.5,20.5,20.45,20.5,59718
2023-01-06,20.5,20.5,20.5,20.45,20.5,58382
2023-01-09,20.6,20.6,20.6,20.55,20.55,258984
2023-01-10,20.55,20.55,20.6,20.55,20.55,121621
2023-01-11,20.65,20.65,20.65,20.55,20.55,99063
2023-01-12,20.65,20.65,20.65,20.55,20.65,64713
2023-01-13,20.65,20.65,20.65,20.55,20.65,111679
2023-01-16,20.65,20.65,20.65,20.55,20.65,100829
2023-01-17,20.7,20.7,20.7,20.55,20.65,130425
2023-01-30,20.65,20.65,20.8,20.65,20.7,193371
2023-01-31,20.65,20.65,20.7,20.6,20.6,94143
2023-02-01,20.7,20.7,20.75,20.6,20.65,94667
2023-02-02,20.7,20.7,20.75,20.65,20.7,76282
2023-02-03,20.75,20.75,20.75,20.65,20.65,96409
2023-02-06,20.8,20.8,20.8,20.7,20.75,66639
2023-02-07,20.8,20.8,20.85,20.7,20.8,266719
2023-02-08,20.8,20.8,20.85,20.7,20.7,56506
2023-02-09,20.75,20.75,20.8,20.7,20.7,77439
2023-02-10,20.7,20.7,20.75,20.65,20.7,135558
2023-02-13,20.65,20.65,20.7,20.6,20.7,169508
2023-02-14,20.65,20.65,20.75,20.6,20.65,139266
2023-02-15,20.6,20.6,20.7,20.6,20.65,111303
2023-02-16,20.75,20.75,20.8,20.65,20.75,102185
2023-02-17,20.7,20.7,20.75,20.65,20.7,118969
2023-02-20,20.7,20.7,20.75,20.6,20.7,124897
2023-02-21,20.9,20.9,20.9,20.65,20.75,167395
2023-02-22,20.85,20.85,20.85,20.7,20.8,165753
2023-02-23,20.8,20.8,20.85,20.75,20.75,84917
2023-02-24,20.8,20.8,20.8,20.65,20.8,145104
2023-03-01,20.75,20.75,20.85,20.7,20.8,129929
2023-03-02,20.8,20.8,20.85,20.75,20.85,155406
2023-03-03,20.8,20.8,20.85,20.7,20.75,177130
2023-03-06,20.85,20.85,20.9,20.8,20.85,280301
2023-03-07,20.9,20.9,20.9,20.8,20.85,85603
2023-03-08,21.15,21.15,21.25,20.9,20.95,498344
2023-03-09,21.35,21.35,21.4,21.2,21.2,641425
2023-03-10,21.15,21.15,21.35,21.05,21.3,338651
2023-03-13,21.05,21.05,21.1,20.85,21.1,232372
2023-03-14,20.9,20.9,21.1,20.85,21.1,274907
2023-03-15,20.85,20.85,21.0,20.85,20.95,125722
2023-03-16,20.6,20.6,21.05,20.6,21.05,290545
2023-03-17,20.65,20.65,20.75,20.55,20.6,287046
2023-03-20,20.7,20.7,20.7,20.6,20.65,83473
2023-03-21,20.7,20.7,20.8,20.65,20.8,57433
2023-03-22,20.75,20.75,20.85,20.7,20.8,55647
2023-03-23,20.85,20.85,20.85,20.75,20.75,76996
2023-03-24,20.75,20.75,20.85,20.75,20.85,70058
2023-03-27,20.75,20.75,20.75,20.65,20.7,76126
2023-03-28,20.75,20.75,20.75,20.65,20.75,84124
2023-03-29,20.75,20.75,20.8,20.65,20.75,117330
2023-03-30,20.75,20.75,20.75,20.7,20.75,141241
2023-03-31,20.75,20.75,20.8,20.7,20.8,94964
2023-04-06,20.85,20.85,20.9,20.7,20.8,78328
2023-04-07,20.8,20.8,20.85,20.8,20.85,26062
2023-04-10,20.8,20.8,20.85,20.7,20.8,66188
2023-04-11,20.8,20.8,20.85,20.8,20.8,78070
2023-04-12,20.9,20.9,20.9,20.8,20.8,104406
2023-04-13,21.0,21.0,21.15,21.0,21.05,173636
2023-04-14,21.05,21.05,21.15,20.95,21.1,288478
2023-04-17,21.1,21.1,21.15,21.05,21.05,139884
2023-04-18,21.1,21.1,21.25,21.1,21.1,203145
2023-04-19,21.05,21.05,21.15,21.0,21.15,123294
2023-04-20,20.9,20.9,21.1,20.8,21.1,96246
2023-04-21,20.9,20.9,21.0,20.9,20.95,74193
2023-04-24,20.95,20.95,21.0,20.95,21.0,61125
2023-04-25,20.85,20.85,21.0,20.8,21.0,132182
2023-04-26,20.95,20.95,21.0,20.75,20.95,103011
2023-04-27,20.95,20.95,21.0,20.95,21.0,55068
2023-04-28,21.25,21.25,21.35,21.15,21.15,531575
2023-05-02,21.4,21.4,21.45,21.35,21.35,512088
2023-05-03,21.45,21.45,21.5,21.4,21.4,194953
2023-05-04,21.5,21.5,21.65,21.45,21.45,330839
2023-05-05,21.55,21.55,21.65,21.55,21.6,178735
2023-05-08,21.75,21.75,21.8,21.55,21.65,383028
2023-05-09,21.8,21.8,21.85,21.7,21.8,288686
2023-05-10,21.9,21.9,22.05,21.8,21.9,634901
2023-05-11,21.75,21.75,21.95,21.7,21.95,360064
2023-05-12,21.8,21.8,21.9,21.75,21.75,362469
2023-05-15,21.9,21.9,21.9,21.8,21.85,259426
2023-05-16,22.0,22.0,22.1,21.95,21.95,487005
2023-05-17,22.15,22.15,22.25,22.0,22.1,483021
2023-05-18,22.25,22.25,22.35,22.15,22.2,453458
2023-05-19,22.3,22.3,22.45,22.2,22.3,509969
2023-05-22,22.3,22.3,22.4,22.15,22.3,228468
2023-05-23,22.4,22.4,22.5,22.3,22.3,310184
2023-05-24,22.4,22.4,22.5,22.4,22.4,206336
2023-05-25,22.35,22.35,22.45,22.3,22.3,261659
2023-05-26,22.3,22.3,22.45,22.25,22.25,119988
2023-05-29,22.35,22.35,22.4,22.25,22.3,161775
2023-05-30,22.35,22.35,22.45,22.3,22.45,189572
2023-05-31,22.35,22.35,22.4,22.3,22.3,164081
2023-06-01,22.35,22.35,22.4,22.3,22.35,188387
2023-06-02,22.35,22.35,22.4,22.3,22.35,149729
2023-06-05,22.45,22.45,22.5,22.35,22.35,313970
2023-06-06,22.45,22.45,22.5,22.3,22.45,325540
2023-06-07,22.5,22.5,22.55,22.4,22.4,373199
2023-06-08,22.55,22.55,22.6,22.4,22.6,317590
2023-06-09,22.55,22.55,22.65,22.5,22.55,361331
2023-06-12,22.7,22.7,22.85,22.55,22.6,537304
2023-06-13,22.9,22.9,23.0,22.7,22.7,583107
2023-06-14,22.85,22.85,22.95,22.8,22.9,268690
2023-06-15,23.1,23.1,23.1,22.85,22.85,427908
2023-06-16,23.25,23.25,23.3,23.1,23.1,587950
2023-06-19,23.15,23.15,23.4,23.1,23.2,366681
2023-06-20,22.95,22.95,23.2,22.9,23.15,353272
2023-06-21,22.95,22.95,23.0,22.8,23.0,284563
2023-06-26,22.95,22.95,23.05,22.9,23.05,241216
2023-06-27,22.9,22.9,23.1,22.85,23.1,306383
2023-06-28,23.0,23.0,23.05,22.9,22.9,150213
2023-06-29,22.95,22.95,23.0,22.9,23.0,232872
2023-06-30,22.95,22.95,23.05,22.9,22.95,211451
2023-07-03,22.95,22.95,23.05,22.9,23.0,716954
2023-07-04,23.0,23.0,23.0,22.9,22.95,972633
2023-07-05,22.1,22.1,22.15,22.05,22.05,692279
2023-07-06,22.2,22.2,22.25,22.1,22.1,375984
2023-07-07,22.15,22.15,22.3,21.9,22.2,425966
2023-07-10,22.55,22.55,22.65,22.25,22.25,609790
2023-07-11,22.8,22.8,22.85,22.7,22.85,479095
2023-07-12,22.75,22.75,22.85,22.75,22.8,442600
2023-07-13,22.85,22.85,22.95,22.75,22.8,317202
2023-07-14,22.85,22.85,22.85,22.7,22.85,312212
2023-07-17,23.0,23.0,23.1,22.85,22.85,491401
2023-07-18,23.1,23.1,23.1,22.95,23.0,276233
2023-07-19,22.9,22.9,23.1,22.9,23.1,287259
2023-07-20,23.05,23.05,23.1,22.85,22.9,328993
2023-07-21,22.95,22.95,23.05,22.9,23.05,280611
2023-07-24,22.8,22.8,22.95,22.8,22.95,246148
2023-07-25,22.85,22.85,22.85,22.75,22.8,271714
2023-07-26,22.95,22.95,23.0,22.8,22.85,226997
2023-07-27,22.95,22.95,23.0,22.9,22.95,185701
2023-07-28,22.95,22.95,22.95,22.8,22.9,161199
2023-07-31,23.0,23.0,23.15,22.85,22.9,469383
2023-08-01,23.1,23.1,23.15,22.95,23.0,485019
2023-08-02,22.95,22.95,23.15,22.9,23.1,437771
2023-08-04,23.0,23.0,23.0,22.85,22.95,317747
2023-08-07,23.0,23.0,23.1,22.9,23.0,181290
2023-08-08,23.0,23.0,23.0,22.9,22.9,171845
2023-08-09,23.0,23.0,23.0,22.9,23.0,123636
2023-08-10,22.95,22.95,23.05,22.9,23.0,339506
2023-08-11,23.15,23.15,23.2,22.9,22.9,540934
2023-08-14,23.0,23.0,23.35,22.9,23.15,667186
2023-08-15,22.9,22.9,23.1,22.85,23.0,462738
2023-08-16,22.55,22.55,22.85,22.5,22.85,461245
2023-08-17,22.6,22.6,22.6,22.0,22.0,403262
2023-08-18,22.85,22.85,23.1,22.3,22.3,548238
2023-08-21,23.0,23.0,23.05,22.85,22.9,370874
2023-08-22,23.0,23.0,23.1,22.95,23.0,185078
2023-08-23,23.0,23.0,23.0,22.9,23.0,117392
2023-08-24,23.05,23.05,23.05,22.95,23.0,73927
2023-08-25,23.0,23.0,23.1,22.95,22.95,150664
2023-08-28,23.45,23.45,23.5,23.2,23.2,506954
2023-08-29,23.55,23.55,23.75,23.45,23.7,643607
2023-08-30,23.5,23.5,23.6,23.45,23.6,246211
2023-08-31,23.5,23.5,23.55,23.4,23.5,132921
2023-09-01,23.5,23.5,23.6,23.35,23.35,173390
2023-09-04,23.6,23.6,23.6,23.25,23.5,245726
2023-09-05,23.65,23.65,23.75,23.5,23.6,339822
2023-09-06,23.6,23.6,23.65,23.5,23.5,152150
2023-09-07,23.4,23.4,23.55,23.3,23.4,255448
2023-09-08,23.55,23.55,23.55,23.3,23.35,311401
2023-09-11,23.65,23.65,23.7,23.5,23.55,525709
2023-09-12,24.0,24.0,24.0,23.65,23.7,823609
2023-09-13,24.2,24.2,24.25,23.9,24.0,689808
2023-09-14,24.3,24.3,24.35,24.2,24.25,500920
2023-09-15,24.35,24.35,24.45,24.15,24.35,352950
2023-09-18,24.3,24.3,24.5,24.2,24.4,237999
2023-09-19,24.2,24.2,24.4,24.1,24.4,219003
2023-09-20,23.95,23.95,24.2,23.9,24.2,440173
2023-09-21,23.55,23.55,23.95,23.55,23.95,486653
2023-09-22,23.55,23.55,23.6,23.4,23.4,145733
2023-09-25,23.45,23.45,23.5,23.4,23.45,189191
2023-09-26,23.2,23.2,23.4,23.15,23.4,280787
2023-09-27,23.2,23.2,23.2,23.0,23.0,197135
2023-09-28,23.35,23.35,23.45,23.2,23.2,163917
2023-10-02,23.25,23.25,23.35,23.15,23.25,422749
2023-10-03,23.2,23.2,23.45,23.2,23.25,185294
2023-10-04,23.0,23.0,23.15,23.0,23.1,251461
2023-10-05,23.15,23.15,23.25,23.05,23.15,112385
2023-10-06,23.3,23.3,23.3,23.2,23.2,124696
2023-10-11,23.3,23.3,23.3,23.05,23.1,360783
2023-10-12,23.55,23.55,23.55,23.2,23.2,255772
2023-10-13,23.5,23.5,23.55,23.4,23.4,87339
2023-10-16,23.3,23.3,23.3,23.15,23.3,180353
2023-10-17,23.3,23.3,23.4,23.15,23.2,81625
2023-10-18,23.2,23.2,23.45,23.2,23.3,98231
2023-10-19,23.3,23.3,23.3,23.15,23.2,131177
2023-10-20,23.3,23.3,23.3,23.05,23.2,142147
2023-10-23,23.25,23.25,23.4,23.15,23.15,94402
2023-10-24,23.25,23.25,23.3,23.25,23.25,70252
2023-10-25,23.35,23.35,23.45,23.2,23.25,131945
2023-10-26,23.35,23.35,23.4,23.25,23.25,148396
2023-10-27,23.4,23.4,23.45,23.35,23.35,96634
2023-10-30,24.3,24.3,24.45,24.1,24.1,822920
2023-10-31,24.15,24.15,24.4,24.1,24.35,415042
2023-11-01,24.65,24.65,24.7,24.2,24.2,705141
2023-11-02,24.65,24.65,24.8,24.55,24.8,354512
2023-11-03,24.8,24.8,24.8,24.5,24.8,341145
2023-11-06,25.05,25.05,25.15,24.9,24.9,862448
2023-11-07,25.1,25.1,25.1,24.9,25.1,410388
2023-11-08,25.0,25.0,25.2,24.9,25.1,423691
2023-11-09,24.85,24.85,25.0,24.85,25.0,396334
2023-11-10,24.85,24.85,25.05,24.85,25.05,298584
2023-11-13,24.95,24.95,25.05,24.85,25.05,278463
2023-11-14,24.9,24.9,25.1,24.85,25.05,556395
2023-11-15,24.9,24.9,25.0,24.9,24.9,419743
2023-11-16,24.9,24.9,25.0,24.85,24.9,289955
2023-11-17,24.9,24.9,24.9,24.8,24.9,238957
2023-11-20,25.0,25.0,25.1,24.9,25.0,148527
2023-11-21,25.0,25.0,25.15,24.95,25.1,397383
2023-11-22,24.95,24.95,25.15,24.95,25.0,412897
2023-11-23,25.0,25.0,25.05,24.9,25.0,318426
2023-11-24,25.0,25.0,25.05,24.95,25.0,175595
2023-11-27,24.9,24.9,25.1,24.9,25.1,334428
2023-11-28,25.0,25.0,25.05,24.85,25.0,436583
2023-11-29,25.05,25.05,25.05,24.95,25.05,546989
2023-11-30,24.95,24.95,25.1,24.9,25.1,451695
2023-12-01,25.0,25.0,25.0,24.9,25.0,293573
2023-12-04,24.9,24.9,25.0,24.9,25.0,213181
2023-12-05,24.95,24.95,25.05,24.85,24.9,373509
2023-12-06,25.0,25.0,25.05,24.9,24.95,297279
2023-12-07,24.9,24.9,25.0,24.9,25.0,268895
2023-12-08,25.0,25.0,25.0,24.9,25.0,331078
2023-12-11,24.95,24.95,25.0,24.95,25.0,355284
2023-12-12,25.0,25.0,25.0,24.9,24.95,242297
2023-12-13,24.95,24.95,25.0,24.9,24.95,439501
2023-12-14,25.1,25.1,25.15,24.95,25.05,615812
2023-12-15,25.35,25.35,25.35,25.1,25.2,839482
2023-12-18,25.3,25.3,25.45,25.2,25.35,552586
2023-12-19,25.4,25.4,25.4,25.2,25.35,386965
2023-12-20,25.5,25.5,25.5,25.4,25.4,350960
2023-12-21,25.5,25.5,25.5,25.45,25.5,130311
2023-12-22,25.5,25.5,25.55,25.5,25.55,240120
2023-12-25,25.55,25.55,25.6,25.5,25.5,469889
2023-12-26,26.25,26.25,26.25,25.65,25.65,903714
2023-12-27,26.95,26.95,26.95,26.3,26.4,1055835
2023-12-28,26.55,26.55,27.1,26.45,27.1,1003072
2023-12-29,26.6,26.6,26.75,26.35,26.45,222683
2024-01-02,26.6,26.6,26.85,26.45,26.55,370840
2024-01-03,26.45,26.45,26.6,26.4,26.6,383682
2024-01-04,26.4,26.4,26.5,26.25,26.4,563505
2024-01-05,26.4,26.4,26.45,26.35,26.4,251212
2024-01-08,26.3,26.3,26.4,26.25,26.4,565023
2024-01-09,26.15,26.15,26.5,26.05,26.5,569937
2024-01-10,25.3,25.3,26.0,25.2,26.0,1839717
2024-01-11,25.8,25.8,25.85,25.3,25.45,662339
2024-01-12,25.55,25.55,25.7,25.5,25.7,321075
2024-01-15,25.65,25.65,25.75,25.55,25.55,222326
2024-01-16,25.3,25.3,25.75,25.3,25.55,405137
2024-01-17,25.15,25.15,25.3,25.1,25.3,494203
2024-01-18,25.7,25.7,26.0,25.2,25.2,329209
2024-01-19,25.6,25.6,25.7,25.5,25.5,202167
2024-01-22,25.35,25.35,25.7,25.3,25.6,449977
2024-01-23,25.7,25.7,25.75,25.45,25.5,167185
2024-01-24,25.85,25.85,25.95,25.5,25.5,292318
2024-01-25,25.85,25.85,25.9,25.7,25.7,278584
2024-01-26,26.3,26.3,26.3,25.75,25.75,398870
2024-01-29,26.0,26.0,26.3,25.95,26.3,636299
2024-01-30,26.15,26.15,26.2,25.9,26.2,294082
2024-01-31,26.1,26.1,26.2,26.0,26.1,134717
2024-02-01,26.3,26.3,26.3,26.1,26.1,101271
2024-02-02,26.0,26.0,26.25,25.95,26.2,275374
2024-02-05,26.0,26.0,26.15,25.9,26.0,185194
2024-02-15,26.0,26.0,26.2,25.95,25.95,215451
2024-02-16,26.35,26.35,26.8,26.15,26.15,760281
2024-02-19,26.55,26.55,26.65,26.35,26.35,278049
2024-02-20,26.35,26.35,26.6,26.3,26.6,272866
2024-02-21,26.65,26.65,26.75,26.45,26.5,593579
2024-02-22,26.6,26.6,26.65,26.5,26.6,141328
2024-02-23,26.35,26.35,26.65,26.35,26.6,256067
2024-02-26,26.5,26.5,26.5,26.3,26.35,188681
2024-02-27,26.4,26.4,26.65,26.3,26.4,177848
2024-02-29,26.55,26.55,26.65,26.3,26.3,262107
2024-03-01,26.6,26.6,26.65,26.45,26.55,334862
2024-03-04,26.55,26.55,26.75,26.3,26.6,445940
2024-03-05,26.9,26.9,26.95,26.55,26.55,493592
2024-03-06,27.1,27.1,27.15,26.95,26.95,565310
2024-03-07,27.05,27.05,27.1,26.95,27.0,315124
2024-03-08,26.8,26.8,27.05,26.7,27.0,345647
2024-03-11,27.6,27.6,27.85,26.95,26.95,1368863
2024-03-12,28.5,28.5,28.65,27.75,27.75,2300025
2024-03-13,28.5,28.5,28.65,28.2,28.65,842355
2024-03-14,26.65,26.65,27.35,26.2,27.25,3548375
2024-03-15,26.5,26.5,26.75,26.45,26.6,672448
2024-03-18,26.4,26.4,26.5,26.3,26.45,410654
2024-03-19,26.35,26.35,26.45,26.25,26.4,413993
2024-03-20,26.35,26.35,26.45,26.2,26.2,453520
2024-03-21,26.3,26.3,26.6,26.3,26.35,479077
2024-03-22,26.4,26.4,26.45,26.25,26.3,340612
2024-03-25,26.3,26.3,26.45,26.3,26.35,127530
2024-03-26,26.05,26.05,26.35,26.05,26.3,706768
2024-03-27,26.2,26.2,26.3,26.0,26.0,192285
2024-03-28,26.3,26.3,26.35,26.2,26.2,164518
2024-03-29,26.4,26.4,26.45,26.3,26.3,261509
2024-04-01,26.55,26.55,26.65,26.4,26.4,315605
2024-04-02,26.6,26.6,26.65,26.45,26.45,222352
2024-04-03,26.4,26.4,26.55,26.35,26.55,386770
2024-04-08,26.15,26.15,26.35,26.0,26.35,706219
2024-04-09,26.35,26.35,26.4,26.15,26.15,289514
2024-04-10,26.55,26.55,26.8,26.4,26.4,391330
2024-04-11,26.95,26.95,27.1,26.85,27.0,799335
2024-04-12,27.75,27.75,27.75,27.15,27.15,1214314
2024-04-15,27.6,27.6,27.8,27.55,27.75,721124
2024-04-16,27.1,27.1,27.6,26.75,27.6,1115901
2024-04-17,27.75,27.75,28.1,27.4,27.4,1031100
2024-04-18,28.05,28.05,28.15,27.7,27.75,784401
2024-04-19,28.05,28.05,28.4,27.45,28.1,1026442
2024-04-22,28.35,28.35,28.45,28.0,28.05,509978
2024-04-23,28.6,28.6,28.75,28.35,28.5,742348
2024-04-24,28.45,28.45,28.9,28.3,28.8,539394
2024-04-25,28.35,28.35,28.65,28.3,28.5,254409
2024-04-26,28.5,28.5,28.6,28.1,28.6,367582
2024-04-29,29.05,29.05,29.3,28.8,28.9,1449743
2024-04-30,28.8,28.8,29.1,28.8,29.1,498941
2024-05-02,29.45,29.45,29.75,29.05,29.05,1595972
2024-05-03,29.5,29.5,29.55,29.2,29.55,564536
2024-05-06,29.7,29.7,29.7,29.35,29.55,553960
2024-05-07,29.3,29.3,29.85,29.3,29.85,865983
2024-05-08,28.0,28.0,28.65,27.85,28.6,2435579
2024-05-09,28.3,28.3,28.65,28.1,28.25,856838
2024-05-10,28.75,28.75,28.75,28.25,28.5,590037
2024-05-13,29.05,29.05,29.15,28.7,28.8,814869
2024-05-14,28.7,28.7,29.05,28.6,29.05,473277
2024-05-15,28.75,28.75,28.95,28.55,28.65,450374
2024-05-16,28.9,28.9,29.15,28.8,29.0,502021
2024-05-17,28.65,28.65,28.95,28.55,28.95,389379
2024-05-20,28.75,28.75,28.9,28.5,28.65,428491
2024-05-21,28.3,28.3,28.6,28.25,28.5,538939
2024-05-22,28.55,28.55,28.6,28.35,28.35,412072
2024-05-23,28.1,28.1,28.6,28.1,28.5,547216
2024-05-24,28.1,28.1,28.15,27.9,28.0,228005
2024-05-27,28.05,28.05,28.25,27.95,28.1,387441
2024-05-28,28.15,28.15,28.2,27.9,28.05,359214
2024-05-29,28.0,28.0,28.15,27.85,28.15,430220
2024-05-30,27.9,27.9,28.05,27.8,27.8,235374
2024-05-31,28.05,28.05,28.15,27.95,27.95,365986
2024-06-03,28.3,28.3,28.35,28.1,28.1,263645
2024-06-04,28.15,28.15,28.35,28.1,28.3,243985
2024-06-05,28.2,28.2,28.3,28.15,28.15,214116
2024-06-06,28.25,28.25,28.35,28.05,28.15,419794
2024-06-07,28.5,28.5,28.6,28.3,28.3,403724
2024-06-11,28.25,28.25,28.5,28.25,28.3,452777
2024-06-12,28.2,28.2,28.5,28.1,28.5,329860
2024-06-13,28.3,28.3,28.35,28.1,28.35,552855
2024-06-14,28.55,28.55,28.65,28.35,28.55,810940
2024-06-17,28.45,28.45,28.6,28.0,28.5,1729186
2024-06-18,27.15,27.15,27.3,27.1,27.25,1528528
2024-06-19,27.15,27.15,27.2,27.0,27.2,731426
2024-06-20,27.15,27.15,27.2,27.1,27.15,248740
2024-06-21,27.3,27.3,27.3,27.1,27.15,218001
2024-06-24,27.4,27.4,27.45,27.15,27.35,419489
2024-06-25,27.4,27.4,27.5,27.25,27.5,195368
2024-06-26,27.35,27.35,27.5,27.3,27.3,295845
2024-06-27,27.2,27.2,27.3,27.2,27.3,306455
2024-06-28,27.15,27.15,27.25,27.1,27.15,263588
2024-07-01,27.3,27.3,27.3,27.15,27.15,102388
2024-07-02,27.2,27.2,27.35,27.2,27.25,188056
2024-07-03,27.45,27.45,27.45,27.2,27.25,361055
2024-07-04,27.55,27.55,27.55,27.45,27.55,323533
2024-07-05,27.55,27.55,27.55,27.4,27.5,173632
2024-07-08,27.5,27.5,27.55,27.35,27.55,157898
2024-07-09,27.5,27.5,27.5,27.25,27.5,260964
2024-07-10,28.3,28.3,28.35,27.6,27.6,630926
2024-07-11,28.7,28.7,28.95,28.35,28.35,977768
2024-07-12,28.6,28.6,28.95,28.6,28.8,376978
2024-07-15,28.55,28.55,28.7,28.45,28.6,197059
2024-07-16,28.6,28.6,28.7,28.45,28.7,147814
2024-07-17,28.55,28.55,28.65,28.45,28.6,179750
2024-07-18,28.65,28.65,28.65,28.3,28.6,220598
2024-07-19,28.15,28.15,28.6,27.9,28.6,462258
2024-07-22,28.0,28.0,28.25,27.6,28.25,389869
2024-07-23,28.0,28.0,28.2,27.85,27.85,244724
2024-07-26,28.0,28.0,28.0,27.4,27.7,248659
2024-07-29,28.25,28.25,28.35,27.8,27.8,355100
2024-07-30,28.15,28.15,28.2,27.85,27.95,249340
2024-07-31,28.2,28.2,28.3,27.95,28.15,126197
2024-08-01,28.4,28.4,28.4,28.25,28.25,398170
2024-08-02,28.1,28.1,28.3,28.0,28.3,458820
2024-08-05,26.2,26.2,27.9,26.2,27.9,1241102
2024-08-06,26.6,26.6,26.75,25.85,26.65,659532
2024-08-07,27.35,27.35,27.45,26.6,26.6,252721
2024-08-08,27.2,27.2,27.3,26.9,26.95,141940
2024-08-09,28.05,28.05,28.4,27.65,27.65,835096
2024-08-12,28.15,28.15,28.45,28.05,28.25,349407
2024-08-13,28.3,28.3,28.4,28.15,28.35,306927
2024-08-14,28.4,28.4,28.4,28.2,28.3,305127
2024-08-15,28.05,28.05,28.4,27.9,28.4,480054
2024-08-16,28.4,28.4,28.4,28.15,28.3,558225
2024-08-19,28.7,28.7,28.75,28.35,28.4,800450
2024-08-20,29.2,29.2,29.45,28.85,28.85,1338426
2024-08-21,29.85,29.85,29.95,29.15,29.2,1435868
2024-08-22,30.05,30.05,30.15,29.85,30.15,809019
2024-08-23,30.0,30.0,30.05,29.7,30.05,631428
2024-08-26,30.2,30.2,30.35,30.0,30.2,528150
2024-08-27,30.35,30.35,30.4,30.0,30.2,618417
2024-08-28,29.95,29.95,30.4,29.8,30.4,436588
2024-08-29,30.05,30.05,30.1,29.75,29.9,195608
2024-08-30,29.75,29.75,30.05,29.6,30.05,446812
2024-09-02,29.55,29.55,29.8,29.55,29.8,232173
2024-09-03,29.4,29.4,29.7,29.35,29.5,357721
2024-09-04,28.6,28.6,29.05,28.3,29.0,849082
2024-09-05,28.4,28.4,28.95,28.25,28.5,468833
2024-09-06,28.5,28.5,28.6,28.2,28.6,200987
2024-09-09,28.35,28.35,28.45,27.85,28.0,541447
2024-09-10,27.9,27.9,28.5,27.85,28.4,615109
2024-09-11,28.0,28.0,28.6,27.75,27.75,447350
2024-09-12,28.0,28.0,28.25,27.95,28.1,301495
2024-09-13,28.1,28.1,28.15,28.0,28.0,117199
2024-09-16,28.0,28.0,28.1,27.9,28.1,288834
2024-09-18,27.85,27.85,28.1,27.8,28.0,317336
2024-09-19,28.2,28.2,28.3,27.85,27.85,158497
2024-09-20,28.3,28.3,28.3,28.0,28.15,255521
2024-09-23,28.05,28.05,28.2,28.05,28.2,155713
2024-09-24,28.1,28.1,28.3,28.1,28.1,140430
2024-09-25,28.1,28.1,28.3,28.1,28.15,202172
2024-09-26,28.1,28.1,28.3,28.1,28.1,154094
2024-09-27,28.2,28.2,28.4,28.15,28.3,282656
2024-09-30,28.4,28.4,28.4,28.05,28.1,140532
2024-10-01,28.15,28.15,28.3,28.15,28.15,153290
2024-10-04,28.0,28.0,28.15,28.0,28.05,257276
2024-10-07,28.0,28.0,28.15,27.9,27.9,247445
2024-10-08,27.8,27.8,28.05,27.8,28.0,285567
2024-10-09,27.9,27.9,28.15,27.9,28.0,292436
2024-10-11,28.0,28.0,28.25,27.8,27.8,160684
2024-10-14,28.0,28.0,28.25,28.0,28.0,227302
2024-10-15,28.1,28.1,28.3,28.0,28.0,276237
2024-10-16,28.15,28.15,28.25,28.0,28.0,188153
2024-10-17,28.35,28.35,28.4,28.1,28.1,176622
2024-10-18,28.4,28.4,28.6,28.35,28.4,313887
2024-10-21,28.35,28.35,28.6,28.35,28.45,339731
2024-10-22,28.3,28.3,28.5,28.3,28.4,81049
2024-10-23,28.3,28.3,28.35,28.2,28.3,142970
2024-10-24,28.25,28.25,28.4,28.15,28.25,174568
2024-10-25,28.35,28.35,28.45,28.3,28.45,105934
2024-10-28,28.35,28.35,28.45,28.2,28.3,236547
2024-10-29,28.1,28.1,28.35,28.1,28.35,437763
2024-10-30,28.0,28.0,28.2,27.95,28.0,526216
2024-11-01,28.1,28.1,28.2,27.9,27.95,315553
2024-11-04,28.3,28.3,28.4,28.25,28.35,200597
2024-11-05,28.25,28.25,28.4,28.2,28.3,129709
2024-11-06,28.3,28.3,28.4,28.25,28.3,155404
2024-11-07,28.35,28.35,28.5,28.15,28.15,169929
2024-11-08,28.35,28.35,28.5,28.25,28.35,131530
2024-11-11,28.3,28.3,28.35,28.25,28.35,120443
2024-11-12,28.2,28.2,28.3,28.1,28.2,382367
2024-11-13,28.15,28.15,28.25,28.05,28.15,205059
2024-11-14,28.2,28.2,28.3,28.1,28.2,178978
2024-11-15,28.25,28.25,28.35,28.15,28.2,158084
2024-11-18,28.2,28.2,28.3,28.2,28.2,148638
2024-11-19,28.25,28.25,28.3,28.15,28.2,131309
2024-11-20,28.25,28.25,28.35,28.25,28.3,171950
2024-11-21,28.35,28.35,28.45,28.2,28.25,72866
2024-11-22,28.4,28.4,28.55,28.3,28.3,153814
2024-11-25,28.55,28.55,28.6,28.4,28.55,226131
2024-11-26,28.3,28.3,28.6,28.25,28.6,152339
2024-11-27,28.35,28.35,28.45,28.3,28.3,193275
2024-11-28,28.6,28.6,28.65,28.4,28.4,439224
2024-11-29,28.7,28.7,28.7,28.5,28.6,175921
2024-12-02,28.95,28.95,29.15,28.7,28.7,387657
2024-12-03,29.4,29.4,29.5,28.95,28.95,552645
2024-12-04,29.45,29.45,29.5,29.35,29.35,393207
2024-12-05,29.35,29.35,29.6,29.35,29.4,351825
2024-12-06,29.45,29.45,29.45,29.3,29.35,273341
2024-12-09,29.5,29.5,29.55,29.45,29.5,208486
2024-12-10,29.5,29.5,29.6,29.45,29.45,278175
2024-12-11,29.65,29.65,29.85,29.5,29.55,415783
2024-12-12,29.55,29.55,29.8,29.55,29.8,200573
2024-12-13,29.45,29.45,29.6,29.45,29.55,150588
2024-12-16,29.3,29.3,29.5,29.3,29.45,246369
2024-12-17,29.3,29.3,29.4,29.3,29.4,200527
2024-12-18,28.8,28.8,29.3,28.65,29.3,578651
2024-12-19,28.55,28.55,28.8,28.4,28.4,295982
2024-12-20,28.45,28.45,28.65,28.45,28.5,179768
2024-12-23,28.8,28.8,28.85,28.4,28.5,123294
2024-12-24,28.75,28.75,28.95,28.7,28.8,107420
2024-12-25,28.7,28.7,28.8,28.45,28.8,106837
2024-12-26,28.8,28.8,28.85,28.7,28.8,72487
2024-12-27,28.75,28.75,28.9,28.7,28.8,106925
2024-12-30,28.7,28.7,28.95,28.7,28.8,156161
2024-12-31,28.65,28.65,28.75,28.6,28.6,110131
2025-01-02,28.65,28.65,28.65,28.55,28.6,129655
2025-01-03,28.7,28.7,28.9,28.65,28.65,155710
2025-01-06,28.9,28.9,28.95,28.7,28.9,307548
2025-01-07,28.75,28.75,28.85,28.7,28.85,159221
2025-01-08,28.75,28.75,28.85,28.6,28.6,222629
2025-01-09,28.7,28.7,28.9,28.65,28.65,424779
2025-01-10,28.55,28.55,28.9,28.55,28.65,210736
2025-01-13,28.15,28.15,28.45,28.15,28.45,641223
2025-01-14,28.3,28.3,28.35,28.2,28.2,91818
2025-01-15,28.35,28.35,28.4,28.3,28.3,148323
2025-01-16,28.6,28.6,28.7,28.45,28.6,98393
2025-01-17,28.6,28.6,28.75,28.5,28.7,130339
2025-01-20,28.7,28.7,28.7,28.6,28.65,82931
2025-01-21,28.8,28.8,28.85,28.7,28.7,143348
2025-01-22,28.85,28.85,29.0,28.75,28.8,273309
2025-02-03,28.8,28.8,28.9,28.65,28.85,254598
2025-02-04,29.1,29.1,29.35,28.8,28.8,311810
2025-02-05,29.65,29.65,29.7,29.3,29.3,617998
2025-02-06,29.6,29.6,29.9,29.6,29.65,358231
2025-02-07,29.65,29.65,29.75,29.55,29.6,370857
2025-02-10,29.85,29.85,29.85,29.7,29.7,265757
2025-02-11,29.9,29.9,30.0,29.7,29.85,639244
2025-02-12,29.6,29.6,30.0,29.6,30.0,461878
2025-02-13,29.8,29.8,29.85,29.65,29.8,142835
2025-02-14,29.65,29.65,29.8,29.65,29.7,195122
2025-02-17,29.6,29.6,29.75,29.6,29.75,180999
2025-02-18,29.65,29.65,29.75,29.55,29.7,137204
2025-02-19,29.65,29.65,29.7,29.55,29.6,238629
2025-02-20,29.8,29.8,29.8,29.6,29.65,198759
2025-02-21,30.0,30.0,30.0,29.6,29.6,313527
2025-02-24,30.05,30.05,30.2,29.9,29.9,374223
2025-02-25,30.05,30.05,30.15,29.9,30.05,250934
2025-02-26,30.05,30.05,30.15,30.0,30.15,115883
2025-02-27,29.95,29.95,30.05,29.9,29.9,93807
2025-03-03,30.15,30.15,30.25,29.75,29.95,379274
2025-03-04,30.4,30.4,30.45,29.95,30.1,352430
2025-03-05,31.05,31.05,31.25,30.4,30.4,901387
2025-03-06,31.45,31.45,31.65,31.05,31.05,637339
2025-03-07,31.65,31.65,31.9,31.4,31.4,667066
2025-03-10,31.75,31.75,31.85,31.55,31.6,495801
2025-03-11,31.95,31.95,32.15,31.5,31.7,938351
2025-03-12,32.35,32.35,32.45,32.0,32.0,901978
2025-03-13,32.3,32.3,32.55,32.3,32.5,832267
2025-03-14,32.45,32.45,32.5,32.25,32.25,753622
2025-03-17,32.95,32.95,33.25,32.4,32.5,823034
2025-03-18,33.6,33.6,33.8,33.05,33.15,1543154
2025-03-19,34.4,34.4,34.8,33.5,33.55,2563643
2025-03-20,34.8,34.8,35.05,34.6,34.75,1574307
2025-03-21,34.4,34.4,34.9,33.95,34.9,1891025
2025-03-24,34.25,34.25,34.55,34.1,34.4,633891
2025-03-25,34.2,34.2,34.35,34.0,34.25,631870
2025-03-26,34.75,34.75,35.05,34.15,34.15,1454951
2025-03-27,34.8,34.8,34.85,34.5,34.7,853065
2025-03-28,34.6,34.6,34.7,34.5,34.7,611908
2025-03-31,33.65,33.65,34.55,33.65,34.5,1049297
2025-04-01,34.8,34.8,35.0,33.8,33.8,1284425
2025-04-02,35.3,35.3,35.35,34.8,34.9,1223683
2025-04-07,31.8,31.8,32.65,31.8,31.8,1805905
2025-04-08,32.65,32.65,32.75,31.6,32.0,2623620
2025-04-09,29.8,29.8,32.3,29.6,32.3,2208056
2025-04-10,32.2,32.2,32.6,31.25,32.6,1764293
2025-04-11,31.9,31.9,32.05,31.0,31.4,707886
2025-04-14,31.85,31.85,32.4,31.65,32.0,799888
2025-04-15,32.95,32.95,33.15,31.8,32.0,786620
2025-04-16,32.0,32.0,32.9,32.0,32.9,581081
2025-04-17,31.95,31.95,32.1,31.75,32.0,395025
2025-04-18,31.7,31.7,32.0,31.6,31.9,174945
2025-04-21,33.5,33.5,34.5,32.85,34.15,3505580
2025-04-22,32.7,32.7,33.25,32.6,33.1,1510964
2025-04-23,33.15,33.15,33.3,32.8,32.85,913035
2025-04-24,33.1,33.1,33.5,32.95,33.05,799263
2025-04-25,33.05,33.05,33.25,32.9,33.2,879250
2025-04-28,33.05,33.05,33.15,32.75,33.05,1193002
2025-04-29,33.8,33.8,33.9,32.9,32.9,1598548
2025-04-30,34.3,34.3,34.7,33.85,33.9,1140951
2025-05-02,36.55,36.55,36.55,34.4,34.4,3187682
2025-05-05,36.15,36.15,36.3,35.25,36.15,2780812
2025-05-06,35.8,35.8,36.05,35.5,35.95,992473
2025-05-07,34.8,34.8,35.9,34.8,35.8,1067377
2025-05-08,35.05,35.05,35.45,34.9,34.9,696310
2025-05-09,34.55,34.55,35.05,34.4,35.05,1025431
2025-05-12,34.2,34.2,34.9,33.9,34.9,969025
2025-05-13,34.9,34.9,35.0,34.1,34.3,1204852
2025-05-14,34.95,34.95,35.15,34.7,34.9,804701
2025-05-15,34.35,34.35,35.15,34.3,35.15,568913
2025-05-16,34.75,34.75,35.0,34.35,34.5,699537
2025-05-19,34.4,34.4,34.95,34.3,34.95,487095
2025-05-20,34.45,34.45,35.05,34.4,34.4,651499
2025-05-21,35.1,35.1,35.1,34.5,34.55,634539
2025-05-22,34.6,34.6,34.95,34.6,34.95,498694
2025-05-23,34.8,34.8,34.85,34.6,34.65,315820
2025-05-26,35.65,35.65,35.75,34.8,34.8,965128
2025-05-27,35.5,35.5,35.8,35.2,35.7,387194
2025-05-28,35.1,35.1,35.65,35.0,35.65,315210
2025-05-29,34.55,34.55,35.15,34.55,35.05,394610
2025-06-02,34.25,34.25,34.55,33.85,34.55,564178
2025-06-03,34.1,34.1,34.35,34.0,34.25,367050
2025-06-04,34.35,34.35,34.45,34.15,34.15,383218
2025-06-05,34.1,34.1,34.65,33.95,34.5,507538
2025-06-06,34.15,34.15,34.35,33.8,34.1,393945
2025-06-09,34.15,34.15,34.35,34.05,34.05,427064
2025-06-10,34.3,34.3,34.55,34.2,34.2,795427
2025-06-11,34.0,34.0,34.3,33.45,34.3,2167687
2025-06-12,34.0,34.0,34.15,33.75,34.0,1072094
2025-06-13,33.85,33.85,34.0,33.75,33.9,1787393
2025-06-16,32.05,32.05,32.25,31.65,31.8,1923681
2025-06-17,31.9,31.9,32.3,31.75,32.3,723397
2025-06-18,32.2,32.2,32.4,31.7,31.8,625887
2025-06-19,31.9,31.9,32.4,31.9,32.3,236972
2025-06-20,31.95,31.95,32.05,31.75,31.95,334885
2025-06-23,31.6,31.6,31.95,31.4,31.95,506260
2025-06-24,32.05,32.05,32.25,31.8,31.8,334531
2025-06-25,31.85,31.85,32.15,31.8,32.05,616760
2025-06-26,32.2,32.2,32.55,31.95,31.95,539025
2025-06-27,31.65,31.65,32.2,31.6,32.2,684284
2025-06-30,31.55,31.55,31.75,31.55,31.65,218928
2025-07-01,31.8,31.8,32.0,31.55,31.55,425596
2025-07-02,31.5,31.5,31.9,31.5,31.9,456427
2025-07-03,30.85,30.85,31.65,30.7,31.6,1459742
2025-07-04,30.7,30.7,30.85,30.6,30.8,304919
2025-07-07,30.5,30.5,30.8,30.45,30.8,265394
2025-07-08,30.2,30.2,30.6,30.1,30.6,395165
2025-07-09,29.9,29.9,30.2,29.9,30.2,700154
2025-07-10,29.8,29.8,29.9,29.65,29.9,658845
2025-07-11,30.5,30.5,30.65,30.15,30.15,514890
2025-07-14,30.5,30.5,30.65,30.5,30.6,186971
2025-07-15,30.35,30.35,30.65,30.3,30.5,411722
2025-07-16,30.8,30.8,30.85,30.3,30.35,817196
2025-07-17,30.8,30.8,30.9,30.75,30.85,364687
2025-07-18,30.55,30.55,30.9,30.5,30.8,616659
2025-07-21,30.5,30.5,30.75,30.5,30.7,255956
2025-07-22,30.35,30.35,30.8,30.3,30.5,336009
2025-07-23,30.85,30.85,30.85,30.4,30.4,430753
2025-07-24,30.7,30.7,30.95,30.7,30.95,201930
2025-07-25,30.7,30.7,30.8,30.55,30.75,234314
2025-07-28,30.45,30.45,30.7,30.45,30.7,233006
2025-07-29,30.05,30.05,30.5,30.0,30.5,440013
2025-07-30,30.35,30.35,30.45,30.05,30.15,275647
2025-07-31,30.25,30.25,30.4,29.95,30.4,407826
2025-08-01,30.35,30.35,30.45,29.7,30.0,306813
2025-08-04,30.55,30.55,30.65,30.15,30.4,183030
2025-08-05,30.85,30.85,30.95,30.5,30.55,221378
2025-08-06,31.45,31.45,31.5,30.8,30.8,463114
2025-08-07,31.65,31.65,31.8,31.4,31.5,462639
2025-08-08,33.05,33.05,33.1,32.0,32.0,1351904
2025-08-11,33.7,33.7,34.1,33.35,33.35,1417244
2025-08-12,33.5,33.5,33.8,33.4,33.8,411231
2025-08-13,33.3,33.3,33.75,33.25,33.75,326575
2025-08-14,33.15,33.15,33.75,33.15,33.35,723362
2025-08-15,33.05,33.05,33.3,32.9,33.3,522549
2025-08-18,33.4,33.4,33.4,32.95,33.0,504292
2025-08-19,33.0,33.0,33.35,32.95,33.2,352878
2025-08-20,33.2,33.2,33.6,32.75,33.0,817495
2025-08-21,33.4,33.4,33.65,33.25,33.3,681467
2025-08-22,33.35,33.35,33.5,33.3,33.35,203781
2025-08-25,33.35,33.35,33.6,33.35,33.5,229396
2025-08-26,32.9,32.9,33.25,32.8,33.2,410503
2025-08-27,33.35,33.35,33.5,32.8,32.8,270801
2025-08-28,33.25,33.25,33.35,33.05,33.05,336759
2025-08-29,33.15,33.15,33.2,32.85,33.0,537389
2025-09-01,32.8,32.8,33.25,32.7,33.05,461597
2025-09-02,33.0,33.0,33.2,32.8,32.95,347198
2025-09-03,33.1,33.1,33.2,32.9,33.0,186387
2025-09-04,33.25,33.25,33.35,33.1,33.1,220877
2025-09-05,33.3,33.3,33.55,33.2,33.3,232765
2025-09-08,33.45,33.45,33.65,33.3,33.3,402426
2025-09-09,33.4,33.4,33.5,33.3,33.45,197382
2025-09-10,34.0,34.0,34.5,33.35,33.4,5352966
2025-09-11,34.7,34.7,35.1,34.15,34.15,1617786
2025-09-12,34.75,34.75,34.9,34.5,34.7,773702
2025-09-15,35.1,35.1,35.4,34.7,34.8,854384
2025-09-16,34.95,34.95,35.4,34.8,35.4,418667
2025-09-17,34.9,34.9,35.15,34.8,34.95,447229
2025-09-18,34.7,34.7,35.2,34.65,34.95,382460
2025-09-19,35.1,35.1,35.15,34.6,34.75,691215
2025-09-22,35.7,35.7,35.9,35.3,35.35,974739
2025-09-23,36.2,36.2,36.35,35.35,35.75,981997
2025-09-24,36.75,36.75,36.9,36.15,36.15,787308
2025-09-25,36.65,36.65,37.15,36.0,37.0,671212
2025-09-26,36.45,36.45,36.75,36.25,36.65,623735
2025-09-30,37.5,37.5,37.5,36.55,36.55,1524011
2025-10-01,36.25,36.25,37.5,36.25,37.5,1274341
2025-10-02,36.75,36.75,36.75,36.05,36.05,537070
2025-10-03,36.2,36.2,36.75,36.05,36.75,596166
2025-10-07,35.9,35.9,36.05,35.8,35.9,585717
2025-10-08,36.0,36.0,36.3,35.75,35.9,389327
2025-10-09,35.5,35.5,36.3,35.4,35.95,659211
2025-10-13,35.85,35.85,35.95,34.9,35.0,427137
2025-10-14,35.7,35.7,36.35,35.6,35.75,790468
2025-10-15,36.3,36.3,36.6,35.7,35.7,938491
2025-10-16,36.05,36.05,36.8,35.85,36.6,699538
2025-10-17,35.7,35.7,36.15,35.65,36.05,817791
2025-10-20,35.9,35.9,36.0,35.5,36.0,668502
2025-10-21,36.0,36.0,36.0,35.4,35.5,815992
2025-11-03,47.35,47.35,47.35,45.1,45.1,1122906
2025-11-04,46.95,46.95,47.65,46.55,47.6,628469
2025-11-05,46.85,46.85,46.9,46.3,46.9,433428
2025-11-06,47.1,47.1,47.5,46.9,47.05,303095
2025-11-07,47.0,47.0,47.35,46.7,47.3,232245
2025-11-10,47.45,47.45,47.45,46.7,46.7,183827
2025-11-11,48.7,48.7,49.0,47.4,47.4,681400
2025-11-12,49.55,49.55,49.75,48.6,48.65,445440
2025-11-13,50.5,50.5,51.0,49.5,49.7,939237
2025-11-14,50.1,50.1,50.5,49.9,50.5,328255
2025-11-17,50.5,50.5,50.8,49.75,50.1,390199
2025-11-18,49.95,49.95,50.1,49.15,49.9,397342
2025-11-19,49.6,49.6,49.9,49.4,49.4,144951
2025-11-20,51.3,51.3,51.9,49.8,49.95,766584
2025-11-21,52.4,52.4,53.0,51.3,51.3,1196525
2025-11-24,52.9,52.9,53.4,52.4,53.1,668977
2025-11-25,54.1,54.1,54.3,52.7,53.4,649345
2025-11-26,53.9,53.9,54.5,52.6,54.2,1097453
2025-11-27,54.6,54.6,54.9,53.7,53.9,481703
2025-11-28,53.3,53.3,54.9,53.3,54.9,546644
2025-12-01,53.2,53.2,53.8,53.1,53.4,379038
2025-12-02,52.8,52.8,53.8,52.4,53.8,485716
2025-12-03,52.2,52.2,53.3,51.8,52.7,519494
2025-12-04,51.9,51.9,52.3,51.6,52.3,304692
2025-12-05,51.6,51.6,51.9,51.3,51.6,222082
2025-12-08,51.7,51.7,52.2,51.6,51.9,183751
2025-12-09,52.3,52.3,52.6,52.1,52.4,241045
2025-12-10,51.9,51.9,52.4,51.9,52.4,296094
2025-12-11,52.7,52.7,52.9,52.0,52.0,204391
2025-12-12,52.4,52.4,52.8,52.0,52.8,229553
2025-12-15,50.7,50.7,52.4,50.7,52.4,608223
2025-12-16,50.5,50.5,50.7,50.1,50.1,371449
2025-12-17,50.2,50.2,50.8,50.2,50.2,231996
2025-12-18,50.6,50.6,51.3,50.2,50.2,183473
2025-12-19,50.7,50.7,50.9,50.3,50.6,159528
2025-12-22,51.2,51.2,51.4,50.7,50.7,176791
2025-12-23,50.8,50.8,51.0,50.7,50.8,136477
2025-12-24,50.8,50.8,51.3,50.4,51.3,150950
2025-12-26,50.2,50.2,50.9,50.1,50.3,146288
2025-12-29,50.4,50.4,50.4,50.0,50.2,126323
2025-12-30,50.3,50.3,50.5,49.8,50.3,202316
2025-12-31,50.3,50.3,50.4,50.2,50.3,72824
2026-01-02,50.3,50.3,50.7,50.0,50.3,229911
2026-01-05,50.1,50.1,50.5,49.85,50.3,532744
2026-01-06,49.9,49.9,50.3,49.9,50.2,241725
2026-01-07,49.85,49.85,50.2,49.55,49.9,252156
2026-01-08,50.0,50.0,51.0,50.0,50.0,169574
2026-01-09,50.1,50.1,50.4,49.65,50.1,115394
2026-01-12,50.0,50.0,50.2,49.85,50.2,162510
2026-01-13,49.85,49.85,50.3,49.85,50.3,290767
2026-01-14,49.8,49.8,50.2,49.8,50.2,241510
2026-01-15,50.1,50.1,50.1,49.85,50.0,64501
2026-01-16,50.0,50.0,50.2,49.85,50.0,173050
2026-01-19,50.0,50.0,50.5,50.0,50.0,343861
2026-01-20,49.7,49.7,50.1,49.7,50.0,251315
2026-01-21,49.2,49.2,49.7,49.05,49.7,439989
2026-01-22,49.25,49.25,49.5,49.25,49.4,164458
2026-01-23,49.2,49.2,49.85,49.2,49.35,278482
2026-01-26,49.9,49.9,49.9,49.2,49.2,103578
2026-01-27,49.6,49.6,49.95,49.6,49.9,157979
2026-01-28,49.25,49.25,49.55,49.0,49.55,319389
2026-01-29,49.2,49.2,49.2,48.85,49.05,97335
2026-01-30,49.0,49.0,49.4,48.7,49.1,180942
2026-02-02,48.45,48.45,48.95,48.2,48.95,249466
2026-02-03,48.45,48.45,49.15,48.25,49.15,129478
2026-02-04,48.4,48.4,48.8,48.4,48.8,137898
2026-02-05,48.5,48.5,48.75,48.35,48.4,140142
2026-02-06,48.2,48.2,48.6,47.65,48.45,299050
2026-02-09,48.4,48.4,48.6,48.2,48.2,85259
2026-02-10,48.6,48.6,48.7,48.3,48.35,154810
2026-02-11,48.9,48.9,49.2,48.4,48.4,135374
2026-02-23,49.2,49.2,49.95,49.15,49.5,256863
2026-02-24,49.65,49.65,50.2,49.4,49.75,191386
2026-02-25,49.55,49.55,49.9,49.2,49.9,247821
2026-02-26,49.6,49.6,49.65,49.35,49.6,95936
2026-03-02,49.95,49.95,50.2,49.6,50.2,290561
2026-03-03,50.2,50.2,50.3,49.7,49.8,366438
2026-03-04,49.3,49.3,50.1,49.2,49.95,429544
2026-03-05,49.35,49.35,49.85,49.35,49.85,234205
2026-03-06,49.7,49.7,49.7,49.2,49.3,97438
2026-03-09,47.85,47.85,48.35,47.8,48.3,386119
2026-03-10,48.0,48.0,48.85,47.65,48.85,163197
2026-03-11,48.5,48.5,48.75,48.3,48.7,189415
2026-03-12,48.25,48.25,48.5,48.2,48.4,144514
2026-03-13,47.9,47.9,48.15,47.7,48.15,206958
2026-03-16,47.85,47.85,47.95,47.75,47.9,247208
2026-03-17,48.45,48.45,48.45,47.9,47.9,147556
2026-03-18,48.5,48.5,48.9,48.15,48.7,168449
2026-03-19,47.4,47.4,48.0,47.2,47.9,421024
2026-03-20,47.45,47.45,47.8,47.2,47.4,148899
2026-03-23,46.75,46.75,46.85,45.45,46.8,215931
2026-03-24,46.85,46.85,47.1,46.55,46.75,218001
2026-03-25,47.4,47.4,48.0,47.1,48.0,107694
2026-03-26,47.4,47.4,47.95,47.05,47.95,149878
2026-03-27,46.9,46.9,47.15,46.75,47.15,202157
2026-03-30,46.55,46.55,46.65,46.35,46.35,115781
2026-03-31,46.5,46.5,46.9,46.15,46.15,99747
2026-04-01,47.4,47.4,47.4,46.95,46.95,62143
2026-04-02,46.7,46.7,47.35,46.7,47.35,99226
2026-04-07,47.05,47.05,47.05,46.7,46.7,50366
2026-04-08,47.55,47.55,47.9,47.3,47.5,103673
2026-04-09,47.3,47.3,47.4,47.0,47.4,73738
2026-04-10,48.05,48.05,48.1,47.7,47.85,120310
2026-04-13,47.65,47.65,48.0,47.5,47.75,55998
2026-04-14,48.0,48.0,48.05,47.75,48.0,168435
2026-04-15,48.55,48.55,49.5,48.55,49.5,346604
2026-04-16,49.0,49.0,49.25,48.6,48.6,307706
2026-04-17,49.0,49.0,49.3,48.5,49.15,146619
2026-04-20,51.6,51.6,52.5,50.5,50.5,1040258
2026-04-21,51.0,51.0,51.8,51.0,51.7,550901
2026-04-22,51.5,51.5,51.6,50.6,51.0,325019
2026-04-23,51.2,51.2,51.5,50.7,51.5,242227
2026-04-24,51.0,51.0,51.9,50.9,51.2,153861
2026-04-27,51.0,51.0,51.2,50.8,51.1,163097
2026-04-28,52.0,52.0,52.3,50.9,51.0,273138
2026-04-29,51.8,51.8,52.3,51.8,52.3,107237
2026-04-30,52.3,52.3,52.3,51.7,52.0,158267
2026-05-04,52.1,52.1,52.9,52.0,52.9,215892
2026-05-05,52.0,52.0,52.3,51.9,51.9,99953
2026-05-06,52.5,52.5,52.6,52.0,52.0,148204
2026-05-07,52.7,52.7,52.8,52.2,52.2,164244
2026-05-08,53.6,53.6,53.8,52.7,52.8,319750
2026-05-11,53.6,53.6,54.5,53.2,54.1,338858
2026-05-12,53.6,53.6,53.9,53.1,53.9,209354
2026-05-13,54.0,54.0,54.7,53.7,54.2,313372
2026-05-14,53.9,53.9,55.1,53.8,54.0,495280
2026-05-15,52.8,52.8,54.7,52.6,54.7,353770
2026-05-18,53.5,53.5,53.7,52.7,52.9,192856
2026-05-19,52.9,52.9,53.8,52.9,53.5,207093
2026-05-20,53.6,53.6,53.6,52.6,53.4,209091
2026-05-21,53.5,53.5,54.0,53.2,54.0,110481
2026-05-22,53.2,53.2,53.5,53.1,53.3,122179
2026-05-25,52.9,52.9,53.0,52.7,53.0,242039
2026-05-26,53.0,53.0,53.2,52.8,52.8,99346
2026-05-27,52.9,52.9,53.2,52.9,53.0,197868
2026-05-28,53.0,53.0,53.5,52.8,53.2,215239
2026-05-29,52.9,52.9,53.2,52.7,53.2,249007
2026-06-01,53.6,53.6,53.9,53.0,53.1,315758
2026-06-02,53.7,53.7,53.9,53.2,53.5,191030
2026-06-03,55.0,55.0,55.2,53.6,53.8,374274
2026-06-04,54.7,54.7,55.0,54.6,55.0,231415
2026-06-05,54.8,54.8,55.0,54.3,54.7,243533
2026-06-08,53.8,53.8,54.2,53.1,53.2,382987
2026-06-09,55.5,55.5,55.5,53.8,53.8,534710
2026-06-10,54.9,54.9,55.2,54.5,55.0,386474
2026-06-11,54.4,54.4,55.1,53.9,55.0,363582
2026-06-12,54.9,54.9,55.9,54.5,55.0,839942
2026-06-15,53.3,53.3,54.0,52.0,52.0,1068188
2026-06-16,54.5,54.5,54.8,53.5,53.9,500443
2026-06-17,56.9,56.9,56.9,54.7,55.0,929650
2026-06-18,56.3,56.3,57.4,56.0,56.5,655759
2026-06-22,56.5,56.5,56.6,55.6,56.3,685375
2026-06-23,56.4,56.4,56.8,56.2,56.5,336367
2026-06-24,56.0,56.0,56.7,55.8,56.4,239003
2026-06-25,56.6,56.6,56.6,56.0,56.5,123549
2026-06-26,55.8,55.8,56.2,55.2,56.0,247281
2026-06-29,55.5,55.5,55.9,54.9,55.5,173602
2026-06-30,55.2,55.2,55.6,54.7,55.6,187043
2026-07-01,57.2,57.2,57.5,54.8,55.5,654800
2026-07-02,56.6,56.6,57.2,55.6,57.2,339432
2026-07-03,56.9,56.9,57.4,56.2,56.2,309298
2026-07-06,56.9,56.9,57.5,56.7,56.8,153898
2026-07-07,56.6,56.6,57.3,56.3,57.3,156505
2026-07-08,56.4,56.4,56.8,56.1,56.8,149736
2026-07-09,56.3,56.3,56.7,55.9,56.4,268886
2026-07-13,56.8,56.8,57.1,56.5,56.8,181616
2026-07-14,55.9,55.9,56.8,55.3,56.8,535022
2026-07-15,57.2,57.2,57.5,56.2,56.2,301440
2026-07-16,57.2,57.2,58.0,56.9,58.0,128788
2026-07-17,56.4,56.4,57.5,56.4,56.9,225664
2026-07-20,56.6,56.6,57.4,56.3,57.2,205149
2026-07-21,56.8,56.8,57.1,56.5,57.0,101858
2026-07-22,56.3,56.3,56.8,56.3,56.8,189026
2026-07-23,56.7,56.7,56.7,55.8,56.6,235246
2026-07-24,56.4,56.4,56.4,55.7,55.9,129875
2026-07-27,56.6,56.6,56.6,55.9,56.4,110961
2026-07-28,56.3,56.3,56.6,55.6,56.6,167362
2026-07-29,56.9,56.9,57.1,55.5,56.6,374731
2026-07-30,57.4,57.4,57.7,56.6,56.9,302833
2026-07-31,59.4,59.4,59.8,57.4,57.4,520928
2026-08-03,60.3,60.3,60.4,58.7,59.4,236761
2026-08-04,58.8,58.8,59.5,58.2,59.4,250416
2026-08-05,58.6,58.6,59.6,58.5,59.6,163448
2026-08-06,57.8,57.8,59.1,57.7,58.5,374180
2026-08-07,58.6,58.6,58.9,57.9,57.9,107945
2026-08-10,58.5,58.5,59.1,58.4,59.0,68527
2026-08-11,58.2,58.2,58.6,57.9,58.3,86240
2026-08-12,58.5,58.5,58.7,58.2,58.2,48624
2026-08-13,58.7,58.7,59.0,58.7,58.7,145709
2026-08-14,58.7,58.7,59.0,58.7,58.9,59363
2026-08-17,59.2,59.2,59.3,58.0,58.3,138032
2026-08-18,59.1,59.1,59.3,58.8,58.8,63561
2026-08-19,59.3,59.3,59.6,58.9,58.9,81569
2026-08-20,61.0,61.0,61.9,59.6,59.8,535910
2026-08-21,61.5,61.5,61.9,61.0,61.9,215366
2026-08-24,60.7,60.7,61.5,60.6,61.5,135585
2026-08-25,60.5,60.5,61.0,60.5,60.7,105676
2026-08-26,60.3,60.3,60.8,60.0,60.5,200920
2026-08-27,60.0,60.0,60.2,59.7,59.8,108829
2026-08-28,59.9,59.9,60.5,59.6,59.9,179201
2026-08-31,58.3,58.3,59.6,57.2,59.6,616947
2026-09-01,58.9,58.9,59.3,57.8,57.8,155798
2026-09-02,58.2,58.2,58.6,57.9,58.4,221855
2026-09-03,58.0,58.0,58.4,57.8,58.0,171886
2026-09-04,58.5,58.5,58.5,58.0,58.0,104924
