Price,Adj Close,Close,High,Low,Open,Volume
Ticker,3059.TW,3059.TW,3059.TW,3059.TW,3059.TW,3059.TW
Date,,,,,,
2020-01-02,21.487783432006836,24.200000762939453,24.299999237060547,24.100000381469727,24.25,485815
2020-01-03,21.177011489868164,23.850000381469727,24.350000381469727,23.850000381469727,24.350000381469727,822272
2020-01-06,20.866235733032227,23.5,23.75,23.450000762939453,23.75,670649
2020-01-07,20.599863052368164,23.200000762939453,23.799999237060547,23.200000762939453,23.450000762939453,571821
2020-01-08,20.289087295532227,22.850000381469727,23.100000381469727,22.850000381469727,23.100000381469727,746165
2020-01-09,20.377880096435547,22.950000762939453,23.100000381469727,22.950000762939453,23.0,639935
2020-01-10,20.377880096435547,22.950000762939453,23.200000762939453,22.899999618530273,23.049999237060547,307602
2020-01-13,20.377880096435547,22.950000762939453,23.100000381469727,22.799999237060547,22.799999237060547,466754
2020-01-14,20.46666717529297,23.049999237060547,23.5,22.899999618530273,22.899999618530273,878939
2020-01-15,20.42227554321289,23.0,23.5,23.0,23.100000381469727,757065
2020-01-16,20.42227554321289,23.0,23.25,22.950000762939453,23.0,470250
2020-01-17,20.377880096435547,22.950000762939453,23.100000381469727,22.899999618530273,23.049999237060547,569354
2020-01-20,20.24468994140625,22.799999237060547,23.0,22.75,23.0,829609
2020-01-30,18.246856689453125,20.549999237060547,21.299999237060547,20.549999237060547,20.899999618530273,2224529
2020-01-31,18.246856689453125,20.549999237060547,20.75,19.950000762939453,19.950000762939453,1253443
2020-02-03,18.824010848999023,21.200000762939453,21.299999237060547,19.350000381469727,20.149999618530273,3390437
2020-02-04,19.17917823791504,21.600000381469727,23.5,21.600000381469727,23.5,1398879
2020-02-05,18.868406295776367,21.25,21.700000762939453,21.25,21.600000381469727,897988
2020-02-06,19.223575592041016,21.649999618530273,21.649999618530273,21.350000381469727,21.399999618530273,571567
2020-02-07,18.690820693969727,21.049999237060547,21.450000762939453,21.049999237060547,21.450000762939453,576820
2020-02-10,18.557634353637695,20.899999618530273,21.0,20.399999618530273,20.950000762939453,476467
2020-02-11,18.646425247192383,21.0,21.25,20.950000762939453,21.100000381469727,498515
2020-02-12,18.868406295776367,21.25,21.399999618530273,21.100000381469727,21.100000381469727,439105
2020-02-13,18.735218048095703,21.100000381469727,21.450000762939453,21.049999237060547,21.399999618530273,496648
2020-02-14,18.735218048095703,21.100000381469727,21.450000762939453,21.100000381469727,21.299999237060547,468593
2020-02-17,18.912799835205078,21.299999237060547,21.299999237060547,20.850000381469727,20.899999618530273,424822
2020-02-18,18.957199096679688,21.350000381469727,21.350000381469727,21.0,21.0,294394
2020-02-19,19.001596450805664,21.399999618530273,21.549999237060547,21.350000381469727,21.350000381469727,366693
2020-02-20,18.912799835205078,21.299999237060547,21.649999618530273,21.149999618530273,21.600000381469727,382769
2020-02-21,18.912799835205078,21.299999237060547,21.399999618530273,21.25,21.25,208374
2020-02-24,18.602031707763672,20.950000762939453,21.100000381469727,20.899999618530273,21.100000381469727,602188
2020-02-25,18.690820693969727,21.049999237060547,21.149999618530273,20.649999618530273,20.649999618530273,556810
2020-02-26,18.602031707763672,20.950000762939453,21.100000381469727,20.850000381469727,21.0,404205
2020-02-27,18.024879455566406,20.299999237060547,21.149999618530273,20.299999237060547,21.149999618530273,1054800
2020-03-02,18.06927490234375,20.350000381469727,20.700000762939453,19.850000381469727,20.149999618530273,820082
2020-03-03,18.335649490356445,20.649999618530273,21.149999618530273,20.649999618530273,20.649999618530273,1070642
2020-03-04,18.468839645385742,20.799999237060547,20.799999237060547,20.399999618530273,20.649999618530273,341135
2020-03-05,18.602031707763672,20.950000762939453,21.200000762939453,20.899999618530273,21.0,594050
2020-03-06,18.335649490356445,20.649999618530273,20.950000762939453,20.600000381469727,20.899999618530273,455156
2020-03-09,17.580915451049805,19.799999237060547,20.600000381469727,19.799999237060547,20.600000381469727,1314819
2020-03-10,17.669708251953125,19.899999618530273,19.899999618530273,19.350000381469727,19.399999618530273,1220969
2020-03-11,17.403329849243164,19.600000381469727,20.149999618530273,19.600000381469727,19.899999618530273,588113
2020-03-12,16.02704429626465,18.049999237060547,19.600000381469727,17.950000762939453,19.600000381469727,2062808
2020-03-13,15.982650756835938,18.0,18.0,16.25,16.600000381469727,3550412
2020-03-16,15.671875,17.649999618530273,18.049999237060547,17.600000381469727,17.799999237060547,1729262
2020-03-17,15.272310256958008,17.200000762939453,17.950000762939453,16.549999237060547,16.549999237060547,1310867
2020-03-18,14.473176956176758,16.299999237060547,17.149999618530273,16.049999237060547,16.850000381469727,1290277
2020-03-19,14.739557266235352,16.600000381469727,16.75,14.699999809265137,15.800000190734863,4225368
2020-03-20,15.361100196838379,17.299999237060547,18.0,16.600000381469727,16.899999618530273,2284498
2020-03-23,14.650762557983398,16.5,17.049999237060547,16.5,16.75,768918
2020-03-24,14.872743606567383,16.75,17.049999237060547,16.75,16.75,621052
2020-03-25,15.316706657409668,17.25,17.5,17.200000762939453,17.200000762939453,1047778
2020-03-26,15.627477645874023,17.600000381469727,17.799999237060547,17.399999618530273,17.450000762939453,872279
2020-03-27,15.405500411987305,17.350000381469727,18.0,17.299999237060547,17.899999618530273,871836
2020-03-30,15.227913856506348,17.149999618530273,17.149999618530273,16.700000762939453,17.100000381469727,305723
2020-03-31,15.227913856506348,17.149999618530273,17.649999618530273,17.149999618530273,17.25,661419
2020-04-01,15.583083152770996,17.549999237060547,17.649999618530273,17.200000762939453,17.200000762939453,537450
2020-04-06,15.982650756835938,18.0,18.0,17.549999237060547,17.649999618530273,734857
2020-04-07,16.071443557739258,18.100000381469727,18.399999618530273,18.049999237060547,18.200000762939453,627260
2020-04-08,16.471006393432617,18.549999237060547,18.649999618530273,18.100000381469727,18.200000762939453,964663
2020-04-09,16.604198455810547,18.700000762939453,19.0,18.600000381469727,18.75,771921
2020-04-10,16.249027252197266,18.299999237060547,18.600000381469727,18.25,18.5,684936
2020-04-13,16.515403747558594,18.600000381469727,18.600000381469727,18.049999237060547,18.25,790971
2020-04-14,16.6929874420166,18.799999237060547,18.850000381469727,18.5,18.5,684024
2020-04-15,17.048160552978516,19.200000762939453,19.5,18.799999237060547,19.0,1702786
2020-04-16,17.048160552978516,19.200000762939453,19.25,18.799999237060547,19.049999237060547,474457
2020-04-17,16.8261775970459,18.950000762939453,19.600000381469727,18.950000762939453,19.5,924187
2020-04-20,16.6929874420166,18.799999237060547,18.950000762939453,18.75,18.950000762939453,314180
2020-04-21,15.671875,17.649999618530273,18.75,17.649999618530273,18.649999618530273,1301299
2020-04-22,16.02704429626465,18.049999237060547,18.149999618530273,17.299999237060547,17.299999237060547,700614
2020-04-23,16.11583709716797,18.149999618530273,18.350000381469727,18.049999237060547,18.200000762939453,380631
2020-04-24,16.160234451293945,18.200000762939453,18.450000762939453,18.149999618530273,18.25,365637
2020-04-27,16.6929874420166,18.799999237060547,18.950000762939453,18.450000762939453,18.450000762939453,566311
2020-04-28,16.870576858520508,19.0,19.200000762939453,18.799999237060547,19.200000762939453,599525
2020-04-29,17.225746154785156,19.399999618530273,19.450000762939453,19.049999237060547,19.200000762939453,752499
2020-04-30,17.2701416015625,19.450000762939453,19.649999618530273,19.25,19.600000381469727,699417
2020-05-04,17.092557907104492,19.25,19.600000381469727,18.950000762939453,19.149999618530273,770211
2020-05-05,17.447725296020508,19.649999618530273,19.799999237060547,19.149999618530273,19.5,2676463
2020-05-06,17.358932495117188,19.549999237060547,19.950000762939453,19.450000762939453,19.799999237060547,929028
2020-05-07,17.758501052856445,20.0,20.200000762939453,19.700000762939453,19.75,1433942
2020-05-08,18.11366844177246,20.399999618530273,20.399999618530273,19.799999237060547,20.100000381469727,1381930
2020-05-11,19.8895206451416,22.399999618530273,22.399999618530273,21.0,21.25,5569342
2020-05-12,19.8895206451416,22.399999618530273,22.899999618530273,21.950000762939453,21.950000762939453,5717402
2020-05-13,19.80072593688965,22.299999237060547,22.299999237060547,21.649999618530273,22.100000381469727,1606166
2020-05-14,19.35676383972168,21.799999237060547,23.0,21.799999237060547,22.299999237060547,1931194
2020-05-15,19.134782791137695,21.549999237060547,22.350000381469727,21.450000762939453,22.25,989916
2020-05-18,19.09038734436035,21.5,21.899999618530273,21.350000381469727,21.549999237060547,791368
2020-05-19,19.845125198364258,22.350000381469727,22.350000381469727,21.5,21.899999618530273,1342842
2020-05-20,20.42227554321289,23.0,24.149999618530273,22.899999618530273,23.149999618530273,6829468
2020-05-21,21.132614135742188,23.799999237060547,23.799999237060547,22.899999618530273,23.25,2080879
2020-05-22,20.111501693725586,22.649999618530273,23.700000762939453,22.649999618530273,23.700000762939453,1793832
2020-05-25,20.42227554321289,23.0,23.100000381469727,22.25,22.649999618530273,1099976
2020-05-26,20.733051300048828,23.350000381469727,23.399999618530273,22.799999237060547,23.149999618530273,1407528
2020-05-27,21.53217887878418,24.25,25.200000762939453,24.049999237060547,24.149999618530273,9304606
2020-05-28,20.955028533935547,23.600000381469727,24.399999618530273,23.600000381469727,24.100000381469727,2419446
2020-05-29,21.487783432006836,24.200000762939453,24.5,23.5,23.649999618530273,2416143
2020-06-01,21.487783432006836,24.200000762939453,24.75,24.100000381469727,24.200000762939453,2352825
2020-06-02,21.39899253845215,24.100000381469727,24.450000762939453,24.100000381469727,24.200000762939453,1042643
2020-06-03,21.487783432006836,24.200000762939453,24.450000762939453,24.100000381469727,24.399999618530273,890217
2020-06-04,21.754161834716797,24.5,24.799999237060547,24.200000762939453,24.5,1934691
2020-06-05,22.1981258392334,25.0,25.200000762939453,24.649999618530273,24.850000381469727,2673018
2020-06-08,22.020540237426758,24.799999237060547,25.5,24.799999237060547,25.5,2007969
2020-06-09,21.70977020263672,24.450000762939453,25.0,24.350000381469727,25.0,996853
2020-06-10,21.443387985229492,24.149999618530273,24.5,24.100000381469727,24.100000381469727,1331679
2020-06-11,20.99942398071289,23.649999618530273,24.450000762939453,23.600000381469727,24.200000762939453,1558870
2020-06-12,21.57657814025879,24.299999237060547,24.350000381469727,23.0,23.100000381469727,1494018
2020-06-15,21.177011489868164,23.850000381469727,24.799999237060547,23.700000762939453,24.450000762939453,1331070
2020-06-16,22.553295135498047,25.399999618530273,25.450000762939453,24.049999237060547,24.049999237060547,5074774
2020-06-17,23.352426528930664,26.299999237060547,27.200000762939453,25.850000381469727,26.299999237060547,19271031
2020-06-18,22.819671630859375,25.700000762939453,26.399999618530273,25.600000381469727,25.950000762939453,3908179
2020-06-19,22.73088264465332,25.600000381469727,26.200000762939453,25.5,25.549999237060547,2624007
2020-06-22,22.420106887817383,25.25,25.850000381469727,25.100000381469727,25.600000381469727,1661702
2020-06-23,22.464500427246094,25.299999237060547,25.700000762939453,25.0,25.5,1498514
2020-06-24,22.553295135498047,25.399999618530273,25.600000381469727,25.0,25.350000381469727,3180885
2020-06-29,22.064937591552734,24.850000381469727,25.200000762939453,24.75,24.799999237060547,2111891
2020-06-30,22.1981258392334,25.0,25.299999237060547,24.950000762939453,25.049999237060547,789057
2020-07-01,22.286916732788086,25.100000381469727,25.649999618530273,25.049999237060547,25.149999618530273,1388815
2020-07-02,22.33131217956543,25.149999618530273,25.75,25.0,25.299999237060547,1372136
2020-07-03,22.864070892333984,25.75,25.899999618530273,25.100000381469727,25.399999618530273,2786750
2020-07-06,22.99725914001465,25.899999618530273,26.200000762939453,25.799999237060547,26.0,2117249
2020-07-07,23.796390533447266,26.799999237060547,27.25,25.799999237060547,26.049999237060547,12447049
2020-07-08,24.417936325073242,27.5,28.25,26.299999237060547,26.799999237060547,9350128
2020-07-09,25.572240829467773,28.799999237060547,29.649999618530273,27.600000381469727,27.799999237060547,11309317
2020-07-10,24.240352630615234,27.299999237060547,29.299999237060547,27.100000381469727,29.0,7178982
2020-07-13,24.018369674682617,27.049999237060547,27.850000381469727,27.049999237060547,27.700000762939453,2653924
2020-07-14,23.707599639892578,26.700000762939453,27.350000381469727,26.600000381469727,27.149999618530273,1996310
2020-07-15,23.885181427001953,26.899999618530273,27.5,26.649999618530273,26.850000381469727,2670325
2020-07-16,24.28474998474121,27.350000381469727,27.700000762939453,26.850000381469727,26.899999618530273,2129524
2020-07-17,23.61880111694336,26.600000381469727,27.600000381469727,26.350000381469727,27.5,2132876
2020-07-20,23.30803108215332,26.25,26.950000762939453,26.0,26.950000762939453,1374639
2020-07-21,24.062767028808594,27.100000381469727,27.350000381469727,26.600000381469727,26.600000381469727,1914459
2020-07-22,23.885181427001953,26.899999618530273,27.75,26.899999618530273,27.350000381469727,2474235
2020-07-23,24.062767028808594,27.100000381469727,27.25,26.700000762939453,26.950000762939453,1018650
2020-07-24,23.21923828125,26.149999618530273,27.25,26.149999618530273,27.049999237060547,1520389
2020-07-27,23.086048126220703,26.0,26.700000762939453,26.0,26.700000762939453,1186111
2020-07-28,22.420106887817383,25.25,26.5,25.149999618530273,26.350000381469727,1950378
2020-07-29,23.61880111694336,26.600000381469727,26.850000381469727,25.299999237060547,25.299999237060547,2202940
2020-07-30,24.107162475585938,27.149999618530273,28.600000381469727,27.100000381469727,27.5,11298868
2020-07-31,24.329145431518555,27.399999618530273,27.5,26.899999618530273,27.0,1424655
2020-08-03,24.595521926879883,27.700000762939453,27.75,27.149999618530273,27.450000762939453,1603995
2020-08-04,24.462331771850586,27.549999237060547,28.299999237060547,27.299999237060547,28.0,5625485
2020-08-05,24.728713989257812,27.850000381469727,28.200000762939453,27.350000381469727,27.75,2862824
2020-08-06,24.728713989257812,27.850000381469727,28.100000381469727,27.25,28.049999237060547,1909175
2020-08-07,25.03948402404785,28.200000762939453,28.200000762939453,27.450000762939453,28.0,2778038
2020-08-10,24.151559829711914,27.200000762939453,28.399999618530273,27.049999237060547,28.299999237060547,4110800
2020-08-11,23.973974227905273,27.0,27.399999618530273,26.600000381469727,27.25,2501095
2020-08-12,23.796390533447266,26.799999237060547,27.149999618530273,26.799999237060547,27.149999618530273,510429
2020-08-13,23.707599639892578,26.700000762939453,27.350000381469727,26.700000762939453,27.200000762939453,892534
2020-08-14,23.75199317932129,26.75,26.850000381469727,26.549999237060547,26.549999237060547,868475
2020-08-17,24.28474998474121,27.350000381469727,27.5,26.899999618530273,26.899999618530273,1051722
2020-08-18,24.062767028808594,27.100000381469727,27.649999618530273,26.950000762939453,27.5,843786
2020-08-19,23.30803108215332,26.25,27.299999237060547,26.149999618530273,27.299999237060547,1505339
2020-08-20,22.242521286010742,25.049999237060547,26.25,24.600000381469727,26.25,2106495
2020-08-21,22.59769058227539,25.450000762939453,25.649999618530273,25.200000762939453,25.299999237060547,786832
2020-08-24,22.7752742767334,25.649999618530273,25.649999618530273,25.200000762939453,25.600000381469727,511287
2020-08-25,23.13044548034668,26.049999237060547,26.5,25.850000381469727,26.0,1015359
2020-08-26,23.174842834472656,26.100000381469727,26.350000381469727,26.0,26.149999618530273,406285
2020-08-27,22.908464431762695,25.799999237060547,26.299999237060547,25.700000762939453,26.299999237060547,710876
2020-08-28,22.95285987854004,25.850000381469727,26.100000381469727,25.700000762939453,25.799999237060547,406968
2020-08-31,22.95285987854004,25.850000381469727,26.049999237060547,25.700000762939453,25.850000381469727,464069
2020-09-01,23.21923828125,26.149999618530273,26.299999237060547,25.75,25.950000762939453,541222
2020-09-02,23.840787887573242,26.850000381469727,26.850000381469727,26.200000762939453,26.200000762939453,1048532
2020-09-03,23.796390533447266,26.799999237060547,27.350000381469727,26.799999237060547,27.0,1234587
2020-09-04,23.6632022857666,26.649999618530273,26.75,26.049999237060547,26.399999618530273,620314
2020-09-07,23.441221237182617,26.399999618530273,27.0,26.200000762939453,26.700000762939453,554310
2020-09-08,23.707599639892578,26.700000762939453,27.149999618530273,26.5,26.700000762939453,932325
2020-09-09,23.885181427001953,26.899999618530273,26.899999618530273,26.25,26.399999618530273,575584
2020-09-10,24.19595718383789,27.25,27.649999618530273,26.850000381469727,27.200000762939453,2477681
2020-09-11,23.92957878112793,26.950000762939453,28.0,26.899999618530273,28.0,3181131
2020-09-14,23.92957878112793,26.950000762939453,27.299999237060547,26.850000381469727,27.100000381469727,1210177
2020-09-15,23.92957878112793,26.950000762939453,27.25,26.850000381469727,27.200000762939453,1237971
2020-09-16,23.8972110748291,26.399999618530273,27.100000381469727,26.399999618530273,26.700000762939453,1246299
2020-09-17,23.8972110748291,26.399999618530273,26.549999237060547,26.200000762939453,26.5,525512
2020-09-18,24.259288787841797,26.799999237060547,27.149999618530273,26.399999618530273,26.450000762939453,1423159
2020-09-21,24.666627883911133,27.25,27.399999618530273,26.700000762939453,26.700000762939453,2616360
2020-09-22,24.485586166381836,27.049999237060547,27.200000762939453,26.75,27.049999237060547,1502053
2020-09-23,23.670907974243164,26.149999618530273,27.200000762939453,26.100000381469727,27.100000381469727,1782707
2020-09-24,22.76571273803711,25.149999618530273,25.799999237060547,25.049999237060547,25.75,1904450
2020-09-25,22.539413452148438,24.899999618530273,25.700000762939453,24.549999237060547,25.450000762939453,1949942
2020-09-28,22.81097412109375,25.200000762939453,25.450000762939453,25.049999237060547,25.049999237060547,465953
2020-09-29,22.856231689453125,25.25,25.600000381469727,25.100000381469727,25.350000381469727,385545
2020-09-30,22.946752548217773,25.350000381469727,25.350000381469727,25.149999618530273,25.200000762939453,335018
2020-10-05,23.037275314331055,25.450000762939453,25.450000762939453,25.100000381469727,25.350000381469727,402285
2020-10-06,23.444610595703125,25.899999618530273,26.25,25.600000381469727,25.600000381469727,818605
2020-10-07,23.761430740356445,26.25,26.350000381469727,25.75,25.75,584472
2020-10-08,23.354089736938477,25.799999237060547,26.399999618530273,25.799999237060547,26.399999618530273,491889
2020-10-12,23.851951599121094,26.350000381469727,26.700000762939453,26.100000381469727,26.100000381469727,1095000
2020-10-13,24.349807739257812,26.899999618530273,27.0,26.100000381469727,26.350000381469727,1015684
2020-10-14,24.16876792907715,26.700000762939453,27.200000762939453,26.700000762939453,26.899999618530273,696809
2020-10-15,24.16876792907715,26.700000762939453,27.0,26.549999237060547,26.850000381469727,416222
2020-10-16,24.259288787841797,26.799999237060547,27.200000762939453,26.549999237060547,26.899999618530273,1421174
2020-10-19,24.621366500854492,27.200000762939453,28.450000762939453,26.850000381469727,27.200000762939453,8248636
2020-10-20,24.349807739257812,26.899999618530273,27.049999237060547,26.75,26.950000762939453,1171124
2020-10-21,24.395069122314453,26.950000762939453,27.399999618530273,26.950000762939453,27.100000381469727,843171
2020-10-22,24.304548263549805,26.850000381469727,27.100000381469727,26.649999618530273,27.0,551948
2020-10-23,25.11922264099121,27.75,27.75,26.799999237060547,27.0,2238830
2020-10-26,24.576108932495117,27.149999618530273,27.899999618530273,26.850000381469727,27.899999618530273,1471468
2020-10-27,24.44032859802246,27.0,27.200000762939453,26.899999618530273,27.0,502959
2020-10-28,24.078248977661133,26.600000381469727,27.149999618530273,26.600000381469727,27.0,850089
2020-10-29,23.761430740356445,26.25,26.350000381469727,25.850000381469727,26.0,898304
2020-10-30,23.21830940246582,25.649999618530273,26.350000381469727,25.649999618530273,26.25,865500
2020-11-02,23.127792358398438,25.549999237060547,25.799999237060547,25.200000762939453,25.649999618530273,597616
2020-11-03,23.399351119995117,25.850000381469727,25.950000762939453,25.649999618530273,25.75,393141
2020-11-04,23.625652313232422,26.100000381469727,26.149999618530273,25.600000381469727,25.899999618530273,619272
2020-11-05,23.399351119995117,25.850000381469727,26.149999618530273,25.75,26.149999618530273,484225
2020-11-06,23.399351119995117,25.850000381469727,26.149999618530273,25.700000762939453,26.149999618530273,786374
2020-11-09,23.535131454467773,26.0,26.149999618530273,25.850000381469727,26.100000381469727,529004
2020-11-10,23.399351119995117,25.850000381469727,26.149999618530273,25.649999618530273,26.100000381469727,571401
2020-11-11,23.58038902282715,26.049999237060547,26.149999618530273,25.75,25.75,569677
2020-11-12,23.535131454467773,26.0,26.450000762939453,25.899999618530273,26.0,2071107
2020-11-13,23.535131454467773,26.0,26.049999237060547,25.799999237060547,25.850000381469727,362768
2020-11-16,23.71617317199707,26.200000762939453,26.299999237060547,26.049999237060547,26.200000762939453,561683
2020-11-17,23.535131454467773,26.0,26.200000762939453,26.0,26.200000762939453,540260
2020-11-18,24.349807739257812,26.899999618530273,27.049999237060547,26.200000762939453,26.200000762939453,2535180
2020-11-19,24.032987594604492,26.549999237060547,26.799999237060547,26.5,26.549999237060547,868921
2020-11-20,24.21402931213379,26.75,27.0,26.549999237060547,26.700000762939453,608200
2020-11-23,24.44032859802246,27.0,27.200000762939453,26.899999618530273,27.149999618530273,1069460
2020-11-24,24.395069122314453,26.950000762939453,27.350000381469727,26.899999618530273,27.0,1085908
2020-11-25,24.530847549438477,27.100000381469727,28.100000381469727,27.049999237060547,27.299999237060547,4582553
2020-11-26,24.349807739257812,26.899999618530273,27.25,26.850000381469727,27.0,1544726
2020-11-27,24.757144927978516,27.350000381469727,27.600000381469727,27.0,27.100000381469727,2160854
2020-11-30,25.0739688873291,27.700000762939453,28.149999618530273,27.5,27.5,3529712
2020-12-01,25.0739688873291,27.700000762939453,28.0,27.299999237060547,28.0,1319277
2020-12-02,25.0739688873291,27.700000762939453,28.350000381469727,27.700000762939453,27.899999618530273,2434093
2020-12-03,25.390785217285156,28.049999237060547,28.25,27.649999618530273,27.850000381469727,2004197
2020-12-04,27.925336837768555,30.850000381469727,30.850000381469727,28.350000381469727,28.350000381469727,23454523
2020-12-07,30.188331604003906,33.349998474121094,33.900001525878906,31.549999237060547,31.600000381469727,43082255
2020-12-08,32.0892448425293,35.45000076293945,36.0,32.79999923706055,33.54999923706055,37237319
2020-12-09,32.67761993408203,36.099998474121094,37.0,35.0,35.45000076293945,23915688
2020-12-10,32.13450622558594,35.5,36.849998474121094,34.5,35.95000076293945,17915891
2020-12-11,31.048267364501953,34.29999923706055,36.400001525878906,34.04999923706055,36.349998474121094,10615175
2020-12-14,30.414630889892578,33.599998474121094,34.95000076293945,33.54999923706055,34.900001525878906,6677736
2020-12-15,30.369369506835938,33.54999923706055,34.79999923706055,32.70000076293945,33.599998474121094,10334804
2020-12-16,31.003005981445312,34.25,34.650001525878906,33.650001525878906,33.79999923706055,6835972
2020-12-17,30.640928268432617,33.849998474121094,34.25,33.25,34.25,5075728
2020-12-18,30.052555084228516,33.20000076293945,34.5,33.20000076293945,34.0,4891489
2020-12-21,29.9620304107666,33.099998474121094,33.400001525878906,31.899999618530273,33.20000076293945,5963740
2020-12-22,28.69475555419922,31.700000762939453,33.599998474121094,31.600000381469727,33.5,5900481
2020-12-23,29.59995460510254,32.70000076293945,33.20000076293945,31.649999618530273,31.649999618530273,3559429
2020-12-24,30.5504093170166,33.75,34.79999923706055,32.5,32.70000076293945,9593812
2020-12-25,31.410348892211914,34.70000076293945,34.79999923706055,33.75,34.099998474121094,9337710
2020-12-28,30.595670700073242,33.79999923706055,34.70000076293945,33.79999923706055,34.70000076293945,5929168
2020-12-29,30.324111938476562,33.5,34.70000076293945,33.400001525878906,33.95000076293945,4311649
2020-12-30,30.731449127197266,33.95000076293945,34.25,33.45000076293945,33.599998474121094,2961087
2020-12-31,30.595670700073242,33.79999923706055,34.45000076293945,33.79999923706055,34.400001525878906,3257971
2021-01-04,30.143070220947266,33.29999923706055,34.20000076293945,33.20000076293945,34.0,3801209
2021-01-05,30.77671241760254,34.0,35.0,33.599998474121094,33.79999923706055,7318585
2021-01-06,29.237871170043945,32.29999923706055,34.25,31.799999237060547,34.0,6574745
2021-01-07,29.418912887573242,32.5,33.0,32.20000076293945,33.0,1754888
2021-01-08,29.9620304107666,33.099998474121094,33.349998474121094,32.54999923706055,32.79999923706055,3182280
2021-01-11,32.94918441772461,36.400001525878906,36.400001525878906,34.0,34.20000076293945,28892999
2021-01-12,31.22930908203125,34.5,39.0,34.5,37.45000076293945,54795775
2021-01-13,31.22930908203125,34.5,35.599998474121094,34.5,35.25,7151784
2021-01-14,30.95775032043457,34.20000076293945,35.0,33.849998474121094,34.95000076293945,4764933
2021-01-15,29.69046974182129,32.79999923706055,34.45000076293945,32.54999923706055,34.45000076293945,7112229
2021-01-18,29.69046974182129,32.79999923706055,33.20000076293945,31.450000762939453,33.099998474121094,5156126
2021-01-19,29.55469512939453,32.650001525878906,33.400001525878906,32.599998474121094,33.099998474121094,2437152
2021-01-20,28.242158889770508,31.200000762939453,32.849998474121094,31.0,32.70000076293945,5556648
2021-01-21,28.46845817565918,31.450000762939453,32.54999923706055,31.25,31.5,3270599
2021-01-22,29.464174270629883,32.54999923706055,33.0,31.450000762939453,31.649999618530273,3174721
2021-01-25,30.50514793395996,33.70000076293945,33.95000076293945,31.0,32.150001525878906,13565970
2021-01-26,29.59995460510254,32.70000076293945,34.45000076293945,32.650001525878906,33.5,16245177
2021-01-27,32.541847229003906,35.95000076293945,35.95000076293945,33.29999923706055,33.29999923706055,54918774
2021-01-28,34.35224151611328,37.95000076293945,39.29999923706055,35.20000076293945,36.0,89815011
2021-01-29,31.998720169067383,35.349998474121094,39.150001525878906,34.70000076293945,38.0,42969660
2021-02-01,31.455608367919922,34.75,36.75,34.5,35.5,19883131
2021-02-02,31.365087509155273,34.650001525878906,35.29999923706055,34.0,34.650001525878906,11143530
2021-02-03,31.953466415405273,35.29999923706055,36.25,34.5,35.0,13716418
2021-02-04,31.048267364501953,34.29999923706055,35.900001525878906,34.099998474121094,35.29999923706055,6912038
2021-02-05,30.414630889892578,33.599998474121094,34.75,33.349998474121094,34.70000076293945,6625095
2021-02-17,30.686189651489258,33.900001525878906,34.0,32.900001525878906,33.79999923706055,6600029
2021-02-18,31.636648178100586,34.95000076293945,35.25,34.099998474121094,34.349998474121094,7695513
2021-02-19,32.72288513183594,36.150001525878906,36.20000076293945,34.29999923706055,34.29999923706055,9933606
2021-02-22,34.89535903930664,38.54999923706055,39.20000076293945,36.150001525878906,36.29999923706055,45610577
2021-02-23,33.175479888916016,36.650001525878906,37.5,36.599998474121094,37.45000076293945,13921846
2021-02-24,32.406063079833984,35.79999923706055,37.099998474121094,35.599998474121094,36.400001525878906,9317737
2021-02-25,32.04398727416992,35.400001525878906,36.599998474121094,35.29999923706055,36.400001525878906,6192485
2021-02-26,32.17976760864258,35.54999923706055,35.79999923706055,34.599998474121094,34.79999923706055,4270265
2021-03-02,31.365087509155273,34.650001525878906,36.29999923706055,34.5,35.849998474121094,4130689
2021-03-03,32.27029037475586,35.650001525878906,36.0,34.20000076293945,34.75,3973297
2021-03-04,31.727163314819336,35.04999923706055,36.29999923706055,34.70000076293945,35.349998474121094,4200771
2021-03-05,31.455608367919922,34.75,35.75,34.20000076293945,34.70000076293945,3121399
2021-03-08,31.274568557739258,34.54999923706055,35.5,34.29999923706055,35.0,2751462
2021-03-09,30.86722755432129,34.099998474121094,34.75,33.70000076293945,34.5,3098174
2021-03-10,31.22930908203125,34.5,34.900001525878906,34.29999923706055,34.400001525878906,1644938
2021-03-11,32.587100982666016,36.0,37.0,35.5,35.54999923706055,13646280
2021-03-12,32.360801696777344,35.75,36.400001525878906,35.400001525878906,36.04999923706055,3993884
2021-03-15,32.496585845947266,35.900001525878906,36.25,35.650001525878906,36.0,3059897
2021-03-16,32.63236618041992,36.04999923706055,37.5,36.0,36.349998474121094,11223541
2021-03-17,32.496585845947266,35.900001525878906,36.45000076293945,35.650001525878906,36.45000076293945,3412306
2021-03-18,32.85866165161133,36.29999923706055,37.25,36.099998474121094,36.150001525878906,9780245
2021-03-19,32.31554412841797,35.70000076293945,36.20000076293945,35.650001525878906,36.0,3533024
2021-03-22,32.04398727416992,35.400001525878906,35.900001525878906,35.099998474121094,35.79999923706055,3163731
2021-03-23,32.541847229003906,35.95000076293945,36.900001525878906,35.29999923706055,35.599998474121094,7662172
2021-03-24,33.13022232055664,36.599998474121094,37.0,35.70000076293945,35.900001525878906,9128233
2021-03-25,32.541847229003906,35.95000076293945,36.79999923706055,35.849998474121094,36.650001525878906,4954837
2021-03-26,32.63236618041992,36.04999923706055,36.29999923706055,35.5,35.900001525878906,3137019
2021-03-29,34.171199798583984,37.75,39.650001525878906,36.349998474121094,36.349998474121094,59060792
2021-03-30,34.08068084716797,37.650001525878906,38.29999923706055,36.75,37.95000076293945,24028168
2021-03-31,35.48373794555664,39.20000076293945,40.599998474121094,37.29999923706055,37.79999923706055,53285284
2021-04-01,35.21217727661133,38.900001525878906,39.75,38.599998474121094,39.20000076293945,20974376
2021-04-07,39.647640228271484,43.79999923706055,43.79999923706055,39.29999923706055,39.849998474121094,54772102
2021-04-08,40.00972366333008,44.20000076293945,47.70000076293945,44.0,44.25,70306842
2021-04-09,39.96446228027344,44.150001525878906,45.099998474121094,42.70000076293945,44.79999923706055,29250509
2021-04-12,42.36323547363281,46.79999923706055,48.54999923706055,45.79999923706055,47.20000076293945,54277039
2021-04-13,40.41706085205078,44.650001525878906,47.349998474121094,44.54999923706055,47.0,30927988
2021-04-14,38.923484802246094,43.0,46.099998474121094,40.650001525878906,45.20000076293945,25649209
2021-04-15,38.832969665527344,42.900001525878906,44.45000076293945,42.400001525878906,43.79999923706055,9901146
2021-04-16,39.14978790283203,43.25,44.150001525878906,42.849998474121094,43.099998474121094,7455468
2021-04-19,38.42563247680664,42.45000076293945,44.150001525878906,42.20000076293945,43.25,11960170
2021-04-20,39.01400375366211,43.099998474121094,43.900001525878906,41.150001525878906,42.400001525878906,9379649
2021-04-21,38.47088623046875,42.5,43.0,42.25,42.75,7480221
2021-04-22,36.569969177246094,40.400001525878906,43.150001525878906,39.599998474121094,42.900001525878906,11046478
2021-04-23,37.61094665527344,41.54999923706055,42.400001525878906,39.900001525878906,40.599998474121094,7281041
2021-04-26,37.56569290161133,41.5,42.900001525878906,41.349998474121094,41.900001525878906,7841721
2021-04-27,37.203609466552734,41.099998474121094,42.29999923706055,40.849998474121094,41.70000076293945,5845412
2021-04-28,39.421348571777344,43.54999923706055,43.900001525878906,40.79999923706055,41.099998474121094,18215679
2021-04-29,38.335105895996094,42.349998474121094,44.45000076293945,42.0,44.20000076293945,20862594
2021-05-03,34.759578704833984,38.400001525878906,42.0,38.20000076293945,41.900001525878906,12407487
2021-05-04,32.76814651489258,36.20000076293945,39.04999923706055,34.599998474121094,38.0,10189556
2021-05-05,33.53756332397461,37.04999923706055,38.5,35.099998474121094,36.599998474121094,6252520
2021-05-06,32.67761993408203,36.099998474121094,37.79999923706055,35.5,37.04999923706055,5940861
2021-05-07,34.759578704833984,38.400001525878906,38.70000076293945,36.54999923706055,36.79999923706055,5179491
2021-05-10,33.582820892333984,37.099998474121094,37.900001525878906,36.5,37.900001525878906,3597734
2021-05-11,30.233591079711914,33.400001525878906,35.849998474121094,33.400001525878906,35.849998474121094,9542394
2021-05-12,27.47273826599121,30.350000381469727,32.900001525878906,30.100000381469727,32.650001525878906,11962868
2021-05-13,27.6085205078125,30.5,30.950000762939453,28.049999237060547,28.5,6611436
2021-05-14,27.51799964904785,30.399999618530273,32.0,30.0,31.25,4458806
2021-05-17,25.30026626586914,27.950000762939453,29.950000762939453,27.399999618530273,27.600000381469727,6437854
2021-05-18,27.78955841064453,30.700000762939453,30.700000762939453,28.200000762939453,28.200000762939453,5518262
2021-05-19,28.69475555419922,31.700000762939453,31.950000762939453,30.350000381469727,30.700000762939453,3992684
2021-05-20,28.33267593383789,31.299999237060547,32.849998474121094,31.0,32.400001525878906,16682000
2021-05-21,29.418912887573242,32.5,32.900001525878906,31.549999237060547,31.600000381469727,14787220
2021-05-24,29.59995460510254,32.70000076293945,33.0,31.399999618530273,31.799999237060547,4899511
2021-05-25,30.27884864807129,33.45000076293945,34.400001525878906,33.099998474121094,33.29999923706055,6202771
2021-05-26,31.455608367919922,34.75,35.849998474121094,33.54999923706055,33.599998474121094,17570520
2021-05-27,31.591384887695312,34.900001525878906,35.75,33.75,34.25,9651547
2021-05-28,32.72288513183594,36.150001525878906,36.349998474121094,35.0,35.54999923706055,12500637
2021-05-31,32.22502517700195,35.599998474121094,36.5,35.349998474121094,36.0,7018505
2021-06-01,32.496585845947266,35.900001525878906,36.400001525878906,35.650001525878906,35.849998474121094,3599817
2021-06-02,32.0892448425293,35.45000076293945,36.20000076293945,34.900001525878906,36.099998474121094,4244999
2021-06-03,32.22502517700195,35.599998474121094,36.29999923706055,35.349998474121094,35.79999923706055,2732701
2021-06-04,31.998720169067383,35.349998474121094,36.099998474121094,35.29999923706055,35.849998474121094,2247556
2021-06-07,31.77242660522461,35.099998474121094,35.75,34.29999923706055,35.349998474121094,2413345
2021-06-08,32.04398727416992,35.400001525878906,35.70000076293945,35.099998474121094,35.45000076293945,1906780
2021-06-09,32.13450622558594,35.5,36.45000076293945,35.20000076293945,35.5,3517123
2021-06-10,32.17976760864258,35.54999923706055,36.04999923706055,35.400001525878906,35.599998474121094,1930210
2021-06-11,31.681909561157227,35.0,36.349998474121094,35.0,35.849998474121094,3689688
2021-06-15,32.31554412841797,35.70000076293945,35.95000076293945,35.04999923706055,35.5,2359649
2021-06-16,31.591384887695312,34.900001525878906,36.099998474121094,34.79999923706055,36.0,2668852
2021-06-17,32.27029037475586,35.650001525878906,35.75,34.599998474121094,35.0,1695390
2021-06-18,34.21645736694336,37.79999923706055,37.95000076293945,35.599998474121094,36.0,12167445
2021-06-21,32.67761993408203,36.099998474121094,37.5,36.04999923706055,37.5,15425572
2021-06-22,31.455608367919922,34.75,36.650001525878906,34.599998474121094,36.400001525878906,6966577
2021-06-23,32.72288513183594,36.150001525878906,36.150001525878906,34.79999923706055,34.79999923706055,4167065
2021-06-24,33.49230194091797,37.0,37.400001525878906,35.79999923706055,36.400001525878906,10390767
2021-06-25,35.8458137512207,39.599998474121094,40.0,37.599998474121094,37.650001525878906,34556725
2021-06-28,34.6690559387207,38.29999923706055,39.599998474121094,38.099998474121094,39.599998474121094,12788039
2021-06-29,33.718597412109375,37.25,38.5,37.0,38.0,7022682
2021-06-30,33.53756332397461,37.04999923706055,37.849998474121094,37.04999923706055,37.400001525878906,3520018
2021-07-01,32.67761993408203,36.099998474121094,37.5,36.0,37.20000076293945,4472407
2021-07-02,33.31126403808594,36.79999923706055,37.349998474121094,36.20000076293945,36.25,3098664
2021-07-05,34.48801803588867,38.099998474121094,38.45000076293945,37.099998474121094,37.29999923706055,5819236
2021-07-06,33.582820892333984,37.099998474121094,38.79999923706055,37.099998474121094,38.5,4631627
2021-07-07,33.35651779174805,36.849998474121094,37.650001525878906,36.79999923706055,37.349998474121094,2680560
2021-07-08,33.809120178222656,37.349998474121094,37.95000076293945,37.0,37.0,2622952
2021-07-09,34.03541564941406,37.599998474121094,38.5,36.900001525878906,37.29999923706055,5146834
2021-07-12,34.759578704833984,38.400001525878906,38.70000076293945,37.650001525878906,38.650001525878906,5844655
2021-07-13,33.99015808105469,37.54999923706055,39.349998474121094,37.54999923706055,38.70000076293945,9829734
2021-07-14,34.306976318359375,37.900001525878906,38.5,37.20000076293945,37.599998474121094,4212334
2021-07-15,34.44275665283203,38.04999923706055,38.70000076293945,37.900001525878906,37.900001525878906,2982386
2021-07-16,34.940616607666016,38.599998474121094,39.20000076293945,37.650001525878906,37.900001525878906,6958085
2021-07-19,35.39321517944336,39.099998474121094,39.5,38.20000076293945,38.54999923706055,9348790
2021-07-20,34.26171875,37.849998474121094,38.650001525878906,37.650001525878906,38.5,4472260
2021-07-21,33.53756332397461,37.04999923706055,38.95000076293945,36.849998474121094,38.29999923706055,4975993
2021-07-22,34.53327941894531,38.150001525878906,39.25,37.650001525878906,37.849998474121094,8015618
2021-07-23,37.97303009033203,41.95000076293945,41.95000076293945,38.54999923706055,38.849998474121094,29412958
2021-07-26,36.932044982910156,40.79999923706055,43.0,39.79999923706055,42.20000076293945,40158075
2021-07-27,38.42563247680664,42.45000076293945,42.45000076293945,40.0,40.5,26226279
2021-07-28,35.891075134277344,39.650001525878906,41.75,38.25,41.599998474121094,19937398
2021-07-29,36.2078971862793,40.0,40.900001525878906,39.75,40.5,6673787
2021-07-30,36.43418884277344,40.25,42.0,40.099998474121094,40.400001525878906,14180859
2021-08-02,35.71003723144531,39.45000076293945,41.0,39.20000076293945,40.54999923706055,22323905
2021-08-03,35.25743865966797,38.95000076293945,39.900001525878906,38.5,39.45000076293945,5618371
2021-08-04,35.07639694213867,38.75,39.599998474121094,38.54999923706055,39.150001525878906,3390502
2021-08-05,34.759578704833984,38.400001525878906,39.29999923706055,38.04999923706055,38.650001525878906,6720050
2021-08-06,34.6690559387207,38.29999923706055,39.099998474121094,38.29999923706055,38.5,3140096
2021-08-09,33.53756332397461,37.04999923706055,38.400001525878906,37.0,38.349998474121094,3590751
2021-08-10,32.67761993408203,36.099998474121094,37.349998474121094,36.0,37.20000076293945,3644959
2021-08-11,32.541847229003906,35.95000076293945,37.04999923706055,35.70000076293945,36.75,3556379
2021-08-12,32.85866165161133,36.29999923706055,36.75,36.099998474121094,36.75,1111918
2021-08-13,31.500865936279297,34.79999923706055,36.5,34.650001525878906,36.29999923706055,3018000
2021-08-16,30.595670700073242,33.79999923706055,35.099998474121094,33.099998474121094,34.79999923706055,3829453
2021-08-17,30.595670700073242,33.79999923706055,33.79999923706055,33.79999923706055,33.79999923706055,0
2021-08-18,30.686189651489258,33.900001525878906,34.099998474121094,31.649999618530273,31.950000762939453,2710550
2021-08-19,29.32839584350586,32.400001525878906,33.849998474121094,32.349998474121094,33.79999923706055,1936265
2021-08-20,29.735729217529297,32.849998474121094,33.349998474121094,32.20000076293945,32.900001525878906,2049406
2021-08-23,31.09352684020996,34.349998474121094,34.5,33.45000076293945,33.75,1462978
2021-08-24,30.5504093170166,33.75,34.900001525878906,33.75,34.79999923706055,1294418
2021-08-25,31.636648178100586,34.95000076293945,35.75,34.0,34.0,3177892
2021-08-26,31.636648178100586,34.95000076293945,35.29999923706055,34.75,35.0,1550207
2021-08-27,31.500865936279297,34.79999923706055,35.29999923706055,34.650001525878906,34.95000076293945,768111
2021-08-30,31.591384887695312,34.900001525878906,35.25,34.79999923706055,35.25,818743
2021-08-31,31.681909561157227,35.0,35.5,34.849998474121094,35.0,1017555
2021-09-01,33.31126403808594,36.79999923706055,36.900001525878906,35.25,35.25,7000400
2021-09-02,32.90392303466797,36.349998474121094,37.79999923706055,36.29999923706055,36.29999923706055,10998076
2021-09-03,31.81768798828125,35.150001525878906,36.75,35.0,36.400001525878906,4502611
2021-09-06,32.31554412841797,35.70000076293945,37.0,34.95000076293945,35.0,8928100
2021-09-07,31.998720169067383,35.349998474121094,35.5,34.349998474121094,35.5,3977062
2021-09-08,30.731449127197266,33.95000076293945,35.5,33.900001525878906,35.5,2513050
2021-09-09,31.410348892211914,34.70000076293945,34.900001525878906,33.5,33.95000076293945,1625066
2021-09-10,31.681909561157227,35.0,35.25,34.650001525878906,34.900001525878906,999134
2021-09-13,31.998720169067383,35.349998474121094,35.599998474121094,34.70000076293945,35.0,1381570
2021-09-14,31.90821075439453,35.25,35.70000076293945,35.0,35.70000076293945,890049
2021-09-15,34.12594223022461,37.70000076293945,37.79999923706055,35.29999923706055,35.400001525878906,11543627
2021-09-16,33.94490051269531,37.5,37.95000076293945,36.75,37.900001525878906,17326631
2021-09-17,33.99015808105469,37.54999923706055,38.45000076293945,36.79999923706055,36.849998474121094,8810007
2021-09-22,32.45132064819336,35.849998474121094,36.70000076293945,35.79999923706055,36.45000076293945,3467398
2021-09-23,32.67761993408203,36.099998474121094,36.5,35.849998474121094,36.25,1730550
2021-09-24,32.76814651489258,36.20000076293945,36.54999923706055,36.20000076293945,36.400001525878906,1421016
2021-09-27,33.220741271972656,36.70000076293945,37.45000076293945,36.349998474121094,36.349998474121094,2433309
2021-09-28,32.72288513183594,36.150001525878906,36.849998474121094,36.150001525878906,36.70000076293945,1741058
2021-09-29,31.888460159301758,34.75,35.5,34.650001525878906,34.900001525878906,2244142
2021-09-30,31.93433952331543,34.79999923706055,35.04999923706055,34.5,34.849998474121094,1348156
2021-10-01,30.099031448364258,32.79999923706055,34.5,32.79999923706055,34.5,2696913
2021-10-04,28.95196533203125,31.549999237060547,33.349998474121094,31.549999237060547,33.20000076293945,2182255
2021-10-05,29.64020538330078,32.29999923706055,32.400001525878906,30.399999618530273,31.100000381469727,1458716
2021-10-06,28.584903717041016,31.149999618530273,32.45000076293945,31.149999618530273,32.29999923706055,1679411
2021-10-07,29.8237361907959,32.5,32.54999923706055,31.399999618530273,31.399999618530273,1214209
2021-10-08,30.00726890563965,32.70000076293945,33.349998474121094,32.5,32.79999923706055,1240523
2021-10-12,29.135496139526367,31.75,32.5,31.649999618530273,32.04999923706055,1467031
2021-10-13,29.043731689453125,31.649999618530273,32.400001525878906,31.0,32.099998474121094,2362430
2021-10-14,29.27314567565918,31.899999618530273,32.25,31.100000381469727,32.04999923706055,2024118
2021-10-15,30.97080421447754,33.75,34.0,32.349998474121094,32.79999923706055,8793937
2021-10-18,29.91550064086914,32.599998474121094,34.099998474121094,32.599998474121094,34.099998474121094,4175335
2021-10-19,30.42021369934082,33.150001525878906,33.400001525878906,32.75,32.849998474121094,1581544
2021-10-20,30.879039764404297,33.650001525878906,34.5,33.45000076293945,33.95000076293945,6595110
2021-10-21,31.613162994384766,34.45000076293945,35.150001525878906,33.70000076293945,33.70000076293945,7357174
2021-10-22,32.57669448852539,35.5,35.5,33.95000076293945,34.29999923706055,5911670
2021-10-25,33.21905517578125,36.20000076293945,36.20000076293945,35.099998474121094,35.849998474121094,7997033
2021-10-26,33.861412048339844,36.900001525878906,37.5,35.849998474121094,35.95000076293945,8784400
2021-10-27,34.04494094848633,37.099998474121094,37.29999923706055,36.29999923706055,36.599998474121094,3459519
2021-10-28,34.32024383544922,37.400001525878906,37.79999923706055,36.70000076293945,36.70000076293945,4003697
2021-10-29,34.50376892089844,37.599998474121094,37.70000076293945,36.95000076293945,37.5,3553154
2021-11-01,35.37554168701172,38.54999923706055,38.75,37.70000076293945,37.95000076293945,7241747
2021-11-02,34.18259048461914,37.25,39.900001525878906,36.900001525878906,39.400001525878906,14008038
2021-11-03,34.50376892089844,37.599998474121094,38.400001525878906,37.45000076293945,37.599998474121094,5117637
2021-11-04,36.20143127441406,39.45000076293945,39.650001525878906,38.349998474121094,38.54999923706055,13050997
2021-11-05,34.68730163574219,37.79999923706055,40.400001525878906,37.599998474121094,40.0,12766849
2021-11-08,34.27435302734375,37.349998474121094,38.29999923706055,37.20000076293945,37.79999923706055,3611880
2021-11-09,35.78848648071289,39.0,39.150001525878906,37.400001525878906,37.599998474121094,5782210
2021-11-10,36.706138610839844,40.0,40.0,38.29999923706055,38.5,20798706
2021-11-11,36.10966110229492,39.349998474121094,39.599998474121094,38.650001525878906,39.45000076293945,15808025
2021-11-12,37.34849548339844,40.70000076293945,41.150001525878906,39.70000076293945,40.20000076293945,29163695
2021-11-15,36.88966751098633,40.20000076293945,41.650001525878906,40.04999923706055,41.0,16988972
2021-11-16,35.880252838134766,39.099998474121094,40.849998474121094,39.0,40.20000076293945,9692698
2021-11-17,37.07319641113281,40.400001525878906,41.5,39.29999923706055,39.29999923706055,19589333
2021-11-18,36.56848907470703,39.849998474121094,40.400001525878906,39.400001525878906,40.400001525878906,6372616
2021-11-19,36.29319381713867,39.54999923706055,41.0,39.45000076293945,39.79999923706055,12250496
2021-11-22,36.47672653198242,39.75,40.20000076293945,39.0,39.599998474121094,4183986
2021-11-23,35.5590705871582,38.75,39.900001525878906,38.599998474121094,39.099998474121094,4020217
2021-11-24,35.880252838134766,39.099998474121094,39.20000076293945,38.45000076293945,38.75,2594660
2021-11-25,36.47672653198242,39.75,40.650001525878906,39.150001525878906,39.20000076293945,8415160
2021-11-26,35.42142105102539,38.599998474121094,40.70000076293945,38.54999923706055,40.0,6380425
2021-11-29,35.5590705871582,38.75,38.849998474121094,36.599998474121094,37.75,4354818
2021-11-30,36.339073181152344,39.599998474121094,40.0,38.849998474121094,38.95000076293945,3934757
2021-12-01,36.79790496826172,40.099998474121094,40.599998474121094,39.20000076293945,39.45000076293945,6613201
2021-12-02,35.46730422973633,38.650001525878906,40.099998474121094,38.5,40.099998474121094,4081672
2021-12-03,35.5590705871582,38.75,39.400001525878906,38.75,38.95000076293945,1612866
2021-12-06,35.51319122314453,38.70000076293945,39.400001525878906,38.599998474121094,38.95000076293945,1872211
2021-12-07,34.96259307861328,38.099998474121094,39.25,38.099998474121094,38.900001525878906,2578515
2021-12-08,37.577911376953125,40.95000076293945,41.900001525878906,38.75,38.79999923706055,42431836
2021-12-09,37.853206634521484,41.25,42.29999923706055,40.54999923706055,41.0,24187015
2021-12-10,40.60616683959961,44.25,45.29999923706055,41.04999923706055,41.25,47015947
2021-12-13,42.16617965698242,45.95000076293945,47.900001525878906,43.75,45.20000076293945,55143563
2021-12-14,41.29440689086914,45.0,47.75,43.900001525878906,46.70000076293945,63755997
2021-12-15,43.54265594482422,47.45000076293945,47.45000076293945,44.650001525878906,45.04999923706055,40878416
2021-12-16,45.24031448364258,49.29999923706055,51.5,47.5,47.79999923706055,73362039
2021-12-17,44.4144287109375,48.400001525878906,50.70000076293945,47.79999923706055,49.45000076293945,48183426
2021-12-20,42.48735427856445,46.29999923706055,49.5,46.29999923706055,48.900001525878906,28034391
2021-12-21,43.083831787109375,46.95000076293945,47.79999923706055,45.54999923706055,46.70000076293945,24032725
2021-12-22,43.267364501953125,47.150001525878906,47.29999923706055,46.20000076293945,46.95000076293945,15361391
2021-12-23,45.88267517089844,50.0,50.0,47.099998474121094,47.150001525878906,50709225
2021-12-24,46.61679458618164,50.79999923706055,52.099998474121094,49.650001525878906,50.900001525878906,75030842
2021-12-27,44.96501922607422,49.0,52.400001525878906,49.0,51.599998474121094,44348725
2021-12-28,44.230892181396484,48.20000076293945,49.79999923706055,48.150001525878906,49.099998474121094,22965434
2021-12-29,44.91913604736328,48.95000076293945,50.29999923706055,48.400001525878906,48.45000076293945,25341821
2021-12-30,43.680301666259766,47.599998474121094,49.25,47.20000076293945,49.20000076293945,19232849
2022-01-03,43.221473693847656,47.099998474121094,48.400001525878906,46.54999923706055,48.20000076293945,10927231
2022-01-04,44.73560333251953,48.75,49.45000076293945,47.5,47.900001525878906,26934636
2022-01-05,44.04736328125,48.0,48.54999923706055,47.400001525878906,48.29999923706055,13406707
2022-01-06,42.120296478271484,45.900001525878906,47.29999923706055,45.599998474121094,47.20000076293945,19507458
2022-01-07,40.743812561035156,44.400001525878906,47.20000076293945,43.900001525878906,46.599998474121094,20118028
2022-01-10,42.028526306152344,45.79999923706055,46.20000076293945,44.29999923706055,44.400001525878906,8610553
2022-01-11,39.91792297363281,43.5,45.650001525878906,43.20000076293945,45.400001525878906,17940105
2022-01-12,40.92734146118164,44.599998474121094,46.20000076293945,44.150001525878906,45.0,19863623
2022-01-13,41.202640533447266,44.900001525878906,45.349998474121094,44.150001525878906,45.099998474121094,7296253
2022-01-14,40.330867767333984,43.95000076293945,45.20000076293945,42.349998474121094,45.20000076293945,12694679
2022-01-17,42.6708869934082,46.5,46.599998474121094,44.29999923706055,44.650001525878906,11819912
2022-01-18,42.48735427856445,46.29999923706055,47.0,45.5,45.5,11790427
2022-01-19,43.77207565307617,47.70000076293945,48.0,45.849998474121094,45.849998474121094,22453670
2022-01-20,44.36854553222656,48.349998474121094,48.349998474121094,46.900001525878906,47.20000076293945,17858008
2022-01-21,42.120296478271484,45.900001525878906,47.900001525878906,45.849998474121094,47.25,13942122
2022-01-24,42.6708869934082,46.5,46.5,44.599998474121094,45.5,10469664
2022-01-25,42.212059020996094,46.0,47.900001525878906,46.0,46.400001525878906,18634291
2022-01-26,42.90030288696289,46.75,47.29999923706055,45.5,46.0,12620478
2022-02-07,42.16617965698242,45.95000076293945,47.5,44.5,47.04999923706055,18575137
2022-02-08,44.96501922607422,49.0,49.79999923706055,45.25,45.70000076293945,24161772
2022-02-09,47.442684173583984,51.70000076293945,51.70000076293945,48.400001525878906,48.75,51611604
2022-02-10,47.9932746887207,52.29999923706055,53.0,50.70000076293945,51.900001525878906,55027635
2022-02-11,44.55207443237305,48.54999923706055,51.20000076293945,48.54999923706055,50.599998474121094,39411931
2022-02-14,43.863834381103516,47.79999923706055,48.849998474121094,47.099998474121094,47.75,18206753
2022-02-15,45.56149673461914,49.650001525878906,51.5,48.5,49.20000076293945,54002272
2022-02-16,44.96501922607422,49.0,51.400001525878906,48.900001525878906,50.79999923706055,36450304
2022-02-17,44.04736328125,48.0,49.400001525878906,47.900001525878906,49.150001525878906,16855615
2022-02-18,44.27677917480469,48.25,48.400001525878906,47.29999923706055,47.5,10201409
2022-02-21,43.267364501953125,47.150001525878906,48.75,47.099998474121094,48.25,15466531
2022-02-22,42.212059020996094,46.0,46.70000076293945,44.849998474121094,46.70000076293945,19046179
2022-02-23,42.395591735839844,46.20000076293945,46.599998474121094,45.849998474121094,46.29999923706055,9947848
2022-02-24,39.64262771606445,43.20000076293945,45.5,42.849998474121094,45.20000076293945,15355202
2022-02-25,39.688514709472656,43.25,44.75,43.25,44.25,7361572
2022-03-01,41.06499099731445,44.75,44.900001525878906,43.650001525878906,44.45000076293945,5988712
2022-03-02,41.47793960571289,45.20000076293945,45.20000076293945,43.75,44.04999923706055,5723165
2022-03-03,41.06499099731445,44.75,45.599998474121094,44.599998474121094,45.349998474121094,6914103
2022-03-04,39.91792297363281,43.5,44.54999923706055,43.5,44.25,6288180
2022-03-07,36.88966751098633,40.20000076293945,42.45000076293945,39.95000076293945,42.400001525878906,12823860
2022-03-08,36.38496017456055,39.650001525878906,41.349998474121094,39.29999923706055,39.95000076293945,9124647
2022-03-09,37.66967010498047,41.04999923706055,41.04999923706055,39.45000076293945,40.150001525878906,11842213
2022-03-10,38.49556350708008,41.95000076293945,42.29999923706055,41.45000076293945,41.54999923706055,8515448
2022-03-11,39.64262771606445,43.20000076293945,43.349998474121094,41.5,41.900001525878906,10775054
2022-03-14,39.688514709472656,43.25,43.95000076293945,42.599998474121094,42.599998474121094,6975131
2022-03-15,38.58732986450195,42.04999923706055,43.5,41.900001525878906,43.0,5889369
2022-03-16,39.4132194519043,42.95000076293945,43.5,42.29999923706055,42.900001525878906,6208534
2022-03-17,40.28499221801758,43.900001525878906,44.70000076293945,43.400001525878906,44.20000076293945,7491299
2022-03-18,40.65204620361328,44.29999923706055,44.45000076293945,43.79999923706055,44.20000076293945,5385593
2022-03-21,40.65204620361328,44.29999923706055,45.0,44.25,44.79999923706055,4996483
2022-03-22,41.24851989746094,44.95000076293945,44.95000076293945,43.95000076293945,44.650001525878906,3945288
2022-03-23,40.69792938232422,44.349998474121094,45.54999923706055,44.349998474121094,45.099998474121094,6662796
2022-03-24,40.65204620361328,44.29999923706055,44.70000076293945,43.900001525878906,44.099998474121094,3088537
2022-03-25,39.8261604309082,43.400001525878906,44.75,43.04999923706055,44.70000076293945,4549405
2022-03-28,40.19322204589844,43.79999923706055,43.79999923706055,42.400001525878906,43.0,3202625
2022-03-29,40.10145950317383,43.70000076293945,44.20000076293945,43.650001525878906,44.0,2095602
2022-03-30,40.37675094604492,44.0,44.95000076293945,43.95000076293945,44.29999923706055,4791254
2022-03-31,39.32144546508789,42.849998474121094,44.150001525878906,42.79999923706055,44.150001525878906,3973778
2022-04-01,39.092037200927734,42.599998474121094,42.900001525878906,41.849998474121094,42.45000076293945,2543072
2022-04-06,38.036739349365234,41.45000076293945,42.04999923706055,41.20000076293945,42.0,3533181
2022-04-07,36.614376068115234,39.900001525878906,41.29999923706055,39.849998474121094,41.04999923706055,6008346
2022-04-08,37.302616119384766,40.650001525878906,40.75,40.04999923706055,40.349998474121094,2553471
2022-04-11,37.853206634521484,41.25,42.20000076293945,41.04999923706055,41.900001525878906,5248319
2022-04-12,36.98143768310547,40.29999923706055,41.04999923706055,40.099998474121094,41.04999923706055,2570921
2022-04-13,37.34849548339844,40.70000076293945,40.900001525878906,40.45000076293945,40.70000076293945,1719853
2022-04-14,37.76144027709961,41.150001525878906,41.29999923706055,40.70000076293945,41.0,2317723
2022-04-15,36.339073181152344,39.599998474121094,40.95000076293945,39.599998474121094,40.95000076293945,3657163
2022-04-18,35.9261360168457,39.150001525878906,39.900001525878906,38.5,39.349998474121094,2959793
2022-04-19,35.972015380859375,39.20000076293945,40.150001525878906,39.20000076293945,39.599998474121094,2217550
2022-04-20,36.339073181152344,39.599998474121094,39.95000076293945,39.20000076293945,39.70000076293945,1956805
2022-04-21,35.9261360168457,39.150001525878906,39.95000076293945,39.150001525878906,39.95000076293945,2198069
2022-04-22,35.008480072021484,38.150001525878906,38.849998474121094,38.04999923706055,38.849998474121094,3361851
2022-04-25,33.76964569091797,36.79999923706055,37.150001525878906,36.20000076293945,37.099998474121094,3718426
2022-04-26,34.41200256347656,37.5,38.099998474121094,37.20000076293945,37.45000076293945,2784107
2022-04-27,33.63199996948242,36.650001525878906,36.70000076293945,35.20000076293945,36.25,3401686
2022-04-28,33.63199996948242,36.650001525878906,37.20000076293945,36.099998474121094,36.650001525878906,1700420
2022-04-29,34.22846984863281,37.29999923706055,37.75,37.099998474121094,37.54999923706055,1816870
2022-05-03,34.4578857421875,37.54999923706055,37.75,36.95000076293945,37.349998474121094,1769749
2022-05-04,35.42142105102539,38.599998474121094,38.599998474121094,38.0,38.099998474121094,1911157
2022-05-05,36.155548095703125,39.400001525878906,39.599998474121094,38.849998474121094,39.04999923706055,4554428
2022-05-06,34.68730163574219,37.79999923706055,38.400001525878906,37.29999923706055,38.29999923706055,3571663
2022-05-09,32.39316940307617,35.29999923706055,37.70000076293945,35.25,37.70000076293945,3575281
2022-05-10,33.127288818359375,36.099998474121094,36.150001525878906,34.20000076293945,34.29999923706055,2470555
2022-05-11,30.557857513427734,33.29999923706055,34.900001525878906,33.0,34.900001525878906,9119797
2022-05-12,30.83315658569336,33.599998474121094,34.95000076293945,31.850000381469727,31.850000381469727,10126821
2022-05-13,31.93433952331543,34.79999923706055,34.79999923706055,33.5,33.650001525878906,5257474
2022-05-16,32.98964309692383,35.95000076293945,36.25,34.849998474121094,35.04999923706055,7637651
2022-05-17,33.861412048339844,36.900001525878906,36.900001525878906,35.70000076293945,36.099998474121094,3374726
2022-05-18,34.13671112060547,37.20000076293945,37.5,36.75,37.29999923706055,3329418
2022-05-19,35.008480072021484,38.150001525878906,38.150001525878906,36.349998474121094,36.349998474121094,3805659
2022-05-20,35.008480072021484,38.150001525878906,38.29999923706055,37.75,37.849998474121094,1801808
2022-05-23,35.008480072021484,38.150001525878906,38.650001525878906,37.95000076293945,38.150001525878906,1223599
2022-05-24,34.04494094848633,37.099998474121094,38.5,37.099998474121094,38.20000076293945,2498525
2022-05-25,34.73318099975586,37.849998474121094,38.04999923706055,37.29999923706055,37.54999923706055,2265018
2022-05-26,34.4578857421875,37.54999923706055,38.75,37.45000076293945,37.95000076293945,3928293
2022-05-27,34.64141845703125,37.75,38.099998474121094,37.54999923706055,37.900001525878906,2315376
2022-05-30,35.46730422973633,38.650001525878906,38.900001525878906,37.95000076293945,38.0,2071101
2022-05-31,36.01789855957031,39.25,39.45000076293945,38.29999923706055,38.650001525878906,2543640
2022-06-01,35.972015380859375,39.20000076293945,40.099998474121094,39.150001525878906,39.54999923706055,3344465
2022-06-02,35.51319122314453,38.70000076293945,39.54999923706055,38.650001525878906,39.29999923706055,2125500
2022-06-06,35.880252838134766,39.099998474121094,39.5,38.650001525878906,39.0,1695330
2022-06-07,35.37554168701172,38.54999923706055,39.25,38.5,39.099998474121094,1454137
2022-06-08,35.237892150878906,38.400001525878906,39.20000076293945,38.400001525878906,38.79999923706055,1197009
2022-06-09,35.283775329589844,38.45000076293945,39.349998474121094,38.25,38.400001525878906,4264132
2022-06-10,34.27435302734375,37.349998474121094,38.099998474121094,37.29999923706055,38.099998474121094,2683006
2022-06-13,33.35669708251953,36.349998474121094,37.79999923706055,36.349998474121094,37.0,3621300
2022-06-14,33.494354248046875,36.5,36.5,35.349998474121094,35.900001525878906,2456342
2022-06-15,33.63199996948242,36.650001525878906,36.849998474121094,36.349998474121094,36.5,1549900
2022-06-16,33.7237663269043,36.75,37.54999923706055,36.75,37.0,2157051
2022-06-17,32.94375991821289,35.900001525878906,37.5,35.150001525878906,36.79999923706055,8248341
2022-06-20,30.741390228271484,33.5,36.04999923706055,33.349998474121094,36.04999923706055,3743200
2022-06-21,32.89788055419922,35.849998474121094,36.0,34.04999923706055,34.25,2888950
2022-06-22,32.48493576049805,35.400001525878906,36.650001525878906,34.70000076293945,36.099998474121094,5272165
2022-06-23,32.20963668823242,35.099998474121094,35.849998474121094,34.20000076293945,35.45000076293945,2675300
2022-06-24,32.668460845947266,35.599998474121094,36.5,35.349998474121094,35.400001525878906,3084215
2022-06-27,33.90729522705078,36.95000076293945,37.20000076293945,36.29999923706055,36.349998474121094,3425918
2022-06-28,34.13671112060547,37.20000076293945,37.79999923706055,37.0,37.349998474121094,3498081
2022-06-29,33.44847106933594,36.45000076293945,36.79999923706055,35.95000076293945,36.70000076293945,1836634
2022-06-30,31.704927444458008,34.54999923706055,36.70000076293945,34.5,36.70000076293945,2645387
2022-07-01,29.68608856201172,32.349998474121094,34.95000076293945,32.20000076293945,34.04999923706055,3663957
2022-07-04,28.81431770324707,31.399999618530273,32.75,31.149999618530273,32.349998474121094,3915003
2022-07-05,29.777856826782227,32.45000076293945,33.70000076293945,31.200000762939453,32.400001525878906,6480448
2022-07-06,28.676671981811523,31.25,32.70000076293945,31.200000762939453,32.349998474121094,2323924
2022-07-07,30.879039764404297,33.650001525878906,33.75,31.299999237060547,31.700000762939453,4665374
2022-07-08,32.53081512451172,35.45000076293945,35.849998474121094,33.75,34.25,8503111
2022-07-11,32.53081512451172,35.45000076293945,36.099998474121094,35.04999923706055,35.900001525878906,4334477
2022-07-12,31.246097564697266,34.04999923706055,35.04999923706055,33.79999923706055,35.04999923706055,2227100
2022-07-13,32.89788055419922,35.849998474121094,36.599998474121094,34.650001525878906,36.54999923706055,10499657
2022-07-14,33.127288818359375,36.099998474121094,36.599998474121094,35.70000076293945,36.400001525878906,13402477
2022-07-15,33.861412048339844,36.900001525878906,37.150001525878906,35.599998474121094,36.25,7623295
2022-07-18,34.77906799316406,37.900001525878906,39.20000076293945,37.599998474121094,37.79999923706055,15842578
2022-07-19,34.50376892089844,37.599998474121094,38.25,37.04999923706055,37.5,8386641
2022-07-20,35.65083312988281,38.849998474121094,38.95000076293945,37.29999923706055,38.0,16199927
2022-07-21,35.51319122314453,38.70000076293945,39.400001525878906,38.5,39.20000076293945,14348788
2022-07-22,34.91671371459961,38.04999923706055,39.150001525878906,37.95000076293945,38.70000076293945,6202200
2022-07-25,34.91671371459961,38.04999923706055,38.349998474121094,37.70000076293945,37.79999923706055,2385553
2022-07-26,34.22846984863281,37.29999923706055,38.04999923706055,37.04999923706055,38.0,3472601
2022-07-27,34.77906799316406,37.900001525878906,37.95000076293945,37.29999923706055,37.400001525878906,1963816
2022-07-28,34.22846984863281,37.29999923706055,38.45000076293945,37.29999923706055,38.25,2668139
2022-07-29,34.4578857421875,37.54999923706055,38.04999923706055,37.5,37.79999923706055,1778279
2022-08-01,34.32024383544922,37.400001525878906,37.79999923706055,37.349998474121094,37.599998474121094,1311647
2022-08-02,32.34728240966797,35.25,36.79999923706055,35.20000076293945,36.79999923706055,5097733
2022-08-03,31.888460159301758,34.75,35.70000076293945,34.650001525878906,35.099998474121094,2655112
2022-08-04,31.842578887939453,34.70000076293945,34.95000076293945,33.79999923706055,34.45000076293945,2395160
2022-08-05,32.85198974609375,35.79999923706055,35.900001525878906,35.099998474121094,35.099998474121094,1569800
2022-08-08,32.94375991821289,35.900001525878906,36.0,35.150001525878906,35.29999923706055,1306000
2022-08-09,33.44847106933594,36.45000076293945,36.45000076293945,35.79999923706055,36.0,1552149
2022-08-10,33.861412048339844,36.900001525878906,37.20000076293945,36.25,36.650001525878906,3347907
2022-08-11,33.76964569091797,36.79999923706055,37.349998474121094,36.599998474121094,37.25,2690321
2022-08-12,34.50376892089844,37.599998474121094,37.79999923706055,36.95000076293945,36.95000076293945,3467317
2022-08-15,34.54965591430664,37.650001525878906,38.5,37.599998474121094,38.5,6896511
2022-08-16,33.861412048339844,36.900001525878906,37.599998474121094,36.900001525878906,37.45000076293945,2504674
2022-08-17,34.27435302734375,37.349998474121094,37.45000076293945,36.95000076293945,37.150001525878906,1526167
2022-08-18,34.36612319946289,37.45000076293945,37.54999923706055,36.95000076293945,37.349998474121094,1492002
2022-08-19,34.59553527832031,37.70000076293945,38.0,37.54999923706055,37.599998474121094,2340749
2022-08-22,34.18259048461914,37.25,37.5,37.04999923706055,37.5,993000
2022-08-23,34.04494094848633,37.099998474121094,37.25,36.349998474121094,36.79999923706055,1560221
2022-08-24,34.32024383544922,37.400001525878906,37.849998474121094,37.20000076293945,37.20000076293945,1660200
2022-08-25,34.96259307861328,38.099998474121094,38.29999923706055,37.650001525878906,37.70000076293945,3317017
2022-08-26,34.824951171875,37.95000076293945,38.349998474121094,37.849998474121094,38.29999923706055,3307904
2022-08-29,33.310821533203125,36.29999923706055,36.900001525878906,36.150001525878906,36.599998474121094,2433894
2022-08-30,33.95317840576172,37.0,37.29999923706055,36.349998474121094,36.75,1536074
2022-08-31,34.50376892089844,37.599998474121094,37.599998474121094,37.0,37.0,1348208
2022-09-01,35.78848648071289,39.0,39.349998474121094,37.0,37.400001525878906,14807955
2022-09-02,35.78848648071289,39.0,39.79999923706055,38.650001525878906,39.5,20978172
2022-09-05,32.57669448852539,35.5,38.599998474121094,35.45000076293945,38.599998474121094,13876017
2022-09-06,31.65904426574707,34.5,35.75,33.849998474121094,35.70000076293945,7708780
2022-09-07,31.842578887939453,34.70000076293945,34.849998474121094,33.900001525878906,34.04999923706055,2980500
2022-09-08,31.93433952331543,34.79999923706055,35.400001525878906,34.25,35.400001525878906,3185121
2022-09-12,33.44847106933594,36.45000076293945,36.650001525878906,35.5,35.70000076293945,4826738
2022-09-13,33.95317840576172,37.0,37.29999923706055,36.650001525878906,36.849998474121094,3616404
2022-09-14,33.95317840576172,37.0,37.04999923706055,35.75,35.79999923706055,2033500
2022-09-15,33.7237663269043,36.75,37.29999923706055,36.599998474121094,37.20000076293945,1959402
2022-09-16,33.861412048339844,36.900001525878906,37.25,36.45000076293945,36.5,2289108
2022-09-19,32.89788055419922,35.849998474121094,37.0,35.75,37.0,2074125
2022-09-20,33.63199996948242,36.650001525878906,36.70000076293945,35.849998474121094,36.150001525878906,2051619
2022-09-21,33.753108978271484,36.099998474121094,36.349998474121094,35.849998474121094,36.099998474121094,1492540
2022-09-22,33.799861907958984,36.150001525878906,36.54999923706055,35.45000076293945,36.099998474121094,1251112
2022-09-23,33.285614013671875,35.599998474121094,36.45000076293945,35.349998474121094,36.45000076293945,1755494
2022-09-26,30.24690055847168,32.349998474121094,35.29999923706055,32.150001525878906,35.150001525878906,4400581
2022-09-27,30.99489402770996,33.150001525878906,33.25,31.799999237060547,33.150001525878906,2994421
2022-09-28,29.49890899658203,31.549999237060547,33.599998474121094,31.5,33.0,3549422
2022-09-29,30.807897567749023,32.95000076293945,33.150001525878906,32.349998474121094,32.599998474121094,2288110
2022-09-30,30.76114845275879,32.900001525878906,33.0,31.600000381469727,32.20000076293945,3842291
2022-10-03,30.714393615722656,32.849998474121094,33.0,32.099998474121094,32.099998474121094,1994015
2022-10-04,31.836380004882812,34.04999923706055,34.45000076293945,33.20000076293945,33.45000076293945,2904202
2022-10-05,32.91162109375,35.20000076293945,35.70000076293945,34.5,34.79999923706055,4457877
2022-10-06,33.33237075805664,35.650001525878906,36.150001525878906,35.400001525878906,35.79999923706055,5122210
2022-10-07,33.192115783691406,35.5,35.70000076293945,35.25,35.29999923706055,1183349
2022-10-11,32.91162109375,35.20000076293945,35.70000076293945,34.650001525878906,35.099998474121094,2556020
2022-10-12,32.67787170410156,34.95000076293945,35.54999923706055,34.400001525878906,35.400001525878906,2339101
2022-10-13,30.574148178100586,32.70000076293945,35.45000076293945,32.54999923706055,34.95000076293945,3281432
2022-10-14,32.023380279541016,34.25,34.650001525878906,34.04999923706055,34.400001525878906,1720030
2022-10-17,31.649385452270508,33.849998474121094,33.95000076293945,32.599998474121094,33.20000076293945,2013156
2022-10-18,32.116878509521484,34.349998474121094,34.75,34.099998474121094,34.599998474121094,1360722
2022-10-19,31.46238899230957,33.650001525878906,34.79999923706055,33.650001525878906,34.5,1504700
2022-10-20,30.76114845275879,32.900001525878906,33.75,32.349998474121094,33.5,2270908
2022-10-21,29.966402053833008,32.04999923706055,32.95000076293945,31.899999618530273,32.95000076293945,2356260
2022-10-24,30.059904098510742,32.150001525878906,33.150001525878906,32.150001525878906,32.54999923706055,1558827
2022-10-25,29.592409133911133,31.649999618530273,32.5,31.549999237060547,32.5,1658264
2022-10-26,29.031415939331055,31.049999237060547,31.950000762939453,31.0,31.950000762939453,2137367
2022-10-27,30.200151443481445,32.29999923706055,32.29999923706055,31.399999618530273,31.399999618530273,1176885
2022-10-28,29.45216178894043,31.5,32.29999923706055,31.399999618530273,32.04999923706055,957296
2022-10-31,31.3688907623291,33.54999923706055,33.599998474121094,31.899999618530273,32.0,5469112
2022-11-01,31.46238899230957,33.650001525878906,34.04999923706055,33.25,33.45000076293945,5208041
2022-11-02,32.023380279541016,34.25,34.650001525878906,33.79999923706055,34.0,3642159
2022-11-03,31.976633071899414,34.20000076293945,34.45000076293945,33.650001525878906,33.70000076293945,1278533
2022-11-04,32.25712966918945,34.5,34.5,33.849998474121094,33.95000076293945,1358182
2022-11-07,32.49087905883789,34.75,34.95000076293945,34.45000076293945,34.79999923706055,1772796
2022-11-08,32.53762435913086,34.79999923706055,35.5,34.75,35.099998474121094,1926075
2022-11-09,32.631126403808594,34.900001525878906,35.5,34.900001525878906,35.29999923706055,1297086
2022-11-10,32.72462463378906,35.0,35.599998474121094,34.650001525878906,34.900001525878906,2489105
2022-11-11,32.631126403808594,34.900001525878906,36.29999923706055,34.900001525878906,36.0,3342902
2022-11-14,33.37911605834961,35.70000076293945,35.79999923706055,34.900001525878906,35.0,2486469
2022-11-15,32.350624084472656,34.599998474121094,35.650001525878906,34.0,35.650001525878906,6687303
2022-11-16,32.21038055419922,34.45000076293945,35.150001525878906,34.400001525878906,34.599998474121094,2577750
2022-11-17,34.22060775756836,36.599998474121094,36.599998474121094,34.29999923706055,34.29999923706055,10635821
2022-11-18,34.78160095214844,37.20000076293945,37.5,36.400001525878906,37.0,16325460
2022-11-21,34.17385482788086,36.54999923706055,37.599998474121094,36.5,37.29999923706055,13105611
2022-11-22,33.753108978271484,36.099998474121094,36.5,35.54999923706055,36.5,5278588
2022-11-23,34.6880989074707,37.099998474121094,37.099998474121094,36.20000076293945,36.349998474121094,7820030
2022-11-24,35.29584503173828,37.75,37.75,37.0,37.349998474121094,13028020
2022-11-25,34.22060775756836,36.599998474121094,37.75,36.5,37.75,6565337
2022-11-28,34.7348518371582,37.150001525878906,37.79999923706055,36.599998474121094,36.599998474121094,8073403
2022-11-29,34.921844482421875,37.349998474121094,37.599998474121094,36.900001525878906,37.04999923706055,4105208
2022-11-30,35.10884475708008,37.54999923706055,37.900001525878906,37.45000076293945,37.5,5648026
2022-12-01,35.436092376708984,37.900001525878906,38.5,37.849998474121094,38.20000076293945,6946251
2022-12-02,35.66984176635742,38.150001525878906,38.5,37.849998474121094,37.900001525878906,3926440
2022-12-05,35.29584503173828,37.75,38.599998474121094,37.75,38.29999923706055,3573239
2022-12-06,34.4076042175293,36.79999923706055,38.099998474121094,36.75,37.900001525878906,2934377
2022-12-07,33.51936721801758,35.849998474121094,37.349998474121094,35.79999923706055,36.75,2816460
2022-12-08,33.799861907958984,36.150001525878906,36.349998474121094,35.95000076293945,36.099998474121094,912623
2022-12-09,33.285614013671875,35.599998474121094,36.599998474121094,35.599998474121094,36.54999923706055,1480383
2022-12-12,33.799861907958984,36.150001525878906,36.400001525878906,35.349998474121094,35.79999923706055,1621370
2022-12-13,33.799861907958984,36.150001525878906,36.900001525878906,36.150001525878906,36.400001525878906,1809001
2022-12-14,33.89336013793945,36.25,36.54999923706055,35.900001525878906,36.5,2038102
2022-12-15,33.56611633300781,35.900001525878906,36.54999923706055,35.79999923706055,36.20000076293945,1344010
2022-12-16,32.864871978759766,35.150001525878906,35.5,35.04999923706055,35.400001525878906,2173000
2022-12-19,32.07012939453125,34.29999923706055,35.04999923706055,34.29999923706055,35.0,2270116
2022-12-20,31.041645050048828,33.20000076293945,34.79999923706055,33.20000076293945,34.45000076293945,2267300
2022-12-21,31.041645050048828,33.20000076293945,33.75,33.099998474121094,33.599998474121094,1165100
2022-12-22,31.3688907623291,33.54999923706055,33.95000076293945,33.45000076293945,33.79999923706055,1003642
2022-12-23,31.228641510009766,33.400001525878906,33.45000076293945,32.95000076293945,33.20000076293945,745000
2022-12-26,31.322139739990234,33.5,33.75,33.20000076293945,33.70000076293945,793934
2022-12-27,31.649385452270508,33.849998474121094,34.150001525878906,33.70000076293945,33.70000076293945,684178
2022-12-28,30.90139389038086,33.04999923706055,33.75,33.0,33.70000076293945,1026674
2022-12-29,30.90139389038086,33.04999923706055,33.20000076293945,32.650001525878906,32.70000076293945,752502
2022-12-30,30.94814109802246,33.099998474121094,33.650001525878906,33.099998474121094,33.45000076293945,692135
2023-01-03,31.041645050048828,33.20000076293945,33.5,32.849998474121094,33.0,578833
2023-01-04,31.275388717651367,33.45000076293945,33.650001525878906,33.20000076293945,33.20000076293945,791952
2023-01-05,31.08839225769043,33.25,33.900001525878906,33.25,33.75,798049
2023-01-06,31.509136199951172,33.70000076293945,33.75,33.29999923706055,33.45000076293945,907591
2023-01-09,31.46238899230957,33.650001525878906,34.150001525878906,33.599998474121094,34.150001525878906,1289304
2023-01-10,31.08839225769043,33.25,33.79999923706055,33.25,33.650001525878906,848101
2023-01-11,30.574148178100586,32.70000076293945,33.400001525878906,32.70000076293945,33.25,1395152
2023-01-12,29.966402053833008,32.04999923706055,32.849998474121094,32.04999923706055,32.79999923706055,1654503
2023-01-13,29.826156616210938,31.899999618530273,32.349998474121094,31.700000762939453,32.29999923706055,1480071
2023-01-16,29.91965675354004,32.0,32.099998474121094,31.799999237060547,31.899999618530273,906300
2023-01-17,30.153404235839844,32.25,32.349998474121094,31.899999618530273,32.099998474121094,690139
2023-01-30,31.275388717651367,33.45000076293945,33.54999923706055,32.650001525878906,32.900001525878906,3186627
2023-01-31,31.3688907623291,33.54999923706055,33.650001525878906,33.29999923706055,33.400001525878906,1148498
2023-02-01,31.88313102722168,34.099998474121094,34.099998474121094,33.599998474121094,33.75,1632615
2023-02-02,32.72462463378906,35.0,35.29999923706055,34.150001525878906,34.20000076293945,6024330
2023-02-03,32.58436965942383,34.849998474121094,35.349998474121094,34.650001525878906,35.150001525878906,3706396
2023-02-06,32.350624084472656,34.599998474121094,35.150001525878906,34.45000076293945,35.0,1687109
2023-02-07,32.444129943847656,34.70000076293945,35.20000076293945,34.70000076293945,35.0,2783690
2023-02-08,33.192115783691406,35.5,35.900001525878906,34.70000076293945,34.849998474121094,4971149
2023-02-09,33.285614013671875,35.599998474121094,36.20000076293945,35.599998474121094,36.0,6599257
2023-02-10,32.116878509521484,34.349998474121094,35.599998474121094,34.29999923706055,35.599998474121094,2920301
2023-02-13,32.116878509521484,34.349998474121094,34.599998474121094,34.150001525878906,34.349998474121094,1089211
2023-02-14,32.116878509521484,34.349998474121094,34.79999923706055,34.349998474121094,34.599998474121094,761150
2023-02-15,31.929885864257812,34.150001525878906,34.5,34.150001525878906,34.349998474121094,873301
2023-02-16,32.53762435913086,34.79999923706055,34.79999923706055,34.25,34.400001525878906,1123627
2023-02-17,32.350624084472656,34.599998474121094,34.79999923706055,34.54999923706055,34.54999923706055,630193
2023-02-20,32.631126403808594,34.900001525878906,35.04999923706055,34.599998474121094,34.599998474121094,1118019
2023-02-21,32.958370208740234,35.25,35.400001525878906,34.849998474121094,35.099998474121094,1550413
2023-02-22,32.30387878417969,34.54999923706055,35.099998474121094,34.5,34.849998474121094,1360877
2023-02-23,32.49087905883789,34.75,34.900001525878906,34.599998474121094,34.650001525878906,904340
2023-02-24,32.25712966918945,34.5,35.0,34.5,34.95000076293945,779407
2023-03-01,31.696134567260742,33.900001525878906,34.5,33.849998474121094,34.5,1294791
2023-03-02,31.602638244628906,33.79999923706055,34.099998474121094,33.70000076293945,33.900001525878906,1072256
2023-03-03,32.023380279541016,34.25,34.400001525878906,33.79999923706055,33.95000076293945,1171742
2023-03-06,33.005123138427734,35.29999923706055,35.599998474121094,34.5,34.54999923706055,3558361
2023-03-07,32.864871978759766,35.150001525878906,35.70000076293945,35.150001525878906,35.599998474121094,4238652
2023-03-08,33.0986213684082,35.400001525878906,35.5,34.650001525878906,34.79999923706055,2200430
2023-03-09,33.84661102294922,36.20000076293945,37.79999923706055,35.5,35.900001525878906,13753480
2023-03-10,32.350624084472656,34.599998474121094,35.75,34.400001525878906,35.75,4684788
2023-03-13,31.696134567260742,33.900001525878906,34.150001525878906,33.099998474121094,34.150001525878906,3424215
2023-03-14,31.1818904876709,33.349998474121094,33.5,33.099998474121094,33.400001525878906,1916559
2023-03-15,31.13513946533203,33.29999923706055,33.95000076293945,33.29999923706055,33.79999923706055,1448142
2023-03-16,30.854644775390625,33.0,33.45000076293945,32.900001525878906,32.900001525878906,1635702
2023-03-17,31.13513946533203,33.29999923706055,33.54999923706055,33.25,33.400001525878906,669385
2023-03-20,31.228641510009766,33.400001525878906,33.54999923706055,33.150001525878906,33.54999923706055,675002
2023-03-21,31.74288558959961,33.95000076293945,34.04999923706055,33.650001525878906,33.650001525878906,1174196
2023-03-22,33.706363677978516,36.04999923706055,36.95000076293945,34.099998474121094,34.29999923706055,13588172
2023-03-23,33.192115783691406,35.5,36.20000076293945,35.400001525878906,35.70000076293945,4005433
2023-03-24,33.238868713378906,35.54999923706055,35.900001525878906,35.45000076293945,35.5,1620397
2023-03-27,33.37911605834961,35.70000076293945,36.349998474121094,35.70000076293945,36.20000076293945,2351005
2023-03-28,32.58436965942383,34.849998474121094,35.95000076293945,34.79999923706055,35.79999923706055,1665445
2023-03-29,32.67787170410156,34.95000076293945,35.25,34.70000076293945,35.04999923706055,762011
2023-03-30,32.72462463378906,35.0,35.5,35.0,35.5,859182
2023-03-31,33.425865173339844,35.75,36.0,34.95000076293945,35.04999923706055,2408215
2023-04-06,32.958370208740234,35.25,35.849998474121094,35.150001525878906,35.79999923706055,1578757
2023-04-07,32.958370208740234,35.25,35.54999923706055,35.25,35.54999923706055,926208
2023-04-10,33.14537048339844,35.45000076293945,35.70000076293945,35.099998474121094,35.45000076293945,1078969
2023-04-11,33.61286544799805,35.95000076293945,36.45000076293945,35.54999923706055,35.650001525878906,4517625
2023-04-12,34.033607482910156,36.400001525878906,36.5,35.650001525878906,36.20000076293945,6388741
2023-04-13,33.005123138427734,35.29999923706055,36.20000076293945,35.29999923706055,36.0,3429604
2023-04-14,33.285614013671875,35.599998474121094,35.79999923706055,35.29999923706055,35.5,1471607
2023-04-17,33.753108978271484,36.099998474121094,36.25,35.599998474121094,35.79999923706055,1882688
2023-04-18,33.285614013671875,35.599998474121094,36.25,35.5,36.20000076293945,1650281
2023-04-19,33.238868713378906,35.54999923706055,36.150001525878906,35.54999923706055,35.79999923706055,1413123
2023-04-20,32.30387878417969,34.54999923706055,35.54999923706055,34.54999923706055,35.54999923706055,2379617
2023-04-21,31.696134567260742,33.900001525878906,35.29999923706055,33.900001525878906,35.0,2213503
2023-04-24,31.55588722229004,33.75,34.099998474121094,33.5,33.95000076293945,1039020
2023-04-25,30.667644500732422,32.79999923706055,33.849998474121094,32.650001525878906,33.849998474121094,2575001
2023-04-26,30.90139389038086,33.04999923706055,33.150001525878906,32.25,32.54999923706055,1371011
2023-04-27,31.041645050048828,33.20000076293945,33.349998474121094,32.70000076293945,33.099998474121094,860002
2023-04-28,31.1818904876709,33.349998474121094,33.650001525878906,33.25,33.650001525878906,849959
2023-05-02,31.08839225769043,33.25,33.45000076293945,33.150001525878906,33.400001525878906,784479
2023-05-03,30.76114845275879,32.900001525878906,33.150001525878906,32.79999923706055,33.150001525878906,855849
2023-05-04,30.714393615722656,32.849998474121094,33.150001525878906,32.79999923706055,33.099998474121094,973588
2023-05-05,30.76114845275879,32.900001525878906,33.150001525878906,32.849998474121094,32.849998474121094,480477
2023-05-08,30.854644775390625,33.0,33.900001525878906,33.0,33.900001525878906,640053
2023-05-09,30.94814109802246,33.099998474121094,33.25,32.54999923706055,33.20000076293945,1111550
2023-05-10,30.807897567749023,32.95000076293945,33.54999923706055,32.95000076293945,33.5,1056807
2023-05-11,30.667644500732422,32.79999923706055,33.45000076293945,32.599998474121094,33.20000076293945,910034
2023-05-12,31.041645050048828,33.20000076293945,33.25,32.599998474121094,32.650001525878906,802100
2023-05-15,30.807897567749023,32.95000076293945,33.20000076293945,32.79999923706055,33.04999923706055,581245
2023-05-16,31.13513946533203,33.29999923706055,33.54999923706055,33.150001525878906,33.150001525878906,927655
2023-05-17,32.163631439208984,34.400001525878906,34.849998474121094,33.20000076293945,33.29999923706055,5817486
2023-05-18,31.696134567260742,33.900001525878906,34.599998474121094,33.900001525878906,34.400001525878906,1651390
2023-05-19,32.023380279541016,34.25,34.599998474121094,33.849998474121094,34.25,2113138
2023-05-22,32.163631439208984,34.400001525878906,34.400001525878906,34.04999923706055,34.04999923706055,831051
2023-05-23,32.116878509521484,34.349998474121094,34.54999923706055,34.20000076293945,34.29999923706055,986725
2023-05-24,32.21038055419922,34.45000076293945,34.599998474121094,34.29999923706055,34.400001525878906,818010
2023-05-25,32.30387878417969,34.54999923706055,34.75,34.29999923706055,34.599998474121094,975415
2023-05-26,31.649385452270508,33.849998474121094,35.0,33.849998474121094,35.0,1246727
2023-05-29,32.350624084472656,34.599998474121094,34.79999923706055,34.04999923706055,34.04999923706055,1368833
2023-05-30,32.397377014160156,34.650001525878906,34.900001525878906,34.54999923706055,34.79999923706055,1055501
2023-05-31,32.864871978759766,35.150001525878906,36.150001525878906,34.5,34.5,5537319
2023-06-01,33.94010925292969,36.29999923706055,36.900001525878906,35.099998474121094,35.150001525878906,11868475
2023-06-02,33.61286544799805,35.95000076293945,36.599998474121094,35.79999923706055,36.400001525878906,3713302
2023-06-05,33.84661102294922,36.20000076293945,36.45000076293945,35.900001525878906,36.04999923706055,2308615
2023-06-06,33.61286544799805,35.95000076293945,36.70000076293945,35.900001525878906,36.70000076293945,2718334
2023-06-07,33.51936721801758,35.849998474121094,36.20000076293945,35.75,36.20000076293945,1524153
2023-06-08,33.14537048339844,35.45000076293945,36.099998474121094,35.349998474121094,35.900001525878906,1478002
2023-06-09,33.47261047363281,35.79999923706055,35.95000076293945,35.400001525878906,35.599998474121094,1195552
2023-06-12,32.07012939453125,34.29999923706055,35.599998474121094,34.29999923706055,35.599998474121094,3455601
2023-06-13,32.30387878417969,34.54999923706055,34.70000076293945,34.45000076293945,34.5,977559
2023-06-14,32.58436965942383,34.849998474121094,35.099998474121094,34.54999923706055,34.54999923706055,1104860
2023-06-15,33.753108978271484,36.099998474121094,36.400001525878906,34.70000076293945,34.900001525878906,6776319
2023-06-16,33.61286544799805,35.95000076293945,35.95000076293945,35.45000076293945,35.75,2159500
2023-06-19,32.864871978759766,35.150001525878906,36.0,35.150001525878906,36.0,1507429
2023-06-20,32.72462463378906,35.0,35.45000076293945,34.900001525878906,35.25,1189042
2023-06-21,32.91162109375,35.20000076293945,35.650001525878906,35.0,35.0,1022541
2023-06-26,32.397377014160156,34.650001525878906,35.20000076293945,34.650001525878906,35.20000076293945,968764
2023-06-27,31.78963279724121,34.0,34.70000076293945,34.0,34.650001525878906,1358908
2023-06-28,31.78963279724121,34.0,34.45000076293945,34.0,34.25,782869
2023-06-29,32.023380279541016,34.25,34.599998474121094,34.099998474121094,34.099998474121094,882869
2023-06-30,31.88313102722168,34.099998474121094,34.29999923706055,34.04999923706055,34.29999923706055,710607
2023-07-03,31.929885864257812,34.150001525878906,34.5,34.099998474121094,34.29999923706055,1181005
2023-07-04,31.929885864257812,34.150001525878906,34.45000076293945,34.0,34.400001525878906,1131000
2023-07-05,32.023380279541016,34.25,34.75,34.25,34.400001525878906,1243035
2023-07-06,32.25712966918945,34.5,34.650001525878906,34.04999923706055,34.20000076293945,1008339
2023-07-07,31.602638244628906,33.79999923706055,34.5,33.5,34.5,1571213
2023-07-10,31.3688907623291,33.54999923706055,34.29999923706055,33.54999923706055,33.75,982829
2023-07-11,31.3688907623291,33.54999923706055,33.79999923706055,33.5,33.70000076293945,882120
2023-07-12,30.99489402770996,33.150001525878906,33.70000076293945,33.04999923706055,33.650001525878906,1285408
2023-07-13,31.041645050048828,33.20000076293945,33.54999923706055,33.099998474121094,33.29999923706055,1417032
2023-07-14,31.041645050048828,33.20000076293945,33.45000076293945,33.150001525878906,33.45000076293945,894351
2023-07-17,31.649385452270508,33.849998474121094,34.0,33.099998474121094,33.20000076293945,1335860
2023-07-18,31.415637969970703,33.599998474121094,34.349998474121094,33.5,34.349998474121094,1339282
2023-07-19,30.90139389038086,33.04999923706055,33.75,33.0,33.70000076293945,1233279
2023-07-20,31.322139739990234,33.5,33.650001525878906,33.099998474121094,33.099998474121094,753738
2023-07-21,31.322139739990234,33.5,33.650001525878906,33.099998474121094,33.349998474121094,715605
2023-07-24,30.94814109802246,33.099998474121094,33.5,32.95000076293945,33.5,1025999
2023-07-25,32.163631439208984,34.400001525878906,34.75,33.099998474121094,33.099998474121094,4375053
2023-07-26,33.986854553222656,36.349998474121094,37.400001525878906,34.70000076293945,34.900001525878906,22475320
2023-07-27,33.56611633300781,35.900001525878906,36.599998474121094,35.79999923706055,36.349998474121094,7083922
2023-07-28,32.958370208740234,35.25,36.29999923706055,35.0,36.20000076293945,3203055
2023-07-31,33.285614013671875,35.599998474121094,36.54999923706055,35.5,36.20000076293945,4549821
2023-08-01,33.0986213684082,35.400001525878906,36.20000076293945,35.25,35.79999923706055,1816995
2023-08-02,32.25712966918945,34.5,35.29999923706055,34.349998474121094,35.25,2235661
2023-08-04,31.976633071899414,34.20000076293945,34.400001525878906,33.95000076293945,34.400001525878906,916691
2023-08-07,32.25712966918945,34.5,34.70000076293945,33.79999923706055,34.20000076293945,862203
2023-08-08,31.78963279724121,34.0,34.45000076293945,33.95000076293945,34.45000076293945,948906
2023-08-09,31.88313102722168,34.099998474121094,34.349998474121094,33.79999923706055,33.95000076293945,700106
2023-08-10,31.228641510009766,33.400001525878906,34.20000076293945,33.29999923706055,34.20000076293945,1591020
2023-08-11,31.041645050048828,33.20000076293945,33.79999923706055,33.099998474121094,33.5,1047100
2023-08-14,30.62089729309082,32.75,33.45000076293945,32.70000076293945,33.20000076293945,2372244
2023-08-15,30.90139389038086,33.04999923706055,33.20000076293945,32.95000076293945,33.0,911010
2023-08-16,31.1818904876709,33.349998474121094,33.70000076293945,32.79999923706055,33.0,1165030
2023-08-17,31.649385452270508,33.849998474121094,33.95000076293945,33.04999923706055,33.29999923706055,1079004
2023-08-18,31.228641510009766,33.400001525878906,34.29999923706055,33.349998474121094,33.849998474121094,1315433
2023-08-21,31.55588722229004,33.75,34.0,33.599998474121094,33.79999923706055,608503
2023-08-22,31.649385452270508,33.849998474121094,34.20000076293945,33.75,34.0,920368
2023-08-23,32.25712966918945,34.5,34.599998474121094,33.849998474121094,33.849998474121094,1533873
2023-08-24,31.88313102722168,34.099998474121094,34.900001525878906,34.04999923706055,34.900001525878906,1353100
2023-08-25,31.602638244628906,33.79999923706055,34.20000076293945,33.650001525878906,33.79999923706055,954626
2023-08-28,31.1818904876709,33.349998474121094,34.0,33.29999923706055,34.0,908469
2023-08-29,31.836380004882812,34.04999923706055,34.20000076293945,33.54999923706055,33.54999923706055,1023050
2023-08-30,32.116878509521484,34.349998474121094,34.599998474121094,34.099998474121094,34.400001525878906,1137100
2023-08-31,33.33237075805664,35.650001525878906,35.79999923706055,34.349998474121094,34.45000076293945,4554993
2023-09-01,33.753108978271484,36.099998474121094,36.650001525878906,35.75,36.0,9370621
2023-09-04,33.56611633300781,35.900001525878906,36.400001525878906,35.849998474121094,36.400001525878906,2959940
2023-09-05,33.94010925292969,36.29999923706055,36.650001525878906,35.95000076293945,36.04999923706055,4868320
2023-09-06,34.033607482910156,36.400001525878906,36.79999923706055,36.25,36.5,3148589
2023-09-07,33.61286544799805,35.95000076293945,36.45000076293945,35.849998474121094,36.25,2126629
2023-09-08,33.425865173339844,35.75,36.04999923706055,35.650001525878906,35.95000076293945,1048601
2023-09-11,32.397377014160156,34.650001525878906,35.650001525878906,34.54999923706055,35.599998474121094,1769455
2023-09-12,32.67787170410156,34.95000076293945,35.099998474121094,34.70000076293945,34.70000076293945,848128
2023-09-13,32.21038055419922,34.45000076293945,35.099998474121094,34.400001525878906,35.04999923706055,1341169
2023-09-14,32.397377014160156,34.650001525878906,34.79999923706055,34.5,34.5,1048349
2023-09-15,32.350624084472656,34.599998474121094,34.95000076293945,34.45000076293945,34.95000076293945,1301103
2023-09-18,32.58436965942383,34.849998474121094,35.25,34.45000076293945,34.599998474121094,2317606
2023-09-19,32.139732360839844,33.400001525878906,34.0,33.349998474121094,34.0,2820692
2023-09-20,32.428409576416016,33.70000076293945,33.75,33.25,33.45000076293945,966723
2023-09-21,32.04350280761719,33.29999923706055,33.599998474121094,33.20000076293945,33.599998474121094,1078664
2023-09-22,32.139732360839844,33.400001525878906,33.45000076293945,33.0,33.20000076293945,942460
2023-09-25,32.66897964477539,33.95000076293945,34.0,33.400001525878906,33.5,652165
2023-09-26,32.428409576416016,33.70000076293945,34.349998474121094,33.70000076293945,33.95000076293945,906136
2023-09-27,32.187843322753906,33.45000076293945,33.79999923706055,33.349998474121094,33.599998474121094,675191
2023-09-28,32.139732360839844,33.400001525878906,33.599998474121094,33.349998474121094,33.599998474121094,701003
2023-10-02,32.572750091552734,33.849998474121094,33.900001525878906,33.400001525878906,33.400001525878906,646593
2023-10-03,32.572750091552734,33.849998474121094,34.20000076293945,33.75,33.75,887750
2023-10-04,32.71709060668945,34.0,34.0,33.5,33.70000076293945,632485
2023-10-05,33.34256362915039,34.650001525878906,35.0,33.849998474121094,34.150001525878906,4330407
2023-10-06,32.86143493652344,34.150001525878906,34.900001525878906,34.099998474121094,34.849998474121094,1415802
2023-10-11,32.813316345214844,34.099998474121094,34.5,33.5,34.150001525878906,1574041
2023-10-12,33.00577163696289,34.29999923706055,34.29999923706055,34.0,34.29999923706055,560477
2023-10-13,33.53501510620117,34.849998474121094,35.400001525878906,34.20000076293945,34.25,6186540
2023-10-16,32.476524353027344,33.75,34.70000076293945,33.75,34.599998474121094,1516028
2023-10-17,32.332183837890625,33.599998474121094,34.0,33.54999923706055,34.0,965040
2023-10-18,32.38029861450195,33.650001525878906,34.04999923706055,33.599998474121094,33.849998474121094,1071105
2023-10-19,33.00577163696289,34.29999923706055,35.150001525878906,33.20000076293945,33.650001525878906,6561917
2023-10-20,32.476524353027344,33.75,34.29999923706055,33.650001525878906,34.29999923706055,1312140
2023-10-23,32.332183837890625,33.599998474121094,34.04999923706055,33.599998474121094,33.75,825875
2023-10-24,32.476524353027344,33.75,33.79999923706055,33.400001525878906,33.70000076293945,798401
2023-10-25,33.246337890625,34.54999923706055,34.70000076293945,33.95000076293945,33.95000076293945,1731120
2023-10-26,32.332183837890625,33.599998474121094,34.29999923706055,33.54999923706055,34.0,1345349
2023-10-27,32.66897964477539,33.95000076293945,35.099998474121094,33.599998474121094,33.79999923706055,9248912
2023-10-30,32.813316345214844,34.099998474121094,34.25,33.75,33.95000076293945,1411100
2023-10-31,32.38029861450195,33.650001525878906,34.5,33.599998474121094,34.25,1466624
2023-11-01,32.235958099365234,33.5,34.0,33.29999923706055,33.95000076293945,1529655
2023-11-02,32.52463912963867,33.79999923706055,34.0,33.650001525878906,33.650001525878906,842477
2023-11-03,32.476524353027344,33.75,34.25,33.650001525878906,34.0,827197
2023-11-06,32.813316345214844,34.099998474121094,34.29999923706055,33.849998474121094,33.849998474121094,1237760
2023-11-07,32.62086486816406,33.900001525878906,34.150001525878906,33.849998474121094,34.04999923706055,588869
2023-11-08,32.428409576416016,33.70000076293945,34.04999923706055,33.70000076293945,33.95000076293945,704560
2023-11-09,32.187843322753906,33.45000076293945,33.75,33.400001525878906,33.75,979663
2023-11-10,31.85104751586914,33.099998474121094,33.54999923706055,33.04999923706055,33.45000076293945,1228308
2023-11-13,32.38029861450195,33.650001525878906,33.70000076293945,33.099998474121094,33.599998474121094,1278200
2023-11-14,32.62086486816406,33.900001525878906,34.54999923706055,33.900001525878906,34.0,2758014
2023-11-15,33.34256362915039,34.650001525878906,34.849998474121094,34.04999923706055,34.20000076293945,3475660
2023-11-16,34.016151428222656,35.349998474121094,35.79999923706055,34.650001525878906,34.650001525878906,6348417
2023-11-17,34.35294723510742,35.70000076293945,36.0,35.349998474121094,35.349998474121094,3706548
2023-11-20,37.76899337768555,39.25,39.25,36.400001525878906,36.5,25645413
2023-11-21,36.85483932495117,38.29999923706055,41.04999923706055,37.650001525878906,40.45000076293945,39390395
2023-11-22,39.2605094909668,40.79999923706055,41.29999923706055,37.400001525878906,37.849998474121094,32709045
2023-11-23,38.77937698364258,40.29999923706055,42.0,39.5,40.5,25341029
2023-11-24,38.25012969970703,39.75,40.400001525878906,38.95000076293945,40.0,8258098
2023-11-27,37.52842712402344,39.0,40.650001525878906,38.650001525878906,40.25,8822861
2023-11-28,38.10578536987305,39.599998474121094,39.70000076293945,39.0,39.45000076293945,4188134
2023-11-29,37.91333770751953,39.400001525878906,40.099998474121094,39.349998474121094,39.79999923706055,4314414
2023-11-30,37.86521911621094,39.349998474121094,40.20000076293945,38.95000076293945,39.79999923706055,10945929
2023-12-01,37.09540939331055,38.54999923706055,39.400001525878906,38.400001525878906,39.400001525878906,6148658
2023-12-04,36.85483932495117,38.29999923706055,39.599998474121094,38.25,39.29999923706055,5754174
2023-12-05,36.662384033203125,38.099998474121094,38.349998474121094,37.54999923706055,38.29999923706055,3272792
2023-12-06,36.71050262451172,38.150001525878906,38.5,37.650001525878906,38.45000076293945,3422902
2023-12-07,36.75861740112305,38.20000076293945,39.599998474121094,38.150001525878906,38.29999923706055,12690461
2023-12-08,36.9029541015625,38.349998474121094,38.5,37.95000076293945,38.29999923706055,3838945
2023-12-11,35.6038932800293,37.0,38.349998474121094,36.849998474121094,38.349998474121094,7070631
2023-12-12,35.70011901855469,37.099998474121094,37.650001525878906,37.0,37.349998474121094,2509758
2023-12-13,35.6038932800293,37.0,37.79999923706055,37.0,37.099998474121094,2239560
2023-12-14,36.181251525878906,37.599998474121094,37.79999923706055,37.20000076293945,37.45000076293945,2391861
2023-12-15,35.55577850341797,36.95000076293945,37.79999923706055,36.849998474121094,37.79999923706055,3201352
2023-12-18,35.796348571777344,37.20000076293945,39.29999923706055,36.900001525878906,36.900001525878906,4547480
2023-12-19,35.507667541503906,36.900001525878906,37.20000076293945,36.099998474121094,37.20000076293945,2658126
2023-12-20,36.181251525878906,37.599998474121094,37.70000076293945,37.20000076293945,37.29999923706055,1627376
2023-12-21,36.32559585571289,37.75,37.79999923706055,37.150001525878906,37.29999923706055,1544856
2023-12-22,35.748233795166016,37.150001525878906,37.900001525878906,37.150001525878906,37.70000076293945,1511398
2023-12-25,35.2671012878418,36.650001525878906,37.349998474121094,36.599998474121094,37.349998474121094,1312860
2023-12-26,35.89257049560547,37.29999923706055,37.45000076293945,36.900001525878906,36.900001525878906,1117494
2023-12-27,36.32559585571289,37.75,37.900001525878906,37.20000076293945,37.400001525878906,1743050
2023-12-28,35.98880386352539,37.400001525878906,37.900001525878906,37.400001525878906,37.900001525878906,1203272
2023-12-29,35.9406852722168,37.349998474121094,37.5,37.20000076293945,37.5,973786
2024-01-02,36.566162109375,38.0,38.5,37.400001525878906,37.400001525878906,3701799
2024-01-03,36.181251525878906,37.599998474121094,38.04999923706055,37.54999923706055,37.75,1335357
2024-01-04,35.748233795166016,37.150001525878906,38.25,37.150001525878906,37.79999923706055,2049165
2024-01-05,35.36332702636719,36.75,37.400001525878906,36.70000076293945,37.29999923706055,1293500
2024-01-08,34.68973922729492,36.04999923706055,37.099998474121094,36.0,36.75,2143221
2024-01-09,33.823699951171875,35.150001525878906,36.400001525878906,35.0,36.349998474121094,2362556
2024-01-10,33.19822692871094,34.5,35.29999923706055,34.5,35.20000076293945,1637808
2024-01-11,33.53501510620117,34.849998474121094,35.0,34.5,34.95000076293945,1089709
2024-01-12,33.00577163696289,34.29999923706055,34.75,34.20000076293945,34.70000076293945,1705151
2024-01-15,33.72747039794922,35.04999923706055,35.04999923706055,34.45000076293945,34.45000076293945,923738
2024-01-16,33.43879318237305,34.75,35.54999923706055,34.75,35.25,1825161
2024-01-17,33.87181091308594,35.20000076293945,35.849998474121094,34.70000076293945,34.70000076293945,3954481
2024-01-18,33.679359436035156,35.0,35.349998474121094,34.54999923706055,35.150001525878906,1481186
2024-01-19,33.968040466308594,35.29999923706055,35.54999923706055,34.5,35.099998474121094,2400410
2024-01-22,34.93030548095703,36.29999923706055,36.400001525878906,35.0,35.95000076293945,6730049
2024-01-23,36.2293701171875,37.650001525878906,38.45000076293945,37.0,37.099998474121094,19401625
2024-01-24,35.844459533691406,37.25,38.20000076293945,37.099998474121094,37.70000076293945,6513103
2024-01-25,35.70011901855469,37.099998474121094,37.650001525878906,36.79999923706055,37.5,3172981
2024-01-26,35.074649810791016,36.45000076293945,37.29999923706055,36.400001525878906,37.29999923706055,2492271
2024-01-29,35.98880386352539,37.400001525878906,38.099998474121094,36.54999923706055,36.599998474121094,5948526
2024-01-30,35.6038932800293,37.0,37.54999923706055,37.0,37.400001525878906,1462014
2024-01-31,35.2671012878418,36.650001525878906,37.0,36.599998474121094,37.0,1341414
2024-02-01,35.074649810791016,36.45000076293945,36.70000076293945,36.349998474121094,36.70000076293945,1213590
2024-02-02,34.78596878051758,36.150001525878906,37.29999923706055,36.150001525878906,36.650001525878906,1949564
2024-02-05,35.02653121948242,36.400001525878906,36.54999923706055,35.599998474121094,36.099998474121094,2015861
2024-02-15,33.919925689697266,35.25,36.29999923706055,35.099998474121094,36.29999923706055,2640889
2024-02-16,35.074649810791016,36.45000076293945,36.45000076293945,35.349998474121094,35.349998474121094,1789992
2024-02-19,35.074649810791016,36.45000076293945,36.70000076293945,36.099998474121094,36.599998474121094,1467172
2024-02-20,34.30483627319336,35.650001525878906,36.45000076293945,35.54999923706055,36.45000076293945,1917143
2024-02-21,34.256717681884766,35.599998474121094,36.0,35.45000076293945,35.650001525878906,1478397
2024-02-22,34.256717681884766,35.599998474121094,36.099998474121094,35.5,35.900001525878906,1206746
2024-02-23,33.583133697509766,34.900001525878906,35.79999923706055,34.849998474121094,35.75,2651215
2024-02-26,33.823699951171875,35.150001525878906,35.349998474121094,34.95000076293945,34.95000076293945,1244389
2024-02-27,33.63124465942383,34.95000076293945,35.75,34.75,35.5,1846720
2024-02-29,33.48690414428711,34.79999923706055,35.150001525878906,34.75,35.099998474121094,1580492
2024-03-01,33.53501510620117,34.849998474121094,35.099998474121094,34.79999923706055,34.900001525878906,977106
2024-03-04,33.87181091308594,35.20000076293945,35.5,34.900001525878906,35.04999923706055,1846432
2024-03-05,33.679359436035156,35.0,35.70000076293945,34.79999923706055,35.400001525878906,1584420
2024-03-06,33.246337890625,34.54999923706055,35.04999923706055,34.5,35.04999923706055,2145491
2024-03-07,32.71709060668945,34.0,34.849998474121094,34.0,34.599998474121094,2561659
2024-03-08,32.332183837890625,33.599998474121094,34.25,33.5,34.0,2088605
2024-03-11,32.428409576416016,33.70000076293945,33.900001525878906,33.150001525878906,33.150001525878906,1703508
2024-03-12,32.813316345214844,34.099998474121094,34.29999923706055,33.849998474121094,33.95000076293945,1145718
2024-03-13,31.995391845703125,33.25,34.29999923706055,33.25,34.29999923706055,1939532
2024-03-14,31.995391845703125,33.25,33.70000076293945,33.20000076293945,33.29999923706055,1254425
2024-03-15,31.8991641998291,33.150001525878906,33.45000076293945,33.150001525878906,33.25,677538
2024-03-18,32.139732360839844,33.400001525878906,33.400001525878906,32.95000076293945,33.150001525878906,830107
2024-03-19,33.43879318237305,34.75,35.099998474121094,33.20000076293945,33.5,6719326
2024-03-20,34.2086067199707,35.54999923706055,35.599998474121094,34.099998474121094,34.849998474121094,9027903
2024-03-21,33.823699951171875,35.150001525878906,35.79999923706055,34.75,35.650001525878906,4763665
2024-03-22,34.78596878051758,36.150001525878906,36.650001525878906,34.5,35.0,10782221
2024-03-25,37.239749908447266,38.70000076293945,39.75,37.79999923706055,39.70000076293945,45127861
2024-03-26,34.88219451904297,36.25,38.900001525878906,36.150001525878906,38.75,18705575
2024-03-27,35.45955276489258,36.849998474121094,36.900001525878906,36.349998474121094,36.400001525878906,4918380
2024-03-28,34.93030548095703,36.29999923706055,37.150001525878906,36.20000076293945,36.650001525878906,3907480
2024-03-29,34.59351348876953,35.95000076293945,36.650001525878906,35.900001525878906,36.45000076293945,1970000
2024-04-01,37.335975646972656,38.79999923706055,39.099998474121094,36.04999923706055,36.29999923706055,16428373
2024-04-02,37.09540939331055,38.54999923706055,39.400001525878906,38.099998474121094,39.349998474121094,11160258
2024-04-03,36.32559585571289,37.75,38.54999923706055,37.5,38.0,4869813
2024-04-08,38.53881072998047,40.04999923706055,40.79999923706055,38.29999923706055,38.79999923706055,25262404
2024-04-09,37.38408660888672,38.849998474121094,40.099998474121094,38.849998474121094,40.04999923706055,8461333
2024-04-10,39.64542007446289,41.20000076293945,41.75,38.849998474121094,39.099998474121094,26540090
2024-04-11,38.39447021484375,39.900001525878906,40.599998474121094,39.5,40.400001525878906,9660813
2024-04-12,39.452964782714844,41.0,41.20000076293945,40.099998474121094,40.45000076293945,12663763
2024-04-15,39.2605094909668,40.79999923706055,42.650001525878906,39.79999923706055,40.650001525878906,23975473
2024-04-16,36.75861740112305,38.20000076293945,40.54999923706055,37.599998474121094,40.54999923706055,13812650
2024-04-17,37.38408660888672,38.849998474121094,39.599998474121094,38.5,38.70000076293945,5471321
2024-04-18,36.9029541015625,38.349998474121094,39.099998474121094,38.04999923706055,38.849998474121094,4298543
2024-04-19,35.9406852722168,37.349998474121094,38.04999923706055,36.25,37.900001525878906,5598904
2024-04-22,35.02653121948242,36.400001525878906,38.150001525878906,36.29999923706055,37.5,2703041
2024-04-23,37.09540939331055,38.54999923706055,39.400001525878906,36.54999923706055,36.900001525878906,9831359
2024-04-24,37.480316162109375,38.95000076293945,39.54999923706055,38.70000076293945,38.849998474121094,7101718
2024-04-25,38.34635543823242,39.849998474121094,40.79999923706055,38.599998474121094,38.650001525878906,11549927
2024-04-26,37.5765380859375,39.04999923706055,40.29999923706055,39.04999923706055,39.95000076293945,6189371
2024-04-29,37.720882415771484,39.20000076293945,40.20000076293945,39.20000076293945,39.5,3269502
2024-04-30,37.52842712402344,39.0,39.70000076293945,38.95000076293945,38.95000076293945,2919300
2024-05-02,37.09540939331055,38.54999923706055,39.29999923706055,38.29999923706055,39.0,2502139
2024-05-03,36.421817779541016,37.849998474121094,39.04999923706055,37.79999923706055,38.95000076293945,2807875
2024-05-06,36.37370681762695,37.79999923706055,38.75,37.70000076293945,38.400001525878906,2661168
2024-05-07,37.76899337768555,39.25,40.5,37.70000076293945,38.04999923706055,10626534
2024-05-08,37.52842712402344,39.0,40.150001525878906,38.900001525878906,39.45000076293945,5352985
2024-05-09,37.14352035522461,38.599998474121094,40.29999923706055,38.599998474121094,39.04999923706055,3611166
2024-05-10,37.14352035522461,38.599998474121094,39.20000076293945,38.0,38.95000076293945,2409134
2024-05-13,37.624656677246094,39.099998474121094,39.79999923706055,37.900001525878906,39.04999923706055,5621743
2024-05-14,37.961448669433594,39.45000076293945,39.849998474121094,38.70000076293945,39.099998474121094,4291404
2024-05-15,38.44258117675781,39.95000076293945,40.599998474121094,39.650001525878906,39.849998474121094,10043473
2024-05-16,42.2435417175293,43.900001525878906,43.900001525878906,40.849998474121094,41.0,27068512
2024-05-17,40.27088928222656,41.849998474121094,45.79999923706055,41.20000076293945,45.79999923706055,50437200
2024-05-20,39.741641998291016,41.29999923706055,42.70000076293945,41.150001525878906,42.25,13006973
2024-05-21,40.41522979736328,42.0,43.0,40.849998474121094,41.29999923706055,13452798
2024-05-22,41.714290618896484,43.349998474121094,44.150001525878906,41.70000076293945,42.0,25229426
2024-05-23,40.94447708129883,42.54999923706055,44.29999923706055,42.099998474121094,44.0,19903378
2024-05-24,40.75202560424805,42.349998474121094,42.75,41.29999923706055,42.099998474121094,7687881
2024-05-27,42.33976364135742,44.0,45.099998474121094,42.29999923706055,42.54999923706055,19396937
2024-05-28,41.5218391418457,43.150001525878906,44.29999923706055,43.0,44.25,9266860
2024-05-29,42.05108642578125,43.70000076293945,44.400001525878906,43.0,43.25,9182861
2024-05-30,40.03032302856445,41.599998474121094,43.29999923706055,41.599998474121094,43.25,10024393
2024-05-31,41.66617965698242,43.29999923706055,44.400001525878906,41.75,42.0,20705940
2024-06-03,42.33976364135742,44.0,46.099998474121094,43.79999923706055,44.54999923706055,35253124
2024-06-04,41.18504333496094,42.79999923706055,44.70000076293945,42.400001525878906,44.0,10705410
2024-06-05,40.65579605102539,42.25,43.45000076293945,41.95000076293945,43.45000076293945,5832059
2024-06-06,40.03032302856445,41.599998474121094,43.04999923706055,41.5,42.79999923706055,5151016
2024-06-07,41.377498626708984,43.0,44.29999923706055,41.79999923706055,42.0,10964623
2024-06-11,39.78975296020508,41.349998474121094,43.04999923706055,41.099998474121094,43.04999923706055,6140554
2024-06-12,40.17466354370117,41.75,41.900001525878906,40.70000076293945,41.5,4402013
2024-06-13,39.2605094909668,40.79999923706055,42.79999923706055,40.79999923706055,42.099998474121094,5889865
2024-06-14,38.87560272216797,40.400001525878906,41.150001525878906,40.349998474121094,41.150001525878906,4465844
2024-06-17,38.68314743041992,40.20000076293945,40.79999923706055,39.849998474121094,40.650001525878906,4225588
2024-06-18,38.39447021484375,39.900001525878906,40.70000076293945,39.75,40.349998474121094,3052605
2024-06-19,37.624656677246094,39.099998474121094,40.29999923706055,39.04999923706055,40.150001525878906,4382910
2024-06-20,37.720882415771484,39.20000076293945,39.45000076293945,38.95000076293945,39.0,3478336
2024-06-21,37.961448669433594,39.45000076293945,39.900001525878906,39.04999923706055,39.20000076293945,2937007
2024-06-24,37.817108154296875,39.29999923706055,39.79999923706055,39.099998474121094,39.45000076293945,2298250
2024-06-25,38.34635543823242,39.849998474121094,39.95000076293945,38.45000076293945,39.29999923706055,2842251
2024-06-26,37.67277145385742,39.150001525878906,40.150001525878906,39.150001525878906,39.849998474121094,2928257
2024-06-27,37.09540939331055,38.54999923706055,39.20000076293945,38.5,39.150001525878906,2751251
2024-06-28,38.39447021484375,39.900001525878906,40.20000076293945,38.599998474121094,38.70000076293945,5262255
2024-07-01,37.86521911621094,39.349998474121094,40.25,39.349998474121094,40.0,3143807
2024-07-02,40.126548767089844,41.70000076293945,41.900001525878906,39.0,39.5,16402855
2024-07-03,39.501075744628906,41.04999923706055,41.45000076293945,40.900001525878906,41.25,5540440
2024-07-04,39.69353103637695,41.25,42.20000076293945,41.150001525878906,41.400001525878906,5767922
2024-07-05,40.31900405883789,41.900001525878906,42.5,41.29999923706055,41.29999923706055,8031390
2024-07-08,41.42560958862305,43.04999923706055,45.5,42.650001525878906,42.95000076293945,20524063
2024-07-09,40.559574127197266,42.150001525878906,44.0,41.599998474121094,44.0,7271371
2024-07-10,40.51145553588867,42.099998474121094,43.45000076293945,42.04999923706055,42.599998474121094,4609464
2024-07-11,40.94447708129883,42.54999923706055,43.45000076293945,42.349998474121094,42.70000076293945,5346557
2024-07-12,40.60768508911133,42.20000076293945,43.0,41.75,42.150001525878906,2885954
2024-07-15,40.31900405883789,41.900001525878906,43.25,41.849998474121094,42.70000076293945,3701195
2024-07-16,40.27088928222656,41.849998474121094,42.75,41.45000076293945,42.20000076293945,3295295
2024-07-17,39.741641998291016,41.29999923706055,42.400001525878906,41.29999923706055,42.0,2991231
2024-07-18,38.97182846069336,40.5,40.849998474121094,40.0,40.79999923706055,3097409
2024-07-19,37.76899337768555,39.25,40.599998474121094,39.20000076293945,40.5,2981154
2024-07-22,36.80672836303711,38.25,39.400001525878906,38.099998474121094,39.04999923706055,3325519
2024-07-23,36.80672836303711,38.25,39.150001525878906,38.099998474121094,38.900001525878906,1776523
2024-07-26,36.085025787353516,37.5,37.599998474121094,36.849998474121094,37.5,2092118
2024-07-29,35.36332702636719,36.75,38.150001525878906,36.75,38.0,2033111
2024-07-30,35.89257049560547,37.29999923706055,37.349998474121094,36.04999923706055,36.95000076293945,1719050
2024-07-31,35.9406852722168,37.349998474121094,37.599998474121094,36.849998474121094,36.849998474121094,988877
2024-08-01,36.99917984008789,38.45000076293945,38.75,37.70000076293945,37.70000076293945,2086944
2024-08-02,35.844459533691406,37.25,38.099998474121094,37.20000076293945,37.54999923706055,1607036
2024-08-05,32.28407287597656,33.54999923706055,36.0,33.54999923706055,35.75,3694596
2024-08-06,31.754823684692383,33.0,34.04999923706055,30.850000381469727,32.650001525878906,3625940
2024-08-07,33.77558517456055,35.099998474121094,35.29999923706055,33.0,33.0,1965162
2024-08-08,33.05388259887695,34.349998474121094,34.95000076293945,33.79999923706055,34.400001525878906,1392002
2024-08-09,33.246337890625,34.54999923706055,35.900001525878906,34.54999923706055,35.599998474121094,1568552
2024-08-12,33.43879318237305,34.75,35.25,34.54999923706055,34.79999923706055,1630907
2024-08-13,33.77558517456055,35.099998474121094,35.29999923706055,34.29999923706055,35.0,1917139
2024-08-14,33.53501510620117,34.849998474121094,35.79999923706055,34.70000076293945,35.599998474121094,1360001
2024-08-15,33.48690414428711,34.79999923706055,35.150001525878906,34.54999923706055,34.900001525878906,949001
2024-08-16,34.016151428222656,35.349998474121094,35.79999923706055,35.20000076293945,35.20000076293945,1458499
2024-08-19,34.83407974243164,36.20000076293945,36.400001525878906,35.29999923706055,35.650001525878906,1994875
2024-08-20,36.03691482543945,37.45000076293945,38.45000076293945,36.099998474121094,36.5,8604501
2024-08-21,36.27748107910156,37.70000076293945,37.849998474121094,37.0,37.400001525878906,3554031
2024-08-22,36.61427307128906,38.04999923706055,38.400001525878906,37.45000076293945,37.95000076293945,4709602
2024-08-23,36.03691482543945,37.45000076293945,37.75,37.0,37.70000076293945,1964053
2024-08-26,35.652008056640625,37.04999923706055,37.849998474121094,37.0,37.599998474121094,1449951
2024-08-27,35.796348571777344,37.20000076293945,37.20000076293945,36.650001525878906,37.099998474121094,1177511
2024-08-28,37.19163513183594,38.650001525878906,38.650001525878906,36.79999923706055,37.25,7654290
2024-08-29,36.662384033203125,38.099998474121094,38.54999923706055,37.5,37.849998474121094,3986337
2024-08-30,36.71050262451172,38.150001525878906,39.0,38.150001525878906,38.20000076293945,3127052
2024-09-02,36.2293701171875,37.650001525878906,38.599998474121094,37.650001525878906,38.599998474121094,1268188
2024-09-03,36.32559585571289,37.75,38.400001525878906,37.54999923706055,37.75,1313302
2024-09-04,34.30483627319336,35.650001525878906,36.29999923706055,34.849998474121094,35.599998474121094,2106687
2024-09-05,34.2086067199707,35.54999923706055,36.400001525878906,35.20000076293945,36.099998474121094,1405302
2024-09-06,34.44916915893555,35.79999923706055,36.0,35.20000076293945,35.54999923706055,987460
2024-09-09,34.11238098144531,35.45000076293945,35.599998474121094,34.849998474121094,35.04999923706055,880629
2024-09-10,33.19822692871094,34.5,35.70000076293945,34.29999923706055,35.599998474121094,1658221
2024-09-11,33.19822692871094,34.5,34.849998474121094,34.400001525878906,34.650001525878906,633053
2024-09-12,34.016151428222656,35.349998474121094,35.349998474121094,34.849998474121094,35.0,617442
2024-09-13,34.11238098144531,35.45000076293945,35.599998474121094,35.20000076293945,35.599998474121094,582424
2024-09-16,34.44916915893555,35.79999923706055,36.20000076293945,35.400001525878906,35.599998474121094,804118
2024-09-18,33.87181091308594,35.20000076293945,36.0,35.099998474121094,35.79999923706055,1126865
2024-09-19,34.452396392822266,35.099998474121094,35.29999923706055,34.70000076293945,34.70000076293945,752001
2024-09-20,34.599632263183594,35.25,35.5,35.0,35.20000076293945,938543
2024-09-23,34.64870834350586,35.29999923706055,35.650001525878906,35.29999923706055,35.349998474121094,702619
2024-09-24,34.354244232177734,35.0,35.70000076293945,34.95000076293945,35.400001525878906,1104829
2024-09-25,34.79594039916992,35.45000076293945,35.70000076293945,35.25,35.29999923706055,858462
2024-09-26,34.452396392822266,35.099998474121094,36.20000076293945,35.099998474121094,35.650001525878906,1133654
2024-09-27,34.89409637451172,35.54999923706055,35.75,35.25,35.400001525878906,740776
2024-09-30,34.64870834350586,35.29999923706055,35.79999923706055,35.20000076293945,35.349998474121094,716274
2024-10-01,34.5014762878418,35.150001525878906,35.400001525878906,34.79999923706055,35.29999923706055,889513
2024-10-04,34.05978012084961,34.70000076293945,35.29999923706055,34.70000076293945,35.29999923706055,755786
2024-10-07,34.3051643371582,34.95000076293945,35.20000076293945,34.79999923706055,34.95000076293945,621935
2024-10-08,33.96162033081055,34.599998474121094,34.95000076293945,34.20000076293945,34.79999923706055,1156608
2024-10-09,33.274539947509766,33.900001525878906,34.900001525878906,33.900001525878906,34.70000076293945,896752
2024-10-11,33.274539947509766,33.900001525878906,34.150001525878906,33.75,34.0,596515
2024-10-14,33.3726921081543,34.0,34.20000076293945,33.70000076293945,33.900001525878906,539126
2024-10-15,33.225460052490234,33.849998474121094,34.45000076293945,33.849998474121094,34.150001525878906,604360
2024-10-16,33.274539947509766,33.900001525878906,34.099998474121094,33.54999923706055,33.599998474121094,630230
2024-10-17,34.15793228149414,34.79999923706055,35.04999923706055,34.099998474121094,34.099998474121094,1303380
2024-10-18,33.66715621948242,34.29999923706055,35.04999923706055,34.29999923706055,35.0,605010
2024-10-21,34.25608825683594,34.900001525878906,35.099998474121094,34.400001525878906,34.70000076293945,920029
2024-10-22,34.15793228149414,34.79999923706055,34.900001525878906,34.5,34.79999923706055,633432
2024-10-23,34.05978012084961,34.70000076293945,35.20000076293945,34.70000076293945,34.900001525878906,712498
2024-10-24,33.765316009521484,34.400001525878906,34.849998474121094,34.29999923706055,34.849998474121094,825549
2024-10-25,33.765316009521484,34.400001525878906,34.75,34.29999923706055,34.599998474121094,456576
2024-10-28,33.470848083496094,34.099998474121094,34.849998474121094,33.75,34.849998474121094,708070
2024-10-29,32.83283996582031,33.45000076293945,33.95000076293945,33.29999923706055,33.900001525878906,861928
2024-10-30,32.83283996582031,33.45000076293945,33.75,33.29999923706055,33.5,565534
2024-11-01,33.225460052490234,33.849998474121094,33.900001525878906,32.79999923706055,33.04999923706055,407414
2024-11-04,33.12730407714844,33.75,34.0,33.599998474121094,33.95000076293945,389066
2024-11-05,33.17638397216797,33.79999923706055,34.20000076293945,33.5,33.650001525878906,405529
2024-11-06,33.32361602783203,33.95000076293945,34.20000076293945,33.900001525878906,34.0,485360
2024-11-07,33.81439208984375,34.45000076293945,34.5,33.900001525878906,33.900001525878906,566482
2024-11-08,33.225460052490234,33.849998474121094,34.650001525878906,33.75,34.650001525878906,667733
2024-11-11,33.225460052490234,33.849998474121094,33.900001525878906,33.45000076293945,33.849998474121094,609324
2024-11-12,32.489295959472656,33.099998474121094,33.599998474121094,33.0,33.599998474121094,973240
2024-11-13,32.44021987915039,33.04999923706055,33.400001525878906,33.0,33.400001525878906,669694
2024-11-14,31.65498161315918,32.25,33.150001525878906,32.150001525878906,33.0,927080
2024-11-15,32.047603607177734,32.650001525878906,33.04999923706055,32.349998474121094,32.349998474121094,433003
2024-11-18,31.65498161315918,32.25,32.900001525878906,32.25,32.650001525878906,459872
2024-11-19,32.34206771850586,32.95000076293945,33.0,32.29999923706055,32.29999923706055,696510
2024-11-20,31.99852180480957,32.599998474121094,32.599998474121094,32.599998474121094,32.599998474121094,675594
2024-11-21,31.75313377380371,32.349998474121094,32.650001525878906,32.25,32.650001525878906,659386
2024-11-22,31.900367736816406,32.5,32.75,32.5,32.54999923706055,446400
2024-11-25,32.240230560302734,32.846248626708984,32.94503402709961,32.401710510253906,32.45110321044922,638182
2024-11-26,32.14326095581055,32.747459411621094,33.043819427490234,32.549888610839844,32.8956413269043,492869
2024-11-27,31.270597457885742,31.85839080810547,32.796852111816406,31.85839080810547,32.747459411621094,620052
2024-11-28,30.88274383544922,31.463247299194336,31.85839080810547,30.969318389892578,31.85839080810547,1064649
2024-11-29,31.028188705444336,31.611425399780273,31.75960350036621,31.265676498413086,31.463247299194336,572096
2024-12-02,30.7372989654541,31.315067291259766,32.10535430908203,31.315067291259766,31.85839080810547,651123
2024-12-03,31.22211456298828,31.808996200561523,31.95717430114746,31.463247299194336,31.611425399780273,648068
2024-12-04,31.360517501831055,31.950000762939453,32.099998474121094,31.5,31.5,921221
2024-12-05,30.9678955078125,31.549999237060547,32.54999923706055,31.549999237060547,32.20000076293945,871683
2024-12-06,31.066051483154297,31.649999618530273,31.899999618530273,31.600000381469727,31.799999237060547,403820
2024-12-09,30.428043365478516,31.0,31.700000762939453,30.899999618530273,31.700000762939453,849197
2024-12-10,30.428043365478516,31.0,31.549999237060547,30.799999237060547,31.0,584074
2024-12-11,29.88819122314453,30.450000762939453,30.950000762939453,30.450000762939453,30.950000762939453,816957
2024-12-12,30.18265724182129,30.75,31.5,30.649999618530273,30.649999618530273,702800
2024-12-13,29.29926109313965,29.850000381469727,30.649999618530273,29.850000381469727,30.649999618530273,1180092
2024-12-16,28.6121768951416,29.149999618530273,29.799999237060547,29.149999618530273,29.799999237060547,1600902
2024-12-17,31.458669662475586,32.04999923706055,32.04999923706055,29.200000762939453,29.200000762939453,6101724
2024-12-18,31.99852180480957,32.599998474121094,33.29999923706055,31.649999618530273,33.150001525878906,12763896
2024-12-19,31.60590362548828,32.20000076293945,32.54999923706055,31.600000381469727,31.700000762939453,4437633
2024-12-20,32.2439079284668,32.849998474121094,34.400001525878906,32.099998474121094,32.20000076293945,10610586
2024-12-23,35.43394470214844,36.099998474121094,36.099998474121094,34.099998474121094,34.5,12905402
2024-12-24,38.967529296875,39.70000076293945,39.70000076293945,38.5,39.599998474121094,32788939
2024-12-25,41.568634033203125,42.349998474121094,42.79999923706055,39.29999923706055,40.25,91470439
2024-12-26,40.43985366821289,41.20000076293945,42.349998474121094,40.29999923706055,42.349998474121094,28136090
2024-12-27,39.45830154418945,40.20000076293945,41.900001525878906,39.75,41.20000076293945,18454502
2024-12-30,37.15165710449219,37.849998474121094,40.75,37.79999923706055,40.20000076293945,18284599
2024-12-31,37.44612503051758,38.150001525878906,39.400001525878906,37.400001525878906,37.70000076293945,25114100
2025-01-02,38.378597259521484,39.099998474121094,40.54999923706055,38.150001525878906,38.20000076293945,22343199
2025-01-03,37.24981689453125,37.95000076293945,39.099998474121094,37.349998474121094,39.04999923706055,10542684
2025-01-06,37.298892974853516,38.0,38.79999923706055,37.04999923706055,38.79999923706055,9638289
2025-01-07,37.7405891418457,38.45000076293945,40.0,38.25,39.0,18345050
2025-01-08,37.7405891418457,38.45000076293945,38.5,37.54999923706055,38.099998474121094,6061512
2025-01-09,35.924720764160156,36.599998474121094,38.5,36.599998474121094,38.45000076293945,8064958
2025-01-10,35.483028411865234,36.150001525878906,37.349998474121094,35.70000076293945,36.95000076293945,5314133
2025-01-13,35.28671646118164,35.95000076293945,36.0,34.5,35.75,5961162
2025-01-14,35.63025665283203,36.29999923706055,36.349998474121094,35.400001525878906,35.79999923706055,3039577
2025-01-15,34.89409637451172,35.54999923706055,36.45000076293945,35.400001525878906,36.099998474121094,3290995
2025-01-16,35.188560485839844,35.849998474121094,36.5,35.75,36.150001525878906,2596550
2025-01-17,35.335792541503906,36.0,36.599998474121094,35.599998474121094,36.0,3213855
2025-01-20,36.51365280151367,37.20000076293945,37.25,36.0,36.599998474121094,5739926
2025-01-21,35.6793327331543,36.349998474121094,37.29999923706055,36.20000076293945,37.20000076293945,3741665
2025-01-22,36.12103271484375,36.79999923706055,36.849998474121094,36.20000076293945,36.849998474121094,2564650
2025-02-03,36.12103271484375,36.79999923706055,36.79999923706055,35.29999923706055,35.599998474121094,2766404
2025-02-04,38.133209228515625,38.849998474121094,38.900001525878906,36.29999923706055,36.95000076293945,13679084
2025-02-05,39.212913513183594,39.95000076293945,40.29999923706055,38.099998474121094,38.5,16932931
2025-02-06,39.1147575378418,39.849998474121094,40.400001525878906,39.20000076293945,40.0,10824269
2025-02-07,40.0472297668457,40.79999923706055,42.150001525878906,39.54999923706055,39.95000076293945,20079280
2025-02-10,40.43985366821289,41.20000076293945,41.849998474121094,40.150001525878906,40.5,10295993
2025-02-11,39.99815368652344,40.75,41.75,39.5,40.349998474121094,14885627
2025-02-12,39.50737762451172,40.25,42.20000076293945,40.04999923706055,40.900001525878906,13418914
2025-02-13,39.45830154418945,40.20000076293945,40.900001525878906,40.0,40.900001525878906,5319227
2025-02-14,38.72214126586914,39.45000076293945,40.900001525878906,39.400001525878906,40.650001525878906,6089501
2025-02-17,41.22509002685547,42.0,42.95000076293945,40.04999923706055,40.150001525878906,25902405
2025-02-18,40.63616180419922,41.400001525878906,42.599998474121094,41.349998474121094,41.900001525878906,11924386
2025-02-19,40.29261779785156,41.04999923706055,42.70000076293945,41.0,42.0,9974315
2025-02-20,40.19446563720703,40.95000076293945,41.45000076293945,40.54999923706055,41.20000076293945,3878334
2025-02-21,40.19446563720703,40.95000076293945,41.5,40.79999923706055,41.29999923706055,4039183
2025-02-24,44.169742584228516,45.0,45.0,40.45000076293945,40.79999923706055,43305373
2025-02-25,48.194091796875,49.099998474121094,49.5,45.5,45.650001525878906,116508335
2025-02-26,47.1143913269043,48.0,50.599998474121094,48.0,49.5,92449035
2025-02-27,47.40885543823242,48.29999923706055,52.70000076293945,48.25,48.45000076293945,84954665
2025-03-03,46.28007507324219,47.150001525878906,50.099998474121094,46.79999923706055,48.45000076293945,50252750
2025-03-04,46.476383209228516,47.349998474121094,49.29999923706055,46.04999923706055,46.29999923706055,28918145
2025-03-05,46.083763122558594,46.95000076293945,48.29999923706055,46.099998474121094,48.0,27667309
2025-03-06,44.46420669555664,45.29999923706055,47.29999923706055,45.04999923706055,46.70000076293945,17019213
2025-03-07,43.040958404541016,43.849998474121094,45.70000076293945,43.70000076293945,45.099998474121094,16458962
2025-03-10,41.81401824951172,42.599998474121094,44.25,42.29999923706055,44.099998474121094,10901964
2025-03-11,41.91217803955078,42.70000076293945,43.20000076293945,41.25,41.650001525878906,15884147
2025-03-12,41.96125411987305,42.75,43.400001525878906,42.29999923706055,42.849998474121094,8368260
2025-03-13,40.930625915527344,41.70000076293945,44.349998474121094,41.650001525878906,43.400001525878906,13963304
2025-03-14,41.863101959228516,42.650001525878906,43.0,41.29999923706055,41.900001525878906,7682128
2025-03-17,43.286346435546875,44.099998474121094,44.650001525878906,42.70000076293945,43.20000076293945,17225552
2025-03-18,42.795570373535156,43.599998474121094,44.150001525878906,43.25,44.099998474121094,14705987
2025-03-19,41.617713928222656,42.400001525878906,43.79999923706055,42.099998474121094,43.70000076293945,8337554
2025-03-20,42.50110626220703,43.29999923706055,43.900001525878906,42.79999923706055,42.79999923706055,7494235
2025-03-21,43.13911437988281,43.95000076293945,43.95000076293945,42.650001525878906,43.5,11263274
2025-03-24,42.15756607055664,42.95000076293945,44.150001525878906,42.5,44.0,7936597
2025-03-25,41.3723258972168,42.150001525878906,43.95000076293945,42.0,43.25,6839810
2025-03-26,41.91217803955078,42.70000076293945,43.20000076293945,42.5,42.5,5329155
2025-03-27,41.81401824951172,42.599998474121094,42.650001525878906,41.900001525878906,42.29999923706055,3951273
2025-03-28,39.50737762451172,40.25,42.25,39.75,42.150001525878906,8478068
2025-03-31,37.00442886352539,37.70000076293945,39.54999923706055,37.599998474121094,38.599998474121094,7178272
2025-04-01,37.49520492553711,38.20000076293945,38.70000076293945,38.099998474121094,38.5,3090514
2025-04-02,38.28044128417969,39.0,39.0,37.599998474121094,38.29999923706055,3530652
2025-04-07,34.452396392822266,35.099998474121094,35.099998474121094,35.099998474121094,35.099998474121094,339550
2025-04-08,31.0169734954834,31.600000381469727,31.799999237060547,31.600000381469727,31.600000381469727,2977302
2025-04-09,27.925092697143555,28.450000762939453,30.299999237060547,28.450000762939453,29.399999618530273,9216227
2025-04-10,30.673431396484375,31.25,31.25,31.25,31.25,1260258
2025-04-11,31.556827545166016,32.150001525878906,32.20000076293945,29.200000762939453,30.5,5779224
2025-04-14,32.047603607177734,32.650001525878906,34.150001525878906,32.5,32.54999923706055,4091540
2025-04-15,33.96162033081055,34.599998474121094,34.75,33.0,33.0,4140470
2025-04-16,32.980072021484375,33.599998474121094,34.70000076293945,33.599998474121094,34.099998474121094,2840912
2025-04-17,32.68560791015625,33.29999923706055,33.95000076293945,32.79999923706055,33.400001525878906,2204190
2025-04-18,33.029151916503906,33.650001525878906,33.95000076293945,33.349998474121094,33.5,1728346
2025-04-21,31.949445724487305,32.54999923706055,34.04999923706055,32.349998474121094,33.900001525878906,2081324
2025-04-22,31.311437606811523,31.899999618530273,32.849998474121094,31.700000762939453,31.700000762939453,2342455
2025-04-23,32.980072021484375,33.599998474121094,33.900001525878906,32.95000076293945,32.95000076293945,2844211
2025-04-24,32.78376388549805,33.400001525878906,34.150001525878906,33.349998474121094,34.099998474121094,2477942
2025-04-25,33.42176818847656,34.04999923706055,34.650001525878906,33.75,34.20000076293945,2463505
2025-04-28,33.765316009521484,34.400001525878906,34.650001525878906,34.150001525878906,34.45000076293945,1827229
2025-04-29,34.79594039916992,35.45000076293945,36.0,34.900001525878906,35.79999923706055,8555633
2025-04-30,35.63025665283203,36.29999923706055,37.45000076293945,35.29999923706055,35.650001525878906,13641453
2025-05-02,35.72841262817383,36.400001525878906,36.95000076293945,36.0,36.900001525878906,7349258
2025-05-05,33.470848083496094,34.099998474121094,36.650001525878906,33.20000076293945,36.599998474121094,6312176
2025-05-06,33.863468170166016,34.5,34.70000076293945,33.95000076293945,34.20000076293945,2052310
2025-05-07,33.96162033081055,34.599998474121094,34.900001525878906,34.0,34.75,1952600
2025-05-08,34.79594039916992,35.45000076293945,35.599998474121094,34.849998474121094,34.95000076293945,2293761
2025-05-09,35.43394470214844,36.099998474121094,36.20000076293945,34.849998474121094,35.5,4546304
2025-05-12,36.8081169128418,37.5,37.650001525878906,36.349998474121094,36.349998474121094,10257733
2025-05-13,37.24981689453125,37.95000076293945,38.45000076293945,37.150001525878906,38.349998474121094,8130473
2025-05-14,39.50737762451172,40.25,41.20000076293945,38.95000076293945,39.099998474121094,20287637
2025-05-15,40.68524169921875,41.45000076293945,42.150001525878906,39.75,40.29999923706055,15540743
2025-05-16,40.68524169921875,41.45000076293945,41.900001525878906,40.75,41.29999923706055,8871321
2025-05-19,39.70368957519531,40.45000076293945,42.0,40.20000076293945,41.45000076293945,9344443
2025-05-20,39.55645751953125,40.29999923706055,41.5,39.849998474121094,40.79999923706055,5673462
2025-05-21,39.55645751953125,40.29999923706055,40.79999923706055,39.95000076293945,40.70000076293945,2644294
2025-05-22,39.850921630859375,40.599998474121094,40.95000076293945,39.79999923706055,40.099998474121094,3883215
2025-05-23,39.40922546386719,40.150001525878906,41.29999923706055,40.04999923706055,41.04999923706055,3821764
2025-05-26,40.0472297668457,40.79999923706055,41.20000076293945,39.900001525878906,40.150001525878906,4005594
2025-05-27,40.145389556884766,40.900001525878906,41.849998474121094,40.75,40.849998474121094,11378404
2025-05-28,39.99815368652344,40.75,41.95000076293945,40.599998474121094,41.45000076293945,8482792
2025-05-29,39.605533599853516,40.349998474121094,41.25,40.20000076293945,41.20000076293945,3285314
2025-06-02,38.673065185546875,39.400001525878906,40.150001525878906,39.0,40.150001525878906,3366108
2025-06-03,37.887821197509766,38.599998474121094,40.0,38.5,39.79999923706055,3765873
2025-06-04,39.900001525878906,40.650001525878906,40.650001525878906,39.29999923706055,39.29999923706055,5169767
2025-06-05,39.016605377197266,39.75,41.099998474121094,39.70000076293945,40.650001525878906,4147861
2025-06-06,38.427677154541016,39.150001525878906,39.95000076293945,39.150001525878906,39.79999923706055,1929389
2025-06-09,38.182289123535156,38.900001525878906,39.5,38.54999923706055,39.400001525878906,1907569
2025-06-10,39.016605377197266,39.75,40.20000076293945,39.25,39.25,3706530
2025-06-11,40.34169387817383,41.099998474121094,41.900001525878906,40.349998474121094,41.099998474121094,13460288
2025-06-12,40.34169387817383,41.099998474121094,42.150001525878906,41.0,41.5,9384974
2025-06-13,38.57490539550781,39.29999923706055,41.0,39.29999923706055,41.0,6364032
2025-06-16,38.967529296875,39.70000076293945,39.70000076293945,38.849998474121094,39.29999923706055,1915107
2025-06-17,39.06568145751953,39.79999923706055,40.349998474121094,39.599998474121094,40.0,2565245
2025-06-18,39.06568145751953,39.79999923706055,40.20000076293945,39.599998474121094,39.95000076293945,2043645
2025-06-19,38.133209228515625,38.849998474121094,40.0,38.70000076293945,39.79999923706055,2649340
2025-06-20,38.03505325317383,38.75,39.5,38.099998474121094,38.849998474121094,2457938
2025-06-23,37.98597717285156,38.70000076293945,38.79999923706055,37.5,38.0,1900238
2025-06-24,39.40922546386719,40.150001525878906,40.45000076293945,39.349998474121094,39.349998474121094,3662138
2025-06-25,39.1147575378418,39.849998474121094,40.650001525878906,39.79999923706055,40.29999923706055,1787742
2025-06-26,39.360145568847656,40.099998474121094,41.0,40.04999923706055,40.04999923706055,3061155
2025-06-27,39.212913513183594,39.95000076293945,40.70000076293945,39.849998474121094,40.70000076293945,1522469
2025-06-30,38.62398147583008,39.349998474121094,40.45000076293945,39.29999923706055,40.150001525878906,1458367
2025-07-01,38.62398147583008,39.349998474121094,39.95000076293945,39.29999923706055,39.70000076293945,1188929
2025-07-02,39.261993408203125,40.0,40.0,39.45000076293945,39.45000076293945,1336427
2025-07-03,39.55645751953125,40.29999923706055,40.900001525878906,40.20000076293945,40.900001525878906,3164900
2025-07-04,37.7405891418457,38.45000076293945,40.900001525878906,38.349998474121094,40.70000076293945,4537466
2025-07-07,37.544281005859375,38.25,38.5,37.599998474121094,38.5,1382469
2025-07-08,37.053504943847656,37.75,38.150001525878906,37.25,38.099998474121094,1962571
2025-07-09,37.298892974853516,38.0,38.150001525878906,37.5,37.79999923706055,1000000
2025-07-10,38.28044128417969,39.0,39.45000076293945,38.04999923706055,38.25,4778500
2025-07-11,38.23136520385742,38.95000076293945,39.5,38.5,38.75,2651421
2025-07-14,37.298892974853516,38.0,38.900001525878906,38.0,38.79999923706055,1917215
2025-07-15,37.544281005859375,38.25,38.400001525878906,37.900001525878906,38.0,1425284
2025-07-16,37.642433166503906,38.349998474121094,38.79999923706055,38.20000076293945,38.25,1258090
2025-07-17,38.771217346191406,39.5,39.599998474121094,38.599998474121094,38.70000076293945,3159702
2025-07-18,38.967529296875,39.70000076293945,40.400001525878906,39.5,39.599998474121094,3147087
2025-07-21,39.31106948852539,40.04999923706055,41.099998474121094,40.04999923706055,40.29999923706055,6072240
2025-07-22,37.7405891418457,38.45000076293945,40.54999923706055,38.20000076293945,40.45000076293945,3687467
2025-07-23,39.1147575378418,39.849998474121094,40.099998474121094,38.75,38.79999923706055,3997605
2025-07-24,39.75276565551758,40.5,40.79999923706055,39.5,40.5,4223111
2025-07-25,38.62398147583008,39.349998474121094,40.599998474121094,39.349998474121094,40.599998474121094,2616098
2025-07-28,39.06568145751953,39.79999923706055,40.0,39.29999923706055,39.650001525878906,1505348
2025-07-29,39.06568145751953,39.79999923706055,40.20000076293945,39.25,39.79999923706055,1560370
2025-07-30,39.65461349487305,40.400001525878906,40.54999923706055,39.20000076293945,39.75,3185281
2025-07-31,39.75276565551758,40.5,41.54999923706055,39.849998474121094,41.54999923706055,7250897
2025-08-04,40.488929748535156,41.25,41.5,39.95000076293945,40.5,5172503
2025-08-05,44.513282775878906,45.349998474121094,45.349998474121094,41.5,41.70000076293945,33597899
2025-08-06,42.795570373535156,43.599998474121094,46.150001525878906,43.349998474121094,45.95000076293945,49140350
2025-08-07,40.43985366821289,41.20000076293945,43.900001525878906,41.150001525878906,43.599998474121094,18193405
2025-08-08,41.617713928222656,42.400001525878906,43.150001525878906,41.099998474121094,41.5,13552258
2025-08-11,43.286346435546875,44.099998474121094,44.25,42.150001525878906,42.20000076293945,16097973
2025-08-12,43.18819046020508,44.0,44.54999923706055,43.5,44.54999923706055,10027149
2025-08-13,43.77711868286133,44.599998474121094,45.79999923706055,43.400001525878906,44.349998474121094,23112135
2025-08-14,44.07158660888672,44.900001525878906,45.900001525878906,44.599998474121094,45.599998474121094,15048563
2025-08-15,45.838375091552734,46.70000076293945,47.54999923706055,44.599998474121094,45.5,22592689
2025-08-18,46.32915115356445,47.20000076293945,49.79999923706055,46.849998474121094,47.95000076293945,27051047
2025-08-19,46.672691345214844,47.54999923706055,48.900001525878906,46.04999923706055,47.54999923706055,16314238
2025-08-20,45.592987060546875,46.45000076293945,48.650001525878906,45.79999923706055,48.0,28190362
2025-08-21,50.05904006958008,51.0,51.0,47.0,47.0,56186747
2025-08-22,46.62361526489258,47.5,51.29999923706055,47.099998474121094,51.29999923706055,43163434
2025-08-25,51.236900329589844,52.20000076293945,52.20000076293945,48.599998474121094,49.099998474121094,49215338
2025-08-26,51.236900329589844,52.20000076293945,54.0,51.099998474121094,52.79999923706055,48318651
2025-08-27,50.5498161315918,51.5,52.900001525878906,50.599998474121094,52.599998474121094,22369290
2025-08-28,49.37195587158203,50.29999923706055,51.70000076293945,49.45000076293945,51.599998474121094,16443618
2025-08-29,49.37195587158203,50.29999923706055,51.099998474121094,49.70000076293945,51.0,10315098
2025-09-01,50.3535041809082,51.29999923706055,52.5,49.04999923706055,50.599998474121094,32911013
2025-09-02,49.862728118896484,50.79999923706055,53.20000076293945,50.20000076293945,52.400001525878906,29188688
2025-09-03,53.20000076293945,54.20000076293945,55.0,50.79999923706055,51.900001525878906,44584701
2025-09-04,53.79999923706055,53.79999923706055,55.5,52.099998474121094,54.29999923706055,32509991
2025-09-05,59.099998474121094,59.099998474121094,59.099998474121094,54.29999923706055,54.599998474121094,54998342
2025-09-08,63.0,63.0,64.9000015258789,57.400001525878906,60.0,78284355
2025-09-09,62.20000076293945,62.20000076293945,63.5,61.0,63.400001525878906,26856017
2025-09-10,61.400001525878906,61.400001525878906,62.70000076293945,60.29999923706055,62.70000076293945,23659988
2025-09-11,57.099998474121094,57.099998474121094,62.400001525878906,56.79999923706055,61.70000076293945,35909250
2025-09-12,58.79999923706055,58.79999923706055,59.599998474121094,56.79999923706055,58.0,31677249
2025-09-15,55.70000076293945,55.70000076293945,58.29999923706055,55.400001525878906,58.099998474121094,19731590
2025-09-16,55.20000076293945,55.20000076293945,58.400001525878906,54.29999923706055,56.20000076293945,27085524
2025-09-17,55.5,55.5,55.900001525878906,54.79999923706055,55.29999923706055,8917301
2025-09-18,53.099998474121094,53.099998474121094,56.599998474121094,52.599998474121094,56.0,22892571
2025-09-19,53.400001525878906,53.400001525878906,54.400001525878906,53.0,54.29999923706055,10310173
2025-09-22,53.400001525878906,53.400001525878906,54.400001525878906,52.5,53.79999923706055,8899465
2025-09-23,52.79999923706055,52.79999923706055,54.29999923706055,52.70000076293945,53.70000076293945,8643147
2025-09-24,52.70000076293945,52.70000076293945,53.599998474121094,52.20000076293945,52.79999923706055,6765771
2025-09-25,52.79999923706055,52.79999923706055,54.20000076293945,52.70000076293945,53.0,8275187
2025-09-26,51.099998474121094,51.099998474121094,52.5,50.400001525878906,52.400001525878906,7886690
2025-09-30,52.0,52.0,52.0,50.79999923706055,51.5,4198096
2025-10-01,51.099998474121094,51.099998474121094,52.900001525878906,51.0,52.20000076293945,5674498
2025-10-02,50.70000076293945,50.70000076293945,51.599998474121094,50.5,51.599998474121094,4451181
2025-10-03,50.900001525878906,50.900001525878906,51.5,50.79999923706055,51.20000076293945,3579034
2025-10-07,51.20000076293945,51.20000076293945,51.70000076293945,50.900001525878906,51.400001525878906,3169327
2025-10-08,51.20000076293945,51.20000076293945,51.900001525878906,50.599998474121094,51.0,4150397
2025-10-09,50.29999923706055,50.29999923706055,51.599998474121094,50.099998474121094,51.29999923706055,4354094
2025-10-13,49.900001525878906,49.900001525878906,50.20000076293945,46.599998474121094,46.650001525878906,5042292
2025-10-14,48.0,48.0,51.0,48.0,50.5,5344474
2025-10-15,47.79999923706055,47.79999923706055,48.70000076293945,47.599998474121094,48.599998474121094,3857158
2025-10-16,48.25,48.25,48.54999923706055,47.79999923706055,48.29999923706055,3276045
2025-10-17,47.20000076293945,47.20000076293945,48.400001525878906,47.099998474121094,47.900001525878906,3388062
2025-10-20,48.29999923706055,48.29999923706055,48.45000076293945,47.0,47.5,4426697
2025-10-21,49.04999923706055,49.04999923706055,50.0,48.349998474121094,48.349998474121094,6615632
2025-10-22,50.0,50.0,50.70000076293945,48.650001525878906,48.900001525878906,7802434
2025-10-23,49.150001525878906,49.150001525878906,49.79999923706055,48.900001525878906,49.75,2884209
2025-10-27,49.79999923706055,49.79999923706055,50.099998474121094,49.29999923706055,49.95000076293945,2883395
2025-10-28,49.150001525878906,49.150001525878906,51.5,49.04999923706055,51.0,9146525
2025-10-29,50.20000076293945,50.20000076293945,50.599998474121094,49.54999923706055,49.79999923706055,5611564
2025-10-30,49.400001525878906,49.400001525878906,50.599998474121094,49.04999923706055,49.79999923706055,3822743
2025-10-31,49.650001525878906,49.650001525878906,50.20000076293945,48.849998474121094,48.900001525878906,2638500
2025-11-03,50.29999923706055,50.29999923706055,50.599998474121094,49.400001525878906,49.79999923706055,3609214
2025-11-04,45.29999923706055,45.29999923706055,48.400001525878906,45.29999923706055,48.400001525878906,18426917
2025-11-05,44.650001525878906,44.650001525878906,45.25,43.70000076293945,43.900001525878906,5708834
2025-11-06,44.70000076293945,44.70000076293945,45.29999923706055,44.349998474121094,45.04999923706055,3141776
2025-11-07,44.25,44.25,44.70000076293945,43.849998474121094,44.599998474121094,2906381
2025-11-10,44.54999923706055,44.54999923706055,45.29999923706055,44.29999923706055,44.45000076293945,2977405
2025-11-11,43.599998474121094,43.599998474121094,45.099998474121094,43.54999923706055,44.79999923706055,4756487
2025-11-12,43.900001525878906,43.900001525878906,44.29999923706055,43.599998474121094,43.599998474121094,2809620
2025-11-13,43.20000076293945,43.20000076293945,44.150001525878906,43.150001525878906,44.0,3692656
2025-11-14,42.29999923706055,42.29999923706055,43.349998474121094,42.29999923706055,42.599998474121094,2718952
2025-11-17,41.900001525878906,41.900001525878906,42.900001525878906,41.849998474121094,42.849998474121094,1962846
2025-11-18,40.849998474121094,40.849998474121094,42.150001525878906,40.79999923706055,41.70000076293945,2768445
2025-11-19,41.150001525878906,41.150001525878906,41.45000076293945,40.70000076293945,40.849998474121094,1742238
2025-11-20,42.5,42.5,42.79999923706055,42.04999923706055,42.099998474121094,2565069
2025-11-21,41.5,41.5,42.400001525878906,41.099998474121094,41.70000076293945,2230691
2025-11-24,41.849998474121094,41.849998474121094,42.099998474121094,41.349998474121094,42.0,1220890
2025-11-25,42.54999923706055,42.54999923706055,42.900001525878906,42.349998474121094,42.5,1866082
2025-11-26,44.04999923706055,44.04999923706055,44.349998474121094,43.150001525878906,43.20000076293945,4365229
2025-11-27,43.54999923706055,43.54999923706055,44.54999923706055,43.5,44.5,2146371
2025-11-28,43.45000076293945,43.45000076293945,43.849998474121094,43.20000076293945,43.849998474121094,1433262
2025-12-01,42.70000076293945,42.70000076293945,43.849998474121094,42.70000076293945,43.79999923706055,1430518
2025-12-02,42.25,42.25,43.099998474121094,42.25,43.0,1202750
2025-12-03,42.900001525878906,42.900001525878906,43.04999923706055,42.45000076293945,42.75,1477553
2025-12-04,43.79999923706055,43.79999923706055,44.29999923706055,43.20000076293945,43.45000076293945,4389760
2025-12-05,42.79999923706055,42.79999923706055,45.20000076293945,42.599998474121094,44.650001525878906,12186781
2025-12-08,43.04999923706055,43.04999923706055,43.25,42.25,42.79999923706055,2341239
2025-12-09,42.5,42.5,43.04999923706055,42.5,43.04999923706055,1143320
2025-12-10,42.349998474121094,42.349998474121094,43.04999923706055,42.349998474121094,42.849998474121094,1366282
2025-12-11,41.650001525878906,41.650001525878906,42.650001525878906,41.650001525878906,42.5,1752815
2025-12-12,41.650001525878906,41.650001525878906,42.400001525878906,41.650001525878906,41.95000076293945,1310950
2025-12-15,41.349998474121094,41.349998474121094,41.650001525878906,40.849998474121094,41.0,1082069
2025-12-16,40.70000076293945,40.70000076293945,41.400001525878906,40.349998474121094,41.400001525878906,1843975
2025-12-17,41.20000076293945,41.20000076293945,41.900001525878906,41.0,41.0,1338524
2025-12-18,40.25,40.25,41.20000076293945,40.25,41.099998474121094,1922734
2025-12-19,40.45000076293945,40.45000076293945,40.849998474121094,40.349998474121094,40.5,1288462
2025-12-22,41.20000076293945,41.20000076293945,41.349998474121094,41.0,41.0,1345780
2025-12-23,41.099998474121094,41.099998474121094,41.599998474121094,40.900001525878906,41.349998474121094,1434080
2025-12-24,40.54999923706055,40.54999923706055,41.599998474121094,40.5,41.45000076293945,1520265
2025-12-26,40.599998474121094,40.599998474121094,40.849998474121094,40.099998474121094,40.70000076293945,1523101
2025-12-29,41.20000076293945,41.20000076293945,41.650001525878906,40.79999923706055,40.79999923706055,1832711
2025-12-30,40.650001525878906,40.650001525878906,41.45000076293945,40.150001525878906,41.45000076293945,2064287
2025-12-31,40.349998474121094,40.349998474121094,40.95000076293945,40.349998474121094,40.650001525878906,1332723
2026-01-02,41.04999923706055,41.04999923706055,41.70000076293945,40.79999923706055,40.849998474121094,2733634
2026-01-05,40.45000076293945,40.45000076293945,41.599998474121094,40.349998474121094,41.599998474121094,2502493
2026-01-06,41.04999923706055,41.04999923706055,41.29999923706055,40.5,40.5,2171148
2026-01-07,41.0,41.0,41.29999923706055,40.650001525878906,41.150001525878906,1914175
2026-01-08,40.20000076293945,40.20000076293945,41.099998474121094,40.20000076293945,41.04999923706055,2418581
2026-01-09,40.45000076293945,40.45000076293945,40.650001525878906,39.599998474121094,40.20000076293945,1980179
2026-01-12,39.599998474121094,39.599998474121094,40.099998474121094,39.20000076293945,40.099998474121094,4510678
2026-01-13,39.0,39.0,39.849998474121094,38.70000076293945,39.75,3575969
2026-01-14,40.5,40.5,40.849998474121094,39.150001525878906,39.150001525878906,3917788
2026-01-15,40.20000076293945,40.20000076293945,40.75,39.849998474121094,40.70000076293945,1741664
2026-01-16,40.150001525878906,40.150001525878906,40.849998474121094,40.099998474121094,40.45000076293945,1948455
2026-01-19,40.25,40.25,40.95000076293945,39.849998474121094,40.29999923706055,2261575
2026-01-20,40.95000076293945,40.95000076293945,41.400001525878906,39.900001525878906,40.25,3273000
2026-01-21,43.349998474121094,43.349998474121094,43.599998474121094,40.25,40.849998474121094,17390930
2026-01-22,44.95000076293945,44.95000076293945,45.400001525878906,43.70000076293945,45.349998474121094,31777386
2026-01-23,43.150001525878906,43.150001525878906,44.599998474121094,43.0,44.54999923706055,10123406
2026-01-26,42.849998474121094,42.849998474121094,43.650001525878906,42.349998474121094,42.849998474121094,5930218
2026-01-27,41.400001525878906,41.400001525878906,42.75,41.400001525878906,42.599998474121094,5425878
2026-01-28,41.95000076293945,41.95000076293945,41.95000076293945,40.900001525878906,41.599998474121094,4532926
2026-01-29,40.5,40.5,43.150001525878906,40.5,42.25,7886256
2026-01-30,39.099998474121094,39.099998474121094,40.79999923706055,38.849998474121094,40.79999923706055,4849721
2026-02-02,37.79999923706055,37.79999923706055,38.5,37.54999923706055,38.150001525878906,4136285
2026-02-03,38.25,38.25,38.599998474121094,37.75,38.29999923706055,2232531
2026-02-04,39.0,39.0,39.400001525878906,38.5,38.5,2138995
2026-02-05,38.400001525878906,38.400001525878906,39.29999923706055,38.25,38.95000076293945,1507999
2026-02-06,37.45000076293945,37.45000076293945,38.04999923706055,37.04999923706055,38.04999923706055,1973604
2026-02-09,37.79999923706055,37.79999923706055,38.900001525878906,37.79999923706055,38.20000076293945,1331354
2026-02-10,37.849998474121094,37.849998474121094,38.20000076293945,37.650001525878906,38.04999923706055,1143668
2026-02-11,38.400001525878906,38.400001525878906,38.54999923706055,37.79999923706055,38.25,1715670
2026-02-23,40.099998474121094,40.099998474121094,40.099998474121094,38.650001525878906,38.70000076293945,2457056
2026-02-24,40.400001525878906,40.400001525878906,40.650001525878906,39.20000076293945,39.75,3970253
2026-02-25,39.75,39.75,40.70000076293945,39.599998474121094,40.54999923706055,2488924
2026-02-26,39.75,39.75,40.20000076293945,39.75,40.0,1673488
2026-03-02,40.0,40.0,40.150001525878906,38.54999923706055,38.54999923706055,2135183
2026-03-03,38.70000076293945,38.70000076293945,40.25,38.5,40.20000076293945,2536227
2026-03-04,36.79999923706055,36.79999923706055,38.04999923706055,36.5,37.54999923706055,2508371
2026-03-05,38.0,38.0,38.25,37.599998474121094,37.70000076293945,1562806
2026-03-06,38.099998474121094,38.099998474121094,38.20000076293945,37.25,37.849998474121094,1000370
2026-03-09,36.349998474121094,36.349998474121094,36.79999923706055,35.0,36.20000076293945,2078244
2026-03-10,37.0,37.0,37.349998474121094,36.75,37.099998474121094,1040945
2026-03-11,38.099998474121094,38.099998474121094,38.20000076293945,37.45000076293945,37.5,1466841
2026-03-12,37.5,37.5,38.25,37.20000076293945,37.900001525878906,1244001
2026-03-13,37.45000076293945,37.45000076293945,37.75,36.900001525878906,37.25,1039279
2026-03-16,38.45000076293945,38.45000076293945,38.45000076293945,37.70000076293945,37.70000076293945,1483389
2026-03-17,38.599998474121094,38.599998474121094,39.150001525878906,38.45000076293945,38.70000076293945,1524048
2026-03-18,38.29999923706055,38.29999923706055,39.150001525878906,38.04999923706055,39.150001525878906,1263302
2026-03-19,37.849998474121094,37.849998474121094,38.5,37.849998474121094,38.20000076293945,1393409
2026-03-20,37.95000076293945,37.95000076293945,38.45000076293945,37.70000076293945,38.20000076293945,1149001
2026-03-23,37.25,37.25,38.150001525878906,36.70000076293945,37.099998474121094,1215358
2026-03-24,36.849998474121094,36.849998474121094,38.099998474121094,36.70000076293945,37.95000076293945,1021841
2026-03-25,37.400001525878906,37.400001525878906,37.75,37.349998474121094,37.5,804020
2026-03-26,36.75,36.75,37.900001525878906,36.75,37.5,1483346
2026-03-27,36.95000076293945,36.95000076293945,36.95000076293945,36.20000076293945,36.75,1130612
2026-03-30,36.099998474121094,36.099998474121094,36.650001525878906,36.0,36.29999923706055,1135748
2026-03-31,35.099998474121094,35.099998474121094,36.349998474121094,35.0,36.0,1715707
2026-04-01,36.099998474121094,36.099998474121094,36.400001525878906,35.849998474121094,36.0,1080914
2026-04-02,35.400001525878906,35.400001525878906,36.5,35.400001525878906,36.5,888060
2026-04-07,36.0,36.0,36.099998474121094,35.54999923706055,35.650001525878906,778569
2026-04-08,37.150001525878906,37.150001525878906,37.20000076293945,36.5,36.5,1338765
2026-04-09,36.349998474121094,36.349998474121094,37.25,36.150001525878906,37.20000076293945,1311304
2026-04-10,36.650001525878906,36.650001525878906,36.849998474121094,36.400001525878906,36.5,844874
2026-04-13,36.29999923706055,36.29999923706055,36.54999923706055,36.04999923706055,36.54999923706055,1219855
2026-04-14,36.900001525878906,36.900001525878906,37.04999923706055,36.599998474121094,36.79999923706055,1589681
2026-04-15,36.599998474121094,36.599998474121094,37.45000076293945,36.599998474121094,37.20000076293945,1832959
2026-04-16,37.099998474121094,37.099998474121094,37.5,36.79999923706055,36.79999923706055,1511629
2026-04-17,37.650001525878906,37.650001525878906,37.79999923706055,37.25,37.29999923706055,2489115
2026-04-20,37.20000076293945,37.20000076293945,38.20000076293945,37.20000076293945,37.79999923706055,2083963
2026-04-21,38.099998474121094,38.099998474121094,38.150001525878906,37.29999923706055,37.29999923706055,1867467
2026-04-22,38.599998474121094,38.599998474121094,39.400001525878906,38.150001525878906,38.5,3554681
2026-04-23,36.650001525878906,36.650001525878906,39.0,35.95000076293945,39.0,3543565
2026-04-24,38.5,38.5,40.25,36.79999923706055,36.900001525878906,9900480
2026-04-27,38.70000076293945,38.70000076293945,39.150001525878906,37.29999923706055,39.0,5720929
2026-04-28,40.20000076293945,40.20000076293945,40.25,37.900001525878906,38.95000076293945,8954303
2026-04-29,40.79999923706055,40.79999923706055,41.400001525878906,39.599998474121094,40.04999923706055,7910285
2026-04-30,40.29999923706055,40.29999923706055,41.54999923706055,40.25,41.0,6979029
2026-05-04,41.04999923706055,41.04999923706055,42.29999923706055,40.5,40.849998474121094,6907898
2026-05-05,40.20000076293945,40.20000076293945,41.400001525878906,40.150001525878906,40.849998474121094,5019309
2026-05-06,40.099998474121094,40.099998474121094,40.70000076293945,39.349998474121094,40.599998474121094,4176402
2026-05-07,40.29999923706055,40.29999923706055,41.20000076293945,40.0,40.25,3575578
2026-05-08,39.349998474121094,39.349998474121094,41.04999923706055,39.25,40.599998474121094,3819221
2026-05-11,40.150001525878906,40.150001525878906,40.5,39.400001525878906,39.849998474121094,2695055
2026-05-12,39.29999923706055,39.29999923706055,40.29999923706055,38.900001525878906,40.29999923706055,3727192
2026-05-13,38.900001525878906,38.900001525878906,39.54999923706055,38.5,39.29999923706055,2482831
2026-05-14,39.900001525878906,39.900001525878906,40.150001525878906,39.150001525878906,39.150001525878906,3402481
2026-05-15,42.20000076293945,42.20000076293945,43.5,40.0,40.29999923706055,27207509
2026-05-18,43.20000076293945,43.20000076293945,43.45000076293945,41.150001525878906,41.95000076293945,12719173
2026-05-19,42.099998474121094,42.099998474121094,43.20000076293945,41.79999923706055,42.900001525878906,8752163
2026-05-20,42.5,42.5,42.5,41.04999923706055,41.95000076293945,7747047
2026-05-21,43.20000076293945,43.20000076293945,43.650001525878906,42.54999923706055,43.25,8618163
2026-05-22,43.54999923706055,43.54999923706055,44.29999923706055,42.79999923706055,43.349998474121094,8721867
2026-05-25,43.29999923706055,43.29999923706055,45.29999923706055,43.150001525878906,44.20000076293945,19972056
2026-05-26,42.45000076293945,42.45000076293945,43.849998474121094,42.150001525878906,43.5,6756016
2026-05-27,41.54999923706055,41.54999923706055,42.70000076293945,41.45000076293945,42.650001525878906,4803072
2026-05-28,41.849998474121094,41.849998474121094,44.849998474121094,41.599998474121094,42.25,12732119
2026-05-29,42.349998474121094,42.349998474121094,43.099998474121094,42.150001525878906,42.75,4966122
2026-06-01,46.45000076293945,46.45000076293945,46.5,42.45000076293945,42.45000076293945,23364400
2026-06-02,51.0,51.0,51.0,50.79999923706055,51.0,14469894
2026-06-03,50.599998474121094,50.599998474121094,54.5,50.20000076293945,54.0,45081660
2026-06-04,50.79999923706055,50.79999923706055,51.70000076293945,48.04999923706055,50.099998474121094,21859075
2026-06-05,48.900001525878906,48.900001525878906,53.5,48.849998474121094,51.0,25793709
2026-06-08,46.04999923706055,46.04999923706055,46.20000076293945,44.04999923706055,44.04999923706055,9704819
2026-06-09,46.650001525878906,46.650001525878906,48.150001525878906,46.04999923706055,46.20000076293945,7633304
2026-06-10,47.0,47.0,51.0,45.900001525878906,46.0,19874096
2026-06-11,45.25,45.25,47.650001525878906,44.20000076293945,47.29999923706055,10837116
2026-06-12,46.0,46.0,47.70000076293945,46.0,46.849998474121094,6375201
2026-06-15,47.5,47.5,48.349998474121094,46.0,46.79999923706055,8537258
2026-06-16,47.650001525878906,47.650001525878906,49.0,46.599998474121094,47.849998474121094,8728361
2026-06-17,50.5,50.5,51.5,48.349998474121094,48.70000076293945,24264426
2026-06-18,48.849998474121094,48.849998474121094,50.5,48.75,50.5,12915654
2026-06-22,49.349998474121094,49.349998474121094,49.849998474121094,48.75,49.099998474121094,7299395
2026-06-23,47.349998474121094,47.349998474121094,49.599998474121094,47.099998474121094,49.599998474121094,6846488
2026-06-24,47.70000076293945,47.70000076293945,48.20000076293945,46.400001525878906,47.0,4149798
2026-06-25,48.900001525878906,48.900001525878906,49.599998474121094,46.70000076293945,48.099998474121094,10933999
2026-06-26,48.349998474121094,48.349998474121094,50.29999923706055,48.20000076293945,49.400001525878906,20660886
2026-06-29,48.400001525878906,48.400001525878906,50.79999923706055,47.79999923706055,48.5,9991814
2026-06-30,49.900001525878906,49.900001525878906,50.20000076293945,48.75,49.0,6960731
2026-07-01,48.349998474121094,48.349998474121094,51.0,48.25,50.900001525878906,7724873
2026-07-02,49.0,49.0,50.29999923706055,47.75,48.25,6037970
2026-07-03,50.29999923706055,50.29999923706055,50.70000076293945,48.5,49.45000076293945,10165711
2026-07-06,50.099998474121094,50.099998474121094,52.79999923706055,50.099998474121094,50.70000076293945,12268859
2026-07-07,47.349998474121094,47.349998474121094,50.5,47.150001525878906,50.400001525878906,6780690
2026-07-08,47.0,47.0,47.95000076293945,46.349998474121094,47.5,3393939
2026-07-09,46.5,46.5,48.04999923706055,46.5,47.20000076293945,2905658
2026-07-10,46.5,46.5,46.5,46.5,46.5,0
2026-07-13,45.95000076293945,45.95000076293945,47.75,45.599998474121094,46.75,3423536
2026-07-14,44.650001525878906,44.650001525878906,46.150001525878906,42.45000076293945,46.04999923706055,4812154
2026-07-15,45.5,45.5,45.599998474121094,44.5,45.099998474121094,2202166
2026-07-16,44.25,44.25,45.099998474121094,44.04999923706055,45.099998474121094,2344252
2026-07-17,41.54999923706055,41.54999923706055,43.5,41.349998474121094,43.0,3636626
2026-07-20,40.599998474121094,40.599998474121094,41.95000076293945,39.599998474121094,41.849998474121094,2626455
2026-07-21,41.29999923706055,41.29999923706055,41.45000076293945,41.0,41.400001525878906,1187781
2026-07-22,41.45000076293945,41.45000076293945,42.349998474121094,41.400001525878906,41.79999923706055,2152866
2026-07-23,40.650001525878906,40.650001525878906,41.75,40.349998474121094,41.400001525878906,2574785
2026-07-24,40.0,40.0,41.20000076293945,39.79999923706055,40.400001525878906,1956131
2026-07-27,40.349998474121094,40.349998474121094,40.849998474121094,39.849998474121094,40.0,1431339
2026-07-28,38.349998474121094,38.349998474121094,39.900001525878906,38.29999923706055,39.900001525878906,2220300
2026-07-29,37.5,37.5,39.0,36.5,39.0,3123224
2026-07-30,36.25,36.25,37.900001525878906,36.150001525878906,37.25,2045059
2026-07-31,38.29999923706055,38.29999923706055,38.5,37.650001525878906,38.20000076293945,1902767
2026-08-03,38.349998474121094,38.349998474121094,38.95000076293945,37.75,38.29999923706055,1835306
2026-08-04,38.95000076293945,38.95000076293945,39.5,38.349998474121094,38.5,1608020
2026-08-05,40.0,40.0,40.349998474121094,39.54999923706055,39.54999923706055,2064756
2026-08-06,40.45000076293945,40.45000076293945,40.650001525878906,39.349998474121094,40.0,1392455
2026-08-07,40.150001525878906,40.150001525878906,41.0,39.95000076293945,40.75,1600850
2026-08-10,40.8,40.8,41.2,40.2,40.4,1367492
2026-08-11,40.35,40.35,40.9,40.05,40.9,1316739
2026-08-12,40.8,40.8,41.1,40.35,40.4,1890383
2026-08-13,40.75,40.75,41.3,40.75,41.15,1775817
2026-08-17,40.85,40.85,41.8,40.8,41.0,4348821
2026-08-18,39.3,39.3,41.0,39.25,40.85,2467762
2026-08-19,39.25,39.25,39.95,38.7,39.3,1366977
2026-08-20,39.4,39.4,40.2,39.25,39.9,1130884
