Date,Adj Close,Close,High,Low,Open,Volume
2016-08-12,40.8,40.8,41.6,40.8,41.6,785176
2016-08-15,40.85,40.85,40.95,40.35,40.85,692453
2016-08-16,40.7,40.7,41.1,40.55,41.0,536236
2016-08-17,40.5,40.5,40.7,39.9,40.65,1226125
2016-08-18,40.3,40.3,40.7,40.05,40.45,674359
2016-08-19,40.1,40.1,40.6,40.1,40.25,511908
2016-08-22,39.75,39.75,40.35,39.75,40.05,871625
2016-08-23,39.7,39.7,39.7,37.7,39.6,3809903
2016-08-24,39.25,39.25,40.3,39.25,40.2,1071326
2016-08-25,39.25,39.25,39.5,39.0,39.0,887461
2016-08-26,39.2,39.2,39.5,39.15,39.2,530520
2016-08-29,38.9,38.9,39.5,38.6,39.4,894617
2016-08-30,38.8,38.8,39.25,38.8,39.1,604157
2016-08-31,38.3,38.3,39.1,38.3,39.0,823038
2016-09-01,40.15,40.15,40.9,38.2,38.2,2402155
2016-09-02,39.2,39.2,40.4,39.1,39.8,1274120
2016-09-05,39.3,39.3,39.6,39.0,39.1,477437
2016-09-06,40.05,40.05,40.05,39.5,39.5,612500
2016-09-07,40.1,40.1,40.3,40.05,40.05,608369
2016-09-08,41.0,41.0,41.4,40.05,40.2,1584301
2016-09-09,40.55,40.55,41.0,40.3,41.0,618449
2016-09-12,39.1,39.1,39.85,39.1,39.7,767212
2016-09-13,38.6,38.6,39.35,38.35,39.25,620790
2016-09-14,38.25,38.25,38.95,38.05,38.45,834050
2016-09-19,38.8,38.8,39.0,38.3,38.8,506410
2016-09-20,39.15,39.15,39.4,38.6,38.8,405207
2016-09-21,39.4,39.4,39.5,39.1,39.1,662007
2016-09-22,40.0,40.0,40.2,39.45,39.75,839582
2016-09-23,40.1,40.1,40.5,40.0,40.4,602080
2016-09-26,39.45,39.45,40.05,39.4,40.05,384521
2016-09-29,39.2,39.2,39.95,39.1,39.5,424210
2016-09-30,39.25,39.25,39.6,39.2,39.5,271606
2016-10-03,39.9,39.9,39.95,39.3,39.5,555991
2016-10-04,40.95,40.95,41.15,39.95,39.95,2034799
2016-10-05,40.6,40.6,41.25,40.55,41.25,1053400
2016-10-06,40.6,40.6,40.8,40.5,40.6,479357
2016-10-07,40.2,40.2,40.9,40.1,40.6,528901
2016-10-11,38.9,38.9,40.1,38.2,40.1,1256067
2016-10-12,38.75,38.75,39.25,38.3,39.05,363759
2016-10-13,39.1,39.1,39.15,38.55,39.05,401072
2016-10-14,38.05,38.05,39.4,37.9,39.4,1057300
2016-10-17,37.6,37.6,38.15,37.25,38.05,754212
2016-10-18,37.45,37.45,37.9,37.3,37.5,492015
2016-10-19,37.55,37.55,37.9,37.45,37.45,722114
2016-10-20,36.9,36.9,37.8,36.75,37.55,1578449
2016-10-21,37.8,37.8,37.8,36.1,36.1,1861901
2016-10-24,38.7,38.7,39.25,38.05,38.05,2199560
2016-10-25,38.5,38.5,39.05,38.4,38.7,619363
2016-10-26,38.0,38.0,38.6,38.0,38.35,647207
2016-10-27,37.9,37.9,38.35,37.75,37.9,565174
2016-10-28,37.35,37.35,38.2,37.1,37.8,786400
2016-10-31,37.1,37.1,37.4,36.95,37.35,639003
2016-11-01,36.8,36.8,37.15,36.6,37.1,713007
2016-11-02,35.7,35.7,36.7,35.6,36.6,990342
2016-11-03,34.25,34.25,35.7,33.9,35.0,1711625
2016-11-04,34.6,34.6,34.85,34.4,34.4,514003
2016-11-07,34.3,34.3,35.3,34.3,35.2,794202
2016-11-08,33.85,33.85,34.55,33.65,34.3,1279201
2016-11-09,31.5,31.5,34.0,31.25,33.8,2325003
2016-11-10,32.3,32.3,32.5,32.0,32.0,1023021
2016-11-11,31.1,31.1,32.6,30.95,32.6,1570736
2016-11-14,30.0,30.0,31.3,29.8,30.8,1798147
2016-11-15,30.05,30.05,30.35,30.0,30.0,996873
2016-11-16,30.2,30.2,30.85,30.1,30.2,1117108
2016-11-17,29.95,29.95,30.35,29.95,30.2,570300
2016-11-18,29.25,29.25,29.9,28.55,29.85,3109658
2016-11-21,29.0,29.0,29.35,28.8,29.35,1318110
2016-11-22,30.05,30.05,30.35,29.25,29.3,2088466
2016-11-23,31.9,31.9,33.0,30.6,30.6,4190119
2016-11-24,30.7,30.7,31.9,30.35,31.9,3142531
2016-11-25,30.15,30.15,30.75,29.6,30.7,2175551
2016-11-28,29.4,29.4,30.55,29.3,30.0,2231520
2016-11-29,29.8,29.8,30.1,28.55,28.55,6191985
2016-11-30,30.4,30.4,30.8,29.9,30.0,6858772
2016-12-01,30.1,30.1,30.65,30.1,30.4,2290124
2016-12-02,29.8,29.8,30.3,29.6,29.9,1309910
2016-12-05,30.3,30.3,30.8,30.1,30.4,3013648
2016-12-06,30.2,30.2,30.8,30.15,30.7,1369007
2016-12-07,31.15,31.15,31.7,30.25,30.55,3869585
2016-12-08,31.05,31.05,31.65,31.05,31.65,1942132
2016-12-09,30.65,30.65,31.2,30.5,31.0,1617894
2016-12-12,30.5,30.5,30.9,30.4,30.9,1009008
2016-12-13,30.4,30.4,30.75,30.3,30.55,676288
2016-12-14,30.55,30.55,30.75,30.4,30.75,741645
2016-12-15,31.1,31.1,31.4,30.45,30.55,2154304
2016-12-16,30.95,30.95,31.6,30.95,31.4,1449555
2016-12-19,30.35,30.35,31.1,30.3,31.0,1063988
2016-12-20,30.45,30.45,30.6,30.35,30.35,547200
2016-12-21,30.3,30.3,30.85,30.3,30.6,972194
2016-12-22,30.05,30.05,30.5,30.0,30.35,897026
2016-12-23,30.4,30.4,30.75,30.1,30.1,740006
2016-12-26,30.4,30.4,30.8,30.2,30.2,991408
2016-12-27,30.35,30.35,30.6,30.2,30.55,476003
2016-12-28,30.25,30.25,30.55,30.25,30.35,490104
2016-12-29,30.1,30.1,30.4,30.1,30.35,491610
2016-12-30,30.1,30.1,30.3,30.1,30.15,540493
2017-01-03,30.7,30.7,31.2,30.3,30.3,2043101
2017-01-04,30.65,30.65,31.05,30.6,31.0,862764
2017-01-05,30.5,30.5,30.8,30.5,30.65,1177387
2017-01-06,31.85,31.85,32.3,30.6,30.6,5754112
2017-01-09,32.7,32.7,33.95,32.3,32.3,7436014
2017-01-10,33.15,33.15,33.15,32.05,32.75,2299206
2017-01-11,32.5,32.5,33.4,32.5,33.25,2489006
2017-01-12,32.8,32.8,33.1,32.35,32.6,1481591
2017-01-13,32.7,32.7,33.05,32.6,33.0,1094327
2017-01-16,32.35,32.35,33.0,32.3,33.0,1145022
2017-01-17,32.3,32.3,32.55,32.3,32.35,807200
2017-01-18,33.0,33.0,33.5,32.35,32.35,2161016
2017-01-19,32.9,32.9,33.4,32.9,33.4,1739695
2017-01-20,33.9,33.9,35.0,33.8,33.9,4858184
2017-01-23,33.8,33.8,34.3,33.7,34.0,1875300
2017-01-24,34.05,34.05,34.35,34.0,34.1,1461867
2017-02-02,34.3,34.3,34.65,34.15,34.2,1355574
2017-02-03,35.45,35.45,35.9,34.3,34.3,3090602
2017-02-06,35.3,35.3,36.3,35.25,35.9,2543919
2017-02-07,34.75,34.75,35.45,34.45,35.3,1824430
2017-02-08,35.7,35.7,36.0,34.95,35.0,1529633
2017-02-09,35.3,35.3,35.6,34.85,35.55,2500965
2017-02-10,35.6,35.6,36.5,35.4,35.9,2551321
2017-02-13,35.2,35.2,35.8,34.9,35.7,1457462
2017-02-14,34.9,34.9,35.6,34.9,35.6,1315492
2017-02-15,35.2,35.2,35.85,34.8,34.9,1515319
2017-02-16,35.0,35.0,35.4,34.95,35.4,1145036
2017-02-17,35.15,35.15,35.75,35.05,35.25,1301322
2017-02-20,36.1,36.1,36.7,35.9,35.9,2343311
2017-02-21,37.1,37.1,38.1,36.55,36.6,5775136
2017-02-22,36.6,36.6,37.6,36.5,37.5,2828005
2017-02-23,37.35,37.35,37.9,36.65,37.0,2777353
2017-02-24,37.75,37.75,38.2,37.4,37.7,3018018
2017-03-01,37.4,37.4,38.4,37.25,38.3,2194064
2017-03-02,36.9,36.9,37.95,36.8,37.6,1753126
2017-03-03,37.4,37.4,37.7,36.85,36.9,1163669
2017-03-06,37.25,37.25,37.65,37.0,37.0,1003073
2017-03-07,37.5,37.5,37.85,37.1,37.45,818139
2017-03-08,37.5,37.5,37.6,37.3,37.5,709073
2017-03-09,36.75,36.75,37.4,36.7,37.4,1510527
2017-03-10,35.9,35.9,36.7,35.4,36.7,2712093
2017-03-13,35.7,35.7,36.0,35.05,35.9,1699092
2017-03-14,36.0,36.0,36.1,35.6,35.7,1306744
2017-03-15,35.85,35.85,37.1,35.8,37.0,1664337
2017-03-16,35.75,35.75,36.15,35.7,36.0,1064364
2017-03-17,35.9,35.9,35.95,35.6,35.9,1073056
2017-03-20,35.6,35.6,36.0,35.6,36.0,909649
2017-03-21,33.75,33.75,36.9,33.3,36.8,7333569
2017-03-22,34.3,34.3,34.5,33.7,33.7,2770388
2017-03-23,34.05,34.05,34.7,33.75,34.7,1468242
2017-03-24,34.3,34.3,34.75,34.1,34.1,1237721
2017-03-27,33.5,33.5,34.25,33.5,34.05,1199402
2017-03-28,32.9,32.9,34.05,32.8,33.6,1587400
2017-03-29,33.45,33.45,33.85,33.1,33.85,949662
2017-03-30,34.45,34.45,34.5,33.8,34.0,1662700
2017-03-31,34.1,34.1,34.6,34.05,34.6,756079
2017-04-05,33.85,33.85,34.4,33.85,34.0,963453
2017-04-06,33.9,33.9,34.3,33.9,34.3,774138
2017-04-07,33.5,33.5,34.2,33.45,34.0,793028
2017-04-10,33.1,33.1,33.95,33.05,33.5,832600
2017-04-11,32.25,32.25,33.1,32.1,33.0,1510408
2017-04-12,31.55,31.55,32.25,31.15,32.25,1323711
2017-04-13,31.9,31.9,32.15,31.6,31.8,616578
2017-04-14,30.75,30.75,31.75,30.75,31.75,1480015
2017-04-17,30.4,30.4,31.35,30.1,30.8,833366
2017-04-18,30.95,30.95,31.0,30.5,30.7,667991
2017-04-19,30.4,30.4,30.8,30.35,30.8,522810
2017-04-21,30.9,30.9,31.15,30.8,30.9,576069
2017-04-24,30.6,30.6,31.2,30.4,31.0,485114
2017-04-25,30.7,30.7,31.0,30.6,30.8,348229
2017-04-26,31.35,31.35,31.6,30.85,30.85,829575
2017-04-27,31.15,31.15,31.45,31.05,31.35,316284
2017-04-28,31.05,31.05,31.55,31.05,31.2,509161
2017-05-02,31.2,31.2,31.4,31.05,31.4,437102
2017-05-03,31.0,31.0,31.1,30.8,30.8,417286
2017-05-04,31.05,31.05,31.35,30.75,30.95,576012
2017-05-05,30.85,30.85,31.05,30.8,31.0,391180
2017-05-08,30.35,30.35,30.85,30.35,30.85,538103
2017-05-09,30.05,30.05,30.45,30.0,30.4,767394
2017-05-10,30.1,30.1,30.25,29.8,30.15,609201
2017-05-11,30.0,30.0,30.45,29.95,30.35,765002
2017-05-12,30.0,30.0,30.1,29.9,30.0,431003
2017-05-15,29.85,29.85,30.1,29.85,30.1,512201
2017-05-16,30.0,30.0,30.45,29.9,29.9,504230
2017-05-17,29.8,29.8,30.05,29.8,30.0,494946
2017-05-18,29.25,29.25,29.8,29.2,29.8,935061
2017-05-19,29.4,29.4,29.6,29.3,29.3,522640
2017-05-22,29.9,29.9,30.45,29.5,29.5,931501
2017-05-23,30.05,30.05,30.35,29.95,29.95,588275
2017-05-24,30.1,30.1,30.25,29.95,30.1,381082
2017-05-25,29.95,29.95,30.15,29.7,30.0,1300166
2017-05-26,29.5,29.5,30.15,29.45,30.0,1047239
2017-05-31,29.1,29.1,29.7,29.1,29.65,706111
2017-06-01,29.35,29.35,29.5,29.0,29.0,556020
2017-06-02,30.1,30.1,30.35,29.4,29.45,1249850
2017-06-05,30.6,30.6,30.7,30.4,30.6,608604
2017-06-06,30.3,30.3,30.7,30.2,30.5,525495
2017-06-07,30.15,30.15,30.55,30.0,30.35,643053
2017-06-08,30.2,30.2,30.35,30.15,30.3,460528
2017-06-09,29.7,29.7,30.3,29.7,30.25,1855410
2017-06-12,29.55,29.55,29.75,29.5,29.75,451104
2017-06-13,29.6,29.6,29.9,29.6,29.65,3575637
2017-06-14,29.2,29.2,29.95,29.15,29.95,655442
2017-06-15,29.3,29.3,29.5,29.1,29.3,418209
2017-06-16,29.8,29.8,29.95,29.35,29.45,631649
2017-06-19,30.1,30.1,30.4,30.0,30.0,804303
2017-06-20,29.9,29.9,30.3,29.8,30.2,558199
2017-06-21,30.05,30.05,30.1,29.5,29.5,524010
2017-06-22,29.95,29.95,30.2,29.8,30.1,380893
2017-06-23,29.65,29.65,30.1,29.6,30.0,557535
2017-06-26,29.55,29.55,29.75,29.5,29.65,473103
2017-06-27,29.75,29.75,29.85,29.6,29.7,406554
2017-06-28,29.6,29.6,29.8,29.5,29.75,411300
2017-06-29,31.9,31.9,32.4,29.75,29.8,7109217
2017-06-30,33.45,33.45,33.7,31.65,32.35,10394765
2017-07-03,35.0,35.0,35.15,33.9,34.0,9555439
2017-07-04,33.2,33.2,35.9,32.9,35.4,10042218
2017-07-05,32.7,32.7,33.2,32.4,32.75,3400236
2017-07-06,32.6,32.6,33.5,32.6,33.0,2521110
2017-07-07,31.8,31.8,32.95,31.8,32.65,2010102
2017-07-10,31.85,31.85,32.85,31.85,32.85,1243301
2017-07-11,31.9,31.9,32.4,31.85,32.1,2361664
2017-07-12,30.55,30.55,30.85,30.5,30.6,1589196
2017-07-13,30.3,30.3,30.8,30.3,30.65,1034325
2017-07-14,30.15,30.15,30.4,29.95,30.35,610582
2017-07-17,31.3,31.3,31.85,30.0,30.0,2505517
2017-07-18,30.7,30.7,31.9,30.7,31.2,1941900
2017-07-19,30.9,30.9,31.3,30.8,31.0,1046007
2017-07-20,30.8,30.8,31.45,30.7,31.0,1000353
2017-07-21,30.6,30.6,30.6,30.0,30.6,1516588
2017-07-24,30.25,30.25,30.95,30.25,30.7,821500
2017-07-25,30.4,30.4,30.5,30.2,30.25,638008
2017-07-26,30.65,30.65,31.25,30.45,30.45,1631104
2017-07-27,30.55,30.55,30.95,30.55,30.85,610001
2017-07-28,30.45,30.45,30.7,30.4,30.7,439837
2017-07-31,30.4,30.4,30.45,30.1,30.45,619370
2017-08-01,30.4,30.4,30.65,30.2,30.4,578101
2017-08-02,30.25,30.25,30.65,30.2,30.6,633100
2017-08-03,30.05,30.05,30.25,30.0,30.25,664684
2017-08-04,30.15,30.15,30.2,30.05,30.1,733009
2017-08-07,30.65,30.65,30.75,30.1,30.15,1035002
2017-08-08,30.15,30.15,30.65,30.15,30.65,754342
2017-08-09,29.7,29.7,30.2,29.65,30.2,1148527
2017-08-10,29.0,29.0,29.9,29.0,29.7,1253200
2017-08-11,29.0,29.0,29.1,28.5,28.7,1142818
2017-08-14,26.8,26.8,28.95,26.8,28.75,2354980
2017-08-15,26.05,26.05,27.45,25.7,27.0,2632919
2017-08-16,27.0,27.0,27.35,26.1,26.35,1172749
2017-08-17,27.1,27.1,27.3,26.95,27.0,632112
2017-08-18,26.9,26.9,26.9,26.6,26.6,579500
2017-08-21,27.05,27.05,27.25,26.9,27.0,512019
2017-08-22,27.8,27.8,28.15,27.1,27.2,1263163
2017-08-23,27.4,27.4,28.15,27.35,28.0,580363
2017-08-24,27.7,27.7,27.9,27.45,27.5,458102
2017-08-25,27.8,27.8,27.9,27.5,27.7,453030
2017-08-28,27.75,27.75,27.95,27.55,27.8,501302
2017-08-29,29.3,29.3,30.05,27.75,27.75,3159264
2017-08-30,29.25,29.25,29.85,29.1,29.5,1258182
2017-08-31,29.05,29.05,29.75,29.05,29.25,694525
2017-09-01,29.4,29.4,29.6,29.1,29.3,719264
2017-09-04,29.2,29.2,29.65,29.15,29.6,608328
2017-09-05,29.35,29.35,29.45,29.2,29.3,493241
2017-09-06,28.75,28.75,29.4,28.4,29.35,966005
2017-09-07,28.7,28.7,29.2,28.7,28.9,663614
2017-09-08,28.95,28.95,29.45,28.65,28.65,989031
2017-09-11,28.75,28.75,29.1,28.7,29.1,724895
2017-09-12,28.75,28.75,29.2,28.75,28.95,779543
2017-09-13,29.95,29.95,31.6,29.3,29.3,3638402
2017-09-14,29.9,29.9,30.4,29.8,30.05,1080788
2017-09-15,29.85,29.85,30.1,29.75,30.0,689103
2017-09-18,29.75,29.75,30.15,29.7,29.9,686312
2017-09-19,29.15,29.15,29.9,29.1,29.75,676275
2017-09-20,29.0,29.0,29.3,28.95,29.2,479135
2017-09-21,29.0,29.0,29.2,29.0,29.2,382661
2017-09-22,28.9,28.9,29.25,28.8,29.25,540406
2017-09-25,28.0,28.0,29.25,27.9,29.25,873141
2017-09-26,27.6,27.6,28.2,27.5,27.65,822140
2017-09-27,27.55,27.55,28.0,27.55,27.6,434170
2017-09-28,27.1,27.1,27.75,27.0,27.65,669420
2017-09-29,27.1,27.1,27.3,27.0,27.2,410005
2017-10-02,27.7,27.7,27.7,27.45,27.55,332512
2017-10-03,27.9,27.9,28.2,27.7,27.8,804500
2017-10-05,28.0,28.0,28.25,27.9,27.9,368320
2017-10-06,27.85,27.85,28.25,27.85,28.1,383499
2017-10-11,28.0,28.0,28.4,27.9,28.0,729834
2017-10-12,27.9,27.9,28.1,27.85,28.05,411233
2017-10-13,27.7,27.7,27.95,27.7,27.9,432861
2017-10-16,28.65,28.65,28.8,27.75,27.8,1539754
2017-10-17,28.7,28.7,29.15,28.25,28.8,1249342
2017-10-18,29.4,29.4,29.8,28.9,29.0,1695290
2017-10-19,29.4,29.4,29.9,29.3,29.55,1095068
2017-10-20,28.1,28.1,29.3,28.1,29.3,1876423
2017-10-23,28.1,28.1,28.65,28.0,28.4,700985
2017-10-24,27.85,27.85,28.15,27.85,28.1,709220
2017-10-25,28.1,28.1,28.9,28.0,28.1,861162
2017-11-07,32.75,32.75,34.1,32.65,33.4,1565040
2017-11-08,32.5,32.5,33.0,32.5,32.75,366697
2017-11-09,31.1,31.1,32.25,31.0,32.15,1074592
2017-11-10,30.35,30.35,30.95,30.25,30.6,643007
2017-11-13,29.95,29.95,30.85,29.95,30.1,386384
2017-11-14,28.85,28.85,29.8,28.8,29.8,1020240
2017-11-15,28.75,28.75,29.15,28.65,28.85,442483
2017-11-16,28.9,28.9,29.05,28.8,28.8,314130
2017-11-17,28.85,28.85,29.35,28.85,29.0,439964
2017-11-20,28.9,28.9,29.2,28.8,28.9,253800
2017-11-21,29.1,29.1,29.3,29.0,29.2,256733
2017-11-22,28.7,28.7,29.2,28.65,28.9,517000
2017-11-23,29.6,29.6,29.8,28.9,28.9,784028
2017-11-24,29.65,29.65,29.95,29.55,29.8,390204
2017-11-27,29.7,29.7,30.05,29.65,29.95,813623
2017-11-28,29.05,29.05,29.9,29.05,29.7,358546
2017-11-29,29.1,29.1,29.85,29.05,29.15,620074
2017-11-30,28.7,28.7,29.45,28.7,29.45,382631
2017-12-01,28.3,28.3,28.95,28.3,28.8,479880
2017-12-04,28.2,28.2,28.6,28.1,28.6,224045
2017-12-05,28.0,28.0,28.2,27.9,28.2,292841
2017-12-06,27.35,27.35,28.2,27.25,28.0,580608
2017-12-07,26.7,26.7,27.5,26.5,27.35,653071
2017-12-08,26.85,26.85,26.95,26.25,26.85,343603
2017-12-11,27.15,27.15,27.4,26.85,26.85,251536
2017-12-12,27.05,27.05,27.55,27.05,27.55,146333
2017-12-13,27.05,27.05,27.25,27.0,27.05,122860
2017-12-14,27.0,27.0,27.25,26.95,27.05,207500
2017-12-15,27.45,27.45,27.45,26.55,27.0,347001
2017-12-18,27.05,27.05,27.45,27.05,27.3,249702
2017-12-19,27.0,27.0,27.35,27.0,27.1,204603
2017-12-20,26.95,26.95,27.15,26.95,27.1,196500
2017-12-21,27.2,27.2,27.2,26.95,27.0,244848
2017-12-22,27.2,27.2,27.3,27.05,27.3,236587
2017-12-25,27.25,27.25,27.55,27.1,27.15,330419
2017-12-26,26.7,26.7,27.45,26.7,27.45,362400
2017-12-27,26.65,26.65,26.9,26.6,26.7,265651
2017-12-28,26.8,26.8,26.95,26.75,26.85,170200
2017-12-29,26.9,26.9,27.0,26.8,26.95,76130
2018-01-02,26.8,26.8,26.95,26.65,26.9,167600
2018-01-03,27.3,27.3,27.45,27.0,27.2,519542
2018-01-04,28.05,28.05,28.15,27.55,27.8,615786
2018-01-05,27.7,27.7,28.2,27.7,28.2,413391
2018-01-08,27.4,27.4,27.95,27.4,27.8,260326
2018-01-09,27.2,27.2,27.45,26.9,27.3,290578
2018-01-10,26.85,26.85,27.3,26.85,27.3,232000
2018-01-11,26.75,26.75,26.95,26.65,26.85,308862
2018-01-12,27.2,27.2,27.2,26.85,26.85,171800
2018-01-15,27.0,27.0,27.3,26.8,27.3,414521
2018-01-16,27.4,27.4,27.6,27.0,27.05,469933
2018-01-17,27.35,27.35,27.4,27.15,27.4,209800
2018-01-18,27.25,27.25,27.65,27.15,27.5,322748
2018-01-19,27.15,27.15,27.35,27.15,27.35,184160
2018-01-22,26.95,26.95,27.1,26.9,27.1,332563
2018-01-23,27.0,27.0,27.35,26.85,27.15,462715
2018-01-24,26.85,26.85,27.0,26.8,27.0,349390
2018-01-25,27.05,27.05,27.3,26.95,26.95,349175
2018-01-26,26.9,26.9,27.2,26.9,27.05,251400
2018-01-29,26.95,26.95,27.2,26.95,27.2,177846
2018-01-30,26.75,26.75,27.0,26.75,27.0,395542
2018-01-31,26.7,26.7,26.8,26.6,26.8,268656
2018-02-01,26.65,26.65,26.95,26.65,26.75,208213
2018-02-02,26.4,26.4,26.7,26.4,26.6,386807
2018-02-05,25.8,25.8,26.05,25.7,26.0,550416
2018-02-06,23.3,23.3,25.4,23.25,25.4,1390000
2018-02-07,23.35,23.35,23.9,23.35,23.75,647197
2018-02-08,23.15,23.15,23.65,23.05,23.45,487100
2018-02-09,21.75,21.75,21.9,21.05,21.5,904279
2018-02-12,21.85,21.85,22.0,21.6,21.95,400344
2018-02-21,22.4,22.4,22.55,22.0,22.0,485117
2018-02-22,24.25,24.25,24.55,22.05,22.4,932747
2018-02-23,24.3,24.3,24.7,24.1,24.45,518300
2018-02-26,24.6,24.6,24.95,24.3,24.95,321300
2018-02-27,24.25,24.25,24.95,24.25,24.8,242165
2018-03-01,24.0,24.0,24.15,23.9,24.0,191469
2018-03-02,24.6,24.6,24.8,23.8,23.9,275685
2018-03-05,24.6,24.6,25.45,24.6,24.8,623407
2018-03-06,24.55,24.55,25.15,24.55,25.0,200325
2018-03-07,24.35,24.35,24.8,24.35,24.8,173442
2018-03-08,24.3,24.3,24.6,24.15,24.4,266700
2018-03-09,24.45,24.45,24.5,24.25,24.35,133438
2018-03-12,24.35,24.35,24.6,24.25,24.6,293400
2018-03-13,24.3,24.3,24.45,24.3,24.4,143579
2018-03-14,24.85,24.85,25.3,24.3,24.3,681413
2018-03-15,24.5,24.5,25.15,24.4,24.9,347508
2018-03-16,24.15,24.15,24.75,24.1,24.5,314920
2018-03-19,24.2,24.2,24.4,24.1,24.25,190577
2018-03-20,24.2,24.2,24.3,24.1,24.3,136482
2018-03-21,24.1,24.1,24.3,24.1,24.25,260639
2018-03-22,23.85,23.85,24.3,23.85,24.2,271062
2018-03-23,23.4,23.4,23.7,23.3,23.7,279400
2018-03-26,23.5,23.5,24.0,23.4,23.7,275078
2018-03-27,23.65,23.65,23.8,23.45,23.75,246575
2018-03-28,23.5,23.5,23.65,23.45,23.65,144775
2018-03-29,23.35,23.35,23.6,23.25,23.5,311257
2018-03-30,23.25,23.25,23.45,23.15,23.35,257240
2018-04-02,23.3,23.3,23.35,22.9,23.05,273897
2018-04-03,23.05,23.05,23.25,23.0,23.0,160618
2018-04-09,22.75,22.75,23.05,22.55,23.05,267292
2018-04-10,22.6,22.6,22.9,22.55,22.7,228066
2018-04-11,22.75,22.75,22.8,22.45,22.65,287784
2018-04-12,22.8,22.8,22.9,22.4,22.75,432007
2018-04-13,24.1,24.1,24.6,22.8,22.95,1399856
2018-04-16,24.0,24.0,24.6,24.0,24.25,526000
2018-04-17,23.2,23.2,24.15,23.2,24.15,235523
2018-04-18,23.5,23.5,23.9,23.15,23.4,289800
2018-04-19,23.65,23.65,23.9,23.25,23.5,260000
2018-04-20,23.5,23.5,23.7,23.3,23.65,131055
2018-04-23,23.15,23.15,23.55,23.15,23.4,257468
2018-04-24,22.55,22.55,23.3,22.5,23.15,331376
2018-04-25,22.6,22.6,22.7,22.4,22.55,184567
2018-04-26,22.1,22.1,23.25,22.05,23.25,249787
2018-04-27,21.85,21.85,22.4,21.85,22.3,437183
2018-04-30,21.95,21.95,22.15,21.8,21.9,110397
2018-05-02,22.15,22.15,22.2,22.0,22.05,99208
2018-05-03,21.95,21.95,22.25,21.8,22.2,156561
2018-05-04,22.05,22.05,22.15,21.9,21.95,239312
2018-05-07,21.95,21.95,22.25,21.95,22.25,139154
2018-05-08,22.7,22.7,22.95,22.0,22.2,878674
2018-05-09,22.55,22.55,22.8,22.25,22.7,337400
2018-05-10,22.3,22.3,22.5,22.3,22.5,116258
2018-05-11,22.1,22.1,22.55,22.05,22.55,239200
2018-05-14,20.8,20.8,21.6,20.75,21.6,1500919
2018-05-15,20.8,20.8,21.3,20.7,20.8,391520
2018-05-16,20.85,20.85,21.1,20.8,20.85,255376
2018-05-17,20.75,20.75,20.9,20.7,20.85,157614
2018-05-18,20.5,20.5,20.75,20.5,20.7,333299
2018-05-21,20.55,20.55,20.8,20.4,20.5,230805
2018-05-22,20.6,20.6,20.9,20.5,20.7,216652
2018-05-23,21.7,21.7,22.15,20.5,20.65,1266596
2018-05-24,21.3,21.3,21.65,21.05,21.5,443400
2018-05-25,21.3,21.3,21.55,21.1,21.3,211148
2018-05-28,21.7,21.7,22.5,21.1,21.25,1063097
2018-05-29,21.65,21.65,22.15,21.6,21.7,455948
2018-05-30,21.4,21.4,21.65,21.4,21.6,217800
2018-05-31,21.4,21.4,21.6,21.4,21.6,203400
2018-06-01,21.85,21.85,22.0,21.5,21.65,225387
2018-06-04,22.0,22.0,22.1,21.8,22.0,255141
2018-06-05,22.05,22.05,22.4,22.0,22.2,354208
2018-06-06,23.2,23.2,23.45,22.2,22.45,2164328
2018-06-07,22.85,22.85,23.6,22.75,23.5,582565
2018-06-08,22.65,22.65,23.0,22.65,23.0,261081
2018-06-11,22.2,22.2,22.6,22.1,22.6,387120
2018-06-12,22.3,22.3,22.4,22.05,22.1,284352
2018-06-13,22.45,22.45,22.5,22.3,22.35,198200
2018-06-14,22.55,22.55,23.5,22.35,22.45,829562
2018-06-15,22.9,22.9,22.9,22.3,22.7,321601
2018-06-19,22.5,22.5,23.3,22.35,22.7,532776
2018-06-20,22.4,22.4,22.6,22.25,22.5,202700
2018-06-21,22.0,22.0,22.65,22.0,22.5,352300
2018-06-22,21.8,21.8,22.25,21.8,22.1,197100
2018-06-25,21.5,21.5,21.85,21.5,21.85,188660
2018-06-26,21.2,21.2,21.45,21.1,21.45,158835
2018-06-27,21.05,21.05,21.45,20.85,21.25,285399
2018-06-28,20.8,20.8,21.3,20.75,21.3,235100
2018-06-29,21.1,21.1,21.3,20.85,21.0,144303
2018-07-02,20.85,20.85,21.2,20.75,21.2,163200
2018-07-03,20.25,20.25,20.85,20.25,20.85,328654
2018-07-04,20.2,20.2,20.4,20.2,20.3,386213
2018-07-05,20.0,20.0,20.15,19.7,19.7,265805
2018-07-06,20.0,20.0,21.3,19.8,20.25,907067
2018-07-09,19.8,19.8,20.25,19.8,20.15,148476
2018-07-10,19.85,19.85,20.1,19.7,19.75,872854
2018-07-11,19.9,19.9,20.0,19.8,19.85,185100
2018-07-12,19.8,19.8,20.0,19.75,19.75,151874
2018-07-13,19.95,19.95,20.0,19.8,20.0,119800
2018-07-16,20.1,20.1,20.65,19.9,20.0,621800
2018-07-17,19.95,19.95,20.3,19.9,20.1,115864
2018-07-18,19.8,19.8,20.1,19.75,20.1,329801
2018-07-19,20.0,20.0,20.15,19.85,19.85,232413
2018-07-20,20.05,20.05,20.25,19.9,20.05,192705
2018-07-23,19.9,19.9,20.1,19.9,19.9,115600
2018-07-24,19.75,19.75,20.05,19.75,19.95,434801
2018-07-25,19.6,19.6,19.95,19.6,19.8,272814
2018-07-26,19.5,19.5,19.7,19.45,19.7,304801
2018-07-27,19.55,19.55,19.6,19.5,19.5,235524
2018-07-30,19.3,19.3,19.6,19.3,19.6,329100
2018-07-31,19.25,19.25,19.45,19.25,19.4,206913
2018-08-01,19.35,19.35,19.55,19.3,19.55,187400
2018-08-02,19.35,19.35,19.45,19.3,19.4,126801
2018-08-03,19.35,19.35,19.85,19.3,19.4,2656600
2018-08-06,19.4,19.4,19.65,19.4,19.4,256013
2018-08-07,19.4,19.4,19.6,19.35,19.6,200760
2018-08-08,19.35,19.35,19.45,19.3,19.45,216900
2018-08-09,19.2,19.2,19.4,19.15,19.4,281452
2018-08-10,18.2,18.2,19.1,18.05,19.1,1103747
2018-08-13,16.85,16.85,18.0,16.8,18.0,939209
2018-08-14,17.2,17.2,17.35,16.55,17.0,415191
2018-08-15,16.9,16.9,17.25,16.8,17.2,283999
2018-08-16,16.65,16.65,16.9,16.5,16.55,252565
2018-08-17,16.8,16.8,17.0,16.75,16.85,153080
2018-08-20,16.65,16.65,16.95,16.6,16.8,245000
2018-08-21,16.7,16.7,16.85,16.6,16.6,163402
2018-08-22,17.25,17.25,17.5,16.65,16.85,438800
2018-08-23,17.1,17.1,17.45,17.0,17.45,217126
2018-08-24,17.1,17.1,17.2,17.0,17.2,140400
2018-08-27,17.3,17.3,17.35,17.1,17.1,109300
2018-08-28,17.5,17.5,17.7,17.3,17.3,284840
2018-08-29,17.4,17.4,17.6,17.35,17.6,142464
2018-08-30,17.35,17.35,17.6,17.25,17.6,105200
2018-08-31,17.15,17.15,17.4,17.15,17.35,168200
2018-09-03,17.0,17.0,17.3,17.0,17.25,281402
2018-09-04,17.15,17.15,17.2,17.0,17.05,109559
2018-09-05,17.35,17.35,17.5,17.1,17.15,311679
2018-09-06,17.75,17.75,17.85,17.3,17.3,434400
2018-09-07,17.1,17.1,17.7,17.1,17.7,380600
2018-09-10,16.5,16.5,17.2,16.45,17.15,421054
2018-09-11,16.6,16.6,16.85,16.45,16.5,216437
2018-09-12,16.4,16.4,16.8,16.3,16.65,240370
2018-09-13,16.55,16.55,16.65,16.35,16.5,188268
2018-09-14,16.55,16.55,16.7,16.5,16.55,240728
2018-09-17,16.45,16.45,16.55,16.35,16.4,184113
2018-09-18,16.55,16.55,16.75,16.45,16.5,225652
2018-09-19,16.7,16.7,16.75,16.6,16.7,184933
2018-09-20,16.6,16.6,16.8,16.5,16.8,131593
2018-09-21,16.5,16.5,16.7,16.5,16.6,181177
2018-09-25,16.5,16.5,16.65,16.5,16.55,67804
2018-09-26,16.5,16.5,16.65,16.5,16.6,126003
2018-09-27,16.45,16.45,16.65,16.45,16.55,178894
2018-09-28,16.6,16.6,16.6,16.4,16.5,149016
2018-10-01,16.9,16.9,17.05,16.55,16.65,216483
2018-10-02,18.0,18.0,18.2,16.95,17.0,1915522
2018-10-03,19.3,19.3,19.5,18.4,18.5,3525789
2018-10-04,19.25,19.25,19.25,18.75,19.1,1242589
2018-10-05,18.3,18.3,19.25,18.0,19.25,1096686
2018-10-08,17.8,17.8,18.4,17.6,18.4,473600
2018-10-09,17.8,17.8,18.1,17.6,17.8,317935
2018-10-11,16.05,16.05,16.95,16.05,16.5,1122378
2018-10-12,15.9,15.9,16.1,15.05,15.1,526461
2018-10-15,15.9,15.9,16.15,15.7,15.9,201069
2018-10-16,16.0,16.0,16.15,15.75,15.75,141420
2018-10-17,15.85,15.85,16.65,15.85,16.1,305576
2018-10-18,15.8,15.8,16.05,15.7,16.0,110600
2018-10-19,15.45,15.45,15.65,15.25,15.65,178185
2018-10-22,15.5,15.5,15.65,15.15,15.25,178087
2018-10-23,15.1,15.1,15.4,15.05,15.4,185819
2018-10-24,15.4,15.4,15.5,15.05,15.1,435341
2018-10-25,14.35,14.35,15.2,14.35,14.35,427826
2018-10-26,14.2,14.2,14.6,14.15,14.6,216463
2018-10-29,14.05,14.05,14.45,14.05,14.2,592511
2018-10-30,14.15,14.15,14.2,14.0,14.05,202031
2018-10-31,14.45,14.45,14.55,14.2,14.2,246000
2018-11-01,14.75,14.75,14.85,14.5,14.5,303102
2018-11-02,14.7,14.7,14.9,14.4,14.4,217216
2018-11-05,14.6,14.6,14.75,14.5,14.7,88806
2018-11-06,14.35,14.35,14.8,14.3,14.8,186971
2018-11-07,14.5,14.5,14.75,14.4,14.4,192200
2018-11-08,14.7,14.7,15.15,14.55,14.55,664723
2018-11-09,14.6,14.6,14.8,14.4,14.8,125261
2018-11-12,14.6,14.6,14.65,14.4,14.4,103800
2018-11-13,14.7,14.7,14.7,14.05,14.4,176600
2018-11-14,14.65,14.65,14.8,14.55,14.7,83201
2018-11-15,15.1,15.1,15.1,14.7,14.7,260000
2018-11-16,15.0,15.0,15.2,14.9,15.2,153665
2018-11-19,15.2,15.2,15.35,15.0,15.0,85800
2018-11-20,14.85,14.85,15.2,14.75,15.2,157905
2018-11-21,14.95,14.95,14.95,14.75,14.75,66264
2018-11-22,14.85,14.85,15.1,14.85,14.95,84805
2018-11-23,14.7,14.7,14.9,14.7,14.85,45885
2018-11-26,14.95,14.95,15.25,14.95,15.25,174600
2018-11-27,15.0,15.0,15.0,14.9,15.0,85737
2018-11-28,15.25,15.25,15.3,15.0,15.1,205591
2018-11-29,15.35,15.35,15.6,15.35,15.4,275300
2018-11-30,15.35,15.35,15.45,15.2,15.35,145000
2018-12-03,15.6,15.6,15.8,15.45,15.45,334239
2018-12-04,16.2,16.2,16.75,15.65,15.95,658608
2018-12-05,16.0,16.0,16.4,15.9,16.3,360769
2018-12-06,15.5,15.5,16.0,15.45,16.0,375002
2018-12-07,15.6,15.6,15.75,15.45,15.5,193666
2018-12-10,15.4,15.4,15.55,15.25,15.35,102687
2018-12-11,15.55,15.55,15.55,15.4,15.4,94766
2018-12-12,16.15,16.15,16.6,15.75,15.75,307200
2018-12-13,15.75,15.75,16.2,15.75,16.15,222800
2018-12-14,15.25,15.25,15.75,15.05,15.75,300000
2018-12-17,15.0,15.0,15.25,14.9,15.15,252850
2018-12-18,14.85,14.85,15.2,14.85,14.9,624401
2018-12-19,15.0,15.0,15.1,14.95,15.05,111501
2018-12-20,14.65,14.65,15.0,14.6,15.0,217196
2018-12-21,14.5,14.5,14.7,14.35,14.35,131508
2018-12-24,14.75,14.75,14.75,14.5,14.5,71025
2018-12-25,14.55,14.55,14.65,14.35,14.65,64497
2018-12-26,14.5,14.5,14.7,14.5,14.65,60008
2018-12-27,14.65,14.65,14.8,14.55,14.7,90200
2018-12-28,14.6,14.6,14.65,14.5,14.55,75800
2019-01-02,14.45,14.45,14.75,14.45,14.7,120809
2019-01-03,14.45,14.45,14.65,14.45,14.45,81404
2019-01-04,14.45,14.45,14.55,14.35,14.4,123709
2019-01-07,15.05,15.05,15.8,14.7,14.7,809798
2019-01-08,14.85,14.85,15.2,14.8,15.2,181000
2019-01-09,14.85,14.85,15.0,14.85,15.0,145282
2019-01-10,14.9,14.9,14.9,14.65,14.85,174600
2019-01-11,14.75,14.75,14.9,14.75,14.8,116500
2019-01-14,14.7,14.7,14.9,14.7,14.8,77657
2019-01-15,14.95,14.95,15.25,14.7,14.7,556820
2019-01-16,15.15,15.15,15.15,14.95,14.95,155888
2019-01-17,15.0,15.0,15.25,15.0,15.15,196039
2019-01-18,15.05,15.05,15.3,15.0,15.0,255400
2019-01-21,15.25,15.25,15.5,15.05,15.1,688655
2019-01-22,15.05,15.05,15.3,15.05,15.25,203424
2019-01-23,15.1,15.1,15.2,15.05,15.1,98433
2019-01-24,14.95,14.95,15.2,14.95,15.15,194389
2019-01-25,16.0,16.0,16.4,15.0,15.1,7390089
2019-01-28,15.8,15.8,16.0,15.45,15.8,1013618
2019-01-29,15.6,15.6,15.8,15.55,15.8,308247
2019-01-30,15.5,15.5,15.75,15.5,15.75,327444
2019-02-11,15.4,15.4,15.75,15.3,15.6,294705
2019-02-12,15.45,15.45,15.5,15.35,15.35,272028
2019-02-13,15.5,15.5,15.65,15.4,15.5,356122
2019-02-14,15.85,15.85,16.05,15.5,15.5,926841
2019-02-15,15.5,15.5,15.9,15.5,15.9,388570
2019-02-18,15.75,15.75,15.85,15.55,15.6,305200
2019-02-19,16.2,16.2,16.45,15.8,15.8,1581507
2019-02-20,17.8,17.8,17.8,16.35,16.4,4525850
2019-02-21,17.95,17.95,18.45,17.5,18.0,3722999
2019-02-22,17.6,17.6,18.1,17.5,17.95,901436
2019-02-25,17.8,17.8,18.05,17.65,17.75,727046
2019-02-26,17.7,17.7,18.35,17.65,17.85,848049
2019-02-27,17.1,17.1,17.8,17.0,17.8,755901
2019-03-04,16.8,16.8,17.15,16.7,17.15,669346
2019-03-05,16.7,16.7,16.95,16.7,16.9,339869
2019-03-06,16.8,16.8,17.2,16.75,16.8,397830
2019-03-07,16.9,16.9,16.9,16.7,16.9,369642
2019-03-08,16.75,16.75,16.9,16.55,16.85,250400
2019-03-11,16.8,16.8,16.9,16.6,16.75,403241
2019-03-12,16.8,16.8,17.05,16.75,16.95,481284
2019-03-13,17.35,17.35,17.75,16.9,17.0,1046235
2019-03-14,17.05,17.05,17.65,17.05,17.45,610060
2019-03-15,16.95,16.95,17.25,16.95,17.2,374143
2019-03-18,17.05,17.05,17.2,17.0,17.15,269515
2019-03-19,17.2,17.2,17.2,16.95,17.15,355053
2019-03-20,17.15,17.15,17.6,17.15,17.3,707401
2019-03-21,17.05,17.05,17.15,17.0,17.15,446269
2019-03-22,16.6,16.6,17.1,16.55,17.0,771385
2019-03-25,16.2,16.2,16.3,16.05,16.2,431140
2019-03-26,16.2,16.2,16.5,16.2,16.2,297400
2019-03-27,16.2,16.2,16.3,16.15,16.2,212880
2019-03-28,16.4,16.4,16.7,16.2,16.2,413004
2019-03-29,16.25,16.25,16.4,16.25,16.4,125300
2019-04-01,16.25,16.25,16.45,16.25,16.35,305300
2019-04-02,16.3,16.3,16.35,16.0,16.35,374426
2019-04-03,16.15,16.15,16.45,16.1,16.3,255900
2019-04-08,16.45,16.45,16.6,16.2,16.2,256000
2019-04-09,16.6,16.6,16.65,16.4,16.45,257133
2019-04-10,16.35,16.35,16.6,16.25,16.6,285900
2019-04-11,16.25,16.25,16.5,16.2,16.35,183790
2019-04-12,16.1,16.1,16.45,16.1,16.45,245800
2019-04-15,16.25,16.25,16.4,16.15,16.3,211247
2019-04-16,16.8,16.8,17.0,16.25,16.4,721106
2019-04-17,16.75,16.75,17.4,16.75,17.0,540059
2019-04-18,16.35,16.35,16.8,16.3,16.8,463029
2019-04-19,16.5,16.5,16.6,16.35,16.4,241903
2019-04-22,16.5,16.5,16.6,16.4,16.55,279201
2019-04-23,16.4,16.4,16.6,16.35,16.55,232602
2019-04-24,16.35,16.35,16.45,16.3,16.4,136473
2019-04-25,16.6,16.6,16.65,16.35,16.4,384800
2019-04-26,16.1,16.1,16.7,16.1,16.6,480607
2019-04-29,15.8,15.8,16.35,15.7,16.2,416005
2019-04-30,15.85,15.85,16.0,15.8,16.0,117876
2019-05-02,16.0,16.0,16.15,15.85,15.85,241292
2019-05-03,15.95,15.95,16.05,15.85,15.9,147361
2019-05-06,15.6,15.6,15.95,15.5,15.95,356909
2019-05-07,15.6,15.6,15.75,15.6,15.65,152640
2019-05-08,15.35,15.35,15.55,15.3,15.55,310876
2019-05-09,14.8,14.8,15.2,14.65,15.2,699139
2019-05-10,14.7,14.7,15.1,14.6,14.8,277650
2019-05-13,14.5,14.5,14.7,14.35,14.55,290001
2019-05-14,14.7,14.7,14.7,14.1,14.3,254481
2019-05-15,14.6,14.6,14.8,14.5,14.8,162201
2019-05-16,14.2,14.2,14.6,14.2,14.6,212801
2019-05-17,14.15,14.15,14.4,14.15,14.35,214200
2019-05-20,13.75,13.75,14.2,13.75,14.05,348204
2019-05-21,14.1,14.1,14.1,13.65,13.65,263268
2019-05-22,14.0,14.0,14.1,13.95,14.1,133737
2019-05-23,13.35,13.35,14.0,13.3,14.0,472766
2019-05-24,13.35,13.35,13.55,13.25,13.35,224602
2019-05-27,13.35,13.35,13.55,13.2,13.55,305888
2019-05-28,13.4,13.4,13.4,13.2,13.2,118161
2019-05-29,13.4,13.4,13.4,13.2,13.2,117421
2019-05-30,13.8,13.8,13.8,13.4,13.4,290206
2019-05-31,13.7,13.7,13.85,13.65,13.8,107250
2019-06-03,13.5,13.5,13.7,13.4,13.7,247612
2019-06-04,13.45,13.45,13.6,13.45,13.55,97740
2019-06-05,13.5,13.5,13.65,13.45,13.6,92200
2019-06-06,13.35,13.35,13.5,13.35,13.5,90850
2019-06-10,13.3,13.3,13.45,13.2,13.45,162802
2019-06-11,13.35,13.35,13.4,13.25,13.3,201800
2019-06-12,13.4,13.4,13.5,13.3,13.4,172400
2019-06-13,13.55,13.55,13.65,13.4,13.4,264033
2019-06-14,13.65,13.65,13.65,13.55,13.6,92408
2019-06-17,13.65,13.65,13.75,13.6,13.7,165696
2019-06-18,13.65,13.65,13.7,13.6,13.65,163761
2019-06-19,13.8,13.8,13.9,13.7,13.75,262366
2019-06-20,13.8,13.8,13.85,13.65,13.8,144955
2019-06-21,13.9,13.9,13.9,13.75,13.9,150100
2019-06-24,14.05,14.05,14.3,13.85,13.9,381726
2019-06-25,13.8,13.8,14.45,13.8,14.15,318324
2019-06-26,13.75,13.75,13.9,13.75,13.9,82501
2019-06-27,13.9,13.9,13.9,13.8,13.9,76000
2019-06-28,13.7,13.7,13.9,13.7,13.9,78000
2019-07-01,13.8,13.8,13.95,13.75,13.85,131882
2019-07-02,13.85,13.85,13.9,13.75,13.8,79517
2019-07-03,13.7,13.7,13.85,13.7,13.85,144479
2019-07-04,14.0,14.0,14.0,13.7,13.7,225605
2019-07-05,13.95,13.95,14.3,13.95,14.0,206200
2019-07-08,13.8,13.8,13.9,13.75,13.85,158605
2019-07-09,13.65,13.65,13.75,13.65,13.75,109332
2019-07-10,13.65,13.65,13.75,13.6,13.7,126752
2019-07-11,13.7,13.7,13.9,13.65,13.65,122000
2019-07-12,13.9,13.9,13.9,13.7,13.7,244600
2019-07-15,13.85,13.85,14.1,13.8,13.9,185645
2019-07-16,13.8,13.8,13.95,13.75,13.95,222096
2019-07-17,14.15,14.15,14.15,13.75,13.85,307834
2019-07-18,15.55,15.55,15.55,14.15,14.15,5772439
2019-07-19,15.3,15.3,16.25,15.2,15.6,4656200
2019-07-22,15.1,15.1,15.7,15.05,15.25,1240240
2019-07-23,15.35,15.35,15.35,14.9,15.2,1024339
2019-07-24,15.1,15.1,15.4,15.1,15.4,799417
2019-07-25,15.0,15.0,15.25,15.0,15.15,458370
2019-07-26,15.15,15.15,15.45,14.9,15.0,761788
2019-07-29,15.1,15.1,15.3,15.05,15.05,339200
2019-07-30,14.7,14.7,15.1,14.65,15.05,630801
2019-07-31,14.65,14.65,14.85,14.6,14.7,189123
2019-08-01,14.7,14.7,15.15,14.6,14.65,517200
2019-08-02,14.45,14.45,14.75,14.45,14.65,401701
2019-08-05,14.1,14.1,14.5,14.1,14.45,416055
2019-08-06,14.35,14.35,14.5,13.6,13.75,3171600
2019-08-07,13.8,13.8,14.6,13.8,14.5,619608
2019-08-08,13.9,13.9,14.0,13.7,13.8,388000
2019-08-12,13.9,13.9,14.2,13.8,13.8,1011215
2019-08-13,13.8,13.8,13.95,13.75,13.8,174351
2019-08-14,13.75,13.75,14.2,13.75,14.2,191102
2019-08-15,13.7,13.7,13.75,13.55,13.65,206441
2019-08-16,13.85,13.85,13.85,13.7,13.7,125101
2019-08-19,14.05,14.05,14.2,13.9,14.2,194897
2019-08-20,14.05,14.05,14.4,14.0,14.05,790802
2019-08-21,14.1,14.1,14.25,14.0,14.15,270800
2019-08-22,14.15,14.15,14.3,14.05,14.1,201800
2019-08-23,14.05,14.05,14.15,14.0,14.15,161000
2019-08-26,13.75,13.75,14.0,13.75,13.9,260112
2019-08-27,13.85,13.85,13.9,13.8,13.8,214202
2019-08-28,13.7,13.7,13.95,13.7,13.85,237802
2019-08-29,13.6,13.6,13.85,13.55,13.85,284890
2019-08-30,13.85,13.85,14.15,13.75,13.75,302421
2019-09-02,13.85,13.85,13.95,13.8,13.9,191383
2019-09-03,13.8,13.8,13.95,13.75,13.85,167217
2019-09-04,13.95,13.95,14.0,13.85,13.85,346105
2019-09-05,13.9,13.9,14.2,13.9,13.95,541272
2019-09-06,13.95,13.95,14.05,13.8,14.05,319901
2019-09-09,13.7,13.7,14.0,13.65,14.0,485988
2019-09-10,13.7,13.7,13.8,13.6,13.7,285200
2019-09-11,13.85,13.85,13.95,13.75,13.8,289921
2019-09-12,13.8,13.8,13.95,13.75,13.95,287881
2019-09-16,13.7,13.7,13.9,13.7,13.9,331599
2019-09-17,13.65,13.65,13.85,13.6,13.85,247472
2019-09-18,13.8,13.8,13.8,13.65,13.75,237625
2019-09-19,13.8,13.8,14.0,13.75,13.95,499200
2019-09-20,13.8,13.8,14.5,13.8,13.9,5925790
2019-09-23,14.05,14.05,14.1,13.85,13.85,667284
2019-09-24,14.2,14.2,14.3,14.1,14.2,466401
2019-09-25,14.05,14.05,14.4,14.05,14.3,698740
2019-09-26,14.4,14.4,14.85,14.05,14.25,1913421
2019-09-27,14.0,14.0,14.4,13.95,14.4,687400
2019-10-01,13.85,13.85,14.1,13.85,14.05,387030
2019-10-02,13.85,13.85,13.9,13.75,13.85,434252
2019-10-03,13.75,13.75,13.85,13.65,13.7,128173
2019-10-04,13.7,13.7,13.9,13.7,13.75,222000
2019-10-07,13.7,13.7,13.8,13.7,13.7,180087
2019-10-08,13.75,13.75,13.85,13.75,13.8,143269
2019-10-09,13.65,13.65,13.85,13.65,13.85,226400
2019-10-14,13.6,13.6,13.8,13.6,13.8,243239
2019-10-15,13.55,13.55,13.7,13.5,13.65,196263
2019-10-16,13.6,13.6,13.75,13.55,13.55,214200
2019-10-17,13.65,13.65,13.75,13.55,13.6,173306
2019-10-18,13.6,13.6,13.75,13.6,13.75,137094
2019-10-21,13.7,13.7,13.75,13.65,13.65,119213
2019-10-22,13.65,13.65,13.9,13.6,13.7,413502
2019-10-23,13.6,13.6,13.75,13.55,13.65,249000
2019-10-24,13.6,13.6,13.7,13.6,13.6,146214
2019-10-25,13.7,13.7,13.75,13.6,13.6,219297
2019-10-28,13.6,13.6,13.75,13.55,13.65,181850
2019-10-29,13.55,13.55,13.7,13.5,13.7,318200
2019-10-30,13.55,13.55,13.65,13.55,13.65,97600
2019-10-31,13.5,13.5,13.6,13.5,13.6,154908
2019-11-01,13.5,13.5,13.55,13.45,13.5,152050
2019-11-04,13.5,13.5,13.6,13.5,13.55,230441
2019-11-05,13.45,13.45,13.6,13.45,13.5,177500
2019-11-06,13.5,13.5,13.65,13.45,13.45,229902
2019-11-07,13.45,13.45,13.6,13.45,13.55,149760
2019-11-08,13.4,13.4,13.5,13.3,13.5,244671
2019-11-11,13.0,13.0,13.35,13.0,13.35,545201
2019-11-12,13.0,13.0,13.2,12.95,13.0,259566
2019-11-13,12.7,12.7,13.0,12.7,13.0,413807
2019-11-14,12.35,12.35,12.7,12.35,12.7,592379
2019-11-20,12.5,12.5,12.55,12.4,12.55,180264
2019-11-21,12.45,12.45,12.5,12.35,12.5,110662
2019-11-22,12.45,12.45,12.6,12.35,12.4,109326
2019-11-25,12.55,12.55,12.55,12.45,12.45,140214
2019-11-26,12.45,12.45,12.6,12.45,12.55,163199
2019-11-27,13.1,13.1,13.3,12.6,12.6,1043113
2019-11-28,13.5,13.5,13.9,13.2,13.2,1991747
2019-11-29,13.65,13.65,13.75,13.45,13.5,866494
2019-12-02,13.45,13.45,13.75,13.35,13.65,470759
2019-12-03,13.65,13.65,13.85,13.35,13.4,558339
2019-12-04,13.75,13.75,14.1,13.65,13.65,1181846
2019-12-05,13.7,13.7,13.9,13.6,13.85,308818
2019-12-06,13.4,13.4,13.7,13.4,13.65,446800
2019-12-09,13.35,13.35,13.45,13.3,13.4,198000
2019-12-10,13.35,13.35,13.45,13.3,13.45,220292
2019-12-11,13.4,13.4,13.65,13.4,13.45,282598
2019-12-12,13.35,13.35,13.5,13.25,13.5,291751
2019-12-13,13.25,13.25,13.35,13.2,13.35,242000
2019-12-16,13.4,13.4,13.5,13.25,13.4,181788
2019-12-17,13.45,13.45,13.6,13.35,13.35,359102
2019-12-18,14.1,14.1,14.2,13.5,13.6,1653138
2019-12-19,13.8,13.8,14.3,13.8,14.2,603800
2019-12-20,13.7,13.7,14.0,13.7,14.0,299601
2019-12-23,13.65,13.65,13.75,13.55,13.7,217821
2019-12-24,13.65,13.65,13.7,13.6,13.65,142468
2019-12-25,13.65,13.65,13.95,13.65,13.8,248700
2019-12-26,13.6,13.6,13.8,13.5,13.8,239103
2019-12-27,13.6,13.6,13.8,13.55,13.8,160298
2019-12-30,13.5,13.5,13.7,13.5,13.6,147107
2019-12-31,13.5,13.5,13.65,13.5,13.5,95000
2020-01-02,13.6,13.6,13.65,13.5,13.5,342351
2020-01-03,13.4,13.4,13.65,13.4,13.65,261801
2020-01-06,13.15,13.15,13.4,13.15,13.4,219066
2020-01-07,13.0,13.0,13.2,12.9,13.1,395475
2020-01-08,12.65,12.65,12.9,12.6,12.85,325805
2020-01-09,12.7,12.7,12.85,12.65,12.75,223885
2020-01-10,12.6,12.6,12.7,12.55,12.7,206051
2020-01-13,12.8,12.8,12.85,12.6,12.6,95041
2020-01-14,12.7,12.7,12.9,12.65,12.9,131507
2020-01-15,12.6,12.6,12.7,12.6,12.7,108200
2020-01-16,12.6,12.6,12.75,12.6,12.65,81608
2020-01-17,12.7,12.7,12.85,12.6,12.65,154233
2020-01-20,12.85,12.85,13.0,12.8,12.85,282392
2020-01-30,11.6,11.6,12.3,11.6,12.3,726309
2020-01-31,11.65,11.65,11.75,11.3,11.3,336527
2020-02-03,10.6,10.6,11.2,10.5,11.2,1376035
2020-02-04,10.9,10.9,11.05,10.8,10.8,370391
2020-02-05,11.4,11.4,11.5,10.75,10.95,649400
2020-02-06,11.25,11.25,11.55,11.2,11.4,476012
2020-02-07,11.15,11.15,11.25,11.1,11.25,173479
2020-02-10,11.15,11.15,11.2,10.95,11.0,204600
2020-02-11,11.15,11.15,11.2,11.0,11.15,136688
2020-02-12,11.3,11.3,11.4,11.15,11.15,224400
2020-02-13,11.2,11.2,11.45,11.2,11.3,391000
2020-02-14,11.25,11.25,11.35,11.15,11.15,102946
2020-02-17,12.35,12.35,12.35,11.5,11.5,839522
2020-02-18,13.55,13.55,13.55,13.3,13.5,1813247
2020-02-19,14.0,14.0,14.55,13.6,14.45,8320196
2020-02-20,13.9,13.9,14.1,13.6,13.8,1568947
2020-02-21,14.4,14.4,14.6,13.85,13.85,2792666
2020-02-24,15.8,15.8,15.8,14.15,14.35,7554458
2020-02-25,15.55,15.55,16.25,15.45,15.9,7726851
2020-02-26,16.4,16.4,17.05,15.6,15.65,12035675
2020-02-27,16.6,16.6,17.15,16.3,16.4,6656995
2020-03-02,16.05,16.05,16.65,15.8,16.6,5297422
2020-03-03,15.55,15.55,16.85,15.5,16.55,5073739
2020-03-04,15.65,15.65,16.1,15.55,16.0,4673751
2020-03-05,14.9,14.9,15.85,14.7,15.65,3701181
2020-03-06,15.55,15.55,15.65,14.7,14.8,4049298
2020-03-09,15.6,15.6,16.65,15.5,15.95,8332842
2020-03-10,15.1,15.1,15.5,14.6,15.5,3479101
2020-03-11,14.6,14.6,15.7,14.6,15.4,2370433
2020-03-12,13.6,13.6,14.5,13.15,14.35,3904790
2020-03-13,12.65,12.65,12.95,12.25,12.5,3156213
2020-03-16,12.2,12.2,13.1,12.05,12.7,2230200
2020-03-17,11.15,11.15,12.45,11.15,11.85,2239009
2020-03-18,11.0,11.0,11.7,11.0,11.35,1635733
2020-03-19,9.9,9.9,10.8,9.9,10.65,3722223
2020-03-20,10.85,10.85,10.85,10.3,10.6,1516400
2020-03-23,10.25,10.25,10.4,10.05,10.3,1114500
2020-03-24,10.55,10.55,10.9,10.45,10.55,980741
2020-03-25,11.1,11.1,11.15,10.8,11.05,1560068
2020-03-26,11.1,11.1,11.35,10.75,11.35,831311
2020-03-27,10.9,10.9,11.45,10.75,11.4,1121921
2020-03-30,10.75,10.75,10.75,10.3,10.3,505109
2020-03-31,10.55,10.55,10.95,10.5,10.9,612621
2020-04-01,10.55,10.55,10.6,10.35,10.5,361200
2020-04-07,11.6,11.6,11.6,10.8,11.0,1005969
2020-04-08,12.25,12.25,12.5,11.9,12.15,4002900
2020-04-09,11.9,11.9,12.6,11.9,12.5,1705007
2020-04-10,12.05,12.05,12.2,11.9,12.0,605436
2020-04-13,12.05,12.05,12.4,11.9,12.2,941964
2020-04-14,12.2,12.2,12.45,12.1,12.2,1182813
2020-04-15,11.95,11.95,12.35,11.85,12.35,1713800
2020-04-16,12.0,12.0,12.15,11.7,11.8,1122401
2020-04-17,11.8,11.8,12.35,11.8,12.2,1297000
2020-04-20,11.65,11.65,11.9,11.65,11.85,820994
2020-04-21,11.0,11.0,11.75,10.95,11.55,1359518
2020-04-22,11.3,11.3,11.45,10.7,10.9,1291282
2020-04-23,11.2,11.2,11.65,11.15,11.35,965201
2020-04-24,11.4,11.4,11.5,11.15,11.25,519600
2020-04-27,12.5,12.5,12.5,11.45,11.6,3853121
2020-04-28,12.75,12.75,13.6,12.7,12.9,6358225
2020-04-29,12.6,12.6,13.15,12.55,12.7,1724025
2020-05-04,12.2,12.2,12.45,12.2,12.45,926455
2020-05-05,12.35,12.35,12.6,12.25,12.35,777551
2020-05-06,12.65,12.65,13.15,12.35,12.5,2038132
2020-05-07,12.7,12.7,12.85,12.6,12.6,773840
2020-05-08,12.25,12.25,12.8,12.2,12.7,1789582
2020-05-11,12.3,12.3,12.5,12.25,12.3,587447
2020-05-12,12.65,12.65,12.8,12.1,12.4,1374600
2020-05-13,13.9,13.9,13.9,12.95,13.2,6963045
2020-05-14,13.1,13.1,14.0,13.1,14.0,6879182
2020-05-15,12.9,12.9,13.5,12.7,13.5,1680756
2020-05-18,12.95,12.95,13.15,12.7,12.9,987850
2020-05-19,13.0,13.0,13.3,12.8,13.1,978687
2020-05-20,12.8,12.8,13.15,12.75,13.0,1202656
2020-05-21,12.85,12.85,13.2,12.8,12.9,1174800
2020-05-22,13.45,13.45,14.0,13.15,13.3,6921677
2020-05-25,13.9,13.9,14.4,13.5,13.5,4903552
2020-05-26,13.6,13.6,14.1,13.55,13.8,1994000
2020-05-27,13.65,13.65,13.95,13.5,13.7,1458707
2020-05-28,13.7,13.7,14.2,13.55,13.65,3717663
2020-05-29,13.65,13.65,14.0,13.6,13.7,609910
2020-06-01,13.75,13.75,13.85,13.65,13.8,687200
2020-06-02,13.8,13.8,14.5,13.8,13.95,3639945
2020-06-03,13.8,13.8,14.1,13.7,13.85,1516665
2020-06-04,13.6,13.6,14.0,13.6,13.85,1421421
2020-06-05,13.75,13.75,13.9,13.5,13.7,1854110
2020-06-08,13.8,13.8,14.1,13.7,14.1,1032994
2020-06-09,13.7,13.7,14.1,13.7,13.9,1351606
2020-06-10,13.8,13.8,14.05,13.65,13.75,2729919
2020-06-11,13.05,13.05,13.85,12.95,13.8,1946600
2020-06-12,12.8,12.8,12.8,12.1,12.4,1306406
2020-06-15,12.8,12.8,13.2,12.6,12.8,1458002
2020-06-16,12.95,12.95,13.2,12.95,12.95,718400
2020-06-17,13.25,13.25,13.5,12.95,13.0,1870929
2020-06-18,13.25,13.25,13.45,13.2,13.25,755560
2020-06-19,13.4,13.4,13.85,13.3,13.35,2817076
2020-06-22,13.8,13.8,14.05,13.6,13.65,2204790
2020-06-23,13.65,13.65,14.05,13.55,14.0,1853334
2020-06-24,13.55,13.55,13.8,13.55,13.8,695750
2020-06-29,13.45,13.45,13.75,13.3,13.3,757122
2020-06-30,13.75,13.75,13.85,13.55,13.55,816386
2020-07-01,13.95,13.95,14.5,13.8,13.8,3896920
2020-07-02,14.2,14.2,14.25,13.9,14.05,1662514
2020-07-03,14.25,14.25,14.9,14.2,14.5,2810229
2020-07-06,15.65,15.65,15.65,14.25,14.3,5073341
2020-07-07,14.65,14.65,16.45,14.5,16.35,7717830
2020-07-08,14.55,14.55,14.95,14.45,14.65,1786821
2020-07-09,14.6,14.6,15.2,14.55,14.8,2327887
2020-07-10,14.1,14.1,14.75,14.0,14.65,1904296
2020-07-13,14.55,14.55,15.15,14.1,14.3,2876999
2020-07-14,14.25,14.25,14.75,14.25,14.75,1123565
2020-07-15,14.35,14.35,14.8,14.2,14.45,1227955
2020-07-16,14.35,14.35,14.5,14.15,14.3,637553
2020-07-17,14.3,14.3,14.7,14.15,14.45,910969
2020-07-20,14.15,14.15,14.4,13.95,14.25,1315800
2020-07-21,14.35,14.35,14.5,14.2,14.35,851920
2020-07-22,14.45,14.45,14.9,14.4,14.45,2332501
2020-07-23,14.45,14.45,14.7,14.35,14.7,673169
2020-07-24,13.9,13.9,14.6,13.9,14.6,1157150
2020-07-27,13.45,13.45,14.1,13.35,14.1,1112231
2020-07-28,13.15,13.15,13.8,13.15,13.45,1290852
2020-07-29,13.4,13.4,13.5,13.15,13.15,514869
2020-07-30,13.7,13.7,13.75,13.55,13.6,389976
2020-07-31,13.6,13.6,13.85,13.55,13.55,396488
2020-08-03,13.75,13.75,13.85,13.65,13.85,346871
2020-08-04,14.0,14.0,14.05,13.8,13.85,537918
2020-08-05,14.4,14.4,14.6,14.15,14.2,1175106
2020-08-06,14.2,14.2,14.65,14.2,14.65,824600
2020-08-07,14.35,14.35,14.4,14.2,14.25,442800
2020-08-10,14.1,14.1,14.65,14.1,14.2,1690201
2020-08-11,13.85,13.85,14.45,13.85,14.1,735880
2020-08-12,14.0,14.0,14.05,13.6,13.8,489241
2020-08-13,14.0,14.0,14.25,13.95,14.0,316508
2020-08-14,14.25,14.25,14.3,13.95,14.0,659551
2020-08-17,14.5,14.5,14.7,14.25,14.35,3917899
2020-08-18,14.3,14.3,14.7,14.3,14.7,765600
2020-08-19,14.2,14.2,14.65,14.15,14.65,557907
2020-08-20,13.05,13.05,14.15,12.95,14.0,1787622
2020-08-21,13.25,13.25,13.45,13.05,13.3,801053
2020-08-24,13.3,13.3,13.45,13.25,13.35,556901
2020-08-25,13.45,13.45,13.65,13.35,13.4,501650
2020-08-26,13.5,13.5,13.65,13.45,13.45,410160
2020-08-27,13.6,13.6,13.75,13.45,13.5,944661
2020-08-28,13.65,13.65,13.85,13.55,13.55,397336
2020-08-31,13.75,13.75,14.1,13.7,13.8,481351
2020-09-01,13.8,13.8,13.85,13.7,13.85,217337
2020-09-02,14.15,14.15,14.4,13.65,13.8,1635257
2020-09-03,14.15,14.15,14.4,14.1,14.3,609514
2020-09-04,14.35,14.35,14.85,14.15,14.2,4129249
2020-09-07,14.4,14.4,14.7,14.35,14.4,1136676
2020-09-08,14.55,14.55,14.75,14.4,14.5,1307049
2020-09-09,14.2,14.2,14.5,14.1,14.4,776801
2020-09-10,14.05,14.05,14.35,13.95,14.25,653600
2020-09-11,13.75,13.75,14.2,13.7,14.1,572499
2020-09-14,13.85,13.85,13.9,13.65,13.65,392138
2020-09-15,13.9,13.9,13.95,13.75,13.95,297487
2020-09-16,13.85,13.85,14.15,13.85,14.0,609981
2020-09-17,13.9,13.9,14.05,13.9,13.9,243863
2020-09-18,14.1,14.1,14.15,13.9,13.9,413872
2020-09-21,14.25,14.25,14.55,14.2,14.3,1071377
2020-09-22,14.9,14.9,15.3,13.9,14.25,9712754
2020-09-23,14.45,14.45,14.8,14.3,14.75,2695356
2020-09-24,13.75,13.75,14.45,13.7,14.2,1670456
2020-09-25,13.4,13.4,14.1,12.95,13.85,1611318
2020-09-28,13.6,13.6,13.8,13.35,13.6,982505
2020-09-29,13.45,13.45,13.75,13.45,13.6,426457
2020-09-30,13.6,13.6,13.6,13.45,13.45,181239
2020-10-05,13.6,13.6,13.7,13.5,13.6,370399
2020-10-06,13.75,13.75,13.9,13.65,13.7,620953
2020-10-07,13.75,13.75,14.0,13.7,13.75,1122662
2020-10-08,14.05,14.05,14.2,13.75,13.8,943916
2020-10-12,13.95,13.95,14.15,13.95,14.15,574142
2020-10-13,14.05,14.05,14.05,13.85,13.95,546477
2020-10-14,14.1,14.1,14.3,13.95,14.0,479945
2020-10-15,14.15,14.15,14.45,13.85,14.05,2182407
2020-10-16,14.0,14.0,14.25,13.9,14.1,424880
2020-10-19,14.15,14.15,14.2,14.0,14.1,458836
2020-10-20,14.15,14.15,14.25,14.05,14.15,420812
2020-10-21,14.4,14.4,14.5,14.2,14.3,1124970
2020-10-22,14.35,14.35,14.9,14.15,14.55,10637940
2020-10-23,14.05,14.05,14.4,14.05,14.35,1088931
2020-10-26,14.0,14.0,14.2,13.95,14.1,474273
2020-10-27,13.9,13.9,13.95,13.8,13.9,304977
2020-10-28,13.75,13.75,14.05,13.7,14.0,521025
2020-10-29,13.7,13.7,13.75,13.4,13.5,321956
2020-10-30,13.55,13.55,13.8,13.5,13.8,445902
2020-11-02,13.55,13.55,13.7,13.4,13.7,349148
2020-11-03,13.6,13.6,13.7,13.5,13.65,272207
2020-11-04,13.5,13.5,13.75,13.5,13.7,433023
2020-11-05,13.65,13.65,13.75,13.55,13.55,236967
2020-11-06,13.6,13.6,13.75,13.6,13.7,203829
2020-11-09,13.65,13.65,13.9,13.6,13.6,2311984
2020-11-10,13.5,13.5,13.7,13.4,13.65,799322
2020-11-11,13.6,13.6,13.7,13.4,13.5,475593
2020-11-12,13.55,13.55,13.7,13.5,13.7,287261
2020-11-13,13.55,13.55,13.6,13.4,13.55,364891
2020-11-16,13.55,13.55,13.7,13.55,13.65,319435
2020-11-17,13.6,13.6,13.65,13.5,13.6,373633
2020-11-18,13.55,13.55,13.7,13.55,13.65,472169
2020-11-19,13.85,13.85,14.05,13.55,13.55,1494190
2020-11-20,14.1,14.1,14.1,13.85,13.95,995694
2020-11-23,14.1,14.1,14.35,14.1,14.3,1445076
2020-11-24,14.1,14.1,14.3,14.0,14.3,845184
2020-11-25,14.2,14.2,14.5,14.15,14.2,1485550
2020-11-26,14.35,14.35,14.4,14.15,14.2,990918
2020-11-27,14.6,14.6,14.75,14.35,14.4,2791879
2020-11-30,14.35,14.35,14.75,14.35,14.7,1228631
2020-12-01,14.45,14.45,14.5,14.25,14.35,705404
2020-12-02,14.9,14.9,14.9,14.5,14.6,2119534
2020-12-04,14.75,14.75,14.9,14.6,14.8,1129370
2020-12-07,14.75,14.75,15.1,14.7,14.85,1485331
2020-12-08,15.05,15.05,15.2,14.8,14.8,1722938
2020-12-09,14.9,14.9,15.3,14.8,15.2,1495988
2020-12-10,14.5,14.5,14.95,14.35,14.9,1187638
2020-12-11,14.45,14.45,14.65,14.15,14.5,947789
2020-12-14,14.7,14.7,14.85,14.5,14.6,583550
2020-12-15,14.3,14.3,14.8,14.3,14.7,594037
2020-12-16,14.35,14.35,14.5,14.3,14.35,546106
2020-12-17,14.45,14.45,14.55,14.35,14.35,421797
2020-12-18,15.6,15.6,15.85,14.25,14.55,8440346
2020-12-21,15.05,15.05,15.55,14.95,15.55,3060079
2020-12-22,14.75,14.75,15.25,14.7,14.95,2038953
2020-12-23,14.85,14.85,15.05,14.5,14.7,2259445
2020-12-24,14.8,14.8,15.15,14.75,14.85,954315
2020-12-25,15.8,15.8,15.95,14.9,14.9,6395429
2020-12-28,16.8,16.8,17.0,15.5,16.0,10152789
2020-12-29,16.7,16.7,17.3,16.25,16.8,5988572
2020-12-30,17.2,17.2,17.9,16.5,16.8,6975699
2020-12-31,16.75,16.75,17.7,16.7,17.2,2924708
2021-01-04,16.7,16.7,17.15,16.65,16.85,2123892
2021-01-05,16.6,16.6,16.85,16.25,16.7,1939953
2021-01-06,15.65,15.65,16.9,15.35,16.6,3349634
2021-01-07,15.65,15.65,16.15,15.05,16.0,1455896
2021-01-08,15.2,15.2,15.9,15.2,15.7,2169884
2021-01-11,15.3,15.3,15.35,15.05,15.05,830515
2021-01-12,14.65,14.65,15.35,14.65,15.3,1759795
2021-01-13,14.9,14.9,15.2,14.75,14.9,993543
2021-01-14,15.2,15.2,15.4,14.8,14.8,1022386
2021-01-15,14.6,14.6,15.3,14.35,15.2,1896166
2021-01-18,14.4,14.4,14.6,13.95,14.6,869504
2021-01-19,14.45,14.45,14.75,14.4,14.6,509665
2021-01-20,13.85,13.85,14.65,13.85,14.5,1852740
2021-01-21,13.7,13.7,14.1,13.6,13.75,1034416
2021-01-22,14.25,14.25,14.5,13.6,13.65,1790549
2021-01-25,14.15,14.15,14.3,14.0,14.25,471999
2021-01-26,14.0,14.0,14.35,13.9,14.15,822790
2021-01-27,14.0,14.0,14.25,13.95,14.25,327409
2021-01-28,14.55,14.55,14.6,13.8,14.0,2463973
2021-01-29,13.9,13.9,14.9,13.9,14.55,3941513
2021-02-01,13.7,13.7,14.1,13.5,14.1,1081643
2021-02-02,13.75,13.75,13.95,13.75,13.8,418528
2021-02-03,14.15,14.15,14.4,13.85,13.85,4094512
2021-02-04,13.95,13.95,14.2,13.85,14.15,641203
2021-02-05,13.95,13.95,14.05,13.85,13.9,444608
2021-02-17,14.05,14.05,14.25,14.05,14.2,579070
2021-02-18,14.5,14.5,14.75,14.15,14.2,1522156
2021-02-19,15.2,15.2,15.3,14.4,14.45,1771071
2021-02-22,15.1,15.1,15.55,15.05,15.4,1173035
2021-02-23,15.8,15.8,16.25,14.9,15.1,11337813
2021-02-24,15.4,15.4,15.75,15.3,15.6,2153198
2021-02-25,15.35,15.35,15.7,15.3,15.5,943700
2021-02-26,15.35,15.35,15.4,15.0,15.05,893540
2021-03-02,15.05,15.05,15.6,15.05,15.25,778406
2021-03-03,15.2,15.2,15.35,15.0,15.15,1198642
2021-03-04,14.85,14.85,15.3,14.8,15.1,812601
2021-03-05,14.7,14.7,14.95,14.7,14.85,509153
2021-03-08,14.6,14.6,14.95,14.55,14.9,490564
2021-03-09,14.2,14.2,14.7,14.1,14.6,1043771
2021-03-10,14.35,14.35,14.45,14.3,14.3,452695
2021-03-11,14.55,14.55,14.65,14.45,14.5,369708
2021-03-12,14.65,14.65,14.75,14.5,14.65,416500
2021-03-15,15.2,15.2,15.2,14.55,14.55,869984
2021-03-16,15.2,15.2,15.45,15.05,15.1,2262559
2021-03-17,15.15,15.15,15.35,14.9,15.2,886837
2021-03-18,15.1,15.1,15.35,15.1,15.1,677691
2021-03-19,15.35,15.35,15.85,15.15,15.15,2590059
2021-03-22,15.3,15.3,15.5,15.2,15.5,898725
2021-03-23,15.3,15.3,16.1,15.3,15.45,2894815
2021-03-24,15.2,15.2,15.4,15.1,15.3,799793
2021-03-25,15.1,15.1,15.35,15.05,15.2,686362
2021-03-26,15.55,15.55,15.65,15.15,15.15,1305997
2021-03-29,16.4,16.4,16.75,15.65,15.75,7853639
2021-03-30,16.1,16.1,16.75,16.1,16.65,3098322
2021-03-31,16.55,16.55,16.7,16.1,16.2,2271658
2021-04-01,16.55,16.55,17.05,16.5,16.65,2575382
2021-04-06,16.35,16.35,16.8,16.2,16.55,1806438
2021-04-07,16.6,16.6,16.65,16.25,16.4,1507799
2021-04-08,16.8,16.8,17.4,16.5,16.75,3172682
2021-04-09,18.45,18.45,18.45,16.7,16.9,11734434
2021-04-12,20.25,20.25,20.25,19.5,19.8,15527805
2021-04-13,18.35,18.35,20.8,18.25,20.7,12764749
2021-04-14,17.4,17.4,18.75,16.8,18.35,7365593
2021-04-15,18.5,18.5,18.7,17.3,17.45,4904022
2021-04-16,18.15,18.15,18.55,17.8,18.5,3673280
2021-04-19,19.95,19.95,19.95,18.5,18.5,8485836
2021-04-20,20.15,20.15,21.0,19.65,20.7,8939334
2021-04-21,22.15,22.15,22.15,20.2,20.2,5762777
2021-04-22,24.35,24.35,24.35,24.35,24.35,2070119
2021-04-23,26.75,26.75,26.75,26.75,26.75,4190332
2021-04-26,29.4,29.4,29.4,29.4,29.4,6010440
2021-04-27,31.3,31.3,32.3,29.6,29.7,31552820
2021-04-28,34.4,34.4,34.4,31.9,31.9,13084993
2021-04-29,33.8,33.8,37.35,32.0,36.05,16924670
2021-05-03,32.8,32.8,35.2,32.8,33.8,4969909
2021-05-04,29.55,29.55,32.8,29.55,32.8,1977390
2021-05-05,29.0,29.0,29.55,27.65,27.65,5895874
2021-05-06,27.85,27.85,29.95,27.4,29.75,4232982
2021-05-07,30.6,30.6,30.6,28.4,28.5,2608428
2021-05-10,33.65,33.65,33.65,32.25,32.4,3465436
2021-05-11,30.3,30.3,32.45,30.3,32.25,3625877
2021-05-12,27.3,27.3,29.0,27.3,27.6,2795213
2021-05-13,25.7,25.7,27.3,24.7,24.7,3645160
2021-05-14,26.0,26.0,27.05,25.0,26.6,3132895
2021-05-17,23.4,23.4,25.25,23.4,23.4,6905869
2021-05-18,24.15,24.15,25.7,22.45,22.6,12613723
2021-05-19,23.0,23.0,24.6,22.5,23.0,20289754
2021-05-20,20.75,20.75,22.95,20.7,22.85,9342517
2021-05-21,22.8,22.8,22.8,21.7,21.8,3461554
2021-05-24,24.0,24.0,24.35,22.0,22.75,14678631
2021-05-25,26.4,26.4,26.4,24.15,24.55,18682532
2021-05-26,25.6,25.6,27.3,24.95,27.0,11351405
2021-05-27,25.0,25.0,26.15,24.95,25.5,4320624
2021-05-28,25.3,25.3,26.8,25.2,25.6,6661242
2021-05-31,25.1,25.1,25.65,24.5,25.6,5415940
2021-06-01,27.6,27.6,27.6,26.0,26.0,21424918
2021-06-02,30.35,30.35,30.35,28.5,29.0,22551856
2021-06-03,30.55,30.55,31.65,29.15,30.7,32261615
2021-06-04,29.5,29.5,30.3,29.3,29.9,6331268
2021-06-07,28.4,28.4,30.45,28.0,30.05,7901259
2021-06-08,29.0,29.0,30.7,28.55,28.7,9313242
2021-06-09,27.45,27.45,29.4,27.2,28.8,7415368
2021-06-10,28.25,28.25,28.35,26.5,27.45,7900886
2021-06-11,28.25,28.25,29.5,27.8,28.3,6345428
2021-06-15,31.05,31.05,31.05,28.55,28.6,21208679
2021-06-16,30.05,30.05,31.35,29.6,31.05,13721272
2021-06-17,30.1,30.1,30.85,29.25,29.25,6012654
2021-06-18,30.55,30.55,32.8,30.35,30.35,13884381
2021-06-21,28.0,28.0,30.15,27.9,29.6,10240178
2021-06-22,27.9,27.9,29.1,27.55,28.4,10340177
2021-06-23,27.3,27.3,28.55,27.3,28.2,7351557
2021-06-24,27.5,27.5,27.8,27.0,27.6,3175019
2021-06-25,27.0,27.0,27.85,27.0,27.85,3247132
2021-06-28,27.15,27.15,27.9,26.3,26.8,3227419
2021-06-29,26.5,26.5,27.7,26.5,27.5,3986067
2021-06-30,26.8,26.8,27.5,26.4,26.6,3800793
2021-07-01,26.7,26.7,27.85,26.6,27.15,2982344
2021-07-02,27.45,27.45,27.45,26.5,26.8,2732393
2021-07-05,27.95,27.95,28.8,27.75,28.3,5612224
2021-07-06,27.35,27.35,28.3,27.1,28.05,2525260
2021-07-07,26.9,26.9,27.7,26.8,27.35,2630527
2021-07-08,27.0,27.0,27.4,26.6,27.05,2691053
2021-07-09,25.65,25.65,27.1,25.65,26.9,4038694
2021-07-12,25.3,25.3,26.3,24.7,25.85,6148344
2021-07-13,23.55,23.55,25.7,23.55,25.35,5994975
2021-07-14,24.7,24.7,25.3,23.45,24.1,3869323
2021-07-15,25.45,25.45,25.55,24.35,24.7,3569368
2021-07-16,25.0,25.0,26.05,24.9,25.4,10441286
2021-07-19,25.4,25.4,25.6,24.3,24.6,1741199
2021-07-20,24.45,24.45,25.1,24.45,25.0,1392513
2021-07-21,24.75,24.75,25.9,24.6,24.65,12786303
2021-07-22,24.05,24.05,25.25,23.85,24.8,3106304
2021-07-23,24.2,24.2,24.65,24.0,24.35,1616766
2021-07-26,25.4,25.4,25.8,24.4,24.55,3362981
2021-07-27,24.85,24.85,26.6,24.85,25.95,3764907
2021-07-28,24.35,24.35,25.35,23.65,25.0,8229883
2021-07-29,24.6,24.6,24.75,24.1,24.4,1144085
2021-07-30,24.35,24.35,25.0,24.3,24.65,2603757
2021-08-02,24.75,24.75,24.9,24.0,24.35,1260989
2021-08-03,25.15,25.15,25.45,24.85,24.85,1190691
2021-08-04,25.35,25.35,26.3,25.35,25.35,2577081
2021-08-05,25.1,25.1,25.75,25.1,25.5,858098
2021-08-06,24.85,24.85,25.55,24.8,25.4,917055
2021-08-09,24.2,24.2,25.1,24.2,24.6,2522843
2021-08-10,23.6,23.6,24.45,23.5,24.4,1545192
2021-08-11,22.95,22.95,23.8,22.3,23.8,1892287
2021-08-12,23.45,23.45,23.6,22.95,23.0,1009170
2021-08-13,22.4,22.4,23.65,22.4,23.6,1016346
2021-08-16,21.65,21.65,22.6,21.1,22.2,1899348
2021-08-17,21.4,21.4,22.2,21.35,21.9,1148358
2021-08-18,22.7,22.7,22.7,20.9,20.9,12026467
2021-08-19,21.25,21.25,22.35,21.25,22.05,1802631
2021-08-20,21.2,21.2,22.05,20.95,21.3,1162509
2021-08-23,22.4,22.4,22.45,21.35,21.35,1440627
2021-08-24,22.2,22.2,23.1,22.1,22.5,1016606
2021-08-25,22.75,22.75,22.95,22.3,22.3,1067930
2021-08-26,22.85,22.85,23.1,22.6,23.1,669614
2021-08-27,22.7,22.7,23.2,22.6,22.85,657079
2021-08-30,22.7,22.7,23.0,22.65,22.85,601217
2021-08-31,23.35,23.35,23.35,22.55,22.95,859778
2021-09-01,23.55,23.55,23.8,23.3,23.4,671625
2021-09-02,22.9,22.9,23.8,22.8,23.65,708210
2021-09-03,23.8,23.8,24.15,22.9,22.9,1804779
2021-09-06,23.4,23.4,24.6,23.35,24.0,1256935
2021-09-07,22.75,22.75,23.5,22.2,23.5,1365549
2021-09-08,22.25,22.25,22.45,22.0,22.4,972703
2021-09-09,22.35,22.35,22.75,22.2,22.35,1272404
2021-09-10,22.65,22.65,22.9,22.55,22.9,628102
2021-09-13,23.45,23.45,23.8,22.65,22.75,1059352
2021-09-14,23.8,23.8,24.0,23.4,23.75,874182
2021-09-15,23.4,23.4,24.1,23.35,23.85,537119
2021-09-16,23.2,23.2,23.65,23.1,23.6,381831
2021-09-17,23.65,23.65,23.75,23.05,23.05,508117
2021-09-22,22.05,22.05,23.0,22.05,22.9,1162749
2021-09-23,22.0,22.0,22.55,21.85,22.4,649970
2021-09-24,22.2,22.2,22.45,22.1,22.1,491948
2021-09-27,22.9,22.9,23.0,22.2,22.2,945202
2021-09-28,22.35,22.35,23.1,22.25,22.9,419966
2021-09-29,21.3,21.3,22.05,21.3,21.8,1061143
2021-09-30,21.55,21.55,21.65,21.1,21.55,438426
2021-10-01,20.45,20.45,21.5,20.35,21.5,1247374
2021-10-04,19.5,19.5,21.2,19.0,20.7,1401459
2021-10-05,19.85,19.85,20.15,19.0,19.25,1062817
2021-10-06,19.5,19.5,20.25,19.45,20.25,711646
2021-10-07,20.7,20.7,21.0,19.6,19.6,911164
2021-10-08,20.6,20.6,21.25,20.45,20.55,675290
2021-10-12,19.7,19.7,20.6,19.7,20.6,725826
2021-10-13,19.7,19.7,20.05,19.3,19.95,618582
2021-10-14,19.65,19.65,20.15,19.6,19.9,444453
2021-10-15,20.0,20.0,20.4,19.85,19.95,649094
2021-10-18,20.3,20.3,20.8,19.65,20.25,918079
2021-10-19,20.85,20.85,21.15,20.5,20.8,806108
2021-10-20,20.95,20.95,21.25,20.75,20.85,362062
2021-10-21,21.2,21.2,21.75,21.0,21.1,685328
2021-10-22,21.0,21.0,21.45,20.8,21.45,319365
2021-10-25,21.4,21.4,21.55,20.75,20.75,365366
2021-10-26,21.3,21.3,21.55,21.15,21.45,519798
2021-10-27,22.2,22.2,22.35,21.3,21.3,983014
2021-10-28,22.05,22.05,23.1,21.7,22.25,1289698
2021-10-29,22.1,22.1,22.4,21.8,22.4,410137
2021-11-01,22.6,22.6,22.7,22.1,22.1,700526
2021-11-02,21.7,21.7,22.9,21.6,22.9,947742
2021-11-03,22.1,22.1,22.35,21.65,21.65,510115
2021-11-04,22.5,22.5,22.9,22.35,22.55,777847
2021-11-05,22.7,22.7,22.95,22.3,22.95,546943
2021-11-08,23.6,23.6,24.15,22.75,22.95,1804168
2021-11-09,23.65,23.65,24.6,23.25,23.8,1713944
2021-11-10,23.8,23.8,24.3,23.65,23.95,1143374
2021-11-11,26.15,26.15,26.15,24.55,24.9,6007816
2021-11-12,26.2,26.2,27.2,25.05,26.3,8646503
2021-11-15,25.5,25.5,27.15,25.35,26.4,5428373
2021-11-16,25.3,25.3,26.15,25.2,25.65,1562565
2021-11-17,25.35,25.35,25.85,24.8,25.05,1757817
2021-11-18,24.75,24.75,25.55,24.7,25.35,1491231
2021-11-19,25.8,25.8,26.0,24.8,24.9,2303643
2021-11-22,25.55,25.55,26.4,25.45,25.85,2174909
2021-11-23,24.75,24.75,25.45,24.75,25.45,1535076
2021-11-24,25.05,25.05,25.5,24.85,24.85,998698
2021-11-25,25.05,25.05,25.35,24.95,25.05,525819
2021-11-26,24.65,24.65,25.1,23.35,25.0,1726981
2021-11-29,24.15,24.15,24.85,23.6,24.0,1742380
2021-11-30,25.25,25.25,25.5,24.35,24.35,1464213
2021-12-01,25.65,25.65,25.75,24.75,25.0,1051512
2021-12-02,25.15,25.15,25.7,24.9,25.4,868389
2021-12-03,25.25,25.25,26.05,25.15,25.6,1187044
2021-12-06,25.5,25.5,25.7,25.1,25.3,760552
2021-12-07,25.05,25.05,25.8,25.05,25.5,824840
2021-12-08,25.75,25.75,25.95,25.1,25.25,1382546
2021-12-09,25.2,25.2,26.6,25.2,26.5,2244259
2021-12-10,24.85,24.85,25.35,24.8,25.3,1016299
2021-12-13,25.7,25.7,25.95,24.8,25.2,1691585
2021-12-14,24.9,24.9,25.7,24.75,25.7,1037473
2021-12-15,25.2,25.2,25.7,24.95,24.95,783102
2021-12-16,27.7,27.7,27.7,25.2,25.2,9154745
2021-12-17,28.15,28.15,28.85,26.65,27.5,23428107
2021-12-20,28.3,28.3,29.5,27.3,28.15,11269486
2021-12-21,26.9,26.9,29.4,26.9,29.0,8929976
2021-12-22,26.55,26.55,27.4,26.4,27.0,4982535
2021-12-23,26.4,26.4,27.3,26.4,26.9,2632644
2021-12-24,25.6,25.6,26.75,25.5,26.65,3567075
2021-12-27,26.2,26.2,26.45,25.65,26.0,2141179
2021-12-28,25.65,25.65,26.6,25.6,26.6,1781891
2021-12-29,26.0,26.0,26.2,25.55,25.65,1059635
2021-12-30,25.95,25.95,26.2,25.7,26.2,1001629
2022-01-03,26.05,26.05,26.4,25.65,26.0,1426283
2022-01-04,25.95,25.95,26.25,25.95,26.1,861436
2022-01-05,25.6,25.6,26.5,25.6,26.0,1512995
2022-01-06,26.3,26.3,26.85,24.95,25.3,14985553
2022-01-07,25.6,25.6,26.55,25.4,26.25,3248148
2022-01-10,25.15,25.15,25.9,25.0,25.9,1633611
2022-01-11,24.15,24.15,25.4,24.0,25.2,2421478
2022-01-12,23.7,23.7,24.6,23.5,24.3,1499814
2022-01-13,23.7,23.7,23.95,23.4,23.7,658055
2022-01-14,23.0,23.0,23.65,22.65,23.65,1309824
2022-01-17,23.9,23.9,24.0,23.0,23.15,844087
2022-01-18,23.9,23.9,24.3,23.65,23.95,645867
2022-01-19,24.0,24.0,24.15,23.65,23.7,473380
2022-01-20,23.8,23.8,24.1,23.7,24.0,382235
2022-01-21,23.15,23.15,23.75,23.0,23.75,794111
2022-01-24,22.8,22.8,23.0,22.15,23.0,936056
2022-01-25,22.35,22.35,22.75,22.3,22.7,861126
2022-01-26,22.55,22.55,23.15,22.2,22.3,1105527
2022-02-07,23.9,23.9,23.95,22.7,22.7,867920
2022-02-08,24.55,24.55,24.75,24.1,24.1,940925
2022-02-09,24.8,24.8,25.05,24.35,24.95,725463
2022-02-10,24.5,24.5,25.0,24.35,25.0,370634
2022-02-11,24.5,24.5,24.65,24.25,24.25,282144
2022-02-14,23.4,23.4,24.05,23.35,24.0,1039531
2022-02-15,23.1,23.1,23.6,22.85,23.55,1591407
2022-02-16,23.05,23.05,23.6,23.05,23.25,1065674
2022-02-17,23.15,23.15,23.55,23.0,23.2,449480
2022-02-18,23.15,23.15,23.3,22.9,22.95,438668
2022-02-21,23.3,23.3,23.35,23.0,23.1,447190
2022-02-22,23.4,23.4,23.4,22.6,23.15,1146464
2022-02-23,22.95,22.95,23.35,22.8,23.35,1088065
2022-02-24,22.55,22.55,22.8,22.1,22.8,1621875
2022-02-25,22.1,22.1,22.75,21.95,22.75,1618215
2022-03-01,22.55,22.55,22.75,22.1,22.2,758275
2022-03-02,22.8,22.8,22.85,22.5,22.55,392818
2022-03-03,22.9,22.9,23.0,22.5,22.9,344319
2022-03-04,22.4,22.4,22.8,22.3,22.75,391575
2022-03-07,21.55,21.55,22.05,21.3,22.05,926735
2022-03-08,20.9,20.9,21.75,20.7,21.0,999724
2022-03-09,21.2,21.2,21.5,20.95,20.95,655236
2022-03-10,22.1,22.1,22.25,21.6,21.6,582884
2022-03-11,22.0,22.0,22.2,21.85,22.0,246465
2022-03-14,22.6,22.6,22.85,22.05,22.2,664532
2022-03-15,22.05,22.05,22.75,22.0,22.65,575611
2022-03-16,22.0,22.0,22.45,21.85,22.35,408112
2022-03-17,22.6,22.6,22.65,22.3,22.3,425438
2022-03-18,22.95,22.95,23.3,22.55,22.6,619125
2022-03-21,22.85,22.85,23.35,22.85,23.3,317705
2022-03-22,23.0,23.0,23.2,22.8,23.2,352594
2022-03-23,23.15,23.15,23.25,22.9,23.2,384471
2022-03-24,23.1,23.1,23.25,22.95,23.25,252633
2022-03-25,22.85,22.85,23.25,22.75,23.2,312615
2022-03-28,22.85,22.85,22.9,22.4,22.85,231729
2022-03-29,22.7,22.7,23.1,22.7,22.8,212901
2022-03-30,23.05,23.05,23.15,22.8,22.8,487842
2022-03-31,23.0,23.0,23.25,23.0,23.15,207493
2022-04-01,22.75,22.75,22.85,22.55,22.8,238048
2022-04-06,22.6,22.6,22.7,22.4,22.7,301242
2022-04-07,21.8,21.8,22.8,21.7,22.35,656309
2022-04-08,21.85,21.85,22.0,21.75,21.95,222139
2022-04-11,21.35,21.35,21.9,21.3,21.9,384488
2022-04-12,21.3,21.3,21.65,21.15,21.35,348577
2022-04-13,21.55,21.55,21.65,21.3,21.5,296690
2022-04-14,21.8,21.8,21.9,21.6,21.7,191685
2022-04-15,21.4,21.4,21.65,21.3,21.55,256057
2022-04-18,20.9,20.9,21.6,20.8,21.6,470289
2022-04-19,21.1,21.1,21.45,21.1,21.2,212656
2022-04-20,21.3,21.3,21.4,21.15,21.2,223608
2022-04-21,21.95,21.95,21.95,21.4,21.9,281293
2022-04-22,21.7,21.7,21.95,21.65,21.75,192018
2022-04-25,21.0,21.0,21.7,20.8,21.7,442302
2022-04-26,20.9,20.9,21.25,20.8,21.05,362767
2022-04-27,20.05,20.05,20.5,19.5,20.5,828117
2022-04-28,20.45,20.45,20.6,19.9,20.3,360410
2022-04-29,20.3,20.3,20.6,20.3,20.5,152424
2022-05-03,20.1,20.1,20.35,20.05,20.15,221231
2022-05-04,20.5,20.5,20.65,20.3,20.6,226317
2022-05-05,20.7,20.7,21.1,20.65,20.7,214211
2022-05-06,20.4,20.4,20.6,20.2,20.3,218019
2022-05-09,19.85,19.85,20.35,19.85,20.35,236290
2022-05-10,20.35,20.35,20.4,19.1,19.1,290879
2022-05-11,19.9,19.9,20.1,19.65,20.1,212612
2022-05-12,19.6,19.6,20.2,19.5,19.8,403661
2022-05-13,19.5,19.5,20.0,19.4,19.8,624209
2022-05-16,19.25,19.25,19.8,19.2,19.4,356212
2022-05-17,19.65,19.65,19.65,19.3,19.5,249578
2022-05-18,20.2,20.2,20.2,19.75,19.75,387109
2022-05-19,19.95,19.95,20.1,19.6,19.6,173286
2022-05-20,20.1,20.1,20.4,20.0,20.0,106149
2022-05-23,20.45,20.45,20.7,20.2,20.25,234686
2022-05-24,21.65,21.65,22.45,20.7,20.7,3395304
2022-05-25,21.45,21.45,21.55,21.2,21.3,846618
2022-05-26,21.15,21.15,21.9,21.1,21.8,405628
2022-05-27,21.15,21.15,21.45,21.0,21.25,521206
2022-05-30,21.6,21.6,21.6,21.25,21.3,304890
2022-05-31,21.4,21.4,21.75,21.35,21.7,214266
2022-06-01,21.7,21.7,21.85,21.5,21.65,303449
2022-06-02,21.55,21.55,22.0,21.45,21.7,212194
2022-06-06,21.55,21.55,21.7,21.45,21.55,146129
2022-06-07,21.65,21.65,21.9,21.5,21.5,231166
2022-06-08,21.95,21.95,22.2,21.7,21.75,394296
2022-06-09,21.65,21.65,22.0,21.4,22.0,415594
2022-06-10,21.5,21.5,21.5,21.15,21.2,120913
2022-06-13,20.9,20.9,21.45,20.8,21.35,263514
2022-06-14,20.75,20.75,21.0,20.2,20.9,337958
2022-06-15,20.7,20.7,21.05,20.65,21.0,116437
2022-06-16,20.35,20.35,21.1,20.3,21.0,231481
2022-06-17,19.9,19.9,20.2,19.85,20.2,276699
2022-06-20,19.0,19.0,20.05,19.0,19.75,451829
2022-06-21,19.65,19.65,19.75,19.2,19.45,353699
2022-06-22,18.95,18.95,19.7,18.95,19.7,530114
2022-06-23,19.0,19.0,19.35,18.75,19.15,368050
2022-06-24,19.4,19.4,19.65,19.1,19.1,192946
2022-06-27,19.8,19.8,19.9,19.6,19.6,267024
2022-06-28,19.8,19.8,20.0,19.7,20.0,102261
2022-06-29,19.55,19.55,19.8,19.35,19.8,146829
2022-06-30,18.85,18.85,19.5,18.85,19.5,485362
2022-07-01,17.35,17.35,19.0,17.2,18.95,985823
2022-07-04,17.4,17.4,17.85,17.35,17.35,321338
2022-07-05,17.75,17.75,18.0,17.35,17.9,225316
2022-07-06,17.4,17.4,18.0,17.35,17.85,379164
2022-07-07,18.05,18.05,18.1,17.4,17.5,526437
2022-07-08,17.65,17.65,17.7,17.05,17.05,309394
2022-07-11,17.55,17.55,17.95,17.4,17.65,157935
2022-07-12,16.6,16.6,17.35,16.55,17.35,289156
2022-07-13,17.3,17.3,17.4,17.0,17.0,278775
2022-07-14,17.85,17.85,18.15,17.15,17.15,282592
2022-07-15,17.95,17.95,18.1,17.7,17.8,98179
2022-07-18,18.3,18.3,18.4,18.2,18.3,157872
2022-07-19,18.15,18.15,18.25,17.9,18.25,173657
2022-07-20,17.9,17.9,18.55,17.85,18.35,205523
2022-07-21,18.4,18.4,18.45,18.0,18.0,247368
2022-07-22,18.35,18.35,18.7,18.3,18.4,112916
2022-07-25,18.3,18.3,18.5,18.15,18.25,78219
2022-07-26,18.3,18.3,18.5,18.2,18.3,180514
2022-07-27,18.7,18.7,20.0,18.5,18.7,1114423
2022-07-28,18.4,18.4,18.85,18.4,18.85,172070
2022-07-29,18.75,18.75,18.75,18.55,18.7,108797
2022-08-01,18.95,18.95,19.15,18.65,18.75,210356
2022-08-02,18.8,18.8,18.95,18.4,18.95,208655
2022-08-03,18.3,18.3,18.8,18.3,18.5,148676
2022-08-04,18.2,18.2,18.45,17.75,18.35,209277
2022-08-05,18.65,18.65,18.65,18.35,18.55,200933
2022-08-08,18.65,18.65,19.0,18.3,18.65,81252
2022-08-09,18.55,18.55,18.8,18.45,18.6,155502
2022-08-10,18.65,18.65,18.65,18.3,18.3,106944
2022-08-11,19.1,19.1,19.5,18.85,18.85,423080
2022-08-12,19.25,19.25,19.45,19.2,19.45,270931
2022-08-15,19.4,19.4,19.55,19.1,19.25,147134
2022-08-16,19.7,19.7,19.8,19.35,19.35,302302
2022-08-17,19.85,19.85,20.05,19.7,20.0,228259
2022-08-18,19.9,19.9,19.95,19.6,19.7,162901
2022-08-19,19.95,19.95,20.15,19.95,19.95,233177
2022-08-22,19.7,19.7,20.0,19.5,19.6,132037
2022-08-23,19.65,19.65,19.7,19.5,19.6,96126
2022-08-24,19.7,19.7,20.1,19.65,19.65,163872
2022-08-25,19.9,19.9,20.0,19.7,19.8,190649
2022-08-26,20.15,20.15,20.4,19.85,19.95,200756
2022-08-29,19.65,19.65,19.8,19.25,19.3,151503
2022-08-30,19.75,19.75,19.9,19.5,19.5,169083
2022-08-31,19.9,19.9,19.9,19.65,19.8,166765
2022-09-01,19.6,19.6,19.8,19.3,19.8,388991
2022-09-02,19.6,19.6,19.75,19.45,19.7,107208
2022-09-05,19.0,19.0,19.55,19.0,19.55,182146
2022-09-06,18.75,18.75,19.1,18.5,19.1,157260
2022-09-07,18.6,18.6,18.75,18.35,18.75,207755
2022-09-08,19.15,19.15,19.15,18.6,18.65,108515
2022-09-12,19.15,19.15,19.2,18.95,19.15,158372
2022-09-13,19.25,19.25,19.35,19.05,19.2,89734
2022-09-14,19.1,19.1,19.1,18.9,18.95,160562
2022-09-15,19.05,19.05,19.3,18.95,19.1,244820
2022-09-16,18.9,18.9,19.05,18.75,19.05,133501
2022-09-19,18.7,18.7,18.9,18.65,18.9,184923
2022-09-20,18.75,18.75,18.95,18.6,18.95,67362
2022-09-21,18.55,18.55,18.75,18.35,18.75,167726
2022-09-22,18.25,18.25,18.45,18.15,18.45,154431
2022-09-23,18.0,18.0,18.35,17.9,18.25,315420
2022-09-26,17.0,17.0,17.95,17.0,17.85,327614
2022-09-27,17.5,17.5,17.5,16.9,17.1,186427
2022-09-28,16.7,16.7,17.5,16.65,17.5,256001
2022-09-29,16.85,16.85,17.15,16.65,16.85,233891
2022-09-30,16.95,16.95,16.95,16.2,16.6,225957
2022-10-03,17.1,17.1,17.1,16.8,16.8,128945
2022-10-04,17.35,17.35,17.45,17.25,17.4,106681
2022-10-05,17.85,17.85,19.05,17.5,17.5,1967658
2022-10-06,17.75,17.75,18.25,17.5,18.2,332904
2022-10-07,17.85,17.85,17.95,17.7,17.7,132194
2022-10-11,17.0,17.0,17.6,16.9,17.6,327646
2022-10-12,17.1,17.1,17.2,16.5,17.0,160641
2022-10-13,16.05,16.05,17.1,16.05,16.9,453999
2022-10-14,16.65,16.65,17.0,16.5,16.5,231973
2022-10-17,16.5,16.5,16.6,16.0,16.25,319610
2022-10-18,16.45,16.45,16.7,16.3,16.7,245837
2022-10-19,16.5,16.5,16.75,16.45,16.5,225779
2022-10-20,16.5,16.5,16.5,16.0,16.3,175673
2022-10-21,16.0,16.0,16.35,15.95,16.35,295414
2022-10-24,16.3,16.3,16.4,16.2,16.2,148624
2022-10-25,15.85,15.85,16.5,15.85,16.4,237926
2022-10-26,15.8,15.8,16.05,15.75,15.9,197644
2022-10-27,16.25,16.25,16.3,15.95,16.1,111134
2022-10-28,15.75,15.75,16.2,15.75,16.2,176723
2022-10-31,16.1,16.1,16.1,15.9,16.0,70832
2022-11-01,16.3,16.3,16.3,15.9,16.05,143337
2022-11-02,16.4,16.4,16.55,16.3,16.45,155725
2022-11-03,16.4,16.4,16.55,16.25,16.35,80626
2022-11-04,16.65,16.65,16.65,16.35,16.35,121702
2022-11-07,17.05,17.05,17.35,16.7,16.7,318775
2022-11-08,17.0,17.0,17.25,17.0,17.2,113749
2022-11-09,17.0,17.0,17.1,17.0,17.0,152235
2022-11-10,16.9,16.9,17.0,16.85,17.0,69987
2022-11-11,16.65,16.65,17.3,16.65,17.15,251545
2022-11-14,16.8,16.8,17.05,16.65,16.65,221949
2022-11-15,16.9,16.9,17.1,16.8,16.85,141765
2022-11-16,16.7,16.7,16.9,16.7,16.9,153383
2022-11-17,16.9,16.9,17.0,16.75,16.75,172286
2022-11-18,16.9,16.9,17.05,16.8,17.05,200731
2022-11-21,16.9,16.9,17.1,16.85,17.0,152534
2022-11-22,16.8,16.8,17.0,16.7,16.95,118890
2022-11-23,16.75,16.75,16.9,16.7,16.9,178513
2022-11-24,16.85,16.85,16.85,16.75,16.75,101390
2022-11-25,16.8,16.8,17.0,16.8,16.9,119142
2022-11-28,17.15,17.15,17.4,16.7,16.75,339566
2022-11-29,17.5,17.5,17.7,17.1,17.15,327437
2022-11-30,17.55,17.55,17.65,17.35,17.6,164103
2022-12-01,17.45,17.45,17.8,17.4,17.8,290469
2022-12-02,17.25,17.25,17.4,17.25,17.35,223866
2022-12-05,17.4,17.4,17.45,17.25,17.3,252655
2022-12-06,17.1,17.1,17.4,17.1,17.4,150226
2022-12-07,17.1,17.1,17.3,16.9,17.05,108198
2022-12-08,17.0,17.0,17.15,16.9,17.15,204085
2022-12-09,17.05,17.05,17.1,16.95,17.0,131108
2022-12-12,17.2,17.2,18.0,17.2,17.35,861652
2022-12-13,17.05,17.05,17.3,17.05,17.3,143564
2022-12-14,17.15,17.15,17.3,17.05,17.05,110703
2022-12-15,17.25,17.25,17.3,17.1,17.2,201332
2022-12-16,17.0,17.0,17.1,16.9,17.0,151096
2022-12-19,16.9,16.9,17.05,16.85,17.0,121981
2022-12-20,16.55,16.55,16.95,16.4,16.95,366065
2022-12-21,16.4,16.4,16.8,16.25,16.55,313389
2022-12-22,16.5,16.5,16.6,16.45,16.55,102034
2022-12-23,16.4,16.4,16.4,16.15,16.3,85911
2022-12-26,16.35,16.35,16.45,16.25,16.4,123111
2022-12-27,16.4,16.4,16.65,16.35,16.45,70492
2022-12-28,16.1,16.1,16.35,16.1,16.35,122692
2022-12-29,16.0,16.0,16.1,15.85,16.1,124857
2022-12-30,16.1,16.1,16.3,16.1,16.3,69011
2023-01-03,16.1,16.1,16.1,15.95,16.1,155321
2023-01-04,16.2,16.2,16.3,16.1,16.1,133825
2023-01-05,16.25,16.25,16.4,16.2,16.4,95318
2023-01-06,16.5,16.5,16.65,16.3,16.35,107102
2023-01-09,16.45,16.45,16.55,16.45,16.5,95158
2023-01-10,16.5,16.5,16.5,16.4,16.5,146908
2023-01-11,16.4,16.4,16.5,16.3,16.35,173704
2023-01-12,16.45,16.45,16.55,16.45,16.55,87781
2023-01-13,16.4,16.4,16.5,16.35,16.45,67598
2023-01-16,16.4,16.4,16.5,16.3,16.4,98846
2023-01-17,16.45,16.45,16.6,16.3,16.4,113241
2023-01-30,16.6,16.6,16.7,16.45,16.6,189398
2023-01-31,16.7,16.7,16.8,16.35,16.35,144679
2023-02-01,17.0,17.0,17.0,16.6,16.7,304333
2023-02-02,17.2,17.2,17.25,17.0,17.0,224945
2023-02-03,17.2,17.2,17.4,17.1,17.2,207656
2023-02-06,17.2,17.2,17.3,17.1,17.25,133002
2023-02-07,17.25,17.25,17.3,17.05,17.2,127638
2023-02-08,17.25,17.25,17.35,17.2,17.35,128527
2023-02-09,17.3,17.3,17.3,17.1,17.1,98925
2023-02-10,17.45,17.45,17.9,17.15,17.3,622514
2023-02-13,17.45,17.45,17.6,17.3,17.45,213107
2023-02-14,17.45,17.45,17.5,17.4,17.45,182011
2023-02-15,17.35,17.35,17.65,17.35,17.5,240021
2023-02-16,17.5,17.5,17.6,17.45,17.6,109240
2023-02-17,17.55,17.55,17.6,17.45,17.45,190638
2023-02-20,17.65,17.65,17.75,17.55,17.55,330394
2023-02-21,17.8,17.8,17.9,17.7,17.75,225835
2023-02-22,17.7,17.7,17.8,17.6,17.7,196783
2023-02-23,17.75,17.75,17.85,17.75,17.75,170516
2023-02-24,17.8,17.8,17.95,17.65,17.95,185688
2023-03-01,17.85,17.85,18.05,17.7,17.8,219501
2023-03-02,17.7,17.7,17.95,17.65,17.95,210874
2023-03-03,18.0,18.0,18.0,17.8,17.9,135495
2023-03-06,18.35,18.35,18.4,18.05,18.05,308949
2023-03-07,18.4,18.4,18.6,18.35,18.35,198423
2023-03-08,18.3,18.3,18.45,18.1,18.35,242329
2023-03-09,18.25,18.25,18.45,18.15,18.4,170175
2023-03-10,17.85,17.85,18.15,17.8,18.15,281953
2023-03-13,17.55,17.55,17.7,17.4,17.7,185771
2023-03-14,17.5,17.5,17.6,17.4,17.55,167236
2023-03-15,17.4,17.4,17.7,17.4,17.5,138438
2023-03-16,17.1,17.1,17.4,17.0,17.3,207645
2023-03-17,17.3,17.3,17.35,17.2,17.25,56837
2023-03-20,17.4,17.4,17.45,17.25,17.25,38098
2023-03-21,17.4,17.4,17.55,17.35,17.35,101064
2023-03-22,17.65,17.65,17.75,17.5,17.55,122726
2023-03-23,17.85,17.85,18.0,17.45,17.45,275067
2023-03-24,17.8,17.8,18.0,17.8,18.0,155379
2023-03-27,17.6,17.6,17.85,17.6,17.8,163937
2023-03-28,17.4,17.4,17.6,17.35,17.6,168847
2023-03-29,17.25,17.25,17.45,17.0,17.45,206178
2023-03-30,17.4,17.4,17.5,17.25,17.5,110378
2023-03-31,17.5,17.5,17.55,17.45,17.45,123411
2023-04-06,17.4,17.4,17.5,17.25,17.45,111223
2023-04-07,17.4,17.4,17.45,17.25,17.4,111527
2023-04-10,17.5,17.5,17.65,17.4,17.6,124229
2023-04-11,17.5,17.5,17.75,17.5,17.55,240257
2023-04-12,17.6,17.6,17.6,17.35,17.5,259890
2023-04-13,17.45,17.45,17.6,17.35,17.6,220329
2023-04-14,17.45,17.45,17.5,17.35,17.5,264651
2023-04-17,18.1,18.1,18.6,17.6,17.7,1060023
2023-04-18,18.3,18.3,18.4,18.0,18.15,645794
2023-04-19,18.2,18.2,18.35,18.1,18.3,329289
2023-04-20,17.85,17.85,18.2,17.85,18.1,378037
2023-04-21,17.45,17.45,18.05,17.45,18.05,243473
2023-04-24,17.75,17.75,18.0,17.35,17.45,254546
2023-04-25,17.2,17.2,17.8,17.2,17.8,286459
2023-04-26,17.4,17.4,17.4,17.15,17.2,101874
2023-04-27,17.35,17.35,17.45,17.15,17.35,130599
2023-04-28,17.35,17.35,17.5,17.25,17.5,144446
2023-05-02,17.5,17.5,17.5,17.3,17.35,144350
2023-05-03,18.1,18.1,19.25,17.6,17.6,5500293
2023-05-04,18.35,18.35,18.65,17.9,18.1,1147788
2023-05-05,17.8,17.8,18.15,17.75,18.1,959244
2023-05-08,17.65,17.65,18.0,17.6,18.0,499542
2023-05-09,17.3,17.3,17.7,17.25,17.7,424727
2023-05-10,17.35,17.35,17.45,17.15,17.3,269870
2023-05-11,16.95,16.95,17.4,16.85,17.4,503359
2023-05-12,16.95,16.95,17.0,16.7,17.0,253008
2023-05-15,16.5,16.5,16.95,16.4,16.95,430465
2023-05-16,16.6,16.6,16.85,16.45,16.5,282062
2023-05-17,17.1,17.1,17.15,16.65,16.65,204856
2023-05-18,16.95,16.95,17.1,16.85,17.0,177845
2023-05-19,16.9,16.9,17.0,16.85,17.0,102220
2023-05-22,17.0,17.0,17.1,16.85,16.95,200478
2023-05-23,17.05,17.05,17.15,17.0,17.0,139097
2023-05-24,17.05,17.05,17.15,17.0,17.05,254658
2023-05-25,17.0,17.0,17.1,16.95,17.1,156577
2023-05-26,16.95,16.95,17.15,16.9,17.15,184493
2023-05-29,17.05,17.05,17.2,17.05,17.2,151034
2023-05-30,17.0,17.0,17.1,17.0,17.0,189342
2023-05-31,17.1,17.1,17.2,17.0,17.05,124169
2023-06-01,17.35,17.35,17.35,17.1,17.15,246293
2023-06-02,17.45,17.45,17.55,17.3,17.4,277979
2023-06-05,17.5,17.5,17.6,17.4,17.45,253696
2023-06-06,17.5,17.5,17.6,17.35,17.5,190459
2023-06-07,17.6,17.6,17.6,17.45,17.5,195990
2023-06-08,17.35,17.35,17.65,17.35,17.5,195994
2023-06-09,17.55,17.55,17.65,17.25,17.3,648308
2023-06-12,17.35,17.35,17.65,17.3,17.65,261118
2023-06-13,17.3,17.3,17.6,17.3,17.6,139450
2023-06-14,17.4,17.4,17.5,17.3,17.4,171452
2023-06-15,17.4,17.4,17.45,17.35,17.4,216040
2023-06-16,17.9,17.9,18.4,17.25,17.4,1355793
2023-06-19,17.6,17.6,17.9,17.5,17.9,552378
2023-06-20,17.45,17.45,17.7,17.4,17.7,271494
2023-06-21,17.45,17.45,17.55,17.4,17.45,245969
2023-06-26,17.65,17.65,17.85,17.25,17.55,641594
2023-06-27,17.7,17.7,18.0,17.7,17.7,373277
2023-06-28,17.65,17.65,17.85,17.55,17.7,226558
2023-06-29,17.85,17.85,17.9,17.65,17.7,184804
2023-06-30,17.8,17.8,18.2,17.8,17.9,256738
2023-07-03,17.85,17.85,18.0,17.75,17.8,226427
2023-07-04,17.75,17.75,17.9,17.7,17.85,173794
2023-07-05,17.8,17.8,18.0,17.75,17.75,276545
2023-07-06,19.55,19.55,19.55,17.9,17.9,3863635
2023-07-07,20.4,20.4,21.2,19.2,19.65,10065323
2023-07-10,21.45,21.45,21.8,20.45,20.8,5149972
2023-07-11,20.2,20.2,21.3,19.8,21.1,2616682
2023-07-12,19.9,19.9,20.6,19.55,20.2,1745496
2023-07-13,21.85,21.85,21.85,20.25,20.6,2335258
2023-07-14,22.35,22.35,24.0,22.0,23.95,10042841
2023-07-17,21.5,21.5,22.5,21.1,22.45,2796070
2023-07-18,22.1,22.1,23.5,21.7,21.75,5571894
2023-07-19,21.3,21.3,22.65,20.65,22.6,2852289
2023-07-20,21.15,21.15,22.0,21.0,21.55,1832016
2023-07-21,20.9,20.9,21.25,20.5,20.9,1172624
2023-07-24,20.35,20.35,21.3,20.0,21.3,1297300
2023-07-25,20.85,20.85,21.3,20.55,20.7,1186810
2023-07-26,20.3,20.3,21.5,20.3,21.5,924440
2023-07-27,20.7,20.7,20.8,20.3,20.3,766548
2023-07-28,20.15,20.15,20.9,19.85,20.75,1124397
2023-07-31,20.25,20.25,20.65,20.1,20.4,761667
2023-08-01,20.15,20.15,20.7,20.05,20.35,569674
2023-08-02,19.2,19.2,20.05,18.9,20.0,688837
2023-08-04,19.45,19.45,19.6,18.9,19.15,371103
2023-08-07,19.75,19.75,19.9,19.05,19.4,478247
2023-08-08,19.3,19.3,20.3,19.3,20.2,739861
2023-08-09,19.25,19.25,19.55,19.2,19.4,474345
2023-08-10,18.5,18.5,19.15,18.45,19.15,740777
2023-08-11,18.55,18.55,18.8,18.45,18.6,274734
2023-08-14,17.95,17.95,18.65,17.75,18.6,496812
2023-08-15,18.7,18.7,18.7,18.05,18.05,448725
2023-08-16,18.6,18.6,18.7,18.2,18.7,186017
2023-08-17,18.9,18.9,19.0,18.25,18.55,223987
2023-08-18,19.15,19.15,19.55,18.9,18.9,526458
2023-08-21,19.0,19.0,19.15,18.85,19.15,165315
2023-08-22,18.75,18.75,19.05,18.2,19.0,235796
2023-08-23,19.0,19.0,19.2,18.6,18.8,276601
2023-08-24,19.65,19.65,19.75,19.0,19.0,654267
2023-08-25,19.75,19.75,20.6,19.45,19.45,1093836
2023-08-28,19.15,19.15,19.9,19.05,19.45,442279
2023-08-29,19.35,19.35,19.45,19.1,19.3,179680
2023-08-30,19.6,19.6,19.9,19.5,19.5,406761
2023-08-31,20.3,20.3,21.3,20.0,20.0,2103388
2023-09-01,20.6,20.6,21.7,20.5,20.8,2186513
2023-09-04,20.4,20.4,20.6,20.1,20.6,610860
2023-09-05,20.7,20.7,20.8,20.3,20.7,446999
2023-09-06,20.1,20.1,20.85,20.05,20.8,527396
2023-09-07,19.8,19.8,20.35,19.6,20.15,600490
2023-09-08,19.95,19.95,20.9,19.6,19.6,530604
2023-09-11,19.55,19.55,20.05,19.35,20.05,464874
2023-09-12,19.25,19.25,19.7,19.25,19.5,318058
2023-09-13,19.45,19.45,19.65,19.25,19.25,234605
2023-09-14,19.9,19.9,20.05,19.5,19.55,497584
2023-09-15,19.75,19.75,20.1,19.7,20.1,222569
2023-09-18,19.8,19.8,19.85,19.5,19.5,150919
2023-09-19,19.55,19.55,20.35,19.55,20.3,442823
2023-09-20,19.05,19.05,19.65,19.05,19.65,457567
2023-09-21,18.6,18.6,19.3,18.45,19.3,614978
2023-09-22,18.8,18.8,18.8,18.3,18.3,287031
2023-09-25,18.8,18.8,19.0,18.75,18.8,143188
2023-09-26,18.5,18.5,18.85,18.35,18.85,145025
2023-09-27,18.45,18.45,18.55,18.3,18.35,124584
2023-09-28,19.15,19.15,19.15,18.55,18.65,333852
2023-10-02,19.15,19.15,19.4,18.9,19.4,247546
2023-10-03,19.3,19.3,19.65,19.05,19.2,421011
2023-10-04,18.8,18.8,19.05,18.65,19.05,353037
2023-10-05,19.05,19.05,19.3,18.9,18.9,230463
2023-10-06,19.4,19.4,20.1,19.15,19.15,1016220
2023-10-11,18.95,18.95,20.1,18.95,20.1,371924
2023-10-12,20.05,20.05,20.8,19.15,19.2,2931616
2023-10-13,20.2,20.2,20.95,20.05,20.05,1530553
2023-10-16,19.95,19.95,20.25,19.55,20.25,434485
2023-10-17,19.95,19.95,20.3,19.85,20.25,539657
2023-10-18,19.2,19.2,20.2,19.0,20.0,684712
2023-10-19,19.15,19.15,19.5,19.1,19.4,192928
2023-10-20,18.85,18.85,19.15,18.65,19.15,301366
2023-10-23,19.05,19.05,19.3,18.85,18.85,138483
2023-10-24,19.9,19.9,20.0,19.15,19.3,503009
2023-10-25,19.8,19.8,20.1,19.7,19.9,743712
2023-10-26,19.75,19.75,20.0,19.45,19.45,226805
2023-10-27,19.75,19.75,20.7,19.75,19.95,1206635
2023-10-30,20.05,20.05,20.5,19.6,19.75,808895
2023-10-31,19.5,19.5,20.5,19.5,20.15,659354
2023-11-01,19.7,19.7,19.9,19.65,19.8,305510
2023-11-02,19.9,19.9,20.4,19.8,19.95,512457
2023-11-03,19.7,19.7,20.1,19.7,20.1,379088
2023-11-06,19.8,19.8,20.1,19.7,19.85,429576
2023-11-07,20.55,20.55,20.55,19.85,19.85,1766005
2023-11-08,20.05,20.05,20.9,20.0,20.9,2289659
2023-11-09,19.8,19.8,20.1,19.8,20.1,553078
2023-11-10,19.3,19.3,19.7,19.15,19.65,668194
2023-11-13,19.2,19.2,19.45,19.0,19.45,655007
2023-11-14,19.25,19.25,19.55,19.2,19.2,629295
2023-11-15,19.35,19.35,19.6,19.3,19.5,407497
2023-11-16,19.35,19.35,20.1,19.3,19.55,872816
2023-11-17,19.5,19.5,19.55,19.25,19.35,341506
2023-11-20,20.05,20.05,20.1,19.6,19.6,1008667
2023-11-21,20.2,20.2,20.7,20.05,20.2,1486750
2023-11-22,20.85,20.85,21.5,20.25,20.4,3708218
2023-11-23,21.45,21.45,21.6,20.65,21.15,2665189
2023-11-24,21.5,21.5,23.25,21.2,21.5,4996420
2023-11-27,21.4,21.4,21.95,21.15,21.9,1295331
2023-11-28,21.7,21.7,22.4,21.55,21.8,1057620
2023-11-29,21.55,21.55,22.0,21.5,22.0,829480
2023-11-30,21.95,21.95,22.1,21.4,21.7,1409257
2023-12-01,22.75,22.75,22.9,21.95,22.15,2374675
2023-12-04,22.2,22.2,23.15,22.2,23.15,1399519
2023-12-05,21.3,21.3,22.3,21.2,22.3,1606007
2023-12-06,21.2,21.2,21.65,21.1,21.5,779374
2023-12-07,20.85,20.85,21.7,20.8,21.3,1114209
2023-12-08,21.15,21.15,21.3,20.85,21.3,583427
2023-12-11,21.15,21.15,21.25,20.85,21.2,653095
2023-12-12,20.9,20.9,21.4,20.8,21.4,822983
2023-12-13,21.2,21.2,21.35,21.0,21.0,471418
2023-12-14,20.9,20.9,21.4,20.8,21.35,742185
2023-12-15,20.5,20.5,21.0,20.4,20.95,776519
2023-12-18,20.35,20.35,20.7,20.0,20.6,888514
2023-12-19,21.0,21.0,21.2,20.1,20.45,873561
2023-12-20,20.9,20.9,21.1,20.8,21.0,380592
2023-12-21,21.0,21.0,21.05,20.65,20.9,368427
2023-12-22,21.05,21.05,21.1,20.75,21.1,272464
2023-12-25,21.15,21.15,21.5,21.0,21.15,724239
2023-12-26,21.3,21.3,21.3,21.0,21.3,368271
2023-12-27,21.75,21.75,21.95,21.3,21.3,964533
2023-12-28,21.9,21.9,22.15,21.6,21.75,723624
2023-12-29,21.8,21.8,22.15,21.6,22.15,458258
2024-01-02,21.95,21.95,22.3,21.75,21.8,766717
2024-01-03,21.6,21.6,21.9,21.2,21.75,707198
2024-01-04,21.85,21.85,22.15,21.35,21.75,1048910
2024-01-05,21.85,21.85,22.8,21.85,22.35,1475396
2024-01-08,21.8,21.8,22.0,21.75,21.9,409741
2024-01-09,21.35,21.35,22.05,21.35,22.0,660776
2024-01-10,21.55,21.55,21.55,21.05,21.4,392583
2024-01-11,21.45,21.45,21.65,21.45,21.5,257532
2024-01-12,21.3,21.3,21.8,21.3,21.75,448061
2024-01-15,21.55,21.55,21.65,21.35,21.5,270831
2024-01-16,20.5,20.5,21.55,20.45,21.55,1267906
2024-01-17,19.6,19.6,20.7,19.6,20.45,1215487
2024-01-18,19.55,19.55,19.9,19.4,19.8,523452
2024-01-19,19.65,19.65,19.9,19.5,19.8,401921
2024-01-22,20.1,20.1,20.15,19.7,19.75,351492
2024-01-23,20.25,20.25,20.4,20.1,20.25,277426
2024-01-24,20.65,20.65,20.7,20.2,20.4,416610
2024-01-25,20.45,20.45,20.65,20.3,20.65,313651
2024-01-26,20.35,20.35,20.6,20.25,20.45,234971
2024-01-29,20.3,20.3,20.55,20.15,20.45,147824
2024-01-30,20.0,20.0,20.4,19.85,20.3,385592
2024-01-31,20.05,20.05,20.1,19.85,20.05,171530
2024-02-01,20.1,20.1,20.4,20.1,20.3,267260
2024-02-02,19.95,19.95,20.15,19.9,20.1,176862
2024-02-05,19.7,19.7,20.05,19.65,20.0,451030
2024-02-15,19.8,19.8,20.0,19.55,19.65,292746
2024-02-16,20.2,20.2,20.2,19.8,19.8,320995
2024-02-19,20.65,20.65,21.0,20.25,20.25,528699
2024-02-20,21.0,21.0,21.1,20.7,20.8,826810
2024-02-21,20.95,20.95,21.35,20.9,21.0,520484
2024-02-22,20.9,20.9,21.2,20.85,20.85,383122
2024-02-23,20.5,20.5,20.95,20.45,20.95,501584
2024-02-26,20.6,20.6,20.65,20.35,20.5,342512
2024-02-27,20.15,20.15,20.7,19.9,20.65,445193
2024-02-29,20.15,20.15,20.3,20.1,20.15,379177
2024-03-01,20.2,20.2,20.3,20.05,20.15,230241
2024-03-04,21.5,21.5,21.8,20.15,20.4,2267926
2024-03-05,21.65,21.65,22.1,21.25,21.45,1851587
2024-03-06,21.5,21.5,21.65,21.35,21.65,584237
2024-03-07,21.1,21.1,21.8,20.95,21.8,811610
2024-03-08,20.5,20.5,21.35,20.4,21.15,708543
2024-03-11,21.9,21.9,22.5,20.6,20.6,3511178
2024-03-12,22.8,22.8,23.1,21.95,22.0,4510960
2024-03-13,22.05,22.05,23.2,21.65,22.9,2955062
2024-03-14,21.25,21.25,21.6,21.1,21.4,1328876
2024-03-15,21.05,21.05,21.25,20.8,21.25,712011
2024-03-18,21.25,21.25,21.25,21.0,21.1,403527
2024-03-19,20.75,20.75,21.6,20.7,21.45,662566
2024-03-20,20.5,20.5,20.8,20.4,20.8,744891
2024-03-21,20.75,20.75,20.9,20.6,20.6,400309
2024-03-22,20.75,20.75,20.8,20.6,20.75,352419
2024-03-25,20.65,20.65,20.9,20.55,20.75,434338
2024-03-26,20.3,20.3,20.8,20.25,20.75,551629
2024-03-27,20.85,20.85,21.05,20.3,20.3,427390
2024-03-28,20.7,20.7,21.05,20.65,20.75,384220
2024-03-29,20.7,20.7,20.8,20.4,20.8,310405
2024-04-01,20.8,20.8,20.9,20.6,20.8,315867
2024-04-02,20.65,20.65,20.8,20.5,20.8,333709
2024-04-03,20.4,20.4,20.55,20.3,20.5,285333
2024-04-08,20.5,20.5,20.55,20.3,20.4,264247
2024-04-09,22.55,22.55,22.55,21.25,22.0,8607287
2024-04-10,24.8,24.8,24.8,22.6,22.8,9630354
2024-04-11,26.2,26.2,27.2,24.85,27.2,27153511
2024-04-12,28.8,28.8,28.8,26.2,26.65,17583892
2024-04-15,29.4,29.4,31.25,29.3,31.2,22417790
2024-04-16,27.9,27.9,30.45,27.9,29.5,14613662
2024-04-17,28.5,28.5,28.85,27.15,28.45,4036404
2024-04-18,27.8,27.8,28.3,27.4,28.1,2518201
2024-04-19,26.15,26.15,27.6,25.05,27.6,4041707
2024-04-22,24.9,24.9,26.15,24.8,26.15,2765594
2024-04-23,26.15,26.15,26.5,25.3,25.5,2078610
2024-04-24,26.8,26.8,27.1,26.45,26.6,1525843
2024-04-25,27.8,27.8,28.0,26.35,26.35,1618611
2024-04-26,27.9,27.9,28.5,27.9,28.0,1663437
2024-04-29,28.0,28.0,28.6,27.9,28.5,1149006
2024-04-30,28.1,28.1,29.2,28.1,28.45,2679820
2024-05-02,28.65,28.65,29.3,26.6,27.55,5442853
2024-05-03,27.8,27.8,28.9,27.5,28.5,3838694
2024-05-06,27.1,27.1,28.4,27.0,28.4,2604149
2024-05-07,27.6,27.6,28.8,26.95,27.0,4345172
2024-05-08,28.6,28.6,29.2,27.5,27.55,5106273
2024-05-09,25.75,25.75,27.75,25.75,27.75,8575489
2024-05-10,26.6,26.6,26.9,25.25,25.75,4292649
2024-05-13,28.95,28.95,29.25,26.5,26.6,15425661
2024-05-14,28.95,28.95,29.9,28.0,28.8,10176933
2024-05-15,30.45,30.45,30.8,28.8,29.0,13056481
2024-05-16,33.45,33.45,33.45,31.45,31.8,18313924
2024-05-17,32.5,32.5,35.3,31.8,33.65,39253592
2024-05-20,32.0,32.0,33.05,31.2,33.0,8973958
2024-05-21,35.2,35.2,35.2,32.25,32.4,13188992
2024-05-22,35.15,35.15,38.7,34.9,36.2,38112557
2024-05-23,35.35,35.35,37.5,33.7,35.15,24210122
2024-05-24,36.2,36.2,37.75,34.0,35.0,18458973
2024-05-27,35.6,35.6,37.95,35.5,36.5,14752408
2024-05-28,36.35,36.35,36.9,35.15,36.05,10528307
2024-05-29,35.85,35.85,37.45,35.7,37.05,10571241
2024-05-30,32.95,32.95,35.85,32.7,35.5,11256025
2024-05-31,33.3,33.3,34.45,33.1,33.1,6220751
2024-06-03,33.25,33.25,34.2,33.0,33.7,3041113
2024-06-04,33.65,33.65,35.6,33.5,33.5,10264997
2024-06-05,32.15,32.15,34.15,32.0,33.8,6702197
2024-06-06,31.6,31.6,32.8,31.4,32.6,4335386
2024-06-07,32.0,32.0,33.15,31.6,31.65,3386160
2024-06-11,31.0,31.0,32.6,30.85,32.0,4576735
2024-06-12,31.0,31.0,31.3,30.6,31.15,2647903
2024-06-13,31.4,31.4,31.85,31.0,31.85,2242511
2024-06-14,32.25,32.25,32.9,31.35,31.5,4281145
2024-06-17,33.0,33.0,33.8,31.8,32.2,4409182
2024-06-18,32.25,32.25,33.65,32.2,33.2,3448430
2024-06-19,32.95,32.95,35.15,32.55,32.55,10518125
2024-06-20,33.3,33.3,34.25,33.05,33.3,4904390
2024-06-21,33.1,33.1,33.35,32.1,32.95,2852201
2024-06-24,31.75,31.75,33.1,31.7,33.05,2937260
2024-06-25,31.6,31.6,31.75,30.45,31.75,2921705
2024-06-26,31.55,31.55,32.0,31.15,32.0,1691608
2024-06-27,30.45,30.45,31.55,30.3,31.15,2479433
2024-06-28,33.45,33.45,33.45,30.6,30.6,6294160
2024-07-01,32.95,32.95,34.8,32.75,33.8,15865756
2024-07-02,32.25,32.25,33.3,32.1,32.8,3298830
2024-07-03,33.8,33.8,34.5,32.55,32.55,7624031
2024-07-04,33.75,33.75,34.65,33.25,34.3,5036947
2024-07-05,34.35,34.35,34.55,33.6,33.9,5408383
2024-07-08,32.55,32.55,34.8,32.0,34.8,5650012
2024-07-09,33.55,33.55,35.8,33.3,34.0,23645089
2024-07-10,33.6,33.6,34.45,33.0,33.5,5593319
2024-07-11,33.65,33.65,34.75,33.1,33.75,4978133
2024-07-12,32.55,32.55,33.6,32.55,33.4,4182912
2024-07-15,32.2,32.2,32.75,31.5,32.65,2629609
2024-07-16,31.75,31.75,32.45,31.5,32.3,2003963
2024-07-17,33.35,33.35,34.35,31.8,31.85,6619271
2024-07-18,31.8,31.8,33.15,31.75,32.75,3791802
2024-07-19,30.3,30.3,32.0,30.25,31.8,4977450
2024-07-22,29.3,29.3,30.1,28.8,30.0,3309510
2024-07-23,29.9,29.9,30.8,29.5,29.7,2189378
2024-07-26,28.85,28.85,29.25,27.8,28.15,1857189
2024-07-29,27.9,27.9,29.45,27.8,29.25,2160326
2024-07-30,28.55,28.55,28.55,27.25,27.9,1231925
2024-07-31,28.65,28.65,29.25,28.05,28.35,1255148
2024-08-01,29.2,29.2,29.5,28.8,29.2,1183388
2024-08-02,27.95,27.95,29.05,27.9,28.4,1219666
2024-08-05,25.2,25.2,27.1,25.2,27.1,1797424
2024-08-06,24.8,24.8,25.65,22.7,25.0,3541357
2024-08-07,26.3,26.3,26.6,25.3,25.3,1987319
2024-08-08,25.7,25.7,26.25,25.4,25.7,1052849
2024-08-09,26.3,26.3,27.05,26.05,26.5,1707680
2024-08-12,26.9,26.9,27.45,26.3,26.3,1619336
2024-08-13,28.15,28.15,28.6,26.7,27.5,4970032
2024-08-14,27.45,27.45,28.55,27.4,28.55,2196022
2024-08-15,27.6,27.6,27.95,27.2,27.75,1001464
2024-08-16,27.85,27.85,28.3,27.8,27.85,1684048
2024-08-19,28.3,28.3,28.55,27.85,28.2,1600455
2024-08-20,28.0,28.0,28.75,27.85,28.4,1033168
2024-08-21,27.75,27.75,28.35,27.5,27.95,1112368
2024-08-22,27.45,27.45,28.1,27.35,27.9,895253
2024-08-23,27.1,27.1,27.25,26.5,27.15,1268845
2024-08-26,26.85,26.85,27.5,26.85,27.5,765385
2024-08-27,26.9,26.9,27.4,26.5,27.4,1026625
2024-08-28,26.55,26.55,27.05,26.55,26.95,757482
2024-08-29,26.65,26.65,26.75,25.85,26.25,808435
2024-08-30,27.35,27.35,27.75,26.8,26.8,1289322
2024-09-02,27.0,27.0,27.8,27.0,27.4,923167
2024-09-03,26.2,26.2,27.15,26.2,27.05,1119270
2024-09-04,24.8,24.8,25.55,24.1,24.75,1193856
2024-09-05,24.5,24.5,25.5,24.45,25.0,1130986
2024-09-06,25.0,25.0,25.5,24.45,24.55,777512
2024-09-09,25.4,25.4,25.5,24.5,24.7,648211
2024-09-10,24.9,24.9,26.0,24.55,26.0,737682
2024-09-11,24.8,24.8,25.1,24.75,24.85,510125
2024-09-12,24.95,24.95,25.4,24.95,25.3,1028329
2024-09-13,25.6,25.6,25.7,25.05,25.05,633727
2024-09-16,25.85,25.85,26.3,25.7,25.8,587399
2024-09-18,25.4,25.4,26.35,25.35,26.1,435347
2024-09-19,25.75,25.75,25.95,25.55,25.65,432596
2024-09-20,25.7,25.7,26.3,25.7,26.1,1057373
2024-09-23,26.0,26.0,26.2,25.6,25.75,502841
2024-09-24,26.15,26.15,26.55,25.55,26.1,894349
2024-09-25,27.05,27.05,27.4,26.35,26.35,2078522
2024-09-26,26.7,26.7,27.35,26.7,27.15,920612
2024-09-27,26.4,26.4,27.0,26.3,26.5,850990
2024-09-30,26.1,26.1,26.4,25.9,26.4,401750
2024-10-01,25.8,25.8,26.4,25.6,26.4,533106
2024-10-04,25.5,25.5,25.8,25.4,25.8,441568
2024-10-07,26.7,26.7,27.15,25.55,25.75,896611
2024-10-08,26.3,26.3,26.6,26.05,26.6,528186
2024-10-09,27.65,27.65,28.4,26.8,27.4,4595055
2024-10-11,27.35,27.35,29.2,27.35,28.1,7662819
2024-10-14,27.2,27.2,27.4,26.5,27.35,1596152
2024-10-15,26.45,26.45,27.85,26.45,27.4,1818423
2024-10-16,28.0,28.0,28.1,26.2,26.3,2360464
2024-10-17,28.65,28.65,30.25,28.6,29.0,11908649
2024-10-18,27.9,27.9,28.7,27.9,28.65,2245960
2024-10-21,28.55,28.55,28.8,27.8,28.15,1961548
2024-10-22,28.45,28.45,28.9,28.3,28.6,1609670
2024-10-23,28.75,28.75,29.15,28.3,28.5,1979026
2024-10-24,30.0,30.0,31.4,28.65,28.7,12414307
2024-10-25,29.5,29.5,30.55,29.3,30.4,6008296
2024-10-28,28.0,28.0,29.75,27.5,29.5,3668547
2024-10-29,27.8,27.8,28.1,27.2,28.0,1548064
2024-10-30,27.95,27.95,28.65,27.55,28.0,1333034
2024-11-01,27.75,27.75,27.85,27.15,27.65,948504
2024-11-04,27.0,27.0,27.75,26.9,27.75,1008977
2024-11-05,27.3,27.3,28.35,27.0,27.0,1193656
2024-11-06,27.3,27.3,27.8,27.1,27.5,646330
2024-11-07,28.0,28.0,28.2,27.35,27.35,893464
2024-11-08,26.5,26.5,28.45,26.45,27.9,2676830
2024-11-11,24.55,24.55,25.25,24.3,24.3,3590694
2024-11-12,23.8,23.8,24.3,23.4,24.2,2432882
2024-11-13,24.05,24.05,24.4,23.8,23.85,888081
2024-11-14,23.5,23.5,24.35,23.5,24.35,1139010
2024-11-15,23.75,23.75,24.15,23.6,23.65,504911
2024-11-18,23.25,23.25,23.7,23.25,23.7,695188
2024-11-19,23.6,23.6,23.8,23.3,23.55,426036
2024-11-20,23.05,23.05,23.7,23.0,23.6,705932
2024-11-21,23.4,23.4,23.6,23.1,23.2,302159
2024-11-22,23.7,23.7,24.1,23.5,23.5,419016
2024-11-25,24.0,24.0,24.15,23.8,23.8,468263
2024-11-26,24.1,24.1,24.2,23.75,24.0,394238
2024-11-27,23.3,23.3,24.1,23.3,24.1,626152
2024-11-28,23.55,23.55,23.9,23.0,23.55,576247
2024-11-29,23.5,23.5,24.0,23.25,23.25,283560
2024-12-02,23.5,23.5,23.9,23.4,23.65,270241
2024-12-03,23.65,23.65,24.0,23.6,23.85,237252
2024-12-04,23.65,23.65,23.9,23.4,23.65,305320
2024-12-05,23.7,23.7,23.9,23.65,23.9,307114
2024-12-06,23.55,23.55,24.0,23.5,23.7,417354
2024-12-09,23.25,23.25,23.6,23.25,23.55,510748
2024-12-10,23.35,23.35,23.6,23.25,23.3,403299
2024-12-11,23.8,23.8,24.0,23.3,23.35,479424
2024-12-12,23.7,23.7,24.1,23.65,23.9,299453
2024-12-13,22.85,22.85,23.7,22.7,23.7,886769
2024-12-16,22.7,22.7,23.0,22.5,23.0,805977
2024-12-17,24.0,24.0,24.3,22.7,22.95,2006219
2024-12-18,23.6,23.6,24.1,23.6,24.0,527701
2024-12-19,23.8,23.8,23.95,23.05,23.5,549469
2024-12-20,23.9,23.9,25.1,23.9,23.9,1651146
2024-12-23,23.9,23.9,24.6,23.9,24.2,466045
2024-12-24,23.65,23.65,24.1,23.65,24.05,469047
2024-12-25,25.7,25.7,26.0,23.95,23.95,3807581
2024-12-26,25.0,25.0,25.5,24.85,25.2,1429194
2024-12-27,24.6,24.6,25.1,24.5,25.05,523213
2024-12-30,24.2,24.2,25.0,24.15,24.9,502219
2024-12-31,24.4,24.4,24.5,24.15,24.25,296869
2025-01-02,23.9,23.9,24.75,23.85,24.75,420846
2025-01-03,23.6,23.6,24.2,23.45,24.05,563457
2025-01-06,23.9,23.9,24.1,23.55,23.75,412036
2025-01-07,23.45,23.45,24.0,23.45,23.95,354198
2025-01-08,23.4,23.4,23.8,23.2,23.5,323447
2025-01-09,23.4,23.4,25.4,23.4,25.1,2362598
2025-01-10,23.35,23.35,23.65,23.25,23.65,613300
2025-01-13,22.5,22.5,23.35,22.2,23.35,875990
2025-01-14,22.6,22.6,22.7,22.4,22.6,376953
2025-01-15,22.5,22.5,22.95,22.5,22.6,242381
2025-01-16,22.8,22.8,22.9,22.6,22.7,410066
2025-01-17,22.65,22.65,22.9,22.55,22.85,254589
2025-01-20,23.15,23.15,23.2,22.45,22.9,439991
2025-01-21,23.1,23.1,23.6,23.05,23.45,267545
2025-01-22,23.15,23.15,23.5,23.05,23.45,357407
2025-02-03,23.15,23.15,23.25,22.6,23.2,626143
2025-02-04,23.2,23.2,23.2,22.9,23.15,239888
2025-02-05,24.4,24.4,24.8,23.35,23.35,1835115
2025-02-06,24.4,24.4,24.75,24.2,24.75,439703
2025-02-07,24.55,24.55,24.75,24.2,24.25,509202
2025-02-10,24.3,24.3,24.7,24.3,24.55,327099
2025-02-11,24.8,24.8,25.3,24.35,24.55,1862167
2025-02-12,24.45,24.45,25.05,24.4,25.0,468829
2025-02-13,24.55,24.55,24.85,24.5,24.5,349734
2025-02-14,24.65,24.65,24.8,24.5,24.6,313375
2025-02-17,25.05,25.05,25.1,24.75,24.95,517515
2025-02-18,24.8,24.8,25.3,24.8,25.3,341663
2025-02-19,25.25,25.25,25.4,25.0,25.2,640006
2025-02-20,25.4,25.4,25.7,25.35,25.5,667117
2025-02-21,25.3,25.3,25.7,25.25,25.7,310967
2025-02-24,25.35,25.35,25.45,25.1,25.25,253119
2025-02-25,24.75,24.75,25.25,24.7,25.25,452808
2025-02-26,25.0,25.0,25.85,24.75,24.95,812949
2025-02-27,24.5,24.5,25.45,24.5,25.3,523976
2025-03-03,23.85,23.85,24.5,23.85,24.45,413052
2025-03-04,23.65,23.65,23.95,23.1,23.95,546021
2025-03-05,23.85,23.85,24.05,23.75,23.75,245518
2025-03-06,23.5,23.5,24.1,23.5,23.85,318368
2025-03-07,23.45,23.45,23.65,23.35,23.35,219512
2025-03-10,24.8,24.8,25.55,23.6,24.0,2828057
2025-03-11,25.1,25.1,25.15,23.9,24.3,1232932
2025-03-12,25.35,25.35,25.45,24.85,25.2,686081
2025-03-13,25.0,25.0,25.95,25.0,25.45,1177756
2025-03-14,26.5,26.5,26.65,25.05,25.05,3272846
2025-03-17,27.9,27.9,28.8,26.2,26.4,6260232
2025-03-18,28.1,28.1,28.8,27.5,28.0,4187521
2025-03-19,28.45,28.45,29.25,28.15,28.3,5251571
2025-03-20,29.35,29.35,30.05,27.9,28.8,3890671
2025-03-21,27.8,27.8,29.4,27.75,29.2,3300266
2025-03-24,28.05,28.05,28.5,27.7,28.0,1841915
2025-03-25,28.25,28.25,28.8,27.55,28.4,1733482
2025-03-26,28.6,28.6,29.0,28.3,28.55,2347765
2025-03-27,28.95,28.95,29.3,28.35,29.0,3970059
2025-03-28,28.7,28.7,28.9,27.9,28.75,2940528
2025-03-31,27.2,27.2,28.4,27.05,28.1,2834380
2025-04-01,27.2,27.2,28.2,27.2,27.7,1959003
2025-04-02,27.4,27.4,27.9,27.0,27.45,1224651
2025-04-07,24.7,24.7,24.7,24.7,24.7,108383
2025-04-08,22.25,22.25,22.25,22.25,22.25,774102
2025-04-09,20.05,20.05,20.05,20.05,20.05,1020324
2025-04-10,21.85,21.85,22.05,20.85,22.05,4207770
2025-04-11,19.95,19.95,20.35,19.7,20.25,3674844
2025-04-14,21.0,21.0,21.5,20.3,20.55,2104263
2025-04-15,22.0,22.0,22.0,21.2,21.2,984923
2025-04-16,20.8,20.8,22.15,20.8,21.85,1209610
2025-04-17,21.1,21.1,21.15,20.2,20.6,1005307
2025-04-18,21.45,21.45,21.7,21.05,21.3,892122
2025-04-21,21.65,21.65,21.95,21.3,21.5,1219075
2025-04-22,21.2,21.2,21.7,20.95,21.2,952894
2025-04-23,23.3,23.3,23.3,21.7,21.7,1934268
2025-04-24,24.3,24.3,24.35,23.3,24.15,2507124
2025-04-25,25.8,25.8,26.7,24.65,24.65,5490908
2025-04-28,25.25,25.25,26.15,24.85,25.75,1908176
2025-04-29,26.35,26.35,27.2,25.25,25.6,2313549
2025-04-30,25.6,25.6,27.0,25.6,26.4,1515674
2025-05-02,25.75,25.75,26.05,25.65,25.9,786318
2025-05-05,24.1,24.1,25.6,23.95,25.3,1593216
2025-05-06,24.75,24.75,25.0,23.95,24.25,723920
2025-05-07,25.65,25.65,26.0,24.55,24.75,1071505
2025-05-08,27.1,27.1,27.6,25.9,25.9,3037127
2025-05-09,25.95,25.95,26.9,25.9,26.9,1380711
2025-05-12,24.75,24.75,26.1,24.45,25.5,3476779
2025-05-13,25.1,25.1,25.8,24.8,25.3,1502011
2025-05-14,25.5,25.5,25.7,25.1,25.45,823108
2025-05-15,25.05,25.05,25.85,24.95,25.6,761033
2025-05-16,24.85,24.85,25.25,24.8,25.25,689363
2025-05-19,24.2,24.2,24.85,24.2,24.85,789199
2025-05-20,24.2,24.2,24.7,24.05,24.35,460151
2025-05-21,24.7,24.7,24.85,24.3,24.4,557751
2025-05-22,23.85,23.85,24.8,23.8,24.75,930235
2025-05-23,23.75,23.75,24.15,23.7,23.95,443983
2025-05-26,23.65,23.65,23.95,23.6,23.8,269171
2025-05-27,23.3,23.3,23.95,23.2,23.7,486809
2025-05-28,23.05,23.05,23.9,23.05,23.65,400812
2025-05-29,22.9,22.9,23.6,22.9,23.2,350104
2025-06-02,22.25,22.25,22.8,22.05,22.8,538758
2025-06-03,22.55,22.55,22.7,22.35,22.35,267967
2025-06-04,22.9,22.9,23.2,22.65,23.0,295039
2025-06-05,22.95,22.95,23.4,22.95,23.05,254305
2025-06-06,23.15,23.15,23.8,22.95,23.0,504881
2025-06-09,23.0,23.0,23.25,22.8,23.25,346076
2025-06-10,23.2,23.2,23.5,23.1,23.25,424789
2025-06-11,23.25,23.25,23.5,23.0,23.5,381736
2025-06-12,23.1,23.1,23.4,23.05,23.4,275110
2025-06-13,22.1,22.1,23.15,22.0,23.15,719488
2025-06-16,21.75,21.75,21.95,21.4,21.8,673116
2025-06-17,21.75,21.75,22.1,21.7,22.1,315648
2025-06-18,21.95,21.95,22.05,21.75,21.75,346724
2025-06-19,21.35,21.35,22.1,21.3,22.1,618940
2025-06-20,21.6,21.6,22.1,21.1,21.35,692809
2025-06-23,20.85,20.85,21.6,20.8,21.6,666347
2025-06-24,21.5,21.5,21.85,21.3,21.3,440428
2025-06-25,21.7,21.7,22.0,21.55,21.6,396105
2025-06-26,22.2,22.2,22.4,21.8,21.9,391191
2025-06-27,22.1,22.1,22.6,22.1,22.3,446231
2025-06-30,21.3,21.3,22.3,21.3,22.3,395209
2025-07-01,21.3,21.3,21.8,21.3,21.5,197290
2025-07-02,21.3,21.3,21.55,21.3,21.35,237359
2025-07-03,21.6,21.6,21.8,21.5,21.5,342783
2025-07-04,20.9,20.9,21.85,20.8,21.85,579555
2025-07-07,20.7,20.7,21.0,20.5,21.0,266991
2025-07-08,20.45,20.45,21.0,20.2,21.0,632074
2025-07-09,20.5,20.5,20.65,20.45,20.45,225908
2025-07-10,20.3,20.3,20.55,20.2,20.45,258338
2025-07-11,20.6,20.6,20.8,20.25,20.25,310160
2025-07-14,20.25,20.25,20.8,20.2,20.4,258671
2025-07-15,20.45,20.45,20.5,20.25,20.25,257620
2025-07-16,19.95,19.95,20.45,19.8,20.25,526911
2025-07-17,20.4,20.4,20.7,20.1,20.2,562803
2025-07-18,20.05,20.05,20.65,20.05,20.65,411345
2025-07-21,20.0,20.0,20.35,19.95,20.25,564190
2025-07-22,19.4,19.4,20.35,19.4,20.35,1039810
2025-07-23,19.95,19.95,19.95,19.55,19.6,487607
2025-07-24,20.1,20.1,20.2,19.7,20.0,344262
2025-07-25,20.0,20.0,20.2,19.85,19.9,273954
2025-07-28,20.05,20.05,20.35,19.95,20.0,236040
2025-07-29,20.25,20.25,20.4,20.05,20.2,262633
2025-07-30,20.4,20.4,20.4,20.15,20.3,326496
2025-07-31,20.2,20.2,20.45,20.05,20.4,447299
2025-08-01,20.15,20.15,20.35,19.6,20.0,437029
2025-08-04,20.6,20.6,20.65,19.85,20.0,369851
2025-08-05,20.7,20.7,20.8,20.55,20.65,276862
2025-08-06,20.75,20.75,21.2,20.65,20.8,490301
2025-08-07,20.4,20.4,20.8,20.35,20.8,384629
2025-08-08,20.4,20.4,20.65,20.3,20.6,232354
2025-08-11,19.85,19.85,20.15,19.6,20.15,743785
2025-08-12,19.95,19.95,20.15,19.8,20.05,344192
2025-08-13,20.0,20.0,20.45,19.8,20.05,523478
2025-08-14,20.2,20.2,20.5,20.05,20.15,332597
2025-08-15,20.45,20.45,20.6,20.2,20.25,406128
2025-08-18,21.05,21.05,21.5,20.4,20.5,723132
2025-08-19,20.75,20.75,21.15,20.65,21.15,346627
2025-08-20,20.2,20.2,20.75,20.1,20.75,445592
2025-08-21,20.85,20.85,21.35,20.3,20.3,606069
2025-08-22,20.65,20.65,21.2,20.65,21.0,356386
2025-08-25,20.95,20.95,21.35,20.8,20.8,527050
2025-08-26,21.25,21.25,21.75,21.0,21.15,960116
2025-08-27,21.3,21.3,21.85,21.25,21.5,443041
2025-08-28,21.05,21.05,21.4,20.9,21.35,437459
2025-08-29,20.8,20.8,21.35,20.8,21.1,309709
2025-09-01,20.0,20.0,20.8,20.0,20.8,749483
2025-09-02,19.7,19.7,20.15,19.55,20.05,430312
2025-09-03,19.9,19.9,20.15,19.7,19.7,242261
2025-09-04,19.9,19.9,20.25,19.9,20.1,246438
2025-09-05,20.3,20.3,20.4,19.85,20.1,345421
2025-09-08,20.1,20.1,20.75,20.1,20.5,456886
2025-09-09,19.7,19.7,20.3,19.65,20.15,734608
2025-09-10,19.65,19.65,19.8,19.5,19.8,554846
2025-09-11,19.15,19.15,19.9,19.05,19.9,947793
2025-09-12,19.55,19.55,19.6,19.15,19.2,313929
2025-09-15,19.3,19.3,19.7,19.15,19.7,380139
2025-09-16,21.2,21.2,21.2,21.1,21.1,702877
2025-09-17,23.3,23.3,23.3,23.3,23.3,1064615
2025-09-18,24.7,24.7,25.6,24.2,25.6,16616697
2025-09-19,23.25,23.25,26.9,23.05,24.9,9238061
2025-09-22,25.55,25.55,25.55,23.15,23.4,4663901
2025-09-23,25.9,25.9,28.1,24.85,26.9,21145074
2025-09-24,25.75,25.75,26.8,25.05,26.2,7238662
2025-09-25,25.1,25.1,26.5,24.65,25.25,5072282
2025-09-26,24.5,24.5,25.3,23.65,25.1,3430218
2025-09-30,25.8,25.8,26.25,24.8,25.4,5527284
2025-10-01,24.9,24.9,25.75,24.25,25.5,3535695
2025-10-02,24.9,24.9,25.55,24.3,25.0,3104495
2025-10-03,24.9,24.9,25.05,24.15,24.8,2833565
2025-10-07,27.35,27.35,27.35,25.3,25.8,15501204
2025-10-08,25.5,25.5,28.2,25.4,27.0,14830726
2025-10-09,24.2,24.2,24.65,24.0,24.2,6330016
2025-10-13,23.3,23.3,23.55,22.7,23.0,2385294
2025-10-14,22.95,22.95,24.2,22.9,23.7,2699550
2025-10-15,23.05,23.05,23.65,22.8,23.2,1779354
2025-10-16,22.9,22.9,23.5,22.8,23.1,1966297
2025-10-17,22.65,22.65,23.3,22.65,23.25,1423090
2025-10-20,22.85,22.85,23.0,22.2,22.75,1199290
2025-10-21,23.2,23.2,23.5,23.0,23.0,1048118
2025-10-22,23.0,23.0,23.5,22.9,23.3,710399
2025-10-23,22.55,22.55,23.0,22.5,23.0,776854
2025-10-27,22.9,22.9,23.2,22.55,22.85,818401
2025-10-28,22.3,22.3,23.1,22.3,23.1,759558
2025-10-29,22.35,22.35,22.7,22.15,22.55,826286
2025-10-30,22.7,22.7,24.0,22.6,22.7,2752723
2025-10-31,22.05,22.05,22.95,22.05,22.75,967396
2025-11-03,22.3,22.3,22.6,22.05,22.2,743571
2025-11-04,21.6,21.6,22.5,21.5,22.35,1294383
2025-11-05,21.4,21.4,21.45,20.95,21.4,765860
2025-11-06,21.75,21.75,21.8,21.4,21.7,439113
2025-11-07,23.9,23.9,23.9,22.9,23.0,3244275
2025-11-10,26.25,26.25,26.25,26.25,26.25,6753118
2025-11-11,28.85,28.85,28.85,26.6,27.0,21869734
2025-11-12,30.25,30.25,31.0,29.0,29.2,38445517
2025-11-13,29.0,29.0,30.5,28.65,30.0,13140771
2025-11-14,29.3,29.3,30.8,28.55,28.7,13581899
2025-11-17,30.0,30.0,32.2,29.65,30.0,29671647
2025-11-18,28.65,28.65,30.6,28.05,30.3,18590929
2025-11-19,27.5,27.5,29.0,27.1,28.6,7582928
2025-11-20,28.7,28.7,28.95,27.5,28.5,7322531
2025-11-21,26.45,26.45,28.0,25.95,27.55,6268125
2025-11-24,27.0,27.0,27.9,26.35,27.0,9534108
2025-11-25,27.9,27.9,27.9,27.05,27.5,14519274
2025-11-26,26.55,26.55,28.1,26.55,28.05,7901208
2025-11-27,28.9,28.9,28.9,26.7,26.7,15003518
2025-11-28,27.95,27.95,28.9,27.9,28.9,10674865
2025-12-01,27.1,27.1,27.75,27.05,27.65,2854351
2025-12-02,27.6,27.6,28.05,26.8,27.5,5312718
2025-12-03,27.45,27.45,28.35,27.25,27.55,3669210
2025-12-04,26.85,26.85,27.8,26.8,27.55,3321832
2025-12-05,27.2,27.2,27.3,26.65,26.9,2397180
2025-12-08,27.75,27.75,28.4,27.3,27.55,3405861
2025-12-09,30.5,30.5,30.5,28.7,29.25,16124392
2025-12-10,28.65,28.65,31.4,28.4,31.05,30018357
2025-12-11,29.8,29.8,29.95,28.7,28.9,10153175
2025-12-12,32.75,32.75,32.75,29.65,29.75,27071300
2025-12-15,31.6,31.6,33.8,31.35,32.45,40666868
2025-12-16,32.35,32.35,33.35,30.75,31.4,22227994
2025-12-17,31.8,31.8,33.95,31.8,32.85,30231924
2025-12-18,34.95,34.95,34.95,31.6,31.6,21903663
2025-12-19,33.55,33.55,35.2,33.1,35.05,50004238
2025-12-22,33.85,33.85,35.95,33.6,34.1,19616584
2025-12-23,33.65,33.65,35.45,33.2,33.9,20526640
2025-12-24,33.45,33.45,34.35,33.0,33.7,10117537
2025-12-26,34.5,34.5,35.0,33.35,33.7,16759079
2025-12-29,31.8,31.8,34.75,31.5,34.75,16592473
2025-12-30,32.25,32.25,32.3,31.55,32.0,4694941
2025-12-31,31.75,31.75,33.95,31.6,32.25,9923931
2026-01-02,32.6,32.6,33.65,31.75,31.9,8815929
2026-01-05,32.05,32.05,33.6,31.85,33.05,6782871
2026-01-06,33.05,33.05,33.5,31.9,32.1,6595970
2026-01-07,36.35,36.35,36.35,34.65,34.7,16229715
2026-01-08,36.55,36.55,39.9,36.5,38.0,56517705
2026-01-09,33.15,33.15,36.0,32.95,36.0,21218106
2026-01-12,34.6,34.6,35.15,33.45,33.75,12863588
2026-01-13,33.5,33.5,34.95,33.3,34.7,9803749
2026-01-14,35.0,35.0,35.35,33.4,33.8,8135491
2026-01-15,35.0,35.0,35.75,34.05,34.75,8000342
2026-01-16,35.3,35.3,35.95,34.45,35.2,9831440
2026-01-19,37.25,37.25,37.95,35.3,35.3,19347273
2026-01-20,36.4,36.4,37.7,35.0,35.8,12509573
2026-01-21,34.5,34.5,36.15,34.35,36.05,10012844
2026-01-22,34.05,34.05,36.8,34.05,35.9,8954089
2026-01-23,31.95,31.95,35.0,31.9,34.4,10757715
2026-01-26,32.55,32.55,32.8,31.95,32.15,4109807
2026-01-27,31.85,31.85,32.85,31.7,32.8,3528607
2026-01-28,34.35,34.35,34.9,32.95,32.95,9982114
2026-01-29,35.4,35.4,37.75,35.05,37.4,28386689
2026-01-30,35.4,35.4,38.5,35.05,36.05,27865399
2026-02-02,31.9,31.9,34.0,31.9,33.85,10802900
2026-02-03,30.7,30.7,32.9,30.35,32.5,9562032
2026-02-04,32.3,32.3,32.45,30.25,30.45,4773560
2026-02-05,29.8,29.8,31.6,29.8,31.3,6519931
2026-02-06,29.1,29.1,29.65,28.7,29.5,3436079
2026-02-09,31.0,31.0,31.3,30.15,30.6,3985579
2026-02-10,29.95,29.95,31.2,29.9,31.2,2407141
2026-02-11,30.3,30.3,30.75,29.65,29.8,2401455
2026-02-23,32.0,32.0,32.45,31.1,31.1,3714991
2026-02-24,33.9,33.9,34.5,31.8,32.05,6188815
2026-02-25,33.1,33.1,34.9,32.75,33.5,5135250
2026-02-26,33.9,33.9,34.8,33.3,33.7,5381203
2026-03-02,33.55,33.55,34.2,32.0,32.0,3178498
2026-03-03,31.8,31.8,34.4,31.8,33.45,4303826
2026-03-04,29.65,29.65,31.6,29.4,31.1,3721027
2026-03-05,30.85,30.85,31.9,30.35,31.15,3086659
2026-03-06,30.4,30.4,31.15,30.1,30.8,1404536
2026-03-09,27.7,27.7,28.3,27.45,28.0,2540768
2026-03-10,28.5,28.5,29.3,28.35,29.0,1897829
2026-03-11,29.85,29.85,29.95,28.95,29.1,1633372
2026-03-12,27.8,27.8,29.45,27.8,29.45,4447323
2026-03-13,27.65,27.65,28.15,27.1,27.5,2119712
2026-03-16,28.1,28.1,29.4,28.05,28.85,2093331
2026-03-17,28.7,28.7,29.2,28.4,28.55,1969524
2026-03-18,31.55,31.55,31.55,29.05,29.25,10360776
2026-03-19,33.35,33.35,34.25,30.5,30.6,17902585
2026-03-20,34.8,34.8,36.35,33.15,33.65,21339924
2026-03-23,33.2,33.2,35.0,32.9,33.5,6602494
2026-03-24,33.65,33.65,35.5,33.4,34.0,7817179
2026-03-25,32.4,32.4,34.85,32.35,34.3,7195657
2026-03-26,32.05,32.05,34.0,31.9,32.55,4217440
2026-03-27,30.75,30.75,31.5,30.25,31.5,3590476
2026-03-30,29.95,29.95,30.7,29.65,30.05,2200353
2026-03-31,28.45,28.45,30.35,28.25,29.6,2737304
2026-04-01,28.9,28.9,29.75,28.9,29.55,1731496
2026-04-02,28.55,28.55,30.8,28.4,29.95,3915178
2026-04-07,29.0,29.0,29.5,28.7,29.0,1811561
2026-04-08,30.3,30.3,30.5,29.8,30.0,2287605
2026-04-09,29.45,29.45,30.25,28.75,30.25,3194455
2026-04-10,29.5,29.5,30.2,29.25,29.5,1985092
2026-04-13,29.4,29.4,29.95,29.0,29.45,1441025
2026-04-14,31.2,31.2,31.3,29.65,29.95,2823222
2026-04-15,31.45,31.45,32.6,31.1,31.75,5361273
2026-04-16,30.75,30.75,32.15,30.6,31.5,2262762
2026-04-17,30.25,30.25,31.45,30.25,31.1,1684817
2026-04-20,30.35,30.35,31.5,30.35,30.95,2159665
2026-04-21,30.45,30.45,31.2,30.0,30.55,2568519
2026-04-22,29.9,29.9,31.0,29.9,30.9,2002789
2026-04-23,27.65,27.65,30.35,26.95,30.35,5019538
2026-04-24,27.0,27.0,28.2,26.55,28.1,2368068
2026-04-27,27.35,27.35,27.35,26.05,27.3,1516896
2026-04-28,27.55,27.55,27.7,27.0,27.55,864841
2026-04-29,28.3,28.3,30.3,28.1,29.8,11573565
2026-04-30,28.05,28.05,29.2,27.7,28.0,3036479
2026-05-04,27.85,27.85,28.45,27.6,28.25,1515443
2026-05-05,28.55,28.55,28.7,28.1,28.15,1542576
2026-05-06,28.15,28.15,29.4,28.05,29.25,1953854
2026-05-07,28.9,28.9,29.5,28.05,28.4,2487147
2026-05-08,28.0,28.0,29.7,27.8,29.3,2684914
2026-05-11,28.55,28.55,29.15,28.4,28.6,2387673
2026-05-12,28.55,28.55,29.0,28.05,28.95,1648102
2026-05-13,28.05,28.05,28.65,27.85,28.6,1357353
2026-05-14,27.8,27.8,29.0,27.65,28.3,2183668
2026-05-15,26.85,26.85,28.5,26.65,28.2,2450296
2026-05-18,26.95,26.95,27.1,26.15,26.5,1281123
2026-05-19,26.75,26.75,27.5,26.7,27.3,1166124
2026-05-20,26.6,26.6,27.3,26.5,27.05,858509
2026-05-21,27.55,27.55,27.6,26.95,27.2,1277801
2026-05-22,28.85,28.85,28.85,27.75,27.75,2515376
2026-05-25,29.0,29.0,29.4,28.4,29.25,3144615
2026-05-26,28.35,28.35,29.3,28.1,29.05,1791412
2026-05-27,29.8,29.8,30.5,28.65,28.7,7140557
2026-05-28,28.7,28.7,30.1,28.45,29.8,3731614
2026-05-29,29.4,29.4,29.9,28.5,29.55,2896370
2026-06-01,29.65,29.65,30.9,29.55,30.5,3286586
2026-06-02,32.6,32.6,32.6,29.75,30.05,15593440
2026-06-03,33.75,33.75,35.05,32.75,34.55,21825145
2026-06-04,31.95,31.95,34.35,31.7,33.5,5785606
2026-06-05,30.8,30.8,31.7,29.8,31.5,3353654
2026-06-08,28.9,28.9,29.2,27.75,27.75,2543924
2026-06-09,30.8,30.8,31.15,28.8,29.35,2824206
2026-06-10,29.15,29.15,31.45,29.0,29.9,2870959
2026-06-11,29.15,29.15,29.95,28.25,29.6,1653867
2026-06-12,31.15,31.15,31.7,30.15,30.35,2843707
2026-06-15,33.7,33.7,34.25,31.9,33.05,10398496
2026-06-16,33.9,33.9,35.45,33.4,33.75,9955659
2026-06-17,37.25,37.25,37.25,34.2,35.0,12454369
2026-06-18,37.9,37.9,38.95,36.7,37.75,22559230
2026-06-22,41.65,41.65,41.65,38.7,41.2,21692248
2026-06-23,39.45,39.45,42.05,39.05,42.05,13545303
2026-06-24,38.6,38.6,40.95,37.7,39.0,10288550
2026-06-25,37.1,37.1,42.2,36.5,40.05,9939839
2026-06-26,36.35,36.35,39.75,36.25,36.9,9064337
2026-06-29,36.65,36.65,38.2,35.55,36.35,5884089
2026-06-30,36.75,36.75,38.35,36.65,37.25,5208396
2026-07-01,34.8,34.8,37.45,34.2,37.15,7690526
2026-07-02,36.6,36.6,36.9,33.4,34.05,4225360
2026-07-03,35.55,35.55,37.15,35.45,35.75,3222648
2026-07-06,37.8,37.8,38.1,35.75,35.75,5709208
2026-07-07,36.0,36.0,38.3,35.5,38.05,5059607
2026-07-08,35.8,35.8,36.7,34.65,36.3,3688538
2026-07-09,37.15,37.15,38.9,36.8,37.3,7982936
2026-07-13,34.35,34.35,38.8,34.0,37.45,6529324
2026-07-14,34.25,34.25,34.6,32.3,34.35,3712376
2026-07-15,33.6,33.6,35.5,33.45,34.5,3207716
2026-07-16,32.25,32.25,33.4,32.25,33.4,2358909
2026-07-17,29.45,29.45,31.6,29.2,31.6,3772668
2026-07-20,28.4,28.4,29.75,27.45,29.4,2779972
2026-07-21,29.1,29.1,29.55,28.45,28.95,1452626
2026-07-22,30.15,30.15,30.65,29.75,29.75,1905061
2026-07-23,29.9,29.9,30.65,29.4,30.35,1360892
2026-07-24,28.9,28.9,30.35,28.85,29.8,1425342
2026-07-27,28.6,28.6,29.05,27.95,28.9,1272729
2026-07-28,26.8,26.8,27.6,26.8,27.5,2063167
2026-07-29,26.15,26.15,28.2,24.95,27.2,4606429
2026-07-30,25.4,25.4,26.5,25.15,26.05,1988928
2026-07-31,27.15,27.15,27.6,26.7,27.35,1473636
2026-08-03,27.75,27.75,28.0,26.6,26.65,1353510
2026-08-04,28.8,28.8,28.8,27.2,27.2,1280579
2026-08-05,29.05,29.05,29.85,29.05,29.5,1235420
2026-08-06,29.15,29.15,29.2,28.15,29.1,906546
2026-08-07,29.0,29.0,29.45,28.65,29.2,735141
2026-08-10,29.55,29.55,30.8,29.05,29.05,1990468
2026-08-11,28.8,28.8,29.55,28.55,29.55,1281386
2026-08-12,28.9,28.9,29.55,28.9,28.9,791619
2026-08-13,28.8,28.8,29.55,28.8,29.2,867791
2026-08-14,28.8,28.8,29.5,28.8,29.05,870924
2026-08-17,28.2,28.2,28.95,28.15,28.7,1008002
2026-08-18,27.6,27.6,28.4,27.5,28.35,791420
2026-08-19,27.55,27.55,27.55,26.9,26.9,615904
2026-08-20,27.4,27.4,27.85,27.2,27.7,650525
2026-08-21,27.55,27.55,28.0,27.1,27.4,412711
2026-08-24,27.4,27.4,27.8,27.35,27.45,466305
2026-08-25,27.15,27.15,27.2,26.6,27.15,845471
2026-08-26,27.35,27.35,27.55,27.15,27.3,660561
2026-08-27,27.35,27.35,27.85,27.3,27.5,684158
2026-08-28,26.9,26.9,27.7,26.9,27.55,999086
2026-08-31,26.5,26.5,27.25,26.45,26.9,883062
2026-09-01,26.7,26.7,26.85,26.5,26.5,608593
2026-09-02,26.75,26.75,26.95,26.35,26.55,493679
