,Adj Close,Close,High,Low,Open,Volume
2020-01-02,26.92724609375,30.4869327545166,31.029579162597656,30.388269424438477,30.88158416748047,2350196
2020-01-03,26.752960205078125,30.28960609436035,30.832252502441406,29.50029945373535,30.832252502441406,3103721
2020-01-06,26.491533279418945,29.993616104125977,30.437599182128906,29.598962783813477,29.993616104125977,2059767
2020-01-07,25.881526947021484,29.302974700927734,30.437599182128906,29.302974700927734,30.0922794342041,2336589
2020-01-08,25.140811920166016,28.464336395263672,29.154979705810547,28.464336395263672,29.154979705810547,2653056
2020-01-09,25.315093994140625,28.661663055419922,29.302974700927734,28.661663055419922,28.908321380615234,1370725
2020-01-10,25.794384002685547,29.204309463500977,29.84562110900879,28.661663055419922,29.05631446838379,1815740
2020-01-13,26.752960205078125,30.28960609436035,30.28960609436035,29.352304458618164,29.84562110900879,2007840
2020-01-14,26.53510093688965,30.04294776916504,30.437599182128906,29.993616104125977,30.388269424438477,1470955
2020-01-15,26.273672103881836,29.746957778930664,30.24027442932129,29.746957778930664,30.190942764282227,1172981
2020-01-16,26.230098724365234,29.6976261138916,29.944284439086914,29.6976261138916,29.89495277404785,591334
2020-01-17,26.44795799255371,29.944284439086914,30.28960609436035,29.746957778930664,30.190942764282227,996500
2020-01-20,26.36081314086914,29.84562110900879,30.190942764282227,29.84562110900879,29.993616104125977,778841
2020-01-30,23.746519088745117,26.885725021362305,27.576366424560547,26.885725021362305,27.132383346557617,2630169
2020-01-31,23.485090255737305,26.58973503112793,27.033720016479492,25.652435302734375,26.885725021362305,1757487
2020-02-03,22.43937110900879,25.405776977539062,25.553770065307617,24.271150588989258,25.15911865234375,2402486
2020-02-04,23.615802764892578,26.737730026245117,28.513668060302734,26.737730026245117,28.316341400146484,1562459
2020-02-05,23.790090560913086,26.935056686401367,27.280378341674805,26.540403366088867,27.231046676635742,1039583
2020-02-06,24.22580337524414,27.42837142944336,27.62569808959961,27.231046676635742,27.42837142944336,769724
2020-02-07,23.528663635253906,26.639066696166992,27.42837142944336,26.639066696166992,27.42837142944336,910523
2020-02-10,23.528663635253906,26.639066696166992,26.836393356323242,25.849760055541992,26.145751953125,725714
2020-02-11,23.920804977416992,27.083051681518555,27.37904167175293,26.78706169128418,26.836393356323242,695459
2020-02-12,24.05152130126953,27.231046676635742,27.62569808959961,27.083051681518555,27.132383346557617,961866
2020-02-13,23.964378356933594,27.132383346557617,27.773693084716797,27.083051681518555,27.527036666870117,1139355
2020-02-14,24.007946014404297,27.181713104248047,27.280378341674805,26.885725021362305,26.885725021362305,554664
2020-02-17,23.746519088745117,26.885725021362305,27.033720016479492,26.688398361206055,26.78706169128418,635154
2020-02-18,23.702945709228516,26.836393356323242,27.329708099365234,26.78706169128418,26.836393356323242,500796
2020-02-19,23.746519088745117,26.885725021362305,27.033720016479492,26.836393356323242,26.935056686401367,421672
2020-02-20,23.877233505249023,27.033720016479492,27.329708099365234,26.98438835144043,27.132383346557617,416641
2020-02-21,23.702945709228516,26.836393356323242,27.231046676635742,26.78706169128418,27.231046676635742,500970
2020-02-24,23.267230987548828,26.343076705932617,26.737730026245117,26.19508171081543,26.737730026245117,699551
2020-02-25,23.00580406188965,26.047088623046875,26.19508171081543,25.652435302734375,25.701765060424805,536515
2020-02-26,22.87508773803711,25.899093627929688,26.293746948242188,25.652435302734375,25.701765060424805,409459
2020-02-27,21.9600830078125,24.863128662109375,26.047088623046875,24.863128662109375,25.899093627929688,1201065
2020-03-02,21.872941970825195,24.76446533203125,25.15911865234375,24.271150588989258,24.468475341796875,1147348
2020-03-03,22.35222816467285,25.307113647460938,25.7510986328125,25.15911865234375,25.504440307617188,490754
2020-03-04,22.52651596069336,25.504440307617188,25.652435302734375,24.912460327148438,25.257781982421875,487030
2020-03-05,22.700801849365234,25.701765060424805,25.948423385620117,25.652435302734375,25.7510986328125,647865
2020-03-06,22.39579963684082,25.3564453125,25.504440307617188,25.208450317382812,25.455108642578125,401380
2020-03-09,21.001508712768555,23.777833938598633,24.912460327148438,23.72850227355957,24.813796997070312,1209769
2020-03-10,21.132221221923828,23.92582893371582,23.92582893371582,23.087190628051758,23.185853958129883,802747
2020-03-11,20.69650650024414,23.432512283325195,24.271150588989258,23.33384895324707,23.975160598754883,591149
2020-03-12,19.08435821533203,21.607242584228516,23.037860870361328,21.50857925415039,23.037860870361328,1556003
2020-03-13,17.6900691986084,20.02863121032715,20.2259578704834,19.485984802246094,19.732641220092773,2407332
2020-03-16,16.64434814453125,18.84467315673828,20.324621200561523,18.84467315673828,20.2259578704834,1485858
2020-03-17,16.33934783935547,18.499351501464844,18.99266815185547,17.80870819091797,17.907373428344727,1136151
2020-03-18,15.729344367980957,17.80870819091797,18.894004821777344,17.75937843322754,18.59801483154297,811847
2020-03-19,14.1607666015625,16.03277015686035,17.463388442993164,16.03277015686035,17.463388442993164,1878694
2020-03-20,15.337199211120605,17.36472511291504,17.56205177307129,16.42742347717285,16.42742347717285,941688
2020-03-23,14.988627433776855,16.97007179260254,17.0194034576416,15.983440399169922,16.476755142211914,524009
2020-03-24,15.772917747497559,17.858041763305664,18.15403175354004,17.512720108032227,17.512720108032227,404418
2020-03-25,17.08006477355957,19.337989807128906,19.63397979736328,18.59801483154297,18.59801483154297,1362311
2020-03-26,17.03649139404297,19.28865623474121,19.584646224975586,18.84467315673828,19.584646224975586,813887
2020-03-27,16.295774459838867,18.45001983642578,19.4366512298584,18.45001983642578,19.337989807128906,2003062
2020-03-30,16.208633422851562,18.351356506347656,18.351356506347656,17.4140567779541,17.61138343811035,562535
2020-03-31,16.382919311523438,18.548683166503906,18.84467315673828,18.25269317626953,18.746009826660156,357639
2020-04-01,16.557205200195312,18.746009826660156,18.84467315673828,18.351356506347656,18.351356506347656,319300
2020-04-06,16.64434814453125,18.84467315673828,19.04199981689453,18.499351501464844,18.79534149169922,398344
2020-04-07,17.472211837768555,19.78197479248047,19.979299545288086,19.091331481933594,19.140663146972656,942882
2020-04-08,17.951496124267578,20.324621200561523,20.47261619567871,19.63397979736328,19.78197479248047,768695
2020-04-09,18.038639068603516,20.42328453063965,20.91659927368164,20.176626205444336,20.47261619567871,838920
2020-04-10,17.951496124267578,20.324621200561523,20.521947860717773,20.02863121032715,20.521947860717773,348763
2020-04-13,18.3872127532959,20.81793785095215,21.360584259033203,20.47261619567871,20.6206111907959,1148486
2020-04-14,19.99936294555664,22.643207550048828,22.88986587524414,20.86726951599121,20.86726951599121,5248350
2020-04-15,19.955791473388672,22.593875885009766,22.88986587524414,22.248554229736328,22.445880889892578,1709056
2020-04-16,20.042932510375977,22.692537307739258,22.741870880126953,22.10055923461914,22.347217559814453,748019
2020-04-17,20.042932510375977,22.692537307739258,23.235185623168945,22.445880889892578,22.988527297973633,1699162
2020-04-20,20.217220306396484,22.88986587524414,23.087190628051758,22.593875885009766,22.93919563293457,621558
2020-04-21,19.04078483581543,21.557910919189453,22.93919563293457,21.459247589111328,22.93919563293457,1264351
2020-04-22,19.1279296875,21.656574249267578,21.804569244384766,20.719274520874023,21.360584259033203,916536
2020-04-23,19.345787048339844,21.90323257446289,22.445880889892578,21.804569244384766,22.10055923461914,694343
2020-04-24,19.389358520507812,21.952564239501953,22.199222564697266,21.755237579345703,22.199222564697266,336711
2020-04-27,19.825075149536133,22.445880889892578,22.643207550048828,22.199222564697266,22.199222564697266,489466
2020-04-28,20.173646926879883,22.840532302856445,22.93919563293457,22.49521255493164,22.88986587524414,614211
2020-04-29,21.437227249145508,24.271150588989258,24.271150588989258,23.087190628051758,23.235185623168945,2410768
2020-04-30,21.480792999267578,24.320480346679688,25.257781982421875,24.271150588989258,24.76446533203125,6141095
2020-05-04,20.522220611572266,23.235185623168945,23.876497268676758,23.087190628051758,23.580507278442383,1819335
2020-05-05,20.74007797241211,23.481843948364258,23.876497268676758,23.33384895324707,23.876497268676758,1218088
2020-05-06,20.478647232055664,23.185853958129883,23.975160598754883,23.185853958129883,23.432512283325195,753313
2020-05-07,20.957937240600586,23.72850227355957,24.024492263793945,23.383180618286133,23.383180618286133,640566
2020-05-08,21.61151123046875,24.468475341796875,24.863128662109375,23.827165603637695,24.024492263793945,2106455
2020-05-11,21.829368591308594,24.715133666992188,24.863128662109375,24.073823928833008,24.567138671875,1504303
2020-05-12,21.872941970825195,24.76446533203125,25.7510986328125,24.76446533203125,24.9617919921875,2706332
2020-05-13,22.43937110900879,25.405776977539062,25.553770065307617,24.616470336914062,24.813796997070312,2732984
2020-05-14,20.783653259277344,23.53117561340332,24.468475341796875,23.481843948364258,23.679170608520508,3579054
2020-05-15,20.957937240600586,23.72850227355957,23.92582893371582,23.284517288208008,23.679170608520508,1080634
2020-05-18,20.783653259277344,23.53117561340332,24.024492263793945,23.481843948364258,24.024492263793945,634023
2020-05-19,20.652935028076172,23.383180618286133,23.92582893371582,23.33384895324707,23.679170608520508,767409
2020-05-20,20.69650650024414,23.432512283325195,23.679170608520508,23.33384895324707,23.53117561340332,353214
2020-05-21,20.87079620361328,23.629838943481445,23.92582893371582,23.580507278442383,23.679170608520508,561627
2020-05-22,21.001508712768555,23.777833938598633,23.827165603637695,23.580507278442383,23.679170608520508,542756
2020-05-25,21.306509017944336,24.12315559387207,24.616470336914062,23.777833938598633,23.827165603637695,724985
2020-05-26,21.262937545776367,24.073823928833008,24.468475341796875,24.024492263793945,24.468475341796875,624349
2020-05-27,21.829368591308594,24.715133666992188,24.76446533203125,24.12315559387207,24.1724853515625,1336212
2020-05-28,21.524368286132812,24.369813919067383,24.863128662109375,24.024492263793945,24.715133666992188,1184838
2020-05-29,21.262937545776367,24.073823928833008,24.567138671875,24.024492263793945,24.271150588989258,482956
2020-06-01,22.090797424316406,25.011123657226562,25.15911865234375,24.073823928833008,24.12315559387207,1797083
2020-06-02,21.9600830078125,24.863128662109375,26.047088623046875,24.863128662109375,25.3564453125,2776123
2020-06-03,22.39579963684082,25.3564453125,25.849760055541992,24.9617919921875,25.15911865234375,1913835
2020-06-04,23.223663330078125,26.293746948242188,26.98438835144043,25.15911865234375,25.652435302734375,4680326
2020-06-05,23.00580406188965,26.047088623046875,26.540403366088867,25.849760055541992,26.047088623046875,1488016
2020-06-08,23.702945709228516,26.836393356323242,26.836393356323242,25.849760055541992,26.293746948242188,1744108
2020-06-09,23.354373931884766,26.441740036010742,27.181713104248047,26.244413375854492,27.033720016479492,1307713
2020-06-10,23.049373626708984,26.096418380737305,26.343076705932617,25.652435302734375,26.19508171081543,1368441
2020-06-11,21.9600830078125,24.863128662109375,26.39240837097168,24.863128662109375,26.145751953125,1769223
2020-06-12,21.306509017944336,24.12315559387207,24.419145584106445,23.629838943481445,23.679170608520508,1467769
2020-06-15,21.001508712768555,23.777833938598633,24.320480346679688,23.679170608520508,24.073823928833008,823278
2020-06-16,22.090797424316406,25.011123657226562,25.060455322265625,24.1724853515625,24.271150588989258,1115875
2020-06-17,23.397947311401367,26.491071701049805,27.033720016479492,25.307113647460938,25.652435302734375,3932923
2020-06-18,24.356521606445312,27.576366424560547,27.773693084716797,26.639066696166992,27.181713104248047,3525687
2020-06-19,24.8358097076416,28.119014739990234,29.549631118774414,27.083051681518555,27.62569808959961,7943566
2020-06-22,24.7486629486084,28.02035140991211,29.45096778869629,28.02035140991211,29.401636123657227,5015498
2020-06-23,23.572233200073242,26.688398361206055,28.119014739990234,26.639066696166992,28.02035140991211,2362352
2020-06-24,24.443662643432617,27.675031661987305,28.41500473022461,26.935056686401367,27.132383346557617,3242525
2020-06-29,24.574377059936523,27.82302474975586,27.872356414794922,27.181713104248047,27.231046676635742,1415746
2020-06-30,24.48723602294922,27.724361419677734,28.41500473022461,27.675031661987305,28.119014739990234,876832
2020-07-01,24.356521606445312,27.576366424560547,28.710994720458984,27.576366424560547,27.675031661987305,1910736
2020-07-02,24.92295265197754,28.21767807006836,28.710994720458984,27.675031661987305,27.675031661987305,1970760
2020-07-03,24.966522216796875,28.267009735107422,28.809656143188477,28.02035140991211,28.710994720458984,1358744
2020-07-06,24.8358097076416,28.119014739990234,28.513668060302734,28.02035140991211,28.513668060302734,1795743
2020-07-07,24.138662338256836,27.329708099365234,28.513668060302734,27.181713104248047,28.316341400146484,1889558
2020-07-08,25.140811920166016,28.464336395263672,28.710994720458984,27.576366424560547,27.576366424560547,2273678
2020-07-09,25.140811920166016,28.464336395263672,29.25364112854004,28.21767807006836,28.661663055419922,3164090
2020-07-10,24.0950927734375,27.280378341674805,28.562999725341797,26.78706169128418,28.562999725341797,1523367
2020-07-13,23.920804977416992,27.083051681518555,27.872356414794922,26.935056686401367,27.329708099365234,1777969
2020-07-14,23.223663330078125,26.293746948242188,27.477703094482422,26.145751953125,27.477703094482422,1611644
2020-07-15,23.092947006225586,26.145751953125,26.836393356323242,25.948423385620117,26.58973503112793,1284674
2020-07-16,22.744375228881836,25.7510986328125,26.491071701049805,25.3564453125,26.343076705932617,1488463
2020-07-17,22.134368896484375,25.060455322265625,26.047088623046875,25.011123657226562,25.99775505065918,1442627
2020-07-20,22.787940979003906,25.80042839050293,25.948423385620117,24.912460327148438,25.15911865234375,1463388
2020-07-21,23.00522804260254,25.307113647460938,25.80042839050293,25.307113647460938,25.652435302734375,1231516
2020-07-22,25.292293548583984,27.82302474975586,27.82302474975586,25.7510986328125,25.7510986328125,5360169
2020-07-23,24.843847274780273,27.329708099365234,27.82302474975586,27.132383346557617,27.62569808959961,2678086
2020-07-24,24.03664779663086,26.441740036010742,27.477703094482422,26.343076705932617,27.083051681518555,1585952
2020-07-27,23.498512268066406,25.849760055541992,26.688398361206055,25.455108642578125,26.688398361206055,934160
2020-07-28,22.511934280395508,24.76446533203125,26.145751953125,24.616470336914062,26.047088623046875,1305860
2020-07-29,23.050067901611328,25.3564453125,25.504440307617188,24.616470336914062,24.9617919921875,974625
2020-07-30,23.58820343017578,25.948423385620117,26.047088623046875,25.405776977539062,25.553770065307617,418823
2020-07-31,23.543359756469727,25.899093627929688,26.096418380737305,25.701765060424805,26.047088623046875,450297
2020-08-03,23.857269287109375,26.244413375854492,26.343076705932617,25.849760055541992,25.948423385620117,431060
2020-08-04,23.902118682861328,26.293746948242188,26.491071701049805,26.145751953125,26.491071701049805,468583
2020-08-05,24.79900550842285,27.280378341674805,27.82302474975586,26.491071701049805,26.491071701049805,1706003
2020-08-06,23.857269287109375,26.244413375854492,27.872356414794922,26.145751953125,27.675031661987305,2169096
2020-08-07,24.171180725097656,26.58973503112793,26.78706169128418,25.7510986328125,26.491071701049805,1269113
2020-08-10,24.440250396728516,26.885725021362305,27.329708099365234,26.441740036010742,26.639066696166992,1648936
2020-08-11,25.292293548583984,27.82302474975586,29.00698471069336,27.329708099365234,27.675031661987305,7960760
2020-08-12,26.996383666992188,29.6976261138916,30.190942764282227,27.42837142944336,27.42837142944336,8557242
2020-08-13,25.695894241333008,28.267009735107422,30.141611099243164,27.921688079833984,30.0922794342041,9425308
2020-08-14,25.695894241333008,28.267009735107422,28.661663055419922,27.971019744873047,28.316341400146484,2394501
2020-08-17,26.592782974243164,29.25364112854004,29.401636123657227,28.365673065185547,28.809656143188477,3912783
2020-08-18,26.458250045776367,29.10564613342285,30.782922744750977,29.00698471069336,30.141611099243164,7695067
2020-08-19,27.579362869262695,30.338937759399414,31.029579162597656,29.154979705810547,29.204309463500977,8246703
2020-08-20,26.18918228149414,28.809656143188477,30.88158416748047,27.82302474975586,30.04294776916504,7046981
2020-08-21,28.745319366455078,31.621559143066406,31.67089080810547,29.204309463500977,29.25364112854004,11347426
2020-08-24,30.225187301635742,33.2495002746582,33.39749526977539,30.388269424438477,32.50952911376953,15042697
2020-08-25,29.238611221313477,32.164207458496094,33.05217742919922,32.06554412841797,33.05217742919922,11911063
2020-08-26,29.059232711791992,31.966880798339844,32.756187438964844,31.572227478027344,32.410865783691406,6754172
2020-08-27,28.431407928466797,31.27623748779297,32.410865783691406,30.782922744750977,32.016212463378906,5666849
2020-08-28,28.610788345336914,31.47356414794922,32.361534118652344,31.177574157714844,31.47356414794922,5041387
2020-08-31,29.597366333007812,32.558860778808594,32.756187438964844,31.52289581298828,31.769554138183594,6661899
2020-09-01,27.893272399902344,30.68425750732422,32.558860778808594,30.24027442932129,32.558860778808594,7661009
2020-09-02,28.341718673706055,31.177574157714844,32.164207458496094,31.07891082763672,31.27623748779297,4349628
2020-09-03,28.565940856933594,31.424232482910156,31.769554138183594,31.226905822753906,31.52289581298828,1991637
2020-09-04,28.252031326293945,31.07891082763672,31.27623748779297,30.388269424438477,30.63492774963379,2152269
2020-09-07,27.848432540893555,30.63492774963379,31.572227478027344,30.585594177246094,31.424232482910156,2864778
2020-09-08,28.027809143066406,30.832252502441406,31.374900817871094,30.0922794342041,30.782922744750977,2654426
2020-09-09,28.521100997924805,31.374900817871094,31.374900817871094,30.24027442932129,30.388269424438477,1683182
2020-09-10,28.790164947509766,31.67089080810547,33.34816360473633,31.52289581298828,31.67089080810547,8875083
2020-09-11,27.4448299407959,30.190942764282227,31.72022247314453,30.04294776916504,31.374900817871094,6150707
2020-09-14,27.4448299407959,30.190942764282227,30.4869327545166,29.796289443969727,30.190942764282227,1837898
2020-09-15,27.4448299407959,30.190942764282227,30.930917739868164,30.190942764282227,30.24027442932129,1447363
2020-09-16,28.11749839782715,30.930917739868164,31.374900817871094,30.338937759399414,30.585594177246094,4526052
2020-09-17,28.11749839782715,30.930917739868164,31.27623748779297,30.4869327545166,30.832252502441406,1586730
2020-09-18,27.938119888305664,30.73358917236328,31.226905822753906,30.63492774963379,31.12824249267578,827224
2020-09-21,27.938119888305664,30.73358917236328,31.52289581298828,30.68425750732422,30.73358917236328,1934211
2020-09-22,27.669050216674805,30.437599182128906,30.88158416748047,29.746957778930664,30.832252502441406,1310012
2020-09-23,27.713899612426758,30.4869327545166,31.27623748779297,30.24027442932129,30.73358917236328,1213875
2020-09-24,26.9515438079834,29.64829444885254,30.585594177246094,29.598962783813477,30.388269424438477,2385223
2020-09-25,26.54793930053711,29.204309463500977,30.141611099243164,28.267009735107422,30.04294776916504,2223828
2020-09-28,27.893272399902344,30.68425750732422,30.88158416748047,29.50029945373535,29.549631118774414,1792637
2020-09-29,28.162342071533203,30.980247497558594,31.966880798339844,30.930917739868164,30.980247497558594,3833827
2020-09-30,28.11749839782715,30.930917739868164,31.47356414794922,30.782922744750977,31.12824249267578,822151
2020-10-05,28.790164947509766,31.67089080810547,31.91754913330078,31.07891082763672,31.424232482910156,2315551
2020-10-06,29.059232711791992,31.966880798339844,32.756187438964844,31.424232482910156,32.164207458496094,3232306
2020-10-07,28.296876907348633,31.12824249267578,31.966880798339844,31.12824249267578,31.91754913330078,1411043
2020-10-08,28.879854202270508,31.769554138183594,31.818885803222656,31.12824249267578,31.27623748779297,1350493
2020-10-12,29.059232711791992,31.966880798339844,32.361534118652344,31.07891082763672,32.06554412841797,1753755
2020-10-13,30.628786087036133,33.693485260009766,34.8281135559082,31.67089080810547,32.016212463378906,12714630
2020-10-14,30.67363166809082,33.74281692504883,34.72945022583008,32.608192443847656,34.0388069152832,9796147
2020-10-15,31.749902725219727,34.92677688598633,35.666751861572266,33.150840759277344,33.890811920166016,7204645
2020-10-16,29.866436004638672,32.85485076904297,34.680118560791016,32.805519104003906,34.63078689575195,6835381
2020-10-19,30.090652465820312,33.101505279541016,33.59482192993164,32.410865783691406,32.85485076904297,2454541
2020-10-20,29.866436004638672,32.85485076904297,33.2495002746582,32.65752410888672,33.101505279541016,1017613
2020-10-21,30.270036697387695,33.29883575439453,34.13747024536133,33.05217742919922,33.2495002746582,2095418
2020-10-22,30.225187301635742,33.2495002746582,33.6441535949707,32.85485076904297,33.29883575439453,1042513
2020-10-23,31.346302032470703,34.482791900634766,34.53212356567383,33.44682693481445,33.59482192993164,3665090
2020-10-26,30.808168411254883,33.890811920166016,35.02544021606445,33.74281692504883,34.8281135559082,2924390
2020-10-27,30.58394432067871,33.6441535949707,34.13747024536133,33.29883575439453,33.54549026489258,1836662
2020-10-28,29.866436004638672,32.85485076904297,33.84148025512695,32.85485076904297,33.79214859008789,2104440
2020-10-29,29.328298568725586,32.26287078857422,32.65752410888672,32.11487579345703,32.50952911376953,1712854
2020-10-30,28.96954345703125,31.86821746826172,32.85485076904297,31.86821746826172,32.26287078857422,1615636
2020-11-02,29.328298568725586,32.26287078857422,32.46019744873047,30.930917739868164,32.410865783691406,1508365
2020-11-03,30.359722137451172,33.39749526977539,33.890811920166016,32.756187438964844,32.805519104003906,2067602
2020-11-04,31.570524215698242,34.72945022583008,34.72945022583008,33.29883575439453,33.84148025512695,3731629
2020-11-05,31.211769104003906,34.33479690551758,34.72945022583008,33.94014358520508,34.72945022583008,2057145
2020-11-06,30.58394432067871,33.6441535949707,34.680118560791016,33.44682693481445,34.33479690551758,1770924
2020-11-09,32.557106018066406,35.81474685668945,36.258731842041016,33.84148025512695,34.088138580322266,6521604
2020-11-10,31.52568244934082,34.680118560791016,35.76541519165039,34.33479690551758,35.71608352661133,4214438
2020-11-11,31.391149520874023,34.53212356567383,34.877445220947266,34.0388069152832,34.0388069152832,1689996
2020-11-12,29.462833404541016,32.410865783691406,33.98947525024414,32.26287078857422,33.94014358520508,6895821
2020-11-13,29.462833404541016,32.410865783691406,32.85485076904297,32.26287078857422,32.26287078857422,1233438
2020-11-16,29.059232711791992,31.966880798339844,32.756187438964844,31.818885803222656,32.70685577392578,1717154
2020-11-17,29.77674674987793,32.756187438964844,32.756187438964844,31.966880798339844,31.966880798339844,1507248
2020-11-18,29.328298568725586,32.26287078857422,32.805519104003906,32.164207458496094,32.756187438964844,964964
2020-11-19,29.19376564025879,32.11487579345703,32.46019744873047,31.966880798339844,32.06554412841797,1103045
2020-11-20,28.65563201904297,31.52289581298828,32.26287078857422,31.424232482910156,32.26287078857422,2231429
2020-11-23,28.700477600097656,31.572227478027344,31.966880798339844,31.32556915283203,31.572227478027344,1376728
2020-11-24,28.476253509521484,31.32556915283203,31.769554138183594,31.27623748779297,31.572227478027344,1293016
2020-11-25,27.938119888305664,30.73358917236328,31.572227478027344,30.4869327545166,31.374900817871094,2699080
2020-11-26,28.879854202270508,31.769554138183594,31.91754913330078,30.88158416748047,30.980247497558594,1588464
2020-11-27,28.924699783325195,31.818885803222656,31.966880798339844,31.572227478027344,31.769554138183594,902534
2020-11-30,28.431407928466797,31.27623748779297,31.91754913330078,31.177574157714844,31.818885803222656,1297660
2020-12-01,28.252031326293945,31.07891082763672,31.52289581298828,30.832252502441406,31.374900817871094,955524
2020-12-02,28.341718673706055,31.177574157714844,31.621559143066406,31.12824249267578,31.177574157714844,895172
2020-12-03,28.027809143066406,30.832252502441406,31.27623748779297,30.832252502441406,31.27623748779297,873680
2020-12-04,27.893272399902344,30.68425750732422,31.029579162597656,30.68425750732422,31.029579162597656,735226
2020-12-07,28.207185745239258,31.029579162597656,31.91754913330078,30.832252502441406,31.91754913330078,1010204
2020-12-08,28.341718673706055,31.177574157714844,31.374900817871094,30.930917739868164,31.07891082763672,758135
2020-12-09,29.059232711791992,31.966880798339844,32.164207458496094,31.226905822753906,31.374900817871094,1682386
2020-12-10,28.700477600097656,31.572227478027344,32.213539123535156,31.374900817871094,32.016212463378906,1106690
2020-12-11,28.11749839782715,30.930917739868164,32.164207458496094,30.68425750732422,31.966880798339844,990796
2020-12-14,28.431407928466797,31.27623748779297,31.818885803222656,31.029579162597656,31.27623748779297,768574
2020-12-15,27.624210357666016,30.388269424438477,31.67089080810547,30.388269424438477,31.32556915283203,945641
2020-12-16,27.624210357666016,30.388269424438477,30.782922744750977,30.338937759399414,30.4869327545166,1159501
2020-12-17,28.252031326293945,31.07891082763672,31.27623748779297,30.782922744750977,30.832252502441406,746124
2020-12-18,29.687057495117188,32.65752410888672,33.39749526977539,32.164207458496094,32.85485076904297,8501659
2020-12-21,31.301454544067383,34.4334602355957,35.02544021606445,31.966880798339844,32.410865783691406,8494959
2020-12-22,33.812747955322266,37.19602966308594,37.83734130859375,34.680118560791016,35.6174201965332,27321745
2020-12-23,34.664794921875,38.133331298828125,39.41595458984375,36.65338134765625,37.98533630371094,23721311
2020-12-24,34.97870635986328,38.47865295410156,39.85993576049805,37.83734130859375,38.133331298828125,12676749
2020-12-25,35.427154541015625,38.97196960449219,39.85993576049805,38.23199462890625,38.67597961425781,7964467
2020-12-28,37.80391311645508,41.586544036865234,42.869163513183594,39.46528244018555,40.64924240112305,13996585
2020-12-29,38.117820739746094,41.93186569213867,43.707801818847656,41.09322738647461,41.93186569213867,10167087
2020-12-30,38.4765739440918,42.32651901245117,43.21448516845703,41.73453903198242,42.32651901245117,5001251
2020-12-31,37.89359664916992,41.68520736694336,42.62250518798828,40.30392074584961,42.4251823425293,9349583
2021-01-04,41.66053771972656,45.829063415527344,45.829063415527344,42.0305290222168,42.4251823425293,15236273
2021-01-05,41.88475799560547,46.075721740722656,48.19697952270508,44.79309844970703,46.174381256103516,17937819
2021-01-06,39.956443786621094,43.95446014404297,46.66769790649414,42.32651901245117,45.681068420410156,10628149
2021-01-07,40.13582229614258,44.15178680419922,45.87839126586914,43.55980682373047,45.38507843017578,5804005
2021-01-08,39.687374114990234,43.658470153808594,44.694435119628906,42.0305290222168,44.59577178955078,6197425
2021-01-11,40.270355224609375,44.299781799316406,44.74376678466797,43.461143493652344,43.80646514892578,3773390
2021-01-12,37.93844223022461,41.73453903198242,44.299781799316406,41.2412223815918,44.299781799316406,5248023
2021-01-13,38.611106872558594,42.474510192871094,43.16515350341797,42.4251823425293,42.4251823425293,2806519
2021-01-14,39.37346649169922,43.313148498535156,44.250450134277344,42.12919235229492,42.474510192871094,3286584
2021-01-15,40.98787307739258,45.089088439941406,45.38507843017578,41.93186569213867,43.313148498535156,8600487
2021-01-18,40.5394287109375,44.59577178955078,44.79309844970703,42.62250518798828,44.59577178955078,6351503
2021-01-19,39.55284118652344,43.510475158691406,45.286415100097656,43.21448516845703,45.039756774902344,5223941
2021-01-20,37.31061553955078,41.04389572143555,44.497108459472656,41.04389572143555,43.01715850830078,5922407
2021-01-21,37.66938018798828,41.43854904174805,42.474510192871094,41.09322738647461,41.73453903198242,4311997
2021-01-22,37.71421813964844,41.48788070678711,42.12919235229492,40.4519157409668,41.43854904174805,2257787
2021-01-25,37.80391311645508,41.586544036865234,41.88253402709961,39.56394958496094,40.94523239135742,2820966
2021-01-26,37.265777587890625,40.994564056396484,43.115821838378906,40.64924240112305,41.586544036865234,3095450
2021-01-27,37.22093200683594,40.94523239135742,41.586544036865234,40.599910736083984,41.04389572143555,1391070
2021-01-28,37.759063720703125,41.53721237182617,42.375850677490234,40.15592575073242,40.25458908081055,2550921
2021-01-29,36.234352111816406,39.85993576049805,42.4251823425293,39.56394958496094,41.783870697021484,3811349
2021-02-01,35.92043685913086,39.51461410522461,40.15592575073242,38.37998962402344,39.85993576049805,1828552
2021-02-02,37.176082611083984,40.89590072631836,41.14255905151367,39.6626091003418,39.85993576049805,1228217
2021-02-03,37.355464935302734,41.09322738647461,42.0305290222168,40.69857406616211,41.09322738647461,1249743
2021-02-04,37.445152282714844,41.191890716552734,41.68520736694336,40.94523239135742,41.33988571166992,648973
2021-02-05,37.759063720703125,41.53721237182617,42.0305290222168,41.09322738647461,41.43854904174805,1263246
2021-02-17,38.65595245361328,42.52384567260742,42.67184066772461,42.0305290222168,42.0305290222168,1478169
2021-02-18,39.777069091796875,43.75713348388672,45.039756774902344,42.96782684326172,43.510475158691406,6312742
2021-02-19,40.67395782470703,44.74376678466797,44.842430114746094,42.721168518066406,43.41181182861328,3359272
2021-02-22,42.37804412841797,46.61836624145508,48.542301177978516,45.38507843017578,46.963687896728516,10298541
2021-02-23,42.7368049621582,47.01301956176758,48.24631118774414,44.891761779785156,46.569034576416016,4607518
2021-02-24,41.3914680480957,45.53307342529297,48.19697952270508,45.237083435058594,47.65433120727539,4156304
2021-02-25,40.89817810058594,44.99042510986328,46.569034576416016,44.842430114746094,45.87839126586914,3264067
2021-02-26,42.06413269042969,46.27304458618164,46.66769790649414,43.905128479003906,44.20111846923828,3550811
2021-03-02,40.449729919433594,44.497108459472656,47.45700454711914,44.39844512939453,46.51970291137695,3781603
2021-03-03,40.94302749633789,45.039756774902344,45.73039627075195,43.066490173339844,44.053123474121094,2420269
2021-03-04,40.270355224609375,44.299781799316406,45.631736755371094,44.102455139160156,44.497108459472656,1208704
2021-03-05,39.64253234863281,43.60913848876953,44.842430114746094,43.461143493652344,43.905128479003906,2042362
2021-03-08,40.5394287109375,44.59577178955078,45.681068420410156,43.60913848876953,44.299781799316406,2485251
2021-03-09,39.194087982177734,43.115821838378906,44.74376678466797,42.8198356628418,44.74376678466797,2945593
2021-03-10,40.584266662597656,44.645103454589844,45.18775177001953,43.461143493652344,43.80646514892578,2172268
2021-03-11,41.61568832397461,45.77973175048828,46.075721740722656,44.694435119628906,44.694435119628906,2113935
2021-03-12,41.1672477722168,45.286415100097656,46.27304458618164,45.039756774902344,46.27304458618164,1302124
2021-03-15,41.66053771972656,45.829063415527344,46.569034576416016,44.842430114746094,45.483741760253906,1657657
2021-03-16,40.89817810058594,44.99042510986328,46.22371292114258,44.99042510986328,46.22371292114258,1454452
2021-03-17,41.12240219116211,45.237083435058594,46.3223762512207,44.645103454589844,45.237083435058594,2010092
2021-03-18,45.2032470703125,49.72625732421875,49.72625732421875,45.53307342529297,46.02638626098633,18096361
2021-03-19,42.60226821899414,46.86502456665039,49.5289306640625,46.66769790649414,49.331607818603516,15696185
2021-03-22,41.48115539550781,45.631736755371094,47.161014556884766,45.631736755371094,46.963687896728516,5307743
2021-03-23,40.09097671508789,44.102455139160156,45.977054595947266,44.00379180908203,45.977054595947266,5163085
2021-03-24,40.3151969909668,44.34911346435547,44.74376678466797,43.510475158691406,44.102455139160156,2059859
2021-03-25,39.59769058227539,43.55980682373047,44.39844512939453,43.510475158691406,44.34911346435547,1880149
2021-03-26,41.346622467041016,45.483741760253906,45.631736755371094,43.75713348388672,44.00379180908203,3075277
2021-03-29,40.80849075317383,44.891761779785156,45.483741760253906,44.645103454589844,45.434410095214844,2038549
2021-03-30,40.5394287109375,44.59577178955078,44.79309844970703,43.707801818847656,43.905128479003906,3085545
2021-03-31,40.40489196777344,44.447776794433594,45.286415100097656,44.102455139160156,44.497108459472656,2010367
2021-04-01,40.98787307739258,45.089088439941406,45.829063415527344,44.645103454589844,44.842430114746094,2741689
2021-04-07,42.60226821899414,46.86502456665039,47.1116828918457,45.53307342529297,46.174381256103516,3395068
2021-04-08,42.19866943359375,46.42103958129883,47.30900955200195,46.42103958129883,46.86502456665039,2859067
2021-04-09,42.781646728515625,47.06235122680664,47.70366287231445,46.42103958129883,46.86502456665039,3395471
2021-04-12,44.17182922363281,48.59163284301758,49.28227233886719,47.555667877197266,47.65433120727539,5873203
2021-04-13,41.436317443847656,45.58240509033203,48.59163284301758,45.33574676513672,48.59163284301758,5132203
2021-04-14,40.76364517211914,44.842430114746094,45.977054595947266,43.510475158691406,45.77973175048828,3713855
2021-04-15,41.032711029052734,45.13842010498047,45.681068420410156,44.891761779785156,44.891761779785156,1642147
2021-04-16,41.79506301879883,45.977054595947266,46.86502456665039,45.286415100097656,45.38507843017578,2193328
2021-04-19,42.7368049621582,47.01301956176758,47.65433120727539,45.977054595947266,46.371707916259766,2412035
2021-04-20,42.647117614746094,46.91435623168945,47.30900955200195,46.22371292114258,47.01301956176758,1324525
2021-04-21,43.63369369506836,47.99965286254883,48.19697952270508,46.075721740722656,46.91435623168945,3816785
2021-04-22,41.3914680480957,45.53307342529297,49.13427734375,44.79309844970703,49.0849494934082,5527018
2021-04-23,41.256935119628906,45.38507843017578,45.87839126586914,44.74376678466797,45.58240509033203,1318806
2021-04-26,41.3914680480957,45.53307342529297,46.174381256103516,44.99042510986328,45.681068420410156,1263159
2021-04-27,41.07756042480469,45.18775177001953,46.81569290161133,45.089088439941406,45.73039627075195,2148298
2021-04-28,41.12240219116211,45.237083435058594,46.075721740722656,44.842430114746094,45.286415100097656,1198624
2021-04-29,40.3151969909668,44.34911346435547,45.483741760253906,44.250450134277344,45.38507843017578,2111637
2021-05-03,37.80391311645508,41.586544036865234,44.34911346435547,41.53721237182617,44.34911346435547,3576823
2021-05-04,36.14466094970703,39.76127243041992,41.981197357177734,37.44268798828125,41.191890716552734,3964785
2021-05-05,35.651371002197266,39.218624114990234,40.94523239135742,38.47865295410156,39.76127243041992,1266950
2021-05-06,36.09981918334961,39.71194076538086,40.15592575073242,38.823974609375,39.46528244018555,1106802
2021-05-07,37.48999786376953,41.2412223815918,41.2412223815918,39.85993576049805,40.10659408569336,1021959
2021-05-10,36.54825973510742,40.205257415771484,42.375850677490234,39.76127243041992,42.375850677490234,1515689
2021-05-11,38.028133392333984,41.83320236206055,44.20111846923828,40.94523239135742,41.6358757019043,7071473
2021-05-12,34.97870635986328,38.47865295410156,43.066490173339844,37.68934631347656,42.721168518066406,5075478
2021-05-13,34.306034088134766,37.738677978515625,39.07063293457031,35.666751861572266,36.11073684692383,1959700
2021-05-14,34.575103759765625,38.03466796875,39.85993576049805,37.78800964355469,38.47865295410156,1750726
2021-05-17,31.211769104003906,34.33479690551758,37.19602966308594,34.23613357543945,34.680118560791016,3249667
2021-05-18,34.306034088134766,37.738677978515625,37.738677978515625,34.97610855102539,34.97610855102539,2496315
2021-05-19,36.36888122558594,40.007930755615234,40.599910736083984,37.738677978515625,37.738677978515625,2582926
2021-05-20,35.38230514526367,38.922637939453125,40.25458908081055,38.62664794921875,39.56394958496094,1188708
2021-05-21,36.54825973510742,40.205257415771484,40.402584075927734,39.317291259765625,39.46528244018555,1155578
2021-05-24,37.71421813964844,41.48788070678711,41.93186569213867,39.51461410522461,39.613277435302734,1220314
2021-05-25,38.07297134399414,41.88253402709961,42.8198356628418,41.83320236206055,42.4251823425293,1534782
2021-05-26,38.611106872558594,42.474510192871094,43.01715850830078,41.6358757019043,41.88253402709961,1177698
2021-05-27,38.611106872558594,42.474510192871094,43.01715850830078,42.0305290222168,42.474510192871094,804522
2021-05-28,39.14924240112305,43.066490173339844,43.313148498535156,42.67184066772461,43.01715850830078,795798
2021-05-31,40.49457931518555,44.54644012451172,45.089088439941406,43.905128479003906,43.95446014404297,2528699
2021-06-01,41.256935119628906,45.38507843017578,45.681068420410156,44.447776794433594,45.089088439941406,1957433
2021-06-02,41.57084655761719,45.73039627075195,46.963687896728516,44.891761779785156,46.22371292114258,3830321
2021-06-03,41.57084655761719,45.73039627075195,46.47037124633789,45.38507843017578,45.77973175048828,2405377
2021-06-04,41.92959976196289,46.12504959106445,46.42103958129883,45.38507843017578,45.53307342529297,1874177
2021-06-07,40.85333251953125,44.94109344482422,47.358341217041016,44.79309844970703,46.569034576416016,3742025
2021-06-08,41.83991241455078,46.02638626098633,46.3223762512207,44.99042510986328,45.089088439941406,1731641
2021-06-09,41.88475799560547,46.075721740722656,46.81569290161133,45.77973175048828,46.174381256103516,2568743
2021-06-10,42.91617965698242,47.21034622192383,47.358341217041016,46.075721740722656,46.27304458618164,3941087
2021-06-11,40.270355224609375,44.299781799316406,46.66769790649414,44.250450134277344,46.66769790649414,6584180
2021-06-15,40.09097671508789,44.102455139160156,44.694435119628906,43.95446014404297,44.447776794433594,1342043
2021-06-16,39.507999420166016,43.461143493652344,44.447776794433594,43.21448516845703,44.102455139160156,1541837
2021-06-17,40.3151969909668,44.34911346435547,44.39844512939453,43.115821838378906,43.313148498535156,795234
2021-06-18,40.36004638671875,44.39844512939453,44.94109344482422,44.15178680419922,44.39844512939453,831616
2021-06-21,39.956443786621094,43.95446014404297,44.447776794433594,42.918495178222656,44.250450134277344,1597569
2021-06-22,40.80849075317383,44.891761779785156,45.829063415527344,44.20111846923828,44.497108459472656,2766279
2021-06-23,41.974449157714844,46.174381256103516,46.22371292114258,45.039756774902344,45.87839126586914,2332611
2021-06-24,42.647117614746094,46.91435623168945,49.18361282348633,46.66769790649414,47.161014556884766,11300274
2021-06-25,44.3512077331543,48.78895950317383,48.78895950317383,46.075721740722656,47.161014556884766,7148012
2021-06-28,48.70111846923828,53.57412338256836,53.57412338256836,50.416900634765625,50.712890625,23758608
2021-06-29,46.100135803222656,50.712890625,53.870113372802734,49.03561782836914,53.77145004272461,16508698
2021-06-30,46.458900451660156,51.1075439453125,52.09417724609375,50.3182373046875,50.3182373046875,5276927
2021-07-01,45.11355972290039,49.627593994140625,51.600860595703125,48.64096450805664,51.206207275390625,4740197
2021-07-02,46.727962493896484,51.403533935546875,51.600860595703125,49.18361282348633,49.824920654296875,3142640
2021-07-05,47.35579299926758,52.09417724609375,52.587493896484375,50.51556396484375,52.29150390625,5033851
2021-07-06,46.548583984375,51.206207275390625,53.672786712646484,50.91021728515625,52.29150390625,5178134
2021-07-07,46.99702835083008,51.69952392578125,52.686153411865234,51.1075439453125,51.206207275390625,3297378
2021-07-08,51.660858154296875,56.83000946044922,56.83000946044922,52.29150390625,52.488826751708984,15598305
2021-07-09,53.18556594848633,58.50728225708008,59.69124221801758,54.659420013427734,55.35006332397461,16492213
2021-07-12,55.69686508178711,61.26985549926758,62.94712829589844,57.81664276123047,59.19792556762695,14949838
2021-07-13,52.46805953979492,57.717979431152344,62.65113830566406,56.731346130371094,60.67787551879883,12951677
2021-07-14,53.81338882446289,59.19792556762695,60.67787551879883,57.22466278076172,59.19792556762695,7679614
2021-07-15,54.97935104370117,60.48054885864258,60.48054885864258,57.717979431152344,59.19792556762695,4340619
2021-07-16,53.54431915283203,58.90193557739258,61.56584548950195,58.80327224731445,58.80327224731445,3913917
2021-07-19,54.79997634887695,60.28322219848633,60.9738655090332,58.21129608154297,58.90193557739258,3139767
2021-07-20,53.992767333984375,59.3952522277832,62.45381164550781,58.40862274169922,59.19792556762695,5946392
2021-07-21,58.118465423583984,63.93376159667969,64.92039489746094,59.98723220825195,60.87520217895508,10214390
2021-07-22,53.18556594848633,58.50728225708008,63.24311828613281,57.81664276123047,63.14445495605469,11805231
2021-07-23,52.91650390625,58.21129608154297,59.98723220825195,56.928672790527344,58.50728225708008,6180177
2021-07-26,54.08245849609375,59.49391555786133,61.3685188293457,58.50728225708008,59.09926223754883,3634705
2021-07-27,51.660858154296875,56.83000946044922,59.98723220825195,56.83000946044922,59.7899055480957,3587558
2021-07-28,51.75054931640625,56.928672790527344,57.520652770996094,52.78481674194336,56.43535614013672,4784356
2021-07-29,51.03303527832031,56.139366149902344,58.309959411621094,55.547386169433594,57.81664276123047,2521070
2021-07-30,49.41863250732422,54.36343002319336,57.61931610107422,54.264766693115234,56.139366149902344,3505629
2021-08-02,52.10930252075195,57.323326110839844,57.520652770996094,54.75808334350586,54.75808334350586,2240251
2021-08-03,51.840232849121094,57.02733612060547,58.112632751464844,56.43535614013672,57.323326110839844,1310686
2021-08-04,53.81338882446289,59.19792556762695,59.7899055480957,57.42198944091797,57.61931610107422,5433318
2021-08-05,53.36494827270508,58.704612731933594,59.69124221801758,58.309959411621094,59.19792556762695,2243037
2021-08-06,51.660858154296875,56.83000946044922,59.49391555786133,56.83000946044922,59.19792556762695,2494238
2021-08-09,50.674278259277344,55.744712829589844,58.01396942138672,55.25139617919922,56.928672790527344,2029126
2021-08-10,50.225833892822266,55.25139617919922,56.43535614013672,54.264766693115234,55.942039489746094,1547873
2021-08-11,48.61143112182617,53.475460052490234,55.84337615966797,53.278133392333984,55.054073333740234,1880360
2021-08-12,51.30210494995117,56.43535614013672,56.928672790527344,53.77145004272461,54.16610336303711,2134963
2021-08-13,48.16298294067383,52.98214340209961,56.43535614013672,52.98214340209961,55.744712829589844,2275565
2021-08-16,48.25267791748047,53.080806732177734,54.264766693115234,51.008880615234375,52.686153411865234,1895358
2021-08-17,46.1898307800293,50.811553955078125,54.36343002319336,50.712890625,54.16610336303711,1858954
2021-08-18,48.25267791748047,53.080806732177734,53.57412338256836,49.430267333984375,49.824920654296875,1880133
2021-08-19,46.1898307800293,50.811553955078125,53.080806732177734,50.811553955078125,52.587493896484375,922430
2021-08-20,46.01045608520508,50.614227294921875,51.798187255859375,50.219573974609375,51.502197265625,1087933
2021-08-23,47.35579299926758,52.09417724609375,52.587493896484375,51.403533935546875,51.600860595703125,991302
2021-08-24,47.35579299926758,52.09417724609375,53.080806732177734,51.99551010131836,53.080806732177734,1228435
2021-08-25,48.61143112182617,53.475460052490234,53.672786712646484,51.798187255859375,52.192840576171875,2176174
2021-08-26,47.4238166809082,51.502197265625,53.278133392333984,51.30487060546875,53.17947006225586,1230505
2021-08-27,46.87871170043945,50.91021728515625,52.192840576171875,50.51556396484375,51.30487060546875,820974
2021-08-30,46.96956253051758,51.008880615234375,51.8968505859375,50.12091064453125,51.008880615234375,1241597
2021-08-31,47.33296203613281,51.403533935546875,51.798187255859375,50.51556396484375,51.206207275390625,848695
2021-09-01,48.6048698425293,52.78481674194336,53.080806732177734,51.30487060546875,51.30487060546875,1851500
2021-09-02,47.4238166809082,51.502197265625,52.883480072021484,51.403533935546875,52.29150390625,1260136
2021-09-03,48.05977249145508,52.192840576171875,52.883480072021484,51.600860595703125,51.8968505859375,1094835
2021-09-06,45.425113677978516,49.331607818603516,52.587493896484375,49.331607818603516,52.39016342163086,2240249
2021-09-07,45.970211029052734,49.923583984375,50.416900634765625,48.19697952270508,49.331607818603516,1663537
2021-09-08,44.1532096862793,47.950321197509766,49.824920654296875,47.85165786743164,49.824920654296875,1545104
2021-09-09,45.06171417236328,48.936954498291016,49.28227233886719,47.9009895324707,47.950321197509766,891923
2021-09-10,45.06171417236328,48.936954498291016,49.627593994140625,48.344974517822266,49.0849494934082,785375
2021-09-13,46.061065673828125,50.022247314453125,50.91021728515625,49.331607818603516,49.72625732421875,1960697
2021-09-14,46.333614349365234,50.3182373046875,50.614227294921875,49.28227233886719,50.3182373046875,1013566
2021-09-15,45.606807708740234,49.5289306640625,50.022247314453125,49.28227233886719,49.923583984375,752658
2021-09-16,44.69831466674805,48.542301177978516,50.022247314453125,48.24631118774414,49.72625732421875,1377238
2021-09-17,44.834590911865234,48.6902961730957,48.88762283325195,48.147647857666016,48.83829116821289,1253154
2021-09-22,42.88130187988281,46.569034576416016,47.45700454711914,46.371707916259766,47.161014556884766,1840797
2021-09-23,43.06300354003906,46.766361236572266,47.65433120727539,46.61836624145508,47.555667877197266,777503
2021-09-24,44.107784271240234,47.9009895324707,48.344974517822266,47.06235122680664,47.06235122680664,1188892
2021-09-27,43.42640686035156,47.161014556884766,48.2956428527832,47.01301956176758,47.9009895324707,656932
2021-09-28,42.29077911376953,45.92772674560547,46.66769790649414,45.237083435058594,46.66769790649414,1874551
2021-09-29,40.610050201416016,44.102455139160156,44.94109344482422,44.053123474121094,44.59577178955078,2440915
2021-09-30,41.29142379760742,44.842430114746094,44.891761779785156,43.75713348388672,44.15178680419922,1163148
2021-10-01,38.838470458984375,42.178524017333984,44.250450134277344,42.12919235229492,44.250450134277344,2152778
2021-10-04,37.748268127441406,40.994564056396484,42.869163513183594,40.8465690612793,42.4251823425293,2029657
2021-10-05,40.06494903564453,43.510475158691406,44.00379180908203,39.85993576049805,40.35325241088867,2351464
2021-10-06,38.747623443603516,42.07986068725586,43.95446014404297,42.07986068725586,43.95446014404297,1348006
2021-10-07,40.15579605102539,43.60913848876953,44.102455139160156,42.375850677490234,42.375850677490234,1326735
2021-10-08,39.837825775146484,43.263816833496094,44.20111846923828,43.066490173339844,43.41181182861328,584881
2021-10-12,38.61134719848633,41.93186569213867,43.75713348388672,41.93186569213867,43.263816833496094,717704
2021-10-13,37.47571563720703,40.69857406616211,42.0305290222168,40.55057907104492,41.83320236206055,736952
2021-10-14,38.47507095336914,41.783870697021484,41.93186569213867,40.64924240112305,41.14255905151367,718705
2021-10-15,39.42899703979492,42.8198356628418,43.313148498535156,42.32651901245117,42.4251823425293,632505
2021-10-18,38.384220123291016,41.68520736694336,43.16515350341797,41.6358757019043,42.8198356628418,501774
2021-10-19,39.42899703979492,42.8198356628418,43.115821838378906,41.981197357177734,42.178524017333984,641610
2021-10-20,39.38357162475586,42.77050018310547,43.313148498535156,42.32651901245117,43.313148498535156,491672
2021-10-21,39.111019134521484,42.474510192871094,43.60913848876953,42.375850677490234,42.869163513183594,752301
2021-10-22,41.06429672241211,44.59577178955078,44.645103454589844,42.22785568237305,42.62250518798828,1907529
2021-10-25,40.06494903564453,43.510475158691406,45.18775177001953,43.115821838378906,44.891761779785156,2746819
2021-10-26,40.7463264465332,44.250450134277344,44.842430114746094,43.75713348388672,43.75713348388672,1740364
2021-10-27,41.79110336303711,45.38507843017578,45.434410095214844,43.95446014404297,44.299781799316406,1401751
2021-10-28,41.336849212646484,44.891761779785156,45.87839126586914,44.59577178955078,45.38507843017578,1458498
2021-10-29,43.10843276977539,46.81569290161133,47.161014556884766,44.99042510986328,45.18775177001953,2809740
2021-11-01,44.380332946777344,48.19697952270508,48.78895950317383,47.5063362121582,48.344974517822266,5196529
2021-11-02,42.79045486450195,46.47037124633789,48.49296951293945,46.12504959106445,48.344974517822266,3077649
2021-11-03,42.69960403442383,46.371707916259766,47.161014556884766,45.87839126586914,46.7170295715332,1367277
2021-11-04,43.3809814453125,47.1116828918457,47.99965286254883,46.42103958129883,46.47037124633789,2666042
2021-11-05,42.83587646484375,46.51970291137695,47.358341217041016,46.3223762512207,47.358341217041016,1374433
2021-11-08,42.199928283691406,45.829063415527344,46.81569290161133,45.434410095214844,46.81569290161133,1137230
2021-11-09,43.06300354003906,46.766361236572266,47.65433120727539,46.27304458618164,46.27304458618164,1288220
2021-11-10,43.3809814453125,47.1116828918457,47.25967788696289,46.371707916259766,47.25967788696289,870640
2021-11-11,43.10843276977539,46.81569290161133,47.25967788696289,46.42103958129883,46.42103958129883,973007
2021-11-12,46.60616683959961,50.614227294921875,51.403533935546875,47.06235122680664,47.25967788696289,12750260
2021-11-15,43.97150802612305,47.752994537353516,50.51556396484375,47.161014556884766,50.51556396484375,9441562
2021-11-16,43.10843276977539,46.81569290161133,48.147647857666016,46.51970291137695,48.04898452758789,2752863
2021-11-17,43.744380950927734,47.5063362121582,48.19697952270508,47.01301956176758,47.30900955200195,2056490
2021-11-18,45.15256118774414,49.03561782836914,49.72625732421875,48.147647857666016,48.49296951293945,5766192
2021-11-19,46.13265609741211,50.099998474121094,50.70000076293945,49.29999923706055,50.0,3467134
2021-11-22,49.17133712768555,53.400001525878906,53.79999923706055,50.70000076293945,50.79999923706055,9928702
2021-11-23,47.42179489135742,51.5,53.0,51.099998474121094,52.5,6580298
2021-11-24,47.882198333740234,52.0,52.5,51.099998474121094,51.5,2410200
2021-11-25,46.50098419189453,50.5,54.5,50.5,53.0,9529600
2021-11-26,46.04057693481445,50.0,51.0,49.29999923706055,50.099998474121094,2755220
2021-11-29,44.98164367675781,48.849998474121094,49.5,47.20000076293945,48.20000076293945,2443879
2021-11-30,45.856414794921875,49.79999923706055,50.5,48.900001525878906,48.900001525878906,1645200
2021-12-01,47.79011917114258,51.900001525878906,52.599998474121094,49.04999923706055,49.79999923706055,4311906
2021-12-02,46.777225494384766,50.79999923706055,52.29999923706055,50.20000076293945,52.0,2512233
2021-12-03,46.50098419189453,50.5,51.29999923706055,50.400001525878906,51.0,1096501
2021-12-06,45.994537353515625,49.95000076293945,50.5,49.70000076293945,49.75,1031376
2021-12-07,44.7974853515625,48.650001525878906,50.400001525878906,48.5,50.29999923706055,2276261
2021-12-08,45.21184539794922,49.099998474121094,49.599998474121094,48.650001525878906,49.349998474121094,1319669
2021-12-09,44.98164367675781,48.849998474121094,49.900001525878906,48.849998474121094,49.0,942515
2021-12-10,44.65936279296875,48.5,49.099998474121094,47.849998474121094,48.849998474121094,810052
2021-12-13,46.13265609741211,50.099998474121094,50.70000076293945,49.29999923706055,49.45000076293945,2126368
2021-12-14,44.84352493286133,48.70000076293945,50.5,48.599998474121094,50.5,1298395
2021-12-15,45.21184539794922,49.099998474121094,49.25,48.70000076293945,48.75,592505
2021-12-16,45.580169677734375,49.5,50.0,49.400001525878906,49.400001525878906,880060
2021-12-17,44.29103469848633,48.099998474121094,49.29999923706055,48.04999923706055,49.20000076293945,1142294
2021-12-20,44.198951721191406,48.0,48.599998474121094,48.0,48.099998474121094,523120
2021-12-21,43.78458786010742,47.54999923706055,47.900001525878906,46.95000076293945,47.900001525878906,2217632
2021-12-22,44.613319396972656,48.45000076293945,49.150001525878906,47.75,47.79999923706055,1793578
2021-12-23,46.86931228637695,50.900001525878906,50.900001525878906,48.900001525878906,48.900001525878906,4845607
2021-12-24,45.764339447021484,49.70000076293945,52.0,49.349998474121094,51.599998474121094,4996241
2021-12-27,47.97428512573242,52.099998474121094,53.099998474121094,49.79999923706055,49.79999923706055,8543456
2021-12-28,48.43468475341797,52.599998474121094,54.29999923706055,51.5,51.900001525878906,10120575
2021-12-29,48.80301284790039,53.0,54.5,52.400001525878906,53.20000076293945,7389890
2021-12-30,47.882198333740234,52.0,53.5,51.70000076293945,53.0,3249444
2022-01-03,46.961387634277344,51.0,53.29999923706055,51.0,52.599998474121094,3082400
2022-01-04,46.86931228637695,50.900001525878906,51.79999923706055,50.29999923706055,51.79999923706055,1862081
2022-01-05,46.40890121459961,50.400001525878906,51.5,50.20000076293945,50.900001525878906,1340164
2022-01-06,46.13265609741211,50.099998474121094,50.400001525878906,49.349998474121094,50.0,1456771
2022-01-07,45.073726654052734,48.95000076293945,50.5,48.29999923706055,50.5,2386742
2022-01-10,45.21184539794922,49.099998474121094,49.599998474121094,48.5,48.5,660371
2022-01-11,43.92271041870117,47.70000076293945,48.650001525878906,47.29999923706055,48.54999923706055,2263880
2022-01-12,43.554386138916016,47.29999923706055,47.95000076293945,46.349998474121094,47.5,3775406
2022-01-13,43.600425720214844,47.349998474121094,48.099998474121094,47.099998474121094,47.650001525878906,1458507
2022-01-14,42.771697998046875,46.45000076293945,47.20000076293945,45.75,47.150001525878906,1287053
2022-01-17,43.37022018432617,47.099998474121094,47.29999923706055,46.45000076293945,46.599998474121094,913072
2022-01-18,43.278141021728516,47.0,48.0,46.849998474121094,47.099998474121094,927470
2022-01-19,42.8177375793457,46.5,47.0,46.29999923706055,46.900001525878906,803218
2022-01-20,44.198951721191406,48.0,48.20000076293945,47.0,47.0,1873408
2022-01-21,43.554386138916016,47.29999923706055,47.45000076293945,46.70000076293945,47.20000076293945,1202619
2022-01-24,42.67961502075195,46.349998474121094,47.25,45.5,46.900001525878906,1189367
2022-01-25,42.495452880859375,46.150001525878906,46.5,45.79999923706055,46.0,729841
2022-01-26,42.31128692626953,45.95000076293945,46.599998474121094,45.70000076293945,46.349998474121094,453525
2022-02-07,43.18606185913086,46.900001525878906,47.150001525878906,45.849998474121094,46.349998474121094,531460
2022-02-08,43.87667465209961,47.650001525878906,47.900001525878906,46.900001525878906,46.900001525878906,558395
2022-02-09,46.04057693481445,50.0,51.0,48.099998474121094,48.099998474121094,6726525
2022-02-10,46.22473907470703,50.20000076293945,50.599998474121094,49.5,50.0,3278365
2022-02-11,46.22473907470703,50.20000076293945,51.099998474121094,49.54999923706055,49.599998474121094,1663010
2022-02-14,45.25788497924805,49.150001525878906,49.900001525878906,48.45000076293945,49.900001525878906,1255162
2022-02-15,47.60595703125,51.70000076293945,52.5,50.0,50.20000076293945,8730132
2022-02-16,49.17133712768555,53.400001525878906,53.79999923706055,52.099998474121094,53.20000076293945,10154007
2022-02-17,48.06636428833008,52.20000076293945,55.20000076293945,52.099998474121094,53.5,11479363
2022-02-18,48.80301284790039,53.0,53.5,51.79999923706055,51.79999923706055,3923658
2022-02-21,48.52676773071289,52.70000076293945,53.099998474121094,52.099998474121094,52.70000076293945,2033538
2022-02-22,49.26342010498047,53.5,53.79999923706055,51.5,52.29999923706055,3607189
2022-02-23,49.07925796508789,53.29999923706055,54.099998474121094,52.5,54.099998474121094,3892798
2022-02-24,45.81037521362305,49.75,53.20000076293945,49.70000076293945,52.599998474121094,7038761
2022-02-25,47.14554977416992,51.20000076293945,51.79999923706055,50.29999923706055,50.900001525878906,3549173
2022-03-01,49.72382354736328,54.0,54.29999923706055,51.5,52.0,8605717
2022-03-02,50.460472106933594,54.79999923706055,55.5,53.599998474121094,53.900001525878906,10659436
2022-03-03,49.17133712768555,53.400001525878906,56.0,53.29999923706055,54.900001525878906,7789964
2022-03-04,48.158447265625,52.29999923706055,54.0,52.0,52.79999923706055,3293570
2022-03-07,46.31681823730469,50.29999923706055,51.900001525878906,50.20000076293945,51.900001525878906,3071487
2022-03-08,44.84352493286133,48.70000076293945,51.29999923706055,48.599998474121094,49.599998474121094,3424009
2022-03-09,44.93560028076172,48.79999923706055,49.79999923706055,48.599998474121094,49.70000076293945,1796435
2022-03-10,45.94850158691406,49.900001525878906,50.79999923706055,49.70000076293945,49.70000076293945,1467007
2022-03-11,44.383113861083984,48.20000076293945,49.70000076293945,48.04999923706055,49.5,2628642
2022-03-14,44.2449951171875,48.04999923706055,48.79999923706055,47.54999923706055,48.54999923706055,1642069
2022-03-15,43.00189971923828,46.70000076293945,48.5,46.650001525878906,48.5,2095169
2022-03-16,43.50834274291992,47.25,47.70000076293945,46.79999923706055,47.599998474121094,1021515
2022-03-17,45.027687072753906,48.900001525878906,49.25,48.04999923706055,48.20000076293945,1435114
2022-03-18,44.889564514160156,48.75,49.25,48.25,49.25,878044
2022-03-21,45.21184539794922,49.099998474121094,49.5,48.849998474121094,49.0,775209
2022-03-22,45.442047119140625,49.349998474121094,49.599998474121094,48.900001525878906,48.95000076293945,546204
2022-03-23,46.777225494384766,50.79999923706055,51.400001525878906,49.5,49.79999923706055,2333745
2022-03-24,46.961387634277344,51.0,51.5,50.29999923706055,50.79999923706055,1600078
2022-03-25,46.50098419189453,50.5,51.70000076293945,50.29999923706055,51.70000076293945,899350
2022-03-28,46.31681823730469,50.29999923706055,50.5,49.45000076293945,50.5,740002
2022-03-29,46.04057693481445,50.0,51.29999923706055,49.79999923706055,50.79999923706055,718379
2022-03-30,46.59306335449219,50.599998474121094,51.099998474121094,50.099998474121094,50.5,1047301
2022-03-31,42.95586013793945,46.650001525878906,48.79999923706055,46.25,48.5,7701859
2022-04-01,43.00189971923828,46.70000076293945,47.20000076293945,46.29999923706055,46.650001525878906,1724525
2022-04-06,42.86377716064453,46.54999923706055,46.650001525878906,46.0,46.54999923706055,680004
2022-04-07,41.71276092529297,45.29999923706055,46.79999923706055,45.20000076293945,46.54999923706055,1224793
2022-04-08,41.7588005065918,45.349998474121094,45.900001525878906,45.29999923706055,45.400001525878906,588150
2022-04-11,39.50281524658203,42.900001525878906,45.099998474121094,42.54999923706055,45.04999923706055,2081373
2022-04-12,39.82509994506836,43.25,43.79999923706055,42.650001525878906,43.75,852279
2022-04-13,41.71276092529297,45.29999923706055,45.29999923706055,43.650001525878906,43.70000076293945,1051486
2022-04-14,41.20631408691406,44.75,45.349998474121094,44.45000076293945,45.349998474121094,657149
2022-04-15,40.10134506225586,43.54999923706055,44.599998474121094,43.54999923706055,44.599998474121094,614698
2022-04-18,39.548858642578125,42.95000076293945,43.400001525878906,42.70000076293945,43.400001525878906,531022
2022-04-19,40.33154296875,43.79999923706055,44.20000076293945,43.400001525878906,43.400001525878906,508112
2022-04-20,40.37758255004883,43.849998474121094,44.04999923706055,43.400001525878906,43.95000076293945,511111
2022-04-21,40.930076599121094,44.45000076293945,44.54999923706055,43.95000076293945,43.95000076293945,520174
2022-04-22,40.976112365722656,44.5,44.5,43.70000076293945,44.20000076293945,537947
2022-04-25,38.58200454711914,41.900001525878906,43.849998474121094,41.900001525878906,43.849998474121094,927085
2022-04-26,39.04241180419922,42.400001525878906,42.75,41.900001525878906,42.400001525878906,390220
2022-04-27,37.89139938354492,41.150001525878906,41.599998474121094,40.20000076293945,41.400001525878906,940006
2022-04-28,38.6740837097168,42.0,42.29999923706055,41.0,41.400001525878906,411081
2022-04-29,38.21367645263672,41.5,42.900001525878906,41.5,42.900001525878906,419001
2022-05-03,37.799312591552734,41.04999923706055,41.70000076293945,40.599998474121094,41.599998474121094,446101
2022-05-04,38.76616287231445,42.099998474121094,42.25,41.150001525878906,41.150001525878906,419401
2022-05-05,38.9042854309082,42.25,43.0,42.099998474121094,42.70000076293945,380503
2022-05-06,38.30575942993164,41.599998474121094,41.599998474121094,40.900001525878906,41.099998474121094,329003
2022-05-09,36.740386962890625,39.900001525878906,41.099998474121094,39.900001525878906,41.099998474121094,699224
2022-05-10,37.70723342895508,40.95000076293945,41.0,38.849998474121094,39.099998474121094,492311
2022-05-11,37.5230712890625,40.75,41.5,40.54999923706055,40.54999923706055,320100
2022-05-12,36.141849517822266,39.25,41.349998474121094,39.20000076293945,40.5,453204
2022-05-13,36.464134216308594,39.599998474121094,40.29999923706055,39.5,39.70000076293945,338031
2022-05-16,37.29286575317383,40.5,41.54999923706055,40.400001525878906,40.70000076293945,739002
2022-05-17,38.25971984863281,41.54999923706055,41.70000076293945,40.650001525878906,40.650001525878906,392550
2022-05-18,38.12159729003906,41.400001525878906,42.20000076293945,41.400001525878906,41.900001525878906,366286
2022-05-19,38.075557708740234,41.349998474121094,41.45000076293945,40.29999923706055,40.349998474121094,333398
2022-05-20,38.858245849609375,42.20000076293945,42.599998474121094,41.29999923706055,41.45000076293945,752004
2022-05-23,38.21367645263672,41.5,42.400001525878906,41.5,42.400001525878906,534003
2022-05-24,37.33890914916992,40.54999923706055,41.95000076293945,40.54999923706055,41.95000076293945,336040
2022-05-25,37.799312591552734,41.04999923706055,41.29999923706055,40.70000076293945,40.75,264021
2022-05-26,38.029510498046875,41.29999923706055,41.900001525878906,41.20000076293945,41.400001525878906,322001
2022-05-27,38.351802825927734,41.650001525878906,42.0,41.599998474121094,41.75,176125
2022-05-30,38.858245849609375,42.20000076293945,42.349998474121094,42.0,42.04999923706055,344150
2022-05-31,39.04241180419922,42.400001525878906,42.5,42.04999923706055,42.04999923706055,303132
2022-06-01,39.27260971069336,42.650001525878906,43.150001525878906,42.45000076293945,42.54999923706055,532103
2022-06-02,38.628047943115234,41.95000076293945,42.70000076293945,41.95000076293945,42.349998474121094,316162
2022-06-06,38.628047943115234,41.95000076293945,42.45000076293945,41.75,41.95000076293945,137064
2022-06-07,38.6740837097168,42.0,42.400001525878906,41.70000076293945,41.95000076293945,159002
2022-06-08,39.04241180419922,42.400001525878906,43.79999923706055,42.20000076293945,42.25,1251320
2022-06-09,39.410736083984375,42.79999923706055,43.04999923706055,42.349998474121094,42.400001525878906,225169
2022-06-10,38.9042854309082,42.25,42.75,42.150001525878906,42.70000076293945,288001
2022-06-13,37.70723342895508,40.95000076293945,41.54999923706055,40.849998474121094,41.5,459800
2022-06-14,37.799312591552734,41.04999923706055,41.150001525878906,40.0,40.5,418204
2022-06-15,37.799312591552734,41.04999923706055,41.75,40.900001525878906,41.400001525878906,361280
2022-06-16,37.29286575317383,40.5,42.599998474121094,40.5,41.5,584246
2022-06-17,36.04977035522461,39.150001525878906,40.400001525878906,38.70000076293945,39.849998474121094,1343013
2022-06-20,34.07002258300781,37.0,39.45000076293945,37.0,39.29999923706055,973995
2022-06-21,36.41809844970703,39.54999923706055,39.650001525878906,37.79999923706055,38.25,698147
2022-06-22,34.66855239868164,37.650001525878906,39.5,37.29999923706055,39.5,635126
2022-06-23,35.35916519165039,38.400001525878906,38.650001525878906,37.70000076293945,38.099998474121094,618183
2022-06-24,35.63541030883789,38.70000076293945,39.54999923706055,38.599998474121094,38.599998474121094,317104
2022-06-27,36.78642272949219,39.95000076293945,40.04999923706055,39.29999923706055,39.5,494051
2022-06-28,36.3720588684082,39.5,40.099998474121094,39.29999923706055,40.099998474121094,211076
2022-06-29,36.27997589111328,39.400001525878906,39.5,38.79999923706055,38.900001525878906,200741
2022-06-30,34.530433654785156,37.5,39.70000076293945,37.5,39.599998474121094,532788
2022-07-01,31.215513229370117,33.900001525878906,37.400001525878906,33.79999923706055,37.400001525878906,1543812
2022-07-04,30.893224716186523,33.54999923706055,34.79999923706055,33.45000076293945,33.70000076293945,546060
2022-07-05,32.04423904418945,34.79999923706055,35.099998474121094,33.900001525878906,34.75,417141
2022-07-06,31.077390670776367,33.75,34.79999923706055,33.70000076293945,34.79999923706055,277376
2022-07-07,32.64277267456055,35.45000076293945,35.79999923706055,33.25,34.0,757087
2022-07-08,33.609619140625,36.5,36.5,35.099998474121094,35.099998474121094,601188
2022-07-11,34.254188537597656,37.20000076293945,37.75,36.900001525878906,37.29999923706055,960054
2022-07-12,32.73484802246094,35.54999923706055,36.650001525878906,35.5,36.400001525878906,477003
2022-07-13,33.333377838134766,36.20000076293945,36.849998474121094,36.04999923706055,36.599998474121094,492502
2022-07-14,34.66855239868164,37.650001525878906,37.650001525878906,36.099998474121094,36.20000076293945,485620
2022-07-15,35.17499923706055,38.20000076293945,38.349998474121094,37.150001525878906,37.650001525878906,391047
2022-07-18,35.5893669128418,38.650001525878906,38.900001525878906,38.29999923706055,38.5,334569
2022-07-19,35.77352523803711,38.849998474121094,38.900001525878906,38.20000076293945,38.599998474121094,241028
2022-07-20,35.267086029052734,38.29999923706055,39.5,38.29999923706055,39.20000076293945,451000
2022-07-21,36.27997589111328,39.400001525878906,39.599998474121094,38.900001525878906,39.0,434545
2022-07-22,36.23393249511719,39.349998474121094,39.650001525878906,39.04999923706055,39.099998474121094,184790
2022-07-25,36.27997589111328,39.400001525878906,39.599998474121094,38.900001525878906,39.400001525878906,187241
2022-07-26,35.72748565673828,38.79999923706055,39.400001525878906,38.5,39.400001525878906,174152
2022-07-27,36.04977035522461,39.150001525878906,39.25,38.54999923706055,38.79999923706055,178000
2022-07-28,35.72748565673828,38.79999923706055,39.79999923706055,38.79999923706055,39.79999923706055,160051
2022-07-29,35.911651611328125,39.0,39.45000076293945,39.0,39.349998474121094,209074
2022-08-01,35.95768737792969,39.04999923706055,39.25,39.0,39.04999923706055,117762
2022-08-02,34.94479751586914,37.95000076293945,38.900001525878906,37.900001525878906,38.900001525878906,329000
2022-08-03,34.208152770996094,37.150001525878906,38.099998474121094,37.099998474121094,37.849998474121094,282096
2022-08-04,34.162109375,37.099998474121094,37.599998474121094,36.150001525878906,37.29999923706055,270001
2022-08-05,35.0368766784668,38.04999923706055,38.150001525878906,37.29999923706055,37.29999923706055,192120
2022-08-08,35.0368766784668,38.04999923706055,38.25,37.25,37.5,210633
2022-08-09,35.3131217956543,38.349998474121094,38.5,37.79999923706055,38.04999923706055,170193
2022-08-10,35.22104263305664,38.25,38.5,38.0,38.0,164050
2022-08-11,35.082916259765625,38.099998474121094,38.849998474121094,38.099998474121094,38.599998474121094,373000
2022-08-12,35.40520095825195,38.45000076293945,38.70000076293945,38.29999923706055,38.5,438300
2022-08-15,36.23393249511719,39.349998474121094,39.900001525878906,38.70000076293945,38.70000076293945,869618
2022-08-16,36.12320327758789,37.75,38.0,37.599998474121094,38.0,346617
2022-08-17,36.21889114379883,37.849998474121094,38.0,37.599998474121094,37.75,185001
2022-08-18,36.17104721069336,37.79999923706055,38.099998474121094,37.650001525878906,37.95000076293945,149133
2022-08-19,36.3624267578125,38.0,38.349998474121094,37.79999923706055,37.79999923706055,247073
2022-08-22,36.075355529785156,37.70000076293945,38.099998474121094,37.5,37.79999923706055,153000
2022-08-23,35.50121307373047,37.099998474121094,37.29999923706055,36.849998474121094,37.20000076293945,186040
2022-08-24,35.740440368652344,37.349998474121094,37.70000076293945,37.349998474121094,37.400001525878906,146043
2022-08-25,35.740440368652344,37.349998474121094,37.79999923706055,36.599998474121094,37.599998474121094,182649
2022-08-26,36.31458282470703,37.95000076293945,38.20000076293945,37.54999923706055,37.54999923706055,264741
2022-08-29,35.07060623168945,36.650001525878906,37.29999923706055,36.25,37.29999923706055,310074
2022-08-30,35.21413803100586,36.79999923706055,36.849998474121094,36.400001525878906,36.5,180000
2022-08-31,35.740440368652344,37.349998474121094,37.400001525878906,36.54999923706055,36.650001525878906,125007
2022-09-01,35.07060623168945,36.650001525878906,37.150001525878906,36.599998474121094,36.650001525878906,238095
2022-09-02,35.5490608215332,37.150001525878906,37.5,36.75,36.75,296001
2022-09-05,34.735687255859375,36.29999923706055,37.099998474121094,36.29999923706055,37.04999923706055,348650
2022-09-06,33.49171447753906,35.0,36.20000076293945,34.79999923706055,36.20000076293945,494189
2022-09-07,33.06110382080078,34.54999923706055,35.0,34.29999923706055,34.95000076293945,212001
2022-09-08,33.92231750488281,35.45000076293945,35.45000076293945,34.79999923706055,34.849998474121094,154021
2022-09-12,34.209388732910156,35.75,36.099998474121094,35.599998474121094,35.599998474121094,199298
2022-09-13,34.257232666015625,35.79999923706055,35.95000076293945,35.54999923706055,35.54999923706055,131011
2022-09-14,33.730934143066406,35.25,35.29999923706055,34.95000076293945,35.20000076293945,140002
2022-09-15,33.58740234375,35.099998474121094,35.54999923706055,35.099998474121094,35.20000076293945,134456
2022-09-16,33.06110382080078,34.54999923706055,35.099998474121094,34.54999923706055,35.099998474121094,210001
2022-09-19,32.343421936035156,33.79999923706055,34.599998474121094,33.79999923706055,34.599998474121094,277001
2022-09-20,32.39126968383789,33.849998474121094,34.29999923706055,33.79999923706055,33.900001525878906,127073
2022-09-21,32.19989013671875,33.650001525878906,33.900001525878906,33.5,33.54999923706055,217000
2022-09-22,31.960662841796875,33.400001525878906,33.75,33.20000076293945,33.75,139101
2022-09-23,31.86496925354004,33.29999923706055,33.75,33.25,33.54999923706055,251101
2022-09-26,28.994251251220703,30.299999237060547,32.79999923706055,30.299999237060547,32.79999923706055,771009
2022-09-27,29.089941024780273,30.399999618530273,30.549999237060547,29.799999237060547,29.799999237060547,372371
2022-09-28,27.367511749267578,28.600000381469727,30.649999618530273,28.600000381469727,30.299999237060547,565769
2022-09-29,28.372262954711914,29.649999618530273,29.899999618530273,29.049999237060547,29.100000381469727,319200
2022-09-30,28.324417114257812,29.600000381469727,29.700000762939453,28.799999237060547,29.0,184638
2022-10-03,28.037343978881836,29.299999237060547,29.600000381469727,28.75,28.75,77001
2022-10-04,28.994251251220703,30.299999237060547,30.299999237060547,29.600000381469727,29.899999618530273,188030
2022-10-05,28.994251251220703,30.299999237060547,31.299999237060547,30.149999618530273,31.299999237060547,303000
2022-10-06,29.042097091674805,30.350000381469727,30.799999237060547,30.149999618530273,30.799999237060547,76633
2022-10-07,28.755023956298828,30.049999237060547,30.450000762939453,30.0,30.0,70003
2022-10-11,27.750274658203125,29.0,29.5,28.600000381469727,29.5,253000
2022-10-12,27.893808364868164,29.149999618530273,29.600000381469727,28.75,29.0,106020
2022-10-13,26.12353515625,27.299999237060547,29.25,27.299999237060547,29.25,600671
2022-10-14,27.702430725097656,28.950000762939453,29.0,27.950000762939453,27.950000762939453,412257
2022-10-17,27.415355682373047,28.649999618530273,28.649999618530273,27.700000762939453,28.299999237060547,188140
2022-10-18,27.750274658203125,29.0,29.149999618530273,28.649999618530273,28.799999237060547,159022
2022-10-19,27.654582977294922,28.899999618530273,29.399999618530273,28.799999237060547,29.0,130001
2022-10-20,27.176130294799805,28.399999618530273,28.899999618530273,28.0,28.899999618530273,149000
2022-10-21,26.841211318969727,28.049999237060547,28.450000762939453,27.950000762939453,28.200000762939453,190554
2022-10-24,27.51104736328125,28.75,29.149999618530273,28.600000381469727,28.649999618530273,140001
2022-10-25,27.271820068359375,28.5,28.950000762939453,28.350000381469727,28.950000762939453,106174
2022-10-26,27.176130294799805,28.399999618530273,29.0,28.399999618530273,28.700000762939453,125000
2022-10-27,28.755023956298828,30.049999237060547,30.799999237060547,29.049999237060547,29.149999618530273,1060500
2022-10-28,28.180883407592773,29.450000762939453,30.149999618530273,29.25,30.100000381469727,281000
2022-10-31,28.898563385009766,30.200000762939453,30.200000762939453,29.5,30.0,260134
2022-11-01,29.56839370727539,30.899999618530273,31.149999618530273,30.0,30.200000762939453,431000
2022-11-02,29.616239547729492,30.950000762939453,31.149999618530273,30.600000381469727,30.899999618530273,173049
2022-11-03,29.616239547729492,30.950000762939453,31.0,30.450000762939453,30.5,164347
2022-11-04,30.286073684692383,31.649999618530273,31.649999618530273,30.75,31.149999618530273,238071
2022-11-07,30.094694137573242,31.450000762939453,31.950000762939453,31.399999618530273,31.700000762939453,139000
2022-11-08,29.711931228637695,31.049999237060547,31.850000381469727,31.0,31.5,213000
2022-11-09,29.85546875,31.200000762939453,31.75,31.0,31.75,304376
2022-11-10,29.616239547729492,30.950000762939453,31.399999618530273,30.75,31.25,191000
2022-11-11,29.56839370727539,30.899999618530273,31.649999618530273,30.799999237060547,31.600000381469727,401000
2022-11-14,29.75977897644043,31.100000381469727,31.350000381469727,30.850000381469727,31.25,297100
2022-11-15,30.04684829711914,31.399999618530273,31.5,31.049999237060547,31.100000381469727,275987
2022-11-16,30.429611206054688,31.799999237060547,31.899999618530273,31.200000762939453,31.549999237060547,355666
2022-11-17,30.764528274536133,32.150001525878906,32.349998474121094,31.600000381469727,31.799999237060547,281069
2022-11-18,30.190383911132812,31.549999237060547,32.599998474121094,31.549999237060547,32.150001525878906,327100
2022-11-21,29.47270393371582,30.799999237060547,31.549999237060547,30.799999237060547,31.549999237060547,206000
2022-11-22,29.089941024780273,30.399999618530273,30.950000762939453,30.299999237060547,30.950000762939453,161000
2022-11-23,29.47270393371582,30.799999237060547,31.0,30.450000762939453,30.5,167023
2022-11-24,29.951156616210938,31.299999237060547,31.299999237060547,30.850000381469727,31.0,117500
2022-11-25,29.56839370727539,30.899999618530273,31.450000762939453,30.899999618530273,31.350000381469727,299610
2022-11-28,29.711931228637695,31.049999237060547,31.149999618530273,30.600000381469727,30.600000381469727,81022
2022-11-29,30.094694137573242,31.450000762939453,31.600000381469727,30.649999618530273,31.0,421570
2022-11-30,30.860219955444336,32.25,32.900001525878906,31.5,31.600000381469727,1162020
2022-12-01,33.20463562011719,34.70000076293945,34.95000076293945,32.20000076293945,32.25,2647014
2022-12-02,33.156795501708984,34.650001525878906,34.79999923706055,34.099998474121094,34.349998474121094,1158166
2022-12-05,33.348175048828125,34.849998474121094,35.5,34.70000076293945,34.79999923706055,774020
2022-12-06,32.5348014831543,34.0,34.849998474121094,33.900001525878906,34.599998474121094,377007
2022-12-07,31.769277572631836,33.20000076293945,34.0,33.099998474121094,33.650001525878906,364979
2022-12-08,32.15203857421875,33.599998474121094,33.70000076293945,33.099998474121094,33.20000076293945,128054
2022-12-09,31.960662841796875,33.400001525878906,34.0,33.29999923706055,34.0,171050
2022-12-12,31.673585891723633,33.099998474121094,33.150001525878906,32.599998474121094,33.150001525878906,89122
2022-12-13,31.482210159301758,32.900001525878906,33.150001525878906,32.70000076293945,33.099998474121094,128459
2022-12-14,32.05635070800781,33.5,33.54999923706055,33.0,33.0,148380
2022-12-15,31.769277572631836,33.20000076293945,33.75,33.20000076293945,33.5,118000
2022-12-16,31.386516571044922,32.79999923706055,33.150001525878906,32.70000076293945,32.900001525878906,215191
2022-12-19,31.769277572631836,33.20000076293945,33.20000076293945,32.45000076293945,32.75,172800
2022-12-20,31.003755569458008,32.400001525878906,33.29999923706055,32.25,33.29999923706055,375001
2022-12-21,30.908063888549805,32.29999923706055,32.599998474121094,32.29999923706055,32.5,112000
2022-12-22,31.003755569458008,32.400001525878906,32.70000076293945,32.29999923706055,32.29999923706055,145021
2022-12-23,30.62099266052246,32.0,32.400001525878906,31.850000381469727,32.400001525878906,110050
2022-12-26,30.7166805267334,32.099998474121094,32.25,31.899999618530273,31.899999618530273,66001
2022-12-27,31.195133209228516,32.599998474121094,32.70000076293945,32.20000076293945,32.45000076293945,105048
2022-12-28,30.525300979614258,31.899999618530273,32.5,31.899999618530273,32.5,207060
2022-12-29,30.47745704650879,31.850000381469727,31.950000762939453,31.649999618530273,31.950000762939453,47369
2022-12-30,30.525300979614258,31.899999618530273,32.20000076293945,31.899999618530273,32.0,50000
2023-01-03,30.333921432495117,31.700000762939453,31.899999618530273,31.350000381469727,31.899999618530273,99136
2023-01-04,30.62099266052246,32.0,32.20000076293945,31.700000762939453,31.700000762939453,88050
2023-01-05,30.429611206054688,31.799999237060547,32.400001525878906,31.75,32.099998474121094,136652
2023-01-06,30.62099266052246,32.0,32.0,31.75,31.799999237060547,106538
2023-01-09,30.860219955444336,32.25,32.5,32.0,32.5,123101
2023-01-10,30.955907821655273,32.349998474121094,32.650001525878906,32.20000076293945,32.20000076293945,217093
2023-01-11,30.62099266052246,32.0,32.349998474121094,32.0,32.349998474121094,144048
2023-01-12,30.47745704650879,31.850000381469727,32.04999923706055,31.75,32.0,154046
2023-01-13,29.99900245666504,31.350000381469727,32.0,31.299999237060547,32.0,120054
2023-01-16,29.85546875,31.200000762939453,31.5,30.899999618530273,31.299999237060547,191000
2023-01-17,29.8076229095459,31.149999618530273,31.399999618530273,30.899999618530273,31.200000762939453,160001
2023-01-30,30.62099266052246,32.0,32.0,31.25,31.25,156552
2023-01-31,31.24298095703125,32.650001525878906,32.75,31.75,31.75,218021
2023-02-01,32.19989013671875,33.650001525878906,33.650001525878906,32.650001525878906,32.849998474121094,399310
2023-02-02,32.5348014831543,34.0,34.25,33.650001525878906,34.20000076293945,516514
2023-02-03,32.104190826416016,33.54999923706055,34.25,33.5,34.20000076293945,229045
2023-02-06,31.960662841796875,33.400001525878906,33.599998474121094,33.349998474121094,33.599998474121094,117400
2023-02-07,32.05635070800781,33.5,33.75,33.400001525878906,33.75,86051
2023-02-08,32.43911361694336,33.900001525878906,34.04999923706055,33.599998474121094,33.75,242003
2023-02-09,32.24773406982422,33.70000076293945,34.0,33.650001525878906,33.900001525878906,154363
2023-02-10,31.29082679748535,32.70000076293945,33.70000076293945,32.70000076293945,33.70000076293945,320002
2023-02-13,31.147289276123047,32.54999923706055,32.95000076293945,32.349998474121094,32.70000076293945,85656
2023-02-14,31.86496925354004,33.29999923706055,33.349998474121094,32.79999923706055,32.79999923706055,121208
2023-02-15,32.486961364746094,33.95000076293945,34.400001525878906,33.45000076293945,33.54999923706055,890054
2023-02-16,32.96540832519531,34.45000076293945,34.79999923706055,34.0,34.150001525878906,905032
2023-02-17,32.821876525878906,34.29999923706055,34.349998474121094,34.099998474121094,34.25,254354
2023-02-20,32.86971664428711,34.349998474121094,34.5,34.29999923706055,34.400001525878906,192004
2023-02-21,32.86971664428711,34.349998474121094,34.54999923706055,34.25,34.349998474121094,370070
2023-02-22,32.486961364746094,33.95000076293945,34.349998474121094,33.70000076293945,34.349998474121094,265601
2023-02-23,33.20463562011719,34.70000076293945,34.79999923706055,34.0,34.099998474121094,282000
2023-02-24,32.91756820678711,34.400001525878906,34.79999923706055,34.29999923706055,34.79999923706055,193002
2023-03-01,32.5348014831543,34.0,34.25,33.900001525878906,34.0,125020
2023-03-02,32.39126968383789,33.849998474121094,34.099998474121094,33.70000076293945,34.0,259045
2023-03-03,32.86971664428711,34.349998474121094,34.599998474121094,33.849998474121094,33.849998474121094,252090
2023-03-06,33.39602279663086,34.900001525878906,35.150001525878906,34.5,34.70000076293945,433064
2023-03-07,33.58740234375,35.099998474121094,35.29999923706055,34.900001525878906,34.95000076293945,287147
2023-03-08,33.58740234375,35.099998474121094,35.29999923706055,34.79999923706055,34.900001525878906,403266
2023-03-09,33.30032730102539,34.79999923706055,35.5,34.79999923706055,35.25,413710
2023-03-10,32.5348014831543,34.0,34.70000076293945,33.95000076293945,34.599998474121094,375044
2023-03-13,32.104190826416016,33.54999923706055,33.79999923706055,32.95000076293945,33.79999923706055,243006
2023-03-14,31.912813186645508,33.349998474121094,33.54999923706055,33.04999923706055,33.400001525878906,223003
2023-03-15,32.5348014831543,34.0,34.400001525878906,33.54999923706055,33.599998474121094,346800
2023-03-16,31.482210159301758,32.900001525878906,33.70000076293945,32.75,33.599998474121094,252801
2023-03-17,31.625743865966797,33.04999923706055,33.349998474121094,33.0,33.0,161298
2023-03-20,31.912813186645508,33.349998474121094,33.45000076293945,32.849998474121094,33.04999923706055,173098
2023-03-21,32.15203857421875,33.599998474121094,33.70000076293945,33.349998474121094,33.349998474121094,176100
2023-03-22,32.343421936035156,33.79999923706055,34.04999923706055,33.650001525878906,33.650001525878906,417197
2023-03-23,32.15203857421875,33.599998474121094,33.849998474121094,33.349998474121094,33.75,352147
2023-03-24,31.817123413085938,33.25,34.0,33.20000076293945,34.0,1123842
2023-03-27,30.286073684692383,31.649999618530273,32.5,31.149999618530273,32.5,1665788
2023-03-28,29.951156616210938,31.299999237060547,31.600000381469727,31.149999618530273,31.600000381469727,571441
2023-03-29,30.094694137573242,31.450000762939453,31.700000762939453,31.25,31.299999237060547,252736
2023-03-30,29.99900245666504,31.350000381469727,31.799999237060547,31.299999237060547,31.600000381469727,234001
2023-03-31,30.04684829711914,31.399999618530273,31.5,31.200000762939453,31.399999618530273,281519
2023-04-06,29.664085388183594,31.0,31.299999237060547,30.75,31.200000762939453,395139
2023-04-07,29.56839370727539,30.899999618530273,31.100000381469727,30.600000381469727,30.600000381469727,303499
2023-04-10,30.04684829711914,31.399999618530273,31.5,30.899999618530273,31.0,193084
2023-04-11,30.190383911132812,31.549999237060547,31.649999618530273,31.350000381469727,31.5,206021
2023-04-12,30.04684829711914,31.399999618530273,31.5,31.149999618530273,31.5,219911
2023-04-13,30.333921432495117,31.700000762939453,31.850000381469727,31.450000762939453,31.600000381469727,323004
2023-04-14,30.381765365600586,31.75,31.950000762939453,31.75,31.799999237060547,272074
2023-04-17,30.190383911132812,31.549999237060547,31.899999618530273,31.5,31.899999618530273,204422
2023-04-18,30.238229751586914,31.600000381469727,32.150001525878906,31.600000381469727,31.600000381469727,253020
2023-04-19,30.286073684692383,31.649999618530273,31.850000381469727,31.600000381469727,31.75,164787
2023-04-20,29.951156616210938,31.299999237060547,31.75,31.25,31.5,303003
2023-04-21,29.32917022705078,30.649999618530273,31.399999618530273,30.5,31.399999618530273,357058
2023-04-24,29.32917022705078,30.649999618530273,30.799999237060547,30.5,30.5,125073
2023-04-25,28.802871704101562,30.100000381469727,30.850000381469727,30.0,30.850000381469727,269163
2023-04-26,28.65933609008789,29.950000762939453,30.149999618530273,29.950000762939453,30.0,155035
2023-04-27,28.755023956298828,30.049999237060547,30.200000762939453,29.950000762939453,30.0,110105
2023-04-28,28.85071563720703,30.149999618530273,30.549999237060547,30.149999618530273,30.25,91044
2023-05-02,28.946407318115234,30.25,30.299999237060547,30.149999618530273,30.200000762939453,80522
2023-05-03,28.802871704101562,30.100000381469727,30.200000762939453,30.0,30.149999618530273,84001
2023-05-04,28.70718002319336,30.0,30.100000381469727,29.799999237060547,29.950000762939453,127356
2023-05-05,28.802871704101562,30.100000381469727,30.600000381469727,30.0,30.0,255083
2023-05-08,28.70718002319336,30.0,30.200000762939453,29.950000762939453,30.200000762939453,174276
2023-05-09,27.128286361694336,28.350000381469727,29.299999237060547,27.850000381469727,29.299999237060547,1259100
2023-05-10,26.889057159423828,28.100000381469727,28.25,27.950000762939453,28.100000381469727,164817
2023-05-11,27.128286361694336,28.350000381469727,28.950000762939453,28.049999237060547,28.100000381469727,428445
2023-05-12,26.93690299987793,28.149999618530273,28.600000381469727,28.0,28.600000381469727,140298
2023-05-15,26.793367385864258,28.0,28.450000762939453,27.899999618530273,28.450000762939453,145148
2023-05-16,26.889057159423828,28.100000381469727,28.299999237060547,28.0,28.0,106177
2023-05-17,27.46320343017578,28.700000762939453,28.799999237060547,28.100000381469727,28.100000381469727,244835
2023-05-18,27.606739044189453,28.850000381469727,29.200000762939453,28.799999237060547,28.799999237060547,191000
2023-05-19,27.654582977294922,28.899999618530273,29.25,28.850000381469727,28.850000381469727,141185
2023-05-22,27.893808364868164,29.149999618530273,29.450000762939453,29.0,29.100000381469727,148736
2023-05-23,27.9416561126709,29.200000762939453,29.600000381469727,29.049999237060547,29.600000381469727,149000
2023-05-24,27.798118591308594,29.049999237060547,29.350000381469727,29.0,29.200000762939453,142090
2023-05-25,27.845964431762695,29.100000381469727,29.450000762939453,29.049999237060547,29.049999237060547,98628
2023-05-26,27.750274658203125,29.0,29.149999618530273,28.950000762939453,29.149999618530273,136040
2023-05-29,28.27657127380371,29.549999237060547,29.649999618530273,29.0,29.0,389824
2023-05-30,28.898563385009766,30.200000762939453,30.799999237060547,29.350000381469727,29.350000381469727,408034
2023-05-31,29.042097091674805,30.350000381469727,30.799999237060547,30.0,30.200000762939453,292504
2023-06-01,28.755023956298828,30.049999237060547,30.350000381469727,30.0,30.299999237060547,257000
2023-06-02,28.755023956298828,30.049999237060547,30.149999618530273,29.899999618530273,29.899999618530273,267545
2023-06-05,29.089941024780273,30.399999618530273,30.799999237060547,30.0,30.049999237060547,274055
2023-06-06,28.946407318115234,30.25,30.649999618530273,30.149999618530273,30.450000762939453,105001
2023-06-07,28.70718002319336,30.0,30.450000762939453,30.0,30.25,245077
2023-06-08,28.611488342285156,29.899999618530273,30.049999237060547,29.899999618530273,30.0,184072
2023-06-09,28.65933609008789,29.950000762939453,30.049999237060547,29.850000381469727,29.899999618530273,156642
2023-06-12,28.420108795166016,29.700000762939453,30.0,29.700000762939453,30.0,217222
2023-06-13,28.946407318115234,30.25,30.700000762939453,30.0,30.0,256074
2023-06-14,29.089941024780273,30.399999618530273,30.5,30.299999237060547,30.5,108597
2023-06-15,28.946407318115234,30.25,30.799999237060547,30.100000381469727,30.799999237060547,247402
2023-06-16,28.70718002319336,30.0,30.149999618530273,29.950000762939453,30.049999237060547,218111
2023-06-19,28.467954635620117,29.75,30.0,29.5,29.5,187312
2023-06-20,28.372262954711914,29.649999618530273,29.950000762939453,29.450000762939453,29.950000762939453,113485
2023-06-21,28.898563385009766,30.200000762939453,30.5,29.450000762939453,29.649999618530273,156330
2023-06-26,28.70718002319336,30.0,30.5,29.950000762939453,30.5,126100
2023-06-27,28.372262954711914,29.649999618530273,29.950000762939453,29.549999237060547,29.950000762939453,182169
2023-06-28,28.372262954711914,29.649999618530273,29.799999237060547,29.600000381469727,29.799999237060547,70321
2023-06-29,28.27657127380371,29.549999237060547,30.0,29.5,29.850000381469727,228487
2023-06-30,28.324417114257812,29.600000381469727,29.75,29.5,29.600000381469727,96347
2023-07-03,28.372262954711914,29.649999618530273,29.899999618530273,29.600000381469727,29.600000381469727,85090
2023-07-04,29.042097091674805,30.350000381469727,30.450000762939453,29.549999237060547,29.549999237060547,402016
2023-07-05,28.85071563720703,30.149999618530273,30.450000762939453,30.0,30.25,276776
2023-07-06,28.898563385009766,30.200000762939453,30.399999618530273,30.100000381469727,30.149999618530273,161385
2023-07-07,28.563644409179688,29.850000381469727,30.200000762939453,29.649999618530273,30.149999618530273,188001
2023-07-10,28.65933609008789,29.950000762939453,30.149999618530273,29.700000762939453,29.850000381469727,155837
2023-07-11,28.611488342285156,29.899999618530273,30.100000381469727,29.75,29.950000762939453,211349
2023-07-12,28.037343978881836,29.299999237060547,29.950000762939453,29.299999237060547,29.899999618530273,358015
2023-07-13,27.989500045776367,29.25,29.5,29.149999618530273,29.399999618530273,239458
2023-07-14,28.372262954711914,29.649999618530273,29.75,29.299999237060547,29.299999237060547,163428
2023-07-17,28.70718002319336,30.0,30.049999237060547,29.649999618530273,29.899999618530273,285321
2023-07-18,30.333921432495117,31.700000762939453,31.950000762939453,30.0,30.0,1173356
2023-07-19,29.56839370727539,30.899999618530273,32.04999923706055,30.649999618530273,31.950000762939453,1012124
2023-07-20,29.42486000061035,30.75,31.0,30.600000381469727,30.75,236001
2023-07-21,29.47270393371582,30.799999237060547,31.25,30.649999618530273,30.799999237060547,251030
2023-07-24,29.281326293945312,30.600000381469727,31.100000381469727,30.600000381469727,31.100000381469727,277001
2023-07-25,29.185630798339844,30.5,30.799999237060547,30.350000381469727,30.700000762939453,265000
2023-07-26,28.898563385009766,30.200000762939453,30.75,30.149999618530273,30.700000762939453,187250
2023-07-27,29.32917022705078,30.649999618530273,30.75,30.149999618530273,30.149999618530273,391470
2023-07-28,28.994251251220703,30.299999237060547,30.649999618530273,30.299999237060547,30.649999618530273,179139
2023-07-31,28.755023956298828,30.049999237060547,30.399999618530273,30.0,30.350000381469727,230164
2023-08-01,28.70718002319336,30.0,30.100000381469727,29.899999618530273,30.100000381469727,142074
2023-08-02,28.133037567138672,29.399999618530273,30.200000762939453,29.299999237060547,30.0,350415
2023-08-04,28.133037567138672,29.399999618530273,29.5,29.100000381469727,29.25,101000
2023-08-07,28.27657127380371,29.549999237060547,29.899999618530273,29.299999237060547,29.399999618530273,108002
2023-08-08,28.037343978881836,29.299999237060547,29.899999618530273,29.25,29.899999618530273,104579
2023-08-09,27.9416561126709,29.200000762939453,29.399999618530273,29.149999618530273,29.299999237060547,81001
2023-08-10,27.798118591308594,29.049999237060547,29.600000381469727,28.950000762939453,29.600000381469727,185000
2023-08-11,27.606739044189453,28.850000381469727,29.100000381469727,28.799999237060547,29.100000381469727,135375
2023-08-14,26.64983367919922,27.850000381469727,28.799999237060547,27.600000381469727,28.799999237060547,262050
2023-08-15,26.64983367919922,27.850000381469727,28.100000381469727,27.649999618530273,27.649999618530273,148177
2023-08-16,26.31491470336914,27.5,27.649999618530273,27.350000381469727,27.649999618530273,217808
2023-08-17,26.358186721801758,27.0,27.350000381469727,26.549999237060547,27.350000381469727,273144
2023-08-18,26.162939071655273,26.799999237060547,27.049999237060547,26.700000762939453,27.0,187001
2023-08-21,26.162939071655273,26.799999237060547,27.0,26.700000762939453,26.850000381469727,143271
2023-08-22,25.67482566833496,26.299999237060547,26.850000381469727,26.100000381469727,26.850000381469727,430043
2023-08-23,26.260562896728516,26.899999618530273,26.950000762939453,26.149999618530273,26.25,199222
2023-08-24,26.065319061279297,26.700000762939453,27.049999237060547,26.700000762939453,26.700000762939453,91077
2023-08-25,26.260562896728516,26.899999618530273,27.049999237060547,26.450000762939453,26.450000762939453,99050
2023-08-28,26.162939071655273,26.799999237060547,26.899999618530273,26.799999237060547,26.899999618530273,37090
2023-08-29,26.84630012512207,27.5,27.75,26.899999618530273,26.950000762939453,152241
2023-08-30,27.236791610717773,27.899999618530273,27.950000762939453,27.350000381469727,27.649999618530273,123238
2023-08-31,27.139169692993164,27.799999237060547,28.049999237060547,27.799999237060547,28.0,69096
2023-09-01,27.5296630859375,28.200000762939453,28.399999618530273,27.799999237060547,27.950000762939453,158000
2023-09-04,27.432037353515625,28.100000381469727,28.350000381469727,28.049999237060547,28.350000381469727,120000
2023-09-05,27.432037353515625,28.100000381469727,28.200000762939453,27.950000762939453,28.100000381469727,127562
2023-09-06,27.432037353515625,28.100000381469727,28.25,28.0,28.100000381469727,178452
2023-09-07,27.5296630859375,28.200000762939453,28.299999237060547,28.100000381469727,28.100000381469727,105054
2023-09-08,28.115398406982422,28.799999237060547,29.200000762939453,28.149999618530273,28.149999618530273,283286
2023-09-11,27.676095962524414,28.350000381469727,29.049999237060547,28.350000381469727,29.049999237060547,191000
2023-09-12,27.5296630859375,28.200000762939453,28.549999237060547,28.200000762939453,28.350000381469727,125000
2023-09-13,27.48084831237793,28.149999618530273,28.450000762939453,28.0,28.200000762939453,145166
2023-09-14,27.920154571533203,28.600000381469727,28.75,28.299999237060547,28.299999237060547,170041
2023-09-15,27.676095962524414,28.350000381469727,28.799999237060547,28.350000381469727,28.600000381469727,174022
2023-09-18,27.968963623046875,28.649999618530273,28.75,28.5,28.75,89021
2023-09-19,27.871339797973633,28.549999237060547,28.850000381469727,28.5,28.649999618530273,114176
2023-09-20,27.822528839111328,28.5,28.649999618530273,28.450000762939453,28.549999237060547,89000
2023-09-21,27.48084831237793,28.149999618530273,28.899999618530273,28.149999618530273,28.899999618530273,150001
2023-09-22,28.21302032470703,28.899999618530273,28.899999618530273,28.049999237060547,28.5,220059
2023-09-25,28.21302032470703,28.899999618530273,29.049999237060547,28.600000381469727,28.899999618530273,111040
2023-09-26,28.115398406982422,28.799999237060547,28.899999618530273,28.75,28.899999618530273,72060
2023-09-27,27.871339797973633,28.549999237060547,28.799999237060547,28.549999237060547,28.75,67012
2023-09-28,27.920154571533203,28.600000381469727,28.899999618530273,28.5,28.549999237060547,71000
2023-10-02,28.310646057128906,29.0,29.149999618530273,28.75,28.799999237060547,128075
2023-10-03,28.55470085144043,29.25,29.549999237060547,29.0,29.0,121010
2023-10-04,28.45707893371582,29.149999618530273,29.25,28.950000762939453,28.950000762939453,56161
2023-10-05,28.749948501586914,29.450000762939453,29.450000762939453,29.0,29.0,116100
2023-10-06,28.749948501586914,29.450000762939453,29.649999618530273,29.25,29.25,146045
2023-10-11,28.408267974853516,29.100000381469727,29.549999237060547,29.049999237060547,29.549999237060547,106597
2023-10-12,28.359455108642578,29.049999237060547,29.200000762939453,29.0,29.149999618530273,90000
2023-10-13,28.359455108642578,29.049999237060547,29.25,28.75,29.0,82735
2023-10-16,28.115398406982422,28.799999237060547,29.049999237060547,28.75,29.049999237060547,89082
2023-10-17,28.115398406982422,28.799999237060547,29.0,28.450000762939453,28.850000381469727,162020
2023-10-18,27.627283096313477,28.299999237060547,28.450000762939453,28.299999237060547,28.350000381469727,68121
2023-10-19,27.72490692138672,28.399999618530273,28.700000762939453,28.299999237060547,28.299999237060547,105050
2023-10-20,27.627283096313477,28.299999237060547,28.850000381469727,28.149999618530273,28.700000762939453,29253
2023-10-23,27.627283096313477,28.299999237060547,28.299999237060547,28.100000381469727,28.100000381469727,53054
2023-10-24,27.72490692138672,28.399999618530273,28.5,28.299999237060547,28.299999237060547,83368
2023-10-25,27.920154571533203,28.600000381469727,28.649999618530273,28.299999237060547,28.450000762939453,80487
2023-10-26,27.627283096313477,28.299999237060547,28.549999237060547,28.299999237060547,28.299999237060547,86002
2023-10-27,27.676095962524414,28.350000381469727,28.5,28.350000381469727,28.399999618530273,19000
2023-10-30,27.72490692138672,28.399999618530273,28.600000381469727,28.350000381469727,28.5,42000
2023-10-31,27.627283096313477,28.299999237060547,28.549999237060547,28.299999237060547,28.549999237060547,43001
2023-11-01,27.236791610717773,27.899999618530273,28.350000381469727,27.899999618530273,28.350000381469727,108083
2023-11-02,27.578474044799805,28.25,28.5,28.149999618530273,28.149999618530273,93001
2023-11-03,27.578474044799805,28.25,28.700000762939453,28.25,28.700000762939453,41958
2023-11-06,29.628555297851562,30.350000381469727,30.799999237060547,28.0,28.25,1200070
2023-11-07,28.99400520324707,29.700000762939453,30.450000762939453,29.5,30.25,961030
2023-11-08,29.042816162109375,29.75,29.799999237060547,29.350000381469727,29.799999237060547,295111
2023-11-09,28.945192337036133,29.649999618530273,29.899999618530273,29.600000381469727,29.850000381469727,175294
2023-11-10,29.140439987182617,29.850000381469727,30.799999237060547,29.5,29.649999618530273,365073
2023-11-13,29.042816162109375,29.75,29.950000762939453,29.600000381469727,29.850000381469727,126035
2023-11-14,29.482118606567383,30.200000762939453,30.5,29.549999237060547,29.700000762939453,274130
2023-11-15,29.482118606567383,30.200000762939453,30.399999618530273,30.100000381469727,30.299999237060547,265535
2023-11-16,29.433307647705078,30.149999618530273,30.5,29.799999237060547,30.399999618530273,279633
2023-11-17,29.384496688842773,30.100000381469727,30.299999237060547,30.0,30.149999618530273,146019
2023-11-20,29.433307647705078,30.149999618530273,30.25,29.899999618530273,30.0,206170
2023-11-21,29.53093147277832,30.25,30.700000762939453,30.200000762939453,30.299999237060547,261113
2023-11-22,29.433307647705078,30.149999618530273,30.25,30.049999237060547,30.100000381469727,200182
2023-11-23,29.872610092163086,30.600000381469727,30.75,30.149999618530273,30.200000762939453,242300
2023-11-24,30.019046783447266,30.75,31.299999237060547,30.649999618530273,30.649999618530273,356147
2023-11-27,29.677364349365234,30.399999618530273,30.799999237060547,30.299999237060547,30.75,154633
2023-11-28,29.82379913330078,30.549999237060547,30.799999237060547,30.299999237060547,30.399999618530273,254147
2023-11-29,29.97023582458496,30.700000762939453,31.25,30.25,30.350000381469727,333106
2023-11-30,29.97023582458496,30.700000762939453,31.0,30.649999618530273,31.0,168493
2023-12-01,30.116668701171875,30.850000381469727,30.899999618530273,30.600000381469727,30.700000762939453,258020
2023-12-04,30.458349227905273,31.200000762939453,31.399999618530273,30.799999237060547,30.850000381469727,245066
2023-12-05,31.288143157958984,32.04999923706055,33.25,31.25,31.350000381469727,1896301
2023-12-06,30.80002784729004,31.549999237060547,32.04999923706055,31.5,32.04999923706055,382962
2023-12-07,30.604782104492188,31.350000381469727,31.799999237060547,31.0,31.799999237060547,425001
2023-12-08,30.99527359008789,31.75,31.850000381469727,31.200000762939453,31.450000762939453,324008
2023-12-11,30.80002784729004,31.549999237060547,31.950000762939453,31.350000381469727,31.75,266105
2023-12-12,30.848840713500977,31.600000381469727,31.600000381469727,31.350000381469727,31.549999237060547,312294
2023-12-13,32.21556091308594,33.0,33.0,31.75,31.75,1239052
2023-12-14,30.94646453857422,31.700000762939453,33.0,31.200000762939453,33.0,1637989
2023-12-15,31.43457794189453,32.20000076293945,32.20000076293945,31.399999618530273,32.0,505286
2023-12-18,31.67863655090332,32.45000076293945,32.95000076293945,32.29999923706055,32.29999923706055,523220
2023-12-19,32.21556091308594,33.0,33.099998474121094,31.899999618530273,32.5,849469
2023-12-20,32.65486526489258,33.45000076293945,34.0,32.849998474121094,32.849998474121094,1789200
2023-12-21,32.410804748535156,33.20000076293945,33.79999923706055,32.70000076293945,33.0,782000
2023-12-22,32.06912612915039,32.849998474121094,33.20000076293945,32.70000076293945,33.20000076293945,357098
2023-12-25,31.727445602416992,32.5,32.95000076293945,32.29999923706055,32.95000076293945,233124
2023-12-26,31.87388038635254,32.650001525878906,32.650001525878906,32.349998474121094,32.45000076293945,226028
2023-12-27,31.581010818481445,32.349998474121094,32.900001525878906,32.349998474121094,32.900001525878906,173137
2023-12-28,31.629825592041016,32.400001525878906,32.5,32.099998474121094,32.349998474121094,224010
2023-12-29,31.483388900756836,32.25,32.400001525878906,32.099998474121094,32.349998474121094,162002
2024-01-02,31.385766983032227,32.150001525878906,32.349998474121094,32.099998474121094,32.29999923706055,104010
2024-01-03,30.604782104492188,31.350000381469727,32.150001525878906,31.350000381469727,32.150001525878906,345031
2024-01-04,30.311914443969727,31.049999237060547,31.600000381469727,31.049999237060547,31.100000381469727,392046
2024-01-05,30.555971145629883,31.299999237060547,31.5,31.200000762939453,31.200000762939453,120092
2024-01-08,30.604782104492188,31.350000381469727,31.600000381469727,31.299999237060547,31.299999237060547,151393
2024-01-09,30.360727310180664,31.100000381469727,31.450000762939453,31.0,31.450000762939453,77280
2024-01-10,30.16547966003418,30.899999618530273,31.100000381469727,30.850000381469727,31.100000381469727,135000
2024-01-11,30.214290618896484,30.950000762939453,31.100000381469727,30.950000762939453,31.049999237060547,76000
2024-01-12,30.116668701171875,30.850000381469727,31.0,30.799999237060547,30.950000762939453,69000
2024-01-15,30.507160186767578,31.25,31.299999237060547,30.75,30.799999237060547,199367
2024-01-16,30.067855834960938,30.799999237060547,31.0,30.649999618530273,31.0,170371
2024-01-17,29.82379913330078,30.549999237060547,30.700000762939453,30.450000762939453,30.600000381469727,212749
2024-01-18,29.921422958374023,30.649999618530273,30.75,30.200000762939453,30.600000381469727,160341
2024-01-19,30.458349227905273,31.200000762939453,31.200000762939453,30.5,30.5,102727
2024-01-22,30.89765167236328,31.649999618530273,31.649999618530273,31.200000762939453,31.5,246002
2024-01-23,30.99527359008789,31.75,31.799999237060547,31.549999237060547,31.649999618530273,186281
2024-01-24,33.533470153808594,34.349998474121094,34.900001525878906,32.900001525878906,33.150001525878906,6831640
2024-01-25,34.21683120727539,35.04999923706055,36.70000076293945,34.54999923706055,34.900001525878906,10353149
2024-01-26,36.12047576904297,37.0,38.20000076293945,34.599998474121094,35.0,8998202
2024-01-29,37.780067443847656,38.70000076293945,39.75,37.099998474121094,38.20000076293945,13582631
2024-01-30,37.975311279296875,38.900001525878906,38.900001525878906,37.79999923706055,38.0,3767056
2024-01-31,37.780067443847656,38.70000076293945,40.5,38.150001525878906,38.900001525878906,5362620
2024-02-01,37.92649841308594,38.849998474121094,39.400001525878906,38.25,38.29999923706055,2224735
2024-02-02,37.38957595825195,38.29999923706055,40.150001525878906,37.5,39.599998474121094,3564370
2024-02-05,36.364532470703125,37.25,38.20000076293945,36.900001525878906,38.0,1660081
2024-02-15,35.77880096435547,36.650001525878906,38.0,36.599998474121094,38.0,1171753
2024-02-16,36.99908447265625,37.900001525878906,37.900001525878906,36.5,36.650001525878906,1122398
2024-02-19,37.38957595825195,38.29999923706055,39.25,37.849998474121094,37.900001525878906,1469736
2024-02-20,35.87642288208008,36.75,38.650001525878906,36.650001525878906,38.5,1456931
2024-02-21,36.0716667175293,36.95000076293945,37.349998474121094,36.70000076293945,36.79999923706055,632191
2024-02-22,36.364532470703125,37.25,37.650001525878906,36.79999923706055,37.099998474121094,528127
2024-02-23,36.80384063720703,37.70000076293945,38.45000076293945,37.099998474121094,37.70000076293945,1534264
2024-02-26,37.19432830810547,38.099998474121094,38.75,37.29999923706055,37.70000076293945,1291117
2024-02-27,36.462154388427734,37.349998474121094,38.54999923706055,37.0,38.5,1065557
2024-02-29,38.2193717956543,39.150001525878906,39.45000076293945,37.400001525878906,37.849998474121094,2116841
2024-03-01,41.97785186767578,43.0,43.04999923706055,38.29999923706055,39.95000076293945,9830736
2024-03-04,41.53854751586914,42.54999923706055,44.75,41.70000076293945,43.95000076293945,8280294
2024-03-05,40.51350784301758,41.5,43.150001525878906,41.099998474121094,43.150001525878906,2802441
2024-03-06,41.196868896484375,42.20000076293945,42.20000076293945,40.099998474121094,41.20000076293945,3033299
2024-03-07,39.53727722167969,40.5,42.599998474121094,40.5,42.349998474121094,2647230
2024-03-08,39.53727722167969,40.5,41.29999923706055,39.599998474121094,40.900001525878906,2393322
2024-03-11,40.46469497680664,41.45000076293945,41.95000076293945,39.79999923706055,39.79999923706055,1629302
2024-03-12,39.39084243774414,40.349998474121094,41.54999923706055,40.29999923706055,41.25,1124150
2024-03-13,35.58354949951172,36.45000076293945,40.0,36.349998474121094,39.900001525878906,4143288
2024-03-14,35.046627044677734,35.900001525878906,36.25,35.0,35.599998474121094,1482540
2024-03-15,36.0716667175293,36.95000076293945,37.349998474121094,35.599998474121094,35.900001525878906,947541
2024-03-18,35.82761001586914,36.70000076293945,37.29999923706055,36.400001525878906,37.0,546183
2024-03-19,35.72998809814453,36.599998474121094,36.95000076293945,36.150001525878906,36.95000076293945,540919
2024-03-20,34.656131744384766,35.5,36.75,35.5,36.400001525878906,719628
2024-03-21,35.53474044799805,36.400001525878906,36.400001525878906,35.75,35.849998474121094,448056
2024-03-22,34.949005126953125,35.79999923706055,36.25,35.650001525878906,36.20000076293945,528960
2024-03-25,35.144248962402344,36.0,36.29999923706055,35.900001525878906,35.900001525878906,371001
2024-03-26,34.46088790893555,35.29999923706055,36.45000076293945,35.099998474121094,36.0,597015
2024-03-27,34.412078857421875,35.25,35.849998474121094,35.099998474121094,35.349998474121094,580151
2024-03-28,35.29068374633789,36.150001525878906,36.25,35.25,35.25,506073
2024-03-29,38.36580276489258,39.29999923706055,39.29999923706055,36.04999923706055,36.5,3755000
2024-04-01,37.19432830810547,38.099998474121094,38.900001525878906,37.5,38.900001525878906,1683197
2024-04-02,36.706214904785156,37.599998474121094,38.45000076293945,37.599998474121094,38.400001525878906,586235
2024-04-03,37.82887649536133,38.75,39.45000076293945,37.0,37.099998474121094,1384009
2024-04-08,37.975311279296875,38.900001525878906,40.599998474121094,38.79999923706055,39.099998474121094,2760058
2024-04-09,37.731258392333984,38.650001525878906,39.04999923706055,38.099998474121094,38.599998474121094,752026
2024-04-10,37.731258392333984,38.650001525878906,39.099998474121094,38.599998474121094,38.650001525878906,744074
2024-04-11,37.04789352416992,37.95000076293945,38.70000076293945,37.95000076293945,38.5,512031
2024-04-12,36.901458740234375,37.79999923706055,38.29999923706055,37.79999923706055,38.0,498086
2024-04-15,36.022857666015625,36.900001525878906,37.54999923706055,36.79999923706055,37.20000076293945,568031
2024-04-16,34.7049446105957,35.54999923706055,36.79999923706055,35.5,36.79999923706055,766001
2024-04-17,35.144248962402344,36.0,36.20000076293945,35.5,35.5,357377
2024-04-18,38.65867233276367,39.599998474121094,39.599998474121094,38.04999923706055,38.849998474121094,2737043
2024-04-19,39.24441146850586,40.20000076293945,42.0,38.599998474121094,40.0,7529450
2024-04-22,37.58482360839844,38.5,41.25,38.29999923706055,40.79999923706055,2237707
2024-04-23,37.09670639038086,38.0,39.04999923706055,37.349998474121094,38.599998474121094,801697
2024-04-24,38.268184661865234,39.20000076293945,39.29999923706055,38.0,38.0,792961
2024-04-25,39.586090087890625,40.54999923706055,41.29999923706055,38.29999923706055,39.0,1443205
2024-04-26,39.976585388183594,40.95000076293945,41.849998474121094,40.29999923706055,41.20000076293945,2345175
2024-04-29,40.46469497680664,41.45000076293945,41.849998474121094,40.849998474121094,41.599998474121094,1172442
2024-04-30,39.586090087890625,40.54999923706055,41.95000076293945,40.5,41.95000076293945,1200249
2024-05-02,40.220638275146484,41.20000076293945,41.70000076293945,40.150001525878906,40.54999923706055,1030987
2024-05-03,39.24441146850586,40.20000076293945,41.5,40.20000076293945,41.45000076293945,742118
2024-05-06,38.46342849731445,39.400001525878906,40.5,39.20000076293945,40.5,637457
2024-05-07,38.17055892944336,39.099998474121094,39.79999923706055,38.5,39.5,527100
2024-05-08,38.36580276489258,39.29999923706055,39.349998474121094,38.849998474121094,38.900001525878906,399351
2024-05-09,38.80510711669922,39.75,40.099998474121094,38.79999923706055,39.45000076293945,449298
2024-05-10,39.976585388183594,40.95000076293945,41.20000076293945,39.70000076293945,39.70000076293945,1099616
2024-05-13,43.881500244140625,44.95000076293945,45.0,41.900001525878906,42.0,10528962
2024-05-14,40.123016357421875,41.099998474121094,44.849998474121094,41.0,44.849998474121094,6181277
2024-05-15,40.51350784301758,41.5,41.900001525878906,40.54999923706055,41.599998474121094,2078100
2024-05-16,42.465965270996094,43.5,44.900001525878906,42.20000076293945,42.20000076293945,4932399
2024-05-17,42.36834716796875,43.400001525878906,43.75,42.599998474121094,43.150001525878906,1457947
2024-05-20,45.54109191894531,46.650001525878906,47.5,43.79999923706055,44.95000076293945,6574814
2024-05-21,45.63871383666992,46.75,47.79999923706055,45.900001525878906,47.5,5007149
2024-05-22,46.0780143737793,47.20000076293945,48.95000076293945,46.29999923706055,47.5,4464850
2024-05-23,47.298301696777344,48.45000076293945,48.5,46.70000076293945,47.650001525878906,3400074
2024-05-24,50.763912200927734,52.0,53.20000076293945,47.650001525878906,49.0,14765037
2024-05-27,49.49481964111328,50.70000076293945,53.599998474121094,50.20000076293945,53.5,9222772
2024-05-28,51.642520904541016,52.900001525878906,53.79999923706055,50.70000076293945,50.70000076293945,5719045
2024-05-29,50.861534118652344,52.099998474121094,53.29999923706055,51.5,53.099998474121094,2847746
2024-05-30,49.592437744140625,50.79999923706055,53.0,50.70000076293945,52.599998474121094,3374225
2024-05-31,49.29956817626953,50.5,52.29999923706055,50.099998474121094,51.29999923706055,1905507
2024-06-03,49.397193908691406,50.599998474121094,51.5,49.54999923706055,51.0,2201591
2024-06-04,48.56739807128906,49.75,51.29999923706055,49.349998474121094,50.599998474121094,1595311
2024-06-05,46.37088394165039,47.5,51.20000076293945,47.349998474121094,50.099998474121094,3320356
2024-06-06,47.103057861328125,48.25,48.79999923706055,47.349998474121094,48.099998474121094,1963250
2024-06-07,48.46977615356445,49.650001525878906,51.5,48.75,48.75,1880946
2024-06-11,46.95661544799805,48.099998474121094,49.599998474121094,47.45000076293945,49.20000076293945,1287330
2024-06-12,47.49354934692383,48.650001525878906,48.79999923706055,47.599998474121094,47.70000076293945,850074
2024-06-13,46.566131591796875,47.70000076293945,49.099998474121094,47.54999923706055,48.79999923706055,996150
2024-06-14,47.347110748291016,48.5,48.599998474121094,47.400001525878906,47.400001525878906,799000
2024-06-17,46.761375427246094,47.900001525878906,48.54999923706055,47.70000076293945,48.54999923706055,503263
2024-06-18,44.7112922668457,45.79999923706055,48.400001525878906,45.650001525878906,48.400001525878906,2113480
2024-06-19,45.34584045410156,46.45000076293945,47.099998474121094,45.400001525878906,47.099998474121094,1452063
2024-06-20,44.22317886352539,45.29999923706055,46.599998474121094,45.29999923706055,46.29999923706055,1254200
2024-06-21,44.46723556518555,45.54999923706055,45.849998474121094,45.099998474121094,45.5,718370
2024-06-24,45.29703140258789,46.400001525878906,47.400001525878906,45.400001525878906,45.54999923706055,1613066
2024-06-25,46.468505859375,47.599998474121094,47.599998474121094,44.650001525878906,46.400001525878906,1563303
2024-06-26,45.736331939697266,46.849998474121094,47.849998474121094,46.75,47.70000076293945,1127100
2024-06-27,45.394657135009766,46.5,47.54999923706055,46.25,47.0,647130
2024-06-28,48.03047561645508,49.20000076293945,50.5,46.45000076293945,46.45000076293945,4243411
2024-07-01,46.8589973449707,48.0,49.400001525878906,47.75,49.349998474121094,2187726
2024-07-02,47.24949264526367,48.400001525878906,49.099998474121094,47.900001525878906,48.400001525878906,764500
2024-07-03,47.39592361450195,48.54999923706055,49.70000076293945,48.5,49.0,999000
2024-07-04,47.298301696777344,48.45000076293945,49.0,48.0,48.79999923706055,921330
2024-07-05,48.713836669921875,49.900001525878906,50.400001525878906,48.099998474121094,48.75,1808711
2024-07-08,46.8589973449707,48.0,50.0,47.29999923706055,50.0,1713933
2024-07-09,45.98038864135742,47.099998474121094,48.29999923706055,46.45000076293945,48.0,1052667
2024-07-10,48.37215042114258,49.54999923706055,50.70000076293945,47.20000076293945,47.20000076293945,2650630
2024-07-11,47.347110748291016,48.5,50.0,48.29999923706055,49.900001525878906,1155242
2024-07-12,47.005435943603516,48.150001525878906,49.20000076293945,47.79999923706055,48.95000076293945,656156
2024-07-15,47.347110748291016,48.5,49.5,48.29999923706055,48.75,788789
2024-07-16,47.78641891479492,48.95000076293945,49.599998474121094,47.79999923706055,48.599998474121094,1134535
2024-07-17,49.20194625854492,50.400001525878906,52.5,49.20000076293945,49.20000076293945,5069341
2024-07-18,48.27452850341797,49.45000076293945,50.29999923706055,48.54999923706055,49.79999923706055,1631092
2024-07-19,46.95661544799805,48.099998474121094,49.5,47.20000076293945,49.5,1326235
2024-07-22,46.66374969482422,47.79999923706055,48.650001525878906,47.0,48.099998474121094,1092319
2024-07-23,46.66374969482422,47.79999923706055,49.5,46.900001525878906,47.79999923706055,1222001
2024-07-26,46.761375427246094,47.900001525878906,48.0,45.349998474121094,46.5,968422
2024-07-29,45.88276672363281,47.0,49.0,47.0,48.45000076293945,742201
2024-07-30,46.02920150756836,47.150001525878906,47.29999923706055,46.04999923706055,47.20000076293945,684079
2024-07-31,48.12809371948242,49.29999923706055,49.95000076293945,46.599998474121094,46.599998474121094,1772133
2024-08-01,47.835227966308594,49.0,50.79999923706055,48.849998474121094,50.0,1757196
2024-08-02,46.41969299316406,47.54999923706055,48.849998474121094,47.099998474121094,48.20000076293945,1190552
2024-08-05,41.7826042175293,42.79999923706055,46.20000076293945,42.79999923706055,46.04999923706055,1577030
2024-08-06,38.46342849731445,39.400001525878906,42.79999923706055,38.54999923706055,42.5,2823003
2024-08-07,41.58736038208008,42.599998474121094,43.099998474121094,38.849998474121094,39.25,1658981
2024-08-08,40.757568359375,41.75,42.599998474121094,41.54999923706055,42.0,544673
2024-08-09,42.41715621948242,43.45000076293945,44.54999923706055,43.150001525878906,43.650001525878906,1035001
2024-08-12,44.80891799926758,45.900001525878906,47.54999923706055,44.20000076293945,44.20000076293945,1967102
2024-08-13,46.27326202392578,47.400001525878906,48.20000076293945,45.79999923706055,46.29999923706055,1953373
2024-08-14,47.005435943603516,48.150001525878906,49.349998474121094,47.849998474121094,48.29999923706055,2139208
2024-08-15,49.0067024230957,50.20000076293945,50.20000076293945,48.0,48.599998474121094,3869136
2024-08-16,48.811458587646484,50.0,51.400001525878906,49.650001525878906,51.29999923706055,2593388
2024-08-19,48.90907669067383,50.099998474121094,50.70000076293945,49.150001525878906,50.70000076293945,1820603
2024-08-20,48.2257194519043,49.400001525878906,50.599998474121094,49.400001525878906,50.400001525878906,1355650
2024-08-21,47.59116744995117,48.75,49.75,48.400001525878906,49.400001525878906,1155028
2024-08-22,48.66501998901367,49.849998474121094,49.95000076293945,48.20000076293945,49.0,1338435
2024-08-23,47.59116744995117,48.75,49.54999923706055,48.29999923706055,49.400001525878906,1680022
2024-08-26,52.32587814331055,53.599998474121094,53.599998474121094,49.099998474121094,49.099998474121094,6619763
2024-08-27,52.52112579345703,53.79999923706055,54.599998474121094,51.20000076293945,53.0,13680904
2024-08-28,53.887847900390625,55.20000076293945,56.900001525878906,52.400001525878906,54.400001525878906,8327834
2024-08-29,55.35219192504883,56.70000076293945,56.79999923706055,54.20000076293945,54.5,4981677
2024-08-30,51.642520904541016,52.900001525878906,57.20000076293945,52.900001525878906,57.099998474121094,6115246
2024-09-02,52.716373443603516,54.0,55.099998474121094,52.599998474121094,54.0,3506683
2024-09-03,52.42350387573242,53.70000076293945,54.400001525878906,52.900001525878906,54.0,1535451
2024-09-04,49.29956817626953,50.5,52.70000076293945,50.099998474121094,51.099998474121094,2468200
2024-09-05,48.6162109375,49.79999923706055,51.599998474121094,49.150001525878906,51.400001525878906,2007506
2024-09-06,48.323341369628906,49.5,50.20000076293945,49.099998474121094,49.45000076293945,762470
2024-09-09,50.17817687988281,51.400001525878906,51.5,48.900001525878906,49.150001525878906,1288580
2024-09-10,48.420963287353516,49.599998474121094,54.29999923706055,49.20000076293945,51.400001525878906,4203471
2024-09-11,50.471046447753906,51.70000076293945,52.79999923706055,49.54999923706055,49.599998474121094,2125500
2024-09-12,50.08055114746094,51.29999923706055,53.29999923706055,51.29999923706055,53.29999923706055,1685160
2024-09-13,53.985469818115234,55.29999923706055,56.0,51.900001525878906,51.900001525878906,8726092
2024-09-16,56.133174896240234,57.5,60.79999923706055,55.0,55.29999923706055,13025639
2024-09-18,54.27833938598633,55.599998474121094,62.400001525878906,55.599998474121094,60.0,18535196
2024-09-19,57.69514083862305,59.099998474121094,60.20000076293945,55.400001525878906,55.400001525878906,9405669
2024-09-20,57.304649353027344,58.70000076293945,60.0,57.5,59.79999923706055,5408771
2024-09-23,59.64759826660156,61.099998474121094,61.5,57.70000076293945,60.0,15455875
2024-09-24,53.887847900390625,55.20000076293945,60.79999923706055,55.0,60.79999923706055,24435699
2024-09-25,59.257110595703125,60.70000076293945,60.70000076293945,56.20000076293945,56.400001525878906,21618193
2024-09-26,56.62129211425781,58.0,63.20000076293945,57.400001525878906,61.5,28689624
2024-09-27,53.69260025024414,55.0,58.5,55.0,58.5,13655948
2024-09-30,52.52112579345703,53.79999923706055,54.79999923706055,52.29999923706055,52.5,6218178
2024-10-01,52.22825622558594,53.5,54.599998474121094,52.79999923706055,54.0,4476100
2024-10-04,51.54489517211914,52.79999923706055,54.0,52.79999923706055,53.900001525878906,2570269
2024-10-07,53.10686492919922,54.400001525878906,54.599998474121094,53.099998474121094,53.400001525878906,2441310
2024-10-08,53.009239196777344,54.29999923706055,55.599998474121094,53.400001525878906,54.900001525878906,3680294
2024-10-09,54.96169662475586,56.29999923706055,57.79999923706055,55.400001525878906,55.79999923706055,9350457
2024-10-11,53.985469818115234,55.29999923706055,57.400001525878906,54.70000076293945,57.099998474121094,4386023
2024-10-14,56.32841873168945,57.70000076293945,58.900001525878906,54.70000076293945,55.5,6878557
2024-10-15,55.742679595947266,57.099998474121094,59.29999923706055,56.5,58.099998474121094,7586602
2024-10-16,56.718910217285156,58.099998474121094,58.599998474121094,56.599998474121094,56.79999923706055,4922143
2024-10-17,57.40227127075195,58.79999923706055,59.20000076293945,57.900001525878906,58.400001525878906,5980980
2024-10-18,57.011783599853516,58.400001525878906,59.20000076293945,58.0,59.099998474121094,3520245
2024-10-21,59.54997634887695,61.0,61.900001525878906,59.20000076293945,60.099998474121094,10392396
2024-10-22,60.03809356689453,61.5,62.599998474121094,60.29999923706055,60.5,7789440
2024-10-23,60.23333740234375,61.70000076293945,62.79999923706055,61.20000076293945,61.79999923706055,5484653
2024-10-24,57.304649353027344,58.70000076293945,62.79999923706055,58.70000076293945,62.0,7522632
2024-10-25,58.183250427246094,59.599998474121094,60.0,58.5,59.20000076293945,2878450
2024-10-28,56.133174896240234,57.5,59.70000076293945,57.400001525878906,59.70000076293945,2644202
2024-10-29,54.76645278930664,56.099998474121094,58.0,55.5,57.5,2288314
2024-10-30,53.887847900390625,55.20000076293945,56.599998474121094,55.099998474121094,56.5,1829037
2024-11-01,54.083091735839844,55.400001525878906,55.70000076293945,53.79999923706055,54.0,1321760
2024-11-04,50.08055114746094,51.29999923706055,55.79999923706055,50.70000076293945,55.400001525878906,6109763
2024-11-05,51.34965133666992,52.599998474121094,53.29999923706055,51.0,51.20000076293945,2685006
2024-11-06,51.642520904541016,52.900001525878906,54.20000076293945,52.599998474121094,52.79999923706055,1728402
2024-11-07,53.39973449707031,54.70000076293945,55.20000076293945,53.29999923706055,53.400001525878906,2288147
2024-11-08,49.98292922973633,51.20000076293945,55.20000076293945,51.20000076293945,55.099998474121094,3573341
2024-11-11,51.056785583496094,52.29999923706055,53.20000076293945,51.599998474121094,51.79999923706055,1782312
2024-11-12,49.397193908691406,50.599998474121094,52.0,50.20000076293945,51.79999923706055,1849124
2024-11-13,49.20194625854492,50.400001525878906,51.20000076293945,50.400001525878906,50.70000076293945,1088101
2024-11-14,48.17690658569336,49.349998474121094,51.099998474121094,49.29999923706055,51.099998474121094,1309220
2024-11-15,50.471046447753906,51.70000076293945,52.400001525878906,49.20000076293945,49.20000076293945,3112140
2024-11-18,47.68878936767578,48.849998474121094,51.5,48.099998474121094,51.5,3873361
2024-11-19,48.12809371948242,49.29999923706055,49.349998474121094,48.0,48.900001525878906,1772250
2024-11-20,48.37215042114258,49.54999923706055,49.54999923706055,49.54999923706055,49.54999923706055,1212867
2024-11-21,47.73760223388672,48.900001525878906,49.79999923706055,48.79999923706055,49.5,1027220
2024-11-22,49.397193908691406,50.599998474121094,51.0,49.20000076293945,49.20000076293945,1613455
2024-11-25,51.740142822265625,53.0,53.5,51.29999923706055,51.599998474121094,3272747
2024-11-26,50.763912200927734,52.0,54.5,51.79999923706055,54.099998474121094,3026784
2024-11-27,50.37342071533203,51.599998474121094,52.900001525878906,51.0,52.400001525878906,1231209
2024-11-28,49.0067024230957,50.20000076293945,52.599998474121094,50.20000076293945,52.20000076293945,1414555
2024-11-29,49.98292922973633,51.20000076293945,51.400001525878906,49.599998474121094,50.099998474121094,639177
2024-12-02,49.6900634765625,50.900001525878906,52.099998474121094,50.900001525878906,51.79999923706055,584457
2024-12-03,53.39973449707031,54.70000076293945,55.400001525878906,51.599998474121094,51.599998474121094,6767474
2024-12-04,51.837764739990234,53.099998474121094,54.79999923706055,52.20000076293945,54.70000076293945,4558765
2024-12-05,53.30210876464844,54.599998474121094,54.70000076293945,52.900001525878906,53.5,3319599
2024-12-06,53.10686492919922,54.400001525878906,54.599998474121094,53.400001525878906,54.400001525878906,1654621
2024-12-09,51.93539047241211,53.20000076293945,55.099998474121094,52.70000076293945,55.0,2077005
2024-12-10,51.837764739990234,53.099998474121094,54.900001525878906,52.79999923706055,54.20000076293945,1727111
2024-12-11,52.22825622558594,53.5,54.20000076293945,52.70000076293945,53.0,1278213
2024-12-12,51.1544075012207,52.400001525878906,54.5,52.20000076293945,54.0,1461951
2024-12-13,50.568668365478516,51.79999923706055,52.400001525878906,51.5,52.400001525878906,974136
2024-12-16,49.0067024230957,50.20000076293945,52.400001525878906,50.099998474121094,52.0,1193245
2024-12-17,49.98292922973633,51.20000076293945,51.400001525878906,50.400001525878906,50.400001525878906,462000
2024-12-18,49.10432434082031,50.29999923706055,50.70000076293945,49.70000076293945,50.599998474121094,866347
2024-12-19,48.811458587646484,50.0,50.20000076293945,48.79999923706055,49.099998474121094,896151
2024-12-20,48.07928466796875,49.25,50.79999923706055,49.099998474121094,50.0,772001
2024-12-23,48.2257194519043,49.400001525878906,52.099998474121094,49.099998474121094,50.099998474121094,1680171
2024-12-24,48.03047561645508,49.20000076293945,50.400001525878906,48.95000076293945,50.0,1015060
2024-12-25,48.90907669067383,50.099998474121094,50.400001525878906,49.150001525878906,49.45000076293945,857002
2024-12-26,48.66501998901367,49.849998474121094,51.099998474121094,49.599998474121094,50.0,1013147
2024-12-27,47.9328498840332,49.099998474121094,50.0,49.0,50.0,1181029
2024-12-30,47.39592361450195,48.54999923706055,49.25,48.54999923706055,49.150001525878906,744175
2024-12-31,47.59116744995117,48.75,49.0,47.75,48.5,957591
2025-01-02,47.835227966308594,49.0,49.95000076293945,48.150001525878906,48.599998474121094,753001
2025-01-03,46.95661544799805,48.099998474121094,49.29999923706055,48.04999923706055,49.0,958024
2025-01-06,48.37215042114258,49.54999923706055,49.900001525878906,48.29999923706055,48.400001525878906,1329001
2025-01-07,47.63998031616211,48.79999923706055,50.099998474121094,48.70000076293945,49.900001525878906,681644
2025-01-08,48.07928466796875,49.25,49.400001525878906,48.29999923706055,48.79999923706055,513020
2025-01-09,46.95661544799805,48.099998474121094,49.599998474121094,48.099998474121094,49.29999923706055,711754
2025-01-10,46.761375427246094,47.900001525878906,48.400001525878906,47.849998474121094,48.20000076293945,548000
2025-01-13,44.36961364746094,45.45000076293945,47.95000076293945,44.900001525878906,47.95000076293945,1789001
2025-01-14,45.44346618652344,46.54999923706055,46.900001525878906,45.20000076293945,45.900001525878906,611367
2025-01-15,44.80891799926758,45.900001525878906,47.20000076293945,45.849998474121094,46.599998474121094,398002
2025-01-16,45.736331939697266,46.849998474121094,47.25,46.400001525878906,46.5,391002
2025-01-17,48.27452850341797,49.45000076293945,49.95000076293945,46.54999923706055,46.900001525878906,1985082
2025-01-20,52.52112579345703,53.79999923706055,54.29999923706055,49.0,50.900001525878906,6438610
2025-01-21,55.645057678222656,57.0,59.099998474121094,53.5,53.70000076293945,13156574
2025-01-22,61.209564208984375,62.70000076293945,62.70000076293945,57.599998474121094,58.0,22115129
2025-02-03,55.44981384277344,56.79999923706055,58.599998474121094,56.5,56.5,10546838
2025-02-04,54.66883087158203,56.0,57.70000076293945,52.099998474121094,57.099998474121094,9743789
2025-02-05,56.035552978515625,57.400001525878906,58.400001525878906,55.5,56.79999923706055,5961330
2025-02-06,55.44981384277344,56.79999923706055,59.0,56.0,57.400001525878906,6097175
2025-02-07,57.40227127075195,58.79999923706055,60.29999923706055,56.5,57.099998474121094,7468083
2025-02-10,56.91415786743164,58.29999923706055,60.20000076293945,57.20000076293945,59.29999923706055,4964128
2025-02-11,62.57628631591797,64.0999984741211,64.0999984741211,59.29999923706055,59.79999923706055,19043548
2025-02-12,57.890384674072266,59.29999923706055,65.5999984741211,57.70000076293945,65.5,51241183
2025-02-13,57.98801040649414,59.400001525878906,63.0,59.20000076293945,59.29999923706055,16432379
2025-02-14,57.69514083862305,59.099998474121094,60.79999923706055,58.5,59.79999923706055,5864126
2025-02-17,60.62382888793945,62.099998474121094,63.29999923706055,59.29999923706055,59.5,10622093
2025-02-18,64.91923522949219,66.5,68.30000305175781,61.79999923706055,62.79999923706055,29578898
2025-02-19,63.94300842285156,65.5,67.5999984741211,64.80000305175781,66.0999984741211,18016925
2025-02-20,64.23587799072266,65.80000305175781,66.69999694824219,63.29999923706055,65.5,12033983
2025-02-21,63.74776077270508,65.30000305175781,66.5,64.5,65.9000015258789,5951797
2025-02-24,64.43112182617188,66.0,66.19999694824219,62.79999923706055,64.5999984741211,8091780
2025-02-25,62.86915588378906,64.4000015258789,66.19999694824219,63.099998474121094,65.19999694824219,6123486
2025-02-26,61.502437591552734,63.0,64.5,62.20000076293945,64.0,6703404
2025-02-27,61.60005569458008,63.099998474121094,64.5999984741211,62.599998474121094,63.400001525878906,4397679
2025-03-03,58.378501892089844,59.79999923706055,63.29999923706055,59.29999923706055,62.099998474121094,6283310
2025-03-04,58.866615295410156,60.29999923706055,61.20000076293945,58.0,58.599998474121094,4145058
2025-03-05,59.35472869873047,60.79999923706055,61.599998474121094,60.099998474121094,60.599998474121094,1590112
2025-03-06,58.08563232421875,59.5,61.5,59.0,60.900001525878906,2020596
2025-03-07,57.304649353027344,58.70000076293945,60.0,58.29999923706055,59.0,1725238
2025-03-10,56.62129211425781,58.0,59.20000076293945,57.20000076293945,58.70000076293945,1955569
2025-03-11,55.35219192504883,56.70000076293945,57.5,55.20000076293945,56.0,1916012
2025-03-12,55.742679595947266,57.099998474121094,58.099998474121094,56.900001525878906,56.900001525878906,1583029
2025-03-13,56.81653594970703,58.20000076293945,60.400001525878906,57.599998474121094,57.900001525878906,4193161
2025-03-14,56.91415786743164,58.29999923706055,61.099998474121094,58.099998474121094,60.0,7865074
2025-03-17,59.94047164916992,61.400001525878906,62.099998474121094,58.79999923706055,58.79999923706055,7099121
2025-03-18,61.502437591552734,63.0,64.0999984741211,61.29999923706055,62.29999923706055,10904587
2025-03-19,64.0406265258789,65.5999984741211,68.0999984741211,62.900001525878906,63.599998474121094,34438059
2025-03-20,67.16456604003906,68.80000305175781,69.4000015258789,65.5999984741211,68.0,40574896
2025-03-21,65.30973052978516,66.9000015258789,69.30000305175781,66.4000015258789,68.0,17275815
2025-03-24,63.84539031982422,65.4000015258789,67.5999984741211,64.0,67.5,12373856
2025-03-25,62.185794830322266,63.70000076293945,66.80000305175781,63.20000076293945,66.19999694824219,7694567
2025-03-26,62.86915588378906,64.4000015258789,65.5,63.5,64.19999694824219,5661005
2025-03-27,61.014320373535156,62.5,64.30000305175781,61.70000076293945,63.20000076293945,5089480
2025-03-28,58.47612762451172,59.900001525878906,62.900001525878906,59.400001525878906,62.0,4659265
2025-03-31,53.79022216796875,55.099998474121094,58.20000076293945,55.099998474121094,57.5,5590813
2025-04-01,52.52112579345703,53.79999923706055,56.599998474121094,53.5,55.599998474121094,5505575
2025-04-02,52.42350387573242,53.70000076293945,55.20000076293945,53.5,54.099998474121094,2867204
2025-04-07,47.20067596435547,48.349998474121094,48.349998474121094,48.349998474121094,48.349998474121094,176202
2025-04-08,42.51477813720703,43.54999923706055,43.54999923706055,43.54999923706055,43.54999923706055,1273225
2025-04-09,38.268184661865234,39.20000076293945,40.650001525878906,39.20000076293945,40.25,7285107
2025-04-10,42.07547378540039,43.099998474121094,43.099998474121094,42.5,43.099998474121094,4197020
2025-04-11,42.07547378540039,43.099998474121094,43.099998474121094,38.79999923706055,40.900001525878906,4880081
2025-04-14,43.68625259399414,44.75,46.599998474121094,44.099998474121094,44.79999923706055,4007202
2025-04-15,45.736331939697266,46.849998474121094,48.25,45.150001525878906,45.150001525878906,4599180
2025-04-16,46.761375427246094,47.900001525878906,49.79999923706055,47.400001525878906,48.04999923706055,11327051
2025-04-17,47.20067596435547,48.349998474121094,49.0,46.79999923706055,48.0,7220035
2025-04-18,46.566131591796875,47.70000076293945,49.0,47.0,48.650001525878906,7826243
2025-04-21,44.027931213378906,45.099998474121094,47.70000076293945,44.75,47.5,3908910
2025-04-22,43.58863067626953,44.650001525878906,46.04999923706055,44.099998474121094,44.099998474121094,4537536
2025-04-23,45.394657135009766,46.5,47.54999923706055,45.79999923706055,45.79999923706055,2750212
2025-04-24,44.95534896850586,46.04999923706055,47.20000076293945,45.95000076293945,47.099998474121094,1820310
2025-04-25,45.687522888183594,46.79999923706055,47.79999923706055,46.79999923706055,47.150001525878906,1681501
2025-04-28,46.810184478759766,47.95000076293945,48.29999923706055,46.95000076293945,47.20000076293945,1841226
2025-04-29,47.1518669128418,48.29999923706055,48.599998474121094,47.349998474121094,47.95000076293945,2828285
2025-04-30,46.61494064331055,47.75,49.25,47.70000076293945,48.349998474121094,2750879
2025-05-02,48.518585205078125,49.70000076293945,50.29999923706055,48.5,48.54999923706055,4539650
2025-05-05,45.98038864135742,47.099998474121094,50.20000076293945,46.45000076293945,50.20000076293945,3595000
2025-05-06,46.66374969482422,47.79999923706055,48.5,46.650001525878906,46.650001525878906,1374201
2025-05-07,46.761375427246094,47.900001525878906,48.45000076293945,47.5,47.79999923706055,1343284
2025-05-08,48.46977615356445,49.650001525878906,49.75,48.150001525878906,48.150001525878906,2475110
2025-05-09,51.056785583496094,52.29999923706055,53.20000076293945,49.75,50.79999923706055,9015046
2025-05-12,51.056785583496094,52.29999923706055,53.5,49.349998474121094,51.099998474121094,7334221
2025-05-13,52.22825622558594,53.5,55.0,52.79999923706055,54.29999923706055,5672045
2025-05-14,54.3759651184082,55.70000076293945,56.599998474121094,54.29999923706055,54.79999923706055,6995022
2025-05-15,55.25456619262695,56.599998474121094,58.0,55.5,55.5,6877120
2025-05-16,56.035552978515625,57.400001525878906,57.900001525878906,55.79999923706055,56.599998474121094,4144435
2025-05-19,53.79022216796875,55.099998474121094,57.400001525878906,54.70000076293945,57.400001525878906,3256545
2025-05-20,54.57120895385742,55.900001525878906,56.70000076293945,54.900001525878906,56.400001525878906,2336305
2025-05-21,53.79022216796875,55.099998474121094,56.099998474121094,54.79999923706055,55.0,2834000
2025-05-22,52.813995361328125,54.099998474121094,54.79999923706055,53.79999923706055,54.29999923706055,1695150
2025-05-23,52.716373443603516,54.0,55.599998474121094,53.900001525878906,54.79999923706055,2237100
2025-05-26,52.03301239013672,53.29999923706055,54.900001525878906,53.0,53.79999923706055,1579850
2025-05-27,51.34965133666992,52.599998474121094,54.20000076293945,52.29999923706055,53.599998474121094,2169185
2025-05-28,50.95915985107422,52.20000076293945,54.20000076293945,52.20000076293945,53.79999923706055,2464008
2025-05-29,51.25202941894531,52.5,53.099998474121094,51.5,53.0,1757051
2025-06-02,49.397193908691406,50.599998474121094,51.79999923706055,49.75,51.79999923706055,3822055
2025-06-03,49.78768539428711,51.0,52.400001525878906,50.79999923706055,51.20000076293945,1842002
2025-06-04,50.471046447753906,51.70000076293945,52.20000076293945,51.5,51.79999923706055,1527328
2025-06-05,52.716373443603516,54.0,54.599998474121094,52.0,52.099998474121094,3993101
2025-06-06,52.42350387573242,53.70000076293945,54.5,53.400001525878906,54.0,2269301
2025-06-09,52.42350387573242,53.70000076293945,54.599998474121094,52.79999923706055,54.20000076293945,2245201
2025-06-10,54.083091735839844,55.400001525878906,56.400001525878906,54.099998474121094,54.20000076293945,5303800
2025-06-11,57.40227127075195,58.79999923706055,59.20000076293945,54.79999923706055,56.0,7814374
2025-06-12,58.183250427246094,59.599998474121094,60.0,58.29999923706055,59.70000076293945,8994145
2025-06-13,55.35219192504883,56.70000076293945,59.5,55.599998474121094,59.0,9442806
2025-06-16,57.011783599853516,58.400001525878906,58.900001525878906,56.400001525878906,56.599998474121094,5185195
2025-06-17,56.52366638183594,57.900001525878906,60.5,57.79999923706055,58.79999923706055,8077126
2025-06-18,57.10940170288086,58.5,59.70000076293945,57.70000076293945,58.79999923706055,4196100
2025-06-19,55.840309143066406,57.20000076293945,59.29999923706055,56.599998474121094,59.0,3225131
2025-06-20,54.96169662475586,56.29999923706055,58.0,55.900001525878906,57.20000076293945,1920227
2025-06-23,55.645057678222656,57.0,57.0,54.099998474121094,55.5,1977030
2025-06-24,58.67136764526367,60.099998474121094,60.70000076293945,58.0,58.400001525878906,7927405
2025-06-25,58.47612762451172,59.900001525878906,62.70000076293945,59.20000076293945,62.599998474121094,14086706
2025-06-26,56.91415786743164,58.29999923706055,60.400001525878906,58.29999923706055,60.29999923706055,4464597
2025-06-27,57.304649353027344,58.70000076293945,59.099998474121094,57.29999923706055,58.79999923706055,3336442
2025-06-30,56.42604064941406,57.79999923706055,59.599998474121094,57.79999923706055,58.900001525878906,2836215
2025-07-01,56.035552978515625,57.400001525878906,58.599998474121094,57.29999923706055,58.20000076293945,1933574
2025-07-02,56.62129211425781,58.0,58.70000076293945,57.0,57.599998474121094,1545150
2025-07-03,57.10940170288086,58.5,60.5,58.29999923706055,58.79999923706055,3792050
2025-07-04,55.059326171875,56.400001525878906,59.20000076293945,56.099998474121094,58.79999923706055,2997699
2025-07-07,54.96169662475586,56.29999923706055,56.599998474121094,55.20000076293945,56.29999923706055,1396005
2025-07-08,56.230796813964844,57.599998474121094,57.900001525878906,55.400001525878906,55.400001525878906,1784295
2025-07-09,53.30210876464844,54.599998474121094,56.70000076293945,54.5,56.70000076293945,5655081
2025-07-10,54.18071365356445,55.5,55.70000076293945,54.29999923706055,54.5,2242201
2025-07-11,57.40227127075195,58.79999923706055,59.900001525878906,55.5,55.5,9674469
2025-07-14,58.378501892089844,59.79999923706055,61.5,58.400001525878906,60.0,16609929
2025-07-15,59.35472869873047,60.79999923706055,61.20000076293945,59.599998474121094,60.70000076293945,14940784
2025-07-16,58.964237213134766,60.400001525878906,61.5,59.79999923706055,60.599998474121094,7856875
2025-07-17,59.84284591674805,61.29999923706055,61.79999923706055,60.400001525878906,61.70000076293945,9755949
2025-07-18,59.15948486328125,60.599998474121094,61.599998474121094,60.29999923706055,61.20000076293945,6698078
2025-07-21,59.06186294555664,60.5,61.70000076293945,60.5,61.29999923706055,3944415
2025-07-22,57.98801040649414,59.400001525878906,61.099998474121094,58.70000076293945,61.0,5177629
2025-07-23,57.40227127075195,58.79999923706055,60.599998474121094,58.599998474121094,60.0,3336563
2025-07-24,57.69514083862305,59.099998474121094,59.400001525878906,58.70000076293945,59.0,1903501
2025-07-25,56.718910217285156,58.099998474121094,59.29999923706055,58.099998474121094,59.099998474121094,2537144
2025-07-28,56.718910217285156,58.099998474121094,58.79999923706055,57.599998474121094,58.400001525878906,1859125
2025-07-29,56.32841873168945,57.70000076293945,59.599998474121094,57.400001525878906,57.900001525878906,4208211
2025-07-30,56.230796813964844,57.599998474121094,58.29999923706055,57.20000076293945,58.29999923706055,1554625
2025-07-31,56.133174896240234,57.5,58.599998474121094,57.400001525878906,58.099998474121094,2051103
2025-08-04,58.47612762451172,59.900001525878906,60.29999923706055,57.70000076293945,58.5,4070610
2025-08-05,59.452354431152344,60.900001525878906,61.900001525878906,59.599998474121094,60.29999923706055,7523225
2025-08-06,61.99054718017578,63.5,64.4000015258789,61.20000076293945,61.5,17955918
2025-08-07,62.38104248046875,63.900001525878906,65.5,61.900001525878906,65.0,15856512
2025-08-08,62.47866439819336,64.0,65.19999694824219,63.29999923706055,64.0999984741211,7786266
2025-08-11,65.70022583007812,67.30000305175781,67.9000015258789,63.70000076293945,64.9000015258789,23129765
2025-08-12,72.24095153808594,74.0,74.0,71.69999694824219,72.0,13509063
2025-08-13,73.90054321289062,75.69999694824219,80.80000305175781,75.30000305175781,77.30000305175781,58119370
2025-08-14,70.87422943115234,72.5999984741211,79.30000305175781,72.19999694824219,78.30000305175781,24533066
2025-08-15,71.0694808959961,72.80000305175781,73.5999984741211,71.30000305175781,72.5999984741211,11917575
2025-08-18,71.0694808959961,72.80000305175781,73.0999984741211,71.5,72.69999694824219,8641429
2025-08-19,71.45997619628906,73.19999694824219,75.30000305175781,72.9000015258789,74.4000015258789,14867272
2025-08-20,69.4098892211914,71.0999984741211,74.0999984741211,70.9000015258789,72.80000305175781,8388906
2025-08-21,71.16709899902344,72.9000015258789,73.80000305175781,71.5999984741211,71.5999984741211,6221577
2025-08-22,73.02193450927734,74.80000305175781,77.19999694824219,72.0999984741211,73.4000015258789,16660808
2025-08-25,73.31481170654297,75.0999984741211,79.19999694824219,74.30000305175781,78.0,15001375
2025-08-26,73.2171859741211,75.0,75.5,73.69999694824219,75.0,4944596
2025-08-27,73.11956787109375,74.9000015258789,75.5999984741211,74.5999984741211,75.30000305175781,5489652
2025-08-28,72.1433334350586,73.9000015258789,76.5999984741211,73.4000015258789,75.5999984741211,6888818
2025-08-29,73.80291748046875,75.5999984741211,76.5999984741211,73.69999694824219,74.5,11444106
2025-09-01,70.97185516357422,72.69999694824219,77.69999694824219,72.69999694824219,76.80000305175781,12595553
2025-09-02,69.4098892211914,71.0999984741211,73.5,70.19999694824219,73.0,5652534
2025-09-03,71.45997619628906,73.19999694824219,75.69999694824219,71.0999984741211,71.0999984741211,6005153
2025-09-04,75.12081909179688,76.19999694824219,76.9000015258789,73.5999984741211,73.9000015258789,14064800
2025-09-05,73.93781280517578,75.0,77.30000305175781,75.0,77.0999984741211,9433407
2025-09-08,81.33159637451172,82.5,82.5,79.5,79.5,24224389
2025-09-09,80.54292297363281,81.69999694824219,84.5999984741211,80.0,83.30000305175781,38097581
2025-09-10,80.14859008789062,81.30000305175781,82.5,80.5999984741211,81.0,9336155
2025-09-11,76.89532470703125,78.0,82.30000305175781,77.19999694824219,82.19999694824219,12722759
2025-09-12,76.89532470703125,78.0,79.5,77.0999984741211,78.69999694824219,5596932
2025-09-15,73.93781280517578,75.0,78.0,74.30000305175781,78.0,6040042
2025-09-16,74.72648620605469,75.80000305175781,75.9000015258789,74.4000015258789,75.5,3557571
2025-09-17,73.3463134765625,74.4000015258789,75.5,74.4000015258789,75.5,2517288
2025-09-18,72.65621948242188,73.69999694824219,75.0,72.5999984741211,74.69999694824219,4108182
2025-09-19,71.96614074707031,73.0,74.69999694824219,73.0,73.80000305175781,2810623
2025-09-22,73.93781280517578,75.0,75.5,73.69999694824219,73.80000305175781,4552233
2025-09-23,72.26189422607422,73.30000305175781,75.5,72.9000015258789,75.5,4346345
2025-09-24,71.47322082519531,72.5,73.9000015258789,72.5,73.19999694824219,2710191
2025-09-25,70.88172149658203,71.9000015258789,73.30000305175781,71.5999984741211,72.30000305175781,2695342
2025-09-26,68.31854248046875,69.30000305175781,71.9000015258789,69.0,71.30000305175781,4235421
2025-09-30,70.48738098144531,71.5,72.0,69.69999694824219,70.0,1949410
2025-10-01,70.48738098144531,71.5,72.4000015258789,71.5,71.69999694824219,1832500
2025-10-02,70.38880157470703,71.4000015258789,72.30000305175781,71.0999984741211,72.0,1366201
2025-10-03,70.78313446044922,71.80000305175781,73.0999984741211,71.5999984741211,71.80000305175781,2056498
2025-10-07,70.88172149658203,71.9000015258789,72.19999694824219,71.30000305175781,71.69999694824219,1385005
2025-10-08,70.1916275024414,71.19999694824219,71.5999984741211,70.69999694824219,71.5,1585437
2025-10-09,68.91004180908203,69.9000015258789,71.5,69.9000015258789,71.19999694824219,2811306
2025-10-13,66.93836975097656,67.9000015258789,68.4000015258789,64.30000305175781,64.30000305175781,3734322
2025-10-14,66.14969635009766,67.0999984741211,70.5,66.9000015258789,68.5999984741211,3093492
2025-10-15,67.23411560058594,68.19999694824219,68.80000305175781,66.19999694824219,67.30000305175781,2080353
2025-10-16,67.62845611572266,68.5999984741211,69.5,68.0999984741211,68.5,1960036
2025-10-17,66.93836975097656,67.9000015258789,69.5,67.69999694824219,68.19999694824219,1707074
2025-10-20,67.03694915771484,68.0,68.9000015258789,67.69999694824219,68.19999694824219,1234139
2025-10-21,68.51570892333984,69.5,70.0,68.19999694824219,68.19999694824219,1910613
2025-10-22,69.79730224609375,70.80000305175781,72.19999694824219,69.30000305175781,69.5,3305000
2025-10-23,70.78313446044922,71.80000305175781,72.4000015258789,70.0999984741211,70.0999984741211,3177420
2025-10-27,71.6703872680664,72.69999694824219,73.0,71.69999694824219,72.5999984741211,3176122
2025-10-28,69.89588165283203,70.9000015258789,73.0999984741211,70.69999694824219,73.0999984741211,2362591
2025-10-29,68.12136840820312,69.0999984741211,71.5999984741211,69.0999984741211,71.30000305175781,3059983
2025-10-30,67.43128967285156,68.4000015258789,69.9000015258789,67.69999694824219,69.19999694824219,2342202
2025-10-31,68.02278900146484,69.0,69.0999984741211,68.0,68.4000015258789,1403085
2025-11-03,68.31854248046875,69.30000305175781,70.0,68.69999694824219,69.0999984741211,1376021
2025-11-04,67.23411560058594,68.19999694824219,72.5,68.19999694824219,70.0,4657329
2025-11-05,68.31854248046875,69.30000305175781,69.69999694824219,66.4000015258789,66.4000015258789,1869647
2025-11-06,69.00862884521484,70.0,70.0,68.9000015258789,69.80000305175781,1066492
2025-11-07,69.6987075805664,70.69999694824219,72.30000305175781,69.5,69.5,3889405
2025-11-10,68.12136840820312,69.0999984741211,71.4000015258789,68.5,70.9000015258789,3792218
2025-11-11,67.72703552246094,68.69999694824219,70.80000305175781,68.69999694824219,69.5999984741211,3056076
2025-11-12,67.82562255859375,68.80000305175781,70.5,68.4000015258789,69.30000305175781,2426582
2025-11-13,67.13553619384766,68.0999984741211,69.0,67.4000015258789,68.9000015258789,2361389
2025-11-14,64.67093658447266,65.5999984741211,67.5999984741211,65.0999984741211,67.19999694824219,2745180
2025-11-17,63.19218444824219,64.0999984741211,66.0999984741211,64.0,65.5999984741211,2357471
2025-11-18,60.92475891113281,61.79999923706055,64.30000305175781,61.79999923706055,63.70000076293945,2107100
2025-11-19,60.23467254638672,61.099998474121094,62.20000076293945,60.5,61.79999923706055,1506317
2025-11-20,61.81201171875,62.70000076293945,63.099998474121094,61.70000076293945,62.099998474121094,1214310
2025-11-21,59.74175262451172,60.599998474121094,61.79999923706055,60.400001525878906,61.29999923706055,1310136
2025-11-24,61.02334213256836,61.900001525878906,62.20000076293945,60.20000076293945,61.0,1415201
2025-11-25,60.62900924682617,61.5,63.0,61.400001525878906,62.599998474121094,1094208
2025-11-26,61.614845275878906,62.5,63.0,62.0,62.0,905001
2025-11-27,61.51626205444336,62.400001525878906,63.400001525878906,62.0,63.20000076293945,883094
2025-11-28,61.614845275878906,62.5,63.20000076293945,62.400001525878906,62.900001525878906,846500
2025-12-01,60.333255767822266,61.20000076293945,62.79999923706055,61.20000076293945,62.70000076293945,1036000
2025-12-02,59.84033966064453,60.70000076293945,62.099998474121094,60.599998474121094,61.20000076293945,950175
2025-12-03,61.614845275878906,62.5,62.5,61.20000076293945,61.20000076293945,979247
2025-12-04,61.41767501831055,62.29999923706055,63.599998474121094,62.29999923706055,62.900001525878906,1166080
2025-12-05,61.51626205444336,62.400001525878906,62.5,61.400001525878906,62.20000076293945,927350
2025-12-08,62.00918197631836,62.900001525878906,63.5,62.400001525878906,62.400001525878906,619196
2025-12-09,61.41767501831055,62.29999923706055,64.19999694824219,62.20000076293945,63.099998474121094,1531000
2025-12-10,60.62900924682617,61.5,63.5,61.5,62.599998474121094,1098026
2025-12-11,60.72758865356445,61.599998474121094,62.29999923706055,61.29999923706055,62.0,753200
2025-12-12,61.02334213256836,61.900001525878906,62.70000076293945,61.79999923706055,62.099998474121094,609001
2025-12-15,61.121925354003906,62.0,62.900001525878906,60.900001525878906,61.29999923706055,844465
2025-12-16,59.93891906738281,60.79999923706055,61.900001525878906,59.70000076293945,61.599998474121094,1488218
2025-12-17,59.93891906738281,60.79999923706055,61.70000076293945,60.79999923706055,60.79999923706055,707001
2025-12-18,58.75591278076172,59.599998474121094,61.0,59.5,60.70000076293945,1096010
2025-12-19,59.74175262451172,60.599998474121094,60.599998474121094,59.900001525878906,60.099998474121094,834015
2025-12-22,61.121925354003906,62.0,62.0,60.900001525878906,61.0,813101
2025-12-23,59.84033966064453,60.70000076293945,62.5,60.599998474121094,62.5,1093457
2025-12-24,59.15024948120117,60.0,61.20000076293945,60.0,61.0,955412
2025-12-26,58.65733337402344,59.5,60.29999923706055,59.0,60.29999923706055,1622020
2025-12-29,58.75591278076172,59.599998474121094,60.099998474121094,59.5,59.599998474121094,841615
2025-12-30,58.06583023071289,58.900001525878906,59.900001525878906,58.0,59.900001525878906,1447008
2025-12-31,61.319095611572266,62.20000076293945,63.20000076293945,59.29999923706055,59.29999923706055,4326119
2026-01-02,62.50210189819336,63.400001525878906,64.5,61.29999923706055,62.0,4115230
2026-01-05,62.89643478393555,63.79999923706055,65.80000305175781,62.0,64.9000015258789,4719513
2026-01-06,62.107765197753906,63.0,63.70000076293945,62.20000076293945,63.599998474121094,1620515
2026-01-07,61.41767501831055,62.29999923706055,63.599998474121094,61.900001525878906,63.099998474121094,1641001
2026-01-08,60.037506103515625,60.900001525878906,62.400001525878906,60.70000076293945,61.79999923706055,1668030
2026-01-09,59.05167007446289,59.900001525878906,61.20000076293945,59.400001525878906,61.0,1386651
2026-01-12,61.319095611572266,62.20000076293945,62.20000076293945,60.0,60.0,1524031
2026-01-13,61.121925354003906,62.0,63.20000076293945,61.599998474121094,62.5,1635156
2026-01-14,61.91059494018555,62.79999923706055,63.599998474121094,61.900001525878906,62.5,1790000
2026-01-15,60.92475891113281,61.79999923706055,63.29999923706055,61.79999923706055,63.20000076293945,1252164
2026-01-16,61.41767501831055,62.29999923706055,63.70000076293945,62.0,62.599998474121094,1663023
2026-01-19,62.304931640625,63.20000076293945,64.9000015258789,62.70000076293945,62.900001525878906,3000593
2026-01-20,61.41767501831055,62.29999923706055,63.79999923706055,62.099998474121094,63.5,1573044
2026-01-21,62.00918197631836,62.900001525878906,64.4000015258789,61.79999923706055,62.099998474121094,1899010
2026-01-22,64.07943725585938,65.0,65.4000015258789,63.0,63.400001525878906,3150155
2026-01-23,62.69926452636719,63.599998474121094,66.0,63.29999923706055,65.4000015258789,3322116
2026-01-26,62.69926452636719,63.599998474121094,64.0,62.70000076293945,63.599998474121094,1519050
2026-01-27,66.74119567871094,67.69999694824219,69.30000305175781,63.29999923706055,63.79999923706055,10281943
2026-01-28,68.31854248046875,69.30000305175781,70.5,67.30000305175781,67.9000015258789,13800529
2026-01-29,65.45960998535156,66.4000015258789,68.5999984741211,65.4000015258789,68.4000015258789,4399368
2026-01-30,63.68510055541992,64.5999984741211,66.30000305175781,64.19999694824219,66.0,2446920
2026-02-02,63.487937927246094,64.4000015258789,66.19999694824219,63.5,64.30000305175781,2355351
2026-02-03,63.980857849121094,64.9000015258789,65.4000015258789,62.70000076293945,65.0,2322597
2026-02-04,63.58652114868164,64.5,65.80000305175781,64.0999984741211,64.0999984741211,1283300
2026-02-05,60.92475891113281,61.79999923706055,64.4000015258789,61.79999923706055,64.0,2015657
2026-02-06,60.23467254638672,61.099998474121094,62.099998474121094,60.29999923706055,61.70000076293945,1539404
2026-02-09,62.69926452636719,63.599998474121094,64.19999694824219,62.29999923706055,62.599998474121094,1659116
2026-02-10,62.69926452636719,63.599998474121094,67.19999694824219,63.599998474121094,65.80000305175781,2923157
2026-02-11,63.29076385498047,64.19999694824219,66.5999984741211,64.19999694824219,65.5999984741211,3135514
2026-02-23,62.835941314697266,63.73863983154297,64.73455047607422,63.24068069458008,64.53536987304688,1399969
2026-02-24,65.36103057861328,66.30000305175781,66.30000305175781,63.599998474121094,63.79999923706055,2349613
2026-02-25,63.78368377685547,64.69999694824219,66.5,64.4000015258789,66.30000305175781,1663023
2026-02-26,63.58652114868164,64.5,65.19999694824219,63.79999923706055,64.80000305175781,1285305
2026-03-02,63.915931701660156,64.83414459228516,65.73046875,62.344356536865234,63.04149627685547,1714329
2026-03-03,62.24685287475586,63.14108657836914,66.02924346923828,62.74272155761719,65.23251342773438,1881780
2026-03-04,59.15024948120117,60.0,62.099998474121094,59.79999923706055,62.0,1694623
2026-03-05,62.89643478393555,63.79999923706055,64.9000015258789,60.29999923706055,61.400001525878906,3097293
2026-03-06,62.69926452636719,63.599998474121094,64.9000015258789,62.5,63.70000076293945,2696721
2026-03-09,58.65733337402344,59.5,60.20000076293945,58.0,59.5,2047045
2026-03-10,58.262996673583984,59.099998474121094,61.099998474121094,59.0,61.0,1207955
2026-03-11,59.544586181640625,60.400001525878906,60.79999923706055,59.5,59.599998474121094,824014
2026-03-12,59.15024948120117,60.0,62.0,60.0,61.29999923706055,1661476
2026-03-13,58.75591278076172,59.599998474121094,60.70000076293945,59.20000076293945,59.29999923706055,938924
2026-03-16,59.44600296020508,60.29999923706055,60.900001525878906,59.5,60.20000076293945,869021
2026-03-17,60.23467254638672,61.099998474121094,61.79999923706055,60.5,60.900001525878906,995013
2026-03-18,61.22050857543945,62.099998474121094,62.5,60.599998474121094,61.70000076293945,1328298
2026-03-19,61.22050857543945,62.099998474121094,63.0,61.20000076293945,61.79999923706055,1317011
2026-03-20,59.93891906738281,60.79999923706055,62.599998474121094,60.79999923706055,61.900001525878906,1216166
2026-03-23,57.67149353027344,58.5,59.79999923706055,58.5,59.29999923706055,1305286
2026-03-24,57.3757438659668,58.20000076293945,59.79999923706055,57.400001525878906,59.5,1011002
2026-03-25,58.262996673583984,59.099998474121094,59.79999923706055,58.599998474121094,59.79999923706055,356078
2026-03-26,58.46016311645508,59.29999923706055,61.29999923706055,59.099998474121094,59.599998474121094,1103009
2026-03-27,58.3615837097168,59.20000076293945,59.20000076293945,58.099998474121094,58.599998474121094,677035
2026-03-30,55.69982147216797,56.5,58.29999923706055,56.29999923706055,58.0,1378080
2026-03-31,53.728145599365234,54.5,57.29999923706055,54.5,56.0,941151
2026-04-01,55.69982147216797,56.5,56.900001525878906,56.0,56.0,660493
2026-04-02,59.24883270263672,60.099998474121094,60.900001525878906,56.20000076293945,57.900001525878906,2369808
2026-04-07,61.81201171875,62.70000076293945,63.099998474121094,60.79999923706055,63.099998474121094,2797816
2026-04-08,65.65677642822266,66.5999984741211,66.9000015258789,63.400001525878906,63.79999923706055,5198386
2026-04-09,63.58652114868164,64.5,65.5,63.900001525878906,65.4000015258789,2647302
2026-04-10,65.06527709960938,66.0,66.5999984741211,64.9000015258789,65.0,3205745
2026-04-13,64.76952362060547,65.69999694824219,66.69999694824219,65.0,66.0,2194602
2026-04-14,63.41822814941406,64.32929229736328,66.506591796875,64.32929229736328,66.11072540283203,2228521
2026-04-15,62.2474365234375,63.14167785644531,65.8138198852539,62.94374084472656,65.22000885009766,2221986
2026-04-16,63.12553787231445,64.03239440917969,64.52722930908203,63.14167785644531,63.83445358276367,964038
2026-04-17,64.00363159179688,64.92310333251953,66.30866241455078,63.53755187988281,64.32929229736328,2843556
2026-04-20,65.85739135742188,66.80349731445312,67.79318237304688,65.8138198852539,65.8138198852539,4202918
2026-04-21,69.85762023925781,70.86119079589844,72.14778137207031,65.8138198852539,67.29833984375,9038070
2026-04-22,72.10165405273438,73.13745880126953,75.21578979492188,71.05912780761719,71.25706481933594,14400772
2026-04-23,76.69815826416016,77.80000305175781,77.80000305175781,70.30000305175781,74.69999694824219,18736032
2026-04-24,75.31798553466797,76.4000015258789,78.5,73.5999984741211,78.5,13275182
2026-04-27,75.41657257080078,76.5,77.80000305175781,73.80000305175781,77.69999694824219,8066854
2026-04-28,82.416015625,83.5999984741211,84.0999984741211,75.5,76.80000305175781,24846103
2026-04-29,81.33159637451172,82.5,84.30000305175781,81.0,83.5,14769906
2026-04-30,85.86644744873047,87.0999984741211,90.69999694824219,86.0999984741211,86.0999984741211,27469339
2026-05-04,84.5848617553711,85.80000305175781,87.69999694824219,84.19999694824219,87.5,12532721
2026-05-05,89.90837860107422,91.19999694824219,91.80000305175781,82.69999694824219,85.0,17212994
2026-05-06,86.45794677734375,87.69999694824219,91.5,85.5,91.4000015258789,13507241
2026-05-07,85.96502685546875,87.19999694824219,91.4000015258789,86.4000015258789,90.30000305175781,11779160
2026-05-08,82.12026977539062,83.30000305175781,86.5999984741211,82.0999984741211,86.30000305175781,6877360
2026-05-11,81.13442993164062,82.30000305175781,83.0,77.19999694824219,82.5,7701123
2026-05-12,80.64151000976562,81.80000305175781,84.0,80.69999694824219,82.5999984741211,5039767
2026-05-13,79.16275787353516,80.30000305175781,81.0999984741211,79.19999694824219,80.30000305175781,3456410
2026-05-14,79.06416320800781,80.19999694824219,82.5,80.19999694824219,81.9000015258789,4779581
2026-05-15,76.00807189941406,77.0999984741211,81.69999694824219,76.5,81.0,5396169
2026-05-18,74.92365264892578,76.0,76.80000305175781,73.30000305175781,76.80000305175781,2772552
2026-05-19,74.92365264892578,76.0,78.80000305175781,75.69999694824219,76.30000305175781,3115413
2026-05-20,79.16275787353516,80.30000305175781,80.9000015258789,75.30000305175781,76.4000015258789,5808722
2026-05-21,80.64151000976562,81.80000305175781,83.19999694824219,80.5,82.0,9241669
2026-05-22,79.75425720214844,80.9000015258789,82.19999694824219,80.69999694824219,81.80000305175781,4952899
2026-05-25,79.45850372314453,80.5999984741211,81.5,80.19999694824219,81.19999694824219,4280733
2026-05-26,80.54292297363281,81.69999694824219,82.5,79.9000015258789,81.30000305175781,4533832
2026-05-27,77.19107818603516,78.30000305175781,82.5,77.5999984741211,82.5,4938964
2026-05-28,77.19107818603516,78.30000305175781,81.80000305175781,78.30000305175781,79.0999984741211,5942974
2026-05-29,78.07833099365234,79.19999694824219,81.19999694824219,78.80000305175781,80.80000305175781,2192930
2026-06-01,78.07833099365234,79.19999694824219,80.80000305175781,79.19999694824219,79.80000305175781,2811754
2026-06-02,76.40240478515625,77.5,79.9000015258789,76.0999984741211,79.9000015258789,2963967
2026-06-03,76.20524597167969,77.30000305175781,78.5,76.69999694824219,78.5,1904960
2026-06-04,75.21940612792969,76.30000305175781,78.0,76.30000305175781,77.30000305175781,1444614
2026-06-05,73.93781280517578,75.0,76.30000305175781,73.69999694824219,76.30000305175781,1875148
2026-06-08,71.1774673461914,72.19999694824219,72.69999694824219,67.5,67.5,2635498
2026-06-09,71.6703872680664,72.69999694824219,73.80000305175781,71.5,73.0,1658597
2026-06-10,67.43128967285156,68.4000015258789,73.0,68.4000015258789,71.5,2144392
2026-06-11,71.8675537109375,72.9000015258789,73.0,67.5999984741211,68.69999694824219,3107536
2026-06-12,72.26189422607422,73.30000305175781,74.30000305175781,72.19999694824219,73.5999984741211,2190755
2026-06-15,73.14913940429688,74.19999694824219,75.9000015258789,73.5,74.30000305175781,1257467
2026-06-16,71.27605438232422,72.30000305175781,74.9000015258789,72.30000305175781,74.69999694824219,1136907
2026-06-17,76.00807189941406,77.0999984741211,78.30000305175781,71.80000305175781,72.19999694824219,2979827
2026-06-18,79.35991668701172,80.5,82.5999984741211,77.30000305175781,77.30000305175781,7059025
2026-06-22,79.06416320800781,80.19999694824219,83.5,80.0,82.4000015258789,4095348
2026-06-23,77.88116455078125,79.0,82.4000015258789,78.0,81.0,2790348
2026-06-24,75.51515197753906,76.5999984741211,78.5,75.9000015258789,78.0,1975504
2026-06-25,76.40240478515625,77.5,77.5999984741211,74.5,77.5,1966006
2026-06-26,72.95197296142578,74.0,78.0999984741211,73.9000015258789,77.0999984741211,1940949
2026-06-29,76.89532470703125,78.0,80.5999984741211,73.69999694824219,73.9000015258789,4606854
2026-06-30,76.79674530029297,77.9000015258789,79.5,77.5,78.4000015258789,2394897
2026-07-01,84.38768768310547,85.5999984741211,85.5999984741211,78.69999694824219,79.5,14253413
2026-07-02,88.82395935058594,90.0999984741211,92.0,83.19999694824219,84.5999984741211,31088763
2026-07-03,86.95086669921875,88.19999694824219,90.5999984741211,87.80000305175781,90.0999984741211,7865729
2026-07-06,86.45794677734375,87.69999694824219,91.5,85.80000305175781,90.30000305175781,11684090
2026-07-07,83.6976089477539,84.9000015258789,95.69999694824219,84.30000305175781,90.0,22237083
2026-07-08,89.51405334472656,90.80000305175781,92.0,88.5,89.5,15731303
2026-07-09,89.90837860107422,91.19999694824219,96.5,90.19999694824219,95.69999694824219,27604833
2026-07-10,89.90837860107422,91.19999694824219,91.19999694824219,91.19999694824219,91.19999694824219,0
2026-07-13,88.42961883544922,89.69999694824219,91.80000305175781,88.5,91.19999694824219,9739049
2026-07-14,85.17636108398438,86.4000015258789,89.9000015258789,83.69999694824219,89.4000015258789,7149568
2026-07-15,84.5848617553711,85.80000305175781,88.4000015258789,85.0,87.80000305175781,4223170
2026-07-16,83.6976089477539,84.9000015258789,87.30000305175781,84.0999984741211,85.4000015258789,4059390
2026-07-17,78.17691802978516,79.30000305175781,84.69999694824219,78.69999694824219,83.0,4929567
2026-07-20,75.71232604980469,76.80000305175781,79.30000305175781,72.5,79.30000305175781,4622653
2026-07-21,83.2046890258789,84.4000015258789,84.4000015258789,76.19999694824219,78.0,6669753
2026-07-22,91.48572540283203,92.80000305175781,92.80000305175781,85.5999984741211,85.9000015258789,15712054
2026-07-23,93.1616439819336,94.5,94.5,90.4000015258789,93.0,11294574
2026-07-24,89.71121215820312,91.0,95.0999984741211,89.80000305175781,92.0,7870857
2026-07-27,89.71121215820312,91.0,92.69999694824219,89.5999984741211,90.0,5262752
2026-07-28,83.5990219116211,84.80000305175781,88.5999984741211,83.9000015258789,88.0999984741211,5485388
2026-07-29,81.33159637451172,82.5,87.4000015258789,78.80000305175781,86.0,8963298
2026-07-30,77.19107818603516,78.30000305175781,83.4000015258789,77.5,82.0,5438714
2026-07-31,77.88116455078125,79.0,85.19999694824219,77.5,84.19999694824219,9980407
2026-08-03,83.00751495361328,84.19999694824219,86.5,78.0999984741211,78.5999984741211,5517663
2026-08-04,91.2885513305664,92.5999984741211,92.5999984741211,82.69999694824219,83.0,7893560
2026-08-05,100.06250762939453,101.5,101.5,92.0,93.19999694824219,23185612
2026-08-06,106.47045135498047,108.0,111.5,98.0,102.5,22350361
2026-08-07,105.97753143310547,107.5,113.0,104.5,108.0,11090464
2026-08-10,107.45629119873047,109.0,110.5,103.0,108.5,9885023
2026-08-11,109.42796325683594,111.0,119.5,109.5,111.5,15522050
2026-08-12,120.0,120.0,120.0,111.0,111.0,8284936
2026-08-13,132.0,132.0,132.0,123.0,124.5,13693442
2026-08-14,131.5,131.5,137.5,128.0,134.0,18698593
2026-08-17,131.5,131.5,136.5,128.0,131.5,7281895
2026-08-18,121.0,121.0,133.0,119.0,133.0,11672258
2026-08-19,119.0,119.0,122.5,116.5,120.0,6232550
2026-08-20,110.0,110.0,119.5,107.5,119.5,9583944
2026-08-21,108.5,108.5,111.0,106.5,109.0,5050233
