Date,Adj Close,Close,High,Low,Open,Volume
2016-08-12,32.35,32.35,32.95,32.35,32.8,1692910
2016-08-15,32.35,32.35,32.95,32.35,32.8,1692910
2016-08-16,32.35,32.35,32.95,32.35,32.8,1692910
2016-08-17,32.35,32.35,32.95,32.35,32.8,1692910
2016-08-18,32.35,32.35,32.95,32.35,32.8,1692910
2016-08-19,32.35,32.35,32.95,32.35,32.8,1692910
2016-08-22,32.35,32.35,32.95,32.35,32.8,1692910
2016-08-23,32.35,32.35,32.95,32.35,32.8,1692910
2016-08-24,32.35,32.35,32.95,32.35,32.8,1692910
2016-08-25,32.35,32.35,32.95,32.35,32.8,1692910
2016-08-26,32.35,32.35,32.95,32.35,32.8,1692910
2016-08-29,32.35,32.35,32.95,32.35,32.8,1692910
2016-08-30,32.35,32.35,32.95,32.35,32.8,1692910
2016-08-31,32.35,32.35,32.95,32.35,32.8,1692910
2016-09-01,32.35,32.35,32.95,32.35,32.8,1692910
2016-09-02,32.35,32.35,32.95,32.35,32.8,1692910
2016-09-05,32.35,32.35,32.95,32.35,32.8,1692910
2016-09-06,32.35,32.35,32.95,32.35,32.8,1692910
2016-09-07,32.35,32.35,32.95,32.35,32.8,1692910
2016-09-08,32.35,32.35,32.95,32.35,32.8,1692910
2016-09-09,32.35,32.35,32.95,32.35,32.8,1692910
2016-09-12,32.35,32.35,32.95,32.35,32.8,1692910
2016-09-13,32.35,32.35,32.95,32.35,32.8,1692910
2016-09-14,32.35,32.35,32.95,32.35,32.8,1692910
2016-09-19,32.35,32.35,32.95,32.35,32.8,1692910
2016-09-20,32.35,32.35,32.95,32.35,32.8,1692910
2016-09-21,32.35,32.35,32.95,32.35,32.8,1692910
2016-09-22,32.35,32.35,32.95,32.35,32.8,1692910
2016-09-23,32.35,32.35,32.95,32.35,32.8,1692910
2016-09-26,32.35,32.35,32.95,32.35,32.8,1692910
2016-09-29,32.35,32.35,32.95,32.35,32.8,1692910
2016-09-30,32.35,32.35,32.95,32.35,32.8,1692910
2016-10-03,32.35,32.35,32.95,32.35,32.8,1692910
2016-10-04,32.35,32.35,32.95,32.35,32.8,1692910
2016-10-05,32.35,32.35,32.95,32.35,32.8,1692910
2016-10-06,32.35,32.35,32.95,32.35,32.8,1692910
2016-10-07,32.35,32.35,32.95,32.35,32.8,1692910
2016-10-11,32.35,32.35,32.95,32.35,32.8,1692910
2016-10-12,32.35,32.35,32.95,32.35,32.8,1692910
2016-10-13,32.35,32.35,32.95,32.35,32.8,1692910
2016-10-14,32.35,32.35,32.95,32.35,32.8,1692910
2016-10-17,32.35,32.35,32.95,32.35,32.8,1692910
2016-10-18,32.35,32.35,32.95,32.35,32.8,1692910
2016-10-19,32.35,32.35,32.95,32.35,32.8,1692910
2016-10-20,32.35,32.35,32.95,32.35,32.8,1692910
2016-10-21,32.35,32.35,32.95,32.35,32.8,1692910
2016-10-24,32.35,32.35,32.95,32.35,32.8,1692910
2016-10-25,32.35,32.35,32.95,32.35,32.8,1692910
2016-10-26,32.35,32.35,32.95,32.35,32.8,1692910
2016-10-27,32.35,32.35,32.95,32.35,32.8,1692910
2016-10-28,32.35,32.35,32.95,32.35,32.8,1692910
2016-10-31,32.35,32.35,32.95,32.35,32.8,1692910
2016-11-01,32.35,32.35,32.95,32.35,32.8,1692910
2016-11-02,32.35,32.35,32.95,32.35,32.8,1692910
2016-11-03,32.35,32.35,32.95,32.35,32.8,1692910
2016-11-04,32.35,32.35,32.95,32.35,32.8,1692910
2016-11-07,32.35,32.35,32.95,32.35,32.8,1692910
2016-11-08,32.35,32.35,32.95,32.35,32.8,1692910
2016-11-09,32.35,32.35,32.95,32.35,32.8,1692910
2016-11-10,32.35,32.35,32.95,32.35,32.8,1692910
2016-11-11,32.35,32.35,32.95,32.35,32.8,1692910
2016-11-14,32.35,32.35,32.95,32.35,32.8,1692910
2016-11-15,32.35,32.35,32.95,32.35,32.8,1692910
2016-11-16,32.35,32.35,32.95,32.35,32.8,1692910
2016-11-17,32.35,32.35,32.95,32.35,32.8,1692910
2016-11-18,32.35,32.35,32.95,32.35,32.8,1692910
2016-11-21,32.35,32.35,32.95,32.35,32.8,1692910
2016-11-22,32.35,32.35,32.95,32.35,32.8,1692910
2016-11-23,32.35,32.35,32.95,32.35,32.8,1692910
2016-11-24,32.35,32.35,32.95,32.35,32.8,1692910
2016-11-25,32.35,32.35,32.95,32.35,32.8,1692910
2016-11-28,32.35,32.35,32.95,32.35,32.8,1692910
2016-11-29,32.35,32.35,32.95,32.35,32.8,1692910
2016-11-30,32.35,32.35,32.95,32.35,32.8,1692910
2016-12-01,32.35,32.35,32.95,32.35,32.8,1692910
2016-12-02,32.35,32.35,32.95,32.35,32.8,1692910
2016-12-05,32.35,32.35,32.95,32.35,32.8,1692910
2016-12-06,32.35,32.35,32.95,32.35,32.8,1692910
2016-12-07,32.35,32.35,32.95,32.35,32.8,1692910
2016-12-08,32.35,32.35,32.95,32.35,32.8,1692910
2016-12-09,32.35,32.35,32.95,32.35,32.8,1692910
2016-12-12,32.35,32.35,32.95,32.35,32.8,1692910
2016-12-13,32.35,32.35,32.95,32.35,32.8,1692910
2016-12-14,32.35,32.35,32.95,32.35,32.8,1692910
2016-12-15,32.35,32.35,32.95,32.35,32.8,1692910
2016-12-16,32.35,32.35,32.95,32.35,32.8,1692910
2016-12-19,32.35,32.35,32.95,32.35,32.8,1692910
2016-12-20,32.35,32.35,32.95,32.35,32.8,1692910
2016-12-21,32.35,32.35,32.95,32.35,32.8,1692910
2016-12-22,32.35,32.35,32.95,32.35,32.8,1692910
2016-12-23,32.35,32.35,32.95,32.35,32.8,1692910
2016-12-26,32.35,32.35,32.95,32.35,32.8,1692910
2016-12-27,32.35,32.35,32.95,32.35,32.8,1692910
2016-12-28,32.35,32.35,32.95,32.35,32.8,1692910
2016-12-29,32.35,32.35,32.95,32.35,32.8,1692910
2016-12-30,32.35,32.35,32.95,32.35,32.8,1692910
2017-01-03,32.35,32.35,32.95,32.35,32.8,1692910
2017-01-04,32.35,32.35,32.95,32.35,32.8,1692910
2017-01-05,32.35,32.35,32.95,32.35,32.8,1692910
2017-01-06,32.35,32.35,32.95,32.35,32.8,1692910
2017-01-09,32.35,32.35,32.95,32.35,32.8,1692910
2017-01-10,32.35,32.35,32.95,32.35,32.8,1692910
2017-01-11,32.35,32.35,32.95,32.35,32.8,1692910
2017-01-12,32.35,32.35,32.95,32.35,32.8,1692910
2017-01-13,32.35,32.35,32.95,32.35,32.8,1692910
2017-01-16,32.35,32.35,32.95,32.35,32.8,1692910
2017-01-17,32.35,32.35,32.95,32.35,32.8,1692910
2017-01-18,32.35,32.35,32.95,32.35,32.8,1692910
2017-01-19,32.35,32.35,32.95,32.35,32.8,1692910
2017-01-20,32.35,32.35,32.95,32.35,32.8,1692910
2017-01-23,32.35,32.35,32.95,32.35,32.8,1692910
2017-01-24,32.35,32.35,32.95,32.35,32.8,1692910
2017-02-02,32.35,32.35,32.95,32.35,32.8,1692910
2017-02-03,32.35,32.35,32.95,32.35,32.8,1692910
2017-02-06,32.35,32.35,32.95,32.35,32.8,1692910
2017-02-07,32.35,32.35,32.95,32.35,32.8,1692910
2017-02-08,32.35,32.35,32.95,32.35,32.8,1692910
2017-02-09,32.35,32.35,32.95,32.35,32.8,1692910
2017-02-10,32.35,32.35,32.95,32.35,32.8,1692910
2017-02-13,32.35,32.35,32.95,32.35,32.8,1692910
2017-02-14,32.35,32.35,32.95,32.35,32.8,1692910
2017-02-15,32.35,32.35,32.95,32.35,32.8,1692910
2017-02-16,32.35,32.35,32.95,32.35,32.8,1692910
2017-02-17,32.35,32.35,32.95,32.35,32.8,1692910
2017-02-20,32.35,32.35,32.95,32.35,32.8,1692910
2017-02-21,32.35,32.35,32.95,32.35,32.8,1692910
2017-02-22,32.35,32.35,32.95,32.35,32.8,1692910
2017-02-23,32.35,32.35,32.95,32.35,32.8,1692910
2017-02-24,32.35,32.35,32.95,32.35,32.8,1692910
2017-03-01,32.35,32.35,32.95,32.35,32.8,1692910
2017-03-02,32.35,32.35,32.95,32.35,32.8,1692910
2017-03-03,32.35,32.35,32.95,32.35,32.8,1692910
2017-03-06,32.35,32.35,32.95,32.35,32.8,1692910
2017-03-07,32.35,32.35,32.95,32.35,32.8,1692910
2017-03-08,32.35,32.35,32.95,32.35,32.8,1692910
2017-03-09,32.35,32.35,32.95,32.35,32.8,1692910
2017-03-10,32.35,32.35,32.95,32.35,32.8,1692910
2017-03-13,32.35,32.35,32.95,32.35,32.8,1692910
2017-03-14,32.35,32.35,32.95,32.35,32.8,1692910
2017-03-15,32.35,32.35,32.95,32.35,32.8,1692910
2017-03-16,32.35,32.35,32.95,32.35,32.8,1692910
2017-03-17,32.35,32.35,32.95,32.35,32.8,1692910
2017-03-20,32.35,32.35,32.95,32.35,32.8,1692910
2017-03-21,32.35,32.35,32.95,32.35,32.8,1692910
2017-03-22,32.35,32.35,32.95,32.35,32.8,1692910
2017-03-23,32.35,32.35,32.95,32.35,32.8,1692910
2017-03-24,32.35,32.35,32.95,32.35,32.8,1692910
2017-03-27,32.35,32.35,32.95,32.35,32.8,1692910
2017-03-28,32.35,32.35,32.95,32.35,32.8,1692910
2017-03-29,32.35,32.35,32.95,32.35,32.8,1692910
2017-03-30,32.35,32.35,32.95,32.35,32.8,1692910
2017-03-31,32.35,32.35,32.95,32.35,32.8,1692910
2017-04-05,32.35,32.35,32.95,32.35,32.8,1692910
2017-04-06,32.35,32.35,32.95,32.35,32.8,1692910
2017-04-07,32.35,32.35,32.95,32.35,32.8,1692910
2017-04-10,32.35,32.35,32.95,32.35,32.8,1692910
2017-04-11,32.35,32.35,32.95,32.35,32.8,1692910
2017-04-12,32.35,32.35,32.95,32.35,32.8,1692910
2017-04-13,32.35,32.35,32.95,32.35,32.8,1692910
2017-04-14,32.35,32.35,32.95,32.35,32.8,1692910
2017-04-17,32.35,32.35,32.95,32.35,32.8,1692910
2017-04-18,32.35,32.35,32.95,32.35,32.8,1692910
2017-04-19,32.35,32.35,32.95,32.35,32.8,1692910
2017-04-21,32.35,32.35,32.95,32.35,32.8,1692910
2017-04-24,32.35,32.35,32.95,32.35,32.8,1692910
2017-04-25,32.35,32.35,32.95,32.35,32.8,1692910
2017-04-26,32.35,32.35,32.95,32.35,32.8,1692910
2017-04-27,32.35,32.35,32.95,32.35,32.8,1692910
2017-04-28,32.35,32.35,32.95,32.35,32.8,1692910
2017-05-02,32.35,32.35,32.95,32.35,32.8,1692910
2017-05-03,32.35,32.35,32.95,32.35,32.8,1692910
2017-05-04,32.35,32.35,32.95,32.35,32.8,1692910
2017-05-05,32.35,32.35,32.95,32.35,32.8,1692910
2017-05-08,32.35,32.35,32.95,32.35,32.8,1692910
2017-05-09,32.35,32.35,32.95,32.35,32.8,1692910
2017-05-10,32.35,32.35,32.95,32.35,32.8,1692910
2017-05-11,32.35,32.35,32.95,32.35,32.8,1692910
2017-05-12,32.35,32.35,32.95,32.35,32.8,1692910
2017-05-15,32.35,32.35,32.95,32.35,32.8,1692910
2017-05-16,32.35,32.35,32.95,32.35,32.8,1692910
2017-05-17,32.35,32.35,32.95,32.35,32.8,1692910
2017-05-18,32.35,32.35,32.95,32.35,32.8,1692910
2017-05-19,32.35,32.35,32.95,32.35,32.8,1692910
2017-05-22,32.35,32.35,32.95,32.35,32.8,1692910
2017-05-23,32.35,32.35,32.95,32.35,32.8,1692910
2017-05-24,32.35,32.35,32.95,32.35,32.8,1692910
2017-05-25,32.35,32.35,32.95,32.35,32.8,1692910
2017-05-26,32.35,32.35,32.95,32.35,32.8,1692910
2017-05-31,32.35,32.35,32.95,32.35,32.8,1692910
2017-06-01,32.35,32.35,32.95,32.35,32.8,1692910
2017-06-02,32.35,32.35,32.95,32.35,32.8,1692910
2017-06-05,32.35,32.35,32.95,32.35,32.8,1692910
2017-06-06,32.35,32.35,32.95,32.35,32.8,1692910
2017-06-07,32.35,32.35,32.95,32.35,32.8,1692910
2017-06-08,32.35,32.35,32.95,32.35,32.8,1692910
2017-06-09,32.35,32.35,32.95,32.35,32.8,1692910
2017-06-12,32.35,32.35,32.95,32.35,32.8,1692910
2017-06-13,32.35,32.35,32.95,32.35,32.8,1692910
2017-06-14,32.35,32.35,32.95,32.35,32.8,1692910
2017-06-15,32.35,32.35,32.95,32.35,32.8,1692910
2017-06-16,32.35,32.35,32.95,32.35,32.8,1692910
2017-06-19,32.35,32.35,32.95,32.35,32.8,1692910
2017-06-20,32.35,32.35,32.95,32.35,32.8,1692910
2017-06-21,32.35,32.35,32.95,32.35,32.8,1692910
2017-06-22,32.35,32.35,32.95,32.35,32.8,1692910
2017-06-23,32.35,32.35,32.95,32.35,32.8,1692910
2017-06-26,32.35,32.35,32.95,32.35,32.8,1692910
2017-06-27,32.35,32.35,32.95,32.35,32.8,1692910
2017-06-28,32.35,32.35,32.95,32.35,32.8,1692910
2017-06-29,32.35,32.35,32.95,32.35,32.8,1692910
2017-06-30,32.35,32.35,32.95,32.35,32.8,1692910
2017-07-03,32.35,32.35,32.95,32.35,32.8,1692910
2017-07-04,32.35,32.35,32.95,32.35,32.8,1692910
2017-07-05,32.35,32.35,32.95,32.35,32.8,1692910
2017-07-06,32.35,32.35,32.95,32.35,32.8,1692910
2017-07-07,32.35,32.35,32.95,32.35,32.8,1692910
2017-07-10,32.35,32.35,32.95,32.35,32.8,1692910
2017-07-11,32.35,32.35,32.95,32.35,32.8,1692910
2017-07-12,32.35,32.35,32.95,32.35,32.8,1692910
2017-07-13,32.35,32.35,32.95,32.35,32.8,1692910
2017-07-14,32.35,32.35,32.95,32.35,32.8,1692910
2017-07-17,32.35,32.35,32.95,32.35,32.8,1692910
2017-07-18,32.35,32.35,32.95,32.35,32.8,1692910
2017-07-19,32.35,32.35,32.95,32.35,32.8,1692910
2017-07-20,32.35,32.35,32.95,32.35,32.8,1692910
2017-07-21,32.35,32.35,32.95,32.35,32.8,1692910
2017-07-24,32.35,32.35,32.95,32.35,32.8,1692910
2017-07-25,32.35,32.35,32.95,32.35,32.8,1692910
2017-07-26,32.35,32.35,32.95,32.35,32.8,1692910
2017-07-27,32.35,32.35,32.95,32.35,32.8,1692910
2017-07-28,32.35,32.35,32.95,32.35,32.8,1692910
2017-07-31,32.35,32.35,32.95,32.35,32.8,1692910
2017-08-01,32.35,32.35,32.95,32.35,32.8,1692910
2017-08-02,32.35,32.35,32.95,32.35,32.8,1692910
2017-08-03,32.35,32.35,32.95,32.35,32.8,1692910
2017-08-04,32.35,32.35,32.95,32.35,32.8,1692910
2017-08-07,32.35,32.35,32.95,32.35,32.8,1692910
2017-08-08,32.35,32.35,32.95,32.35,32.8,1692910
2017-08-09,32.35,32.35,32.95,32.35,32.8,1692910
2017-08-10,32.35,32.35,32.95,32.35,32.8,1692910
2017-08-11,32.35,32.35,32.95,32.35,32.8,1692910
2017-08-14,32.35,32.35,32.95,32.35,32.8,1692910
2017-08-15,32.35,32.35,32.95,32.35,32.8,1692910
2017-08-16,32.35,32.35,32.95,32.35,32.8,1692910
2017-08-17,32.35,32.35,32.95,32.35,32.8,1692910
2017-08-18,32.35,32.35,32.95,32.35,32.8,1692910
2017-08-21,32.35,32.35,32.95,32.35,32.8,1692910
2017-08-22,32.35,32.35,32.95,32.35,32.8,1692910
2017-08-23,32.35,32.35,32.95,32.35,32.8,1692910
2017-08-24,32.35,32.35,32.95,32.35,32.8,1692910
2017-08-25,32.35,32.35,32.95,32.35,32.8,1692910
2017-08-28,32.35,32.35,32.95,32.35,32.8,1692910
2017-08-29,32.35,32.35,32.95,32.35,32.8,1692910
2017-08-30,32.35,32.35,32.95,32.35,32.8,1692910
2017-08-31,32.35,32.35,32.95,32.35,32.8,1692910
2017-09-01,32.35,32.35,32.95,32.35,32.8,1692910
2017-09-04,32.35,32.35,32.95,32.35,32.8,1692910
2017-09-05,32.35,32.35,32.95,32.35,32.8,1692910
2017-09-06,32.35,32.35,32.95,32.35,32.8,1692910
2017-09-07,32.35,32.35,32.95,32.35,32.8,1692910
2017-09-08,32.35,32.35,32.95,32.35,32.8,1692910
2017-09-11,32.35,32.35,32.95,32.35,32.8,1692910
2017-09-12,32.35,32.35,32.95,32.35,32.8,1692910
2017-09-13,32.35,32.35,32.95,32.35,32.8,1692910
2017-09-14,32.35,32.35,32.95,32.35,32.8,1692910
2017-09-15,32.35,32.35,32.95,32.35,32.8,1692910
2017-09-18,32.35,32.35,32.95,32.35,32.8,1692910
2017-09-19,32.35,32.35,32.95,32.35,32.8,1692910
2017-09-20,32.35,32.35,32.95,32.35,32.8,1692910
2017-09-21,32.35,32.35,32.95,32.35,32.8,1692910
2017-09-22,32.35,32.35,32.95,32.35,32.8,1692910
2017-09-25,32.35,32.35,32.95,32.35,32.8,1692910
2017-09-26,32.35,32.35,32.95,32.35,32.8,1692910
2017-09-27,32.35,32.35,32.95,32.35,32.8,1692910
2017-09-28,32.35,32.35,32.95,32.35,32.8,1692910
2017-09-29,32.35,32.35,32.95,32.35,32.8,1692910
2017-10-02,32.35,32.35,32.95,32.35,32.8,1692910
2017-10-03,32.35,32.35,32.95,32.35,32.8,1692910
2017-10-05,32.35,32.35,32.95,32.35,32.8,1692910
2017-10-06,32.35,32.35,32.95,32.35,32.8,1692910
2017-10-11,32.35,32.35,32.95,32.35,32.8,1692910
2017-10-12,32.35,32.35,32.95,32.35,32.8,1692910
2017-10-13,32.35,32.35,32.95,32.35,32.8,1692910
2017-10-16,32.35,32.35,32.95,32.35,32.8,1692910
2017-10-17,32.35,32.35,32.95,32.35,32.8,1692910
2017-10-18,32.35,32.35,32.95,32.35,32.8,1692910
2017-10-19,32.35,32.35,32.95,32.35,32.8,1692910
2017-10-20,32.35,32.35,32.95,32.35,32.8,1692910
2017-10-23,32.35,32.35,32.95,32.35,32.8,1692910
2017-10-24,32.35,32.35,32.95,32.35,32.8,1692910
2017-10-25,32.35,32.35,32.95,32.35,32.8,1692910
2017-10-26,32.35,32.35,32.95,32.35,32.8,1692910
2017-10-27,32.35,32.35,32.95,32.35,32.8,1692910
2017-10-30,32.35,32.35,32.95,32.35,32.8,1692910
2017-10-31,32.35,32.35,32.95,32.35,32.8,1692910
2017-11-01,32.35,32.35,32.95,32.35,32.8,1692910
2017-11-02,32.35,32.35,32.95,32.35,32.8,1692910
2017-11-03,32.35,32.35,32.95,32.35,32.8,1692910
2017-11-06,32.35,32.35,32.95,32.35,32.8,1692910
2017-11-07,32.35,32.35,32.95,32.35,32.8,1692910
2017-11-08,32.35,32.35,32.95,32.35,32.8,1692910
2017-11-09,32.35,32.35,32.95,32.35,32.8,1692910
2017-11-10,32.35,32.35,32.95,32.35,32.8,1692910
2017-11-13,32.35,32.35,32.95,32.35,32.8,1692910
2017-11-14,32.35,32.35,32.95,32.35,32.8,1692910
2017-11-15,32.35,32.35,32.95,32.35,32.8,1692910
2017-11-16,32.35,32.35,32.95,32.35,32.8,1692910
2017-11-17,32.35,32.35,32.95,32.35,32.8,1692910
2017-11-20,32.35,32.35,32.95,32.35,32.8,1692910
2017-11-21,32.35,32.35,32.95,32.35,32.8,1692910
2017-11-22,32.35,32.35,32.95,32.35,32.8,1692910
2017-11-23,32.35,32.35,32.95,32.35,32.8,1692910
2017-11-24,32.35,32.35,32.95,32.35,32.8,1692910
2017-11-27,32.35,32.35,32.95,32.35,32.8,1692910
2017-11-28,32.35,32.35,32.95,32.35,32.8,1692910
2017-11-29,32.35,32.35,32.95,32.35,32.8,1692910
2017-11-30,32.35,32.35,32.95,32.35,32.8,1692910
2017-12-01,32.35,32.35,32.95,32.35,32.8,1692910
2017-12-04,32.35,32.35,32.95,32.35,32.8,1692910
2017-12-05,32.35,32.35,32.95,32.35,32.8,1692910
2017-12-06,32.35,32.35,32.95,32.35,32.8,1692910
2017-12-07,32.35,32.35,32.95,32.35,32.8,1692910
2017-12-08,32.35,32.35,32.95,32.35,32.8,1692910
2017-12-11,32.35,32.35,32.95,32.35,32.8,1692910
2017-12-12,32.35,32.35,32.95,32.35,32.8,1692910
2017-12-13,32.35,32.35,32.95,32.35,32.8,1692910
2017-12-14,32.35,32.35,32.95,32.35,32.8,1692910
2017-12-15,32.35,32.35,32.95,32.35,32.8,1692910
2017-12-18,32.35,32.35,32.95,32.35,32.8,1692910
2017-12-19,32.35,32.35,32.95,32.35,32.8,1692910
2017-12-20,32.35,32.35,32.95,32.35,32.8,1692910
2017-12-21,32.35,32.35,32.95,32.35,32.8,1692910
2017-12-22,32.35,32.35,32.95,32.35,32.8,1692910
2017-12-25,32.35,32.35,32.95,32.35,32.8,1692910
2017-12-26,32.35,32.35,32.95,32.35,32.8,1692910
2017-12-27,32.35,32.35,32.95,32.35,32.8,1692910
2017-12-28,32.35,32.35,32.95,32.35,32.8,1692910
2017-12-29,32.35,32.35,32.95,32.35,32.8,1692910
2018-01-02,32.35,32.35,32.95,32.35,32.8,1692910
2018-01-03,32.35,32.35,32.95,32.35,32.8,1692910
2018-01-04,32.35,32.35,32.95,32.35,32.8,1692910
2018-01-05,32.35,32.35,32.95,32.35,32.8,1692910
2018-01-08,32.35,32.35,32.95,32.35,32.8,1692910
2018-01-09,32.35,32.35,32.95,32.35,32.8,1692910
2018-01-10,32.35,32.35,32.95,32.35,32.8,1692910
2018-01-11,32.35,32.35,32.95,32.35,32.8,1692910
2018-01-12,32.35,32.35,32.95,32.35,32.8,1692910
2018-01-15,32.35,32.35,32.95,32.35,32.8,1692910
2018-01-16,32.35,32.35,32.95,32.35,32.8,1692910
2018-01-17,32.35,32.35,32.95,32.35,32.8,1692910
2018-01-18,32.35,32.35,32.95,32.35,32.8,1692910
2018-01-19,32.35,32.35,32.95,32.35,32.8,1692910
2018-01-22,32.35,32.35,32.95,32.35,32.8,1692910
2018-01-23,32.35,32.35,32.95,32.35,32.8,1692910
2018-01-24,32.35,32.35,32.95,32.35,32.8,1692910
2018-01-25,32.35,32.35,32.95,32.35,32.8,1692910
2018-01-26,32.35,32.35,32.95,32.35,32.8,1692910
2018-01-29,32.35,32.35,32.95,32.35,32.8,1692910
2018-01-30,32.35,32.35,32.95,32.35,32.8,1692910
2018-01-31,32.35,32.35,32.95,32.35,32.8,1692910
2018-02-01,32.35,32.35,32.95,32.35,32.8,1692910
2018-02-02,32.35,32.35,32.95,32.35,32.8,1692910
2018-02-05,32.35,32.35,32.95,32.35,32.8,1692910
2018-02-06,32.35,32.35,32.95,32.35,32.8,1692910
2018-02-07,32.35,32.35,32.95,32.35,32.8,1692910
2018-02-08,32.35,32.35,32.95,32.35,32.8,1692910
2018-02-09,32.35,32.35,32.95,32.35,32.8,1692910
2018-02-12,32.35,32.35,32.95,32.35,32.8,1692910
2018-02-21,32.35,32.35,32.95,32.35,32.8,1692910
2018-02-22,32.35,32.35,32.95,32.35,32.8,1692910
2018-02-23,32.35,32.35,32.95,32.35,32.8,1692910
2018-02-26,32.35,32.35,32.95,32.35,32.8,1692910
2018-02-27,32.35,32.35,32.95,32.35,32.8,1692910
2018-03-01,32.35,32.35,32.95,32.35,32.8,1692910
2018-03-02,32.35,32.35,32.95,32.35,32.8,1692910
2018-03-05,32.35,32.35,32.95,32.35,32.8,1692910
2018-03-06,32.35,32.35,32.95,32.35,32.8,1692910
2018-03-07,32.35,32.35,32.95,32.35,32.8,1692910
2018-03-08,32.35,32.35,32.95,32.35,32.8,1692910
2018-03-09,32.35,32.35,32.95,32.35,32.8,1692910
2018-03-12,32.35,32.35,32.95,32.35,32.8,1692910
2018-03-13,32.35,32.35,32.95,32.35,32.8,1692910
2018-03-14,32.35,32.35,32.95,32.35,32.8,1692910
2018-03-15,32.35,32.35,32.95,32.35,32.8,1692910
2018-03-16,32.35,32.35,32.95,32.35,32.8,1692910
2018-03-19,32.35,32.35,32.95,32.35,32.8,1692910
2018-03-20,32.35,32.35,32.95,32.35,32.8,1692910
2018-03-21,32.35,32.35,32.95,32.35,32.8,1692910
2018-03-22,32.35,32.35,32.95,32.35,32.8,1692910
2018-03-23,32.35,32.35,32.95,32.35,32.8,1692910
2018-03-26,32.35,32.35,32.95,32.35,32.8,1692910
2018-03-27,32.35,32.35,32.95,32.35,32.8,1692910
2018-03-28,32.35,32.35,32.95,32.35,32.8,1692910
2018-03-29,32.35,32.35,32.95,32.35,32.8,1692910
2018-03-30,32.35,32.35,32.95,32.35,32.8,1692910
2018-04-02,32.35,32.35,32.95,32.35,32.8,1692910
2018-04-03,32.35,32.35,32.95,32.35,32.8,1692910
2018-04-09,32.35,32.35,32.95,32.35,32.8,1692910
2018-04-10,32.35,32.35,32.95,32.35,32.8,1692910
2018-04-11,32.35,32.35,32.95,32.35,32.8,1692910
2018-04-12,32.35,32.35,32.95,32.35,32.8,1692910
2018-04-13,32.35,32.35,32.95,32.35,32.8,1692910
2018-04-16,32.35,32.35,32.95,32.35,32.8,1692910
2018-04-17,32.35,32.35,32.95,32.35,32.8,1692910
2018-04-18,32.35,32.35,32.95,32.35,32.8,1692910
2018-04-19,32.35,32.35,32.95,32.35,32.8,1692910
2018-04-20,32.35,32.35,32.95,32.35,32.8,1692910
2018-04-23,32.35,32.35,32.95,32.35,32.8,1692910
2018-04-24,32.35,32.35,32.95,32.35,32.8,1692910
2018-04-25,32.35,32.35,32.95,32.35,32.8,1692910
2018-04-26,32.35,32.35,32.95,32.35,32.8,1692910
2018-04-27,32.35,32.35,32.95,32.35,32.8,1692910
2018-04-30,32.35,32.35,32.95,32.35,32.8,1692910
2018-05-02,32.35,32.35,32.95,32.35,32.8,1692910
2018-05-03,32.35,32.35,32.95,32.35,32.8,1692910
2018-05-04,32.35,32.35,32.95,32.35,32.8,1692910
2018-05-07,32.35,32.35,32.95,32.35,32.8,1692910
2018-05-08,32.35,32.35,32.95,32.35,32.8,1692910
2018-05-09,32.35,32.35,32.95,32.35,32.8,1692910
2018-05-10,32.35,32.35,32.95,32.35,32.8,1692910
2018-05-11,32.35,32.35,32.95,32.35,32.8,1692910
2018-05-14,32.35,32.35,32.95,32.35,32.8,1692910
2018-05-15,32.35,32.35,32.95,32.35,32.8,1692910
2018-05-16,32.35,32.35,32.95,32.35,32.8,1692910
2018-05-17,32.35,32.35,32.95,32.35,32.8,1692910
2018-05-18,32.35,32.35,32.95,32.35,32.8,1692910
2018-05-21,32.35,32.35,32.95,32.35,32.8,1692910
2018-05-22,32.35,32.35,32.95,32.35,32.8,1692910
2018-05-23,32.35,32.35,32.95,32.35,32.8,1692910
2018-05-24,32.35,32.35,32.95,32.35,32.8,1692910
2018-05-25,32.35,32.35,32.95,32.35,32.8,1692910
2018-05-28,32.35,32.35,32.95,32.35,32.8,1692910
2018-05-29,32.35,32.35,32.95,32.35,32.8,1692910
2018-05-30,32.35,32.35,32.95,32.35,32.8,1692910
2018-05-31,32.35,32.35,32.95,32.35,32.8,1692910
2018-06-01,32.35,32.35,32.95,32.35,32.8,1692910
2018-06-04,32.35,32.35,32.95,32.35,32.8,1692910
2018-06-05,32.35,32.35,32.95,32.35,32.8,1692910
2018-06-06,32.35,32.35,32.95,32.35,32.8,1692910
2018-06-07,32.35,32.35,32.95,32.35,32.8,1692910
2018-06-08,32.35,32.35,32.95,32.35,32.8,1692910
2018-06-11,32.35,32.35,32.95,32.35,32.8,1692910
2018-06-12,32.35,32.35,32.95,32.35,32.8,1692910
2018-06-13,32.35,32.35,32.95,32.35,32.8,1692910
2018-06-14,32.35,32.35,32.95,32.35,32.8,1692910
2018-06-15,32.35,32.35,32.95,32.35,32.8,1692910
2018-06-19,32.35,32.35,32.95,32.35,32.8,1692910
2018-06-20,32.35,32.35,32.95,32.35,32.8,1692910
2018-06-21,32.35,32.35,32.95,32.35,32.8,1692910
2018-06-22,32.35,32.35,32.95,32.35,32.8,1692910
2018-06-25,32.35,32.35,32.95,32.35,32.8,1692910
2018-06-26,32.35,32.35,32.95,32.35,32.8,1692910
2018-06-27,32.35,32.35,32.95,32.35,32.8,1692910
2018-06-28,32.35,32.35,32.95,32.35,32.8,1692910
2018-06-29,32.35,32.35,32.95,32.35,32.8,1692910
2018-07-02,32.35,32.35,32.95,32.35,32.8,1692910
2018-07-03,32.35,32.35,32.95,32.35,32.8,1692910
2018-07-04,32.35,32.35,32.95,32.35,32.8,1692910
2018-07-05,32.35,32.35,32.95,32.35,32.8,1692910
2018-07-06,32.35,32.35,32.95,32.35,32.8,1692910
2018-07-09,32.35,32.35,32.95,32.35,32.8,1692910
2018-07-10,32.35,32.35,32.95,32.35,32.8,1692910
2018-07-11,32.35,32.35,32.95,32.35,32.8,1692910
2018-07-12,32.35,32.35,32.95,32.35,32.8,1692910
2018-07-13,32.35,32.35,32.95,32.35,32.8,1692910
2018-07-16,32.35,32.35,32.95,32.35,32.8,1692910
2018-07-17,32.35,32.35,32.95,32.35,32.8,1692910
2018-07-18,32.35,32.35,32.95,32.35,32.8,1692910
2018-07-19,32.35,32.35,32.95,32.35,32.8,1692910
2018-07-20,32.35,32.35,32.95,32.35,32.8,1692910
2018-07-23,32.35,32.35,32.95,32.35,32.8,1692910
2018-07-24,32.35,32.35,32.95,32.35,32.8,1692910
2018-07-25,32.35,32.35,32.95,32.35,32.8,1692910
2018-07-26,32.35,32.35,32.95,32.35,32.8,1692910
2018-07-27,32.35,32.35,32.95,32.35,32.8,1692910
2018-07-30,32.35,32.35,32.95,32.35,32.8,1692910
2018-07-31,32.35,32.35,32.95,32.35,32.8,1692910
2018-08-01,32.35,32.35,32.95,32.35,32.8,1692910
2018-08-02,32.35,32.35,32.95,32.35,32.8,1692910
2018-08-03,32.35,32.35,32.95,32.35,32.8,1692910
2018-08-06,32.35,32.35,32.95,32.35,32.8,1692910
2018-08-07,32.35,32.35,32.95,32.35,32.8,1692910
2018-08-08,32.35,32.35,32.95,32.35,32.8,1692910
2018-08-09,32.35,32.35,32.95,32.35,32.8,1692910
2018-08-10,32.35,32.35,32.95,32.35,32.8,1692910
2018-08-13,32.35,32.35,32.95,32.35,32.8,1692910
2018-08-14,32.35,32.35,32.95,32.35,32.8,1692910
2018-08-15,32.35,32.35,32.95,32.35,32.8,1692910
2018-08-16,32.35,32.35,32.95,32.35,32.8,1692910
2018-08-17,32.35,32.35,32.95,32.35,32.8,1692910
2018-08-20,32.35,32.35,32.95,32.35,32.8,1692910
2018-08-21,32.35,32.35,32.95,32.35,32.8,1692910
2018-08-22,32.35,32.35,32.95,32.35,32.8,1692910
2018-08-23,32.35,32.35,32.95,32.35,32.8,1692910
2018-08-24,32.35,32.35,32.95,32.35,32.8,1692910
2018-08-27,32.35,32.35,32.95,32.35,32.8,1692910
2018-08-28,32.35,32.35,32.95,32.35,32.8,1692910
2018-08-29,32.35,32.35,32.95,32.35,32.8,1692910
2018-08-30,32.35,32.35,32.95,32.35,32.8,1692910
2018-08-31,32.35,32.35,32.95,32.35,32.8,1692910
2018-09-03,32.35,32.35,32.95,32.35,32.8,1692910
2018-09-04,32.35,32.35,32.95,32.35,32.8,1692910
2018-09-05,32.35,32.35,32.95,32.35,32.8,1692910
2018-09-06,32.35,32.35,32.95,32.35,32.8,1692910
2018-09-07,32.35,32.35,32.95,32.35,32.8,1692910
2018-09-10,32.35,32.35,32.95,32.35,32.8,1692910
2018-09-11,32.35,32.35,32.95,32.35,32.8,1692910
2018-09-12,32.35,32.35,32.95,32.35,32.8,1692910
2018-09-13,32.35,32.35,32.95,32.35,32.8,1692910
2018-09-14,32.35,32.35,32.95,32.35,32.8,1692910
2018-09-17,32.35,32.35,32.95,32.35,32.8,1692910
2018-09-18,32.35,32.35,32.95,32.35,32.8,1692910
2018-09-19,32.35,32.35,32.95,32.35,32.8,1692910
2018-09-20,32.35,32.35,32.95,32.35,32.8,1692910
2018-09-21,32.35,32.35,32.95,32.35,32.8,1692910
2018-09-25,32.35,32.35,32.95,32.35,32.8,1692910
2018-09-26,32.35,32.35,32.95,32.35,32.8,1692910
2018-09-27,32.35,32.35,32.95,32.35,32.8,1692910
2018-09-28,32.35,32.35,32.95,32.35,32.8,1692910
2018-10-01,32.35,32.35,32.95,32.35,32.8,1692910
2018-10-02,32.35,32.35,32.95,32.35,32.8,1692910
2018-10-03,32.35,32.35,32.95,32.35,32.8,1692910
2018-10-04,32.35,32.35,32.95,32.35,32.8,1692910
2018-10-05,32.35,32.35,32.95,32.35,32.8,1692910
2018-10-08,32.35,32.35,32.95,32.35,32.8,1692910
2018-10-09,32.35,32.35,32.95,32.35,32.8,1692910
2018-10-11,32.35,32.35,32.95,32.35,32.8,1692910
2018-10-12,32.35,32.35,32.95,32.35,32.8,1692910
2018-10-15,32.35,32.35,32.95,32.35,32.8,1692910
2018-10-16,32.35,32.35,32.95,32.35,32.8,1692910
2018-10-17,32.35,32.35,32.95,32.35,32.8,1692910
2018-10-18,32.35,32.35,32.95,32.35,32.8,1692910
2018-10-19,32.35,32.35,32.95,32.35,32.8,1692910
2018-10-22,32.35,32.35,32.95,32.35,32.8,1692910
2018-10-23,32.35,32.35,32.95,32.35,32.8,1692910
2018-10-24,32.35,32.35,32.95,32.35,32.8,1692910
2018-10-25,32.35,32.35,32.95,32.35,32.8,1692910
2018-10-26,32.35,32.35,32.95,32.35,32.8,1692910
2018-10-29,32.35,32.35,32.95,32.35,32.8,1692910
2018-10-30,32.35,32.35,32.95,32.35,32.8,1692910
2018-10-31,32.35,32.35,32.95,32.35,32.8,1692910
2018-11-01,32.35,32.35,32.95,32.35,32.8,1692910
2018-11-02,32.35,32.35,32.95,32.35,32.8,1692910
2018-11-05,32.35,32.35,32.95,32.35,32.8,1692910
2018-11-06,32.35,32.35,32.95,32.35,32.8,1692910
2018-11-07,32.35,32.35,32.95,32.35,32.8,1692910
2018-11-08,32.35,32.35,32.95,32.35,32.8,1692910
2018-11-09,32.35,32.35,32.95,32.35,32.8,1692910
2018-11-12,32.35,32.35,32.95,32.35,32.8,1692910
2018-11-13,32.35,32.35,32.95,32.35,32.8,1692910
2018-11-14,32.35,32.35,32.95,32.35,32.8,1692910
2018-11-15,32.35,32.35,32.95,32.35,32.8,1692910
2018-11-16,32.35,32.35,32.95,32.35,32.8,1692910
2018-11-19,32.35,32.35,32.95,32.35,32.8,1692910
2018-11-20,32.35,32.35,32.95,32.35,32.8,1692910
2018-11-21,32.35,32.35,32.95,32.35,32.8,1692910
2018-11-22,32.35,32.35,32.95,32.35,32.8,1692910
2018-11-23,32.35,32.35,32.95,32.35,32.8,1692910
2018-11-26,32.35,32.35,32.95,32.35,32.8,1692910
2018-11-27,32.35,32.35,32.95,32.35,32.8,1692910
2018-11-28,32.35,32.35,32.95,32.35,32.8,1692910
2018-11-29,32.35,32.35,32.95,32.35,32.8,1692910
2018-11-30,32.35,32.35,32.95,32.35,32.8,1692910
2018-12-03,32.35,32.35,32.95,32.35,32.8,1692910
2018-12-04,32.35,32.35,32.95,32.35,32.8,1692910
2018-12-05,32.35,32.35,32.95,32.35,32.8,1692910
2018-12-06,32.35,32.35,32.95,32.35,32.8,1692910
2018-12-07,32.35,32.35,32.95,32.35,32.8,1692910
2018-12-10,32.35,32.35,32.95,32.35,32.8,1692910
2018-12-11,32.35,32.35,32.95,32.35,32.8,1692910
2018-12-12,32.35,32.35,32.95,32.35,32.8,1692910
2018-12-13,32.35,32.35,32.95,32.35,32.8,1692910
2018-12-14,32.35,32.35,32.95,32.35,32.8,1692910
2018-12-17,32.35,32.35,32.95,32.35,32.8,1692910
2018-12-18,32.35,32.35,32.95,32.35,32.8,1692910
2018-12-19,32.35,32.35,32.95,32.35,32.8,1692910
2018-12-20,32.35,32.35,32.95,32.35,32.8,1692910
2018-12-21,32.35,32.35,32.95,32.35,32.8,1692910
2018-12-24,32.35,32.35,32.95,32.35,32.8,1692910
2018-12-25,32.35,32.35,32.95,32.35,32.8,1692910
2018-12-26,32.35,32.35,32.95,32.35,32.8,1692910
2018-12-27,32.35,32.35,32.95,32.35,32.8,1692910
2018-12-28,32.35,32.35,32.95,32.35,32.8,1692910
2019-01-02,32.35,32.35,32.95,32.35,32.8,1692910
2019-01-03,32.35,32.35,32.95,32.35,32.8,1692910
2019-01-04,32.35,32.35,32.95,32.35,32.8,1692910
2019-01-07,32.35,32.35,32.95,32.35,32.8,1692910
2019-01-08,32.35,32.35,32.95,32.35,32.8,1692910
2019-01-09,32.35,32.35,32.95,32.35,32.8,1692910
2019-01-10,32.35,32.35,32.95,32.35,32.8,1692910
2019-01-11,32.35,32.35,32.95,32.35,32.8,1692910
2019-01-14,32.35,32.35,32.95,32.35,32.8,1692910
2019-01-15,32.35,32.35,32.95,32.35,32.8,1692910
2019-01-16,32.35,32.35,32.95,32.35,32.8,1692910
2019-01-17,32.35,32.35,32.95,32.35,32.8,1692910
2019-01-18,32.35,32.35,32.95,32.35,32.8,1692910
2019-01-21,32.35,32.35,32.95,32.35,32.8,1692910
2019-01-22,32.35,32.35,32.95,32.35,32.8,1692910
2019-01-23,32.35,32.35,32.95,32.35,32.8,1692910
2019-01-24,32.35,32.35,32.95,32.35,32.8,1692910
2019-01-25,32.35,32.35,32.95,32.35,32.8,1692910
2019-01-28,32.35,32.35,32.95,32.35,32.8,1692910
2019-01-29,32.35,32.35,32.95,32.35,32.8,1692910
2019-01-30,32.35,32.35,32.95,32.35,32.8,1692910
2019-02-11,32.35,32.35,32.95,32.35,32.8,1692910
2019-02-12,32.35,32.35,32.95,32.35,32.8,1692910
2019-02-13,32.35,32.35,32.95,32.35,32.8,1692910
2019-02-14,32.35,32.35,32.95,32.35,32.8,1692910
2019-02-15,32.35,32.35,32.95,32.35,32.8,1692910
2019-02-18,32.35,32.35,32.95,32.35,32.8,1692910
2019-02-19,32.35,32.35,32.95,32.35,32.8,1692910
2019-02-20,32.35,32.35,32.95,32.35,32.8,1692910
2019-02-21,32.35,32.35,32.95,32.35,32.8,1692910
2019-02-22,32.35,32.35,32.95,32.35,32.8,1692910
2019-02-25,32.35,32.35,32.95,32.35,32.8,1692910
2019-02-26,32.35,32.35,32.95,32.35,32.8,1692910
2019-02-27,32.35,32.35,32.95,32.35,32.8,1692910
2019-03-04,32.35,32.35,32.95,32.35,32.8,1692910
2019-03-05,32.35,32.35,32.95,32.35,32.8,1692910
2019-03-06,32.35,32.35,32.95,32.35,32.8,1692910
2019-03-07,32.35,32.35,32.95,32.35,32.8,1692910
2019-03-08,32.35,32.35,32.95,32.35,32.8,1692910
2019-03-11,32.35,32.35,32.95,32.35,32.8,1692910
2019-03-12,32.35,32.35,32.95,32.35,32.8,1692910
2019-03-13,32.35,32.35,32.95,32.35,32.8,1692910
2019-03-14,32.35,32.35,32.95,32.35,32.8,1692910
2019-03-15,32.35,32.35,32.95,32.35,32.8,1692910
2019-03-18,32.35,32.35,32.95,32.35,32.8,1692910
2019-03-19,32.35,32.35,32.95,32.35,32.8,1692910
2019-03-20,32.35,32.35,32.95,32.35,32.8,1692910
2019-03-21,32.35,32.35,32.95,32.35,32.8,1692910
2019-03-22,32.35,32.35,32.95,32.35,32.8,1692910
2019-03-25,32.35,32.35,32.95,32.35,32.8,1692910
2019-03-26,32.35,32.35,32.95,32.35,32.8,1692910
2019-03-27,32.35,32.35,32.95,32.35,32.8,1692910
2019-03-28,32.35,32.35,32.95,32.35,32.8,1692910
2019-03-29,32.35,32.35,32.95,32.35,32.8,1692910
2019-04-01,32.35,32.35,32.95,32.35,32.8,1692910
2019-04-02,32.35,32.35,32.95,32.35,32.8,1692910
2019-04-03,32.35,32.35,32.95,32.35,32.8,1692910
2019-04-08,32.35,32.35,32.95,32.35,32.8,1692910
2019-04-09,32.35,32.35,32.95,32.35,32.8,1692910
2019-04-10,32.35,32.35,32.95,32.35,32.8,1692910
2019-04-11,32.35,32.35,32.95,32.35,32.8,1692910
2019-04-12,32.35,32.35,32.95,32.35,32.8,1692910
2019-04-15,32.35,32.35,32.95,32.35,32.8,1692910
2019-04-16,32.35,32.35,32.95,32.35,32.8,1692910
2019-04-17,32.35,32.35,32.95,32.35,32.8,1692910
2019-04-18,32.35,32.35,32.95,32.35,32.8,1692910
2019-04-19,32.35,32.35,32.95,32.35,32.8,1692910
2019-04-22,32.35,32.35,32.95,32.35,32.8,1692910
2019-04-23,32.35,32.35,32.95,32.35,32.8,1692910
2019-04-24,32.35,32.35,32.95,32.35,32.8,1692910
2019-04-25,32.35,32.35,32.95,32.35,32.8,1692910
2019-04-26,32.35,32.35,32.95,32.35,32.8,1692910
2019-04-29,32.35,32.35,32.95,32.35,32.8,1692910
2019-04-30,32.35,32.35,32.95,32.35,32.8,1692910
2019-05-02,32.35,32.35,32.95,32.35,32.8,1692910
2019-05-03,32.35,32.35,32.95,32.35,32.8,1692910
2019-05-06,32.35,32.35,32.95,32.35,32.8,1692910
2019-05-07,32.35,32.35,32.95,32.35,32.8,1692910
2019-05-08,32.35,32.35,32.95,32.35,32.8,1692910
2019-05-09,32.35,32.35,32.95,32.35,32.8,1692910
2019-05-10,32.35,32.35,32.95,32.35,32.8,1692910
2019-05-13,32.35,32.35,32.95,32.35,32.8,1692910
2019-05-14,32.35,32.35,32.95,32.35,32.8,1692910
2019-05-15,32.35,32.35,32.95,32.35,32.8,1692910
2019-05-16,32.35,32.35,32.95,32.35,32.8,1692910
2019-05-17,32.35,32.35,32.95,32.35,32.8,1692910
2019-05-20,32.35,32.35,32.95,32.35,32.8,1692910
2019-05-21,32.35,32.35,32.95,32.35,32.8,1692910
2019-05-22,32.35,32.35,32.95,32.35,32.8,1692910
2019-05-23,32.35,32.35,32.95,32.35,32.8,1692910
2019-05-24,32.35,32.35,32.95,32.35,32.8,1692910
2019-05-27,32.35,32.35,32.95,32.35,32.8,1692910
2019-05-28,32.35,32.35,32.95,32.35,32.8,1692910
2019-05-29,32.35,32.35,32.95,32.35,32.8,1692910
2019-05-30,32.35,32.35,32.95,32.35,32.8,1692910
2019-05-31,32.35,32.35,32.95,32.35,32.8,1692910
2019-06-03,32.35,32.35,32.95,32.35,32.8,1692910
2019-06-04,32.35,32.35,32.95,32.35,32.8,1692910
2019-06-05,32.35,32.35,32.95,32.35,32.8,1692910
2019-06-06,32.35,32.35,32.95,32.35,32.8,1692910
2019-06-10,32.35,32.35,32.95,32.35,32.8,1692910
2019-06-11,32.35,32.35,32.95,32.35,32.8,1692910
2019-06-12,32.35,32.35,32.95,32.35,32.8,1692910
2019-06-13,32.35,32.35,32.95,32.35,32.8,1692910
2019-06-14,32.35,32.35,32.95,32.35,32.8,1692910
2019-06-17,32.35,32.35,32.95,32.35,32.8,1692910
2019-06-18,32.35,32.35,32.95,32.35,32.8,1692910
2019-06-19,32.35,32.35,32.95,32.35,32.8,1692910
2019-06-20,32.35,32.35,32.95,32.35,32.8,1692910
2019-06-21,32.35,32.35,32.95,32.35,32.8,1692910
2019-06-24,32.35,32.35,32.95,32.35,32.8,1692910
2019-06-25,32.35,32.35,32.95,32.35,32.8,1692910
2019-06-26,32.35,32.35,32.95,32.35,32.8,1692910
2019-06-27,32.35,32.35,32.95,32.35,32.8,1692910
2019-06-28,32.35,32.35,32.95,32.35,32.8,1692910
2019-07-01,32.35,32.35,32.95,32.35,32.8,1692910
2019-07-02,32.35,32.35,32.95,32.35,32.8,1692910
2019-07-03,32.35,32.35,32.95,32.35,32.8,1692910
2019-07-04,32.35,32.35,32.95,32.35,32.8,1692910
2019-07-05,32.35,32.35,32.95,32.35,32.8,1692910
2019-07-08,32.35,32.35,32.95,32.35,32.8,1692910
2019-07-09,32.35,32.35,32.95,32.35,32.8,1692910
2019-07-10,32.35,32.35,32.95,32.35,32.8,1692910
2019-07-11,32.35,32.35,32.95,32.35,32.8,1692910
2019-07-12,32.35,32.35,32.95,32.35,32.8,1692910
2019-07-15,32.35,32.35,32.95,32.35,32.8,1692910
2019-07-16,32.35,32.35,32.95,32.35,32.8,1692910
2019-07-17,32.35,32.35,32.95,32.35,32.8,1692910
2019-07-18,32.35,32.35,32.95,32.35,32.8,1692910
2019-07-19,32.35,32.35,32.95,32.35,32.8,1692910
2019-07-22,32.35,32.35,32.95,32.35,32.8,1692910
2019-07-23,32.35,32.35,32.95,32.35,32.8,1692910
2019-07-24,32.35,32.35,32.95,32.35,32.8,1692910
2019-07-25,32.35,32.35,32.95,32.35,32.8,1692910
2019-07-26,32.35,32.35,32.95,32.35,32.8,1692910
2019-07-29,32.35,32.35,32.95,32.35,32.8,1692910
2019-07-30,32.35,32.35,32.95,32.35,32.8,1692910
2019-07-31,32.35,32.35,32.95,32.35,32.8,1692910
2019-08-01,32.35,32.35,32.95,32.35,32.8,1692910
2019-08-02,32.35,32.35,32.95,32.35,32.8,1692910
2019-08-05,32.35,32.35,32.95,32.35,32.8,1692910
2019-08-06,32.35,32.35,32.95,32.35,32.8,1692910
2019-08-07,32.35,32.35,32.95,32.35,32.8,1692910
2019-08-08,32.35,32.35,32.95,32.35,32.8,1692910
2019-08-12,32.35,32.35,32.95,32.35,32.8,1692910
2019-08-13,32.35,32.35,32.95,32.35,32.8,1692910
2019-08-14,32.35,32.35,32.95,32.35,32.8,1692910
2019-08-15,32.35,32.35,32.95,32.35,32.8,1692910
2019-08-16,32.35,32.35,32.95,32.35,32.8,1692910
2019-08-19,32.35,32.35,32.95,32.35,32.8,1692910
2019-08-20,32.35,32.35,32.95,32.35,32.8,1692910
2019-08-21,32.35,32.35,32.95,32.35,32.8,1692910
2019-08-22,32.35,32.35,32.95,32.35,32.8,1692910
2019-08-23,32.35,32.35,32.95,32.35,32.8,1692910
2019-08-26,32.35,32.35,32.95,32.35,32.8,1692910
2019-08-27,32.35,32.35,32.95,32.35,32.8,1692910
2019-08-28,32.35,32.35,32.95,32.35,32.8,1692910
2019-08-29,32.35,32.35,32.95,32.35,32.8,1692910
2019-08-30,32.35,32.35,32.95,32.35,32.8,1692910
2019-09-02,32.35,32.35,32.95,32.35,32.8,1692910
2019-09-03,32.35,32.35,32.95,32.35,32.8,1692910
2019-09-04,32.35,32.35,32.95,32.35,32.8,1692910
2019-09-05,32.35,32.35,32.95,32.35,32.8,1692910
2019-09-06,32.35,32.35,32.95,32.35,32.8,1692910
2019-09-09,32.35,32.35,32.95,32.35,32.8,1692910
2019-09-10,32.35,32.35,32.95,32.35,32.8,1692910
2019-09-11,32.35,32.35,32.95,32.35,32.8,1692910
2019-09-12,32.35,32.35,32.95,32.35,32.8,1692910
2019-09-16,32.35,32.35,32.95,32.35,32.8,1692910
2019-09-17,32.35,32.35,32.95,32.35,32.8,1692910
2019-09-18,32.35,32.35,32.95,32.35,32.8,1692910
2019-09-19,32.35,32.35,32.95,32.35,32.8,1692910
2019-09-20,32.35,32.35,32.95,32.35,32.8,1692910
2019-09-23,32.35,32.35,32.95,32.35,32.8,1692910
2019-09-24,32.35,32.35,32.95,32.35,32.8,1692910
2019-09-25,32.35,32.35,32.95,32.35,32.8,1692910
2019-09-26,32.35,32.35,32.95,32.35,32.8,1692910
2019-09-27,32.35,32.35,32.95,32.35,32.8,1692910
2019-10-01,32.35,32.35,32.95,32.35,32.8,1692910
2019-10-02,32.35,32.35,32.95,32.35,32.8,1692910
2019-10-03,32.35,32.35,32.95,32.35,32.8,1692910
2019-10-04,32.35,32.35,32.95,32.35,32.8,1692910
2019-10-07,32.35,32.35,32.95,32.35,32.8,1692910
2019-10-08,32.35,32.35,32.95,32.35,32.8,1692910
2019-10-09,32.35,32.35,32.95,32.35,32.8,1692910
2019-10-14,32.35,32.35,32.95,32.35,32.8,1692910
2019-10-15,32.35,32.35,32.95,32.35,32.8,1692910
2019-10-16,32.35,32.35,32.95,32.35,32.8,1692910
2019-10-17,32.35,32.35,32.95,32.35,32.8,1692910
2019-10-18,32.35,32.35,32.95,32.35,32.8,1692910
2019-10-21,32.35,32.35,32.95,32.35,32.8,1692910
2019-10-22,32.35,32.35,32.95,32.35,32.8,1692910
2019-10-23,32.35,32.35,32.95,32.35,32.8,1692910
2019-10-24,32.35,32.35,32.95,32.35,32.8,1692910
2019-10-25,32.35,32.35,32.95,32.35,32.8,1692910
2019-10-28,32.35,32.35,32.95,32.35,32.8,1692910
2019-10-29,32.35,32.35,32.95,32.35,32.8,1692910
2019-10-30,32.35,32.35,32.95,32.35,32.8,1692910
2019-10-31,32.35,32.35,32.95,32.35,32.8,1692910
2019-11-01,32.35,32.35,32.95,32.35,32.8,1692910
2019-11-04,32.35,32.35,32.95,32.35,32.8,1692910
2019-11-05,32.35,32.35,32.95,32.35,32.8,1692910
2019-11-06,32.35,32.35,32.95,32.35,32.8,1692910
2019-11-07,32.35,32.35,32.95,32.35,32.8,1692910
2019-11-08,32.35,32.35,32.95,32.35,32.8,1692910
2019-11-11,32.35,32.35,32.95,32.35,32.8,1692910
2019-11-12,32.35,32.35,32.95,32.35,32.8,1692910
2019-11-13,32.35,32.35,32.95,32.35,32.8,1692910
2019-11-14,32.35,32.35,32.95,32.35,32.8,1692910
2019-11-20,32.35,32.35,32.95,32.35,32.8,1692910
2019-11-21,32.35,32.35,32.95,32.35,32.8,1692910
2019-11-22,32.35,32.35,32.95,32.35,32.8,1692910
2019-11-25,32.35,32.35,32.95,32.35,32.8,1692910
2019-11-26,32.35,32.35,32.95,32.35,32.8,1692910
2019-11-27,32.35,32.35,32.95,32.35,32.8,1692910
2019-11-28,32.35,32.35,32.95,32.35,32.8,1692910
2019-11-29,32.35,32.35,32.95,32.35,32.8,1692910
2019-12-02,32.35,32.35,32.95,32.35,32.8,1692910
2019-12-03,32.35,32.35,32.95,32.35,32.8,1692910
2019-12-04,32.35,32.35,32.95,32.35,32.8,1692910
2019-12-05,32.35,32.35,32.95,32.35,32.8,1692910
2019-12-06,32.35,32.35,32.95,32.35,32.8,1692910
2019-12-09,32.35,32.35,32.95,32.35,32.8,1692910
2019-12-10,32.35,32.35,32.95,32.35,32.8,1692910
2019-12-11,32.35,32.35,32.95,32.35,32.8,1692910
2019-12-12,32.35,32.35,32.95,32.35,32.8,1692910
2019-12-13,32.35,32.35,32.95,32.35,32.8,1692910
2019-12-16,32.35,32.35,32.95,32.35,32.8,1692910
2019-12-17,32.35,32.35,32.95,32.35,32.8,1692910
2019-12-18,32.35,32.35,32.95,32.35,32.8,1692910
2019-12-19,32.35,32.35,32.95,32.35,32.8,1692910
2019-12-20,32.35,32.35,32.95,32.35,32.8,1692910
2019-12-23,32.35,32.35,32.95,32.35,32.8,1692910
2019-12-24,32.35,32.35,32.95,32.35,32.8,1692910
2019-12-25,32.35,32.35,32.95,32.35,32.8,1692910
2019-12-26,32.35,32.35,32.95,32.35,32.8,1692910
2019-12-27,32.35,32.35,32.95,32.35,32.8,1692910
2019-12-30,32.35,32.35,32.95,32.35,32.8,1692910
2019-12-31,32.35,32.35,32.95,32.35,32.8,1692910
2020-01-02,32.35,32.35,32.95,32.35,32.8,1692910
2020-01-03,32.35,32.35,32.95,32.35,32.8,1692910
2020-01-06,32.35,32.35,32.95,32.35,32.8,1692910
2020-01-07,32.35,32.35,32.95,32.35,32.8,1692910
2020-01-08,32.35,32.35,32.95,32.35,32.8,1692910
2020-01-09,32.35,32.35,32.95,32.35,32.8,1692910
2020-01-10,32.35,32.35,32.95,32.35,32.8,1692910
2020-01-13,32.35,32.35,32.95,32.35,32.8,1692910
2020-01-14,32.35,32.35,32.95,32.35,32.8,1692910
2020-01-15,32.35,32.35,32.95,32.35,32.8,1692910
2020-01-16,32.35,32.35,32.95,32.35,32.8,1692910
2020-01-17,32.35,32.35,32.95,32.35,32.8,1692910
2020-01-20,32.35,32.35,32.95,32.35,32.8,1692910
2020-01-30,32.35,32.35,32.95,32.35,32.8,1692910
2020-01-31,32.35,32.35,32.95,32.35,32.8,1692910
2020-02-03,32.35,32.35,32.95,32.35,32.8,1692910
2020-02-04,32.35,32.35,32.95,32.35,32.8,1692910
2020-02-05,32.35,32.35,32.95,32.35,32.8,1692910
2020-02-06,32.35,32.35,32.95,32.35,32.8,1692910
2020-02-07,32.35,32.35,32.95,32.35,32.8,1692910
2020-02-10,32.35,32.35,32.95,32.35,32.8,1692910
2020-02-11,32.35,32.35,32.95,32.35,32.8,1692910
2020-02-12,32.35,32.35,32.95,32.35,32.8,1692910
2020-02-13,32.35,32.35,32.95,32.35,32.8,1692910
2020-02-14,32.35,32.35,32.95,32.35,32.8,1692910
2020-02-17,32.35,32.35,32.95,32.35,32.8,1692910
2020-02-18,32.35,32.35,32.95,32.35,32.8,1692910
2020-02-19,32.35,32.35,32.95,32.35,32.8,1692910
2020-02-20,32.35,32.35,32.95,32.35,32.8,1692910
2020-02-21,32.35,32.35,32.95,32.35,32.8,1692910
2020-02-24,32.35,32.35,32.95,32.35,32.8,1692910
2020-02-25,32.35,32.35,32.95,32.35,32.8,1692910
2020-02-26,32.35,32.35,32.95,32.35,32.8,1692910
2020-02-27,32.35,32.35,32.95,32.35,32.8,1692910
2020-03-02,32.35,32.35,32.95,32.35,32.8,1692910
2020-03-03,32.35,32.35,32.95,32.35,32.8,1692910
2020-03-04,32.35,32.35,32.95,32.35,32.8,1692910
2020-03-05,32.35,32.35,32.95,32.35,32.8,1692910
2020-03-06,32.35,32.35,32.95,32.35,32.8,1692910
2020-03-09,32.35,32.35,32.95,32.35,32.8,1692910
2020-03-10,32.35,32.35,32.95,32.35,32.8,1692910
2020-03-11,32.35,32.35,32.95,32.35,32.8,1692910
2020-03-12,32.35,32.35,32.95,32.35,32.8,1692910
2020-03-13,32.35,32.35,32.95,32.35,32.8,1692910
2020-03-16,32.35,32.35,32.95,32.35,32.8,1692910
2020-03-17,32.35,32.35,32.95,32.35,32.8,1692910
2020-03-18,32.35,32.35,32.95,32.35,32.8,1692910
2020-03-19,32.35,32.35,32.95,32.35,32.8,1692910
2020-03-20,32.35,32.35,32.95,32.35,32.8,1692910
2020-03-23,32.35,32.35,32.95,32.35,32.8,1692910
2020-03-24,32.35,32.35,32.95,32.35,32.8,1692910
2020-03-25,32.35,32.35,32.95,32.35,32.8,1692910
2020-03-26,32.35,32.35,32.95,32.35,32.8,1692910
2020-03-27,32.35,32.35,32.95,32.35,32.8,1692910
2020-03-30,32.35,32.35,32.95,32.35,32.8,1692910
2020-03-31,32.35,32.35,32.95,32.35,32.8,1692910
2020-04-01,32.35,32.35,32.95,32.35,32.8,1692910
2020-04-07,32.35,32.35,32.95,32.35,32.8,1692910
2020-04-08,32.35,32.35,32.95,32.35,32.8,1692910
2020-04-09,32.35,32.35,32.95,32.35,32.8,1692910
2020-04-10,32.35,32.35,32.95,32.35,32.8,1692910
2020-04-13,32.35,32.35,32.95,32.35,32.8,1692910
2020-04-14,32.35,32.35,32.95,32.35,32.8,1692910
2020-04-15,32.35,32.35,32.95,32.35,32.8,1692910
2020-04-16,32.35,32.35,32.95,32.35,32.8,1692910
2020-04-17,32.35,32.35,32.95,32.35,32.8,1692910
2020-04-20,32.35,32.35,32.95,32.35,32.8,1692910
2020-04-21,32.35,32.35,32.95,32.35,32.8,1692910
2020-04-22,32.35,32.35,32.95,32.35,32.8,1692910
2020-04-23,32.35,32.35,32.95,32.35,32.8,1692910
2020-04-24,32.35,32.35,32.95,32.35,32.8,1692910
2020-04-27,32.35,32.35,32.95,32.35,32.8,1692910
2020-04-28,32.35,32.35,32.95,32.35,32.8,1692910
2020-04-29,32.35,32.35,32.95,32.35,32.8,1692910
2020-05-04,32.35,32.35,32.95,32.35,32.8,1692910
2020-05-05,32.35,32.35,32.95,32.35,32.8,1692910
2020-05-06,32.35,32.35,32.95,32.35,32.8,1692910
2020-05-07,32.35,32.35,32.95,32.35,32.8,1692910
2020-05-08,32.35,32.35,32.95,32.35,32.8,1692910
2020-05-11,32.35,32.35,32.95,32.35,32.8,1692910
2020-05-12,32.35,32.35,32.95,32.35,32.8,1692910
2020-05-13,32.35,32.35,32.95,32.35,32.8,1692910
2020-05-14,32.35,32.35,32.95,32.35,32.8,1692910
2020-05-15,32.35,32.35,32.95,32.35,32.8,1692910
2020-05-18,32.35,32.35,32.95,32.35,32.8,1692910
2020-05-19,32.35,32.35,32.95,32.35,32.8,1692910
2020-05-20,32.35,32.35,32.95,32.35,32.8,1692910
2020-05-21,32.35,32.35,32.95,32.35,32.8,1692910
2020-05-22,32.35,32.35,32.95,32.35,32.8,1692910
2020-05-25,32.35,32.35,32.95,32.35,32.8,1692910
2020-05-26,32.35,32.35,32.95,32.35,32.8,1692910
2020-05-27,32.35,32.35,32.95,32.35,32.8,1692910
2020-05-28,32.35,32.35,32.95,32.35,32.8,1692910
2020-05-29,32.35,32.35,32.95,32.35,32.8,1692910
2020-06-01,32.35,32.35,32.95,32.35,32.8,1692910
2020-06-02,32.35,32.35,32.95,32.35,32.8,1692910
2020-06-03,32.35,32.35,32.95,32.35,32.8,1692910
2020-06-04,32.35,32.35,32.95,32.35,32.8,1692910
2020-06-05,32.35,32.35,32.95,32.35,32.8,1692910
2020-06-08,32.35,32.35,32.95,32.35,32.8,1692910
2020-06-09,32.35,32.35,32.95,32.35,32.8,1692910
2020-06-10,32.35,32.35,32.95,32.35,32.8,1692910
2020-06-11,32.35,32.35,32.95,32.35,32.8,1692910
2020-06-12,32.35,32.35,32.95,32.35,32.8,1692910
2020-06-15,32.35,32.35,32.95,32.35,32.8,1692910
2020-06-16,32.35,32.35,32.95,32.35,32.8,1692910
2020-06-17,32.35,32.35,32.95,32.35,32.8,1692910
2020-06-18,32.35,32.35,32.95,32.35,32.8,1692910
2020-06-19,32.35,32.35,32.95,32.35,32.8,1692910
2020-06-22,32.35,32.35,32.95,32.35,32.8,1692910
2020-06-23,32.35,32.35,32.95,32.35,32.8,1692910
2020-06-24,32.35,32.35,32.95,32.35,32.8,1692910
2020-06-29,32.35,32.35,32.95,32.35,32.8,1692910
2020-06-30,32.35,32.35,32.95,32.35,32.8,1692910
2020-07-01,32.35,32.35,32.95,32.35,32.8,1692910
2020-07-02,32.35,32.35,32.95,32.35,32.8,1692910
2020-07-03,32.35,32.35,32.95,32.35,32.8,1692910
2020-07-06,32.35,32.35,32.95,32.35,32.8,1692910
2020-07-07,32.35,32.35,32.95,32.35,32.8,1692910
2020-07-08,32.35,32.35,32.95,32.35,32.8,1692910
2020-07-09,32.35,32.35,32.95,32.35,32.8,1692910
2020-07-10,32.35,32.35,32.95,32.35,32.8,1692910
2020-07-13,32.35,32.35,32.95,32.35,32.8,1692910
2020-07-14,32.35,32.35,32.95,32.35,32.8,1692910
2020-07-15,32.35,32.35,32.95,32.35,32.8,1692910
2020-07-16,32.35,32.35,32.95,32.35,32.8,1692910
2020-07-17,32.35,32.35,32.95,32.35,32.8,1692910
2020-07-20,32.35,32.35,32.95,32.35,32.8,1692910
2020-07-21,32.35,32.35,32.95,32.35,32.8,1692910
2020-07-22,32.35,32.35,32.95,32.35,32.8,1692910
2020-07-23,32.35,32.35,32.95,32.35,32.8,1692910
2020-07-24,32.35,32.35,32.95,32.35,32.8,1692910
2020-07-27,32.35,32.35,32.95,32.35,32.8,1692910
2020-07-28,32.35,32.35,32.95,32.35,32.8,1692910
2020-07-29,32.35,32.35,32.95,32.35,32.8,1692910
2020-07-30,32.35,32.35,32.95,32.35,32.8,1692910
2020-07-31,32.35,32.35,32.95,32.35,32.8,1692910
2020-08-03,32.35,32.35,32.95,32.35,32.8,1692910
2020-08-04,32.35,32.35,32.95,32.35,32.8,1692910
2020-08-05,32.35,32.35,32.95,32.35,32.8,1692910
2020-08-06,32.35,32.35,32.95,32.35,32.8,1692910
2020-08-07,32.35,32.35,32.95,32.35,32.8,1692910
2020-08-10,32.35,32.35,32.95,32.35,32.8,1692910
2020-08-11,32.35,32.35,32.95,32.35,32.8,1692910
2020-08-12,32.35,32.35,32.95,32.35,32.8,1692910
2020-08-13,32.35,32.35,32.95,32.35,32.8,1692910
2020-08-14,32.35,32.35,32.95,32.35,32.8,1692910
2020-08-17,32.35,32.35,32.95,32.35,32.8,1692910
2020-08-18,32.35,32.35,32.95,32.35,32.8,1692910
2020-08-19,32.35,32.35,32.95,32.35,32.8,1692910
2020-08-20,32.35,32.35,32.95,32.35,32.8,1692910
2020-08-21,32.35,32.35,32.95,32.35,32.8,1692910
2020-08-24,32.35,32.35,32.95,32.35,32.8,1692910
2020-08-25,32.35,32.35,32.95,32.35,32.8,1692910
2020-08-26,32.35,32.35,32.95,32.35,32.8,1692910
2020-08-27,32.35,32.35,32.95,32.35,32.8,1692910
2020-08-28,32.35,32.35,32.95,32.35,32.8,1692910
2020-08-31,32.35,32.35,32.95,32.35,32.8,1692910
2020-09-01,32.35,32.35,32.95,32.35,32.8,1692910
2020-09-02,32.35,32.35,32.95,32.35,32.8,1692910
2020-09-03,32.35,32.35,32.95,32.35,32.8,1692910
2020-09-04,32.35,32.35,32.95,32.35,32.8,1692910
2020-09-07,32.35,32.35,32.95,32.35,32.8,1692910
2020-09-08,32.35,32.35,32.95,32.35,32.8,1692910
2020-09-09,32.35,32.35,32.95,32.35,32.8,1692910
2020-09-10,32.35,32.35,32.95,32.35,32.8,1692910
2020-09-11,32.35,32.35,32.95,32.35,32.8,1692910
2020-09-14,32.35,32.35,32.95,32.35,32.8,1692910
2020-09-15,32.35,32.35,32.95,32.35,32.8,1692910
2020-09-16,32.35,32.35,32.95,32.35,32.8,1692910
2020-09-17,32.35,32.35,32.95,32.35,32.8,1692910
2020-09-18,32.35,32.35,32.95,32.35,32.8,1692910
2020-09-21,32.35,32.35,32.95,32.35,32.8,1692910
2020-09-22,32.35,32.35,32.95,32.35,32.8,1692910
2020-09-23,32.35,32.35,32.95,32.35,32.8,1692910
2020-09-24,32.35,32.35,32.95,32.35,32.8,1692910
2020-09-25,32.35,32.35,32.95,32.35,32.8,1692910
2020-09-28,32.35,32.35,32.95,32.35,32.8,1692910
2020-09-29,32.35,32.35,32.95,32.35,32.8,1692910
2020-09-30,32.35,32.35,32.95,32.35,32.8,1692910
2020-10-05,32.35,32.35,32.95,32.35,32.8,1692910
2020-10-06,32.35,32.35,32.95,32.35,32.8,1692910
2020-10-07,32.35,32.35,32.95,32.35,32.8,1692910
2020-10-08,32.35,32.35,32.95,32.35,32.8,1692910
2020-10-12,32.35,32.35,32.95,32.35,32.8,1692910
2020-10-13,32.35,32.35,32.95,32.35,32.8,1692910
2020-10-14,32.35,32.35,32.95,32.35,32.8,1692910
2020-10-15,32.35,32.35,32.95,32.35,32.8,1692910
2020-10-16,32.35,32.35,32.95,32.35,32.8,1692910
2020-10-19,32.35,32.35,32.95,32.35,32.8,1692910
2020-10-20,32.35,32.35,32.95,32.35,32.8,1692910
2020-10-21,32.35,32.35,32.95,32.35,32.8,1692910
2020-10-22,32.35,32.35,32.95,32.35,32.8,1692910
2020-10-23,32.35,32.35,32.95,32.35,32.8,1692910
2020-10-26,32.35,32.35,32.95,32.35,32.8,1692910
2020-10-27,32.35,32.35,32.95,32.35,32.8,1692910
2020-10-28,32.35,32.35,32.95,32.35,32.8,1692910
2020-10-29,32.35,32.35,32.95,32.35,32.8,1692910
2020-10-30,32.35,32.35,32.95,32.35,32.8,1692910
2020-11-02,32.35,32.35,32.95,32.35,32.8,1692910
2020-11-03,32.35,32.35,32.95,32.35,32.8,1692910
2020-11-04,32.35,32.35,32.95,32.35,32.8,1692910
2020-11-05,32.35,32.35,32.95,32.35,32.8,1692910
2020-11-06,32.35,32.35,32.95,32.35,32.8,1692910
2020-11-09,32.35,32.35,32.95,32.35,32.8,1692910
2020-11-10,32.35,32.35,32.95,32.35,32.8,1692910
2020-11-11,32.35,32.35,32.95,32.35,32.8,1692910
2020-11-12,32.35,32.35,32.95,32.35,32.8,1692910
2020-11-13,32.35,32.35,32.95,32.35,32.8,1692910
2020-11-16,32.35,32.35,32.95,32.35,32.8,1692910
2020-11-17,32.35,32.35,32.95,32.35,32.8,1692910
2020-11-18,32.35,32.35,32.95,32.35,32.8,1692910
2020-11-19,32.35,32.35,32.95,32.35,32.8,1692910
2020-11-20,32.35,32.35,32.95,32.35,32.8,1692910
2020-11-23,32.35,32.35,32.95,32.35,32.8,1692910
2020-11-24,32.35,32.35,32.95,32.35,32.8,1692910
2020-11-25,32.35,32.35,32.95,32.35,32.8,1692910
2020-11-26,32.35,32.35,32.95,32.35,32.8,1692910
2020-11-27,32.35,32.35,32.95,32.35,32.8,1692910
2020-11-30,32.35,32.35,32.95,32.35,32.8,1692910
2020-12-01,32.35,32.35,32.95,32.35,32.8,1692910
2020-12-02,32.35,32.35,32.95,32.35,32.8,1692910
2020-12-04,32.35,32.35,32.95,32.35,32.8,1692910
2020-12-07,32.35,32.35,32.95,32.35,32.8,1692910
2020-12-08,32.35,32.35,32.95,32.35,32.8,1692910
2020-12-09,32.35,32.35,32.95,32.35,32.8,1692910
2020-12-10,32.35,32.35,32.95,32.35,32.8,1692910
2020-12-11,32.35,32.35,32.95,32.35,32.8,1692910
2020-12-14,32.35,32.35,32.95,32.35,32.8,1692910
2020-12-15,32.35,32.35,32.95,32.35,32.8,1692910
2020-12-16,32.35,32.35,32.95,32.35,32.8,1692910
2020-12-17,32.35,32.35,32.95,32.35,32.8,1692910
2020-12-18,32.35,32.35,32.95,32.35,32.8,1692910
2020-12-21,32.35,32.35,32.95,32.35,32.8,1692910
2020-12-22,32.35,32.35,32.95,32.35,32.8,1692910
2020-12-23,32.35,32.35,32.95,32.35,32.8,1692910
2020-12-24,32.35,32.35,32.95,32.35,32.8,1692910
2020-12-25,32.35,32.35,32.95,32.35,32.8,1692910
2020-12-28,32.35,32.35,32.95,32.35,32.8,1692910
2020-12-29,32.35,32.35,32.95,32.35,32.8,1692910
2020-12-30,32.35,32.35,32.95,32.35,32.8,1692910
2020-12-31,32.35,32.35,32.95,32.35,32.8,1692910
2021-01-04,32.35,32.35,32.95,32.35,32.8,1692910
2021-01-05,32.35,32.35,32.95,32.35,32.8,1692910
2021-01-06,32.35,32.35,32.95,32.35,32.8,1692910
2021-01-07,32.35,32.35,32.95,32.35,32.8,1692910
2021-01-08,32.35,32.35,32.95,32.35,32.8,1692910
2021-01-11,32.35,32.35,32.95,32.35,32.8,1692910
2021-01-12,32.35,32.35,32.95,32.35,32.8,1692910
2021-01-13,32.35,32.35,32.95,32.35,32.8,1692910
2021-01-14,32.35,32.35,32.95,32.35,32.8,1692910
2021-01-15,32.35,32.35,32.95,32.35,32.8,1692910
2021-01-18,32.35,32.35,32.95,32.35,32.8,1692910
2021-01-19,32.35,32.35,32.95,32.35,32.8,1692910
2021-01-20,32.35,32.35,32.95,32.35,32.8,1692910
2021-01-21,32.35,32.35,32.95,32.35,32.8,1692910
2021-01-22,32.35,32.35,32.95,32.35,32.8,1692910
2021-01-25,32.35,32.35,32.95,32.35,32.8,1692910
2021-01-26,32.35,32.35,32.95,32.35,32.8,1692910
2021-01-27,32.35,32.35,32.95,32.35,32.8,1692910
2021-01-28,32.35,32.35,32.95,32.35,32.8,1692910
2021-01-29,32.35,32.35,32.95,32.35,32.8,1692910
2021-02-01,32.35,32.35,32.95,32.35,32.8,1692910
2021-02-02,32.35,32.35,32.95,32.35,32.8,1692910
2021-02-03,32.35,32.35,32.95,32.35,32.8,1692910
2021-02-04,32.35,32.35,32.95,32.35,32.8,1692910
2021-02-05,32.35,32.35,32.95,32.35,32.8,1692910
2021-02-17,32.35,32.35,32.95,32.35,32.8,1692910
2021-02-18,32.35,32.35,32.95,32.35,32.8,1692910
2021-02-19,32.35,32.35,32.95,32.35,32.8,1692910
2021-02-22,32.35,32.35,32.95,32.35,32.8,1692910
2021-02-23,32.35,32.35,32.95,32.35,32.8,1692910
2021-02-24,32.35,32.35,32.95,32.35,32.8,1692910
2021-02-25,32.35,32.35,32.95,32.35,32.8,1692910
2021-02-26,32.35,32.35,32.95,32.35,32.8,1692910
2021-03-02,32.35,32.35,32.95,32.35,32.8,1692910
2021-03-03,32.35,32.35,32.95,32.35,32.8,1692910
2021-03-04,32.35,32.35,32.95,32.35,32.8,1692910
2021-03-05,32.35,32.35,32.95,32.35,32.8,1692910
2021-03-08,32.35,32.35,32.95,32.35,32.8,1692910
2021-03-09,32.35,32.35,32.95,32.35,32.8,1692910
2021-03-10,32.35,32.35,32.95,32.35,32.8,1692910
2021-03-11,32.35,32.35,32.95,32.35,32.8,1692910
2021-03-12,32.35,32.35,32.95,32.35,32.8,1692910
2021-03-15,32.35,32.35,32.95,32.35,32.8,1692910
2021-03-16,32.35,32.35,32.95,32.35,32.8,1692910
2021-03-17,32.35,32.35,32.95,32.35,32.8,1692910
2021-03-18,32.35,32.35,32.95,32.35,32.8,1692910
2021-03-19,32.35,32.35,32.95,32.35,32.8,1692910
2021-03-22,32.35,32.35,32.95,32.35,32.8,1692910
2021-03-23,32.35,32.35,32.95,32.35,32.8,1692910
2021-03-24,32.35,32.35,32.95,32.35,32.8,1692910
2021-03-25,32.35,32.35,32.95,32.35,32.8,1692910
2021-03-26,32.35,32.35,32.95,32.35,32.8,1692910
2021-03-29,32.35,32.35,32.95,32.35,32.8,1692910
2021-03-30,32.35,32.35,32.95,32.35,32.8,1692910
2021-03-31,32.35,32.35,32.95,32.35,32.8,1692910
2021-04-01,32.35,32.35,32.95,32.35,32.8,1692910
2021-04-06,32.35,32.35,32.95,32.35,32.8,1692910
2021-04-07,32.35,32.35,32.95,32.35,32.8,1692910
2021-04-08,32.35,32.35,32.95,32.35,32.8,1692910
2021-04-09,32.35,32.35,32.95,32.35,32.8,1692910
2021-04-12,32.35,32.35,32.95,32.35,32.8,1692910
2021-04-13,32.35,32.35,32.95,32.35,32.8,1692910
2021-04-14,32.35,32.35,32.95,32.35,32.8,1692910
2021-04-15,32.35,32.35,32.95,32.35,32.8,1692910
2021-04-16,32.35,32.35,32.95,32.35,32.8,1692910
2021-04-19,32.35,32.35,32.95,32.35,32.8,1692910
2021-04-20,32.35,32.35,32.95,32.35,32.8,1692910
2021-04-21,32.35,32.35,32.95,32.35,32.8,1692910
2021-04-22,32.35,32.35,32.95,32.35,32.8,1692910
2021-04-23,32.35,32.35,32.95,32.35,32.8,1692910
2021-04-26,32.35,32.35,32.95,32.35,32.8,1692910
2021-04-27,32.35,32.35,32.95,32.35,32.8,1692910
2021-04-28,32.35,32.35,32.95,32.35,32.8,1692910
2021-04-29,32.35,32.35,32.95,32.35,32.8,1692910
2021-05-03,32.35,32.35,32.95,32.35,32.8,1692910
2021-05-04,32.35,32.35,32.95,32.35,32.8,1692910
2021-05-05,32.35,32.35,32.95,32.35,32.8,1692910
2021-05-06,32.35,32.35,32.95,32.35,32.8,1692910
2021-05-07,32.35,32.35,32.95,32.35,32.8,1692910
2021-05-10,32.35,32.35,32.95,32.35,32.8,1692910
2021-05-11,32.35,32.35,32.95,32.35,32.8,1692910
2021-05-12,32.35,32.35,32.95,32.35,32.8,1692910
2021-05-13,32.35,32.35,32.95,32.35,32.8,1692910
2021-05-14,32.35,32.35,32.95,32.35,32.8,1692910
2021-05-17,32.35,32.35,32.95,32.35,32.8,1692910
2021-05-18,32.35,32.35,32.95,32.35,32.8,1692910
2021-05-19,32.35,32.35,32.95,32.35,32.8,1692910
2021-05-20,32.35,32.35,32.95,32.35,32.8,1692910
2021-05-21,32.35,32.35,32.95,32.35,32.8,1692910
2021-05-24,32.35,32.35,32.95,32.35,32.8,1692910
2021-05-25,32.35,32.35,32.95,32.35,32.8,1692910
2021-05-26,32.35,32.35,32.95,32.35,32.8,1692910
2021-05-27,32.35,32.35,32.95,32.35,32.8,1692910
2021-05-28,32.35,32.35,32.95,32.35,32.8,1692910
2021-05-31,32.35,32.35,32.95,32.35,32.8,1692910
2021-06-01,32.35,32.35,32.95,32.35,32.8,1692910
2021-06-02,32.35,32.35,32.95,32.35,32.8,1692910
2021-06-03,32.35,32.35,32.95,32.35,32.8,1692910
2021-06-04,32.35,32.35,32.95,32.35,32.8,1692910
2021-06-07,32.35,32.35,32.95,32.35,32.8,1692910
2021-06-08,32.35,32.35,32.95,32.35,32.8,1692910
2021-06-09,32.35,32.35,32.95,32.35,32.8,1692910
2021-06-10,32.35,32.35,32.95,32.35,32.8,1692910
2021-06-11,32.35,32.35,32.95,32.35,32.8,1692910
2021-06-15,32.35,32.35,32.95,32.35,32.8,1692910
2021-06-16,32.35,32.35,32.95,32.35,32.8,1692910
2021-06-17,32.35,32.35,32.95,32.35,32.8,1692910
2021-06-18,32.35,32.35,32.95,32.35,32.8,1692910
2021-06-21,32.35,32.35,32.95,32.35,32.8,1692910
2021-06-22,32.35,32.35,32.95,32.35,32.8,1692910
2021-06-23,32.35,32.35,32.95,32.35,32.8,1692910
2021-06-24,32.35,32.35,32.95,32.35,32.8,1692910
2021-06-25,32.35,32.35,32.95,32.35,32.8,1692910
2021-06-28,32.35,32.35,32.95,32.35,32.8,1692910
2021-06-29,32.35,32.35,32.95,32.35,32.8,1692910
2021-06-30,32.35,32.35,32.95,32.35,32.8,1692910
2021-07-01,32.35,32.35,32.95,32.35,32.8,1692910
2021-07-02,32.35,32.35,32.95,32.35,32.8,1692910
2021-07-05,32.35,32.35,32.95,32.35,32.8,1692910
2021-07-06,32.35,32.35,32.95,32.35,32.8,1692910
2021-07-07,32.35,32.35,32.95,32.35,32.8,1692910
2021-07-08,32.35,32.35,32.95,32.35,32.8,1692910
2021-07-09,32.35,32.35,32.95,32.35,32.8,1692910
2021-07-12,32.35,32.35,32.95,32.35,32.8,1692910
2021-07-13,32.35,32.35,32.95,32.35,32.8,1692910
2021-07-14,32.35,32.35,32.95,32.35,32.8,1692910
2021-07-15,32.35,32.35,32.95,32.35,32.8,1692910
2021-07-16,32.35,32.35,32.95,32.35,32.8,1692910
2021-07-19,32.35,32.35,32.95,32.35,32.8,1692910
2021-07-20,32.35,32.35,32.95,32.35,32.8,1692910
2021-07-21,32.35,32.35,32.95,32.35,32.8,1692910
2021-07-22,32.35,32.35,32.95,32.35,32.8,1692910
2021-07-23,32.35,32.35,32.95,32.35,32.8,1692910
2021-07-26,32.35,32.35,32.95,32.35,32.8,1692910
2021-07-27,32.35,32.35,32.95,32.35,32.8,1692910
2021-07-28,32.35,32.35,32.95,32.35,32.8,1692910
2021-07-29,32.35,32.35,32.95,32.35,32.8,1692910
2021-07-30,32.35,32.35,32.95,32.35,32.8,1692910
2021-08-02,32.35,32.35,32.95,32.35,32.8,1692910
2021-08-03,32.35,32.35,32.95,32.35,32.8,1692910
2021-08-04,32.35,32.35,32.95,32.35,32.8,1692910
2021-08-05,32.35,32.35,32.95,32.35,32.8,1692910
2021-08-06,32.35,32.35,32.95,32.35,32.8,1692910
2021-08-09,70.6,70.6,72.4,70.6,71.5,2584000
2021-08-10,69.3,69.3,70.9,69.1,70.9,1939000
2021-08-11,68.5,68.5,69.5,67.5,69.3,2405000
2021-08-12,68.5,68.5,68.6,68.0,68.4,884000
2021-08-13,69.4,69.4,71.7,69.1,70.2,6485000
2021-08-16,68.9,68.9,70.7,68.1,70.1,2429000
2021-08-17,68.0,68.0,69.3,67.9,68.9,1331000
2021-08-18,69.0,69.0,69.0,67.3,68.0,1432000
2021-08-19,67.5,67.5,69.3,67.4,68.8,1491000
2021-08-20,67.3,67.3,68.1,67.1,67.5,964000
2021-08-23,68.0,68.0,68.4,67.2,67.9,998000
2021-08-24,68.0,68.0,68.6,67.9,68.4,635000
2021-08-25,69.0,69.0,69.2,68.1,68.3,682000
2021-08-26,70.0,70.0,70.0,68.6,69.2,1759000
2021-08-27,69.8,69.8,70.6,69.6,70.2,1410000
2021-08-30,70.4,70.4,70.6,70.0,70.0,1124000
2021-08-31,71.0,71.0,71.6,70.6,70.6,2343000
2021-09-01,71.5,71.5,71.8,70.8,71.2,2279000
2021-09-02,72.5,72.5,73.5,71.6,71.6,6567000
2021-09-03,73.0,73.0,73.6,72.2,72.9,3335000
2021-09-06,71.1,71.1,73.8,71.0,73.8,3417000
2021-09-07,73.0,73.0,73.0,70.7,71.5,3263000
2021-09-08,71.7,71.7,73.4,71.5,73.4,2274000
2021-09-09,71.1,71.1,71.7,70.6,71.4,2459000
2021-09-10,71.6,71.6,71.9,71.0,71.9,3971000
2021-09-13,64.8,64.8,65.0,63.1,64.0,3419000
2021-09-14,64.3,64.3,65.0,64.3,64.9,1434000
2021-09-15,63.4,63.4,64.2,63.2,64.2,1707000
2021-09-16,62.5,62.5,63.7,62.4,63.6,1782000
2021-09-17,62.2,62.2,62.9,62.1,62.6,1079000
2021-09-22,61.1,61.1,61.9,60.7,61.4,1398000
2021-09-23,61.8,61.8,62.1,61.3,61.8,789000
2021-09-24,61.9,61.9,62.6,61.8,62.0,1034000
2021-09-27,61.7,61.7,62.2,61.4,62.2,1097000
2021-09-28,61.5,61.5,62.0,61.4,62.0,558000
2021-09-29,60.7,60.7,61.2,60.6,61.1,1120000
2021-09-30,60.9,60.9,61.1,60.6,60.7,573000
2021-10-01,59.4,59.4,60.7,59.0,60.7,1879000
2021-10-04,57.2,57.2,60.0,57.2,59.9,1832000
2021-10-05,57.7,57.7,58.1,55.6,56.8,1254000
2021-10-06,56.6,56.6,58.1,56.4,58.1,1137000
2021-10-07,57.3,57.3,57.4,56.9,57.2,585000
2021-10-08,57.0,57.0,57.6,56.9,57.4,707000
2021-10-12,55.8,55.8,57.0,55.8,57.0,1103000
2021-10-13,55.7,55.7,56.7,55.5,56.0,835000
2021-10-14,59.8,59.8,59.9,56.7,57.1,2104000
2021-10-15,59.4,59.4,59.6,58.3,59.5,1789000
2021-10-18,58.9,58.9,59.5,58.7,59.3,801000
2021-10-19,60.6,60.6,60.9,59.2,59.3,1842000
2021-10-20,59.4,59.4,60.3,59.4,60.3,1322000
2021-10-21,59.0,59.0,59.6,58.9,59.4,871000
2021-10-22,58.6,58.6,59.3,58.6,59.0,667000
2021-10-25,58.6,58.6,58.6,58.1,58.4,590000
2021-10-26,59.3,59.3,59.4,58.8,58.8,897000
2021-10-28,65.2,65.2,65.2,65.2,65.2,971000
2021-10-29,66.5,66.5,68.7,65.7,67.0,10292000
2021-11-01,65.3,65.3,67.0,64.8,66.8,3839000
2021-11-02,65.5,65.5,66.3,64.8,65.3,3482000
2021-11-03,66.6,66.6,67.3,65.8,66.1,3768000
2021-11-04,66.3,66.3,67.4,66.0,67.0,1930000
2021-11-05,65.4,65.4,66.5,65.1,66.3,2289000
2021-11-08,65.2,65.2,66.0,65.1,65.6,1420000
2021-11-09,64.2,64.2,65.2,64.0,65.2,2229000
2021-11-10,64.5,64.5,64.7,64.1,64.2,1083000
2021-11-11,64.2,64.2,65.3,64.1,64.6,1353000
2021-11-12,62.8,62.8,63.9,62.7,63.7,3173000
2021-11-15,62.6,62.6,63.0,61.3,62.4,3137000
2021-11-16,62.7,62.7,63.3,62.1,62.8,969000
2021-11-17,62.6,62.6,62.9,62.2,62.5,861000
2021-11-18,63.5,63.5,63.9,62.6,63.0,1199000
2021-11-19,62.3,62.3,64.1,62.2,64.1,1414000
2021-11-22,62.3,62.3,62.7,62.1,62.3,1067000
2021-11-23,61.7,61.7,62.6,61.4,62.4,1120000
2021-11-24,62.2,62.2,62.2,61.5,61.7,747000
2021-11-25,62.0,62.0,62.7,61.8,62.4,743000
2021-11-26,62.3,62.3,62.9,61.6,62.0,1469000
2021-11-29,61.1,61.1,62.0,60.8,61.4,1565000
2021-11-30,62.5,62.5,62.5,60.6,61.3,1070000
2021-12-01,61.1,61.1,61.9,61.0,61.9,1162000
2021-12-02,61.7,61.7,62.8,61.5,61.7,1725000
2021-12-03,62.1,62.1,62.1,61.6,62.1,735000
2021-12-06,62.1,62.1,62.7,62.0,62.1,688000
2021-12-07,61.7,61.7,62.1,61.3,62.1,853000
2021-12-08,61.8,61.8,62.5,61.5,61.8,1182000
2021-12-09,61.7,61.7,62.6,61.7,62.2,828000
2021-12-10,61.9,61.9,62.4,61.8,61.9,802000
2021-12-13,61.9,61.9,62.2,61.5,62.2,986000
2021-12-14,61.3,61.3,62.5,61.2,61.9,1458000
2021-12-15,61.6,61.6,61.8,61.3,61.5,853000
2021-12-16,61.2,61.2,61.9,61.2,61.9,1012000
2021-12-17,60.5,60.5,61.4,60.5,61.2,1160000
2021-12-20,61.3,61.3,61.9,60.3,60.5,890000
2021-12-21,61.3,61.3,61.5,60.8,61.3,585000
2021-12-22,61.8,61.8,62.2,61.3,61.6,1050000
2021-12-23,62.6,62.6,62.9,62.1,62.4,1889000
2021-12-24,61.0,61.0,62.1,60.8,61.9,2759000
2021-12-27,60.9,60.9,61.5,60.8,61.3,826000
2021-12-28,61.0,61.0,61.2,60.7,61.2,698000
2021-12-29,60.4,60.4,61.2,60.4,61.0,1123000
2021-12-30,60.5,60.5,60.9,60.5,60.6,579000
2022-01-03,60.2,60.2,61.0,60.2,61.0,773000
2022-01-04,60.1,60.1,60.5,60.1,60.3,588000
2022-01-05,59.9,59.9,60.3,59.8,60.1,948000
2022-01-06,60.0,60.0,60.4,59.8,60.1,704000
2022-01-07,59.5,59.5,60.1,59.5,60.0,958000
2022-01-10,59.5,59.5,59.6,59.0,59.4,592000
2022-01-11,59.1,59.1,59.5,59.0,59.5,788000
2022-01-12,58.7,58.7,59.6,58.5,59.5,1002000
2022-01-13,59.1,59.1,59.4,58.5,58.7,974000
2022-01-14,58.4,58.4,59.0,58.0,58.7,1170000
2022-01-17,59.3,59.3,59.6,58.4,58.4,663000
2022-01-18,59.1,59.1,59.8,59.1,59.2,391000
2022-01-19,58.5,58.5,59.0,58.4,58.8,521000
2022-01-20,58.1,58.1,58.9,58.0,58.9,609000
2022-01-21,58.0,58.0,58.7,57.5,58.7,1029000
2022-01-24,57.0,57.0,58.0,56.5,58.0,1057000
2022-01-25,57.1,57.1,57.7,56.5,56.5,577000
2022-01-26,57.6,57.6,57.7,56.8,57.0,627000
2022-02-07,59.7,59.7,60.4,58.6,59.3,2145000
2022-02-08,60.8,60.8,61.1,59.6,59.7,1336000
2022-02-09,61.1,61.1,61.3,60.4,61.2,1005000
2022-02-10,61.1,61.1,61.5,60.7,60.8,826000
2022-02-11,60.6,60.6,61.4,60.5,60.9,696000
2022-02-14,60.2,60.2,60.5,59.7,60.1,610000
2022-02-15,60.1,60.1,61.0,60.1,60.2,389000
2022-02-16,61.0,61.0,62.2,60.2,60.5,1558000
2022-02-17,60.6,60.6,61.2,60.2,61.1,1239000
2022-02-18,60.4,60.4,60.5,60.0,60.1,460000
2022-02-21,61.3,61.3,62.1,60.5,60.5,2173000
2022-02-22,60.0,60.0,61.1,59.5,60.9,1596000
2022-02-23,60.1,60.1,60.7,59.9,60.0,572000
2022-02-24,58.7,58.7,60.0,58.4,59.9,1229000
2022-02-25,58.8,58.8,59.5,58.5,59.0,653000
2022-03-01,59.3,59.3,59.3,58.7,58.8,968000
2022-03-02,59.3,59.3,59.6,58.8,59.0,717000
2022-03-03,59.6,59.6,59.8,59.3,59.6,482000
2022-03-04,59.1,59.1,59.5,59.1,59.2,413000
2022-03-07,57.1,57.1,58.5,57.0,58.5,1606000
2022-03-08,55.7,55.7,57.1,55.6,56.5,1543000
2022-03-09,57.0,57.0,57.4,56.1,56.1,781000
2022-03-10,58.1,58.1,58.1,57.4,57.5,478000
2022-03-11,58.1,58.1,58.4,57.7,57.8,366000
2022-03-14,58.5,58.5,59.1,58.4,58.4,601000
2022-03-15,57.8,57.8,58.6,57.8,58.4,560000
2022-03-16,57.7,57.7,58.3,57.6,58.2,566000
2022-03-17,58.7,58.7,59.1,58.3,58.3,836000
2022-03-18,59.0,59.0,59.6,58.8,59.0,1160000
2022-03-21,60.4,60.4,60.5,59.6,59.7,1269000
2022-03-22,60.5,60.5,60.5,60.0,60.3,572000
2022-03-23,62.2,62.2,62.5,61.2,61.7,4761000
2022-03-24,62.7,62.7,62.8,61.7,62.0,2420000
2022-03-25,62.4,62.4,63.2,62.3,63.0,1466000
2022-03-28,62.8,62.8,62.8,61.9,62.0,1199000
2022-03-29,63.5,63.5,63.7,62.8,63.0,1937000
2022-03-30,62.8,62.8,63.9,62.7,63.8,1410000
2022-03-31,62.6,62.6,62.9,62.1,62.8,1199000
2022-04-01,62.4,62.4,63.1,62.3,62.6,946000
2022-04-06,63.4,63.4,63.4,62.5,62.5,1173000
2022-04-07,62.3,62.3,63.5,61.9,63.1,1413000
2022-04-08,63.0,63.0,63.3,62.5,62.8,707000
2022-04-11,62.6,62.6,63.6,62.5,63.2,905000
2022-04-12,62.3,62.3,62.6,61.8,62.2,883000
2022-04-13,62.2,62.2,62.7,62.1,62.6,610000
2022-04-14,62.9,62.9,63.3,62.4,62.7,922000
2022-04-15,63.2,63.2,63.4,62.6,62.7,1129000
2022-04-18,65.8,65.8,67.5,63.4,63.6,11011000
2022-04-19,64.4,64.4,65.4,64.0,65.4,3168000
2022-04-20,64.8,64.8,65.0,63.5,64.1,1821000
2022-04-21,66.2,66.2,66.8,65.0,65.0,4368000
2022-04-22,65.7,65.7,66.7,65.6,66.4,2641000
2022-04-25,63.6,63.6,65.6,63.4,65.0,3055000
2022-04-26,63.4,63.4,64.5,62.8,64.2,1416000
2022-04-27,62.7,62.7,63.6,61.6,62.5,2262000
2022-04-28,62.7,62.7,63.4,62.7,63.2,532000
2022-04-29,63.3,63.3,63.3,62.5,62.9,804000
2022-05-03,62.5,62.5,63.1,62.5,62.5,757000
2022-05-04,62.1,62.1,62.8,62.1,62.8,697000
2022-05-05,61.7,61.7,62.7,61.5,62.3,1371000
2022-05-06,61.0,61.0,61.5,60.8,61.2,1099000
2022-05-09,59.6,59.6,61.2,59.6,61.2,1346000
2022-05-10,60.3,60.3,60.3,58.7,59.0,734000
2022-05-11,59.9,59.9,60.9,59.8,60.8,836000
2022-05-12,58.3,58.3,60.0,58.3,59.7,1470000
2022-05-13,58.6,58.6,58.8,56.8,58.5,1607000
2022-05-16,58.5,58.5,59.4,58.5,58.9,526000
2022-05-17,58.6,58.6,59.0,58.4,58.6,487000
2022-05-18,59.1,59.1,59.4,58.7,58.7,762000
2022-05-19,58.8,58.8,58.9,58.4,58.6,473000
2022-05-20,58.9,58.9,59.2,58.7,59.2,405000
2022-05-23,59.0,59.0,59.3,58.4,59.1,572000
2022-05-24,58.3,58.3,59.3,58.3,59.2,608000
2022-05-25,58.5,58.5,58.6,58.0,58.3,395000
2022-05-26,58.7,58.7,59.0,58.3,58.5,533000
2022-05-27,58.8,58.8,59.1,58.6,59.0,528000
2022-05-30,59.4,59.4,59.6,58.9,59.2,711000
2022-05-31,59.9,59.9,59.9,59.2,59.2,617000
2022-06-01,60.2,60.2,60.8,59.7,60.5,953000
2022-06-02,59.5,59.5,60.2,59.2,60.1,916000
2022-06-06,59.7,59.7,60.1,59.5,59.8,212000
2022-06-07,60.1,60.1,60.2,59.5,59.6,322000
2022-06-08,60.1,60.1,60.8,60.0,60.2,662000
2022-06-09,60.5,60.5,60.9,60.0,60.1,728000
2022-06-10,60.8,60.8,61.2,60.1,60.1,1015000
2022-06-13,60.0,60.0,61.1,60.0,60.5,1125000
2022-06-14,59.1,59.1,60.0,58.3,59.7,1484000
2022-06-15,59.0,59.0,59.4,58.7,59.2,822000
2022-06-16,59.5,59.5,60.4,59.4,59.6,1118000
2022-06-17,59.0,59.0,59.8,58.8,59.7,644000
2022-06-20,58.6,58.6,61.0,58.6,59.9,1961000
2022-06-21,59.6,59.6,59.6,58.7,59.2,852000
2022-06-22,58.9,58.9,60.3,58.6,59.5,1221000
2022-06-23,58.5,58.5,59.7,58.5,59.4,1120000
2022-06-24,60.5,60.5,60.7,58.9,59.1,2264000
2022-06-27,60.8,60.8,61.4,60.2,61.4,1449000
2022-06-28,60.4,60.4,61.2,60.1,60.9,834000
2022-06-29,62.0,62.0,62.5,60.4,60.6,2957000
2022-06-30,60.2,60.2,62.3,59.3,62.2,2537000
2022-07-01,58.1,58.1,60.6,58.0,60.5,2180000
2022-07-04,57.4,57.4,58.5,56.9,58.2,1265000
2022-07-05,58.1,58.1,58.5,57.3,58.1,860000
2022-07-06,57.2,57.2,58.7,57.2,58.1,805000
2022-07-07,57.8,57.8,57.9,56.9,57.5,534000
2022-07-08,58.0,58.0,58.6,57.8,58.2,604000
2022-07-11,58.3,58.3,58.7,57.5,57.9,537000
2022-07-12,57.1,57.1,58.3,56.9,58.3,865000
2022-07-13,57.2,57.2,57.8,57.2,57.8,667000
2022-07-14,57.5,57.5,57.7,56.8,57.2,643000
2022-07-15,57.0,57.0,57.4,56.5,57.0,780000
2022-07-18,57.3,57.3,57.7,56.8,57.2,559000
2022-07-19,57.4,57.4,57.6,56.8,57.0,528000
2022-07-20,57.8,57.8,58.1,57.4,57.8,759000
2022-07-21,58.1,58.1,58.1,57.3,58.1,774000
2022-07-22,57.9,57.9,58.4,57.9,58.1,759000
2022-07-25,59.6,59.6,60.5,58.0,58.0,2671000
2022-07-26,59.5,59.5,60.2,58.9,59.7,1309000
2022-07-27,58.9,58.9,59.9,58.8,59.5,955000
2022-07-28,58.3,58.3,60.2,58.3,59.5,1269000
2022-07-29,58.6,58.6,59.0,58.4,58.6,880000
2022-08-01,58.7,58.7,59.1,58.5,58.9,550000
2022-08-02,58.1,58.1,58.7,57.9,58.6,927000
2022-08-03,57.7,57.7,58.2,57.4,58.0,649000
2022-08-04,57.0,57.0,58.0,56.4,58.0,1069000
2022-08-05,57.6,57.6,58.0,57.1,57.1,500000
2022-08-08,57.9,57.9,57.9,56.9,57.0,612000
2022-08-09,58.0,58.0,58.2,57.7,57.9,353000
2022-08-10,58.1,58.1,58.5,57.9,58.0,889000
2022-08-11,58.9,58.9,59.2,58.3,58.5,1069000
2022-08-12,59.4,59.4,59.5,58.6,59.0,970000
2022-08-15,60.3,60.3,60.7,59.4,59.5,1459000
2022-08-16,60.6,60.6,61.2,60.3,60.6,1108000
2022-08-17,60.3,60.3,61.1,60.3,60.8,777000
2022-08-18,60.5,60.5,61.0,60.2,60.5,699000
2022-08-19,61.1,61.1,61.3,60.6,60.6,1226000
2022-08-22,61.5,61.5,62.2,61.4,61.7,1362000
2022-08-23,61.0,61.0,61.5,60.8,61.0,801000
2022-08-24,61.9,61.9,62.4,61.0,61.3,1447000
2022-08-25,61.7,61.7,62.6,61.6,62.3,1306000
2022-08-26,61.7,61.7,62.4,61.7,61.8,1154000
2022-08-29,62.0,62.0,62.7,60.6,61.0,1658000
2022-08-30,62.8,62.8,63.2,62.2,62.5,1597000
2022-08-31,62.9,62.9,64.5,62.6,63.3,4073000
2022-09-01,62.6,62.6,63.4,61.9,62.9,1488000
2022-09-02,62.8,62.8,63.5,62.5,63.2,1526000
2022-09-05,62.2,62.2,63.4,62.1,63.1,2048000
2022-09-06,60.8,60.8,62.4,60.5,62.4,2522000
2022-09-07,60.6,60.6,61.3,60.1,60.8,3616000
2022-09-08,52.2,52.2,52.5,51.0,51.3,3538000
2022-09-12,51.9,51.9,52.6,51.5,52.2,1742000
2022-09-13,51.9,51.9,52.5,51.7,52.5,1069000
2022-09-14,51.9,51.9,51.9,51.3,51.5,1358000
2022-09-15,51.6,51.6,52.2,51.5,51.7,1099000
2022-09-16,51.3,51.3,51.7,51.1,51.6,880000
2022-09-19,50.1,50.1,51.4,50.0,51.4,1264000
2022-09-20,50.1,50.1,50.5,50.0,50.2,670000
2022-09-21,49.35,49.35,50.5,49.2,50.1,1739000
2022-09-22,49.4,49.4,49.65,48.35,49.5,1205000
2022-09-23,48.35,48.35,49.45,48.25,49.4,1164000
2022-09-26,46.4,46.4,47.95,45.6,47.95,2404000
2022-09-27,47.1,47.1,47.1,45.35,46.5,1041000
2022-09-28,45.35,45.35,47.25,44.8,47.15,1553000
2022-09-29,45.6,45.6,46.3,45.35,45.85,925000
2022-09-30,46.0,46.0,46.15,44.4,45.15,1292000
2022-10-03,45.9,45.9,46.35,45.75,45.9,542000
2022-10-04,46.25,46.25,46.45,45.75,45.8,915000
2022-10-05,46.55,46.55,47.85,46.2,47.85,976000
2022-10-06,47.0,47.0,47.0,46.35,46.9,434000
2022-10-07,47.25,47.25,47.8,47.2,47.8,795000
2022-10-11,46.45,46.45,47.0,45.85,47.0,795000
2022-10-12,46.75,46.75,48.3,46.4,48.3,676000
2022-10-13,45.15,45.15,47.55,45.1,47.55,1179000
2022-10-14,45.75,45.75,46.2,45.45,46.0,619000
2022-10-17,45.7,45.7,45.75,44.5,45.75,865000
2022-10-18,46.25,46.25,46.25,45.75,45.9,745000
2022-10-19,45.35,45.35,46.5,45.2,46.35,806000
2022-10-20,44.85,44.85,45.2,44.3,45.0,746000
2022-10-21,44.4,44.4,44.95,44.4,44.95,572000
2022-10-24,44.3,44.3,45.2,44.3,45.0,459000
2022-10-25,43.35,43.35,44.6,43.25,44.6,815000
2022-10-26,43.05,43.05,43.15,42.55,43.15,844000
2022-10-27,43.7,43.7,43.8,43.0,43.1,654000
2022-10-28,43.2,43.2,43.95,43.15,43.8,297000
2022-10-31,43.55,43.55,43.8,43.15,43.4,710000
2022-11-01,43.6,43.6,44.0,43.5,43.6,403000
2022-11-02,44.35,44.35,44.45,43.9,43.9,577000
2022-11-03,44.15,44.15,44.3,43.8,43.95,365000
2022-11-04,43.85,43.85,44.2,43.7,44.05,485000
2022-11-07,44.2,44.2,44.4,43.75,44.15,561000
2022-11-08,44.5,44.5,44.75,44.05,44.05,626000
2022-11-09,44.95,44.95,45.0,44.6,44.85,693000
2022-11-10,44.95,44.95,45.45,44.9,44.95,808000
2022-11-11,43.5,43.5,44.45,43.45,44.4,3188000
2022-11-14,43.35,43.35,43.7,42.4,43.4,1912000
2022-11-15,43.35,43.35,43.9,43.2,43.35,827000
2022-11-16,42.9,42.9,43.6,42.8,43.6,936000
2022-11-17,43.3,43.3,43.55,42.75,42.85,717000
2022-11-18,43.45,43.45,43.85,43.15,43.35,1039000
2022-11-21,44.15,44.15,44.25,43.45,43.75,754000
2022-11-22,43.5,43.5,44.85,43.5,44.35,1242000
2022-11-23,44.35,44.35,44.5,43.5,43.9,836000
2022-11-24,43.95,43.95,44.6,43.7,44.55,727000
2022-11-25,43.65,43.65,44.15,43.65,43.95,599000
2022-11-28,43.7,43.7,43.8,43.25,43.7,452000
2022-11-29,43.9,43.9,43.9,43.3,43.6,452000
2022-11-30,44.45,44.45,44.7,43.9,43.9,989000
2022-12-01,46.1,46.1,46.4,44.8,45.05,2345000
2022-12-02,45.65,45.65,46.1,45.5,46.1,1092000
2022-12-05,46.25,46.25,46.25,45.5,45.65,1114000
2022-12-06,45.0,45.0,46.65,45.0,46.3,1511000
2022-12-07,47.35,47.35,48.25,45.05,45.1,5427000
2022-12-08,47.2,47.2,47.8,46.6,47.7,2270000
2022-12-09,46.85,46.85,47.7,46.65,47.35,1334000
2022-12-12,47.1,47.1,47.7,46.3,47.0,1372000
2022-12-13,48.3,48.3,49.15,47.35,47.45,3761000
2022-12-14,47.75,47.75,48.6,47.4,48.6,1710000
2022-12-15,47.25,47.25,48.2,47.15,47.9,1070000
2022-12-16,47.6,47.6,48.0,46.5,46.95,1391000
2022-12-19,48.4,48.4,49.3,47.95,47.95,2721000
2022-12-20,46.15,46.15,48.5,46.0,48.35,1955000
2022-12-21,45.45,45.45,46.85,45.35,46.35,1129000
2022-12-22,46.05,46.05,46.3,45.35,45.95,770000
2022-12-23,46.35,46.35,47.25,46.25,46.25,1083000
2022-12-26,49.8,49.8,50.6,46.6,46.6,9984000
2022-12-27,48.8,48.8,49.9,47.8,49.9,4623000
2022-12-28,47.65,47.65,48.85,47.55,48.3,1721000
2022-12-29,47.35,47.35,47.9,47.0,47.45,998000
2022-12-30,47.3,47.3,47.65,47.05,47.65,634000
2023-01-03,46.55,46.55,47.35,46.5,47.3,957000
2023-01-04,46.9,46.9,47.1,46.45,46.6,643000
2023-01-05,46.6,46.6,47.35,46.5,47.2,546000
2023-01-06,46.1,46.1,46.9,46.1,46.5,734000
2023-01-09,46.3,46.3,46.7,46.1,46.4,752000
2023-01-10,46.05,46.05,46.7,46.05,46.55,642000
2023-01-11,46.0,46.0,46.5,45.95,46.05,464000
2023-01-12,45.3,45.3,46.45,45.1,46.45,948000
2023-01-13,45.55,45.55,45.8,45.3,45.3,487000
2023-01-16,45.85,45.85,46.0,45.4,45.8,563000
2023-01-17,46.0,46.0,46.1,45.85,45.85,300000
2023-01-30,46.05,46.05,46.45,46.0,46.4,809000
2023-01-31,47.2,47.2,47.25,46.05,46.05,1140000
2023-02-01,47.2,47.2,47.45,46.8,47.45,589000
2023-02-02,47.85,47.85,48.1,47.1,47.2,1043000
2023-02-03,48.4,48.4,48.7,47.8,48.1,1792000
2023-02-06,48.1,48.1,48.95,48.1,48.55,1114000
2023-02-07,48.4,48.4,48.6,47.95,47.95,746000
2023-02-08,48.55,48.55,49.0,48.3,48.9,899000
2023-02-09,47.9,47.9,48.8,47.8,48.5,956000
2023-02-10,47.9,47.9,48.9,47.7,48.9,1255000
2023-02-13,48.45,48.45,48.65,47.9,47.9,859000
2023-02-14,48.2,48.2,48.9,48.2,48.85,772000
2023-02-15,47.6,47.6,48.7,47.4,48.45,875000
2023-02-16,47.65,47.65,48.0,47.5,48.0,721000
2023-02-17,47.6,47.6,48.0,47.5,47.65,727000
2023-02-20,47.25,47.25,47.65,47.1,47.5,1482000
2023-02-21,47.5,47.5,47.8,47.25,47.25,883000
2023-02-22,47.15,47.15,47.5,47.0,47.5,832000
2023-02-23,47.75,47.75,47.85,47.1,47.15,911000
2023-02-24,47.3,47.3,47.95,47.25,47.9,743000
2023-03-01,47.4,47.4,47.65,47.35,47.35,351000
2023-03-02,47.8,47.8,48.0,47.3,47.5,643000
2023-03-03,48.05,48.05,48.35,47.95,48.0,873000
2023-03-06,48.1,48.1,48.4,48.05,48.2,974000
2023-03-07,47.7,47.7,48.4,47.7,48.4,824000
2023-03-08,47.5,47.5,48.7,47.3,47.75,1264000
2023-03-09,47.55,47.55,47.6,47.25,47.3,766000
2023-03-10,46.95,46.95,47.75,46.65,47.55,1531000
2023-03-13,46.5,46.5,46.9,45.7,46.9,1069000
2023-03-14,46.05,46.05,46.7,45.95,46.25,896000
2023-03-15,45.85,45.85,46.45,45.8,46.45,739000
2023-03-16,44.5,44.5,45.75,44.45,45.75,1652000
2023-03-17,44.4,44.4,45.0,44.4,44.85,1005000
2023-03-20,44.9,44.9,44.95,43.75,44.45,886000
2023-03-21,45.0,45.0,45.5,44.85,45.4,854000
2023-03-22,44.95,44.95,45.15,44.85,45.15,842000
2023-03-23,45.75,45.75,46.2,44.9,45.0,1475000
2023-03-24,46.25,46.25,46.45,45.2,45.6,965000
2023-03-27,46.0,46.0,46.7,46.0,46.3,1098000
2023-03-28,45.55,45.55,46.2,45.5,46.05,597000
2023-03-29,45.85,45.85,46.1,45.55,45.55,1214000
2023-03-30,46.35,46.35,47.0,46.15,46.7,2231000
2023-03-31,46.15,46.15,46.35,45.9,46.35,1093000
2023-04-06,46.55,46.55,46.65,45.95,45.95,1225000
2023-04-07,47.35,47.35,47.8,46.7,46.7,1442000
2023-04-10,47.0,47.0,47.25,46.9,47.25,735000
2023-04-11,46.75,46.75,47.05,46.7,46.9,606000
2023-04-12,46.7,46.7,46.9,46.4,46.4,1184000
2023-04-13,48.3,48.3,48.7,46.4,46.7,4195000
2023-04-14,48.0,48.0,48.5,47.65,48.3,2237000
2023-04-17,48.25,48.25,48.45,47.85,48.0,1895000
2023-04-18,48.05,48.05,48.45,48.0,48.2,1682000
2023-04-19,50.4,50.4,50.9,48.15,48.15,8333000
2023-04-20,50.1,50.1,53.7,50.1,50.9,14370000
2023-04-21,49.05,49.05,50.6,48.7,50.5,5629000
2023-04-24,52.0,52.0,52.5,50.1,50.2,9869000
2023-04-25,51.2,51.2,52.5,50.5,51.7,7093000
2023-04-26,52.1,52.1,52.3,49.75,50.7,6920000
2023-04-27,51.3,51.3,52.1,50.5,52.1,5561000
2023-04-28,50.8,50.8,52.0,50.8,51.3,4180000
2023-05-02,51.3,51.3,51.8,50.4,51.0,3049000
2023-05-03,51.3,51.3,51.9,51.1,51.5,2722000
2023-05-04,53.0,53.0,53.0,50.5,51.3,5241000
2023-05-05,52.4,52.4,53.8,51.8,53.1,8593000
2023-05-08,51.6,51.6,53.1,51.6,53.0,4518000
2023-05-09,51.0,51.0,52.3,50.5,51.9,4457000
2023-05-10,51.0,51.0,51.2,50.5,50.6,1925000
2023-05-11,49.05,49.05,51.2,48.7,50.9,5818000
2023-05-12,52.0,52.0,52.7,48.5,48.5,6994000
2023-05-15,49.05,49.05,49.5,47.45,49.15,9849000
2023-05-16,50.5,50.5,51.5,49.8,50.0,7450000
2023-05-17,50.3,50.3,51.4,50.3,50.6,2862000
2023-05-18,50.1,50.1,50.8,49.85,50.8,2397000
2023-05-19,49.7,49.7,50.4,49.2,50.4,2543000
2023-05-22,50.4,50.4,50.7,49.85,49.9,1667000
2023-05-23,51.2,51.2,51.6,50.3,50.8,3075000
2023-05-24,51.3,51.3,51.5,50.7,51.3,1866000
2023-05-25,50.6,50.6,51.5,50.6,51.5,1542000
2023-05-26,50.1,50.1,50.7,50.1,50.7,1461000
2023-05-29,50.3,50.3,50.8,50.1,50.6,1179000
2023-05-30,50.1,50.1,50.6,50.0,50.4,1045000
2023-05-31,50.3,50.3,50.5,49.95,50.3,1590000
2023-06-01,50.8,50.8,51.5,50.4,50.4,2314000
2023-06-02,50.8,50.8,51.3,50.7,51.0,1331000
2023-06-05,51.9,51.9,52.5,50.9,51.0,4381000
2023-06-06,52.7,52.7,53.3,52.2,52.2,10102000
2023-06-07,54.9,54.9,55.5,53.0,53.2,14771000
2023-06-08,55.5,55.5,56.9,54.5,55.0,14411000
2023-06-09,55.5,55.5,55.8,54.6,55.5,5786000
2023-06-12,54.0,54.0,56.0,53.8,55.7,6046000
2023-06-13,54.1,54.1,54.3,53.4,54.0,3054000
2023-06-14,53.1,53.1,54.4,53.0,54.0,2969000
2023-06-15,52.6,52.6,53.4,52.2,53.4,2453000
2023-06-16,53.0,53.0,53.6,52.8,53.0,2255000
2023-06-19,52.8,52.8,53.5,52.8,53.0,1713000
2023-06-20,52.8,52.8,53.4,52.6,52.9,1258000
2023-06-21,53.0,53.0,53.3,52.8,53.1,2092000
2023-06-26,53.1,53.1,53.4,52.3,53.3,1787000
2023-06-27,54.7,54.7,54.9,52.9,53.1,6983000
2023-06-28,54.5,54.5,54.7,53.6,54.3,4397000
2023-06-29,55.1,55.1,55.7,54.2,54.9,6012000
2023-06-30,55.4,55.4,56.0,55.0,55.7,4827000
2023-07-03,55.0,55.0,55.8,54.3,55.8,4077000
2023-07-04,54.7,54.7,55.4,54.5,55.1,2307000
2023-07-05,56.6,56.6,57.1,54.6,54.6,9638000
2023-07-06,57.1,57.1,58.3,56.8,57.5,11568000
2023-07-07,56.5,56.5,57.8,56.0,57.6,6795000
2023-07-10,55.8,55.8,57.4,55.4,56.6,4811000
2023-07-11,55.4,55.4,56.3,55.2,56.3,3132000
2023-07-12,55.1,55.1,55.5,54.9,55.4,2090000
2023-07-13,55.0,55.0,55.5,54.6,55.2,2908000
2023-07-14,56.1,56.1,56.6,54.8,54.8,4309000
2023-07-17,59.2,59.2,60.2,56.6,56.8,19267000
2023-07-18,59.3,59.3,59.8,57.7,59.6,10564000
2023-07-19,65.2,65.2,65.2,60.5,60.8,51679000
2023-07-20,63.3,63.3,67.9,63.1,66.0,56193000
2023-07-21,62.4,62.4,64.7,62.3,63.4,20340000
2023-07-24,61.8,61.8,63.7,61.1,62.7,11409000
2023-07-25,63.4,63.4,63.9,61.4,62.4,11323000
2023-07-26,61.8,61.8,65.0,61.6,65.0,10831000
2023-07-27,61.8,61.8,62.7,61.3,61.9,6477000
2023-07-28,60.3,60.3,62.6,60.2,62.0,8418000
2023-07-31,59.5,59.5,60.9,59.5,60.5,5221000
2023-08-01,59.8,59.8,60.8,59.8,59.9,3091000
2023-08-02,59.1,59.1,60.5,58.9,59.5,4249000
2023-08-04,58.8,58.8,59.1,57.6,59.1,4035000
2023-08-07,59.2,59.2,59.4,57.8,58.8,2245000
2023-08-08,60.0,60.0,60.7,59.3,59.7,4015000
2023-08-09,59.3,59.3,60.2,59.1,60.0,2019000
2023-08-10,57.5,57.5,59.6,57.1,59.6,5393000
2023-08-11,57.7,57.7,58.8,57.7,58.5,2820000
2023-08-14,52.0,52.0,53.0,52.0,52.3,12971000
2023-08-15,51.8,51.8,52.3,51.0,51.6,4195000
2023-08-16,50.7,50.7,51.8,50.5,51.7,3201000
2023-08-17,51.0,51.0,51.3,49.95,50.8,2904000
2023-08-18,50.3,50.3,51.2,50.2,50.8,2161000
2023-08-21,50.6,50.6,51.0,50.4,50.5,1174000
2023-08-22,50.4,50.4,50.9,50.2,50.9,1853000
2023-08-23,50.2,50.2,50.4,50.1,50.3,1591000
2023-08-24,49.8,49.8,50.7,49.65,50.2,2249000
2023-08-25,50.6,50.6,50.6,49.3,49.8,1827000
2023-08-28,49.7,49.7,50.6,49.7,50.6,1826000
2023-08-29,50.4,50.4,50.4,49.8,50.1,1195000
2023-08-30,50.9,50.9,51.4,50.4,50.4,1512000
2023-08-31,51.4,51.4,51.6,50.9,51.0,1804000
2023-09-01,51.2,51.2,51.6,51.0,51.4,1177000
2023-09-04,51.2,51.2,51.4,50.7,51.3,987000
2023-09-05,51.3,51.3,51.6,50.9,51.3,1489000
2023-09-06,51.4,51.4,51.6,50.8,51.5,1672000
2023-09-07,51.5,51.5,52.0,51.0,51.6,3294000
2023-09-08,46.25,46.25,46.45,45.7,46.2,3081000
2023-09-11,46.2,46.2,46.55,46.0,46.3,1370000
2023-09-12,46.6,46.6,46.7,46.2,46.55,893000
2023-09-13,46.5,46.5,46.7,46.25,46.6,940000
2023-09-14,46.6,46.6,46.7,46.45,46.7,818000
2023-09-15,46.3,46.3,46.85,46.3,46.75,1135000
2023-09-18,46.9,46.9,47.0,46.4,46.45,892000
2023-09-19,46.5,46.5,47.05,46.4,47.0,1031000
2023-09-20,45.75,45.75,46.7,45.75,46.7,1574000
2023-09-21,45.5,45.5,45.75,45.3,45.75,786000
2023-09-22,45.35,45.35,45.7,45.15,45.5,690000
2023-09-25,45.55,45.55,45.75,45.45,45.55,592000
2023-09-26,45.2,45.2,45.85,45.2,45.75,922000
2023-09-27,45.4,45.4,45.55,45.05,45.2,477000
2023-09-28,45.85,45.85,46.15,45.6,45.8,793000
2023-10-02,46.05,46.05,46.65,45.85,46.6,1111000
2023-10-03,45.6,45.6,46.3,45.6,46.3,729000
2023-10-04,45.05,45.05,45.85,45.05,45.6,966000
2023-10-05,45.2,45.2,45.65,45.15,45.15,762000
2023-10-06,45.35,45.35,45.6,45.15,45.5,698000
2023-10-11,45.1,45.1,45.5,45.1,45.5,883000
2023-10-12,45.5,45.5,45.5,45.0,45.4,1207000
2023-10-13,45.5,45.5,45.9,45.35,45.4,1127000
2023-10-16,45.3,45.3,45.5,45.1,45.5,748000
2023-10-17,45.45,45.45,45.9,45.4,45.9,1019000
2023-10-18,44.4,44.4,45.75,44.2,45.75,2229000
2023-10-19,45.2,45.2,45.75,44.3,44.6,1105000
2023-10-20,45.15,45.15,45.2,44.55,45.2,539000
2023-10-23,45.4,45.4,45.85,44.7,45.0,783000
2023-10-24,45.85,45.85,45.95,45.35,45.4,1073000
2023-10-25,46.1,46.1,46.65,45.9,46.0,1319000
2023-10-26,45.65,45.65,46.3,45.55,45.9,1047000
2023-10-27,46.9,46.9,47.15,45.65,45.7,3414000
2023-10-30,46.5,46.5,47.9,46.45,47.45,3189000
2023-10-31,45.65,45.65,46.65,45.45,46.65,2117000
2023-11-01,45.05,45.05,46.05,45.05,46.05,1293000
2023-11-02,45.55,45.55,45.8,45.2,45.5,999000
2023-11-03,45.25,45.25,45.9,45.25,45.8,1394000
2023-11-06,45.25,45.25,45.35,44.7,45.3,1789000
2023-11-07,45.75,45.75,45.75,45.25,45.3,1563000
2023-11-08,46.0,46.0,46.3,45.75,46.25,1546000
2023-11-09,45.5,45.5,46.1,45.4,46.05,1000000
2023-11-10,45.25,45.25,46.3,45.25,45.55,2222000
2023-11-13,42.35,42.35,44.4,40.8,44.25,5725000
2023-11-14,42.3,42.3,42.75,42.05,42.35,1785000
2023-11-15,42.5,42.5,42.85,42.25,42.3,1563000
2023-11-16,43.55,43.55,43.6,42.5,42.5,1509000
2023-11-17,43.65,43.65,44.0,43.55,43.7,869000
2023-11-20,44.0,44.0,44.35,43.65,43.65,748000
2023-11-21,44.3,44.3,44.35,43.9,44.35,647000
2023-11-22,44.1,44.1,44.6,44.05,44.3,488000
2023-11-23,44.15,44.15,44.75,44.05,44.5,892000
2023-11-24,44.7,44.7,44.7,44.1,44.3,1070000
2023-11-27,45.3,45.3,46.15,44.8,45.0,2379000
2023-11-28,45.4,45.4,45.7,44.8,45.6,1155000
2023-11-29,45.9,45.9,45.95,45.3,45.3,1232000
2023-11-30,45.55,45.55,46.05,45.5,46.0,1281000
2023-12-01,46.05,46.05,46.45,45.6,45.6,1854000
2023-12-04,46.6,46.6,46.75,46.25,46.5,1452000
2023-12-05,46.0,46.0,46.9,45.8,46.8,1380000
2023-12-06,46.5,46.5,47.0,46.35,46.8,1379000
2023-12-07,46.45,46.45,47.0,46.3,46.45,1204000
2023-12-08,46.5,46.5,46.85,46.3,46.8,649000
2023-12-11,46.2,46.2,46.8,46.15,46.8,548000
2023-12-12,45.65,45.65,46.25,45.65,46.25,967000
2023-12-13,45.7,45.7,46.0,45.45,46.0,842000
2023-12-14,45.8,45.8,46.3,45.7,45.7,914000
2023-12-15,45.25,45.25,46.05,45.25,45.8,1256000
2023-12-18,44.9,44.9,45.5,44.85,45.25,991000
2023-12-19,44.8,44.8,45.15,44.6,45.0,644000
2023-12-20,44.95,44.95,45.25,44.65,45.0,805000
2023-12-21,44.45,44.45,44.75,44.4,44.65,1205000
2023-12-22,44.3,44.3,44.75,44.2,44.55,788000
2023-12-25,43.95,43.95,44.65,43.85,44.65,1089000
2023-12-26,44.4,44.4,44.4,44.0,44.0,1204000
2023-12-27,44.6,44.6,44.9,44.45,44.6,1660000
2023-12-28,44.4,44.4,44.85,44.35,44.85,1475000
2023-12-29,44.3,44.3,44.7,44.1,44.5,1394000
2024-01-02,44.35,44.35,44.55,44.15,44.55,392000
2024-01-03,44.1,44.1,44.75,44.1,44.45,744000
2024-01-04,44.05,44.05,44.35,43.9,44.35,711000
2024-01-05,44.4,44.4,44.4,44.05,44.1,650000
2024-01-08,44.3,44.3,44.55,44.25,44.35,610000
2024-01-09,43.55,43.55,44.3,43.5,44.1,1051000
2024-01-10,43.25,43.25,43.65,43.2,43.5,576000
2024-01-11,44.25,44.25,44.35,43.55,43.75,653000
2024-01-12,44.9,44.9,45.3,44.25,44.5,1733000
2024-01-15,45.1,45.1,45.5,44.75,45.0,1117000
2024-01-16,46.65,46.65,46.7,45.1,45.45,4567000
2024-01-17,45.2,45.2,46.9,45.2,46.85,2639000
2024-01-18,45.7,45.7,45.8,45.1,45.4,1202000
2024-01-19,45.7,45.7,46.1,45.3,45.8,1268000
2024-01-22,46.25,46.25,46.8,46.05,46.45,2019000
2024-01-23,47.55,47.55,47.7,46.2,46.55,4316000
2024-01-24,48.35,48.35,48.7,47.65,47.9,4056000
2024-01-25,47.6,47.6,49.25,47.0,48.45,4119000
2024-01-26,46.2,46.2,47.6,46.2,47.4,2672000
2024-01-29,46.35,46.35,46.75,46.1,46.5,1424000
2024-01-30,45.6,45.6,46.5,45.6,46.35,1388000
2024-01-31,45.65,45.65,46.1,45.3,45.45,902000
2024-02-01,46.1,46.1,46.5,45.95,45.95,935000
2024-02-02,45.45,45.45,46.15,45.45,46.1,1274000
2024-02-05,45.45,45.45,45.7,44.9,45.4,1307000
2024-02-15,46.55,46.55,46.6,45.8,45.95,1631000
2024-02-16,46.4,46.4,46.65,46.1,46.65,1223000
2024-02-19,47.3,47.3,47.45,46.5,46.5,2186000
2024-02-20,46.7,46.7,47.45,46.6,47.4,1441000
2024-02-21,46.15,46.15,46.95,46.15,46.95,1421000
2024-02-22,45.75,45.75,46.35,45.7,46.35,1358000
2024-02-23,45.65,45.65,46.25,45.45,45.75,1201000
2024-02-26,46.5,46.5,46.8,45.5,45.65,1487000
2024-02-27,46.3,46.3,47.15,46.15,46.6,1536000
2024-02-29,47.55,47.55,48.2,46.3,46.3,4349000
2024-03-01,47.35,47.35,47.95,47.2,47.55,1665000
2024-03-04,47.0,47.0,47.7,47.0,47.7,1272000
2024-03-05,46.8,46.8,47.7,46.6,47.25,1529000
2024-03-06,46.4,46.4,47.0,46.35,46.6,1331000
2024-03-07,46.4,46.4,46.8,45.75,46.5,1839000
2024-03-08,45.15,45.15,47.0,44.7,46.4,2575000
2024-03-11,45.15,45.15,45.45,44.9,45.15,997000
2024-03-12,44.8,44.8,45.6,44.55,45.0,1990000
2024-03-13,43.35,43.35,44.0,42.05,42.05,4912000
2024-03-14,43.75,43.75,43.8,43.2,43.35,1413000
2024-03-15,42.85,42.85,43.55,42.85,43.5,2657000
2024-03-18,42.65,42.65,43.0,42.1,42.85,1727000
2024-03-19,42.7,42.7,43.0,42.6,42.6,1008000
2024-03-20,42.5,42.5,43.0,42.25,43.0,1663000
2024-03-21,43.3,43.3,43.35,42.65,42.65,1122000
2024-03-22,43.35,43.35,43.35,43.0,43.3,889000
2024-03-25,43.5,43.5,43.9,43.35,43.5,847000
2024-03-26,43.15,43.15,44.15,43.15,43.95,973000
2024-03-27,43.45,43.45,43.8,43.15,43.3,596000
2024-03-28,43.5,43.5,43.9,43.4,43.6,714000
2024-03-29,43.25,43.25,43.55,43.15,43.45,719000
2024-04-01,43.5,43.5,43.75,43.3,43.3,655000
2024-04-02,43.5,43.5,43.95,43.4,43.95,633000
2024-04-03,43.1,43.1,43.65,42.75,43.5,1112000
2024-04-08,44.35,44.35,44.4,43.0,43.0,2037000
2024-04-09,44.3,44.3,45.2,43.95,44.75,1708000
2024-04-10,44.75,44.75,45.3,44.3,44.5,1280000
2024-04-11,44.25,44.25,45.3,44.15,45.2,1050000
2024-04-12,43.8,43.8,44.45,43.65,44.25,1047000
2024-04-15,43.2,43.2,44.05,43.2,43.8,1128000
2024-04-16,42.5,42.5,43.3,42.4,43.3,1539000
2024-04-17,42.95,42.95,43.25,42.5,42.5,782000
2024-04-18,43.05,43.05,43.1,42.6,42.6,453000
2024-04-19,42.0,42.0,43.0,41.35,43.0,1842000
2024-04-22,42.5,42.5,43.0,41.9,42.05,1174000
2024-04-23,43.4,43.4,44.3,43.4,43.5,1307000
2024-04-24,43.85,43.85,44.3,43.55,43.6,923000
2024-04-25,43.35,43.35,43.85,43.25,43.85,366000
2024-04-26,42.95,42.95,43.55,42.9,43.4,1567000
2024-04-29,43.6,43.6,43.65,43.05,43.05,1454000
2024-04-30,43.45,43.45,43.8,43.2,43.8,938000
2024-05-02,43.65,43.65,43.7,43.25,43.5,667000
2024-05-03,43.55,43.55,43.9,43.55,43.7,538000
2024-05-06,43.55,43.55,43.85,43.45,43.8,494000
2024-05-07,43.95,43.95,44.2,43.5,43.65,1149000
2024-05-08,44.65,44.65,45.0,44.0,44.3,2255000
2024-05-09,45.3,45.3,45.55,44.65,44.75,2247000
2024-05-10,45.05,45.05,46.05,44.55,45.8,1723000
2024-05-13,46.1,46.1,46.7,45.1,45.1,3834000
2024-05-14,45.4,45.4,45.85,45.1,45.5,3274000
2024-05-15,44.75,44.75,45.9,44.75,45.5,2185000
2024-05-16,44.9,44.9,45.85,44.75,45.4,1810000
2024-05-17,46.0,46.0,46.4,45.1,45.15,2107000
2024-05-20,46.0,46.0,46.35,45.3,46.3,1703000
2024-05-21,45.75,45.75,46.3,45.6,46.1,1454000
2024-05-22,45.35,45.35,46.1,45.3,45.85,1037000
2024-05-23,45.4,45.4,45.75,44.8,45.75,2043000
2024-05-24,45.0,45.0,45.55,45.0,45.15,924000
2024-05-27,44.6,44.6,45.3,44.6,45.0,1023000
2024-05-28,45.2,45.2,45.8,44.3,44.5,1414000
2024-05-29,45.15,45.15,45.85,45.0,45.0,1450000
2024-05-30,45.4,45.4,45.8,45.05,45.15,1112000
2024-05-31,47.15,47.15,47.5,45.6,45.6,6052000
2024-06-03,47.35,47.35,48.45,46.7,47.5,5305000
2024-06-04,47.25,47.25,47.8,47.05,47.35,3979000
2024-06-05,50.8,50.8,51.6,47.5,47.65,19198000
2024-06-06,50.5,50.5,51.6,50.1,51.1,11333000
2024-06-07,48.4,48.4,49.75,46.7,47.6,13559000
2024-06-11,48.15,48.15,49.6,48.0,49.15,5207000
2024-06-12,47.45,47.45,48.7,47.2,48.4,3263000
2024-06-13,47.1,47.1,48.2,47.1,47.6,2225000
2024-06-14,49.4,49.4,49.6,47.45,47.6,4890000
2024-06-17,52.4,52.4,53.0,50.0,50.0,13821000
2024-06-18,52.6,52.6,53.8,51.6,52.4,10904000
2024-06-19,52.2,52.2,53.5,51.7,53.1,8464000
2024-06-20,54.7,54.7,55.5,53.0,53.3,16136000
2024-06-21,55.0,55.0,55.8,54.2,55.2,8405000
2024-06-24,54.4,54.4,56.0,54.3,55.2,8166000
2024-06-25,55.0,55.0,55.0,52.4,54.2,6311000
2024-06-26,54.1,54.1,56.2,53.9,55.8,11986000
2024-06-27,52.9,52.9,55.6,52.6,54.5,8216000
2024-06-28,54.4,54.4,55.3,52.9,52.9,8702000
2024-07-01,55.8,55.8,56.4,54.3,55.2,10752000
2024-07-02,58.0,58.0,59.3,55.7,56.0,23194000
2024-07-03,57.9,57.9,59.1,57.2,58.0,11262000
2024-07-04,58.1,58.1,58.6,56.5,58.5,10484000
2024-07-05,57.6,57.6,58.9,57.5,58.4,5705000
2024-07-08,58.3,58.3,58.8,57.5,57.9,7082000
2024-07-09,57.1,57.1,59.6,53.5,58.5,15167000
2024-07-10,56.5,56.5,58.0,55.6,57.6,5761000
2024-07-11,55.5,55.5,57.3,55.2,56.0,6402000
2024-07-12,55.7,55.7,56.9,55.3,56.0,5103000
2024-07-15,57.1,57.1,58.3,55.9,56.3,6754000
2024-07-16,56.1,56.1,57.5,56.1,56.8,3524000
2024-07-17,56.4,56.4,57.8,55.6,56.2,5784000
2024-07-18,56.6,56.6,57.2,55.5,56.4,5477000
2024-07-19,53.5,53.5,57.4,53.5,56.5,8876000
2024-07-22,52.0,52.0,54.0,51.3,53.5,9299000
2024-07-23,52.8,52.8,53.4,52.3,53.2,3534000
2024-07-26,51.6,51.6,53.3,51.1,51.6,4613000
2024-07-29,50.3,50.3,53.0,50.0,52.3,5627000
2024-07-30,50.2,50.2,50.7,48.6,50.4,4698000
2024-07-31,50.0,50.0,51.0,49.8,50.0,2283000
2024-08-01,50.3,50.3,50.9,49.8,50.5,3056000
2024-08-02,47.55,47.55,49.5,47.55,48.8,3873000
2024-08-05,42.8,42.8,45.95,42.8,45.55,9854000
2024-08-06,43.6,43.6,44.2,40.1,43.3,7553000
2024-08-07,45.75,45.75,46.2,43.6,44.25,3447000
2024-08-08,44.75,44.75,45.5,44.55,45.0,1988000
2024-08-09,45.2,45.2,46.35,44.95,46.0,1931000
2024-08-12,45.55,45.55,45.9,45.05,45.25,1186000
2024-08-13,45.9,45.9,46.1,45.15,45.6,1261000
2024-08-14,45.9,45.9,46.75,45.45,45.9,2370000
2024-08-15,46.25,46.25,46.4,45.2,45.9,1462000
2024-08-16,46.6,46.6,47.8,46.0,46.3,2411000
2024-08-19,47.2,47.2,47.5,46.65,46.8,1594000
2024-08-20,47.8,47.8,48.3,47.1,47.4,2251000
2024-08-21,46.7,46.7,48.15,46.65,48.15,2729000
2024-08-22,47.1,47.1,47.35,46.5,47.35,1200000
2024-08-23,46.9,46.9,47.1,46.25,46.65,990000
2024-08-26,46.4,46.4,47.6,46.25,46.9,1133000
2024-08-27,46.25,46.25,46.7,45.6,46.4,1103000
2024-08-28,46.0,46.0,46.7,45.75,46.5,1398000
2024-08-29,45.55,45.55,46.1,45.3,46.1,1517000
2024-08-30,46.85,46.85,46.9,45.5,45.5,2714000
2024-09-02,46.25,46.25,47.45,46.25,47.45,1230000
2024-09-03,45.75,45.75,46.6,45.7,46.25,1202000
2024-09-04,43.9,43.9,44.75,43.0,44.75,2529000
2024-09-05,43.85,43.85,44.7,43.7,44.2,894000
2024-09-06,43.45,43.45,44.1,43.25,43.9,1236000
2024-09-09,43.6,43.6,43.8,42.7,43.25,1219000
2024-09-10,42.85,42.85,44.0,42.75,44.0,1069000
2024-09-11,43.2,43.2,43.5,42.85,43.35,648000
2024-09-12,43.45,43.45,43.65,43.25,43.5,856000
2024-09-13,44.05,44.05,44.3,43.5,43.6,807000
2024-09-16,45.15,45.15,46.45,44.45,44.85,2362000
2024-09-18,44.55,44.55,45.35,44.5,45.2,1602000
2024-09-19,45.2,45.2,45.25,44.45,44.6,850000
2024-09-20,44.5,44.5,45.75,44.5,45.75,915000
2024-09-23,44.5,44.5,44.75,44.2,44.55,812000
2024-09-24,44.4,44.4,44.85,44.2,44.5,983000
2024-09-25,45.0,45.0,45.6,44.6,44.6,1298000
2024-09-26,46.7,46.7,47.5,45.65,45.8,4720000
2024-09-27,49.0,49.0,49.4,46.6,46.8,6284000
2024-09-30,48.05,48.05,49.8,48.05,49.4,5484000
2024-10-01,47.95,47.95,48.55,47.35,48.55,2292000
2024-10-04,47.3,47.3,48.65,47.0,48.5,1993000
2024-10-07,47.35,47.35,48.15,47.25,48.0,1282000
2024-10-08,47.45,47.45,47.7,46.9,47.4,1059000
2024-10-09,46.15,46.15,47.55,46.1,47.0,1910000
2024-10-11,45.7,45.7,46.7,45.7,46.6,994000
2024-10-14,46.8,46.8,46.9,45.75,46.0,1022000
2024-10-15,47.0,47.0,47.65,46.95,47.25,1381000
2024-10-16,47.2,47.2,47.7,46.5,46.9,1029000
2024-10-17,47.7,47.7,48.3,47.4,47.4,1559000
2024-10-18,47.3,47.3,48.0,47.2,47.95,968000
2024-10-21,49.2,49.2,49.9,47.5,47.5,4009000
2024-10-22,49.0,49.0,49.55,48.55,49.25,1658000
2024-10-23,49.2,49.2,49.65,49.05,49.15,1653000
2024-10-24,51.0,51.0,51.5,49.1,49.55,6628000
2024-10-25,50.1,50.1,52.0,50.0,51.5,6976000
2024-10-28,49.45,49.45,51.3,49.4,50.6,4333000
2024-10-29,50.2,50.2,50.4,48.3,49.8,3301000
2024-10-30,49.55,49.55,51.4,49.55,50.5,3012000
2024-11-01,49.75,49.75,50.1,48.7,49.35,1855000
2024-11-04,49.45,49.45,49.8,48.85,49.75,1260000
2024-11-05,49.3,49.3,49.55,48.75,49.5,1360000
2024-11-06,48.2,48.2,49.45,48.15,49.05,1889000
2024-11-07,49.0,49.0,49.6,48.35,48.35,1251000
2024-11-08,49.05,49.05,49.75,48.6,49.45,1467000
2024-11-11,50.2,50.2,51.6,49.5,49.9,5453000
2024-11-12,49.15,49.15,50.9,48.65,50.9,2978000
2024-11-13,49.0,49.0,49.8,48.7,49.8,1188000
2024-11-14,48.3,48.3,49.9,48.3,49.15,1949000
2024-11-15,49.55,49.55,49.85,48.25,48.3,1525000
2024-11-18,48.5,48.5,49.55,48.25,49.55,1590000
2024-11-19,49.05,49.05,49.25,48.15,48.75,926000
2024-11-20,50.2,50.2,51.6,48.2,49.05,4424000
2024-11-21,50.5,50.5,51.3,50.0,51.0,2789000
2024-11-22,50.2,50.2,51.0,50.2,51.0,1308000
2024-11-25,50.8,50.8,51.0,50.2,50.3,1362000
2024-11-26,50.7,50.7,51.5,50.5,50.9,1652000
2024-11-27,50.1,50.1,51.4,50.1,51.0,1741000
2024-11-28,50.6,50.6,50.6,49.55,50.3,1666000
2024-12-02,46.0,46.0,51.6,45.6,51.5,20453000
2024-12-03,45.8,45.8,46.5,44.35,46.5,6532000
2024-12-04,45.4,45.4,46.4,45.3,45.8,2531000
2024-12-05,44.3,44.3,45.65,44.25,45.5,3233000
2024-12-06,43.5,43.5,44.3,43.35,44.25,3045000
2024-12-09,43.0,43.0,43.8,42.9,43.1,2052000
2024-12-10,44.15,44.15,45.6,44.05,44.2,4410000
2024-12-11,43.55,43.55,43.85,42.85,43.7,2203000
2024-12-12,43.7,43.7,43.9,43.35,43.45,1551000
2024-12-13,42.95,42.95,44.0,42.95,44.0,1479000
2024-12-16,41.9,41.9,43.05,41.9,43.05,2292000
2024-12-17,42.25,42.25,42.65,42.0,42.15,1024000
2024-12-18,42.55,42.55,42.7,41.85,42.25,1407000
2024-12-19,41.9,41.9,42.4,41.8,42.0,1674000
2024-12-20,41.5,41.5,42.2,41.5,42.2,1244000
2024-12-23,42.25,42.25,42.5,41.8,42.0,977000
2024-12-24,42.75,42.75,43.25,42.4,42.4,848000
2024-12-25,42.45,42.45,43.35,42.4,43.35,610000
2024-12-26,43.0,43.0,43.25,42.35,42.45,1029000
2024-12-27,42.8,42.8,43.3,42.6,43.25,705000
2024-12-30,43.5,43.5,44.05,42.75,42.75,1343000
2024-12-31,43.85,43.85,43.9,42.95,43.8,1448000
2025-01-02,43.05,43.05,43.85,42.9,43.8,1032000
2025-01-03,43.05,43.05,43.55,42.95,43.55,529000
2025-01-06,43.35,43.35,43.75,43.2,43.3,712000
2025-01-07,42.7,42.7,43.45,42.6,43.4,916000
2025-01-08,42.75,42.75,42.95,42.5,42.7,505000
2025-01-09,42.85,42.85,43.65,42.75,42.75,1381000
2025-01-10,42.3,42.3,43.5,42.25,43.5,805000
2025-01-13,41.9,41.9,42.8,41.55,42.5,1074000
2025-01-14,42.5,42.5,42.65,42.0,42.25,454000
2025-01-15,41.6,41.6,42.4,41.5,42.4,1162000
2025-01-16,41.6,41.6,41.9,41.45,41.75,913000
2025-01-17,40.5,40.5,42.15,40.3,41.7,1811000
2025-01-20,40.55,40.55,40.6,39.65,40.55,1703000
2025-01-21,40.5,40.5,41.0,40.1,40.1,921000
2025-01-22,40.25,40.25,40.7,40.05,40.55,1330000
2025-02-03,40.85,40.85,41.3,39.8,40.25,2055000
2025-02-04,40.0,40.0,40.3,39.85,40.05,1851000
2025-02-05,40.25,40.25,40.5,40.05,40.4,1252000
2025-02-06,41.1,41.1,41.25,39.65,39.65,2461000
2025-02-07,40.8,40.8,41.1,40.55,40.8,861000
2025-02-10,40.35,40.35,41.15,40.2,40.85,1108000
2025-02-11,40.1,40.1,40.5,40.05,40.35,1420000
2025-02-12,40.1,40.1,40.6,40.05,40.2,1321000
2025-02-13,40.5,40.5,40.7,40.2,40.4,879000
2025-02-14,41.05,41.05,41.3,40.65,41.05,1444000
2025-02-17,41.0,41.0,41.3,40.8,41.1,879000
2025-02-18,40.9,40.9,41.2,40.8,41.0,606000
2025-02-19,40.8,40.8,41.1,40.8,40.8,1057000
2025-02-20,40.95,40.95,41.1,40.75,41.1,602000
2025-02-21,41.3,41.3,41.45,41.0,41.0,1294000
2025-02-24,41.4,41.4,41.6,41.1,41.1,804000
2025-02-25,41.4,41.4,41.55,41.05,41.45,677000
2025-02-26,41.65,41.65,41.75,41.2,41.2,615000
2025-02-27,41.35,41.35,41.75,41.0,41.75,1309000
2025-03-03,40.8,40.8,41.2,40.1,40.1,907000
2025-03-04,40.6,40.6,40.95,40.25,40.5,1001000
2025-03-05,41.2,41.2,41.25,40.5,41.0,700000
2025-03-06,40.7,40.7,41.4,40.65,41.4,758000
2025-03-07,40.3,40.3,40.95,40.3,40.95,724000
2025-03-10,40.25,40.25,40.5,40.15,40.3,791000
2025-03-11,40.35,40.35,40.35,39.6,40.25,1020000
2025-03-12,40.6,40.6,40.8,40.5,40.8,577000
2025-03-13,40.0,40.0,40.9,40.0,40.9,834000
2025-03-14,40.25,40.25,40.45,39.85,40.05,657000
2025-03-17,40.3,40.3,40.5,40.2,40.35,603000
2025-03-18,40.2,40.2,40.7,40.2,40.55,532000
2025-03-19,40.05,40.05,40.45,40.05,40.35,544000
2025-03-20,40.25,40.25,40.5,40.25,40.4,435000
2025-03-21,40.05,40.05,40.35,40.0,40.25,623000
2025-03-24,40.05,40.05,40.25,39.65,40.05,1280000
2025-03-25,40.0,40.0,40.1,39.85,39.95,584000
2025-03-26,39.9,39.9,40.85,39.9,40.85,846000
2025-03-27,39.7,39.7,39.95,39.7,39.85,599000
2025-03-28,38.4,38.4,39.85,38.2,39.85,2402000
2025-03-31,36.5,36.5,37.8,36.3,37.8,2786000
2025-04-01,37.95,37.95,38.15,36.85,37.25,1222000
2025-04-02,38.05,38.05,38.1,37.65,38.05,563000
2025-04-07,34.25,34.25,34.25,34.25,34.25,1107000
2025-04-08,34.0,34.0,34.15,32.25,32.35,4174000
2025-04-09,30.6,30.6,33.95,30.6,33.9,4028000
2025-04-10,33.65,33.65,33.65,33.5,33.65,1333000
2025-04-11,34.3,34.3,34.5,32.1,33.65,1311000
2025-04-14,34.95,34.95,35.5,34.3,34.3,966000
2025-04-15,35.1,35.1,35.5,34.75,34.75,780000
2025-04-16,34.6,34.6,35.3,34.6,35.2,1070000
2025-04-17,35.05,35.05,35.2,34.2,34.5,694000
2025-04-18,34.9,34.9,35.5,34.85,35.05,490000
2025-04-21,34.1,34.1,35.3,34.1,35.0,445000
2025-04-22,33.95,33.95,34.75,33.3,34.1,695000
2025-04-23,34.3,34.3,34.7,34.1,34.2,429000
2025-04-24,34.2,34.2,34.4,33.9,34.3,473000
2025-04-25,34.55,34.55,34.6,34.2,34.55,500000
2025-04-28,35.0,35.0,35.05,34.3,34.45,426000
2025-04-29,35.6,35.6,35.7,35.0,35.0,521000
2025-04-30,35.8,35.8,36.15,35.55,35.6,566000
2025-05-02,36.3,36.3,36.6,35.9,36.05,623000
2025-05-05,36.1,36.1,36.5,35.2,36.45,865000
2025-05-06,35.95,35.95,36.2,35.5,35.5,559000
2025-05-07,35.55,35.55,35.95,35.1,35.8,567000
2025-05-08,35.75,35.75,36.2,35.5,36.0,445000
2025-05-09,35.65,35.65,36.0,35.5,35.95,412000
2025-05-12,36.2,36.2,36.2,35.3,35.5,642000
2025-05-13,37.1,37.1,37.75,36.7,36.95,1151000
2025-05-14,38.25,38.25,38.85,37.4,37.5,1772000
2025-05-15,37.45,37.45,38.3,37.35,38.15,936000
2025-05-16,38.0,38.0,38.05,37.55,37.85,556000
2025-05-19,38.4,38.4,38.7,37.85,38.2,932000
2025-05-20,38.45,38.45,38.5,38.15,38.4,479000
2025-05-21,39.45,39.45,39.8,38.4,38.4,1643000
2025-05-22,39.5,39.5,40.0,39.0,39.2,1478000
2025-05-23,39.6,39.6,40.3,39.35,39.55,1633000
2025-05-26,39.95,39.95,41.5,39.65,39.85,3273000
2025-05-27,39.7,39.7,40.2,39.3,39.95,1194000
2025-05-28,39.5,39.5,39.85,38.8,39.7,1112000
2025-05-29,40.35,40.35,40.35,38.6,39.4,1054000
2025-06-02,39.5,39.5,39.85,38.7,39.25,1368000
2025-06-03,39.8,39.8,40.35,39.25,39.5,810000
2025-06-04,40.0,40.0,40.25,39.75,40.0,853000
2025-06-05,40.1,40.1,40.3,39.8,39.9,1284000
2025-06-06,40.2,40.2,40.3,39.7,40.1,1484000
2025-06-09,40.75,40.75,40.8,39.8,40.5,1849000
2025-06-10,38.95,38.95,40.8,38.7,40.75,1695000
2025-06-11,38.75,38.75,39.15,38.5,38.9,876000
2025-06-12,38.6,38.6,39.25,38.6,39.1,482000
2025-06-13,38.45,38.45,38.9,38.3,38.55,565000
2025-06-16,38.9,38.9,39.45,38.4,38.6,559000
2025-06-17,38.45,38.45,39.1,38.35,39.1,598000
2025-06-18,38.45,38.45,38.85,38.25,38.7,568000
2025-06-19,38.0,38.0,38.45,38.0,38.3,464000
2025-06-20,37.7,37.7,38.1,37.5,38.0,508000
2025-06-23,37.7,37.7,37.8,37.05,37.3,259000
2025-06-24,38.4,38.4,38.55,37.85,37.85,490000
2025-06-25,38.4,38.4,38.75,38.15,38.6,201000
2025-06-26,38.15,38.15,38.8,38.15,38.25,447000
2025-06-27,38.05,38.05,38.3,37.95,38.2,365000
2025-06-30,38.2,38.2,38.2,37.8,38.1,347000
2025-07-01,37.9,37.9,38.5,37.9,38.15,387000
2025-07-02,37.65,37.65,37.9,37.55,37.7,709000
2025-07-03,37.65,37.65,38.15,37.6,38.15,359000
2025-07-04,36.85,36.85,37.7,36.8,37.65,541000
2025-07-07,37.1,37.1,37.1,36.65,36.75,213000
2025-07-08,36.6,36.6,37.1,36.5,37.1,441000
2025-07-09,36.65,36.65,36.85,36.45,36.6,452000
2025-07-10,37.1,37.1,37.3,36.8,36.8,465000
2025-07-11,37.8,37.8,37.95,37.15,37.35,826000
2025-07-14,37.45,37.45,37.95,37.45,37.85,548000
2025-07-15,37.15,37.15,37.7,37.1,37.7,244000
2025-07-16,36.9,36.9,37.35,36.8,37.05,492000
2025-07-17,37.4,37.4,37.65,36.9,36.9,650000
2025-07-18,37.55,37.55,37.8,37.2,37.4,301000
2025-07-21,37.8,37.8,38.05,37.45,37.9,318000
2025-07-22,36.95,36.95,37.9,36.9,37.9,582000
2025-07-23,37.45,37.45,37.65,37.0,37.2,394000
2025-07-24,37.9,37.9,37.95,37.35,37.8,420000
2025-07-25,37.45,37.45,38.0,37.4,37.9,297000
2025-07-28,37.2,37.2,37.45,37.2,37.45,435000
2025-07-29,37.3,37.3,37.55,37.05,37.35,489000
2025-07-30,37.75,37.75,37.8,37.15,37.3,502000
2025-07-31,37.3,37.3,37.65,37.25,37.65,409000
2025-08-01,37.35,37.35,37.55,36.85,37.2,191000
2025-08-04,38.25,38.25,38.65,37.25,37.6,643000
2025-08-05,38.8,38.8,39.1,38.4,38.65,825000
2025-08-06,38.75,38.75,38.9,38.5,38.8,471000
2025-08-07,38.2,38.2,39.0,38.15,38.85,511000
2025-08-08,37.95,37.95,38.55,37.85,38.55,465000
2025-08-11,37.05,37.05,37.8,37.0,37.8,957000
2025-08-12,37.35,37.35,37.65,37.05,37.25,651000
2025-08-13,37.1,37.1,37.5,36.95,37.35,929000
2025-08-14,37.7,37.7,37.75,37.1,37.1,545000
2025-08-15,37.6,37.6,37.9,37.45,37.85,525000
2025-08-18,37.2,37.2,37.9,37.1,37.75,764000
2025-08-19,37.2,37.2,37.55,37.0,37.2,528000
2025-08-20,36.55,36.55,37.2,36.45,37.2,1095000
2025-08-21,37.6,37.6,37.7,36.55,36.55,908000
2025-08-22,38.85,38.85,39.0,37.75,37.95,1318000
2025-08-25,37.95,37.95,38.85,37.9,38.85,919000
2025-08-26,37.65,37.65,38.15,37.45,37.95,894000
2025-08-27,37.3,37.3,37.8,37.25,37.6,840000
2025-08-28,37.4,37.4,37.8,37.2,37.8,452000
2025-08-29,37.2,37.2,37.8,37.2,37.35,435000
2025-09-01,37.6,37.6,37.7,36.5,36.5,1241000
2025-09-02,40.2,40.2,40.8,37.65,37.65,4930000
2025-09-03,41.6,41.6,42.95,40.8,41.7,13931000
2025-09-04,40.35,40.35,41.6,40.2,41.6,2877000
2025-09-05,40.3,40.3,40.5,39.25,40.35,2238000
2025-09-08,39.95,39.95,40.7,39.75,40.3,1658000
2025-09-09,39.95,39.95,40.15,39.5,39.95,1488000
2025-09-10,39.7,39.7,40.4,39.7,40.0,1470000
2025-09-11,38.7,38.7,39.7,38.3,39.7,2081000
2025-09-12,38.4,38.4,39.3,38.4,39.0,1275000
2025-09-15,38.35,38.35,38.9,38.1,38.7,859000
2025-09-16,38.95,38.95,39.0,38.5,38.75,985000
2025-09-17,38.85,38.85,39.25,38.6,39.15,962000
2025-09-18,39.15,39.15,39.55,39.05,39.15,777000
2025-09-19,39.5,39.5,39.5,39.0,39.4,1146000
2025-09-22,39.2,39.2,39.55,39.15,39.55,832000
2025-09-23,39.3,39.3,39.45,39.0,39.45,793000
2025-09-24,39.3,39.3,39.7,39.25,39.3,739000
2025-09-25,39.1,39.1,39.5,39.1,39.3,849000
2025-09-26,38.85,38.85,39.35,38.65,39.35,800000
2025-09-30,38.85,38.85,39.15,38.5,38.9,1006000
2025-10-01,38.7,38.7,39.55,38.5,39.5,2332000
2025-10-02,38.5,38.5,39.2,38.5,38.9,3136000
2025-10-03,35.7,35.7,36.7,35.6,36.7,2564000
2025-10-07,35.1,35.1,35.65,35.1,35.55,1168000
2025-10-08,34.8,34.8,35.15,34.65,35.1,1246000
2025-10-09,34.6,34.6,35.15,34.5,34.85,1552000
2025-10-13,34.15,34.15,34.25,33.6,34.05,1340000
2025-10-14,33.9,33.9,34.85,33.75,34.15,1527000
2025-10-15,33.75,33.75,34.3,33.55,34.25,1456000
2025-10-16,33.8,33.8,34.0,33.75,33.9,697000
2025-10-17,33.85,33.85,34.15,33.7,33.85,628000
2025-10-20,33.6,33.6,33.9,33.4,33.85,1203000
2025-10-21,34.75,34.75,35.5,33.6,33.6,1747000
2025-10-22,34.55,34.55,34.8,34.0,34.75,590000
2025-10-23,34.5,34.5,35.2,34.45,34.9,702000
2025-10-27,34.3,34.3,34.7,34.1,34.6,1153000
2025-10-28,33.75,33.75,34.3,33.65,34.3,1415000
2025-10-29,34.05,34.05,34.1,33.1,34.0,2145000
2025-10-30,33.8,33.8,34.3,33.4,34.2,1255000
2025-10-31,33.95,33.95,34.35,33.65,34.0,1268000
2025-11-03,35.3,35.3,35.4,33.9,33.95,1666000
2025-11-04,36.85,36.85,37.6,35.3,35.4,4847000
2025-11-05,35.55,35.55,36.25,35.3,35.55,2622000
2025-11-06,35.2,35.2,35.65,34.75,35.6,1021000
2025-11-07,34.6,34.6,35.0,34.25,35.0,1143000
2025-11-10,35.1,35.1,35.3,34.4,35.15,1329000
2025-11-11,35.15,35.15,35.45,34.95,35.1,1216000
2025-11-12,36.75,36.75,37.35,35.3,36.2,4898000
2025-11-13,37.0,37.0,37.3,36.55,37.0,2872000
2025-11-14,37.65,37.65,37.8,36.9,37.0,3590000
2025-11-17,36.95,36.95,37.95,36.8,37.8,2755000
2025-11-18,36.05,36.05,36.95,35.8,36.95,1713000
2025-11-19,35.65,35.65,36.25,35.4,36.0,1352000
2025-11-20,36.35,36.35,36.4,35.9,36.05,677000
2025-11-21,35.9,35.9,36.1,35.5,35.8,627000
2025-11-24,36.65,36.65,36.65,35.95,36.05,1443000
2025-11-25,36.1,36.1,36.85,36.1,36.7,785000
2025-11-26,36.5,36.5,36.8,36.2,36.35,951000
2025-11-27,36.6,36.6,36.75,36.35,36.6,892000
2025-11-28,37.95,37.95,38.1,36.8,36.8,3654000
2025-12-01,38.2,38.2,38.5,37.8,38.05,1775000
2025-12-02,38.35,38.35,38.6,38.05,38.3,1713000
2025-12-03,37.35,37.35,38.55,37.15,38.5,2505000
2025-12-04,37.55,37.55,37.7,37.2,37.2,961000
2025-12-05,37.65,37.65,37.8,37.15,37.8,958000
2025-12-08,36.9,36.9,37.5,36.9,37.5,1213000
2025-12-09,37.25,37.25,37.55,36.9,37.55,840000
2025-12-10,36.65,36.65,37.65,36.65,37.65,1078000
2025-12-11,37.05,37.05,37.5,36.95,37.5,1466000
2025-12-12,37.45,37.45,37.75,37.1,37.1,1244000
2025-12-15,37.6,37.6,37.65,37.1,37.2,549000
2025-12-16,37.6,37.6,37.8,37.05,37.6,864000
2025-12-17,37.55,37.55,37.85,37.3,37.8,932000
2025-12-18,37.8,37.8,37.85,37.3,37.55,786000
2025-12-19,38.0,38.0,38.3,37.85,37.9,2332000
2025-12-22,37.65,37.65,38.2,37.4,38.2,1318000
2025-12-23,37.05,37.05,37.75,37.05,37.65,1020000
2025-12-24,37.05,37.05,37.5,37.0,37.5,786000
2025-12-26,37.1,37.1,37.25,36.8,37.2,752000
2025-12-29,39.2,39.2,39.3,37.65,37.8,5131000
2025-12-30,41.45,41.45,42.4,39.95,40.3,12602000
2025-12-31,41.6,41.6,41.75,40.7,41.45,3840000
2026-01-02,40.5,40.5,41.95,40.15,41.75,3939000
2026-01-05,40.45,40.45,41.1,40.0,40.6,2174000
2026-01-06,40.15,40.15,41.35,40.0,40.8,2251000
2026-01-07,39.4,39.4,40.15,39.3,40.15,2180000
2026-01-08,40.25,40.25,40.3,39.5,39.5,1833000
2026-01-09,40.9,40.9,41.5,40.4,40.5,2402000
2026-01-12,40.95,40.95,41.2,40.5,41.2,1056000
2026-01-13,40.6,40.6,41.0,40.2,40.95,1116000
2026-01-14,41.2,41.2,41.45,40.5,40.95,1696000
2026-01-15,41.8,41.8,42.8,41.75,42.0,4481000
2026-01-16,42.2,42.2,44.55,42.1,43.0,7633000
2026-01-19,41.65,41.65,42.95,41.4,42.8,3366000
2026-01-20,41.7,41.7,42.05,41.4,41.55,1557000
2026-01-21,41.0,41.0,41.7,40.9,41.7,1617000
2026-01-22,41.5,41.5,41.6,40.8,41.15,1397000
2026-01-23,42.3,42.3,42.3,41.2,41.5,2167000
2026-01-26,42.5,42.5,43.5,42.35,42.4,3601000
2026-01-27,43.3,43.3,44.3,42.95,43.0,5430000
2026-01-28,42.45,42.45,43.95,42.0,43.9,4416000
2026-01-29,41.4,41.4,42.15,41.35,42.1,2017000
2026-01-30,40.3,40.3,41.7,40.15,41.5,2206000
2026-02-02,39.75,39.75,40.65,39.5,40.4,2128000
2026-02-03,39.45,39.45,40.5,39.3,40.5,1299000
2026-02-04,40.1,40.1,40.1,39.3,39.45,1389000
2026-02-05,39.6,39.6,40.75,39.5,40.1,2617000
2026-02-06,39.4,39.4,39.45,38.35,39.1,2080000
2026-02-09,39.05,39.05,39.7,38.75,39.4,1444000
2026-02-10,39.7,39.7,40.5,39.35,40.2,1197000
2026-02-11,40.0,40.0,40.05,39.3,39.7,1095000
2026-02-23,42.4,42.4,42.95,40.4,40.5,6092000
2026-02-24,43.65,43.65,43.7,42.2,42.3,5495000
2026-02-25,43.15,43.15,44.35,42.9,43.7,3058000
2026-02-26,43.8,43.8,44.4,43.35,43.85,3990000
2026-03-02,45.0,45.0,45.15,42.8,43.3,11831000
2026-03-03,44.9,44.9,45.2,43.8,44.8,10780000
2026-03-04,49.35,49.35,49.35,45.8,48.5,39338000
2026-03-05,48.0,48.0,51.4,48.0,49.8,45190000
2026-03-06,48.95,48.95,49.6,48.15,48.8,15556000
2026-03-09,44.55,44.55,46.6,44.2,45.4,12041000
2026-03-10,43.85,43.85,45.35,42.85,44.55,9554000
2026-03-11,44.4,44.4,45.1,43.8,44.0,4715000
2026-03-12,44.65,44.65,44.75,43.55,44.2,3364000
2026-03-13,43.75,43.75,44.65,43.65,44.2,2862000
2026-03-16,44.4,44.4,44.8,43.85,44.5,3452000
2026-03-17,44.65,44.65,45.0,43.85,45.0,4691000
2026-03-18,44.35,44.35,45.1,44.35,44.95,3312000
2026-03-19,42.8,42.8,44.1,42.75,44.1,4605000
2026-03-20,42.25,42.25,43.15,42.25,42.9,3475000
2026-03-23,41.1,41.1,41.95,40.8,41.0,2887000
2026-03-24,41.85,41.85,42.2,41.05,42.0,3025000
2026-03-25,41.65,41.65,42.45,41.45,42.4,3425000
2026-03-26,41.4,41.4,42.25,41.4,41.75,1624000
2026-03-27,40.8,40.8,41.2,40.5,41.05,1908000
2026-03-30,40.5,40.5,41.25,40.05,40.15,1666000
2026-03-31,40.5,40.5,41.15,40.25,40.9,1558000
2026-04-01,42.0,42.0,42.25,41.0,41.0,2378000
2026-04-02,41.7,41.7,43.2,41.5,42.65,3415000
2026-04-07,40.95,40.95,42.1,40.6,42.1,1868000
2026-04-08,41.1,41.1,41.35,40.7,41.3,1610000
2026-04-09,39.7,39.7,41.1,39.6,41.05,3876000
2026-04-10,39.95,39.95,40.85,39.9,40.1,2063000
2026-04-13,39.9,39.9,40.35,39.75,39.95,1892000
2026-04-14,40.25,40.25,40.9,40.0,40.0,1885000
2026-04-15,41.55,41.55,42.05,40.8,41.15,5322000
2026-04-16,41.65,41.65,42.05,41.35,41.7,2857000
2026-04-17,40.4,40.4,41.75,40.3,41.7,4350000
2026-04-20,39.8,39.8,40.7,39.6,40.65,3645000
2026-04-21,39.55,39.55,40.0,39.35,40.0,2939000
2026-04-22,40.5,40.5,40.85,39.35,39.55,3134000
2026-04-23,39.55,39.55,40.7,39.0,40.7,3159000
2026-04-24,39.3,39.3,39.85,39.1,39.8,1645000
2026-04-27,38.85,38.85,39.3,38.8,39.15,2132000
2026-04-28,39.1,39.1,39.5,38.65,38.7,1184000
2026-04-29,39.1,39.1,39.5,39.05,39.1,941000
2026-04-30,39.0,39.0,39.55,39.0,39.4,1885000
2026-05-04,38.75,38.75,39.2,38.75,39.0,2535000
2026-05-05,38.65,38.65,39.05,38.6,39.0,2258000
2026-05-06,38.0,38.0,38.65,37.9,38.6,4210000
2026-05-07,38.1,38.1,38.3,37.6,38.0,2335000
2026-05-08,37.95,37.95,38.45,37.6,38.25,2155000
2026-05-11,38.3,38.3,38.45,37.65,38.1,2206000
2026-05-12,38.35,38.35,38.5,37.85,38.45,1759000
2026-05-13,38.3,38.3,38.45,38.1,38.25,1738000
2026-05-14,39.45,39.45,40.0,38.75,39.05,9236000
2026-05-15,38.3,38.3,39.75,38.3,39.75,4021000
2026-05-18,37.95,37.95,38.35,37.85,38.3,1987000
2026-05-19,37.95,37.95,38.45,37.75,38.15,1981000
2026-05-20,38.2,38.2,38.3,37.85,38.0,1195000
2026-05-21,38.75,38.75,38.8,38.25,38.3,1742000
2026-05-22,38.7,38.7,38.9,38.45,38.85,1661000
2026-05-25,37.9,37.9,38.75,37.85,38.75,4298000
2026-05-26,37.7,37.7,38.2,37.65,38.2,2005000
2026-05-27,37.25,37.25,37.8,37.25,37.7,2725000
2026-05-28,37.8,37.8,38.15,37.15,37.2,1970000
2026-05-29,38.25,38.25,38.3,37.85,38.0,2245000
2026-06-01,38.4,38.4,38.55,37.9,38.55,2203000
2026-06-02,38.35,38.35,38.35,38.05,38.35,1360000
2026-06-03,38.35,38.35,38.4,38.1,38.4,2235000
2026-06-04,38.45,38.45,38.8,38.4,38.45,3166000
2026-06-05,38.8,38.8,39.4,38.5,38.5,3862000
2026-06-08,37.9,37.9,38.15,36.85,37.35,2544000
2026-06-09,37.8,37.8,38.65,37.75,38.15,2378000
2026-06-10,37.95,37.95,38.3,37.65,37.85,2136000
2026-06-11,37.35,37.35,38.0,37.1,38.0,2204000
2026-06-12,37.65,37.65,37.85,37.5,37.7,1334000
2026-06-15,37.65,37.65,37.9,37.6,37.85,1266000
2026-06-16,37.05,37.05,37.7,37.0,37.7,2730000
2026-06-17,37.15,37.15,37.45,36.9,37.1,1327000
2026-06-18,37.2,37.2,37.35,37.0,37.2,1686000
2026-06-22,36.95,36.95,37.15,36.8,37.15,2511000
2026-06-23,37.3,37.3,37.3,36.85,37.0,1627000
2026-06-24,38.25,38.25,38.3,37.1,37.1,3423000
2026-06-25,37.85,37.85,38.75,37.85,38.4,2231000
2026-06-26,37.2,37.2,38.05,37.1,37.85,2054000
2026-06-29,38.05,38.05,38.2,37.5,37.5,1871000
2026-06-30,38.15,38.15,38.5,38.05,38.35,1688000
2026-07-01,38.1,38.1,38.35,37.9,38.35,1332000
2026-07-02,38.4,38.4,38.9,38.05,38.4,3025000
2026-07-03,39.65,39.65,40.25,38.7,38.8,8164000
2026-07-06,39.8,39.8,40.55,39.7,40.0,4035000
2026-07-07,39.5,39.5,40.2,39.05,40.0,2519000
2026-07-08,39.35,39.35,40.1,38.8,39.55,2423000
2026-07-09,38.95,38.95,39.5,38.75,39.5,1340000
2026-07-13,38.05,38.05,38.95,37.9,38.75,2279000
2026-07-14,37.4,37.4,38.15,37.05,38.15,2061000
2026-07-15,38.05,38.05,38.15,37.35,37.6,1220000
2026-07-16,38.0,38.0,38.2,37.9,37.9,758000
2026-07-17,37.0,37.0,37.9,36.8,37.6,2249000
2026-07-20,37.5,37.5,37.75,36.6,36.8,1903000
2026-07-21,38.05,38.05,38.3,37.5,37.5,1951000
2026-07-22,38.35,38.35,38.55,37.8,38.05,1828000
2026-07-23,38.3,38.3,38.45,37.8,38.4,1167000
2026-07-24,38.25,38.25,38.75,38.1,38.2,1039000
2026-07-27,38.4,38.4,38.5,38.1,38.35,989000
2026-07-28,38.1,38.1,38.4,37.85,38.2,1293000
2026-07-29,38.1,38.1,38.5,37.25,38.45,2304000
2026-07-30,37.45,37.45,38.5,37.3,38.0,1714000
2026-07-31,37.75,37.75,38.6,37.65,38.1,2288000
2026-08-03,38.5,38.5,38.8,37.5,37.75,2584000
2026-08-04,38.95,38.95,39.5,38.55,38.8,2995000
2026-08-05,39.15,39.15,39.4,38.7,39.4,3333000
2026-08-06,38.75,38.75,39.15,38.65,39.15,1650000
2026-08-07,39.1,39.1,39.25,38.65,38.75,2005000
2026-08-10,39.4,39.4,39.4,38.95,39.05,2876000
2026-08-11,39.0,39.0,39.35,38.9,39.35,1754000
2026-08-12,35.1,35.1,35.1,35.1,35.1,3778000
2026-08-13,34.7,34.7,34.9,33.85,34.1,10370000
2026-08-14,34.3,34.3,34.55,33.85,34.45,5490000
2026-08-17,31.85,31.85,32.2,31.65,31.85,3897000
2026-08-18,31.95,31.95,31.95,31.65,31.7,1293000
2026-08-19,32.4,32.4,32.45,31.7,31.9,1847000
2026-08-20,32.4,32.4,32.85,32.25,32.8,1289000
2026-08-21,32.95,32.95,33.1,32.25,32.45,1605000
2026-08-24,32.35,32.35,32.95,32.35,32.8,1692910
2026-08-25,32.45,32.45,32.45,32.0,32.35,1354964
2026-08-26,32.1,32.1,32.4,32.0,32.4,1632769
2026-08-27,31.85,31.85,32.1,31.65,32.1,1788297
2026-08-28,31.7,31.7,31.95,31.4,31.95,1737921
2026-08-31,31.25,31.25,31.8,31.25,31.8,1599690
2026-09-01,31.05,31.05,31.25,30.95,31.25,1682509
2026-09-02,30.85,30.85,31.0,30.65,31.0,1515812
2026-09-03,30.55,30.55,30.95,30.5,30.85,1999861
