Date,Adj Close,Close,High,Low,Open,Volume
2016-08-12,39.7,39.7,39.85,39.2,39.5,29221
2016-08-15,39.7,39.7,39.85,39.2,39.5,29221
2016-08-16,39.7,39.7,39.85,39.2,39.5,29221
2016-08-17,39.7,39.7,39.85,39.2,39.5,29221
2016-08-18,39.7,39.7,39.85,39.2,39.5,29221
2016-08-19,39.7,39.7,39.85,39.2,39.5,29221
2016-08-22,39.7,39.7,39.85,39.2,39.5,29221
2016-08-23,39.7,39.7,39.85,39.2,39.5,29221
2016-08-24,39.7,39.7,39.85,39.2,39.5,29221
2016-08-25,39.7,39.7,39.85,39.2,39.5,29221
2016-08-26,39.7,39.7,39.85,39.2,39.5,29221
2016-08-29,39.7,39.7,39.85,39.2,39.5,29221
2016-08-30,39.7,39.7,39.85,39.2,39.5,29221
2016-08-31,39.7,39.7,39.85,39.2,39.5,29221
2016-09-01,39.7,39.7,39.85,39.2,39.5,29221
2016-09-02,39.7,39.7,39.85,39.2,39.5,29221
2016-09-05,39.7,39.7,39.85,39.2,39.5,29221
2016-09-06,39.7,39.7,39.85,39.2,39.5,29221
2016-09-07,39.7,39.7,39.85,39.2,39.5,29221
2016-09-08,39.7,39.7,39.85,39.2,39.5,29221
2016-09-09,39.7,39.7,39.85,39.2,39.5,29221
2016-09-12,39.7,39.7,39.85,39.2,39.5,29221
2016-09-13,39.7,39.7,39.85,39.2,39.5,29221
2016-09-14,39.7,39.7,39.85,39.2,39.5,29221
2016-09-15,39.7,39.7,39.85,39.2,39.5,29221
2016-09-16,39.7,39.7,39.85,39.2,39.5,29221
2016-09-19,39.7,39.7,39.85,39.2,39.5,29221
2016-09-20,39.7,39.7,39.85,39.2,39.5,29221
2016-09-21,39.7,39.7,39.85,39.2,39.5,29221
2016-09-22,39.7,39.7,39.85,39.2,39.5,29221
2016-09-23,39.7,39.7,39.85,39.2,39.5,29221
2016-09-26,39.7,39.7,39.85,39.2,39.5,29221
2016-09-27,39.7,39.7,39.85,39.2,39.5,29221
2016-09-28,39.7,39.7,39.85,39.2,39.5,29221
2016-09-29,39.7,39.7,39.85,39.2,39.5,29221
2016-09-30,39.7,39.7,39.85,39.2,39.5,29221
2016-10-03,39.7,39.7,39.85,39.2,39.5,29221
2016-10-04,39.7,39.7,39.85,39.2,39.5,29221
2016-10-05,39.7,39.7,39.85,39.2,39.5,29221
2016-10-06,39.7,39.7,39.85,39.2,39.5,29221
2016-10-07,39.7,39.7,39.85,39.2,39.5,29221
2016-10-10,39.7,39.7,39.85,39.2,39.5,29221
2016-10-11,39.7,39.7,39.85,39.2,39.5,29221
2016-10-12,39.7,39.7,39.85,39.2,39.5,29221
2016-10-13,39.7,39.7,39.85,39.2,39.5,29221
2016-10-14,39.7,39.7,39.85,39.2,39.5,29221
2016-10-17,39.7,39.7,39.85,39.2,39.5,29221
2016-10-18,39.7,39.7,39.85,39.2,39.5,29221
2016-10-19,39.7,39.7,39.85,39.2,39.5,29221
2016-10-20,39.7,39.7,39.85,39.2,39.5,29221
2016-10-21,39.7,39.7,39.85,39.2,39.5,29221
2016-10-24,39.7,39.7,39.85,39.2,39.5,29221
2016-10-25,39.7,39.7,39.85,39.2,39.5,29221
2016-10-26,39.7,39.7,39.85,39.2,39.5,29221
2016-10-27,39.7,39.7,39.85,39.2,39.5,29221
2016-10-28,39.7,39.7,39.85,39.2,39.5,29221
2016-10-31,39.7,39.7,39.85,39.2,39.5,29221
2016-11-01,39.7,39.7,39.85,39.2,39.5,29221
2016-11-02,39.7,39.7,39.85,39.2,39.5,29221
2016-11-03,39.7,39.7,39.85,39.2,39.5,29221
2016-11-04,39.7,39.7,39.85,39.2,39.5,29221
2016-11-07,39.7,39.7,39.85,39.2,39.5,29221
2016-11-08,39.7,39.7,39.85,39.2,39.5,29221
2016-11-09,39.7,39.7,39.85,39.2,39.5,29221
2016-11-10,39.7,39.7,39.85,39.2,39.5,29221
2016-11-11,39.7,39.7,39.85,39.2,39.5,29221
2016-11-14,39.7,39.7,39.85,39.2,39.5,29221
2016-11-15,39.7,39.7,39.85,39.2,39.5,29221
2016-11-16,39.7,39.7,39.85,39.2,39.5,29221
2016-11-17,39.7,39.7,39.85,39.2,39.5,29221
2016-11-18,39.7,39.7,39.85,39.2,39.5,29221
2016-11-21,39.7,39.7,39.85,39.2,39.5,29221
2016-11-22,39.7,39.7,39.85,39.2,39.5,29221
2016-11-23,39.7,39.7,39.85,39.2,39.5,29221
2016-11-24,39.7,39.7,39.85,39.2,39.5,29221
2016-11-25,39.7,39.7,39.85,39.2,39.5,29221
2016-11-28,39.7,39.7,39.85,39.2,39.5,29221
2016-11-29,39.7,39.7,39.85,39.2,39.5,29221
2016-11-30,39.7,39.7,39.85,39.2,39.5,29221
2016-12-01,39.7,39.7,39.85,39.2,39.5,29221
2016-12-02,39.7,39.7,39.85,39.2,39.5,29221
2016-12-05,39.7,39.7,39.85,39.2,39.5,29221
2016-12-06,39.7,39.7,39.85,39.2,39.5,29221
2016-12-07,39.7,39.7,39.85,39.2,39.5,29221
2016-12-08,39.7,39.7,39.85,39.2,39.5,29221
2016-12-09,39.7,39.7,39.85,39.2,39.5,29221
2016-12-12,39.7,39.7,39.85,39.2,39.5,29221
2016-12-13,39.7,39.7,39.85,39.2,39.5,29221
2016-12-14,39.7,39.7,39.85,39.2,39.5,29221
2016-12-15,39.7,39.7,39.85,39.2,39.5,29221
2016-12-16,39.7,39.7,39.85,39.2,39.5,29221
2016-12-19,39.7,39.7,39.85,39.2,39.5,29221
2016-12-20,39.7,39.7,39.85,39.2,39.5,29221
2016-12-21,39.7,39.7,39.85,39.2,39.5,29221
2016-12-22,39.7,39.7,39.85,39.2,39.5,29221
2016-12-23,39.7,39.7,39.85,39.2,39.5,29221
2016-12-26,39.7,39.7,39.85,39.2,39.5,29221
2016-12-27,39.7,39.7,39.85,39.2,39.5,29221
2016-12-28,39.7,39.7,39.85,39.2,39.5,29221
2016-12-29,39.7,39.7,39.85,39.2,39.5,29221
2016-12-30,39.7,39.7,39.85,39.2,39.5,29221
2017-01-02,39.7,39.7,39.85,39.2,39.5,29221
2017-01-03,39.7,39.7,39.85,39.2,39.5,29221
2017-01-04,39.7,39.7,39.85,39.2,39.5,29221
2017-01-05,39.7,39.7,39.85,39.2,39.5,29221
2017-01-06,39.7,39.7,39.85,39.2,39.5,29221
2017-01-09,39.7,39.7,39.85,39.2,39.5,29221
2017-01-10,39.7,39.7,39.85,39.2,39.5,29221
2017-01-11,39.7,39.7,39.85,39.2,39.5,29221
2017-01-12,39.7,39.7,39.85,39.2,39.5,29221
2017-01-13,39.7,39.7,39.85,39.2,39.5,29221
2017-01-16,39.7,39.7,39.85,39.2,39.5,29221
2017-01-17,39.7,39.7,39.85,39.2,39.5,29221
2017-01-18,39.7,39.7,39.85,39.2,39.5,29221
2017-01-19,39.7,39.7,39.85,39.2,39.5,29221
2017-01-20,39.7,39.7,39.85,39.2,39.5,29221
2017-01-23,39.7,39.7,39.85,39.2,39.5,29221
2017-01-24,39.7,39.7,39.85,39.2,39.5,29221
2017-01-25,39.7,39.7,39.85,39.2,39.5,29221
2017-01-26,39.7,39.7,39.85,39.2,39.5,29221
2017-01-27,39.7,39.7,39.85,39.2,39.5,29221
2017-01-30,39.7,39.7,39.85,39.2,39.5,29221
2017-01-31,39.7,39.7,39.85,39.2,39.5,29221
2017-02-01,39.7,39.7,39.85,39.2,39.5,29221
2017-02-02,39.7,39.7,39.85,39.2,39.5,29221
2017-02-03,39.7,39.7,39.85,39.2,39.5,29221
2017-02-06,39.7,39.7,39.85,39.2,39.5,29221
2017-02-07,39.7,39.7,39.85,39.2,39.5,29221
2017-02-08,39.7,39.7,39.85,39.2,39.5,29221
2017-02-09,39.7,39.7,39.85,39.2,39.5,29221
2017-02-10,39.7,39.7,39.85,39.2,39.5,29221
2017-02-13,39.7,39.7,39.85,39.2,39.5,29221
2017-02-14,39.7,39.7,39.85,39.2,39.5,29221
2017-02-15,39.7,39.7,39.85,39.2,39.5,29221
2017-02-16,39.7,39.7,39.85,39.2,39.5,29221
2017-02-17,39.7,39.7,39.85,39.2,39.5,29221
2017-02-20,39.7,39.7,39.85,39.2,39.5,29221
2017-02-21,39.7,39.7,39.85,39.2,39.5,29221
2017-02-22,39.7,39.7,39.85,39.2,39.5,29221
2017-02-23,39.7,39.7,39.85,39.2,39.5,29221
2017-02-24,39.7,39.7,39.85,39.2,39.5,29221
2017-02-27,39.7,39.7,39.85,39.2,39.5,29221
2017-02-28,39.7,39.7,39.85,39.2,39.5,29221
2017-03-01,39.7,39.7,39.85,39.2,39.5,29221
2017-03-02,39.7,39.7,39.85,39.2,39.5,29221
2017-03-03,39.7,39.7,39.85,39.2,39.5,29221
2017-03-06,39.7,39.7,39.85,39.2,39.5,29221
2017-03-07,39.7,39.7,39.85,39.2,39.5,29221
2017-03-08,39.7,39.7,39.85,39.2,39.5,29221
2017-03-09,39.7,39.7,39.85,39.2,39.5,29221
2017-03-10,39.7,39.7,39.85,39.2,39.5,29221
2017-03-13,39.7,39.7,39.85,39.2,39.5,29221
2017-03-14,39.7,39.7,39.85,39.2,39.5,29221
2017-03-15,39.7,39.7,39.85,39.2,39.5,29221
2017-03-16,39.7,39.7,39.85,39.2,39.5,29221
2017-03-17,39.7,39.7,39.85,39.2,39.5,29221
2017-03-20,39.7,39.7,39.85,39.2,39.5,29221
2017-03-21,39.7,39.7,39.85,39.2,39.5,29221
2017-03-22,39.7,39.7,39.85,39.2,39.5,29221
2017-03-23,39.7,39.7,39.85,39.2,39.5,29221
2017-03-24,39.7,39.7,39.85,39.2,39.5,29221
2017-03-27,39.7,39.7,39.85,39.2,39.5,29221
2017-03-28,39.7,39.7,39.85,39.2,39.5,29221
2017-03-29,39.7,39.7,39.85,39.2,39.5,29221
2017-03-30,39.7,39.7,39.85,39.2,39.5,29221
2017-03-31,39.7,39.7,39.85,39.2,39.5,29221
2017-04-03,39.7,39.7,39.85,39.2,39.5,29221
2017-04-04,39.7,39.7,39.85,39.2,39.5,29221
2017-04-05,39.7,39.7,39.85,39.2,39.5,29221
2017-04-06,39.7,39.7,39.85,39.2,39.5,29221
2017-04-07,39.7,39.7,39.85,39.2,39.5,29221
2017-04-10,39.7,39.7,39.85,39.2,39.5,29221
2017-04-11,39.7,39.7,39.85,39.2,39.5,29221
2017-04-12,39.7,39.7,39.85,39.2,39.5,29221
2017-04-13,39.7,39.7,39.85,39.2,39.5,29221
2017-04-14,39.7,39.7,39.85,39.2,39.5,29221
2017-04-17,39.7,39.7,39.85,39.2,39.5,29221
2017-04-18,39.7,39.7,39.85,39.2,39.5,29221
2017-04-19,39.7,39.7,39.85,39.2,39.5,29221
2017-04-21,39.7,39.7,39.85,39.2,39.5,29221
2017-04-24,39.7,39.7,39.85,39.2,39.5,29221
2017-04-25,39.7,39.7,39.85,39.2,39.5,29221
2017-04-26,39.7,39.7,39.85,39.2,39.5,29221
2017-04-27,39.7,39.7,39.85,39.2,39.5,29221
2017-04-28,39.7,39.7,39.85,39.2,39.5,29221
2017-05-01,39.7,39.7,39.85,39.2,39.5,29221
2017-05-02,39.7,39.7,39.85,39.2,39.5,29221
2017-05-03,39.7,39.7,39.85,39.2,39.5,29221
2017-05-04,39.7,39.7,39.85,39.2,39.5,29221
2017-05-05,39.7,39.7,39.85,39.2,39.5,29221
2017-05-08,39.7,39.7,39.85,39.2,39.5,29221
2017-05-09,39.7,39.7,39.85,39.2,39.5,29221
2017-05-10,39.7,39.7,39.85,39.2,39.5,29221
2017-05-11,39.7,39.7,39.85,39.2,39.5,29221
2017-05-12,39.7,39.7,39.85,39.2,39.5,29221
2017-05-15,39.7,39.7,39.85,39.2,39.5,29221
2017-05-16,39.7,39.7,39.85,39.2,39.5,29221
2017-05-17,39.7,39.7,39.85,39.2,39.5,29221
2017-05-18,39.7,39.7,39.85,39.2,39.5,29221
2017-05-19,39.7,39.7,39.85,39.2,39.5,29221
2017-05-22,39.7,39.7,39.85,39.2,39.5,29221
2017-05-23,39.7,39.7,39.85,39.2,39.5,29221
2017-05-24,39.7,39.7,39.85,39.2,39.5,29221
2017-05-25,39.7,39.7,39.85,39.2,39.5,29221
2017-05-26,39.7,39.7,39.85,39.2,39.5,29221
2017-05-29,39.7,39.7,39.85,39.2,39.5,29221
2017-05-30,39.7,39.7,39.85,39.2,39.5,29221
2017-05-31,39.7,39.7,39.85,39.2,39.5,29221
2017-06-01,39.7,39.7,39.85,39.2,39.5,29221
2017-06-02,39.7,39.7,39.85,39.2,39.5,29221
2017-06-05,39.7,39.7,39.85,39.2,39.5,29221
2017-06-06,39.7,39.7,39.85,39.2,39.5,29221
2017-06-07,39.7,39.7,39.85,39.2,39.5,29221
2017-06-08,39.7,39.7,39.85,39.2,39.5,29221
2017-06-09,39.7,39.7,39.85,39.2,39.5,29221
2017-06-12,39.7,39.7,39.85,39.2,39.5,29221
2017-06-13,39.7,39.7,39.85,39.2,39.5,29221
2017-06-14,39.7,39.7,39.85,39.2,39.5,29221
2017-06-15,39.7,39.7,39.85,39.2,39.5,29221
2017-06-16,39.7,39.7,39.85,39.2,39.5,29221
2017-06-19,39.7,39.7,39.85,39.2,39.5,29221
2017-06-20,39.7,39.7,39.85,39.2,39.5,29221
2017-06-21,39.7,39.7,39.85,39.2,39.5,29221
2017-06-22,39.7,39.7,39.85,39.2,39.5,29221
2017-06-23,39.7,39.7,39.85,39.2,39.5,29221
2017-06-26,39.7,39.7,39.85,39.2,39.5,29221
2017-06-27,39.7,39.7,39.85,39.2,39.5,29221
2017-06-28,39.7,39.7,39.85,39.2,39.5,29221
2017-06-29,39.7,39.7,39.85,39.2,39.5,29221
2017-06-30,39.7,39.7,39.85,39.2,39.5,29221
2017-07-03,39.7,39.7,39.85,39.2,39.5,29221
2017-07-04,39.7,39.7,39.85,39.2,39.5,29221
2017-07-05,39.7,39.7,39.85,39.2,39.5,29221
2017-07-06,39.7,39.7,39.85,39.2,39.5,29221
2017-07-07,39.7,39.7,39.85,39.2,39.5,29221
2017-07-10,39.7,39.7,39.85,39.2,39.5,29221
2017-07-11,39.7,39.7,39.85,39.2,39.5,29221
2017-07-12,39.7,39.7,39.85,39.2,39.5,29221
2017-07-13,39.7,39.7,39.85,39.2,39.5,29221
2017-07-14,39.7,39.7,39.85,39.2,39.5,29221
2017-07-17,39.7,39.7,39.85,39.2,39.5,29221
2017-07-18,39.7,39.7,39.85,39.2,39.5,29221
2017-07-19,39.7,39.7,39.85,39.2,39.5,29221
2017-07-20,39.7,39.7,39.85,39.2,39.5,29221
2017-07-21,39.7,39.7,39.85,39.2,39.5,29221
2017-07-24,39.7,39.7,39.85,39.2,39.5,29221
2017-07-25,39.7,39.7,39.85,39.2,39.5,29221
2017-07-26,39.7,39.7,39.85,39.2,39.5,29221
2017-07-27,39.7,39.7,39.85,39.2,39.5,29221
2017-07-28,39.7,39.7,39.85,39.2,39.5,29221
2017-07-31,39.7,39.7,39.85,39.2,39.5,29221
2017-08-01,39.7,39.7,39.85,39.2,39.5,29221
2017-08-02,39.7,39.7,39.85,39.2,39.5,29221
2017-08-03,39.7,39.7,39.85,39.2,39.5,29221
2017-08-04,39.7,39.7,39.85,39.2,39.5,29221
2017-08-07,39.7,39.7,39.85,39.2,39.5,29221
2017-08-08,39.7,39.7,39.85,39.2,39.5,29221
2017-08-09,39.7,39.7,39.85,39.2,39.5,29221
2017-08-10,39.7,39.7,39.85,39.2,39.5,29221
2017-08-11,39.7,39.7,39.85,39.2,39.5,29221
2017-08-14,39.7,39.7,39.85,39.2,39.5,29221
2017-08-15,39.7,39.7,39.85,39.2,39.5,29221
2017-08-16,39.7,39.7,39.85,39.2,39.5,29221
2017-08-17,39.7,39.7,39.85,39.2,39.5,29221
2017-08-18,39.7,39.7,39.85,39.2,39.5,29221
2017-08-21,39.7,39.7,39.85,39.2,39.5,29221
2017-08-22,39.7,39.7,39.85,39.2,39.5,29221
2017-08-23,39.7,39.7,39.85,39.2,39.5,29221
2017-08-24,39.7,39.7,39.85,39.2,39.5,29221
2017-08-25,39.7,39.7,39.85,39.2,39.5,29221
2017-08-28,39.7,39.7,39.85,39.2,39.5,29221
2017-08-29,39.7,39.7,39.85,39.2,39.5,29221
2017-08-30,39.7,39.7,39.85,39.2,39.5,29221
2017-08-31,39.7,39.7,39.85,39.2,39.5,29221
2017-09-01,39.7,39.7,39.85,39.2,39.5,29221
2017-09-04,39.7,39.7,39.85,39.2,39.5,29221
2017-09-05,39.7,39.7,39.85,39.2,39.5,29221
2017-09-06,39.7,39.7,39.85,39.2,39.5,29221
2017-09-07,39.7,39.7,39.85,39.2,39.5,29221
2017-09-08,39.7,39.7,39.85,39.2,39.5,29221
2017-09-11,39.7,39.7,39.85,39.2,39.5,29221
2017-09-12,39.7,39.7,39.85,39.2,39.5,29221
2017-09-13,39.7,39.7,39.85,39.2,39.5,29221
2017-09-14,39.7,39.7,39.85,39.2,39.5,29221
2017-09-15,39.7,39.7,39.85,39.2,39.5,29221
2017-09-18,39.7,39.7,39.85,39.2,39.5,29221
2017-09-19,39.7,39.7,39.85,39.2,39.5,29221
2017-09-20,39.7,39.7,39.85,39.2,39.5,29221
2017-09-21,39.7,39.7,39.85,39.2,39.5,29221
2017-09-22,39.7,39.7,39.85,39.2,39.5,29221
2017-09-25,39.7,39.7,39.85,39.2,39.5,29221
2017-09-26,39.7,39.7,39.85,39.2,39.5,29221
2017-09-27,39.7,39.7,39.85,39.2,39.5,29221
2017-09-28,39.7,39.7,39.85,39.2,39.5,29221
2017-09-29,39.7,39.7,39.85,39.2,39.5,29221
2017-10-02,39.7,39.7,39.85,39.2,39.5,29221
2017-10-03,39.7,39.7,39.85,39.2,39.5,29221
2017-10-04,39.7,39.7,39.85,39.2,39.5,29221
2017-10-05,39.7,39.7,39.85,39.2,39.5,29221
2017-10-06,39.7,39.7,39.85,39.2,39.5,29221
2017-10-09,39.7,39.7,39.85,39.2,39.5,29221
2017-10-10,39.7,39.7,39.85,39.2,39.5,29221
2017-10-11,39.7,39.7,39.85,39.2,39.5,29221
2017-10-12,39.7,39.7,39.85,39.2,39.5,29221
2017-10-13,39.7,39.7,39.85,39.2,39.5,29221
2017-10-16,39.7,39.7,39.85,39.2,39.5,29221
2017-10-17,39.7,39.7,39.85,39.2,39.5,29221
2017-10-18,39.7,39.7,39.85,39.2,39.5,29221
2017-10-19,39.7,39.7,39.85,39.2,39.5,29221
2017-10-20,39.7,39.7,39.85,39.2,39.5,29221
2017-10-23,39.7,39.7,39.85,39.2,39.5,29221
2017-10-24,39.7,39.7,39.85,39.2,39.5,29221
2017-10-25,39.7,39.7,39.85,39.2,39.5,29221
2017-10-26,39.7,39.7,39.85,39.2,39.5,29221
2017-10-27,39.7,39.7,39.85,39.2,39.5,29221
2017-10-30,39.7,39.7,39.85,39.2,39.5,29221
2017-10-31,39.7,39.7,39.85,39.2,39.5,29221
2017-11-01,39.7,39.7,39.85,39.2,39.5,29221
2017-11-02,39.7,39.7,39.85,39.2,39.5,29221
2017-11-03,39.7,39.7,39.85,39.2,39.5,29221
2017-11-06,39.7,39.7,39.85,39.2,39.5,29221
2017-11-07,39.7,39.7,39.85,39.2,39.5,29221
2017-11-08,39.7,39.7,39.85,39.2,39.5,29221
2017-11-09,39.7,39.7,39.85,39.2,39.5,29221
2017-11-10,39.7,39.7,39.85,39.2,39.5,29221
2017-11-13,39.7,39.7,39.85,39.2,39.5,29221
2017-11-14,39.7,39.7,39.85,39.2,39.5,29221
2017-11-15,39.7,39.7,39.85,39.2,39.5,29221
2017-11-16,39.7,39.7,39.85,39.2,39.5,29221
2017-11-17,39.7,39.7,39.85,39.2,39.5,29221
2017-11-20,39.7,39.7,39.85,39.2,39.5,29221
2017-11-21,39.7,39.7,39.85,39.2,39.5,29221
2017-11-22,39.7,39.7,39.85,39.2,39.5,29221
2017-11-23,39.7,39.7,39.85,39.2,39.5,29221
2017-11-24,39.7,39.7,39.85,39.2,39.5,29221
2017-11-27,39.7,39.7,39.85,39.2,39.5,29221
2017-11-28,39.7,39.7,39.85,39.2,39.5,29221
2017-11-29,39.7,39.7,39.85,39.2,39.5,29221
2017-11-30,39.7,39.7,39.85,39.2,39.5,29221
2017-12-01,39.7,39.7,39.85,39.2,39.5,29221
2017-12-04,39.7,39.7,39.85,39.2,39.5,29221
2017-12-05,39.7,39.7,39.85,39.2,39.5,29221
2017-12-06,39.7,39.7,39.85,39.2,39.5,29221
2017-12-07,39.7,39.7,39.85,39.2,39.5,29221
2017-12-08,39.7,39.7,39.85,39.2,39.5,29221
2017-12-11,39.7,39.7,39.85,39.2,39.5,29221
2017-12-12,39.7,39.7,39.85,39.2,39.5,29221
2017-12-13,39.7,39.7,39.85,39.2,39.5,29221
2017-12-14,39.7,39.7,39.85,39.2,39.5,29221
2017-12-15,39.7,39.7,39.85,39.2,39.5,29221
2017-12-18,39.7,39.7,39.85,39.2,39.5,29221
2017-12-19,39.7,39.7,39.85,39.2,39.5,29221
2017-12-20,39.7,39.7,39.85,39.2,39.5,29221
2017-12-21,39.7,39.7,39.85,39.2,39.5,29221
2017-12-22,39.7,39.7,39.85,39.2,39.5,29221
2017-12-25,39.7,39.7,39.85,39.2,39.5,29221
2017-12-26,39.7,39.7,39.85,39.2,39.5,29221
2017-12-27,39.7,39.7,39.85,39.2,39.5,29221
2017-12-28,39.7,39.7,39.85,39.2,39.5,29221
2017-12-29,39.7,39.7,39.85,39.2,39.5,29221
2018-01-01,39.7,39.7,39.85,39.2,39.5,29221
2018-01-02,39.7,39.7,39.85,39.2,39.5,29221
2018-01-03,39.7,39.7,39.85,39.2,39.5,29221
2018-01-04,39.7,39.7,39.85,39.2,39.5,29221
2018-01-05,39.7,39.7,39.85,39.2,39.5,29221
2018-01-08,39.7,39.7,39.85,39.2,39.5,29221
2018-01-09,39.7,39.7,39.85,39.2,39.5,29221
2018-01-10,39.7,39.7,39.85,39.2,39.5,29221
2018-01-11,39.7,39.7,39.85,39.2,39.5,29221
2018-01-12,39.7,39.7,39.85,39.2,39.5,29221
2018-01-15,39.7,39.7,39.85,39.2,39.5,29221
2018-01-16,39.7,39.7,39.85,39.2,39.5,29221
2018-01-17,39.7,39.7,39.85,39.2,39.5,29221
2018-01-18,39.7,39.7,39.85,39.2,39.5,29221
2018-01-19,39.7,39.7,39.85,39.2,39.5,29221
2018-01-22,39.7,39.7,39.85,39.2,39.5,29221
2018-01-23,39.7,39.7,39.85,39.2,39.5,29221
2018-01-24,39.7,39.7,39.85,39.2,39.5,29221
2018-01-25,39.7,39.7,39.85,39.2,39.5,29221
2018-01-26,39.7,39.7,39.85,39.2,39.5,29221
2018-01-29,39.7,39.7,39.85,39.2,39.5,29221
2018-01-30,39.7,39.7,39.85,39.2,39.5,29221
2018-01-31,39.7,39.7,39.85,39.2,39.5,29221
2018-02-01,39.7,39.7,39.85,39.2,39.5,29221
2018-02-02,39.7,39.7,39.85,39.2,39.5,29221
2018-02-05,39.7,39.7,39.85,39.2,39.5,29221
2018-02-06,39.7,39.7,39.85,39.2,39.5,29221
2018-02-07,39.7,39.7,39.85,39.2,39.5,29221
2018-02-08,39.7,39.7,39.85,39.2,39.5,29221
2018-02-09,39.7,39.7,39.85,39.2,39.5,29221
2018-02-12,39.7,39.7,39.85,39.2,39.5,29221
2018-02-13,39.7,39.7,39.85,39.2,39.5,29221
2018-02-14,39.7,39.7,39.85,39.2,39.5,29221
2018-02-15,39.7,39.7,39.85,39.2,39.5,29221
2018-02-16,39.7,39.7,39.85,39.2,39.5,29221
2018-02-19,39.7,39.7,39.85,39.2,39.5,29221
2018-02-20,39.7,39.7,39.85,39.2,39.5,29221
2018-02-21,39.7,39.7,39.85,39.2,39.5,29221
2018-02-22,39.7,39.7,39.85,39.2,39.5,29221
2018-02-23,39.7,39.7,39.85,39.2,39.5,29221
2018-02-26,39.7,39.7,39.85,39.2,39.5,29221
2018-02-27,39.7,39.7,39.85,39.2,39.5,29221
2018-02-28,39.7,39.7,39.85,39.2,39.5,29221
2018-03-01,39.7,39.7,39.85,39.2,39.5,29221
2018-03-02,39.7,39.7,39.85,39.2,39.5,29221
2018-03-05,39.7,39.7,39.85,39.2,39.5,29221
2018-03-06,39.7,39.7,39.85,39.2,39.5,29221
2018-03-07,39.7,39.7,39.85,39.2,39.5,29221
2018-03-08,39.7,39.7,39.85,39.2,39.5,29221
2018-03-09,39.7,39.7,39.85,39.2,39.5,29221
2018-03-12,39.7,39.7,39.85,39.2,39.5,29221
2018-03-13,39.7,39.7,39.85,39.2,39.5,29221
2018-03-14,39.7,39.7,39.85,39.2,39.5,29221
2018-03-15,39.7,39.7,39.85,39.2,39.5,29221
2018-03-16,39.7,39.7,39.85,39.2,39.5,29221
2018-03-19,39.7,39.7,39.85,39.2,39.5,29221
2018-03-20,39.7,39.7,39.85,39.2,39.5,29221
2018-03-21,39.7,39.7,39.85,39.2,39.5,29221
2018-03-22,39.7,39.7,39.85,39.2,39.5,29221
2018-03-23,39.7,39.7,39.85,39.2,39.5,29221
2018-03-26,39.7,39.7,39.85,39.2,39.5,29221
2018-03-27,39.7,39.7,39.85,39.2,39.5,29221
2018-03-28,39.7,39.7,39.85,39.2,39.5,29221
2018-03-29,39.7,39.7,39.85,39.2,39.5,29221
2018-03-30,39.7,39.7,39.85,39.2,39.5,29221
2018-04-02,39.7,39.7,39.85,39.2,39.5,29221
2018-04-03,39.7,39.7,39.85,39.2,39.5,29221
2018-04-04,39.7,39.7,39.85,39.2,39.5,29221
2018-04-05,39.7,39.7,39.85,39.2,39.5,29221
2018-04-06,39.7,39.7,39.85,39.2,39.5,29221
2018-04-09,39.7,39.7,39.85,39.2,39.5,29221
2018-04-10,39.7,39.7,39.85,39.2,39.5,29221
2018-04-11,39.7,39.7,39.85,39.2,39.5,29221
2018-04-12,39.7,39.7,39.85,39.2,39.5,29221
2018-04-13,39.7,39.7,39.85,39.2,39.5,29221
2018-04-16,39.7,39.7,39.85,39.2,39.5,29221
2018-04-17,39.7,39.7,39.85,39.2,39.5,29221
2018-04-18,39.7,39.7,39.85,39.2,39.5,29221
2018-04-19,39.7,39.7,39.85,39.2,39.5,29221
2018-04-20,39.7,39.7,39.85,39.2,39.5,29221
2018-04-23,39.7,39.7,39.85,39.2,39.5,29221
2018-04-24,39.7,39.7,39.85,39.2,39.5,29221
2018-04-25,39.7,39.7,39.85,39.2,39.5,29221
2018-04-26,39.7,39.7,39.85,39.2,39.5,29221
2018-04-27,39.7,39.7,39.85,39.2,39.5,29221
2018-04-30,39.7,39.7,39.85,39.2,39.5,29221
2018-05-01,39.7,39.7,39.85,39.2,39.5,29221
2018-05-02,39.7,39.7,39.85,39.2,39.5,29221
2018-05-03,39.7,39.7,39.85,39.2,39.5,29221
2018-05-04,39.7,39.7,39.85,39.2,39.5,29221
2018-05-07,39.7,39.7,39.85,39.2,39.5,29221
2018-05-08,39.7,39.7,39.85,39.2,39.5,29221
2018-05-09,39.7,39.7,39.85,39.2,39.5,29221
2018-05-10,39.7,39.7,39.85,39.2,39.5,29221
2018-05-11,39.7,39.7,39.85,39.2,39.5,29221
2018-05-14,39.7,39.7,39.85,39.2,39.5,29221
2018-05-15,39.7,39.7,39.85,39.2,39.5,29221
2018-05-16,39.7,39.7,39.85,39.2,39.5,29221
2018-05-17,39.7,39.7,39.85,39.2,39.5,29221
2018-05-18,39.7,39.7,39.85,39.2,39.5,29221
2018-05-21,39.7,39.7,39.85,39.2,39.5,29221
2018-05-22,39.7,39.7,39.85,39.2,39.5,29221
2018-05-23,39.7,39.7,39.85,39.2,39.5,29221
2018-05-24,39.7,39.7,39.85,39.2,39.5,29221
2018-05-25,39.7,39.7,39.85,39.2,39.5,29221
2018-05-28,39.7,39.7,39.85,39.2,39.5,29221
2018-05-29,39.7,39.7,39.85,39.2,39.5,29221
2018-05-30,39.7,39.7,39.85,39.2,39.5,29221
2018-05-31,39.7,39.7,39.85,39.2,39.5,29221
2018-06-01,39.7,39.7,39.85,39.2,39.5,29221
2018-06-04,39.7,39.7,39.85,39.2,39.5,29221
2018-06-05,39.7,39.7,39.85,39.2,39.5,29221
2018-06-06,39.7,39.7,39.85,39.2,39.5,29221
2018-06-07,39.7,39.7,39.85,39.2,39.5,29221
2018-06-08,39.7,39.7,39.85,39.2,39.5,29221
2018-06-11,39.7,39.7,39.85,39.2,39.5,29221
2018-06-12,39.7,39.7,39.85,39.2,39.5,29221
2018-06-13,39.7,39.7,39.85,39.2,39.5,29221
2018-06-14,39.7,39.7,39.85,39.2,39.5,29221
2018-06-15,39.7,39.7,39.85,39.2,39.5,29221
2018-06-18,39.7,39.7,39.85,39.2,39.5,29221
2018-06-19,39.7,39.7,39.85,39.2,39.5,29221
2018-06-20,39.7,39.7,39.85,39.2,39.5,29221
2018-06-21,39.7,39.7,39.85,39.2,39.5,29221
2018-06-22,39.7,39.7,39.85,39.2,39.5,29221
2018-06-25,39.7,39.7,39.85,39.2,39.5,29221
2018-06-26,39.7,39.7,39.85,39.2,39.5,29221
2018-06-27,39.7,39.7,39.85,39.2,39.5,29221
2018-06-28,39.7,39.7,39.85,39.2,39.5,29221
2018-06-29,39.7,39.7,39.85,39.2,39.5,29221
2018-07-02,39.7,39.7,39.85,39.2,39.5,29221
2018-07-03,39.7,39.7,39.85,39.2,39.5,29221
2018-07-04,39.7,39.7,39.85,39.2,39.5,29221
2018-07-05,39.7,39.7,39.85,39.2,39.5,29221
2018-07-06,39.7,39.7,39.85,39.2,39.5,29221
2018-07-09,39.7,39.7,39.85,39.2,39.5,29221
2018-07-10,39.7,39.7,39.85,39.2,39.5,29221
2018-07-11,39.7,39.7,39.85,39.2,39.5,29221
2018-07-12,39.7,39.7,39.85,39.2,39.5,29221
2018-07-13,39.7,39.7,39.85,39.2,39.5,29221
2018-07-16,39.7,39.7,39.85,39.2,39.5,29221
2018-07-17,39.7,39.7,39.85,39.2,39.5,29221
2018-07-18,39.7,39.7,39.85,39.2,39.5,29221
2018-07-19,39.7,39.7,39.85,39.2,39.5,29221
2018-07-20,39.7,39.7,39.85,39.2,39.5,29221
2018-07-23,39.7,39.7,39.85,39.2,39.5,29221
2018-07-24,39.7,39.7,39.85,39.2,39.5,29221
2018-07-25,39.7,39.7,39.85,39.2,39.5,29221
2018-07-26,39.7,39.7,39.85,39.2,39.5,29221
2018-07-27,39.7,39.7,39.85,39.2,39.5,29221
2018-07-30,39.7,39.7,39.85,39.2,39.5,29221
2018-07-31,39.7,39.7,39.85,39.2,39.5,29221
2018-08-01,39.7,39.7,39.85,39.2,39.5,29221
2018-08-02,39.7,39.7,39.85,39.2,39.5,29221
2018-08-03,39.7,39.7,39.85,39.2,39.5,29221
2018-08-06,39.7,39.7,39.85,39.2,39.5,29221
2018-08-07,39.7,39.7,39.85,39.2,39.5,29221
2018-08-08,39.7,39.7,39.85,39.2,39.5,29221
2018-08-09,39.7,39.7,39.85,39.2,39.5,29221
2018-08-10,39.7,39.7,39.85,39.2,39.5,29221
2018-08-13,39.7,39.7,39.85,39.2,39.5,29221
2018-08-14,39.7,39.7,39.85,39.2,39.5,29221
2018-08-15,39.7,39.7,39.85,39.2,39.5,29221
2018-08-16,39.7,39.7,39.85,39.2,39.5,29221
2018-08-17,39.7,39.7,39.85,39.2,39.5,29221
2018-08-20,39.7,39.7,39.85,39.2,39.5,29221
2018-08-21,39.7,39.7,39.85,39.2,39.5,29221
2018-08-22,39.7,39.7,39.85,39.2,39.5,29221
2018-08-23,39.7,39.7,39.85,39.2,39.5,29221
2018-08-24,39.7,39.7,39.85,39.2,39.5,29221
2018-08-27,39.7,39.7,39.85,39.2,39.5,29221
2018-08-28,39.7,39.7,39.85,39.2,39.5,29221
2018-08-29,39.7,39.7,39.85,39.2,39.5,29221
2018-08-30,39.7,39.7,39.85,39.2,39.5,29221
2018-08-31,39.7,39.7,39.85,39.2,39.5,29221
2018-09-03,39.7,39.7,39.85,39.2,39.5,29221
2018-09-04,39.7,39.7,39.85,39.2,39.5,29221
2018-09-05,39.7,39.7,39.85,39.2,39.5,29221
2018-09-06,39.7,39.7,39.85,39.2,39.5,29221
2018-09-07,39.7,39.7,39.85,39.2,39.5,29221
2018-09-10,39.7,39.7,39.85,39.2,39.5,29221
2018-09-11,39.7,39.7,39.85,39.2,39.5,29221
2018-09-12,39.7,39.7,39.85,39.2,39.5,29221
2018-09-13,39.7,39.7,39.85,39.2,39.5,29221
2018-09-14,39.7,39.7,39.85,39.2,39.5,29221
2018-09-17,39.7,39.7,39.85,39.2,39.5,29221
2018-09-18,39.7,39.7,39.85,39.2,39.5,29221
2018-09-19,39.7,39.7,39.85,39.2,39.5,29221
2018-09-20,39.7,39.7,39.85,39.2,39.5,29221
2018-09-21,39.7,39.7,39.85,39.2,39.5,29221
2018-09-24,39.7,39.7,39.85,39.2,39.5,29221
2018-09-25,39.7,39.7,39.85,39.2,39.5,29221
2018-09-26,39.7,39.7,39.85,39.2,39.5,29221
2018-09-27,39.7,39.7,39.85,39.2,39.5,29221
2018-09-28,39.7,39.7,39.85,39.2,39.5,29221
2018-10-01,39.7,39.7,39.85,39.2,39.5,29221
2018-10-02,39.7,39.7,39.85,39.2,39.5,29221
2018-10-03,39.7,39.7,39.85,39.2,39.5,29221
2018-10-04,39.7,39.7,39.85,39.2,39.5,29221
2018-10-05,39.7,39.7,39.85,39.2,39.5,29221
2018-10-08,39.7,39.7,39.85,39.2,39.5,29221
2018-10-09,39.7,39.7,39.85,39.2,39.5,29221
2018-10-10,39.7,39.7,39.85,39.2,39.5,29221
2018-10-11,39.7,39.7,39.85,39.2,39.5,29221
2018-10-12,39.7,39.7,39.85,39.2,39.5,29221
2018-10-15,39.7,39.7,39.85,39.2,39.5,29221
2018-10-16,39.7,39.7,39.85,39.2,39.5,29221
2018-10-17,39.7,39.7,39.85,39.2,39.5,29221
2018-10-18,39.7,39.7,39.85,39.2,39.5,29221
2018-10-19,39.7,39.7,39.85,39.2,39.5,29221
2018-10-22,39.7,39.7,39.85,39.2,39.5,29221
2018-10-23,39.7,39.7,39.85,39.2,39.5,29221
2018-10-24,39.7,39.7,39.85,39.2,39.5,29221
2018-10-25,39.7,39.7,39.85,39.2,39.5,29221
2018-10-26,39.7,39.7,39.85,39.2,39.5,29221
2018-10-29,39.7,39.7,39.85,39.2,39.5,29221
2018-10-30,39.7,39.7,39.85,39.2,39.5,29221
2018-10-31,39.7,39.7,39.85,39.2,39.5,29221
2018-11-01,39.7,39.7,39.85,39.2,39.5,29221
2018-11-02,39.7,39.7,39.85,39.2,39.5,29221
2018-11-05,39.7,39.7,39.85,39.2,39.5,29221
2018-11-06,39.7,39.7,39.85,39.2,39.5,29221
2018-11-07,39.7,39.7,39.85,39.2,39.5,29221
2018-11-08,39.7,39.7,39.85,39.2,39.5,29221
2018-11-09,39.7,39.7,39.85,39.2,39.5,29221
2018-11-12,39.7,39.7,39.85,39.2,39.5,29221
2018-11-13,39.7,39.7,39.85,39.2,39.5,29221
2018-11-14,39.7,39.7,39.85,39.2,39.5,29221
2018-11-15,39.7,39.7,39.85,39.2,39.5,29221
2018-11-16,39.7,39.7,39.85,39.2,39.5,29221
2018-11-19,39.7,39.7,39.85,39.2,39.5,29221
2018-11-20,39.7,39.7,39.85,39.2,39.5,29221
2018-11-21,39.7,39.7,39.85,39.2,39.5,29221
2018-11-22,39.7,39.7,39.85,39.2,39.5,29221
2018-11-23,39.7,39.7,39.85,39.2,39.5,29221
2018-11-26,39.7,39.7,39.85,39.2,39.5,29221
2018-11-27,39.7,39.7,39.85,39.2,39.5,29221
2018-11-28,39.7,39.7,39.85,39.2,39.5,29221
2018-11-29,39.7,39.7,39.85,39.2,39.5,29221
2018-11-30,39.7,39.7,39.85,39.2,39.5,29221
2018-12-03,39.7,39.7,39.85,39.2,39.5,29221
2018-12-04,39.7,39.7,39.85,39.2,39.5,29221
2018-12-05,39.7,39.7,39.85,39.2,39.5,29221
2018-12-06,39.7,39.7,39.85,39.2,39.5,29221
2018-12-07,39.7,39.7,39.85,39.2,39.5,29221
2018-12-10,39.7,39.7,39.85,39.2,39.5,29221
2018-12-11,39.7,39.7,39.85,39.2,39.5,29221
2018-12-12,39.7,39.7,39.85,39.2,39.5,29221
2018-12-13,39.7,39.7,39.85,39.2,39.5,29221
2018-12-14,39.7,39.7,39.85,39.2,39.5,29221
2018-12-17,39.7,39.7,39.85,39.2,39.5,29221
2018-12-18,39.7,39.7,39.85,39.2,39.5,29221
2018-12-19,39.7,39.7,39.85,39.2,39.5,29221
2018-12-20,39.7,39.7,39.85,39.2,39.5,29221
2018-12-21,39.7,39.7,39.85,39.2,39.5,29221
2018-12-24,39.7,39.7,39.85,39.2,39.5,29221
2018-12-25,39.7,39.7,39.85,39.2,39.5,29221
2018-12-26,39.7,39.7,39.85,39.2,39.5,29221
2018-12-27,39.7,39.7,39.85,39.2,39.5,29221
2018-12-28,39.7,39.7,39.85,39.2,39.5,29221
2018-12-31,39.7,39.7,39.85,39.2,39.5,29221
2019-01-01,39.7,39.7,39.85,39.2,39.5,29221
2019-01-02,39.7,39.7,39.85,39.2,39.5,29221
2019-01-03,39.7,39.7,39.85,39.2,39.5,29221
2019-01-04,39.7,39.7,39.85,39.2,39.5,29221
2019-01-07,39.7,39.7,39.85,39.2,39.5,29221
2019-01-08,39.7,39.7,39.85,39.2,39.5,29221
2019-01-09,39.7,39.7,39.85,39.2,39.5,29221
2019-01-10,39.7,39.7,39.85,39.2,39.5,29221
2019-01-11,39.7,39.7,39.85,39.2,39.5,29221
2019-01-14,39.7,39.7,39.85,39.2,39.5,29221
2019-01-15,39.7,39.7,39.85,39.2,39.5,29221
2019-01-16,39.7,39.7,39.85,39.2,39.5,29221
2019-01-17,39.7,39.7,39.85,39.2,39.5,29221
2019-01-18,39.7,39.7,39.85,39.2,39.5,29221
2019-01-21,39.7,39.7,39.85,39.2,39.5,29221
2019-01-22,39.7,39.7,39.85,39.2,39.5,29221
2019-01-23,39.7,39.7,39.85,39.2,39.5,29221
2019-01-24,39.7,39.7,39.85,39.2,39.5,29221
2019-01-25,39.7,39.7,39.85,39.2,39.5,29221
2019-01-28,39.7,39.7,39.85,39.2,39.5,29221
2019-01-29,39.7,39.7,39.85,39.2,39.5,29221
2019-01-30,39.7,39.7,39.85,39.2,39.5,29221
2019-01-31,39.7,39.7,39.85,39.2,39.5,29221
2019-02-01,39.7,39.7,39.85,39.2,39.5,29221
2019-02-04,39.7,39.7,39.85,39.2,39.5,29221
2019-02-05,39.7,39.7,39.85,39.2,39.5,29221
2019-02-06,39.7,39.7,39.85,39.2,39.5,29221
2019-02-07,39.7,39.7,39.85,39.2,39.5,29221
2019-02-08,39.7,39.7,39.85,39.2,39.5,29221
2019-02-11,39.7,39.7,39.85,39.2,39.5,29221
2019-02-12,39.7,39.7,39.85,39.2,39.5,29221
2019-02-13,39.7,39.7,39.85,39.2,39.5,29221
2019-02-14,39.7,39.7,39.85,39.2,39.5,29221
2019-02-15,39.7,39.7,39.85,39.2,39.5,29221
2019-02-18,39.7,39.7,39.85,39.2,39.5,29221
2019-02-19,39.7,39.7,39.85,39.2,39.5,29221
2019-02-20,39.7,39.7,39.85,39.2,39.5,29221
2019-02-21,39.7,39.7,39.85,39.2,39.5,29221
2019-02-22,39.7,39.7,39.85,39.2,39.5,29221
2019-02-25,39.7,39.7,39.85,39.2,39.5,29221
2019-02-26,39.7,39.7,39.85,39.2,39.5,29221
2019-02-27,39.7,39.7,39.85,39.2,39.5,29221
2019-02-28,39.7,39.7,39.85,39.2,39.5,29221
2019-03-01,39.7,39.7,39.85,39.2,39.5,29221
2019-03-04,39.7,39.7,39.85,39.2,39.5,29221
2019-03-05,39.7,39.7,39.85,39.2,39.5,29221
2019-03-06,39.7,39.7,39.85,39.2,39.5,29221
2019-03-07,39.7,39.7,39.85,39.2,39.5,29221
2019-03-08,39.7,39.7,39.85,39.2,39.5,29221
2019-03-11,39.7,39.7,39.85,39.2,39.5,29221
2019-03-12,39.7,39.7,39.85,39.2,39.5,29221
2019-03-13,39.7,39.7,39.85,39.2,39.5,29221
2019-03-14,39.7,39.7,39.85,39.2,39.5,29221
2019-03-15,39.7,39.7,39.85,39.2,39.5,29221
2019-03-18,39.7,39.7,39.85,39.2,39.5,29221
2019-03-19,39.7,39.7,39.85,39.2,39.5,29221
2019-03-20,39.7,39.7,39.85,39.2,39.5,29221
2019-03-21,39.7,39.7,39.85,39.2,39.5,29221
2019-03-22,39.7,39.7,39.85,39.2,39.5,29221
2019-03-25,39.7,39.7,39.85,39.2,39.5,29221
2019-03-26,39.7,39.7,39.85,39.2,39.5,29221
2019-03-27,39.7,39.7,39.85,39.2,39.5,29221
2019-03-28,39.7,39.7,39.85,39.2,39.5,29221
2019-03-29,39.7,39.7,39.85,39.2,39.5,29221
2019-04-01,39.7,39.7,39.85,39.2,39.5,29221
2019-04-02,39.7,39.7,39.85,39.2,39.5,29221
2019-04-03,39.7,39.7,39.85,39.2,39.5,29221
2019-04-04,39.7,39.7,39.85,39.2,39.5,29221
2019-04-05,39.7,39.7,39.85,39.2,39.5,29221
2019-04-08,39.7,39.7,39.85,39.2,39.5,29221
2019-04-09,39.7,39.7,39.85,39.2,39.5,29221
2019-04-10,39.7,39.7,39.85,39.2,39.5,29221
2019-04-11,39.7,39.7,39.85,39.2,39.5,29221
2019-04-12,39.7,39.7,39.85,39.2,39.5,29221
2019-04-15,39.7,39.7,39.85,39.2,39.5,29221
2019-04-16,39.7,39.7,39.85,39.2,39.5,29221
2019-04-17,39.7,39.7,39.85,39.2,39.5,29221
2019-04-18,39.7,39.7,39.85,39.2,39.5,29221
2019-04-19,39.7,39.7,39.85,39.2,39.5,29221
2019-04-22,39.7,39.7,39.85,39.2,39.5,29221
2019-04-23,39.7,39.7,39.85,39.2,39.5,29221
2019-04-24,39.7,39.7,39.85,39.2,39.5,29221
2019-04-25,39.7,39.7,39.85,39.2,39.5,29221
2019-04-26,39.7,39.7,39.85,39.2,39.5,29221
2019-04-29,39.7,39.7,39.85,39.2,39.5,29221
2019-04-30,39.7,39.7,39.85,39.2,39.5,29221
2019-05-01,39.7,39.7,39.85,39.2,39.5,29221
2019-05-02,39.7,39.7,39.85,39.2,39.5,29221
2019-05-03,39.7,39.7,39.85,39.2,39.5,29221
2019-05-06,39.7,39.7,39.85,39.2,39.5,29221
2019-05-07,39.7,39.7,39.85,39.2,39.5,29221
2019-05-08,39.7,39.7,39.85,39.2,39.5,29221
2019-05-09,39.7,39.7,39.85,39.2,39.5,29221
2019-05-10,39.7,39.7,39.85,39.2,39.5,29221
2019-05-13,39.7,39.7,39.85,39.2,39.5,29221
2019-05-14,39.7,39.7,39.85,39.2,39.5,29221
2019-05-15,39.7,39.7,39.85,39.2,39.5,29221
2019-05-16,39.7,39.7,39.85,39.2,39.5,29221
2019-05-17,39.7,39.7,39.85,39.2,39.5,29221
2019-05-20,39.7,39.7,39.85,39.2,39.5,29221
2019-05-21,39.7,39.7,39.85,39.2,39.5,29221
2019-05-22,39.7,39.7,39.85,39.2,39.5,29221
2019-05-23,39.7,39.7,39.85,39.2,39.5,29221
2019-05-24,39.7,39.7,39.85,39.2,39.5,29221
2019-05-27,39.7,39.7,39.85,39.2,39.5,29221
2019-05-28,39.7,39.7,39.85,39.2,39.5,29221
2019-05-29,39.7,39.7,39.85,39.2,39.5,29221
2019-05-30,39.7,39.7,39.85,39.2,39.5,29221
2019-05-31,39.7,39.7,39.85,39.2,39.5,29221
2019-06-03,39.7,39.7,39.85,39.2,39.5,29221
2019-06-04,39.7,39.7,39.85,39.2,39.5,29221
2019-06-05,39.7,39.7,39.85,39.2,39.5,29221
2019-06-06,39.7,39.7,39.85,39.2,39.5,29221
2019-06-07,39.7,39.7,39.85,39.2,39.5,29221
2019-06-10,39.7,39.7,39.85,39.2,39.5,29221
2019-06-11,39.7,39.7,39.85,39.2,39.5,29221
2019-06-12,39.7,39.7,39.85,39.2,39.5,29221
2019-06-13,39.7,39.7,39.85,39.2,39.5,29221
2019-06-14,39.7,39.7,39.85,39.2,39.5,29221
2019-06-17,39.7,39.7,39.85,39.2,39.5,29221
2019-06-18,39.7,39.7,39.85,39.2,39.5,29221
2019-06-19,39.7,39.7,39.85,39.2,39.5,29221
2019-06-20,39.7,39.7,39.85,39.2,39.5,29221
2019-06-21,39.7,39.7,39.85,39.2,39.5,29221
2019-06-24,39.7,39.7,39.85,39.2,39.5,29221
2019-06-25,39.7,39.7,39.85,39.2,39.5,29221
2019-06-26,39.7,39.7,39.85,39.2,39.5,29221
2019-06-27,39.7,39.7,39.85,39.2,39.5,29221
2019-06-28,39.7,39.7,39.85,39.2,39.5,29221
2019-07-01,39.7,39.7,39.85,39.2,39.5,29221
2019-07-02,39.7,39.7,39.85,39.2,39.5,29221
2019-07-03,39.7,39.7,39.85,39.2,39.5,29221
2019-07-04,39.7,39.7,39.85,39.2,39.5,29221
2019-07-05,39.7,39.7,39.85,39.2,39.5,29221
2019-07-08,39.7,39.7,39.85,39.2,39.5,29221
2019-07-09,39.7,39.7,39.85,39.2,39.5,29221
2019-07-10,39.7,39.7,39.85,39.2,39.5,29221
2019-07-11,39.7,39.7,39.85,39.2,39.5,29221
2019-07-12,39.7,39.7,39.85,39.2,39.5,29221
2019-07-15,39.7,39.7,39.85,39.2,39.5,29221
2019-07-16,39.7,39.7,39.85,39.2,39.5,29221
2019-07-17,39.7,39.7,39.85,39.2,39.5,29221
2019-07-18,39.7,39.7,39.85,39.2,39.5,29221
2019-07-19,39.7,39.7,39.85,39.2,39.5,29221
2019-07-22,39.7,39.7,39.85,39.2,39.5,29221
2019-07-23,39.7,39.7,39.85,39.2,39.5,29221
2019-07-24,39.7,39.7,39.85,39.2,39.5,29221
2019-07-25,39.7,39.7,39.85,39.2,39.5,29221
2019-07-26,39.7,39.7,39.85,39.2,39.5,29221
2019-07-29,39.7,39.7,39.85,39.2,39.5,29221
2019-07-30,39.7,39.7,39.85,39.2,39.5,29221
2019-07-31,39.7,39.7,39.85,39.2,39.5,29221
2019-08-01,39.7,39.7,39.85,39.2,39.5,29221
2019-08-02,39.7,39.7,39.85,39.2,39.5,29221
2019-08-05,39.7,39.7,39.85,39.2,39.5,29221
2019-08-06,39.7,39.7,39.85,39.2,39.5,29221
2019-08-07,39.7,39.7,39.85,39.2,39.5,29221
2019-08-08,39.7,39.7,39.85,39.2,39.5,29221
2019-08-09,39.7,39.7,39.85,39.2,39.5,29221
2019-08-12,39.7,39.7,39.85,39.2,39.5,29221
2019-08-13,39.7,39.7,39.85,39.2,39.5,29221
2019-08-14,39.7,39.7,39.85,39.2,39.5,29221
2019-08-15,39.7,39.7,39.85,39.2,39.5,29221
2019-08-16,39.7,39.7,39.85,39.2,39.5,29221
2019-08-19,39.7,39.7,39.85,39.2,39.5,29221
2019-08-20,39.7,39.7,39.85,39.2,39.5,29221
2019-08-21,39.7,39.7,39.85,39.2,39.5,29221
2019-08-22,39.7,39.7,39.85,39.2,39.5,29221
2019-08-23,39.7,39.7,39.85,39.2,39.5,29221
2019-08-26,39.7,39.7,39.85,39.2,39.5,29221
2019-08-27,39.7,39.7,39.85,39.2,39.5,29221
2019-08-28,39.7,39.7,39.85,39.2,39.5,29221
2019-08-29,39.7,39.7,39.85,39.2,39.5,29221
2019-08-30,39.7,39.7,39.85,39.2,39.5,29221
2019-09-02,39.7,39.7,39.85,39.2,39.5,29221
2019-09-03,39.7,39.7,39.85,39.2,39.5,29221
2019-09-04,39.7,39.7,39.85,39.2,39.5,29221
2019-09-05,39.7,39.7,39.85,39.2,39.5,29221
2019-09-06,39.7,39.7,39.85,39.2,39.5,29221
2019-09-09,39.7,39.7,39.85,39.2,39.5,29221
2019-09-10,39.7,39.7,39.85,39.2,39.5,29221
2019-09-11,39.7,39.7,39.85,39.2,39.5,29221
2019-09-12,39.7,39.7,39.85,39.2,39.5,29221
2019-09-13,39.7,39.7,39.85,39.2,39.5,29221
2019-09-16,39.7,39.7,39.85,39.2,39.5,29221
2019-09-17,39.7,39.7,39.85,39.2,39.5,29221
2019-09-18,39.7,39.7,39.85,39.2,39.5,29221
2019-09-19,39.7,39.7,39.85,39.2,39.5,29221
2019-09-20,39.7,39.7,39.85,39.2,39.5,29221
2019-09-23,39.7,39.7,39.85,39.2,39.5,29221
2019-09-24,39.7,39.7,39.85,39.2,39.5,29221
2019-09-25,39.7,39.7,39.85,39.2,39.5,29221
2019-09-26,39.7,39.7,39.85,39.2,39.5,29221
2019-09-27,39.7,39.7,39.85,39.2,39.5,29221
2019-09-30,39.7,39.7,39.85,39.2,39.5,29221
2019-10-01,39.7,39.7,39.85,39.2,39.5,29221
2019-10-02,39.7,39.7,39.85,39.2,39.5,29221
2019-10-03,39.7,39.7,39.85,39.2,39.5,29221
2019-10-04,39.7,39.7,39.85,39.2,39.5,29221
2019-10-07,39.7,39.7,39.85,39.2,39.5,29221
2019-10-08,39.7,39.7,39.85,39.2,39.5,29221
2019-10-09,39.7,39.7,39.85,39.2,39.5,29221
2019-10-10,39.7,39.7,39.85,39.2,39.5,29221
2019-10-11,39.7,39.7,39.85,39.2,39.5,29221
2019-10-14,39.7,39.7,39.85,39.2,39.5,29221
2019-10-15,39.7,39.7,39.85,39.2,39.5,29221
2019-10-16,39.7,39.7,39.85,39.2,39.5,29221
2019-10-17,39.7,39.7,39.85,39.2,39.5,29221
2019-10-18,39.7,39.7,39.85,39.2,39.5,29221
2019-10-21,39.7,39.7,39.85,39.2,39.5,29221
2019-10-22,39.7,39.7,39.85,39.2,39.5,29221
2019-10-23,39.7,39.7,39.85,39.2,39.5,29221
2019-10-24,39.7,39.7,39.85,39.2,39.5,29221
2019-10-25,39.7,39.7,39.85,39.2,39.5,29221
2019-10-28,39.7,39.7,39.85,39.2,39.5,29221
2019-10-29,39.7,39.7,39.85,39.2,39.5,29221
2019-10-30,39.7,39.7,39.85,39.2,39.5,29221
2019-10-31,39.7,39.7,39.85,39.2,39.5,29221
2019-11-01,39.7,39.7,39.85,39.2,39.5,29221
2019-11-04,39.7,39.7,39.85,39.2,39.5,29221
2019-11-05,39.7,39.7,39.85,39.2,39.5,29221
2019-11-06,39.7,39.7,39.85,39.2,39.5,29221
2019-11-07,39.7,39.7,39.85,39.2,39.5,29221
2019-11-08,39.7,39.7,39.85,39.2,39.5,29221
2019-11-11,39.7,39.7,39.85,39.2,39.5,29221
2019-11-12,39.7,39.7,39.85,39.2,39.5,29221
2019-11-13,39.7,39.7,39.85,39.2,39.5,29221
2019-11-14,39.7,39.7,39.85,39.2,39.5,29221
2019-11-20,39.7,39.7,39.85,39.2,39.5,29221
2019-11-21,39.7,39.7,39.85,39.2,39.5,29221
2019-11-22,39.7,39.7,39.85,39.2,39.5,29221
2019-11-25,39.7,39.7,39.85,39.2,39.5,29221
2019-11-26,39.7,39.7,39.85,39.2,39.5,29221
2019-11-27,39.7,39.7,39.85,39.2,39.5,29221
2019-11-28,39.7,39.7,39.85,39.2,39.5,29221
2019-11-29,39.7,39.7,39.85,39.2,39.5,29221
2019-12-02,39.7,39.7,39.85,39.2,39.5,29221
2019-12-03,39.7,39.7,39.85,39.2,39.5,29221
2019-12-04,39.7,39.7,39.85,39.2,39.5,29221
2019-12-05,39.7,39.7,39.85,39.2,39.5,29221
2019-12-06,39.7,39.7,39.85,39.2,39.5,29221
2019-12-09,39.7,39.7,39.85,39.2,39.5,29221
2019-12-10,39.7,39.7,39.85,39.2,39.5,29221
2019-12-11,39.7,39.7,39.85,39.2,39.5,29221
2019-12-12,39.7,39.7,39.85,39.2,39.5,29221
2019-12-13,39.7,39.7,39.85,39.2,39.5,29221
2019-12-16,39.7,39.7,39.85,39.2,39.5,29221
2019-12-17,39.7,39.7,39.85,39.2,39.5,29221
2019-12-18,39.7,39.7,39.85,39.2,39.5,29221
2019-12-19,39.7,39.7,39.85,39.2,39.5,29221
2019-12-20,39.7,39.7,39.85,39.2,39.5,29221
2019-12-23,39.7,39.7,39.85,39.2,39.5,29221
2019-12-24,39.7,39.7,39.85,39.2,39.5,29221
2019-12-25,39.7,39.7,39.85,39.2,39.5,29221
2019-12-26,39.7,39.7,39.85,39.2,39.5,29221
2019-12-27,39.7,39.7,39.85,39.2,39.5,29221
2019-12-30,39.7,39.7,39.85,39.2,39.5,29221
2019-12-31,39.7,39.7,39.85,39.2,39.5,29221
2020-01-01,39.7,39.7,39.85,39.2,39.5,29221
2020-01-02,39.7,39.7,39.85,39.2,39.5,29221
2020-01-03,39.7,39.7,39.85,39.2,39.5,29221
2020-01-06,39.7,39.7,39.85,39.2,39.5,29221
2020-01-07,39.7,39.7,39.85,39.2,39.5,29221
2020-01-08,39.7,39.7,39.85,39.2,39.5,29221
2020-01-09,39.7,39.7,39.85,39.2,39.5,29221
2020-01-10,39.7,39.7,39.85,39.2,39.5,29221
2020-01-13,39.7,39.7,39.85,39.2,39.5,29221
2020-01-14,39.7,39.7,39.85,39.2,39.5,29221
2020-01-15,39.7,39.7,39.85,39.2,39.5,29221
2020-01-16,39.7,39.7,39.85,39.2,39.5,29221
2020-01-17,39.7,39.7,39.85,39.2,39.5,29221
2020-01-20,39.7,39.7,39.85,39.2,39.5,29221
2020-01-21,39.7,39.7,39.85,39.2,39.5,29221
2020-01-22,39.7,39.7,39.85,39.2,39.5,29221
2020-01-23,39.7,39.7,39.85,39.2,39.5,29221
2020-01-24,39.7,39.7,39.85,39.2,39.5,29221
2020-01-27,39.7,39.7,39.85,39.2,39.5,29221
2020-01-28,39.7,39.7,39.85,39.2,39.5,29221
2020-01-29,39.7,39.7,39.85,39.2,39.5,29221
2020-01-30,39.7,39.7,39.85,39.2,39.5,29221
2020-01-31,39.7,39.7,39.85,39.2,39.5,29221
2020-02-03,39.7,39.7,39.85,39.2,39.5,29221
2020-02-04,39.7,39.7,39.85,39.2,39.5,29221
2020-02-05,39.7,39.7,39.85,39.2,39.5,29221
2020-02-06,39.7,39.7,39.85,39.2,39.5,29221
2020-02-07,39.7,39.7,39.85,39.2,39.5,29221
2020-02-10,39.7,39.7,39.85,39.2,39.5,29221
2020-02-11,39.7,39.7,39.85,39.2,39.5,29221
2020-02-12,39.7,39.7,39.85,39.2,39.5,29221
2020-02-13,39.7,39.7,39.85,39.2,39.5,29221
2020-02-14,39.7,39.7,39.85,39.2,39.5,29221
2020-02-17,39.7,39.7,39.85,39.2,39.5,29221
2020-02-18,39.7,39.7,39.85,39.2,39.5,29221
2020-02-19,39.7,39.7,39.85,39.2,39.5,29221
2020-02-20,39.7,39.7,39.85,39.2,39.5,29221
2020-02-21,39.7,39.7,39.85,39.2,39.5,29221
2020-02-24,39.7,39.7,39.85,39.2,39.5,29221
2020-02-25,39.7,39.7,39.85,39.2,39.5,29221
2020-02-26,39.7,39.7,39.85,39.2,39.5,29221
2020-02-27,39.7,39.7,39.85,39.2,39.5,29221
2020-02-28,39.7,39.7,39.85,39.2,39.5,29221
2020-03-02,39.7,39.7,39.85,39.2,39.5,29221
2020-03-03,39.7,39.7,39.85,39.2,39.5,29221
2020-03-04,39.7,39.7,39.85,39.2,39.5,29221
2020-03-05,39.7,39.7,39.85,39.2,39.5,29221
2020-03-06,39.7,39.7,39.85,39.2,39.5,29221
2020-03-09,39.7,39.7,39.85,39.2,39.5,29221
2020-03-10,39.7,39.7,39.85,39.2,39.5,29221
2020-03-11,39.7,39.7,39.85,39.2,39.5,29221
2020-03-12,39.7,39.7,39.85,39.2,39.5,29221
2020-03-13,39.7,39.7,39.85,39.2,39.5,29221
2020-03-16,39.7,39.7,39.85,39.2,39.5,29221
2020-03-17,39.7,39.7,39.85,39.2,39.5,29221
2020-03-18,39.7,39.7,39.85,39.2,39.5,29221
2020-03-19,39.7,39.7,39.85,39.2,39.5,29221
2020-03-20,39.7,39.7,39.85,39.2,39.5,29221
2020-03-23,39.7,39.7,39.85,39.2,39.5,29221
2020-03-24,39.7,39.7,39.85,39.2,39.5,29221
2020-03-25,39.7,39.7,39.85,39.2,39.5,29221
2020-03-26,39.7,39.7,39.85,39.2,39.5,29221
2020-03-27,39.7,39.7,39.85,39.2,39.5,29221
2020-03-30,39.7,39.7,39.85,39.2,39.5,29221
2020-03-31,39.7,39.7,39.85,39.2,39.5,29221
2020-04-01,39.7,39.7,39.85,39.2,39.5,29221
2020-04-02,39.7,39.7,39.85,39.2,39.5,29221
2020-04-03,39.7,39.7,39.85,39.2,39.5,29221
2020-04-07,39.7,39.7,39.85,39.2,39.5,29221
2020-04-08,39.7,39.7,39.85,39.2,39.5,29221
2020-04-09,39.7,39.7,39.85,39.2,39.5,29221
2020-04-10,39.7,39.7,39.85,39.2,39.5,29221
2020-04-13,39.7,39.7,39.85,39.2,39.5,29221
2020-04-14,39.7,39.7,39.85,39.2,39.5,29221
2020-04-15,39.7,39.7,39.85,39.2,39.5,29221
2020-04-16,39.7,39.7,39.85,39.2,39.5,29221
2020-04-17,39.7,39.7,39.85,39.2,39.5,29221
2020-04-20,39.7,39.7,39.85,39.2,39.5,29221
2020-04-21,39.7,39.7,39.85,39.2,39.5,29221
2020-04-22,39.7,39.7,39.85,39.2,39.5,29221
2020-04-23,39.7,39.7,39.85,39.2,39.5,29221
2020-04-24,39.7,39.7,39.85,39.2,39.5,29221
2020-04-27,39.7,39.7,39.85,39.2,39.5,29221
2020-04-28,39.7,39.7,39.85,39.2,39.5,29221
2020-04-29,39.7,39.7,39.85,39.2,39.5,29221
2020-05-01,39.7,39.7,39.85,39.2,39.5,29221
2020-05-04,39.7,39.7,39.85,39.2,39.5,29221
2020-05-05,39.7,39.7,39.85,39.2,39.5,29221
2020-05-06,39.7,39.7,39.85,39.2,39.5,29221
2020-05-07,39.7,39.7,39.85,39.2,39.5,29221
2020-05-08,39.7,39.7,39.85,39.2,39.5,29221
2020-05-11,39.7,39.7,39.85,39.2,39.5,29221
2020-05-12,39.7,39.7,39.85,39.2,39.5,29221
2020-05-13,39.7,39.7,39.85,39.2,39.5,29221
2020-05-14,39.7,39.7,39.85,39.2,39.5,29221
2020-05-15,39.7,39.7,39.85,39.2,39.5,29221
2020-05-18,39.7,39.7,39.85,39.2,39.5,29221
2020-05-19,39.7,39.7,39.85,39.2,39.5,29221
2020-05-20,39.7,39.7,39.85,39.2,39.5,29221
2020-05-21,39.7,39.7,39.85,39.2,39.5,29221
2020-05-22,39.7,39.7,39.85,39.2,39.5,29221
2020-05-25,39.7,39.7,39.85,39.2,39.5,29221
2020-05-26,39.7,39.7,39.85,39.2,39.5,29221
2020-05-27,39.7,39.7,39.85,39.2,39.5,29221
2020-05-28,39.7,39.7,39.85,39.2,39.5,29221
2020-05-29,39.7,39.7,39.85,39.2,39.5,29221
2020-06-01,39.7,39.7,39.85,39.2,39.5,29221
2020-06-02,39.7,39.7,39.85,39.2,39.5,29221
2020-06-03,39.7,39.7,39.85,39.2,39.5,29221
2020-06-04,39.7,39.7,39.85,39.2,39.5,29221
2020-06-05,39.7,39.7,39.85,39.2,39.5,29221
2020-06-08,39.7,39.7,39.85,39.2,39.5,29221
2020-06-09,39.7,39.7,39.85,39.2,39.5,29221
2020-06-10,39.7,39.7,39.85,39.2,39.5,29221
2020-06-11,39.7,39.7,39.85,39.2,39.5,29221
2020-06-12,39.7,39.7,39.85,39.2,39.5,29221
2020-06-15,39.7,39.7,39.85,39.2,39.5,29221
2020-06-16,39.7,39.7,39.85,39.2,39.5,29221
2020-06-17,39.7,39.7,39.85,39.2,39.5,29221
2020-06-18,39.7,39.7,39.85,39.2,39.5,29221
2020-06-19,39.7,39.7,39.85,39.2,39.5,29221
2020-06-22,39.7,39.7,39.85,39.2,39.5,29221
2020-06-23,39.7,39.7,39.85,39.2,39.5,29221
2020-06-24,39.7,39.7,39.85,39.2,39.5,29221
2020-06-25,39.7,39.7,39.85,39.2,39.5,29221
2020-06-26,39.7,39.7,39.85,39.2,39.5,29221
2020-06-29,39.7,39.7,39.85,39.2,39.5,29221
2020-06-30,39.7,39.7,39.85,39.2,39.5,29221
2020-07-01,39.7,39.7,39.85,39.2,39.5,29221
2020-07-02,39.7,39.7,39.85,39.2,39.5,29221
2020-07-03,39.7,39.7,39.85,39.2,39.5,29221
2020-07-06,39.7,39.7,39.85,39.2,39.5,29221
2020-07-07,39.7,39.7,39.85,39.2,39.5,29221
2020-07-08,39.7,39.7,39.85,39.2,39.5,29221
2020-07-09,39.7,39.7,39.85,39.2,39.5,29221
2020-07-10,39.7,39.7,39.85,39.2,39.5,29221
2020-07-13,39.7,39.7,39.85,39.2,39.5,29221
2020-07-14,39.7,39.7,39.85,39.2,39.5,29221
2020-07-15,39.7,39.7,39.85,39.2,39.5,29221
2020-07-16,39.7,39.7,39.85,39.2,39.5,29221
2020-07-17,39.7,39.7,39.85,39.2,39.5,29221
2020-07-20,39.7,39.7,39.85,39.2,39.5,29221
2020-07-21,39.7,39.7,39.85,39.2,39.5,29221
2020-07-22,39.7,39.7,39.85,39.2,39.5,29221
2020-07-23,39.7,39.7,39.85,39.2,39.5,29221
2020-07-24,39.7,39.7,39.85,39.2,39.5,29221
2020-07-27,39.7,39.7,39.85,39.2,39.5,29221
2020-07-28,39.7,39.7,39.85,39.2,39.5,29221
2020-07-29,39.7,39.7,39.85,39.2,39.5,29221
2020-07-30,39.7,39.7,39.85,39.2,39.5,29221
2020-07-31,39.7,39.7,39.85,39.2,39.5,29221
2020-08-03,39.7,39.7,39.85,39.2,39.5,29221
2020-08-04,39.7,39.7,39.85,39.2,39.5,29221
2020-08-05,39.7,39.7,39.85,39.2,39.5,29221
2020-08-06,39.7,39.7,39.85,39.2,39.5,29221
2020-08-07,39.7,39.7,39.85,39.2,39.5,29221
2020-08-10,39.7,39.7,39.85,39.2,39.5,29221
2020-08-11,39.7,39.7,39.85,39.2,39.5,29221
2020-08-12,39.7,39.7,39.85,39.2,39.5,29221
2020-08-13,39.7,39.7,39.85,39.2,39.5,29221
2020-08-14,39.7,39.7,39.85,39.2,39.5,29221
2020-08-17,39.7,39.7,39.85,39.2,39.5,29221
2020-08-18,39.7,39.7,39.85,39.2,39.5,29221
2020-08-19,39.7,39.7,39.85,39.2,39.5,29221
2020-08-20,39.7,39.7,39.85,39.2,39.5,29221
2020-08-21,39.7,39.7,39.85,39.2,39.5,29221
2020-08-24,39.7,39.7,39.85,39.2,39.5,29221
2020-08-25,39.7,39.7,39.85,39.2,39.5,29221
2020-08-26,39.7,39.7,39.85,39.2,39.5,29221
2020-08-27,39.7,39.7,39.85,39.2,39.5,29221
2020-08-28,39.7,39.7,39.85,39.2,39.5,29221
2020-08-31,39.7,39.7,39.85,39.2,39.5,29221
2020-09-01,39.7,39.7,39.85,39.2,39.5,29221
2020-09-02,39.7,39.7,39.85,39.2,39.5,29221
2020-09-03,39.7,39.7,39.85,39.2,39.5,29221
2020-09-04,39.7,39.7,39.85,39.2,39.5,29221
2020-09-07,39.7,39.7,39.85,39.2,39.5,29221
2020-09-08,39.7,39.7,39.85,39.2,39.5,29221
2020-09-09,39.7,39.7,39.85,39.2,39.5,29221
2020-09-10,39.7,39.7,39.85,39.2,39.5,29221
2020-09-11,39.7,39.7,39.85,39.2,39.5,29221
2020-09-14,39.7,39.7,39.85,39.2,39.5,29221
2020-09-15,39.7,39.7,39.85,39.2,39.5,29221
2020-09-16,39.7,39.7,39.85,39.2,39.5,29221
2020-09-17,39.7,39.7,39.85,39.2,39.5,29221
2020-09-18,39.7,39.7,39.85,39.2,39.5,29221
2020-09-21,39.7,39.7,39.85,39.2,39.5,29221
2020-09-22,39.7,39.7,39.85,39.2,39.5,29221
2020-09-23,39.7,39.7,39.85,39.2,39.5,29221
2020-09-24,39.7,39.7,39.85,39.2,39.5,29221
2020-09-25,39.7,39.7,39.85,39.2,39.5,29221
2020-09-28,39.7,39.7,39.85,39.2,39.5,29221
2020-09-29,39.7,39.7,39.85,39.2,39.5,29221
2020-09-30,39.7,39.7,39.85,39.2,39.5,29221
2020-10-01,39.7,39.7,39.85,39.2,39.5,29221
2020-10-02,39.7,39.7,39.85,39.2,39.5,29221
2020-10-05,39.7,39.7,39.85,39.2,39.5,29221
2020-10-06,39.7,39.7,39.85,39.2,39.5,29221
2020-10-07,39.7,39.7,39.85,39.2,39.5,29221
2020-10-08,39.7,39.7,39.85,39.2,39.5,29221
2020-10-09,39.7,39.7,39.85,39.2,39.5,29221
2020-10-12,39.7,39.7,39.85,39.2,39.5,29221
2020-10-13,39.7,39.7,39.85,39.2,39.5,29221
2020-10-14,39.7,39.7,39.85,39.2,39.5,29221
2020-10-15,39.7,39.7,39.85,39.2,39.5,29221
2020-10-16,39.7,39.7,39.85,39.2,39.5,29221
2020-10-19,39.7,39.7,39.85,39.2,39.5,29221
2020-10-20,39.7,39.7,39.85,39.2,39.5,29221
2020-10-21,39.7,39.7,39.85,39.2,39.5,29221
2020-10-22,39.7,39.7,39.85,39.2,39.5,29221
2020-10-23,39.7,39.7,39.85,39.2,39.5,29221
2020-10-26,39.7,39.7,39.85,39.2,39.5,29221
2020-10-27,39.7,39.7,39.85,39.2,39.5,29221
2020-10-28,39.7,39.7,39.85,39.2,39.5,29221
2020-10-29,39.7,39.7,39.85,39.2,39.5,29221
2020-10-30,39.7,39.7,39.85,39.2,39.5,29221
2020-11-02,39.7,39.7,39.85,39.2,39.5,29221
2020-11-03,39.7,39.7,39.85,39.2,39.5,29221
2020-11-04,39.7,39.7,39.85,39.2,39.5,29221
2020-11-05,39.7,39.7,39.85,39.2,39.5,29221
2020-11-06,39.7,39.7,39.85,39.2,39.5,29221
2020-11-09,39.7,39.7,39.85,39.2,39.5,29221
2020-11-10,39.7,39.7,39.85,39.2,39.5,29221
2020-11-11,39.7,39.7,39.85,39.2,39.5,29221
2020-11-12,39.7,39.7,39.85,39.2,39.5,29221
2020-11-13,39.7,39.7,39.85,39.2,39.5,29221
2020-11-16,39.7,39.7,39.85,39.2,39.5,29221
2020-11-17,39.7,39.7,39.85,39.2,39.5,29221
2020-11-18,39.7,39.7,39.85,39.2,39.5,29221
2020-11-19,39.7,39.7,39.85,39.2,39.5,29221
2020-11-20,39.7,39.7,39.85,39.2,39.5,29221
2020-11-23,39.7,39.7,39.85,39.2,39.5,29221
2020-11-24,39.7,39.7,39.85,39.2,39.5,29221
2020-11-25,39.7,39.7,39.85,39.2,39.5,29221
2020-11-26,39.7,39.7,39.85,39.2,39.5,29221
2020-11-27,39.7,39.7,39.85,39.2,39.5,29221
2020-11-30,39.7,39.7,39.85,39.2,39.5,29221
2020-12-01,39.7,39.7,39.85,39.2,39.5,29221
2020-12-02,39.7,39.7,39.85,39.2,39.5,29221
2020-12-04,39.7,39.7,39.85,39.2,39.5,29221
2020-12-07,39.7,39.7,39.85,39.2,39.5,29221
2020-12-08,39.7,39.7,39.85,39.2,39.5,29221
2020-12-09,39.7,39.7,39.85,39.2,39.5,29221
2020-12-10,39.7,39.7,39.85,39.2,39.5,29221
2020-12-11,39.7,39.7,39.85,39.2,39.5,29221
2020-12-14,39.7,39.7,39.85,39.2,39.5,29221
2020-12-15,39.7,39.7,39.85,39.2,39.5,29221
2020-12-16,39.7,39.7,39.85,39.2,39.5,29221
2020-12-17,39.7,39.7,39.85,39.2,39.5,29221
2020-12-18,39.7,39.7,39.85,39.2,39.5,29221
2020-12-21,39.7,39.7,39.85,39.2,39.5,29221
2020-12-22,39.7,39.7,39.85,39.2,39.5,29221
2020-12-23,39.7,39.7,39.85,39.2,39.5,29221
2020-12-24,39.7,39.7,39.85,39.2,39.5,29221
2020-12-25,39.7,39.7,39.85,39.2,39.5,29221
2020-12-28,39.7,39.7,39.85,39.2,39.5,29221
2020-12-29,39.7,39.7,39.85,39.2,39.5,29221
2020-12-30,39.7,39.7,39.85,39.2,39.5,29221
2020-12-31,39.7,39.7,39.85,39.2,39.5,29221
2021-01-01,39.7,39.7,39.85,39.2,39.5,29221
2021-01-04,39.7,39.7,39.85,39.2,39.5,29221
2021-01-05,39.7,39.7,39.85,39.2,39.5,29221
2021-01-06,39.7,39.7,39.85,39.2,39.5,29221
2021-01-07,39.7,39.7,39.85,39.2,39.5,29221
2021-01-08,39.7,39.7,39.85,39.2,39.5,29221
2021-01-11,39.7,39.7,39.85,39.2,39.5,29221
2021-01-12,39.7,39.7,39.85,39.2,39.5,29221
2021-01-13,39.7,39.7,39.85,39.2,39.5,29221
2021-01-14,39.7,39.7,39.85,39.2,39.5,29221
2021-01-15,39.7,39.7,39.85,39.2,39.5,29221
2021-01-18,39.7,39.7,39.85,39.2,39.5,29221
2021-01-19,39.7,39.7,39.85,39.2,39.5,29221
2021-01-20,39.7,39.7,39.85,39.2,39.5,29221
2021-01-21,39.7,39.7,39.85,39.2,39.5,29221
2021-01-22,39.7,39.7,39.85,39.2,39.5,29221
2021-01-25,39.7,39.7,39.85,39.2,39.5,29221
2021-01-26,39.7,39.7,39.85,39.2,39.5,29221
2021-01-27,39.7,39.7,39.85,39.2,39.5,29221
2021-01-28,39.7,39.7,39.85,39.2,39.5,29221
2021-01-29,39.7,39.7,39.85,39.2,39.5,29221
2021-02-01,39.7,39.7,39.85,39.2,39.5,29221
2021-02-02,39.7,39.7,39.85,39.2,39.5,29221
2021-02-03,39.7,39.7,39.85,39.2,39.5,29221
2021-02-04,39.7,39.7,39.85,39.2,39.5,29221
2021-02-05,39.7,39.7,39.85,39.2,39.5,29221
2021-02-08,39.7,39.7,39.85,39.2,39.5,29221
2021-02-09,39.7,39.7,39.85,39.2,39.5,29221
2021-02-10,39.7,39.7,39.85,39.2,39.5,29221
2021-02-11,39.7,39.7,39.85,39.2,39.5,29221
2021-02-12,39.7,39.7,39.85,39.2,39.5,29221
2021-02-15,39.7,39.7,39.85,39.2,39.5,29221
2021-02-16,39.7,39.7,39.85,39.2,39.5,29221
2021-02-17,39.7,39.7,39.85,39.2,39.5,29221
2021-02-18,39.7,39.7,39.85,39.2,39.5,29221
2021-02-19,39.7,39.7,39.85,39.2,39.5,29221
2021-02-22,39.7,39.7,39.85,39.2,39.5,29221
2021-02-23,39.7,39.7,39.85,39.2,39.5,29221
2021-02-24,39.7,39.7,39.85,39.2,39.5,29221
2021-02-25,39.7,39.7,39.85,39.2,39.5,29221
2021-02-26,39.7,39.7,39.85,39.2,39.5,29221
2021-03-01,39.7,39.7,39.85,39.2,39.5,29221
2021-03-02,39.7,39.7,39.85,39.2,39.5,29221
2021-03-03,39.7,39.7,39.85,39.2,39.5,29221
2021-03-04,39.7,39.7,39.85,39.2,39.5,29221
2021-03-05,39.7,39.7,39.85,39.2,39.5,29221
2021-03-08,39.7,39.7,39.85,39.2,39.5,29221
2021-03-09,39.7,39.7,39.85,39.2,39.5,29221
2021-03-10,39.7,39.7,39.85,39.2,39.5,29221
2021-03-11,39.7,39.7,39.85,39.2,39.5,29221
2021-03-12,39.7,39.7,39.85,39.2,39.5,29221
2021-03-15,39.7,39.7,39.85,39.2,39.5,29221
2021-03-16,39.7,39.7,39.85,39.2,39.5,29221
2021-03-17,39.7,39.7,39.85,39.2,39.5,29221
2021-03-18,39.7,39.7,39.85,39.2,39.5,29221
2021-03-19,39.7,39.7,39.85,39.2,39.5,29221
2021-03-22,39.7,39.7,39.85,39.2,39.5,29221
2021-03-23,39.7,39.7,39.85,39.2,39.5,29221
2021-03-24,39.7,39.7,39.85,39.2,39.5,29221
2021-03-25,39.7,39.7,39.85,39.2,39.5,29221
2021-03-26,39.7,39.7,39.85,39.2,39.5,29221
2021-03-29,39.7,39.7,39.85,39.2,39.5,29221
2021-03-30,39.7,39.7,39.85,39.2,39.5,29221
2021-03-31,39.7,39.7,39.85,39.2,39.5,29221
2021-04-01,39.7,39.7,39.85,39.2,39.5,29221
2021-04-02,39.7,39.7,39.85,39.2,39.5,29221
2021-04-05,39.7,39.7,39.85,39.2,39.5,29221
2021-04-06,39.7,39.7,39.85,39.2,39.5,29221
2021-04-07,39.7,39.7,39.85,39.2,39.5,29221
2021-04-08,39.7,39.7,39.85,39.2,39.5,29221
2021-04-09,39.7,39.7,39.85,39.2,39.5,29221
2021-04-12,39.7,39.7,39.85,39.2,39.5,29221
2021-04-13,39.7,39.7,39.85,39.2,39.5,29221
2021-04-14,39.7,39.7,39.85,39.2,39.5,29221
2021-04-15,39.7,39.7,39.85,39.2,39.5,29221
2021-04-16,39.7,39.7,39.85,39.2,39.5,29221
2021-04-19,39.7,39.7,39.85,39.2,39.5,29221
2021-04-20,39.7,39.7,39.85,39.2,39.5,29221
2021-04-21,39.7,39.7,39.85,39.2,39.5,29221
2021-04-22,39.7,39.7,39.85,39.2,39.5,29221
2021-04-23,39.7,39.7,39.85,39.2,39.5,29221
2021-04-26,39.7,39.7,39.85,39.2,39.5,29221
2021-04-27,39.7,39.7,39.85,39.2,39.5,29221
2021-04-28,39.7,39.7,39.85,39.2,39.5,29221
2021-04-29,39.7,39.7,39.85,39.2,39.5,29221
2021-04-30,39.7,39.7,39.85,39.2,39.5,29221
2021-05-03,39.7,39.7,39.85,39.2,39.5,29221
2021-05-04,39.7,39.7,39.85,39.2,39.5,29221
2021-05-05,39.7,39.7,39.85,39.2,39.5,29221
2021-05-06,39.7,39.7,39.85,39.2,39.5,29221
2021-05-07,39.7,39.7,39.85,39.2,39.5,29221
2021-05-10,39.7,39.7,39.85,39.2,39.5,29221
2021-05-11,39.7,39.7,39.85,39.2,39.5,29221
2021-05-12,39.7,39.7,39.85,39.2,39.5,29221
2021-05-13,39.7,39.7,39.85,39.2,39.5,29221
2021-05-14,39.7,39.7,39.85,39.2,39.5,29221
2021-05-17,39.7,39.7,39.85,39.2,39.5,29221
2021-05-18,39.7,39.7,39.85,39.2,39.5,29221
2021-05-19,39.7,39.7,39.85,39.2,39.5,29221
2021-05-20,39.7,39.7,39.85,39.2,39.5,29221
2021-05-21,39.7,39.7,39.85,39.2,39.5,29221
2021-05-24,39.7,39.7,39.85,39.2,39.5,29221
2021-05-25,39.7,39.7,39.85,39.2,39.5,29221
2021-05-26,39.7,39.7,39.85,39.2,39.5,29221
2021-05-27,39.7,39.7,39.85,39.2,39.5,29221
2021-05-28,39.7,39.7,39.85,39.2,39.5,29221
2021-05-31,39.7,39.7,39.85,39.2,39.5,29221
2021-06-01,39.7,39.7,39.85,39.2,39.5,29221
2021-06-02,39.7,39.7,39.85,39.2,39.5,29221
2021-06-03,39.7,39.7,39.85,39.2,39.5,29221
2021-06-04,39.7,39.7,39.85,39.2,39.5,29221
2021-06-07,39.7,39.7,39.85,39.2,39.5,29221
2021-06-08,39.7,39.7,39.85,39.2,39.5,29221
2021-06-09,39.7,39.7,39.85,39.2,39.5,29221
2021-06-10,39.7,39.7,39.85,39.2,39.5,29221
2021-06-11,39.7,39.7,39.85,39.2,39.5,29221
2021-06-14,39.7,39.7,39.85,39.2,39.5,29221
2021-06-15,39.7,39.7,39.85,39.2,39.5,29221
2021-06-16,39.7,39.7,39.85,39.2,39.5,29221
2021-06-17,39.7,39.7,39.85,39.2,39.5,29221
2021-06-18,39.7,39.7,39.85,39.2,39.5,29221
2021-06-21,39.7,39.7,39.85,39.2,39.5,29221
2021-06-22,39.7,39.7,39.85,39.2,39.5,29221
2021-06-23,39.7,39.7,39.85,39.2,39.5,29221
2021-06-24,39.7,39.7,39.85,39.2,39.5,29221
2021-06-25,39.7,39.7,39.85,39.2,39.5,29221
2021-06-28,39.7,39.7,39.85,39.2,39.5,29221
2021-06-29,39.7,39.7,39.85,39.2,39.5,29221
2021-06-30,39.7,39.7,39.85,39.2,39.5,29221
2021-07-01,39.7,39.7,39.85,39.2,39.5,29221
2021-07-02,39.7,39.7,39.85,39.2,39.5,29221
2021-07-05,39.7,39.7,39.85,39.2,39.5,29221
2021-07-06,39.7,39.7,39.85,39.2,39.5,29221
2021-07-07,39.7,39.7,39.85,39.2,39.5,29221
2021-07-08,39.7,39.7,39.85,39.2,39.5,29221
2021-07-09,39.7,39.7,39.85,39.2,39.5,29221
2021-07-12,39.7,39.7,39.85,39.2,39.5,29221
2021-07-13,39.7,39.7,39.85,39.2,39.5,29221
2021-07-14,39.7,39.7,39.85,39.2,39.5,29221
2021-07-15,39.7,39.7,39.85,39.2,39.5,29221
2021-07-16,39.7,39.7,39.85,39.2,39.5,29221
2021-07-19,39.7,39.7,39.85,39.2,39.5,29221
2021-07-20,39.7,39.7,39.85,39.2,39.5,29221
2021-07-21,39.7,39.7,39.85,39.2,39.5,29221
2021-07-22,39.7,39.7,39.85,39.2,39.5,29221
2021-07-23,39.7,39.7,39.85,39.2,39.5,29221
2021-07-26,39.7,39.7,39.85,39.2,39.5,29221
2021-07-27,39.7,39.7,39.85,39.2,39.5,29221
2021-07-28,39.7,39.7,39.85,39.2,39.5,29221
2021-07-29,39.7,39.7,39.85,39.2,39.5,29221
2021-07-30,39.7,39.7,39.85,39.2,39.5,29221
2021-08-02,39.7,39.7,39.85,39.2,39.5,29221
2021-08-03,39.7,39.7,39.85,39.2,39.5,29221
2021-08-04,39.7,39.7,39.85,39.2,39.5,29221
2021-08-05,39.7,39.7,39.85,39.2,39.5,29221
2021-08-06,39.7,39.7,39.85,39.2,39.5,29221
2021-08-09,24.5,24.5,24.5,24.15,24.5,8000
2021-08-10,24.35,24.35,24.4,24.05,24.4,15000
2021-08-11,24.2,24.2,24.75,24.2,24.75,5000
2021-08-12,24.1,24.1,24.15,24.1,24.1,8000
2021-08-13,24.0,24.0,24.15,24.0,24.1,15000
2021-08-16,24.05,24.05,24.2,24.05,24.2,15000
2021-08-17,24.0,24.0,24.15,24.0,24.1,16000
2021-08-18,24.0,24.0,24.0,23.8,23.85,5000
2021-08-19,24.25,24.25,24.25,24.25,24.25,1000
2021-08-20,24.25,24.25,24.25,23.8,23.95,10000
2021-08-23,24.25,24.25,24.25,24.05,24.05,3000
2021-08-24,24.25,24.25,24.25,24.0,24.05,9000
2021-08-25,24.25,24.25,24.25,24.2,24.25,3000
2021-08-26,24.65,24.65,24.65,24.15,24.25,7000
2021-08-27,24.35,24.35,24.35,24.35,24.35,1000
2021-08-30,24.65,24.65,24.65,24.65,24.65,2000
2021-08-31,24.3,24.3,24.5,24.2,24.5,6000
2021-09-01,24.5,24.5,24.5,24.5,24.5,4000
2021-09-02,24.25,24.25,24.35,24.15,24.25,21000
2021-09-03,24.4,24.4,24.8,24.25,24.25,21000
2021-09-06,24.4,24.4,24.4,24.3,24.3,10000
2021-09-07,24.45,24.45,24.5,24.4,24.4,15000
2021-09-08,24.3,24.3,24.9,24.3,24.9,10000
2021-09-09,24.1,24.1,24.3,24.1,24.3,15000
2021-09-10,24.1,24.1,24.15,24.1,24.15,6000
2021-09-13,24.15,24.15,24.2,24.05,24.1,8000
2021-09-14,24.1,24.1,24.15,24.05,24.15,7000
2021-09-15,24.1,24.1,24.1,24.1,24.1,1000
2021-09-16,23.95,23.95,24.05,23.95,24.05,10000
2021-09-17,24.0,24.0,24.3,24.0,24.0,25000
2021-09-20,39.5,39.5,40.05,39.3,39.95,27115
2021-09-21,39.5,39.5,40.05,39.3,39.95,27115
2021-09-22,23.95,23.95,24.0,23.9,24.0,9000
2021-09-23,23.9,23.9,24.0,23.9,24.0,3000
2021-09-24,24.0,24.0,24.25,23.95,24.0,24000
2021-09-27,24.0,24.0,24.05,24.0,24.0,4000
2021-09-28,24.05,24.05,24.55,23.95,23.95,9000
2021-09-29,24.3,24.3,24.3,23.9,24.05,25000
2021-09-30,24.5,24.5,24.5,24.35,24.4,9000
2021-10-01,24.35,24.35,24.5,24.15,24.5,11000
2021-10-04,23.95,23.95,24.55,23.95,24.5,33000
2021-10-05,23.7,23.7,23.9,23.5,23.9,93000
2021-10-06,23.7,23.7,24.0,23.7,24.0,24000
2021-10-07,24.0,24.0,24.0,23.9,23.9,6000
2021-10-08,24.05,24.05,24.15,24.0,24.15,9000
2021-10-11,39.5,39.5,40.05,39.3,39.95,27115
2021-10-12,23.8,23.8,24.0,23.8,24.0,13000
2021-10-13,24.0,24.0,24.0,23.85,23.85,6000
2021-10-14,24.05,24.05,24.35,24.0,24.35,3000
2021-10-15,24.15,24.15,24.35,24.15,24.3,5000
2021-10-18,24.25,24.25,24.25,23.95,24.0,5000
2021-10-19,24.0,24.0,24.0,24.0,24.0,2000
2021-10-20,24.05,24.05,24.4,24.0,24.3,11000
2021-10-21,24.0,24.0,24.05,24.0,24.05,4000
2021-10-22,23.85,23.85,24.05,23.8,24.05,21000
2021-10-25,23.95,23.95,24.05,23.95,23.95,12000
2021-10-26,23.9,23.9,24.25,23.75,23.95,129000
2021-10-27,23.95,23.95,24.3,23.9,24.0,93000
2021-10-28,24.35,24.35,24.5,24.0,24.0,39000
2021-10-29,24.3,24.3,24.7,24.3,24.7,21000
2021-11-01,24.5,24.5,24.6,24.5,24.5,5000
2021-11-02,24.1,24.1,24.25,24.1,24.25,19000
2021-11-03,24.15,24.15,24.2,24.15,24.2,4000
2021-11-04,24.1,24.1,24.1,24.1,24.1,1000
2021-11-05,24.65,24.65,24.8,24.15,24.15,18000
2021-11-08,24.45,24.45,24.65,24.45,24.65,5000
2021-11-09,24.4,24.4,24.5,24.4,24.5,6000
2021-11-10,24.3,24.3,24.5,24.1,24.5,24000
2021-11-11,24.35,24.35,24.4,24.3,24.3,8000
2021-11-12,24.2,24.2,24.25,24.1,24.25,15000
2021-11-15,24.8,24.8,24.9,24.0,24.05,29000
2021-11-16,24.65,24.65,24.8,24.6,24.75,10000
2021-11-17,24.7,24.7,24.7,24.6,24.65,14000
2021-11-18,24.35,24.35,24.7,24.25,24.65,13000
2021-11-19,25.6,25.6,26.0,24.8,24.8,159000
2021-11-22,25.5,25.5,25.9,25.4,25.6,93000
2021-11-23,24.8,24.8,25.35,24.8,25.35,49000
2021-11-24,24.85,24.85,24.95,24.65,24.8,22000
2021-11-25,25.15,25.15,25.15,25.15,25.15,5000
2021-11-26,24.6,24.6,25.0,24.6,24.7,17000
2021-11-29,24.5,24.5,24.6,23.85,23.85,8000
2021-11-30,24.35,24.35,24.6,24.15,24.6,31000
2021-12-01,24.3,24.3,24.3,24.3,24.3,1000
2021-12-02,24.65,24.65,24.65,24.35,24.35,10000
2021-12-03,24.9,24.9,25.8,24.9,25.8,8000
2021-12-06,24.9,24.9,24.9,24.8,24.9,16000
2021-12-07,24.9,24.9,25.6,24.65,25.6,13000
2021-12-08,24.85,24.85,24.9,24.85,24.9,7000
2021-12-09,24.7,24.7,24.9,24.7,24.9,6000
2021-12-10,24.5,24.5,24.7,24.5,24.7,22000
2021-12-13,24.35,24.35,24.6,24.3,24.6,26000
2021-12-14,24.35,24.35,24.85,24.35,24.85,16000
2021-12-15,24.45,24.45,24.7,24.4,24.4,9000
2021-12-16,24.5,24.5,24.5,24.5,24.5,13000
2021-12-17,24.65,24.65,25.0,24.65,24.95,21000
2021-12-20,24.7,24.7,24.85,24.7,24.85,5000
2021-12-21,24.65,24.65,24.8,24.65,24.8,10000
2021-12-22,24.65,24.65,24.65,24.6,24.65,8000
2021-12-23,24.7,24.7,24.8,24.55,24.6,20000
2021-12-24,24.7,24.7,24.7,24.7,24.7,14000
2021-12-27,24.7,24.7,24.7,24.7,24.7,7000
2021-12-28,24.9,24.9,24.95,24.75,24.75,8000
2021-12-29,24.8,24.8,25.0,24.8,25.0,19000
2021-12-30,24.8,24.8,24.85,24.7,24.8,18000
2021-12-31,39.5,39.5,40.05,39.3,39.95,27115
2022-01-03,24.85,24.85,25.0,24.8,24.85,22000
2022-01-04,24.8,24.8,24.95,24.75,24.9,14000
2022-01-05,24.85,24.85,24.9,24.8,24.9,13000
2022-01-06,24.85,24.85,24.85,24.8,24.85,10000
2022-01-07,24.85,24.85,25.0,24.8,24.85,12000
2022-01-10,25.2,25.2,25.5,24.85,24.85,40000
2022-01-11,25.0,25.0,25.65,24.9,25.65,38000
2022-01-13,25.1,25.1,25.35,25.05,25.05,23000
2022-01-14,25.0,25.0,25.1,25.0,25.05,20000
2022-01-17,25.25,25.25,25.4,25.15,25.4,25000
2022-01-18,25.3,25.3,25.45,25.25,25.45,12000
2022-01-19,25.3,25.3,25.3,25.3,25.3,2000
2022-01-20,24.85,24.85,25.3,24.85,25.3,23000
2022-01-21,24.7,24.7,24.85,24.7,24.85,19000
2022-01-24,24.65,24.65,24.7,24.65,24.7,12000
2022-01-25,24.55,24.55,24.6,24.55,24.6,12000
2022-01-26,24.55,24.55,24.65,24.55,24.65,5000
2022-01-27,39.5,39.5,40.05,39.3,39.95,27115
2022-01-28,39.5,39.5,40.05,39.3,39.95,27115
2022-01-31,39.5,39.5,40.05,39.3,39.95,27115
2022-02-01,39.5,39.5,40.05,39.3,39.95,27115
2022-02-02,39.5,39.5,40.05,39.3,39.95,27115
2022-02-03,39.5,39.5,40.05,39.3,39.95,27115
2022-02-04,39.5,39.5,40.05,39.3,39.95,27115
2022-02-07,24.4,24.4,24.8,24.4,24.55,20000
2022-02-08,24.75,24.75,24.9,24.75,24.9,8000
2022-02-09,24.65,24.65,24.9,24.6,24.9,13000
2022-02-10,24.6,24.6,24.85,24.5,24.65,11000
2022-02-11,24.6,24.6,24.6,24.55,24.6,5000
2022-02-14,24.85,24.85,24.85,24.45,24.45,2000
2022-02-16,24.85,24.85,24.85,24.85,24.85,2000
2022-02-17,24.85,24.85,24.85,24.85,24.85,5000
2022-02-18,24.7,24.7,24.8,24.7,24.8,15000
2022-02-21,25.55,25.55,25.55,24.6,24.65,27000
2022-02-22,25.4,25.4,25.4,25.4,25.4,2000
2022-02-23,24.6,24.6,25.3,24.55,25.3,56000
2022-02-24,24.5,24.5,24.65,24.5,24.6,8000
2022-02-25,24.4,24.4,24.5,24.4,24.5,11000
2022-02-28,39.5,39.5,40.05,39.3,39.95,27115
2022-03-01,24.3,24.3,24.4,24.25,24.4,19000
2022-03-02,24.5,24.5,24.5,24.5,24.5,1000
2022-03-03,24.55,24.55,24.55,24.55,24.55,1000
2022-03-04,24.6,24.6,24.6,24.55,24.55,9000
2022-03-07,24.35,24.35,24.55,24.25,24.55,13000
2022-03-08,24.25,24.25,24.35,24.2,24.3,21000
2022-03-09,24.6,24.6,24.65,24.6,24.65,2000
2022-03-10,24.7,24.7,24.7,24.55,24.55,6000
2022-03-11,24.45,24.45,24.55,24.45,24.5,4000
2022-03-14,24.4,24.4,24.45,24.4,24.45,11000
2022-03-15,24.2,24.2,24.4,24.15,24.4,7000
2022-03-16,24.2,24.2,24.2,24.2,24.2,1000
2022-03-17,24.35,24.35,24.6,24.35,24.6,5000
2022-03-18,24.25,24.25,24.3,24.2,24.3,6000
2022-03-21,24.4,24.4,24.45,24.4,24.45,7000
2022-03-22,24.4,24.4,24.5,24.4,24.5,9000
2022-03-23,24.55,24.55,24.65,24.45,24.65,27000
2022-03-24,24.4,24.4,24.45,24.4,24.45,2000
2022-03-25,24.4,24.4,24.75,24.4,24.75,3000
2022-03-28,24.45,24.45,24.45,24.3,24.4,14000
2022-03-29,24.45,24.45,24.5,24.45,24.5,2000
2022-03-30,24.45,24.45,24.45,24.4,24.4,10000
2022-03-31,24.4,24.4,24.4,24.25,24.4,22000
2022-04-01,24.4,24.4,24.4,24.4,24.4,3000
2022-04-04,39.5,39.5,40.05,39.3,39.95,27115
2022-04-05,39.5,39.5,40.05,39.3,39.95,27115
2022-04-06,24.4,24.4,24.4,24.4,24.4,2000
2022-04-07,24.2,24.2,24.45,24.2,24.45,19000
2022-04-08,24.5,24.5,24.5,24.25,24.25,12000
2022-04-11,24.65,24.65,25.0,24.6,25.0,35000
2022-04-12,24.8,24.8,24.8,24.6,24.6,9000
2022-04-13,24.8,24.8,24.9,24.75,24.75,15000
2022-04-14,24.7,24.7,24.7,24.7,24.7,1000
2022-04-15,24.7,24.7,24.7,24.55,24.7,8000
2022-04-18,26.05,26.05,26.25,24.9,24.9,150000
2022-04-19,25.3,25.3,26.15,25.15,26.1,74000
2022-04-20,25.75,25.75,25.8,25.25,25.3,35000
2022-04-21,26.1,26.1,26.3,25.75,25.8,137000
2022-04-22,25.65,25.65,26.1,25.55,26.0,58000
2022-04-25,25.3,25.3,26.2,25.3,25.4,59000
2022-04-26,25.25,25.25,25.65,24.8,25.65,43000
2022-04-27,24.7,24.7,25.2,24.55,25.2,27000
2022-04-28,25.2,25.2,25.2,24.65,24.7,8000
2022-04-29,25.35,25.35,25.55,25.1,25.1,6000
2022-05-02,39.5,39.5,40.05,39.3,39.95,27115
2022-05-03,24.85,24.85,25.6,24.85,25.6,9000
2022-05-04,25.1,25.1,25.5,25.1,25.35,33000
2022-05-05,25.05,25.05,25.15,24.8,25.15,22000
2022-05-06,25.0,25.0,25.1,24.5,25.1,21000
2022-05-09,25.0,25.0,25.0,24.7,25.0,10000
2022-05-10,24.95,24.95,24.95,24.5,24.8,15000
2022-05-11,24.7,24.7,24.75,24.7,24.75,27000
2022-05-12,24.75,24.75,24.75,24.4,24.7,21000
2022-05-13,24.75,24.75,24.75,24.7,24.75,7000
2022-05-16,24.6,24.6,24.7,24.55,24.7,11000
2022-05-18,24.6,24.6,24.6,24.6,24.6,6000
2022-05-19,24.6,24.6,24.6,24.6,24.6,2000
2022-05-20,24.9,24.9,24.9,24.7,24.7,7000
2022-05-23,24.9,24.9,24.9,24.9,24.9,6000
2022-05-25,25.0,25.0,25.3,25.0,25.15,8000
2022-05-26,25.0,25.0,25.0,24.7,25.0,7000
2022-05-27,25.0,25.0,25.0,25.0,25.0,4000
2022-05-30,25.1,25.1,25.2,24.95,25.2,8000
2022-05-31,25.05,25.05,25.05,24.75,24.95,15000
2022-06-01,25.05,25.05,25.05,24.9,24.9,2000
2022-06-02,25.05,25.05,25.05,24.8,24.85,8000
2022-06-03,39.5,39.5,40.05,39.3,39.95,27115
2022-06-06,25.05,25.05,25.05,24.85,24.85,3000
2022-06-07,25.0,25.0,25.05,25.0,25.05,5000
2022-06-08,24.85,24.85,25.1,24.85,25.1,12000
2022-06-09,25.0,25.0,25.0,24.9,24.9,7000
2022-06-10,25.0,25.0,25.3,24.85,25.2,60000
2022-06-13,24.95,24.95,25.2,24.7,24.7,14000
2022-06-14,25.0,25.0,25.0,24.85,24.85,8000
2022-06-15,24.95,24.95,25.15,24.85,25.15,8000
2022-06-16,24.9,24.9,24.95,24.9,24.95,10000
2022-06-17,25.0,25.0,25.0,24.7,24.85,14000
2022-06-20,24.45,24.45,24.85,24.45,24.85,23000
2022-06-21,24.55,24.55,24.75,24.45,24.5,18000
2022-06-22,24.4,24.4,24.8,24.4,24.8,6000
2022-06-23,24.2,24.2,24.4,24.2,24.4,7000
2022-06-24,24.45,24.45,24.5,24.35,24.5,7000
2022-06-27,24.6,24.6,24.7,24.4,24.45,19000
2022-06-28,24.55,24.55,24.6,24.55,24.6,3000
2022-06-29,24.4,24.4,24.55,24.4,24.55,6000
2022-06-30,24.2,24.2,24.4,24.15,24.4,17000
2022-07-01,24.0,24.0,24.2,23.8,24.15,35000
2022-07-04,23.4,23.4,24.0,23.4,24.0,17000
2022-07-05,23.5,23.5,23.5,23.4,23.4,8000
2022-07-06,24.4,24.4,24.5,23.85,23.85,23000
2022-07-07,24.3,24.3,24.3,24.0,24.3,29000
2022-07-08,24.3,24.3,24.4,24.0,24.35,24000
2022-07-11,23.75,23.75,24.3,23.5,24.3,39000
2022-07-12,23.4,23.4,23.65,23.0,23.65,14000
2022-07-13,23.2,23.2,23.65,23.05,23.4,26000
2022-07-14,23.5,23.5,23.5,23.1,23.2,12000
2022-07-15,23.25,23.25,23.5,23.1,23.5,12000
2022-07-18,23.6,23.6,23.6,23.6,23.6,1000
2022-07-19,23.3,23.3,23.4,23.3,23.4,14000
2022-07-20,23.75,23.75,23.75,23.7,23.7,4000
2022-07-21,23.75,23.75,23.85,23.75,23.8,3000
2022-07-22,23.8,23.8,23.95,23.75,23.95,6000
2022-07-25,23.85,23.85,23.85,23.8,23.8,3000
2022-07-26,24.3,24.3,24.3,23.8,23.8,6000
2022-07-27,24.3,24.3,24.55,24.3,24.55,11000
2022-07-28,24.05,24.05,24.4,24.05,24.4,21000
2022-07-29,23.95,23.95,24.45,23.95,24.1,47000
2022-08-01,23.95,23.95,23.95,23.95,23.95,2000
2022-08-02,23.85,23.85,24.0,23.85,24.0,13000
2022-08-04,24.0,24.0,24.0,23.7,23.9,25000
2022-08-08,24.45,24.45,24.45,24.0,24.0,11000
2022-08-09,24.55,24.55,24.55,24.0,24.35,34000
2022-08-10,24.15,24.15,24.5,24.05,24.5,11000
2022-08-11,24.4,24.4,24.4,24.05,24.1,6000
2022-08-12,24.4,24.4,24.4,24.4,24.4,1000
2022-08-15,24.2,24.2,24.4,24.2,24.4,5000
2022-08-16,24.15,24.15,24.2,24.1,24.2,10000
2022-08-17,24.9,24.9,25.0,24.4,24.4,18000
2022-08-18,25.35,25.35,25.5,24.95,24.95,107000
2022-08-19,24.9,24.9,25.7,24.65,25.05,32000
2022-08-22,25.4,25.4,25.6,25.2,25.4,33000
2022-08-23,25.05,25.05,25.55,25.0,25.55,23000
2022-08-24,25.3,25.3,25.35,25.05,25.05,28000
2022-08-25,25.3,25.3,25.4,25.1,25.4,9000
2022-08-26,24.8,24.8,25.4,24.8,25.4,20000
2022-08-29,24.85,24.85,25.1,24.85,25.1,5000
2022-08-30,25.1,25.1,25.1,24.9,24.95,7000
2022-08-31,25.75,25.75,26.6,25.35,25.35,53000
2022-09-01,25.45,25.45,26.35,25.45,26.35,31000
2022-09-02,25.1,25.1,25.6,25.0,25.3,22000
2022-09-05,25.4,25.4,25.5,24.95,25.0,24000
2022-09-06,25.1,25.1,25.65,25.05,25.65,21000
2022-09-07,25.1,25.1,25.3,24.85,25.3,6000
2022-09-08,25.0,25.0,25.0,24.7,25.0,12000
2022-09-09,39.5,39.5,40.05,39.3,39.95,27115
2022-09-12,24.8,24.8,24.8,24.75,24.8,3000
2022-09-13,24.95,24.95,24.95,24.95,24.95,1000
2022-09-14,25.3,25.3,25.4,25.25,25.35,14000
2022-09-15,24.9,24.9,25.45,24.85,25.45,20000
2022-09-16,25.1,25.1,25.2,24.9,25.2,8000
2022-09-19,24.6,24.6,24.6,24.35,24.55,9000
2022-09-20,24.8,24.8,25.15,24.8,25.15,16000
2022-09-21,25.0,25.0,25.1,24.7,25.1,5000
2022-09-22,25.05,25.05,25.05,25.05,25.05,1000
2022-09-23,24.65,24.65,25.05,24.65,25.05,10000
2022-09-26,24.6,24.6,24.95,24.6,24.65,7000
2022-09-27,24.6,24.6,24.85,24.5,24.5,3000
2022-09-28,23.6,23.6,24.9,23.6,24.9,29000
2022-09-29,24.35,24.35,24.35,23.6,23.6,3000
2022-09-30,24.05,24.05,24.3,23.65,23.65,15000
2022-10-03,24.3,24.3,24.3,23.85,24.0,5000
2022-10-04,24.2,24.2,24.3,24.2,24.3,2000
2022-10-05,23.9,23.9,24.4,23.9,24.4,16000
2022-10-06,24.2,24.2,24.2,23.9,24.0,5000
2022-10-07,24.3,24.3,24.35,24.3,24.3,5000
2022-10-10,39.5,39.5,40.05,39.3,39.95,27115
2022-10-11,24.05,24.05,24.85,24.05,24.85,7000
2022-10-12,23.85,23.85,24.3,23.8,24.3,4000
2022-10-13,23.3,23.3,24.15,23.3,23.75,19000
2022-10-14,23.8,23.8,23.95,23.8,23.95,2000
2022-10-17,23.5,23.5,23.85,23.35,23.5,8000
2022-10-18,24.2,24.2,24.2,23.9,23.9,2000
2022-10-19,23.85,23.85,24.25,23.85,24.2,6000
2022-10-20,23.65,23.65,24.1,23.55,24.1,10000
2022-10-21,23.4,23.4,23.9,23.4,23.65,13000
2022-10-24,23.7,23.7,23.7,23.4,23.5,8000
2022-10-25,23.05,23.05,23.7,23.0,23.3,35000
2022-10-26,23.05,23.05,23.5,23.0,23.5,10000
2022-10-27,23.6,23.6,23.6,23.45,23.45,10000
2022-10-28,23.7,23.7,23.7,23.6,23.6,2000
2022-10-31,23.9,23.9,23.9,23.9,23.9,1000
2022-11-02,23.9,23.9,23.9,23.9,23.9,1000
2022-11-03,24.1,24.1,24.1,23.95,23.95,2000
2022-11-04,24.15,24.15,24.15,24.0,24.15,4000
2022-11-07,24.05,24.05,24.1,23.95,24.1,19000
2022-11-08,24.1,24.1,24.15,23.95,24.1,10000
2022-11-09,24.15,24.15,24.15,23.9,24.0,8000
2022-11-10,24.0,24.0,24.15,23.95,24.15,7000
2022-11-11,24.05,24.05,24.3,24.05,24.3,2000
2022-11-14,24.4,24.4,24.4,24.4,24.4,1000
2022-11-15,23.95,23.95,24.4,23.95,24.4,29000
2022-11-16,24.1,24.1,24.3,24.0,24.0,20000
2022-11-17,24.25,24.25,24.25,24.1,24.1,2000
2022-11-18,24.0,24.0,24.3,24.0,24.3,33000
2022-11-21,24.3,24.3,24.3,24.0,24.1,22000
2022-11-22,24.5,24.5,24.5,24.3,24.3,16000
2022-11-23,26.95,26.95,26.95,25.0,25.15,517000
2022-11-24,27.45,27.45,28.5,25.8,28.5,628000
2022-11-25,26.0,26.0,27.35,26.0,27.35,226000
2022-11-28,28.6,28.6,28.6,26.9,26.9,299000
2022-11-29,31.45,31.45,31.45,30.95,31.3,1388000
2022-11-30,29.85,29.85,31.2,29.25,30.5,792000
2022-12-01,30.8,30.8,31.1,29.55,29.6,378000
2022-12-02,29.7,29.7,30.9,29.6,30.5,338000
2022-12-05,28.85,28.85,30.45,28.65,30.45,314000
2022-12-06,29.3,29.3,29.3,28.65,28.85,202000
2022-12-07,28.45,28.45,29.3,28.4,29.3,134000
2022-12-08,27.9,27.9,28.95,27.6,28.95,130000
2022-12-09,28.2,28.2,28.2,27.4,28.0,103000
2022-12-12,28.7,28.7,28.75,28.05,28.5,107000
2022-12-13,27.7,27.7,28.7,27.7,28.35,163000
2022-12-14,27.45,27.45,27.7,27.25,27.7,91000
2022-12-15,27.45,27.45,27.95,27.45,27.9,24000
2022-12-16,27.4,27.4,27.8,27.05,27.8,31000
2022-12-19,27.6,27.6,28.15,27.25,27.4,70000
2022-12-20,27.0,27.0,27.8,26.7,27.8,90000
2022-12-21,26.95,26.95,27.1,26.6,27.0,51000
2022-12-22,27.0,27.0,27.0,26.8,27.0,61000
2022-12-23,26.85,26.85,26.85,26.5,26.75,62000
2022-12-26,27.7,27.7,27.7,26.8,26.85,84000
2022-12-27,27.2,27.2,28.3,27.15,28.3,42000
2022-12-28,27.75,27.75,28.25,27.15,27.7,211000
2022-12-29,27.8,27.8,28.0,27.5,27.75,62000
2022-12-30,27.4,27.4,28.4,27.2,28.4,82000
2023-01-02,39.5,39.5,40.05,39.3,39.95,27115
2023-01-03,27.4,27.4,27.5,27.0,27.3,13000
2023-01-04,27.05,27.05,27.3,27.05,27.3,18000
2023-01-05,26.8,26.8,26.9,26.75,26.9,33000
2023-01-06,26.5,26.5,26.85,26.45,26.85,38000
2023-01-09,26.7,26.7,26.85,26.7,26.8,26000
2023-01-10,26.5,26.5,26.8,26.5,26.8,7000
2023-01-11,26.8,26.8,27.1,26.55,27.0,45000
2023-01-12,26.8,26.8,26.8,26.45,26.6,20000
2023-01-13,26.45,26.45,26.55,26.45,26.55,29000
2023-01-16,26.5,26.5,26.7,26.3,26.35,28000
2023-01-17,26.7,26.7,26.7,26.2,26.6,49000
2023-01-18,39.5,39.5,40.05,39.3,39.95,27115
2023-01-19,39.5,39.5,40.05,39.3,39.95,27115
2023-01-20,39.5,39.5,40.05,39.3,39.95,27115
2023-01-23,39.5,39.5,40.05,39.3,39.95,27115
2023-01-24,39.5,39.5,40.05,39.3,39.95,27115
2023-01-25,39.5,39.5,40.05,39.3,39.95,27115
2023-01-26,39.5,39.5,40.05,39.3,39.95,27115
2023-01-27,39.5,39.5,40.05,39.3,39.95,27115
2023-01-30,26.75,26.75,27.3,26.3,27.3,69000
2023-01-31,26.9,26.9,26.9,26.65,26.7,18000
2023-02-01,27.4,27.4,27.4,26.75,27.1,77000
2023-02-02,27.8,27.8,28.0,27.45,27.5,127000
2023-02-03,27.9,27.9,28.1,27.7,28.0,93000
2023-02-06,28.55,28.55,28.7,28.0,28.1,152000
2023-02-07,28.25,28.25,28.5,27.9,28.5,86000
2023-02-08,28.1,28.1,28.25,27.7,28.25,47000
2023-02-09,28.2,28.2,28.5,27.9,28.1,38000
2023-02-10,28.05,28.05,28.25,27.8,28.25,45000
2023-02-13,28.0,28.0,28.3,27.7,27.7,63000
2023-02-14,28.1,28.1,28.1,27.7,27.75,20000
2023-02-15,28.65,28.65,29.1,28.25,28.25,134000
2023-02-16,28.5,28.5,29.75,28.3,29.1,125000
2023-02-17,28.0,28.0,28.45,27.85,28.3,84000
2023-02-20,28.25,28.25,28.25,27.85,28.2,22000
2023-02-21,28.0,28.0,28.25,28.0,28.25,48000
2023-02-22,28.2,28.2,28.25,27.85,28.0,20000
2023-02-23,28.05,28.05,28.5,28.0,28.0,41000
2023-02-24,28.0,28.0,28.0,27.8,27.9,38000
2023-02-27,39.5,39.5,40.05,39.3,39.95,27115
2023-02-28,39.5,39.5,40.05,39.3,39.95,27115
2023-03-01,28.05,28.05,28.15,27.8,28.15,16000
2023-03-02,28.0,28.0,28.0,27.7,28.0,62000
2023-03-03,28.2,28.2,28.8,28.05,28.8,73000
2023-03-06,28.4,28.4,29.0,28.2,29.0,76000
2023-03-07,28.35,28.35,28.65,28.25,28.35,30000
2023-03-08,28.25,28.25,28.45,28.2,28.45,22000
2023-03-09,28.1,28.1,28.2,27.85,28.2,37000
2023-03-10,27.6,27.6,28.1,27.4,28.1,56000
2023-03-13,27.35,27.35,27.4,27.05,27.4,20000
2023-03-14,27.3,27.3,27.3,26.95,27.1,32000
2023-03-15,27.2,27.2,27.3,27.2,27.2,7000
2023-03-16,27.0,27.0,27.3,26.9,27.2,35000
2023-03-17,27.25,27.25,27.3,26.8,27.3,28000
2023-03-20,27.15,27.15,27.25,26.85,27.25,66000
2023-03-21,27.2,27.2,27.25,27.0,27.2,24000
2023-03-22,27.4,27.4,27.45,27.25,27.35,12000
2023-03-23,27.65,27.65,27.7,27.1,27.1,39000
2023-03-24,28.2,28.2,28.2,27.6,27.6,42000
2023-03-27,28.4,28.4,28.7,28.1,28.2,28000
2023-03-28,28.3,28.3,28.4,27.9,28.4,42000
2023-03-29,29.0,29.0,29.3,28.3,28.3,140000
2023-03-30,29.0,29.0,29.35,28.7,28.7,77000
2023-03-31,28.9,28.9,29.15,28.8,29.0,12000
2023-04-03,39.5,39.5,40.05,39.3,39.95,27115
2023-04-04,39.5,39.5,40.05,39.3,39.95,27115
2023-04-05,39.5,39.5,40.05,39.3,39.95,27115
2023-04-06,29.0,29.0,29.85,28.6,29.85,18000
2023-04-07,29.1,29.1,29.15,28.8,29.0,38000
2023-04-10,29.35,29.35,29.35,29.2,29.2,68000
2023-04-11,29.4,29.4,29.4,29.2,29.3,18000
2023-04-12,29.6,29.6,30.0,29.45,29.5,147000
2023-04-13,29.6,29.6,29.9,29.5,29.8,65000
2023-04-14,29.75,29.75,29.8,29.5,29.5,53000
2023-04-17,30.55,30.55,30.55,29.8,29.8,101000
2023-04-18,30.35,30.35,30.9,29.85,30.9,72000
2023-04-19,33.35,33.35,33.35,30.45,30.7,523000
2023-04-20,33.75,33.75,35.2,33.5,34.0,698000
2023-04-21,31.9,31.9,34.3,31.4,34.2,400000
2023-04-24,35.05,35.05,35.05,31.65,32.5,811000
2023-04-25,35.4,35.4,35.8,33.8,34.9,551000
2023-04-26,34.1,34.1,35.25,32.15,35.0,242000
2023-04-27,33.2,33.2,34.45,33.0,34.0,139000
2023-04-28,36.5,36.5,36.5,33.25,33.9,504000
2023-05-01,39.5,39.5,40.05,39.3,39.95,27115
2023-05-02,38.6,38.6,40.0,36.2,36.5,718000
2023-05-03,39.85,39.85,40.5,36.7,37.7,385000
2023-05-04,43.8,43.8,43.8,39.05,39.9,1139000
2023-05-05,44.4,44.4,44.8,43.0,44.5,804000
2023-05-08,48.8,48.8,48.8,43.9,44.3,1006000
2023-05-09,50.0,50.0,53.6,48.2,50.4,1406000
2023-05-10,54.2,54.2,54.9,47.2,50.6,1232000
2023-05-11,48.8,48.8,51.3,48.8,50.6,1093000
2023-05-12,48.1,48.1,48.85,47.35,48.3,341000
2023-05-15,47.9,47.9,49.3,47.6,47.6,310000
2023-05-16,46.5,46.5,47.85,46.35,47.4,432000
2023-05-17,45.75,45.75,46.7,45.0,46.7,486000
2023-05-18,44.8,44.8,46.6,44.65,46.05,413000
2023-05-19,45.1,45.1,46.0,44.6,44.6,254000
2023-05-22,45.95,45.95,47.0,44.7,44.7,339000
2023-05-23,45.35,45.35,45.75,45.0,45.45,234000
2023-05-24,44.7,44.7,46.25,44.6,45.6,485000
2023-05-25,40.8,40.8,43.8,40.25,43.8,785000
2023-05-26,39.25,39.25,40.8,38.75,40.8,417000
2023-05-29,40.8,40.8,40.95,39.2,39.5,253000
2023-05-30,40.25,40.25,41.35,39.95,40.65,196000
2023-05-31,40.5,40.5,40.95,40.3,40.85,106000
2023-06-01,39.85,39.85,40.9,39.85,40.9,119000
2023-06-02,39.45,39.45,40.0,39.2,40.0,106000
2023-06-05,39.9,39.9,40.3,39.5,40.3,92000
2023-06-06,39.8,39.8,40.3,39.65,40.3,123000
2023-06-07,39.55,39.55,39.8,39.5,39.7,89000
2023-06-08,38.85,38.85,39.6,38.85,39.6,133000
2023-06-09,38.8,38.8,38.9,37.85,38.85,150000
2023-06-12,39.7,39.7,39.95,39.0,39.4,117000
2023-06-13,39.3,39.3,40.2,39.0,40.0,54000
2023-06-14,38.8,38.8,39.6,38.8,39.5,66000
2023-06-15,37.35,37.35,38.6,37.3,38.6,131000
2023-06-16,37.95,37.95,38.05,37.4,37.4,69000
2023-06-19,37.95,37.95,38.05,37.6,37.95,28000
2023-06-20,37.9,37.9,38.05,37.65,37.95,38000
2023-06-21,38.0,38.0,38.25,37.6,37.6,42000
2023-06-22,39.5,39.5,40.05,39.3,39.95,27115
2023-06-23,39.5,39.5,40.05,39.3,39.95,27115
2023-06-26,38.0,38.0,38.3,37.2,37.7,106000
2023-06-27,40.05,40.05,41.25,37.1,37.4,417000
2023-06-28,39.7,39.7,40.75,39.05,40.75,216000
2023-06-29,40.4,40.4,40.9,39.85,40.15,240000
2023-06-30,39.65,39.65,41.25,39.0,40.6,237000
2023-07-03,39.9,39.9,40.5,39.05,40.3,223000
2023-07-04,38.7,38.7,40.0,38.7,40.0,161000
2023-07-05,38.2,38.2,38.7,37.65,38.2,88000
2023-07-06,38.1,38.1,39.05,37.9,38.2,83000
2023-07-07,37.7,37.7,38.4,37.45,38.1,58000
2023-07-10,38.5,38.5,38.8,37.05,38.3,140000
2023-07-11,37.9,37.9,38.55,37.8,38.5,71000
2023-07-12,37.4,37.4,38.0,37.2,38.0,92000
2023-07-13,37.0,37.0,37.2,37.0,37.1,126000
2023-07-14,37.25,37.25,38.0,36.4,37.0,139000
2023-07-17,40.95,40.95,40.95,37.6,37.6,408000
2023-07-18,40.0,40.0,43.9,39.9,43.9,623000
2023-07-19,44.0,44.0,44.0,39.8,39.8,640000
2023-07-20,46.8,46.8,48.0,43.0,44.25,969000
2023-07-21,43.8,43.8,45.9,43.65,44.6,568000
2023-07-24,41.4,41.4,43.8,41.3,43.8,231000
2023-07-25,42.7,42.7,43.8,41.4,41.4,259000
2023-07-26,40.1,40.1,42.5,40.05,42.5,285000
2023-07-27,40.3,40.3,41.35,40.05,40.75,115000
2023-07-28,39.9,39.9,40.8,39.8,40.15,103000
2023-07-31,43.85,43.85,43.85,43.85,43.85,338000
2023-08-01,48.2,48.2,48.2,48.2,48.2,526000
2023-08-02,47.9,47.9,48.0,43.8,46.8,1044000
2023-08-03,39.5,39.5,40.05,39.3,39.95,27115
2023-08-04,52.2,52.2,52.4,46.2,47.85,1188000
2023-08-07,50.1,50.1,52.8,49.3,52.5,562000
2023-08-08,51.3,51.3,51.3,49.45,50.0,465000
2023-08-09,49.65,49.65,51.3,48.8,51.3,277000
2023-08-10,51.0,51.0,51.3,48.8,49.0,395000
2023-08-11,50.0,50.0,52.5,50.0,52.5,333000
2023-08-14,47.3,47.3,49.5,46.05,49.4,326000
2023-08-15,46.5,46.5,47.2,45.75,45.75,213000
2023-08-16,46.7,46.7,47.9,45.3,46.9,117000
2023-08-17,47.8,47.8,48.1,45.9,46.0,186000
2023-08-18,49.5,49.5,49.95,47.0,47.0,327000
2023-08-21,49.75,49.75,50.5,48.55,49.5,196000
2023-08-22,48.0,48.0,49.4,48.0,49.4,146000
2023-08-23,46.5,46.5,47.75,46.5,47.7,136000
2023-08-24,45.65,45.65,46.9,45.6,46.3,128000
2023-08-25,43.7,43.7,46.6,43.0,46.6,405000
2023-08-28,43.35,43.35,44.1,42.5,43.8,291000
2023-08-29,43.95,43.95,43.95,42.9,43.65,58000
2023-08-30,44.6,44.6,45.45,44.45,44.5,92000
2023-08-31,43.85,43.85,44.45,43.55,44.4,89000
2023-09-01,44.25,44.25,44.65,43.5,44.45,77000
2023-09-04,44.0,44.0,44.2,43.9,44.2,53000
2023-09-05,44.0,44.0,44.1,43.65,44.0,78000
2023-09-06,44.7,44.7,45.15,44.0,44.0,87000
2023-09-07,44.0,44.0,44.7,43.95,44.7,20000
2023-09-08,43.2,43.2,45.0,42.85,44.0,209000
2023-09-11,42.25,42.25,43.2,41.7,42.05,207000
2023-09-12,41.1,41.1,42.25,40.65,42.25,285000
2023-09-13,42.0,42.0,42.8,41.1,41.1,150000
2023-09-14,40.45,40.45,40.7,40.0,40.15,90000
2023-09-15,40.5,40.5,40.85,40.1,40.7,88000
2023-09-18,40.8,40.8,41.45,40.15,41.45,92000
2023-09-19,40.0,40.0,40.6,39.8,40.6,117000
2023-09-20,39.5,39.5,39.95,39.5,39.9,71000
2023-09-21,38.4,38.4,39.4,38.2,39.4,67000
2023-09-22,38.6,38.6,38.9,37.3,37.3,35000
2023-09-25,40.3,40.3,41.35,38.6,38.6,84000
2023-09-26,39.65,39.65,40.0,39.2,39.2,50000
2023-09-27,40.3,40.3,40.45,39.8,39.8,47000
2023-09-28,40.2,40.2,40.7,40.15,40.15,24000
2023-09-29,39.5,39.5,40.05,39.3,39.95,27115
2023-10-02,39.8,39.8,40.3,39.65,40.0,21000
2023-10-03,39.8,39.8,40.0,39.5,39.6,39000
2023-10-04,39.6,39.6,40.0,39.0,40.0,44000
2023-10-05,40.1,40.1,40.1,39.35,39.75,33000
2023-10-06,39.6,39.6,39.95,39.4,39.4,32000
2023-10-09,39.5,39.5,40.05,39.3,39.95,27115
2023-10-10,39.5,39.5,40.05,39.3,39.95,27115
2023-10-11,37.8,37.8,39.4,37.65,39.4,132000
2023-10-12,38.65,38.65,38.95,38.35,38.35,36000
2023-10-13,38.3,38.3,39.5,38.2,39.5,49000
2023-10-16,38.55,38.55,39.5,38.15,39.5,14000
2023-10-17,38.7,38.7,38.7,38.3,38.7,11000
2023-10-18,37.7,37.7,38.0,37.0,37.95,62000
2023-10-19,38.2,38.2,38.2,36.2,37.7,52000
2023-10-20,37.75,37.75,37.95,36.95,37.85,27000
2023-10-23,37.4,37.4,38.05,37.3,37.75,47000
2023-10-24,37.35,37.35,37.35,37.0,37.25,29000
2023-10-25,38.3,38.3,38.3,37.5,37.5,26000
2023-10-26,37.85,37.85,38.0,37.75,38.0,28000
2023-10-27,41.6,41.6,41.6,38.25,38.25,314000
2023-10-30,41.15,41.15,41.6,40.3,41.6,130000
2023-10-31,39.5,39.5,40.9,39.5,40.6,112000
2023-11-01,40.9,40.9,41.45,40.0,40.0,131000
2023-11-02,42.05,42.05,42.25,40.5,40.9,217000
2023-11-03,42.15,42.15,42.35,40.9,41.6,124000
2023-11-06,41.8,41.8,42.15,41.3,41.3,47000
2023-11-07,41.35,41.35,42.1,41.3,42.1,67000
2023-11-08,41.15,41.15,41.4,40.75,41.4,26000
2023-11-09,41.65,41.65,42.6,41.0,41.6,61000
2023-11-10,40.5,40.5,41.5,40.45,41.3,108000
2023-11-13,40.3,40.3,40.8,40.1,40.55,25000
2023-11-14,40.35,40.35,40.35,39.95,40.3,21000
2023-11-15,40.55,40.55,41.0,40.2,40.7,39000
2023-11-16,40.6,40.6,40.7,40.45,40.55,30000
2023-11-17,40.6,40.6,41.2,39.55,40.25,42000
2023-11-20,39.9,39.9,41.15,39.8,41.15,100000
2023-11-21,40.1,40.1,40.1,39.8,40.1,36000
2023-11-22,40.0,40.0,40.3,39.95,39.95,22000
2023-11-23,40.4,40.4,40.55,40.15,40.4,64000
2023-11-24,40.6,40.6,40.65,40.35,40.6,60000
2023-11-27,41.3,41.3,42.1,41.0,41.35,93000
2023-11-28,40.85,40.85,41.5,40.8,41.35,50000
2023-11-29,41.8,41.8,42.5,40.9,40.9,154000
2023-11-30,41.45,41.45,42.2,41.45,42.2,58000
2023-12-01,41.45,41.45,41.65,41.3,41.45,26000
2023-12-04,41.45,41.45,41.95,41.4,41.45,53000
2023-12-05,41.2,41.2,42.0,41.15,42.0,54000
2023-12-06,40.55,40.55,41.15,40.5,41.15,66000
2023-12-07,40.5,40.5,41.0,40.25,41.0,30000
2023-12-08,40.5,40.5,40.5,40.25,40.5,6000
2023-12-11,40.4,40.4,40.5,39.75,40.5,26000
2023-12-12,39.6,39.6,40.4,39.1,40.4,23000
2023-12-13,39.3,39.3,39.8,38.9,39.8,81000
2023-12-14,39.35,39.35,40.2,38.85,39.1,81000
2023-12-15,38.95,38.95,39.65,38.95,39.35,9000
2023-12-18,39.2,39.2,39.7,38.95,39.0,57000
2023-12-19,39.4,39.4,40.15,38.85,40.15,74000
2023-12-20,39.8,39.8,39.85,39.4,39.4,35000
2023-12-21,39.85,39.85,39.95,39.6,39.8,30000
2023-12-22,39.6,39.6,39.75,39.6,39.75,15000
2023-12-25,39.6,39.6,39.95,39.6,39.6,19000
2023-12-26,39.7,39.7,39.7,39.1,39.6,21000
2023-12-27,39.5,39.5,39.5,39.15,39.35,43000
2023-12-28,39.1,39.1,39.4,38.8,39.4,32000
2023-12-29,38.9,38.9,39.5,38.8,38.8,29000
2024-01-01,39.5,39.5,40.05,39.3,39.95,27115
2024-01-02,39.8,39.8,40.45,39.25,39.75,68000
2024-01-03,39.3,39.3,40.25,39.15,40.1,58000
2024-01-04,38.95,38.95,39.3,38.95,39.3,11000
2024-01-05,39.0,39.0,39.2,38.85,38.95,44000
2024-01-08,38.7,38.7,39.05,38.7,39.0,35000
2024-01-09,38.2,38.2,38.7,38.2,38.5,28000
2024-01-10,38.6,38.6,39.5,38.2,38.2,18000
2024-01-11,38.9,38.9,39.15,38.6,39.15,24000
2024-01-12,38.5,38.5,38.9,38.0,38.9,21000
2024-01-15,42.35,42.35,42.35,38.9,39.0,275000
2024-01-16,42.6,42.6,43.75,41.2,43.5,366000
2024-01-17,41.65,41.65,43.3,41.55,42.5,172000
2024-01-18,42.15,42.15,42.3,41.1,41.65,95000
2024-01-19,41.8,41.8,42.7,41.7,42.6,66000
2024-01-22,41.7,41.7,42.2,41.7,42.0,96000
2024-01-23,41.7,41.7,42.0,41.5,42.0,33000
2024-01-24,42.4,42.4,43.0,42.1,42.1,155000
2024-01-25,41.9,41.9,42.45,41.4,42.45,60000
2024-01-26,41.6,41.6,42.1,41.5,42.1,23000
2024-01-29,41.5,41.5,41.6,41.45,41.6,24000
2024-01-30,40.65,40.65,41.5,40.3,41.5,53000
2024-01-31,40.95,40.95,40.95,40.35,40.55,28000
2024-02-01,40.45,40.45,40.85,40.3,40.85,24000
2024-02-02,40.45,40.45,40.5,40.15,40.3,22000
2024-02-05,43.7,43.7,43.7,40.45,41.75,146000
2024-02-06,39.5,39.5,40.05,39.3,39.95,27115
2024-02-07,39.5,39.5,40.05,39.3,39.95,27115
2024-02-08,39.5,39.5,40.05,39.3,39.95,27115
2024-02-09,39.5,39.5,40.05,39.3,39.95,27115
2024-02-12,39.5,39.5,40.05,39.3,39.95,27115
2024-02-13,39.5,39.5,40.05,39.3,39.95,27115
2024-02-14,39.5,39.5,40.05,39.3,39.95,27115
2024-02-15,43.2,43.2,46.95,42.05,46.95,350000
2024-02-16,43.05,43.05,43.05,42.0,43.0,103000
2024-02-19,42.4,42.4,43.1,42.3,42.3,66000
2024-02-20,42.8,42.8,43.5,42.35,42.4,98000
2024-02-21,42.6,42.6,44.35,42.6,44.35,85000
2024-02-22,42.2,42.2,43.1,41.8,43.1,50000
2024-02-23,42.8,42.8,42.8,41.9,42.05,47000
2024-02-26,43.05,43.05,43.55,42.55,42.95,80000
2024-02-27,42.05,42.05,43.0,42.05,43.0,56000
2024-02-28,39.5,39.5,40.05,39.3,39.95,27115
2024-02-29,41.95,41.95,42.25,41.9,41.9,40000
2024-03-01,41.6,41.6,42.2,41.6,41.95,53000
2024-03-04,42.0,42.0,42.1,41.35,41.6,50000
2024-03-05,42.0,42.0,42.4,41.6,42.0,31000
2024-03-06,42.5,42.5,43.0,42.3,42.3,109000
2024-03-07,42.7,42.7,42.8,41.95,42.75,103000
2024-03-08,41.6,41.6,42.8,41.4,42.8,56000
2024-03-11,41.5,41.5,42.2,41.3,41.3,36000
2024-03-12,42.0,42.0,42.0,41.55,41.65,50000
2024-03-13,41.2,41.2,42.0,41.2,42.0,41000
2024-03-14,40.9,40.9,41.25,40.8,40.8,20000
2024-03-15,40.8,40.8,41.5,40.8,40.9,27000
2024-03-18,41.55,41.55,41.55,40.8,41.0,42000
2024-03-19,42.2,42.2,43.55,41.9,41.9,138000
2024-03-20,42.7,42.7,42.85,42.3,42.85,76000
2024-03-21,42.45,42.45,43.3,42.35,43.0,56000
2024-03-22,42.85,42.85,43.4,42.45,42.45,112000
2024-03-25,42.85,42.85,43.8,42.7,43.7,163000
2024-03-26,41.9,41.9,43.1,41.8,42.5,135000
2024-03-27,41.65,41.65,42.25,41.55,41.85,73000
2024-03-28,42.2,42.2,42.25,41.9,42.15,31000
2024-03-29,42.3,42.3,42.65,41.8,42.65,56000
2024-04-01,42.65,42.65,42.75,41.9,42.3,82000
2024-04-02,43.45,43.45,43.45,42.25,42.7,74000
2024-04-03,42.9,42.9,44.5,42.6,44.5,62000
2024-04-04,39.5,39.5,40.05,39.3,39.95,27115
2024-04-05,39.5,39.5,40.05,39.3,39.95,27115
2024-04-08,43.85,43.85,44.3,43.1,43.1,116000
2024-04-09,43.65,43.65,44.2,43.05,44.2,62000
2024-04-10,43.4,43.4,44.0,43.0,43.6,56000
2024-04-11,43.6,43.6,44.0,43.1,43.95,85000
2024-04-12,43.2,43.2,44.1,43.05,44.1,56000
2024-04-15,42.6,42.6,43.15,42.4,43.15,64000
2024-04-16,41.3,41.3,42.6,41.25,42.6,56000
2024-04-17,41.75,41.75,42.05,41.6,41.6,30000
2024-04-18,41.8,41.8,41.9,41.75,41.75,23000
2024-04-19,41.8,41.8,41.8,40.2,41.4,34000
2024-04-22,45.95,45.95,45.95,45.95,45.95,246000
2024-04-23,50.5,50.5,50.5,49.8,50.5,1190000
2024-04-24,50.3,50.3,51.4,47.8,51.0,1078000
2024-04-25,55.3,55.3,55.3,48.4,48.75,733000
2024-04-26,55.2,55.2,57.5,52.3,55.4,1026000
2024-04-29,53.0,53.0,54.2,52.0,53.0,538000
2024-04-30,49.8,49.8,51.7,49.8,50.0,378000
2024-05-01,39.5,39.5,40.05,39.3,39.95,27115
2024-05-02,54.7,54.7,54.7,49.6,49.8,645000
2024-05-03,53.2,53.2,54.7,53.1,54.7,628000
2024-05-06,57.1,57.1,58.5,54.0,54.0,624000
2024-05-07,59.5,59.5,61.0,54.0,56.1,482000
2024-05-08,58.5,58.5,59.7,57.6,57.9,281000
2024-05-09,58.0,58.0,60.0,57.1,60.0,220000
2024-05-10,56.2,56.2,58.3,56.1,58.3,267000
2024-05-13,53.5,53.5,58.9,53.5,58.9,339000
2024-05-14,53.6,53.6,55.2,51.7,51.7,216000
2024-05-15,55.5,55.5,56.3,53.7,54.0,218000
2024-05-16,55.5,55.5,57.0,54.1,55.8,215000
2024-05-17,61.0,61.0,61.0,55.8,55.8,1498000
2024-05-20,67.1,67.1,67.1,57.2,60.1,1417000
2024-05-21,68.0,68.0,69.6,64.8,66.6,984000
2024-05-22,69.1,69.1,72.9,66.0,68.2,1217000
2024-05-23,67.7,67.7,70.9,66.5,68.8,632000
2024-05-24,68.5,68.5,69.8,66.2,66.5,376000
2024-05-27,67.2,67.2,69.5,66.9,68.6,565000
2024-05-28,68.6,68.6,70.5,66.9,67.2,554000
2024-05-29,75.4,75.4,75.4,69.0,69.0,1054000
2024-05-30,81.5,81.5,82.8,72.9,74.8,1376000
2024-05-31,89.6,89.6,89.6,78.9,85.0,1331000
2024-06-03,98.5,98.5,98.5,91.6,95.0,1590000
2024-06-04,88.7,88.7,97.6,88.7,97.6,1714000
2024-06-05,97.5,97.5,97.5,84.9,90.4,2172000
2024-06-06,91.7,91.7,99.9,90.8,99.9,1592000
2024-06-07,89.9,89.9,95.0,88.0,88.8,928000
2024-06-10,39.5,39.5,40.05,39.3,39.95,27115
2024-06-11,85.4,85.4,91.5,84.4,91.5,808000
2024-06-12,83.0,83.0,86.0,81.6,84.6,889000
2024-06-13,87.3,87.3,90.5,84.6,87.5,800000
2024-06-14,86.6,86.6,89.5,85.8,87.4,596000
2024-06-17,89.0,89.0,92.0,87.7,88.8,697000
2024-06-18,96.7,96.7,97.5,88.0,88.0,1433000
2024-06-19,91.4,91.4,96.7,91.2,96.7,1164000
2024-06-20,93.0,93.0,94.0,91.2,91.5,541000
2024-06-21,89.3,89.3,93.2,88.8,92.1,509000
2024-06-24,88.9,88.9,90.7,88.7,89.5,259000
2024-06-25,90.9,90.9,92.9,87.3,88.0,473000
2024-06-26,99.9,99.9,99.9,90.5,91.9,1463000
2024-06-27,109.5,109.5,109.5,98.0,99.7,1092000
2024-06-28,120.0,120.0,120.0,112.0,119.5,2953000
2024-07-01,132.0,132.0,132.0,110.5,118.0,2518000
2024-07-02,120.5,120.5,131.0,119.0,129.0,3237000
2024-07-03,114.5,114.5,123.5,114.5,121.5,1349000
2024-07-04,117.0,117.0,118.0,111.5,115.0,878000
2024-07-05,116.5,116.5,120.0,115.5,116.0,955000
2024-07-08,128.0,128.0,128.0,116.5,116.5,2136000
2024-07-09,124.0,124.0,140.5,122.0,140.5,5472000
2024-07-10,126.0,126.0,131.0,122.5,124.0,2113000
2024-07-11,121.5,121.5,130.0,119.5,130.0,1139000
2024-07-12,122.0,122.0,131.5,120.5,121.5,2098000
2024-07-15,129.5,129.5,134.0,123.0,123.0,3365000
2024-07-16,130.0,130.0,138.0,127.5,127.5,3168000
2024-07-17,133.5,133.5,140.5,129.5,131.5,3276000
2024-07-18,146.5,146.5,146.5,136.5,136.5,5587000
2024-07-19,132.0,132.0,158.5,132.0,155.0,12596000
2024-07-22,127.0,127.0,137.5,126.0,132.0,3300000
2024-07-23,130.0,130.0,132.5,125.5,128.0,1250000
2024-07-24,39.5,39.5,40.05,39.3,39.95,27115
2024-07-25,39.5,39.5,40.05,39.3,39.95,27115
2024-07-26,123.0,123.0,126.0,118.5,126.0,984000
2024-07-29,111.0,111.0,125.5,111.0,125.0,1484000
2024-07-30,108.5,108.5,114.5,101.5,104.0,1782000
2024-07-31,103.0,103.0,110.5,102.5,109.5,823000
2024-08-01,106.5,106.5,107.5,104.0,104.0,631000
2024-08-02,101.5,101.5,111.5,100.0,106.0,823000
2024-08-05,91.4,91.4,99.1,91.4,99.1,719000
2024-08-06,93.5,93.5,96.0,84.1,93.6,868000
2024-08-07,98.1,98.1,100.5,93.5,95.5,600000
2024-08-08,94.2,94.2,97.7,93.0,97.7,615000
2024-08-09,96.0,96.0,97.9,95.7,95.7,387000
2024-08-12,105.5,105.5,105.5,98.8,98.8,849000
2024-08-13,103.0,103.0,108.0,98.5,107.0,1177000
2024-08-14,102.0,102.0,105.0,101.0,104.5,463000
2024-08-15,103.5,103.5,105.5,101.0,101.0,490000
2024-08-16,103.5,103.5,105.5,101.5,104.5,350000
2024-08-19,104.5,104.5,105.0,102.5,104.5,319000
2024-08-20,109.0,109.0,114.5,104.5,105.0,1718000
2024-08-21,110.0,110.0,113.5,106.0,110.0,1839000
2024-08-22,109.5,109.5,111.5,106.0,111.0,727000
2024-08-23,109.5,109.5,110.5,105.0,108.0,609000
2024-08-26,112.0,112.0,115.0,107.5,109.5,867000
2024-08-27,113.0,113.0,115.0,109.0,114.5,856000
2024-08-28,111.0,111.0,114.5,111.0,112.5,495000
2024-08-29,112.5,112.5,117.0,110.0,111.0,880000
2024-08-30,110.0,110.0,114.5,110.0,112.5,454000
2024-09-02,108.0,108.0,112.5,108.0,110.5,262000
2024-09-03,105.0,105.0,109.5,105.0,109.5,313000
2024-09-04,102.0,102.0,104.5,98.7,99.8,420000
2024-09-05,98.6,98.6,104.0,97.6,104.0,456000
2024-09-06,98.9,98.9,101.0,97.5,99.5,215000
2024-09-09,98.9,98.9,99.6,97.5,98.2,147000
2024-09-10,96.9,96.9,100.5,94.2,99.5,226000
2024-09-11,91.9,91.9,97.8,90.2,97.8,589000
2024-09-12,92.3,92.3,93.7,91.9,92.2,271000
2024-09-13,92.5,92.5,93.9,91.3,93.9,133000
2024-09-16,93.6,93.6,94.5,92.0,92.5,167000
2024-09-17,39.5,39.5,40.05,39.3,39.95,27115
2024-09-18,102.5,102.5,102.5,94.5,94.5,782000
2024-09-19,91.4,91.4,104.5,91.4,100.5,1360000
2024-09-20,92.1,92.1,94.1,91.4,92.3,392000
2024-09-23,91.4,91.4,93.1,91.4,93.1,149000
2024-09-24,89.3,89.3,93.8,89.0,92.3,326000
2024-09-25,92.0,92.0,92.3,89.8,89.8,276000
2024-09-26,91.0,91.0,94.5,91.0,92.5,322000
2024-09-27,91.5,91.5,93.2,91.0,92.3,171000
2024-09-30,91.9,91.9,98.8,91.9,92.7,925000
2024-10-01,92.7,92.7,92.8,91.0,92.8,139000
2024-10-02,39.5,39.5,40.05,39.3,39.95,27115
2024-10-03,39.5,39.5,40.05,39.3,39.95,27115
2024-10-04,89.5,89.5,92.8,89.4,92.8,183000
2024-10-07,91.0,91.0,92.0,89.1,89.7,114000
2024-10-08,89.6,89.6,92.0,89.5,92.0,96000
2024-10-09,88.4,88.4,91.0,87.9,89.7,113000
2024-10-10,39.5,39.5,40.05,39.3,39.95,27115
2024-10-11,84.9,84.9,88.5,84.9,88.5,242000
2024-10-14,86.4,86.4,87.4,84.0,84.6,128000
2024-10-15,86.3,86.3,87.8,86.0,87.8,72000
2024-10-16,88.3,88.3,92.2,88.1,88.4,228000
2024-10-17,88.5,88.5,89.1,87.5,88.3,76000
2024-10-18,87.2,87.2,89.2,86.0,88.5,112000
2024-10-21,87.7,87.7,87.9,86.3,86.3,65000
2024-10-22,87.5,87.5,88.2,86.8,88.0,59000
2024-10-23,89.1,89.1,92.0,88.0,88.0,176000
2024-10-24,87.0,87.0,89.3,86.5,89.1,101000
2024-10-25,86.3,86.3,88.0,86.2,86.2,64000
2024-10-28,86.4,86.4,88.0,85.4,86.3,80000
2024-10-29,85.9,85.9,87.0,85.1,87.0,92000
2024-10-30,84.0,84.0,85.6,84.0,85.5,143000
2024-10-31,39.5,39.5,40.05,39.3,39.95,27115
2024-11-01,85.4,85.4,85.9,84.0,84.0,61000
2024-11-04,84.0,84.0,85.0,82.4,82.4,54000
2024-11-05,84.1,84.1,85.0,83.5,83.8,63000
2024-11-06,83.3,83.3,85.1,83.1,85.0,71000
2024-11-07,84.0,84.0,84.5,82.0,84.0,83000
2024-11-08,84.9,84.9,87.2,84.0,84.0,112000
2024-11-11,84.3,84.3,84.9,82.8,84.9,73000
2024-11-12,81.6,81.6,83.6,81.2,82.9,121000
2024-11-13,83.6,83.6,84.0,81.8,82.0,102000
2024-11-14,82.0,82.0,84.6,81.7,84.4,71000
2024-11-15,80.0,80.0,82.0,79.9,82.0,172000
2024-11-18,80.2,80.2,80.5,78.8,80.5,64000
2024-11-19,81.0,81.0,81.0,78.8,81.0,64000
2024-11-20,87.4,87.4,89.1,81.5,81.5,508000
2024-11-21,85.7,85.7,89.5,85.0,89.0,260000
2024-11-22,84.8,84.8,85.9,83.8,85.5,117000
2024-11-25,89.6,89.6,89.6,85.5,85.5,347000
2024-11-26,87.3,87.3,92.9,87.0,92.9,156000
2024-11-27,85.0,85.0,87.6,85.0,87.6,87000
2024-11-28,82.2,82.2,85.2,82.2,85.0,131000
2024-11-29,86.1,86.1,87.5,82.3,82.3,161000
2024-12-02,85.2,85.2,87.9,84.6,87.4,88000
2024-12-03,84.8,84.8,86.4,84.5,85.5,77000
2024-12-04,88.6,88.6,91.0,85.0,85.7,370000
2024-12-05,86.6,86.6,90.2,86.4,88.6,193000
2024-12-06,83.7,83.7,86.8,83.6,86.8,206000
2024-12-09,82.2,82.2,83.9,82.1,83.9,123000
2024-12-10,82.6,82.6,83.7,82.5,82.6,51000
2024-12-11,82.8,82.8,84.5,82.5,83.9,118000
2024-12-12,81.2,81.2,83.7,81.2,83.1,145000
2024-12-13,77.0,77.0,81.3,76.1,81.2,225000
2024-12-16,72.2,72.2,77.3,72.2,77.0,290000
2024-12-17,72.7,72.7,74.0,72.6,73.3,65000
2024-12-18,72.3,72.3,72.4,70.2,72.2,85000
2024-12-19,70.2,70.2,71.0,70.2,70.6,86000
2024-12-20,69.3,69.3,71.7,68.6,70.4,97000
2024-12-23,69.5,69.5,70.9,68.8,69.7,45000
2024-12-24,69.5,69.5,71.0,69.5,70.8,49000
2024-12-25,69.5,69.5,69.9,68.6,69.9,52000
2024-12-26,70.8,70.8,71.5,70.0,70.0,61000
2024-12-27,69.0,69.0,71.3,69.0,71.3,77000
2024-12-30,68.6,68.6,69.5,68.6,68.6,34000
2024-12-31,68.6,68.6,69.4,68.3,68.8,14000
2025-01-01,39.5,39.5,40.05,39.3,39.95,27115
2025-01-02,69.9,69.9,71.1,67.8,68.6,69000
2025-01-03,68.7,68.7,71.0,68.6,71.0,83000
2025-01-06,69.6,69.6,70.2,68.5,69.0,50000
2025-01-07,70.1,70.1,72.3,69.6,72.3,31000
2025-01-08,70.9,70.9,71.0,69.6,70.2,31000
2025-01-09,68.6,68.6,70.1,68.5,69.1,56000
2025-01-10,67.8,67.8,69.7,67.0,67.0,58000
2025-01-13,67.5,67.5,72.5,66.5,72.5,94000
2025-01-14,69.2,69.2,69.6,67.0,67.5,80000
2025-01-15,69.0,69.0,69.3,67.5,68.5,15000
2025-01-16,68.2,68.2,70.0,67.8,70.0,66000
2025-01-17,67.3,67.3,68.0,67.2,68.0,26000
2025-01-20,67.1,67.1,67.1,65.1,67.0,110000
2025-01-21,67.5,67.5,67.6,66.8,66.8,34000
2025-01-22,67.3,67.3,68.0,66.1,66.1,35000
2025-01-23,39.5,39.5,40.05,39.3,39.95,27115
2025-01-24,39.5,39.5,40.05,39.3,39.95,27115
2025-01-27,39.5,39.5,40.05,39.3,39.95,27115
2025-01-28,39.5,39.5,40.05,39.3,39.95,27115
2025-01-29,39.5,39.5,40.05,39.3,39.95,27115
2025-01-30,39.5,39.5,40.05,39.3,39.95,27115
2025-01-31,39.5,39.5,40.05,39.3,39.95,27115
2025-02-03,68.5,68.5,68.7,66.8,67.3,48000
2025-02-04,67.3,67.3,68.5,67.1,68.5,30000
2025-02-05,67.9,67.9,67.9,67.0,67.6,37000
2025-02-06,69.9,69.9,70.2,66.9,67.8,101000
2025-02-07,69.5,69.5,69.9,68.1,69.9,53000
2025-02-10,69.3,69.3,69.6,68.2,69.6,38000
2025-02-11,67.7,67.7,69.3,66.6,69.3,60000
2025-02-12,68.0,68.0,68.5,67.5,67.9,76000
2025-02-13,68.0,68.0,68.4,67.3,67.5,43000
2025-02-14,68.3,68.3,69.5,68.1,68.5,47000
2025-02-17,68.3,68.3,69.0,68.2,68.6,37000
2025-02-18,67.9,67.9,68.3,67.8,68.3,35000
2025-02-19,69.8,69.8,70.0,67.7,67.9,77000
2025-02-20,74.0,74.0,74.0,70.1,70.1,216000
2025-02-21,72.2,72.2,73.9,71.4,73.6,181000
2025-02-24,72.2,72.2,73.0,72.1,72.2,58000
2025-02-25,71.0,71.0,73.3,70.8,72.2,65000
2025-02-26,70.9,70.9,71.0,70.6,70.9,18000
2025-02-27,71.0,71.0,71.2,70.7,70.9,33000
2025-02-28,39.5,39.5,40.05,39.3,39.95,27115
2025-03-03,71.5,71.5,72.2,70.6,72.2,15000
2025-03-04,71.6,71.6,71.6,70.1,71.2,26000
2025-03-05,71.0,71.0,71.6,70.5,71.6,25000
2025-03-06,70.4,70.4,72.0,70.2,72.0,29000
2025-03-07,70.4,70.4,71.5,70.2,70.6,26000
2025-03-10,70.4,70.4,71.7,70.0,70.4,28000
2025-03-11,70.5,70.5,71.5,68.6,71.5,47000
2025-03-12,69.3,69.3,70.5,69.2,70.5,22000
2025-03-13,67.1,67.1,69.5,67.0,68.9,81000
2025-03-14,68.0,68.0,68.0,66.0,67.2,35000
2025-03-17,67.5,67.5,68.0,66.8,68.0,40000
2025-03-18,67.4,67.4,68.7,66.9,67.5,45000
2025-03-19,66.9,66.9,67.4,66.8,66.8,32000
2025-03-20,67.1,67.1,67.9,67.0,67.1,29000
2025-03-21,67.8,67.8,68.7,67.2,67.3,47000
2025-03-24,67.4,67.4,68.6,67.4,67.8,57000
2025-03-25,67.6,67.6,69.3,66.5,69.3,57000
2025-03-26,70.1,70.1,70.1,67.7,68.0,90000
2025-03-27,69.0,69.0,71.0,69.0,70.6,116000
2025-03-28,68.9,68.9,69.1,66.9,69.1,91000
2025-03-31,64.5,64.5,68.4,64.5,68.4,79000
2025-04-01,64.7,64.7,65.3,64.7,65.0,45000
2025-04-02,64.2,64.2,64.9,63.6,64.9,45000
2025-04-03,39.5,39.5,40.05,39.3,39.95,27115
2025-04-04,39.5,39.5,40.05,39.3,39.95,27115
2025-04-07,57.8,57.8,57.8,57.8,57.8,16000
2025-04-08,52.1,52.1,52.7,52.1,52.6,115000
2025-04-09,47.5,47.5,53.0,46.9,53.0,114000
2025-04-10,52.2,52.2,52.2,51.8,52.2,69000
2025-04-11,54.2,54.2,54.2,50.1,50.9,26000
2025-04-14,54.2,54.2,55.0,53.4,54.7,81000
2025-04-15,55.6,55.6,56.0,54.5,54.5,33000
2025-04-16,56.0,56.0,56.0,55.0,55.6,58000
2025-04-17,56.0,56.0,56.0,54.7,55.0,22000
2025-04-18,56.0,56.0,57.0,55.1,56.8,32000
2025-04-21,55.0,55.0,56.1,54.0,56.1,39000
2025-04-22,55.1,55.1,55.8,53.5,53.5,15000
2025-04-23,55.3,55.3,56.2,55.3,56.2,17000
2025-04-24,55.3,55.3,57.3,54.2,57.3,27000
2025-04-25,55.3,55.3,56.0,54.6,55.9,62000
2025-04-28,55.8,55.8,56.3,55.5,55.8,23000
2025-04-29,57.2,57.2,57.2,56.3,56.6,40000
2025-04-30,57.0,57.0,58.9,56.8,57.2,44000
2025-05-01,39.5,39.5,40.05,39.3,39.95,27115
2025-05-02,57.1,57.1,58.4,57.1,58.0,35000
2025-05-05,55.3,55.3,57.2,55.0,57.2,31000
2025-05-06,55.2,55.2,57.0,54.0,57.0,23000
2025-05-07,55.0,55.0,55.2,54.4,55.2,28000
2025-05-08,54.6,54.6,55.9,54.6,55.0,41000
2025-05-09,54.6,54.6,55.3,53.7,55.3,33000
2025-05-12,54.6,54.6,54.6,53.8,54.6,31000
2025-05-13,54.5,54.5,54.6,53.9,54.6,42000
2025-05-14,54.3,54.3,54.5,54.0,54.5,28000
2025-05-15,54.8,54.8,55.8,54.2,55.8,32000
2025-05-16,54.2,54.2,54.8,54.2,54.4,20000
2025-05-19,55.7,55.7,56.0,55.2,55.2,55000
2025-05-20,55.7,55.7,55.8,55.0,55.8,28000
2025-05-21,54.7,54.7,55.7,54.6,55.7,17000
2025-05-22,54.3,54.3,55.4,54.3,55.4,29000
2025-05-23,54.1,54.1,54.4,54.0,54.2,17000
2025-05-26,53.2,53.2,54.0,53.2,54.0,22000
2025-05-27,54.0,54.0,54.7,53.0,53.2,21000
2025-05-28,53.7,53.7,54.0,52.9,53.5,17000
2025-05-29,54.0,54.0,54.3,53.7,54.3,19000
2025-05-30,39.5,39.5,40.05,39.3,39.95,27115
2025-06-02,51.5,51.5,53.0,50.6,53.0,27000
2025-06-03,52.3,52.3,52.8,51.1,52.5,15000
2025-06-04,51.6,51.6,52.5,51.4,52.5,23000
2025-06-05,51.0,51.0,52.0,50.9,51.6,22000
2025-06-06,51.0,51.0,51.2,50.6,51.1,15000
2025-06-09,50.5,50.5,51.2,50.5,51.2,22000
2025-06-10,49.95,49.95,50.7,49.9,50.7,31000
2025-06-11,50.0,50.0,50.5,49.5,49.5,34000
2025-06-12,49.9,49.9,50.2,49.9,50.2,21000
2025-06-13,49.45,49.45,51.0,49.3,49.7,36000
2025-06-16,49.5,49.5,49.5,48.7,49.5,18000
2025-06-17,49.2,49.2,50.2,49.1,49.8,34000
2025-06-18,51.2,51.2,51.4,49.2,49.2,57000
2025-06-19,51.7,51.7,55.9,51.6,55.9,97000
2025-06-20,50.7,50.7,53.8,50.4,53.8,30000
2025-06-23,49.4,49.4,50.5,49.2,50.1,24000
2025-06-24,50.0,50.0,50.3,49.5,50.3,15000
2025-06-25,50.4,50.4,50.7,49.85,50.0,16000
2025-06-26,50.1,50.1,50.8,50.0,50.1,14000
2025-06-27,50.2,50.2,50.5,50.1,50.1,15000
2025-06-30,50.0,50.0,50.0,49.5,49.6,18000
2025-07-01,49.6,49.6,50.2,49.6,50.0,7000
2025-07-02,49.85,49.85,50.3,49.7,50.1,24000
2025-07-03,49.95,49.95,50.0,49.6,50.0,27000
2025-07-04,49.3,49.3,50.3,49.3,50.3,19000
2025-07-07,48.65,48.65,49.3,48.65,49.3,15000
2025-07-08,47.6,47.6,48.5,47.5,48.5,28000
2025-07-09,47.35,47.35,48.0,47.05,47.6,35000
2025-07-10,47.7,47.7,48.0,47.25,47.25,21000
2025-07-11,49.5,49.5,49.55,48.0,48.0,18000
2025-07-14,49.8,49.8,50.0,48.5,50.0,9000
2025-07-15,48.65,48.65,48.85,48.6,48.85,7000
2025-07-16,49.1,49.1,49.8,48.5,48.7,23000
2025-07-17,49.6,49.6,50.1,49.2,49.2,28000
2025-07-18,48.65,48.65,49.7,48.35,49.7,23000
2025-07-21,48.5,48.5,48.65,48.5,48.65,14000
2025-07-22,47.9,47.9,49.5,47.3,49.5,57000
2025-07-23,48.05,48.05,48.4,47.9,47.9,14000
2025-07-24,49.2,49.2,49.2,47.9,48.05,42000
2025-07-25,54.1,54.1,54.1,49.35,49.35,142000
2025-07-28,59.5,59.5,59.5,55.8,56.6,400000
2025-07-29,56.8,56.8,60.5,55.9,60.5,455000
2025-07-30,55.1,55.1,57.2,53.5,57.2,165000
2025-07-31,52.4,52.4,56.2,52.1,55.5,112000
2025-08-01,53.6,53.6,55.0,51.9,51.9,62000
2025-08-04,53.2,53.2,54.7,51.9,53.6,93000
2025-08-05,53.2,53.2,53.6,52.5,53.6,77000
2025-08-06,52.4,52.4,53.8,52.2,53.2,42000
2025-08-07,53.7,53.7,54.4,51.9,53.0,131000
2025-08-08,53.1,53.1,54.2,53.1,53.1,72000
2025-08-11,53.3,53.3,53.8,53.1,53.5,63000
2025-08-12,52.4,52.4,53.1,52.4,52.9,50000
2025-08-13,52.1,52.1,53.5,52.1,53.4,41000
2025-08-14,54.6,54.6,54.6,52.1,52.3,103000
2025-08-15,54.1,54.1,54.6,53.6,54.6,126000
2025-08-18,52.5,52.5,53.7,52.3,53.7,70000
2025-08-19,52.5,52.5,52.7,52.2,52.7,27000
2025-08-20,51.5,51.5,52.1,51.5,52.1,50000
2025-08-21,52.0,52.0,52.3,51.5,51.5,29000
2025-08-22,52.9,52.9,54.3,52.1,52.1,36000
2025-08-25,53.9,53.9,54.0,53.0,53.5,75000
2025-08-26,53.1,53.1,53.6,53.0,53.6,22000
2025-08-27,52.7,52.7,54.1,52.7,53.7,74000
2025-08-28,53.5,53.5,53.5,52.6,53.0,25000
2025-08-29,53.2,53.2,53.3,52.6,53.3,38000
2025-09-01,52.0,52.0,53.5,51.8,53.2,83000
2025-09-02,52.2,52.2,52.4,51.8,52.4,23000
2025-09-03,52.5,52.5,53.3,52.2,52.8,24000
2025-09-04,51.9,51.9,52.5,51.9,52.5,40000
2025-09-05,53.8,53.8,54.1,52.0,52.1,84000
2025-09-08,58.0,58.0,59.0,53.8,53.8,226000
2025-09-09,56.4,56.4,58.9,55.7,58.8,149000
2025-09-10,55.7,55.7,56.5,54.8,56.4,75000
2025-09-11,53.5,53.5,55.7,53.4,55.7,95000
2025-09-12,53.5,53.5,54.0,53.5,53.5,50000
2025-09-15,53.1,53.1,53.5,53.1,53.5,13000
2025-09-16,53.1,53.1,54.0,53.1,54.0,30000
2025-09-17,53.3,53.3,54.0,53.3,53.3,24000
2025-09-18,53.0,53.0,53.5,52.9,53.4,23000
2025-09-19,53.3,53.3,53.8,53.2,53.2,30000
2025-09-22,54.0,54.0,54.3,53.1,54.1,28000
2025-09-23,53.9,53.9,53.9,53.4,53.7,27000
2025-09-24,59.2,59.2,59.2,55.0,55.0,414000
2025-09-25,55.3,55.3,57.2,55.2,57.2,447000
2025-09-26,54.2,54.2,55.3,54.2,54.8,73000
2025-09-29,39.5,39.5,40.05,39.3,39.95,27115
2025-09-30,55.2,55.2,55.2,54.2,54.2,37000
2025-10-01,56.0,56.0,56.3,55.2,55.5,48000
2025-10-02,56.5,56.5,56.8,55.6,56.0,76000
2025-10-03,54.6,54.6,56.0,54.5,55.5,64000
2025-10-06,39.5,39.5,40.05,39.3,39.95,27115
2025-10-07,54.8,54.8,55.2,54.3,54.6,43000
2025-10-08,54.8,54.8,55.7,54.5,54.5,45000
2025-10-09,54.0,54.0,55.9,54.0,55.9,63000
2025-10-10,39.5,39.5,40.05,39.3,39.95,27115
2025-10-13,53.2,53.2,53.9,53.0,53.0,69000
2025-10-14,52.5,52.5,53.2,52.4,53.2,83000
2025-10-15,52.3,52.3,53.0,52.2,53.0,26000
2025-10-16,52.5,52.5,53.0,52.3,52.4,26000
2025-10-17,53.7,53.7,55.0,53.2,53.2,42000
2025-10-20,53.0,53.0,53.7,53.0,53.7,54000
2025-10-21,53.7,53.7,53.7,52.6,53.0,28000
2025-10-22,55.9,55.9,56.4,53.9,54.0,131000
2025-10-23,54.8,54.8,55.9,54.6,55.9,53000
2025-10-24,39.5,39.5,40.05,39.3,39.95,27115
2025-10-27,54.1,54.1,54.7,53.9,54.7,32000
2025-10-28,53.8,53.8,55.0,53.4,54.9,33000
2025-10-29,57.3,57.3,58.7,53.1,53.5,232000
2025-10-30,54.5,54.5,57.6,54.0,56.9,130000
2025-10-31,56.3,56.3,58.5,55.5,55.5,172000
2025-11-03,57.0,57.0,58.2,56.3,57.6,66000
2025-11-04,55.5,55.5,57.0,55.2,57.0,49000
2025-11-05,55.5,55.5,56.1,55.5,56.1,38000
2025-11-06,54.3,54.3,55.5,54.2,55.5,33000
2025-11-07,53.8,53.8,54.6,53.6,54.3,32000
2025-11-10,52.9,52.9,53.8,52.8,53.8,32000
2025-11-11,53.1,53.1,54.1,53.0,53.0,16000
2025-11-12,53.5,53.5,53.5,52.9,53.3,21000
2025-11-13,53.5,53.5,54.5,52.9,53.6,51000
2025-11-14,54.3,54.3,55.4,54.1,54.8,88000
2025-11-17,52.8,52.8,54.3,52.8,53.1,31000
2025-11-18,51.1,51.1,52.4,50.9,52.4,73000
2025-11-19,50.4,50.4,52.2,50.1,52.2,38000
2025-11-20,50.4,50.4,51.8,50.2,51.8,35000
2025-11-21,48.8,48.8,50.0,48.8,50.0,46000
2025-11-24,49.8,49.8,50.0,49.8,50.0,7000
2025-11-25,49.9,49.9,51.2,49.2,51.2,20000
2025-11-26,50.0,50.0,51.7,50.0,51.0,31000
2025-11-27,51.2,51.2,51.2,50.0,50.0,19000
2025-11-28,51.8,51.8,52.9,51.2,51.5,61000
2025-12-01,51.0,51.0,52.0,51.0,52.0,23000
2025-12-02,51.2,51.2,51.5,50.9,51.2,23000
2025-12-03,51.5,51.5,51.5,50.8,51.2,18000
2025-12-04,50.8,50.8,51.5,50.7,51.5,19000
2025-12-05,50.0,50.0,50.5,49.9,50.5,28000
2025-12-08,49.85,49.85,52.3,49.85,52.3,28000
2025-12-09,50.1,50.1,50.1,49.65,49.9,27000
2025-12-10,49.7,49.7,50.7,49.35,50.5,17000
2025-12-11,50.0,50.0,51.2,49.5,51.2,6000
2025-12-12,49.55,49.55,52.2,49.55,51.0,47000
2025-12-15,51.7,51.7,52.3,50.0,50.5,73000
2025-12-16,50.0,50.0,52.2,49.4,52.2,36000
2025-12-17,49.5,49.5,51.7,49.3,50.5,68000
2025-12-18,49.3,49.3,50.3,49.05,49.1,19000
2025-12-19,49.25,49.25,50.0,49.2,49.55,25000
2025-12-22,49.4,49.4,50.4,48.9,50.0,36000
2025-12-23,48.95,48.95,49.45,48.95,49.45,21000
2025-12-24,51.5,51.5,53.4,49.85,49.9,267000
2025-12-25,39.5,39.5,40.05,39.3,39.95,27115
2025-12-26,51.8,51.8,53.5,51.5,51.5,181000
2025-12-29,51.2,51.2,51.8,51.2,51.8,36000
2025-12-30,50.5,50.5,51.5,50.1,50.4,37000
2025-12-31,49.8,49.8,50.5,49.7,50.5,30000
2026-01-01,39.5,39.5,40.05,39.3,39.95,27115
2026-01-02,51.4,51.4,52.9,49.45,49.45,82000
2026-01-05,49.85,49.85,52.3,49.55,52.2,80000
2026-01-06,49.95,49.95,50.1,49.65,49.85,53000
2026-01-07,49.95,49.95,50.4,49.95,49.95,97000
2026-01-08,50.2,50.2,51.7,50.1,51.7,79000
2026-01-09,50.2,50.2,50.4,49.85,49.85,79000
2026-01-12,52.6,52.6,53.7,51.3,52.7,213000
2026-01-13,52.4,52.4,52.8,51.8,52.7,89000
2026-01-14,54.8,54.8,54.9,52.8,52.8,239000
2026-01-15,55.7,55.7,57.0,54.9,54.9,153000
2026-01-16,54.9,54.9,56.9,54.7,56.9,83000
2026-01-19,54.3,54.3,55.0,53.8,54.9,76000
2026-01-20,53.5,53.5,55.1,53.3,54.2,75000
2026-01-21,52.5,52.5,53.6,52.5,52.7,26000
2026-01-22,53.0,53.0,54.0,52.5,53.6,33000
2026-01-23,53.4,53.4,53.8,52.9,53.2,60000
2026-01-26,53.6,53.6,54.7,53.5,54.0,97000
2026-01-27,55.7,55.7,56.8,54.0,54.6,228000
2026-01-28,53.9,53.9,56.2,53.9,55.8,153000
2026-01-29,54.3,54.3,55.8,54.0,55.8,92000
2026-01-30,53.1,53.1,54.4,52.6,54.4,53000
2026-02-02,51.1,51.1,52.9,50.9,52.7,75000
2026-02-03,51.9,51.9,52.8,50.8,52.8,25000
2026-02-04,52.1,52.1,52.5,51.3,52.5,19000
2026-02-05,52.0,52.0,53.7,50.6,52.6,125000
2026-02-06,50.0,50.0,52.0,49.95,52.0,77000
2026-02-09,50.0,50.0,51.6,50.0,51.6,34000
2026-02-10,50.2,50.2,50.3,49.8,50.0,35000
2026-02-11,49.9,49.9,50.8,49.85,49.9,41000
2026-02-12,39.5,39.5,40.05,39.3,39.95,27115
2026-02-13,39.5,39.5,40.05,39.3,39.95,27115
2026-02-16,39.5,39.5,40.05,39.3,39.95,27115
2026-02-17,39.5,39.5,40.05,39.3,39.95,27115
2026-02-18,39.5,39.5,40.05,39.3,39.95,27115
2026-02-19,39.5,39.5,40.05,39.3,39.95,27115
2026-02-20,39.5,39.5,40.05,39.3,39.95,27115
2026-02-23,51.8,51.8,52.4,50.3,50.7,86000
2026-02-24,50.7,50.7,52.5,50.4,52.4,107000
2026-02-25,49.55,49.55,50.7,49.15,50.7,97000
2026-02-26,49.9,49.9,49.9,49.5,49.55,52000
2026-02-27,39.5,39.5,40.05,39.3,39.95,27115
2026-03-02,48.45,48.45,50.3,47.45,47.45,74000
2026-03-03,47.3,47.3,49.5,47.0,48.5,93000
2026-03-04,47.9,47.9,49.15,46.9,47.0,231000
2026-03-05,49.2,49.2,49.95,48.15,48.15,39000
2026-03-06,49.05,49.05,49.35,49.05,49.2,28000
2026-03-09,47.8,47.8,48.9,47.6,48.9,49000
2026-03-10,48.45,48.45,49.9,48.0,49.9,28000
2026-03-11,48.4,48.4,49.3,48.35,48.45,25000
2026-03-12,47.85,47.85,48.35,47.0,48.35,62000
2026-03-13,47.15,47.15,47.6,47.1,47.6,43000
2026-03-16,46.65,46.65,47.15,46.55,47.15,49000
2026-03-17,46.25,46.25,46.65,46.1,46.2,112000
2026-03-18,45.85,45.85,46.05,45.6,46.0,79000
2026-03-19,45.7,45.7,45.75,45.15,45.65,96000
2026-03-20,45.55,45.55,45.75,45.2,45.75,42000
2026-03-23,45.05,45.05,45.5,45.0,45.1,35000
2026-03-24,46.15,46.15,46.3,44.5,45.05,126000
2026-03-25,46.0,46.0,46.8,45.75,46.35,36000
2026-03-26,45.55,45.55,46.65,45.3,46.65,44000
2026-03-27,44.95,44.95,45.55,44.95,45.55,27000
2026-03-30,44.6,44.6,45.2,44.35,44.95,17000
2026-03-31,44.3,44.3,45.5,43.05,44.45,50000
2026-04-01,44.85,44.85,45.2,44.35,44.35,43000
2026-04-02,44.5,44.5,44.7,44.25,44.3,23000
2026-04-03,39.5,39.5,40.05,39.3,39.95,27115
2026-04-06,39.5,39.5,40.05,39.3,39.95,27115
2026-04-07,44.95,44.95,45.1,44.2,45.0,17000
2026-04-08,45.7,45.7,45.7,44.8,44.9,32000
2026-04-09,45.15,45.15,45.85,44.55,45.7,31000
2026-04-10,45.5,45.5,45.9,45.5,45.9,9000
2026-04-13,45.0,45.0,45.8,45.0,45.5,36000
2026-04-14,44.8,44.8,45.0,44.7,45.0,37000
2026-04-15,44.8,44.8,44.9,44.5,44.8,31000
2026-04-16,44.6,44.6,44.85,44.45,44.45,22000
2026-04-17,44.7,44.7,44.95,44.35,44.7,47000
2026-04-20,44.15,44.15,44.6,44.05,44.3,53000
2026-04-21,44.5,44.5,44.5,43.95,44.1,61000
2026-04-22,45.25,45.25,45.5,44.5,44.5,56000
2026-04-23,43.85,43.85,44.7,43.7,44.7,44000
2026-04-24,43.55,43.55,44.4,43.55,44.0,37000
2026-04-27,43.55,43.55,43.65,43.15,43.15,35000
2026-04-28,43.1,43.1,43.7,43.0,43.55,24000
2026-04-29,43.5,43.5,43.65,43.1,43.5,35000
2026-04-30,43.7,43.7,43.7,42.9,43.5,33000
2026-05-01,39.5,39.5,40.05,39.3,39.95,27115
2026-05-04,43.85,43.85,43.85,43.25,43.35,27000
2026-05-05,43.8,43.8,44.7,42.8,44.7,46000
2026-05-06,42.7,42.7,43.8,42.5,43.8,75000
2026-05-07,43.55,43.55,43.6,42.0,43.6,148000
2026-05-08,43.95,43.95,43.95,42.85,43.6,61000
2026-05-11,43.2,43.2,43.95,42.85,43.95,62000
2026-05-12,42.3,42.3,42.95,42.3,42.95,56000
2026-05-13,42.2,42.2,43.3,42.0,43.3,47000
2026-05-14,43.1,43.1,43.15,41.9,42.2,46000
2026-05-15,41.85,41.85,43.5,41.5,43.1,112000
2026-05-18,41.55,41.55,42.05,40.9,42.05,128000
2026-05-19,40.9,40.9,41.6,40.85,41.6,61000
2026-05-20,42.25,42.25,42.5,40.95,40.95,48000
2026-05-21,41.35,41.35,43.0,41.25,43.0,92000
2026-05-22,41.3,41.3,42.6,41.0,42.6,116000
2026-05-25,40.75,40.75,41.4,40.65,41.3,63000
2026-05-26,40.7,40.7,40.75,40.5,40.75,48000
2026-05-27,41.05,41.05,42.3,40.15,40.7,166000
2026-05-28,40.0,40.0,41.05,39.95,41.05,88000
2026-05-29,39.9,39.9,40.0,39.6,40.0,70000
2026-06-01,39.7,39.7,39.9,39.4,39.9,76000
2026-06-02,40.0,40.0,40.65,39.25,39.7,152000
2026-06-03,40.05,40.05,40.35,40.0,40.0,54000
2026-06-04,40.65,40.65,41.0,40.05,40.1,56000
2026-06-05,40.7,40.7,41.5,40.15,41.5,57000
2026-06-08,40.35,40.35,40.45,39.9,40.25,35000
2026-06-09,40.6,40.6,41.15,39.9,41.15,39000
2026-06-10,40.1,40.1,41.35,40.05,41.35,34000
2026-06-11,39.95,39.95,40.1,39.8,40.0,17000
2026-06-12,40.1,40.1,40.3,40.1,40.1,11000
2026-06-15,40.1,40.1,40.6,40.05,40.1,44000
2026-06-16,40.05,40.05,40.65,39.8,40.65,41000
2026-06-17,41.1,41.1,41.3,40.0,40.05,65000
2026-06-18,40.4,40.4,41.1,40.35,41.1,41000
2026-06-19,39.5,39.5,40.05,39.3,39.95,27115
2026-06-22,39.4,39.4,40.45,39.2,40.15,129000
2026-06-23,39.3,39.3,40.05,39.2,40.05,61000
2026-06-24,40.05,40.05,40.25,39.35,39.35,53000
2026-06-25,39.5,39.5,40.2,39.5,39.9,44000
2026-06-26,39.25,39.25,39.5,39.05,39.5,45000
2026-06-29,39.5,39.5,41.0,39.4,39.7,59000
2026-06-30,40.0,40.0,40.75,39.7,40.7,15000
2026-07-01,40.0,40.0,40.0,39.75,40.0,13000
2026-07-02,40.05,40.05,40.2,39.9,40.2,12000
2026-07-03,40.55,40.55,41.6,40.0,40.0,77000
2026-07-06,40.55,40.55,41.2,40.55,40.6,46000
2026-07-07,43.75,43.75,43.8,40.15,41.0,251000
2026-07-08,42.2,42.2,44.1,41.95,44.1,104000
2026-07-09,41.65,41.65,42.3,41.5,41.7,39000
2026-07-10,39.5,39.5,40.05,39.3,39.95,27115
2026-07-13,41.15,41.15,41.7,41.1,41.65,35000
2026-07-14,40.15,40.15,41.0,39.7,41.0,48000
2026-07-15,40.95,40.95,41.2,40.8,40.8,8000
2026-07-16,40.65,40.65,41.1,40.65,41.0,14000
2026-07-17,39.9,39.9,41.0,39.7,40.65,43000
2026-07-20,40.2,40.2,40.2,39.9,39.9,8000
2026-07-21,40.55,40.55,41.0,40.0,40.2,24000
2026-07-22,39.85,39.85,40.05,39.85,40.0,13000
2026-07-23,40.0,40.0,40.95,39.55,40.85,24000
2026-07-24,39.6,39.6,40.0,39.55,40.0,7000
2026-07-27,39.65,39.65,39.9,39.05,39.3,18000
2026-07-28,39.45,39.45,39.65,38.8,39.0,41000
2026-07-29,39.25,39.25,39.25,38.55,39.0,30000
2026-07-30,38.85,38.85,39.45,38.8,39.25,9000
2026-07-31,39.9,39.9,40.0,38.7,38.85,6000
2026-08-03,39.8,39.8,39.8,38.8,38.8,8000
2026-08-04,39.2,39.2,39.8,39.2,39.5,8000
2026-08-05,39.7,39.7,40.0,39.2,40.0,20000
2026-08-06,39.95,39.95,39.95,39.3,39.7,18000
2026-08-07,40.15,40.15,40.4,40.0,40.3,13000
2026-08-10,40.4,40.4,40.4,40.0,40.15,17000
2026-08-11,40.2,40.2,40.2,39.5,39.8,14000
2026-08-12,40.3,40.3,40.3,40.0,40.05,8000
2026-08-13,39.95,39.95,41.0,39.8,41.0,14000
2026-08-14,39.8,39.8,39.95,39.4,39.95,12000
2026-08-17,39.95,39.95,40.0,39.35,40.0,11000
2026-08-18,39.5,39.5,39.85,39.05,39.55,8000
2026-08-19,39.3,39.3,39.4,39.25,39.4,5000
2026-08-20,39.95,39.95,42.2,39.4,42.2,76000
2026-08-21,39.5,39.5,40.05,39.3,39.95,25000
2026-08-24,39.7,39.7,39.85,39.2,39.5,29221
2026-08-25,39.7,39.7,40.4,39.3,39.3,23877
2026-08-26,39.6,39.6,40.4,39.6,39.75,30392
2026-08-27,40.05,40.05,40.15,39.65,39.65,10521
2026-08-28,39.75,39.75,40.2,39.35,39.75,28836
2026-08-31,39.65,39.65,39.95,39.35,39.5,17304
2026-09-01,39.6,39.6,39.65,39.5,39.65,12425
