Date,Adj Close,Close,High,Low,Open,Volume
2016-08-12,12.7,12.7,12.8,12.55,12.55,335053
2016-08-15,12.85,12.85,12.85,12.7,12.7,109864
2016-08-16,12.6,12.6,12.85,12.55,12.8,213166
2016-08-17,12.75,12.75,12.75,12.35,12.5,483850
2016-08-18,12.85,12.85,13.0,12.7,12.7,535283
2016-08-19,12.7,12.7,12.9,12.7,12.85,233268
2016-08-22,12.45,12.45,12.65,12.45,12.65,253676
2016-08-23,12.55,12.55,12.7,12.45,12.7,183091
2016-08-24,12.4,12.4,12.65,12.4,12.55,130647
2016-08-25,12.55,12.55,12.75,12.4,12.75,383089
2016-08-26,12.45,12.45,12.55,12.45,12.55,188090
2016-08-29,12.5,12.5,12.6,12.4,12.6,129580
2016-08-30,12.55,12.55,12.6,12.45,12.45,156342
2016-08-31,12.45,12.45,12.55,12.45,12.45,241186
2016-09-01,12.3,12.3,12.5,12.3,12.4,324745
2016-09-02,12.2,12.2,12.35,12.2,12.3,140635
2016-09-05,12.2,12.2,12.25,12.15,12.2,227884
2016-09-06,12.15,12.15,12.2,12.15,12.2,165427
2016-09-07,12.3,12.3,12.35,12.15,12.15,391642
2016-09-08,12.35,12.35,12.4,12.2,12.3,308687
2016-09-09,12.3,12.3,12.35,12.2,12.3,291475
2016-09-12,12.3,12.3,12.45,12.25,12.45,283051
2016-09-13,12.2,12.2,12.3,12.15,12.3,259334
2016-09-14,12.2,12.2,12.3,12.05,12.25,284672
2016-09-19,12.1,12.1,12.2,11.95,12.05,270394
2016-09-20,12.25,12.25,12.3,12.15,12.2,251337
2016-09-21,12.3,12.3,12.35,12.15,12.25,209062
2016-09-22,12.3,12.3,12.4,12.25,12.35,84485
2016-09-23,12.3,12.3,12.4,12.3,12.4,48238
2016-09-26,12.2,12.2,12.3,12.2,12.3,49179
2016-09-29,12.25,12.25,12.3,12.2,12.2,151024
2016-09-30,12.15,12.15,12.25,12.1,12.25,139280
2016-10-03,12.1,12.1,12.2,12.1,12.2,93368
2016-10-04,12.15,12.15,12.2,12.05,12.1,148190
2016-10-05,12.2,12.2,12.2,12.1,12.2,90653
2016-10-06,12.15,12.15,12.2,12.1,12.15,163770
2016-10-07,12.1,12.1,12.15,12.0,12.15,309359
2016-10-11,12.0,12.0,12.15,11.95,12.1,351599
2016-10-12,12.0,12.0,12.1,11.9,12.1,146101
2016-10-13,12.0,12.0,12.25,11.95,11.95,543553
2016-10-14,11.9,11.9,12.1,11.9,12.0,110397
2016-10-17,12.0,12.0,12.0,11.9,11.9,132558
2016-10-18,12.0,12.0,12.1,11.9,11.95,279229
2016-10-19,11.95,11.95,12.0,11.9,12.0,172588
2016-10-20,12.25,12.25,12.25,11.9,11.9,371186
2016-10-21,12.1,12.1,12.3,12.0,12.25,191054
2016-10-24,12.15,12.15,12.3,11.95,12.15,361092
2016-10-25,12.15,12.15,12.15,12.05,12.1,77305
2016-10-26,12.15,12.15,12.15,12.0,12.0,348498
2016-10-27,12.0,12.0,12.15,11.9,12.15,302010
2016-10-28,12.0,12.0,12.1,11.95,12.05,99106
2016-10-31,12.0,12.0,12.05,11.9,12.0,73450
2016-11-01,11.9,11.9,12.0,11.9,12.0,104574
2016-11-02,11.9,11.9,12.0,11.9,11.9,112623
2016-11-03,11.85,11.85,12.0,11.7,12.0,164796
2016-11-04,11.75,11.75,11.85,11.75,11.85,142165
2016-11-07,11.7,11.7,11.8,11.7,11.75,181411
2016-11-08,11.75,11.75,11.8,11.7,11.75,157021
2016-11-09,11.4,11.4,11.75,11.3,11.75,415241
2016-11-10,11.55,11.55,11.6,11.45,11.45,304062
2016-11-11,11.2,11.2,11.55,11.1,11.55,357188
2016-11-14,11.1,11.1,11.2,11.0,11.2,205033
2016-11-15,11.1,11.1,11.15,11.0,11.1,282710
2016-11-16,11.1,11.1,11.15,11.1,11.1,207111
2016-11-17,11.05,11.05,11.15,11.05,11.1,157835
2016-11-18,11.3,11.3,11.3,11.1,11.1,264254
2016-11-21,11.35,11.35,11.4,11.3,11.3,160621
2016-11-22,11.8,11.8,12.15,11.75,11.95,1170471
2016-11-23,11.85,11.85,12.0,11.8,11.8,256607
2016-11-24,11.9,11.9,12.0,11.85,11.9,256369
2016-11-25,11.85,11.85,11.95,11.8,11.95,176862
2016-11-28,11.9,11.9,12.0,11.85,11.9,91323
2016-11-29,11.9,11.9,11.9,11.8,11.9,69019
2016-11-30,11.9,11.9,11.9,11.8,11.9,129741
2016-12-01,11.95,11.95,11.95,11.9,11.9,478728
2016-12-02,11.9,11.9,11.95,11.85,11.95,213401
2016-12-05,11.9,11.9,12.15,11.8,11.85,1073872
2016-12-06,11.9,11.9,12.0,11.8,11.9,287348
2016-12-07,12.0,12.0,12.1,11.85,11.95,411163
2016-12-08,11.9,11.9,12.05,11.9,12.0,177154
2016-12-09,11.95,11.95,11.95,11.85,11.95,151259
2016-12-12,11.95,11.95,12.0,11.9,12.0,273710
2016-12-13,12.0,12.0,12.25,11.9,11.9,681984
2016-12-14,11.95,11.95,12.1,11.95,12.1,153658
2016-12-15,11.9,11.9,12.0,11.9,12.0,273894
2016-12-16,12.05,12.05,12.25,11.9,11.95,666549
2016-12-19,11.9,11.9,12.0,11.9,12.0,332801
2016-12-20,11.95,11.95,12.05,11.9,11.95,132768
2016-12-21,12.0,12.0,12.05,11.95,12.0,236165
2016-12-22,12.0,12.0,12.25,11.9,11.95,713199
2016-12-23,11.95,11.95,12.0,11.9,12.0,182509
2016-12-26,11.95,11.95,12.0,11.95,12.0,208790
2016-12-27,12.0,12.0,12.05,11.95,12.0,441235
2016-12-28,12.15,12.15,12.3,12.05,12.05,978749
2016-12-29,12.25,12.25,12.35,12.05,12.15,382827
2016-12-30,12.2,12.2,12.25,12.15,12.2,153344
2017-01-03,12.2,12.2,12.25,12.1,12.2,216217
2017-01-04,12.3,12.3,12.45,12.15,12.2,864063
2017-01-05,12.35,12.35,12.35,12.25,12.3,181205
2017-01-06,12.35,12.35,12.45,12.35,12.35,297579
2017-01-09,12.4,12.4,12.5,12.35,12.5,368374
2017-01-10,12.5,12.5,12.7,12.4,12.4,1120986
2017-01-11,12.6,12.6,12.7,12.5,12.5,278981
2017-01-12,12.85,12.85,12.95,12.6,12.6,1016825
2017-01-13,12.75,12.75,12.85,12.75,12.85,209919
2017-01-16,13.0,13.0,13.05,12.75,12.75,822224
2017-01-17,13.0,13.0,13.05,12.8,12.85,640774
2017-01-18,13.1,13.1,13.3,12.9,13.0,1368644
2017-01-19,13.2,13.2,13.4,13.0,13.1,1039283
2017-01-20,13.3,13.3,13.65,13.2,13.3,1821496
2017-01-23,12.85,12.85,13.3,12.8,13.2,730437
2017-01-24,12.8,12.8,12.85,12.7,12.8,312382
2017-02-02,12.75,12.75,12.9,12.7,12.8,235829
2017-02-03,12.75,12.75,12.9,12.75,12.8,229160
2017-02-06,12.85,12.85,13.0,12.8,12.95,352111
2017-02-07,12.9,12.9,12.95,12.85,12.85,231682
2017-02-08,12.85,12.85,12.95,12.75,12.95,242921
2017-02-09,12.85,12.85,12.85,12.8,12.85,201345
2017-02-10,12.85,12.85,12.9,12.75,12.85,463288
2017-02-13,12.65,12.65,12.8,12.65,12.7,243347
2017-02-14,12.6,12.6,12.7,12.55,12.65,230145
2017-02-15,12.75,12.75,12.8,12.6,12.6,232846
2017-02-16,12.7,12.7,12.85,12.7,12.75,263929
2017-02-17,12.7,12.7,12.8,12.7,12.7,189026
2017-02-20,12.75,12.75,12.9,12.7,12.7,368121
2017-02-21,12.75,12.75,12.8,12.7,12.75,339858
2017-02-22,12.95,12.95,13.05,12.75,12.75,581418
2017-02-23,13.25,13.25,13.45,13.0,13.0,1094475
2017-02-24,13.3,13.3,13.4,13.1,13.4,284785
2017-03-01,13.05,13.05,13.25,13.0,13.25,354463
2017-03-02,12.95,12.95,13.15,12.95,13.1,320535
2017-03-03,12.85,12.85,12.95,12.85,12.95,242792
2017-03-06,12.85,12.85,12.95,12.75,12.9,135844
2017-03-07,13.0,13.0,13.0,12.8,12.8,179582
2017-03-08,13.15,13.15,13.2,13.0,13.05,228205
2017-03-09,13.3,13.3,13.4,13.1,13.15,562770
2017-03-10,13.1,13.1,13.3,12.85,13.3,387134
2017-03-13,13.2,13.2,13.3,13.15,13.3,315564
2017-03-14,14.05,14.05,14.5,13.3,13.3,3394820
2017-03-15,13.75,13.75,14.15,13.65,14.15,900487
2017-03-16,14.05,14.05,14.5,13.75,13.95,1467664
2017-03-17,14.15,14.15,14.35,13.9,14.05,756604
2017-03-20,14.05,14.05,14.2,13.95,14.15,664033
2017-03-21,14.0,14.0,14.1,13.95,14.1,527986
2017-03-22,14.05,14.05,14.1,13.8,13.9,513649
2017-03-23,14.0,14.0,14.1,13.9,14.05,646539
2017-03-24,14.1,14.1,14.1,14.0,14.0,264329
2017-03-27,13.9,13.9,14.15,13.85,14.05,359943
2017-03-28,13.7,13.7,13.95,13.5,13.9,709124
2017-03-29,13.55,13.55,13.75,13.5,13.7,225334
2017-03-30,13.55,13.55,13.75,13.55,13.55,214504
2017-03-31,13.55,13.55,13.65,13.5,13.55,253016
2017-04-05,13.4,13.4,13.65,13.4,13.5,474906
2017-04-06,13.4,13.4,13.45,13.3,13.4,251860
2017-04-07,13.5,13.5,13.5,13.25,13.4,344257
2017-04-10,13.2,13.2,13.5,13.2,13.5,446026
2017-04-11,13.2,13.2,13.4,13.15,13.15,200021
2017-04-12,13.0,13.0,13.15,12.9,13.15,589841
2017-04-13,12.9,12.9,13.0,12.8,13.0,301718
2017-04-14,12.65,12.65,13.0,12.55,12.8,567242
2017-04-17,12.65,12.65,12.8,12.5,12.7,135434
2017-04-18,12.75,12.75,12.8,12.7,12.7,114204
2017-04-19,12.75,12.75,12.8,12.7,12.75,92514
2017-04-21,12.9,12.9,12.9,12.75,12.8,127470
2017-04-24,12.8,12.8,12.9,12.7,12.9,124000
2017-04-25,12.95,12.95,12.95,12.85,12.9,202663
2017-04-26,12.95,12.95,13.0,12.8,12.95,374831
2017-04-27,13.0,13.0,13.1,12.95,13.0,234000
2017-04-28,13.25,13.25,13.35,13.05,13.05,370082
2017-05-02,13.4,13.4,13.45,13.25,13.25,379599
2017-05-03,13.35,13.35,13.5,13.3,13.4,311770
2017-05-04,13.45,13.45,13.45,13.3,13.3,244949
2017-05-05,13.45,13.45,13.45,13.3,13.45,255615
2017-05-08,13.75,13.75,13.75,13.5,13.5,822384
2017-05-09,13.65,13.65,13.85,13.45,13.8,650197
2017-05-11,13.3,13.3,13.7,13.3,13.65,703629
2017-05-12,13.5,13.5,13.5,13.15,13.3,584358
2017-05-15,13.4,13.4,13.5,13.3,13.3,604340
2017-05-16,13.2,13.2,13.3,13.15,13.3,414286
2017-05-17,13.15,13.15,13.2,13.1,13.2,319801
2017-05-18,13.1,13.1,13.15,13.0,13.05,286003
2017-05-19,13.0,13.0,13.15,13.0,13.05,317995
2017-05-22,12.9,12.9,13.05,12.9,13.0,411329
2017-05-23,12.95,12.95,13.0,12.85,12.9,409267
2017-05-24,13.0,13.0,13.0,12.9,12.9,418461
2017-05-25,13.2,13.2,13.25,12.95,12.95,336441
2017-05-26,13.0,13.0,13.15,13.0,13.15,278667
2017-05-31,12.85,12.85,13.0,12.85,13.0,274356
2017-06-01,12.9,12.9,12.95,12.8,12.85,166940
2017-06-02,13.0,13.0,13.0,12.9,12.9,88616
2017-06-05,13.0,13.0,13.05,12.95,12.95,236377
2017-06-06,13.0,13.0,13.0,12.95,13.0,135732
2017-06-07,12.8,12.8,13.0,12.8,13.0,261239
2017-06-08,12.9,12.9,12.95,12.8,12.8,265376
2017-06-09,12.9,12.9,13.0,12.9,12.9,102548
2017-06-12,12.95,12.95,13.0,12.9,12.9,128681
2017-06-13,12.95,12.95,13.0,12.85,12.85,91570
2017-06-14,12.95,12.95,13.05,12.9,12.95,316128
2017-06-15,12.9,12.9,13.0,12.9,12.95,208141
2017-06-16,12.9,12.9,12.9,12.85,12.9,136700
2017-06-19,12.75,12.75,12.9,12.65,12.9,240138
2017-06-20,12.85,12.85,12.9,12.75,12.75,150407
2017-06-21,12.85,12.85,12.9,12.75,12.85,182056
2017-06-22,12.9,12.9,12.9,12.8,12.85,323282
2017-06-23,12.9,12.9,12.9,12.75,12.9,232236
2017-06-26,12.9,12.9,13.0,12.8,12.8,296500
2017-06-27,12.9,12.9,12.95,12.75,12.9,571429
2017-06-28,13.0,13.0,13.0,12.9,12.9,333959
2017-06-29,12.85,12.85,13.0,12.85,13.0,262861
2017-06-30,12.8,12.8,12.85,12.65,12.85,492559
2017-07-03,12.85,12.85,12.9,12.8,12.8,167554
2017-07-04,12.9,12.9,12.95,12.85,12.9,287471
2017-07-05,12.9,12.9,12.95,12.9,12.95,259772
2017-07-06,12.9,12.9,12.95,12.85,12.95,109926
2017-07-07,13.15,13.15,13.45,12.9,12.95,1180486
2017-07-10,13.2,13.2,13.35,13.05,13.15,532128
2017-07-11,13.05,13.05,13.2,13.05,13.2,493238
2017-07-12,13.05,13.05,13.15,12.95,13.05,184570
2017-07-13,12.95,12.95,13.05,12.9,13.05,471869
2017-07-14,13.0,13.0,13.0,12.85,12.95,388331
2017-07-17,12.6,12.6,12.8,12.6,12.7,316927
2017-07-18,12.75,12.75,12.8,12.6,12.6,213315
2017-07-19,12.6,12.6,12.75,12.6,12.7,220731
2017-07-20,12.65,12.65,12.75,12.65,12.75,181598
2017-07-21,12.7,12.7,12.75,12.65,12.7,82392
2017-07-24,12.7,12.7,12.8,12.55,12.65,343383
2017-07-25,12.7,12.7,12.75,12.6,12.75,174696
2017-07-26,12.55,12.55,12.7,12.55,12.7,286392
2017-07-27,12.55,12.55,12.6,12.5,12.55,265885
2017-07-28,12.55,12.55,12.6,12.5,12.6,135038
2017-07-31,12.55,12.55,12.6,12.5,12.5,160816
2017-08-01,12.55,12.55,12.55,12.5,12.55,133319
2017-08-02,12.55,12.55,12.55,12.45,12.55,237016
2017-08-03,12.5,12.5,12.55,12.45,12.55,149604
2017-08-04,12.45,12.45,12.55,12.45,12.5,140505
2017-08-07,12.4,12.4,12.5,12.35,12.45,854461
2017-08-08,12.35,12.35,12.4,12.3,12.4,244369
2017-08-09,12.2,12.2,12.35,12.2,12.35,157566
2017-08-10,12.1,12.1,12.25,12.1,12.2,263582
2017-08-11,12.0,12.0,12.1,11.9,12.1,442736
2017-08-14,12.05,12.05,12.25,12.05,12.15,423624
2017-08-15,12.2,12.2,12.3,12.1,12.1,290327
2017-08-16,12.3,12.3,12.4,12.15,12.2,217036
2017-08-17,12.35,12.35,12.4,12.3,12.35,141980
2017-08-18,12.3,12.3,12.35,12.25,12.35,96682
2017-08-21,12.3,12.3,12.3,12.2,12.3,134985
2017-08-22,12.3,12.3,12.35,12.3,12.3,117913
2017-08-23,12.4,12.4,12.4,12.3,12.35,248741
2017-08-24,12.9,12.9,13.0,12.4,12.45,1201852
2017-08-25,13.15,13.15,13.35,13.1,13.2,848296
2017-08-28,13.15,13.15,13.3,13.0,13.2,453607
2017-08-29,13.25,13.25,13.25,13.15,13.15,264411
2017-08-30,13.15,13.15,13.3,13.1,13.25,423913
2017-08-31,13.05,13.05,13.25,13.05,13.15,444101
2017-09-01,13.1,13.1,13.15,13.05,13.05,172290
2017-09-04,12.95,12.95,13.1,12.95,13.1,408782
2017-09-05,13.1,13.1,13.1,12.95,13.0,322719
2017-09-06,13.1,13.1,13.15,12.95,13.0,176667
2017-09-07,13.05,13.05,13.1,13.0,13.1,197892
2017-09-08,13.1,13.1,13.15,13.0,13.05,196318
2017-09-11,13.1,13.1,13.15,13.05,13.1,405771
2017-09-12,13.1,13.1,13.15,13.0,13.1,288036
2017-09-13,13.1,13.1,13.1,13.0,13.05,221346
2017-09-14,13.1,13.1,13.1,13.0,13.05,429172
2017-09-15,13.05,13.05,13.1,13.0,13.1,155007
2017-09-18,13.05,13.05,13.1,13.0,13.05,353687
2017-09-19,13.2,13.2,13.25,13.05,13.05,493697
2017-09-20,13.25,13.25,13.35,13.2,13.2,429713
2017-09-21,13.25,13.25,13.3,13.2,13.25,264693
2017-09-22,13.3,13.3,13.35,13.25,13.25,310002
2017-09-25,13.75,13.75,14.2,13.35,13.35,2048842
2017-09-26,13.6,13.6,14.0,13.55,13.95,744495
2017-09-27,13.5,13.5,13.7,13.45,13.6,424205
2017-09-28,13.5,13.5,13.6,13.45,13.55,507557
2017-09-29,13.4,13.4,13.8,13.4,13.5,858990
2017-10-02,13.45,13.45,13.6,13.45,13.5,445303
2017-10-03,13.4,13.4,13.55,13.4,13.45,266960
2017-10-05,13.4,13.4,13.45,13.35,13.4,294141
2017-10-06,13.45,13.45,13.5,13.4,13.4,373069
2017-10-11,13.45,13.45,13.5,13.4,13.45,241554
2017-10-12,14.0,14.0,14.25,13.4,13.45,4114010
2017-10-13,13.9,13.9,14.1,13.85,14.0,761625
2017-10-16,14.2,14.2,14.2,13.95,14.0,907800
2017-10-17,14.45,14.45,15.1,14.3,14.3,2618158
2017-10-18,14.45,14.45,14.7,14.25,14.45,821425
2017-10-19,14.5,14.5,14.7,14.45,14.45,847115
2017-10-20,14.5,14.5,14.55,14.4,14.5,233789
2017-10-23,14.35,14.35,14.75,14.3,14.6,711943
2017-10-24,14.4,14.4,14.45,14.35,14.35,311729
2017-10-25,14.05,14.05,14.45,13.95,14.4,956629
2017-10-26,13.9,13.9,14.0,13.85,14.0,612510
2017-10-27,13.9,13.9,14.0,13.75,13.9,635337
2017-10-30,13.5,13.5,13.85,13.5,13.85,924621
2017-10-31,13.75,13.75,13.9,13.5,13.5,318238
2017-11-01,13.65,13.65,13.75,13.6,13.75,333872
2017-11-02,13.75,13.75,13.85,13.65,13.65,431940
2017-11-03,13.85,13.85,13.85,13.65,13.75,383544
2017-11-06,13.95,13.95,14.0,13.85,13.85,277987
2017-11-07,13.95,13.95,14.05,13.95,13.95,439416
2017-11-08,13.85,13.85,14.15,13.85,13.95,513272
2017-11-09,13.8,13.8,14.0,13.8,13.85,521533
2017-11-10,13.75,13.75,13.8,13.7,13.8,294740
2017-11-13,13.7,13.7,13.8,13.7,13.75,383553
2017-11-14,14.3,14.3,14.5,14.1,14.1,2609898
2017-11-15,14.3,14.3,14.6,14.3,14.3,878819
2017-11-16,14.3,14.3,14.45,14.25,14.4,1813863
2017-11-17,14.4,14.4,14.45,14.35,14.35,1549252
2017-11-20,14.35,14.35,14.45,14.3,14.4,1244685
2017-11-21,14.4,14.4,14.4,14.3,14.35,1139492
2017-11-22,14.45,14.45,14.6,14.35,14.4,1993907
2017-11-23,14.5,14.5,14.7,14.4,14.4,1742923
2017-11-24,14.5,14.5,14.5,14.35,14.45,1377971
2017-11-27,14.45,14.45,14.75,14.4,14.5,1746888
2017-11-28,14.55,14.55,14.6,14.35,14.45,1447486
2017-11-29,14.45,14.45,14.6,14.4,14.6,585654
2017-11-30,14.45,14.45,14.75,14.35,14.4,1939402
2017-12-01,14.25,14.25,14.45,14.15,14.4,788807
2017-12-04,14.1,14.1,14.25,14.0,14.25,500851
2017-12-05,14.05,14.05,14.25,14.05,14.1,213088
2017-12-06,13.9,13.9,14.1,13.9,14.05,351769
2017-12-07,13.9,13.9,13.95,13.85,13.9,317392
2017-12-08,14.0,14.0,14.0,13.9,13.9,271193
2017-12-11,14.1,14.1,14.1,14.0,14.05,408491
2017-12-12,13.9,13.9,14.05,13.9,14.05,289953
2017-12-13,14.0,14.0,14.0,13.95,13.95,263124
2017-12-14,14.0,14.0,14.05,14.0,14.0,178476
2017-12-15,14.1,14.1,14.1,14.0,14.0,226500
2017-12-18,14.25,14.25,14.35,14.15,14.2,808462
2017-12-19,14.25,14.25,14.35,14.2,14.25,324258
2017-12-20,14.3,14.3,14.45,14.25,14.35,575448
2017-12-21,14.35,14.35,14.45,14.3,14.3,489144
2017-12-22,14.55,14.55,14.85,14.35,14.35,4970603
2017-12-25,14.75,14.75,14.8,14.45,14.55,1253095
2017-12-26,14.7,14.7,14.8,14.6,14.8,720952
2017-12-27,14.7,14.7,14.75,14.65,14.7,498143
2017-12-28,14.6,14.6,14.85,14.55,14.7,975345
2017-12-29,14.6,14.6,14.7,14.5,14.65,535848
2018-01-02,14.7,14.7,14.75,14.5,14.6,939635
2018-01-03,14.75,14.75,14.8,14.6,14.6,1542565
2018-01-04,14.7,14.7,14.8,14.65,14.75,760288
2018-01-05,14.85,14.85,15.05,14.7,14.7,2152056
2018-01-08,15.4,15.4,15.6,14.8,14.95,4869308
2018-01-09,15.45,15.45,15.6,15.3,15.4,1575267
2018-01-10,15.85,15.85,16.0,15.6,15.6,3492269
2018-01-11,15.8,15.8,15.9,15.65,15.75,1157809
2018-01-12,15.8,15.8,16.2,15.8,15.9,2872685
2018-01-15,15.45,15.45,15.8,15.4,15.8,1421716
2018-01-16,15.45,15.45,15.55,15.25,15.45,575386
2018-01-17,15.4,15.4,15.5,15.35,15.4,643599
2018-01-18,15.25,15.25,15.5,15.25,15.45,614354
2018-01-19,15.05,15.05,15.35,15.05,15.2,711828
2018-01-22,14.85,14.85,15.15,14.8,15.05,1459016
2018-01-23,15.05,15.05,15.05,14.8,14.85,501717
2018-01-24,14.9,14.9,15.15,14.9,15.05,396858
2018-01-25,14.9,14.9,15.05,14.9,14.9,345157
2018-01-26,15.1,15.1,15.1,14.95,14.95,408366
2018-01-29,14.95,14.95,15.15,14.95,15.1,510243
2018-01-30,14.85,14.85,14.95,14.8,14.95,513655
2018-01-31,14.75,14.75,14.8,14.65,14.8,321225
2018-02-01,14.75,14.75,14.85,14.7,14.75,181735
2018-02-02,14.7,14.7,14.75,14.65,14.75,334025
2018-02-05,14.4,14.4,14.55,14.15,14.55,552257
2018-02-06,13.4,13.4,14.05,13.35,14.05,1888400
2018-02-07,13.6,13.6,13.75,13.5,13.6,571280
2018-02-08,13.75,13.75,13.8,13.55,13.6,176903
2018-02-09,13.45,13.45,13.5,13.15,13.15,347674
2018-02-12,13.65,13.65,13.65,13.45,13.45,170698
2018-02-21,13.9,13.9,13.95,13.7,13.7,248470
2018-02-22,13.95,13.95,14.0,13.8,13.9,201423
2018-02-23,14.1,14.1,14.1,14.0,14.05,301448
2018-02-26,14.15,14.15,14.15,14.0,14.1,234472
2018-02-27,14.0,14.0,14.2,14.0,14.15,207293
2018-03-01,14.0,14.0,14.0,13.75,13.85,141892
2018-03-02,13.9,13.9,14.0,13.85,13.95,148416
2018-03-05,13.85,13.85,14.0,13.8,14.0,202542
2018-03-06,13.9,13.9,14.0,13.9,13.9,230459
2018-03-07,14.0,14.0,14.0,13.85,13.9,169495
2018-03-08,14.05,14.05,14.2,13.95,14.0,176012
2018-03-09,14.1,14.1,14.15,14.0,14.0,318033
2018-03-12,14.2,14.2,14.4,14.05,14.15,1077017
2018-03-13,14.3,14.3,14.4,14.15,14.2,403308
2018-03-14,14.2,14.2,14.3,14.1,14.3,183519
2018-03-15,14.3,14.3,14.3,14.1,14.2,170659
2018-03-16,14.25,14.25,14.3,14.2,14.25,147206
2018-03-19,14.2,14.2,14.25,14.1,14.25,189658
2018-03-20,14.0,14.0,14.15,14.0,14.15,373987
2018-03-21,13.9,13.9,14.1,13.8,14.0,510351
2018-03-22,13.75,13.75,14.0,13.7,13.9,374843
2018-03-23,13.6,13.6,13.7,13.45,13.6,304934
2018-03-26,13.65,13.65,13.85,13.5,13.6,295733
2018-03-27,13.75,13.75,13.9,13.65,13.65,301307
2018-03-28,13.7,13.7,13.75,13.65,13.75,304813
2018-03-29,13.8,13.8,13.8,13.7,13.7,311925
2018-03-30,13.8,13.8,14.0,13.8,13.8,594300
2018-04-02,14.95,14.95,14.95,14.45,14.6,2637221
2018-04-03,15.6,15.6,15.6,14.65,14.75,4039429
2018-04-09,15.55,15.55,15.8,15.3,15.7,2587279
2018-04-10,15.4,15.4,16.0,14.75,15.55,26817534
2018-04-11,15.25,15.25,15.5,15.2,15.45,1834928
2018-04-12,15.45,15.45,15.55,15.0,15.2,2289782
2018-04-13,15.85,15.85,15.9,15.45,15.45,5349479
2018-04-16,15.7,15.7,16.0,15.65,15.9,1701295
2018-04-17,15.5,15.5,15.85,15.5,15.75,1492283
2018-04-18,15.6,15.6,15.85,15.6,15.6,1648669
2018-04-19,16.1,16.1,16.65,15.6,15.65,13254711
2018-04-20,17.7,17.7,17.7,15.9,16.0,20495756
2018-04-23,17.7,17.7,18.8,17.7,18.0,21507901
2018-04-24,16.9,16.9,17.65,16.3,17.4,7469977
2018-04-25,18.5,18.5,18.55,16.4,16.55,13095338
2018-04-26,16.9,16.9,18.4,16.75,18.4,9103164
2018-04-27,17.0,17.0,17.6,16.95,17.4,3319111
2018-04-30,17.25,17.25,17.55,16.95,17.3,2705333
2018-05-02,16.9,16.9,17.35,16.8,17.3,2206981
2018-05-03,16.55,16.55,17.1,16.5,16.9,1967914
2018-05-04,16.5,16.5,17.0,16.5,16.65,1352321
2018-05-07,15.7,15.7,16.7,15.5,16.6,5080126
2018-05-08,15.9,15.9,16.3,15.8,15.9,2192647
2018-05-09,16.25,16.25,16.45,15.95,16.05,1560312
2018-05-10,16.45,16.45,16.65,16.15,16.3,2395685
2018-05-11,17.65,17.65,17.8,16.65,16.65,8821003
2018-05-14,17.8,17.8,18.55,17.4,17.95,24310577
2018-05-15,19.15,19.15,19.45,18.05,18.05,30622268
2018-05-16,19.55,19.55,19.7,19.0,19.3,21414605
2018-05-17,19.15,19.15,19.7,19.15,19.7,9436561
2018-05-18,20.2,20.2,20.3,19.3,19.3,20321701
2018-05-21,20.15,20.15,21.0,20.15,20.8,29932526
2018-05-22,19.55,19.55,20.05,19.5,20.05,10602202
2018-05-23,20.2,20.2,20.3,19.65,19.7,13035743
2018-05-24,20.0,20.0,20.35,19.85,20.15,5100328
2018-05-25,19.65,19.65,20.15,19.6,20.15,5133459
2018-05-28,19.85,19.85,20.2,19.45,19.65,7528718
2018-05-29,20.15,20.15,20.6,19.8,20.0,10730472
2018-05-30,20.5,20.5,20.55,19.9,20.1,17121307
2018-05-31,20.1,20.1,20.55,20.1,20.55,6741926
2018-06-01,20.3,20.3,21.15,19.9,20.1,13695442
2018-06-04,20.45,20.45,21.1,20.2,20.4,14276585
2018-06-05,20.5,20.5,20.95,20.45,20.5,5356706
2018-06-06,20.85,20.85,20.85,20.5,20.6,5644964
2018-06-07,20.9,20.9,21.4,20.85,21.0,14289725
2018-06-08,21.15,21.15,21.25,20.6,20.9,7881739
2018-06-11,21.05,21.05,21.8,21.05,21.4,15662497
2018-06-12,20.15,20.15,20.9,20.1,20.9,10132840
2018-06-13,19.85,19.85,20.35,19.85,20.25,4653468
2018-06-14,19.65,19.65,19.95,19.65,19.7,2840378
2018-06-15,19.8,19.8,20.25,19.65,19.75,5112214
2018-06-19,19.7,19.7,20.1,19.55,19.75,2760103
2018-06-20,19.85,19.85,20.2,19.6,19.9,3328682
2018-06-21,20.3,20.3,20.6,19.95,19.95,6871318
2018-06-22,20.1,20.1,20.35,20.0,20.2,4118809
2018-06-25,20.3,20.3,20.85,20.1,20.1,4401666
2018-06-26,20.05,20.05,20.45,20.05,20.2,2740235
2018-06-27,19.9,19.9,20.25,19.8,20.2,1545535
2018-06-28,19.6,19.6,20.0,19.6,19.85,1745990
2018-06-29,19.9,19.9,20.25,19.7,19.7,2094624
2018-07-02,20.1,20.1,20.3,20.0,20.2,1549029
2018-07-03,19.85,19.85,20.35,19.75,20.35,2247919
2018-07-04,19.7,19.7,20.05,19.7,19.85,1215944
2018-07-05,18.9,18.9,19.85,18.85,19.8,2322660
2018-07-06,19.0,19.0,19.4,18.8,19.4,2422581
2018-07-09,19.95,19.95,20.2,19.05,19.05,4649788
2018-07-10,19.95,19.95,20.05,19.6,20.0,2190773
2018-07-11,19.35,19.35,19.6,19.25,19.6,2424201
2018-07-12,19.3,19.3,19.5,19.25,19.3,1248400
2018-07-13,19.45,19.45,19.55,19.35,19.45,1031292
2018-07-16,19.45,19.45,19.6,19.4,19.45,1609506
2018-07-17,19.05,19.05,19.3,18.95,19.15,1837229
2018-07-18,18.55,18.55,19.25,18.3,19.25,1770290
2018-07-19,18.8,18.8,19.1,18.4,18.6,2376587
2018-07-20,19.45,19.45,19.6,18.75,18.8,4736797
2018-07-23,19.0,19.0,19.65,18.85,19.45,4850714
2018-07-24,19.05,19.05,19.25,19.0,19.1,3517292
2018-07-25,18.95,18.95,19.15,18.9,19.1,1221592
2018-07-26,19.0,19.0,19.1,18.95,19.0,2083600
2018-07-27,19.1,19.1,19.1,18.8,19.0,2397450
2018-07-30,18.7,18.7,19.15,18.7,19.1,1387741
2018-07-31,18.65,18.65,18.85,18.6,18.75,885621
2018-08-01,18.4,18.4,18.7,18.35,18.65,2351596
2018-08-02,17.95,17.95,18.4,17.95,18.4,4252849
2018-08-03,17.65,17.65,18.1,17.6,18.1,3442366
2018-08-06,17.4,17.4,17.7,17.35,17.65,1722087
2018-08-07,17.8,17.8,18.0,17.45,17.45,2414731
2018-08-08,17.75,17.75,17.95,17.7,17.9,1075301
2018-08-09,17.45,17.45,17.75,17.4,17.75,1265288
2018-08-10,17.35,17.35,17.7,17.35,17.45,1275628
2018-08-13,16.55,16.55,17.3,16.25,17.3,2582457
2018-08-14,17.1,17.1,17.2,16.6,16.7,2076445
2018-08-15,15.5,15.5,16.2,15.4,16.2,6498712
2018-08-16,15.55,15.55,15.9,15.15,15.5,2082626
2018-08-17,15.25,15.25,15.75,15.25,15.75,1339123
2018-08-20,15.25,15.25,15.4,15.15,15.2,850959
2018-08-21,15.3,15.3,15.4,15.2,15.25,694698
2018-08-22,15.6,15.6,15.75,15.25,15.3,1731654
2018-08-23,15.45,15.45,15.85,15.45,15.75,1080281
2018-08-24,15.35,15.35,15.55,15.3,15.45,586724
2018-08-27,15.25,15.25,15.45,15.25,15.35,872280
2018-08-28,15.55,15.55,15.6,15.25,15.3,1392045
2018-08-29,15.55,15.55,15.75,15.55,15.6,915107
2018-08-30,15.35,15.35,15.65,15.35,15.55,784284
2018-08-31,15.95,15.95,16.05,15.25,15.3,2562718
2018-09-03,16.05,16.05,16.25,15.85,16.1,2332952
2018-09-04,15.7,15.7,16.05,15.7,16.0,1148791
2018-09-05,15.5,15.5,15.85,15.5,15.7,642954
2018-09-06,15.3,15.3,15.55,15.2,15.5,831030
2018-09-07,15.3,15.3,15.45,15.2,15.3,1158801
2018-09-10,14.5,14.5,15.3,14.35,15.3,1559604
2018-09-11,14.75,14.75,14.9,14.6,14.7,584786
2018-09-12,14.7,14.7,14.8,14.5,14.75,645107
2018-09-13,15.05,15.05,15.2,14.65,14.7,641643
2018-09-14,15.95,15.95,15.95,14.9,15.1,2719075
2018-09-17,15.6,15.6,15.95,15.6,15.95,2164442
2018-09-18,15.65,15.65,15.9,15.6,15.6,972342
2018-09-19,15.65,15.65,15.95,15.65,15.65,2633597
2018-09-20,15.45,15.45,15.75,15.45,15.65,671571
2018-09-21,15.5,15.5,15.65,15.4,15.5,638253
2018-09-25,15.35,15.35,15.65,15.35,15.45,1333754
2018-09-26,15.35,15.35,15.55,15.25,15.4,518705
2018-09-27,15.45,15.45,15.65,15.3,15.35,1038754
2018-09-28,15.7,15.7,15.9,15.45,15.45,2124319
2018-10-01,15.65,15.65,15.8,15.65,15.75,756015
2018-10-02,15.8,15.8,15.9,15.6,15.7,2923580
2018-10-03,15.7,15.7,15.95,15.7,15.8,1093542
2018-10-04,15.35,15.35,15.65,15.3,15.65,866855
2018-10-05,15.4,15.4,15.7,14.95,15.6,2552616
2018-10-08,15.8,15.8,16.15,15.5,15.5,2327621
2018-10-09,15.5,15.5,15.95,15.5,15.9,968535
2018-10-11,14.1,14.1,14.75,13.95,14.5,2505998
2018-10-12,14.15,14.15,14.3,13.55,13.55,1130969
2018-10-15,14.4,14.4,14.4,14.15,14.4,743206
2018-10-16,14.05,14.05,14.4,13.6,13.6,1640018
2018-10-17,14.15,14.15,14.4,14.05,14.25,654691
2018-10-18,13.65,13.65,14.3,13.6,14.3,1530869
2018-10-19,14.4,14.4,14.95,13.0,13.3,5227488
2018-10-22,14.2,14.2,14.5,14.1,14.35,5493964
2018-10-23,13.85,13.85,14.2,13.8,14.1,946644
2018-10-24,13.7,13.7,14.0,13.7,13.7,835357
2018-10-25,13.1,13.1,13.5,13.0,13.25,1473613
2018-10-26,12.75,12.75,13.45,12.75,13.4,1453300
2018-10-29,12.75,12.75,13.0,12.7,12.8,563419
2018-10-30,12.75,12.75,12.9,12.7,12.9,534100
2018-10-31,12.9,12.9,13.2,12.85,12.9,501944
2018-11-01,13.05,13.05,13.25,12.95,13.1,527420
2018-11-02,13.25,13.25,13.35,13.1,13.2,779618
2018-11-05,13.2,13.2,13.3,13.15,13.25,452592
2018-11-06,13.05,13.05,13.3,13.05,13.2,424728
2018-11-07,13.15,13.15,13.2,13.1,13.1,389210
2018-11-08,13.35,13.35,13.55,13.25,13.35,989371
2018-11-09,13.15,13.15,13.45,13.15,13.4,587086
2018-11-12,13.15,13.15,13.3,13.15,13.15,241111
2018-11-13,13.0,13.0,13.1,12.9,13.05,445118
2018-11-14,13.15,13.15,13.3,13.05,13.05,624888
2018-11-15,12.85,12.85,13.0,12.6,13.0,1242451
2018-11-16,12.9,12.9,12.95,12.85,12.9,345697
2018-11-19,13.15,13.15,13.3,12.9,12.9,936050
2018-11-20,13.15,13.15,13.3,13.05,13.15,457536
2018-11-21,13.2,13.2,13.55,13.05,13.05,674279
2018-11-22,13.1,13.1,13.35,13.1,13.2,420535
2018-11-23,13.0,13.0,13.2,13.0,13.1,298047
2018-11-26,13.05,13.05,13.25,12.95,12.95,374954
2018-11-27,13.05,13.05,13.15,13.05,13.1,294377
2018-11-28,13.05,13.05,13.2,13.05,13.1,710603
2018-11-29,13.1,13.1,13.35,13.1,13.2,613879
2018-11-30,13.15,13.15,13.25,13.1,13.1,344009
2018-12-03,13.85,13.85,14.2,13.3,13.35,2606683
2018-12-04,14.05,14.05,14.25,13.8,13.9,1837137
2018-12-05,14.5,14.5,14.55,13.85,13.95,5584663
2018-12-06,13.8,13.8,14.45,13.75,14.4,1663274
2018-12-07,14.1,14.1,14.2,13.95,13.95,603395
2018-12-10,13.65,13.65,13.95,13.6,13.95,491724
2018-12-11,13.7,13.7,13.85,13.7,13.75,266660
2018-12-12,14.35,14.35,14.45,13.8,13.9,1273275
2018-12-13,14.75,14.75,14.9,14.3,14.4,3568895
2018-12-14,14.8,14.8,15.0,14.65,14.9,2138651
2018-12-17,15.05,15.05,15.2,14.7,14.8,4163862
2018-12-18,14.5,14.5,15.1,14.5,14.9,3024160
2018-12-19,14.55,14.55,14.75,14.55,14.65,1414569
2018-12-20,14.5,14.5,14.65,14.35,14.6,1420127
2018-12-21,14.65,14.65,14.75,14.35,14.5,2135460
2018-12-24,14.7,14.7,15.2,14.7,15.1,6011356
2018-12-25,14.2,14.2,14.65,14.2,14.65,1230370
2018-12-26,13.85,13.85,14.5,13.8,14.35,1885857
2018-12-27,14.15,14.15,14.35,14.05,14.1,1780394
2018-12-28,14.05,14.05,14.35,14.05,14.25,1017605
2019-01-02,13.9,13.9,14.25,13.9,14.25,467636
2019-01-03,13.75,13.75,14.1,13.75,13.9,503232
2019-01-04,13.65,13.65,13.75,13.25,13.7,1176024
2019-01-07,13.8,13.8,13.9,13.7,13.8,506157
2019-01-08,13.65,13.65,13.9,13.65,13.8,315636
2019-01-09,13.85,13.85,14.0,13.8,13.8,740906
2019-01-10,13.85,13.85,14.05,13.85,13.85,326211
2019-01-11,13.6,13.6,13.85,13.55,13.8,768911
2019-01-14,13.4,13.4,13.6,13.4,13.6,335006
2019-01-15,13.4,13.4,13.55,13.4,13.55,308121
2019-01-16,13.45,13.45,13.5,13.35,13.45,305953
2019-01-17,13.35,13.35,13.5,13.35,13.4,450164
2019-01-18,13.3,13.3,13.45,13.3,13.4,401717
2019-01-21,13.45,13.45,13.55,13.4,13.4,392137
2019-01-22,13.4,13.4,13.45,13.35,13.4,209444
2019-01-23,13.45,13.45,13.45,13.3,13.35,293286
2019-01-24,13.4,13.4,13.45,13.35,13.45,208622
2019-01-25,13.4,13.4,13.5,13.35,13.4,315705
2019-01-28,13.45,13.45,13.5,13.4,13.4,275844
2019-01-29,13.35,13.35,13.45,13.35,13.45,229857
2019-01-30,13.4,13.4,13.6,13.35,13.35,1439440
2019-02-11,13.5,13.5,13.6,13.45,13.6,221100
2019-02-12,13.45,13.45,13.55,13.4,13.5,493399
2019-02-13,13.4,13.4,13.55,13.4,13.55,521507
2019-02-14,13.85,13.85,14.05,13.4,13.5,2804722
2019-02-15,13.7,13.7,13.95,13.7,13.85,762004
2019-02-18,13.65,13.65,13.85,13.6,13.75,611730
2019-02-19,13.7,13.7,13.9,13.65,13.65,628692
2019-02-20,14.0,14.0,14.0,13.8,13.85,958974
2019-02-21,13.9,13.9,14.05,13.8,14.0,640451
2019-02-22,13.8,13.8,13.85,13.75,13.85,461739
2019-02-25,13.95,13.95,14.1,13.85,13.9,1004339
2019-02-26,14.0,14.0,14.25,14.0,14.0,936701
2019-02-27,14.35,14.35,14.45,14.0,14.15,3500695
2019-03-04,14.65,14.65,14.7,14.35,14.35,4735859
2019-03-05,14.35,14.35,14.6,14.35,14.6,1370976
2019-03-06,14.35,14.35,14.5,14.3,14.45,613725
2019-03-07,14.05,14.05,14.4,14.0,14.35,1114435
2019-03-08,14.2,14.2,14.2,13.9,14.0,446569
2019-03-11,13.9,13.9,14.2,13.9,14.1,1003059
2019-03-12,13.95,13.95,14.1,13.85,14.05,694191
2019-03-13,13.9,13.9,14.0,13.85,13.95,404490
2019-03-14,13.9,13.9,14.0,13.8,14.0,405632
2019-03-15,13.85,13.85,14.05,13.75,13.9,707296
2019-03-18,14.0,14.0,14.05,13.85,13.9,472494
2019-03-19,14.0,14.0,14.1,14.0,14.0,526008
2019-03-20,13.85,13.85,14.1,13.85,14.05,868072
2019-03-21,13.8,13.8,13.9,13.7,13.85,932075
2019-03-22,14.3,14.3,14.4,13.8,13.8,2958394
2019-03-25,14.05,14.05,14.2,14.0,14.05,1128813
2019-03-26,13.95,13.95,14.2,13.95,14.2,849710
2019-03-27,13.9,13.9,14.0,13.85,13.95,573998
2019-03-28,13.9,13.9,14.0,13.9,13.9,313097
2019-03-29,13.8,13.8,14.0,13.8,13.95,684913
2019-04-01,13.65,13.65,14.0,13.6,14.0,1298993
2019-04-02,13.8,13.8,13.85,13.7,13.8,871516
2019-04-03,13.9,13.9,13.95,13.8,13.85,904930
2019-04-08,14.0,14.0,14.1,13.95,14.0,1263486
2019-04-09,14.15,14.15,14.15,14.05,14.1,937992
2019-04-10,14.5,14.5,14.5,14.1,14.15,2061343
2019-04-11,14.3,14.3,14.55,14.2,14.55,1594605
2019-04-12,14.15,14.15,14.3,14.15,14.3,832347
2019-04-15,14.0,14.0,14.2,13.95,14.15,1183166
2019-04-16,13.9,13.9,14.05,13.85,14.05,1207938
2019-04-17,14.0,14.0,14.15,13.9,14.05,1417923
2019-04-18,13.75,13.75,14.1,13.75,14.05,2166580
2019-04-19,13.85,13.85,13.9,13.8,13.8,475523
2019-04-22,14.25,14.25,14.45,13.95,13.95,3120765
2019-04-23,14.1,14.1,14.35,14.1,14.3,1257375
2019-04-24,14.0,14.0,14.2,14.0,14.2,620578
2019-04-25,13.9,13.9,14.05,13.9,14.05,668356
2019-04-26,13.9,13.9,14.05,13.85,13.9,716100
2019-04-29,13.8,13.8,13.95,13.75,13.9,649085
2019-04-30,13.7,13.7,13.8,13.7,13.8,606819
2019-05-02,13.9,13.9,13.95,13.7,13.7,503162
2019-05-03,13.8,13.8,13.9,13.8,13.9,286131
2019-05-06,13.45,13.45,13.75,13.4,13.75,1265478
2019-05-07,13.5,13.5,13.7,13.45,13.45,641205
2019-05-08,13.4,13.4,13.45,13.35,13.45,585215
2019-05-09,13.1,13.1,13.5,13.0,13.5,1208207
2019-05-10,12.95,12.95,13.3,12.8,13.2,1062606
2019-05-13,12.4,12.4,12.9,12.4,12.85,1731471
2019-05-14,13.05,13.05,13.05,12.1,12.2,1566268
2019-05-15,12.85,12.85,13.15,12.65,13.15,2341811
2019-05-16,12.75,12.75,13.0,12.7,12.8,519073
2019-05-17,12.7,12.7,12.8,12.65,12.75,792501
2019-05-20,12.7,12.7,13.05,12.7,12.75,578527
2019-05-21,12.8,12.8,12.95,12.7,12.7,331953
2019-05-22,12.85,12.85,13.1,12.7,12.9,660994
2019-05-23,12.85,12.85,13.1,12.8,12.9,678956
2019-05-24,12.9,12.9,13.0,12.8,12.8,499290
2019-05-27,13.05,13.05,13.1,12.9,12.9,532597
2019-05-28,13.1,13.1,13.35,13.05,13.05,688876
2019-05-29,13.2,13.2,13.25,13.1,13.15,458200
2019-05-30,13.35,13.35,13.45,13.2,13.2,710931
2019-05-31,13.5,13.5,13.55,13.45,13.45,1221601
2019-06-03,13.4,13.4,13.4,13.25,13.3,539868
2019-06-04,13.45,13.45,13.65,13.4,13.4,780428
2019-06-05,13.45,13.45,13.65,13.45,13.45,517511
2019-06-06,13.35,13.35,13.55,13.35,13.45,702540
2019-06-10,13.35,13.35,13.6,13.3,13.35,650780
2019-06-11,13.25,13.25,13.35,13.2,13.35,545415
2019-06-12,13.4,13.4,13.5,13.2,13.25,616123
2019-06-13,13.4,13.4,13.55,13.35,13.35,576575
2019-06-14,13.2,13.2,13.6,13.2,13.4,1338059
2019-06-17,13.3,13.3,13.4,13.15,13.2,588200
2019-06-18,13.3,13.3,13.4,13.25,13.3,347721
2019-06-19,13.35,13.35,13.45,13.3,13.35,596822
2019-06-20,13.4,13.4,13.45,13.35,13.35,419824
2019-06-21,13.4,13.4,13.6,13.4,13.45,764165
2019-06-24,13.5,13.5,13.55,13.45,13.5,397820
2019-06-25,13.35,13.35,13.5,13.35,13.5,196643
2019-06-26,13.35,13.35,13.45,13.3,13.35,240487
2019-06-27,13.2,13.2,13.45,13.2,13.45,885497
2019-06-28,13.15,13.15,13.35,13.1,13.2,515698
2019-07-01,13.2,13.2,13.3,13.1,13.3,719530
2019-07-02,13.4,13.4,13.4,13.25,13.25,808268
2019-07-03,13.7,13.7,13.75,13.45,13.45,2015591
2019-07-04,13.7,13.7,13.9,13.7,13.85,1633873
2019-07-05,13.6,13.6,13.8,13.55,13.8,514025
2019-07-08,13.3,13.3,13.65,13.3,13.5,828218
2019-07-09,13.2,13.2,13.4,13.2,13.3,949171
2019-07-10,13.15,13.15,13.3,13.15,13.2,1390935
2019-07-11,12.7,12.7,12.75,12.55,12.6,1660091
2019-07-12,12.65,12.65,12.85,12.65,12.8,1000912
2019-07-15,12.6,12.6,12.75,12.55,12.65,667139
2019-07-16,12.65,12.65,12.7,12.55,12.65,722182
2019-07-17,12.65,12.65,12.7,12.55,12.65,791813
2019-07-18,12.55,12.55,12.75,12.55,12.65,1069915
2019-07-19,12.95,12.95,13.1,12.6,12.7,3182461
2019-07-22,12.8,12.8,12.95,12.65,12.95,1555163
2019-07-23,12.7,12.7,12.9,12.6,12.8,1410151
2019-07-24,12.65,12.65,12.8,12.5,12.7,1896094
2019-07-25,12.6,12.6,12.65,12.45,12.65,1790663
2019-07-26,12.6,12.6,12.65,12.5,12.55,1442423
2019-07-29,12.6,12.6,12.7,12.5,12.6,1620018
2019-07-30,12.45,12.45,12.6,12.35,12.6,2605627
2019-07-31,12.35,12.35,12.35,12.15,12.35,2476976
2019-08-01,12.35,12.35,12.35,12.2,12.25,940789
2019-08-02,12.15,12.15,12.25,12.15,12.25,669067
2019-08-05,12.05,12.05,12.25,12.0,12.2,1082361
2019-08-06,12.0,12.0,12.0,11.7,11.9,1258827
2019-08-07,12.0,12.0,12.15,11.9,11.95,592342
2019-08-08,11.85,11.85,11.95,11.8,11.85,2951998
2019-08-12,12.15,12.15,12.2,11.8,11.85,1738312
2019-08-13,11.9,11.9,12.1,11.9,12.1,1544672
2019-08-14,11.9,11.9,12.1,11.8,12.0,1209654
2019-08-15,11.8,11.8,11.85,11.7,11.75,1514156
2019-08-16,11.8,11.8,11.9,11.75,11.8,453293
2019-08-19,11.95,11.95,11.95,11.8,11.85,740426
2019-08-20,11.85,11.85,12.0,11.8,12.0,671741
2019-08-21,11.8,11.8,11.85,11.75,11.85,1217794
2019-08-22,11.8,11.8,11.9,11.75,11.85,506573
2019-08-23,11.75,11.75,11.85,11.75,11.8,489842
2019-08-26,11.7,11.7,11.75,11.65,11.75,380314
2019-08-27,11.7,11.7,11.75,11.65,11.75,532463
2019-08-28,11.65,11.65,11.75,11.65,11.7,684862
2019-08-29,11.65,11.65,11.75,11.6,11.65,439211
2019-08-30,11.65,11.65,11.75,11.65,11.7,408097
2019-09-02,11.75,11.75,11.8,11.7,11.75,493830
2019-09-03,11.8,11.8,11.85,11.75,11.75,479386
2019-09-04,11.85,11.85,11.9,11.8,11.85,543457
2019-09-05,11.9,11.9,11.95,11.85,11.9,751886
2019-09-06,12.25,12.25,12.35,11.95,11.95,2519162
2019-09-09,12.35,12.35,12.5,12.25,12.25,2046940
2019-09-10,12.2,12.2,12.35,12.15,12.3,574224
2019-09-11,12.05,12.05,12.3,12.05,12.2,431623
2019-09-12,12.1,12.1,12.15,12.0,12.15,337679
2019-09-16,12.05,12.05,12.2,12.05,12.15,433950
2019-09-17,11.8,11.8,12.05,11.8,12.0,1078114
2019-09-18,11.95,11.95,12.0,11.8,11.8,285916
2019-09-19,11.9,11.9,11.95,11.85,11.95,220717
2019-09-20,11.85,11.85,11.95,11.8,11.9,506242
2019-09-23,11.95,11.95,12.0,11.75,11.85,399599
2019-09-24,11.9,11.9,12.0,11.9,11.95,409164
2019-09-25,11.95,11.95,11.95,11.85,11.9,339016
2019-09-26,11.95,11.95,12.05,11.95,11.95,315869
2019-09-27,11.75,11.75,11.95,11.75,11.95,813664
2019-10-01,11.75,11.75,11.85,11.75,11.8,410944
2019-10-02,11.7,11.7,11.8,11.7,11.8,591876
2019-10-03,11.75,11.75,11.8,11.7,11.7,298861
2019-10-04,11.75,11.75,11.85,11.75,11.75,222820
2019-10-07,11.75,11.75,11.8,11.75,11.8,298248
2019-10-08,11.75,11.75,11.8,11.75,11.8,340772
2019-10-09,11.7,11.7,11.8,11.7,11.75,330566
2019-10-14,11.7,11.7,11.8,11.7,11.8,513192
2019-10-15,11.75,11.75,11.8,11.7,11.7,373395
2019-10-16,11.8,11.8,11.9,11.7,11.75,720883
2019-10-17,11.8,11.8,11.9,11.8,11.9,349860
2019-10-18,11.4,11.4,11.85,11.4,11.8,1432344
2019-10-21,11.6,11.6,11.7,11.5,11.55,760179
2019-10-22,11.65,11.65,11.75,11.6,11.6,451803
2019-10-23,11.65,11.65,11.75,11.65,11.65,520219
2019-10-24,11.75,11.75,11.8,11.65,11.65,689111
2019-10-25,11.7,11.7,11.85,11.65,11.8,673301
2019-10-28,11.75,11.75,11.8,11.7,11.8,258141
2019-10-29,11.7,11.7,11.8,11.7,11.8,436410
2019-10-30,11.7,11.7,11.75,11.65,11.7,420354
2019-10-31,11.7,11.7,11.75,11.65,11.7,496628
2019-11-01,11.7,11.7,11.75,11.7,11.7,228050
2019-11-04,11.7,11.7,11.8,11.7,11.75,568809
2019-11-05,11.75,11.75,11.8,11.7,11.75,303948
2019-11-06,11.7,11.7,11.75,11.65,11.75,379504
2019-11-07,11.65,11.65,11.75,11.65,11.7,242673
2019-11-08,11.6,11.6,11.7,11.6,11.7,481029
2019-11-11,11.4,11.4,11.65,11.35,11.6,978096
2019-11-12,11.4,11.4,11.5,11.4,11.45,275241
2019-11-13,11.4,11.4,11.45,11.4,11.4,264439
2019-11-14,11.4,11.4,11.5,11.4,11.4,211326
2019-11-20,11.9,11.9,12.0,11.7,11.8,3369115
2019-11-21,11.9,11.9,12.0,11.75,11.95,1732068
2019-11-22,12.05,12.05,12.15,11.9,11.95,1633995
2019-11-25,12.05,12.05,12.15,12.05,12.05,820232
2019-11-26,12.1,12.1,12.2,12.05,12.05,972471
2019-11-27,12.25,12.25,12.4,12.1,12.15,1450952
2019-11-28,12.25,12.25,12.35,12.15,12.3,1232684
2019-11-29,12.2,12.2,12.35,12.15,12.25,849474
2019-12-02,12.1,12.1,12.3,12.1,12.25,766837
2019-12-03,12.15,12.15,12.25,12.1,12.1,1746731
2019-12-04,12.2,12.2,12.25,12.15,12.25,1095432
2019-12-05,12.35,12.35,12.45,12.15,12.25,1350871
2019-12-06,12.6,12.6,12.6,12.35,12.35,1873345
2019-12-09,12.65,12.65,12.85,12.6,12.6,2377775
2019-12-10,12.55,12.55,12.65,12.5,12.65,1054681
2019-12-11,12.65,12.65,12.7,12.5,12.5,1078267
2019-12-12,12.65,12.65,12.8,12.65,12.65,962836
2019-12-13,12.6,12.6,12.75,12.6,12.7,911603
2019-12-16,12.55,12.55,12.65,12.55,12.6,745435
2019-12-17,12.6,12.6,12.65,12.5,12.6,883841
2019-12-18,12.65,12.65,12.65,12.6,12.6,578163
2019-12-19,12.55,12.55,12.7,12.55,12.7,521178
2019-12-20,12.6,12.6,12.65,12.55,12.55,280356
2019-12-23,12.55,12.55,12.6,12.5,12.5,467333
2019-12-24,12.35,12.35,12.6,12.35,12.6,1169002
2019-12-25,12.3,12.3,12.45,12.25,12.35,465312
2019-12-26,12.3,12.3,12.35,12.3,12.3,232295
2019-12-27,12.4,12.4,12.45,12.3,12.3,429708
2019-12-30,12.4,12.4,12.4,12.35,12.4,368806
2019-12-31,12.6,12.6,12.6,12.35,12.4,1165129
2020-01-02,12.5,12.5,12.65,12.5,12.6,697489
2020-01-03,12.55,12.55,12.6,12.45,12.6,481403
2020-01-06,12.3,12.3,12.5,12.3,12.5,725596
2020-01-07,12.05,12.05,12.3,12.0,12.25,824066
2020-01-08,11.95,11.95,12.1,11.95,12.05,536355
2020-01-09,11.95,11.95,12.05,11.95,12.0,324354
2020-01-10,12.05,12.05,12.05,11.95,12.0,246227
2020-01-13,12.0,12.0,12.0,11.9,12.0,364198
2020-01-14,11.95,11.95,12.05,11.9,12.0,262279
2020-01-15,12.0,12.0,12.0,11.9,11.95,431848
2020-01-16,11.9,11.9,12.0,11.9,12.0,351847
2020-01-17,11.9,11.9,11.95,11.9,11.95,285600
2020-01-20,11.8,11.8,11.95,11.8,11.9,599165
2020-01-30,11.15,11.15,11.55,11.1,11.55,1309471
2020-01-31,11.2,11.2,11.35,11.15,11.15,572837
2020-02-03,10.75,10.75,11.05,10.65,11.05,1334959
2020-02-04,10.85,10.85,10.95,10.65,10.75,641403
2020-02-05,10.8,10.8,10.95,10.75,10.95,687176
2020-02-06,10.9,10.9,11.0,10.8,10.85,454506
2020-02-07,10.8,10.8,10.9,10.8,10.9,709709
2020-02-10,10.75,10.75,10.8,10.65,10.8,646646
2020-02-11,10.85,10.85,10.85,10.75,10.8,419532
2020-02-12,11.0,11.0,11.0,10.8,10.85,486688
2020-02-13,11.05,11.05,11.15,11.0,11.0,447316
2020-02-14,11.05,11.05,11.15,11.0,11.1,275333
2020-02-17,10.9,10.9,11.05,10.9,11.05,204120
2020-02-18,10.9,10.9,11.0,10.9,10.9,258344
2020-02-19,10.95,10.95,11.0,10.85,10.85,265091
2020-02-20,11.05,11.05,11.05,10.95,11.0,343590
2020-02-21,11.0,11.0,11.05,10.95,11.05,194784
2020-02-24,10.9,10.9,10.9,10.85,10.9,381618
2020-02-25,10.85,10.85,10.9,10.8,10.85,346742
2020-02-26,10.85,10.85,10.85,10.8,10.8,285197
2020-02-27,10.8,10.8,10.85,10.8,10.8,539608
2020-03-02,10.55,10.55,10.8,10.45,10.75,751302
2020-03-03,10.7,10.7,10.75,10.6,10.6,287543
2020-03-04,10.65,10.65,10.7,10.55,10.65,326518
2020-03-05,10.7,10.7,10.75,10.65,10.7,425386
2020-03-06,10.55,10.55,10.65,10.55,10.65,455155
2020-03-09,10.15,10.15,10.45,10.1,10.45,2009049
2020-03-10,10.15,10.15,10.15,9.91,9.91,1066905
2020-03-11,10.5,10.5,10.65,10.3,10.3,1368441
2020-03-12,10.2,10.2,10.65,10.1,10.65,1350880
2020-03-13,9.99,9.99,9.99,9.5,9.5,2018584
2020-03-16,9.75,9.75,10.0,9.6,9.99,1097838
2020-03-17,9.67,9.67,9.8,9.41,9.5,1765722
2020-03-18,9.88,9.88,9.96,9.6,9.6,1330791
2020-03-19,9.64,9.64,9.87,9.2,9.87,3049352
2020-03-20,9.88,9.88,10.0,9.6,9.6,1037552
2020-03-23,9.67,9.67,9.85,9.41,9.52,1856029
2020-03-24,9.7,9.7,10.0,9.68,9.8,2649777
2020-03-25,9.82,9.82,9.99,9.79,9.9,1005448
2020-03-26,9.83,9.83,9.91,9.62,9.87,837248
2020-03-27,9.83,9.83,9.95,9.79,9.91,766715
2020-03-30,9.7,9.7,9.79,9.5,9.73,1299222
2020-03-31,9.76,9.76,9.88,9.68,9.7,941868
2020-04-01,9.88,9.88,9.88,9.73,9.8,671670
2020-04-07,10.0,10.0,10.35,9.98,10.1,904565
2020-04-08,10.05,10.05,10.1,9.9,9.9,630071
2020-04-09,9.96,9.96,10.15,9.95,10.15,371380
2020-04-10,10.05,10.05,10.1,9.97,10.05,617005
2020-04-13,9.98,9.98,10.05,9.93,10.05,550915
2020-04-14,10.05,10.05,10.05,9.97,10.0,993530
2020-04-15,10.15,10.15,10.2,10.0,10.05,810623
2020-04-16,10.15,10.15,10.2,10.0,10.1,505748
2020-04-17,10.2,10.2,10.35,10.1,10.15,727919
2020-04-20,10.15,10.15,10.15,10.05,10.15,385241
2020-04-21,9.86,9.86,10.3,9.8,10.15,1409577
2020-04-22,9.9,9.9,10.0,9.72,9.86,527320
2020-04-23,10.0,10.0,10.1,9.95,10.1,306416
2020-04-24,10.05,10.05,10.25,10.05,10.25,643217
2020-04-27,10.6,10.6,10.65,10.05,10.15,1832920
2020-04-28,10.95,10.95,11.05,10.75,10.9,2398375
2020-04-29,10.85,10.85,11.05,10.85,11.0,762215
2020-05-04,10.8,10.8,11.1,10.75,11.1,793621
2020-05-05,10.8,10.8,10.95,10.8,10.8,564106
2020-05-06,10.7,10.7,10.9,10.7,10.9,638436
2020-05-07,10.95,10.95,11.0,10.7,10.7,947295
2020-05-08,10.75,10.75,11.15,10.75,11.1,771005
2020-05-11,10.7,10.7,10.85,10.55,10.85,1117804
2020-05-12,10.55,10.55,10.7,10.55,10.7,579934
2020-05-13,10.65,10.65,10.7,10.5,10.55,385199
2020-05-14,10.65,10.65,10.85,10.65,10.75,836237
2020-05-15,10.65,10.65,10.8,10.55,10.8,420090
2020-05-18,10.7,10.7,10.8,10.65,10.65,414495
2020-05-19,10.8,10.8,10.8,10.7,10.8,356776
2020-05-20,10.65,10.65,10.75,10.55,10.75,462748
2020-05-21,10.5,10.5,10.75,10.5,10.7,916977
2020-05-22,10.6,10.6,10.6,9.99,10.3,1864338
2020-05-25,10.55,10.55,10.65,10.45,10.55,455813
2020-05-26,10.5,10.5,10.6,10.5,10.55,515097
2020-05-27,10.75,10.75,11.0,10.6,10.6,1341648
2020-05-28,10.6,10.6,10.85,10.55,10.75,685638
2020-05-29,10.55,10.55,10.7,10.55,10.55,214532
2020-06-01,10.65,10.65,10.8,10.55,10.65,606377
2020-06-02,10.8,10.8,10.9,10.7,10.7,665739
2020-06-03,10.9,10.9,10.95,10.8,10.9,476192
2020-06-04,10.95,10.95,10.95,10.8,10.9,482460
2020-06-05,11.05,11.05,11.2,10.9,10.95,978830
2020-06-08,11.0,11.0,11.15,11.0,11.0,581871
2020-06-09,11.1,11.1,11.15,11.0,11.1,518567
2020-06-10,11.15,11.15,11.3,11.1,11.15,922257
2020-06-11,10.75,10.75,11.2,10.75,11.2,1090579
2020-06-12,10.7,10.7,10.8,10.5,10.55,533487
2020-06-15,10.7,10.7,10.75,10.6,10.7,338657
2020-06-16,10.75,10.75,10.9,10.7,10.7,529139
2020-06-17,10.95,10.95,11.0,10.75,10.75,608392
2020-06-18,10.95,10.95,11.05,10.9,11.0,238497
2020-06-19,11.0,11.0,11.1,11.0,11.05,558677
2020-06-22,10.95,10.95,11.15,10.9,11.05,704165
2020-06-23,11.05,11.05,11.05,10.85,11.0,655003
2020-06-24,10.95,10.95,11.05,10.9,11.05,582529
2020-06-29,10.95,10.95,11.05,10.9,10.95,888797
2020-06-30,11.3,11.3,11.45,11.05,11.05,1736716
2020-07-01,11.95,11.95,12.05,11.6,11.6,3464659
2020-07-02,12.3,12.3,12.5,12.1,12.3,3910063
2020-07-03,12.2,12.2,12.45,12.1,12.3,1695028
2020-07-06,12.15,12.15,12.35,12.15,12.3,1314612
2020-07-07,12.5,12.5,12.55,12.15,12.15,3475673
2020-07-08,12.65,12.65,12.8,12.45,12.5,3237292
2020-07-09,12.75,12.75,13.0,12.65,12.65,3235157
2020-07-10,12.2,12.2,12.8,11.9,12.75,1987369
2020-07-13,12.25,12.25,12.45,12.2,12.35,1044063
2020-07-14,12.0,12.0,12.3,11.9,12.3,1190826
2020-07-15,12.05,12.05,12.1,11.9,12.1,1028360
2020-07-16,12.0,12.0,12.15,12.0,12.05,361810
2020-07-17,11.75,11.75,12.05,11.75,12.05,710957
2020-07-20,11.7,11.7,11.9,11.6,11.75,382808
2020-07-21,11.9,11.9,11.9,11.65,11.75,798325
2020-07-22,12.05,12.05,12.15,11.9,11.95,549966
2020-07-23,11.85,11.85,12.0,11.85,12.0,422928
2020-07-24,11.55,11.55,11.9,11.55,11.85,689321
2020-07-27,11.45,11.45,11.7,11.35,11.6,569679
2020-07-28,11.25,11.25,11.5,11.15,11.5,927373
2020-07-29,11.45,11.45,11.55,11.3,11.3,396881
2020-07-30,11.75,11.75,11.75,11.45,11.45,1282237
2020-07-31,11.55,11.55,11.55,11.4,11.55,572345
2020-08-03,11.65,11.65,11.65,11.5,11.65,911295
2020-08-04,11.85,11.85,11.9,11.65,11.7,769261
2020-08-05,11.8,11.8,11.95,11.8,11.9,804106
2020-08-06,11.95,11.95,12.0,11.85,11.9,629916
2020-08-07,11.95,11.95,12.1,11.9,11.9,1088911
2020-08-10,12.5,12.5,12.65,12.05,12.05,3288946
2020-08-11,12.35,12.35,12.55,12.25,12.5,1105176
2020-08-12,12.25,12.25,12.45,12.25,12.45,695542
2020-08-13,12.35,12.35,12.5,12.3,12.35,993149
2020-08-14,12.8,12.8,13.3,12.8,12.95,7639943
2020-08-17,13.75,13.75,13.8,13.05,13.05,8011923
2020-08-18,14.0,14.0,14.1,13.5,13.9,6009020
2020-08-19,13.85,13.85,14.25,13.75,14.0,4800197
2020-08-20,13.4,13.4,13.95,13.05,13.9,3702527
2020-08-21,14.1,14.1,14.15,13.65,13.65,3992079
2020-08-24,14.2,14.2,14.6,14.1,14.5,4462558
2020-08-25,14.05,14.05,14.35,14.0,14.25,2035323
2020-08-26,14.0,14.0,14.2,13.8,14.2,1559024
2020-08-27,13.95,13.95,14.1,13.9,14.1,1890703
2020-08-28,14.15,14.15,14.35,13.95,14.0,3529785
2020-08-31,15.35,15.35,15.35,14.5,14.5,11025042
2020-09-01,15.0,15.0,15.8,14.85,15.45,7113995
2020-09-02,15.05,15.05,15.45,14.95,15.3,4715340
2020-09-03,15.1,15.1,15.15,14.9,15.1,3415364
2020-09-04,14.9,14.9,15.05,14.65,14.8,2636376
2020-09-07,15.35,15.35,15.8,15.0,15.0,7985429
2020-09-08,15.2,15.2,15.55,15.05,15.45,3229348
2020-09-09,15.45,15.45,15.5,14.95,15.1,3325716
2020-09-10,15.05,15.05,15.55,15.0,15.55,3333342
2020-09-11,14.45,14.45,15.1,14.45,15.1,4541128
2020-09-14,14.35,14.35,14.65,14.15,14.5,2563511
2020-09-15,14.5,14.5,14.5,14.35,14.45,940253
2020-09-16,14.35,14.35,14.5,14.3,14.5,1409299
2020-09-17,14.35,14.35,14.6,14.35,14.4,1093147
2020-09-18,14.5,14.5,14.7,14.45,14.45,1125975
2020-09-21,15.1,15.1,15.25,14.65,14.65,5395764
2020-09-22,14.9,14.9,14.95,14.7,14.95,2376903
2020-09-23,14.8,14.8,15.1,14.7,15.0,1631831
2020-09-24,14.3,14.3,14.75,14.2,14.75,3030346
2020-09-25,13.8,13.8,14.55,13.6,14.35,3030772
2020-09-28,14.5,14.5,14.55,13.85,14.0,2120725
2020-09-29,14.45,14.45,14.6,14.25,14.6,893152
2020-09-30,14.4,14.4,14.5,14.35,14.5,459191
2020-10-05,14.7,14.7,14.8,14.5,14.5,2026189
2020-10-06,14.85,14.85,14.9,14.7,14.8,1332772
2020-10-07,15.0,15.0,15.1,14.75,14.85,2254588
2020-10-08,14.9,14.9,15.15,14.85,15.05,1496864
2020-10-12,15.0,15.0,15.1,14.9,15.1,2063282
2020-10-13,14.95,14.95,15.0,14.85,15.0,970999
2020-10-14,15.1,15.1,15.2,14.95,14.95,1760536
2020-10-15,15.15,15.15,15.2,15.0,15.1,1237682
2020-10-16,15.2,15.2,15.35,15.05,15.25,3335854
2020-10-19,15.3,15.3,15.55,15.2,15.25,2748753
2020-10-20,15.3,15.3,15.3,15.2,15.3,730426
2020-10-21,15.4,15.4,15.5,15.25,15.35,1836545
2020-10-22,15.2,15.2,15.4,15.15,15.4,1240452
2020-10-23,15.2,15.2,15.3,15.15,15.2,912948
2020-10-26,15.1,15.1,15.3,15.0,15.25,1353621
2020-10-27,15.05,15.05,15.2,15.0,15.2,864642
2020-10-28,14.85,14.85,15.15,14.85,15.1,1141294
2020-10-29,14.7,14.7,14.8,14.4,14.75,1728496
2020-10-30,14.6,14.6,14.75,14.5,14.75,990743
2020-11-02,14.6,14.6,14.75,14.4,14.75,1003826
2020-11-03,14.75,14.75,14.9,14.65,14.65,844863
2020-11-04,14.9,14.9,14.95,14.7,14.95,702752
2020-11-05,14.8,14.8,14.9,14.7,14.8,1061434
2020-11-06,15.2,15.2,15.35,14.8,14.95,2661641
2020-11-09,16.25,16.25,16.3,15.25,15.25,9042580
2020-11-10,16.1,16.1,16.3,15.75,16.25,5178562
2020-11-11,16.05,16.05,16.35,16.0,16.1,3077862
2020-11-12,16.45,16.45,16.5,15.95,16.2,5800979
2020-11-13,15.95,15.95,17.0,15.75,16.7,14256313
2020-11-16,15.85,15.85,16.0,15.55,15.9,6085730
2020-11-17,16.25,16.25,16.4,15.9,16.05,6921850
2020-11-18,16.35,16.35,16.45,16.1,16.25,6225461
2020-11-19,16.15,16.15,16.6,16.15,16.45,7257647
2020-11-20,16.15,16.15,16.2,15.85,16.15,4706613
2020-11-23,16.25,16.25,16.35,16.1,16.15,3525211
2020-11-24,16.15,16.15,16.3,16.05,16.25,4027037
2020-11-25,16.3,16.3,16.35,16.15,16.2,4690818
2020-11-26,16.55,16.55,16.65,16.35,16.35,5754606
2020-11-27,16.85,16.85,16.85,16.6,16.65,5482716
2020-11-30,17.1,17.1,17.2,16.9,16.95,11290892
2020-12-01,16.95,16.95,17.2,16.85,17.2,6390325
2020-12-02,17.0,17.0,17.1,16.9,17.0,5318874
2020-12-04,16.7,16.7,17.05,16.7,17.0,5845741
2020-12-07,16.35,16.35,16.8,16.2,16.65,5543626
2020-12-08,15.75,15.75,16.35,15.65,16.35,8911295
2020-12-09,16.05,16.05,16.1,15.7,15.75,4698360
2020-12-10,15.85,15.85,16.15,15.75,16.05,3399716
2020-12-11,15.55,15.55,16.05,15.45,16.0,4361153
2020-12-14,15.9,15.9,15.95,15.55,15.6,2514503
2020-12-15,15.7,15.7,16.0,15.65,15.95,1633965
2020-12-16,15.85,15.85,15.9,15.75,15.9,1881812
2020-12-17,16.0,16.0,16.0,15.8,15.9,1747443
2020-12-18,16.05,16.05,16.3,15.95,15.95,3798825
2020-12-21,16.15,16.15,16.2,15.9,16.05,3701579
2020-12-22,15.9,15.9,16.65,15.85,16.15,10067061
2020-12-23,16.2,16.2,16.25,15.9,16.0,2824571
2020-12-24,16.25,16.25,16.4,16.2,16.2,2115146
2020-12-25,16.15,16.15,16.4,16.15,16.25,2072970
2020-12-28,16.2,16.2,16.35,16.1,16.25,3102361
2020-12-29,16.35,16.35,16.45,16.2,16.25,3680521
2020-12-30,16.5,16.5,16.7,16.4,16.4,6936710
2020-12-31,16.5,16.5,16.6,16.35,16.55,2933097
2021-01-04,16.4,16.4,16.7,16.4,16.5,3255873
2021-01-05,16.2,16.2,16.5,16.15,16.5,3096936
2021-01-06,15.6,15.6,16.3,15.55,16.2,5397389
2021-01-07,15.65,15.65,15.85,15.55,15.7,2581327
2021-01-08,15.55,15.55,15.8,15.55,15.8,1801658
2021-01-11,15.65,15.65,15.8,15.55,15.7,1228063
2021-01-12,15.5,15.5,15.85,15.4,15.8,2930780
2021-01-13,15.6,15.6,15.7,15.5,15.55,1454649
2021-01-14,15.5,15.5,15.65,15.45,15.65,1348755
2021-01-15,14.8,14.8,15.55,14.75,15.5,5628635
2021-01-18,14.85,14.85,14.85,14.45,14.8,1844141
2021-01-19,14.9,14.9,15.15,14.85,14.85,1184139
2021-01-20,14.4,14.4,14.9,14.25,14.9,2934242
2021-01-21,14.3,14.3,14.6,14.15,14.45,1624879
2021-01-22,14.3,14.3,14.45,14.15,14.3,1814412
2021-01-25,14.5,14.5,14.6,14.25,14.3,1453406
2021-01-26,14.3,14.3,14.6,14.3,14.55,1097041
2021-01-27,14.35,14.35,14.45,14.25,14.35,760437
2021-01-28,14.15,14.15,14.4,14.05,14.3,1835729
2021-01-29,14.05,14.05,14.3,14.0,14.15,1390120
2021-02-01,14.0,14.0,14.15,13.9,14.15,1573002
2021-02-02,14.2,14.2,14.35,14.1,14.1,1294762
2021-02-03,14.3,14.3,14.4,14.2,14.3,1066635
2021-02-04,14.3,14.3,14.35,14.2,14.35,581288
2021-02-05,14.1,14.1,14.4,14.1,14.4,1186234
2021-02-17,14.5,14.5,14.55,14.2,14.3,1365355
2021-02-18,14.95,14.95,15.1,14.4,14.55,2872108
2021-02-19,15.2,15.2,15.25,15.0,15.1,2100058
2021-02-22,15.2,15.2,15.4,15.15,15.3,1671564
2021-02-23,15.45,15.45,15.45,15.2,15.25,1626066
2021-02-24,15.55,15.55,15.65,15.4,15.55,2908027
2021-02-25,15.55,15.55,15.75,15.5,15.6,1470275
2021-02-26,15.4,15.4,15.5,15.25,15.4,1688646
2021-03-02,15.6,15.6,15.75,15.5,15.55,2690759
2021-03-03,15.95,15.95,15.95,15.6,15.7,2607956
2021-03-04,16.25,16.25,16.3,15.95,16.1,6681931
2021-03-05,15.15,15.15,15.4,14.95,15.1,15712228
2021-03-08,15.1,15.1,15.3,14.95,15.2,5995926
2021-03-09,15.2,15.2,15.25,15.1,15.15,2469717
2021-03-10,15.4,15.4,15.55,15.3,15.3,3188654
2021-03-11,15.3,15.3,15.55,15.3,15.5,2327818
2021-03-12,15.5,15.5,15.55,15.3,15.35,2559603
2021-03-15,15.5,15.5,15.55,15.45,15.55,1531571
2021-03-16,15.5,15.5,15.5,15.4,15.5,1718026
2021-03-17,15.4,15.4,15.5,15.35,15.4,1861192
2021-03-18,15.4,15.4,15.5,15.4,15.45,1029980
2021-03-19,15.45,15.45,15.5,15.35,15.4,1407430
2021-03-22,15.5,15.5,15.55,15.4,15.5,1713013
2021-03-23,15.5,15.5,15.65,15.45,15.55,1768211
2021-03-24,15.45,15.45,15.55,15.4,15.5,1019161
2021-03-25,15.6,15.6,15.65,15.45,15.5,1923106
2021-03-26,15.75,15.75,15.8,15.6,15.65,2657661
2021-03-29,15.95,15.95,16.1,15.85,15.85,3634471
2021-03-30,15.9,15.9,16.05,15.8,16.05,1782303
2021-03-31,15.75,15.75,15.85,15.6,15.85,2702111
2021-04-01,15.65,15.65,15.8,15.6,15.8,1450330
2021-04-06,15.8,15.8,15.85,15.7,15.7,2363499
2021-04-07,15.95,15.95,16.0,15.85,15.85,2059669
2021-04-08,16.0,16.0,16.15,15.95,16.0,3113668
2021-04-09,16.2,16.2,16.25,15.9,16.15,3935774
2021-04-12,16.6,16.6,16.65,16.4,16.4,10324566
2021-04-13,16.2,16.2,16.7,16.2,16.7,4758315
2021-04-14,16.3,16.3,16.4,16.0,16.25,4163798
2021-04-15,16.65,16.65,16.8,16.4,16.4,6504030
2021-04-16,16.8,16.8,16.95,16.65,16.75,6227943
2021-04-19,18.45,18.45,18.45,16.95,16.95,31382956
2021-04-20,17.9,17.9,18.95,17.7,18.9,18576896
2021-04-21,18.6,18.6,18.6,17.55,17.75,11112418
2021-04-22,19.25,19.25,19.85,18.35,18.95,53788071
2021-04-23,19.45,19.45,19.5,18.75,19.35,23215031
2021-04-26,19.35,19.35,19.6,19.1,19.6,14850827
2021-04-27,18.9,18.9,19.45,18.7,19.4,12035492
2021-04-28,19.35,19.35,19.55,18.85,18.9,17807408
2021-04-29,19.05,19.05,19.5,18.95,19.35,8128737
2021-05-03,18.7,18.7,19.05,18.5,19.0,10160868
2021-05-04,17.9,17.9,19.0,17.1,18.75,12653098
2021-05-05,18.2,18.2,18.75,17.65,18.0,7552605
2021-05-06,18.3,18.3,18.8,17.9,18.3,4708048
2021-05-07,18.45,18.45,18.55,17.95,18.4,5105633
2021-05-10,18.75,18.75,18.9,18.45,18.5,5495924
2021-05-11,18.1,18.1,18.85,17.75,18.5,7764438
2021-05-12,16.7,16.7,18.1,16.3,18.05,12196922
2021-05-13,16.25,16.25,16.65,15.7,16.35,6118977
2021-05-14,16.9,16.9,17.85,16.85,17.55,16346706
2021-05-17,16.1,16.1,16.75,15.85,16.1,9766753
2021-05-18,16.85,16.85,16.95,16.0,16.4,7016665
2021-05-19,16.85,16.85,17.05,16.45,16.8,3951102
2021-05-20,16.85,16.85,17.2,16.7,16.85,2950556
2021-05-21,17.15,17.15,17.25,16.85,17.0,3131900
2021-05-24,17.3,17.3,17.6,16.9,17.0,3763147
2021-05-25,17.55,17.55,18.0,17.4,17.4,5432137
2021-05-26,18.4,18.4,18.7,17.3,17.6,14807850
2021-05-27,18.8,18.8,19.05,18.2,18.55,18774954
2021-05-28,18.6,18.6,19.0,18.5,18.9,10113754
2021-05-31,18.6,18.6,18.85,18.55,18.7,6068863
2021-06-01,18.7,18.7,18.95,18.65,18.65,5945702
2021-06-02,18.9,18.9,19.3,18.7,18.9,17577937
2021-06-03,19.0,19.0,19.3,18.9,19.2,9169495
2021-06-04,19.15,19.15,19.3,19.0,19.1,8649406
2021-06-07,19.25,19.25,19.65,18.95,19.45,13597437
2021-06-08,19.15,19.15,19.5,19.1,19.4,5254845
2021-06-09,18.75,18.75,19.25,18.7,19.25,6584057
2021-06-10,18.65,18.65,18.8,18.45,18.75,4841904
2021-06-11,18.55,18.55,18.9,18.55,18.75,2877744
2021-06-15,18.65,18.65,18.7,18.5,18.6,2368279
2021-06-16,18.75,18.75,19.15,18.7,18.8,4963877
2021-06-17,18.85,18.85,18.9,18.55,18.85,3105515
2021-06-18,18.7,18.7,18.95,18.7,18.9,3435074
2021-06-21,18.55,18.55,18.8,18.5,18.7,3623927
2021-06-22,18.85,18.85,18.95,18.7,18.75,3776347
2021-06-23,18.75,18.75,19.05,18.7,19.0,3896887
2021-06-24,18.65,18.65,18.9,18.65,18.9,3670772
2021-06-25,18.65,18.65,18.8,18.6,18.8,2743400
2021-06-28,18.7,18.7,18.9,18.7,18.75,4455660
2021-06-29,18.65,18.65,18.8,18.55,18.8,4244670
2021-06-30,18.95,18.95,18.95,18.6,18.7,9834545
2021-07-01,19.9,19.9,20.7,19.2,19.25,52974734
2021-07-02,19.15,19.15,20.8,19.05,20.35,37539240
2021-07-05,19.25,19.25,19.4,19.0,19.35,8486115
2021-07-06,19.05,19.05,19.35,19.0,19.3,4742737
2021-07-07,18.9,18.9,19.1,18.9,19.05,6210938
2021-07-08,19.15,19.15,19.3,18.9,18.9,5863364
2021-07-09,19.15,19.15,19.35,19.0,19.1,4096563
2021-07-12,19.5,19.5,19.65,19.2,19.4,7049751
2021-07-13,19.2,19.2,19.75,19.15,19.6,6756250
2021-07-14,19.15,19.15,19.4,19.0,19.3,3353881
2021-07-15,19.5,19.5,19.6,19.15,19.2,6198278
2021-07-16,19.5,19.5,19.8,19.45,19.55,5753383
2021-07-19,19.9,19.9,19.95,19.5,19.65,10862281
2021-07-20,19.65,19.65,20.15,19.6,20.1,9291625
2021-07-21,19.2,19.2,19.9,19.1,19.9,7785979
2021-07-22,19.0,19.0,19.35,18.9,19.35,8516622
2021-07-23,18.2,18.2,18.65,18.1,18.65,5317771
2021-07-26,17.85,17.85,18.35,17.8,18.35,6487507
2021-07-27,17.4,17.4,17.85,17.3,17.85,5806866
2021-07-28,17.15,17.15,17.5,16.85,17.3,3785687
2021-07-29,17.15,17.15,17.3,17.0,17.3,2616259
2021-07-30,17.1,17.1,17.2,17.0,17.2,2533165
2021-08-02,17.25,17.25,17.3,17.1,17.2,1836703
2021-08-03,17.45,17.45,17.45,17.25,17.3,1882771
2021-08-04,17.45,17.45,17.55,17.35,17.5,2338822
2021-08-05,17.25,17.25,17.45,17.2,17.45,2290110
2021-08-06,17.4,17.4,17.5,17.2,17.35,1620555
2021-08-09,17.75,17.75,18.1,17.65,17.8,6359089
2021-08-10,17.5,17.5,17.7,17.45,17.6,2198584
2021-08-11,17.5,17.5,17.8,17.4,17.6,2589396
2021-08-12,17.8,17.8,17.85,17.55,17.65,2715068
2021-08-13,17.6,17.6,17.9,17.55,17.8,2437013
2021-08-16,17.05,17.05,17.6,16.9,17.6,3810394
2021-08-17,17.05,17.05,17.25,17.05,17.1,1320657
2021-08-18,17.2,17.2,17.25,16.7,16.85,2360290
2021-08-19,16.8,16.8,17.2,16.8,17.2,2063227
2021-08-20,16.8,16.8,17.0,16.7,16.9,1242822
2021-08-23,17.15,17.15,17.2,16.9,16.9,1403040
2021-08-24,17.1,17.1,17.25,17.0,17.2,1086912
2021-08-25,17.15,17.15,17.25,17.05,17.1,1333924
2021-08-26,17.2,17.2,17.25,17.1,17.15,1401415
2021-08-27,17.35,17.35,17.45,17.2,17.2,1497752
2021-08-30,17.5,17.5,17.55,17.35,17.45,1902969
2021-08-31,17.7,17.7,17.8,17.5,17.6,2117171
2021-09-01,17.7,17.7,17.75,17.6,17.7,1821311
2021-09-02,17.45,17.45,17.7,17.4,17.7,2069590
2021-09-03,17.55,17.55,17.7,17.45,17.45,2486647
2021-09-06,16.55,16.55,16.75,16.5,16.75,2266917
2021-09-07,16.35,16.35,16.65,16.25,16.6,1822777
2021-09-08,15.95,15.95,16.4,15.9,16.4,2551637
2021-09-09,16.15,16.15,16.15,15.9,16.0,885984
2021-09-10,16.2,16.2,16.3,16.15,16.2,851829
2021-09-13,16.35,16.35,16.45,16.15,16.35,1411014
2021-09-14,16.25,16.25,16.45,16.25,16.35,806448
2021-09-15,16.3,16.3,16.35,16.15,16.25,1230731
2021-09-16,16.0,16.0,16.3,15.95,16.1,5528715
2021-09-17,15.75,15.75,15.95,15.7,15.9,3332193
2021-09-22,15.35,15.35,15.5,15.25,15.45,2205768
2021-09-23,15.35,15.35,15.5,15.3,15.4,1267602
2021-09-24,15.55,15.55,15.65,15.45,15.5,1011820
2021-09-27,15.75,15.75,15.85,15.5,15.55,1243176
2021-09-28,15.65,15.65,15.85,15.6,15.8,1109589
2021-09-29,15.6,15.6,15.85,15.4,15.45,2496415
2021-09-30,16.0,16.0,16.15,15.65,15.7,2113465
2021-10-01,15.5,15.5,15.9,15.5,15.9,1788246
2021-10-04,15.1,15.1,15.65,14.9,15.55,3438673
2021-10-05,15.35,15.35,15.4,14.9,15.05,886194
2021-10-06,15.25,15.25,15.5,15.25,15.45,885732
2021-10-07,15.4,15.4,15.5,15.2,15.45,537615
2021-10-08,15.2,15.2,15.55,15.2,15.55,1061335
2021-10-12,15.1,15.1,15.3,15.05,15.2,891832
2021-10-13,14.95,14.95,15.2,14.9,15.1,1272232
2021-10-14,15.05,15.05,15.15,14.95,15.0,797134
2021-10-15,15.15,15.15,15.2,15.05,15.15,714083
2021-10-18,15.3,15.3,15.3,15.1,15.1,992614
2021-10-19,15.4,15.4,15.45,15.3,15.4,976661
2021-10-20,15.25,15.25,15.5,15.2,15.5,1080257
2021-10-21,15.35,15.35,15.5,15.25,15.3,2993979
2021-10-22,15.25,15.25,15.45,15.25,15.4,626928
2021-10-25,15.35,15.35,15.4,15.2,15.2,647857
2021-10-26,15.3,15.3,15.4,15.2,15.35,3738205
2021-10-27,15.2,15.2,15.35,15.15,15.3,889008
2021-10-28,15.25,15.25,15.3,15.15,15.25,1311095
2021-10-29,15.2,15.2,15.25,15.1,15.2,913422
2021-11-01,15.25,15.25,15.3,15.15,15.15,1072363
2021-11-02,15.1,15.1,15.35,15.05,15.3,1145382
2021-11-03,15.25,15.25,15.3,15.1,15.1,577216
2021-11-04,15.3,15.3,15.45,15.3,15.3,922705
2021-11-05,15.3,15.3,15.35,15.25,15.3,723104
2021-11-08,15.4,15.4,15.4,15.2,15.3,942831
2021-11-09,15.6,15.6,15.7,15.45,15.5,2508206
2021-11-10,15.55,15.55,15.8,15.5,15.6,938728
2021-11-11,15.35,15.35,15.45,15.15,15.45,3204938
2021-11-12,15.4,15.4,15.45,15.3,15.35,1068911
2021-11-15,15.2,15.2,15.35,15.2,15.3,1871032
2021-11-16,15.15,15.15,15.3,15.05,15.2,2436919
2021-11-17,15.15,15.15,15.25,15.1,15.15,1492363
2021-11-18,15.3,15.3,15.4,15.15,15.3,1616948
2021-11-19,15.15,15.15,15.35,15.1,15.3,1247848
2021-11-22,15.2,15.2,15.25,15.15,15.2,944765
2021-11-23,15.15,15.15,15.3,15.15,15.3,1011474
2021-11-24,15.3,15.3,15.3,15.1,15.2,1277606
2021-11-25,15.3,15.3,15.35,15.25,15.3,817089
2021-11-26,15.1,15.1,15.35,15.05,15.35,1222433
2021-11-29,15.0,15.0,15.1,14.85,14.9,2143656
2021-11-30,15.05,15.05,15.15,15.0,15.0,670115
2021-12-01,15.15,15.15,15.15,14.95,15.05,759144
2021-12-02,15.0,15.0,15.1,14.95,15.05,776664
2021-12-03,15.0,15.0,15.1,14.9,15.0,602525
2021-12-06,14.95,14.95,15.05,14.95,14.95,782394
2021-12-07,15.05,15.05,15.1,14.95,14.95,543221
2021-12-08,15.05,15.05,15.2,14.95,15.05,1525372
2021-12-09,15.1,15.1,15.25,15.05,15.15,1238035
2021-12-10,15.05,15.05,15.2,15.0,15.1,990677
2021-12-13,15.1,15.1,15.2,15.05,15.1,646007
2021-12-14,15.0,15.0,15.15,14.95,15.15,933281
2021-12-15,14.95,14.95,15.1,14.95,15.0,724012
2021-12-16,15.0,15.0,15.1,14.95,14.95,1167282
2021-12-17,15.0,15.0,15.1,14.95,15.0,837578
2021-12-20,15.1,15.1,15.25,15.0,15.05,708717
2021-12-21,15.1,15.1,15.2,15.05,15.15,497414
2021-12-22,15.3,15.3,15.4,15.2,15.2,1835670
2021-12-23,15.25,15.25,15.4,15.2,15.35,857198
2021-12-24,15.2,15.2,15.35,15.2,15.35,639517
2021-12-27,15.45,15.45,15.5,15.25,15.25,1691771
2021-12-28,15.4,15.4,15.6,15.35,15.6,1169758
2021-12-29,15.45,15.45,15.55,15.35,15.5,828380
2021-12-30,15.45,15.45,15.5,15.4,15.5,562541
2022-01-03,15.35,15.35,15.5,15.35,15.5,636920
2022-01-04,15.35,15.35,15.4,15.3,15.35,779514
2022-01-05,15.35,15.35,15.45,15.3,15.4,554337
2022-01-06,15.3,15.3,15.4,15.25,15.35,599420
2022-01-07,15.15,15.15,15.45,15.15,15.3,1485929
2022-01-10,15.2,15.2,15.25,15.15,15.15,534341
2022-01-11,15.15,15.15,15.25,15.15,15.25,511428
2022-01-12,15.2,15.2,15.3,15.15,15.25,825611
2022-01-13,15.35,15.35,15.4,15.25,15.25,1076189
2022-01-14,15.2,15.2,15.45,15.05,15.4,1536663
2022-01-17,15.2,15.2,15.25,15.15,15.15,511426
2022-01-18,15.2,15.2,15.3,15.15,15.25,509877
2022-01-19,15.15,15.15,15.25,15.15,15.2,358461
2022-01-20,15.15,15.15,15.2,15.1,15.15,410146
2022-01-21,15.05,15.05,15.15,15.0,15.15,1184377
2022-01-24,15.0,15.0,15.05,14.9,15.0,877993
2022-01-25,14.85,14.85,15.05,14.8,14.95,1854616
2022-01-26,14.85,14.85,15.0,14.85,14.85,657920
2022-02-07,15.15,15.15,15.2,14.9,14.9,488052
2022-02-08,15.25,15.25,15.25,15.1,15.2,472125
2022-02-09,15.15,15.15,15.25,15.15,15.25,564266
2022-02-10,15.25,15.25,15.25,15.15,15.2,658475
2022-02-11,15.15,15.15,15.25,15.15,15.15,553109
2022-02-14,15.0,15.0,15.15,15.0,15.15,1068218
2022-02-15,14.95,14.95,15.05,14.95,15.0,420417
2022-02-16,15.0,15.0,15.15,14.95,15.1,540426
2022-02-17,15.0,15.0,15.15,15.0,15.1,499542
2022-02-18,15.15,15.15,15.15,15.0,15.0,595547
2022-02-21,15.25,15.25,15.25,15.05,15.05,1091753
2022-02-22,15.1,15.1,15.2,14.95,15.15,1218009
2022-02-23,15.1,15.1,15.15,15.05,15.1,449509
2022-02-24,14.85,14.85,15.05,14.8,15.05,1693175
2022-02-25,14.85,14.85,14.9,14.8,14.9,1160518
2022-03-01,14.95,14.95,15.0,14.85,14.85,514445
2022-03-02,15.05,15.05,15.05,14.9,15.0,580359
2022-03-03,15.1,15.1,15.15,15.05,15.05,458062
2022-03-04,15.05,15.05,15.1,14.95,15.05,734166
2022-03-07,14.8,14.8,15.0,14.7,15.0,1518946
2022-03-08,14.5,14.5,14.7,14.35,14.7,2138724
2022-03-09,14.6,14.6,14.65,14.45,14.5,651500
2022-03-10,14.85,14.85,14.9,14.7,14.7,448827
2022-03-11,14.65,14.65,14.8,14.6,14.7,752014
2022-03-14,14.85,14.85,14.9,14.65,14.7,579787
2022-03-15,14.8,14.8,14.9,14.7,14.9,427501
2022-03-16,14.8,14.8,14.95,14.75,14.95,711852
2022-03-17,15.1,15.1,15.1,14.9,15.0,1485907
2022-03-18,15.1,15.1,15.1,14.95,15.1,446487
2022-03-21,15.2,15.2,15.35,15.1,15.15,1217566
2022-03-22,15.35,15.35,15.35,15.2,15.25,938325
2022-03-23,15.35,15.35,15.4,15.25,15.4,659359
2022-03-24,15.25,15.25,15.35,15.2,15.3,439604
2022-03-25,15.15,15.15,15.3,15.15,15.25,443605
2022-03-28,15.55,15.55,15.6,15.3,15.3,3673775
2022-03-29,15.55,15.55,15.8,15.55,15.65,2522660
2022-03-30,15.6,15.6,15.7,15.45,15.6,1166022
2022-03-31,15.45,15.45,15.6,15.45,15.6,1288618
2022-04-01,15.6,15.6,15.6,15.35,15.5,1489383
2022-04-06,15.8,15.8,15.8,15.45,15.45,1972588
2022-04-07,15.5,15.5,15.85,15.5,15.75,1720971
2022-04-08,15.7,15.7,15.75,15.5,15.6,832286
2022-04-11,15.5,15.5,15.8,15.5,15.75,670691
2022-04-12,15.55,15.55,15.55,15.35,15.5,595382
2022-04-13,15.65,15.65,15.7,15.5,15.6,591167
2022-04-14,15.8,15.8,15.8,15.65,15.65,1195303
2022-04-15,16.15,16.15,16.2,15.7,15.75,3629601
2022-04-18,15.95,15.95,16.2,15.95,16.2,1623040
2022-04-19,15.95,15.95,16.05,15.9,16.05,849926
2022-04-20,16.3,16.3,16.35,15.9,16.0,2172308
2022-04-21,16.05,16.05,16.3,16.0,16.3,1049550
2022-04-22,16.1,16.1,16.2,15.85,16.05,1642837
2022-04-25,15.6,15.6,15.9,15.55,15.85,1572842
2022-04-26,15.65,15.65,15.8,15.55,15.6,1266203
2022-04-27,15.3,15.3,15.5,15.25,15.5,1364829
2022-04-28,15.45,15.45,15.45,15.3,15.3,530650
2022-04-29,15.35,15.35,15.5,15.35,15.45,536793
2022-05-03,15.3,15.3,15.5,15.2,15.5,636630
2022-05-04,15.35,15.35,15.45,15.25,15.45,456438
2022-05-05,15.35,15.35,15.55,15.35,15.4,566833
2022-05-06,15.2,15.2,15.3,15.1,15.1,637681
2022-05-09,14.9,14.9,15.1,14.85,15.1,1111917
2022-05-10,14.9,14.9,14.9,14.65,14.8,891659
2022-05-11,14.7,14.7,14.85,14.65,14.85,851140
2022-05-12,14.1,14.1,14.6,14.05,14.6,1495959
2022-05-13,14.85,14.85,14.9,14.55,14.6,1074201
2022-05-16,15.15,15.15,15.2,14.85,15.0,1180629
2022-05-17,15.35,15.35,15.35,14.9,15.1,875512
2022-05-18,15.6,15.6,15.7,15.25,15.3,1399757
2022-05-19,15.35,15.35,15.45,15.1,15.1,846450
2022-05-20,15.35,15.35,15.5,15.35,15.4,426139
2022-05-23,15.45,15.45,15.5,15.4,15.45,357379
2022-05-24,15.4,15.4,15.5,15.4,15.45,469311
2022-05-25,15.65,15.65,15.65,15.4,15.45,785872
2022-05-26,15.6,15.6,15.8,15.6,15.65,426496
2022-05-27,15.6,15.6,15.75,15.55,15.75,432245
2022-05-30,15.75,15.75,15.8,15.65,15.65,1044486
2022-05-31,15.85,15.85,15.9,15.75,15.8,1354028
2022-06-01,16.0,16.0,16.1,15.75,15.85,1518011
2022-06-02,15.95,15.95,16.05,15.8,15.85,1315247
2022-06-06,15.9,15.9,16.0,15.85,15.95,877707
2022-06-07,15.9,15.9,15.95,15.85,15.9,968189
2022-06-08,15.95,15.95,16.0,15.9,15.95,1355048
2022-06-09,16.0,16.0,16.0,15.9,15.9,951220
2022-06-10,15.9,15.9,15.9,15.85,15.85,1173374
2022-06-13,15.65,15.65,15.8,15.6,15.8,1243075
2022-06-14,15.6,15.6,15.65,15.4,15.55,891861
2022-06-15,15.65,15.65,15.75,15.45,15.6,793151
2022-06-16,15.4,15.4,15.75,15.35,15.75,628536
2022-06-17,15.3,15.3,15.45,15.2,15.3,856814
2022-06-20,15.0,15.0,15.4,15.0,15.4,1005303
2022-06-21,15.35,15.35,15.35,15.0,15.15,444912
2022-06-22,15.0,15.0,15.35,14.9,15.35,727161
2022-06-23,15.0,15.0,15.25,14.9,14.95,581177
2022-06-24,15.2,15.2,15.3,15.05,15.05,340822
2022-06-27,15.3,15.3,15.4,15.3,15.3,640238
2022-06-28,15.25,15.25,15.35,15.2,15.35,375007
2022-06-29,15.15,15.15,15.25,15.1,15.25,263804
2022-06-30,14.95,14.95,15.1,14.9,15.1,799138
2022-07-01,14.5,14.5,14.95,14.4,14.95,1099019
2022-07-04,14.55,14.55,14.75,14.5,14.65,682734
2022-07-05,14.75,14.75,14.85,14.65,14.75,429583
2022-07-06,14.5,14.5,14.8,14.5,14.8,568165
2022-07-07,14.55,14.55,14.7,14.3,14.5,931739
2022-07-08,14.6,14.6,14.7,14.5,14.55,561771
2022-07-11,14.7,14.7,14.9,14.5,14.7,674766
2022-07-12,14.45,14.45,14.55,14.2,14.5,1178386
2022-07-13,14.8,14.8,14.85,14.55,14.6,1005684
2022-07-14,14.85,14.85,14.85,14.65,14.85,1720587
2022-07-15,13.7,13.7,14.05,13.7,13.75,1389912
2022-07-18,13.85,13.85,13.85,13.65,13.85,695207
2022-07-19,13.95,13.95,14.0,13.7,13.8,778640
2022-07-20,13.85,13.85,14.1,13.85,14.0,698341
2022-07-21,13.95,13.95,14.0,13.8,13.85,466399
2022-07-22,13.95,13.95,14.0,13.9,13.95,448841
2022-07-25,14.0,14.0,14.05,13.9,13.95,353283
2022-07-26,13.95,13.95,14.0,13.9,14.0,341207
2022-07-27,13.95,13.95,14.0,13.9,13.95,321342
2022-07-28,13.95,13.95,14.05,13.95,14.05,282836
2022-07-29,14.0,14.0,14.05,13.95,14.05,250739
2022-08-01,14.05,14.05,14.05,13.95,14.0,285430
2022-08-02,13.95,13.95,14.0,13.9,13.95,363730
2022-08-03,13.95,13.95,14.0,13.85,13.9,351672
2022-08-04,13.85,13.85,13.95,13.75,13.95,623791
2022-08-05,13.95,13.95,14.0,13.9,13.95,272048
2022-08-08,13.95,13.95,13.95,13.8,13.95,258103
2022-08-09,14.05,14.05,14.1,13.9,13.95,326992
2022-08-10,14.3,14.3,14.35,14.05,14.05,916952
2022-08-11,14.3,14.3,14.4,14.25,14.35,515128
2022-08-12,14.3,14.3,14.45,14.2,14.35,1470873
2022-08-15,14.2,14.2,14.4,14.15,14.4,1154962
2022-08-16,14.1,14.1,14.3,14.05,14.2,738640
2022-08-17,14.1,14.1,14.15,14.05,14.15,699338
2022-08-18,14.1,14.1,14.2,14.05,14.1,742618
2022-08-19,14.15,14.15,14.2,14.1,14.15,500502
2022-08-22,14.25,14.25,14.3,14.05,14.1,596422
2022-08-23,14.2,14.2,14.25,14.1,14.1,461977
2022-08-24,14.2,14.2,14.35,14.2,14.25,501624
2022-08-25,14.2,14.2,14.3,14.2,14.25,251262
2022-08-26,14.2,14.2,14.3,14.2,14.25,285812
2022-08-29,14.05,14.05,14.1,13.95,14.0,521960
2022-08-30,14.1,14.1,14.15,14.05,14.05,285206
2022-08-31,14.15,14.15,14.25,14.05,14.1,319110
2022-09-01,14.05,14.05,14.1,14.0,14.1,410535
2022-09-02,14.1,14.1,14.2,14.05,14.1,352876
2022-09-05,14.05,14.05,14.1,14.0,14.1,369909
2022-09-06,13.95,13.95,14.15,13.9,14.05,931860
2022-09-07,13.9,13.9,14.0,13.9,13.95,790939
2022-09-08,14.15,14.15,14.2,13.95,14.0,413854
2022-09-12,14.25,14.25,14.35,14.15,14.25,1555834
2022-09-13,14.45,14.45,14.55,14.25,14.3,2181812
2022-09-14,14.4,14.4,14.45,14.25,14.3,1205496
2022-09-15,14.6,14.6,14.7,14.4,14.4,896252
2022-09-16,14.5,14.5,14.6,14.45,14.45,637104
2022-09-19,14.55,14.55,14.6,14.5,14.55,383730
2022-09-20,14.55,14.55,14.6,14.5,14.55,516421
2022-09-21,14.55,14.55,14.6,14.5,14.55,550557
2022-09-22,14.5,14.5,14.55,14.35,14.55,632012
2022-09-23,14.35,14.35,14.55,14.3,14.5,424236
2022-09-26,14.05,14.05,14.25,14.05,14.25,869053
2022-09-27,14.2,14.2,14.25,14.05,14.05,530133
2022-09-28,13.85,13.85,14.3,13.85,14.25,948275
2022-09-29,13.95,13.95,14.1,13.85,14.0,436839
2022-09-30,13.95,13.95,14.0,13.75,13.9,386268
2022-10-03,13.9,13.9,14.0,13.85,13.9,418811
2022-10-04,13.95,13.95,14.1,13.95,14.0,393148
2022-10-05,14.05,14.05,14.15,14.0,14.1,326953
2022-10-06,13.95,13.95,14.1,13.95,14.1,439499
2022-10-07,14.0,14.0,14.15,14.0,14.0,426996
2022-10-11,13.65,13.65,13.8,13.6,13.8,815237
2022-10-12,13.75,13.75,13.75,13.5,13.6,598180
2022-10-13,13.4,13.4,13.75,13.35,13.75,863292
2022-10-14,13.7,13.7,13.75,13.5,13.5,540951
2022-10-17,13.45,13.45,13.55,13.25,13.55,438656
2022-10-18,13.45,13.45,13.55,13.4,13.55,405238
2022-10-19,13.5,13.5,13.55,13.45,13.45,399431
2022-10-20,13.1,13.1,13.35,12.8,13.35,3816226
2022-10-21,13.5,13.5,13.5,13.05,13.1,762623
2022-10-24,13.25,13.25,13.55,13.25,13.55,626736
2022-10-25,13.1,13.1,13.4,13.1,13.4,381085
2022-10-26,13.05,13.05,13.2,13.05,13.1,263949
2022-10-27,13.1,13.1,13.2,12.75,13.1,662215
2022-10-28,12.95,12.95,13.15,12.9,13.15,258952
2022-10-31,12.95,12.95,13.1,12.95,13.0,174045
2022-11-01,13.15,13.15,13.15,13.0,13.0,214050
2022-11-02,13.25,13.25,13.3,13.15,13.15,343358
2022-11-03,13.3,13.3,13.35,13.1,13.15,464111
2022-11-04,13.3,13.3,13.3,13.15,13.25,303506
2022-11-07,13.4,13.4,13.4,13.3,13.3,281824
2022-11-08,13.3,13.3,13.4,13.3,13.4,257216
2022-11-09,13.4,13.4,13.45,13.3,13.4,373821
2022-11-10,13.45,13.45,13.45,13.25,13.25,460581
2022-11-11,13.7,13.7,13.85,13.65,13.7,1031579
2022-11-14,14.0,14.0,14.05,13.8,13.8,992196
2022-11-15,14.3,14.3,14.35,13.95,14.15,1461001
2022-11-16,14.2,14.2,14.35,14.15,14.3,626708
2022-11-17,14.35,14.35,14.4,14.2,14.2,336882
2022-11-18,14.25,14.25,14.5,14.25,14.35,519665
2022-11-21,14.3,14.3,14.35,14.25,14.3,396423
2022-11-22,14.3,14.3,14.35,14.25,14.3,306308
2022-11-23,14.4,14.4,14.4,14.3,14.35,283837
2022-11-24,14.55,14.55,14.6,14.4,14.45,1066632
2022-11-25,14.5,14.5,14.65,14.5,14.55,355891
2022-11-28,14.55,14.55,14.6,14.4,14.5,430335
2022-11-29,14.65,14.65,14.75,14.5,14.6,665466
2022-11-30,14.85,14.85,14.85,14.65,14.7,1023555
2022-12-01,14.9,14.9,15.1,14.85,15.05,1279071
2022-12-02,15.1,15.1,15.1,14.9,14.9,1005704
2022-12-05,15.0,15.0,15.15,14.95,15.1,866111
2022-12-06,14.8,14.8,15.05,14.8,15.0,749052
2022-12-07,14.85,14.85,15.05,14.8,14.85,757695
2022-12-08,14.75,14.75,14.9,14.7,14.9,489947
2022-12-09,14.9,14.9,14.95,14.85,14.85,548009
2022-12-12,14.75,14.75,14.9,14.6,14.9,719416
2022-12-13,14.6,14.6,14.9,14.6,14.75,417968
2022-12-14,14.7,14.7,14.8,14.6,14.75,507932
2022-12-15,14.75,14.75,14.9,14.7,14.8,570300
2022-12-16,14.55,14.55,14.7,14.55,14.7,640888
2022-12-19,14.45,14.45,14.6,14.45,14.55,437297
2022-12-20,14.25,14.25,14.55,14.2,14.45,645074
2022-12-21,14.4,14.4,14.5,14.3,14.4,537174
2022-12-22,14.45,14.45,14.6,14.4,14.55,305297
2022-12-23,14.4,14.4,14.45,14.3,14.4,424380
2022-12-26,14.4,14.4,14.5,14.35,14.45,239575
2022-12-27,14.4,14.4,14.5,14.4,14.5,335721
2022-12-28,14.4,14.4,14.45,14.3,14.4,344434
2022-12-29,14.25,14.25,14.4,14.15,14.3,572262
2022-12-30,14.4,14.4,14.45,14.35,14.35,337802
2023-01-03,14.4,14.4,14.45,14.2,14.45,395734
2023-01-04,14.45,14.45,14.45,14.3,14.4,330755
2023-01-05,14.4,14.4,14.5,14.4,14.4,276861
2023-01-06,14.45,14.45,14.45,14.4,14.45,170211
2023-01-09,14.5,14.5,14.5,14.4,14.5,235610
2023-01-10,14.45,14.45,14.55,14.45,14.5,295018
2023-01-11,14.45,14.45,14.65,14.45,14.5,909504
2023-01-12,14.5,14.5,14.55,14.45,14.5,254896
2023-01-13,14.45,14.45,14.6,14.45,14.5,335331
2023-01-16,14.45,14.45,14.55,14.4,14.55,417361
2023-01-17,14.4,14.4,14.5,14.4,14.45,313023
2023-01-30,14.5,14.5,14.6,14.5,14.55,451847
2023-01-31,14.6,14.6,14.6,14.5,14.5,284056
2023-02-01,14.65,14.65,14.75,14.6,14.6,551128
2023-02-02,14.7,14.7,14.7,14.6,14.7,572557
2023-02-03,14.65,14.65,14.7,14.6,14.65,249349
2023-02-06,14.7,14.7,14.75,14.65,14.7,293187
2023-02-07,14.65,14.65,14.7,14.65,14.65,231542
2023-02-08,14.7,14.7,14.75,14.65,14.7,409009
2023-02-09,14.7,14.7,14.75,14.65,14.7,270134
2023-02-10,14.55,14.55,14.75,14.55,14.7,311957
2023-02-13,14.5,14.5,14.6,14.45,14.55,395204
2023-02-14,14.6,14.6,14.65,14.5,14.5,384353
2023-02-15,14.5,14.5,14.65,14.5,14.5,386488
2023-02-16,14.55,14.55,14.6,14.5,14.5,296431
2023-02-17,14.6,14.6,14.6,14.5,14.55,277953
2023-02-20,14.75,14.75,14.75,14.6,14.6,618695
2023-02-21,14.7,14.7,14.8,14.65,14.8,407956
2023-02-22,14.7,14.7,14.7,14.55,14.65,298491
2023-02-23,14.8,14.8,14.85,14.7,14.75,957196
2023-02-24,14.75,14.75,14.85,14.7,14.85,411252
2023-03-01,14.75,14.75,14.85,14.75,14.75,422460
2023-03-02,14.85,14.85,14.85,14.8,14.85,352228
2023-03-03,14.9,14.9,14.95,14.85,14.85,619918
2023-03-06,15.15,15.15,15.35,14.95,14.95,1414239
2023-03-07,15.2,15.2,15.3,15.1,15.25,629136
2023-03-08,15.05,15.05,15.2,15.0,15.2,527330
2023-03-09,15.05,15.05,15.15,15.0,15.15,494869
2023-03-10,14.8,14.8,15.05,14.75,15.0,636383
2023-03-13,14.85,14.85,14.95,14.75,14.9,623294
2023-03-14,14.85,14.85,14.9,14.75,14.9,259069
2023-03-15,14.85,14.85,14.95,14.85,14.9,449549
2023-03-16,15.15,15.15,15.65,15.1,15.1,6021139
2023-03-17,15.4,15.4,15.4,15.2,15.2,2298038
2023-03-20,15.9,15.9,15.9,15.4,15.5,4221932
2023-03-21,15.9,15.9,16.1,15.8,16.05,3315486
2023-03-22,16.25,16.25,16.65,16.15,16.15,9442995
2023-03-23,16.25,16.25,16.4,16.2,16.25,2681705
2023-03-24,16.1,16.1,16.3,16.0,16.25,2215234
2023-03-27,16.4,16.4,16.55,16.25,16.25,3885555
2023-03-28,16.25,16.25,16.5,16.25,16.5,1933074
2023-03-29,16.25,16.25,16.45,16.1,16.35,1585592
2023-03-30,16.3,16.3,16.45,16.25,16.3,2271985
2023-03-31,16.4,16.4,16.4,16.25,16.3,1265438
2023-04-06,16.5,16.5,16.65,16.3,16.4,2528738
2023-04-07,16.55,16.55,16.6,16.45,16.5,1251976
2023-04-10,16.4,16.4,16.6,16.35,16.6,1314757
2023-04-11,16.5,16.5,16.55,16.35,16.45,1866200
2023-04-12,16.5,16.5,16.55,16.35,16.5,1739608
2023-04-13,16.65,16.65,16.8,16.45,16.5,3241128
2023-04-14,16.8,16.8,16.95,16.7,16.8,3108347
2023-04-17,16.85,16.85,16.95,16.8,16.8,1503994
2023-04-18,16.65,16.65,16.9,16.6,16.85,1464246
2023-04-19,16.6,16.6,16.75,16.55,16.7,1296544
2023-04-20,16.55,16.55,16.7,16.45,16.6,1384555
2023-04-21,16.6,16.6,16.65,16.3,16.45,1543439
2023-04-24,16.9,16.9,16.9,16.6,16.6,2090204
2023-04-25,16.9,16.9,17.2,16.8,17.0,3671612
2023-04-26,17.1,17.1,17.1,16.8,16.95,2217700
2023-04-27,17.05,17.05,17.15,16.95,17.15,1317241
2023-04-28,17.15,17.15,17.3,17.05,17.15,1830212
2023-05-02,17.3,17.3,17.45,17.15,17.3,2526808
2023-05-03,17.05,17.05,17.35,17.05,17.35,1760222
2023-05-04,16.85,16.85,17.1,16.8,17.05,2146856
2023-05-05,16.9,16.9,16.95,16.75,16.95,1555754
2023-05-08,17.0,17.0,17.1,16.95,17.0,1040409
2023-05-09,17.0,17.0,17.1,16.8,17.1,1121063
2023-05-10,17.0,17.0,17.05,16.9,16.95,686441
2023-05-11,16.75,16.75,17.0,16.55,17.0,2265594
2023-05-12,16.7,16.7,17.15,16.55,16.65,3309963
2023-05-15,16.45,16.45,16.65,16.3,16.65,1829242
2023-05-16,16.55,16.55,16.6,16.35,16.4,978063
2023-05-17,16.65,16.65,16.65,16.55,16.55,766357
2023-05-18,16.7,16.7,16.75,16.55,16.7,792800
2023-05-19,16.55,16.55,16.7,16.5,16.7,788533
2023-05-22,16.55,16.55,16.6,16.45,16.45,1306303
2023-05-23,16.6,16.6,16.6,16.5,16.55,434702
2023-05-24,16.65,16.65,16.65,16.5,16.55,587223
2023-05-25,16.45,16.45,16.6,16.4,16.55,997357
2023-05-26,16.2,16.2,16.45,16.1,16.45,2001301
2023-05-29,16.15,16.15,16.35,16.1,16.25,800616
2023-05-30,16.1,16.1,16.15,15.95,16.1,1195292
2023-05-31,15.95,15.95,16.1,15.95,16.05,1182443
2023-06-01,16.15,16.15,16.15,15.95,15.95,660459
2023-06-02,16.1,16.1,16.2,16.05,16.1,898504
2023-06-05,16.2,16.2,16.2,16.1,16.1,571589
2023-06-06,16.25,16.25,16.25,16.15,16.2,445930
2023-06-07,16.3,16.3,16.35,16.25,16.25,559994
2023-06-08,16.2,16.2,16.3,16.1,16.3,842830
2023-06-09,16.05,16.05,16.2,16.05,16.15,1587193
2023-06-12,15.95,15.95,16.05,15.95,16.0,1819094
2023-06-13,16.05,16.05,16.05,15.9,15.95,909525
2023-06-14,16.15,16.15,16.2,16.0,16.05,817697
2023-06-15,16.15,16.15,16.15,16.05,16.15,999494
2023-06-16,16.05,16.05,16.2,15.95,16.15,1973121
2023-06-19,16.1,16.1,16.15,15.95,16.05,800916
2023-06-20,15.95,15.95,16.1,15.9,16.1,1700615
2023-06-21,15.95,15.95,15.95,15.8,15.95,1092579
2023-06-26,15.9,15.9,16.0,15.85,16.0,671727
2023-06-27,15.7,15.7,15.9,15.65,15.85,2056466
2023-06-28,15.8,15.8,15.8,15.7,15.75,671550
2023-06-29,15.8,15.8,15.85,15.75,15.8,475839
2023-06-30,15.8,15.8,15.8,15.7,15.8,677637
2023-07-03,15.85,15.85,15.9,15.8,15.8,647520
2023-07-04,15.9,15.9,15.95,15.85,15.9,605947
2023-07-05,15.95,15.95,15.95,15.85,15.9,605010
2023-07-06,15.9,15.9,15.95,15.8,15.9,1764985
2023-07-07,15.9,15.9,15.9,15.75,15.9,587409
2023-07-10,15.8,15.8,15.9,15.75,15.9,942557
2023-07-11,15.65,15.65,15.8,15.55,15.8,2238407
2023-07-12,15.45,15.45,15.65,15.35,15.65,2405560
2023-07-13,15.4,15.4,15.55,15.35,15.45,1296836
2023-07-14,15.6,15.6,15.6,15.4,15.4,1231787
2023-07-17,15.65,15.65,15.7,15.55,15.6,2600120
2023-07-18,14.75,14.75,14.9,14.6,14.9,3297418
2023-07-19,14.45,14.45,14.75,14.4,14.75,1631418
2023-07-20,14.4,14.4,14.5,14.35,14.45,739420
2023-07-21,14.4,14.4,14.4,14.25,14.35,846878
2023-07-24,14.25,14.25,14.4,14.2,14.4,1102501
2023-07-25,14.5,14.5,14.5,14.25,14.25,816480
2023-07-26,14.55,14.55,14.6,14.5,14.5,544943
2023-07-27,14.7,14.7,14.7,14.55,14.55,718165
2023-07-28,14.65,14.65,14.7,14.6,14.7,354648
2023-07-31,14.85,14.85,15.05,14.75,14.85,1896368
2023-08-01,14.75,14.75,14.9,14.7,14.9,811786
2023-08-02,14.65,14.65,14.8,14.6,14.75,661902
2023-08-04,14.75,14.75,14.75,14.55,14.7,428045
2023-08-07,14.65,14.65,14.75,14.65,14.75,209300
2023-08-08,14.6,14.6,14.7,14.5,14.65,432459
2023-08-09,14.6,14.6,14.65,14.55,14.6,294281
2023-08-10,14.55,14.55,14.6,14.4,14.6,794489
2023-08-11,14.5,14.5,14.7,14.45,14.55,479230
2023-08-14,14.65,14.65,14.8,14.55,14.55,1978805
2023-08-15,14.6,14.6,14.75,14.55,14.7,1667692
2023-08-16,14.5,14.5,14.6,14.45,14.6,672248
2023-08-17,14.55,14.55,14.6,14.45,14.55,771158
2023-08-18,14.65,14.65,14.7,14.5,14.55,1423513
2023-08-21,14.75,14.75,14.8,14.6,14.65,635094
2023-08-22,15.05,15.05,15.1,14.8,14.85,2015332
2023-08-23,15.05,15.05,15.1,15.0,15.05,697706
2023-08-24,15.05,15.05,15.1,15.0,15.0,519597
2023-08-25,15.0,15.0,15.05,14.95,15.0,534625
2023-08-28,14.95,14.95,15.05,14.9,15.0,420456
2023-08-29,14.95,14.95,15.05,14.85,15.0,393123
2023-08-30,15.0,15.0,15.0,14.9,15.0,295626
2023-08-31,15.05,15.05,15.1,14.95,15.0,940704
2023-09-01,15.35,15.35,15.35,15.0,15.05,1436653
2023-09-04,15.4,15.4,15.45,15.25,15.35,1203041
2023-09-05,15.4,15.4,15.4,15.3,15.3,528805
2023-09-06,15.3,15.3,15.4,15.25,15.4,638123
2023-09-07,15.25,15.25,15.3,15.15,15.25,394108
2023-09-08,15.3,15.3,15.35,15.15,15.3,530743
2023-09-11,15.4,15.4,15.4,15.3,15.35,725218
2023-09-12,15.35,15.35,15.4,15.35,15.4,493739
2023-09-13,15.45,15.45,15.55,15.35,15.4,1177117
2023-09-14,15.6,15.6,15.7,15.55,15.55,1734266
2023-09-15,15.5,15.5,15.7,15.4,15.65,1261894
2023-09-18,15.7,15.7,15.7,15.5,15.5,1082308
2023-09-19,15.6,15.6,15.75,15.6,15.7,585259
2023-09-20,15.95,15.95,16.0,15.6,15.6,3213715
2023-09-21,15.8,15.8,15.95,15.7,15.95,1393273
2023-09-22,15.6,15.6,15.75,15.55,15.75,827784
2023-09-25,15.6,15.6,15.75,15.6,15.75,630671
2023-09-26,15.5,15.5,15.7,15.45,15.65,627295
2023-09-27,15.7,15.7,15.7,15.45,15.5,669519
2023-09-28,16.25,16.25,16.3,15.8,15.8,5290311
2023-10-02,16.2,16.2,16.25,16.05,16.25,1759879
2023-10-03,15.95,15.95,16.15,15.95,16.15,999762
2023-10-04,16.1,16.1,16.1,15.85,15.95,1057323
2023-10-05,16.1,16.1,16.15,16.05,16.1,624882
2023-10-06,16.15,16.15,16.15,16.0,16.1,895946
2023-10-11,16.7,16.7,16.7,16.3,16.3,5990214
2023-10-12,16.75,16.75,16.8,16.5,16.6,1758713
2023-10-13,16.65,16.65,16.8,16.6,16.7,1453891
2023-10-16,16.8,16.8,17.05,16.6,16.65,2351212
2023-10-17,16.6,16.6,16.95,16.6,16.85,1841536
2023-10-18,16.3,16.3,16.8,16.25,16.6,8166119
2023-10-19,16.05,16.05,16.25,15.95,16.25,2586368
2023-10-20,16.1,16.1,16.1,15.8,16.0,1449129
2023-10-23,15.95,15.95,16.25,15.9,16.2,751232
2023-10-24,16.0,16.0,16.1,15.95,15.95,690790
2023-10-25,15.95,15.95,16.1,15.9,16.0,714419
2023-10-26,15.95,15.95,16.0,15.85,15.9,704455
2023-10-27,16.0,16.0,16.1,15.95,16.05,491201
2023-10-30,16.5,16.5,16.7,16.05,16.05,3001347
2023-10-31,16.0,16.0,16.55,15.95,16.55,1440318
2023-11-01,16.1,16.1,16.2,16.0,16.1,426327
2023-11-02,16.15,16.15,16.25,15.8,16.15,942051
2023-11-03,16.1,16.1,16.25,16.1,16.2,287268
2023-11-06,16.3,16.3,16.4,16.1,16.1,710659
2023-11-07,16.15,16.15,16.35,16.15,16.35,324151
2023-11-08,16.3,16.3,16.3,16.1,16.15,468073
2023-11-09,16.45,16.45,16.65,16.35,16.5,2069436
2023-11-10,16.45,16.45,16.55,16.4,16.55,786908
2023-11-13,16.25,16.25,16.5,16.1,16.4,1168076
2023-11-14,16.15,16.15,16.3,16.1,16.3,444141
2023-11-15,16.3,16.3,16.3,16.1,16.15,615244
2023-11-16,16.35,16.35,16.35,16.25,16.3,378371
2023-11-17,16.4,16.4,16.5,16.3,16.3,737072
2023-11-20,16.6,16.6,16.6,16.3,16.4,972604
2023-11-21,16.7,16.7,16.95,16.5,16.65,2311991
2023-11-22,16.75,16.75,16.75,16.65,16.75,735560
2023-11-23,16.8,16.8,16.8,16.65,16.75,563645
2023-11-24,16.75,16.75,16.8,16.65,16.8,605228
2023-11-27,16.8,16.8,17.0,16.8,16.9,1751090
2023-11-28,16.9,16.9,17.15,16.85,16.85,2229352
2023-11-29,16.85,16.85,17.05,16.8,17.05,1017826
2023-11-30,16.75,16.75,16.9,16.65,16.85,1057488
2023-12-01,16.95,16.95,16.95,16.75,16.8,1059295
2023-12-04,17.2,17.2,17.7,16.7,17.0,5521873
2023-12-05,17.3,17.3,17.35,17.0,17.2,1486214
2023-12-06,17.35,17.35,17.5,17.2,17.3,1783770
2023-12-07,17.55,17.55,17.7,17.35,17.4,4260190
2023-12-08,17.75,17.75,17.9,17.6,17.6,4150344
2023-12-11,17.95,17.95,18.2,17.75,17.95,5437977
2023-12-12,17.95,17.95,18.15,17.7,18.1,3229024
2023-12-13,18.1,18.1,18.25,17.9,18.05,3824252
2023-12-14,18.05,18.05,18.3,18.05,18.2,3419241
2023-12-15,18.3,18.3,18.55,18.05,18.1,6579611
2023-12-18,18.4,18.4,18.65,18.3,18.6,3959465
2023-12-19,18.3,18.3,18.55,18.05,18.5,3976581
2023-12-20,18.4,18.4,18.5,18.25,18.3,1967566
2023-12-21,17.95,17.95,18.35,17.9,18.25,3206325
2023-12-22,17.7,17.7,18.05,17.7,18.0,2218481
2023-12-25,17.85,17.85,17.95,17.7,17.7,999468
2023-12-26,17.65,17.65,17.8,17.45,17.8,2504070
2023-12-27,17.95,17.95,18.0,17.55,17.65,1896337
2023-12-28,17.8,17.8,18.1,17.75,18.0,1669276
2023-12-29,17.7,17.7,17.9,17.65,17.9,981122
2024-01-02,17.75,17.75,17.85,17.6,17.85,753837
2024-01-03,17.65,17.65,17.8,17.6,17.8,722407
2024-01-04,17.6,17.6,17.75,17.55,17.7,908023
2024-01-05,17.55,17.55,17.7,17.55,17.55,850185
2024-01-08,17.7,17.7,17.9,17.65,17.65,1378388
2024-01-09,17.5,17.5,17.85,17.5,17.8,987458
2024-01-10,17.2,17.2,17.55,17.15,17.5,2185486
2024-01-11,17.2,17.2,17.3,17.1,17.15,767837
2024-01-12,17.15,17.15,17.25,17.1,17.25,669810
2024-01-15,17.25,17.25,17.4,17.25,17.25,791067
2024-01-16,16.95,16.95,17.2,16.8,17.2,2308681
2024-01-17,16.55,16.55,16.9,16.5,16.9,3061930
2024-01-18,16.55,16.55,16.75,16.5,16.6,682061
2024-01-19,16.8,16.8,16.8,16.6,16.65,994202
2024-01-22,16.65,16.65,16.9,16.65,16.9,1365027
2024-01-23,16.75,16.75,16.9,16.6,16.65,1222557
2024-01-24,16.85,16.85,17.0,16.75,16.8,904114
2024-01-25,17.0,17.0,17.05,16.85,16.95,680368
2024-01-26,16.85,16.85,17.0,16.8,16.95,687386
2024-01-29,17.1,17.1,17.2,16.85,16.85,1583340
2024-01-30,17.0,17.0,17.15,16.95,16.95,684379
2024-01-31,16.9,16.9,17.0,16.85,17.0,347371
2024-02-01,17.0,17.0,17.0,16.9,16.9,660810
2024-02-02,17.0,17.0,17.05,16.9,17.0,653501
2024-02-05,17.0,17.0,17.05,16.85,17.05,915293
2024-02-15,16.8,16.8,17.0,16.6,16.95,1556923
2024-02-16,17.25,17.25,17.35,16.85,16.85,1822930
2024-02-19,17.55,17.55,17.65,17.3,17.3,1617675
2024-02-20,17.35,17.35,17.7,17.35,17.65,1399585
2024-02-21,17.25,17.25,17.45,17.2,17.35,1408448
2024-02-22,17.3,17.3,17.35,17.2,17.3,984327
2024-02-23,17.15,17.15,17.3,17.05,17.3,1802084
2024-02-26,17.15,17.15,17.3,17.15,17.15,1001317
2024-02-27,17.0,17.0,17.2,16.95,17.15,1423239
2024-02-29,17.05,17.05,17.15,17.0,17.05,1165764
2024-03-01,17.0,17.0,17.15,16.95,17.15,1047082
2024-03-04,16.95,16.95,17.1,16.95,17.0,1588774
2024-03-05,17.0,17.0,17.15,16.95,16.95,1587390
2024-03-06,18.25,18.25,18.7,17.45,17.5,21740253
2024-03-07,18.8,18.8,18.9,17.85,18.6,18273072
2024-03-08,18.15,18.15,18.85,17.95,18.85,9268326
2024-03-11,18.1,18.1,18.45,18.05,18.1,3401206
2024-03-12,17.8,17.8,18.05,17.7,18.05,4281125
2024-03-13,17.75,17.75,18.0,17.6,17.95,3696538
2024-03-14,17.85,17.85,17.9,17.65,17.75,1450667
2024-03-15,17.8,17.8,18.3,17.7,18.15,4558436
2024-03-18,17.8,17.8,17.85,17.65,17.85,2113296
2024-03-19,17.85,17.85,18.0,17.8,17.8,1550734
2024-03-20,18.1,18.1,18.3,17.8,17.85,2954629
2024-03-21,18.2,18.2,18.35,18.05,18.1,3948800
2024-03-22,18.25,18.25,18.35,18.15,18.25,2865668
2024-03-25,18.25,18.25,18.45,18.25,18.3,3389041
2024-03-26,18.0,18.0,18.3,17.95,18.25,2532237
2024-03-27,18.4,18.4,18.5,18.1,18.1,5030353
2024-03-28,18.75,18.75,19.0,18.5,18.5,10934623
2024-03-29,18.65,18.65,18.85,18.55,18.8,4072220
2024-04-01,18.85,18.85,19.0,18.65,18.7,3265508
2024-04-02,18.75,18.75,19.0,18.75,18.85,3075119
2024-04-03,18.8,18.8,18.9,18.65,18.8,2236929
2024-04-08,20.0,20.0,20.3,18.95,19.0,15407043
2024-04-09,20.1,20.1,20.15,19.65,20.1,6292277
2024-04-10,20.05,20.05,20.4,19.95,20.2,4743938
2024-04-11,19.7,19.7,20.05,19.65,20.05,4085214
2024-04-12,19.35,19.35,19.8,19.2,19.8,5717267
2024-04-15,19.0,19.0,19.25,18.9,19.25,4601614
2024-04-16,18.0,18.0,19.0,18.0,19.0,8482595
2024-04-17,18.3,18.3,18.4,18.1,18.3,2693479
2024-04-18,19.1,19.1,19.1,18.2,18.45,6397197
2024-04-19,19.45,19.45,19.7,18.65,19.15,10374027
2024-04-22,19.75,19.75,20.5,19.35,19.85,15397368
2024-04-23,20.0,20.0,20.1,19.55,19.8,4513477
2024-04-24,20.6,20.6,20.95,20.05,20.35,13877762
2024-04-25,20.3,20.3,20.8,20.2,20.5,6282973
2024-04-26,20.3,20.3,20.6,19.95,20.25,4880010
2024-04-29,20.85,20.85,21.15,20.1,20.45,10213693
2024-04-30,20.9,20.9,21.1,20.5,21.0,5930252
2024-05-02,21.1,21.1,21.3,20.7,21.05,8469758
2024-05-03,20.7,20.7,21.3,20.7,21.3,8301856
2024-05-06,20.25,20.25,21.2,20.2,21.05,8066889
2024-05-07,19.65,19.65,20.55,19.45,20.35,12236213
2024-05-08,19.55,19.55,19.7,19.15,19.7,4191596
2024-05-09,19.35,19.35,19.7,19.35,19.6,2244729
2024-05-10,19.8,19.8,19.8,19.25,19.45,2991064
2024-05-13,19.55,19.55,19.85,19.4,19.8,3077906
2024-05-14,19.5,19.5,19.65,19.4,19.45,2361618
2024-05-15,19.5,19.5,19.75,19.45,19.7,3407659
2024-05-16,19.6,19.6,19.7,19.4,19.55,3460549
2024-05-17,19.95,19.95,20.3,19.65,19.65,4706369
2024-05-20,20.05,20.05,20.15,19.75,20.05,3181050
2024-05-21,19.65,19.65,20.05,19.55,20.05,2977451
2024-05-22,19.55,19.55,19.7,19.5,19.6,2075836
2024-05-23,19.15,19.15,19.6,19.15,19.55,4360022
2024-05-24,19.2,19.2,19.3,18.9,19.25,2391452
2024-05-27,19.55,19.55,19.6,19.2,19.3,2219749
2024-05-28,20.15,20.15,20.25,19.6,19.65,7264256
2024-05-29,20.05,20.05,20.5,20.05,20.25,8782628
2024-05-30,19.75,19.75,20.45,19.65,20.15,5594428
2024-05-31,20.0,20.0,20.3,19.85,19.9,3433984
2024-06-03,20.1,20.1,20.25,19.9,20.25,2846809
2024-06-04,19.8,19.8,20.1,19.7,20.1,2621456
2024-06-05,19.8,19.8,19.9,19.65,19.9,1647711
2024-06-06,19.75,19.75,19.9,19.6,19.9,1786298
2024-06-07,20.8,20.8,20.95,19.85,19.85,12502457
2024-06-11,20.4,20.4,20.8,20.25,20.8,5054093
2024-06-12,20.7,20.7,21.25,20.2,20.95,10001501
2024-06-13,20.7,20.7,21.0,20.55,20.95,4466496
2024-06-14,21.0,21.0,21.4,20.75,20.9,7563382
2024-06-17,20.5,20.5,21.3,20.4,21.25,6258700
2024-06-18,20.7,20.7,20.85,20.45,20.7,3544379
2024-06-19,21.8,21.8,21.8,20.6,20.8,13098176
2024-06-20,20.9,20.9,21.75,20.75,21.75,15223836
2024-06-21,21.25,21.25,21.45,20.8,20.9,6122090
2024-06-24,20.75,20.75,21.15,20.7,21.1,3411445
2024-06-25,20.75,20.75,20.85,20.4,20.75,3106436
2024-06-26,20.6,20.6,20.9,20.55,20.65,1979931
2024-06-27,20.35,20.35,20.5,20.25,20.45,2818122
2024-06-28,20.5,20.5,20.6,20.35,20.4,1725129
2024-07-01,20.6,20.6,20.8,20.55,20.6,1925468
2024-07-02,21.1,21.1,21.2,20.3,20.65,5776126
2024-07-03,21.05,21.05,21.3,20.9,21.2,3660905
2024-07-04,21.7,21.7,21.85,21.25,21.25,10200183
2024-07-05,21.65,21.65,21.85,21.45,21.65,4554879
2024-07-08,21.8,21.8,22.25,21.75,21.85,8045883
2024-07-09,21.8,21.8,22.3,21.45,22.25,8356390
2024-07-10,21.9,21.9,22.1,21.85,22.0,4113738
2024-07-11,22.75,22.75,23.25,22.1,22.35,18844415
2024-07-12,22.45,22.45,22.8,22.25,22.65,7218926
2024-07-15,22.15,22.15,22.55,21.95,22.55,5746099
2024-07-16,21.9,21.9,22.35,21.85,22.1,7297652
2024-07-17,22.05,22.05,22.45,22.05,22.1,11248833
2024-07-18,20.9,20.9,21.25,20.05,20.95,11215256
2024-07-19,20.25,20.25,20.85,20.25,20.8,6245258
2024-07-22,20.0,20.0,20.4,19.7,20.1,5481603
2024-07-23,21.2,21.2,21.3,20.1,20.1,5793965
2024-07-26,21.45,21.45,21.5,20.7,20.8,4178125
2024-07-29,21.75,21.75,22.6,21.7,21.7,8692201
2024-07-30,21.9,21.9,21.9,21.35,21.85,3543645
2024-07-31,22.0,22.0,22.15,21.65,21.8,3683105
2024-08-01,22.45,22.45,22.75,22.0,22.0,7232370
2024-08-02,21.85,21.85,22.3,21.8,22.0,5650281
2024-08-05,19.95,19.95,21.55,19.9,21.55,9957163
2024-08-06,20.15,20.15,21.1,18.55,21.0,11316202
2024-08-07,20.4,20.4,20.95,20.0,20.5,4526344
2024-08-08,20.25,20.25,20.4,20.05,20.25,2541245
2024-08-09,20.6,20.6,21.05,20.45,20.45,5152510
2024-08-12,20.2,20.2,20.8,20.0,20.6,8685704
2024-08-13,20.05,20.05,20.3,20.0,20.1,2954811
2024-08-14,20.15,20.15,20.6,20.05,20.15,3026071
2024-08-15,20.05,20.05,20.2,19.95,20.2,3565247
2024-08-16,20.35,20.35,20.5,20.15,20.3,3450872
2024-08-19,20.2,20.2,20.5,20.2,20.35,2081313
2024-08-20,20.0,20.0,20.3,19.95,20.3,3603710
2024-08-21,19.7,19.7,20.0,19.5,20.0,3476121
2024-08-22,19.85,19.85,20.05,19.8,20.05,2567264
2024-08-23,19.6,19.6,19.8,19.5,19.75,2557024
2024-08-26,19.55,19.55,19.8,19.55,19.6,2166369
2024-08-27,19.85,19.85,19.9,19.55,19.55,1316761
2024-08-28,19.65,19.65,19.85,19.6,19.8,1264208
2024-08-29,19.5,19.5,19.7,19.5,19.65,2077462
2024-08-30,20.95,20.95,21.45,19.6,19.6,18048240
2024-09-02,21.2,21.2,22.35,21.05,21.4,20489443
2024-09-03,21.0,21.0,21.5,20.9,21.3,7176933
2024-09-04,20.35,20.35,20.8,19.65,20.3,6757480
2024-09-05,20.45,20.45,21.05,20.45,20.65,5453103
2024-09-06,20.6,20.6,20.8,20.25,20.65,3349145
2024-09-09,20.15,20.15,20.5,19.95,20.2,5257261
2024-09-10,19.65,19.65,20.5,19.65,20.45,6466375
2024-09-11,19.7,19.7,19.95,19.65,19.8,1825036
2024-09-12,19.85,19.85,19.95,19.6,19.9,3007607
2024-09-13,19.9,19.9,20.25,19.9,19.9,2972916
2024-09-16,20.0,20.0,20.5,19.95,20.0,2641416
2024-09-18,19.9,19.9,20.4,19.9,20.15,2398706
2024-09-19,20.05,20.05,20.4,19.95,20.3,3204748
2024-09-20,19.25,19.25,20.05,19.1,20.0,11835647
2024-09-23,19.15,19.15,19.3,18.85,19.25,4598104
2024-09-24,19.15,19.15,19.45,19.1,19.2,2809642
2024-09-25,19.25,19.25,19.4,19.15,19.25,2270439
2024-09-26,19.1,19.1,19.4,19.1,19.3,1839855
2024-09-27,19.3,19.3,19.35,19.15,19.25,1919887
2024-09-30,19.25,19.25,19.35,19.2,19.3,1271429
2024-10-01,19.05,19.05,19.25,19.05,19.25,1992665
2024-10-04,18.95,18.95,19.1,18.95,19.1,2369958
2024-10-07,19.55,19.55,19.55,19.05,19.05,3689549
2024-10-08,19.15,19.15,19.45,19.1,19.45,2003384
2024-10-09,18.95,18.95,19.2,18.9,19.15,3086182
2024-10-11,18.7,18.7,19.0,18.65,18.95,3527827
2024-10-14,18.75,18.75,18.85,18.6,18.65,1478440
2024-10-15,18.8,18.8,18.9,18.7,18.9,1089240
2024-10-16,18.9,18.9,18.9,18.5,18.75,5950219
2024-10-17,18.85,18.85,18.95,18.75,18.9,1273830
2024-10-18,18.8,18.8,19.1,18.75,18.95,1304404
2024-10-21,18.9,18.9,18.95,18.75,18.85,1236800
2024-10-22,18.75,18.75,18.9,18.7,18.9,960363
2024-10-23,18.85,18.85,19.0,18.75,18.85,1454726
2024-10-24,18.7,18.7,18.85,18.65,18.85,1257285
2024-10-25,18.6,18.6,18.75,18.6,18.7,1277628
2024-10-28,18.65,18.65,18.75,18.5,18.6,1045107
2024-10-29,18.35,18.35,18.65,18.3,18.65,2388148
2024-10-30,18.35,18.35,18.45,18.3,18.45,1125781
2024-11-01,18.5,18.5,18.5,18.1,18.25,1093264
2024-11-04,18.5,18.5,18.6,18.4,18.5,1054760
2024-11-05,18.55,18.55,18.65,18.5,18.6,795091
2024-11-06,18.6,18.6,18.7,18.55,18.55,1067487
2024-11-07,18.75,18.75,18.85,18.6,18.6,1411981
2024-11-08,18.8,18.8,19.0,18.8,18.8,1408307
2024-11-11,18.95,18.95,18.95,18.65,18.85,894565
2024-11-12,18.35,18.35,18.7,18.3,18.7,2589211
2024-11-13,18.2,18.2,18.35,18.05,18.35,1961029
2024-11-14,17.9,17.9,18.2,17.85,18.15,2732310
2024-11-15,18.05,18.05,18.3,17.9,17.9,1407327
2024-11-18,18.0,18.0,18.25,17.95,18.2,1408730
2024-11-19,18.25,18.25,18.45,18.15,18.2,1462198
2024-11-20,18.2,18.2,18.35,18.2,18.35,870772
2024-11-21,18.2,18.2,18.25,18.1,18.2,918741
2024-11-22,18.2,18.2,18.3,18.15,18.25,777373
2024-11-25,18.3,18.3,18.35,18.2,18.3,861614
2024-11-26,18.2,18.2,18.3,18.15,18.3,1009268
2024-11-27,18.05,18.05,18.3,18.0,18.2,888381
2024-11-28,17.9,17.9,18.1,17.85,18.05,1503118
2024-11-29,18.0,18.0,18.0,17.75,17.9,629467
2024-12-02,18.0,18.0,18.15,17.95,18.05,642521
2024-12-03,18.05,18.05,18.15,17.95,18.05,868990
2024-12-04,18.0,18.0,18.1,17.95,18.05,539901
2024-12-05,17.95,17.95,18.1,17.95,18.1,898318
2024-12-06,18.1,18.1,18.15,17.95,18.0,653251
2024-12-09,17.95,17.95,18.1,17.95,18.1,910216
2024-12-10,17.75,17.75,18.05,17.7,17.95,1672825
2024-12-11,17.6,17.6,17.85,17.6,17.75,1544595
2024-12-12,17.3,17.3,17.6,17.2,17.6,2649403
2024-12-13,17.05,17.05,17.3,16.95,17.3,2242119
2024-12-16,16.75,16.75,17.15,16.75,17.0,1992565
2024-12-17,16.75,16.75,17.0,16.75,16.75,953070
2024-12-18,17.05,17.05,18.0,17.05,18.0,3301074
2024-12-19,17.0,17.0,17.05,16.9,16.95,1220173
2024-12-20,16.95,16.95,17.1,16.9,16.95,800116
2024-12-23,17.05,17.05,17.15,16.95,16.95,755062
2024-12-24,17.1,17.1,17.3,17.05,17.1,739855
2024-12-25,17.1,17.1,17.15,17.1,17.15,455681
2024-12-26,17.3,17.3,17.4,17.15,17.15,640853
2024-12-27,17.25,17.25,17.3,17.2,17.3,469736
2024-12-30,17.3,17.3,17.35,17.2,17.25,718457
2024-12-31,17.25,17.25,17.25,17.1,17.25,612945
2025-01-02,17.25,17.25,17.3,17.05,17.15,750694
2025-01-03,17.0,17.0,17.35,17.0,17.35,1029181
2025-01-06,17.05,17.05,17.25,16.95,17.0,806630
2025-01-07,16.9,16.9,17.3,16.9,17.2,935421
2025-01-08,16.95,16.95,16.95,16.8,16.95,721119
2025-01-09,16.8,16.8,17.1,16.7,17.0,1675983
2025-01-10,16.55,16.55,16.75,16.5,16.7,1485859
2025-01-13,16.35,16.35,16.5,16.05,16.5,2226889
2025-01-14,16.65,16.65,16.65,16.4,16.4,781046
2025-01-15,16.8,16.8,16.95,16.65,16.65,837604
2025-01-16,16.65,16.65,16.9,16.65,16.8,756715
2025-01-17,16.9,16.9,16.9,16.65,16.65,764132
2025-01-20,17.0,17.0,17.0,16.8,16.95,602849
2025-01-21,17.05,17.05,17.1,16.9,17.0,480267
2025-01-22,17.2,17.2,17.2,17.0,17.05,866319
2025-02-03,17.5,17.5,17.55,17.05,17.15,1580936
2025-02-04,17.5,17.5,17.7,17.4,17.55,1389679
2025-02-05,17.45,17.45,17.75,17.4,17.6,948598
2025-02-06,17.75,17.75,17.8,17.45,17.5,1175565
2025-02-07,17.8,17.8,18.0,17.7,17.8,1732569
2025-02-10,17.7,17.7,17.8,17.6,17.8,1176684
2025-02-11,17.5,17.5,17.75,17.45,17.7,1019902
2025-02-12,17.4,17.4,17.65,17.4,17.55,948765
2025-02-13,17.7,17.7,17.85,17.5,17.5,1281250
2025-02-14,17.8,17.8,17.85,17.6,17.7,990142
2025-02-17,17.8,17.8,17.9,17.7,17.85,1019833
2025-02-18,17.7,17.7,17.9,17.7,17.9,876219
2025-02-19,17.75,17.75,17.95,17.7,17.75,766301
2025-02-20,17.8,17.8,17.95,17.8,17.8,1170258
2025-02-21,17.95,17.95,17.95,17.75,17.8,900408
2025-02-24,18.05,18.05,18.1,17.9,17.9,1102396
2025-02-25,17.9,17.9,18.1,17.9,18.05,1333232
2025-02-26,17.85,17.85,18.0,17.85,17.95,608992
2025-02-27,17.9,17.9,18.1,17.85,17.9,692579
2025-03-03,18.0,18.0,18.0,17.85,17.9,583137
2025-03-04,17.95,17.95,18.0,17.7,17.95,1005931
2025-03-05,18.0,18.0,18.15,17.95,17.95,1184589
2025-03-06,17.9,17.9,18.1,17.9,18.1,611186
2025-03-07,18.0,18.0,18.0,17.85,17.85,720065
2025-03-10,18.1,18.1,18.2,18.0,18.05,1334462
2025-03-11,18.1,18.1,18.15,17.7,18.0,1429981
2025-03-12,18.15,18.15,18.2,17.9,18.15,1618901
2025-03-13,18.0,18.0,18.35,18.0,18.2,1279086
2025-03-14,18.35,18.35,18.35,18.0,18.0,1356058
2025-03-17,18.45,18.45,18.6,18.4,18.5,3290133
2025-03-18,18.3,18.3,18.55,18.3,18.45,1635675
2025-03-19,18.25,18.25,18.45,18.25,18.3,1040135
2025-03-20,18.3,18.3,18.4,18.25,18.3,654469
2025-03-21,18.2,18.2,18.3,18.2,18.3,635257
2025-03-24,18.2,18.2,18.35,18.15,18.35,573107
2025-03-25,18.05,18.05,18.35,18.05,18.3,1032340
2025-03-26,18.25,18.25,18.25,18.1,18.15,516862
2025-03-27,18.1,18.1,18.2,18.05,18.15,793257
2025-03-28,17.8,17.8,18.15,17.7,18.15,1854705
2025-03-31,17.35,17.35,17.6,17.3,17.6,1948577
2025-04-01,17.5,17.5,17.6,17.4,17.45,1027071
2025-04-02,17.55,17.55,17.65,17.45,17.55,806567
2025-04-07,15.8,15.8,15.8,15.8,15.8,1469537
2025-04-08,15.45,15.45,15.55,15.0,15.2,4664096
2025-04-09,14.35,14.35,15.45,14.35,15.45,5777408
2025-04-10,15.75,15.75,15.75,15.55,15.75,3159001
2025-04-11,15.45,15.45,15.6,14.95,15.6,2914603
2025-04-14,15.65,15.65,15.85,15.5,15.5,1749225
2025-04-15,16.05,16.05,16.15,15.65,15.65,1104155
2025-04-16,15.9,15.9,16.2,15.9,16.0,857360
2025-04-17,15.9,15.9,16.0,15.75,15.9,707119
2025-04-18,15.8,15.8,15.95,15.75,15.85,1421538
2025-04-21,15.5,15.5,15.9,15.45,15.9,1179724
2025-04-22,15.45,15.45,15.55,15.25,15.4,604323
2025-04-23,15.75,15.75,15.85,15.6,15.6,554872
2025-04-24,15.8,15.8,15.85,15.7,15.75,521334
2025-04-25,15.85,15.85,16.0,15.85,15.95,794057
2025-04-28,16.05,16.05,16.1,15.85,15.95,1421249
2025-04-29,16.2,16.2,16.25,16.05,16.05,813918
2025-04-30,16.1,16.1,16.3,16.1,16.2,530276
2025-05-02,16.35,16.35,16.35,16.1,16.15,545646
2025-05-05,16.15,16.15,16.65,16.0,16.4,1679127
2025-05-06,16.25,16.25,16.3,16.1,16.1,435790
2025-05-07,16.3,16.3,16.45,16.25,16.3,513339
2025-05-08,16.5,16.5,16.7,16.4,16.4,981884
2025-05-09,16.45,16.45,16.6,16.4,16.5,498589
2025-05-12,16.5,16.5,16.6,16.45,16.45,577158
2025-05-13,16.6,16.6,16.75,16.55,16.75,635580
2025-05-14,16.55,16.55,16.7,16.4,16.6,1334252
2025-05-15,16.35,16.35,16.5,16.35,16.5,901232
2025-05-16,16.5,16.5,16.5,16.35,16.4,515696
2025-05-19,16.35,16.35,16.5,16.35,16.45,528714
2025-05-20,16.45,16.45,16.5,16.4,16.4,309640
2025-05-21,16.6,16.6,16.7,16.5,16.5,672263
2025-05-22,16.5,16.5,16.55,16.45,16.55,507271
2025-05-23,16.5,16.5,16.55,16.45,16.5,258689
2025-05-26,16.65,16.65,16.7,16.45,16.5,581454
2025-05-27,16.45,16.45,16.75,16.45,16.6,528170
2025-05-28,16.4,16.4,16.6,16.4,16.5,438247
2025-05-29,16.3,16.3,16.5,16.3,16.4,463613
2025-06-02,16.0,16.0,16.3,15.95,16.3,1036811
2025-06-03,16.0,16.0,16.1,15.95,16.05,516034
2025-06-04,16.15,16.15,16.35,16.0,16.0,581586
2025-06-05,16.2,16.2,16.3,16.15,16.2,389478
2025-06-06,16.15,16.15,16.25,16.1,16.1,383237
2025-06-09,16.0,16.0,16.2,15.9,16.2,654455
2025-06-10,16.05,16.05,16.2,16.0,16.0,560000
2025-06-11,15.75,15.75,16.0,15.7,16.0,2118591
2025-06-12,15.85,15.85,15.95,15.8,15.8,601930
2025-06-13,15.65,15.65,15.85,15.6,15.8,990755
2025-06-16,15.6,15.6,15.6,15.3,15.55,1292211
2025-06-17,15.65,15.65,15.8,15.6,15.7,648023
2025-06-18,15.8,15.8,15.9,15.65,15.7,719677
2025-06-19,15.8,15.8,15.85,15.65,15.8,732926
2025-06-20,15.75,15.75,15.8,15.45,15.8,1139249
2025-06-23,15.5,15.5,15.6,15.3,15.45,835388
2025-06-24,15.8,15.8,15.85,15.5,15.5,758513
2025-06-25,15.7,15.7,15.8,15.65,15.8,536857
2025-06-26,15.85,15.85,15.95,15.7,15.7,1201398
2025-06-27,16.0,16.0,16.05,15.9,15.95,871496
2025-06-30,15.75,15.75,16.05,15.75,16.05,571056
2025-07-01,15.75,15.75,15.9,15.75,15.75,547211
2025-07-02,15.9,15.9,15.95,15.8,15.95,445824
2025-07-03,16.0,16.0,16.05,15.8,16.0,705172
2025-07-04,15.8,15.8,16.05,15.8,16.0,610179
2025-07-07,15.75,15.75,15.85,15.65,15.85,422243
2025-07-08,15.6,15.6,15.75,15.55,15.75,745801
2025-07-09,15.6,15.6,15.7,15.55,15.65,440461
2025-07-10,15.6,15.6,15.65,15.55,15.6,487946
2025-07-11,15.65,15.65,15.8,15.55,15.6,607880
2025-07-14,15.65,15.65,15.75,15.55,15.65,498289
2025-07-15,15.65,15.65,15.8,15.6,15.65,401164
2025-07-16,15.75,15.75,15.8,15.6,15.65,681070
2025-07-17,15.8,15.8,15.9,15.75,15.75,425705
2025-07-18,15.8,15.8,15.95,15.75,15.8,559623
2025-07-21,15.75,15.75,15.95,15.7,15.9,640597
2025-07-22,15.7,15.7,15.85,15.65,15.8,619982
2025-07-23,15.9,15.9,15.9,15.7,15.8,943292
2025-07-24,15.85,15.85,15.95,15.75,15.9,570670
2025-07-25,15.9,15.9,15.95,15.8,15.8,692304
2025-07-28,15.75,15.75,15.9,15.75,15.9,559671
2025-07-29,15.65,15.65,15.8,15.6,15.75,938621
2025-07-30,15.7,15.7,15.8,15.6,15.65,638680
2025-07-31,15.55,15.55,15.7,15.5,15.7,1396412
2025-08-01,15.4,15.4,15.55,15.25,15.45,1152702
2025-08-04,15.4,15.4,15.45,15.25,15.4,1007695
2025-08-05,15.6,15.6,15.6,15.4,15.5,494415
2025-08-06,15.6,15.6,15.65,15.5,15.5,390483
2025-08-07,15.55,15.55,15.65,15.5,15.65,423522
2025-08-08,15.45,15.45,15.55,15.45,15.5,740507
2025-08-11,15.35,15.35,15.5,15.3,15.35,1255536
2025-08-12,15.35,15.35,15.45,15.3,15.35,929763
2025-08-13,15.65,15.65,15.85,15.4,15.4,1629589
2025-08-14,15.8,15.8,16.0,15.7,15.75,1943847
2025-08-15,15.8,15.8,15.9,15.6,15.9,1573415
2025-08-18,16.1,16.1,16.25,15.9,15.9,2632051
2025-08-19,16.05,16.05,16.25,16.0,16.2,1784896
2025-08-20,15.9,15.9,16.1,15.85,16.0,1506735
2025-08-21,15.95,15.95,16.1,15.7,15.95,1770660
2025-08-22,15.8,15.8,15.95,15.8,15.9,1504740
2025-08-25,15.75,15.75,15.9,15.7,15.85,1964614
2025-08-26,15.7,15.7,15.75,15.65,15.7,1262435
2025-08-27,15.75,15.75,15.8,15.65,15.7,1263410
2025-08-28,15.85,15.85,15.9,15.7,15.8,1949043
2025-08-29,15.8,15.8,16.1,15.75,15.95,4541634
2025-09-01,14.45,14.45,14.55,14.35,14.45,3893279
2025-09-02,14.35,14.35,14.5,14.3,14.5,1259326
2025-09-03,14.4,14.4,14.4,14.2,14.35,1244199
2025-09-04,14.6,14.6,14.6,14.25,14.4,1939583
2025-09-05,14.55,14.55,14.7,14.4,14.7,1239756
2025-09-08,14.45,14.45,14.55,14.3,14.55,1302388
2025-09-09,14.4,14.4,14.45,14.25,14.45,1749199
2025-09-10,14.25,14.25,14.4,14.15,14.4,1590619
2025-09-11,14.1,14.1,14.25,14.0,14.2,2455766
2025-09-12,14.05,14.05,14.1,13.9,14.1,1516497
2025-09-15,13.85,13.85,14.05,13.85,14.05,1318205
2025-09-16,13.9,13.9,13.95,13.8,13.85,1210650
2025-09-17,13.9,13.9,14.05,13.9,13.95,840600
2025-09-18,14.05,14.05,14.05,13.9,13.9,752641
2025-09-19,14.0,14.0,14.0,13.9,14.0,888949
2025-09-22,14.05,14.05,14.1,13.95,14.0,592438
2025-09-23,14.05,14.05,14.15,14.0,14.15,909925
2025-09-24,14.05,14.05,14.2,14.0,14.1,777699
2025-09-25,14.1,14.1,14.25,14.05,14.05,623221
2025-09-26,14.0,14.0,14.1,13.9,14.1,997263
2025-09-30,14.15,14.15,14.15,13.95,14.05,797778
2025-10-01,14.1,14.1,14.25,14.05,14.1,555285
2025-10-02,14.05,14.05,14.2,14.05,14.1,422810
2025-10-03,14.0,14.0,14.05,13.9,14.05,987737
2025-10-07,13.8,13.8,14.0,13.75,14.0,1809635
2025-10-08,13.65,13.65,13.8,13.6,13.7,1581747
2025-10-09,13.75,13.75,13.8,13.6,13.6,1900230
2025-10-13,13.55,13.55,13.55,13.25,13.35,1433402
2025-10-14,13.35,13.35,13.65,13.3,13.6,1316356
2025-10-15,13.2,13.2,13.45,13.2,13.35,7899017
2025-10-16,13.7,13.7,13.8,13.3,13.35,1477343
2025-10-17,13.8,13.8,13.95,13.7,13.7,1230332
2025-10-20,13.6,13.6,13.85,13.6,13.8,998430
2025-10-21,13.6,13.6,13.7,13.6,13.65,819755
2025-10-22,13.8,13.8,13.8,13.6,13.6,944555
2025-10-23,13.65,13.65,13.8,13.65,13.8,624003
2025-10-27,13.65,13.65,13.75,13.55,13.75,928711
2025-10-28,13.45,13.45,13.65,13.45,13.65,834666
2025-10-29,13.45,13.45,13.5,13.35,13.45,842403
2025-10-30,13.25,13.25,13.55,13.15,13.5,1443017
2025-10-31,13.25,13.25,13.35,13.25,13.25,605331
2025-11-03,13.05,13.05,13.2,13.0,13.15,1480359
2025-11-04,13.0,13.0,13.3,12.95,13.05,1379187
2025-11-05,13.0,13.0,13.0,12.7,12.8,1109828
2025-11-06,13.2,13.2,13.25,13.0,13.0,718881
2025-11-07,13.2,13.2,13.35,13.1,13.2,479403
2025-11-10,13.15,13.15,13.2,13.1,13.2,393857
2025-11-11,13.25,13.25,13.4,13.2,13.25,709709
2025-11-12,13.55,13.55,13.6,13.3,13.3,920657
2025-11-13,13.45,13.45,13.6,13.4,13.6,979145
2025-11-14,13.2,13.2,13.45,13.2,13.3,1781130
2025-11-17,13.35,13.35,13.4,13.25,13.35,959916
2025-11-18,13.0,13.0,13.35,13.0,13.35,1139995
2025-11-19,12.95,12.95,13.1,12.9,13.0,684592
2025-11-20,13.0,13.0,13.15,12.95,13.0,580857
2025-11-21,13.1,13.1,13.25,13.0,13.0,1011347
2025-11-24,13.3,13.3,13.4,13.2,13.2,741467
2025-11-25,13.45,13.45,13.45,13.35,13.4,695482
2025-11-26,13.5,13.5,13.65,13.45,13.5,831680
2025-11-27,13.6,13.6,13.6,13.5,13.5,437694
2025-11-28,13.6,13.6,13.7,13.55,13.65,564496
2025-12-01,13.8,13.8,13.85,13.7,13.7,741552
2025-12-02,14.0,14.0,14.15,13.85,13.85,1519472
2025-12-03,13.9,13.9,14.05,13.85,14.05,935155
2025-12-04,13.95,13.95,14.0,13.85,14.0,660392
2025-12-05,13.9,13.9,13.9,13.75,13.9,584435
2025-12-08,13.75,13.75,13.9,13.7,13.9,518921
2025-12-09,13.9,13.9,13.9,13.7,13.75,315696
2025-12-10,13.85,13.85,13.9,13.75,13.85,427666
2025-12-11,14.05,14.05,14.05,13.9,13.95,1084086
2025-12-12,14.1,14.1,14.3,14.05,14.05,1276193
2025-12-15,14.25,14.25,14.25,14.0,14.1,690351
2025-12-16,14.1,14.1,14.25,14.0,14.25,670489
2025-12-17,14.15,14.15,14.35,14.05,14.05,1133291
2025-12-18,14.25,14.25,14.4,14.15,14.15,775760
2025-12-19,14.3,14.3,14.3,14.15,14.3,537529
2025-12-22,14.4,14.4,14.4,14.2,14.35,502278
2025-12-23,14.4,14.4,14.4,14.3,14.35,457148
2025-12-24,14.25,14.25,14.45,14.25,14.3,487816
2025-12-26,14.25,14.25,14.3,14.15,14.25,388076
2025-12-29,14.2,14.2,14.3,14.15,14.15,592517
2025-12-30,14.3,14.3,14.3,14.15,14.15,432970
2025-12-31,14.2,14.2,14.35,14.2,14.3,809208
2026-01-02,14.35,14.35,14.35,14.2,14.2,684866
2026-01-05,13.95,13.95,14.35,13.9,14.35,1297095
2026-01-06,14.2,14.2,14.2,13.95,13.95,608124
2026-01-07,14.35,14.35,14.5,14.2,14.2,1574368
2026-01-08,14.3,14.3,14.55,14.3,14.45,1166361
2026-01-09,14.25,14.25,14.45,14.1,14.4,834259
2026-01-12,14.2,14.2,14.25,14.0,14.25,949241
2026-01-13,14.1,14.1,14.3,14.0,14.3,921305
2026-01-14,14.1,14.1,14.3,14.05,14.2,990159
2026-01-15,14.1,14.1,14.2,14.0,14.2,1012831
2026-01-16,13.95,13.95,14.15,13.95,14.1,1227165
2026-01-19,14.05,14.05,14.1,13.85,13.95,1280043
2026-01-20,14.0,14.0,14.1,13.95,14.05,709931
2026-01-21,13.85,13.85,14.05,13.8,14.05,1203188
2026-01-22,13.85,13.85,14.0,13.8,13.95,747764
2026-01-23,14.0,14.0,14.15,13.95,13.95,1049003
2026-01-26,14.2,14.2,14.3,14.1,14.1,1271746
2026-01-27,13.9,13.9,14.25,13.9,14.2,1312395
2026-01-28,13.75,13.75,13.95,13.75,13.95,1289727
2026-01-29,13.65,13.65,13.9,13.6,13.9,775925
2026-01-30,13.5,13.5,13.65,13.45,13.65,770945
2026-02-02,13.3,13.3,13.5,13.3,13.5,837276
2026-02-03,13.35,13.35,13.5,13.25,13.4,580648
2026-02-04,13.45,13.45,13.5,13.35,13.35,465410
2026-02-05,13.6,13.6,13.65,13.45,13.45,742186
2026-02-06,13.4,13.4,13.5,13.3,13.5,559621
2026-02-09,13.4,13.4,13.55,13.35,13.45,590677
2026-02-10,13.3,13.3,13.4,13.3,13.35,819647
2026-02-11,13.5,13.5,13.5,13.3,13.35,717603
2026-02-23,13.6,13.6,13.6,13.45,13.6,976103
2026-02-24,13.75,13.75,13.85,13.55,13.6,1212109
2026-02-25,13.7,13.7,13.8,13.6,13.8,1057012
2026-02-26,13.65,13.65,13.75,13.6,13.7,821274
2026-03-02,13.65,13.65,13.65,13.5,13.55,908118
2026-03-03,13.5,13.5,13.6,13.45,13.55,609858
2026-03-04,13.1,13.1,13.5,13.05,13.5,1361821
2026-03-05,13.2,13.2,13.3,13.0,13.3,764714
2026-03-06,13.75,13.75,13.85,13.15,13.15,1701960
2026-03-09,13.4,13.4,14.35,13.35,13.9,3685605
2026-03-10,13.35,13.35,13.55,13.3,13.35,800911
2026-03-11,13.3,13.3,13.4,13.25,13.4,1073376
2026-03-12,13.25,13.25,13.4,13.2,13.3,813268
2026-03-13,13.25,13.25,13.55,13.15,13.3,1142137
2026-03-16,13.45,13.45,13.65,13.25,13.25,1737492
2026-03-17,13.4,13.4,13.6,13.35,13.5,1015032
2026-03-18,13.35,13.35,13.5,13.35,13.5,828040
2026-03-19,13.4,13.4,13.7,13.3,13.4,2315212
2026-03-20,13.4,13.4,13.65,13.4,13.6,1408457
2026-03-23,13.35,13.35,13.6,13.35,13.55,2514742
2026-03-24,13.25,13.25,13.5,13.2,13.5,1333773
2026-03-25,13.45,13.45,13.45,13.3,13.4,1200398
2026-03-26,13.75,13.75,13.9,13.5,13.5,3182558
2026-03-27,13.8,13.8,14.0,13.75,13.95,2335637
2026-03-30,13.95,13.95,14.15,13.9,14.0,3632229
2026-03-31,13.65,13.65,14.05,13.65,14.0,2412121
2026-04-01,13.7,13.7,13.75,13.65,13.7,700924
2026-04-02,13.6,13.6,13.85,13.55,13.85,944509
2026-04-07,13.55,13.55,13.7,13.5,13.7,771475
2026-04-08,13.5,13.5,13.6,13.45,13.6,1326823
2026-04-09,13.5,13.5,13.6,13.45,13.5,833651
2026-04-10,13.5,13.5,13.55,13.45,13.5,619467
2026-04-13,13.8,13.8,13.8,13.55,13.55,1602763
2026-04-14,14.05,14.05,14.2,13.7,13.9,2355904
2026-04-15,13.85,13.85,14.1,13.8,14.1,1152516
2026-04-16,13.8,13.8,13.9,13.75,13.85,931413
2026-04-17,13.7,13.7,13.85,13.65,13.8,731643
2026-04-20,13.65,13.65,13.7,13.55,13.7,1340904
2026-04-21,13.65,13.65,13.75,13.55,13.7,979679
2026-04-22,13.55,13.55,13.65,13.5,13.65,916597
2026-04-23,13.3,13.3,13.6,13.2,13.55,2008803
2026-04-24,13.25,13.25,13.4,13.2,13.3,1012975
2026-04-27,13.15,13.15,13.2,13.05,13.2,1462928
2026-04-28,13.3,13.3,13.35,13.15,13.15,678184
2026-04-29,13.3,13.3,13.35,13.2,13.25,431271
2026-04-30,13.2,13.2,13.3,13.15,13.3,666285
2026-05-04,13.2,13.2,13.3,13.15,13.3,841203
2026-05-05,13.15,13.15,13.2,13.1,13.2,838916
2026-05-06,13.1,13.1,13.25,13.1,13.15,1237074
2026-05-07,13.15,13.15,13.25,13.05,13.15,1638711
2026-05-08,13.15,13.15,13.3,13.1,13.25,881077
2026-05-11,13.35,13.35,13.35,13.15,13.3,1525703
2026-05-12,13.15,13.15,13.35,13.15,13.35,765684
2026-05-13,13.1,13.1,13.2,13.1,13.15,676488
2026-05-14,13.05,13.05,13.15,13.05,13.1,993598
2026-05-15,13.3,13.3,13.3,13.1,13.15,1424297
2026-05-18,13.6,13.6,13.65,13.15,13.35,2620966
2026-05-19,13.8,13.8,13.95,13.6,13.6,2329374
2026-05-20,13.8,13.8,13.85,13.65,13.85,1107111
2026-05-21,13.8,13.8,13.9,13.75,13.8,1668113
2026-05-22,14.05,14.05,14.1,13.8,13.8,2840885
2026-05-25,14.05,14.05,14.15,13.65,14.15,2457610
2026-05-26,13.65,13.65,14.0,13.65,14.0,1589269
2026-05-27,13.8,13.8,13.85,13.65,13.7,1302618
2026-05-28,13.85,13.85,13.85,13.65,13.85,1085621
2026-05-29,14.05,14.05,14.1,13.8,13.8,2295134
2026-06-01,14.25,14.25,14.5,14.15,14.15,2864513
2026-06-02,14.45,14.45,14.55,14.2,14.3,2404945
2026-06-03,14.95,14.95,15.0,14.4,14.6,5039568
2026-06-04,15.0,15.0,15.15,14.8,15.0,3603533
2026-06-05,14.95,14.95,15.15,14.7,15.15,2097518
2026-06-08,14.95,14.95,15.1,14.25,14.5,2361806
2026-06-09,15.1,15.1,15.35,15.0,15.0,2632348
2026-06-10,15.3,15.3,15.55,15.1,15.1,2674167
2026-06-11,15.85,15.85,16.0,15.3,15.45,6458905
2026-06-12,16.1,16.1,16.35,15.9,16.0,5943475
2026-06-15,16.15,16.15,16.5,16.05,16.45,3909987
2026-06-16,15.95,15.95,16.4,15.9,16.3,2835446
2026-06-17,15.95,15.95,16.3,15.8,16.05,2306650
2026-06-18,15.85,15.85,16.0,15.7,15.95,2388733
2026-06-22,16.2,16.2,16.2,15.8,15.85,2531071
2026-06-23,16.1,16.1,16.3,15.9,16.2,1580463
2026-06-24,15.95,15.95,16.15,15.85,16.0,1567340
2026-06-25,15.9,15.9,16.15,15.85,16.0,2197418
2026-06-26,15.9,15.9,16.1,15.7,15.85,2427464
2026-06-29,15.9,15.9,16.05,15.75,15.9,1379753
2026-06-30,15.9,15.9,16.0,15.7,15.9,1560495
2026-07-01,15.9,15.9,16.2,15.8,15.95,1537883
2026-07-02,16.35,16.35,16.5,15.85,15.85,2988857
2026-07-03,16.55,16.55,16.6,16.35,16.45,3156857
2026-07-06,16.45,16.45,16.85,16.45,16.7,2426315
2026-07-07,16.15,16.15,16.5,16.1,16.45,1727325
2026-07-08,15.95,15.95,16.3,15.9,16.1,1523025
2026-07-09,15.5,15.5,15.95,15.45,15.95,2780965
2026-07-13,14.75,14.75,15.1,14.7,15.0,1801512
2026-07-14,14.55,14.55,14.8,14.4,14.45,2156360
2026-07-15,14.9,14.9,14.9,14.45,14.6,2263502
2026-07-16,15.2,15.2,15.35,14.7,14.85,1303649
2026-07-17,14.75,14.75,15.05,14.6,15.05,1633780
2026-07-20,14.35,14.35,14.85,14.35,14.75,1512061
2026-07-21,14.55,14.55,14.65,14.3,14.3,692009
2026-07-22,14.55,14.55,14.7,14.5,14.6,963298
2026-07-23,14.7,14.7,14.75,14.55,14.6,825462
2026-07-24,14.6,14.6,14.7,14.55,14.55,746577
2026-07-27,14.45,14.45,14.7,14.4,14.7,497016
2026-07-28,14.2,14.2,14.35,14.05,14.25,1286984
2026-07-29,14.05,14.05,14.35,13.8,14.2,1933486
2026-07-30,14.05,14.05,14.25,14.05,14.25,783538
2026-07-31,14.35,14.35,14.6,14.2,14.45,1551677
2026-08-03,14.15,14.15,14.25,14.05,14.25,525065
2026-08-04,14.05,14.05,14.15,14.0,14.05,658652
2026-08-05,14.2,14.2,14.25,14.15,14.15,565921
2026-08-06,14.45,14.45,14.55,14.1,14.1,723047
2026-08-07,14.45,14.45,14.55,14.4,14.5,408228
2026-08-10,14.4,14.4,14.45,14.2,14.45,741174
2026-08-11,14.3,14.3,14.4,14.2,14.35,542955
2026-08-12,14.5,14.5,14.55,14.4,14.45,771411
2026-08-13,14.5,14.5,14.65,14.5,14.65,544124
2026-08-14,15.5,15.5,15.55,14.9,14.9,5019524
2026-08-17,15.7,15.7,15.8,15.15,15.3,2467936
2026-08-18,15.45,15.45,15.7,15.3,15.6,1195967
2026-08-19,15.3,15.3,15.5,15.3,15.45,833761
2026-08-20,15.35,15.35,15.4,15.25,15.3,460149
2026-08-21,15.3,15.3,15.35,15.2,15.35,709053
2026-08-24,15.2,15.2,15.45,15.15,15.3,588993
2026-08-25,15.15,15.15,15.25,15.05,15.25,494298
2026-08-26,15.1,15.1,15.15,15.0,15.15,827732
2026-08-27,15.1,15.1,15.25,15.05,15.1,647261
2026-08-28,15.05,15.05,15.2,15.05,15.1,594743
2026-08-31,15.05,15.05,15.2,14.95,15.1,748280
