Date,Adj Close,Close,High,Low,Open,Volume
2016-08-12,92.6,92.6,92.6,90.8,92.5,29168
2016-08-15,92.6,92.6,92.6,90.8,92.5,29168
2016-08-16,92.6,92.6,92.6,90.8,92.5,29168
2016-08-17,92.6,92.6,92.6,90.8,92.5,29168
2016-08-18,92.6,92.6,92.6,90.8,92.5,29168
2016-08-19,92.6,92.6,92.6,90.8,92.5,29168
2016-08-22,92.6,92.6,92.6,90.8,92.5,29168
2016-08-23,92.6,92.6,92.6,90.8,92.5,29168
2016-08-24,92.6,92.6,92.6,90.8,92.5,29168
2016-08-25,92.6,92.6,92.6,90.8,92.5,29168
2016-08-26,92.6,92.6,92.6,90.8,92.5,29168
2016-08-29,92.6,92.6,92.6,90.8,92.5,29168
2016-08-30,92.6,92.6,92.6,90.8,92.5,29168
2016-08-31,92.6,92.6,92.6,90.8,92.5,29168
2016-09-01,92.6,92.6,92.6,90.8,92.5,29168
2016-09-02,92.6,92.6,92.6,90.8,92.5,29168
2016-09-05,92.6,92.6,92.6,90.8,92.5,29168
2016-09-06,92.6,92.6,92.6,90.8,92.5,29168
2016-09-07,92.6,92.6,92.6,90.8,92.5,29168
2016-09-08,92.6,92.6,92.6,90.8,92.5,29168
2016-09-09,92.6,92.6,92.6,90.8,92.5,29168
2016-09-12,92.6,92.6,92.6,90.8,92.5,29168
2016-09-13,92.6,92.6,92.6,90.8,92.5,29168
2016-09-14,92.6,92.6,92.6,90.8,92.5,29168
2016-09-15,92.6,92.6,92.6,90.8,92.5,29168
2016-09-16,92.6,92.6,92.6,90.8,92.5,29168
2016-09-19,92.6,92.6,92.6,90.8,92.5,29168
2016-09-20,92.6,92.6,92.6,90.8,92.5,29168
2016-09-21,92.6,92.6,92.6,90.8,92.5,29168
2016-09-22,92.6,92.6,92.6,90.8,92.5,29168
2016-09-23,92.6,92.6,92.6,90.8,92.5,29168
2016-09-26,92.6,92.6,92.6,90.8,92.5,29168
2016-09-27,92.6,92.6,92.6,90.8,92.5,29168
2016-09-28,92.6,92.6,92.6,90.8,92.5,29168
2016-09-29,92.6,92.6,92.6,90.8,92.5,29168
2016-09-30,92.6,92.6,92.6,90.8,92.5,29168
2016-10-03,92.6,92.6,92.6,90.8,92.5,29168
2016-10-04,92.6,92.6,92.6,90.8,92.5,29168
2016-10-05,92.6,92.6,92.6,90.8,92.5,29168
2016-10-06,92.6,92.6,92.6,90.8,92.5,29168
2016-10-07,92.6,92.6,92.6,90.8,92.5,29168
2016-10-10,92.6,92.6,92.6,90.8,92.5,29168
2016-10-11,92.6,92.6,92.6,90.8,92.5,29168
2016-10-12,92.6,92.6,92.6,90.8,92.5,29168
2016-10-13,92.6,92.6,92.6,90.8,92.5,29168
2016-10-14,92.6,92.6,92.6,90.8,92.5,29168
2016-10-17,92.6,92.6,92.6,90.8,92.5,29168
2016-10-18,92.6,92.6,92.6,90.8,92.5,29168
2016-10-19,92.6,92.6,92.6,90.8,92.5,29168
2016-10-20,92.6,92.6,92.6,90.8,92.5,29168
2016-10-21,92.6,92.6,92.6,90.8,92.5,29168
2016-10-24,92.6,92.6,92.6,90.8,92.5,29168
2016-10-25,92.6,92.6,92.6,90.8,92.5,29168
2016-10-26,92.6,92.6,92.6,90.8,92.5,29168
2016-10-27,92.6,92.6,92.6,90.8,92.5,29168
2016-10-28,92.6,92.6,92.6,90.8,92.5,29168
2016-10-31,92.6,92.6,92.6,90.8,92.5,29168
2016-11-01,92.6,92.6,92.6,90.8,92.5,29168
2016-11-02,92.6,92.6,92.6,90.8,92.5,29168
2016-11-03,92.6,92.6,92.6,90.8,92.5,29168
2016-11-04,92.6,92.6,92.6,90.8,92.5,29168
2016-11-07,92.6,92.6,92.6,90.8,92.5,29168
2016-11-08,92.6,92.6,92.6,90.8,92.5,29168
2016-11-09,92.6,92.6,92.6,90.8,92.5,29168
2016-11-10,92.6,92.6,92.6,90.8,92.5,29168
2016-11-11,92.6,92.6,92.6,90.8,92.5,29168
2016-11-14,92.6,92.6,92.6,90.8,92.5,29168
2016-11-15,92.6,92.6,92.6,90.8,92.5,29168
2016-11-16,92.6,92.6,92.6,90.8,92.5,29168
2016-11-17,92.6,92.6,92.6,90.8,92.5,29168
2016-11-18,92.6,92.6,92.6,90.8,92.5,29168
2016-11-21,92.6,92.6,92.6,90.8,92.5,29168
2016-11-22,92.6,92.6,92.6,90.8,92.5,29168
2016-11-23,92.6,92.6,92.6,90.8,92.5,29168
2016-11-24,92.6,92.6,92.6,90.8,92.5,29168
2016-11-25,92.6,92.6,92.6,90.8,92.5,29168
2016-11-28,92.6,92.6,92.6,90.8,92.5,29168
2016-11-29,92.6,92.6,92.6,90.8,92.5,29168
2016-11-30,92.6,92.6,92.6,90.8,92.5,29168
2016-12-01,92.6,92.6,92.6,90.8,92.5,29168
2016-12-02,92.6,92.6,92.6,90.8,92.5,29168
2016-12-05,92.6,92.6,92.6,90.8,92.5,29168
2016-12-06,92.6,92.6,92.6,90.8,92.5,29168
2016-12-07,92.6,92.6,92.6,90.8,92.5,29168
2016-12-08,92.6,92.6,92.6,90.8,92.5,29168
2016-12-09,92.6,92.6,92.6,90.8,92.5,29168
2016-12-12,92.6,92.6,92.6,90.8,92.5,29168
2016-12-13,92.6,92.6,92.6,90.8,92.5,29168
2016-12-14,92.6,92.6,92.6,90.8,92.5,29168
2016-12-15,92.6,92.6,92.6,90.8,92.5,29168
2016-12-16,92.6,92.6,92.6,90.8,92.5,29168
2016-12-19,92.6,92.6,92.6,90.8,92.5,29168
2016-12-20,92.6,92.6,92.6,90.8,92.5,29168
2016-12-21,92.6,92.6,92.6,90.8,92.5,29168
2016-12-22,92.6,92.6,92.6,90.8,92.5,29168
2016-12-23,92.6,92.6,92.6,90.8,92.5,29168
2016-12-26,92.6,92.6,92.6,90.8,92.5,29168
2016-12-27,92.6,92.6,92.6,90.8,92.5,29168
2016-12-28,92.6,92.6,92.6,90.8,92.5,29168
2016-12-29,92.6,92.6,92.6,90.8,92.5,29168
2016-12-30,92.6,92.6,92.6,90.8,92.5,29168
2017-01-02,92.6,92.6,92.6,90.8,92.5,29168
2017-01-03,92.6,92.6,92.6,90.8,92.5,29168
2017-01-04,92.6,92.6,92.6,90.8,92.5,29168
2017-01-05,92.6,92.6,92.6,90.8,92.5,29168
2017-01-06,92.6,92.6,92.6,90.8,92.5,29168
2017-01-09,92.6,92.6,92.6,90.8,92.5,29168
2017-01-10,92.6,92.6,92.6,90.8,92.5,29168
2017-01-11,92.6,92.6,92.6,90.8,92.5,29168
2017-01-12,92.6,92.6,92.6,90.8,92.5,29168
2017-01-13,92.6,92.6,92.6,90.8,92.5,29168
2017-01-16,92.6,92.6,92.6,90.8,92.5,29168
2017-01-17,92.6,92.6,92.6,90.8,92.5,29168
2017-01-18,92.6,92.6,92.6,90.8,92.5,29168
2017-01-19,92.6,92.6,92.6,90.8,92.5,29168
2017-01-20,92.6,92.6,92.6,90.8,92.5,29168
2017-01-23,92.6,92.6,92.6,90.8,92.5,29168
2017-01-24,92.6,92.6,92.6,90.8,92.5,29168
2017-01-25,92.6,92.6,92.6,90.8,92.5,29168
2017-01-26,92.6,92.6,92.6,90.8,92.5,29168
2017-01-27,92.6,92.6,92.6,90.8,92.5,29168
2017-01-30,92.6,92.6,92.6,90.8,92.5,29168
2017-01-31,92.6,92.6,92.6,90.8,92.5,29168
2017-02-01,92.6,92.6,92.6,90.8,92.5,29168
2017-02-02,92.6,92.6,92.6,90.8,92.5,29168
2017-02-03,92.6,92.6,92.6,90.8,92.5,29168
2017-02-06,92.6,92.6,92.6,90.8,92.5,29168
2017-02-07,92.6,92.6,92.6,90.8,92.5,29168
2017-02-08,92.6,92.6,92.6,90.8,92.5,29168
2017-02-09,92.6,92.6,92.6,90.8,92.5,29168
2017-02-10,92.6,92.6,92.6,90.8,92.5,29168
2017-02-13,92.6,92.6,92.6,90.8,92.5,29168
2017-02-14,92.6,92.6,92.6,90.8,92.5,29168
2017-02-15,92.6,92.6,92.6,90.8,92.5,29168
2017-02-16,92.6,92.6,92.6,90.8,92.5,29168
2017-02-17,92.6,92.6,92.6,90.8,92.5,29168
2017-02-20,92.6,92.6,92.6,90.8,92.5,29168
2017-02-21,92.6,92.6,92.6,90.8,92.5,29168
2017-02-22,92.6,92.6,92.6,90.8,92.5,29168
2017-02-23,92.6,92.6,92.6,90.8,92.5,29168
2017-02-24,92.6,92.6,92.6,90.8,92.5,29168
2017-02-27,92.6,92.6,92.6,90.8,92.5,29168
2017-02-28,92.6,92.6,92.6,90.8,92.5,29168
2017-03-01,92.6,92.6,92.6,90.8,92.5,29168
2017-03-02,92.6,92.6,92.6,90.8,92.5,29168
2017-03-03,92.6,92.6,92.6,90.8,92.5,29168
2017-03-06,92.6,92.6,92.6,90.8,92.5,29168
2017-03-07,92.6,92.6,92.6,90.8,92.5,29168
2017-03-08,92.6,92.6,92.6,90.8,92.5,29168
2017-03-09,92.6,92.6,92.6,90.8,92.5,29168
2017-03-10,92.6,92.6,92.6,90.8,92.5,29168
2017-03-13,92.6,92.6,92.6,90.8,92.5,29168
2017-03-14,92.6,92.6,92.6,90.8,92.5,29168
2017-03-15,92.6,92.6,92.6,90.8,92.5,29168
2017-03-16,92.6,92.6,92.6,90.8,92.5,29168
2017-03-17,92.6,92.6,92.6,90.8,92.5,29168
2017-03-20,92.6,92.6,92.6,90.8,92.5,29168
2017-03-21,92.6,92.6,92.6,90.8,92.5,29168
2017-03-22,92.6,92.6,92.6,90.8,92.5,29168
2017-03-23,92.6,92.6,92.6,90.8,92.5,29168
2017-03-24,92.6,92.6,92.6,90.8,92.5,29168
2017-03-27,92.6,92.6,92.6,90.8,92.5,29168
2017-03-28,92.6,92.6,92.6,90.8,92.5,29168
2017-03-29,92.6,92.6,92.6,90.8,92.5,29168
2017-03-30,92.6,92.6,92.6,90.8,92.5,29168
2017-03-31,92.6,92.6,92.6,90.8,92.5,29168
2017-04-03,92.6,92.6,92.6,90.8,92.5,29168
2017-04-04,92.6,92.6,92.6,90.8,92.5,29168
2017-04-05,92.6,92.6,92.6,90.8,92.5,29168
2017-04-06,92.6,92.6,92.6,90.8,92.5,29168
2017-04-07,92.6,92.6,92.6,90.8,92.5,29168
2017-04-10,92.6,92.6,92.6,90.8,92.5,29168
2017-04-11,92.6,92.6,92.6,90.8,92.5,29168
2017-04-12,92.6,92.6,92.6,90.8,92.5,29168
2017-04-13,92.6,92.6,92.6,90.8,92.5,29168
2017-04-14,92.6,92.6,92.6,90.8,92.5,29168
2017-04-17,92.6,92.6,92.6,90.8,92.5,29168
2017-04-18,92.6,92.6,92.6,90.8,92.5,29168
2017-04-19,92.6,92.6,92.6,90.8,92.5,29168
2017-04-21,92.6,92.6,92.6,90.8,92.5,29168
2017-04-24,92.6,92.6,92.6,90.8,92.5,29168
2017-04-25,92.6,92.6,92.6,90.8,92.5,29168
2017-04-26,92.6,92.6,92.6,90.8,92.5,29168
2017-04-27,92.6,92.6,92.6,90.8,92.5,29168
2017-04-28,92.6,92.6,92.6,90.8,92.5,29168
2017-05-01,92.6,92.6,92.6,90.8,92.5,29168
2017-05-02,92.6,92.6,92.6,90.8,92.5,29168
2017-05-03,92.6,92.6,92.6,90.8,92.5,29168
2017-05-04,92.6,92.6,92.6,90.8,92.5,29168
2017-05-05,92.6,92.6,92.6,90.8,92.5,29168
2017-05-08,92.6,92.6,92.6,90.8,92.5,29168
2017-05-09,92.6,92.6,92.6,90.8,92.5,29168
2017-05-10,92.6,92.6,92.6,90.8,92.5,29168
2017-05-11,92.6,92.6,92.6,90.8,92.5,29168
2017-05-12,92.6,92.6,92.6,90.8,92.5,29168
2017-05-15,92.6,92.6,92.6,90.8,92.5,29168
2017-05-16,92.6,92.6,92.6,90.8,92.5,29168
2017-05-17,92.6,92.6,92.6,90.8,92.5,29168
2017-05-18,92.6,92.6,92.6,90.8,92.5,29168
2017-05-19,92.6,92.6,92.6,90.8,92.5,29168
2017-05-22,92.6,92.6,92.6,90.8,92.5,29168
2017-05-23,92.6,92.6,92.6,90.8,92.5,29168
2017-05-24,92.6,92.6,92.6,90.8,92.5,29168
2017-05-25,92.6,92.6,92.6,90.8,92.5,29168
2017-05-26,92.6,92.6,92.6,90.8,92.5,29168
2017-05-29,92.6,92.6,92.6,90.8,92.5,29168
2017-05-30,92.6,92.6,92.6,90.8,92.5,29168
2017-05-31,92.6,92.6,92.6,90.8,92.5,29168
2017-06-01,92.6,92.6,92.6,90.8,92.5,29168
2017-06-02,92.6,92.6,92.6,90.8,92.5,29168
2017-06-05,92.6,92.6,92.6,90.8,92.5,29168
2017-06-06,92.6,92.6,92.6,90.8,92.5,29168
2017-06-07,92.6,92.6,92.6,90.8,92.5,29168
2017-06-08,92.6,92.6,92.6,90.8,92.5,29168
2017-06-09,92.6,92.6,92.6,90.8,92.5,29168
2017-06-12,92.6,92.6,92.6,90.8,92.5,29168
2017-06-13,92.6,92.6,92.6,90.8,92.5,29168
2017-06-14,92.6,92.6,92.6,90.8,92.5,29168
2017-06-15,92.6,92.6,92.6,90.8,92.5,29168
2017-06-16,92.6,92.6,92.6,90.8,92.5,29168
2017-06-19,92.6,92.6,92.6,90.8,92.5,29168
2017-06-20,92.6,92.6,92.6,90.8,92.5,29168
2017-06-21,92.6,92.6,92.6,90.8,92.5,29168
2017-06-22,92.6,92.6,92.6,90.8,92.5,29168
2017-06-23,92.6,92.6,92.6,90.8,92.5,29168
2017-06-26,92.6,92.6,92.6,90.8,92.5,29168
2017-06-27,92.6,92.6,92.6,90.8,92.5,29168
2017-06-28,92.6,92.6,92.6,90.8,92.5,29168
2017-06-29,92.6,92.6,92.6,90.8,92.5,29168
2017-06-30,92.6,92.6,92.6,90.8,92.5,29168
2017-07-03,92.6,92.6,92.6,90.8,92.5,29168
2017-07-04,92.6,92.6,92.6,90.8,92.5,29168
2017-07-05,92.6,92.6,92.6,90.8,92.5,29168
2017-07-06,92.6,92.6,92.6,90.8,92.5,29168
2017-07-07,92.6,92.6,92.6,90.8,92.5,29168
2017-07-10,92.6,92.6,92.6,90.8,92.5,29168
2017-07-11,92.6,92.6,92.6,90.8,92.5,29168
2017-07-12,92.6,92.6,92.6,90.8,92.5,29168
2017-07-13,92.6,92.6,92.6,90.8,92.5,29168
2017-07-14,92.6,92.6,92.6,90.8,92.5,29168
2017-07-17,92.6,92.6,92.6,90.8,92.5,29168
2017-07-18,92.6,92.6,92.6,90.8,92.5,29168
2017-07-19,92.6,92.6,92.6,90.8,92.5,29168
2017-07-20,92.6,92.6,92.6,90.8,92.5,29168
2017-07-21,92.6,92.6,92.6,90.8,92.5,29168
2017-07-24,92.6,92.6,92.6,90.8,92.5,29168
2017-07-25,92.6,92.6,92.6,90.8,92.5,29168
2017-07-26,92.6,92.6,92.6,90.8,92.5,29168
2017-07-27,92.6,92.6,92.6,90.8,92.5,29168
2017-07-28,92.6,92.6,92.6,90.8,92.5,29168
2017-07-31,92.6,92.6,92.6,90.8,92.5,29168
2017-08-01,92.6,92.6,92.6,90.8,92.5,29168
2017-08-02,92.6,92.6,92.6,90.8,92.5,29168
2017-08-03,92.6,92.6,92.6,90.8,92.5,29168
2017-08-04,92.6,92.6,92.6,90.8,92.5,29168
2017-08-07,92.6,92.6,92.6,90.8,92.5,29168
2017-08-08,92.6,92.6,92.6,90.8,92.5,29168
2017-08-09,92.6,92.6,92.6,90.8,92.5,29168
2017-08-10,92.6,92.6,92.6,90.8,92.5,29168
2017-08-11,92.6,92.6,92.6,90.8,92.5,29168
2017-08-14,92.6,92.6,92.6,90.8,92.5,29168
2017-08-15,92.6,92.6,92.6,90.8,92.5,29168
2017-08-16,92.6,92.6,92.6,90.8,92.5,29168
2017-08-17,92.6,92.6,92.6,90.8,92.5,29168
2017-08-18,92.6,92.6,92.6,90.8,92.5,29168
2017-08-21,92.6,92.6,92.6,90.8,92.5,29168
2017-08-22,92.6,92.6,92.6,90.8,92.5,29168
2017-08-23,92.6,92.6,92.6,90.8,92.5,29168
2017-08-24,92.6,92.6,92.6,90.8,92.5,29168
2017-08-25,92.6,92.6,92.6,90.8,92.5,29168
2017-08-28,92.6,92.6,92.6,90.8,92.5,29168
2017-08-29,92.6,92.6,92.6,90.8,92.5,29168
2017-08-30,92.6,92.6,92.6,90.8,92.5,29168
2017-08-31,92.6,92.6,92.6,90.8,92.5,29168
2017-09-01,92.6,92.6,92.6,90.8,92.5,29168
2017-09-04,92.6,92.6,92.6,90.8,92.5,29168
2017-09-05,92.6,92.6,92.6,90.8,92.5,29168
2017-09-06,92.6,92.6,92.6,90.8,92.5,29168
2017-09-07,92.6,92.6,92.6,90.8,92.5,29168
2017-09-08,92.6,92.6,92.6,90.8,92.5,29168
2017-09-11,92.6,92.6,92.6,90.8,92.5,29168
2017-09-12,92.6,92.6,92.6,90.8,92.5,29168
2017-09-13,92.6,92.6,92.6,90.8,92.5,29168
2017-09-14,92.6,92.6,92.6,90.8,92.5,29168
2017-09-15,92.6,92.6,92.6,90.8,92.5,29168
2017-09-18,92.6,92.6,92.6,90.8,92.5,29168
2017-09-19,92.6,92.6,92.6,90.8,92.5,29168
2017-09-20,92.6,92.6,92.6,90.8,92.5,29168
2017-09-21,92.6,92.6,92.6,90.8,92.5,29168
2017-09-22,92.6,92.6,92.6,90.8,92.5,29168
2017-09-25,92.6,92.6,92.6,90.8,92.5,29168
2017-09-26,92.6,92.6,92.6,90.8,92.5,29168
2017-09-27,92.6,92.6,92.6,90.8,92.5,29168
2017-09-28,92.6,92.6,92.6,90.8,92.5,29168
2017-09-29,92.6,92.6,92.6,90.8,92.5,29168
2017-10-02,92.6,92.6,92.6,90.8,92.5,29168
2017-10-03,92.6,92.6,92.6,90.8,92.5,29168
2017-10-04,92.6,92.6,92.6,90.8,92.5,29168
2017-10-05,92.6,92.6,92.6,90.8,92.5,29168
2017-10-06,92.6,92.6,92.6,90.8,92.5,29168
2017-10-09,92.6,92.6,92.6,90.8,92.5,29168
2017-10-10,92.6,92.6,92.6,90.8,92.5,29168
2017-10-11,92.6,92.6,92.6,90.8,92.5,29168
2017-10-12,92.6,92.6,92.6,90.8,92.5,29168
2017-10-13,92.6,92.6,92.6,90.8,92.5,29168
2017-10-16,92.6,92.6,92.6,90.8,92.5,29168
2017-10-17,92.6,92.6,92.6,90.8,92.5,29168
2017-10-18,92.6,92.6,92.6,90.8,92.5,29168
2017-10-19,92.6,92.6,92.6,90.8,92.5,29168
2017-10-20,92.6,92.6,92.6,90.8,92.5,29168
2017-10-23,92.6,92.6,92.6,90.8,92.5,29168
2017-10-24,92.6,92.6,92.6,90.8,92.5,29168
2017-10-25,92.6,92.6,92.6,90.8,92.5,29168
2017-10-26,92.6,92.6,92.6,90.8,92.5,29168
2017-10-27,92.6,92.6,92.6,90.8,92.5,29168
2017-10-30,92.6,92.6,92.6,90.8,92.5,29168
2017-10-31,92.6,92.6,92.6,90.8,92.5,29168
2017-11-01,92.6,92.6,92.6,90.8,92.5,29168
2017-11-02,92.6,92.6,92.6,90.8,92.5,29168
2017-11-03,92.6,92.6,92.6,90.8,92.5,29168
2017-11-06,92.6,92.6,92.6,90.8,92.5,29168
2017-11-07,92.6,92.6,92.6,90.8,92.5,29168
2017-11-08,92.6,92.6,92.6,90.8,92.5,29168
2017-11-09,92.6,92.6,92.6,90.8,92.5,29168
2017-11-10,92.6,92.6,92.6,90.8,92.5,29168
2017-11-13,92.6,92.6,92.6,90.8,92.5,29168
2017-11-14,92.6,92.6,92.6,90.8,92.5,29168
2017-11-15,92.6,92.6,92.6,90.8,92.5,29168
2017-11-16,92.6,92.6,92.6,90.8,92.5,29168
2017-11-17,92.6,92.6,92.6,90.8,92.5,29168
2017-11-20,92.6,92.6,92.6,90.8,92.5,29168
2017-11-21,92.6,92.6,92.6,90.8,92.5,29168
2017-11-22,92.6,92.6,92.6,90.8,92.5,29168
2017-11-23,92.6,92.6,92.6,90.8,92.5,29168
2017-11-24,92.6,92.6,92.6,90.8,92.5,29168
2017-11-27,92.6,92.6,92.6,90.8,92.5,29168
2017-11-28,92.6,92.6,92.6,90.8,92.5,29168
2017-11-29,92.6,92.6,92.6,90.8,92.5,29168
2017-11-30,92.6,92.6,92.6,90.8,92.5,29168
2017-12-01,92.6,92.6,92.6,90.8,92.5,29168
2017-12-04,92.6,92.6,92.6,90.8,92.5,29168
2017-12-05,92.6,92.6,92.6,90.8,92.5,29168
2017-12-06,92.6,92.6,92.6,90.8,92.5,29168
2017-12-07,92.6,92.6,92.6,90.8,92.5,29168
2017-12-08,92.6,92.6,92.6,90.8,92.5,29168
2017-12-11,92.6,92.6,92.6,90.8,92.5,29168
2017-12-12,92.6,92.6,92.6,90.8,92.5,29168
2017-12-13,92.6,92.6,92.6,90.8,92.5,29168
2017-12-14,92.6,92.6,92.6,90.8,92.5,29168
2017-12-15,92.6,92.6,92.6,90.8,92.5,29168
2017-12-18,92.6,92.6,92.6,90.8,92.5,29168
2017-12-19,92.6,92.6,92.6,90.8,92.5,29168
2017-12-20,92.6,92.6,92.6,90.8,92.5,29168
2017-12-21,92.6,92.6,92.6,90.8,92.5,29168
2017-12-22,92.6,92.6,92.6,90.8,92.5,29168
2017-12-25,92.6,92.6,92.6,90.8,92.5,29168
2017-12-26,92.6,92.6,92.6,90.8,92.5,29168
2017-12-27,92.6,92.6,92.6,90.8,92.5,29168
2017-12-28,92.6,92.6,92.6,90.8,92.5,29168
2017-12-29,92.6,92.6,92.6,90.8,92.5,29168
2018-01-01,92.6,92.6,92.6,90.8,92.5,29168
2018-01-02,92.6,92.6,92.6,90.8,92.5,29168
2018-01-03,92.6,92.6,92.6,90.8,92.5,29168
2018-01-04,92.6,92.6,92.6,90.8,92.5,29168
2018-01-05,92.6,92.6,92.6,90.8,92.5,29168
2018-01-08,92.6,92.6,92.6,90.8,92.5,29168
2018-01-09,92.6,92.6,92.6,90.8,92.5,29168
2018-01-10,92.6,92.6,92.6,90.8,92.5,29168
2018-01-11,92.6,92.6,92.6,90.8,92.5,29168
2018-01-12,92.6,92.6,92.6,90.8,92.5,29168
2018-01-15,92.6,92.6,92.6,90.8,92.5,29168
2018-01-16,92.6,92.6,92.6,90.8,92.5,29168
2018-01-17,92.6,92.6,92.6,90.8,92.5,29168
2018-01-18,92.6,92.6,92.6,90.8,92.5,29168
2018-01-19,92.6,92.6,92.6,90.8,92.5,29168
2018-01-22,92.6,92.6,92.6,90.8,92.5,29168
2018-01-23,92.6,92.6,92.6,90.8,92.5,29168
2018-01-24,92.6,92.6,92.6,90.8,92.5,29168
2018-01-25,92.6,92.6,92.6,90.8,92.5,29168
2018-01-26,92.6,92.6,92.6,90.8,92.5,29168
2018-01-29,92.6,92.6,92.6,90.8,92.5,29168
2018-01-30,92.6,92.6,92.6,90.8,92.5,29168
2018-01-31,92.6,92.6,92.6,90.8,92.5,29168
2018-02-01,92.6,92.6,92.6,90.8,92.5,29168
2018-02-02,92.6,92.6,92.6,90.8,92.5,29168
2018-02-05,92.6,92.6,92.6,90.8,92.5,29168
2018-02-06,92.6,92.6,92.6,90.8,92.5,29168
2018-02-07,92.6,92.6,92.6,90.8,92.5,29168
2018-02-08,92.6,92.6,92.6,90.8,92.5,29168
2018-02-09,92.6,92.6,92.6,90.8,92.5,29168
2018-02-12,92.6,92.6,92.6,90.8,92.5,29168
2018-02-13,92.6,92.6,92.6,90.8,92.5,29168
2018-02-14,92.6,92.6,92.6,90.8,92.5,29168
2018-02-15,92.6,92.6,92.6,90.8,92.5,29168
2018-02-16,92.6,92.6,92.6,90.8,92.5,29168
2018-02-19,92.6,92.6,92.6,90.8,92.5,29168
2018-02-20,92.6,92.6,92.6,90.8,92.5,29168
2018-02-21,92.6,92.6,92.6,90.8,92.5,29168
2018-02-22,92.6,92.6,92.6,90.8,92.5,29168
2018-02-23,92.6,92.6,92.6,90.8,92.5,29168
2018-02-26,92.6,92.6,92.6,90.8,92.5,29168
2018-02-27,92.6,92.6,92.6,90.8,92.5,29168
2018-02-28,92.6,92.6,92.6,90.8,92.5,29168
2018-03-01,92.6,92.6,92.6,90.8,92.5,29168
2018-03-02,92.6,92.6,92.6,90.8,92.5,29168
2018-03-05,92.6,92.6,92.6,90.8,92.5,29168
2018-03-06,92.6,92.6,92.6,90.8,92.5,29168
2018-03-07,92.6,92.6,92.6,90.8,92.5,29168
2018-03-08,92.6,92.6,92.6,90.8,92.5,29168
2018-03-09,92.6,92.6,92.6,90.8,92.5,29168
2018-03-12,92.6,92.6,92.6,90.8,92.5,29168
2018-03-13,92.6,92.6,92.6,90.8,92.5,29168
2018-03-14,92.6,92.6,92.6,90.8,92.5,29168
2018-03-15,92.6,92.6,92.6,90.8,92.5,29168
2018-03-16,92.6,92.6,92.6,90.8,92.5,29168
2018-03-19,92.6,92.6,92.6,90.8,92.5,29168
2018-03-20,92.6,92.6,92.6,90.8,92.5,29168
2018-03-21,92.6,92.6,92.6,90.8,92.5,29168
2018-03-22,92.6,92.6,92.6,90.8,92.5,29168
2018-03-23,92.6,92.6,92.6,90.8,92.5,29168
2018-03-26,92.6,92.6,92.6,90.8,92.5,29168
2018-03-27,92.6,92.6,92.6,90.8,92.5,29168
2018-03-28,92.6,92.6,92.6,90.8,92.5,29168
2018-03-29,92.6,92.6,92.6,90.8,92.5,29168
2018-03-30,92.6,92.6,92.6,90.8,92.5,29168
2018-04-02,92.6,92.6,92.6,90.8,92.5,29168
2018-04-03,92.6,92.6,92.6,90.8,92.5,29168
2018-04-04,92.6,92.6,92.6,90.8,92.5,29168
2018-04-05,92.6,92.6,92.6,90.8,92.5,29168
2018-04-06,92.6,92.6,92.6,90.8,92.5,29168
2018-04-09,92.6,92.6,92.6,90.8,92.5,29168
2018-04-10,92.6,92.6,92.6,90.8,92.5,29168
2018-04-11,92.6,92.6,92.6,90.8,92.5,29168
2018-04-12,92.6,92.6,92.6,90.8,92.5,29168
2018-04-13,92.6,92.6,92.6,90.8,92.5,29168
2018-04-16,92.6,92.6,92.6,90.8,92.5,29168
2018-04-17,92.6,92.6,92.6,90.8,92.5,29168
2018-04-18,92.6,92.6,92.6,90.8,92.5,29168
2018-04-19,92.6,92.6,92.6,90.8,92.5,29168
2018-04-20,92.6,92.6,92.6,90.8,92.5,29168
2018-04-23,92.6,92.6,92.6,90.8,92.5,29168
2018-04-24,92.6,92.6,92.6,90.8,92.5,29168
2018-04-25,92.6,92.6,92.6,90.8,92.5,29168
2018-04-26,92.6,92.6,92.6,90.8,92.5,29168
2018-04-27,92.6,92.6,92.6,90.8,92.5,29168
2018-04-30,92.6,92.6,92.6,90.8,92.5,29168
2018-05-01,92.6,92.6,92.6,90.8,92.5,29168
2018-05-02,92.6,92.6,92.6,90.8,92.5,29168
2018-05-03,92.6,92.6,92.6,90.8,92.5,29168
2018-05-04,92.6,92.6,92.6,90.8,92.5,29168
2018-05-07,92.6,92.6,92.6,90.8,92.5,29168
2018-05-08,92.6,92.6,92.6,90.8,92.5,29168
2018-05-09,92.6,92.6,92.6,90.8,92.5,29168
2018-05-10,92.6,92.6,92.6,90.8,92.5,29168
2018-05-11,92.6,92.6,92.6,90.8,92.5,29168
2018-05-14,92.6,92.6,92.6,90.8,92.5,29168
2018-05-15,92.6,92.6,92.6,90.8,92.5,29168
2018-05-16,92.6,92.6,92.6,90.8,92.5,29168
2018-05-17,92.6,92.6,92.6,90.8,92.5,29168
2018-05-18,92.6,92.6,92.6,90.8,92.5,29168
2018-05-21,92.6,92.6,92.6,90.8,92.5,29168
2018-05-22,92.6,92.6,92.6,90.8,92.5,29168
2018-05-23,92.6,92.6,92.6,90.8,92.5,29168
2018-05-24,92.6,92.6,92.6,90.8,92.5,29168
2018-05-25,92.6,92.6,92.6,90.8,92.5,29168
2018-05-28,92.6,92.6,92.6,90.8,92.5,29168
2018-05-29,92.6,92.6,92.6,90.8,92.5,29168
2018-05-30,92.6,92.6,92.6,90.8,92.5,29168
2018-05-31,92.6,92.6,92.6,90.8,92.5,29168
2018-06-01,92.6,92.6,92.6,90.8,92.5,29168
2018-06-04,92.6,92.6,92.6,90.8,92.5,29168
2018-06-05,92.6,92.6,92.6,90.8,92.5,29168
2018-06-06,92.6,92.6,92.6,90.8,92.5,29168
2018-06-07,92.6,92.6,92.6,90.8,92.5,29168
2018-06-08,92.6,92.6,92.6,90.8,92.5,29168
2018-06-11,92.6,92.6,92.6,90.8,92.5,29168
2018-06-12,92.6,92.6,92.6,90.8,92.5,29168
2018-06-13,92.6,92.6,92.6,90.8,92.5,29168
2018-06-14,92.6,92.6,92.6,90.8,92.5,29168
2018-06-15,92.6,92.6,92.6,90.8,92.5,29168
2018-06-18,92.6,92.6,92.6,90.8,92.5,29168
2018-06-19,92.6,92.6,92.6,90.8,92.5,29168
2018-06-20,92.6,92.6,92.6,90.8,92.5,29168
2018-06-21,92.6,92.6,92.6,90.8,92.5,29168
2018-06-22,92.6,92.6,92.6,90.8,92.5,29168
2018-06-25,92.6,92.6,92.6,90.8,92.5,29168
2018-06-26,92.6,92.6,92.6,90.8,92.5,29168
2018-06-27,92.6,92.6,92.6,90.8,92.5,29168
2018-06-28,92.6,92.6,92.6,90.8,92.5,29168
2018-06-29,92.6,92.6,92.6,90.8,92.5,29168
2018-07-02,92.6,92.6,92.6,90.8,92.5,29168
2018-07-03,92.6,92.6,92.6,90.8,92.5,29168
2018-07-04,92.6,92.6,92.6,90.8,92.5,29168
2018-07-05,92.6,92.6,92.6,90.8,92.5,29168
2018-07-06,92.6,92.6,92.6,90.8,92.5,29168
2018-07-09,92.6,92.6,92.6,90.8,92.5,29168
2018-07-10,92.6,92.6,92.6,90.8,92.5,29168
2018-07-11,92.6,92.6,92.6,90.8,92.5,29168
2018-07-12,92.6,92.6,92.6,90.8,92.5,29168
2018-07-13,92.6,92.6,92.6,90.8,92.5,29168
2018-07-16,92.6,92.6,92.6,90.8,92.5,29168
2018-07-17,92.6,92.6,92.6,90.8,92.5,29168
2018-07-18,92.6,92.6,92.6,90.8,92.5,29168
2018-07-19,92.6,92.6,92.6,90.8,92.5,29168
2018-07-20,92.6,92.6,92.6,90.8,92.5,29168
2018-07-23,92.6,92.6,92.6,90.8,92.5,29168
2018-07-24,92.6,92.6,92.6,90.8,92.5,29168
2018-07-25,92.6,92.6,92.6,90.8,92.5,29168
2018-07-26,92.6,92.6,92.6,90.8,92.5,29168
2018-07-27,92.6,92.6,92.6,90.8,92.5,29168
2018-07-30,92.6,92.6,92.6,90.8,92.5,29168
2018-07-31,92.6,92.6,92.6,90.8,92.5,29168
2018-08-01,92.6,92.6,92.6,90.8,92.5,29168
2018-08-02,92.6,92.6,92.6,90.8,92.5,29168
2018-08-03,92.6,92.6,92.6,90.8,92.5,29168
2018-08-06,92.6,92.6,92.6,90.8,92.5,29168
2018-08-07,92.6,92.6,92.6,90.8,92.5,29168
2018-08-08,92.6,92.6,92.6,90.8,92.5,29168
2018-08-09,92.6,92.6,92.6,90.8,92.5,29168
2018-08-10,92.6,92.6,92.6,90.8,92.5,29168
2018-08-13,92.6,92.6,92.6,90.8,92.5,29168
2018-08-14,92.6,92.6,92.6,90.8,92.5,29168
2018-08-15,92.6,92.6,92.6,90.8,92.5,29168
2018-08-16,92.6,92.6,92.6,90.8,92.5,29168
2018-08-17,92.6,92.6,92.6,90.8,92.5,29168
2018-08-20,92.6,92.6,92.6,90.8,92.5,29168
2018-08-21,92.6,92.6,92.6,90.8,92.5,29168
2018-08-22,92.6,92.6,92.6,90.8,92.5,29168
2018-08-23,92.6,92.6,92.6,90.8,92.5,29168
2018-08-24,92.6,92.6,92.6,90.8,92.5,29168
2018-08-27,92.6,92.6,92.6,90.8,92.5,29168
2018-08-28,92.6,92.6,92.6,90.8,92.5,29168
2018-08-29,92.6,92.6,92.6,90.8,92.5,29168
2018-08-30,92.6,92.6,92.6,90.8,92.5,29168
2018-08-31,92.6,92.6,92.6,90.8,92.5,29168
2018-09-03,92.6,92.6,92.6,90.8,92.5,29168
2018-09-04,92.6,92.6,92.6,90.8,92.5,29168
2018-09-05,92.6,92.6,92.6,90.8,92.5,29168
2018-09-06,92.6,92.6,92.6,90.8,92.5,29168
2018-09-07,92.6,92.6,92.6,90.8,92.5,29168
2018-09-10,92.6,92.6,92.6,90.8,92.5,29168
2018-09-11,92.6,92.6,92.6,90.8,92.5,29168
2018-09-12,92.6,92.6,92.6,90.8,92.5,29168
2018-09-13,92.6,92.6,92.6,90.8,92.5,29168
2018-09-14,92.6,92.6,92.6,90.8,92.5,29168
2018-09-17,92.6,92.6,92.6,90.8,92.5,29168
2018-09-18,92.6,92.6,92.6,90.8,92.5,29168
2018-09-19,92.6,92.6,92.6,90.8,92.5,29168
2018-09-20,92.6,92.6,92.6,90.8,92.5,29168
2018-09-21,92.6,92.6,92.6,90.8,92.5,29168
2018-09-24,92.6,92.6,92.6,90.8,92.5,29168
2018-09-25,92.6,92.6,92.6,90.8,92.5,29168
2018-09-26,92.6,92.6,92.6,90.8,92.5,29168
2018-09-27,92.6,92.6,92.6,90.8,92.5,29168
2018-09-28,92.6,92.6,92.6,90.8,92.5,29168
2018-10-01,92.6,92.6,92.6,90.8,92.5,29168
2018-10-02,92.6,92.6,92.6,90.8,92.5,29168
2018-10-03,92.6,92.6,92.6,90.8,92.5,29168
2018-10-04,92.6,92.6,92.6,90.8,92.5,29168
2018-10-05,92.6,92.6,92.6,90.8,92.5,29168
2018-10-08,92.6,92.6,92.6,90.8,92.5,29168
2018-10-09,92.6,92.6,92.6,90.8,92.5,29168
2018-10-10,92.6,92.6,92.6,90.8,92.5,29168
2018-10-11,92.6,92.6,92.6,90.8,92.5,29168
2018-10-12,92.6,92.6,92.6,90.8,92.5,29168
2018-10-15,92.6,92.6,92.6,90.8,92.5,29168
2018-10-16,92.6,92.6,92.6,90.8,92.5,29168
2018-10-17,92.6,92.6,92.6,90.8,92.5,29168
2018-10-18,92.6,92.6,92.6,90.8,92.5,29168
2018-10-19,92.6,92.6,92.6,90.8,92.5,29168
2018-10-22,92.6,92.6,92.6,90.8,92.5,29168
2018-10-23,92.6,92.6,92.6,90.8,92.5,29168
2018-10-24,92.6,92.6,92.6,90.8,92.5,29168
2018-10-25,92.6,92.6,92.6,90.8,92.5,29168
2018-10-26,92.6,92.6,92.6,90.8,92.5,29168
2018-10-29,92.6,92.6,92.6,90.8,92.5,29168
2018-10-30,92.6,92.6,92.6,90.8,92.5,29168
2018-10-31,92.6,92.6,92.6,90.8,92.5,29168
2018-11-01,92.6,92.6,92.6,90.8,92.5,29168
2018-11-02,92.6,92.6,92.6,90.8,92.5,29168
2018-11-05,92.6,92.6,92.6,90.8,92.5,29168
2018-11-06,92.6,92.6,92.6,90.8,92.5,29168
2018-11-07,92.6,92.6,92.6,90.8,92.5,29168
2018-11-08,92.6,92.6,92.6,90.8,92.5,29168
2018-11-09,92.6,92.6,92.6,90.8,92.5,29168
2018-11-12,92.6,92.6,92.6,90.8,92.5,29168
2018-11-13,92.6,92.6,92.6,90.8,92.5,29168
2018-11-14,92.6,92.6,92.6,90.8,92.5,29168
2018-11-15,92.6,92.6,92.6,90.8,92.5,29168
2018-11-16,92.6,92.6,92.6,90.8,92.5,29168
2018-11-19,92.6,92.6,92.6,90.8,92.5,29168
2018-11-20,92.6,92.6,92.6,90.8,92.5,29168
2018-11-21,92.6,92.6,92.6,90.8,92.5,29168
2018-11-22,92.6,92.6,92.6,90.8,92.5,29168
2018-11-23,92.6,92.6,92.6,90.8,92.5,29168
2018-11-26,92.6,92.6,92.6,90.8,92.5,29168
2018-11-27,92.6,92.6,92.6,90.8,92.5,29168
2018-11-28,92.6,92.6,92.6,90.8,92.5,29168
2018-11-29,92.6,92.6,92.6,90.8,92.5,29168
2018-11-30,92.6,92.6,92.6,90.8,92.5,29168
2018-12-03,92.6,92.6,92.6,90.8,92.5,29168
2018-12-04,92.6,92.6,92.6,90.8,92.5,29168
2018-12-05,92.6,92.6,92.6,90.8,92.5,29168
2018-12-06,92.6,92.6,92.6,90.8,92.5,29168
2018-12-07,92.6,92.6,92.6,90.8,92.5,29168
2018-12-10,92.6,92.6,92.6,90.8,92.5,29168
2018-12-11,92.6,92.6,92.6,90.8,92.5,29168
2018-12-12,92.6,92.6,92.6,90.8,92.5,29168
2018-12-13,92.6,92.6,92.6,90.8,92.5,29168
2018-12-14,92.6,92.6,92.6,90.8,92.5,29168
2018-12-17,92.6,92.6,92.6,90.8,92.5,29168
2018-12-18,92.6,92.6,92.6,90.8,92.5,29168
2018-12-19,92.6,92.6,92.6,90.8,92.5,29168
2018-12-20,92.6,92.6,92.6,90.8,92.5,29168
2018-12-21,92.6,92.6,92.6,90.8,92.5,29168
2018-12-24,92.6,92.6,92.6,90.8,92.5,29168
2018-12-25,92.6,92.6,92.6,90.8,92.5,29168
2018-12-26,92.6,92.6,92.6,90.8,92.5,29168
2018-12-27,92.6,92.6,92.6,90.8,92.5,29168
2018-12-28,92.6,92.6,92.6,90.8,92.5,29168
2018-12-31,92.6,92.6,92.6,90.8,92.5,29168
2019-01-01,92.6,92.6,92.6,90.8,92.5,29168
2019-01-02,92.6,92.6,92.6,90.8,92.5,29168
2019-01-03,92.6,92.6,92.6,90.8,92.5,29168
2019-01-04,92.6,92.6,92.6,90.8,92.5,29168
2019-01-07,92.6,92.6,92.6,90.8,92.5,29168
2019-01-08,92.6,92.6,92.6,90.8,92.5,29168
2019-01-09,92.6,92.6,92.6,90.8,92.5,29168
2019-01-10,92.6,92.6,92.6,90.8,92.5,29168
2019-01-11,92.6,92.6,92.6,90.8,92.5,29168
2019-01-14,92.6,92.6,92.6,90.8,92.5,29168
2019-01-15,92.6,92.6,92.6,90.8,92.5,29168
2019-01-16,92.6,92.6,92.6,90.8,92.5,29168
2019-01-17,92.6,92.6,92.6,90.8,92.5,29168
2019-01-18,92.6,92.6,92.6,90.8,92.5,29168
2019-01-21,92.6,92.6,92.6,90.8,92.5,29168
2019-01-22,92.6,92.6,92.6,90.8,92.5,29168
2019-01-23,92.6,92.6,92.6,90.8,92.5,29168
2019-01-24,92.6,92.6,92.6,90.8,92.5,29168
2019-01-25,92.6,92.6,92.6,90.8,92.5,29168
2019-01-28,92.6,92.6,92.6,90.8,92.5,29168
2019-01-29,92.6,92.6,92.6,90.8,92.5,29168
2019-01-30,92.6,92.6,92.6,90.8,92.5,29168
2019-01-31,92.6,92.6,92.6,90.8,92.5,29168
2019-02-01,92.6,92.6,92.6,90.8,92.5,29168
2019-02-04,92.6,92.6,92.6,90.8,92.5,29168
2019-02-05,92.6,92.6,92.6,90.8,92.5,29168
2019-02-06,92.6,92.6,92.6,90.8,92.5,29168
2019-02-07,92.6,92.6,92.6,90.8,92.5,29168
2019-02-08,92.6,92.6,92.6,90.8,92.5,29168
2019-02-11,92.6,92.6,92.6,90.8,92.5,29168
2019-02-12,92.6,92.6,92.6,90.8,92.5,29168
2019-02-13,92.6,92.6,92.6,90.8,92.5,29168
2019-02-14,92.6,92.6,92.6,90.8,92.5,29168
2019-02-15,92.6,92.6,92.6,90.8,92.5,29168
2019-02-18,92.6,92.6,92.6,90.8,92.5,29168
2019-02-19,92.6,92.6,92.6,90.8,92.5,29168
2019-02-20,92.6,92.6,92.6,90.8,92.5,29168
2019-02-21,92.6,92.6,92.6,90.8,92.5,29168
2019-02-22,92.6,92.6,92.6,90.8,92.5,29168
2019-02-25,92.6,92.6,92.6,90.8,92.5,29168
2019-02-26,92.6,92.6,92.6,90.8,92.5,29168
2019-02-27,92.6,92.6,92.6,90.8,92.5,29168
2019-02-28,92.6,92.6,92.6,90.8,92.5,29168
2019-03-01,92.6,92.6,92.6,90.8,92.5,29168
2019-03-04,92.6,92.6,92.6,90.8,92.5,29168
2019-03-05,92.6,92.6,92.6,90.8,92.5,29168
2019-03-06,92.6,92.6,92.6,90.8,92.5,29168
2019-03-07,92.6,92.6,92.6,90.8,92.5,29168
2019-03-08,92.6,92.6,92.6,90.8,92.5,29168
2019-03-11,92.6,92.6,92.6,90.8,92.5,29168
2019-03-12,92.6,92.6,92.6,90.8,92.5,29168
2019-03-13,92.6,92.6,92.6,90.8,92.5,29168
2019-03-14,92.6,92.6,92.6,90.8,92.5,29168
2019-03-15,92.6,92.6,92.6,90.8,92.5,29168
2019-03-18,92.6,92.6,92.6,90.8,92.5,29168
2019-03-19,92.6,92.6,92.6,90.8,92.5,29168
2019-03-20,92.6,92.6,92.6,90.8,92.5,29168
2019-03-21,92.6,92.6,92.6,90.8,92.5,29168
2019-03-22,92.6,92.6,92.6,90.8,92.5,29168
2019-03-25,92.6,92.6,92.6,90.8,92.5,29168
2019-03-26,92.6,92.6,92.6,90.8,92.5,29168
2019-03-27,92.6,92.6,92.6,90.8,92.5,29168
2019-03-28,92.6,92.6,92.6,90.8,92.5,29168
2019-03-29,92.6,92.6,92.6,90.8,92.5,29168
2019-04-01,92.6,92.6,92.6,90.8,92.5,29168
2019-04-02,92.6,92.6,92.6,90.8,92.5,29168
2019-04-03,92.6,92.6,92.6,90.8,92.5,29168
2019-04-04,92.6,92.6,92.6,90.8,92.5,29168
2019-04-05,92.6,92.6,92.6,90.8,92.5,29168
2019-04-08,92.6,92.6,92.6,90.8,92.5,29168
2019-04-09,92.6,92.6,92.6,90.8,92.5,29168
2019-04-10,92.6,92.6,92.6,90.8,92.5,29168
2019-04-11,92.6,92.6,92.6,90.8,92.5,29168
2019-04-12,92.6,92.6,92.6,90.8,92.5,29168
2019-04-15,92.6,92.6,92.6,90.8,92.5,29168
2019-04-16,92.6,92.6,92.6,90.8,92.5,29168
2019-04-17,92.6,92.6,92.6,90.8,92.5,29168
2019-04-18,92.6,92.6,92.6,90.8,92.5,29168
2019-04-19,92.6,92.6,92.6,90.8,92.5,29168
2019-04-22,92.6,92.6,92.6,90.8,92.5,29168
2019-04-23,92.6,92.6,92.6,90.8,92.5,29168
2019-04-24,92.6,92.6,92.6,90.8,92.5,29168
2019-04-25,92.6,92.6,92.6,90.8,92.5,29168
2019-04-26,92.6,92.6,92.6,90.8,92.5,29168
2019-04-29,92.6,92.6,92.6,90.8,92.5,29168
2019-04-30,92.6,92.6,92.6,90.8,92.5,29168
2019-05-01,92.6,92.6,92.6,90.8,92.5,29168
2019-05-02,92.6,92.6,92.6,90.8,92.5,29168
2019-05-03,92.6,92.6,92.6,90.8,92.5,29168
2019-05-06,92.6,92.6,92.6,90.8,92.5,29168
2019-05-07,92.6,92.6,92.6,90.8,92.5,29168
2019-05-08,92.6,92.6,92.6,90.8,92.5,29168
2019-05-09,92.6,92.6,92.6,90.8,92.5,29168
2019-05-10,92.6,92.6,92.6,90.8,92.5,29168
2019-05-13,92.6,92.6,92.6,90.8,92.5,29168
2019-05-14,92.6,92.6,92.6,90.8,92.5,29168
2019-05-15,92.6,92.6,92.6,90.8,92.5,29168
2019-05-16,92.6,92.6,92.6,90.8,92.5,29168
2019-05-17,92.6,92.6,92.6,90.8,92.5,29168
2019-05-20,92.6,92.6,92.6,90.8,92.5,29168
2019-05-21,92.6,92.6,92.6,90.8,92.5,29168
2019-05-22,92.6,92.6,92.6,90.8,92.5,29168
2019-05-23,92.6,92.6,92.6,90.8,92.5,29168
2019-05-24,92.6,92.6,92.6,90.8,92.5,29168
2019-05-27,92.6,92.6,92.6,90.8,92.5,29168
2019-05-28,92.6,92.6,92.6,90.8,92.5,29168
2019-05-29,92.6,92.6,92.6,90.8,92.5,29168
2019-05-30,92.6,92.6,92.6,90.8,92.5,29168
2019-05-31,92.6,92.6,92.6,90.8,92.5,29168
2019-06-03,92.6,92.6,92.6,90.8,92.5,29168
2019-06-04,92.6,92.6,92.6,90.8,92.5,29168
2019-06-05,92.6,92.6,92.6,90.8,92.5,29168
2019-06-06,92.6,92.6,92.6,90.8,92.5,29168
2019-06-07,92.6,92.6,92.6,90.8,92.5,29168
2019-06-10,92.6,92.6,92.6,90.8,92.5,29168
2019-06-11,92.6,92.6,92.6,90.8,92.5,29168
2019-06-12,92.6,92.6,92.6,90.8,92.5,29168
2019-06-13,92.6,92.6,92.6,90.8,92.5,29168
2019-06-14,92.6,92.6,92.6,90.8,92.5,29168
2019-06-17,92.6,92.6,92.6,90.8,92.5,29168
2019-06-18,92.6,92.6,92.6,90.8,92.5,29168
2019-06-19,92.6,92.6,92.6,90.8,92.5,29168
2019-06-20,92.6,92.6,92.6,90.8,92.5,29168
2019-06-21,92.6,92.6,92.6,90.8,92.5,29168
2019-06-24,92.6,92.6,92.6,90.8,92.5,29168
2019-06-25,92.6,92.6,92.6,90.8,92.5,29168
2019-06-26,92.6,92.6,92.6,90.8,92.5,29168
2019-06-27,92.6,92.6,92.6,90.8,92.5,29168
2019-06-28,92.6,92.6,92.6,90.8,92.5,29168
2019-07-01,92.6,92.6,92.6,90.8,92.5,29168
2019-07-02,92.6,92.6,92.6,90.8,92.5,29168
2019-07-03,92.6,92.6,92.6,90.8,92.5,29168
2019-07-04,92.6,92.6,92.6,90.8,92.5,29168
2019-07-05,92.6,92.6,92.6,90.8,92.5,29168
2019-07-08,92.6,92.6,92.6,90.8,92.5,29168
2019-07-09,92.6,92.6,92.6,90.8,92.5,29168
2019-07-10,92.6,92.6,92.6,90.8,92.5,29168
2019-07-11,92.6,92.6,92.6,90.8,92.5,29168
2019-07-12,92.6,92.6,92.6,90.8,92.5,29168
2019-07-15,92.6,92.6,92.6,90.8,92.5,29168
2019-07-16,92.6,92.6,92.6,90.8,92.5,29168
2019-07-17,92.6,92.6,92.6,90.8,92.5,29168
2019-07-18,92.6,92.6,92.6,90.8,92.5,29168
2019-07-19,92.6,92.6,92.6,90.8,92.5,29168
2019-07-22,92.6,92.6,92.6,90.8,92.5,29168
2019-07-23,92.6,92.6,92.6,90.8,92.5,29168
2019-07-24,92.6,92.6,92.6,90.8,92.5,29168
2019-07-25,92.6,92.6,92.6,90.8,92.5,29168
2019-07-26,92.6,92.6,92.6,90.8,92.5,29168
2019-07-29,92.6,92.6,92.6,90.8,92.5,29168
2019-07-30,92.6,92.6,92.6,90.8,92.5,29168
2019-07-31,92.6,92.6,92.6,90.8,92.5,29168
2019-08-01,92.6,92.6,92.6,90.8,92.5,29168
2019-08-02,92.6,92.6,92.6,90.8,92.5,29168
2019-08-05,92.6,92.6,92.6,90.8,92.5,29168
2019-08-06,92.6,92.6,92.6,90.8,92.5,29168
2019-08-07,92.6,92.6,92.6,90.8,92.5,29168
2019-08-08,92.6,92.6,92.6,90.8,92.5,29168
2019-08-09,92.6,92.6,92.6,90.8,92.5,29168
2019-08-12,92.6,92.6,92.6,90.8,92.5,29168
2019-08-13,92.6,92.6,92.6,90.8,92.5,29168
2019-08-14,92.6,92.6,92.6,90.8,92.5,29168
2019-08-15,92.6,92.6,92.6,90.8,92.5,29168
2019-08-16,92.6,92.6,92.6,90.8,92.5,29168
2019-08-19,92.6,92.6,92.6,90.8,92.5,29168
2019-08-20,92.6,92.6,92.6,90.8,92.5,29168
2019-08-21,92.6,92.6,92.6,90.8,92.5,29168
2019-08-22,92.6,92.6,92.6,90.8,92.5,29168
2019-08-23,92.6,92.6,92.6,90.8,92.5,29168
2019-08-26,92.6,92.6,92.6,90.8,92.5,29168
2019-08-27,92.6,92.6,92.6,90.8,92.5,29168
2019-08-28,92.6,92.6,92.6,90.8,92.5,29168
2019-08-29,92.6,92.6,92.6,90.8,92.5,29168
2019-08-30,92.6,92.6,92.6,90.8,92.5,29168
2019-09-02,92.6,92.6,92.6,90.8,92.5,29168
2019-09-03,92.6,92.6,92.6,90.8,92.5,29168
2019-09-04,92.6,92.6,92.6,90.8,92.5,29168
2019-09-05,92.6,92.6,92.6,90.8,92.5,29168
2019-09-06,92.6,92.6,92.6,90.8,92.5,29168
2019-09-09,92.6,92.6,92.6,90.8,92.5,29168
2019-09-10,92.6,92.6,92.6,90.8,92.5,29168
2019-09-11,92.6,92.6,92.6,90.8,92.5,29168
2019-09-12,92.6,92.6,92.6,90.8,92.5,29168
2019-09-13,92.6,92.6,92.6,90.8,92.5,29168
2019-09-16,92.6,92.6,92.6,90.8,92.5,29168
2019-09-17,92.6,92.6,92.6,90.8,92.5,29168
2019-09-18,92.6,92.6,92.6,90.8,92.5,29168
2019-09-19,92.6,92.6,92.6,90.8,92.5,29168
2019-09-20,92.6,92.6,92.6,90.8,92.5,29168
2019-09-23,92.6,92.6,92.6,90.8,92.5,29168
2019-09-24,92.6,92.6,92.6,90.8,92.5,29168
2019-09-25,92.6,92.6,92.6,90.8,92.5,29168
2019-09-26,92.6,92.6,92.6,90.8,92.5,29168
2019-09-27,92.6,92.6,92.6,90.8,92.5,29168
2019-09-30,92.6,92.6,92.6,90.8,92.5,29168
2019-10-01,92.6,92.6,92.6,90.8,92.5,29168
2019-10-02,92.6,92.6,92.6,90.8,92.5,29168
2019-10-03,92.6,92.6,92.6,90.8,92.5,29168
2019-10-04,92.6,92.6,92.6,90.8,92.5,29168
2019-10-07,92.6,92.6,92.6,90.8,92.5,29168
2019-10-08,92.6,92.6,92.6,90.8,92.5,29168
2019-10-09,92.6,92.6,92.6,90.8,92.5,29168
2019-10-10,92.6,92.6,92.6,90.8,92.5,29168
2019-10-11,92.6,92.6,92.6,90.8,92.5,29168
2019-10-14,92.6,92.6,92.6,90.8,92.5,29168
2019-10-15,92.6,92.6,92.6,90.8,92.5,29168
2019-10-16,92.6,92.6,92.6,90.8,92.5,29168
2019-10-17,92.6,92.6,92.6,90.8,92.5,29168
2019-10-18,92.6,92.6,92.6,90.8,92.5,29168
2019-10-21,92.6,92.6,92.6,90.8,92.5,29168
2019-10-22,92.6,92.6,92.6,90.8,92.5,29168
2019-10-23,92.6,92.6,92.6,90.8,92.5,29168
2019-10-24,92.6,92.6,92.6,90.8,92.5,29168
2019-10-25,92.6,92.6,92.6,90.8,92.5,29168
2019-10-28,92.6,92.6,92.6,90.8,92.5,29168
2019-10-29,92.6,92.6,92.6,90.8,92.5,29168
2019-10-30,92.6,92.6,92.6,90.8,92.5,29168
2019-10-31,92.6,92.6,92.6,90.8,92.5,29168
2019-11-01,92.6,92.6,92.6,90.8,92.5,29168
2019-11-04,92.6,92.6,92.6,90.8,92.5,29168
2019-11-05,92.6,92.6,92.6,90.8,92.5,29168
2019-11-06,92.6,92.6,92.6,90.8,92.5,29168
2019-11-07,92.6,92.6,92.6,90.8,92.5,29168
2019-11-08,92.6,92.6,92.6,90.8,92.5,29168
2019-11-11,92.6,92.6,92.6,90.8,92.5,29168
2019-11-12,92.6,92.6,92.6,90.8,92.5,29168
2019-11-13,92.6,92.6,92.6,90.8,92.5,29168
2019-11-14,92.6,92.6,92.6,90.8,92.5,29168
2019-11-20,92.6,92.6,92.6,90.8,92.5,29168
2019-11-21,92.6,92.6,92.6,90.8,92.5,29168
2019-11-22,92.6,92.6,92.6,90.8,92.5,29168
2019-11-25,92.6,92.6,92.6,90.8,92.5,29168
2019-11-26,92.6,92.6,92.6,90.8,92.5,29168
2019-11-27,92.6,92.6,92.6,90.8,92.5,29168
2019-11-28,92.6,92.6,92.6,90.8,92.5,29168
2019-11-29,92.6,92.6,92.6,90.8,92.5,29168
2019-12-02,92.6,92.6,92.6,90.8,92.5,29168
2019-12-03,92.6,92.6,92.6,90.8,92.5,29168
2019-12-04,92.6,92.6,92.6,90.8,92.5,29168
2019-12-05,92.6,92.6,92.6,90.8,92.5,29168
2019-12-06,92.6,92.6,92.6,90.8,92.5,29168
2019-12-09,92.6,92.6,92.6,90.8,92.5,29168
2019-12-10,92.6,92.6,92.6,90.8,92.5,29168
2019-12-11,92.6,92.6,92.6,90.8,92.5,29168
2019-12-12,92.6,92.6,92.6,90.8,92.5,29168
2019-12-13,92.6,92.6,92.6,90.8,92.5,29168
2019-12-16,92.6,92.6,92.6,90.8,92.5,29168
2019-12-17,92.6,92.6,92.6,90.8,92.5,29168
2019-12-18,92.6,92.6,92.6,90.8,92.5,29168
2019-12-19,92.6,92.6,92.6,90.8,92.5,29168
2019-12-20,92.6,92.6,92.6,90.8,92.5,29168
2019-12-23,92.6,92.6,92.6,90.8,92.5,29168
2019-12-24,92.6,92.6,92.6,90.8,92.5,29168
2019-12-25,92.6,92.6,92.6,90.8,92.5,29168
2019-12-26,92.6,92.6,92.6,90.8,92.5,29168
2019-12-27,92.6,92.6,92.6,90.8,92.5,29168
2019-12-30,92.6,92.6,92.6,90.8,92.5,29168
2019-12-31,92.6,92.6,92.6,90.8,92.5,29168
2020-01-01,92.6,92.6,92.6,90.8,92.5,29168
2020-01-02,92.6,92.6,92.6,90.8,92.5,29168
2020-01-03,92.6,92.6,92.6,90.8,92.5,29168
2020-01-06,92.6,92.6,92.6,90.8,92.5,29168
2020-01-07,92.6,92.6,92.6,90.8,92.5,29168
2020-01-08,92.6,92.6,92.6,90.8,92.5,29168
2020-01-09,92.6,92.6,92.6,90.8,92.5,29168
2020-01-10,92.6,92.6,92.6,90.8,92.5,29168
2020-01-13,92.6,92.6,92.6,90.8,92.5,29168
2020-01-14,92.6,92.6,92.6,90.8,92.5,29168
2020-01-15,92.6,92.6,92.6,90.8,92.5,29168
2020-01-16,92.6,92.6,92.6,90.8,92.5,29168
2020-01-17,92.6,92.6,92.6,90.8,92.5,29168
2020-01-20,92.6,92.6,92.6,90.8,92.5,29168
2020-01-21,92.6,92.6,92.6,90.8,92.5,29168
2020-01-22,92.6,92.6,92.6,90.8,92.5,29168
2020-01-23,92.6,92.6,92.6,90.8,92.5,29168
2020-01-24,92.6,92.6,92.6,90.8,92.5,29168
2020-01-27,92.6,92.6,92.6,90.8,92.5,29168
2020-01-28,92.6,92.6,92.6,90.8,92.5,29168
2020-01-29,92.6,92.6,92.6,90.8,92.5,29168
2020-01-30,92.6,92.6,92.6,90.8,92.5,29168
2020-01-31,92.6,92.6,92.6,90.8,92.5,29168
2020-02-03,92.6,92.6,92.6,90.8,92.5,29168
2020-02-04,92.6,92.6,92.6,90.8,92.5,29168
2020-02-05,92.6,92.6,92.6,90.8,92.5,29168
2020-02-06,92.6,92.6,92.6,90.8,92.5,29168
2020-02-07,92.6,92.6,92.6,90.8,92.5,29168
2020-02-10,92.6,92.6,92.6,90.8,92.5,29168
2020-02-11,92.6,92.6,92.6,90.8,92.5,29168
2020-02-12,92.6,92.6,92.6,90.8,92.5,29168
2020-02-13,92.6,92.6,92.6,90.8,92.5,29168
2020-02-14,92.6,92.6,92.6,90.8,92.5,29168
2020-02-17,92.6,92.6,92.6,90.8,92.5,29168
2020-02-18,92.6,92.6,92.6,90.8,92.5,29168
2020-02-19,92.6,92.6,92.6,90.8,92.5,29168
2020-02-20,92.6,92.6,92.6,90.8,92.5,29168
2020-02-21,92.6,92.6,92.6,90.8,92.5,29168
2020-02-24,92.6,92.6,92.6,90.8,92.5,29168
2020-02-25,92.6,92.6,92.6,90.8,92.5,29168
2020-02-26,92.6,92.6,92.6,90.8,92.5,29168
2020-02-27,92.6,92.6,92.6,90.8,92.5,29168
2020-02-28,92.6,92.6,92.6,90.8,92.5,29168
2020-03-02,92.6,92.6,92.6,90.8,92.5,29168
2020-03-03,92.6,92.6,92.6,90.8,92.5,29168
2020-03-04,92.6,92.6,92.6,90.8,92.5,29168
2020-03-05,92.6,92.6,92.6,90.8,92.5,29168
2020-03-06,92.6,92.6,92.6,90.8,92.5,29168
2020-03-09,92.6,92.6,92.6,90.8,92.5,29168
2020-03-10,92.6,92.6,92.6,90.8,92.5,29168
2020-03-11,92.6,92.6,92.6,90.8,92.5,29168
2020-03-12,92.6,92.6,92.6,90.8,92.5,29168
2020-03-13,92.6,92.6,92.6,90.8,92.5,29168
2020-03-16,92.6,92.6,92.6,90.8,92.5,29168
2020-03-17,92.6,92.6,92.6,90.8,92.5,29168
2020-03-18,92.6,92.6,92.6,90.8,92.5,29168
2020-03-19,92.6,92.6,92.6,90.8,92.5,29168
2020-03-20,92.6,92.6,92.6,90.8,92.5,29168
2020-03-23,92.6,92.6,92.6,90.8,92.5,29168
2020-03-24,92.6,92.6,92.6,90.8,92.5,29168
2020-03-25,92.6,92.6,92.6,90.8,92.5,29168
2020-03-26,92.6,92.6,92.6,90.8,92.5,29168
2020-03-27,92.6,92.6,92.6,90.8,92.5,29168
2020-03-30,92.6,92.6,92.6,90.8,92.5,29168
2020-03-31,92.6,92.6,92.6,90.8,92.5,29168
2020-04-01,92.6,92.6,92.6,90.8,92.5,29168
2020-04-02,92.6,92.6,92.6,90.8,92.5,29168
2020-04-03,92.6,92.6,92.6,90.8,92.5,29168
2020-04-07,92.6,92.6,92.6,90.8,92.5,29168
2020-04-08,92.6,92.6,92.6,90.8,92.5,29168
2020-04-09,92.6,92.6,92.6,90.8,92.5,29168
2020-04-10,92.6,92.6,92.6,90.8,92.5,29168
2020-04-13,92.6,92.6,92.6,90.8,92.5,29168
2020-04-14,92.6,92.6,92.6,90.8,92.5,29168
2020-04-15,92.6,92.6,92.6,90.8,92.5,29168
2020-04-16,92.6,92.6,92.6,90.8,92.5,29168
2020-04-17,92.6,92.6,92.6,90.8,92.5,29168
2020-04-20,92.6,92.6,92.6,90.8,92.5,29168
2020-04-21,92.6,92.6,92.6,90.8,92.5,29168
2020-04-22,92.6,92.6,92.6,90.8,92.5,29168
2020-04-23,92.6,92.6,92.6,90.8,92.5,29168
2020-04-24,92.6,92.6,92.6,90.8,92.5,29168
2020-04-27,92.6,92.6,92.6,90.8,92.5,29168
2020-04-28,92.6,92.6,92.6,90.8,92.5,29168
2020-04-29,92.6,92.6,92.6,90.8,92.5,29168
2020-05-01,92.6,92.6,92.6,90.8,92.5,29168
2020-05-04,92.6,92.6,92.6,90.8,92.5,29168
2020-05-05,92.6,92.6,92.6,90.8,92.5,29168
2020-05-06,92.6,92.6,92.6,90.8,92.5,29168
2020-05-07,92.6,92.6,92.6,90.8,92.5,29168
2020-05-08,92.6,92.6,92.6,90.8,92.5,29168
2020-05-11,92.6,92.6,92.6,90.8,92.5,29168
2020-05-12,92.6,92.6,92.6,90.8,92.5,29168
2020-05-13,92.6,92.6,92.6,90.8,92.5,29168
2020-05-14,92.6,92.6,92.6,90.8,92.5,29168
2020-05-15,92.6,92.6,92.6,90.8,92.5,29168
2020-05-18,92.6,92.6,92.6,90.8,92.5,29168
2020-05-19,92.6,92.6,92.6,90.8,92.5,29168
2020-05-20,92.6,92.6,92.6,90.8,92.5,29168
2020-05-21,92.6,92.6,92.6,90.8,92.5,29168
2020-05-22,92.6,92.6,92.6,90.8,92.5,29168
2020-05-25,92.6,92.6,92.6,90.8,92.5,29168
2020-05-26,92.6,92.6,92.6,90.8,92.5,29168
2020-05-27,92.6,92.6,92.6,90.8,92.5,29168
2020-05-28,92.6,92.6,92.6,90.8,92.5,29168
2020-05-29,92.6,92.6,92.6,90.8,92.5,29168
2020-06-01,92.6,92.6,92.6,90.8,92.5,29168
2020-06-02,92.6,92.6,92.6,90.8,92.5,29168
2020-06-03,92.6,92.6,92.6,90.8,92.5,29168
2020-06-04,92.6,92.6,92.6,90.8,92.5,29168
2020-06-05,92.6,92.6,92.6,90.8,92.5,29168
2020-06-08,92.6,92.6,92.6,90.8,92.5,29168
2020-06-09,92.6,92.6,92.6,90.8,92.5,29168
2020-06-10,92.6,92.6,92.6,90.8,92.5,29168
2020-06-11,92.6,92.6,92.6,90.8,92.5,29168
2020-06-12,92.6,92.6,92.6,90.8,92.5,29168
2020-06-15,92.6,92.6,92.6,90.8,92.5,29168
2020-06-16,92.6,92.6,92.6,90.8,92.5,29168
2020-06-17,92.6,92.6,92.6,90.8,92.5,29168
2020-06-18,92.6,92.6,92.6,90.8,92.5,29168
2020-06-19,92.6,92.6,92.6,90.8,92.5,29168
2020-06-22,92.6,92.6,92.6,90.8,92.5,29168
2020-06-23,92.6,92.6,92.6,90.8,92.5,29168
2020-06-24,92.6,92.6,92.6,90.8,92.5,29168
2020-06-25,92.6,92.6,92.6,90.8,92.5,29168
2020-06-26,92.6,92.6,92.6,90.8,92.5,29168
2020-06-29,92.6,92.6,92.6,90.8,92.5,29168
2020-06-30,92.6,92.6,92.6,90.8,92.5,29168
2020-07-01,92.6,92.6,92.6,90.8,92.5,29168
2020-07-02,92.6,92.6,92.6,90.8,92.5,29168
2020-07-03,92.6,92.6,92.6,90.8,92.5,29168
2020-07-06,92.6,92.6,92.6,90.8,92.5,29168
2020-07-07,92.6,92.6,92.6,90.8,92.5,29168
2020-07-08,92.6,92.6,92.6,90.8,92.5,29168
2020-07-09,92.6,92.6,92.6,90.8,92.5,29168
2020-07-10,92.6,92.6,92.6,90.8,92.5,29168
2020-07-13,92.6,92.6,92.6,90.8,92.5,29168
2020-07-14,92.6,92.6,92.6,90.8,92.5,29168
2020-07-15,92.6,92.6,92.6,90.8,92.5,29168
2020-07-16,92.6,92.6,92.6,90.8,92.5,29168
2020-07-17,92.6,92.6,92.6,90.8,92.5,29168
2020-07-20,92.6,92.6,92.6,90.8,92.5,29168
2020-07-21,92.6,92.6,92.6,90.8,92.5,29168
2020-07-22,92.6,92.6,92.6,90.8,92.5,29168
2020-07-23,92.6,92.6,92.6,90.8,92.5,29168
2020-07-24,92.6,92.6,92.6,90.8,92.5,29168
2020-07-27,92.6,92.6,92.6,90.8,92.5,29168
2020-07-28,92.6,92.6,92.6,90.8,92.5,29168
2020-07-29,92.6,92.6,92.6,90.8,92.5,29168
2020-07-30,92.6,92.6,92.6,90.8,92.5,29168
2020-07-31,92.6,92.6,92.6,90.8,92.5,29168
2020-08-03,92.6,92.6,92.6,90.8,92.5,29168
2020-08-04,92.6,92.6,92.6,90.8,92.5,29168
2020-08-05,92.6,92.6,92.6,90.8,92.5,29168
2020-08-06,92.6,92.6,92.6,90.8,92.5,29168
2020-08-07,92.6,92.6,92.6,90.8,92.5,29168
2020-08-10,92.6,92.6,92.6,90.8,92.5,29168
2020-08-11,92.6,92.6,92.6,90.8,92.5,29168
2020-08-12,92.6,92.6,92.6,90.8,92.5,29168
2020-08-13,92.6,92.6,92.6,90.8,92.5,29168
2020-08-14,92.6,92.6,92.6,90.8,92.5,29168
2020-08-17,92.6,92.6,92.6,90.8,92.5,29168
2020-08-18,92.6,92.6,92.6,90.8,92.5,29168
2020-08-19,92.6,92.6,92.6,90.8,92.5,29168
2020-08-20,92.6,92.6,92.6,90.8,92.5,29168
2020-08-21,92.6,92.6,92.6,90.8,92.5,29168
2020-08-24,92.6,92.6,92.6,90.8,92.5,29168
2020-08-25,92.6,92.6,92.6,90.8,92.5,29168
2020-08-26,92.6,92.6,92.6,90.8,92.5,29168
2020-08-27,92.6,92.6,92.6,90.8,92.5,29168
2020-08-28,92.6,92.6,92.6,90.8,92.5,29168
2020-08-31,92.6,92.6,92.6,90.8,92.5,29168
2020-09-01,92.6,92.6,92.6,90.8,92.5,29168
2020-09-02,92.6,92.6,92.6,90.8,92.5,29168
2020-09-03,92.6,92.6,92.6,90.8,92.5,29168
2020-09-04,92.6,92.6,92.6,90.8,92.5,29168
2020-09-07,92.6,92.6,92.6,90.8,92.5,29168
2020-09-08,92.6,92.6,92.6,90.8,92.5,29168
2020-09-09,92.6,92.6,92.6,90.8,92.5,29168
2020-09-10,92.6,92.6,92.6,90.8,92.5,29168
2020-09-11,92.6,92.6,92.6,90.8,92.5,29168
2020-09-14,92.6,92.6,92.6,90.8,92.5,29168
2020-09-15,92.6,92.6,92.6,90.8,92.5,29168
2020-09-16,92.6,92.6,92.6,90.8,92.5,29168
2020-09-17,92.6,92.6,92.6,90.8,92.5,29168
2020-09-18,92.6,92.6,92.6,90.8,92.5,29168
2020-09-21,92.6,92.6,92.6,90.8,92.5,29168
2020-09-22,92.6,92.6,92.6,90.8,92.5,29168
2020-09-23,92.6,92.6,92.6,90.8,92.5,29168
2020-09-24,92.6,92.6,92.6,90.8,92.5,29168
2020-09-25,92.6,92.6,92.6,90.8,92.5,29168
2020-09-28,92.6,92.6,92.6,90.8,92.5,29168
2020-09-29,92.6,92.6,92.6,90.8,92.5,29168
2020-09-30,92.6,92.6,92.6,90.8,92.5,29168
2020-10-01,92.6,92.6,92.6,90.8,92.5,29168
2020-10-02,92.6,92.6,92.6,90.8,92.5,29168
2020-10-05,92.6,92.6,92.6,90.8,92.5,29168
2020-10-06,92.6,92.6,92.6,90.8,92.5,29168
2020-10-07,92.6,92.6,92.6,90.8,92.5,29168
2020-10-08,92.6,92.6,92.6,90.8,92.5,29168
2020-10-09,92.6,92.6,92.6,90.8,92.5,29168
2020-10-12,92.6,92.6,92.6,90.8,92.5,29168
2020-10-13,92.6,92.6,92.6,90.8,92.5,29168
2020-10-14,92.6,92.6,92.6,90.8,92.5,29168
2020-10-15,92.6,92.6,92.6,90.8,92.5,29168
2020-10-16,92.6,92.6,92.6,90.8,92.5,29168
2020-10-19,92.6,92.6,92.6,90.8,92.5,29168
2020-10-20,92.6,92.6,92.6,90.8,92.5,29168
2020-10-21,92.6,92.6,92.6,90.8,92.5,29168
2020-10-22,92.6,92.6,92.6,90.8,92.5,29168
2020-10-23,92.6,92.6,92.6,90.8,92.5,29168
2020-10-26,92.6,92.6,92.6,90.8,92.5,29168
2020-10-27,92.6,92.6,92.6,90.8,92.5,29168
2020-10-28,92.6,92.6,92.6,90.8,92.5,29168
2020-10-29,92.6,92.6,92.6,90.8,92.5,29168
2020-10-30,92.6,92.6,92.6,90.8,92.5,29168
2020-11-02,92.6,92.6,92.6,90.8,92.5,29168
2020-11-03,92.6,92.6,92.6,90.8,92.5,29168
2020-11-04,92.6,92.6,92.6,90.8,92.5,29168
2020-11-05,92.6,92.6,92.6,90.8,92.5,29168
2020-11-06,92.6,92.6,92.6,90.8,92.5,29168
2020-11-09,92.6,92.6,92.6,90.8,92.5,29168
2020-11-10,92.6,92.6,92.6,90.8,92.5,29168
2020-11-11,92.6,92.6,92.6,90.8,92.5,29168
2020-11-12,92.6,92.6,92.6,90.8,92.5,29168
2020-11-13,92.6,92.6,92.6,90.8,92.5,29168
2020-11-16,92.6,92.6,92.6,90.8,92.5,29168
2020-11-17,92.6,92.6,92.6,90.8,92.5,29168
2020-11-18,92.6,92.6,92.6,90.8,92.5,29168
2020-11-19,92.6,92.6,92.6,90.8,92.5,29168
2020-11-20,92.6,92.6,92.6,90.8,92.5,29168
2020-11-23,92.6,92.6,92.6,90.8,92.5,29168
2020-11-24,92.6,92.6,92.6,90.8,92.5,29168
2020-11-25,92.6,92.6,92.6,90.8,92.5,29168
2020-11-26,92.6,92.6,92.6,90.8,92.5,29168
2020-11-27,92.6,92.6,92.6,90.8,92.5,29168
2020-11-30,92.6,92.6,92.6,90.8,92.5,29168
2020-12-01,92.6,92.6,92.6,90.8,92.5,29168
2020-12-02,92.6,92.6,92.6,90.8,92.5,29168
2020-12-04,92.6,92.6,92.6,90.8,92.5,29168
2020-12-07,92.6,92.6,92.6,90.8,92.5,29168
2020-12-08,92.6,92.6,92.6,90.8,92.5,29168
2020-12-09,92.6,92.6,92.6,90.8,92.5,29168
2020-12-10,92.6,92.6,92.6,90.8,92.5,29168
2020-12-11,92.6,92.6,92.6,90.8,92.5,29168
2020-12-14,92.6,92.6,92.6,90.8,92.5,29168
2020-12-15,92.6,92.6,92.6,90.8,92.5,29168
2020-12-16,92.6,92.6,92.6,90.8,92.5,29168
2020-12-17,92.6,92.6,92.6,90.8,92.5,29168
2020-12-18,92.6,92.6,92.6,90.8,92.5,29168
2020-12-21,92.6,92.6,92.6,90.8,92.5,29168
2020-12-22,92.6,92.6,92.6,90.8,92.5,29168
2020-12-23,92.6,92.6,92.6,90.8,92.5,29168
2020-12-24,92.6,92.6,92.6,90.8,92.5,29168
2020-12-25,92.6,92.6,92.6,90.8,92.5,29168
2020-12-28,92.6,92.6,92.6,90.8,92.5,29168
2020-12-29,92.6,92.6,92.6,90.8,92.5,29168
2020-12-30,92.6,92.6,92.6,90.8,92.5,29168
2020-12-31,92.6,92.6,92.6,90.8,92.5,29168
2021-01-01,92.6,92.6,92.6,90.8,92.5,29168
2021-01-04,92.6,92.6,92.6,90.8,92.5,29168
2021-01-05,92.6,92.6,92.6,90.8,92.5,29168
2021-01-06,92.6,92.6,92.6,90.8,92.5,29168
2021-01-07,92.6,92.6,92.6,90.8,92.5,29168
2021-01-08,92.6,92.6,92.6,90.8,92.5,29168
2021-01-11,92.6,92.6,92.6,90.8,92.5,29168
2021-01-12,92.6,92.6,92.6,90.8,92.5,29168
2021-01-13,92.6,92.6,92.6,90.8,92.5,29168
2021-01-14,92.6,92.6,92.6,90.8,92.5,29168
2021-01-15,92.6,92.6,92.6,90.8,92.5,29168
2021-01-18,92.6,92.6,92.6,90.8,92.5,29168
2021-01-19,92.6,92.6,92.6,90.8,92.5,29168
2021-01-20,92.6,92.6,92.6,90.8,92.5,29168
2021-01-21,92.6,92.6,92.6,90.8,92.5,29168
2021-01-22,92.6,92.6,92.6,90.8,92.5,29168
2021-01-25,92.6,92.6,92.6,90.8,92.5,29168
2021-01-26,92.6,92.6,92.6,90.8,92.5,29168
2021-01-27,92.6,92.6,92.6,90.8,92.5,29168
2021-01-28,92.6,92.6,92.6,90.8,92.5,29168
2021-01-29,92.6,92.6,92.6,90.8,92.5,29168
2021-02-01,92.6,92.6,92.6,90.8,92.5,29168
2021-02-02,92.6,92.6,92.6,90.8,92.5,29168
2021-02-03,92.6,92.6,92.6,90.8,92.5,29168
2021-02-04,92.6,92.6,92.6,90.8,92.5,29168
2021-02-05,92.6,92.6,92.6,90.8,92.5,29168
2021-02-08,92.6,92.6,92.6,90.8,92.5,29168
2021-02-09,92.6,92.6,92.6,90.8,92.5,29168
2021-02-10,92.6,92.6,92.6,90.8,92.5,29168
2021-02-11,92.6,92.6,92.6,90.8,92.5,29168
2021-02-12,92.6,92.6,92.6,90.8,92.5,29168
2021-02-15,92.6,92.6,92.6,90.8,92.5,29168
2021-02-16,92.6,92.6,92.6,90.8,92.5,29168
2021-02-17,92.6,92.6,92.6,90.8,92.5,29168
2021-02-18,92.6,92.6,92.6,90.8,92.5,29168
2021-02-19,92.6,92.6,92.6,90.8,92.5,29168
2021-02-22,92.6,92.6,92.6,90.8,92.5,29168
2021-02-23,92.6,92.6,92.6,90.8,92.5,29168
2021-02-24,92.6,92.6,92.6,90.8,92.5,29168
2021-02-25,92.6,92.6,92.6,90.8,92.5,29168
2021-02-26,92.6,92.6,92.6,90.8,92.5,29168
2021-03-01,92.6,92.6,92.6,90.8,92.5,29168
2021-03-02,92.6,92.6,92.6,90.8,92.5,29168
2021-03-03,92.6,92.6,92.6,90.8,92.5,29168
2021-03-04,92.6,92.6,92.6,90.8,92.5,29168
2021-03-05,92.6,92.6,92.6,90.8,92.5,29168
2021-03-08,92.6,92.6,92.6,90.8,92.5,29168
2021-03-09,92.6,92.6,92.6,90.8,92.5,29168
2021-03-10,92.6,92.6,92.6,90.8,92.5,29168
2021-03-11,92.6,92.6,92.6,90.8,92.5,29168
2021-03-12,92.6,92.6,92.6,90.8,92.5,29168
2021-03-15,92.6,92.6,92.6,90.8,92.5,29168
2021-03-16,92.6,92.6,92.6,90.8,92.5,29168
2021-03-17,92.6,92.6,92.6,90.8,92.5,29168
2021-03-18,92.6,92.6,92.6,90.8,92.5,29168
2021-03-19,92.6,92.6,92.6,90.8,92.5,29168
2021-03-22,92.6,92.6,92.6,90.8,92.5,29168
2021-03-23,92.6,92.6,92.6,90.8,92.5,29168
2021-03-24,92.6,92.6,92.6,90.8,92.5,29168
2021-03-25,92.6,92.6,92.6,90.8,92.5,29168
2021-03-26,92.6,92.6,92.6,90.8,92.5,29168
2021-03-29,92.6,92.6,92.6,90.8,92.5,29168
2021-03-30,92.6,92.6,92.6,90.8,92.5,29168
2021-03-31,92.6,92.6,92.6,90.8,92.5,29168
2021-04-01,92.6,92.6,92.6,90.8,92.5,29168
2021-04-02,92.6,92.6,92.6,90.8,92.5,29168
2021-04-05,92.6,92.6,92.6,90.8,92.5,29168
2021-04-06,92.6,92.6,92.6,90.8,92.5,29168
2021-04-07,92.6,92.6,92.6,90.8,92.5,29168
2021-04-08,92.6,92.6,92.6,90.8,92.5,29168
2021-04-09,92.6,92.6,92.6,90.8,92.5,29168
2021-04-12,92.6,92.6,92.6,90.8,92.5,29168
2021-04-13,92.6,92.6,92.6,90.8,92.5,29168
2021-04-14,92.6,92.6,92.6,90.8,92.5,29168
2021-04-15,92.6,92.6,92.6,90.8,92.5,29168
2021-04-16,92.6,92.6,92.6,90.8,92.5,29168
2021-04-19,92.6,92.6,92.6,90.8,92.5,29168
2021-04-20,92.6,92.6,92.6,90.8,92.5,29168
2021-04-21,92.6,92.6,92.6,90.8,92.5,29168
2021-04-22,92.6,92.6,92.6,90.8,92.5,29168
2021-04-23,92.6,92.6,92.6,90.8,92.5,29168
2021-04-26,92.6,92.6,92.6,90.8,92.5,29168
2021-04-27,92.6,92.6,92.6,90.8,92.5,29168
2021-04-28,92.6,92.6,92.6,90.8,92.5,29168
2021-04-29,92.6,92.6,92.6,90.8,92.5,29168
2021-04-30,92.6,92.6,92.6,90.8,92.5,29168
2021-05-03,92.6,92.6,92.6,90.8,92.5,29168
2021-05-04,92.6,92.6,92.6,90.8,92.5,29168
2021-05-05,92.6,92.6,92.6,90.8,92.5,29168
2021-05-06,92.6,92.6,92.6,90.8,92.5,29168
2021-05-07,92.6,92.6,92.6,90.8,92.5,29168
2021-05-10,92.6,92.6,92.6,90.8,92.5,29168
2021-05-11,92.6,92.6,92.6,90.8,92.5,29168
2021-05-12,92.6,92.6,92.6,90.8,92.5,29168
2021-05-13,92.6,92.6,92.6,90.8,92.5,29168
2021-05-14,92.6,92.6,92.6,90.8,92.5,29168
2021-05-17,92.6,92.6,92.6,90.8,92.5,29168
2021-05-18,92.6,92.6,92.6,90.8,92.5,29168
2021-05-19,92.6,92.6,92.6,90.8,92.5,29168
2021-05-20,92.6,92.6,92.6,90.8,92.5,29168
2021-05-21,92.6,92.6,92.6,90.8,92.5,29168
2021-05-24,92.6,92.6,92.6,90.8,92.5,29168
2021-05-25,92.6,92.6,92.6,90.8,92.5,29168
2021-05-26,92.6,92.6,92.6,90.8,92.5,29168
2021-05-27,92.6,92.6,92.6,90.8,92.5,29168
2021-05-28,92.6,92.6,92.6,90.8,92.5,29168
2021-05-31,92.6,92.6,92.6,90.8,92.5,29168
2021-06-01,92.6,92.6,92.6,90.8,92.5,29168
2021-06-02,92.6,92.6,92.6,90.8,92.5,29168
2021-06-03,92.6,92.6,92.6,90.8,92.5,29168
2021-06-04,92.6,92.6,92.6,90.8,92.5,29168
2021-06-07,92.6,92.6,92.6,90.8,92.5,29168
2021-06-08,92.6,92.6,92.6,90.8,92.5,29168
2021-06-09,92.6,92.6,92.6,90.8,92.5,29168
2021-06-10,92.6,92.6,92.6,90.8,92.5,29168
2021-06-11,92.6,92.6,92.6,90.8,92.5,29168
2021-06-14,92.6,92.6,92.6,90.8,92.5,29168
2021-06-15,92.6,92.6,92.6,90.8,92.5,29168
2021-06-16,92.6,92.6,92.6,90.8,92.5,29168
2021-06-17,92.6,92.6,92.6,90.8,92.5,29168
2021-06-18,92.6,92.6,92.6,90.8,92.5,29168
2021-06-21,92.6,92.6,92.6,90.8,92.5,29168
2021-06-22,92.6,92.6,92.6,90.8,92.5,29168
2021-06-23,92.6,92.6,92.6,90.8,92.5,29168
2021-06-24,92.6,92.6,92.6,90.8,92.5,29168
2021-06-25,92.6,92.6,92.6,90.8,92.5,29168
2021-06-28,92.6,92.6,92.6,90.8,92.5,29168
2021-06-29,92.6,92.6,92.6,90.8,92.5,29168
2021-06-30,92.6,92.6,92.6,90.8,92.5,29168
2021-07-01,92.6,92.6,92.6,90.8,92.5,29168
2021-07-02,92.6,92.6,92.6,90.8,92.5,29168
2021-07-05,92.6,92.6,92.6,90.8,92.5,29168
2021-07-06,92.6,92.6,92.6,90.8,92.5,29168
2021-07-07,92.6,92.6,92.6,90.8,92.5,29168
2021-07-08,92.6,92.6,92.6,90.8,92.5,29168
2021-07-09,92.6,92.6,92.6,90.8,92.5,29168
2021-07-12,92.6,92.6,92.6,90.8,92.5,29168
2021-07-13,92.6,92.6,92.6,90.8,92.5,29168
2021-07-14,92.6,92.6,92.6,90.8,92.5,29168
2021-07-15,92.6,92.6,92.6,90.8,92.5,29168
2021-07-16,92.6,92.6,92.6,90.8,92.5,29168
2021-07-19,92.6,92.6,92.6,90.8,92.5,29168
2021-07-20,92.6,92.6,92.6,90.8,92.5,29168
2021-07-21,92.6,92.6,92.6,90.8,92.5,29168
2021-07-22,92.6,92.6,92.6,90.8,92.5,29168
2021-07-23,92.6,92.6,92.6,90.8,92.5,29168
2021-07-26,92.6,92.6,92.6,90.8,92.5,29168
2021-07-27,92.6,92.6,92.6,90.8,92.5,29168
2021-07-28,92.6,92.6,92.6,90.8,92.5,29168
2021-07-29,92.6,92.6,92.6,90.8,92.5,29168
2021-07-30,92.6,92.6,92.6,90.8,92.5,29168
2021-08-02,92.6,92.6,92.6,90.8,92.5,29168
2021-08-03,92.6,92.6,92.6,90.8,92.5,29168
2021-08-04,92.6,92.6,92.6,90.8,92.5,29168
2021-08-05,92.6,92.6,92.6,90.8,92.5,29168
2021-08-06,92.6,92.6,92.6,90.8,92.5,29168
2021-08-09,65.0,65.0,65.7,64.0,64.0,462000
2021-08-10,64.5,64.5,65.0,64.2,65.0,151000
2021-08-11,64.6,64.6,65.0,64.1,64.4,142000
2021-08-12,64.5,64.5,64.7,64.3,64.3,44000
2021-08-13,64.0,64.0,64.7,64.0,64.7,162000
2021-08-16,62.7,62.7,64.0,62.3,64.0,214000
2021-08-17,62.3,62.3,62.8,61.8,62.5,100000
2021-08-18,63.2,63.2,63.2,62.1,62.2,40000
2021-08-19,62.9,62.9,63.5,62.5,63.5,64000
2021-08-20,62.1,62.1,62.6,62.0,62.5,104000
2021-08-23,62.8,62.8,63.3,62.3,62.5,22000
2021-08-24,62.7,62.7,63.0,62.1,63.0,70000
2021-08-25,62.8,62.8,62.9,62.3,62.8,90000
2021-08-26,62.8,62.8,63.4,62.5,62.6,24000
2021-08-27,63.0,63.0,63.6,62.8,63.5,29000
2021-08-30,63.0,63.0,63.3,62.9,63.0,32000
2021-08-31,63.4,63.4,63.7,63.1,63.2,32000
2021-09-01,64.2,64.2,64.3,63.6,64.0,57000
2021-09-02,63.9,63.9,64.9,63.8,64.1,90000
2021-09-03,64.3,64.3,64.6,64.2,64.5,35000
2021-09-06,64.3,64.3,64.4,63.6,64.4,33000
2021-09-07,64.0,64.0,64.4,63.7,64.4,21000
2021-09-08,63.4,63.4,64.1,63.4,64.1,32000
2021-09-09,63.5,63.5,63.7,63.4,63.4,31000
2021-09-10,63.5,63.5,63.5,63.3,63.4,70000
2021-09-13,63.5,63.5,63.6,63.4,63.5,66000
2021-09-14,63.0,63.0,63.4,63.0,63.2,109000
2021-09-15,62.9,62.9,63.2,62.9,63.2,91000
2021-09-16,63.4,63.4,63.4,62.7,63.0,31000
2021-09-17,63.4,63.4,63.6,63.0,63.6,14000
2021-09-20,92.3,92.3,93.0,92.2,92.7,13107
2021-09-21,92.3,92.3,93.0,92.2,92.7,13107
2021-09-22,63.2,63.2,63.5,62.7,63.0,66000
2021-09-23,63.1,63.1,63.4,63.0,63.4,42000
2021-09-24,63.1,63.1,63.4,63.0,63.4,31000
2021-09-27,62.9,62.9,63.0,62.6,62.9,34000
2021-09-28,62.6,62.6,63.0,62.6,62.9,44000
2021-09-29,62.6,62.6,62.6,62.5,62.5,32000
2021-09-30,62.2,62.2,62.6,61.7,62.5,126000
2021-10-01,61.2,61.2,62.0,61.1,62.0,113000
2021-10-04,60.8,60.8,61.2,60.1,61.2,103000
2021-10-05,60.9,60.9,61.0,60.5,60.8,35000
2021-10-06,60.8,60.8,61.0,60.5,60.5,23000
2021-10-07,61.1,61.1,61.3,60.9,61.0,34000
2021-10-08,62.7,62.7,62.7,61.5,61.5,77000
2021-10-11,92.3,92.3,93.0,92.2,92.7,13107
2021-10-12,62.4,62.4,63.0,62.3,62.9,45000
2021-10-13,63.1,63.1,63.4,62.9,62.9,81000
2021-10-14,63.2,63.2,63.6,63.1,63.5,90000
2021-10-15,63.6,63.6,63.8,63.3,63.5,47000
2021-10-18,63.7,63.7,64.0,63.6,63.9,42000
2021-10-19,63.8,63.8,64.0,63.7,63.7,23000
2021-10-20,63.7,63.7,63.9,63.6,63.9,35000
2021-10-21,63.5,63.5,63.8,63.5,63.6,42000
2021-10-22,63.4,63.4,63.5,63.2,63.5,29000
2021-10-25,63.2,63.2,63.3,63.1,63.2,73000
2021-10-26,63.7,63.7,63.9,63.2,63.2,17000
2021-10-27,63.6,63.6,63.9,63.5,63.6,30000
2021-10-28,63.6,63.6,63.8,62.8,62.8,47000
2021-10-29,63.5,63.5,63.7,63.3,63.7,43000
2021-11-01,63.8,63.8,64.0,63.5,63.5,71000
2021-11-02,63.9,63.9,64.2,63.8,64.0,103000
2021-11-03,64.3,64.3,64.3,64.0,64.2,42000
2021-11-04,65.5,65.5,65.8,64.3,64.4,85000
2021-11-05,66.3,66.3,67.0,65.8,66.0,143000
2021-11-08,67.4,67.4,67.8,66.9,66.9,189000
2021-11-09,67.2,67.2,68.0,67.2,68.0,84000
2021-11-10,66.8,66.8,67.2,66.7,67.0,97000
2021-11-11,67.3,67.3,68.0,66.8,66.8,57000
2021-11-12,67.0,67.0,67.3,67.0,67.2,47000
2021-11-15,67.8,67.8,67.9,67.1,67.1,127000
2021-11-16,68.2,68.2,68.3,67.8,67.8,97000
2021-11-17,68.1,68.1,68.3,68.0,68.3,53000
2021-11-18,68.1,68.1,68.2,67.9,68.1,33000
2021-11-19,67.6,67.6,68.2,67.4,68.2,64000
2021-11-22,67.8,67.8,67.8,67.1,67.6,80000
2021-11-23,67.0,67.0,67.8,67.0,67.8,50000
2021-11-24,68.0,68.0,68.2,67.0,67.0,81000
2021-11-25,67.8,67.8,68.0,67.6,68.0,23000
2021-11-26,67.6,67.6,67.8,67.5,67.8,40000
2021-11-29,67.4,67.4,67.6,66.7,66.8,62000
2021-11-30,67.3,67.3,67.9,67.3,67.8,35000
2021-12-01,67.4,67.4,67.9,67.4,67.5,59000
2021-12-02,67.1,67.1,67.6,67.0,67.6,30000
2021-12-03,67.5,67.5,68.8,67.5,68.8,18000
2021-12-06,67.8,67.8,68.0,67.5,68.0,31000
2021-12-07,67.7,67.7,67.9,67.6,67.8,22000
2021-12-08,67.8,67.8,69.5,67.8,69.5,45000
2021-12-09,68.1,68.1,68.7,68.1,68.1,109000
2021-12-10,68.1,68.1,68.4,68.1,68.3,37000
2021-12-13,69.0,69.0,69.0,68.1,68.4,118000
2021-12-14,68.9,68.9,69.0,68.5,69.0,81000
2021-12-15,68.9,68.9,69.0,68.7,69.0,50000
2021-12-16,69.2,69.2,69.3,69.0,69.0,51000
2021-12-17,68.8,68.8,68.8,68.5,68.8,66000
2021-12-20,68.7,68.7,68.9,68.7,68.8,35000
2021-12-21,69.0,69.0,69.2,68.7,69.2,11000
2021-12-22,68.9,68.9,69.5,68.5,69.5,19000
2021-12-23,69.0,69.0,69.0,68.4,68.9,56000
2021-12-24,68.6,68.6,69.0,68.5,69.0,20000
2021-12-27,68.8,68.8,68.8,68.6,68.8,24000
2021-12-28,68.9,68.9,68.9,68.6,68.8,37000
2021-12-29,69.2,69.2,69.2,68.8,68.9,56000
2021-12-30,70.2,70.2,70.2,69.3,69.3,132000
2021-12-31,92.3,92.3,93.0,92.2,92.7,13107
2022-01-03,70.1,70.1,70.7,70.0,70.3,78000
2022-01-04,70.4,70.4,70.5,69.8,70.2,73000
2022-01-05,70.4,70.4,70.4,69.8,70.3,62000
2022-01-06,70.3,70.3,70.4,70.0,70.4,59000
2022-01-07,69.9,69.9,70.1,69.5,69.8,67000
2022-01-10,70.2,70.2,70.5,69.8,70.5,73000
2022-01-11,69.7,69.7,70.3,69.5,69.9,93000
2022-01-12,69.5,69.5,69.8,69.0,69.8,125000
2022-01-13,69.5,69.5,69.7,69.4,69.6,29000
2022-01-14,69.6,69.6,73.0,69.5,70.2,147000
2022-01-17,69.5,69.5,69.9,69.1,69.2,34000
2022-01-18,69.4,69.4,69.8,69.4,69.5,27000
2022-01-19,69.2,69.2,69.8,69.2,69.5,29000
2022-01-20,69.4,69.4,69.5,68.8,68.8,33000
2022-01-21,68.8,68.8,69.3,68.8,69.0,47000
2022-01-24,68.5,68.5,68.8,67.7,68.8,130000
2022-01-25,68.2,68.2,68.5,67.7,68.5,76000
2022-01-26,68.2,68.2,68.6,67.8,68.2,69000
2022-01-27,92.3,92.3,93.0,92.2,92.7,13107
2022-01-28,92.3,92.3,93.0,92.2,92.7,13107
2022-01-31,92.3,92.3,93.0,92.2,92.7,13107
2022-02-01,92.3,92.3,93.0,92.2,92.7,13107
2022-02-02,92.3,92.3,93.0,92.2,92.7,13107
2022-02-03,92.3,92.3,93.0,92.2,92.7,13107
2022-02-04,92.3,92.3,93.0,92.2,92.7,13107
2022-02-07,68.8,68.8,69.2,68.7,69.2,85000
2022-02-08,68.9,68.9,68.9,68.6,68.8,28000
2022-02-09,68.8,68.8,68.9,68.7,68.8,39000
2022-02-10,68.8,68.8,69.0,68.8,68.9,29000
2022-02-11,68.5,68.5,68.9,68.5,68.5,21000
2022-02-14,68.0,68.0,68.5,68.0,68.5,138000
2022-02-15,68.1,68.1,68.5,68.0,68.0,47000
2022-02-16,68.4,68.4,68.7,68.1,68.2,45000
2022-02-17,68.2,68.2,68.4,68.2,68.4,45000
2022-02-18,68.2,68.2,68.3,68.1,68.1,35000
2022-02-21,68.5,68.5,68.5,68.2,68.5,21000
2022-02-22,68.2,68.2,68.5,68.0,68.5,65000
2022-02-23,68.0,68.0,68.4,68.0,68.2,80000
2022-02-24,68.0,68.0,69.0,67.5,69.0,125000
2022-02-25,68.0,68.0,68.1,67.9,68.0,46000
2022-02-28,92.3,92.3,93.0,92.2,92.7,13107
2022-03-01,68.2,68.2,68.5,68.0,68.0,63000
2022-03-02,68.4,68.4,68.4,68.1,68.1,48000
2022-03-03,68.7,68.7,69.1,68.6,68.6,57000
2022-03-04,69.7,69.7,69.8,68.6,68.6,97000
2022-03-07,69.4,69.4,69.7,68.9,69.7,108000
2022-03-08,69.1,69.1,69.5,68.9,69.0,107000
2022-03-09,69.5,69.5,69.7,69.1,69.2,64000
2022-03-10,70.5,70.5,71.4,69.8,69.8,120000
2022-03-11,70.5,70.5,71.3,69.9,70.5,113000
2022-03-14,71.6,71.6,71.8,71.0,71.0,127000
2022-03-15,71.6,71.6,72.5,71.6,72.5,101000
2022-03-16,71.7,71.7,72.3,71.2,72.3,80000
2022-03-17,71.9,71.9,72.5,71.9,72.3,66000
2022-03-18,72.0,72.0,72.7,71.9,72.0,138000
2022-03-21,72.0,72.0,72.3,71.7,72.0,58000
2022-03-22,72.2,72.2,72.5,72.0,72.2,41000
2022-03-23,72.4,72.4,72.7,72.4,72.5,49000
2022-03-24,72.6,72.6,72.6,71.8,72.5,75000
2022-03-25,72.4,72.4,72.6,72.3,72.6,39000
2022-03-28,72.6,72.6,73.1,72.3,72.5,38000
2022-03-29,72.3,72.3,72.9,72.3,72.4,48000
2022-03-30,72.5,72.5,72.7,72.2,72.6,63000
2022-03-31,72.4,72.4,72.5,72.2,72.5,32000
2022-04-01,72.4,72.4,73.1,72.4,72.8,42000
2022-04-04,92.3,92.3,93.0,92.2,92.7,13107
2022-04-05,92.3,92.3,93.0,92.2,92.7,13107
2022-04-06,73.1,73.1,73.3,72.5,72.5,53000
2022-04-07,72.5,72.5,73.1,72.5,73.1,44000
2022-04-08,72.6,72.6,72.9,72.6,72.9,21000
2022-04-11,73.2,73.2,74.2,72.6,74.2,64000
2022-04-12,72.9,72.9,73.4,72.8,73.1,70000
2022-04-13,73.1,73.1,73.5,72.9,73.3,40000
2022-04-14,72.9,72.9,73.3,72.9,73.2,17000
2022-04-15,73.0,73.0,73.2,72.9,72.9,19000
2022-04-18,73.1,73.1,73.4,73.0,73.4,30000
2022-04-19,73.4,73.4,73.6,73.4,73.4,48000
2022-04-20,73.1,73.1,73.3,73.1,73.3,43000
2022-04-21,73.2,73.2,73.3,73.1,73.1,25000
2022-04-22,73.3,73.3,73.5,73.2,73.4,19000
2022-04-25,72.9,72.9,73.1,72.8,73.0,59000
2022-04-26,72.8,72.8,73.0,72.6,72.7,40000
2022-04-27,72.4,72.4,72.7,71.9,72.7,71000
2022-04-28,72.6,72.6,73.0,72.5,72.5,29000
2022-04-29,72.6,72.6,72.9,72.6,72.6,13000
2022-05-02,92.3,92.3,93.0,92.2,92.7,13107
2022-05-03,72.8,72.8,72.8,72.3,72.6,26000
2022-05-04,72.3,72.3,72.6,72.3,72.6,41000
2022-05-05,72.3,72.3,72.8,72.3,72.8,19000
2022-05-06,72.5,72.5,72.5,70.5,70.5,15000
2022-05-09,71.2,71.2,72.5,71.2,72.5,60000
2022-05-10,71.0,71.0,71.0,70.2,70.8,60000
2022-05-11,70.7,70.7,72.0,70.7,72.0,15000
2022-05-12,70.0,70.0,70.6,70.0,70.6,91000
2022-05-13,70.6,70.6,70.7,70.0,70.0,38000
2022-05-16,70.7,70.7,70.8,70.6,70.8,39000
2022-05-17,70.6,70.6,70.8,69.8,69.8,57000
2022-05-18,70.8,70.8,70.8,70.7,70.8,25000
2022-05-19,70.3,70.3,71.4,70.2,70.3,19000
2022-05-20,70.5,70.5,71.8,70.3,70.3,43000
2022-05-23,70.7,70.7,70.7,70.5,70.6,14000
2022-05-24,70.8,70.8,70.8,70.5,70.7,15000
2022-05-25,70.9,70.9,70.9,70.7,70.9,10000
2022-05-26,71.2,71.2,71.4,70.8,71.0,59000
2022-05-27,72.2,72.2,72.2,71.3,71.3,37000
2022-05-30,72.2,72.2,72.7,72.0,72.5,38000
2022-05-31,71.6,71.6,72.1,71.6,71.8,18000
2022-06-01,71.5,71.5,71.7,71.5,71.5,25000
2022-06-02,71.1,71.1,71.6,71.1,71.6,48000
2022-06-03,92.3,92.3,93.0,92.2,92.7,13107
2022-06-06,71.2,71.2,71.5,71.0,71.2,40000
2022-06-07,71.3,71.3,71.3,71.2,71.2,16000
2022-06-08,71.3,71.3,71.5,71.0,71.0,24000
2022-06-09,71.7,71.7,72.3,71.5,71.5,66000
2022-06-10,71.8,71.8,72.5,71.8,72.5,57000
2022-06-13,71.9,71.9,72.0,71.7,72.0,65000
2022-06-14,71.6,71.6,71.9,71.5,71.6,57000
2022-06-15,71.5,71.5,71.6,71.4,71.6,31000
2022-06-16,71.1,71.1,71.8,71.1,71.8,50000
2022-06-17,70.9,70.9,71.4,70.9,71.1,60000
2022-06-20,70.0,70.0,71.0,70.0,70.9,131000
2022-06-21,70.0,70.0,70.3,69.4,69.5,70000
2022-06-22,69.6,69.6,70.0,69.5,70.0,40000
2022-06-23,70.3,70.3,70.3,69.5,69.6,34000
2022-06-24,70.4,70.4,70.8,69.9,70.3,35000
2022-06-27,70.4,70.4,70.8,70.3,70.5,33000
2022-06-28,70.0,70.0,70.4,69.6,70.4,45000
2022-06-29,70.2,70.2,70.2,70.0,70.0,15000
2022-06-30,70.0,70.0,70.0,69.7,70.0,32000
2022-07-01,69.6,69.6,70.7,69.5,69.9,65000
2022-07-04,69.9,69.9,69.9,69.3,69.8,33000
2022-07-05,69.5,69.5,69.9,69.5,69.9,48000
2022-07-06,69.4,69.4,70.0,69.3,70.0,30000
2022-07-07,69.9,69.9,69.9,69.4,69.6,34000
2022-07-08,69.8,69.8,70.1,69.8,70.1,38000
2022-07-11,69.3,69.3,69.4,69.1,69.4,38000
2022-07-12,68.5,68.5,69.0,68.3,69.0,67000
2022-07-13,69.2,69.2,69.4,68.3,68.3,41000
2022-07-14,69.2,69.2,69.2,68.8,68.8,16000
2022-07-15,68.7,68.7,69.0,68.6,69.0,15000
2022-07-18,69.0,69.0,69.0,68.9,69.0,21000
2022-07-19,68.8,68.8,69.0,68.8,69.0,42000
2022-07-20,69.0,69.0,69.5,69.0,69.0,42000
2022-07-21,69.1,69.1,69.2,68.9,69.2,20000
2022-07-22,69.0,69.0,69.1,68.3,69.1,63000
2022-07-25,68.7,68.7,68.8,68.6,68.8,23000
2022-07-26,68.8,68.8,68.9,68.7,68.8,30000
2022-07-27,68.8,68.8,69.0,68.7,68.8,70000
2022-07-28,68.8,68.8,69.0,68.8,68.9,43000
2022-07-29,69.2,69.2,69.4,68.9,68.9,66000
2022-08-01,69.1,69.1,69.3,69.0,69.2,71000
2022-08-02,68.9,68.9,69.1,68.8,69.0,27000
2022-08-03,69.0,69.0,69.0,68.8,69.0,43000
2022-08-04,69.0,69.0,69.0,68.8,68.9,38000
2022-08-05,69.7,69.7,70.0,69.5,69.5,45000
2022-08-08,69.5,69.5,69.7,69.3,69.7,42000
2022-08-09,70.0,70.0,70.5,69.5,69.5,74000
2022-08-10,70.1,70.1,70.1,69.8,69.9,33000
2022-08-11,71.6,71.6,72.9,70.5,70.5,73000
2022-08-12,72.0,72.0,72.4,71.7,71.7,68000
2022-08-15,72.1,72.1,72.4,72.0,72.4,40000
2022-08-16,71.9,71.9,72.1,71.1,72.1,19000
2022-08-17,71.7,71.7,71.9,71.6,71.8,35000
2022-08-18,71.7,71.7,72.0,71.6,72.0,31000
2022-08-19,71.9,71.9,71.9,71.6,71.8,37000
2022-08-22,71.4,71.4,71.5,71.3,71.5,52000
2022-08-23,71.5,71.5,71.5,71.1,71.2,17000
2022-08-24,71.8,71.8,71.9,71.5,71.8,23000
2022-08-25,71.8,71.8,71.8,71.7,71.8,28000
2022-08-26,72.0,72.0,72.0,71.8,71.8,37000
2022-08-29,72.0,72.0,72.2,71.5,71.7,54000
2022-08-30,72.2,72.2,72.2,72.0,72.0,54000
2022-08-31,72.6,72.6,72.6,72.2,72.3,102000
2022-09-01,72.4,72.4,72.8,72.2,72.5,64000
2022-09-02,73.1,73.1,74.1,72.2,72.4,126000
2022-09-05,73.8,73.8,74.1,73.3,74.0,134000
2022-09-06,73.0,73.0,74.6,72.6,74.3,94000
2022-09-07,72.5,72.5,73.0,72.0,73.0,97000
2022-09-08,73.5,73.5,73.7,72.5,72.5,68000
2022-09-09,92.3,92.3,93.0,92.2,92.7,13107
2022-09-12,73.4,73.4,73.9,73.2,73.9,164000
2022-09-13,73.4,73.4,73.6,73.2,73.6,138000
2022-09-14,73.4,73.4,73.6,73.0,73.3,124000
2022-09-15,74.3,74.3,74.3,73.4,73.4,584000
2022-09-16,68.8,68.8,69.3,67.8,68.0,416000
2022-09-19,68.9,68.9,69.9,68.8,69.3,82000
2022-09-20,69.8,69.8,69.8,68.9,68.9,49000
2022-09-21,69.4,69.4,70.1,69.0,70.0,61000
2022-09-22,69.0,69.0,69.6,68.7,69.0,59000
2022-09-23,68.9,68.9,69.2,68.8,69.0,33000
2022-09-26,68.7,68.7,69.0,68.3,68.6,86000
2022-09-27,69.0,69.0,69.5,68.3,68.5,74000
2022-09-28,68.6,68.6,69.9,68.4,69.0,80000
2022-09-29,68.9,68.9,69.8,68.5,68.7,45000
2022-09-30,68.4,68.4,68.8,67.8,68.3,61000
2022-10-03,68.0,68.0,68.1,67.7,67.8,64000
2022-10-04,68.1,68.1,68.2,67.5,68.2,63000
2022-10-05,68.1,68.1,68.5,68.0,68.1,53000
2022-10-06,68.1,68.1,68.3,67.7,67.9,10000
2022-10-07,68.3,68.3,68.5,67.9,68.2,25000
2022-10-10,92.3,92.3,93.0,92.2,92.7,13107
2022-10-11,67.2,67.2,68.3,67.2,68.3,88000
2022-10-12,67.0,67.0,67.3,66.7,67.0,61000
2022-10-13,66.0,66.0,67.0,66.0,67.0,120000
2022-10-14,64.8,64.8,66.8,64.7,66.0,293000
2022-10-17,63.5,63.5,64.5,63.4,64.5,101000
2022-10-18,64.0,64.0,66.1,63.1,63.2,240000
2022-10-19,63.6,63.6,65.3,63.5,65.2,160000
2022-10-20,63.6,63.6,64.1,63.2,64.1,64000
2022-10-21,63.5,63.5,64.1,63.3,64.1,36000
2022-10-24,63.8,63.8,64.0,63.5,63.7,40000
2022-10-25,63.7,63.7,63.9,63.5,63.5,38000
2022-10-26,63.9,63.9,64.2,63.6,63.7,67000
2022-10-27,63.9,63.9,64.2,63.9,63.9,26000
2022-10-28,64.0,64.0,64.9,63.9,64.5,62000
2022-10-31,64.5,64.5,64.9,63.6,63.8,25000
2022-11-01,64.7,64.7,65.2,64.7,65.0,23000
2022-11-02,64.7,64.7,65.0,64.7,64.7,26000
2022-11-03,64.6,64.6,64.8,64.3,64.3,27000
2022-11-04,64.7,64.7,64.7,63.9,64.5,85000
2022-11-07,66.3,66.3,66.3,64.8,64.8,94000
2022-11-08,67.2,67.2,67.8,66.9,66.9,58000
2022-11-09,67.8,67.8,68.1,67.2,67.3,80000
2022-11-10,67.2,67.2,67.3,67.1,67.1,39000
2022-11-11,67.5,67.5,67.8,67.3,67.5,41000
2022-11-14,67.3,67.3,68.5,67.1,67.5,92000
2022-11-15,67.6,67.6,67.6,67.0,67.3,53000
2022-11-16,67.5,67.5,67.6,67.2,67.6,27000
2022-11-17,67.4,67.4,67.8,67.0,67.0,32000
2022-11-18,67.0,67.0,67.4,67.0,67.3,54000
2022-11-21,66.9,66.9,67.0,66.6,67.0,31000
2022-11-22,67.2,67.2,68.0,67.0,68.0,52000
2022-11-23,67.5,67.5,67.5,66.8,66.8,57000
2022-11-24,67.5,67.5,67.9,67.4,67.4,47000
2022-11-25,67.4,67.4,67.6,67.1,67.5,38000
2022-11-28,67.5,67.5,67.6,66.6,67.6,35000
2022-11-29,67.6,67.6,67.6,66.7,67.6,46000
2022-11-30,67.6,67.6,67.9,67.3,67.4,44000
2022-12-01,67.7,67.7,67.8,67.3,67.7,70000
2022-12-02,67.7,67.7,67.7,67.4,67.7,30000
2022-12-05,68.0,68.0,68.1,67.7,67.7,76000
2022-12-06,67.9,67.9,68.2,67.8,68.1,70000
2022-12-07,67.8,67.8,67.9,67.6,67.8,24000
2022-12-08,67.5,67.5,67.8,66.4,67.8,36000
2022-12-09,67.8,67.8,67.8,67.5,67.8,21000
2022-12-12,68.0,68.0,68.2,67.7,67.8,84000
2022-12-13,67.9,67.9,68.0,67.7,68.0,21000
2022-12-14,67.8,67.8,67.9,67.8,67.9,44000
2022-12-15,67.8,67.8,67.8,67.5,67.5,57000
2022-12-16,67.6,67.6,67.7,67.3,67.3,22000
2022-12-19,67.8,67.8,67.8,67.5,67.6,45000
2022-12-20,67.4,67.4,67.8,67.1,67.5,88000
2022-12-21,67.4,67.4,67.5,67.3,67.5,23000
2022-12-22,67.4,67.4,67.6,67.4,67.4,38000
2022-12-23,67.5,67.5,67.7,67.4,67.5,24000
2022-12-26,68.0,68.0,68.1,67.9,67.9,36000
2022-12-27,68.4,68.4,68.5,67.9,67.9,93000
2022-12-28,68.1,68.1,68.6,67.8,68.6,35000
2022-12-29,68.1,68.1,68.2,67.5,67.8,68000
2022-12-30,68.3,68.3,68.4,68.1,68.4,41000
2023-01-02,92.3,92.3,93.0,92.2,92.7,13107
2023-01-03,68.2,68.2,68.4,68.1,68.4,19000
2023-01-04,68.2,68.2,68.3,68.1,68.3,24000
2023-01-05,68.2,68.2,68.4,68.1,68.4,47000
2023-01-06,68.3,68.3,68.4,68.3,68.4,22000
2023-01-09,69.8,69.8,70.3,68.5,68.5,215000
2023-01-10,72.5,72.5,73.0,70.8,70.9,337000
2023-01-11,72.8,72.8,74.0,72.5,72.5,215000
2023-01-12,71.5,71.5,72.3,71.1,72.2,92000
2023-01-13,71.1,71.1,71.7,70.7,71.7,70000
2023-01-16,71.6,71.6,71.7,71.4,71.4,43000
2023-01-17,71.8,71.8,72.2,71.7,72.0,30000
2023-01-18,92.3,92.3,93.0,92.2,92.7,13107
2023-01-19,92.3,92.3,93.0,92.2,92.7,13107
2023-01-20,92.3,92.3,93.0,92.2,92.7,13107
2023-01-23,92.3,92.3,93.0,92.2,92.7,13107
2023-01-24,92.3,92.3,93.0,92.2,92.7,13107
2023-01-25,92.3,92.3,93.0,92.2,92.7,13107
2023-01-26,92.3,92.3,93.0,92.2,92.7,13107
2023-01-27,92.3,92.3,93.0,92.2,92.7,13107
2023-01-30,72.2,72.2,72.5,71.1,71.1,108000
2023-01-31,72.1,72.1,72.3,72.0,72.2,77000
2023-02-01,72.6,72.6,72.9,72.4,72.4,72000
2023-02-02,73.0,73.0,73.3,72.6,72.8,98000
2023-02-03,72.8,72.8,73.1,72.3,73.0,70000
2023-02-06,73.9,73.9,73.9,72.8,72.9,101000
2023-02-07,73.9,73.9,74.3,73.5,73.9,62000
2023-02-08,73.6,73.6,74.5,73.5,74.3,120000
2023-02-09,73.7,73.7,74.2,73.5,73.5,74000
2023-02-10,74.0,74.0,74.0,73.5,74.0,103000
2023-02-13,73.9,73.9,73.9,72.4,72.4,76000
2023-02-14,73.7,73.7,74.5,73.7,74.0,35000
2023-02-15,73.6,73.6,74.0,73.5,73.7,38000
2023-02-16,73.2,73.2,73.5,73.1,73.5,182000
2023-02-17,72.9,72.9,73.2,72.9,72.9,97000
2023-02-20,75.8,75.8,78.2,74.0,74.0,633000
2023-02-21,75.6,75.6,76.5,75.5,76.5,237000
2023-02-22,75.4,75.4,75.6,74.8,75.6,100000
2023-02-23,76.2,76.2,76.8,76.0,76.0,232000
2023-02-24,76.4,76.4,76.4,76.0,76.4,122000
2023-02-27,92.3,92.3,93.0,92.2,92.7,13107
2023-02-28,92.3,92.3,93.0,92.2,92.7,13107
2023-03-01,78.1,78.1,78.4,76.3,76.8,340000
2023-03-02,78.1,78.1,78.3,77.2,78.3,104000
2023-03-03,78.0,78.0,78.4,77.4,78.1,147000
2023-03-06,77.7,77.7,78.5,77.5,78.5,129000
2023-03-07,77.8,77.8,77.8,77.4,77.8,113000
2023-03-08,77.7,77.7,78.1,77.3,77.5,144000
2023-03-09,85.4,85.4,85.4,81.6,83.0,1690000
2023-03-10,85.6,85.6,87.7,82.0,84.2,1409000
2023-03-13,87.7,87.7,89.1,83.8,85.6,1067000
2023-03-14,85.7,85.7,90.9,85.4,87.1,1453000
2023-03-15,84.9,84.9,87.6,84.3,87.6,444000
2023-03-16,84.9,84.9,85.9,84.2,84.9,303000
2023-03-17,85.7,85.7,87.6,85.5,87.0,352000
2023-03-20,87.7,87.7,89.1,85.7,87.3,534000
2023-03-21,87.9,87.9,88.1,86.5,88.0,285000
2023-03-22,87.8,87.8,89.5,87.7,88.0,302000
2023-03-23,87.4,87.4,87.9,86.5,87.9,148000
2023-03-24,86.1,86.1,87.0,85.8,87.0,277000
2023-03-27,86.3,86.3,87.4,86.1,86.3,141000
2023-03-28,85.9,85.9,86.2,85.6,86.0,128000
2023-03-29,85.2,85.2,86.0,84.5,85.9,295000
2023-03-30,85.4,85.4,85.6,84.8,85.2,136000
2023-03-31,85.9,85.9,86.0,85.1,86.0,65000
2023-04-03,92.3,92.3,93.0,92.2,92.7,13107
2023-04-04,92.3,92.3,93.0,92.2,92.7,13107
2023-04-05,92.3,92.3,93.0,92.2,92.7,13107
2023-04-06,85.8,85.8,87.2,85.4,87.0,116000
2023-04-07,86.6,86.6,86.6,85.5,85.6,74000
2023-04-10,90.9,90.9,91.8,88.8,89.0,881000
2023-04-11,90.2,90.2,91.6,90.0,91.4,300000
2023-04-12,89.7,89.7,90.3,89.4,90.3,187000
2023-04-13,92.0,92.0,92.6,89.3,89.3,614000
2023-04-14,98.4,98.4,100.0,91.1,92.3,1546000
2023-04-17,97.8,97.8,103.0,97.5,99.6,1511000
2023-04-18,96.3,96.3,98.1,95.0,97.8,504000
2023-04-19,103.5,103.5,105.5,97.4,97.4,3539000
2023-04-20,97.3,97.3,103.0,97.0,102.5,1724000
2023-04-21,93.7,93.7,98.9,93.3,97.0,1009000
2023-04-24,95.6,95.6,96.8,92.9,92.9,533000
2023-04-25,94.2,94.2,97.5,93.5,96.7,553000
2023-04-26,96.6,96.6,96.6,93.9,94.1,425000
2023-04-27,97.0,97.0,97.4,94.7,97.3,325000
2023-04-28,100.0,100.0,101.0,96.3,97.5,1137000
2023-05-01,92.3,92.3,93.0,92.2,92.7,13107
2023-05-02,106.0,106.0,109.0,99.6,100.5,3675000
2023-05-03,102.5,102.5,106.5,101.0,106.0,1074000
2023-05-04,103.5,103.5,105.5,101.5,102.5,1131000
2023-05-05,100.5,100.5,105.0,100.5,105.0,635000
2023-05-08,100.0,100.0,103.5,99.9,101.0,915000
2023-05-09,99.3,99.3,101.5,98.4,101.5,687000
2023-05-10,100.5,100.5,101.0,98.2,98.9,478000
2023-05-11,97.5,97.5,103.0,97.2,103.0,758000
2023-05-12,99.7,99.7,99.8,97.0,97.0,337000
2023-05-15,97.5,97.5,100.5,97.5,100.5,282000
2023-05-16,98.1,98.1,99.3,97.4,97.4,402000
2023-05-17,101.0,101.0,102.0,98.0,98.0,572000
2023-05-18,104.5,104.5,111.0,102.5,102.5,3062000
2023-05-19,100.5,100.5,106.0,100.0,106.0,959000
2023-05-22,101.0,101.0,101.5,99.0,101.0,212000
2023-05-23,102.5,102.5,103.5,100.0,101.5,324000
2023-05-24,103.5,103.5,104.5,102.0,102.0,333000
2023-05-25,104.0,104.0,106.5,103.5,104.0,446000
2023-05-26,103.5,103.5,105.5,103.0,104.0,258000
2023-05-29,109.0,109.0,109.0,103.5,103.5,930000
2023-05-30,107.0,107.0,110.0,105.0,109.0,659000
2023-05-31,105.5,105.5,107.5,105.5,107.5,201000
2023-06-01,106.5,106.5,108.5,105.5,105.5,403000
2023-06-02,107.0,107.0,109.0,107.0,107.5,360000
2023-06-05,105.5,105.5,108.0,105.5,108.0,238000
2023-06-06,105.0,105.0,105.5,101.0,105.5,539000
2023-06-07,105.0,105.0,106.0,103.0,105.0,245000
2023-06-08,103.0,103.0,105.5,103.0,105.5,150000
2023-06-09,104.0,104.0,104.5,103.5,104.5,161000
2023-06-12,103.0,103.0,105.0,103.0,105.0,238000
2023-06-13,102.0,102.0,103.5,102.0,102.5,382000
2023-06-14,103.5,103.5,106.0,103.0,103.5,356000
2023-06-15,108.0,108.0,108.0,103.5,103.5,820000
2023-06-16,103.5,103.5,105.5,102.0,104.0,734000
2023-06-19,104.5,104.5,104.5,102.0,103.0,195000
2023-06-20,103.5,103.5,104.5,102.5,104.5,140000
2023-06-21,102.0,102.0,103.5,102.0,103.0,154000
2023-06-22,92.3,92.3,93.0,92.2,92.7,13107
2023-06-23,92.3,92.3,93.0,92.2,92.7,13107
2023-06-26,100.5,100.5,101.5,100.0,101.5,178000
2023-06-27,99.1,99.1,101.0,99.1,100.5,335000
2023-06-28,99.6,99.6,100.0,99.2,99.2,142000
2023-06-29,99.1,99.1,100.5,99.0,99.7,181000
2023-06-30,98.5,98.5,99.4,98.5,99.1,203000
2023-07-03,97.9,97.9,98.5,96.2,98.5,426000
2023-07-04,98.2,98.2,98.4,96.9,98.0,178000
2023-07-05,99.8,99.8,100.0,98.0,99.7,193000
2023-07-06,98.6,98.6,100.0,98.6,99.8,118000
2023-07-07,97.8,97.8,98.2,96.3,97.1,236000
2023-07-10,99.2,99.2,99.8,97.5,97.8,120000
2023-07-11,98.3,98.3,98.9,96.7,97.2,204000
2023-07-12,97.5,97.5,99.5,97.2,98.1,279000
2023-07-13,99.7,99.7,100.5,98.0,98.0,279000
2023-07-14,99.5,99.5,99.8,99.0,99.4,175000
2023-07-17,99.6,99.6,100.0,99.4,99.5,203000
2023-07-18,98.5,98.5,100.0,98.4,99.6,163000
2023-07-19,98.5,98.5,99.4,98.5,98.6,111000
2023-07-20,99.0,99.0,100.0,98.6,98.6,123000
2023-07-21,98.5,98.5,99.9,98.0,99.0,324000
2023-07-24,96.6,96.6,98.7,95.5,98.7,606000
2023-07-25,97.4,97.4,97.8,96.0,96.7,208000
2023-07-26,99.3,99.3,101.5,97.4,97.4,373000
2023-07-27,100.5,100.5,102.0,99.1,99.5,329000
2023-07-28,101.0,101.0,101.0,99.6,100.0,108000
2023-07-31,101.0,101.0,102.0,99.8,101.5,202000
2023-08-01,99.2,99.2,100.5,98.5,100.5,181000
2023-08-02,99.2,99.2,101.0,98.6,101.0,170000
2023-08-03,92.3,92.3,93.0,92.2,92.7,13107
2023-08-04,102.0,102.0,102.0,99.1,100.0,179000
2023-08-07,102.5,102.5,103.0,101.5,102.0,209000
2023-08-08,103.5,103.5,104.0,100.5,100.5,315000
2023-08-09,102.5,102.5,106.0,102.0,105.5,348000
2023-08-10,103.0,103.0,103.5,102.0,102.5,182000
2023-08-11,107.0,107.0,112.0,106.5,106.5,1203000
2023-08-14,108.0,108.0,111.5,106.5,108.0,1056000
2023-08-15,106.5,106.5,110.0,106.0,109.0,342000
2023-08-16,106.0,106.0,106.5,103.5,106.5,316000
2023-08-17,108.5,108.5,109.0,106.0,106.0,277000
2023-08-18,107.5,107.5,108.5,106.5,108.5,229000
2023-08-21,109.0,109.0,109.5,106.5,107.0,269000
2023-08-22,107.0,107.0,109.5,107.0,109.5,129000
2023-08-23,106.5,106.5,107.5,106.0,107.0,112000
2023-08-24,103.5,103.5,107.5,103.5,107.0,451000
2023-08-25,105.0,105.0,106.5,103.5,103.5,207000
2023-08-28,103.0,103.0,105.5,103.0,105.5,162000
2023-08-29,103.5,103.5,104.5,102.5,102.5,125000
2023-08-30,104.0,104.0,105.0,104.0,104.0,95000
2023-08-31,104.0,104.0,105.0,103.5,103.5,100000
2023-09-01,103.5,103.5,105.0,103.0,105.0,116000
2023-09-04,104.0,104.0,104.5,103.0,104.0,113000
2023-09-05,104.0,104.0,105.0,103.5,104.0,67000
2023-09-06,105.5,105.5,106.0,104.0,104.0,89000
2023-09-07,104.5,104.5,105.0,103.5,105.0,115000
2023-09-08,106.0,106.0,107.5,104.0,104.0,218000
2023-09-11,103.0,103.0,104.5,102.0,104.5,313000
2023-09-12,102.5,102.5,103.0,102.5,103.0,60000
2023-09-13,103.0,103.0,103.0,102.5,102.5,40000
2023-09-14,103.5,103.5,104.0,102.5,102.5,30000
2023-09-15,103.0,103.0,104.5,103.0,103.5,117000
2023-09-18,103.0,103.0,104.0,103.0,103.0,50000
2023-09-19,102.5,102.5,104.0,102.5,103.0,73000
2023-09-20,102.0,102.0,103.0,102.0,102.5,114000
2023-09-21,102.0,102.0,102.5,101.0,102.0,76000
2023-09-22,102.0,102.0,102.5,101.5,101.5,77000
2023-09-25,102.0,102.0,102.5,101.5,102.0,95000
2023-09-26,101.0,101.0,102.0,101.0,101.5,84000
2023-09-27,101.5,101.5,103.5,101.0,103.5,60000
2023-09-28,102.0,102.0,102.5,101.5,101.5,56000
2023-09-29,92.3,92.3,93.0,92.2,92.7,13107
2023-10-02,102.0,102.0,103.0,102.0,102.0,34000
2023-10-03,101.5,101.5,102.5,101.5,102.0,33000
2023-10-04,102.5,102.5,102.5,101.0,101.5,58000
2023-10-05,103.0,103.0,103.0,100.5,102.5,213000
2023-10-06,101.5,101.5,103.0,101.0,103.0,82000
2023-10-09,92.3,92.3,93.0,92.2,92.7,13107
2023-10-10,92.3,92.3,93.0,92.2,92.7,13107
2023-10-11,101.5,101.5,102.5,101.5,102.0,72000
2023-10-12,101.5,101.5,102.5,101.5,101.5,48000
2023-10-13,102.0,102.0,103.5,101.5,101.5,93000
2023-10-16,102.5,102.5,104.0,102.0,102.0,89000
2023-10-17,102.5,102.5,103.5,102.5,103.0,66000
2023-10-18,101.5,101.5,103.0,101.5,102.5,56000
2023-10-19,101.0,101.0,102.5,101.0,102.5,94000
2023-10-20,100.5,100.5,101.0,99.5,101.0,171000
2023-10-23,100.5,100.5,101.5,100.5,101.5,62000
2023-10-24,101.0,101.0,101.5,100.5,100.5,29000
2023-10-25,101.0,101.0,102.0,100.5,101.0,83000
2023-10-26,101.0,101.0,101.5,100.5,101.0,43000
2023-10-27,101.0,101.0,102.0,101.0,101.5,55000
2023-10-30,101.5,101.5,101.5,101.0,101.0,53000
2023-10-31,100.5,100.5,101.5,100.5,101.0,62000
2023-11-01,101.0,101.0,101.5,100.5,101.5,31000
2023-11-02,102.0,102.0,102.0,101.0,101.0,95000
2023-11-03,101.5,101.5,102.5,101.5,102.5,35000
2023-11-06,102.0,102.0,103.0,101.5,101.5,69000
2023-11-07,102.5,102.5,103.5,102.5,102.5,120000
2023-11-08,102.5,102.5,103.0,102.0,103.0,42000
2023-11-09,104.5,104.5,107.0,104.0,104.5,395000
2023-11-10,104.5,104.5,104.5,102.5,104.5,135000
2023-11-13,104.5,104.5,105.5,104.5,105.0,91000
2023-11-14,104.0,104.0,105.0,104.0,104.5,76000
2023-11-15,103.5,103.5,105.0,103.5,104.0,115000
2023-11-16,103.5,103.5,104.0,103.0,104.0,63000
2023-11-17,104.0,104.0,104.5,103.5,104.0,72000
2023-11-20,104.0,104.0,104.5,103.5,104.5,76000
2023-11-21,105.0,105.0,106.5,104.0,105.0,211000
2023-11-22,104.0,104.0,105.5,104.0,105.0,76000
2023-11-23,105.0,105.0,106.0,104.0,104.5,156000
2023-11-24,105.0,105.0,105.5,104.5,105.0,38000
2023-11-27,104.5,104.5,106.5,104.5,105.0,135000
2023-11-28,105.5,105.5,106.0,104.5,104.5,97000
2023-11-29,105.5,105.5,106.5,104.5,106.0,198000
2023-11-30,106.5,106.5,106.5,105.5,105.5,86000
2023-12-01,106.0,106.0,106.5,105.0,106.5,77000
2023-12-04,106.5,106.5,107.0,106.0,106.5,106000
2023-12-05,106.5,106.5,106.5,105.5,106.5,51000
2023-12-06,106.0,106.0,107.5,106.0,107.0,66000
2023-12-07,106.0,106.0,107.0,106.0,107.0,63000
2023-12-08,106.5,106.5,107.5,106.5,107.0,115000
2023-12-11,107.0,107.0,107.0,106.5,107.0,61000
2023-12-12,107.5,107.5,108.0,107.0,107.5,77000
2023-12-13,107.0,107.0,107.5,107.0,107.5,58000
2023-12-14,107.5,107.5,108.0,107.0,108.0,52000
2023-12-15,107.5,107.5,108.5,107.5,108.0,111000
2023-12-18,109.5,109.5,109.5,108.0,108.0,168000
2023-12-19,109.0,109.0,110.0,108.5,109.0,132000
2023-12-20,110.5,110.5,112.5,109.5,109.5,397000
2023-12-21,110.0,110.0,111.5,110.0,111.0,140000
2023-12-22,114.0,114.0,114.0,110.0,111.0,357000
2023-12-25,116.0,116.0,118.0,115.0,115.0,479000
2023-12-26,115.5,115.5,116.0,113.0,116.0,241000
2023-12-27,114.0,114.0,116.0,114.0,116.0,119000
2023-12-28,114.0,114.0,115.5,113.5,114.0,55000
2023-12-29,114.5,114.5,114.5,113.5,114.0,50000
2024-01-01,92.3,92.3,93.0,92.2,92.7,13107
2024-01-02,115.0,115.0,117.0,113.5,115.0,130000
2024-01-03,114.5,114.5,115.5,114.0,115.0,100000
2024-01-04,119.0,119.0,119.0,115.0,115.0,360000
2024-01-05,118.0,118.0,118.5,116.5,118.5,164000
2024-01-08,120.0,120.0,123.0,117.0,117.0,423000
2024-01-09,118.5,118.5,122.5,118.5,122.5,231000
2024-01-10,118.0,118.0,120.0,117.5,118.5,153000
2024-01-11,118.5,118.5,119.5,118.0,119.0,74000
2024-01-12,117.5,117.5,118.5,117.0,118.5,126000
2024-01-15,120.0,120.0,120.5,118.0,118.0,147000
2024-01-16,118.5,118.5,121.0,118.5,120.0,107000
2024-01-17,118.0,118.0,119.5,118.0,119.0,157000
2024-01-18,119.5,119.5,119.5,118.0,118.0,104000
2024-01-19,123.0,123.0,123.0,119.0,120.0,304000
2024-01-22,123.0,123.0,124.0,121.5,123.0,157000
2024-01-23,125.0,125.0,126.0,122.5,123.5,198000
2024-01-24,125.0,125.0,126.5,124.0,126.5,130000
2024-01-25,124.0,124.0,125.0,124.0,125.0,71000
2024-01-26,124.5,124.5,126.5,124.0,124.0,147000
2024-01-29,125.0,125.0,127.0,124.0,125.0,89000
2024-01-30,125.0,125.0,126.0,124.5,126.0,109000
2024-01-31,134.5,134.5,136.0,122.5,125.0,911000
2024-02-01,133.0,133.0,134.5,131.5,133.0,410000
2024-02-02,136.0,136.0,142.0,133.0,136.5,1594000
2024-02-05,134.0,134.0,137.0,133.5,137.0,373000
2024-02-06,92.3,92.3,93.0,92.2,92.7,13107
2024-02-07,92.3,92.3,93.0,92.2,92.7,13107
2024-02-08,92.3,92.3,93.0,92.2,92.7,13107
2024-02-09,92.3,92.3,93.0,92.2,92.7,13107
2024-02-12,92.3,92.3,93.0,92.2,92.7,13107
2024-02-13,92.3,92.3,93.0,92.2,92.7,13107
2024-02-14,92.3,92.3,93.0,92.2,92.7,13107
2024-02-15,131.5,131.5,135.0,131.5,135.0,259000
2024-02-16,132.0,132.0,135.0,131.5,133.0,236000
2024-02-19,132.0,132.0,134.5,131.5,132.0,161000
2024-02-20,134.0,134.0,136.5,132.0,132.5,174000
2024-02-21,140.0,140.0,141.5,132.0,134.0,873000
2024-02-22,142.5,142.5,143.0,138.5,142.0,1170000
2024-02-23,144.0,144.0,147.5,143.5,145.5,1086000
2024-02-26,141.5,141.5,146.5,141.5,145.5,532000
2024-02-27,139.0,139.0,144.0,137.5,142.0,334000
2024-02-28,92.3,92.3,93.0,92.2,92.7,13107
2024-02-29,139.5,139.5,142.0,139.0,139.5,237000
2024-03-01,142.0,142.0,143.0,140.5,141.5,249000
2024-03-04,142.0,142.0,145.0,142.0,142.0,303000
2024-03-05,143.0,143.0,143.5,141.5,143.5,218000
2024-03-06,145.0,145.0,147.5,141.0,143.0,621000
2024-03-07,142.0,142.0,147.0,142.0,147.0,405000
2024-03-08,138.0,138.0,142.5,133.5,142.0,1144000
2024-03-11,143.0,143.0,145.0,140.0,140.0,1144000
2024-03-12,140.0,140.0,144.0,140.0,142.0,395000
2024-03-13,136.0,136.0,140.0,135.0,140.0,642000
2024-03-14,136.5,136.5,137.5,134.0,136.0,224000
2024-03-15,140.0,140.0,140.5,135.0,137.0,563000
2024-03-18,139.5,139.5,141.0,137.5,140.5,469000
2024-03-19,138.5,138.5,141.0,138.5,140.5,488000
2024-03-20,139.5,139.5,142.5,137.5,140.0,554000
2024-03-21,138.5,138.5,141.5,138.0,141.0,490000
2024-03-22,137.0,137.0,140.0,136.5,140.0,313000
2024-03-25,134.5,134.5,137.0,134.5,137.0,409000
2024-03-26,132.5,132.5,136.0,132.0,135.5,470000
2024-03-27,133.0,133.0,134.5,132.5,132.5,117000
2024-03-28,132.5,132.5,134.5,131.5,133.0,220000
2024-03-29,136.0,136.0,137.5,133.5,133.5,475000
2024-04-01,134.0,134.0,137.5,134.0,137.5,513000
2024-04-02,132.5,132.5,134.0,132.0,133.5,301000
2024-04-03,132.5,132.5,133.5,131.5,132.0,178000
2024-04-04,92.3,92.3,93.0,92.2,92.7,13107
2024-04-05,92.3,92.3,93.0,92.2,92.7,13107
2024-04-08,135.5,135.5,136.0,132.5,134.0,375000
2024-04-09,132.5,132.5,137.5,132.5,135.5,259000
2024-04-10,132.5,132.5,134.0,131.5,133.5,248000
2024-04-11,132.5,132.5,132.5,131.0,132.5,154000
2024-04-12,132.5,132.5,133.5,132.5,133.5,147000
2024-04-15,130.5,130.5,133.0,130.5,132.0,235000
2024-04-16,131.5,131.5,132.0,127.5,130.5,599000
2024-04-17,132.5,132.5,133.5,130.5,132.5,512000
2024-04-18,131.0,131.0,133.0,131.0,131.5,176000
2024-04-19,129.5,129.5,132.5,128.5,131.0,325000
2024-04-22,128.0,128.0,131.5,128.0,129.5,265000
2024-04-23,129.5,129.5,130.0,128.5,130.0,52000
2024-04-24,130.0,130.0,131.5,129.5,129.5,148000
2024-04-25,129.5,129.5,131.0,129.0,130.5,100000
2024-04-26,129.0,129.0,130.5,129.0,129.5,84000
2024-04-29,129.5,129.5,130.5,129.0,130.0,62000
2024-04-30,129.0,129.0,130.0,129.0,129.5,73000
2024-05-01,92.3,92.3,93.0,92.2,92.7,13107
2024-05-02,130.0,130.0,130.5,129.0,129.0,74000
2024-05-03,131.0,131.0,131.5,130.0,130.0,188000
2024-05-06,132.5,132.5,133.5,130.5,131.0,231000
2024-05-07,132.5,132.5,133.0,132.5,133.0,72000
2024-05-08,125.5,125.5,130.0,125.5,130.0,749000
2024-05-09,120.0,120.0,125.5,119.5,125.5,880000
2024-05-10,122.5,122.5,123.5,119.5,120.0,185000
2024-05-13,122.0,122.0,124.0,121.0,123.0,121000
2024-05-14,121.5,121.5,122.0,120.5,122.0,96000
2024-05-15,122.0,122.0,122.5,121.0,121.0,75000
2024-05-16,122.5,122.5,123.5,122.0,122.0,93000
2024-05-17,123.0,123.0,124.0,122.5,122.5,94000
2024-05-20,124.5,124.5,126.0,123.0,123.0,206000
2024-05-21,122.5,122.5,125.0,122.0,125.0,156000
2024-05-22,123.0,123.0,124.0,122.0,122.0,59000
2024-05-23,122.5,122.5,123.0,122.0,122.5,94000
2024-05-24,122.5,122.5,122.5,122.0,122.0,66000
2024-05-27,123.0,123.0,123.0,122.0,123.0,155000
2024-05-28,124.0,124.0,125.5,122.5,122.5,239000
2024-05-29,124.0,124.0,124.0,122.5,123.0,78000
2024-05-30,122.0,122.0,123.0,122.0,122.5,78000
2024-05-31,123.0,123.0,123.5,122.0,122.5,140000
2024-06-03,122.5,122.5,124.0,122.0,123.0,101000
2024-06-04,122.5,122.5,123.5,122.0,122.5,153000
2024-06-05,123.5,123.5,123.5,122.0,122.5,92000
2024-06-06,123.0,123.0,124.0,122.0,123.5,149000
2024-06-07,127.0,127.0,127.0,123.0,123.0,260000
2024-06-10,92.3,92.3,93.0,92.2,92.7,13107
2024-06-11,126.0,126.0,127.0,125.0,127.0,80000
2024-06-12,125.0,125.0,126.0,124.0,126.0,247000
2024-06-13,124.5,124.5,126.5,124.5,126.0,269000
2024-06-14,125.0,125.0,126.5,124.5,125.0,622000
2024-06-17,120.0,120.0,120.5,119.0,119.0,497000
2024-06-18,119.0,119.0,120.5,119.0,120.0,146000
2024-06-19,117.5,117.5,119.5,116.5,119.0,463000
2024-06-20,118.0,118.0,118.5,117.0,117.0,264000
2024-06-21,119.0,119.0,119.0,117.5,118.0,66000
2024-06-24,121.0,121.0,122.0,120.0,120.0,264000
2024-06-25,121.0,121.0,121.5,120.0,121.0,103000
2024-06-26,120.5,120.5,121.0,120.0,121.0,93000
2024-06-27,118.5,118.5,120.0,118.5,120.0,116000
2024-06-28,119.0,119.0,119.5,118.5,118.5,110000
2024-07-01,119.0,119.0,119.5,118.5,119.5,73000
2024-07-02,119.0,119.0,119.0,118.5,119.0,54000
2024-07-03,118.5,118.5,118.5,118.0,118.5,125000
2024-07-04,119.5,119.5,120.0,118.5,118.5,92000
2024-07-05,121.0,121.0,121.5,120.0,120.0,145000
2024-07-08,121.0,121.0,121.0,119.5,121.0,107000
2024-07-09,121.0,121.0,122.0,120.0,122.0,173000
2024-07-10,122.0,122.0,123.0,120.5,121.0,202000
2024-07-11,122.0,122.0,122.5,121.0,122.0,114000
2024-07-12,122.0,122.0,122.5,121.5,122.0,61000
2024-07-15,122.0,122.0,122.5,121.5,122.5,66000
2024-07-16,122.0,122.0,122.0,121.0,122.0,68000
2024-07-17,121.5,121.5,122.5,121.0,122.0,50000
2024-07-18,120.0,120.0,121.0,120.0,120.5,103000
2024-07-19,119.0,119.0,120.0,118.5,120.0,109000
2024-07-22,118.5,118.5,119.0,117.5,119.0,150000
2024-07-23,119.0,119.0,119.5,118.0,118.5,46000
2024-07-24,92.3,92.3,93.0,92.2,92.7,13107
2024-07-25,92.3,92.3,93.0,92.2,92.7,13107
2024-07-26,119.0,119.0,119.0,116.5,116.5,115000
2024-07-29,118.0,118.0,119.5,118.0,119.5,44000
2024-07-30,118.0,118.0,118.5,117.5,118.5,32000
2024-07-31,118.0,118.0,119.0,118.0,119.0,25000
2024-08-01,120.5,120.5,120.5,118.5,119.5,64000
2024-08-02,119.5,119.5,120.0,119.0,120.0,75000
2024-08-05,113.5,113.5,119.5,112.5,119.5,294000
2024-08-06,111.5,111.5,113.5,103.0,113.0,300000
2024-08-07,116.5,116.5,117.0,114.0,115.0,65000
2024-08-08,114.5,114.5,116.0,114.0,115.5,40000
2024-08-09,113.5,113.5,115.0,112.5,112.5,162000
2024-08-12,113.5,113.5,114.0,112.0,113.5,49000
2024-08-13,114.5,114.5,115.0,114.0,114.5,39000
2024-08-14,114.5,114.5,116.5,114.0,116.0,39000
2024-08-15,114.5,114.5,114.5,113.5,114.5,69000
2024-08-16,114.0,114.0,115.0,114.0,114.5,72000
2024-08-19,115.5,115.5,116.0,114.0,115.0,73000
2024-08-20,115.5,115.5,116.0,114.5,116.0,49000
2024-08-21,114.5,114.5,115.5,114.0,115.5,36000
2024-08-22,115.0,115.0,115.0,114.0,114.5,25000
2024-08-23,115.0,115.0,115.5,114.5,115.5,27000
2024-08-26,116.5,116.5,116.5,116.0,116.0,52000
2024-08-27,117.5,117.5,117.5,116.0,116.5,54000
2024-08-28,118.0,118.0,118.0,116.5,117.5,26000
2024-08-29,117.5,117.5,117.5,116.5,117.0,22000
2024-08-30,116.5,116.5,118.0,116.5,118.0,28000
2024-09-02,117.0,117.0,117.0,116.0,117.0,25000
2024-09-03,116.0,116.0,117.5,116.0,117.5,40000
2024-09-04,114.0,114.0,116.0,113.5,115.5,111000
2024-09-05,114.5,114.5,116.0,114.5,115.5,35000
2024-09-06,115.5,115.5,115.5,114.0,114.5,33000
2024-09-09,115.5,115.5,116.0,115.0,115.5,40000
2024-09-10,115.0,115.0,116.0,114.5,116.0,33000
2024-09-11,115.0,115.0,115.0,114.0,115.0,19000
2024-09-12,114.0,114.0,115.5,114.0,114.5,70000
2024-09-13,114.5,114.5,115.5,114.0,114.5,55000
2024-09-16,115.5,115.5,115.5,114.5,115.0,51000
2024-09-17,92.3,92.3,93.0,92.2,92.7,13107
2024-09-18,115.0,115.0,116.0,115.0,115.0,101000
2024-09-19,115.5,115.5,115.5,114.5,115.5,49000
2024-09-20,116.0,116.0,116.0,115.0,115.5,31000
2024-09-23,116.0,116.0,116.0,114.5,116.0,72000
2024-09-24,116.5,116.5,116.5,115.0,116.5,31000
2024-09-25,117.5,117.5,117.5,116.5,116.5,57000
2024-09-26,118.0,118.0,118.5,117.5,118.0,44000
2024-09-27,118.5,118.5,119.0,118.0,118.5,38000
2024-09-30,118.5,118.5,119.0,117.5,118.0,52000
2024-10-01,117.5,117.5,118.0,117.5,117.5,23000
2024-10-02,92.3,92.3,93.0,92.2,92.7,13107
2024-10-03,92.3,92.3,93.0,92.2,92.7,13107
2024-10-04,117.5,117.5,117.5,116.5,117.0,81000
2024-10-07,117.5,117.5,117.5,117.0,117.5,34000
2024-10-08,117.5,117.5,117.5,117.0,117.5,22000
2024-10-09,117.0,117.0,117.5,116.0,117.5,45000
2024-10-10,92.3,92.3,93.0,92.2,92.7,13107
2024-10-11,115.0,115.0,117.0,115.0,117.0,60000
2024-10-14,115.5,115.5,116.0,115.0,115.5,38000
2024-10-15,116.0,116.0,116.5,115.5,115.5,34000
2024-10-16,117.0,117.0,117.0,116.0,116.5,49000
2024-10-17,117.0,117.0,117.0,116.5,117.0,21000
2024-10-18,116.0,116.0,117.5,115.5,117.5,43000
2024-10-21,115.5,115.5,116.0,115.5,115.5,47000
2024-10-22,115.0,115.0,115.5,115.0,115.0,46000
2024-10-23,115.5,115.5,116.5,115.5,115.5,31000
2024-10-24,116.0,116.0,116.0,115.5,116.0,29000
2024-10-25,115.5,115.5,116.5,115.5,116.0,60000
2024-10-28,115.0,115.0,115.5,114.5,115.5,43000
2024-10-29,114.5,114.5,115.0,114.0,114.5,24000
2024-10-30,114.5,114.5,115.0,114.5,114.5,21000
2024-10-31,92.3,92.3,93.0,92.2,92.7,13107
2024-11-01,114.5,114.5,114.5,114.0,114.5,50000
2024-11-04,114.5,114.5,115.0,114.0,114.5,28000
2024-11-05,114.5,114.5,115.0,114.0,114.5,23000
2024-11-06,115.0,115.0,115.5,114.5,115.5,24000
2024-11-07,115.0,115.0,115.5,114.5,114.5,35000
2024-11-08,114.5,114.5,115.0,114.5,115.0,41000
2024-11-11,114.5,114.5,114.5,114.0,114.5,69000
2024-11-12,113.5,113.5,114.0,113.0,114.0,69000
2024-11-13,112.5,112.5,114.0,110.0,113.5,242000
2024-11-14,110.5,110.5,113.0,110.5,112.0,110000
2024-11-15,108.5,108.5,110.5,108.0,110.5,154000
2024-11-18,105.0,105.0,108.0,104.5,108.0,202000
2024-11-19,108.0,108.0,108.5,105.0,105.0,53000
2024-11-20,107.0,107.0,108.0,107.0,108.0,27000
2024-11-21,108.0,108.0,108.0,106.5,106.5,26000
2024-11-22,107.5,107.5,108.0,107.5,108.0,17000
2024-11-25,108.0,108.0,108.0,107.5,108.0,46000
2024-11-26,108.0,108.0,108.0,107.5,108.0,14000
2024-11-27,108.0,108.0,108.5,107.5,108.0,89000
2024-11-28,107.5,107.5,107.5,107.0,107.0,13000
2024-11-29,108.0,108.0,108.5,107.5,107.5,27000
2024-12-02,108.5,108.5,108.5,107.5,107.5,48000
2024-12-03,109.0,109.0,109.0,108.0,108.5,28000
2024-12-04,110.5,110.5,110.5,109.0,109.0,47000
2024-12-05,116.0,116.0,119.0,111.0,111.0,320000
2024-12-06,116.5,116.5,117.5,114.0,116.0,131000
2024-12-09,117.0,117.0,117.5,115.5,116.5,251000
2024-12-10,118.5,118.5,119.5,118.0,118.0,205000
2024-12-11,121.5,121.5,122.0,119.0,120.0,285000
2024-12-12,117.5,117.5,122.5,117.0,122.5,230000
2024-12-13,118.5,118.5,118.5,117.0,118.0,48000
2024-12-16,117.5,117.5,118.5,117.0,118.5,40000
2024-12-17,116.5,116.5,117.5,116.5,117.5,66000
2024-12-18,117.5,117.5,118.0,116.0,116.0,81000
2024-12-19,117.0,117.0,117.5,116.5,117.0,43000
2024-12-20,117.5,117.5,118.5,117.5,118.0,41000
2024-12-23,118.0,118.0,118.0,117.0,117.5,35000
2024-12-24,118.0,118.0,118.5,117.5,118.0,47000
2024-12-25,118.5,118.5,119.0,118.0,118.0,41000
2024-12-26,118.5,118.5,119.0,117.5,118.5,36000
2024-12-27,119.0,119.0,119.0,118.5,119.0,57000
2024-12-30,119.0,119.0,120.0,118.5,120.0,43000
2024-12-31,118.5,118.5,119.5,118.0,119.5,29000
2025-01-01,92.3,92.3,93.0,92.2,92.7,13107
2025-01-02,118.5,118.5,119.0,118.0,118.5,45000
2025-01-03,118.0,118.0,119.0,118.0,119.0,36000
2025-01-06,118.5,118.5,119.0,118.0,118.5,65000
2025-01-07,119.0,119.0,119.5,118.5,118.5,91000
2025-01-08,123.0,123.0,130.0,122.0,126.0,610000
2025-01-09,121.0,121.0,125.0,120.5,124.0,235000
2025-01-10,120.0,120.0,121.0,119.5,121.0,71000
2025-01-13,120.0,120.0,121.5,119.5,121.0,92000
2025-01-14,120.0,120.0,120.0,119.5,120.0,32000
2025-01-15,120.5,120.5,120.5,120.0,120.5,53000
2025-01-16,121.0,121.0,121.5,120.5,121.0,56000
2025-01-17,121.0,121.0,121.0,120.5,121.0,66000
2025-01-20,121.0,121.0,123.0,121.0,121.5,51000
2025-01-21,121.0,121.0,121.0,120.0,121.0,27000
2025-01-22,122.0,122.0,122.5,121.0,121.5,51000
2025-01-23,92.3,92.3,93.0,92.2,92.7,13107
2025-01-24,92.3,92.3,93.0,92.2,92.7,13107
2025-01-27,92.3,92.3,93.0,92.2,92.7,13107
2025-01-28,92.3,92.3,93.0,92.2,92.7,13107
2025-01-29,92.3,92.3,93.0,92.2,92.7,13107
2025-01-30,92.3,92.3,93.0,92.2,92.7,13107
2025-01-31,92.3,92.3,93.0,92.2,92.7,13107
2025-02-03,124.5,124.5,126.0,121.0,122.0,354000
2025-02-04,127.0,127.0,128.0,124.5,124.5,300000
2025-02-05,130.5,130.5,134.0,127.5,128.0,739000
2025-02-06,130.5,130.5,132.5,129.5,132.0,277000
2025-02-07,133.0,133.0,134.0,129.5,130.0,584000
2025-02-10,131.0,131.0,133.0,130.0,133.0,265000
2025-02-11,131.5,131.5,133.0,131.0,131.0,137000
2025-02-12,131.5,131.5,131.5,130.5,131.0,134000
2025-02-13,132.5,132.5,134.0,131.0,132.0,184000
2025-02-14,132.5,132.5,132.5,131.5,132.5,201000
2025-02-17,132.5,132.5,134.0,131.5,132.5,245000
2025-02-18,134.0,134.0,134.0,133.0,133.0,162000
2025-02-19,134.5,134.5,135.0,134.0,134.0,158000
2025-02-20,134.5,134.5,135.0,133.5,135.0,75000
2025-02-21,134.0,134.0,134.5,133.5,133.5,75000
2025-02-24,133.5,133.5,134.5,133.0,133.0,100000
2025-02-25,133.0,133.0,134.5,132.5,134.5,121000
2025-02-26,134.0,134.0,134.0,132.0,133.0,97000
2025-02-27,132.5,132.5,134.5,132.5,134.5,149000
2025-02-28,92.3,92.3,93.0,92.2,92.7,13107
2025-03-03,133.0,133.0,133.5,130.5,130.5,113000
2025-03-04,133.5,133.5,134.0,132.0,132.0,82000
2025-03-05,136.0,136.0,139.0,136.0,138.0,253000
2025-03-06,135.0,135.0,137.0,134.5,137.0,85000
2025-03-07,134.0,134.0,136.0,133.0,136.0,122000
2025-03-10,130.5,130.5,134.5,130.5,134.0,212000
2025-03-11,129.5,129.5,130.5,128.0,129.5,158000
2025-03-12,131.0,131.0,131.5,129.0,131.5,64000
2025-03-13,132.0,132.0,133.0,130.0,131.0,97000
2025-03-14,129.5,129.5,132.0,129.5,132.0,58000
2025-03-17,129.0,129.0,130.5,128.0,129.5,132000
2025-03-18,130.0,130.0,130.5,129.0,129.5,49000
2025-03-19,130.5,130.5,131.0,130.0,130.0,20000
2025-03-20,132.5,132.5,132.5,130.5,130.5,95000
2025-03-21,132.5,132.5,133.0,131.5,132.0,67000
2025-03-24,130.0,130.0,132.5,129.5,132.5,57000
2025-03-25,129.5,129.5,130.0,129.5,130.0,68000
2025-03-26,129.5,129.5,130.0,129.0,129.0,47000
2025-03-27,128.0,128.0,129.5,128.0,129.0,48000
2025-03-28,128.0,128.0,129.0,126.5,129.0,99000
2025-03-31,125.5,125.5,127.0,124.5,126.5,132000
2025-04-01,127.5,127.5,128.5,126.0,127.0,57000
2025-04-02,127.0,127.0,127.5,126.0,127.5,42000
2025-04-03,92.3,92.3,93.0,92.2,92.7,13107
2025-04-04,92.3,92.3,93.0,92.2,92.7,13107
2025-04-07,114.5,114.5,114.5,114.5,114.5,42000
2025-04-08,117.0,117.0,117.0,111.0,111.0,315000
2025-04-09,110.5,110.5,117.0,109.0,117.0,312000
2025-04-10,121.5,121.5,121.5,118.0,120.0,236000
2025-04-11,120.0,120.0,120.0,115.0,119.0,112000
2025-04-14,119.0,119.0,122.0,118.0,119.0,156000
2025-04-15,121.0,121.0,121.0,117.5,117.5,124000
2025-04-16,120.0,120.0,121.0,118.5,118.5,72000
2025-04-17,119.0,119.0,120.0,118.0,119.0,74000
2025-04-18,119.0,119.0,119.5,118.5,118.5,16000
2025-04-21,118.0,118.0,119.0,117.5,118.5,62000
2025-04-22,117.0,117.0,119.0,116.5,116.5,56000
2025-04-23,119.0,119.0,120.0,119.0,120.0,40000
2025-04-24,120.0,120.0,120.5,119.5,119.5,60000
2025-04-25,123.5,123.5,124.0,121.5,121.5,143000
2025-04-28,125.5,125.5,127.0,124.5,124.5,184000
2025-04-29,125.0,125.0,126.5,125.0,126.5,89000
2025-04-30,125.0,125.0,126.0,124.0,124.5,52000
2025-05-01,92.3,92.3,93.0,92.2,92.7,13107
2025-05-02,127.0,127.0,127.5,125.5,125.5,93000
2025-05-05,125.5,125.5,127.0,124.5,127.0,75000
2025-05-06,126.0,126.0,126.5,125.0,125.0,58000
2025-05-07,124.5,124.5,125.5,124.0,125.5,72000
2025-05-08,125.0,125.0,125.5,124.0,125.5,53000
2025-05-09,125.5,125.5,125.5,125.0,125.0,47000
2025-05-12,125.0,125.0,126.0,124.5,125.5,60000
2025-05-13,126.5,126.5,126.5,125.0,126.0,83000
2025-05-14,127.5,127.5,127.5,126.0,127.0,83000
2025-05-15,126.5,126.5,127.0,126.0,127.0,60000
2025-05-16,126.0,126.0,127.5,126.0,126.5,100000
2025-05-19,126.0,126.0,127.0,126.0,126.5,52000
2025-05-20,127.0,127.0,127.0,126.5,127.0,33000
2025-05-21,126.5,126.5,127.0,126.5,127.0,46000
2025-05-22,130.0,130.0,130.5,126.5,126.5,279000
2025-05-23,131.0,131.0,132.5,130.0,131.0,312000
2025-05-26,128.0,128.0,132.5,128.0,132.5,558000
2025-05-27,129.0,129.0,129.5,128.0,128.0,340000
2025-05-28,120.5,120.5,122.5,120.0,122.5,412000
2025-05-29,121.0,121.0,121.5,120.5,121.5,54000
2025-05-30,92.3,92.3,93.0,92.2,92.7,13107
2025-06-02,120.0,120.0,121.0,120.0,121.0,59000
2025-06-03,121.5,121.5,121.5,120.5,121.0,41000
2025-06-04,121.5,121.5,122.0,121.0,122.0,47000
2025-06-05,122.0,122.0,122.5,121.5,122.5,33000
2025-06-06,121.5,121.5,123.0,121.0,123.0,30000
2025-06-09,121.0,121.0,121.5,120.5,121.5,86000
2025-06-10,121.5,121.5,122.5,121.5,121.5,61000
2025-06-11,123.0,123.0,123.5,122.0,122.0,93000
2025-06-12,123.0,123.0,123.5,122.0,122.5,51000
2025-06-13,122.5,122.5,123.5,122.5,123.5,60000
2025-06-16,122.5,122.5,122.5,122.0,122.5,51000
2025-06-17,122.5,122.5,123.5,122.5,122.5,36000
2025-06-18,122.0,122.0,123.0,121.5,123.0,46000
2025-06-19,122.5,122.5,123.0,122.0,122.5,53000
2025-06-20,122.0,122.0,123.0,122.0,123.0,73000
2025-06-23,122.0,122.0,122.0,121.5,121.5,22000
2025-06-24,122.5,122.5,123.0,122.0,123.0,58000
2025-06-25,122.5,122.5,123.0,122.0,122.5,27000
2025-06-26,122.5,122.5,123.0,122.0,123.0,39000
2025-06-27,122.5,122.5,123.0,122.0,123.0,69000
2025-06-30,122.5,122.5,123.0,122.5,122.5,17000
2025-07-01,123.0,123.0,123.0,122.0,122.0,52000
2025-07-02,123.0,123.0,123.0,123.0,123.0,22000
2025-07-03,123.0,123.0,123.0,122.5,123.0,29000
2025-07-04,122.5,122.5,123.0,122.0,123.0,46000
2025-07-07,122.5,122.5,124.0,122.5,122.5,29000
2025-07-08,122.5,122.5,123.5,122.5,123.5,31000
2025-07-09,122.5,122.5,123.0,122.5,122.5,43000
2025-07-10,122.5,122.5,123.0,122.5,122.5,37000
2025-07-11,122.5,122.5,123.0,122.5,122.5,27000
2025-07-14,122.5,122.5,123.0,122.0,123.0,44000
2025-07-15,122.5,122.5,122.5,122.5,122.5,14000
2025-07-16,122.0,122.0,123.0,122.0,123.0,73000
2025-07-17,122.0,122.0,123.0,122.0,123.0,79000
2025-07-18,122.0,122.0,122.5,122.0,122.5,29000
2025-07-21,122.0,122.0,122.5,122.0,122.5,18000
2025-07-22,121.0,121.0,122.5,121.0,122.0,107000
2025-07-23,121.0,121.0,121.5,120.5,120.5,64000
2025-07-24,121.5,121.5,122.0,121.0,121.0,19000
2025-07-25,121.5,121.5,122.0,121.0,121.0,27000
2025-07-28,122.0,122.0,122.5,121.5,121.5,46000
2025-07-29,121.0,121.0,121.5,120.5,121.0,48000
2025-07-30,121.5,121.5,121.5,121.0,121.0,15000
2025-07-31,122.0,122.0,122.5,121.0,121.0,28000
2025-08-01,122.0,122.0,122.0,121.5,122.0,34000
2025-08-04,121.0,121.0,122.0,121.0,121.0,22000
2025-08-05,122.5,122.5,122.5,121.5,122.0,61000
2025-08-06,122.0,122.0,122.5,121.5,122.5,26000
2025-08-07,122.5,122.5,123.0,122.0,122.5,50000
2025-08-08,123.5,123.5,124.0,123.0,123.5,78000
2025-08-11,124.5,124.5,124.5,123.0,123.5,91000
2025-08-12,124.0,124.0,124.5,124.0,124.0,77000
2025-08-13,123.5,123.5,124.0,123.0,124.0,51000
2025-08-14,124.0,124.0,124.0,123.5,124.0,34000
2025-08-15,124.0,124.0,124.5,123.0,124.0,47000
2025-08-18,124.0,124.0,124.0,123.0,123.0,38000
2025-08-19,124.0,124.0,124.0,123.0,123.0,57000
2025-08-20,123.5,123.5,123.5,122.5,123.0,35000
2025-08-21,124.0,124.0,124.0,123.5,123.5,32000
2025-08-22,124.0,124.0,124.0,122.5,124.0,89000
2025-08-25,123.5,123.5,124.0,123.0,124.0,102000
2025-08-26,123.5,123.5,123.5,122.5,123.5,41000
2025-08-27,124.0,124.0,124.0,123.0,124.0,40000
2025-08-28,124.5,124.5,124.5,123.5,123.5,51000
2025-08-29,124.5,124.5,124.5,124.0,124.5,53000
2025-09-01,124.5,124.5,125.5,124.0,124.0,63000
2025-09-02,125.0,125.0,125.0,124.0,124.5,47000
2025-09-03,125.0,125.0,125.0,124.0,124.5,58000
2025-09-04,125.5,125.5,125.5,124.5,125.5,78000
2025-09-05,126.0,126.0,126.0,125.0,125.5,55000
2025-09-08,123.5,123.5,125.5,123.0,125.5,89000
2025-09-09,123.5,123.5,124.0,122.5,123.5,97000
2025-09-10,123.5,123.5,124.0,123.0,123.0,60000
2025-09-11,123.5,123.5,125.0,123.0,123.5,34000
2025-09-12,124.0,124.0,124.5,123.0,123.5,115000
2025-09-15,123.0,123.0,124.0,122.5,124.0,88000
2025-09-16,122.5,122.5,123.0,122.0,122.5,81000
2025-09-17,123.0,123.0,123.5,122.0,122.0,60000
2025-09-18,123.0,123.0,123.0,122.5,123.0,42000
2025-09-19,123.5,123.5,123.5,122.5,122.5,31000
2025-09-22,123.5,123.5,124.0,123.0,123.5,35000
2025-09-23,123.5,123.5,124.0,122.5,124.0,43000
2025-09-24,123.0,123.0,123.0,122.5,123.0,23000
2025-09-25,123.0,123.0,123.5,123.0,123.0,40000
2025-09-26,123.0,123.0,123.0,122.0,123.0,21000
2025-09-29,92.3,92.3,93.0,92.2,92.7,13107
2025-09-30,123.0,123.0,123.0,122.0,122.5,51000
2025-10-01,124.0,124.0,126.0,122.0,123.0,144000
2025-10-02,124.5,124.5,125.0,124.0,124.5,131000
2025-10-03,123.5,123.5,124.5,123.0,124.5,74000
2025-10-06,92.3,92.3,93.0,92.2,92.7,13107
2025-10-07,123.0,123.0,123.5,121.5,123.5,204000
2025-10-08,122.5,122.5,123.0,122.5,123.0,57000
2025-10-09,123.0,123.0,123.0,122.5,123.0,41000
2025-10-10,92.3,92.3,93.0,92.2,92.7,13107
2025-10-13,123.0,123.0,123.0,121.5,122.5,98000
2025-10-14,123.0,123.0,123.5,122.5,123.0,110000
2025-10-15,123.5,123.5,124.0,123.0,123.0,91000
2025-10-16,123.5,123.5,123.5,123.0,123.5,62000
2025-10-17,123.5,123.5,123.5,122.0,122.5,45000
2025-10-20,122.5,122.5,123.5,122.0,123.5,25000
2025-10-21,122.5,122.5,122.5,122.0,122.5,47000
2025-10-22,123.0,123.0,123.0,122.0,122.5,36000
2025-10-23,123.0,123.0,123.0,122.0,123.0,49000
2025-10-24,92.3,92.3,93.0,92.2,92.7,13107
2025-10-27,122.5,122.5,122.5,122.0,122.5,31000
2025-10-28,123.0,123.0,123.0,122.0,122.0,35000
2025-10-29,122.5,122.5,123.0,122.0,122.5,34000
2025-10-30,122.0,122.0,122.5,122.0,122.5,56000
2025-10-31,122.0,122.0,122.5,122.0,122.0,41000
2025-11-03,122.5,122.5,122.5,122.0,122.5,59000
2025-11-04,122.0,122.0,123.0,122.0,123.0,33000
2025-11-05,122.0,122.0,122.5,121.5,122.0,118000
2025-11-06,122.5,122.5,123.0,122.0,123.0,27000
2025-11-07,121.5,121.5,122.5,121.5,122.5,195000
2025-11-10,121.5,121.5,122.0,121.5,121.5,48000
2025-11-11,120.5,120.5,122.0,120.5,121.5,161000
2025-11-12,118.5,118.5,120.5,117.0,120.5,190000
2025-11-13,117.5,117.5,119.0,117.5,119.0,131000
2025-11-14,117.0,117.0,118.0,117.0,117.0,48000
2025-11-17,116.5,116.5,117.0,115.5,117.0,72000
2025-11-18,115.0,115.0,116.0,114.0,115.5,117000
2025-11-19,114.0,114.0,115.0,113.5,114.0,155000
2025-11-20,116.0,116.0,116.0,114.0,114.0,78000
2025-11-21,115.5,115.5,116.0,115.0,115.5,24000
2025-11-24,115.5,115.5,117.0,115.0,116.0,45000
2025-11-25,115.5,115.5,116.0,115.5,116.0,30000
2025-11-26,116.5,116.5,117.0,116.0,116.0,27000
2025-11-27,116.5,116.5,117.0,116.5,116.5,23000
2025-11-28,116.5,116.5,117.5,116.5,117.5,18000
2025-12-01,116.0,116.0,117.0,116.0,117.0,37000
2025-12-02,116.5,116.5,117.0,116.0,117.0,38000
2025-12-03,116.5,116.5,117.0,116.5,117.0,16000
2025-12-04,116.0,116.0,116.5,116.0,116.5,18000
2025-12-05,115.5,115.5,117.0,115.5,117.0,55000
2025-12-08,116.0,116.0,117.0,116.0,116.5,42000
2025-12-09,116.5,116.5,116.5,116.0,116.0,23000
2025-12-10,116.0,116.0,117.0,115.5,117.0,41000
2025-12-11,116.0,116.0,116.5,116.0,116.5,58000
2025-12-12,116.0,116.0,116.0,115.5,116.0,58000
2025-12-15,116.0,116.0,116.0,115.5,116.0,81000
2025-12-16,115.5,115.5,116.0,115.0,116.0,57000
2025-12-17,115.5,115.5,116.0,115.5,115.5,16000
2025-12-18,115.0,115.0,115.5,114.5,115.0,44000
2025-12-19,115.5,115.5,116.0,115.5,116.0,25000
2025-12-22,115.5,115.5,116.0,115.0,115.5,82000
2025-12-23,115.5,115.5,116.5,115.5,116.0,49000
2025-12-24,115.5,115.5,116.0,115.5,115.5,39000
2025-12-25,92.3,92.3,93.0,92.2,92.7,13107
2025-12-26,117.5,117.5,117.5,116.0,116.0,72000
2025-12-29,116.5,116.5,117.0,112.0,116.0,146000
2025-12-30,116.5,116.5,117.5,116.0,116.5,35000
2025-12-31,116.0,116.0,116.5,115.5,115.5,31000
2026-01-01,92.3,92.3,93.0,92.2,92.7,13107
2026-01-02,116.0,116.0,117.0,116.0,116.0,36000
2026-01-05,116.0,116.0,116.0,115.0,116.0,69000
2026-01-06,115.5,115.5,116.0,115.0,115.0,90000
2026-01-07,115.5,115.5,116.0,115.0,115.5,41000
2026-01-08,115.0,115.0,115.0,113.5,115.0,99000
2026-01-09,115.5,115.5,115.5,114.5,115.0,56000
2026-01-12,115.5,115.5,116.5,115.0,116.0,57000
2026-01-13,115.0,115.0,115.0,114.5,115.0,63000
2026-01-14,114.5,114.5,115.0,114.0,114.5,101000
2026-01-15,114.0,114.0,115.0,114.0,114.5,53000
2026-01-16,114.5,114.5,115.0,114.0,114.0,130000
2026-01-19,114.0,114.0,114.5,113.0,114.5,151000
2026-01-20,113.5,113.5,114.0,113.0,113.5,83000
2026-01-21,113.5,113.5,114.0,113.0,113.0,49000
2026-01-22,114.5,114.5,115.0,113.5,113.5,145000
2026-01-23,114.5,114.5,115.0,114.0,115.0,61000
2026-01-26,113.0,113.0,114.5,113.0,114.0,137000
2026-01-27,112.5,112.5,113.5,112.0,113.0,140000
2026-01-28,112.0,112.0,113.0,112.0,113.0,103000
2026-01-29,112.0,112.0,112.0,111.5,111.5,62000
2026-01-30,111.0,111.0,111.5,111.0,111.5,118000
2026-02-02,111.0,111.0,111.0,110.5,111.0,94000
2026-02-03,110.5,110.5,111.5,110.5,111.5,73000
2026-02-04,111.5,111.5,111.5,110.5,110.5,55000
2026-02-05,111.0,111.0,111.5,110.5,111.5,72000
2026-02-06,110.0,110.0,110.5,108.5,110.5,170000
2026-02-09,110.0,110.0,110.5,108.5,110.5,208000
2026-02-10,110.0,110.0,110.0,109.0,109.0,60000
2026-02-11,111.0,111.0,111.0,110.0,110.5,96000
2026-02-12,92.3,92.3,93.0,92.2,92.7,13107
2026-02-13,92.3,92.3,93.0,92.2,92.7,13107
2026-02-16,92.3,92.3,93.0,92.2,92.7,13107
2026-02-17,92.3,92.3,93.0,92.2,92.7,13107
2026-02-18,92.3,92.3,93.0,92.2,92.7,13107
2026-02-19,92.3,92.3,93.0,92.2,92.7,13107
2026-02-20,92.3,92.3,93.0,92.2,92.7,13107
2026-02-23,110.0,110.0,110.5,109.0,110.5,217000
2026-02-24,110.0,110.0,110.0,109.5,109.5,169000
2026-02-25,109.0,109.0,109.5,108.5,109.5,151000
2026-02-26,110.0,110.0,110.5,108.5,109.0,148000
2026-02-27,92.3,92.3,93.0,92.2,92.7,13107
2026-03-02,111.0,111.0,111.5,110.0,110.0,126000
2026-03-03,110.5,110.5,111.0,110.0,111.0,126000
2026-03-04,110.0,110.0,110.5,108.0,109.0,202000
2026-03-05,110.0,110.0,110.5,109.5,110.0,78000
2026-03-06,110.0,110.0,110.0,109.5,110.0,79000
2026-03-09,109.0,109.0,110.0,107.5,110.0,146000
2026-03-10,107.5,107.5,109.5,106.0,109.5,309000
2026-03-11,110.5,110.5,111.0,108.5,109.5,247000
2026-03-12,111.0,111.0,111.5,109.5,110.5,246000
2026-03-13,111.0,111.0,111.0,109.5,110.5,162000
2026-03-16,110.5,110.5,111.0,110.0,111.0,95000
2026-03-17,111.0,111.0,111.0,110.0,110.5,198000
2026-03-18,111.0,111.0,111.5,111.0,111.0,102000
2026-03-19,111.0,111.0,111.5,110.5,111.0,107000
2026-03-20,109.5,109.5,111.0,109.0,111.0,138000
2026-03-23,108.5,108.5,109.5,107.5,109.5,124000
2026-03-24,108.0,108.0,109.5,107.5,109.5,82000
2026-03-25,107.0,107.0,108.0,106.5,108.0,301000
2026-03-26,101.5,101.5,102.0,101.0,101.0,175000
2026-03-27,101.0,101.0,101.0,100.0,101.0,79000
2026-03-30,100.0,100.0,100.5,99.7,100.5,90000
2026-03-31,98.6,98.6,100.0,98.6,100.0,87000
2026-04-01,98.3,98.3,98.9,98.3,98.7,86000
2026-04-02,98.3,98.3,98.3,98.1,98.3,45000
2026-04-03,92.3,92.3,93.0,92.2,92.7,13107
2026-04-06,92.3,92.3,93.0,92.2,92.7,13107
2026-04-07,98.2,98.2,98.5,98.2,98.5,40000
2026-04-08,99.5,99.5,99.5,98.1,98.5,54000
2026-04-09,99.7,99.7,99.9,99.2,99.5,39000
2026-04-10,99.2,99.2,100.0,99.0,99.9,47000
2026-04-13,95.1,95.1,98.2,94.8,98.1,485000
2026-04-14,91.9,91.9,95.1,90.7,95.1,521000
2026-04-15,94.0,94.0,95.0,92.1,92.1,245000
2026-04-16,94.4,94.4,94.5,93.5,94.0,87000
2026-04-17,94.4,94.4,94.5,93.6,94.3,86000
2026-04-20,93.0,93.0,94.8,92.2,94.5,127000
2026-04-21,93.6,93.6,93.8,93.0,93.1,65000
2026-04-22,93.6,93.6,93.9,93.2,93.6,120000
2026-04-23,93.2,93.2,93.6,92.5,93.6,127000
2026-04-24,93.0,93.0,93.3,92.7,93.1,209000
2026-04-27,92.4,92.4,92.9,91.1,92.9,284000
2026-04-28,92.5,92.5,92.6,91.7,92.0,145000
2026-04-29,93.7,93.7,93.8,92.0,92.1,107000
2026-04-30,93.8,93.8,93.8,93.1,93.1,143000
2026-05-01,92.3,92.3,93.0,92.2,92.7,13107
2026-05-04,93.8,93.8,93.8,93.0,93.8,111000
2026-05-05,96.5,96.5,96.5,93.8,93.8,141000
2026-05-06,95.5,95.5,96.6,95.4,96.6,71000
2026-05-07,94.4,94.4,95.3,94.1,95.3,69000
2026-05-08,92.9,92.9,93.5,91.2,91.2,240000
2026-05-11,92.6,92.6,93.0,92.4,92.9,162000
2026-05-12,91.0,91.0,92.7,90.8,92.6,233000
2026-05-13,90.8,90.8,91.0,90.6,90.7,105000
2026-05-14,88.3,88.3,90.8,88.0,90.8,451000
2026-05-15,85.5,85.5,88.3,85.5,88.0,450000
2026-05-18,85.7,85.7,86.3,85.3,85.4,207000
2026-05-19,85.0,85.0,86.1,85.0,85.8,110000
2026-05-20,86.0,86.0,87.0,85.2,85.2,126000
2026-05-21,86.2,86.2,87.4,85.9,87.4,87000
2026-05-22,85.9,85.9,86.2,85.5,86.2,121000
2026-05-25,85.5,85.5,86.5,85.5,85.9,182000
2026-05-26,84.9,84.9,85.5,84.5,85.5,184000
2026-05-27,84.5,84.5,85.1,84.3,85.0,180000
2026-05-28,85.0,85.0,85.1,84.5,84.6,132000
2026-05-29,85.5,85.5,86.1,85.0,85.0,63000
2026-06-01,89.1,89.1,89.3,85.5,85.5,167000
2026-06-02,88.3,88.3,89.8,87.6,89.8,91000
2026-06-03,88.9,88.9,90.3,88.3,90.3,116000
2026-06-04,88.5,88.5,89.2,88.0,89.2,36000
2026-06-05,92.1,92.1,93.8,91.5,93.6,238000
2026-06-08,91.8,91.8,92.0,88.6,92.0,127000
2026-06-09,93.4,93.4,93.7,92.0,92.0,145000
2026-06-10,93.1,93.1,93.8,92.5,92.5,153000
2026-06-11,93.0,93.0,93.1,92.2,93.1,76000
2026-06-12,94.2,94.2,94.4,93.0,93.0,139000
2026-06-15,94.6,94.6,94.9,93.5,94.2,89000
2026-06-16,94.8,94.8,95.3,94.4,94.7,111000
2026-06-17,94.9,94.9,95.3,94.5,94.6,87000
2026-06-18,95.0,95.0,95.2,94.6,95.1,81000
2026-06-19,92.3,92.3,93.0,92.2,92.7,13107
2026-06-22,94.0,94.0,95.0,93.6,95.0,186000
2026-06-23,93.5,93.5,93.9,93.0,93.9,69000
2026-06-24,92.5,92.5,93.2,92.2,93.2,79000
2026-06-25,92.6,92.6,92.7,92.3,92.5,49000
2026-06-26,92.0,92.0,92.3,91.2,92.3,81000
2026-06-29,92.1,92.1,92.5,90.4,90.4,54000
2026-06-30,92.5,92.5,92.5,91.6,92.1,85000
2026-07-01,92.9,92.9,92.9,91.8,92.0,46000
2026-07-02,94.0,94.0,94.0,92.6,92.7,78000
2026-07-03,94.8,94.8,95.0,93.4,93.4,77000
2026-07-06,94.8,94.8,95.2,94.3,95.2,118000
2026-07-07,94.3,94.3,95.0,94.0,95.0,71000
2026-07-08,94.3,94.3,94.3,93.6,94.3,31000
2026-07-09,94.4,94.4,94.5,94.0,94.3,45000
2026-07-10,92.3,92.3,93.0,92.2,92.7,13107
2026-07-13,94.5,94.5,94.6,93.9,93.9,66000
2026-07-14,94.3,94.3,95.0,94.0,95.0,49000
2026-07-15,95.2,95.2,95.3,94.5,94.9,106000
2026-07-16,95.7,95.7,95.9,95.0,95.2,78000
2026-07-17,94.0,94.0,95.7,94.0,95.7,73000
2026-07-20,94.9,94.9,94.9,93.8,94.1,99000
2026-07-21,95.6,95.6,96.2,94.9,94.9,76000
2026-07-22,95.5,95.5,95.7,94.8,95.6,50000
2026-07-23,94.5,94.5,95.5,94.2,95.5,67000
2026-07-24,94.4,94.4,94.4,94.0,94.4,71000
2026-07-27,94.3,94.3,94.4,93.9,94.4,51000
2026-07-28,93.7,93.7,94.2,93.4,94.2,53000
2026-07-29,92.8,92.8,93.6,91.7,93.6,95000
2026-07-30,93.5,93.5,94.0,93.0,93.1,130000
2026-07-31,93.3,93.3,94.4,92.5,94.2,118000
2026-08-03,92.0,92.0,93.3,90.5,93.3,127000
2026-08-04,91.1,91.1,91.5,90.5,91.3,73000
2026-08-05,91.7,91.7,92.9,91.2,91.8,89000
2026-08-06,91.7,91.7,92.6,91.7,91.8,32000
2026-08-07,92.5,92.5,92.8,91.9,91.9,25000
2026-08-10,92.6,92.6,93.7,92.5,92.9,72000
2026-08-11,92.4,92.4,92.6,91.0,92.6,42000
2026-08-12,93.0,93.0,93.6,92.7,93.6,46000
2026-08-13,92.9,92.9,93.5,92.4,92.5,70000
2026-08-14,91.0,91.0,92.2,90.8,92.1,95000
2026-08-17,91.8,91.8,91.8,90.7,91.1,82000
2026-08-18,91.7,91.7,91.8,91.0,91.8,25000
2026-08-19,92.1,92.1,92.1,91.7,91.7,17000
2026-08-20,92.7,92.7,92.8,92.0,92.8,21000
2026-08-21,92.3,92.3,93.0,92.2,92.7,12000
2026-08-24,92.6,92.6,92.6,90.8,92.5,29168
2026-08-25,92.8,92.8,92.8,91.6,92.3,33204
