Price,Adj Close,Close,High,Low,Open,Volume
Ticker,5525.TW,5525.TW,5525.TW,5525.TW,5525.TW,5525.TW
Date,,,,,,
2020-01-02,14.287189483642578,17.86770248413086,17.944717407226562,17.86770248413086,17.86770248413086,118535
2020-01-03,14.348771095275879,17.944717407226562,17.944717407226562,17.752178192138672,17.829193115234375,133389
2020-01-06,14.225606918334961,17.790685653686523,17.944717407226562,17.790685653686523,17.944717407226562,106860
2020-01-07,14.133233070373535,17.675161361694336,17.790685653686523,17.55963897705078,17.790685653686523,92796
2020-01-08,14.071649551391602,17.598146438598633,17.675161361694336,17.405607223510742,17.675161361694336,74140
2020-01-09,14.10244369506836,17.636653900146484,17.675161361694336,17.52113151550293,17.598146438598633,100563
2020-01-10,14.040860176086426,17.55963897705078,17.636653900146484,17.36709976196289,17.636653900146484,110709
2020-01-13,13.979276657104492,17.482622146606445,17.636653900146484,17.36709976196289,17.636653900146484,104523
2020-01-14,13.917694091796875,17.405607223510742,17.482622146606445,17.405607223510742,17.482622146606445,158881
2020-01-15,13.856111526489258,17.328590393066406,17.52113151550293,17.328590393066406,17.482622146606445,111927
2020-01-16,13.856111526489258,17.328590393066406,17.405607223510742,17.328590393066406,17.328590393066406,109327
2020-01-17,13.856111526489258,17.328590393066406,17.36709976196289,17.290082931518555,17.328590393066406,154902
2020-01-20,13.979276657104492,17.482622146606445,17.482622146606445,17.328590393066406,17.328590393066406,79439
2020-01-30,13.209492683410645,16.519922256469727,17.328590393066406,16.2503662109375,17.328590393066406,375258
2020-01-31,13.394240379333496,16.7509708404541,16.943510055541992,16.519922256469727,16.519922256469727,206710
2020-02-03,12.963160514831543,16.21185874938965,16.7509708404541,15.788270950317383,16.7509708404541,201484
2020-02-04,12.993953704833984,16.2503662109375,17.405607223510742,16.2503662109375,17.405607223510742,169532
2020-02-05,12.993953704833984,16.2503662109375,16.327383041381836,16.05782699584961,16.21185874938965,88576
2020-02-06,13.178701400756836,16.481414794921875,16.481414794921875,16.173351287841797,16.327383041381836,157941
2020-02-07,12.993953704833984,16.2503662109375,16.327383041381836,16.173351287841797,16.327383041381836,108051
2020-02-10,12.7476224899292,15.942302703857422,16.173351287841797,15.55722427368164,16.173351287841797,120299
2020-02-11,12.8092041015625,16.019319534301758,16.019319534301758,15.788270950317383,15.865286827087402,109925
2020-02-12,12.993953704833984,16.2503662109375,16.288875579833984,16.05782699584961,16.09633445739746,92397
2020-02-13,12.963160514831543,16.21185874938965,16.288875579833984,16.09633445739746,16.2503662109375,149319
2020-02-14,12.93237018585205,16.173351287841797,16.288875579833984,16.09633445739746,16.288875579833984,53421
2020-02-17,12.870786666870117,16.09633445739746,16.173351287841797,16.05782699584961,16.173351287841797,90070
2020-02-18,12.870786666870117,16.09633445739746,16.173351287841797,16.019319534301758,16.09633445739746,138084
2020-02-19,12.901578903198242,16.134843826293945,16.134843826293945,16.019319534301758,16.019319534301758,94266
2020-02-20,12.93237018585205,16.173351287841797,16.173351287841797,16.09633445739746,16.09633445739746,152565
2020-02-21,13.024744033813477,16.288875579833984,16.288875579833984,16.134843826293945,16.173351287841797,139451
2020-02-24,12.93237018585205,16.173351287841797,16.173351287841797,15.788270950317383,16.173351287841797,166001
2020-02-25,12.778412818908691,15.98081111907959,16.09633445739746,15.403191566467285,15.788270950317383,103007
2020-02-26,12.7476224899292,15.942302703857422,16.09633445739746,15.942302703857422,16.05782699584961,188792
2020-02-27,12.624457359313965,15.788270950317383,15.90379524230957,15.672746658325195,15.865286827087402,230243
2020-03-02,12.470499992370605,15.595731735229492,15.672746658325195,15.55722427368164,15.634239196777344,69297
2020-03-03,12.562873840332031,15.711255073547363,15.711255073547363,15.595731735229492,15.672746658325195,155682
2020-03-04,12.624457359313965,15.788270950317383,15.788270950317383,15.711255073547363,15.711255073547363,71204
2020-03-05,12.778412818908691,15.98081111907959,15.98081111907959,15.788270950317383,15.788270950317383,47392
2020-03-06,12.71683120727539,15.90379524230957,15.942302703857422,15.634239196777344,15.942302703857422,109994
2020-03-09,12.316542625427246,15.403191566467285,15.711255073547363,15.403191566467285,15.403191566467285,390354
2020-03-10,12.624457359313965,15.788270950317383,15.788270950317383,15.018112182617188,15.403191566467285,183110
2020-03-11,12.7476224899292,15.942302703857422,15.942302703857422,15.749762535095215,15.788270950317383,70212
2020-03-12,12.254960060119629,15.326175689697266,15.865286827087402,15.210652351379395,15.865286827087402,226775
2020-03-13,11.392802238464355,14.247952461242676,14.363475799560547,13.862872123718262,14.363475799560547,605295
2020-03-16,11.084888458251953,13.862872123718262,14.401984214782715,13.785856246948242,14.247952461242676,240307
2020-03-17,10.592227935791016,13.246745109558105,13.554808616638184,12.977189064025879,13.092713356018066,231250
2020-03-18,10.592227935791016,13.246745109558105,13.477792739868164,12.861664772033691,13.246745109558105,183598
2020-03-19,9.606903076171875,12.01448917388916,12.861664772033691,11.93747329711914,12.861664772033691,777760
2020-03-20,10.438270568847656,13.054204940795898,13.131220817565918,12.1685209274292,12.1685209274292,184360
2020-03-23,10.345895767211914,12.938680648803711,12.977189064025879,12.052996635437012,12.052996635437012,94305
2020-03-24,10.807766914367676,13.516301155090332,13.747347831726074,13.131220817565918,13.131220817565918,188949
2020-03-25,11.454385757446289,14.324968338012695,14.363475799560547,13.939888000488281,13.939888000488281,252700
2020-03-26,11.454385757446289,14.324968338012695,14.517507553100586,14.247952461242676,14.324968338012695,167144
2020-03-27,11.700715065002441,14.633031845092773,14.864080429077148,14.479000091552734,14.633031845092773,164900
2020-03-30,11.51596736907959,14.401984214782715,14.594524383544922,13.901379585266113,14.594524383544922,61920
2020-03-31,11.546758651733398,14.440491676330566,14.594524383544922,14.363475799560547,14.401984214782715,144303
2020-04-01,11.577550888061523,14.479000091552734,14.594524383544922,14.440491676330566,14.479000091552734,56351
2020-04-06,11.577550888061523,14.479000091552734,14.556015968322754,14.247952461242676,14.556015968322754,103874
2020-04-07,11.762297630310059,14.710047721862793,14.864080429077148,14.517507553100586,14.517507553100586,127246
2020-04-08,11.977837562561035,14.97960376739502,15.249159812927246,14.594524383544922,14.710047721862793,288544
2020-04-09,11.8546724319458,14.82557201385498,15.095128059387207,14.594524383544922,15.018112182617188,208438
2020-04-10,11.885464668273926,14.864080429077148,14.97960376739502,14.633031845092773,14.787063598632812,48074
2020-04-13,11.8546724319458,14.82557201385498,14.97960376739502,14.787063598632812,14.97960376739502,97382
2020-04-14,11.977837562561035,14.97960376739502,14.97960376739502,14.82557201385498,14.902587890625,60068
2020-04-15,12.039420127868652,15.056619644165039,15.249159812927246,14.902587890625,15.249159812927246,91547
2020-04-16,12.00862979888916,15.018112182617188,15.095128059387207,14.710047721862793,14.941096305847168,144737
2020-04-17,12.039420127868652,15.056619644165039,15.249159812927246,15.018112182617188,15.210652351379395,63623
2020-04-20,12.193377494812012,15.249159812927246,15.249159812927246,15.018112182617188,15.172143936157227,57780
2020-04-21,11.8546724319458,14.82557201385498,15.210652351379395,14.517507553100586,15.018112182617188,155941
2020-04-22,11.762297630310059,14.710047721862793,14.941096305847168,14.671540260314941,14.941096305847168,117949
2020-04-23,12.00862979888916,15.018112182617188,15.056619644165039,14.864080429077148,15.056619644165039,115383
2020-04-24,11.947046279907227,14.941096305847168,15.095128059387207,14.787063598632812,15.056619644165039,37866
2020-04-27,12.162588119506836,15.210652351379395,15.249159812927246,14.941096305847168,14.941096305847168,118417
2020-04-28,12.101004600524902,15.133636474609375,15.210652351379395,15.095128059387207,15.210652351379395,54682
2020-04-29,12.285751342773438,15.364684104919434,15.403191566467285,15.133636474609375,15.210652351379395,102421
2020-04-30,12.470499992370605,15.595731735229492,15.634239196777344,15.441699981689453,15.441699981689453,142697
2020-05-04,12.22416877746582,15.287668228149414,15.55722427368164,15.133636474609375,15.518715858459473,161524
2020-05-05,12.254960060119629,15.326175689697266,15.364684104919434,15.172143936157227,15.287668228149414,40883
2020-05-06,12.316542625427246,15.403191566467285,15.441699981689453,15.210652351379395,15.287668228149414,102576
2020-05-07,12.470499992370605,15.595731735229492,15.595731735229492,15.403191566467285,15.518715858459473,58226
2020-05-08,12.439709663391113,15.55722427368164,15.634239196777344,15.518715858459473,15.595731735229492,46289
2020-05-11,12.7476224899292,15.942302703857422,16.019319534301758,15.634239196777344,15.634239196777344,119092
2020-05-12,12.470499992370605,15.595731735229492,15.98081111907959,15.55722427368164,15.98081111907959,108317
2020-05-13,12.439709663391113,15.55722427368164,15.634239196777344,15.403191566467285,15.403191566467285,20037
2020-05-14,12.316542625427246,15.403191566467285,15.480208396911621,15.326175689697266,15.403191566467285,63162
2020-05-15,12.316542625427246,15.403191566467285,15.480208396911621,15.287668228149414,15.480208396911621,27720
2020-05-18,12.316542625427246,15.403191566467285,15.441699981689453,15.326175689697266,15.441699981689453,50246
2020-05-19,12.378127098083496,15.480208396911621,15.480208396911621,15.326175689697266,15.480208396911621,81393
2020-05-20,12.378127098083496,15.480208396911621,15.480208396911621,15.364684104919434,15.364684104919434,43736
2020-05-21,12.408917427062988,15.518715858459473,15.55722427368164,15.480208396911621,15.480208396911621,79334
2020-05-22,12.254960060119629,15.326175689697266,15.55722427368164,15.326175689697266,15.518715858459473,63406
2020-05-25,12.470499992370605,15.595731735229492,15.788270950317383,15.364684104919434,15.788270950317383,30232
2020-05-26,12.593663215637207,15.749762535095215,15.749762535095215,15.634239196777344,15.711255073547363,45445
2020-05-27,12.501290321350098,15.634239196777344,15.749762535095215,15.441699981689453,15.749762535095215,107058
2020-05-28,12.439709663391113,15.55722427368164,15.672746658325195,15.55722427368164,15.634239196777344,29558
2020-05-29,12.501290321350098,15.634239196777344,15.634239196777344,15.55722427368164,15.55722427368164,25189
2020-06-01,12.624457359313965,15.788270950317383,15.788270950317383,15.672746658325195,15.672746658325195,84398
2020-06-02,12.624457359313965,15.788270950317383,15.788270950317383,15.672746658325195,15.788270950317383,43237
2020-06-03,12.624457359313965,15.788270950317383,15.788270950317383,15.711255073547363,15.788270950317383,63271
2020-06-04,12.655247688293457,15.82677936553955,15.865286827087402,15.711255073547363,15.749762535095215,62080
2020-06-05,12.8092041015625,16.019319534301758,16.019319534301758,15.788270950317383,15.788270950317383,66226
2020-06-08,13.117118835449219,16.404399871826172,16.404399871826172,16.09633445739746,16.09633445739746,151128
2020-06-09,13.147910118103027,16.442907333374023,16.519922256469727,16.404399871826172,16.404399871826172,39312
2020-06-10,13.178701400756836,16.481414794921875,16.481414794921875,16.327383041381836,16.481414794921875,40683
2020-06-11,12.870786666870117,16.09633445739746,16.55843162536621,16.09633445739746,16.481414794921875,113353
2020-06-12,12.7476224899292,15.942302703857422,15.98081111907959,15.403191566467285,15.403191566467285,57394
2020-06-15,12.686039924621582,15.865286827087402,15.942302703857422,15.749762535095215,15.749762535095215,49968
2020-06-16,12.93237018585205,16.173351287841797,16.173351287841797,15.865286827087402,15.865286827087402,82580
2020-06-17,13.055534362792969,16.327383041381836,16.327383041381836,16.134843826293945,16.134843826293945,40420
2020-06-18,13.055534362792969,16.327383041381836,16.365890502929688,16.2503662109375,16.2503662109375,28818
2020-06-19,12.93237018585205,16.173351287841797,16.404399871826172,16.173351287841797,16.327383041381836,28565
2020-06-22,13.178701400756836,16.481414794921875,16.481414794921875,16.2503662109375,16.2503662109375,99223
2020-06-23,13.147910118103027,16.442907333374023,16.481414794921875,16.365890502929688,16.481414794921875,61026
2020-06-24,13.055534362792969,16.327383041381836,16.442907333374023,16.327383041381836,16.365890502929688,65116
2020-06-29,13.055534362792969,16.327383041381836,16.827987670898438,16.327383041381836,16.404399871826172,102582
2020-06-30,13.271076202392578,16.596939086914062,16.596939086914062,16.019319534301758,16.2503662109375,66890
2020-07-01,13.24028491973877,16.55843162536621,16.596939086914062,16.404399871826172,16.596939086914062,51807
2020-07-02,13.209492683410645,16.519922256469727,16.596939086914062,16.481414794921875,16.55843162536621,38049
2020-07-03,13.24028491973877,16.55843162536621,16.596939086914062,16.481414794921875,16.481414794921875,57780
2020-07-06,13.425029754638672,16.789478302001953,16.86649513244629,16.596939086914062,16.635446548461914,199570
2020-07-07,13.363449096679688,16.71246337890625,16.789478302001953,16.596939086914062,16.6739559173584,83959
2020-07-08,13.425029754638672,16.789478302001953,16.789478302001953,16.71246337890625,16.71246337890625,57917
2020-07-09,13.425029754638672,16.789478302001953,16.86649513244629,16.789478302001953,16.789478302001953,63363
2020-07-10,13.271076202392578,16.596939086914062,16.71246337890625,16.519922256469727,16.71246337890625,63493
2020-07-13,13.425029754638672,16.789478302001953,16.86649513244629,16.596939086914062,16.596939086914062,225301
2020-07-14,13.301865577697754,16.635446548461914,16.827987670898438,16.481414794921875,16.789478302001953,70948
2020-07-15,13.363449096679688,16.71246337890625,16.789478302001953,16.635446548461914,16.71246337890625,68816
2020-07-16,13.394240379333496,16.7509708404541,16.86649513244629,16.6739559173584,16.71246337890625,54612
2020-07-17,13.425029754638672,16.789478302001953,16.943510055541992,16.71246337890625,16.86649513244629,116346
2020-07-20,13.425029754638672,16.789478302001953,16.943510055541992,16.55843162536621,16.789478302001953,183403
2020-07-21,13.548196792602539,16.943510055541992,17.020526885986328,16.71246337890625,16.789478302001953,214516
2020-07-22,13.51740550994873,16.90500259399414,17.05903434753418,16.90500259399414,17.05903434753418,35206
2020-07-23,13.640571594238281,17.05903434753418,17.05903434753418,16.90500259399414,16.90500259399414,140964
2020-07-24,13.486615180969238,16.86649513244629,16.943510055541992,16.789478302001953,16.943510055541992,116209
2020-07-27,13.548196792602539,16.943510055541992,17.020526885986328,16.789478302001953,16.827987670898438,114980
2020-07-28,13.425029754638672,16.789478302001953,16.982019424438477,16.635446548461914,16.943510055541992,76904
2020-07-29,13.51740550994873,16.90500259399414,16.943510055541992,16.71246337890625,16.71246337890625,40666
2020-07-30,13.45582389831543,16.827987670898438,16.943510055541992,16.2503662109375,16.55843162536621,84426
2020-07-31,13.548196792602539,16.943510055541992,16.943510055541992,16.635446548461914,16.943510055541992,55053
2020-08-03,13.486615180969238,16.86649513244629,16.86649513244629,16.7509708404541,16.789478302001953,46878
2020-08-04,13.486615180969238,16.86649513244629,17.020526885986328,16.827987670898438,16.943510055541992,54534
2020-08-05,13.51740550994873,16.90500259399414,16.90500259399414,16.827987670898438,16.86649513244629,56806
2020-08-06,13.486615180969238,16.86649513244629,16.943510055541992,16.827987670898438,16.90500259399414,66677
2020-08-07,13.486615180969238,16.86649513244629,16.90500259399414,16.827987670898438,16.827987670898438,57516
2020-08-10,13.45582389831543,16.827987670898438,17.05903434753418,16.827987670898438,17.05903434753418,71525
2020-08-11,13.548196792602539,16.943510055541992,16.943510055541992,16.86649513244629,16.943510055541992,55472
2020-08-12,13.486615180969238,16.86649513244629,16.943510055541992,16.827987670898438,16.90500259399414,35775
2020-08-13,13.548196792602539,16.943510055541992,17.05903434753418,16.86649513244629,17.05903434753418,41331
2020-08-14,13.51740550994873,16.90500259399414,16.943510055541992,16.71246337890625,16.943510055541992,121000
2020-08-17,13.486615180969238,16.86649513244629,16.90500259399414,16.71246337890625,16.90500259399414,193449
2020-08-18,13.548196792602539,16.943510055541992,16.943510055541992,16.86649513244629,16.86649513244629,108156
2020-08-19,13.548196792602539,16.943510055541992,16.943510055541992,16.943510055541992,16.943510055541992,169685
2020-08-20,13.45582389831543,16.827987670898438,16.943510055541992,16.71246337890625,16.943510055541992,109124
2020-08-21,13.486615180969238,16.86649513244629,16.943510055541992,16.789478302001953,16.90500259399414,102600
2020-08-24,13.548196792602539,16.943510055541992,16.943510055541992,16.86649513244629,16.943510055541992,79388
2020-08-25,13.702155113220215,17.136051177978516,17.174558639526367,16.90500259399414,16.943510055541992,218691
2020-08-26,13.825321197509766,17.290082931518555,17.290082931518555,17.020526885986328,17.136051177978516,202419
2020-08-27,14.004525184631348,17.09292221069336,17.384042739868164,16.884979248046875,16.92656707763672,188122
2020-08-28,14.072673797607422,17.17609977722168,17.217687606811523,16.92656707763672,17.00974464416504,64954
2020-08-31,14.549714088439941,17.75834083557129,17.799928665161133,17.259275436401367,17.259275436401367,124731
2020-09-01,14.549714088439941,17.75834083557129,17.841516494750977,17.633573532104492,17.75834083557129,62565
2020-09-02,14.481565475463867,17.675161361694336,17.924694061279297,17.633573532104492,17.883106231689453,52899
2020-09-03,14.311192512512207,17.46721839904785,17.59198570251465,17.425630569458008,17.46721839904785,165429
2020-09-04,14.754158020019531,18.007871627807617,18.174226760864258,17.46721839904785,17.46721839904785,83831
2020-09-07,14.651935577392578,17.883106231689453,18.2158145904541,17.675161361694336,18.2158145904541,86948
2020-09-08,14.617860794067383,17.841516494750977,18.2158145904541,17.75834083557129,18.2158145904541,82359
2020-09-09,14.686010360717773,17.924694061279297,18.007871627807617,17.716751098632812,18.007871627807617,76272
2020-09-10,14.686010360717773,17.924694061279297,17.966283798217773,17.883106231689453,17.883106231689453,33274
2020-09-11,14.58378791809082,17.799928665161133,17.924694061279297,17.799928665161133,17.924694061279297,34543
2020-09-14,14.686010360717773,17.924694061279297,17.924694061279297,17.633573532104492,17.799928665161133,143909
2020-09-15,14.720086097717285,17.966283798217773,17.966283798217773,17.924694061279297,17.924694061279297,37466
2020-09-16,14.754158020019531,18.007871627807617,18.04945945739746,17.966283798217773,17.966283798217773,95579
2020-09-17,14.788232803344727,18.04945945739746,18.091049194335938,17.924694061279297,17.966283798217773,44875
2020-09-18,14.58378791809082,17.799928665161133,18.04945945739746,17.799928665161133,17.924694061279297,127467
2020-09-21,14.651935577392578,17.883106231689453,17.883106231689453,17.46721839904785,17.799928665161133,160981
2020-09-22,14.617860794067383,17.841516494750977,17.966283798217773,17.75834083557129,17.841516494750977,22373
2020-09-23,14.617860794067383,17.841516494750977,17.841516494750977,17.633573532104492,17.633573532104492,66491
2020-09-24,14.14082145690918,17.259275436401367,17.59198570251465,17.134510040283203,17.550397872924805,178309
2020-09-25,14.14082145690918,17.259275436401367,17.300865173339844,17.051332473754883,17.051332473754883,80671
2020-09-28,14.1067476272583,17.217687606811523,17.342453002929688,17.134510040283203,17.134510040283203,70605
2020-09-29,14.14082145690918,17.259275436401367,17.259275436401367,17.134510040283203,17.134510040283203,40996
2020-09-30,14.14082145690918,17.259275436401367,17.300865173339844,17.134510040283203,17.134510040283203,46046
2020-10-05,14.1067476272583,17.217687606811523,17.259275436401367,17.134510040283203,17.17609977722168,68844
2020-10-06,14.1067476272583,17.217687606811523,17.259275436401367,17.17609977722168,17.17609977722168,181059
2020-10-07,14.277119636535645,17.425630569458008,17.425630569458008,17.09292221069336,17.217687606811523,91002
2020-10-08,14.481565475463867,17.675161361694336,17.675161361694336,17.300865173339844,17.425630569458008,99195
2020-10-12,14.447491645812988,17.633573532104492,17.75834083557129,17.46721839904785,17.75834083557129,92046
2020-10-13,14.447491645812988,17.633573532104492,17.633573532104492,17.425630569458008,17.633573532104492,74780
2020-10-14,14.720086097717285,17.966283798217773,17.966283798217773,17.550397872924805,17.633573532104492,117262
2020-10-15,14.992680549621582,18.298992156982422,18.298992156982422,17.799928665161133,17.883106231689453,237978
2020-10-16,14.992680549621582,18.298992156982422,18.63170051574707,17.883106231689453,18.298992156982422,102754
2020-10-19,14.924529075622559,18.2158145904541,18.298992156982422,18.091049194335938,18.2158145904541,201771
2020-10-20,14.924529075622559,18.2158145904541,18.2158145904541,18.13263702392578,18.13263702392578,49537
2020-10-21,14.924529075622559,18.2158145904541,18.382169723510742,18.13263702392578,18.382169723510742,183622
2020-10-22,14.924529075622559,18.2158145904541,18.2158145904541,18.04945945739746,18.2158145904541,61445
2020-10-23,14.924529075622559,18.2158145904541,18.2158145904541,18.13263702392578,18.2158145904541,32316
2020-10-26,14.924529075622559,18.2158145904541,18.298992156982422,18.04945945739746,18.257402420043945,96540
2020-10-27,14.822308540344238,18.091049194335938,18.174226760864258,18.04945945739746,18.13263702392578,44401
2020-10-28,14.822308540344238,18.091049194335938,18.174226760864258,18.091049194335938,18.13263702392578,48426
2020-10-29,14.788232803344727,18.04945945739746,18.04945945739746,17.924694061279297,17.966283798217773,38657
2020-10-30,14.58378791809082,17.799928665161133,18.04945945739746,17.799928665161133,18.04945945739746,74973
2020-11-02,14.617860794067383,17.841516494750977,18.257402420043945,17.75834083557129,17.841516494750977,75286
2020-11-03,14.58378791809082,17.799928665161133,17.924694061279297,17.799928665161133,17.841516494750977,74683
2020-11-04,14.617860794067383,17.841516494750977,17.883106231689453,17.75834083557129,17.799928665161133,51119
2020-11-05,14.651935577392578,17.883106231689453,17.966283798217773,17.799928665161133,17.966283798217773,45416
2020-11-06,14.58378791809082,17.799928665161133,17.924694061279297,17.799928665161133,17.883106231689453,37303
2020-11-09,14.651935577392578,17.883106231689453,17.966283798217773,17.841516494750977,17.966283798217773,54534
2020-11-10,14.617860794067383,17.841516494750977,17.966283798217773,17.841516494750977,17.966283798217773,42697
2020-11-11,14.58378791809082,17.799928665161133,17.883106231689453,17.75834083557129,17.883106231689453,122794
2020-11-12,14.549714088439941,17.75834083557129,17.799928665161133,17.716751098632812,17.799928665161133,73746
2020-11-13,14.58378791809082,17.799928665161133,17.799928665161133,17.633573532104492,17.75834083557129,69341
2020-11-16,14.51563835144043,17.716751098632812,17.799928665161133,17.716751098632812,17.716751098632812,79912
2020-11-17,14.58378791809082,17.799928665161133,17.841516494750977,17.675161361694336,17.75834083557129,51100
2020-11-18,14.58378791809082,17.799928665161133,17.841516494750977,17.633573532104492,17.716751098632812,127229
2020-11-19,14.58378791809082,17.799928665161133,17.841516494750977,17.633573532104492,17.675161361694336,103028
2020-11-20,14.51563835144043,17.716751098632812,17.799928665161133,17.59198570251465,17.716751098632812,123649
2020-11-23,14.617860794067383,17.841516494750977,17.841516494750977,17.716751098632812,17.716751098632812,143910
2020-11-24,14.617860794067383,17.841516494750977,17.841516494750977,17.716751098632812,17.841516494750977,83314
2020-11-25,14.58378791809082,17.799928665161133,17.841516494750977,17.716751098632812,17.841516494750977,98512
2020-11-26,14.651935577392578,17.883106231689453,17.883106231689453,17.75834083557129,17.75834083557129,131646
2020-11-27,14.754158020019531,18.007871627807617,18.007871627807617,17.841516494750977,17.883106231689453,113383
2020-11-30,14.720086097717285,17.966283798217773,18.091049194335938,17.841516494750977,18.007871627807617,179048
2020-12-01,14.822308540344238,18.091049194335938,18.091049194335938,17.966283798217773,18.007871627807617,190773
2020-12-02,14.788232803344727,18.04945945739746,18.257402420043945,18.04945945739746,18.091049194335938,191112
2020-12-03,14.788232803344727,18.04945945739746,18.13263702392578,17.966283798217773,17.966283798217773,94542
2020-12-04,14.924529075622559,18.2158145904541,18.298992156982422,18.13263702392578,18.298992156982422,146434
2020-12-07,14.822308540344238,18.091049194335938,18.2158145904541,18.091049194335938,18.2158145904541,125996
2020-12-08,14.754158020019531,18.007871627807617,18.007871627807617,17.675161361694336,17.716751098632812,108729
2020-12-09,14.822308540344238,18.091049194335938,18.091049194335938,17.716751098632812,17.883106231689453,214648
2020-12-10,14.822308540344238,18.091049194335938,18.13263702392578,17.799928665161133,17.799928665161133,76781
2020-12-11,14.856380462646484,18.13263702392578,18.13263702392578,17.924694061279297,18.04945945739746,61526
2020-12-14,14.754158020019531,18.007871627807617,18.091049194335938,17.841516494750977,18.04945945739746,83242
2020-12-15,14.617860794067383,17.841516494750977,18.007871627807617,17.716751098632812,18.007871627807617,121678
2020-12-16,14.686010360717773,17.924694061279297,18.007871627807617,17.841516494750977,18.007871627807617,82702
2020-12-17,14.720086097717285,17.966283798217773,17.966283798217773,17.75834083557129,17.966283798217773,72790
2020-12-18,14.720086097717285,17.966283798217773,17.966283798217773,17.799928665161133,17.966283798217773,204310
2020-12-21,14.651935577392578,17.883106231689453,18.007871627807617,17.799928665161133,18.007871627807617,74150
2020-12-22,14.754158020019531,18.007871627807617,18.298992156982422,17.883106231689453,17.883106231689453,121722
2020-12-23,14.788232803344727,18.04945945739746,18.091049194335938,18.007871627807617,18.091049194335938,137008
2020-12-24,14.890457153320312,18.174226760864258,18.257402420043945,18.04945945739746,18.04945945739746,51294
2020-12-25,14.890457153320312,18.174226760864258,18.174226760864258,18.091049194335938,18.174226760864258,43818
2020-12-28,14.992680549621582,18.298992156982422,18.298992156982422,18.13263702392578,18.174226760864258,132420
2020-12-29,14.890457153320312,18.174226760864258,18.382169723510742,18.13263702392578,18.382169723510742,94685
2020-12-30,14.890457153320312,18.174226760864258,18.2158145904541,18.13263702392578,18.174226760864258,47789
2020-12-31,14.958602905273438,18.257402420043945,18.340579986572266,17.924694061279297,18.2158145904541,125014
2021-01-04,15.026752471923828,18.340579986572266,18.382169723510742,18.257402420043945,18.257402420043945,128075
2021-01-05,14.992680549621582,18.298992156982422,18.340579986572266,18.257402420043945,18.257402420043945,75288
2021-01-06,14.958602905273438,18.257402420043945,18.382169723510742,18.2158145904541,18.298992156982422,98165
2021-01-07,14.924529075622559,18.2158145904541,18.298992156982422,18.174226760864258,18.298992156982422,88999
2021-01-08,14.924529075622559,18.2158145904541,18.2158145904541,18.174226760864258,18.2158145904541,72736
2021-01-11,14.822308540344238,18.091049194335938,18.2158145904541,17.966283798217773,18.2158145904541,94173
2021-01-12,14.822308540344238,18.091049194335938,18.091049194335938,17.966283798217773,18.007871627807617,175596
2021-01-13,14.924529075622559,18.2158145904541,18.298992156982422,17.966283798217773,17.966283798217773,105537
2021-01-14,14.924529075622559,18.2158145904541,18.2158145904541,17.966283798217773,18.2158145904541,39441
2021-01-15,14.788232803344727,18.04945945739746,18.04945945739746,17.924694061279297,18.007871627807617,125933
2021-01-18,14.686010360717773,17.924694061279297,17.966283798217773,17.841516494750977,17.966283798217773,59362
2021-01-19,14.992680549621582,18.298992156982422,18.298992156982422,17.883106231689453,17.883106231689453,110287
2021-01-20,14.686010360717773,17.924694061279297,17.966283798217773,17.883106231689453,17.924694061279297,79348
2021-01-21,14.788232803344727,18.04945945739746,18.2158145904541,17.924694061279297,17.924694061279297,46352
2021-01-22,14.754158020019531,18.007871627807617,18.2158145904541,17.966283798217773,18.2158145904541,40991
2021-01-25,14.720086097717285,17.966283798217773,18.091049194335938,17.883106231689453,17.966283798217773,56693
2021-01-26,14.720086097717285,17.966283798217773,18.2158145904541,17.883106231689453,18.2158145904541,44743
2021-01-27,14.754158020019531,18.007871627807617,18.04945945739746,17.966283798217773,18.04945945739746,25391
2021-01-28,14.686010360717773,17.924694061279297,18.04945945739746,17.59198570251465,17.59198570251465,48462
2021-01-29,14.617860794067383,17.841516494750977,17.966283798217773,17.550397872924805,17.633573532104492,142109
2021-02-01,14.720086097717285,17.966283798217773,17.966283798217773,17.425630569458008,17.46721839904785,206619
2021-02-02,14.686010360717773,17.924694061279297,18.091049194335938,17.633573532104492,17.633573532104492,69733
2021-02-03,14.720086097717285,17.966283798217773,18.04945945739746,17.883106231689453,17.924694061279297,25487
2021-02-04,14.651935577392578,17.883106231689453,17.883106231689453,17.716751098632812,17.716751098632812,22842
2021-02-05,14.720086097717285,17.966283798217773,18.007871627807617,17.841516494750977,17.883106231689453,48349
2021-02-17,14.822308540344238,18.091049194335938,18.257402420043945,18.007871627807617,18.257402420043945,107036
2021-02-18,14.924529075622559,18.2158145904541,18.2158145904541,18.04945945739746,18.13263702392578,45115
2021-02-19,14.856380462646484,18.13263702392578,18.2158145904541,18.04945945739746,18.04945945739746,33439
2021-02-22,14.856380462646484,18.13263702392578,18.174226760864258,18.007871627807617,18.174226760864258,164011
2021-02-23,14.924529075622559,18.2158145904541,18.2158145904541,18.13263702392578,18.13263702392578,96380
2021-02-24,14.856380462646484,18.13263702392578,18.257402420043945,18.091049194335938,18.174226760864258,146193
2021-02-25,14.856380462646484,18.13263702392578,18.2158145904541,18.091049194335938,18.2158145904541,65162
2021-02-26,14.754158020019531,18.007871627807617,18.13263702392578,17.924694061279297,18.13263702392578,92108
2021-03-02,14.686010360717773,17.924694061279297,18.13263702392578,17.924694061279297,18.13263702392578,90773
2021-03-03,14.720086097717285,17.966283798217773,18.174226760864258,17.966283798217773,18.174226760864258,71341
2021-03-04,14.788232803344727,18.04945945739746,18.091049194335938,17.841516494750977,17.924694061279297,120315
2021-03-05,14.788232803344727,18.04945945739746,18.04945945739746,17.966283798217773,17.966283798217773,45685
2021-03-08,14.754158020019531,18.007871627807617,18.04945945739746,17.966283798217773,18.04945945739746,32605
2021-03-09,14.720086097717285,17.966283798217773,18.091049194335938,17.924694061279297,18.091049194335938,84362
2021-03-10,14.686010360717773,17.924694061279297,18.091049194335938,17.924694061279297,18.091049194335938,36067
2021-03-11,14.822308540344238,18.091049194335938,18.13263702392578,17.924694061279297,17.924694061279297,81332
2021-03-12,14.788232803344727,18.04945945739746,18.13263702392578,18.007871627807617,18.091049194335938,38141
2021-03-15,14.686010360717773,17.924694061279297,18.007871627807617,17.883106231689453,18.007871627807617,83437
2021-03-16,14.754158020019531,18.007871627807617,18.04945945739746,17.924694061279297,17.924694061279297,64737
2021-03-17,14.720086097717285,17.966283798217773,18.007871627807617,17.883106231689453,18.007871627807617,87526
2021-03-18,14.720086097717285,17.966283798217773,17.966283798217773,17.883106231689453,17.924694061279297,102193
2021-03-19,14.617860794067383,17.841516494750977,17.966283798217773,17.799928665161133,17.966283798217773,160840
2021-03-22,14.822308540344238,18.091049194335938,18.091049194335938,17.841516494750977,17.841516494750977,242007
2021-03-23,14.856380462646484,18.13263702392578,18.13263702392578,18.091049194335938,18.091049194335938,191053
2021-03-24,16.014907836914062,19.546649932861328,19.62982749938965,18.13263702392578,18.174226760864258,878857
2021-03-25,16.25342559814453,19.837770462036133,19.920948028564453,19.38029670715332,19.546649932861328,878007
2021-03-26,16.696393966674805,20.3784236907959,20.877485275268555,19.837770462036133,19.837770462036133,1022240
2021-03-29,16.764541625976562,20.461599349975586,20.75271987915039,20.3784236907959,20.461599349975586,450573
2021-03-30,16.798614501953125,20.503189086914062,20.66954231262207,20.3784236907959,20.461599349975586,261792
2021-03-31,17.650470733642578,21.542903900146484,21.626081466674805,20.794309616088867,20.794309616088867,1306861
2021-04-01,17.548250198364258,21.41813850402832,21.501314163208008,21.127017974853516,21.501314163208008,686378
2021-04-07,17.241580963134766,21.043840408325195,21.293371200561523,20.960662841796875,21.16860580444336,475678
2021-04-08,17.105281829833984,20.877485275268555,20.960662841796875,20.66954231262207,20.960662841796875,407273
2021-04-09,16.86676597595215,20.586366653442383,20.794309616088867,20.420011520385742,20.794309616088867,555422
2021-04-12,16.86676597595215,20.586366653442383,20.794309616088867,20.461599349975586,20.586366653442383,297258
2021-04-13,16.798614501953125,20.503189086914062,20.586366653442383,20.3784236907959,20.586366653442383,233787
2021-04-14,16.696393966674805,20.3784236907959,20.503189086914062,20.336833953857422,20.420011520385742,225255
2021-04-15,16.798614501953125,20.503189086914062,20.544776916503906,20.3784236907959,20.3784236907959,106675
2021-04-16,16.798614501953125,20.503189086914062,20.544776916503906,20.420011520385742,20.420011520385742,150577
2021-04-19,16.764541625976562,20.461599349975586,20.544776916503906,20.420011520385742,20.503189086914062,214128
2021-04-20,16.798614501953125,20.503189086914062,20.544776916503906,20.336833953857422,20.420011520385742,298350
2021-04-21,16.696393966674805,20.3784236907959,20.544776916503906,20.3784236907959,20.503189086914062,186867
2021-04-22,16.560096740722656,20.212068557739258,20.503189086914062,20.212068557739258,20.336833953857422,255098
2021-04-23,16.526020050048828,20.170480728149414,20.2536563873291,19.962535858154297,20.2536563873291,149136
2021-04-26,16.62824249267578,20.295244216918945,20.3784236907959,20.045713424682617,20.2536563873291,325039
2021-04-27,16.934913635253906,20.66954231262207,20.66954231262207,20.212068557739258,20.295244216918945,276968
2021-04-28,17.275653839111328,21.08542823791504,21.501314163208008,20.627954483032227,20.627954483032227,381715
2021-04-29,17.173431396484375,20.960662841796875,21.25178337097168,20.877485275268555,20.877485275268555,138949
2021-05-03,16.86676597595215,20.586366653442383,20.960662841796875,20.503189086914062,20.960662841796875,237206
2021-05-04,16.730466842651367,20.420011520385742,20.586366653442383,20.336833953857422,20.586366653442383,244479
2021-05-05,16.934913635253906,20.66954231262207,20.794309616088867,20.420011520385742,20.461599349975586,95639
2021-05-06,16.900836944580078,20.627954483032227,20.75271987915039,20.586366653442383,20.66954231262207,140199
2021-05-07,17.275653839111328,21.08542823791504,21.210195541381836,20.627954483032227,20.627954483032227,306442
2021-05-10,17.41195297241211,21.25178337097168,21.376550674438477,21.08542823791504,21.16860580444336,294383
2021-05-11,17.207508087158203,21.00225257873535,21.210195541381836,20.66954231262207,21.210195541381836,317889
2021-05-12,16.560096740722656,20.212068557739258,21.00225257873535,19.588239669799805,20.960662841796875,449263
2021-05-13,16.2193546295166,19.79618263244629,20.3784236907959,19.588239669799805,20.212068557739258,486568
2021-05-14,16.185277938842773,19.754592895507812,20.045713424682617,19.671415328979492,19.79618263244629,239109
2021-05-17,15.946758270263672,19.463472366333008,20.336833953857422,19.421884536743164,19.546649932861328,434016
2021-05-18,17.00305938720703,20.75271987915039,20.794309616088867,19.962535858154297,20.128890991210938,569605
2021-05-19,16.934913635253906,20.66954231262207,22.457853317260742,20.66954231262207,22.4162654876709,3093965
2021-05-20,16.730466842651367,20.420011520385742,20.66954231262207,20.128890991210938,20.66954231262207,505171
2021-05-21,16.900836944580078,20.627954483032227,20.877485275268555,20.295244216918945,20.420011520385742,261023
2021-05-24,16.900836944580078,20.627954483032227,20.66954231262207,20.3784236907959,20.3784236907959,145568
2021-05-25,16.832691192626953,20.544776916503906,20.794309616088867,20.544776916503906,20.711132049560547,109404
2021-05-26,16.798614501953125,20.503189086914062,20.586366653442383,20.420011520385742,20.586366653442383,67422
2021-05-27,16.86676597595215,20.586366653442383,20.586366653442383,20.420011520385742,20.503189086914062,118358
2021-05-28,16.798614501953125,20.503189086914062,20.66954231262207,20.503189086914062,20.586366653442383,146674
2021-05-31,16.798614501953125,20.503189086914062,20.503189086914062,20.128890991210938,20.503189086914062,252237
2021-06-01,16.730466842651367,20.420011520385742,20.586366653442383,20.336833953857422,20.586366653442383,85202
2021-06-02,16.730466842651367,20.420011520385742,21.127017974853516,20.420011520385742,21.127017974853516,72255
2021-06-03,16.730466842651367,20.420011520385742,20.66954231262207,20.2536563873291,20.66954231262207,68624
2021-06-04,16.730466842651367,20.420011520385742,20.627954483032227,20.336833953857422,20.3784236907959,59815
2021-06-07,16.730466842651367,20.420011520385742,20.75271987915039,20.170480728149414,20.75271987915039,59791
2021-06-08,16.764541625976562,20.461599349975586,20.66954231262207,20.336833953857422,20.66954231262207,21717
2021-06-09,16.59416961669922,20.2536563873291,20.627954483032227,20.212068557739258,20.627954483032227,145954
2021-06-10,16.662321090698242,20.336833953857422,20.461599349975586,20.295244216918945,20.461599349975586,31811
2021-06-11,16.798614501953125,20.503189086914062,20.711132049560547,20.295244216918945,20.711132049560547,91371
2021-06-15,16.900836944580078,20.627954483032227,20.627954483032227,20.461599349975586,20.627954483032227,114757
2021-06-16,16.96898651123047,20.711132049560547,20.711132049560547,20.544776916503906,20.627954483032227,170448
2021-06-17,17.207508087158203,21.00225257873535,21.00225257873535,20.711132049560547,20.794309616088867,275865
2021-06-18,17.37787628173828,21.210195541381836,21.542903900146484,21.00225257873535,21.00225257873535,321780
2021-06-21,17.173431396484375,20.960662841796875,21.210195541381836,20.83589744567871,21.210195541381836,233357
2021-06-22,17.07120704650879,20.83589744567871,21.210195541381836,20.83589744567871,21.210195541381836,113591
2021-06-23,17.173431396484375,20.960662841796875,20.960662841796875,20.794309616088867,20.960662841796875,76811
2021-06-24,17.173431396484375,20.960662841796875,20.960662841796875,20.877485275268555,20.960662841796875,49674
2021-06-25,17.105281829833984,20.877485275268555,21.00225257873535,20.83589744567871,20.91907501220703,87638
2021-06-28,17.139358520507812,20.91907501220703,21.210195541381836,20.83589744567871,20.877485275268555,78152
2021-06-29,17.07120704650879,20.83589744567871,21.043840408325195,20.83589744567871,21.043840408325195,265706
2021-06-30,17.07120704650879,20.83589744567871,21.00225257873535,20.794309616088867,20.877485275268555,464357
2021-07-01,17.03713607788086,20.794309616088867,20.877485275268555,20.711132049560547,20.83589744567871,146674
2021-07-02,17.00305938720703,20.75271987915039,21.043840408325195,20.711132049560547,21.043840408325195,376999
2021-07-05,17.00305938720703,20.75271987915039,20.83589744567871,20.75271987915039,20.794309616088867,143104
2021-07-06,17.03713607788086,20.794309616088867,20.83589744567871,20.75271987915039,20.83589744567871,43634
2021-07-07,16.96898651123047,20.711132049560547,20.794309616088867,20.66954231262207,20.794309616088867,232034
2021-07-08,17.105281829833984,20.877485275268555,20.960662841796875,20.586366653442383,20.711132049560547,477294
2021-07-09,17.00305938720703,20.75271987915039,20.877485275268555,20.586366653442383,20.877485275268555,175658
2021-07-12,16.900836944580078,20.627954483032227,21.00225257873535,20.420011520385742,20.877485275268555,226046
2021-07-13,16.96898651123047,20.711132049560547,20.794309616088867,20.544776916503906,20.544776916503906,356467
2021-07-14,16.96898651123047,20.711132049560547,20.711132049560547,20.544776916503906,20.711132049560547,373140
2021-07-15,17.03713607788086,20.794309616088867,20.794309616088867,20.627954483032227,20.711132049560547,47565
2021-07-16,17.03713607788086,20.794309616088867,20.877485275268555,20.586366653442383,20.586366653442383,91755
2021-07-19,17.03713607788086,20.794309616088867,20.960662841796875,20.586366653442383,20.586366653442383,57072
2021-07-20,16.96898651123047,20.711132049560547,20.794309616088867,20.66954231262207,20.794309616088867,103393
2021-07-21,16.934913635253906,20.66954231262207,20.794309616088867,20.627954483032227,20.794309616088867,53923
2021-07-22,17.03713607788086,20.794309616088867,20.877485275268555,20.711132049560547,20.794309616088867,53500
2021-07-23,17.07120704650879,20.83589744567871,20.877485275268555,20.75271987915039,20.877485275268555,74076
2021-07-26,17.00305938720703,20.75271987915039,20.83589744567871,20.75271987915039,20.83589744567871,86797
2021-07-27,17.03713607788086,20.794309616088867,20.877485275268555,20.711132049560547,20.794309616088867,72218
2021-07-28,17.00305938720703,20.75271987915039,20.83589744567871,20.627954483032227,20.83589744567871,73337
2021-07-29,17.03713607788086,20.794309616088867,20.83589744567871,20.627954483032227,20.627954483032227,37659
2021-07-30,17.03713607788086,20.794309616088867,20.877485275268555,20.66954231262207,20.794309616088867,57958
2021-08-02,17.03713607788086,20.794309616088867,20.83589744567871,20.66954231262207,20.83589744567871,106615
2021-08-03,17.03713607788086,20.794309616088867,20.794309616088867,20.711132049560547,20.794309616088867,27651
2021-08-04,17.03713607788086,20.794309616088867,20.794309616088867,20.711132049560547,20.794309616088867,69730
2021-08-05,17.00305938720703,20.75271987915039,20.75271987915039,20.711132049560547,20.75271987915039,39510
2021-08-06,17.00305938720703,20.75271987915039,20.75271987915039,20.711132049560547,20.75271987915039,37269
2021-08-09,17.00305938720703,20.75271987915039,20.75271987915039,20.66954231262207,20.711132049560547,115598
2021-08-10,17.00305938720703,20.75271987915039,20.75271987915039,20.711132049560547,20.75271987915039,71125
2021-08-11,16.934913635253906,20.66954231262207,20.75271987915039,20.586366653442383,20.75271987915039,143067
2021-08-12,17.00305938720703,20.75271987915039,20.75271987915039,20.66954231262207,20.711132049560547,39827
2021-08-13,16.934913635253906,20.66954231262207,20.794309616088867,20.544776916503906,20.75271987915039,139478
2021-08-16,16.798614501953125,20.503189086914062,20.711132049560547,20.503189086914062,20.711132049560547,119028
2021-08-17,16.798614501953125,20.503189086914062,20.503189086914062,20.503189086914062,20.503189086914062,0
2021-08-18,16.934913635253906,20.66954231262207,20.66954231262207,20.3784236907959,20.461599349975586,99786
2021-08-19,16.832691192626953,20.544776916503906,20.66954231262207,20.212068557739258,20.66954231262207,117820
2021-08-20,16.86676597595215,20.586366653442383,20.627954483032227,20.2536563873291,20.544776916503906,100628
2021-08-23,16.900836944580078,20.627954483032227,20.627954483032227,20.586366653442383,20.586366653442383,76944
2021-08-24,16.900836944580078,20.627954483032227,20.711132049560547,20.503189086914062,20.627954483032227,90770
2021-08-25,16.832691192626953,20.544776916503906,20.711132049560547,20.295244216918945,20.66954231262207,143067
2021-08-26,16.832691192626953,20.544776916503906,20.544776916503906,20.420011520385742,20.420011520385742,119305
2021-08-27,16.832691192626953,20.544776916503906,20.586366653442383,20.503189086914062,20.544776916503906,85359
2021-08-30,16.832691192626953,20.544776916503906,20.544776916503906,20.503189086914062,20.544776916503906,55303
2021-08-31,16.86676597595215,20.586366653442383,20.586366653442383,20.503189086914062,20.544776916503906,87764
2021-09-01,16.832691192626953,20.544776916503906,20.544776916503906,20.503189086914062,20.503189086914062,102191
2021-09-02,16.832691192626953,20.544776916503906,20.627954483032227,20.503189086914062,20.544776916503906,154489
2021-09-03,16.934913635253906,20.66954231262207,20.66954231262207,20.586366653442383,20.66954231262207,115972
2021-09-06,16.86676597595215,20.586366653442383,20.627954483032227,20.586366653442383,20.627954483032227,99786
2021-09-07,16.86676597595215,20.586366653442383,20.627954483032227,20.586366653442383,20.627954483032227,110607
2021-09-08,16.832691192626953,20.544776916503906,20.66954231262207,20.503189086914062,20.627954483032227,212638
2021-09-09,16.86676597595215,20.586366653442383,20.627954483032227,20.586366653442383,20.627954483032227,44613
2021-09-10,16.96898651123047,20.711132049560547,20.75271987915039,20.586366653442383,20.711132049560547,112926
2021-09-13,17.03713607788086,20.794309616088867,20.877485275268555,20.627954483032227,20.877485275268555,163557
2021-09-14,17.241580963134766,21.043840408325195,21.293371200561523,20.83589744567871,20.91907501220703,283010
2021-09-15,17.37787628173828,21.210195541381836,21.210195541381836,20.91907501220703,21.043840408325195,96300
2021-09-16,17.241580963134766,21.043840408325195,21.41813850402832,21.043840408325195,21.41813850402832,138820
2021-09-17,17.589191436767578,21.043840408325195,21.127017974853516,20.711132049560547,20.711132049560547,159589
2021-09-22,17.45014762878418,20.877485275268555,21.00225257873535,20.794309616088867,20.91907501220703,162953
2021-09-23,17.936803817749023,21.459726333618164,21.792436599731445,20.877485275268555,20.877485275268555,271577
2021-09-24,17.936803817749023,21.459726333618164,21.58449363708496,21.376550674438477,21.459726333618164,149377
2021-09-27,18.353939056396484,21.958789825439453,22.2914981842041,21.459726333618164,21.459726333618164,293884
2021-09-28,18.701553344726562,22.374675750732422,22.374675750732422,21.958789825439453,21.958789825439453,271282
2021-09-29,18.632028579711914,22.2914981842041,22.333087921142578,21.958789825439453,22.2914981842041,181475
2021-09-30,19.049165725708008,22.790563583374023,22.87373924255371,22.208322525024414,22.249910354614258,335168
2021-10-01,18.84059715270996,22.541030883789062,22.998506546020508,22.541030883789062,22.748973846435547,259556
2021-10-04,18.73631477355957,22.4162654876709,22.624208450317383,22.2914981842041,22.624208450317383,228403
2021-10-05,18.701553344726562,22.374675750732422,22.4162654876709,22.2914981842041,22.374675750732422,73252
2021-10-06,18.701553344726562,22.374675750732422,22.457853317260742,22.166732788085938,22.457853317260742,107879
2021-10-07,19.396778106689453,23.206449508666992,23.414392471313477,22.374675750732422,22.374675750732422,421257
2021-10-08,19.327255249023438,23.123271942138672,23.206449508666992,22.998506546020508,23.206449508666992,53384
2021-10-12,19.188209533691406,22.95691680908203,23.123271942138672,22.87373924255371,23.123271942138672,103393
2021-10-13,19.188209533691406,22.95691680908203,23.206449508666992,22.87373924255371,23.123271942138672,188481
2021-10-14,19.222972869873047,22.998506546020508,23.04009437561035,22.915327072143555,22.95691680908203,60931
2021-10-15,19.222972869873047,22.998506546020508,23.248037338256836,22.95691680908203,23.248037338256836,88372
2021-10-18,19.327255249023438,23.123271942138672,23.206449508666992,23.081682205200195,23.123271942138672,136864
2021-10-19,19.327255249023438,23.123271942138672,23.206449508666992,23.123271942138672,23.164859771728516,97382
2021-10-20,19.327255249023438,23.123271942138672,23.164859771728516,22.998506546020508,23.164859771728516,80549
2021-10-21,19.25773048400879,23.04009437561035,23.123271942138672,22.915327072143555,23.081682205200195,81753
2021-10-22,19.362014770507812,23.164859771728516,23.206449508666992,22.998506546020508,23.164859771728516,86201
2021-10-25,19.327255249023438,23.123271942138672,23.164859771728516,22.95691680908203,22.95691680908203,47561
2021-10-26,19.501062393188477,23.331214904785156,23.414392471313477,23.123271942138672,23.123271942138672,169189
2021-10-27,19.46630096435547,23.28962516784668,23.372802734375,23.206449508666992,23.331214904785156,62515
2021-10-28,19.396778106689453,23.206449508666992,23.45598030090332,23.164859771728516,23.164859771728516,87763
2021-10-29,19.396778106689453,23.206449508666992,23.248037338256836,23.04009437561035,23.206449508666992,59006
2021-11-01,19.46630096435547,23.28962516784668,23.28962516784668,23.04009437561035,23.206449508666992,69770
2021-11-02,19.396778106689453,23.206449508666992,23.206449508666992,23.081682205200195,23.206449508666992,95882
2021-11-03,19.25773048400879,23.04009437561035,23.206449508666992,23.04009437561035,23.206449508666992,81454
2021-11-04,19.222972869873047,22.998506546020508,23.123271942138672,22.95691680908203,23.04009437561035,78943
2021-11-05,19.1534481048584,22.915327072143555,22.998506546020508,22.87373924255371,22.998506546020508,117460
2021-11-08,19.11868667602539,22.87373924255371,22.87373924255371,22.70738410949707,22.70738410949707,60316
2021-11-09,19.11868667602539,22.87373924255371,22.998506546020508,22.87373924255371,22.998506546020508,69730
2021-11-10,19.431537628173828,23.248037338256836,23.331214904785156,22.832151412963867,22.87373924255371,206865
2021-11-11,19.46630096435547,23.28962516784668,23.28962516784668,23.206449508666992,23.206449508666992,128975
2021-11-12,19.46630096435547,23.28962516784668,23.331214904785156,23.164859771728516,23.164859771728516,101775
2021-11-15,19.501062393188477,23.331214904785156,23.45598030090332,23.206449508666992,23.248037338256836,367595
2021-11-16,19.779151916503906,23.663923263549805,23.70551109313965,23.45598030090332,23.45598030090332,416476
2021-11-17,20.231048583984375,24.20457649230957,24.287752151489258,23.663923263549805,23.663923263549805,378334
2021-11-18,20.335330963134766,24.329341888427734,24.4541072845459,23.95504379272461,24.20457649230957,315072
2021-11-19,20.37009048461914,24.370929718017578,24.495695114135742,24.329341888427734,24.329341888427734,144382
2021-11-22,20.335330963134766,24.329341888427734,24.370929718017578,24.079809188842773,24.370929718017578,190418
2021-11-23,20.092002868652344,24.03822135925293,24.20457649230957,23.996631622314453,24.079809188842773,208590
2021-11-24,20.092002868652344,24.03822135925293,24.079809188842773,23.95504379272461,24.079809188842773,96996
2021-11-25,20.092002868652344,24.03822135925293,24.162986755371094,24.03822135925293,24.162986755371094,69730
2021-11-26,20.022480010986328,23.95504379272461,24.03822135925293,23.830278396606445,24.03822135925293,126236
2021-11-29,19.848674774169922,23.747100830078125,23.996631622314453,23.663923263549805,23.78868865966797,114574
2021-11-30,19.848674774169922,23.747100830078125,24.03822135925293,23.747100830078125,23.830278396606445,99786
2021-12-01,20.057239532470703,23.996631622314453,23.996631622314453,23.747100830078125,23.747100830078125,50982
2021-12-02,19.952957153320312,23.87186622619629,23.996631622314453,23.78868865966797,23.87186622619629,72408
2021-12-03,19.98771858215332,23.913454055786133,23.913454055786133,23.747100830078125,23.78868865966797,82955
2021-12-06,20.057239532470703,23.996631622314453,23.996631622314453,23.87186622619629,23.913454055786133,43691
2021-12-07,19.952957153320312,23.87186622619629,23.95504379272461,23.830278396606445,23.913454055786133,103058
2021-12-08,19.952957153320312,23.87186622619629,23.996631622314453,23.78868865966797,23.95504379272461,82695
2021-12-09,19.98771858215332,23.913454055786133,23.95504379272461,23.830278396606445,23.87186622619629,44492
2021-12-10,19.98771858215332,23.913454055786133,23.996631622314453,23.87186622619629,23.913454055786133,72976
2021-12-13,20.022480010986328,23.95504379272461,23.95504379272461,23.87186622619629,23.95504379272461,64320
2021-12-14,19.779151916503906,23.663923263549805,23.78868865966797,23.62233543395996,23.70551109313965,138258
2021-12-15,19.674869537353516,23.53915786743164,23.747100830078125,23.53915786743164,23.747100830078125,84572
2021-12-16,19.918197631835938,23.830278396606445,23.996631622314453,23.663923263549805,23.95504379272461,92212
2021-12-17,19.7443904876709,23.62233543395996,23.95504379272461,23.53915786743164,23.95504379272461,117830
2021-12-20,19.674869537353516,23.53915786743164,23.62233543395996,23.45598030090332,23.62233543395996,67535
2021-12-21,19.605344772338867,23.45598030090332,23.497568130493164,23.206449508666992,23.45598030090332,156426
2021-12-22,19.46630096435547,23.28962516784668,23.372802734375,23.28962516784668,23.331214904785156,99498
2021-12-23,19.605344772338867,23.45598030090332,23.45598030090332,23.28962516784668,23.28962516784668,48090
2021-12-24,19.640104293823242,23.497568130493164,23.53915786743164,23.372802734375,23.372802734375,32520
2021-12-27,19.674869537353516,23.53915786743164,23.53915786743164,23.372802734375,23.45598030090332,52985
2021-12-28,19.7443904876709,23.62233543395996,23.62233543395996,23.53915786743164,23.580745697021484,50494
2021-12-29,19.674869537353516,23.53915786743164,23.62233543395996,23.331214904785156,23.331214904785156,55672
2021-12-30,19.674869537353516,23.53915786743164,23.580745697021484,23.331214904785156,23.53915786743164,93833
2022-01-03,19.501062393188477,23.331214904785156,23.70551109313965,23.331214904785156,23.70551109313965,60112
2022-01-04,19.431537628173828,23.248037338256836,23.331214904785156,22.832151412963867,23.28962516784668,219245
2022-01-05,19.396778106689453,23.206449508666992,23.248037338256836,22.87373924255371,22.915327072143555,66123
2022-01-06,19.327255249023438,23.123271942138672,23.206449508666992,23.04009437561035,23.206449508666992,52899
2022-01-07,19.25773048400879,23.04009437561035,23.206449508666992,22.95691680908203,23.206449508666992,91707
2022-01-10,19.327255249023438,23.123271942138672,23.123271942138672,23.04009437561035,23.04009437561035,28238
2022-01-11,19.188209533691406,22.95691680908203,23.081682205200195,22.70738410949707,22.70738410949707,44810
2022-01-12,19.083927154541016,22.832151412963867,22.95691680908203,22.748973846435547,22.95691680908203,79097
2022-01-13,19.049165725708008,22.790563583374023,22.832151412963867,22.665796279907227,22.790563583374023,108202
2022-01-14,18.910120010375977,22.624208450317383,22.87373924255371,22.457853317260742,22.70738410949707,63719
2022-01-17,18.701553344726562,22.374675750732422,22.541030883789062,21.958789825439453,22.457853317260742,236843
2022-01-18,18.73631477355957,22.4162654876709,22.87373924255371,22.208322525024414,22.87373924255371,67719
2022-01-19,18.632028579711914,22.2914981842041,22.499441146850586,22.208322525024414,22.4162654876709,78146
2022-01-20,18.771076202392578,22.457853317260742,22.457853317260742,22.208322525024414,22.2914981842041,37042
2022-01-21,18.597270965576172,22.249910354614258,22.2914981842041,22.166732788085938,22.2914981842041,44483
2022-01-24,18.388704299926758,22.00037956237793,22.166732788085938,21.75084686279297,22.166732788085938,109620
2022-01-25,18.075851440429688,21.626081466674805,21.875612258911133,21.3349609375,21.875612258911133,262090
2022-01-26,18.075851440429688,21.626081466674805,21.83402442932129,21.542903900146484,21.709257125854492,56505
2022-02-07,18.353939056396484,21.958789825439453,22.041967391967773,21.626081466674805,21.626081466674805,131532
2022-02-08,18.28441619873047,21.875612258911133,21.91720199584961,21.626081466674805,21.626081466674805,62517
2022-02-09,18.84059715270996,22.541030883789062,22.790563583374023,21.626081466674805,21.626081466674805,169140
2022-02-10,18.84059715270996,22.541030883789062,22.582618713378906,22.208322525024414,22.208322525024414,85840
2022-02-11,18.94487953186035,22.665796279907227,22.832151412963867,22.125144958496094,22.125144958496094,42078
2022-02-14,18.910120010375977,22.624208450317383,22.624208450317383,22.2914981842041,22.624208450317383,66353
2022-02-15,18.84059715270996,22.541030883789062,22.832151412963867,22.499441146850586,22.832151412963867,39802
2022-02-16,18.910120010375977,22.624208450317383,22.915327072143555,22.582618713378906,22.915327072143555,62517
2022-02-17,19.049165725708008,22.790563583374023,23.04009437561035,22.790563583374023,22.832151412963867,150305
2022-02-18,19.222972869873047,22.998506546020508,22.998506546020508,22.790563583374023,22.998506546020508,67969
2022-02-21,19.083927154541016,22.832151412963867,22.915327072143555,22.333087921142578,22.374675750732422,135860
2022-02-22,18.84059715270996,22.541030883789062,22.70738410949707,22.2914981842041,22.374675750732422,145417
2022-02-23,18.84059715270996,22.541030883789062,22.624208450317383,22.166732788085938,22.166732788085938,34467
2022-02-24,18.56250762939453,22.208322525024414,22.541030883789062,22.208322525024414,22.249910354614258,89724
2022-02-25,18.73631477355957,22.4162654876709,22.665796279907227,22.166732788085938,22.166732788085938,63072
2022-03-01,18.771076202392578,22.457853317260742,22.832151412963867,22.2914981842041,22.832151412963867,87764
2022-03-02,18.771076202392578,22.457853317260742,22.457853317260742,22.2914981842041,22.457853317260742,36067
2022-03-03,18.771076202392578,22.457853317260742,22.70738410949707,22.249910354614258,22.70738410949707,49292
2022-03-04,18.771076202392578,22.457853317260742,22.457853317260742,21.792436599731445,22.041967391967773,19238
2022-03-07,18.45822525024414,22.083555221557617,22.083555221557617,21.83402442932129,21.83402442932129,69778
2022-03-08,18.249658584594727,21.83402442932129,22.249910354614258,21.75084686279297,22.041967391967773,27651
2022-03-09,18.56250762939453,22.208322525024414,22.457853317260742,21.958789825439453,22.374675750732422,51861
2022-03-10,18.805835723876953,22.499441146850586,22.665796279907227,21.958789825439453,21.958789825439453,90220
2022-03-11,18.84059715270996,22.541030883789062,22.541030883789062,22.374675750732422,22.499441146850586,31258
2022-03-14,18.84059715270996,22.541030883789062,22.541030883789062,22.374675750732422,22.541030883789062,28854
2022-03-15,18.701553344726562,22.374675750732422,22.499441146850586,21.958789825439453,22.499441146850586,122629
2022-03-16,18.73631477355957,22.4162654876709,22.4162654876709,21.792436599731445,21.792436599731445,50494
2022-03-17,18.771076202392578,22.457853317260742,22.624208450317383,22.041967391967773,22.624208450317383,75197
2022-03-18,18.319181442260742,21.91720199584961,22.2914981842041,21.626081466674805,22.2914981842041,120676
2022-03-21,18.28441619873047,21.875612258911133,21.958789825439453,21.293371200561523,21.91720199584961,143339
2022-03-22,18.527748107910156,22.166732788085938,22.208322525024414,21.75084686279297,21.792436599731445,62517
2022-03-23,18.771076202392578,22.457853317260742,22.457853317260742,22.208322525024414,22.208322525024414,106158
2022-03-24,18.701553344726562,22.374675750732422,22.457853317260742,22.2914981842041,22.333087921142578,56505
2022-03-25,18.701553344726562,22.374675750732422,22.4162654876709,22.208322525024414,22.2914981842041,50715
2022-03-28,18.701553344726562,22.374675750732422,22.374675750732422,21.626081466674805,21.709257125854492,52899
2022-03-29,18.805835723876953,22.499441146850586,22.541030883789062,22.00037956237793,22.00037956237793,102792
2022-03-30,18.805835723876953,22.499441146850586,22.624208450317383,22.374675750732422,22.582618713378906,62517
2022-03-31,18.73631477355957,22.4162654876709,22.499441146850586,22.4162654876709,22.499441146850586,28854
2022-04-01,18.597270965576172,22.249910354614258,22.4162654876709,22.249910354614258,22.4162654876709,75741
2022-04-06,18.84059715270996,22.541030883789062,22.87373924255371,22.249910354614258,22.249910354614258,139461
2022-04-07,18.84059715270996,22.541030883789062,22.624208450317383,22.249910354614258,22.249910354614258,77170
2022-04-08,19.1534481048584,22.915327072143555,22.95691680908203,22.374675750732422,22.374675750732422,371757
2022-04-11,18.84059715270996,22.541030883789062,23.123271942138672,22.457853317260742,23.04009437561035,245259
2022-04-12,18.805835723876953,22.499441146850586,22.748973846435547,22.374675750732422,22.499441146850586,80423
2022-04-13,18.84059715270996,22.541030883789062,22.70738410949707,22.457853317260742,22.541030883789062,111809
2022-04-14,18.84059715270996,22.541030883789062,22.832151412963867,22.457853317260742,22.832151412963867,111990
2022-04-15,18.666793823242188,22.333087921142578,22.457853317260742,22.2914981842041,22.457853317260742,47068
2022-04-18,18.527748107910156,22.166732788085938,22.457853317260742,22.041967391967773,22.2914981842041,70176
2022-04-19,18.597270965576172,22.249910354614258,22.2914981842041,22.083555221557617,22.083555221557617,31626
2022-04-20,18.771076202392578,22.457853317260742,22.499441146850586,22.208322525024414,22.457853317260742,41000
2022-04-21,18.73631477355957,22.4162654876709,22.457853317260742,22.125144958496094,22.374675750732422,59511
2022-04-22,18.632028579711914,22.2914981842041,22.374675750732422,22.166732788085938,22.374675750732422,61314
2022-04-25,18.28441619873047,21.875612258911133,22.249910354614258,21.626081466674805,22.249910354614258,93030
2022-04-26,18.319181442260742,21.91720199584961,21.958789825439453,21.709257125854492,21.91720199584961,28854
2022-04-27,17.797758102416992,21.293371200561523,21.542903900146484,21.043840408325195,21.459726333618164,76944
2022-04-28,17.832521438598633,21.3349609375,21.542903900146484,21.043840408325195,21.376550674438477,121439
2022-04-29,17.90204620361328,21.41813850402832,21.626081466674805,21.043840408325195,21.043840408325195,28854
2022-05-03,17.90204620361328,21.41813850402832,21.501314163208008,21.16860580444336,21.459726333618164,33663
2022-05-04,18.075851440429688,21.626081466674805,21.626081466674805,21.41813850402832,21.41813850402832,46889
2022-05-05,18.214895248413086,21.792436599731445,22.208322525024414,21.66766929626465,21.66766929626465,70932
2022-05-06,18.075851440429688,21.626081466674805,21.709257125854492,21.58449363708496,21.58449363708496,32460
2022-05-09,18.075851440429688,21.626081466674805,21.66766929626465,21.25178337097168,21.3349609375,30058
2022-05-10,18.249658584594727,21.83402442932129,21.875612258911133,21.501314163208008,21.875612258911133,111809
2022-05-11,17.589191436767578,21.043840408325195,21.459726333618164,20.75271987915039,21.210195541381836,343633
2022-05-12,16.928728103637695,20.2536563873291,20.711132049560547,20.08730125427246,20.711132049560547,145472
2022-05-13,17.137296676635742,20.503189086914062,20.586366653442383,20.295244216918945,20.295244216918945,51453
2022-05-16,17.03301429748535,20.3784236907959,20.503189086914062,20.295244216918945,20.503189086914062,26457
2022-05-17,17.17205810546875,20.544776916503906,20.627954483032227,20.3784236907959,20.3784236907959,46905
2022-05-18,17.380624771118164,20.794309616088867,20.877485275268555,20.170480728149414,20.170480728149414,95279
2022-05-19,17.102535247802734,20.461599349975586,20.627954483032227,20.295244216918945,20.544776916503906,46117
2022-05-20,17.17205810546875,20.544776916503906,20.586366653442383,20.461599349975586,20.586366653442383,40876
2022-05-23,17.241580963134766,20.627954483032227,20.627954483032227,20.420011520385742,20.420011520385742,19827
2022-05-24,17.17205810546875,20.544776916503906,20.544776916503906,20.170480728149414,20.170480728149414,27164
2022-05-25,17.31110191345215,20.711132049560547,20.711132049560547,20.461599349975586,20.461599349975586,41102
2022-05-26,17.31110191345215,20.711132049560547,20.711132049560547,20.627954483032227,20.627954483032227,23455
2022-05-27,17.241580963134766,20.627954483032227,20.711132049560547,20.586366653442383,20.586366653442383,55667
2022-05-30,17.484909057617188,20.91907501220703,20.960662841796875,20.544776916503906,20.627954483032227,91371
2022-05-31,17.41538429260254,20.83589744567871,20.877485275268555,20.794309616088867,20.794309616088867,21295
2022-06-01,17.31110191345215,20.711132049560547,20.711132049560547,20.544776916503906,20.711132049560547,31710
2022-06-02,17.241580963134766,20.627954483032227,20.711132049560547,20.627954483032227,20.66954231262207,8415
2022-06-06,17.31110191345215,20.711132049560547,20.711132049560547,20.586366653442383,20.627954483032227,43112
2022-06-07,17.17205810546875,20.544776916503906,20.66954231262207,20.461599349975586,20.461599349975586,14535
2022-06-08,17.206817626953125,20.586366653442383,20.627954483032227,20.544776916503906,20.627954483032227,17336
2022-06-09,17.241580963134766,20.627954483032227,20.627954483032227,20.420011520385742,20.420011520385742,30056
2022-06-10,17.067773818969727,20.420011520385742,20.420011520385742,20.212068557739258,20.212068557739258,37269
2022-06-13,16.581113815307617,19.837770462036133,20.128890991210938,19.79618263244629,20.128890991210938,94147
2022-06-14,16.581113815307617,19.837770462036133,19.837770462036133,19.546649932861328,19.62982749938965,88966
2022-06-15,16.372549057006836,19.588239669799805,19.754592895507812,19.588239669799805,19.754592895507812,102598
2022-06-16,16.268264770507812,19.463472366333008,19.837770462036133,19.38029670715332,19.62982749938965,99786
2022-06-17,16.16398048400879,19.338706970214844,19.38029670715332,19.21394157409668,19.297119140625,33663
2022-06-20,15.885889053344727,19.005998611450195,19.338706970214844,18.96441078186035,19.338706970214844,121465
2022-06-21,16.0596981048584,19.21394157409668,19.21394157409668,19.005998611450195,19.13076400756836,159899
2022-06-22,15.885889053344727,19.005998611450195,19.04758644104004,18.96441078186035,19.04758644104004,82955
2022-06-23,15.920653343200684,19.04758644104004,19.13076400756836,18.54852294921875,19.04758644104004,111891
2022-06-24,15.885889053344727,19.005998611450195,19.04758644104004,18.71487808227539,18.71487808227539,67326
2022-06-27,16.407310485839844,19.62982749938965,19.837770462036133,19.04758644104004,19.04758644104004,104595
2022-06-28,16.233503341674805,19.421884536743164,19.505062103271484,19.297119140625,19.421884536743164,30947
2022-06-29,16.337787628173828,19.546649932861328,19.879358291625977,19.172353744506836,19.172353744506836,55303
2022-06-30,15.990174293518066,19.13076400756836,19.297119140625,18.79805564880371,19.21394157409668,38472
2022-07-01,16.129220962524414,19.297119140625,19.505062103271484,18.922821044921875,19.505062103271484,101141
2022-07-04,16.337787628173828,19.546649932861328,19.71300506591797,19.505062103271484,19.62982749938965,22842
2022-07-05,16.72015953063965,20.004125595092773,20.336833953857422,19.71300506591797,19.920948028564453,45685
2022-07-06,16.615877151489258,19.879358291625977,20.170480728149414,19.463472366333008,20.170480728149414,32463
2022-07-07,16.79189109802246,19.837770462036133,20.2536563873291,19.79618263244629,20.2536563873291,31258
2022-07-08,16.827096939086914,19.879358291625977,20.045713424682617,19.79618263244629,19.79618263244629,32460
2022-07-11,16.721485137939453,19.754592895507812,19.962535858154297,19.505062103271484,19.962535858154297,31258
2022-07-12,16.475065231323242,19.463472366333008,19.754592895507812,19.297119140625,19.754592895507812,40876
2022-07-13,16.897502899169922,19.962535858154297,20.128890991210938,19.71300506591797,19.962535858154297,48090
2022-07-14,16.8622989654541,19.920948028564453,20.004125595092773,19.671415328979492,19.671415328979492,13224
2022-07-15,16.61587905883789,19.62982749938965,19.879358291625977,19.255529403686523,19.62982749938965,33663
2022-07-18,16.51026725769043,19.505062103271484,19.962535858154297,19.338706970214844,19.338706970214844,23348
2022-07-19,16.6862850189209,19.71300506591797,19.71300506591797,19.62982749938965,19.62982749938965,13286
2022-07-20,16.369455337524414,19.338706970214844,19.79618263244629,19.172353744506836,19.463472366333008,97382
2022-07-21,16.404661178588867,19.38029670715332,19.546649932861328,19.297119140625,19.546649932861328,33134
2022-07-22,16.299049377441406,19.255529403686523,20.045713424682617,19.255529403686523,20.045713424682617,34938
2022-07-25,16.334253311157227,19.297119140625,19.463472366333008,19.21394157409668,19.463472366333008,34865
2022-07-26,16.75669288635254,19.79618263244629,19.79618263244629,19.297119140625,19.338706970214844,43220
2022-07-27,16.79189109802246,19.837770462036133,19.879358291625977,19.71300506591797,19.79618263244629,26746
2022-07-28,16.475065231323242,19.463472366333008,19.79618263244629,19.463472366333008,19.79618263244629,27651
2022-07-29,16.54547119140625,19.546649932861328,19.62982749938965,19.463472366333008,19.62982749938965,18110
2022-08-01,16.6862850189209,19.71300506591797,19.71300506591797,19.62982749938965,19.62982749938965,16831
2022-08-02,16.651079177856445,19.671415328979492,19.671415328979492,19.463472366333008,19.62982749938965,16831
2022-08-03,16.58067512512207,19.588239669799805,19.588239669799805,19.255529403686523,19.297119140625,54101
2022-08-04,16.58067512512207,19.588239669799805,19.588239669799805,19.38029670715332,19.546649932861328,21640
2022-08-05,16.61587905883789,19.62982749938965,19.79618263244629,19.588239669799805,19.62982749938965,25247
2022-08-08,16.61587905883789,19.62982749938965,19.62982749938965,19.421884536743164,19.546649932861328,17320
2022-08-09,17.355144500732422,20.503189086914062,20.794309616088867,19.71300506591797,19.71300506591797,149091
2022-08-10,17.108722686767578,20.212068557739258,20.503189086914062,20.004125595092773,20.128890991210938,72751
2022-08-11,17.249534606933594,20.3784236907959,20.586366653442383,20.212068557739258,20.212068557739258,24646
2022-08-12,17.249534606933594,20.3784236907959,20.420011520385742,20.212068557739258,20.420011520385742,28854
2022-08-15,17.00311279296875,20.08730125427246,20.3784236907959,19.962535858154297,20.128890991210938,79122
2022-08-16,17.179126739501953,20.295244216918945,20.461599349975586,20.128890991210938,20.170480728149414,40327
2022-08-17,17.179126739501953,20.295244216918945,20.461599349975586,20.004125595092773,20.295244216918945,36067
2022-08-18,17.03831672668457,20.128890991210938,20.336833953857422,20.128890991210938,20.295244216918945,23333
2022-08-19,17.143924713134766,20.2536563873291,20.295244216918945,20.045713424682617,20.045713424682617,18770
2022-08-22,17.108722686767578,20.212068557739258,20.336833953857422,20.128890991210938,20.295244216918945,21640
2022-08-23,16.8622989654541,19.920948028564453,20.128890991210938,19.837770462036133,20.128890991210938,34865
2022-08-24,16.96790885925293,20.045713424682617,20.045713424682617,19.920948028564453,20.045713424682617,33105
2022-08-25,16.96790885925293,20.045713424682617,20.128890991210938,19.962535858154297,20.08730125427246,31586
2022-08-26,16.897502899169922,19.962535858154297,20.128890991210938,19.962535858154297,20.128890991210938,36404
2022-08-29,16.79189109802246,19.837770462036133,19.962535858154297,19.71300506591797,19.962535858154297,37269
2022-08-30,16.827096939086914,19.879358291625977,19.920948028564453,19.338706970214844,19.338706970214844,31370
2022-08-31,16.8622989654541,19.920948028564453,19.962535858154297,19.71300506591797,19.79618263244629,17248
2022-09-01,16.61587905883789,19.62982749938965,19.79618263244629,19.38029670715332,19.79618263244629,90168
2022-09-02,16.75669288635254,19.79618263244629,19.79618263244629,19.62982749938965,19.71300506591797,18244
2022-09-05,16.897502899169922,19.962535858154297,19.962535858154297,19.71300506591797,19.71300506591797,21847
2022-09-06,16.897502899169922,19.962535858154297,20.045713424682617,19.79618263244629,20.045713424682617,13344
2022-09-07,16.79189109802246,19.837770462036133,19.837770462036133,19.71300506591797,19.79618263244629,21640
2022-09-08,16.8622989654541,19.920948028564453,19.920948028564453,19.837770462036133,19.837770462036133,27060
2022-09-12,16.897502899169922,19.962535858154297,20.045713424682617,19.920948028564453,19.920948028564453,23068
2022-09-13,16.8622989654541,19.920948028564453,19.962535858154297,19.879358291625977,19.962535858154297,78146
2022-09-14,16.75669288635254,19.79618263244629,19.962535858154297,19.79618263244629,19.879358291625977,37404
2022-09-15,16.75669288635254,19.79618263244629,19.920948028564453,19.754592895507812,19.79618263244629,32984
2022-09-16,16.827096939086914,19.879358291625977,19.879358291625977,19.62982749938965,19.62982749938965,55303
2022-09-19,16.79189109802246,19.837770462036133,19.962535858154297,19.671415328979492,19.962535858154297,30554
2022-09-20,16.897502899169922,19.962535858154297,19.962535858154297,19.79618263244629,19.962535858154297,24045
2022-09-21,17.03831672668457,20.128890991210938,20.295244216918945,20.128890991210938,20.295244216918945,52990
2022-09-22,16.8622989654541,19.920948028564453,20.128890991210938,19.879358291625977,20.128890991210938,74539
2022-09-23,16.897502899169922,19.962535858154297,20.004125595092773,19.79618263244629,19.962535858154297,97310
2022-09-26,16.75669288635254,19.79618263244629,19.962535858154297,19.71300506591797,19.962535858154297,143067
2022-09-27,17.39034652709961,20.544776916503906,20.711132049560547,19.879358291625977,19.879358291625977,168964
2022-09-28,17.284738540649414,20.420011520385742,21.043840408325195,19.962535858154297,20.503189086914062,260888
2022-09-29,17.531158447265625,20.711132049560547,20.711132049560547,20.212068557739258,20.212068557739258,69742
2022-09-30,17.601564407348633,20.794309616088867,20.877485275268555,20.544776916503906,20.586366653442383,179616
2022-10-03,17.214332580566406,20.336833953857422,20.877485275268555,20.336833953857422,20.711132049560547,114859
2022-10-04,17.42555046081543,20.586366653442383,20.960662841796875,20.212068557739258,20.2536563873291,63719
2022-10-05,17.460752487182617,20.627954483032227,20.91907501220703,20.3784236907959,20.3784236907959,97382
2022-10-06,17.531158447265625,20.711132049560547,20.75271987915039,20.461599349975586,20.75271987915039,57708
2022-10-07,17.566362380981445,20.75271987915039,20.75271987915039,20.586366653442383,20.627954483032227,114213
2022-10-11,17.179126739501953,20.295244216918945,20.627954483032227,20.295244216918945,20.627954483032227,30056
2022-10-12,17.3199405670166,20.461599349975586,20.627954483032227,20.295244216918945,20.295244216918945,18033
2022-10-13,17.07352066040039,20.170480728149414,20.627954483032227,19.920948028564453,20.627954483032227,46887
2022-10-14,17.3199405670166,20.461599349975586,20.627954483032227,20.3784236907959,20.627954483032227,33663
2022-10-17,17.108722686767578,20.212068557739258,20.503189086914062,20.045713424682617,20.503189086914062,18033
2022-10-18,17.108722686767578,20.212068557739258,20.2536563873291,20.08730125427246,20.128890991210938,69256
2022-10-19,17.07352066040039,20.170480728149414,20.295244216918945,20.08730125427246,20.170480728149414,79355
2022-10-20,16.897502899169922,19.962535858154297,20.128890991210938,19.671415328979492,19.962535858154297,72959
2022-10-21,16.827096939086914,19.879358291625977,19.879358291625977,19.79618263244629,19.879358291625977,15629
2022-10-24,16.79189109802246,19.837770462036133,20.128890991210938,19.837770462036133,19.962535858154297,57708
2022-10-25,16.897502899169922,19.962535858154297,20.336833953857422,19.79618263244629,20.336833953857422,51699
2022-10-26,16.897502899169922,19.962535858154297,19.962535858154297,19.71300506591797,19.879358291625977,37498
2022-10-27,16.827096939086914,19.879358291625977,19.920948028564453,19.71300506591797,19.71300506591797,44535
2022-10-28,16.79189109802246,19.837770462036133,20.08730125427246,19.754592895507812,20.08730125427246,18033
2022-10-31,16.75669288635254,19.79618263244629,19.962535858154297,19.754592895507812,19.837770462036133,32316
2022-11-01,16.8622989654541,19.920948028564453,19.962535858154297,19.546649932861328,19.79618263244629,39674
2022-11-02,16.6862850189209,19.71300506591797,20.045713424682617,19.62982749938965,19.879358291625977,48635
2022-11-03,16.6862850189209,19.71300506591797,19.754592895507812,19.62982749938965,19.754592895507812,14427
2022-11-04,16.651079177856445,19.671415328979492,19.671415328979492,19.463472366333008,19.546649932861328,46887
2022-11-07,16.6862850189209,19.71300506591797,19.754592895507812,19.62982749938965,19.62982749938965,30056
2022-11-08,16.721485137939453,19.754592895507812,19.920948028564453,19.62982749938965,19.79618263244629,34865
2022-11-09,16.54547119140625,19.546649932861328,19.879358291625977,19.546649932861328,19.879358291625977,55063
2022-11-10,16.61587905883789,19.62982749938965,19.62982749938965,19.588239669799805,19.588239669799805,7213
2022-11-11,16.721485137939453,19.754592895507812,19.754592895507812,19.421884536743164,19.71300506591797,66123
2022-11-14,16.827096939086914,19.879358291625977,19.920948028564453,19.79618263244629,19.920948028564453,18033
2022-11-15,16.8622989654541,19.920948028564453,19.920948028564453,19.62982749938965,19.62982749938965,72289
2022-11-16,16.6862850189209,19.71300506591797,19.962535858154297,19.71300506591797,19.920948028564453,51582
2022-11-17,16.721485137939453,19.754592895507812,19.754592895507812,19.62982749938965,19.671415328979492,21640
2022-11-18,16.651079177856445,19.671415328979492,19.71300506591797,19.463472366333008,19.62982749938965,55806
2022-11-21,16.651079177856445,19.671415328979492,19.71300506591797,19.62982749938965,19.62982749938965,18289
2022-11-22,16.58067512512207,19.588239669799805,19.71300506591797,19.546649932861328,19.71300506591797,75741
2022-11-23,16.61587905883789,19.62982749938965,19.62982749938965,19.588239669799805,19.62982749938965,46063
2022-11-24,17.03831672668457,20.128890991210938,20.212068557739258,19.588239669799805,19.754592895507812,94977
2022-11-25,17.03831672668457,20.128890991210938,20.170480728149414,19.879358291625977,20.170480728149414,34865
2022-11-28,16.79189109802246,19.837770462036133,19.962535858154297,19.71300506591797,19.962535858154297,48090
2022-11-29,16.79189109802246,19.837770462036133,19.879358291625977,19.754592895507812,19.879358291625977,32460
2022-11-30,16.79189109802246,19.837770462036133,19.837770462036133,19.671415328979492,19.837770462036133,107240
2022-12-01,16.79189109802246,19.837770462036133,19.837770462036133,19.754592895507812,19.754592895507812,28369
2022-12-02,16.79189109802246,19.837770462036133,19.837770462036133,19.79618263244629,19.837770462036133,20890
2022-12-05,16.651079177856445,19.671415328979492,19.79618263244629,19.671415328979492,19.79618263244629,107000
2022-12-06,16.6862850189209,19.71300506591797,19.71300506591797,19.62982749938965,19.671415328979492,38472
2022-12-07,16.6862850189209,19.71300506591797,19.79618263244629,19.588239669799805,19.79618263244629,26467
2022-12-08,16.61587905883789,19.62982749938965,19.62982749938965,19.588239669799805,19.588239669799805,44483
2022-12-09,16.54547119140625,19.546649932861328,19.62982749938965,19.546649932861328,19.62982749938965,42672
2022-12-12,16.54547119140625,19.546649932861328,19.62982749938965,19.546649932861328,19.546649932861328,28854
2022-12-13,16.61587905883789,19.62982749938965,19.79618263244629,19.546649932861328,19.79618263244629,21652
2022-12-14,16.61587905883789,19.62982749938965,19.754592895507812,19.588239669799805,19.62982749938965,51696
2022-12-15,16.651079177856445,19.671415328979492,19.71300506591797,19.62982749938965,19.71300506591797,56505
2022-12-16,16.651079177856445,19.671415328979492,19.671415328979492,19.62982749938965,19.62982749938965,21640
2022-12-19,17.284738540649414,20.420011520385742,20.461599349975586,19.671415328979492,19.671415328979492,350389
2022-12-20,17.284738540649414,20.420011520385742,21.043840408325195,20.212068557739258,20.711132049560547,201980
2022-12-21,17.495956420898438,20.66954231262207,20.877485275268555,20.544776916503906,20.877485275268555,27651
2022-12-22,17.495956420898438,20.66954231262207,20.66954231262207,20.544776916503906,20.627954483032227,20738
2022-12-23,17.460752487182617,20.627954483032227,20.66954231262207,20.544776916503906,20.627954483032227,24808
2022-12-26,17.531158447265625,20.711132049560547,20.794309616088867,20.627954483032227,20.627954483032227,74929
2022-12-27,17.495956420898438,20.66954231262207,20.794309616088867,20.627954483032227,20.794309616088867,58311
2022-12-28,17.601564407348633,20.794309616088867,20.794309616088867,20.586366653442383,20.627954483032227,113890
2022-12-29,17.495956420898438,20.66954231262207,20.66954231262207,20.461599349975586,20.627954483032227,22361
2022-12-30,17.42555046081543,20.586366653442383,20.627954483032227,20.461599349975586,20.544776916503906,48090
2023-01-03,17.284738540649414,20.420011520385742,20.627954483032227,20.420011520385742,20.627954483032227,74675
2023-01-04,17.3199405670166,20.461599349975586,20.586366653442383,20.420011520385742,20.586366653442383,18033
2023-01-05,17.355144500732422,20.503189086914062,20.544776916503906,20.420011520385742,20.503189086914062,33663
2023-01-06,17.39034652709961,20.544776916503906,20.544776916503906,20.503189086914062,20.544776916503906,52899
2023-01-09,17.355144500732422,20.503189086914062,20.66954231262207,20.503189086914062,20.66954231262207,56505
2023-01-10,17.355144500732422,20.503189086914062,20.544776916503906,20.420011520385742,20.503189086914062,29758
2023-01-11,17.284738540649414,20.420011520385742,20.544776916503906,20.3784236907959,20.544776916503906,54143
2023-01-12,17.108722686767578,20.212068557739258,20.420011520385742,19.962535858154297,20.420011520385742,93775
2023-01-13,17.214332580566406,20.336833953857422,20.3784236907959,20.212068557739258,20.212068557739258,25247
2023-01-16,17.249534606933594,20.3784236907959,20.503189086914062,20.295244216918945,20.295244216918945,39073
2023-01-17,17.03831672668457,20.128890991210938,20.2536563873291,19.962535858154297,20.2536563873291,108227
2023-01-30,17.03831672668457,20.128890991210938,20.3784236907959,20.128890991210938,20.2536563873291,37269
2023-01-31,17.214332580566406,20.336833953857422,20.336833953857422,20.128890991210938,20.128890991210938,57488
2023-02-01,17.214332580566406,20.336833953857422,20.336833953857422,20.128890991210938,20.170480728149414,43281
2023-02-02,17.143924713134766,20.2536563873291,20.3784236907959,20.170480728149414,20.3784236907959,96205
2023-02-03,17.249534606933594,20.3784236907959,20.3784236907959,20.170480728149414,20.170480728149414,28854
2023-02-06,17.249534606933594,20.3784236907959,20.3784236907959,20.295244216918945,20.3784236907959,26449
2023-02-07,17.179126739501953,20.295244216918945,20.336833953857422,20.2536563873291,20.295244216918945,27651
2023-02-08,17.108722686767578,20.212068557739258,20.2536563873291,20.170480728149414,20.170480728149414,64921
2023-02-09,17.179126739501953,20.295244216918945,20.420011520385742,20.170480728149414,20.170480728149414,113071
2023-02-10,17.108722686767578,20.212068557739258,20.2536563873291,20.08730125427246,20.170480728149414,98584
2023-02-13,16.93270492553711,20.004125595092773,20.045713424682617,19.879358291625977,20.045713424682617,103408
2023-02-14,17.143924713134766,20.2536563873291,20.2536563873291,19.920948028564453,19.962535858154297,98584
2023-02-15,17.108722686767578,20.212068557739258,20.2536563873291,19.962535858154297,20.2536563873291,74765
2023-02-16,17.143924713134766,20.2536563873291,20.2536563873291,20.128890991210938,20.170480728149414,44483
2023-02-17,17.108722686767578,20.212068557739258,20.212068557739258,20.004125595092773,20.128890991210938,213750
2023-02-20,17.07352066040039,20.170480728149414,20.212068557739258,20.004125595092773,20.212068557739258,143067
2023-02-21,17.00311279296875,20.08730125427246,20.128890991210938,20.004125595092773,20.128890991210938,110608
2023-02-22,17.03831672668457,20.128890991210938,20.128890991210938,19.962535858154297,20.045713424682617,38472
2023-02-23,17.143924713134766,20.2536563873291,20.2536563873291,20.212068557739258,20.212068557739258,63719
2023-02-24,17.179126739501953,20.295244216918945,20.336833953857422,20.128890991210938,20.336833953857422,43281
2023-03-01,16.93270492553711,20.004125595092773,20.212068557739258,19.962535858154297,20.212068557739258,214052
2023-03-02,16.96790885925293,20.045713424682617,20.045713424682617,19.962535858154297,19.962535858154297,49328
2023-03-03,17.03831672668457,20.128890991210938,20.170480728149414,20.004125595092773,20.004125595092773,19236
2023-03-06,17.143924713134766,20.2536563873291,20.2536563873291,20.128890991210938,20.212068557739258,29080
2023-03-07,17.179126739501953,20.295244216918945,20.3784236907959,20.2536563873291,20.2536563873291,50013
2023-03-08,17.601564407348633,20.794309616088867,20.794309616088867,20.212068557739258,20.295244216918945,177934
2023-03-09,17.355144500732422,20.503189086914062,20.794309616088867,20.420011520385742,20.794309616088867,127438
2023-03-10,17.214332580566406,20.336833953857422,20.420011520385742,20.2536563873291,20.420011520385742,63719
2023-03-13,17.249534606933594,20.3784236907959,20.3784236907959,20.212068557739258,20.295244216918945,26449
2023-03-14,17.214332580566406,20.336833953857422,20.3784236907959,20.2536563873291,20.295244216918945,20697
2023-03-15,17.460752487182617,20.627954483032227,20.75271987915039,20.3784236907959,20.3784236907959,198371
2023-03-16,17.566362380981445,20.75271987915039,21.376550674438477,20.711132049560547,20.877485275268555,475127
2023-03-17,17.636768341064453,20.83589744567871,21.043840408325195,20.75271987915039,20.75271987915039,37363
2023-03-20,17.707176208496094,20.91907501220703,21.08542823791504,20.83589744567871,21.08542823791504,119624
2023-03-21,17.81278419494629,21.043840408325195,21.08542823791504,21.00225257873535,21.043840408325195,115416
2023-03-22,17.81278419494629,21.043840408325195,21.08542823791504,21.00225257873535,21.08542823791504,116862
2023-03-23,18.587251663208008,21.958789825439453,22.374675750732422,21.08542823791504,21.08542823791504,362070
2023-03-24,18.974489212036133,22.4162654876709,22.624208450317383,22.00037956237793,22.041967391967773,352903
2023-03-27,18.798471450805664,22.208322525024414,22.457853317260742,22.208322525024414,22.457853317260742,99786
2023-03-28,18.76327133178711,22.166732788085938,22.333087921142578,21.75084686279297,22.333087921142578,165910
2023-03-29,18.76327133178711,22.166732788085938,22.166732788085938,22.041967391967773,22.166732788085938,91371
2023-03-30,18.904083251953125,22.333087921142578,22.333087921142578,22.249910354614258,22.249910354614258,138721
2023-03-31,18.904083251953125,22.333087921142578,22.374675750732422,22.249910354614258,22.249910354614258,105810
2023-04-06,19.256113052368164,22.748973846435547,22.748973846435547,22.2914981842041,22.333087921142578,271086
2023-04-07,19.22090721130371,22.70738410949707,22.790563583374023,22.665796279907227,22.748973846435547,154248
2023-04-10,18.904083251953125,22.333087921142578,22.70738410949707,22.333087921142578,22.499441146850586,148090
2023-04-11,18.974489212036133,22.4162654876709,22.4162654876709,22.249910354614258,22.374675750732422,133449
2023-04-12,19.115299224853516,22.582618713378906,22.665796279907227,22.457853317260742,22.499441146850586,217927
2023-04-13,19.115299224853516,22.582618713378906,22.624208450317383,22.499441146850586,22.582618713378906,91371
2023-04-14,19.00969123840332,22.457853317260742,22.582618713378906,22.333087921142578,22.582618713378906,75881
2023-04-17,18.868877410888672,22.2914981842041,22.457853317260742,22.249910354614258,22.457853317260742,169517
2023-04-18,18.833677291870117,22.249910354614258,22.374675750732422,22.208322525024414,22.2914981842041,92573
2023-04-19,18.904083251953125,22.333087921142578,22.333087921142578,22.208322525024414,22.208322525024414,35323
2023-04-20,18.728065490722656,22.125144958496094,22.249910354614258,22.041967391967773,22.249910354614258,122201
2023-04-21,18.376033782958984,21.709257125854492,22.125144958496094,21.709257125854492,22.125144958496094,91383
2023-04-24,18.833677291870117,22.249910354614258,22.249910354614258,21.709257125854492,21.709257125854492,56505
2023-04-25,18.65765953063965,22.041967391967773,22.457853317260742,22.041967391967773,22.208322525024414,94076
2023-04-26,18.868877410888672,22.2914981842041,22.374675750732422,22.125144958496094,22.2914981842041,50494
2023-04-27,18.728065490722656,22.125144958496094,22.374675750732422,21.91720199584961,22.249910354614258,85359
2023-04-28,18.904083251953125,22.333087921142578,22.374675750732422,22.125144958496094,22.125144958496094,71258
2023-05-02,18.974489212036133,22.4162654876709,22.4162654876709,22.041967391967773,22.333087921142578,97382
2023-05-03,19.044893264770508,22.499441146850586,22.541030883789062,22.125144958496094,22.208322525024414,111821
2023-05-04,19.044893264770508,22.499441146850586,22.582618713378906,22.166732788085938,22.166732788085938,96228
2023-05-05,18.939285278320312,22.374675750732422,22.582618713378906,22.333087921142578,22.582618713378906,88971
2023-05-08,19.044893264770508,22.499441146850586,22.541030883789062,22.2914981842041,22.499441146850586,102665
2023-05-09,18.939285278320312,22.374675750732422,22.499441146850586,22.2914981842041,22.499441146850586,70932
2023-05-10,18.974489212036133,22.4162654876709,22.4162654876709,22.333087921142578,22.374675750732422,26930
2023-05-11,18.798471450805664,22.208322525024414,22.457853317260742,22.125144958496094,22.457853317260742,51701
2023-05-12,18.833677291870117,22.249910354614258,22.249910354614258,22.208322525024414,22.249910354614258,58448
2023-05-15,18.833677291870117,22.249910354614258,22.249910354614258,21.958789825439453,21.958789825439453,15773
2023-05-16,18.939285278320312,22.374675750732422,22.499441146850586,22.208322525024414,22.208322525024414,153888
2023-05-17,18.974489212036133,22.4162654876709,22.665796279907227,22.2914981842041,22.374675750732422,126236
2023-05-18,19.00969123840332,22.457853317260742,22.665796279907227,22.4162654876709,22.665796279907227,90168
2023-05-19,19.00969123840332,22.457853317260742,22.499441146850586,22.4162654876709,22.457853317260742,125156
2023-05-22,19.044893264770508,22.499441146850586,22.582618713378906,22.457853317260742,22.457853317260742,73340
2023-05-23,19.044893264770508,22.499441146850586,22.582618713378906,22.457853317260742,22.541030883789062,85359
2023-05-24,19.22090721130371,22.70738410949707,22.87373924255371,22.4162654876709,22.499441146850586,123165
2023-05-25,19.080097198486328,22.541030883789062,22.70738410949707,22.2914981842041,22.70738410949707,70182
2023-05-26,19.080097198486328,22.541030883789062,22.541030883789062,22.333087921142578,22.457853317260742,65025
2023-05-29,18.974489212036133,22.4162654876709,22.541030883789062,22.4162654876709,22.541030883789062,33735
2023-05-30,19.00969123840332,22.457853317260742,22.457853317260742,22.4162654876709,22.4162654876709,44532
2023-05-31,19.044893264770508,22.499441146850586,22.541030883789062,22.4162654876709,22.457853317260742,48882
2023-06-01,19.080097198486328,22.541030883789062,22.582618713378906,22.457853317260742,22.457853317260742,61475
2023-06-02,19.00969123840332,22.457853317260742,22.541030883789062,22.457853317260742,22.457853317260742,72303
2023-06-05,19.080097198486328,22.541030883789062,22.624208450317383,22.457853317260742,22.457853317260742,76991
2023-06-06,19.185705184936523,22.665796279907227,22.70738410949707,22.582618713378906,22.582618713378906,154906
2023-06-07,19.22090721130371,22.70738410949707,22.748973846435547,22.665796279907227,22.70738410949707,127747
2023-06-08,19.115299224853516,22.582618713378906,22.790563583374023,22.541030883789062,22.790563583374023,181540
2023-06-09,19.185705184936523,22.665796279907227,22.790563583374023,22.582618713378906,22.790563583374023,107018
2023-06-12,19.185705184936523,22.665796279907227,22.665796279907227,22.457853317260742,22.624208450317383,102191
2023-06-13,19.115299224853516,22.582618713378906,22.665796279907227,22.457853317260742,22.665796279907227,126308
2023-06-14,19.044893264770508,22.499441146850586,22.624208450317383,22.457853317260742,22.624208450317383,173196
2023-06-15,19.080097198486328,22.541030883789062,22.541030883789062,22.4162654876709,22.499441146850586,102191
2023-06-16,18.974489212036133,22.4162654876709,22.499441146850586,22.333087921142578,22.499441146850586,156292
2023-06-19,19.00969123840332,22.457853317260742,22.457853317260742,22.2914981842041,22.374675750732422,54221
2023-06-20,19.044893264770508,22.499441146850586,22.541030883789062,22.4162654876709,22.541030883789062,24045
2023-06-21,19.256113052368164,22.748973846435547,22.748973846435547,22.374675750732422,22.457853317260742,100989
2023-06-26,18.974489212036133,22.4162654876709,22.665796279907227,22.125144958496094,22.665796279907227,354664
2023-06-27,18.833677291870117,22.249910354614258,22.333087921142578,22.249910354614258,22.333087921142578,55447
2023-06-28,18.76327133178711,22.166732788085938,22.2914981842041,22.125144958496094,22.2914981842041,115416
2023-06-29,18.76327133178711,22.166732788085938,22.333087921142578,22.125144958496094,22.166732788085938,50494
2023-06-30,18.798471450805664,22.208322525024414,22.208322525024414,22.083555221557617,22.166732788085938,40876
2023-07-03,18.798471450805664,22.208322525024414,22.249910354614258,22.125144958496094,22.125144958496094,165917
2023-07-04,18.868877410888672,22.2914981842041,22.4162654876709,22.166732788085938,22.4162654876709,70932
2023-07-05,18.798471450805664,22.208322525024414,22.2914981842041,22.125144958496094,22.208322525024414,63945
2023-07-06,18.728065490722656,22.125144958496094,22.2914981842041,22.083555221557617,22.208322525024414,78574
2023-07-07,18.69286346435547,22.083555221557617,22.125144958496094,21.958789825439453,22.125144958496094,23399
2023-07-10,18.69286346435547,22.083555221557617,22.374675750732422,21.958789825439453,22.374675750732422,73346
2023-07-11,18.728065490722656,22.125144958496094,22.333087921142578,22.083555221557617,22.333087921142578,45877
2023-07-12,18.69286346435547,22.083555221557617,22.125144958496094,21.958789825439453,21.958789825439453,38472
2023-07-13,18.728065490722656,22.125144958496094,22.208322525024414,22.083555221557617,22.208322525024414,42176
2023-07-14,18.76327133178711,22.166732788085938,22.208322525024414,22.125144958496094,22.208322525024414,35948
2023-07-17,18.62245750427246,22.00037956237793,22.166732788085938,21.958789825439453,22.166732788085938,86802
2023-07-18,18.516845703125,21.875612258911133,22.00037956237793,21.875612258911133,21.875612258911133,86706
2023-07-19,18.552051544189453,21.91720199584961,22.083555221557617,21.875612258911133,21.875612258911133,36259
2023-07-20,18.516845703125,21.875612258911133,21.958789825439453,21.83402442932129,21.958789825439453,47176
2023-07-21,18.516845703125,21.875612258911133,22.166732788085938,21.83402442932129,22.166732788085938,61002
2023-07-24,18.30562973022461,21.626081466674805,21.83402442932129,21.501314163208008,21.83402442932129,288540
2023-07-25,18.376033782958984,21.709257125854492,21.792436599731445,21.626081466674805,21.66766929626465,77449
2023-07-26,18.27042579650879,21.58449363708496,21.66766929626465,21.501314163208008,21.626081466674805,182851
2023-07-27,18.30562973022461,21.626081466674805,21.709257125854492,21.58449363708496,21.626081466674805,105148
2023-07-28,18.340829849243164,21.66766929626465,21.66766929626465,21.542903900146484,21.626081466674805,138648
2023-07-31,18.30562973022461,21.626081466674805,21.709257125854492,21.501314163208008,21.709257125854492,158841
2023-08-01,18.30562973022461,21.626081466674805,21.709257125854492,21.58449363708496,21.709257125854492,83215
2023-08-02,18.20001792907715,21.501314163208008,21.626081466674805,21.501314163208008,21.626081466674805,152866
2023-08-04,18.20001792907715,21.501314163208008,21.626081466674805,21.459726333618164,21.501314163208008,109404
2023-08-07,18.23522186279297,21.542903900146484,21.542903900146484,21.41813850402832,21.41813850402832,90426
2023-08-08,18.23522186279297,21.542903900146484,21.626081466674805,21.41813850402832,21.459726333618164,115416
2023-08-09,18.23522186279297,21.542903900146484,21.66766929626465,21.459726333618164,21.626081466674805,185327
2023-08-10,18.446441650390625,21.792436599731445,22.249910354614258,21.501314163208008,21.66766929626465,425777
2023-08-11,18.340829849243164,21.66766929626465,22.041967391967773,21.66766929626465,22.041967391967773,144606
2023-08-14,18.411235809326172,21.75084686279297,22.041967391967773,21.626081466674805,22.041967391967773,119383
2023-08-15,18.30562973022461,21.626081466674805,21.875612258911133,21.58449363708496,21.709257125854492,122778
2023-08-16,18.340829849243164,21.66766929626465,21.709257125854492,21.459726333618164,21.58449363708496,121607
2023-08-17,18.27042579650879,21.58449363708496,21.75084686279297,21.459726333618164,21.626081466674805,77250
2023-08-18,18.376033782958984,21.709257125854492,21.792436599731445,21.626081466674805,21.626081466674805,108611
2023-08-21,18.481643676757812,21.83402442932129,21.91720199584961,21.75084686279297,21.83402442932129,93366
2023-08-22,18.446441650390625,21.792436599731445,21.83402442932129,21.626081466674805,21.83402442932129,156473
2023-08-23,18.446441650390625,21.792436599731445,21.875612258911133,21.709257125854492,21.875612258911133,83255
2023-08-24,18.65765953063965,22.041967391967773,22.083555221557617,21.875612258911133,21.875612258911133,234888
2023-08-25,18.511383056640625,20.63128089904785,20.8076171875,20.322694778442383,20.71944808959961,216745
2023-08-28,18.669599533081055,20.8076171875,20.939868927001953,20.63128089904785,20.675365447998047,77352
2023-08-29,19.144250869750977,21.336624145507812,21.60112762451172,20.939868927001953,21.072120666503906,99810
2023-08-30,19.262914657592773,21.468875885009766,21.68929672241211,21.380708694458008,21.42479133605957,66984
2023-08-31,19.38157844543457,21.60112762451172,21.68929672241211,21.51296043395996,21.51296043395996,23828
2023-09-01,19.421131134033203,21.645212173461914,21.777463912963867,21.60112762451172,21.60112762451172,38810
2023-09-04,19.698009490966797,21.953800201416016,22.041967391967773,21.60112762451172,21.60112762451172,150962
2023-09-05,19.698009490966797,21.953800201416016,21.997882843017578,21.733379364013672,21.90971565246582,64800
2023-09-06,19.539794921875,21.777463912963867,21.90971565246582,21.733379364013672,21.90971565246582,62381
2023-09-07,19.539794921875,21.777463912963867,21.997882843017578,21.733379364013672,21.997882843017578,56720
2023-09-08,19.698009490966797,21.953800201416016,22.041967391967773,21.645212173461914,21.645212173461914,26222
2023-09-11,20.212217330932617,22.526891708374023,22.61505889892578,22.30647087097168,22.482807159423828,322180
2023-09-12,20.17266273498535,22.482807159423828,22.61505889892578,22.30647087097168,22.61505889892578,76418
2023-09-13,20.053998947143555,22.350555419921875,22.570974349975586,22.350555419921875,22.570974349975586,79394
2023-09-14,20.093551635742188,22.394638061523438,22.394638061523438,22.218303680419922,22.350555419921875,54555
2023-09-15,20.093551635742188,22.394638061523438,22.394638061523438,22.218303680419922,22.394638061523438,42169
2023-09-18,19.974889755249023,22.262386322021484,22.394638061523438,22.174219131469727,22.394638061523438,191770
2023-09-19,19.974889755249023,22.262386322021484,22.350555419921875,22.08605194091797,22.08605194091797,74671
2023-09-20,20.01444435119629,22.30647087097168,22.394638061523438,22.262386322021484,22.262386322021484,119091
2023-09-21,19.895782470703125,22.174219131469727,22.218303680419922,22.13013458251953,22.218303680419922,41012
2023-09-22,19.856225967407227,22.13013458251953,22.174219131469727,21.865631103515625,22.174219131469727,93004
2023-09-25,19.77712059020996,22.041967391967773,22.08605194091797,21.90971565246582,22.041967391967773,37726
2023-09-26,19.77712059020996,22.041967391967773,22.041967391967773,21.90971565246582,22.041967391967773,52263
2023-09-27,19.77712059020996,22.041967391967773,22.08605194091797,21.997882843017578,22.041967391967773,35250
2023-09-28,19.737564086914062,21.997882843017578,22.08605194091797,21.953800201416016,22.08605194091797,32997
2023-10-02,19.77712059020996,22.041967391967773,22.08605194091797,22.041967391967773,22.041967391967773,30623
2023-10-03,19.816675186157227,22.08605194091797,22.13013458251953,21.997882843017578,21.997882843017578,53307
2023-10-04,19.77712059020996,22.041967391967773,22.174219131469727,21.997882843017578,22.13013458251953,69276
2023-10-05,19.77712059020996,22.041967391967773,22.13013458251953,22.041967391967773,22.041967391967773,121534
2023-10-06,19.77712059020996,22.041967391967773,22.13013458251953,21.997882843017578,22.041967391967773,60571
2023-10-11,19.77712059020996,22.041967391967773,22.08605194091797,21.953800201416016,22.041967391967773,105100
2023-10-12,19.816675186157227,22.08605194091797,22.08605194091797,21.90971565246582,22.08605194091797,56258
2023-10-13,19.77712059020996,22.041967391967773,22.041967391967773,21.777463912963867,21.777463912963867,40150
2023-10-16,19.698009490966797,21.953800201416016,21.997882843017578,21.865631103515625,21.997882843017578,26307
2023-10-17,19.77712059020996,22.041967391967773,22.041967391967773,21.865631103515625,21.953800201416016,46032
2023-10-18,19.698009490966797,21.953800201416016,21.997882843017578,21.865631103515625,21.953800201416016,121132
2023-10-19,19.579347610473633,21.821548461914062,21.865631103515625,21.68929672241211,21.821548461914062,77198
2023-10-20,19.539794921875,21.777463912963867,21.865631103515625,21.160289764404297,21.68929672241211,48997
2023-10-23,19.421131134033203,21.645212173461914,21.777463912963867,21.60112762451172,21.777463912963867,24952
2023-10-24,19.46068572998047,21.68929672241211,21.733379364013672,21.336624145507812,21.468875885009766,74074
2023-10-25,19.579347610473633,21.821548461914062,21.821548461914062,21.68929672241211,21.68929672241211,19450
2023-10-26,19.579347610473633,21.821548461914062,21.821548461914062,21.60112762451172,21.68929672241211,35216
2023-10-27,19.6189022064209,21.865631103515625,21.865631103515625,21.821548461914062,21.865631103515625,15034
2023-10-30,19.6189022064209,21.865631103515625,21.865631103515625,21.68929672241211,21.865631103515625,37323
2023-10-31,19.539794921875,21.777463912963867,21.865631103515625,21.733379364013672,21.777463912963867,14812
2023-11-01,19.46068572998047,21.68929672241211,21.733379364013672,21.557043075561523,21.68929672241211,89624
2023-11-02,19.6189022064209,21.865631103515625,21.953800201416016,21.821548461914062,21.865631103515625,45559
2023-11-03,19.658456802368164,21.90971565246582,21.953800201416016,21.865631103515625,21.953800201416016,14744
2023-11-06,19.698009490966797,21.953800201416016,21.997882843017578,21.953800201416016,21.997882843017578,63515
2023-11-07,19.658456802368164,21.90971565246582,21.997882843017578,21.865631103515625,21.953800201416016,43190
2023-11-08,19.93533706665039,22.218303680419922,22.30647087097168,21.997882843017578,21.997882843017578,282839
2023-11-09,20.01444435119629,22.30647087097168,22.61505889892578,22.218303680419922,22.30647087097168,259788
2023-11-10,20.053998947143555,22.350555419921875,22.61505889892578,22.262386322021484,22.526891708374023,360347
2023-11-13,20.133108139038086,22.438722610473633,22.526891708374023,22.350555419921875,22.438722610473633,189590
2023-11-14,20.133108139038086,22.438722610473633,22.482807159423828,22.350555419921875,22.482807159423828,194095
2023-11-15,20.25177001953125,22.570974349975586,22.659143447875977,22.482807159423828,22.659143447875977,196983
2023-11-16,20.568204879760742,22.923646926879883,23.0999813079834,22.570974349975586,22.70322608947754,358087
2023-11-17,20.726421356201172,23.0999813079834,23.18815040588379,22.967729568481445,23.01181411743164,318065
2023-11-20,20.765974044799805,23.144065856933594,23.23223304748535,23.01181411743164,23.18815040588379,242946
2023-11-21,20.845083236694336,23.23223304748535,23.320402145385742,23.18815040588379,23.276317596435547,299703
2023-11-22,20.924192428588867,23.320402145385742,23.452653884887695,23.23223304748535,23.276317596435547,247700
2023-11-23,20.924192428588867,23.320402145385742,23.4085693359375,23.18815040588379,23.320402145385742,213660
2023-11-24,20.9637451171875,23.364484786987305,23.4085693359375,23.320402145385742,23.364484786987305,154364
2023-11-27,20.9637451171875,23.364484786987305,23.540821075439453,23.320402145385742,23.364484786987305,131216
2023-11-28,20.845083236694336,23.23223304748535,23.364484786987305,23.23223304748535,23.364484786987305,264270
2023-11-29,20.68686866760254,23.055898666381836,23.276317596435547,22.923646926879883,23.276317596435547,338082
2023-11-30,20.805530548095703,23.18815040588379,23.18815040588379,23.055898666381836,23.0999813079834,120744
2023-12-01,20.845083236694336,23.23223304748535,23.364484786987305,23.01181411743164,23.320402145385742,225478
2023-12-04,20.8846378326416,23.276317596435547,23.364484786987305,23.18815040588379,23.364484786987305,164572
2023-12-05,20.805530548095703,23.18815040588379,23.276317596435547,23.18815040588379,23.276317596435547,71533
2023-12-06,20.845083236694336,23.23223304748535,23.320402145385742,23.144065856933594,23.23223304748535,195161
2023-12-07,20.726421356201172,23.0999813079834,23.320402145385742,23.0999813079834,23.0999813079834,147706
2023-12-08,20.68686866760254,23.055898666381836,23.18815040588379,22.967729568481445,23.18815040588379,148217
2023-12-11,20.568204879760742,22.923646926879883,23.0999813079834,22.791393280029297,23.0999813079834,177236
2023-12-12,20.568204879760742,22.923646926879883,22.967729568481445,22.747310638427734,22.923646926879883,163776
2023-12-13,20.568204879760742,22.923646926879883,22.967729568481445,22.747310638427734,22.923646926879883,162404
2023-12-14,20.568204879760742,22.923646926879883,23.055898666381836,22.835477828979492,23.055898666381836,237811
2023-12-15,20.607759475708008,22.967729568481445,22.967729568481445,22.791393280029297,22.923646926879883,428560
2023-12-18,20.528650283813477,22.879562377929688,23.18815040588379,22.835477828979492,23.144065856933594,309114
2023-12-19,20.726421356201172,23.0999813079834,23.0999813079834,22.70322608947754,22.879562377929688,257576
2023-12-20,20.568204879760742,22.923646926879883,23.144065856933594,22.879562377929688,23.0999813079834,172602
2023-12-21,20.568204879760742,22.923646926879883,23.0999813079834,22.835477828979492,22.835477828979492,168522
2023-12-22,20.647314071655273,23.01181411743164,23.01181411743164,22.923646926879883,22.967729568481445,108299
2023-12-25,20.68686866760254,23.055898666381836,23.0999813079834,22.923646926879883,23.0999813079834,152162
2023-12-26,20.68686866760254,23.055898666381836,23.0999813079834,22.967729568481445,23.055898666381836,111280
2023-12-27,20.805530548095703,23.18815040588379,23.18815040588379,23.01181411743164,23.055898666381836,190157
2023-12-28,21.003299713134766,23.4085693359375,23.4085693359375,23.144065856933594,23.276317596435547,303238
2023-12-29,21.082408905029297,23.496736526489258,23.540821075439453,23.23223304748535,23.23223304748535,337440
2024-01-02,21.675722122192383,24.157995223999023,24.157995223999023,23.496736526489258,23.496736526489258,581830
2024-01-03,21.754831314086914,24.246164321899414,24.246164321899414,23.937576293945312,24.157995223999023,318197
2024-01-04,21.675722122192383,24.157995223999023,24.422500610351562,24.025745391845703,24.422500610351562,382565
2024-01-05,21.55706214904785,24.025745391845703,24.29024887084961,24.025745391845703,24.29024887084961,272208
2024-01-08,22.18992805480957,24.73108673095703,25.171926498413086,24.069828033447266,24.069828033447266,539982
2024-01-09,22.03171157836914,24.554752349853516,25.083759307861328,24.466583251953125,24.951507568359375,288095
2024-01-10,21.63616943359375,24.11391258239746,24.642919540405273,24.11391258239746,24.246164321899414,409843
2024-01-11,21.79438591003418,24.29024887084961,24.334331512451172,23.673072814941406,23.89349365234375,195536
2024-01-12,21.517507553100586,23.981660842895508,24.246164321899414,23.937576293945312,24.025745391845703,148580
2024-01-15,21.517507553100586,23.981660842895508,24.069828033447266,23.937576293945312,24.069828033447266,195309
2024-01-16,21.240625381469727,23.673072814941406,23.981660842895508,23.673072814941406,23.981660842895508,270153
2024-01-17,20.765974044799805,23.144065856933594,23.496736526489258,23.144065856933594,23.496736526489258,302910
2024-01-18,20.9637451171875,23.364484786987305,23.452653884887695,23.144065856933594,23.144065856933594,73802
2024-01-19,21.082408905029297,23.496736526489258,23.62898826599121,23.364484786987305,23.364484786987305,111151
2024-01-22,21.201072692871094,23.62898826599121,23.761241912841797,23.496736526489258,23.540821075439453,152096
2024-01-23,21.042856216430664,23.452653884887695,23.62898826599121,23.452653884887695,23.58490562438965,73723
2024-01-24,21.359289169311523,23.80532455444336,23.981660842895508,23.4085693359375,23.4085693359375,203021
2024-01-25,21.398841857910156,23.849409103393555,23.981660842895508,23.673072814941406,23.80532455444336,112773
2024-01-26,22.110820770263672,24.642919540405273,24.819255828857422,23.496736526489258,23.496736526489258,470832
2024-01-29,22.110820770263672,24.642919540405273,24.819255828857422,24.29024887084961,24.29024887084961,203021
2024-01-30,22.110820770263672,24.642919540405273,24.73108673095703,24.51066780090332,24.68700408935547,88671
2024-01-31,21.95260238647461,24.466583251953125,24.59883689880371,24.422500610351562,24.51066780090332,62131
2024-02-01,21.992156982421875,24.51066780090332,24.68700408935547,24.29024887084961,24.29024887084961,163324
2024-02-02,22.110820770263672,24.642919540405273,24.642919540405273,24.334331512451172,24.334331512451172,105208
2024-02-05,22.03171157836914,24.554752349853516,24.642919540405273,24.334331512451172,24.334331512451172,178069
2024-02-15,22.07126808166504,24.59883689880371,24.68700408935547,24.334331512451172,24.51066780090332,142931
2024-02-16,22.110820770263672,24.642919540405273,24.73108673095703,24.554752349853516,24.73108673095703,78265
2024-02-19,22.110820770263672,24.642919540405273,24.642919540405273,24.51066780090332,24.642919540405273,127030
2024-02-20,22.07126808166504,24.59883689880371,24.819255828857422,24.51066780090332,24.73108673095703,149029
2024-02-21,22.110820770263672,24.642919540405273,24.68700408935547,24.554752349853516,24.59883689880371,125021
2024-02-22,22.07126808166504,24.59883689880371,24.642919540405273,24.422500610351562,24.642919540405273,216859
2024-02-23,21.95260238647461,24.466583251953125,24.51066780090332,24.334331512451172,24.51066780090332,138004
2024-02-26,21.754831314086914,24.246164321899414,24.51066780090332,24.20207977294922,24.422500610351562,201162
2024-02-27,21.754831314086914,24.246164321899414,24.246164321899414,24.069828033447266,24.20207977294922,143435
2024-02-29,21.873493194580078,24.378416061401367,24.422500610351562,24.334331512451172,24.422500610351562,56710
2024-03-01,22.110820770263672,24.642919540405273,24.819255828857422,24.378416061401367,24.378416061401367,263472
2024-03-04,22.3085880279541,24.863338470458984,24.863338470458984,24.59883689880371,24.59883689880371,304101
2024-03-05,22.466808319091797,25.039674758911133,25.127843856811523,24.68700408935547,24.68700408935547,327750
2024-03-06,23.613882064819336,26.3181095123291,26.538528442382812,25.039674758911133,25.039674758911133,915041
2024-03-07,23.6929874420166,26.40627670288086,26.891199111938477,26.18585777282715,26.626697540283203,737252
2024-03-08,23.455663681030273,26.141773223876953,26.40627670288086,25.877269744873047,26.09769058227539,351755
2024-03-11,23.653432846069336,26.362192153930664,26.626697540283203,26.053606033325195,26.053606033325195,378598
2024-03-12,23.6929874420166,26.40627670288086,26.626697540283203,26.274024963378906,26.362192153930664,375420
2024-03-13,23.6929874420166,26.40627670288086,26.758949279785156,26.22994041442871,26.450361251831055,273410
2024-03-14,24.919170379638672,27.772878646850586,28.037382125854492,26.274024963378906,26.626697540283203,1478869
2024-03-15,24.325857162475586,27.11161994934082,27.949214935302734,27.11161994934082,27.949214935302734,558253
2024-03-18,24.721399307250977,27.552459716796875,27.72879409790039,26.935283660888672,27.11161994934082,412190
2024-03-19,25.037832260131836,27.90513038635254,27.90513038635254,27.155704498291016,27.243871688842773,433264
2024-03-20,24.800508499145508,27.640626907348633,28.037382125854492,27.640626907348633,27.949214935302734,253027
2024-03-21,25.27515983581543,28.169633865356445,28.21371841430664,27.596542358398438,27.640626907348633,465637
2024-03-22,25.74981117248535,28.69864273071289,28.69864273071289,28.125551223754883,28.125551223754883,415642
2024-03-25,25.43337631225586,28.345970153808594,28.9190616607666,28.125551223754883,28.69864273071289,361903
2024-03-26,25.235605239868164,28.125551223754883,28.478221893310547,27.81696319580078,28.43413734436035,293757
2024-03-27,25.39381980895996,28.3018856048584,28.654558181762695,28.081466674804688,28.169633865356445,197350
2024-03-28,25.512481689453125,28.43413734436035,28.566389083862305,28.3018856048584,28.3018856048584,162655
2024-03-29,25.552038192749023,28.478221893310547,28.6104736328125,28.43413734436035,28.478221893310547,66917
2024-04-01,25.552038192749023,28.478221893310547,28.6104736328125,28.257801055908203,28.39005470275879,198598
2024-04-02,25.43337631225586,28.345970153808594,28.39005470275879,28.257801055908203,28.3018856048584,185010
2024-04-03,25.235605239868164,28.125551223754883,28.345970153808594,27.949214935302734,28.345970153808594,207634
2024-04-08,26.975994110107422,30.065244674682617,30.770587921142578,28.125551223754883,28.125551223754883,978288
2024-04-09,27.213315963745117,30.32974624633789,30.682418823242188,29.977075576782227,30.10932731628418,457088
2024-04-10,26.81777572631836,29.88890838623047,30.32974624633789,29.71257209777832,30.32974624633789,393635
2024-04-11,26.81777572631836,29.88890838623047,30.19749641418457,29.71257209777832,29.71257209777832,350490
2024-04-12,27.371532440185547,30.50608253479004,30.59425163269043,29.88890838623047,29.88890838623047,265021
2024-04-15,27.213315963745117,30.32974624633789,30.770587921142578,30.153411865234375,30.32974624633789,450712
2024-04-16,26.264013290405273,29.271732330322266,30.021160125732422,28.830894470214844,29.932992935180664,1197726
2024-04-17,27.13420867919922,30.241579055786133,30.241579055786133,29.183565139770508,29.183565139770508,222396
2024-04-18,28.16261863708496,31.38776206970215,31.652265548706055,30.021160125732422,30.021160125732422,587382
2024-04-19,28.281280517578125,31.5200138092041,31.91676902770996,30.59425163269043,31.03508949279785,498019
2024-04-22,28.399944305419922,31.652265548706055,33.062950134277344,31.5200138092041,31.652265548706055,1035537
2024-04-23,28.518606185913086,31.784517288208008,32.1812744140625,31.475929260253906,31.740432739257812,239493
2024-04-24,29.38880157470703,32.754364013671875,32.754364013671875,31.960853576660156,32.09310531616211,362623
2024-04-25,29.78434181213379,33.1952018737793,33.239288330078125,32.53394317626953,32.754364013671875,436784
2024-04-26,30.140331268310547,33.59196090698242,33.76829528808594,32.93069839477539,33.1952018737793,429430
2024-04-29,30.931415557861328,34.473636627197266,35.22306442260742,33.90054702758789,33.90054702758789,989658
2024-04-30,30.97096824645996,34.51771926879883,35.13489532470703,33.28337097167969,34.64997482299805,722806
2024-05-02,31.60383415222168,35.22306442260742,35.53165054321289,34.385467529296875,34.385467529296875,637730
2024-05-03,32.394920349121094,36.10474395751953,36.50149917602539,34.958560943603516,35.443485260009766,642117
2024-05-06,32.31581115722656,36.01657485961914,36.54558181762695,34.91447830200195,36.236995697021484,590500
2024-05-07,31.48517417907715,35.09081268310547,36.01657485961914,34.120967864990234,35.752071380615234,1183877
2024-05-08,29.705236434936523,33.10703659057617,35.17898178100586,32.88661575317383,34.032798767089844,1116422
2024-05-09,29.111921310424805,32.445777893066406,33.50379180908203,32.445777893066406,33.01886749267578,554063
2024-05-10,28.874597549438477,32.1812744140625,32.754364013671875,31.740432739257812,32.1812744140625,393850
2024-05-13,28.953702926635742,32.269439697265625,32.62211227416992,30.946922302246094,31.872684478759766,372017
2024-05-14,27.213315963745117,30.32974624633789,32.71028137207031,30.065244674682617,32.269439697265625,841950
2024-05-15,26.975994110107422,30.065244674682617,30.726503372192383,29.800739288330078,30.726503372192383,594320
2024-05-16,27.68796730041504,30.858755111694336,31.03508949279785,30.241579055786133,30.41791534423828,399639
2024-05-17,27.92529296875,31.123258590698242,31.564098358154297,30.59425163269043,31.29959487915039,426649
2024-05-20,28.00440216064453,31.21142578125,31.960853576660156,31.03508949279785,31.652265548706055,240450
2024-05-21,27.964845657348633,31.167341232299805,31.38776206970215,30.946922302246094,31.123258590698242,83930
2024-05-22,28.16261863708496,31.38776206970215,31.5200138092041,31.079174041748047,31.079174041748047,138488
2024-05-23,27.371532440185547,30.50608253479004,31.255510330200195,30.373830795288086,31.123258590698242,363730
2024-05-24,27.52975082397461,30.682418823242188,30.770587921142578,30.065244674682617,30.373830795288086,109019
2024-05-27,27.569305419921875,30.726503372192383,30.946922302246094,30.682418823242188,30.81467056274414,74972
2024-05-28,28.00440216064453,31.21142578125,31.38776206970215,30.81467056274414,30.858755111694336,225091
2024-05-29,28.202173233032227,31.431846618652344,31.5200138092041,30.770587921142578,31.21142578125,413983
2024-05-30,28.16261863708496,31.38776206970215,31.431846618652344,31.167341232299805,31.343677520751953,69303
2024-05-31,28.874597549438477,32.1812744140625,32.48986053466797,31.38776206970215,31.38776206970215,191751
2024-06-03,29.270139694213867,32.62211227416992,32.88661575317383,32.09310531616211,32.357608795166016,262567
2024-06-04,29.38880157470703,32.754364013671875,33.062950134277344,32.269439697265625,32.79844665527344,173532
2024-06-05,29.072364807128906,32.40169143676758,33.062950134277344,32.357608795166016,33.062950134277344,162304
2024-06-06,28.953702926635742,32.269439697265625,32.48986053466797,31.740432739257812,32.445777893066406,198485
2024-06-07,29.46790885925293,32.842533111572266,33.151119232177734,32.269439697265625,32.357608795166016,172556
2024-06-11,28.835039138793945,32.13718795776367,32.62211227416992,32.09310531616211,32.62211227416992,160112
2024-06-12,28.281280517578125,31.5200138092041,32.09310531616211,31.38776206970215,32.09310531616211,167883
2024-06-13,28.320837020874023,31.564098358154297,31.740432739257812,31.255510330200195,31.5200138092041,118241
2024-06-14,28.71637535095215,32.00493621826172,32.48986053466797,31.740432739257812,31.740432739257812,134556
2024-06-17,28.123064041137695,31.343677520751953,32.88661575317383,31.343677520751953,32.88661575317383,177126
2024-06-18,28.47905158996582,31.740432739257812,31.784517288208008,31.38776206970215,31.60818099975586,84460
2024-06-19,28.874597549438477,32.1812744140625,32.62211227416992,31.696348190307617,31.740432739257812,172511
2024-06-20,28.91415023803711,32.22535705566406,32.357608795166016,31.740432739257812,31.740432739257812,86922
2024-06-21,28.518606185913086,31.784517288208008,32.22535705566406,31.784517288208008,32.22535705566406,119279
2024-06-24,28.55816078186035,31.828601837158203,31.960853576660156,31.652265548706055,31.696348190307617,81662
2024-06-25,28.75593376159668,32.04902267456055,32.1812744140625,31.652265548706055,32.1812744140625,93013
2024-06-26,28.953702926635742,32.269439697265625,32.48986053466797,31.784517288208008,32.04902267456055,78259
2024-06-27,29.032812118530273,32.357608795166016,32.445777893066406,31.872684478759766,31.960853576660156,82807
2024-06-28,29.2305850982666,32.57802963256836,33.41562271118164,32.357608795166016,32.357608795166016,249445
2024-07-01,29.586570739746094,32.97478485107422,33.10703659057617,32.57802963256836,32.57802963256836,164684
2024-07-02,29.626123428344727,33.01886749267578,33.28337097167969,32.22535705566406,32.79844665527344,232766
2024-07-03,29.78434181213379,33.1952018737793,33.32745361328125,33.01886749267578,33.01886749267578,250794
2024-07-04,30.258991241455078,33.72420883178711,33.90054702758789,33.062950134277344,33.1952018737793,398480
2024-07-05,29.744787216186523,33.151119232177734,33.68012619018555,33.062950134277344,33.68012619018555,165873
2024-07-08,29.626123428344727,33.01886749267578,33.062950134277344,32.79844665527344,33.062950134277344,97654
2024-07-09,29.428354263305664,32.79844665527344,32.88661575317383,32.1812744140625,32.88661575317383,180648
2024-07-10,30.535873413085938,34.032798767089844,34.1650505065918,33.1952018737793,33.50379180908203,487453
2024-07-11,31.682947158813477,35.31123352050781,36.413330078125,33.988712310791016,34.473636627197266,696636
2024-07-12,31.564285278320312,35.17898178100586,35.663902282714844,34.82630920410156,35.31123352050781,299570
2024-07-15,31.682947158813477,35.31123352050781,35.443485260009766,34.91447830200195,35.17898178100586,266650
2024-07-16,32.19715118408203,35.88432312011719,36.0606575012207,35.39939880371094,35.97249221801758,269555
2024-07-17,32.43447494506836,36.148826599121094,36.81008529663086,35.88432312011719,36.148826599121094,474051
2024-07-18,32.63821029663086,35.31123352050781,35.70798873901367,34.473636627197266,35.09081268310547,166727
2024-07-19,31.456552505493164,34.032798767089844,34.82630920410156,33.50379180908203,34.82630920410156,438254
2024-07-22,31.66028594970703,34.25321960449219,34.29730224609375,32.88661575317383,34.032798767089844,271130
2024-07-23,32.14925003051758,34.7822265625,35.70798873901367,34.1650505065918,34.1650505065918,246121
2024-07-26,32.59746170043945,35.267147064208984,35.70798873901367,34.385467529296875,34.385467529296875,190556
2024-07-29,33.90135955810547,36.677833557128906,37.0305061340332,35.61981964111328,35.92840576171875,742458
2024-07-30,37.28334426879883,40.33679962158203,40.33679962158203,35.267147064208984,36.325164794921875,1951612
2024-07-31,36.264678955078125,39.234703063964844,40.29271697998047,38.00035095214844,40.072296142578125,1694092
2024-08-01,37.20185470581055,40.248634338378906,41.57115173339844,38.52935791015625,39.80779266357422,1185950
2024-08-02,35.0830192565918,37.956268310546875,39.94004440307617,37.3831787109375,39.14653396606445,814710
2024-08-05,31.57879066467285,34.1650505065918,36.0606575012207,34.1650505065918,35.97249221801758,861084
2024-08-06,30.111907958984375,32.57802963256836,34.60588836669922,30.946922302246094,34.385467529296875,754273
2024-08-07,31.130577087402344,33.68012619018555,34.076881408691406,32.269439697265625,32.269439697265625,462139
2024-08-08,30.88609504699707,33.41562271118164,33.68012619018555,32.22535705566406,33.151119232177734,250687
2024-08-09,31.497297286987305,34.076881408691406,35.09081268310547,33.72420883178711,33.72420883178711,213636
2024-08-12,31.66028594970703,34.25321960449219,35.61981964111328,33.1952018737793,33.1952018737793,355034
2024-08-13,31.497297286987305,34.076881408691406,34.385467529296875,33.72420883178711,34.20913314819336,242809
2024-08-14,32.312232971191406,34.958560943603516,35.13489532470703,33.8123779296875,33.8123779296875,248717
2024-08-15,33.37165069580078,36.10474395751953,36.98642349243164,35.09081268310547,35.752071380615234,418818
2024-08-16,34.5125617980957,37.33909225463867,38.264854431152344,36.413330078125,36.72191619873047,355201
2024-08-19,34.67555236816406,37.51543045043945,38.044437408447266,36.85417175292969,36.94233703613281,249948
2024-08-20,32.882694244384766,35.57573699951172,37.779930114746094,35.53165054321289,36.98642349243164,447368
2024-08-21,33.37165069580078,36.10474395751953,36.325164794921875,34.69405746459961,35.267147064208984,331213
2024-08-22,31.8640193939209,34.473636627197266,35.443485260009766,33.94462966918945,34.64997482299805,969814
2024-08-23,31.945512771606445,34.561805725097656,34.561805725097656,33.50379180908203,34.032798767089844,347292
2024-08-26,32.59746170043945,35.267147064208984,36.10474395751953,34.561805725097656,34.561805725097656,186478
2024-08-27,33.57538986206055,36.325164794921875,36.413330078125,34.82630920410156,34.82630920410156,372187
2024-08-28,33.55990219116211,36.30841064453125,36.4485969543457,35.51401901245117,35.51401901245117,217086
2024-08-29,32.95521926879883,35.654205322265625,36.49532699584961,35.32710266113281,36.49532699584961,217558
2024-08-30,33.34394454956055,36.074764251708984,36.355140686035156,35.654205322265625,35.654205322265625,140304
2024-09-02,32.60968780517578,35.280372619628906,36.49532699584961,35.280372619628906,36.49532699584961,185388
2024-09-03,32.048194885253906,34.67289733886719,35.32710266113281,34.579437255859375,35.280372619628906,167102
2024-09-04,30.190954208374023,32.663551330566406,33.50467300415039,31.775699615478516,32.80373764038086,574793
2024-09-05,29.97499656677246,32.42990493774414,33.59812927246094,32.24298858642578,32.663551330566406,286587
2024-09-06,29.37031364440918,31.775699615478516,32.42990493774414,31.355140686035156,32.42990493774414,303195
2024-09-09,29.2839298248291,31.682241439819336,32.00934600830078,30.887849807739258,31.775699615478516,388902
2024-09-10,28.636056900024414,30.981307983398438,32.3831787109375,30.841121673583984,31.682241439819336,251450
2024-09-11,28.67924690246582,31.02803611755371,31.962615966796875,30.7009334564209,30.981307983398438,153777
2024-09-12,29.197546005249023,31.58878517150879,31.728971481323242,31.02803611755371,31.12149429321289,137144
2024-09-13,29.802228927612305,32.24298858642578,32.28971862792969,30.934579849243164,30.934579849243164,87822
2024-09-16,30.57967758178711,33.084110260009766,33.55139923095703,32.05607223510742,32.24298858642578,234092
2024-09-18,31.097978591918945,33.644859313964844,33.644859313964844,32.850467681884766,33.59812927246094,100580
2024-09-19,31.573087692260742,34.158878326416016,34.20560836791992,33.7850456237793,33.7850456237793,131610
2024-09-20,29.111164093017578,31.49532699584961,32.47663497924805,30.747663497924805,32.47663497924805,1191318
2024-09-23,28.160947799682617,30.467288970947266,31.30841064453125,30.093456268310547,31.168224334716797,400180
2024-09-24,27.944990158081055,30.233644485473633,31.168224334716797,30.093456268310547,30.467288970947266,182033
2024-09-25,28.895206451416016,31.261682510375977,31.682241439819336,30.51401710510254,30.51401710510254,309283
2024-09-26,28.592864990234375,30.934579849243164,31.635513305664062,30.186914443969727,31.261682510375977,279719
2024-09-27,29.32712173461914,31.728971481323242,31.728971481323242,31.261682510375977,31.448598861694336,136960
2024-09-30,29.2839298248291,31.682241439819336,32.19626235961914,31.49532699584961,31.775699615478516,79180
2024-10-01,28.722440719604492,31.074766159057617,31.869157791137695,30.934579849243164,31.448598861694336,135997
2024-10-04,28.463289260864258,30.794391632080078,30.934579849243164,30.420560836791992,30.934579849243164,71690
2024-10-07,29.0247802734375,31.40186882019043,31.49532699584961,30.887849807739258,31.49532699584961,43870
2024-10-08,28.592864990234375,30.934579849243164,31.21495246887207,30.887849807739258,31.21495246887207,56710
2024-10-09,28.592864990234375,30.934579849243164,31.542055130004883,30.654205322265625,31.542055130004883,186809
2024-10-11,28.549673080444336,30.887849807739258,31.21495246887207,30.560747146606445,30.887849807739258,141454
2024-10-14,28.506481170654297,30.841121673583984,31.12149429321289,30.560747146606445,30.560747146606445,66710
2024-10-15,28.636056900024414,30.981307983398438,31.12149429321289,30.887849807739258,30.887849807739258,49220
2024-10-16,28.42009735107422,30.747663497924805,31.074766159057617,30.560747146606445,30.981307983398438,126668
2024-10-17,28.2905216217041,30.60747528076172,31.12149429321289,30.51401710510254,30.747663497924805,104239
2024-10-18,28.031373977661133,30.327102661132812,30.841121673583984,30.327102661132812,30.654205322265625,147846
2024-10-21,27.685842514038086,29.953271865844727,31.12149429321289,29.953271865844727,31.12149429321289,72566
2024-10-22,27.599458694458008,29.859813690185547,30.327102661132812,29.579439163208008,29.90654182434082,77500
2024-10-23,27.513072967529297,29.766355514526367,30.0,29.672897338867188,29.859813690185547,51552
2024-10-24,27.21073341369629,29.439252853393555,29.90654182434082,29.158878326416016,29.439252853393555,127064
2024-10-25,27.037965774536133,29.252336502075195,29.766355514526367,28.037382125854492,29.01869010925293,385663
2024-10-28,27.340307235717773,29.579439163208008,30.280372619628906,29.439252853393555,29.439252853393555,86145
2024-10-29,26.951581954956055,29.158878326416016,29.672897338867188,29.065420150756836,29.158878326416016,40670
2024-10-30,27.167539596557617,29.39252281188965,29.81308364868164,29.158878326416016,29.20560646057129,32705
2024-11-01,28.031373977661133,30.327102661132812,30.373830795288086,28.971961975097656,28.971961975097656,95230
2024-11-04,27.729032516479492,30.0,30.747663497924805,29.953271865844727,30.233644485473633,135900
2024-11-05,27.469881057739258,29.71962547302246,30.51401710510254,29.71962547302246,30.093456268310547,96310
2024-11-06,27.340307235717773,29.579439163208008,30.140186309814453,29.579439163208008,29.71962547302246,81320
2024-11-07,28.592864990234375,30.934579849243164,31.02803611755371,29.345794677734375,29.345794677734375,161950
2024-11-08,29.067974090576172,31.448598861694336,32.05607223510742,30.981307983398438,30.981307983398438,207159
2024-11-11,29.543081283569336,31.962615966796875,32.149532318115234,31.40186882019043,31.448598861694336,108070
2024-11-12,30.32052993774414,32.80373764038086,33.13084030151367,32.10280227661133,32.42990493774414,480540
2024-11-13,29.154356002807617,31.542055130004883,33.644859313964844,31.542055130004883,33.644859313964844,213058
2024-11-14,28.07456398010254,30.373830795288086,32.28971862792969,30.373830795288086,31.542055130004883,155920
2024-11-15,28.938396453857422,31.30841064453125,31.775699615478516,30.420560836791992,30.420560836791992,92445
2024-11-18,28.506481170654297,30.841121673583984,31.355140686035156,30.7009334564209,31.261682510375977,47401
2024-11-19,29.197546005249023,31.58878517150879,31.635513305664062,30.560747146606445,31.58878517150879,99928
2024-11-20,28.981590270996094,31.355140686035156,31.49532699584961,31.168224334716797,31.448598861694336,41405
2024-11-21,29.32712173461914,31.728971481323242,31.869157791137695,30.934579849243164,31.12149429321289,84530
2024-11-22,29.672653198242188,32.10280227661133,32.6168212890625,31.775699615478516,32.05607223510742,88617
2024-11-25,30.40691566467285,32.89719772338867,33.224300384521484,32.149532318115234,32.149532318115234,225449
2024-11-26,30.104570388793945,32.570091247558594,33.457942962646484,32.42990493774414,33.457942962646484,78963
2024-11-27,29.845420837402344,32.28971862792969,32.28971862792969,31.775699615478516,32.24298858642578,115900
2024-11-28,29.456697463989258,31.869157791137695,32.24298858642578,31.869157791137695,32.24298858642578,19260
2024-11-29,29.586273193359375,32.00934600830078,32.19626235961914,31.682241439819336,31.775699615478516,39781
2024-12-02,29.71584701538086,32.149532318115234,32.71028137207031,31.728971481323242,32.71028137207031,52230
2024-12-03,29.97499656677246,32.42990493774414,32.42990493774414,31.822429656982422,31.822429656982422,59920
2024-12-04,29.888614654541016,32.336448669433594,32.6168212890625,32.149532318115234,32.6168212890625,44643
2024-12-05,29.71584701538086,32.149532318115234,32.24298858642578,31.869157791137695,32.24298858642578,51459
2024-12-06,30.0181884765625,32.47663497924805,32.71028137207031,32.10280227661133,32.149532318115234,50470
2024-12-09,29.71584701538086,32.149532318115234,32.28971862792969,31.962615966796875,32.28971862792969,33170
2024-12-10,29.62946319580078,32.05607223510742,32.149532318115234,31.728971481323242,32.149532318115234,62060
2024-12-11,28.506481170654297,30.841121673583984,31.635513305664062,30.7009334564209,31.448598861694336,247703
2024-12-12,28.506481170654297,30.841121673583984,31.261682510375977,30.841121673583984,30.841121673583984,101927
2024-12-13,28.506481170654297,30.841121673583984,31.261682510375977,30.841121673583984,31.12149429321289,70727
2024-12-16,28.506481170654297,30.841121673583984,31.728971481323242,30.841121673583984,31.30841064453125,35327
2024-12-17,28.549673080444336,30.887849807739258,31.40186882019043,30.747663497924805,31.30841064453125,56770
2024-12-18,28.2905216217041,30.60747528076172,30.934579849243164,30.51401710510254,30.560747146606445,83406
2024-12-19,27.815414428710938,30.093456268310547,30.467288970947266,29.90654182434082,30.0,158360
2024-12-20,27.21073341369629,29.439252853393555,30.373830795288086,29.39252281188965,29.953271865844727,208721
2024-12-23,27.685842514038086,29.953271865844727,30.046728134155273,29.5327091217041,29.5327091217041,70993
2024-12-24,27.685842514038086,29.953271865844727,30.046728134155273,29.5327091217041,29.953271865844727,56710
2024-12-25,27.901796340942383,30.186914443969727,30.654205322265625,29.953271865844727,29.953271865844727,81320
2024-12-26,28.031373977661133,30.327102661132812,30.373830795288086,30.0,30.373830795288086,43870
2024-12-27,27.858606338500977,30.140186309814453,30.280372619628906,30.046728134155273,30.140186309814453,32100
2024-12-30,27.944990158081055,30.233644485473633,30.841121673583984,30.093456268310547,30.373830795288086,50397
2024-12-31,27.642648696899414,29.90654182434082,30.140186309814453,29.71962547302246,30.093456268310547,71690
2025-01-02,27.642648696899414,29.90654182434082,30.327102661132812,29.62616729736328,29.62616729736328,93895
2025-01-03,27.513072967529297,29.766355514526367,30.186914443969727,29.579439163208008,30.186914443969727,35804
2025-01-06,27.599458694458008,29.859813690185547,30.186914443969727,29.672897338867188,29.672897338867188,55640
2025-01-07,27.469881057739258,29.71962547302246,30.0,29.439252853393555,29.859813690185547,63210
2025-01-08,27.42668914794922,29.672897338867188,29.766355514526367,29.252336502075195,29.62616729736328,26750
2025-01-09,27.12434959411621,29.345794677734375,29.62616729736328,28.971961975097656,29.62616729736328,96300
2025-01-10,26.43328094482422,28.598129272460938,29.20560646057129,28.504671096801758,29.065420150756836,74822
2025-01-13,26.17413330078125,28.31775665283203,28.41121482849121,27.52336311340332,27.757009506225586,131610
2025-01-14,26.476472854614258,28.644859313964844,28.691587448120117,28.037382125854492,28.41121482849121,34240
2025-01-15,26.476472854614258,28.644859313964844,28.691587448120117,27.757009506225586,28.0841121673584,38573
2025-01-16,26.649240493774414,28.831775665283203,29.20560646057129,28.691587448120117,28.971961975097656,63130
2025-01-17,26.303707122802734,28.457942962646484,28.691587448120117,28.31775665283203,28.691587448120117,41730
2025-01-20,26.43328094482422,28.598129272460938,28.598129272460938,28.31775665283203,28.457942962646484,40660
2025-01-21,26.43328094482422,28.598129272460938,28.598129272460938,28.41121482849121,28.41121482849121,31064
2025-01-22,26.346899032592773,28.504671096801758,28.971961975097656,28.177570343017578,28.971961975097656,68480
2025-02-03,26.044557571411133,28.177570343017578,28.504671096801758,28.0841121673584,28.504671096801758,57160
2025-02-04,26.044557571411133,28.177570343017578,28.22429847717285,27.89719581604004,28.0841121673584,77040
2025-02-05,26.217323303222656,28.364484786987305,28.504671096801758,28.177570343017578,28.271028518676758,51372
2025-02-06,26.43328094482422,28.598129272460938,28.925233840942383,28.504671096801758,28.644859313964844,42800
2025-02-07,26.346899032592773,28.504671096801758,28.598129272460938,28.037382125854492,28.598129272460938,25680
2025-02-10,26.346899032592773,28.504671096801758,28.691587448120117,28.0841121673584,28.130840301513672,63451
2025-02-11,26.260517120361328,28.41121482849121,28.504671096801758,28.22429847717285,28.504671096801758,47092
2025-02-12,26.260517120361328,28.41121482849121,28.878503799438477,28.177570343017578,28.22429847717285,40767
2025-02-13,26.86520004272461,29.065420150756836,29.065420150756836,28.504671096801758,28.691587448120117,55640
2025-02-14,26.951581954956055,29.158878326416016,29.345794677734375,29.11214828491211,29.11214828491211,26750
2025-02-17,27.340307235717773,29.579439163208008,29.859813690185547,29.11214828491211,29.11214828491211,39590
2025-02-18,27.513072967529297,29.766355514526367,30.093456268310547,29.579439163208008,29.62616729736328,51360
2025-02-19,27.42668914794922,29.672897338867188,30.280372619628906,29.672897338867188,29.859813690185547,41731
2025-02-20,27.642648696899414,29.90654182434082,30.0,29.71962547302246,29.71962547302246,38621
2025-02-21,27.901796340942383,30.186914443969727,30.420560836791992,29.90654182434082,29.90654182434082,65797
2025-02-24,27.815414428710938,30.093456268310547,30.233644485473633,29.62616729736328,29.90654182434082,48413
2025-02-25,27.685842514038086,29.953271865844727,30.233644485473633,29.81308364868164,29.81308364868164,46459
2025-02-26,27.685842514038086,29.953271865844727,30.046728134155273,29.81308364868164,29.81308364868164,25080
2025-02-27,27.556264877319336,29.81308364868164,30.140186309814453,29.766355514526367,30.140186309814453,49327
2025-03-03,27.21073341369629,29.439252853393555,29.672897338867188,29.158878326416016,29.5327091217041,87073
2025-03-04,27.21073341369629,29.439252853393555,29.5327091217041,28.971961975097656,29.252336502075195,98541
2025-03-05,27.901796340942383,30.186914443969727,30.186914443969727,29.345794677734375,29.39252281188965,41829
2025-03-06,28.592864990234375,30.934579849243164,31.30841064453125,30.186914443969727,30.186914443969727,140874
2025-03-07,28.37690544128418,30.7009334564209,30.841121673583984,30.560747146606445,30.841121673583984,38617
2025-03-10,28.160947799682617,30.467288970947266,30.747663497924805,30.373830795288086,30.60747528076172,46108
2025-03-11,28.506481170654297,30.841121673583984,30.841121673583984,29.859813690185547,30.233644485473633,143565
2025-03-12,28.852012634277344,31.21495246887207,31.355140686035156,30.467288970947266,30.467288970947266,76243
2025-03-13,28.592864990234375,30.934579849243164,31.40186882019043,30.60747528076172,31.21495246887207,53500
2025-03-14,28.852012634277344,31.21495246887207,31.21495246887207,30.841121673583984,30.934579849243164,51360
2025-03-17,28.808822631835938,31.168224334716797,31.30841064453125,31.12149429321289,31.30841064453125,45368
2025-03-18,28.981590270996094,31.355140686035156,31.355140686035156,31.168224334716797,31.261682510375977,47080
2025-03-19,28.765628814697266,31.12149429321289,31.448598861694336,30.887849807739258,31.355140686035156,161891
2025-03-20,29.154356002807617,31.542055130004883,31.635513305664062,31.168224334716797,31.355140686035156,82443
2025-03-21,29.41350555419922,31.822429656982422,32.05607223510742,31.12149429321289,31.168224334716797,124505
2025-03-24,29.7590389251709,32.19626235961914,32.19626235961914,31.775699615478516,31.775699615478516,68480
2025-03-25,29.672653198242188,32.10280227661133,32.19626235961914,31.682241439819336,32.19626235961914,98440
2025-03-26,29.97499656677246,32.42990493774414,32.71028137207031,32.00934600830078,32.10280227661133,151940
2025-03-27,30.147762298583984,32.6168212890625,32.80373764038086,32.336448669433594,32.570091247558594,79180
2025-03-28,29.672653198242188,32.10280227661133,32.89719772338867,31.822429656982422,32.336448669433594,154080
2025-03-31,29.0247802734375,31.40186882019043,31.728971481323242,31.12149429321289,31.728971481323242,142310
2025-04-01,29.32712173461914,31.728971481323242,31.869157791137695,31.30841064453125,31.40186882019043,54623
2025-04-02,29.240737915039062,31.635513305664062,31.682241439819336,31.30841064453125,31.682241439819336,51367
2025-04-07,26.346899032592773,28.504671096801758,28.504671096801758,28.504671096801758,28.504671096801758,46545
2025-04-08,24.273700714111328,26.261682510375977,28.037382125854492,25.794391632080078,25.794391632080078,413555
2025-04-09,22.675609588623047,24.5327091217041,26.822429656982422,24.439252853393555,26.448598861694336,315781
2025-04-10,24.92157554626465,26.962615966796875,26.962615966796875,26.9158878326416,26.962615966796875,63130
2025-04-11,26.001365661621094,28.130840301513672,28.130840301513672,26.728971481323242,27.00934410095215,92020
2025-04-14,25.612640380859375,27.71027946472168,28.31775665283203,27.6168212890625,28.130840301513672,140473
2025-04-15,26.519664764404297,28.691587448120117,28.691587448120117,27.850467681884766,28.037382125854492,88724
2025-04-16,25.91498374938965,28.037382125854492,28.691587448120117,28.037382125854492,28.691587448120117,62060
2025-04-17,26.087749481201172,28.22429847717285,28.22429847717285,27.80373764038086,28.037382125854492,35310
2025-04-18,26.13094139099121,28.271028518676758,28.41121482849121,28.130840301513672,28.22429847717285,33170
2025-04-21,25.91498374938965,28.037382125854492,28.31775665283203,27.52336311340332,28.271028518676758,64200
2025-04-22,25.82859992980957,27.943925857543945,27.943925857543945,27.757009506225586,27.757009506225586,58227
2025-04-23,26.087749481201172,28.22429847717285,28.504671096801758,28.037382125854492,28.037382125854492,48150
2025-04-24,25.87179183959961,27.99065399169922,28.504671096801758,27.89719581604004,28.504671096801758,68480
2025-04-25,26.17413330078125,28.31775665283203,28.41121482849121,28.130840301513672,28.130840301513672,52431
2025-04-28,26.692432403564453,28.878503799438477,28.878503799438477,28.31775665283203,28.31775665283203,52430
2025-04-29,27.21073341369629,29.439252853393555,29.439252853393555,28.785045623779297,28.878503799438477,41730
2025-04-30,26.951581954956055,29.158878326416016,29.252336502075195,28.738317489624023,29.11214828491211,71690
2025-05-02,28.031373977661133,30.327102661132812,30.654205322265625,29.158878326416016,29.158878326416016,49577
2025-05-05,28.37690544128418,30.7009334564209,31.074766159057617,29.953271865844727,30.654205322265625,141563
2025-05-06,28.463289260864258,30.794391632080078,30.981307983398438,30.467288970947266,30.794391632080078,41730
2025-05-07,28.031373977661133,30.327102661132812,30.794391632080078,30.0,30.794391632080078,37470
2025-05-08,27.642648696899414,29.90654182434082,30.373830795288086,29.859813690185547,30.373830795288086,51727
2025-05-09,27.642648696899414,29.90654182434082,30.186914443969727,29.859813690185547,29.953271865844727,48150
2025-05-12,27.901796340942383,30.186914443969727,30.841121673583984,29.90654182434082,30.841121673583984,29853
2025-05-13,27.901796340942383,30.186914443969727,30.560747146606445,29.953271865844727,29.953271865844727,44940
2025-05-14,28.37690544128418,30.7009334564209,30.887849807739258,30.420560836791992,30.420560836791992,79180
2025-05-15,28.204139709472656,30.51401710510254,30.841121673583984,30.51401710510254,30.841121673583984,27263
2025-05-16,28.506481170654297,30.841121673583984,30.841121673583984,30.373830795288086,30.467288970947266,42834
2025-05-19,28.247331619262695,30.560747146606445,30.60747528076172,30.51401710510254,30.51401710510254,38520
2025-05-20,28.636056900024414,30.981307983398438,30.981307983398438,30.046728134155273,30.046728134155273,46297
2025-05-21,28.636056900024414,30.981307983398438,31.02803611755371,30.7009334564209,30.7009334564209,44940
2025-05-22,28.42009735107422,30.747663497924805,30.981307983398438,30.7009334564209,30.981307983398438,23540
2025-05-23,28.247331619262695,30.560747146606445,30.7009334564209,30.560747146606445,30.654205322265625,33695
2025-05-26,28.592864990234375,30.934579849243164,30.934579849243164,30.373830795288086,30.373830795288086,40693
2025-05-27,28.42009735107422,30.747663497924805,30.934579849243164,30.420560836791992,30.934579849243164,35536
2025-05-28,28.247331619262695,30.560747146606445,30.794391632080078,30.280372619628906,30.747663497924805,40660
2025-05-29,28.2905216217041,30.60747528076172,30.747663497924805,30.373830795288086,30.747663497924805,22470
2025-06-02,27.858606338500977,30.140186309814453,30.467288970947266,29.439252853393555,30.373830795288086,59954
2025-06-03,27.815414428710938,30.093456268310547,30.420560836791992,29.859813690185547,30.140186309814453,151940
2025-06-04,28.07456398010254,30.373830795288086,30.747663497924805,30.280372619628906,30.467288970947266,60367
2025-06-05,28.11775779724121,30.420560836791992,30.467288970947266,30.327102661132812,30.373830795288086,41730
2025-06-06,28.11775779724121,30.420560836791992,30.467288970947266,30.327102661132812,30.420560836791992,54570
2025-06-09,28.463289260864258,30.794391632080078,30.841121673583984,30.373830795288086,30.467288970947266,29568
2025-06-10,28.549673080444336,30.887849807739258,31.074766159057617,30.467288970947266,30.747663497924805,79180
2025-06-11,28.33371353149414,30.654205322265625,30.654205322265625,30.560747146606445,30.654205322265625,67410
2025-06-12,28.33371353149414,30.654205322265625,30.7009334564209,30.467288970947266,30.51401710510254,74900
2025-06-13,27.901796340942383,30.186914443969727,30.51401710510254,30.186914443969727,30.467288970947266,64200
2025-06-16,28.2905216217041,30.60747528076172,30.747663497924805,30.186914443969727,30.186914443969727,100580
2025-06-17,28.463289260864258,30.794391632080078,30.841121673583984,30.467288970947266,30.467288970947266,56710
2025-06-18,28.549673080444336,30.887849807739258,31.02803611755371,30.60747528076172,30.60747528076172,72808
2025-06-19,27.815414428710938,30.093456268310547,30.887849807739258,30.0,30.887849807739258,134960
2025-06-20,28.33371353149414,30.654205322265625,30.747663497924805,29.90654182434082,30.186914443969727,79404
2025-06-23,27.858606338500977,30.140186309814453,30.140186309814453,29.065420150756836,29.065420150756836,55882
2025-06-24,28.506481170654297,30.841121673583984,30.841121673583984,30.186914443969727,30.186914443969727,57780
2025-06-25,28.42009735107422,30.747663497924805,30.841121673583984,30.467288970947266,30.747663497924805,27820
2025-06-26,28.636056900024414,30.981307983398438,31.261682510375977,30.7009334564209,30.747663497924805,70620
2025-06-27,28.42009735107422,30.747663497924805,31.168224334716797,30.467288970947266,31.168224334716797,48182
2025-06-30,28.247331619262695,30.560747146606445,30.560747146606445,30.186914443969727,30.560747146606445,39590
2025-07-01,28.636056900024414,30.981307983398438,31.542055130004883,30.51401710510254,30.560747146606445,73830
2025-07-02,28.37690544128418,30.7009334564209,30.841121673583984,30.7009334564209,30.841121673583984,28488
2025-07-03,28.549673080444336,30.887849807739258,30.887849807739258,30.7009334564209,30.887849807739258,22470
2025-07-04,28.506481170654297,30.841121673583984,30.887849807739258,30.747663497924805,30.747663497924805,13966
2025-07-07,28.2905216217041,30.60747528076172,30.841121673583984,30.373830795288086,30.841121673583984,14980
2025-07-08,28.204139709472656,30.51401710510254,30.51401710510254,30.186914443969727,30.186914443969727,29960
2025-07-09,28.2905216217041,30.60747528076172,30.794391632080078,30.467288970947266,30.654205322265625,59920
2025-07-10,28.37690544128418,30.7009334564209,30.7009334564209,30.373830795288086,30.373830795288086,11770
2025-07-11,28.463289260864258,30.794391632080078,30.794391632080078,30.60747528076172,30.747663497924805,23896
2025-07-14,28.11775779724121,30.420560836791992,30.747663497924805,30.046728134155273,30.747663497924805,65270
2025-07-15,27.901796340942383,30.186914443969727,30.186914443969727,29.90654182434082,30.093456268310547,50290
2025-07-16,28.160947799682617,30.467288970947266,30.747663497924805,29.766355514526367,29.766355514526367,41730
2025-07-17,27.98818016052246,30.280372619628906,30.654205322265625,30.280372619628906,30.654205322265625,58850
2025-07-18,28.160947799682617,30.467288970947266,30.560747146606445,30.373830795288086,30.560747146606445,24674
2025-07-21,28.07456398010254,30.373830795288086,30.467288970947266,30.093456268310547,30.467288970947266,36380
2025-07-22,27.38349723815918,29.62616729736328,30.280372619628906,29.158878326416016,30.046728134155273,2222785
2025-07-23,27.642648696899414,29.90654182434082,30.140186309814453,29.5327091217041,29.62616729736328,52008
2025-07-24,27.42668914794922,29.672897338867188,29.90654182434082,29.439252853393555,29.62616729736328,43324
2025-07-25,27.469881057739258,29.71962547302246,30.0,29.672897338867188,29.90654182434082,14980
2025-07-28,27.469881057739258,29.71962547302246,29.766355514526367,29.579439163208008,29.62616729736328,19260
2025-07-29,27.21073341369629,29.439252853393555,29.859813690185547,29.29906463623047,29.859813690185547,20330
2025-07-30,27.167539596557617,29.39252281188965,29.672897338867188,29.11214828491211,29.345794677734375,25478
2025-07-31,27.21073341369629,29.439252853393555,29.5327091217041,29.158878326416016,29.345794677734375,39719
2025-08-04,27.12434959411621,29.345794677734375,29.439252853393555,28.457942962646484,28.457942962646484,22444
2025-08-05,27.08115577697754,29.29906463623047,29.439252853393555,29.065420150756836,29.065420150756836,39590
2025-08-06,27.21073341369629,29.439252853393555,29.439252853393555,29.252336502075195,29.29906463623047,23353
2025-08-07,27.742538452148438,29.252336502075195,29.345794677734375,28.971961975097656,28.971961975097656,50290
2025-08-08,27.742538452148438,29.252336502075195,29.252336502075195,28.831775665283203,28.831775665283203,34240
2025-08-11,27.698219299316406,29.20560646057129,29.252336502075195,28.878503799438477,28.971961975097656,37450
2025-08-12,27.742538452148438,29.252336502075195,29.345794677734375,28.971961975097656,29.20560646057129,47437
2025-08-13,27.742538452148438,29.252336502075195,29.345794677734375,29.01869010925293,29.29906463623047,34240
2025-08-14,27.786853790283203,29.29906463623047,29.345794677734375,29.065420150756836,29.252336502075195,23002
2025-08-15,27.786853790283203,29.29906463623047,29.39252281188965,29.065420150756836,29.345794677734375,25680
2025-08-18,27.786853790283203,29.29906463623047,29.29906463623047,29.11214828491211,29.29906463623047,18404
2025-08-19,27.60958480834961,29.11214828491211,29.11214828491211,28.691587448120117,29.065420150756836,82570
2025-08-20,27.476634979248047,28.971961975097656,29.11214828491211,28.831775665283203,29.11214828491211,32100
2025-08-21,27.565269470214844,29.065420150756836,29.20560646057129,28.878503799438477,28.971961975097656,59932
2025-08-22,27.38800048828125,28.878503799438477,29.065420150756836,28.504671096801758,28.504671096801758,45508
2025-08-25,27.476634979248047,28.971961975097656,29.252336502075195,28.878503799438477,28.971961975097656,54891
2025-08-26,27.299365997314453,28.785045623779297,29.01869010925293,28.738317489624023,28.738317489624023,47181
2025-08-27,27.742538452148438,29.252336502075195,29.439252853393555,28.0841121673584,28.0841121673584,139290
2025-08-28,27.78774070739746,29.299999237060547,29.549999237060547,29.200000762939453,29.549999237060547,73000
2025-08-29,27.598064422607422,29.100000381469727,29.5,28.950000762939453,29.049999237060547,61021
2025-09-01,27.598064422607422,29.100000381469727,29.299999237060547,28.899999618530273,29.100000381469727,39310
2025-09-02,27.598064422607422,29.100000381469727,29.149999618530273,29.0,29.100000381469727,23230
2025-09-03,27.78774070739746,29.299999237060547,29.299999237060547,29.0,29.100000381469727,25000
2025-09-04,29.305160522460938,30.899999618530273,31.700000762939453,29.200000762939453,29.299999237060547,189132
2025-09-05,29.1154842376709,30.700000762939453,31.25,30.299999237060547,31.25,52000
2025-09-08,28.973224639892578,30.549999237060547,30.700000762939453,30.200000762939453,30.700000762939453,85102
2025-09-09,29.2103214263916,30.799999237060547,31.0,30.299999237060547,30.299999237060547,48100
2025-09-10,29.2103214263916,30.799999237060547,30.950000762939453,30.450000762939453,30.799999237060547,47000
2025-09-11,29.2103214263916,30.799999237060547,31.0,30.049999237060547,30.049999237060547,38000
2025-09-12,29.447418212890625,31.049999237060547,31.200000762939453,30.950000762939453,31.0,46000
2025-09-15,28.878387451171875,30.450000762939453,31.0,30.350000381469727,31.0,52063
2025-09-16,28.925806045532227,30.5,30.700000762939453,30.450000762939453,30.450000762939453,88000
2025-09-17,28.688709259033203,30.25,30.549999237060547,30.25,30.5,62000
2025-09-18,28.736127853393555,30.299999237060547,30.5,30.149999618530273,30.25,53000
2025-09-19,26.88677406311035,28.350000381469727,30.25,28.350000381469727,30.25,697001
2025-09-22,27.3609676361084,28.850000381469727,29.0,28.450000762939453,28.600000381469727,264000
2025-09-23,27.3609676361084,28.850000381469727,29.0,28.5,29.0,75000
2025-09-24,27.3609676361084,28.850000381469727,28.850000381469727,28.700000762939453,28.799999237060547,57000
2025-09-25,27.266128540039062,28.75,28.950000762939453,28.600000381469727,28.850000381469727,45025
2025-09-26,27.07645034790039,28.549999237060547,28.799999237060547,28.299999237060547,28.799999237060547,49000
2025-09-30,26.934192657470703,28.399999618530273,28.5,28.25,28.5,69123
2025-10-01,27.02903175354004,28.5,28.5,28.200000762939453,28.399999618530273,24539
2025-10-02,26.88677406311035,28.350000381469727,28.399999618530273,28.149999618530273,28.149999618530273,23212
2025-10-03,27.123870849609375,28.600000381469727,28.600000381469727,28.299999237060547,28.350000381469727,45241
2025-10-07,26.839353561401367,28.299999237060547,28.799999237060547,28.299999237060547,28.600000381469727,42143
2025-10-08,26.88677406311035,28.350000381469727,28.649999618530273,28.200000762939453,28.299999237060547,65035
2025-10-09,27.02903175354004,28.5,28.549999237060547,28.350000381469727,28.399999618530273,27800
2025-10-13,26.934192657470703,28.399999618530273,28.450000762939453,27.799999237060547,28.350000381469727,107000
2025-10-14,26.88677406311035,28.350000381469727,28.549999237060547,28.0,28.100000381469727,60000
2025-10-15,26.31774139404297,27.75,28.399999618530273,27.75,28.299999237060547,49001
2025-10-16,27.02903175354004,28.5,29.100000381469727,27.75,27.799999237060547,150140
2025-10-17,26.934192657470703,28.399999618530273,28.5,28.200000762939453,28.350000381469727,27000
2025-10-20,26.88677406311035,28.350000381469727,28.5,28.0,28.399999618530273,48198
2025-10-21,26.649677276611328,28.100000381469727,28.649999618530273,27.950000762939453,28.399999618530273,96710
2025-10-22,26.791934967041016,28.25,28.350000381469727,28.0,28.200000762939453,54899
2025-10-23,26.791934967041016,28.25,28.25,28.0,28.0,41100
2025-10-27,26.602256774902344,28.049999237060547,28.200000762939453,27.850000381469727,28.200000762939453,84260
2025-10-28,26.649677276611328,28.100000381469727,28.149999618530273,27.899999618530273,28.100000381469727,32600
2025-10-29,26.649677276611328,28.100000381469727,28.149999618530273,27.799999237060547,28.100000381469727,36964
2025-10-30,26.744516372680664,28.200000762939453,28.350000381469727,28.049999237060547,28.100000381469727,33285
2025-10-31,26.744516372680664,28.200000762939453,28.350000381469727,28.0,28.0,39210
2025-11-03,26.791934967041016,28.25,28.399999618530273,28.049999237060547,28.049999237060547,34458
2025-11-04,26.602256774902344,28.049999237060547,28.25,28.0,28.200000762939453,31120
2025-11-05,26.649677276611328,28.100000381469727,28.25,27.799999237060547,27.799999237060547,43000
2025-11-06,27.02903175354004,28.5,28.5,28.149999618530273,28.25,48016
2025-11-07,26.839353561401367,28.299999237060547,28.450000762939453,28.200000762939453,28.399999618530273,17030
2025-11-10,26.791934967041016,28.25,28.350000381469727,28.100000381469727,28.350000381469727,17000
2025-11-11,26.791934967041016,28.25,28.299999237060547,27.75,28.299999237060547,74911
2025-11-12,26.839353561401367,28.299999237060547,28.350000381469727,28.049999237060547,28.299999237060547,45850
2025-11-13,26.88677406311035,28.350000381469727,28.350000381469727,28.200000762939453,28.299999237060547,22000
2025-11-14,26.791934967041016,28.25,28.299999237060547,28.049999237060547,28.299999237060547,48464
2025-11-17,26.69709587097168,28.149999618530273,28.299999237060547,28.0,28.049999237060547,49070
2025-11-18,26.554838180541992,28.0,28.0,27.799999237060547,28.0,31427
2025-11-19,26.554838180541992,28.0,28.100000381469727,27.700000762939453,28.100000381469727,22000
2025-11-20,26.649677276611328,28.100000381469727,28.149999618530273,28.049999237060547,28.100000381469727,14000
2025-11-21,26.649677276611328,28.100000381469727,28.200000762939453,27.700000762939453,28.200000762939453,25154
2025-11-24,26.744516372680664,28.200000762939453,28.299999237060547,28.0,28.299999237060547,17000
2025-11-25,26.791934967041016,28.25,28.299999237060547,28.0,28.25,23000
2025-11-26,26.981613159179688,28.450000762939453,28.450000762939453,28.149999618530273,28.299999237060547,54000
2025-11-27,27.02903175354004,28.5,28.5,28.200000762939453,28.200000762939453,23009
2025-11-28,27.21870994567871,28.700000762939453,28.700000762939453,28.450000762939453,28.450000762939453,74000
2025-12-01,26.934192657470703,28.399999618530273,28.600000381469727,28.200000762939453,28.600000381469727,15000
2025-12-02,26.981613159179688,28.450000762939453,28.5,28.149999618530273,28.25,43000
2025-12-03,27.02903175354004,28.5,28.549999237060547,28.299999237060547,28.450000762939453,42040
2025-12-04,27.02903175354004,28.5,28.600000381469727,28.399999618530273,28.5,48000
2025-12-05,27.02903175354004,28.5,28.649999618530273,28.399999618530273,28.549999237060547,26016
2025-12-08,27.07645034790039,28.549999237060547,28.600000381469727,28.450000762939453,28.600000381469727,24000
2025-12-09,26.88677406311035,28.350000381469727,28.5,28.25,28.5,21000
2025-12-10,26.981613159179688,28.450000762939453,28.450000762939453,28.25,28.399999618530273,40000
2025-12-11,26.839353561401367,28.299999237060547,28.450000762939453,28.200000762939453,28.299999237060547,25124
2025-12-12,27.266128540039062,28.75,29.0,28.299999237060547,28.299999237060547,157030
2025-12-15,27.21870994567871,28.700000762939453,28.899999618530273,28.399999618530273,28.75,58000
2025-12-16,26.981613159179688,28.450000762939453,28.5,28.049999237060547,28.450000762939453,169000
2025-12-17,26.88677406311035,28.350000381469727,28.600000381469727,28.350000381469727,28.5,41000
2025-12-18,26.934192657470703,28.399999618530273,28.5,28.299999237060547,28.399999618530273,43000
2025-12-19,26.934192657470703,28.399999618530273,28.5,28.149999618530273,28.299999237060547,179003
2025-12-22,26.744516372680664,28.200000762939453,28.5,27.950000762939453,28.5,104000
2025-12-23,26.69709587097168,28.149999618530273,28.299999237060547,27.899999618530273,28.200000762939453,157000
2025-12-24,26.88677406311035,28.350000381469727,28.399999618530273,28.0,28.100000381469727,245104
2025-12-26,26.791934967041016,28.25,28.399999618530273,28.100000381469727,28.399999618530273,78000
2025-12-29,26.791934967041016,28.25,28.399999618530273,28.100000381469727,28.399999618530273,150000
2025-12-30,26.791934967041016,28.25,28.299999237060547,27.950000762939453,28.299999237060547,52004
2025-12-31,26.791934967041016,28.25,28.25,27.950000762939453,28.200000762939453,56000
2026-01-02,26.649677276611328,28.100000381469727,28.299999237060547,27.950000762939453,28.299999237060547,109000
2026-01-05,26.459999084472656,27.899999618530273,28.049999237060547,27.700000762939453,28.049999237060547,68000
2026-01-06,26.459999084472656,27.899999618530273,28.0,27.799999237060547,27.899999618530273,54287
2026-01-07,26.36515998840332,27.799999237060547,27.950000762939453,27.600000381469727,27.950000762939453,53000
2026-01-08,26.554838180541992,28.0,28.0,27.799999237060547,27.799999237060547,63011
2026-01-09,26.50741958618164,27.950000762939453,28.0,27.75,28.0,26788
2026-01-12,25.748708724975586,27.149999618530273,27.899999618530273,27.0,27.899999618530273,193484
2026-01-13,25.843547821044922,27.25,27.350000381469727,27.100000381469727,27.25,74268
2026-01-14,26.033226013183594,27.450000762939453,27.5,27.200000762939453,27.299999237060547,63136
2026-01-15,26.080644607543945,27.5,27.5,27.200000762939453,27.450000762939453,53000
2026-01-16,25.321935653686523,26.700000762939453,27.350000381469727,26.5,27.25,168256
2026-01-19,25.179676055908203,26.549999237060547,26.950000762939453,26.450000762939453,26.549999237060547,109272
2026-01-20,25.13225746154785,26.5,26.600000381469727,26.200000762939453,26.350000381469727,89134
2026-01-21,24.658063888549805,26.0,26.5,25.899999618530273,26.5,107877
2026-01-22,24.847742080688477,26.200000762939453,26.600000381469727,25.600000381469727,25.600000381469727,123930
2026-01-23,24.56322479248047,25.899999618530273,26.200000762939453,25.850000381469727,26.200000762939453,73229
2026-01-26,24.42096710205078,25.75,26.100000381469727,25.5,26.100000381469727,91826
2026-01-27,24.42096710205078,25.75,25.850000381469727,25.5,25.700000762939453,105000
2026-01-28,24.326128005981445,25.649999618530273,25.799999237060547,25.600000381469727,25.75,73100
2026-01-29,24.37354850769043,25.700000762939453,25.75,25.399999618530273,25.600000381469727,92090
2026-01-30,24.37354850769043,25.700000762939453,25.700000762939453,25.450000762939453,25.700000762939453,50000
2026-02-02,23.994192123413086,25.299999237060547,25.799999237060547,25.149999618530273,25.700000762939453,86000
2026-02-03,23.994192123413086,25.299999237060547,25.350000381469727,25.149999618530273,25.299999237060547,67185
2026-02-04,24.136451721191406,25.450000762939453,25.450000762939453,25.200000762939453,25.299999237060547,73175
2026-02-05,24.278709411621094,25.600000381469727,25.649999618530273,25.399999618530273,25.399999618530273,37210
2026-02-06,24.23128890991211,25.549999237060547,25.649999618530273,25.5,25.600000381469727,29128
2026-02-09,24.278709411621094,25.600000381469727,25.600000381469727,25.299999237060547,25.549999237060547,62715
2026-02-10,24.75290298461914,26.100000381469727,26.149999618530273,25.700000762939453,25.700000762939453,55500
2026-02-11,24.75290298461914,26.100000381469727,26.5,25.850000381469727,25.950000762939453,128000
2026-02-23,25.227096557617188,26.600000381469727,26.75,26.0,26.700000762939453,177060
2026-02-24,24.989999771118164,26.350000381469727,26.75,26.25,26.75,64227
2026-02-25,24.989999771118164,26.350000381469727,26.350000381469727,26.0,26.350000381469727,74648
2026-02-26,25.037418365478516,26.399999618530273,26.450000762939453,26.149999618530273,26.450000762939453,63009
2026-03-02,24.989999771118164,26.350000381469727,26.350000381469727,25.850000381469727,26.350000381469727,61130
2026-03-03,24.800321578979492,26.149999618530273,26.149999618530273,25.850000381469727,26.049999237060547,38181
2026-03-04,23.899354934692383,25.200000762939453,25.899999618530273,24.75,25.899999618530273,110000
2026-03-05,24.089031219482422,25.399999618530273,25.75,25.049999237060547,25.200000762939453,51000
2026-03-06,23.8519344329834,25.149999618530273,25.25,24.850000381469727,25.149999618530273,39000
2026-03-09,23.093225479125977,24.350000381469727,24.700000762939453,24.049999237060547,24.700000762939453,172000
2026-03-10,23.51999855041504,24.799999237060547,24.799999237060547,24.399999618530273,24.399999618530273,64000
2026-03-11,23.994192123413086,25.299999237060547,25.5,25.0,25.0,68001
2026-03-12,23.614837646484375,24.899999618530273,25.149999618530273,24.700000762939453,24.700000762939453,74000
2026-03-13,23.282901763916016,24.549999237060547,24.950000762939453,24.350000381469727,24.350000381469727,117295
2026-03-16,23.140644073486328,24.399999618530273,24.700000762939453,24.25,24.649999618530273,95050
2026-03-17,23.70967674255371,25.0,25.0,24.399999618530273,24.399999618530273,73354
2026-03-18,24.42096710205078,25.75,25.799999237060547,25.0,25.049999237060547,55489
2026-03-19,24.136451721191406,25.450000762939453,25.700000762939453,25.25,25.299999237060547,85437
2026-03-20,24.56322479248047,25.899999618530273,26.799999237060547,25.600000381469727,25.600000381469727,99060
2026-03-23,23.8519344329834,25.149999618530273,25.399999618530273,24.600000381469727,25.0,68000
2026-03-24,23.994192123413086,25.299999237060547,25.950000762939453,25.100000381469727,25.399999618530273,37587
2026-03-25,24.326128005981445,25.649999618530273,25.649999618530273,25.5,25.649999618530273,43100
2026-03-26,24.326128005981445,25.649999618530273,25.799999237060547,25.549999237060547,25.700000762939453,30231
2026-03-27,24.37354850769043,25.700000762939453,25.700000762939453,25.149999618530273,25.5,52000
2026-03-30,23.804515838623047,25.100000381469727,25.299999237060547,25.0,25.200000762939453,32000
2026-03-31,23.472579956054688,24.75,25.0,24.549999237060547,24.75,29517
2026-04-01,23.472579956054688,24.75,25.200000762939453,24.450000762939453,25.100000381469727,46000
2026-04-02,23.330322265625,24.600000381469727,25.100000381469727,24.600000381469727,24.950000762939453,48044
2026-04-07,23.282901763916016,24.549999237060547,25.0,24.5,25.0,42000
2026-04-08,23.994192123413086,25.299999237060547,25.399999618530273,24.600000381469727,24.600000381469727,83000
2026-04-09,23.8519344329834,25.149999618530273,25.350000381469727,25.0,25.299999237060547,36274
2026-04-10,23.994192123413086,25.299999237060547,25.399999618530273,25.100000381469727,25.100000381469727,44262
2026-04-13,24.04161262512207,25.350000381469727,25.450000762939453,25.25,25.299999237060547,92192
2026-04-14,23.946773529052734,25.25,25.399999618530273,25.049999237060547,25.350000381469727,149009
2026-04-15,23.994192123413086,25.299999237060547,25.399999618530273,25.049999237060547,25.25,96115
2026-04-16,23.899354934692383,25.200000762939453,25.399999618530273,25.049999237060547,25.149999618530273,83361
2026-04-17,23.946773529052734,25.25,25.25,24.899999618530273,25.200000762939453,60001
2026-04-20,23.614837646484375,24.899999618530273,25.200000762939453,24.850000381469727,25.049999237060547,92642
2026-04-21,23.70967674255371,25.0,25.100000381469727,24.950000762939453,24.950000762939453,34001
2026-04-22,23.51999855041504,24.799999237060547,25.100000381469727,24.600000381469727,25.100000381469727,36283
2026-04-23,22.95096778869629,24.200000762939453,24.700000762939453,23.950000762939453,24.700000762939453,147000
2026-04-24,22.61903190612793,23.850000381469727,24.299999237060547,23.5,24.299999237060547,153876
2026-04-27,21.95516014099121,23.149999618530273,23.5,22.899999618530273,23.5,138000
2026-04-28,22.002580642700195,23.200000762939453,23.25,23.049999237060547,23.149999618530273,84405
2026-04-29,22.28709602355957,23.5,23.5,23.0,23.200000762939453,85939
2026-04-30,21.812902450561523,23.0,23.5,22.850000381469727,23.200000762939453,99135
2026-05-04,21.90774154663086,23.100000381469727,23.299999237060547,22.950000762939453,23.0,62045
2026-05-05,21.90774154663086,23.100000381469727,23.299999237060547,22.899999618530273,23.299999237060547,63200
2026-05-06,21.95516014099121,23.149999618530273,23.200000762939453,23.0,23.200000762939453,71473
2026-05-07,21.95516014099121,23.149999618530273,23.25,22.899999618530273,23.049999237060547,108000
2026-05-08,22.28709602355957,23.5,23.5,23.100000381469727,23.149999618530273,88000
2026-05-11,22.192256927490234,23.399999618530273,23.600000381469727,22.899999618530273,23.600000381469727,40000
2026-05-12,22.0974178314209,23.299999237060547,23.399999618530273,23.049999237060547,23.399999618530273,57721
2026-05-13,21.812902450561523,23.0,23.049999237060547,22.5,23.049999237060547,146000
2026-05-14,21.812902450561523,23.0,23.200000762939453,22.700000762939453,22.75,187691
2026-05-15,21.480966567993164,22.649999618530273,23.0,22.399999618530273,23.0,148010
2026-05-18,21.433547973632812,22.600000381469727,22.600000381469727,22.25,22.600000381469727,114000
2026-05-19,21.386127471923828,22.549999237060547,22.600000381469727,22.350000381469727,22.399999618530273,68000
2026-05-20,21.24386978149414,22.399999618530273,22.549999237060547,22.149999618530273,22.549999237060547,84900
2026-05-21,21.149030685424805,22.299999237060547,22.450000762939453,22.149999618530273,22.25,86008
2026-05-22,20.579999923706055,21.700000762939453,22.299999237060547,21.549999237060547,22.149999618530273,287315
2026-05-25,19.916128158569336,21.0,21.700000762939453,20.450000762939453,21.700000762939453,293469
2026-05-26,20.105806350708008,21.200000762939453,21.25,20.899999618530273,20.899999618530273,97100
2026-05-27,19.916128158569336,21.0,21.350000381469727,20.549999237060547,21.0,457456
2026-05-28,20.010967254638672,21.100000381469727,21.100000381469727,20.649999618530273,21.0,210500
2026-05-29,20.058385848999023,21.149999618530273,21.200000762939453,20.75,21.100000381469727,133000
2026-06-01,20.674837112426758,21.799999237060547,21.899999618530273,20.850000381469727,21.149999618530273,135268
2026-06-02,20.674837112426758,21.799999237060547,21.799999237060547,21.299999237060547,21.799999237060547,96000
2026-06-03,20.769676208496094,21.899999618530273,21.950000762939453,21.600000381469727,21.799999237060547,92078
2026-06-04,21.006772994995117,22.149999618530273,22.649999618530273,21.850000381469727,22.0,218000
2026-06-05,21.62322425842285,22.799999237060547,22.799999237060547,22.100000381469727,22.100000381469727,146000
2026-06-08,20.817096710205078,21.950000762939453,22.600000381469727,21.850000381469727,22.549999237060547,105046
2026-06-09,20.437740325927734,21.549999237060547,21.649999618530273,21.299999237060547,21.350000381469727,236086
2026-06-10,21.149030685424805,22.299999237060547,22.75,21.25,21.299999237060547,384000
2026-06-11,20.959354400634766,22.100000381469727,22.5,21.600000381469727,22.5,166136
2026-06-12,21.149030685424805,22.299999237060547,22.450000762939453,21.899999618530273,22.450000762939453,86010
2026-06-15,21.149030685424805,22.299999237060547,22.600000381469727,22.049999237060547,22.600000381469727,136000
2026-06-16,21.0541934967041,22.200000762939453,22.549999237060547,22.049999237060547,22.549999237060547,91003
2026-06-17,21.338708877563477,22.5,22.5,22.100000381469727,22.100000381469727,179076
2026-06-18,21.386127471923828,22.549999237060547,22.799999237060547,22.299999237060547,22.600000381469727,187000
2026-06-22,20.674837112426758,21.799999237060547,22.5,21.5,22.5,397640
2026-06-23,20.579999923706055,21.700000762939453,21.899999618530273,21.5,21.899999618530273,74000
2026-06-24,20.769676208496094,21.899999618530273,22.0,21.549999237060547,21.600000381469727,92000
2026-06-25,20.769676208496094,21.899999618530273,22.0,21.850000381469727,21.850000381469727,97000
2026-06-26,20.48516082763672,21.600000381469727,21.950000762939453,21.5,21.600000381469727,71000
2026-06-29,20.295482635498047,21.399999618530273,21.700000762939453,21.399999618530273,21.549999237060547,105359
2026-06-30,20.437740325927734,21.549999237060547,21.549999237060547,21.450000762939453,21.5,76000
2026-07-01,20.48516082763672,21.600000381469727,21.700000762939453,21.350000381469727,21.700000762939453,151000
2026-07-02,20.34290313720703,21.450000762939453,21.649999618530273,21.350000381469727,21.649999618530273,98914
2026-07-03,20.674837112426758,21.799999237060547,21.799999237060547,21.450000762939453,21.450000762939453,72010
2026-07-06,20.722257614135742,21.850000381469727,22.100000381469727,21.799999237060547,21.799999237060547,79000
2026-07-07,20.579999923706055,21.700000762939453,21.950000762939453,21.5,21.950000762939453,106350
2026-07-08,20.674837112426758,21.799999237060547,21.899999618530273,21.649999618530273,21.899999618530273,63000
2026-07-09,20.722257614135742,21.850000381469727,21.899999618530273,21.5,21.600000381469727,169100
2026-07-10,20.722257614135742,21.850000381469727,21.850000381469727,21.850000381469727,21.850000381469727,0
2026-07-13,21.0541934967041,22.200000762939453,22.5,21.850000381469727,22.100000381469727,140000
2026-07-14,20.91193389892578,22.049999237060547,22.350000381469727,21.700000762939453,22.350000381469727,126001
2026-07-15,20.959354400634766,22.100000381469727,22.25,21.600000381469727,22.25,188013
2026-07-16,21.006772994995117,22.149999618530273,22.149999618530273,21.5,22.149999618530273,101100
2026-07-17,20.674837112426758,21.799999237060547,22.100000381469727,21.5,21.799999237060547,99100
2026-07-20,21.480966567993164,22.649999618530273,22.799999237060547,21.799999237060547,21.950000762939453,258064
2026-07-21,22.0974178314209,23.299999237060547,23.899999618530273,22.799999237060547,22.799999237060547,691000
2026-07-22,22.002580642700195,23.200000762939453,23.549999237060547,22.899999618530273,23.299999237060547,218043
2026-07-23,21.812902450561523,23.0,23.399999618530273,22.600000381469727,23.399999618530273,111100
2026-07-24,21.90774154663086,23.100000381469727,23.100000381469727,22.649999618530273,23.0,217000
2026-07-27,21.670644760131836,22.850000381469727,23.149999618530273,22.850000381469727,23.100000381469727,140841
2026-07-28,21.5758056640625,22.75,22.799999237060547,22.5,22.799999237060547,122010
2026-07-29,21.860321044921875,23.049999237060547,23.350000381469727,22.649999618530273,22.950000762939453,307000
2026-07-30,21.52838706970215,22.700000762939453,23.149999618530273,22.549999237060547,23.149999618530273,90000
2026-07-31,21.812902450561523,23.0,23.049999237060547,22.75,23.0,66198
2026-08-03,21.860321044921875,23.049999237060547,23.299999237060547,22.799999237060547,23.299999237060547,85000
2026-08-04,21.812902450561523,23.0,23.299999237060547,22.799999237060547,22.799999237060547,185556
2026-08-05,22.049999237060547,23.25,23.299999237060547,22.700000762939453,23.200000762939453,235341
2026-08-06,21.75,21.75,22.0,21.25,22.0,230028
2026-08-07,22.049999237060547,22.049999237060547,22.100000381469727,21.5,21.5,109045
2026-08-10,22.05,22.05,22.2,22.0,22.05,61869
2026-08-11,22.05,22.05,22.15,21.8,22.05,65446
2026-08-12,21.75,21.75,22.0,21.7,21.85,82949
2026-08-13,21.85,21.85,22.7,21.7,21.85,173047
2026-08-17,22.0,22.0,22.0,21.6,21.85,72714
2026-08-18,21.75,21.75,22.1,21.75,21.8,67525
2026-08-19,21.85,21.85,21.95,21.7,21.75,50512
2026-08-20,22.3,22.3,22.3,21.9,22.1,116397
