Price,Adj Close,Close,High,Low,Open,Volume
Ticker,6150.TWO,6150.TWO,6150.TWO,6150.TWO,6150.TWO,6150.TWO
Date,,,,,,
2020-01-02,55.523475646972656,66.80000305175781,69.0,65.19999694824219,65.19999694824219,2575000
2020-01-03,54.35980987548828,65.4000015258789,67.4000015258789,65.19999694824219,67.4000015258789,622155
2020-01-06,54.60916519165039,65.69999694824219,66.80000305175781,64.80000305175781,65.5999984741211,646000
2020-01-07,55.68971252441406,67.0,70.0,66.5,67.0,4568000
2020-01-08,55.357234954833984,66.5999984741211,70.19999694824219,66.5999984741211,69.69999694824219,2632000
2020-01-09,54.35980987548828,65.4000015258789,67.30000305175781,64.5,67.0,936000
2020-01-10,52.032474517822266,62.599998474121094,64.69999694824219,62.29999923706055,64.5999984741211,1532000
2020-01-13,52.44807052612305,63.099998474121094,63.5,62.5,63.0,360000
2020-01-14,52.531192779541016,63.20000076293945,63.70000076293945,62.900001525878906,63.5,243000
2020-01-15,53.196144104003906,64.0,65.5999984741211,63.79999923706055,64.69999694824219,845000
2020-01-16,52.78054428100586,63.5,64.80000305175781,63.5,64.0999984741211,229000
2020-01-17,52.697425842285156,63.400001525878906,64.4000015258789,62.900001525878906,64.4000015258789,320662
2020-01-20,52.44807052612305,63.099998474121094,63.79999923706055,63.0,63.79999923706055,198109
2020-01-30,47.211578369140625,56.79999923706055,61.0,56.79999923706055,60.900001525878906,944000
2020-01-31,46.214149475097656,55.599998474121094,58.20000076293945,55.099998474121094,57.099998474121094,525651
2020-02-03,41.808841705322266,50.29999923706055,53.099998474121094,50.099998474121094,52.20000076293945,1026000
2020-02-04,43.13874816894531,51.900001525878906,52.0,51.0,51.79999923706055,506000
2020-02-05,44.136173248291016,53.099998474121094,53.70000076293945,52.0,52.400001525878906,432000
2020-02-06,45.96479034423828,55.29999923706055,56.79999923706055,54.0,54.0,763000
2020-02-07,44.96736145019531,54.099998474121094,55.0,53.099998474121094,55.0,365300
2020-02-10,49.45579147338867,59.5,59.5,56.0,56.099998474121094,1565690
2020-02-11,52.364952087402344,63.0,64.4000015258789,60.900001525878906,61.0,6553000
2020-02-12,52.94678497314453,63.70000076293945,65.4000015258789,63.0,64.69999694824219,2974000
2020-02-13,52.697425842285156,63.400001525878906,64.30000305175781,62.099998474121094,63.5,1309000
2020-02-14,53.69485855102539,64.5999984741211,66.0999984741211,64.0999984741211,64.0999984741211,3531611
2020-02-17,53.69485855102539,64.5999984741211,64.5999984741211,63.5,64.5,816000
2020-02-18,52.78054428100586,63.5,66.5999984741211,63.5,64.5999984741211,1302000
2020-02-19,52.78054428100586,63.5,64.80000305175781,62.900001525878906,64.0,612000
2020-02-20,52.115596771240234,62.70000076293945,64.4000015258789,62.70000076293945,64.4000015258789,450000
2020-02-21,51.36752700805664,61.79999923706055,63.20000076293945,61.599998474121094,62.70000076293945,502912
2020-02-24,51.70000076293945,62.20000076293945,63.29999923706055,61.599998474121094,61.599998474121094,423000
2020-02-25,51.118167877197266,61.5,62.400001525878906,61.0,61.70000076293945,446000
2020-02-26,52.19871520996094,62.79999923706055,65.30000305175781,62.79999923706055,62.900001525878906,2511000
2020-02-27,49.040191650390625,59.0,62.599998474121094,59.0,62.599998474121094,1156000
2020-03-02,47.95964813232422,57.70000076293945,58.5,56.5,56.5,395000
2020-03-03,48.20900344848633,58.0,59.5,58.0,58.900001525878906,409000
2020-03-04,46.96221923828125,56.5,58.0,55.400001525878906,58.0,655000
2020-03-05,47.37781524658203,57.0,57.5,56.599998474121094,57.20000076293945,314000
2020-03-06,47.54404830932617,57.20000076293945,58.099998474121094,56.099998474121094,57.0,436000
2020-03-09,47.54404830932617,57.20000076293945,57.20000076293945,57.20000076293945,57.20000076293945,0
2020-03-10,44.7180061340332,53.79999923706055,53.79999923706055,52.099998474121094,52.599998474121094,514000
2020-03-11,43.63745880126953,52.5,55.0,52.5,54.70000076293945,368000
2020-03-12,39.31527328491211,47.29999923706055,51.79999923706055,47.25,51.70000076293945,1055000
2020-03-13,39.31527328491211,47.29999923706055,47.29999923706055,47.29999923706055,47.29999923706055,0
2020-03-16,32.16704559326172,38.70000076293945,42.79999923706055,38.70000076293945,42.400001525878906,1028000
2020-03-17,28.96695899963379,34.849998474121094,38.5,34.849998474121094,35.099998474121094,945000
2020-03-18,28.42668914794922,34.20000076293945,36.20000076293945,34.0,35.349998474121094,632000
2020-03-19,25.600643157958984,30.799999237060547,33.0,30.799999237060547,33.0,205000
2020-03-20,26.265596389770508,31.600000381469727,33.0,30.799999237060547,30.799999237060547,552000
2020-03-23,23.647348403930664,28.450000762939453,29.200000762939453,28.450000762939453,29.200000762939453,253000
2020-03-24,22.649919509887695,27.25,28.799999237060547,25.75,25.75,424000
2020-03-25,24.894132614135742,29.950000762939453,29.950000762939453,29.0,29.299999237060547,257000
2020-03-26,25.68376350402832,30.899999618530273,30.899999618530273,28.950000762939453,30.350000381469727,173000
2020-03-27,26.431833267211914,31.799999237060547,31.899999618530273,31.0,31.0,167000
2020-03-30,25.808441162109375,31.049999237060547,31.399999618530273,29.299999237060547,31.0,40000
2020-03-31,27.346141815185547,32.900001525878906,33.0,31.049999237060547,31.149999618530273,115000
2020-04-01,28.05265235900879,33.75,34.5,33.45000076293945,33.45000076293945,92000
2020-04-06,27.678617477416992,33.29999923706055,34.79999923706055,32.04999923706055,34.79999923706055,15000
2020-04-07,28.260452270507812,34.0,34.900001525878906,34.0,34.0,121000
2020-04-08,29.25787925720215,35.20000076293945,35.20000076293945,34.70000076293945,35.0,89000
2020-04-09,32.16704559326172,38.70000076293945,38.70000076293945,37.29999923706055,37.29999923706055,254000
2020-04-10,35.367122650146484,42.54999923706055,42.54999923706055,40.099998474121094,40.400001525878906,506000
2020-04-13,36.572349548339844,44.0,46.20000076293945,42.20000076293945,44.650001525878906,1938000
2020-04-14,35.990516662597656,43.29999923706055,44.29999923706055,42.70000076293945,44.0,688000
2020-04-15,36.44766616821289,43.849998474121094,46.0,42.79999923706055,43.20000076293945,1187000
2020-04-16,35.57491683959961,42.79999923706055,43.849998474121094,42.599998474121094,43.0,734000
2020-04-17,34.53593444824219,41.54999923706055,44.25,41.29999923706055,43.70000076293945,896000
2020-04-20,33.455387115478516,40.25,41.5,39.599998474121094,40.95000076293945,1115000
2020-04-21,33.039791107177734,39.75,39.900001525878906,39.150001525878906,39.150001525878906,602000
2020-04-22,33.247589111328125,40.0,40.5,38.75,39.400001525878906,544000
2020-04-23,33.74630355834961,40.599998474121094,41.25,40.0,40.0,91000
2020-04-24,33.663185119628906,40.5,41.75,40.5,40.900001525878906,523000
2020-04-27,34.82685089111328,41.900001525878906,42.5,41.0,41.0,1071000
2020-04-28,34.74372863769531,41.79999923706055,42.599998474121094,41.400001525878906,41.900001525878906,626000
2020-04-29,36.406105041503906,43.79999923706055,45.150001525878906,41.79999923706055,41.79999923706055,1987000
2020-04-30,37.819129943847656,45.5,46.849998474121094,44.5,45.20000076293945,2597000
2020-05-04,41.55948257446289,50.0,50.0,46.79999923706055,46.79999923706055,5027000
2020-05-05,40.936092376708984,49.25,53.79999923706055,48.70000076293945,51.0,4731000
2020-05-06,40.645179748535156,48.900001525878906,50.599998474121094,48.5,49.349998474121094,1666000
2020-05-07,39.8971061706543,48.0,51.0,48.0,51.0,1782000
2020-05-08,43.88681411743164,52.79999923706055,52.79999923706055,48.70000076293945,50.599998474121094,5096000
2020-05-11,43.720577239990234,52.599998474121094,52.79999923706055,50.79999923706055,51.599998474121094,3064000
2020-05-12,41.808841705322266,50.29999923706055,52.5,50.20000076293945,51.5,1706000
2020-05-13,42.556915283203125,51.20000076293945,54.70000076293945,50.29999923706055,50.29999923706055,4008000
2020-05-14,44.6348876953125,53.70000076293945,54.400001525878906,52.20000076293945,53.5,3713000
2020-05-15,42.307559967041016,50.900001525878906,53.599998474121094,49.04999923706055,53.599998474121094,1567000
2020-05-18,42.05820083618164,50.599998474121094,51.900001525878906,50.5,51.900001525878906,415000
2020-05-19,40.686737060546875,48.95000076293945,50.20000076293945,48.95000076293945,50.0,727000
2020-05-20,41.18545150756836,49.54999923706055,50.0,49.0,49.0,373000
2020-05-21,41.72572326660156,50.20000076293945,51.400001525878906,50.0,50.0,537000
2020-05-22,39.938663482666016,48.04999923706055,50.0,48.0,50.0,707000
2020-05-25,39.35683059692383,47.349998474121094,48.650001525878906,47.29999923706055,48.04999923706055,554000
2020-05-26,39.8971061706543,48.0,49.400001525878906,47.400001525878906,47.400001525878906,851000
2020-05-27,40.35426330566406,48.54999923706055,49.0,47.79999923706055,48.75,532000
2020-05-28,40.146461486816406,48.29999923706055,50.0,48.099998474121094,50.0,611000
2020-05-29,42.141319274902344,50.70000076293945,53.099998474121094,49.29999923706055,49.29999923706055,5200000
2020-06-01,41.55948257446289,50.0,51.099998474121094,49.5,50.599998474121094,1107000
2020-06-02,43.22187042236328,52.0,55.0,52.0,52.5,7273000
2020-06-03,43.13874816894531,51.900001525878906,52.0,50.599998474121094,51.400001525878906,1813000
2020-06-04,42.97250747680664,51.70000076293945,53.0,51.29999923706055,53.0,1211000
2020-06-05,43.38810729980469,52.20000076293945,53.599998474121094,52.0,53.0,2416000
2020-06-08,42.473793029785156,51.099998474121094,53.29999923706055,50.79999923706055,52.20000076293945,1400000
2020-06-09,42.64003372192383,51.29999923706055,52.5,51.20000076293945,51.20000076293945,902000
2020-06-10,42.806270599365234,51.5,52.0,49.599998474121094,51.79999923706055,1516000
2020-06-11,42.72315216064453,51.400001525878906,54.5,51.099998474121094,53.099998474121094,4513000
2020-06-12,41.808841705322266,50.29999923706055,51.0,49.0,50.0,1215000
2020-06-15,41.891963958740234,50.400001525878906,51.0,50.29999923706055,50.29999923706055,597000
2020-06-16,42.97250747680664,51.70000076293945,51.900001525878906,50.79999923706055,51.0,1301000
2020-06-17,42.22443771362305,50.79999923706055,52.20000076293945,50.70000076293945,51.70000076293945,873000
2020-06-18,41.891963958740234,50.400001525878906,51.5,49.95000076293945,51.5,737000
2020-06-19,41.39324951171875,49.79999923706055,51.099998474121094,49.79999923706055,50.79999923706055,697000
2020-06-22,40.645179748535156,48.900001525878906,50.29999923706055,48.79999923706055,49.900001525878906,614000
2020-06-23,40.60361862182617,48.849998474121094,50.20000076293945,48.849998474121094,49.5,881000
2020-06-24,40.35426330566406,48.54999923706055,49.45000076293945,48.5,49.25,347000
2020-06-29,40.146461486816406,48.29999923706055,48.45000076293945,47.5,48.099998474121094,691000
2020-06-30,40.27114486694336,48.45000076293945,49.400001525878906,48.099998474121094,48.349998474121094,563000
2020-07-01,41.01921081542969,49.349998474121094,49.70000076293945,48.45000076293945,48.45000076293945,696000
2020-07-02,41.01921081542969,49.349998474121094,50.29999923706055,49.25,49.599998474121094,526000
2020-07-03,40.60361862182617,48.849998474121094,49.95000076293945,48.75,49.599998474121094,413000
2020-07-06,40.8114128112793,49.099998474121094,49.900001525878906,49.0,49.0,632000
2020-07-07,42.88938903808594,51.599998474121094,51.599998474121094,49.150001525878906,49.599998474121094,3138000
2020-07-08,42.141319274902344,50.70000076293945,51.400001525878906,49.70000076293945,51.400001525878906,1629000
2020-07-09,41.227012634277344,49.599998474121094,51.20000076293945,49.599998474121094,50.900001525878906,1015000
2020-07-10,40.39582061767578,48.599998474121094,49.599998474121094,47.650001525878906,49.599998474121094,1148000
2020-07-13,40.52050018310547,48.75,50.0,48.75,49.5,900000
2020-07-14,39.938663482666016,48.04999923706055,49.20000076293945,48.04999923706055,48.75,512000
2020-07-15,39.39839172363281,47.400001525878906,48.75,47.349998474121094,48.54999923706055,431000
2020-07-16,39.481510162353516,47.5,47.79999923706055,47.349998474121094,47.5,267000
2020-07-17,37.65289306640625,45.29999923706055,48.099998474121094,45.099998474121094,47.70000076293945,636000
2020-07-20,36.780147552490234,44.25,45.75,44.0,45.599998474121094,459000
2020-07-21,37.819129943847656,45.5,45.70000076293945,44.29999923706055,44.400001525878906,436000
2020-07-22,38.52564239501953,46.349998474121094,46.79999923706055,45.599998474121094,45.849998474121094,425000
2020-07-23,38.65032196044922,46.5,47.849998474121094,46.29999923706055,47.599998474121094,503000
2020-07-24,37.56977462768555,45.20000076293945,47.150001525878906,45.0,47.150001525878906,349000
2020-07-27,39.19059753417969,47.150001525878906,48.5,46.0,47.5,1615000
2020-07-28,43.055625915527344,51.79999923706055,51.79999923706055,48.849998474121094,49.900001525878906,7560000
2020-07-29,44.7180061340332,53.79999923706055,56.20000076293945,53.0,53.79999923706055,14838000
2020-07-30,44.136173248291016,53.099998474121094,55.0,52.0,55.0,3988000
2020-07-31,44.96736145019531,54.099998474121094,54.400001525878906,51.79999923706055,53.400001525878906,2560000
2020-08-03,44.05305862426758,53.0,55.5,52.599998474121094,55.099998474121094,2704000
2020-08-04,40.60361862182617,48.849998474121094,52.5,48.650001525878906,52.5,5172000
2020-08-05,40.56205749511719,48.79999923706055,49.79999923706055,48.79999923706055,49.20000076293945,1939000
2020-08-06,40.8114128112793,49.099998474121094,50.900001525878906,49.0,50.0,2661000
2020-08-07,39.813987731933594,47.900001525878906,49.45000076293945,47.5,49.349998474121094,1790000
2020-08-10,39.60619354248047,47.650001525878906,48.25,46.650001525878906,47.900001525878906,1252000
2020-08-11,38.44252395629883,46.25,48.349998474121094,45.79999923706055,48.20000076293945,1615000
2020-08-12,37.98537063598633,45.70000076293945,46.45000076293945,45.0,46.0,1085000
2020-08-13,38.35940933227539,46.150001525878906,46.849998474121094,45.849998474121094,46.599998474121094,1138000
2020-08-14,39.06591796875,47.0,47.79999923706055,46.400001525878906,46.5,1384000
2020-08-17,39.980224609375,48.099998474121094,48.70000076293945,47.400001525878906,47.400001525878906,1337000
2020-08-18,40.894535064697266,49.20000076293945,50.70000076293945,49.099998474121094,49.79999923706055,3205000
2020-08-19,41.227012634277344,49.599998474121094,52.29999923706055,49.599998474121094,50.20000076293945,5309000
2020-08-20,38.400962829589844,46.20000076293945,49.599998474121094,44.650001525878906,49.599998474121094,2662000
2020-08-21,38.65032196044922,46.5,47.29999923706055,45.5,47.20000076293945,1075000
2020-08-24,40.312705993652344,48.5,48.54999923706055,46.400001525878906,46.5,1730000
2020-08-25,40.9776496887207,49.29999923706055,49.599998474121094,48.29999923706055,48.5,1072000
2020-08-26,40.52050018310547,48.75,49.5,48.45000076293945,49.150001525878906,1021000
2020-08-27,40.894535064697266,49.20000076293945,49.95000076293945,48.599998474121094,48.849998474121094,1006000
2020-08-28,40.85297775268555,49.150001525878906,50.20000076293945,49.150001525878906,49.20000076293945,1294000
2020-08-31,41.55948257446289,50.0,51.0,49.20000076293945,50.099998474121094,1708000
2020-09-01,41.808841705322266,50.29999923706055,51.29999923706055,50.0,50.70000076293945,1396000
2020-09-02,45.96479034423828,55.29999923706055,55.29999923706055,52.0,53.0,9428000
2020-09-03,45.05048370361328,54.20000076293945,56.79999923706055,54.0,56.0,9182000
2020-09-04,43.30498504638672,52.099998474121094,52.29999923706055,49.5,50.099998474121094,4644000
2020-09-07,45.71543502807617,55.0,57.29999923706055,50.79999923706055,52.0,6206000
2020-09-08,48.70771408081055,58.599998474121094,60.0,54.5,54.79999923706055,8743000
2020-09-09,47.37781524658203,57.0,59.900001525878906,56.099998474121094,58.5,5214000
2020-09-10,47.460933685302734,57.099998474121094,59.20000076293945,56.5,58.5,2858000
2020-09-11,43.30498504638672,52.099998474121094,58.5,51.400001525878906,56.79999923706055,5375000
2020-09-14,43.720577239990234,52.599998474121094,53.099998474121094,51.599998474121094,52.5,1421000
2020-09-15,43.38810729980469,52.20000076293945,53.29999923706055,51.79999923706055,53.0,789000
2020-09-16,43.38810729980469,52.20000076293945,53.29999923706055,52.099998474121094,52.5,1118000
2020-09-17,43.47122573852539,52.29999923706055,53.0,52.20000076293945,52.599998474121094,720000
2020-09-18,43.055625915527344,51.79999923706055,52.79999923706055,51.79999923706055,52.70000076293945,667000
2020-09-21,42.307559967041016,50.900001525878906,51.79999923706055,50.599998474121094,51.79999923706055,1007000
2020-09-22,43.13874816894531,51.900001525878906,51.900001525878906,49.45000076293945,50.599998474121094,1023000
2020-09-23,42.05820083618164,50.599998474121094,52.70000076293945,50.599998474121094,52.5,680000
2020-09-24,41.55948257446289,50.0,51.400001525878906,49.599998474121094,49.599998474121094,613000
2020-09-25,40.728294372558594,49.0,51.0,47.5,50.5,1100000
2020-09-28,41.102333068847656,49.45000076293945,50.20000076293945,48.900001525878906,49.5,414000
2020-09-29,41.227012634277344,49.599998474121094,50.20000076293945,49.29999923706055,49.95000076293945,320000
2020-09-30,41.351688385009766,49.75,50.099998474121094,49.45000076293945,50.099998474121094,299000
2020-10-05,42.05820083618164,50.599998474121094,50.599998474121094,49.650001525878906,49.70000076293945,469000
2020-10-06,42.307559967041016,50.900001525878906,51.5,50.5,51.099998474121094,521000
2020-10-07,42.39067459106445,51.0,51.0,50.099998474121094,50.70000076293945,286000
2020-10-08,42.307559967041016,50.900001525878906,51.400001525878906,50.599998474121094,51.20000076293945,285000
2020-10-12,41.97508239746094,50.5,52.20000076293945,50.5,52.0,841000
2020-10-13,42.556915283203125,51.20000076293945,53.400001525878906,50.79999923706055,51.0,3717000
2020-10-14,42.22443771362305,50.79999923706055,51.70000076293945,50.5,51.099998474121094,758000
2020-10-15,42.05820083618164,50.599998474121094,51.5,50.599998474121094,51.20000076293945,536000
2020-10-16,41.01921081542969,49.349998474121094,51.400001525878906,49.29999923706055,50.79999923706055,749000
2020-10-19,41.01921081542969,49.349998474121094,50.5,49.29999923706055,49.79999923706055,643000
2020-10-20,40.645179748535156,48.900001525878906,49.900001525878906,48.75,49.900001525878906,597000
2020-10-21,43.13874816894531,51.900001525878906,53.5,49.70000076293945,50.0,4054000
2020-10-22,45.29983901977539,54.5,55.79999923706055,53.0,54.0,11726000
2020-10-23,46.04791259765625,55.400001525878906,55.400001525878906,53.400001525878906,53.900001525878906,4208000
2020-10-26,44.6348876953125,53.70000076293945,57.400001525878906,53.599998474121094,55.70000076293945,5274000
2020-10-27,44.7180061340332,53.79999923706055,55.29999923706055,53.5,54.0,2090000
2020-10-28,45.71543502807617,55.0,57.29999923706055,54.70000076293945,55.29999923706055,8353000
2020-10-29,47.54404830932617,57.20000076293945,57.20000076293945,53.400001525878906,54.599998474121094,10042000
2020-10-30,46.712860107421875,56.20000076293945,57.79999923706055,54.599998474121094,56.5,6682000
2020-11-02,45.46608352661133,54.70000076293945,56.79999923706055,54.5,56.400001525878906,2352000
2020-11-03,45.133602142333984,54.29999923706055,56.20000076293945,53.900001525878906,55.29999923706055,4221000
2020-11-04,45.133602142333984,54.29999923706055,56.0,54.0,55.5,1878000
2020-11-05,45.88167190551758,55.20000076293945,56.29999923706055,54.599998474121094,55.5,2896000
2020-11-06,50.453216552734375,60.70000076293945,60.70000076293945,58.29999923706055,58.5,8755000
2020-11-09,55.44035339355469,66.69999694824219,66.69999694824219,66.69999694824219,66.69999694824219,2501000
2020-11-10,60.926204681396484,73.30000305175781,73.30000305175781,68.0,68.30000305175781,25681000
2020-11-11,62.921058654785156,75.69999694824219,76.19999694824219,71.80000305175781,76.0,27104000
2020-11-12,62.006752014160156,74.5999984741211,76.69999694824219,72.69999694824219,76.0,13031000
2020-11-13,68.15756225585938,82.0,82.0,76.69999694824219,76.69999694824219,8242000
2020-11-16,74.72396087646484,89.9000015258789,89.9000015258789,82.19999694824219,82.19999694824219,8490000
2020-11-17,73.72653198242188,88.69999694824219,94.30000305175781,87.5,92.0,7508000
2020-11-18,81.04100036621094,97.5,97.5,92.80000305175781,94.5,6645000
2020-11-19,86.44374084472656,104.0,107.0,98.9000015258789,98.9000015258789,9358000
2020-11-20,78.1318359375,94.0,101.0,94.0,101.0,4753000
2020-11-23,81.87218475341797,98.5,98.5,95.5,96.30000305175781,1583000
2020-11-24,79.37862396240234,95.5,98.4000015258789,94.5,98.4000015258789,1607000
2020-11-25,80.20980072021484,96.5,102.5,96.0999984741211,100.0,2116000
2020-11-26,82.28778839111328,99.0,100.0,96.0,96.0,1321000
2020-11-27,78.96302032470703,95.0,95.0,91.4000015258789,91.4000015258789,1461000
2020-11-30,83.95016479492188,101.0,101.0,96.9000015258789,98.9000015258789,1093000
2020-12-01,84.36575317382812,101.5,104.5,100.0,104.5,956000
2020-12-02,80.70852661132812,97.0999984741211,101.0,96.80000305175781,101.0,908000
2020-12-03,84.36575317382812,101.5,101.5,98.5,98.5999984741211,1086000
2020-12-04,92.67765808105469,111.5,111.5,106.0,107.5,11939000
2020-12-07,101.82074737548828,122.5,122.5,116.5,122.5,5512000
2020-12-08,111.7950210571289,134.5,134.5,127.0,130.0,7101000
2020-12-09,100.98954772949219,121.5,142.0,121.5,135.5,22698000
2020-12-10,96.83360290527344,116.5,127.5,109.5,122.0,23979000
2020-12-11,90.59967803955078,109.0,116.5,109.0,116.5,1753000
2020-12-14,99.3271713256836,119.5,119.5,115.5,115.5,1877000
2020-12-15,93.09324645996094,112.0,121.5,111.5,119.0,1048000
2020-12-16,96.41800689697266,116.0,120.0,115.0,120.0,535000
2020-12-17,105.97669219970703,127.5,127.5,127.0,127.0,1431000
2020-12-18,103.89871215820312,125.0,137.0,121.0,133.5,2178000
2020-12-21,100.15836334228516,120.5,128.0,120.0,126.5,898000
2020-12-22,99.74276733398438,120.0,125.0,120.0,123.0,620000
2020-12-23,109.717041015625,132.0,132.0,127.0,127.0,1645000
2020-12-24,112.62620544433594,135.5,135.5,129.0,132.0,1178000
2020-12-25,108.88585662841797,131.0,149.0,126.5,144.0,17408000
2020-12-28,119.69132232666016,144.0,144.0,133.0,143.0,13878000
2020-12-29,118.44453430175781,142.5,148.5,136.5,145.0,11852000
2020-12-30,118.02893829345703,142.0,146.0,140.0,145.5,6553000
2020-12-31,112.21060943603516,135.0,147.0,135.0,144.5,10427000
2021-01-04,113.87298583984375,137.0,141.0,136.5,141.0,958000
2021-01-05,102.65192413330078,123.5,137.5,123.5,137.5,1994000
2021-01-06,92.67765808105469,111.5,123.5,111.5,123.5,1976000
2021-01-07,97.664794921875,117.5,117.5,106.0,112.0,2512000
2021-01-08,100.57395935058594,121.0,125.0,120.0,121.0,1179000
2021-01-11,96.83360290527344,116.5,120.0,116.5,119.0,748000
2021-01-12,89.76849365234375,108.0,114.5,105.5,114.5,1079000
2021-01-13,90.18408203125,108.5,112.0,105.0,106.5,855000
2021-01-14,98.91158294677734,119.0,119.0,113.0,113.0,775000
2021-01-15,103.89871215820312,125.0,125.0,119.0,122.0,1092000
2021-01-18,93.50884246826172,112.5,126.0,112.5,125.0,4626000
2021-01-19,89.76849365234375,108.0,118.0,108.0,113.5,4395000
2021-01-20,80.79164123535156,97.19999694824219,110.5,97.19999694824219,109.0,6152000
2021-01-21,81.45658874511719,98.0,102.5,95.5,97.19999694824219,5405000
2021-01-22,74.2252426147461,89.30000305175781,95.5,88.4000015258789,95.5,7659000
2021-01-25,81.6228256225586,98.19999694824219,98.19999694824219,90.0,90.80000305175781,5709000
2021-01-26,81.29035949707031,97.80000305175781,103.5,92.19999694824219,98.19999694824219,7995000
2021-01-27,80.20980072021484,96.5,99.4000015258789,94.69999694824219,95.5,2923000
2021-01-28,76.9681625366211,92.5999984741211,95.19999694824219,91.80000305175781,92.9000015258789,1839000
2021-01-29,84.36575317382812,101.5,101.5,94.5,96.9000015258789,9131000
2021-02-01,75.97074127197266,91.4000015258789,98.19999694824219,91.4000015258789,97.0,6789000
2021-02-02,68.49002838134766,82.4000015258789,88.5,82.30000305175781,86.5,13113000
2021-02-03,70.15241241455078,84.4000015258789,88.0,84.0999984741211,86.19999694824219,6536000
2021-02-04,71.14983367919922,85.5999984741211,88.0,84.0,85.0,4225000
2021-02-05,71.23295593261719,85.69999694824219,86.0,82.80000305175781,85.0,3049000
2021-02-17,78.2980728149414,94.19999694824219,94.19999694824219,94.19999694824219,94.19999694824219,875000
2021-02-18,86.02812957763672,103.5,103.5,103.5,103.5,806000
2021-02-19,94.34003448486328,113.5,113.5,108.5,113.5,8778000
2021-02-22,103.48312377929688,124.5,124.5,121.5,123.5,2736000
2021-02-23,93.50884246826172,112.5,121.5,112.5,120.0,10410000
2021-02-24,95.5868148803711,115.0,119.0,104.5,107.5,9163000
2021-02-25,100.57395935058594,121.0,126.0,120.0,125.0,8538000
2021-02-26,96.83360290527344,116.5,118.5,114.0,114.0,1614000
2021-03-02,95.17121887207031,114.5,122.5,114.5,122.5,1235000
2021-03-03,98.49597930908203,118.5,119.0,111.5,116.5,1047000
2021-03-04,100.15836334228516,120.5,125.0,116.5,119.5,2321000
2021-03-05,97.24919891357422,117.0,119.0,116.0,116.0,980000
2021-03-08,97.24919891357422,117.0,123.5,117.0,123.5,1266000
2021-03-09,101.40514373779297,122.0,122.5,118.0,122.0,1319000
2021-03-10,101.40514373779297,122.0,126.0,120.0,126.0,1388000
2021-03-11,107.63906860351562,129.5,129.5,123.0,125.0,2770000
2021-03-12,111.37942504882812,134.0,135.0,126.0,133.0,2722000
2021-03-15,110.96382904052734,133.5,143.0,132.5,141.0,7683000
2021-03-16,103.48312377929688,124.5,131.5,121.0,129.5,6882000
2021-03-17,101.40514373779297,122.0,128.0,121.5,124.5,3012000
2021-03-18,101.82074737548828,122.5,126.0,122.5,126.0,699000
2021-03-19,106.39228820800781,128.0,128.0,125.0,126.0,954000
2021-03-22,110.13264465332031,132.5,133.0,127.5,127.5,1052000
2021-03-23,104.72990417480469,126.0,133.0,124.0,133.0,439000
2021-03-24,106.39228820800781,128.0,130.0,126.5,126.5,292000
2021-03-25,106.80787658691406,128.5,130.0,128.0,128.0,395000
2021-03-26,108.88585662841797,131.0,131.5,128.5,131.5,528000
2021-03-29,113.04180908203125,136.0,137.5,133.5,137.5,871000
2021-03-30,115.5353775024414,139.0,140.0,137.5,140.0,839000
2021-03-31,126.75643157958984,152.5,152.5,141.0,141.0,2547000
2021-04-01,139.2242889404297,167.5,167.5,156.0,164.0,8342000
2021-04-07,167.90032958984375,202.0,202.0,195.0,202.0,5366000
2021-04-08,163.74436950683594,197.0,214.5,191.0,200.0,9802000
2021-04-09,166.23793029785156,200.0,200.0,186.0,197.0,1070000
2021-04-12,182.8617401123047,220.0,220.0,220.0,220.0,1194000
2021-04-13,177.87460327148438,214.0,238.0,211.5,222.0,1038000
2021-04-14,179.12139892578125,215.5,235.0,193.0,235.0,1292000
2021-04-15,187.01768493652344,225.0,230.0,216.0,230.0,482000
2021-04-16,201.97909545898438,243.0,245.0,225.0,225.0,779000
2021-04-19,182.0305633544922,219.0,219.0,219.0,219.0,933000
2021-04-20,174.54983520507812,210.0,215.0,203.0,203.0,1010000
2021-04-21,167.90032958984375,202.0,211.0,198.0,211.0,683000
2021-04-22,151.27651977539062,182.0,199.0,182.0,199.0,1002000
2021-04-23,166.23793029785156,200.0,200.0,180.0,180.0,6221000
2021-04-26,182.8617401123047,220.0,220.0,201.0,208.0,6155000
2021-04-27,180.3681640625,217.0,234.0,215.0,223.0,6636000
2021-04-28,184.52410888671875,222.0,236.0,211.0,226.0,8224000
2021-04-29,175.3810272216797,211.0,231.0,211.0,227.0,8151000
2021-05-03,172.05625915527344,207.0,225.0,206.0,220.0,5722000
2021-05-04,156.67926025390625,188.5,215.0,186.5,212.0,7776000
2021-05-05,164.1599884033203,197.5,207.0,183.0,190.0,6090000
2021-05-06,161.25082397460938,194.0,206.5,188.5,199.5,6327000
2021-05-07,177.0434112548828,213.0,213.0,194.0,202.0,5504000
2021-05-10,194.49839782714844,234.0,234.0,224.0,231.0,7618000
2021-05-11,175.3810272216797,211.0,231.5,211.0,211.5,8729000
2021-05-12,157.92604064941406,190.0,211.0,190.0,211.0,7088000
2021-05-13,142.13343811035156,171.0,188.0,171.0,171.0,6797000
2021-05-14,128.0032196044922,154.0,182.0,154.0,166.0,12215000
2021-05-17,115.5353775024414,139.0,151.0,139.0,139.0,5002000
2021-05-18,120.52251434326172,145.0,151.5,133.0,139.5,12169000
2021-05-19,114.70418548583984,138.0,152.0,137.0,143.0,10863000
2021-05-20,110.54823303222656,133.0,138.5,133.0,133.0,1014000
2021-05-21,118.8601303100586,143.0,143.0,137.0,143.0,831000
2021-05-24,118.02893829345703,142.0,146.0,133.0,133.0,793000
2021-05-25,125.50965118408203,151.0,153.0,146.0,149.5,915000
2021-05-26,128.83441162109375,155.0,156.0,148.0,151.5,617000
2021-05-27,126.3408432006836,152.0,153.5,150.0,153.5,328000
2021-05-28,127.58763122558594,153.5,158.0,152.5,157.0,720000
2021-05-31,131.7435760498047,158.5,158.5,153.5,153.5,669000
2021-06-01,144.62701416015625,174.0,174.0,164.5,164.5,934000
2021-06-02,144.62701416015625,174.0,177.0,170.5,177.0,903000
2021-06-03,144.21142578125,173.5,183.0,169.0,182.0,4657000
2021-06-04,134.2371368408203,161.5,174.5,156.5,173.5,2664000
2021-06-07,133.4059600830078,160.5,164.5,151.0,164.0,2633000
2021-06-08,146.70498657226562,176.5,176.5,159.0,159.0,4684000
2021-06-09,147.95176696777344,178.0,179.5,170.0,176.0,5531000
2021-06-10,150.44534301757812,181.0,193.0,179.5,184.0,7563000
2021-06-11,138.39308166503906,166.5,178.0,166.5,175.0,5981000
2021-06-15,144.62701416015625,174.0,177.0,168.5,172.0,4326000
2021-06-16,137.56190490722656,165.5,175.0,165.0,172.5,2961000
2021-06-17,140.0554656982422,168.5,171.0,164.0,165.0,1433000
2021-06-18,138.39308166503906,166.5,173.5,166.5,168.0,2316000
2021-06-21,127.58763122558594,153.5,164.5,150.5,164.5,4850000
2021-06-22,119.27572631835938,143.5,155.0,143.0,153.0,4047000
2021-06-23,118.8601303100586,143.0,149.5,141.0,146.0,3108000
2021-06-24,128.41880798339844,154.5,157.0,144.0,146.0,3523000
2021-06-25,125.92523956298828,151.5,161.0,151.5,155.5,3669000
2021-06-28,123.01607513427734,148.0,151.0,144.5,150.0,2511000
2021-06-29,118.44453430175781,142.5,151.5,142.0,150.5,2182000
2021-06-30,118.8601303100586,143.0,146.5,141.5,144.0,1364000
2021-07-01,116.78215026855469,140.5,146.5,140.0,145.5,1875000
2021-07-02,115.5353775024414,139.0,144.0,138.0,140.0,1423000
2021-07-05,126.75643157958984,152.5,152.5,140.5,141.5,3192000
2021-07-06,125.50965118408203,151.0,158.5,147.0,157.0,2914000
2021-07-07,125.09405517578125,150.5,151.5,143.5,149.5,1278000
2021-07-08,123.8472671508789,149.0,153.0,148.5,151.0,1035000
2021-07-09,122.18489074707031,147.0,149.0,146.0,148.0,1201000
2021-07-12,120.52251434326172,145.0,150.0,144.0,148.5,1131000
2021-07-13,116.36656188964844,140.0,150.0,139.0,146.0,1579000
2021-07-14,112.62620544433594,135.5,142.0,133.0,140.5,1683000
2021-07-15,117.19775390625,141.0,141.5,134.0,136.0,1224000
2021-07-16,115.5353775024414,139.0,141.5,137.0,138.0,726000
2021-07-19,120.10691833496094,144.5,150.5,140.0,140.0,1936000
2021-07-20,119.27572631835938,143.5,148.5,143.0,145.0,1441000
2021-07-21,114.28858947753906,137.5,146.0,136.5,145.0,1533000
2021-07-22,115.5353775024414,139.0,148.0,139.0,143.0,2336000
2021-07-23,118.02893829345703,142.0,145.5,140.0,143.0,1449000
2021-07-26,129.66558837890625,156.0,156.0,146.0,146.0,5029000
2021-07-27,116.78215026855469,140.5,170.0,140.5,160.0,12817000
2021-07-28,117.19775390625,141.0,147.5,133.0,143.0,5108000
2021-07-29,121.35369873046875,146.0,149.0,141.0,142.0,2429000
2021-07-30,127.17202758789062,153.0,153.0,141.0,144.0,2721000
2021-08-02,132.9903564453125,160.0,164.0,155.0,157.5,4742000
2021-08-03,135.48391723632812,163.0,166.0,158.5,162.0,3372000
2021-08-04,131.32797241210938,158.0,165.0,158.0,165.0,2000000
2021-08-05,134.2371368408203,161.5,165.0,157.0,159.0,2040000
2021-08-06,130.49679565429688,157.0,176.5,157.0,171.0,9260000
2021-08-09,131.3306427001953,157.5,167.0,156.5,163.0,5307000
2021-08-10,125.49371337890625,150.5,162.0,149.0,160.5,3236000
2021-08-11,117.15525817871094,140.5,147.0,137.0,145.0,3841000
2021-08-12,116.73834228515625,140.0,143.0,139.5,142.0,848000
2021-08-13,114.65373229980469,137.5,141.0,136.0,140.5,1180000
2021-08-16,115.90450286865234,139.0,142.0,134.0,137.0,1584000
2021-08-17,112.15219116210938,134.5,140.0,134.5,139.0,977000
2021-08-18,117.57218933105469,141.0,142.0,133.0,134.5,1474000
2021-08-19,112.5691146850586,135.0,140.5,135.0,138.0,1015000
2021-08-20,114.23680114746094,137.0,139.0,135.0,136.0,911000
2021-08-23,122.15834045410156,146.5,146.5,141.0,142.0,1631000
2021-08-24,122.57525634765625,147.0,155.5,147.0,148.5,3976000
2021-08-25,122.9921875,147.5,150.0,146.5,148.0,1259000
2021-08-26,121.3244857788086,145.5,152.0,145.5,149.0,1341000
2021-08-27,118.4060287475586,142.0,146.0,142.0,145.0,862000
2021-08-30,117.57218933105469,141.0,145.0,141.0,144.0,425000
2021-08-31,116.73834228515625,140.0,141.0,138.5,141.0,479000
2021-09-01,120.9075698852539,145.0,148.0,141.0,141.0,1541000
2021-09-02,120.07373046875,144.0,148.0,143.5,147.5,844000
2021-09-03,120.49064636230469,144.5,146.0,143.0,146.0,542000
2021-09-06,120.07373046875,144.0,158.5,142.0,150.0,11359000
2021-09-07,122.15834045410156,146.5,149.0,144.0,146.0,3245000
2021-09-08,112.15219116210938,134.5,143.5,132.0,142.0,5843000
2021-09-09,114.65373229980469,137.5,140.0,132.5,133.0,2153000
2021-09-10,115.0706558227539,138.0,138.5,136.0,136.0,653000
2021-09-13,112.15219116210938,134.5,140.0,134.5,138.0,827000
2021-09-14,111.73527526855469,134.0,136.0,134.0,136.0,469000
2021-09-15,111.73527526855469,134.0,136.0,133.5,136.0,410000
2021-09-16,112.98603820800781,135.5,135.5,133.0,135.0,431000
2021-09-17,112.15219116210938,134.5,136.5,134.0,136.5,390000
2021-09-22,110.06757354736328,132.0,135.0,124.5,125.0,1639000
2021-09-23,109.6506576538086,131.5,135.5,131.5,134.0,587000
2021-09-24,109.6506576538086,131.5,134.0,130.5,132.5,468000
2021-09-27,106.31527709960938,127.5,133.0,127.5,132.5,923000
2021-09-28,100.8952865600586,121.0,127.0,120.0,126.0,1503000
2021-09-29,96.72605895996094,116.0,120.5,114.5,119.0,1320000
2021-09-30,102.14604949951172,122.5,125.0,116.5,117.5,1003000
2021-10-01,99.64451599121094,119.5,125.5,118.0,121.0,1349000
2021-10-04,99.64451599121094,119.5,124.5,117.5,124.0,1203000
2021-10-05,103.39682006835938,124.0,124.0,118.0,118.5,810000
2021-10-06,106.7322006225586,128.0,131.0,124.5,128.5,1791000
2021-10-07,113.81988525390625,136.5,139.5,131.0,133.5,6235000
2021-10-08,111.73527526855469,134.0,137.5,132.5,137.5,1949000
2021-10-12,112.5691146850586,135.0,145.5,134.5,144.0,4233000
2021-10-13,114.23680114746094,137.0,139.0,135.0,136.5,1786000
2021-10-14,120.9075698852539,145.0,149.5,140.0,140.5,6422000
2021-10-15,128.4121856689453,154.0,156.0,143.0,143.5,7709000
2021-10-18,140.5029296875,168.5,169.0,159.0,167.0,13826000
2021-10-19,140.5029296875,168.5,173.0,162.5,169.0,14621000
2021-10-20,140.5029296875,168.5,177.5,166.0,172.5,10129000
2021-10-21,138.83523559570312,166.5,182.0,166.5,176.0,14170000
2021-10-22,143.0044708251953,171.5,174.0,160.5,166.5,11094000
2021-10-25,145.9229278564453,175.0,176.0,169.5,170.5,7282000
2021-10-26,131.3306427001953,157.5,175.0,157.5,172.5,13528000
2021-10-27,129.66294860839844,155.5,159.0,150.0,153.0,5304000
2021-10-28,125.07679748535156,150.0,154.5,148.0,153.0,3888000
2021-10-29,125.07679748535156,150.0,156.5,150.0,153.0,3937000
2021-11-01,128.4121856689453,154.0,156.0,149.5,151.5,2797000
2021-11-02,121.74141693115234,146.0,157.5,144.5,157.0,3917000
2021-11-03,123.40910339355469,148.0,153.0,147.5,148.0,2609000
2021-11-04,121.3244857788086,145.5,150.5,145.5,149.5,1256000
2021-11-05,133.41525268554688,160.0,160.0,148.5,148.5,13026000
2021-11-08,136.33370971679688,163.5,171.5,158.5,164.0,18277000
2021-11-09,138.83523559570312,166.5,176.0,166.5,168.5,15280000
2021-11-10,135.91677856445312,163.0,171.0,161.5,166.5,7134000
2021-11-11,135.91677856445312,163.0,170.5,159.5,159.5,6563000
2021-11-12,137.1675567626953,164.5,169.5,161.0,165.0,5267000
2021-11-15,136.33370971679688,163.5,169.0,162.0,169.0,3766000
2021-11-16,131.3306427001953,157.5,165.5,156.0,163.5,4183000
2021-11-17,130.91371154785156,157.0,159.5,149.5,155.5,4109000
2021-11-18,130.4967803955078,156.5,161.0,154.5,155.0,2811000
2021-11-19,132.58140563964844,159.0,163.0,155.0,155.0,2826000
2021-11-22,131.74755859375,158.0,160.0,156.0,159.0,1586000
2021-11-23,129.2460174560547,155.0,160.0,155.0,156.5,1173000
2021-11-24,135.0829315185547,162.0,164.0,156.0,156.5,3370000
2021-11-25,134.666015625,161.5,168.0,161.0,163.5,5751000
2021-11-26,133.83218383789062,160.5,167.5,160.0,165.5,5463000
2021-11-29,134.2490997314453,161.0,162.5,153.0,157.0,2484000
2021-11-30,146.33984375,175.5,177.0,162.0,162.5,12431000
2021-12-01,147.5906219482422,177.0,177.0,168.5,171.0,7689000
2021-12-02,153.01060485839844,183.5,190.0,171.0,177.5,16738000
2021-12-03,159.68138122558594,191.5,194.5,183.5,186.5,16161000
2021-12-06,160.93214416503906,193.0,193.0,180.5,182.5,8870000
2021-12-07,158.43060302734375,190.0,195.5,186.0,191.0,5891000
2021-12-08,158.43060302734375,190.0,200.5,188.5,193.5,9775000
2021-12-09,162.59983825683594,195.0,198.0,190.0,193.0,5694000
2021-12-10,151.7598419189453,182.0,201.5,181.0,198.0,18543000
2021-12-13,151.7598419189453,182.0,189.5,179.5,188.0,7339000
2021-12-14,150.5090789794922,180.5,181.5,174.0,180.5,4609000
2021-12-15,153.01060485839844,183.5,184.0,178.0,179.0,3138000
2021-12-16,150.92601013183594,181.0,186.5,180.5,184.5,3378000
2021-12-17,152.59368896484375,183.0,186.0,178.5,178.5,3626000
2021-12-20,149.25830078125,179.0,187.5,179.0,181.5,5099000
2021-12-21,153.4275360107422,184.0,184.0,179.0,181.0,1935000
2021-12-22,155.51214599609375,186.5,194.0,184.5,186.0,9847000
2021-12-23,155.9290771484375,187.0,193.0,186.0,188.5,5840000
2021-12-24,156.3459930419922,187.5,192.0,186.5,188.0,3895000
2021-12-27,150.92601013183594,181.0,190.0,180.5,189.5,3423000
2021-12-28,149.25830078125,179.0,184.0,178.0,182.0,2306000
2021-12-29,147.5906219482422,177.0,181.0,174.5,179.0,1981000
2021-12-30,148.8413848876953,178.5,179.5,174.5,176.5,1381000
2022-01-03,149.25830078125,179.0,182.5,177.0,179.5,1615000
2022-01-04,150.09214782714844,180.0,183.5,177.5,179.5,1456000
2022-01-05,146.75677490234375,176.0,182.5,176.0,181.0,1597000
2022-01-06,140.5029296875,168.5,175.5,166.5,174.5,2890000
2022-01-07,142.58755493164062,171.0,172.0,160.0,170.0,3311000
2022-01-10,143.42138671875,172.0,172.0,164.0,166.0,1400000
2022-01-11,137.58447265625,165.0,175.0,164.0,174.0,2776000
2022-01-12,137.58447265625,165.0,168.5,164.5,168.5,914000
2022-01-13,134.2490997314453,161.0,166.5,160.5,166.0,1180000
2022-01-14,133.83218383789062,160.5,161.0,155.5,159.0,1254000
2022-01-17,138.83523559570312,166.5,166.5,159.0,159.0,844000
2022-01-18,135.91677856445312,163.0,167.5,163.0,165.0,634000
2022-01-19,134.666015625,161.5,162.5,160.0,161.0,541000
2022-01-20,131.74755859375,158.0,161.0,157.0,160.0,918000
2022-01-21,126.32756042480469,151.5,158.0,151.0,155.5,1091000
2022-01-24,126.7444839477539,152.0,153.0,140.5,145.5,2271000
2022-01-25,122.15834045410156,146.5,150.0,146.5,148.0,1129000
2022-01-26,123.40910339355469,148.0,151.0,146.0,146.0,843000
2022-02-07,123.8260269165039,148.5,154.5,148.5,154.5,1012000
2022-02-08,135.91677856445312,163.0,163.0,150.5,151.0,2286000
2022-02-09,138.41831970214844,166.0,168.5,160.0,167.5,5679000
2022-02-10,136.75064086914062,164.0,167.5,162.0,166.5,1643000
2022-02-11,133.41525268554688,160.0,162.0,157.0,159.0,1666000
2022-02-14,128.4121856689453,154.0,158.0,150.0,157.0,1631000
2022-02-15,129.2460174560547,155.0,159.5,154.5,155.0,827000
2022-02-16,133.41525268554688,160.0,161.0,157.5,160.0,1060000
2022-02-17,132.1644744873047,158.5,161.5,158.0,160.0,853000
2022-02-18,132.1644744873047,158.5,158.5,154.0,155.5,944000
2022-02-21,130.07986450195312,156.0,157.5,155.0,155.5,505000
2022-02-22,124.2429428100586,149.0,154.5,149.0,154.5,1184000
2022-02-23,126.7444839477539,152.0,154.0,150.0,150.5,714000
2022-02-24,120.9075698852539,145.0,150.5,144.5,149.5,1098000
2022-02-25,127.16140747070312,152.5,154.5,146.0,147.5,1106000
2022-03-01,135.91677856445312,163.0,167.5,159.5,162.5,4717000
2022-03-02,138.0013885498047,165.5,166.0,161.0,164.0,1795000
2022-03-03,134.2490997314453,161.0,167.5,160.0,166.5,1861000
2022-03-04,130.07986450195312,156.0,160.0,156.0,158.0,945000
2022-03-07,124.2429428100586,149.0,153.5,147.0,153.5,1154000
2022-03-08,119.65679931640625,143.5,152.5,143.5,146.5,1663000
2022-03-09,122.57525634765625,147.0,150.0,144.0,146.0,1509000
2022-03-10,128.4121856689453,154.0,161.5,153.0,155.0,4377000
2022-03-11,126.32756042480469,151.5,154.5,147.5,154.5,1946000
2022-03-14,124.65987396240234,149.5,151.5,148.0,149.5,791000
2022-03-15,124.2429428100586,149.0,152.5,149.0,150.0,1453000
2022-03-16,125.07679748535156,150.0,153.0,147.5,152.0,1455000
2022-03-17,130.07986450195312,156.0,157.0,153.0,156.5,1791000
2022-03-18,128.8291015625,154.5,160.5,154.5,158.0,3189000
2022-03-21,129.2460174560547,155.0,156.0,152.5,156.0,1099000
2022-03-22,125.91064453125,151.0,151.5,143.5,145.0,3593000
2022-03-23,126.7444839477539,152.0,153.0,150.0,152.0,1341000
2022-03-24,124.2429428100586,149.0,152.0,149.0,150.5,780000
2022-03-25,124.2429428100586,149.0,154.0,149.0,152.5,1128000
2022-03-28,127.9952621459961,153.5,155.0,151.0,151.0,2002000
2022-03-29,126.32756042480469,151.5,156.0,150.5,155.0,1297000
2022-03-30,124.65987396240234,149.5,153.0,149.5,153.0,1014000
2022-03-31,124.2429428100586,149.0,151.0,149.0,149.5,386000
2022-04-01,122.9921875,147.5,148.5,147.0,148.5,495000
2022-04-06,122.57525634765625,147.0,150.0,147.0,147.5,306000
2022-04-07,110.90142822265625,133.0,144.5,132.5,142.5,4436000
2022-04-08,108.39988708496094,130.0,135.0,128.0,133.5,2167000
2022-04-11,100.06143188476562,120.0,129.0,120.0,128.5,2278000
2022-04-12,102.56297302246094,123.0,123.0,117.5,117.5,1897000
2022-04-13,103.8137435913086,124.5,125.0,121.5,122.5,1060000
2022-04-14,104.23065948486328,125.0,130.0,124.0,125.5,1528000
2022-04-15,100.8952865600586,121.0,123.0,120.0,122.0,834000
2022-04-18,101.7291259765625,122.0,127.0,117.5,120.0,1828000
2022-04-19,102.56297302246094,123.0,129.5,123.0,126.0,2023000
2022-04-20,104.64759063720703,125.5,126.5,121.5,126.5,1221000
2022-04-21,105.89835357666016,127.0,127.0,124.0,125.0,580000
2022-04-22,102.14604949951172,122.5,125.0,122.0,124.0,624000
2022-04-25,92.13990783691406,110.5,119.5,110.5,117.0,2170000
2022-04-26,92.55683135986328,111.0,114.0,108.0,113.5,1752000
2022-04-27,91.30606079101562,109.5,111.5,103.0,105.0,1707000
2022-04-28,90.8891372680664,109.0,112.5,107.0,110.5,753000
2022-04-29,92.55683135986328,111.0,117.0,111.0,111.0,1599000
2022-05-03,93.39067077636719,112.0,114.5,110.5,112.5,1135000
2022-05-04,95.05836486816406,114.0,114.0,110.0,113.0,1081000
2022-05-05,95.47528839111328,114.5,118.5,114.0,117.5,1132000
2022-05-06,95.05836486816406,114.0,114.0,108.5,110.0,1340000
2022-05-09,87.9706802368164,105.5,112.5,105.5,112.5,1344000
2022-05-10,90.47221374511719,108.5,108.5,100.5,100.5,1328000
2022-05-11,84.21837615966797,101.0,107.0,100.0,107.0,2037000
2022-05-12,82.21714782714844,98.5999984741211,103.5,98.4000015258789,98.5,1451000
2022-05-13,85.88606262207031,103.0,103.5,99.0999984741211,102.0,1418000
2022-05-16,85.88606262207031,103.0,106.0,102.5,106.0,718000
2022-05-17,88.80451965332031,106.5,106.5,104.0,104.0,686000
2022-05-18,87.9706802368164,105.5,108.5,105.0,108.0,487000
2022-05-19,86.71990966796875,104.0,104.0,101.0,103.0,628000
2022-05-20,85.46914672851562,102.5,105.5,102.5,105.0,408000
2022-05-23,82.96760559082031,99.5,103.0,99.5,101.5,1042000
2022-05-24,80.46607208251953,96.5,101.0,96.5,100.0,1210000
2022-05-25,80.29930114746094,96.30000305175781,97.5,95.0,96.80000305175781,960000
2022-05-26,75.21283721923828,90.19999694824219,97.69999694824219,90.0999984741211,97.0999984741211,2406000
2022-05-27,77.4642333984375,92.9000015258789,94.30000305175781,90.80000305175781,92.30000305175781,1932000
2022-05-30,81.63346099853516,97.9000015258789,98.30000305175781,94.4000015258789,94.4000015258789,1458000
2022-05-31,82.55068969726562,99.0,99.30000305175781,96.80000305175781,99.0,1108000
2022-06-01,82.96760559082031,99.5,101.0,98.5999984741211,99.0,847000
2022-06-02,81.88360595703125,98.19999694824219,100.5,98.19999694824219,99.30000305175781,597000
2022-06-06,81.5500717163086,97.80000305175781,99.19999694824219,97.5,98.5999984741211,449000
2022-06-07,82.05037689208984,98.4000015258789,99.19999694824219,97.69999694824219,98.0999984741211,509000
2022-06-08,81.71683502197266,98.0,100.5,98.0,99.4000015258789,586000
2022-06-09,80.6328353881836,96.69999694824219,97.9000015258789,96.4000015258789,97.5,476000
2022-06-10,80.04914855957031,96.0,96.69999694824219,95.0,95.69999694824219,462000
2022-06-13,75.87992095947266,91.0,93.0,91.0,91.0,1109000
2022-06-14,73.12822723388672,87.69999694824219,89.30000305175781,84.19999694824219,88.5999984741211,2240000
2022-06-15,71.6273193359375,85.9000015258789,88.69999694824219,85.9000015258789,87.5,757000
2022-06-16,68.37532043457031,82.0,88.0,82.0,87.30000305175781,1195000
2022-06-17,69.45932006835938,83.30000305175781,84.0,79.0,80.19999694824219,1737000
2022-06-20,64.62300872802734,77.5,84.30000305175781,77.5,84.30000305175781,1546000
2022-06-21,67.12454986572266,80.5,81.4000015258789,78.0,78.0,973000
2022-06-22,64.28946685791016,77.0999984741211,80.9000015258789,77.0999984741211,80.9000015258789,842000
2022-06-23,63.03870391845703,75.5999984741211,78.69999694824219,74.80000305175781,78.0999984741211,943000
2022-06-24,64.1227035522461,76.9000015258789,78.80000305175781,76.30000305175781,76.80000305175781,857000
2022-06-27,68.54208374023438,82.19999694824219,83.5999984741211,78.19999694824219,78.5,1127000
2022-06-28,66.45746612548828,79.69999694824219,82.5,79.30000305175781,82.5,662000
2022-06-29,64.95655059814453,77.9000015258789,78.5999984741211,77.19999694824219,77.9000015258789,472000
2022-06-30,62.62178039550781,75.0999984741211,77.80000305175781,75.0999984741211,77.4000015258789,766000
2022-07-01,57.53532791137695,69.0,76.0,69.0,76.0,1368000
2022-07-04,58.2024040222168,69.80000305175781,71.9000015258789,68.69999694824219,69.19999694824219,807000
2022-07-05,59.70332336425781,71.5999984741211,72.9000015258789,69.5,72.4000015258789,871000
2022-07-06,58.369171142578125,70.0,72.30000305175781,70.0,70.0999984741211,760000
2022-07-07,59.536556243896484,71.4000015258789,71.80000305175781,68.80000305175781,70.4000015258789,744000
2022-07-08,61.537784576416016,73.80000305175781,74.30000305175781,72.0,73.5,786000
2022-07-11,61.0374755859375,73.19999694824219,74.5,72.80000305175781,73.80000305175781,591000
2022-07-12,58.0356330871582,69.5999984741211,72.0999984741211,69.4000015258789,72.0999984741211,1180000
2022-07-13,57.045265197753906,57.599998474121094,60.400001525878906,57.599998474121094,60.29999923706055,1827000
2022-07-14,59.917335510253906,60.5,61.70000076293945,55.70000076293945,57.70000076293945,1576000
2022-07-15,61.00674057006836,61.599998474121094,62.0,60.400001525878906,61.0,863000
2022-07-18,62.69036865234375,63.29999923706055,64.30000305175781,62.70000076293945,63.099998474121094,752000
2022-07-19,68.92969512939453,69.5999984741211,69.5999984741211,64.5999984741211,65.0,5589000
2022-07-20,73.58443450927734,74.30000305175781,75.0999984741211,71.0999984741211,71.80000305175781,9015000
2022-07-21,71.99983978271484,72.69999694824219,74.69999694824219,72.30000305175781,73.9000015258789,3323000
2022-07-22,71.10851287841797,71.80000305175781,73.9000015258789,70.9000015258789,72.80000305175781,2284000
2022-07-25,67.74125671386719,68.4000015258789,71.0999984741211,67.0999984741211,70.19999694824219,2199000
2022-07-26,61.10578155517578,61.70000076293945,66.0,61.70000076293945,65.5999984741211,3863000
2022-07-27,64.0768814086914,64.69999694824219,64.69999694824219,59.29999923706055,59.29999923706055,2722000
2022-07-28,65.36436462402344,66.0,66.69999694824219,64.0999984741211,65.5,2717000
2022-07-29,66.84992218017578,67.5,71.5,66.0,66.0,6781000
2022-08-01,63.878814697265625,64.5,66.5999984741211,64.0,66.0,2259000
2022-08-02,61.402889251708984,62.0,63.20000076293945,61.0,63.0,1732000
2022-08-03,60.709632873535156,61.29999923706055,62.900001525878906,60.900001525878906,62.0,1058000
2022-08-04,60.80867004394531,61.400001525878906,63.29999923706055,60.599998474121094,62.20000076293945,1203000
2022-08-05,60.90770721435547,61.5,62.900001525878906,61.400001525878906,61.400001525878906,968000
2022-08-08,61.50192642211914,62.099998474121094,62.5,60.20000076293945,61.5,1019000
2022-08-09,62.69036865234375,63.29999923706055,65.0,62.79999923706055,63.099998474121094,1720000
2022-08-10,61.20481491088867,61.79999923706055,62.29999923706055,61.5,62.099998474121094,610000
2022-08-11,62.78940963745117,63.400001525878906,64.0999984741211,62.70000076293945,63.20000076293945,954000
2022-08-12,64.67111206054688,65.30000305175781,65.5999984741211,63.20000076293945,63.900001525878906,1481000
2022-08-15,66.45377349853516,67.0999984741211,67.5,65.80000305175781,67.0,1605000
2022-08-16,65.26533508300781,65.9000015258789,67.5,65.5999984741211,67.30000305175781,1078000
2022-08-17,65.56243896484375,66.19999694824219,66.5,65.0,66.4000015258789,678000
2022-08-18,66.55281066894531,67.19999694824219,67.4000015258789,65.0999984741211,65.9000015258789,945000
2022-08-19,65.66148376464844,66.30000305175781,67.80000305175781,66.0,67.19999694824219,1021000
2022-08-22,64.86918640136719,65.5,65.69999694824219,64.69999694824219,65.0,474000
2022-08-23,62.195186614990234,62.79999923706055,64.19999694824219,62.0,64.0999984741211,1214000
2022-08-24,61.10578155517578,61.70000076293945,64.0,61.70000076293945,63.0,726000
2022-08-25,62.88844299316406,63.5,64.5,62.099998474121094,62.5,982000
2022-08-26,62.69036865234375,63.29999923706055,64.69999694824219,63.29999923706055,64.0,598000
2022-08-29,60.214447021484375,60.79999923706055,61.400001525878906,60.0,61.400001525878906,957000
2022-08-30,61.00674057006836,61.599998474121094,62.20000076293945,60.79999923706055,60.79999923706055,728000
2022-08-31,61.402889251708984,62.0,62.70000076293945,61.099998474121094,61.29999923706055,686000
2022-09-01,60.709632873535156,61.29999923706055,62.099998474121094,60.79999923706055,61.70000076293945,543000
2022-09-02,60.511558532714844,61.099998474121094,62.0,61.0,61.5,461000
2022-09-05,57.93659973144531,58.5,61.900001525878906,58.400001525878906,61.70000076293945,961000
2022-09-06,54.66838073730469,55.20000076293945,59.70000076293945,55.0,59.29999923706055,1250000
2022-09-07,55.16356658935547,55.70000076293945,56.599998474121094,53.900001525878906,54.0,823000
2022-09-08,56.25297164916992,56.79999923706055,57.29999923706055,56.0,57.29999923706055,449000
2022-09-12,59.12504196166992,59.70000076293945,61.5,59.099998474121094,59.400001525878906,1414000
2022-09-13,62.09614944458008,62.70000076293945,63.5,60.0,60.20000076293945,2003000
2022-09-14,60.709632873535156,61.29999923706055,61.29999923706055,60.0,60.599998474121094,1126000
2022-09-15,60.11540985107422,60.70000076293945,61.900001525878906,60.599998474121094,61.400001525878906,488000
2022-09-16,59.323116302490234,59.900001525878906,60.70000076293945,59.79999923706055,60.0,464000
2022-09-19,57.54044723510742,58.099998474121094,60.400001525878906,58.099998474121094,59.900001525878906,616000
2022-09-20,57.14430236816406,57.70000076293945,59.20000076293945,57.20000076293945,59.0,576000
2022-09-21,56.054893493652344,56.599998474121094,57.70000076293945,56.5,57.099998474121094,386000
2022-09-22,56.94622802734375,57.5,58.0,55.29999923706055,56.20000076293945,444000
2022-09-23,56.451045989990234,57.0,59.5,56.70000076293945,57.5,589000
2022-09-26,52.2914924621582,52.79999923706055,57.0,52.29999923706055,56.5,942000
2022-09-27,53.47993850708008,54.0,54.400001525878906,52.5,53.70000076293945,718000
2022-09-28,49.072792053222656,49.54999923706055,55.099998474121094,49.54999923706055,54.099998474121094,922000
2022-09-29,50.01364517211914,50.5,52.0,50.20000076293945,50.900001525878906,703000
2022-09-30,51.301124572753906,51.79999923706055,51.79999923706055,48.79999923706055,49.29999923706055,577000
2022-10-03,50.706905364990234,51.20000076293945,52.900001525878906,50.79999923706055,51.29999923706055,498000
2022-10-04,52.2914924621582,52.79999923706055,53.099998474121094,51.70000076293945,53.0,441000
2022-10-05,52.09341812133789,52.599998474121094,55.400001525878906,52.599998474121094,54.099998474121094,718000
2022-10-06,51.895347595214844,52.400001525878906,53.20000076293945,52.099998474121094,53.0,249000
2022-10-07,50.409793853759766,50.900001525878906,52.20000076293945,50.79999923706055,52.0,486000
2022-10-11,47.19109344482422,47.650001525878906,49.25,47.650001525878906,49.20000076293945,662000
2022-10-12,47.5377197265625,48.0,48.650001525878906,46.79999923706055,47.650001525878906,508000
2022-10-13,43.82383728027344,44.25,48.5,44.25,48.0,661000
2022-10-14,47.43868637084961,47.900001525878906,48.0,45.79999923706055,46.0,698000
2022-10-17,46.745426177978516,47.20000076293945,47.349998474121094,44.599998474121094,46.5,566000
2022-10-18,48.03290557861328,48.5,50.70000076293945,48.04999923706055,48.45000076293945,1547000
2022-10-19,52.786678314208984,53.29999923706055,53.29999923706055,48.900001525878906,48.900001525878906,3682000
2022-10-20,53.47993850708008,54.0,57.5,53.29999923706055,53.599998474121094,13849000
2022-10-21,53.2818603515625,53.79999923706055,54.29999923706055,51.79999923706055,52.5,3334000
2022-10-24,52.9847526550293,53.5,56.0,53.400001525878906,54.20000076293945,2389000
2022-10-25,55.26259994506836,55.79999923706055,56.5,53.5,54.099998474121094,6295000
2022-10-26,60.511558532714844,61.099998474121094,61.29999923706055,56.20000076293945,56.400001525878906,17457000
2022-10-27,63.383628845214844,64.0,64.69999694824219,60.099998474121094,61.099998474121094,29311000
2022-10-28,60.214447021484375,60.79999923706055,63.599998474121094,60.79999923706055,63.099998474121094,6411000
2022-10-31,61.6009635925293,62.20000076293945,63.20000076293945,58.20000076293945,60.0,8474000
2022-11-01,61.303855895996094,61.900001525878906,62.400001525878906,61.0,61.0,3340000
2022-11-02,61.00674057006836,61.599998474121094,62.5,60.79999923706055,61.29999923706055,2435000
2022-11-03,61.6009635925293,62.20000076293945,62.400001525878906,60.400001525878906,60.5,1767000
2022-11-04,60.610595703125,61.20000076293945,61.79999923706055,60.79999923706055,61.29999923706055,1733000
2022-11-07,66.65184783935547,67.30000305175781,67.30000305175781,62.099998474121094,62.20000076293945,4956000
2022-11-08,62.98748016357422,63.599998474121094,74.0,63.099998474121094,73.80000305175781,17543000
2022-11-09,62.88844299316406,63.5,64.19999694824219,62.29999923706055,63.70000076293945,6342000
2022-11-10,60.31348419189453,60.900001525878906,62.0,60.5,61.70000076293945,3401000
2022-11-11,60.80867004394531,61.400001525878906,64.5,60.5,63.5,2788000
2022-11-14,62.29422378540039,62.900001525878906,62.900001525878906,60.5,60.900001525878906,2048000
2022-11-15,62.09614944458008,62.70000076293945,63.79999923706055,61.599998474121094,61.79999923706055,1770000
2022-11-16,65.16629791259766,65.80000305175781,67.69999694824219,62.5,62.599998474121094,8741000
2022-11-17,64.77014923095703,65.4000015258789,66.4000015258789,64.5,65.19999694824219,2431000
2022-11-18,65.36436462402344,66.0,68.80000305175781,65.5999984741211,65.69999694824219,4589000
2022-11-21,63.482666015625,64.0999984741211,65.5999984741211,63.900001525878906,65.5999984741211,1710000
2022-11-22,62.195186614990234,62.79999923706055,63.70000076293945,62.5,63.70000076293945,1064000
2022-11-23,63.18555450439453,63.79999923706055,66.69999694824219,63.099998474121094,63.5,3060000
2022-11-24,63.977848052978516,64.5999984741211,64.69999694824219,63.29999923706055,63.599998474121094,1253000
2022-11-25,64.0768814086914,64.69999694824219,67.80000305175781,64.69999694824219,64.80000305175781,4720000
2022-11-28,64.96821594238281,65.5999984741211,66.4000015258789,65.0,65.69999694824219,1587000
2022-11-29,63.878814697265625,64.5,65.5,63.5,64.80000305175781,957000
2022-11-30,64.67111206054688,65.30000305175781,66.19999694824219,64.5999984741211,64.5999984741211,1288000
2022-12-01,67.74125671386719,68.4000015258789,68.5,66.0999984741211,67.19999694824219,3533000
2022-12-02,65.95858764648438,66.5999984741211,68.9000015258789,66.5999984741211,67.30000305175781,2270000
2022-12-05,68.43450927734375,69.0999984741211,73.19999694824219,67.0,67.0,6761000
2022-12-06,66.55281066894531,67.19999694824219,71.4000015258789,66.80000305175781,68.80000305175781,3793000
2022-12-07,64.27496337890625,64.9000015258789,67.0999984741211,64.30000305175781,67.0,1614000
2022-12-08,65.66148376464844,66.30000305175781,66.30000305175781,63.70000076293945,65.30000305175781,832000
2022-12-09,65.95858764648438,66.5999984741211,68.30000305175781,66.19999694824219,67.30000305175781,1313000
2022-12-12,65.16629791259766,65.80000305175781,67.0,65.30000305175781,66.5999984741211,757000
2022-12-13,66.84992218017578,67.5,68.5,66.30000305175781,66.5,1408000
2022-12-14,73.48538970947266,74.19999694824219,74.19999694824219,69.4000015258789,69.5,6994000
2022-12-15,80.21990203857422,81.0,81.5999984741211,75.0999984741211,75.5999984741211,32098000
2022-12-16,78.14012908935547,78.9000015258789,81.19999694824219,78.0999984741211,80.9000015258789,9915000
2022-12-19,76.65457916259766,77.4000015258789,78.80000305175781,75.0,78.69999694824219,3188000
2022-12-20,71.70272827148438,72.4000015258789,81.4000015258789,72.0,76.5,12076000
2022-12-21,71.30657958984375,72.0,74.69999694824219,71.69999694824219,74.69999694824219,3076000
2022-12-22,72.29695129394531,73.0,73.69999694824219,71.69999694824219,73.0,1720000
2022-12-23,72.39598846435547,73.0999984741211,73.4000015258789,70.5,71.80000305175781,1294000
2022-12-26,71.60369873046875,72.30000305175781,75.69999694824219,71.9000015258789,73.69999694824219,1641000
2022-12-27,72.09888458251953,72.80000305175781,73.5,72.0999984741211,72.80000305175781,866000
2022-12-28,67.64221954345703,68.30000305175781,72.30000305175781,68.0999984741211,72.0999984741211,1775000
2022-12-29,69.72199249267578,70.4000015258789,72.5999984741211,66.69999694824219,67.69999694824219,3305000
2022-12-30,68.5335464477539,69.19999694824219,72.30000305175781,68.9000015258789,70.69999694824219,1842000
2023-01-03,71.80176544189453,72.5,75.5,69.19999694824219,69.19999694824219,9309000
2023-01-04,73.48538970947266,74.19999694824219,74.19999694824219,71.5999984741211,72.5,3116000
2023-01-05,72.39598846435547,73.0999984741211,76.0,72.5,74.0,3489000
2023-01-06,73.08924865722656,73.80000305175781,73.80000305175781,72.30000305175781,73.19999694824219,901000
2023-01-09,73.98057556152344,74.69999694824219,75.5999984741211,73.80000305175781,74.5,1741000
2023-01-10,72.39598846435547,73.0999984741211,75.9000015258789,73.0999984741211,75.5,1358000
2023-01-11,73.58443450927734,74.30000305175781,77.5,74.30000305175781,75.5,3484000
2023-01-12,73.18828582763672,73.9000015258789,75.19999694824219,73.80000305175781,74.69999694824219,1191000
2023-01-13,72.59406280517578,73.30000305175781,77.9000015258789,73.0,75.4000015258789,7272000
2023-01-16,74.970947265625,75.69999694824219,76.5999984741211,73.5999984741211,76.0,5508000
2023-01-17,74.2776870727539,75.0,76.5,74.80000305175781,75.69999694824219,1709000
2023-01-30,80.02183532714844,80.80000305175781,82.4000015258789,76.0,77.5,8612000
2023-01-31,80.31893920898438,81.0999984741211,81.0999984741211,78.4000015258789,79.69999694824219,3504000
2023-02-01,79.32857513427734,80.0999984741211,82.0,78.9000015258789,81.9000015258789,3199000
2023-02-02,80.81412506103516,81.5999984741211,82.19999694824219,80.4000015258789,81.5,3520000
2023-02-03,78.23916625976562,79.0,81.80000305175781,79.0,81.80000305175781,1752000
2023-02-06,78.43724060058594,79.19999694824219,79.5,78.0,78.9000015258789,880000
2023-02-07,79.62568664550781,80.4000015258789,80.5,79.0,79.19999694824219,1306000
2023-02-08,79.22953796386719,80.0,81.30000305175781,80.0,81.30000305175781,1226000
2023-02-09,78.5362777709961,79.30000305175781,80.69999694824219,79.19999694824219,79.9000015258789,789000
2023-02-10,76.35746765136719,77.0999984741211,79.0,77.0999984741211,79.0,1133000
2023-02-13,77.24879455566406,78.0,79.4000015258789,77.5,77.69999694824219,1301000
2023-02-14,77.54591369628906,78.30000305175781,78.69999694824219,76.80000305175781,78.4000015258789,713000
2023-02-15,76.9516830444336,77.69999694824219,78.9000015258789,77.19999694824219,78.5,607000
2023-02-16,79.62568664550781,80.4000015258789,84.30000305175781,80.0999984741211,81.5,4296000
2023-02-17,80.21990203857422,81.0,81.5999984741211,79.0999984741211,79.30000305175781,1255000
2023-02-20,80.21990203857422,81.0,81.5,80.30000305175781,81.5,785000
2023-02-21,79.72472381591797,80.5,81.80000305175781,80.4000015258789,81.80000305175781,684000
2023-02-22,77.44686889648438,78.19999694824219,80.5,78.0,80.4000015258789,1249000
2023-02-23,80.61605072021484,81.4000015258789,82.5,79.5,80.5,4453000
2023-02-24,79.62568664550781,80.4000015258789,84.5999984741211,79.5999984741211,83.30000305175781,4374000
2023-03-01,78.23916625976562,79.0,80.0,78.0,80.0,1060000
2023-03-02,77.94205474853516,78.69999694824219,79.80000305175781,78.4000015258789,79.80000305175781,538000
2023-03-03,77.94205474853516,78.69999694824219,79.4000015258789,78.5,79.0999984741211,587000
2023-03-06,77.843017578125,78.5999984741211,79.19999694824219,78.0,78.69999694824219,672000
2023-03-07,78.33820343017578,79.0999984741211,79.5,78.69999694824219,78.9000015258789,389000
2023-03-08,77.14976501464844,77.9000015258789,78.80000305175781,77.80000305175781,78.80000305175781,912000
2023-03-09,76.5555419921875,77.30000305175781,78.4000015258789,77.30000305175781,78.0,621000
2023-03-10,73.08924865722656,73.80000305175781,76.5,73.0999984741211,76.5,1224000
2023-03-13,74.5748062133789,75.30000305175781,75.5999984741211,73.30000305175781,74.5999984741211,962000
2023-03-14,74.37672424316406,75.0999984741211,78.5,74.9000015258789,77.9000015258789,3042000
2023-03-15,74.77287292480469,75.5,76.69999694824219,75.5,76.69999694824219,676000
2023-03-16,72.39598846435547,73.0999984741211,75.5,72.19999694824219,75.5,617000
2023-03-17,73.3863525390625,74.0999984741211,74.5999984741211,73.69999694824219,74.5999984741211,348000
2023-03-20,75.06999206542969,75.80000305175781,77.30000305175781,75.4000015258789,77.19999694824219,1106000
2023-03-21,76.06035614013672,76.80000305175781,77.30000305175781,76.19999694824219,76.80000305175781,825000
2023-03-22,76.5555419921875,77.30000305175781,77.69999694824219,76.69999694824219,77.5,428000
2023-03-23,76.15939331054688,76.9000015258789,77.0,75.9000015258789,77.0,433000
2023-03-24,76.25843048095703,77.0,77.80000305175781,76.5999984741211,77.19999694824219,735000
2023-03-27,77.14976501464844,77.9000015258789,78.5,76.80000305175781,77.5,741000
2023-03-28,74.67383575439453,75.4000015258789,78.0999984741211,75.19999694824219,77.9000015258789,919000
2023-03-29,74.07962036132812,74.80000305175781,76.19999694824219,74.30000305175781,76.0,397000
2023-03-30,75.26805877685547,76.0,76.5,75.30000305175781,76.0,415000
2023-03-31,76.15939331054688,76.9000015258789,76.9000015258789,75.69999694824219,76.5,483000
2023-04-06,77.54591369628906,78.30000305175781,78.4000015258789,76.4000015258789,77.0999984741211,797000
2023-04-07,77.44686889648438,78.19999694824219,78.80000305175781,77.69999694824219,78.69999694824219,426000
2023-04-10,76.75361633300781,77.5,78.5,77.5,78.19999694824219,184000
2023-04-11,77.24879455566406,78.0,79.5,78.0,78.80000305175781,573000
2023-04-12,77.94205474853516,78.69999694824219,81.69999694824219,78.69999694824219,79.5999984741211,2847000
2023-04-13,75.76324462890625,76.5,78.69999694824219,76.5,78.5,846000
2023-04-14,76.06035614013672,76.80000305175781,78.0,76.80000305175781,77.9000015258789,348000
2023-04-17,76.65457916259766,77.4000015258789,77.5999984741211,76.5999984741211,77.0,332000
2023-04-18,75.96131134033203,76.69999694824219,78.19999694824219,76.69999694824219,77.5999984741211,363000
2023-04-19,74.2776870727539,75.0,77.5999984741211,75.0,77.5,552000
2023-04-20,72.49502563476562,73.19999694824219,74.69999694824219,73.19999694824219,74.69999694824219,831000
2023-04-21,69.82102966308594,70.5,73.0,70.19999694824219,72.9000015258789,774000
2023-04-24,71.10851287841797,71.80000305175781,72.19999694824219,70.30000305175781,70.4000015258789,310000
2023-04-25,68.6325912475586,69.30000305175781,71.80000305175781,68.9000015258789,71.4000015258789,390000
2023-04-26,70.71236419677734,71.4000015258789,71.5999984741211,69.30000305175781,69.30000305175781,536000
2023-04-27,71.10851287841797,71.80000305175781,73.5,71.0,73.5,502000
2023-04-28,73.08924865722656,73.80000305175781,73.80000305175781,72.0999984741211,72.0999984741211,537000
2023-05-02,72.09888458251953,72.80000305175781,73.5,72.5,72.80000305175781,272000
2023-05-03,70.8114013671875,71.5,72.19999694824219,71.5,71.9000015258789,146000
2023-05-04,70.41524505615234,71.0999984741211,72.0,70.9000015258789,71.0999984741211,221000
2023-05-05,71.20755004882812,71.9000015258789,73.0999984741211,71.80000305175781,72.5999984741211,262000
2023-05-08,70.91043090820312,71.5999984741211,72.80000305175781,71.4000015258789,72.80000305175781,121000
2023-05-09,70.21717834472656,70.9000015258789,71.0999984741211,69.30000305175781,71.0999984741211,322000
2023-05-10,69.72199249267578,70.4000015258789,71.0,70.0,70.9000015258789,84000
2023-05-11,66.75088500976562,67.4000015258789,70.0,66.0,70.0,439000
2023-05-12,67.74125671386719,68.4000015258789,68.80000305175781,66.5999984741211,67.0,161000
2023-05-15,67.14703369140625,67.80000305175781,68.0999984741211,67.30000305175781,68.0999984741211,147000
2023-05-16,68.43450927734375,69.0999984741211,69.5,68.0,68.0,178000
2023-05-17,68.5335464477539,69.19999694824219,69.5,68.30000305175781,69.0999984741211,138000
2023-05-18,70.8114013671875,71.5,73.0,70.5999984741211,70.5999984741211,998000
2023-05-19,70.1181411743164,70.80000305175781,72.80000305175781,70.69999694824219,72.80000305175781,288000
2023-05-22,70.91043090820312,71.5999984741211,72.19999694824219,71.19999694824219,71.69999694824219,297000
2023-05-23,71.10851287841797,71.80000305175781,72.4000015258789,71.4000015258789,71.4000015258789,352000
2023-05-24,71.00946807861328,71.69999694824219,72.30000305175781,71.5999984741211,72.0999984741211,171000
2023-05-25,70.91043090820312,71.5999984741211,74.5999984741211,71.5999984741211,72.4000015258789,1152000
2023-05-26,72.89117431640625,73.5999984741211,76.19999694824219,72.69999694824219,72.69999694824219,2298000
2023-05-29,75.26805877685547,76.0,77.4000015258789,74.19999694824219,75.0,1908000
2023-05-30,79.22953796386719,80.0,83.30000305175781,76.5,76.5,10410000
2023-05-31,80.715087890625,81.5,82.19999694824219,79.0,80.0999984741211,5631000
2023-06-01,78.33820343017578,79.0999984741211,81.0999984741211,79.0999984741211,80.0,1269000
2023-06-02,82.20064544677734,83.0,83.5999984741211,79.30000305175781,80.4000015258789,4111000
2023-06-05,80.91316223144531,81.69999694824219,83.5,81.4000015258789,83.0,2135000
2023-06-06,79.32857513427734,80.0999984741211,81.69999694824219,78.5,81.69999694824219,1415000
2023-06-07,79.22953796386719,80.0,84.9000015258789,79.69999694824219,82.4000015258789,3035000
2023-06-08,77.843017578125,78.5999984741211,79.9000015258789,77.80000305175781,79.5999984741211,1015000
2023-06-09,81.70545959472656,82.5,84.9000015258789,79.19999694824219,79.30000305175781,6991000
2023-06-12,81.4083480834961,82.19999694824219,87.5,80.5,82.5,6775000
2023-06-13,82.69583129882812,83.5,85.80000305175781,82.19999694824219,85.0,3315000
2023-06-14,79.72472381591797,80.5,83.5,80.19999694824219,83.4000015258789,1880000
2023-06-15,78.43724060058594,79.19999694824219,82.30000305175781,79.19999694824219,80.80000305175781,1513000
2023-06-16,78.5362777709961,79.30000305175781,81.30000305175781,79.0,79.5,1097000
2023-06-19,78.33820343017578,79.0999984741211,79.5999984741211,78.5,79.0999984741211,509000
2023-06-20,78.23916625976562,79.0,80.4000015258789,79.0,80.4000015258789,456000
2023-06-21,79.72472381591797,80.5,81.19999694824219,79.5,79.5,1108000
2023-06-26,78.7343521118164,79.5,82.9000015258789,79.0999984741211,82.5,1390000
2023-06-27,75.76324462890625,76.5,80.30000305175781,76.4000015258789,79.9000015258789,1181000
2023-06-28,75.8622817993164,76.5999984741211,78.0999984741211,76.5999984741211,77.5,394000
2023-06-29,77.05072784423828,77.80000305175781,78.19999694824219,77.0,77.4000015258789,451000
2023-06-30,77.24879455566406,78.0,78.5,77.0,78.30000305175781,373000
2023-07-03,79.32857513427734,80.0999984741211,81.5,78.80000305175781,78.80000305175781,1515000
2023-07-04,79.62568664550781,80.4000015258789,81.30000305175781,79.5,81.0,961000
2023-07-05,78.83338928222656,79.5999984741211,80.80000305175781,79.4000015258789,80.5999984741211,584000
2023-07-06,78.14012908935547,78.9000015258789,80.9000015258789,78.5999984741211,79.5999984741211,545000
2023-07-07,75.8622817993164,76.5999984741211,78.5999984741211,76.19999694824219,78.4000015258789,777000
2023-07-10,76.9516830444336,77.69999694824219,78.0,76.30000305175781,76.69999694824219,358000
2023-07-11,77.44686889648438,78.19999694824219,79.19999694824219,78.0,78.0,407000
2023-07-12,76.75361633300781,77.5,80.80000305175781,77.4000015258789,79.0,1207000
2023-07-13,79.8237533569336,80.5999984741211,82.80000305175781,77.9000015258789,78.0,2678000
2023-07-14,87.74671173095703,88.5999984741211,88.5999984741211,81.0,83.19999694824219,7907000
2023-07-17,96.46195983886719,97.4000015258789,97.4000015258789,92.0,93.80000305175781,3357000
2023-07-18,93.7879638671875,94.69999694824219,107.0,93.5999984741211,107.0,12914000
2023-07-19,102.99839782714844,104.0,104.0,97.0,97.0,5421000
2023-07-20,107.95024108886719,109.0,113.0,103.5,108.5,21257000
2023-07-21,112.40690612792969,113.5,114.5,104.0,104.5,11001000
2023-07-24,108.44542694091797,109.5,114.5,108.5,114.5,1970000
2023-07-25,100.52247619628906,101.5,107.0,100.0,107.0,2326000
2023-07-26,98.04655456542969,99.0,104.0,99.0,102.5,1142000
2023-07-27,97.84848022460938,98.80000305175781,102.0,97.4000015258789,102.0,948000
2023-07-28,96.06581115722656,97.0,100.0,97.0,99.5,798000
2023-07-31,90.51974487304688,91.4000015258789,98.0,88.4000015258789,98.0,1393000
2023-08-01,87.64767456054688,88.5,92.0999984741211,88.0,92.0999984741211,786000
2023-08-02,79.03146362304688,79.80000305175781,88.30000305175781,79.69999694824219,88.30000305175781,2225000
2023-08-04,80.61605072021484,81.4000015258789,82.80000305175781,80.19999694824219,80.30000305175781,660000
2023-08-07,81.30931091308594,82.0999984741211,82.4000015258789,79.4000015258789,80.5,717000
2023-08-08,78.04109954833984,78.80000305175781,82.5999984741211,78.5,82.5,1582000
2023-08-09,77.843017578125,78.5999984741211,81.19999694824219,78.30000305175781,79.0,2083000
2023-08-10,74.67383575439453,75.4000015258789,79.0999984741211,74.5999984741211,78.9000015258789,1400000
2023-08-11,72.89117431640625,73.5999984741211,76.0999984741211,73.5999984741211,74.5,949000
2023-08-14,71.70272827148438,72.4000015258789,74.4000015258789,71.69999694824219,72.5,839000
2023-08-15,72.99020385742188,73.69999694824219,74.5,73.19999694824219,73.4000015258789,529000
2023-08-16,73.6834716796875,74.4000015258789,75.0999984741211,71.5,73.0,578000
2023-08-17,75.96131134033203,76.69999694824219,77.30000305175781,72.69999694824219,73.69999694824219,873000
2023-08-18,75.96131134033203,76.69999694824219,79.69999694824219,76.0,76.0,1586000
2023-08-21,74.07962036132812,74.80000305175781,78.0999984741211,74.80000305175781,76.9000015258789,757000
2023-08-22,73.6834716796875,74.4000015258789,76.4000015258789,74.0,75.5,474000
2023-08-23,73.28732299804688,74.0,74.80000305175781,73.4000015258789,73.69999694824219,347000
2023-08-24,73.48538970947266,74.19999694824219,76.5999984741211,74.0,75.30000305175781,854000
2023-08-25,72.09888458251953,72.80000305175781,74.0999984741211,72.80000305175781,73.5,425000
2023-08-28,71.10851287841797,71.80000305175781,74.19999694824219,71.69999694824219,74.0,534000
2023-08-29,72.19791412353516,72.9000015258789,73.0999984741211,71.80000305175781,72.80000305175781,268000
2023-08-30,73.88153839111328,74.5999984741211,78.0,74.5999984741211,75.30000305175781,1470000
2023-08-31,74.47576141357422,75.19999694824219,75.4000015258789,73.5,74.9000015258789,485000
2023-09-01,74.970947265625,75.69999694824219,76.5,74.5999984741211,75.0,855000
2023-09-04,75.06999206542969,75.80000305175781,76.5,74.30000305175781,76.19999694824219,661000
2023-09-05,76.65457916259766,77.4000015258789,77.4000015258789,75.0999984741211,75.5,548000
2023-09-06,75.6642074584961,76.4000015258789,77.4000015258789,76.0999984741211,77.4000015258789,443000
2023-09-07,74.37672424316406,75.0999984741211,76.5,75.0999984741211,76.0,345000
2023-09-08,73.18828582763672,73.9000015258789,75.5999984741211,73.9000015258789,75.0999984741211,379000
2023-09-11,75.26805877685547,76.0,79.5,75.5999984741211,75.5999984741211,2607000
2023-09-12,76.15939331054688,76.9000015258789,77.5999984741211,75.4000015258789,76.69999694824219,982000
2023-09-13,76.5555419921875,77.30000305175781,77.80000305175781,76.0999984741211,76.19999694824219,695000
2023-09-14,77.44686889648438,78.19999694824219,78.80000305175781,77.30000305175781,78.80000305175781,797000
2023-09-15,77.64494323730469,78.4000015258789,79.5,77.5999984741211,78.69999694824219,790000
2023-09-18,85.27079010009766,86.0999984741211,86.0999984741211,78.5,79.0,5026000
2023-09-19,85.1717529296875,86.0,90.0,82.5999984741211,89.4000015258789,8094000
2023-09-20,81.50738525390625,82.30000305175781,87.0,82.30000305175781,87.0,2481000
2023-09-21,84.18138122558594,85.0,86.5,81.19999694824219,81.5,4204000
2023-09-22,82.49775695800781,83.30000305175781,86.5999984741211,83.30000305175781,83.69999694824219,2168000
2023-09-25,81.11123657226562,81.9000015258789,83.80000305175781,81.9000015258789,83.69999694824219,1250000
2023-09-26,82.10160827636719,82.9000015258789,84.5999984741211,82.0,82.0,1288000
2023-09-27,81.01220703125,81.80000305175781,84.0999984741211,81.69999694824219,83.0,832000
2023-09-28,79.92279052734375,80.69999694824219,83.0,80.69999694824219,82.5,741000
2023-10-02,80.51702117919922,81.30000305175781,82.4000015258789,81.0,81.19999694824219,764000
2023-10-03,80.715087890625,81.5,83.19999694824219,81.5,82.30000305175781,734000
2023-10-04,79.42760467529297,80.19999694824219,81.0,79.0999984741211,81.0,777000
2023-10-05,83.19100952148438,84.0,84.5999984741211,80.69999694824219,80.69999694824219,1833000
2023-10-06,83.98331451416016,84.80000305175781,88.0,83.0,84.0,2735000
2023-10-11,88.34092712402344,89.19999694824219,92.5999984741211,85.5999984741211,88.5999984741211,6698000
2023-10-12,89.72744750976562,90.5999984741211,92.0,88.0,89.69999694824219,5324000
2023-10-13,86.26115417480469,87.0999984741211,91.0,87.0,90.9000015258789,2761000
2023-10-16,83.38908386230469,84.19999694824219,86.5,83.80000305175781,86.0999984741211,1466000
2023-10-17,87.44960021972656,88.30000305175781,89.0,84.5,85.5999984741211,2628000
2023-10-18,84.08234405517578,84.9000015258789,89.80000305175781,84.0999984741211,88.19999694824219,2454000
2023-10-19,82.20064544677734,83.0,85.30000305175781,82.5,84.80000305175781,1073000
2023-10-20,80.715087890625,81.5,84.9000015258789,81.5,83.4000015258789,1359000
2023-10-23,88.73707580566406,89.5999984741211,89.5999984741211,81.0,81.5,2878000
2023-10-24,89.82648468017578,90.69999694824219,98.19999694824219,90.30000305175781,98.0,15659000
2023-10-25,90.42070770263672,91.30000305175781,94.9000015258789,90.80000305175781,91.5,5890000
2023-10-26,91.80722045898438,92.69999694824219,96.4000015258789,89.0999984741211,90.80000305175781,9251000
2023-10-27,89.52938079833984,90.4000015258789,92.5999984741211,87.0999984741211,91.80000305175781,3899000
2023-10-30,86.65730285644531,87.5,91.19999694824219,87.5,90.5999984741211,1598000
2023-10-31,89.52938079833984,90.4000015258789,94.0,88.5999984741211,88.80000305175781,6595000
2023-11-01,90.42070770263672,91.30000305175781,94.5,89.4000015258789,93.19999694824219,3419000
2023-11-02,91.90626525878906,92.80000305175781,94.5999984741211,92.30000305175781,94.5999984741211,3876000
2023-11-03,89.72744750976562,90.5999984741211,93.69999694824219,90.5999984741211,93.30000305175781,2111000
2023-11-06,89.92552947998047,90.80000305175781,92.19999694824219,89.69999694824219,91.0,1570000
2023-11-07,90.12359619140625,91.0,93.69999694824219,90.5,91.0,2276000
2023-11-08,90.0245590209961,90.9000015258789,92.5,90.9000015258789,91.5999984741211,1219000
2023-11-09,92.59951782226562,93.5,98.0,91.80000305175781,92.5999984741211,15212000
2023-11-10,91.70818328857422,92.5999984741211,95.4000015258789,92.19999694824219,94.5,4279000
2023-11-13,92.59951782226562,93.5,93.9000015258789,92.19999694824219,93.0,1656000
2023-11-14,91.90626525878906,92.80000305175781,95.0,92.19999694824219,93.5,1868000
2023-11-15,91.70818328857422,92.5999984741211,93.9000015258789,91.0,93.19999694824219,2445000
2023-11-16,91.3120346069336,92.19999694824219,95.0999984741211,91.5999984741211,94.0,3083000
2023-11-17,90.51974487304688,91.4000015258789,92.80000305175781,91.19999694824219,92.0,830000
2023-11-20,90.61878204345703,91.5,93.5,91.5,92.30000305175781,1133000
2023-11-21,92.00530242919922,92.9000015258789,96.30000305175781,92.30000305175781,92.4000015258789,3851000
2023-11-22,90.81685638427734,91.69999694824219,92.80000305175781,91.69999694824219,92.69999694824219,1138000
2023-11-23,90.61878204345703,91.5,93.4000015258789,91.30000305175781,92.80000305175781,1177000
2023-11-24,88.24189758300781,89.0999984741211,92.0,88.5999984741211,91.0999984741211,1596000
2023-11-27,87.1524887084961,88.0,89.5,87.9000015258789,89.0999984741211,754000
2023-11-28,90.12359619140625,91.0,91.0,88.0999984741211,88.0999984741211,768000
2023-11-29,93.0947036743164,94.0,94.9000015258789,91.0999984741211,91.0999984741211,3763000
2023-11-30,93.39181518554688,94.30000305175781,97.30000305175781,94.0999984741211,95.0999984741211,3856000
2023-12-01,92.50048828125,93.4000015258789,94.5999984741211,93.0999984741211,94.4000015258789,888000
2023-12-04,92.89663696289062,93.80000305175781,97.5,93.4000015258789,96.0,2872000
2023-12-05,91.80722045898438,92.69999694824219,99.19999694824219,92.0999984741211,96.0,10908000
2023-12-06,100.52247619628906,101.5,101.5,95.4000015258789,96.0,14232000
2023-12-07,94.18411254882812,95.0999984741211,104.0,95.0999984741211,104.0,11508000
2023-12-08,92.10433197021484,93.0,96.9000015258789,93.0,96.69999694824219,3444000
2023-12-11,91.41107940673828,92.30000305175781,94.5999984741211,91.69999694824219,93.5,2057000
2023-12-12,90.32167053222656,91.19999694824219,92.80000305175781,91.19999694824219,92.30000305175781,1093000
2023-12-13,92.50048828125,93.4000015258789,94.80000305175781,91.9000015258789,92.0,4162000
2023-12-14,92.50048828125,93.4000015258789,95.0,92.30000305175781,93.5999984741211,1768000
2023-12-15,91.21300506591797,92.0999984741211,94.0999984741211,92.0,94.0999984741211,998000
2023-12-18,90.71781921386719,91.5999984741211,92.80000305175781,91.4000015258789,91.9000015258789,610000
2023-12-19,90.51974487304688,91.4000015258789,92.30000305175781,89.5,92.19999694824219,948000
2023-12-20,90.9158935546875,91.80000305175781,92.69999694824219,91.80000305175781,91.80000305175781,436000
2023-12-21,90.71781921386719,91.5999984741211,92.69999694824219,91.19999694824219,91.69999694824219,620000
2023-12-22,90.71781921386719,91.5999984741211,92.69999694824219,91.5,92.19999694824219,476000
2023-12-25,89.43034362792969,90.30000305175781,92.4000015258789,90.30000305175781,92.19999694824219,478000
2023-12-26,89.82648468017578,90.69999694824219,91.80000305175781,90.5,90.69999694824219,317000
2023-12-27,89.82648468017578,90.69999694824219,91.9000015258789,90.69999694824219,91.69999694824219,364000
2023-12-28,89.82648468017578,90.69999694824219,93.0999984741211,90.69999694824219,91.5,902000
2023-12-29,88.9351577758789,89.80000305175781,91.5999984741211,89.80000305175781,91.5999984741211,641000
2024-01-02,91.01493072509766,91.9000015258789,92.5,90.69999694824219,91.19999694824219,864000
2024-01-03,90.32167053222656,91.19999694824219,92.80000305175781,90.80000305175781,91.30000305175781,974000
2024-01-04,88.14286041259766,89.0,91.5,88.80000305175781,90.30000305175781,1013000
2024-01-05,87.74671173095703,88.5999984741211,90.5,88.5999984741211,89.5,462000
2024-01-08,86.95442199707031,87.80000305175781,89.30000305175781,87.80000305175781,88.19999694824219,456000
2024-01-09,87.94478607177734,88.80000305175781,91.5,87.80000305175781,89.9000015258789,816000
2024-01-10,86.0630874633789,86.9000015258789,88.5999984741211,86.9000015258789,88.5,599000
2024-01-11,90.61878204345703,91.5,91.9000015258789,88.5,88.69999694824219,1773000
2024-01-12,87.1524887084961,88.0,92.0,88.0,92.0,1538000
2024-01-15,87.64767456054688,88.5,88.69999694824219,87.19999694824219,87.4000015258789,379008
2024-01-16,86.16211700439453,87.0,88.19999694824219,87.0,88.19999694824219,391000
2024-01-17,82.49775695800781,83.30000305175781,87.5,83.30000305175781,87.0999984741211,937000
2024-01-18,81.90352630615234,82.69999694824219,84.19999694824219,81.5999984741211,83.9000015258789,383000
2024-01-19,84.18138122558594,85.0,86.4000015258789,83.0999984741211,83.0999984741211,924000
2024-01-22,86.45923614501953,87.30000305175781,88.5,85.19999694824219,85.69999694824219,1081000
2024-01-23,86.55827331542969,87.4000015258789,87.9000015258789,85.5,87.30000305175781,621000
2024-01-24,85.66693878173828,86.5,87.80000305175781,86.19999694824219,87.4000015258789,276000
2024-01-25,84.8746337890625,85.69999694824219,87.0,85.5999984741211,87.0,333000
2024-01-26,84.2804183959961,85.0999984741211,86.0,84.80000305175781,86.0,236000
2024-01-29,83.98331451416016,84.80000305175781,86.0,84.5999984741211,85.19999694824219,222000
2024-01-30,85.7659683227539,86.5999984741211,87.80000305175781,85.30000305175781,85.4000015258789,941000
2024-01-31,87.44960021972656,88.30000305175781,89.80000305175781,85.0,86.5999984741211,1756000
2024-02-01,86.45923614501953,87.30000305175781,88.80000305175781,87.0999984741211,87.5,440000
2024-02-02,88.83611297607422,89.69999694824219,89.9000015258789,87.0,87.30000305175781,1277000
2024-02-05,89.43034362792969,90.30000305175781,91.5999984741211,89.4000015258789,89.5999984741211,1616000
2024-02-15,91.01493072509766,91.9000015258789,96.19999694824219,91.5,94.0,2459000
2024-02-16,92.99566650390625,93.9000015258789,94.30000305175781,92.0,92.9000015258789,1656000
2024-02-19,94.08507537841797,95.0,95.9000015258789,91.80000305175781,92.0,2228000
2024-02-20,93.29277801513672,94.19999694824219,95.5999984741211,93.0,95.5,1170000
2024-02-21,92.10433197021484,93.0,95.9000015258789,93.0,95.80000305175781,729000
2024-02-22,90.71781921386719,91.5999984741211,94.0,91.5,93.5999984741211,729000
2024-02-23,90.12359619140625,91.0,92.80000305175781,90.5999984741211,92.69999694824219,647000
2024-02-26,90.32167053222656,91.19999694824219,91.5999984741211,90.5,91.19999694824219,329000
2024-02-27,89.82648468017578,90.69999694824219,94.80000305175781,90.69999694824219,94.0,1201000
2024-02-29,98.73980712890625,99.69999694824219,99.69999694824219,95.4000015258789,95.4000015258789,3215000
2024-03-01,95.075439453125,96.0,104.0,96.0,102.0,11553000
2024-03-04,93.68892669677734,94.5999984741211,98.4000015258789,94.5999984741211,97.9000015258789,2635000
2024-03-05,97.84848022460938,98.80000305175781,104.0,98.0,98.0,10550000
2024-03-06,97.74943542480469,98.69999694824219,103.0,97.80000305175781,99.5,5067000
2024-03-07,95.86774444580078,96.80000305175781,102.5,96.80000305175781,101.0,4293000
2024-03-08,92.59951782226562,93.5,98.80000305175781,92.4000015258789,98.5,2954000
2024-03-11,93.19374084472656,94.0999984741211,94.80000305175781,92.4000015258789,93.4000015258789,1165000
2024-03-12,99.03691864013672,100.0,103.0,96.30000305175781,99.0,7819000
2024-03-13,94.67929077148438,95.5999984741211,102.5,95.5999984741211,100.5,4683000
2024-03-14,92.89663696289062,93.80000305175781,97.5,93.4000015258789,96.69999694824219,2038000
2024-03-15,90.32167053222656,91.19999694824219,93.5999984741211,91.0999984741211,91.69999694824219,1440000
2024-03-18,90.32167053222656,91.19999694824219,91.19999694824219,91.19999694824219,91.19999694824219,0
2024-03-19,90.0245590209961,90.9000015258789,92.5999984741211,90.80000305175781,92.0,776000
2024-03-20,90.0245590209961,90.9000015258789,90.9000015258789,90.9000015258789,90.9000015258789,0
2024-03-21,87.64767456054688,88.5,89.9000015258789,88.0999984741211,89.5,641000
2024-03-22,87.64767456054688,88.5,89.4000015258789,88.0,88.0,316000
2024-03-25,87.64767456054688,88.5,88.5,88.5,88.5,0
2024-03-26,89.72744750976562,90.5999984741211,94.30000305175781,90.0999984741211,90.5,2534000
2024-03-27,89.03419494628906,89.9000015258789,91.0,89.5999984741211,90.19999694824219,544000
2024-03-28,89.82648468017578,90.69999694824219,91.0,89.5999984741211,90.19999694824219,360000
2024-03-29,90.42070770263672,91.30000305175781,93.5,91.0999984741211,91.19999694824219,1064000
2024-04-01,90.61878204345703,91.5,91.9000015258789,90.30000305175781,90.4000015258789,551000
2024-04-02,91.11396789550781,92.0,93.4000015258789,91.19999694824219,92.19999694824219,1020000
2024-04-03,91.11396789550781,92.0,92.0,90.0,90.80000305175781,486000
2024-04-08,89.92552947998047,90.80000305175781,93.0999984741211,90.80000305175781,93.0999984741211,293000
2024-04-09,89.331298828125,90.19999694824219,92.19999694824219,90.0999984741211,92.19999694824219,289000
2024-04-10,88.53900909423828,89.4000015258789,90.30000305175781,89.19999694824219,90.0999984741211,361000
2024-04-11,88.0438232421875,88.9000015258789,91.0,88.80000305175781,89.0,539000
2024-04-12,88.14286041259766,89.0,89.5999984741211,88.5999984741211,89.5999984741211,396000
2024-04-15,85.66693878173828,86.5,88.19999694824219,86.0999984741211,88.0999984741211,473000
2024-04-16,81.21027374267578,82.0,86.0,81.30000305175781,86.0,875000
2024-04-17,82.9929428100586,83.80000305175781,83.9000015258789,82.30000305175781,83.5,354000
2024-04-18,81.50738525390625,82.30000305175781,83.0999984741211,82.19999694824219,82.80000305175781,316000
2024-04-19,78.23916625976562,79.0,82.19999694824219,77.30000305175781,82.0999984741211,730000
2024-04-22,76.06035614013672,76.80000305175781,79.9000015258789,76.19999694824219,79.0999984741211,418000
2024-04-23,77.64494323730469,78.4000015258789,78.69999694824219,77.5,77.9000015258789,237000
2024-04-24,78.83338928222656,79.5999984741211,80.0999984741211,79.0999984741211,79.30000305175781,197000
2024-04-25,77.44686889648438,78.19999694824219,79.69999694824219,78.0999984741211,79.69999694824219,182000
2024-04-26,76.85264587402344,77.5999984741211,78.80000305175781,77.30000305175781,78.4000015258789,371000
2024-04-29,76.45649719238281,77.19999694824219,78.19999694824219,77.0,78.0999984741211,772000
2024-04-30,73.28732299804688,74.0,78.30000305175781,74.0,77.0999984741211,1781000
2024-05-02,74.77287292480469,75.5,75.5,71.69999694824219,74.0,857000
2024-05-03,74.970947265625,75.69999694824219,76.30000305175781,74.9000015258789,75.19999694824219,323000
2024-05-06,75.06999206542969,75.80000305175781,76.9000015258789,75.69999694824219,76.69999694824219,420000
2024-05-07,79.22953796386719,80.0,80.19999694824219,75.19999694824219,75.69999694824219,1370000
2024-05-08,76.25843048095703,77.0,80.0999984741211,76.0999984741211,80.0999984741211,1012000
2024-05-09,76.75361633300781,77.5,77.9000015258789,76.19999694824219,77.4000015258789,281000
2024-05-10,76.85264587402344,77.5999984741211,77.9000015258789,76.5999984741211,77.9000015258789,229000
2024-05-13,76.5555419921875,77.30000305175781,77.5,76.80000305175781,77.4000015258789,189000
2024-05-14,77.44686889648438,78.19999694824219,78.30000305175781,77.30000305175781,77.80000305175781,221000
2024-05-15,78.7343521118164,79.5,79.80000305175781,77.5,77.5,568000
2024-05-16,77.05072784423828,77.80000305175781,81.80000305175781,77.80000305175781,81.80000305175781,909000
2024-05-17,77.34783172607422,78.0999984741211,78.5999984741211,77.30000305175781,77.80000305175781,174000
2024-05-20,76.35746765136719,77.0999984741211,78.9000015258789,76.9000015258789,78.9000015258789,213000
2024-05-21,77.24879455566406,78.0,81.4000015258789,78.0,79.5,1053000
2024-05-22,78.23916625976562,79.0,79.4000015258789,78.30000305175781,78.30000305175781,280000
2024-05-23,77.05072784423828,77.80000305175781,79.5999984741211,77.5999984741211,79.0,247000
2024-05-24,76.65457916259766,77.4000015258789,78.0,77.0999984741211,77.69999694824219,196000
2024-05-27,78.23916625976562,79.0,79.19999694824219,77.5,78.0,296000
2024-05-28,78.63531494140625,79.4000015258789,79.80000305175781,79.0999984741211,79.80000305175781,265000
2024-05-29,78.5362777709961,79.30000305175781,79.5999984741211,78.5999984741211,79.4000015258789,169000
2024-05-30,82.00257110595703,82.80000305175781,86.5,79.30000305175781,80.0,3548000
2024-05-31,81.21027374267578,82.0,84.0,80.80000305175781,83.30000305175781,1242000
2024-06-03,82.59679412841797,83.4000015258789,83.9000015258789,81.69999694824219,83.0,751000
2024-06-04,80.715087890625,81.5,83.9000015258789,81.0999984741211,83.0,427000
2024-06-05,80.31893920898438,81.0999984741211,83.30000305175781,81.0,82.5999984741211,408000
2024-06-06,78.63531494140625,79.4000015258789,81.9000015258789,79.4000015258789,81.9000015258789,304000
2024-06-07,78.43724060058594,79.19999694824219,79.5999984741211,79.0999984741211,79.19999694824219,218000
2024-06-11,76.25843048095703,77.0,78.69999694824219,77.0,78.5999984741211,314000
2024-06-12,75.96131134033203,76.69999694824219,77.5999984741211,76.5,77.5999984741211,168000
2024-06-13,76.06035614013672,76.80000305175781,77.9000015258789,76.5,77.19999694824219,219000
2024-06-14,76.5555419921875,77.30000305175781,77.9000015258789,76.80000305175781,76.80000305175781,156000
2024-06-17,76.45649719238281,77.19999694824219,77.9000015258789,76.80000305175781,77.4000015258789,165000
2024-06-18,76.06035614013672,76.80000305175781,77.5,76.69999694824219,77.19999694824219,257000
2024-06-19,75.06999206542969,75.80000305175781,77.5,75.69999694824219,76.5,426000
2024-06-20,76.5555419921875,77.30000305175781,77.30000305175781,76.0,76.0,317000
2024-06-21,76.65457916259766,77.4000015258789,78.0,76.5999984741211,77.30000305175781,333000
2024-06-24,75.96131134033203,76.69999694824219,77.5,76.5,77.5,177000
2024-06-25,74.87191009521484,75.5999984741211,76.4000015258789,74.30000305175781,76.4000015258789,299000
2024-06-26,74.87191009521484,75.5999984741211,76.9000015258789,75.5999984741211,76.0999984741211,174000
2024-06-27,74.07962036132812,74.80000305175781,75.5999984741211,74.69999694824219,75.5999984741211,164000
2024-06-28,74.37672424316406,75.0999984741211,75.4000015258789,74.5,75.0,120000
2024-07-01,74.07962036132812,74.80000305175781,75.9000015258789,74.80000305175781,75.19999694824219,160000
2024-07-02,73.18828582763672,73.9000015258789,75.5,73.69999694824219,75.5,192000
2024-07-03,75.46613311767578,76.19999694824219,76.30000305175781,74.80000305175781,74.9000015258789,332000
2024-07-04,74.87191009521484,75.5999984741211,77.0,75.5,77.0,202000
2024-07-05,76.9516830444336,77.69999694824219,77.69999694824219,75.5999984741211,76.0,352000
2024-07-08,76.25843048095703,77.0,78.19999694824219,76.30000305175781,78.19999694824219,224000
2024-07-09,74.37672424316406,75.0999984741211,76.5,74.0999984741211,76.4000015258789,265000
2024-07-10,74.5748062133789,75.30000305175781,75.80000305175781,74.5999984741211,75.0999984741211,95000
2024-07-11,73.78250885009766,74.5,75.69999694824219,74.5,75.30000305175781,280000
2024-07-12,74.87191009521484,75.5999984741211,76.5,74.5,74.5,260000
2024-07-15,77.94205474853516,78.69999694824219,81.69999694824219,77.5,77.5,1456000
2024-07-16,79.13050079345703,79.9000015258789,83.5999984741211,79.30000305175781,80.9000015258789,1813000
2024-07-17,82.10160827636719,82.9000015258789,84.9000015258789,80.0,80.5999984741211,2764000
2024-07-18,79.52664947509766,80.30000305175781,82.5,80.19999694824219,82.5,724000
2024-07-19,77.24879455566406,78.0,82.0,78.0,82.0,547000
2024-07-22,77.94205474853516,78.69999694824219,82.5,77.5,80.5999984741211,951000
2024-07-23,79.62568664550781,80.4000015258789,83.30000305175781,80.4000015258789,82.0,935000
2024-07-26,77.05072784423828,77.80000305175781,78.5,76.5999984741211,78.0,311000
2024-07-29,77.74398040771484,78.5,83.4000015258789,78.5,79.69999694824219,1578000
2024-07-30,77.94205474853516,78.69999694824219,79.5999984741211,75.0,78.0999984741211,915000
2024-07-31,75.96131134033203,76.69999694824219,78.30000305175781,76.69999694824219,77.30000305175781,326000
2024-08-01,75.26805877685547,76.0,77.30000305175781,76.0,76.69999694824219,529000
2024-08-02,72.7921371459961,73.5,75.5,73.4000015258789,74.69999694824219,440000
2024-08-05,65.56243896484375,66.19999694824219,71.0,66.19999694824219,71.0,611000
2024-08-06,60.01637268066406,60.599998474121094,65.0999984741211,59.599998474121094,62.0,1411000
2024-08-07,65.95858764648438,66.5999984741211,66.5999984741211,61.20000076293945,61.79999923706055,606000
2024-08-08,64.96821594238281,65.5999984741211,66.5,63.900001525878906,64.5,322000
2024-08-09,65.06725311279297,65.69999694824219,69.5,65.5999984741211,67.80000305175781,384000
2024-08-12,65.56243896484375,66.19999694824219,66.80000305175781,65.19999694824219,66.69999694824219,229000
2024-08-13,65.26533508300781,65.9000015258789,66.9000015258789,65.19999694824219,66.69999694824219,223000
2024-08-14,66.25569915771484,66.9000015258789,67.5,66.30000305175781,66.5,254000
2024-08-15,66.25569915771484,66.9000015258789,67.5,66.30000305175781,67.4000015258789,124000
2024-08-16,66.84992218017578,67.5,67.9000015258789,67.30000305175781,67.5,207000
2024-08-19,67.34510803222656,68.0,68.0999984741211,67.30000305175781,67.30000305175781,173000
2024-08-20,67.04798889160156,67.69999694824219,69.4000015258789,67.69999694824219,69.4000015258789,209000
2024-08-21,66.84992218017578,67.5,68.5,66.5,67.4000015258789,140000
2024-08-22,66.94895935058594,67.5999984741211,69.30000305175781,67.5999984741211,68.5,199000
2024-08-23,67.74125671386719,68.4000015258789,69.80000305175781,66.9000015258789,67.0,556000
2024-08-26,74.47576141357422,75.19999694824219,75.19999694824219,74.5,75.19999694824219,581000
2024-08-27,79.13050079345703,79.9000015258789,82.5999984741211,77.69999694824219,77.69999694824219,7579000
2024-08-28,79.42760467529297,80.19999694824219,80.5,76.80000305175781,79.0,2565000
2024-08-29,78.83338928222656,79.5999984741211,81.9000015258789,78.19999694824219,78.69999694824219,2703000
2024-08-30,77.94205474853516,78.69999694824219,80.5999984741211,77.0999984741211,80.5999984741211,1391000
2024-09-02,75.96131134033203,76.69999694824219,79.30000305175781,76.5,78.30000305175781,674000
2024-09-03,74.2776870727539,75.0,77.4000015258789,75.0,77.4000015258789,360000
2024-09-04,71.20755004882812,71.9000015258789,73.4000015258789,70.0999984741211,71.0999984741211,367000
2024-09-05,70.21717834472656,70.9000015258789,73.0999984741211,70.4000015258789,72.0,296000
2024-09-06,70.31621551513672,71.0,73.19999694824219,71.0,73.19999694824219,228000
2024-09-09,70.61332702636719,71.30000305175781,72.0,69.30000305175781,70.4000015258789,171000
2024-09-10,68.6325912475586,69.30000305175781,75.4000015258789,69.0999984741211,72.69999694824219,1093000
2024-09-11,66.84992218017578,67.5,69.9000015258789,67.30000305175781,68.19999694824219,455000
2024-09-12,67.93932342529297,68.5999984741211,69.19999694824219,68.30000305175781,68.5,210000
2024-09-13,67.84029388427734,68.5,70.0,68.5,69.9000015258789,186000
2024-09-16,67.93932342529297,68.5999984741211,69.80000305175781,68.5,69.80000305175781,127000
2024-09-18,68.92969512939453,69.5999984741211,72.0,69.5999984741211,70.0999984741211,682000
2024-09-19,70.8114013671875,71.5,71.5,70.19999694824219,71.19999694824219,673000
2024-09-20,70.1181411743164,70.80000305175781,72.30000305175781,70.5999984741211,71.5,400000
2024-09-23,69.72199249267578,70.4000015258789,71.30000305175781,70.30000305175781,71.30000305175781,151000
2024-09-24,68.43450927734375,69.0999984741211,70.4000015258789,68.69999694824219,70.4000015258789,201000
2024-09-25,68.6325912475586,69.30000305175781,70.19999694824219,69.19999694824219,69.9000015258789,217000
2024-09-26,67.93932342529297,68.5999984741211,69.69999694824219,68.5,69.69999694824219,146000
2024-09-27,68.73162078857422,69.4000015258789,70.19999694824219,68.80000305175781,68.80000305175781,229000
2024-09-30,68.3354721069336,69.0,69.9000015258789,68.80000305175781,69.9000015258789,100000
2024-10-01,68.3354721069336,69.0,69.9000015258789,68.5,69.0,117000
2024-10-04,69.32584381103516,70.0,70.5,68.9000015258789,69.0,308000
2024-10-07,70.21717834472656,70.9000015258789,73.4000015258789,70.80000305175781,72.30000305175781,868000
2024-10-08,71.00946807861328,71.69999694824219,75.9000015258789,71.5,72.0999984741211,1531000
2024-10-09,69.12776947021484,69.80000305175781,72.5999984741211,69.80000305175781,72.5999984741211,407000
2024-10-11,68.13740539550781,68.80000305175781,70.19999694824219,68.80000305175781,69.30000305175781,243000
2024-10-14,68.43450927734375,69.0999984741211,70.19999694824219,68.0,68.19999694824219,154000
2024-10-15,68.43450927734375,69.0999984741211,71.4000015258789,69.0999984741211,70.4000015258789,214000
2024-10-16,69.226806640625,69.9000015258789,70.5,69.0,70.0,169000
2024-10-17,70.21717834472656,70.9000015258789,71.0,70.19999694824219,70.5,220000
2024-10-18,69.42488098144531,70.0999984741211,71.4000015258789,69.9000015258789,71.30000305175781,210000
2024-10-21,71.60369873046875,72.30000305175781,72.30000305175781,70.80000305175781,70.80000305175781,464000
2024-10-22,70.8114013671875,71.5,72.9000015258789,71.4000015258789,71.5,273000
2024-10-23,69.82102966308594,70.5,72.0,70.5,71.9000015258789,188000
2024-10-24,68.92969512939453,69.5999984741211,70.5,69.5999984741211,70.5,187000
2024-10-25,70.41524505615234,71.0999984741211,71.19999694824219,69.5999984741211,70.19999694824219,191000
2024-10-28,68.3354721069336,69.0,72.19999694824219,69.0,71.9000015258789,399000
2024-10-29,75.16902160644531,75.9000015258789,75.9000015258789,69.9000015258789,70.0999984741211,3303000
2024-10-30,75.46613311767578,76.19999694824219,82.9000015258789,74.80000305175781,78.4000015258789,11285000
2024-11-01,75.46613311767578,76.19999694824219,77.9000015258789,75.0999984741211,75.5,2148000
2024-11-04,71.99983978271484,72.69999694824219,75.5999984741211,72.0,75.4000015258789,890000
2024-11-05,71.30657958984375,72.0,73.69999694824219,72.0,72.4000015258789,459000
2024-11-06,78.43724060058594,79.19999694824219,79.19999694824219,72.80000305175781,73.5999984741211,2335000
2024-11-07,83.48812866210938,84.30000305175781,87.0999984741211,83.5999984741211,86.9000015258789,12111000
2024-11-08,79.8237533569336,80.5999984741211,85.0999984741211,79.69999694824219,84.5,3695000
2024-11-11,81.6064224243164,82.4000015258789,86.5,81.0999984741211,85.5,5151000
2024-11-12,82.00257110595703,82.80000305175781,85.9000015258789,82.0999984741211,84.80000305175781,4278000
2024-11-13,77.24879455566406,78.0,82.0,78.0,82.0,1852000
2024-11-14,76.5555419921875,77.30000305175781,80.69999694824219,77.0999984741211,79.5,1712000
2024-11-15,73.98057556152344,74.69999694824219,77.5999984741211,74.69999694824219,76.4000015258789,857000
2024-11-18,77.54591369628906,78.30000305175781,79.0,75.0,75.30000305175781,2164000
2024-11-19,77.34783172607422,78.0999984741211,80.0,77.30000305175781,77.9000015258789,1449000
2024-11-20,76.75361633300781,77.5,78.9000015258789,76.5999984741211,78.0999984741211,660880
2024-11-21,79.03146362304688,79.80000305175781,79.80000305175781,77.80000305175781,78.80000305175781,1538000
2024-11-22,76.9516830444336,77.69999694824219,80.80000305175781,77.69999694824219,80.19999694824219,1180000
2024-11-25,76.45649719238281,77.19999694824219,78.5999984741211,77.19999694824219,78.19999694824219,471000
2024-11-26,74.77287292480469,75.5,77.69999694824219,75.5,76.80000305175781,601000
2024-11-27,72.89117431640625,73.5999984741211,76.30000305175781,73.5999984741211,75.9000015258789,538000
2024-11-28,72.29695129394531,73.0,75.0,73.0,74.0,484000
2024-11-29,72.69309997558594,73.4000015258789,73.5999984741211,72.5,73.0999984741211,231000
2024-12-02,71.80176544189453,72.5,74.19999694824219,72.5,74.19999694824219,205000
2024-12-03,72.49502563476562,73.19999694824219,74.0,72.5,73.0,333000
2024-12-04,74.970947265625,75.69999694824219,75.80000305175781,72.9000015258789,73.19999694824219,520000
2024-12-05,78.23916625976562,79.0,81.5,75.19999694824219,76.19999694824219,2079000
2024-12-06,76.45649719238281,77.19999694824219,80.0999984741211,77.19999694824219,79.0,1777000
2024-12-09,76.65457916259766,77.4000015258789,78.0,76.4000015258789,78.0,488000
2024-12-10,74.07962036132812,74.80000305175781,77.0,74.4000015258789,76.30000305175781,485000
2024-12-11,72.99020385742188,73.69999694824219,75.19999694824219,73.19999694824219,74.5999984741211,251000
2024-12-12,72.39598846435547,73.0999984741211,75.9000015258789,73.0999984741211,75.9000015258789,467000
2024-12-13,70.61332702636719,71.30000305175781,73.9000015258789,71.30000305175781,73.9000015258789,346000
2024-12-16,68.92969512939453,69.5999984741211,73.30000305175781,69.30000305175781,72.30000305175781,476000
2024-12-17,70.1181411743164,70.80000305175781,71.0,69.80000305175781,70.19999694824219,340000
2024-12-18,69.82102966308594,70.5,70.9000015258789,69.5,70.19999694824219,218000
2024-12-19,69.12776947021484,69.80000305175781,70.0999984741211,69.5,69.5999984741211,246000
2024-12-20,68.3354721069336,69.0,70.9000015258789,69.0,69.80000305175781,218000
2024-12-23,69.42488098144531,70.0999984741211,70.0999984741211,69.0999984741211,69.5,133000
2024-12-24,70.31621551513672,71.0,71.80000305175781,70.5999984741211,70.5999984741211,272000
2024-12-25,70.01909637451172,70.69999694824219,72.19999694824219,70.0999984741211,72.19999694824219,192000
2024-12-26,69.72199249267578,70.4000015258789,71.9000015258789,70.0999984741211,71.30000305175781,227000
2024-12-27,69.52391815185547,70.19999694824219,71.0999984741211,70.0,71.0999984741211,121000
2024-12-30,68.92969512939453,69.5999984741211,71.19999694824219,69.5999984741211,70.0,159000
2024-12-31,69.62295532226562,70.30000305175781,70.4000015258789,69.19999694824219,69.5999984741211,99000
2025-01-02,69.42488098144531,70.0999984741211,71.0,70.0,70.5999984741211,155000
2025-01-03,68.3354721069336,69.0,71.19999694824219,69.0,71.19999694824219,162000
2025-01-06,69.82102966308594,70.5,71.19999694824219,69.30000305175781,70.0,307000
2025-01-07,70.61332702636719,71.30000305175781,73.0,69.69999694824219,71.69999694824219,399000
2025-01-08,69.226806640625,69.9000015258789,71.0999984741211,69.80000305175781,71.0999984741211,181000
2025-01-09,66.75088500976562,67.4000015258789,70.19999694824219,67.30000305175781,70.0,326000
2025-01-10,66.75088500976562,67.4000015258789,67.80000305175781,66.69999694824219,67.0999984741211,129000
2025-01-13,63.977848052978516,64.5999984741211,68.5,64.30000305175781,68.4000015258789,481000
2025-01-14,66.25569915771484,66.9000015258789,67.19999694824219,64.5999984741211,64.5999984741211,238000
2025-01-15,65.4634017944336,66.0999984741211,67.5,66.0999984741211,67.5,66000
2025-01-16,67.04798889160156,67.69999694824219,68.0,67.0999984741211,67.4000015258789,114000
2025-01-17,66.84992218017578,67.5,68.5,67.0,68.5,114000
2025-01-20,68.83065795898438,69.5,69.69999694824219,67.5,67.9000015258789,350000
2025-01-21,69.02873229980469,69.69999694824219,71.9000015258789,69.5999984741211,70.9000015258789,383000
2025-01-22,69.12776947021484,69.80000305175781,71.0,69.0,70.5,212000
2025-02-03,69.72199249267578,70.4000015258789,70.5999984741211,67.5999984741211,69.5999984741211,224320
2025-02-04,70.71236419677734,71.4000015258789,72.19999694824219,69.5999984741211,71.4000015258789,367080
2025-02-05,71.00946807861328,71.69999694824219,72.5,71.30000305175781,72.5,179171
2025-02-06,70.8114013671875,71.5,72.19999694824219,71.30000305175781,72.19999694824219,198865
2025-02-07,70.71236419677734,71.4000015258789,72.5,71.4000015258789,72.4000015258789,236021
2025-02-10,71.30657958984375,72.0,72.4000015258789,71.0,71.9000015258789,184200
2025-02-11,71.30657958984375,72.0,73.5,71.69999694824219,72.5999984741211,250011
2025-02-12,71.00946807861328,71.69999694824219,72.5,71.0999984741211,71.80000305175781,166343
2025-02-13,72.09888458251953,72.80000305175781,73.0,71.19999694824219,72.0999984741211,269116
2025-02-14,72.09888458251953,72.80000305175781,73.5999984741211,72.5999984741211,73.0,233201
2025-02-17,74.37672424316406,75.0999984741211,76.19999694824219,73.69999694824219,74.0,944395
2025-02-18,78.14012908935547,78.9000015258789,81.4000015258789,75.19999694824219,76.4000015258789,2301603
2025-02-19,78.23916625976562,79.0,79.80000305175781,78.0999984741211,79.19999694824219,706300
2025-02-20,78.33820343017578,79.0999984741211,80.9000015258789,79.0999984741211,80.0,803137
2025-02-21,77.24879455566406,78.0,79.5999984741211,78.0,79.5,344103
2025-02-24,77.14976501464844,77.9000015258789,78.30000305175781,76.4000015258789,77.19999694824219,277078
2025-02-25,77.24879455566406,78.0,78.0999984741211,74.5,77.30000305175781,338065
2025-02-26,77.24879455566406,78.0,79.5999984741211,75.9000015258789,78.19999694824219,767240
2025-02-27,76.06035614013672,76.80000305175781,78.4000015258789,76.5999984741211,77.5999984741211,282018
2025-03-03,74.07962036132812,74.80000305175781,82.9000015258789,74.5999984741211,82.19999694824219,2135106
2025-03-04,75.76324462890625,76.5,76.5999984741211,73.4000015258789,74.80000305175781,463006
2025-03-05,75.56517028808594,76.30000305175781,76.9000015258789,75.5,75.80000305175781,245005
2025-03-06,74.970947265625,75.69999694824219,77.19999694824219,75.4000015258789,76.9000015258789,217001
2025-03-07,75.06999206542969,75.80000305175781,79.19999694824219,75.5,75.5,798060
2025-03-10,74.5748062133789,75.30000305175781,76.80000305175781,75.0,75.80000305175781,266402
2025-03-11,75.96131134033203,76.69999694824219,77.5999984741211,71.69999694824219,73.9000015258789,605032
2025-03-12,75.26805877685547,76.0,77.30000305175781,75.0999984741211,75.30000305175781,277151
2025-03-13,73.48538970947266,74.19999694824219,76.69999694824219,73.5,76.0999984741211,207016
2025-03-14,73.3863525390625,74.0999984741211,74.5999984741211,73.19999694824219,74.0,151027
2025-03-17,71.60369873046875,72.30000305175781,76.4000015258789,72.30000305175781,75.69999694824219,493095
2025-03-18,72.49502563476562,73.19999694824219,74.0,72.0999984741211,72.0999984741211,255525
2025-03-19,71.70272827148438,72.4000015258789,73.4000015258789,72.19999694824219,73.30000305175781,245159
2025-03-20,72.7921371459961,73.5,74.0999984741211,72.69999694824219,72.69999694824219,182119
2025-03-21,72.89117431640625,73.5999984741211,73.9000015258789,73.19999694824219,73.9000015258789,74010
2025-03-24,72.59406280517578,73.30000305175781,73.9000015258789,73.0999984741211,73.9000015258789,87004
2025-03-25,72.7921371459961,73.5,74.0,72.69999694824219,74.0,205479
2025-03-26,72.89117431640625,73.5999984741211,74.5999984741211,73.19999694824219,73.5,116003
2025-03-27,71.60369873046875,72.30000305175781,74.0,72.30000305175781,73.80000305175781,263500
2025-03-28,69.32584381103516,70.0,72.30000305175781,69.69999694824219,72.30000305175781,334104
2025-03-31,64.57206726074219,65.19999694824219,68.19999694824219,65.0,67.0,412079
2025-04-01,67.74125671386719,68.4000015258789,68.4000015258789,65.5999984741211,67.19999694824219,161586
2025-04-02,67.84029388427734,68.5,69.0,67.69999694824219,69.0,62121
2025-04-07,61.10578155517578,61.70000076293945,61.70000076293945,61.70000076293945,61.70000076293945,50107
2025-04-08,55.06452560424805,55.599998474121094,55.599998474121094,55.599998474121094,55.599998474121094,169808
2025-04-09,49.617496490478516,50.099998474121094,52.0,50.099998474121094,50.20000076293945,480399
2025-04-10,54.569339752197266,55.099998474121094,55.099998474121094,53.0,54.29999923706055,585000
2025-04-11,52.489566802978516,53.0,53.400001525878906,50.5,51.0,504190
2025-04-14,56.94622802734375,57.5,58.29999923706055,54.70000076293945,54.70000076293945,442042
2025-04-15,58.7288932800293,59.29999923706055,60.20000076293945,58.29999923706055,60.20000076293945,148625
2025-04-16,56.550079345703125,57.099998474121094,59.79999923706055,57.0,59.79999923706055,179040
2025-04-17,57.342376708984375,57.900001525878906,57.900001525878906,55.29999923706055,56.70000076293945,106500
2025-04-18,56.74815368652344,57.29999923706055,58.0,57.29999923706055,58.0,81155
2025-04-21,55.16356658935547,55.70000076293945,56.5,55.29999923706055,56.5,82002
2025-04-22,54.965492248535156,55.5,56.900001525878906,55.0,55.400001525878906,106601
2025-04-23,56.550079345703125,57.099998474121094,58.29999923706055,57.0,58.29999923706055,153001
2025-04-24,56.64912033081055,57.20000076293945,58.70000076293945,57.0,58.099998474121094,121000
2025-04-25,57.837562561035156,58.400001525878906,58.70000076293945,57.900001525878906,58.099998474121094,164139
2025-04-28,59.12504196166992,59.70000076293945,60.0,58.599998474121094,58.599998474121094,81093
2025-04-29,60.214447021484375,60.79999923706055,60.79999923706055,59.29999923706055,59.400001525878906,110300
2025-04-30,58.92696762084961,59.5,61.0,59.400001525878906,61.0,149002
2025-05-02,61.303855895996094,61.900001525878906,63.5,60.79999923706055,60.79999923706055,364100
2025-05-05,62.09614944458008,62.70000076293945,65.0,60.400001525878906,65.0,322051
2025-05-06,62.69036865234375,63.29999923706055,63.400001525878906,62.400001525878906,62.5,112120
2025-05-07,64.0768814086914,64.69999694824219,66.9000015258789,62.79999923706055,64.4000015258789,309105
2025-05-08,66.65184783935547,67.30000305175781,67.80000305175781,65.19999694824219,65.19999694824219,219331
2025-05-09,65.36436462402344,66.0,72.80000305175781,66.0,71.30000305175781,1771239
2025-05-12,67.34510803222656,68.0,69.30000305175781,66.5,66.5999984741211,399043
2025-05-13,70.1181411743164,70.80000305175781,72.9000015258789,69.5,71.4000015258789,838681
2025-05-14,70.61332702636719,71.30000305175781,72.9000015258789,70.5999984741211,70.80000305175781,338025
2025-05-15,70.8114013671875,71.5,71.9000015258789,70.9000015258789,71.0,194559
2025-05-16,71.00946807861328,71.69999694824219,72.69999694824219,71.4000015258789,72.5,252060
2025-05-19,71.60369873046875,72.30000305175781,73.0,71.80000305175781,72.30000305175781,192170
2025-05-20,70.91043090820312,71.5999984741211,72.9000015258789,71.5999984741211,72.5,192000
2025-05-21,71.10851287841797,71.80000305175781,73.30000305175781,71.69999694824219,72.5,195300
2025-05-22,72.09888458251953,72.80000305175781,77.5,72.5999984741211,74.4000015258789,3056600
2025-05-23,72.09888458251953,72.80000305175781,74.4000015258789,72.19999694824219,74.19999694824219,169000
2025-05-26,71.4056167602539,72.0999984741211,73.0999984741211,71.30000305175781,72.9000015258789,194012
2025-05-27,71.20755004882812,71.9000015258789,73.0999984741211,71.80000305175781,72.5999984741211,163100
2025-05-28,70.5142822265625,71.19999694824219,72.9000015258789,70.0999984741211,72.30000305175781,158001
2025-05-29,70.71236419677734,71.4000015258789,72.19999694824219,70.5999984741211,72.0999984741211,112000
2025-06-02,69.226806640625,69.9000015258789,71.0,69.19999694824219,71.0,143502
2025-06-03,68.13740539550781,68.80000305175781,70.30000305175781,68.80000305175781,69.9000015258789,133020
2025-06-04,69.226806640625,69.9000015258789,70.0,69.0,69.0999984741211,106001
2025-06-05,70.21717834472656,70.9000015258789,71.5,69.5,70.19999694824219,148003
2025-06-06,69.02873229980469,69.69999694824219,70.9000015258789,69.69999694824219,70.9000015258789,95021
2025-06-09,67.93932342529297,68.5999984741211,69.69999694824219,68.4000015258789,69.69999694824219,100100
2025-06-10,69.82102966308594,70.5,71.19999694824219,69.80000305175781,70.0,170000
2025-06-11,71.10851287841797,71.80000305175781,72.0,70.5,70.5,209460
2025-06-12,71.4056167602539,72.0999984741211,72.30000305175781,71.19999694824219,71.69999694824219,146031
2025-06-13,68.92969512939453,69.5999984741211,71.5,69.0999984741211,71.5,197003
2025-06-16,68.83065795898438,69.5,69.5999984741211,68.69999694824219,69.5999984741211,54325
2025-06-17,67.84029388427734,68.5,70.5,68.4000015258789,70.19999694824219,116613
2025-06-18,68.13740539550781,68.80000305175781,69.80000305175781,68.5,68.80000305175781,94114
2025-06-19,66.84992218017578,67.5,68.80000305175781,67.0999984741211,68.80000305175781,145001
2025-06-20,66.354736328125,67.0,67.5999984741211,66.5,67.5,99006
2025-06-23,65.36436462402344,66.0,66.9000015258789,65.0,65.30000305175781,59000
2025-06-24,66.65184783935547,67.30000305175781,67.5,66.69999694824219,66.69999694824219,68055
2025-06-25,67.34510803222656,68.0,68.80000305175781,67.5999984741211,68.80000305175781,78001
2025-06-26,68.3354721069336,69.0,69.69999694824219,68.0,68.30000305175781,208041
2025-06-27,67.34510803222656,68.0,69.0,67.5999984741211,69.0,99111
2025-06-30,66.65184783935547,67.30000305175781,68.0,66.69999694824219,68.0,87000
2025-07-01,66.65184783935547,67.30000305175781,68.4000015258789,67.30000305175781,67.69999694824219,71035
2025-07-02,66.65184783935547,67.30000305175781,67.5999984741211,66.69999694824219,66.9000015258789,56017
2025-07-03,66.75088500976562,67.4000015258789,68.9000015258789,67.0999984741211,68.9000015258789,74141
2025-07-04,65.56243896484375,66.19999694824219,68.0,66.0,67.80000305175781,111031
2025-07-07,66.25569915771484,66.9000015258789,66.9000015258789,64.69999694824219,66.69999694824219,126012
2025-07-08,66.65184783935547,67.30000305175781,67.30000305175781,65.5999984741211,66.9000015258789,142150
2025-07-09,68.03836059570312,68.69999694824219,68.69999694824219,66.5,67.19999694824219,179020
2025-07-10,70.31621551513672,71.0,72.30000305175781,68.80000305175781,69.0999984741211,556772
2025-07-11,71.10851287841797,71.80000305175781,73.80000305175781,71.4000015258789,73.0,767065
2025-07-14,71.4056167602539,72.0999984741211,73.30000305175781,70.19999694824219,72.30000305175781,421151
2025-07-15,71.50465393066406,72.19999694824219,73.5,71.69999694824219,72.5,401002
2025-07-16,70.31621551513672,71.0,73.30000305175781,70.80000305175781,72.5,275139
2025-07-17,71.60369873046875,72.30000305175781,72.5999984741211,71.0999984741211,71.69999694824219,254061
2025-07-18,71.90080261230469,72.5999984741211,73.0999984741211,71.5999984741211,73.0999984741211,255129
2025-07-21,71.4056167602539,72.0999984741211,73.0999984741211,72.0999984741211,72.5999984741211,138020
2025-07-22,69.82102966308594,70.5,72.5,69.80000305175781,72.5,200003
2025-07-23,70.1181411743164,70.80000305175781,72.0,70.69999694824219,70.80000305175781,91010
2025-07-24,70.31621551513672,71.0,71.4000015258789,69.5999984741211,70.80000305175781,141263
2025-07-25,69.42488098144531,70.0999984741211,70.9000015258789,70.0999984741211,70.5999984741211,56010
2025-07-28,69.02873229980469,69.69999694824219,70.19999694824219,69.30000305175781,70.0999984741211,93061
2025-07-29,68.3354721069336,69.0,70.19999694824219,69.0,69.69999694824219,117010
2025-07-30,68.13740539550781,68.80000305175781,69.9000015258789,68.5,69.0,115100
2025-07-31,66.75088500976562,67.4000015258789,69.19999694824219,67.30000305175781,68.80000305175781,137049
2025-08-04,69.9200668334961,70.5999984741211,71.19999694824219,68.0,68.80000305175781,261010
2025-08-05,70.71236419677734,71.4000015258789,72.0,70.0999984741211,71.4000015258789,230070
2025-08-06,69.82102966308594,70.5,71.80000305175781,70.30000305175781,71.4000015258789,103008
2025-08-07,69.62295532226562,70.30000305175781,71.4000015258789,70.19999694824219,70.80000305175781,89027
2025-08-08,68.92969512939453,69.5999984741211,72.30000305175781,69.5,72.30000305175781,164036
2025-08-11,68.23644256591797,68.9000015258789,70.4000015258789,68.0999984741211,70.4000015258789,144236
2025-08-12,67.84029388427734,68.5,68.69999694824219,67.69999694824219,68.5999984741211,197207
2025-08-13,68.13740539550781,68.80000305175781,69.4000015258789,68.0,68.5,120150
2025-08-14,68.83065795898438,69.5,69.80000305175781,68.4000015258789,68.80000305175781,169067
2025-08-15,70.41524505615234,71.0999984741211,72.30000305175781,70.69999694824219,72.0,430100
2025-08-18,71.20755004882812,71.9000015258789,72.30000305175781,70.19999694824219,71.0,329015
2025-08-19,72.29695129394531,73.0,74.9000015258789,72.4000015258789,73.0999984741211,591208
2025-08-20,72.99020385742188,73.69999694824219,74.80000305175781,72.30000305175781,73.19999694824219,879047
2025-08-21,72.7921371459961,73.5,76.80000305175781,73.30000305175781,74.80000305175781,655100
2025-08-22,72.29695129394531,73.0,73.5,72.5999984741211,73.5,180101
2025-08-25,73.88153839111328,74.5999984741211,74.80000305175781,73.30000305175781,73.30000305175781,304105
2025-08-26,75.36709594726562,76.0999984741211,76.5,74.0,75.19999694824219,506626
2025-08-27,73.98057556152344,74.69999694824219,77.0999984741211,74.5999984741211,77.0999984741211,360070
2025-08-28,74.5748062133789,75.30000305175781,75.5999984741211,74.5,74.80000305175781,211402
2025-08-29,73.58443450927734,74.30000305175781,75.5999984741211,74.0999984741211,75.5999984741211,299300
2025-09-01,72.29695129394531,73.0,74.30000305175781,71.5999984741211,74.19999694824219,295369
2025-09-02,78.33820343017578,79.0999984741211,79.80000305175781,73.5,73.5,1992112
2025-09-03,77.74398040771484,78.5,79.19999694824219,76.0999984741211,78.4000015258789,1026122
2025-09-04,75.8622817993164,76.5999984741211,79.9000015258789,76.5999984741211,79.0,529003
2025-09-05,76.5555419921875,77.30000305175781,78.4000015258789,76.4000015258789,77.19999694824219,478113
2025-09-08,77.24879455566406,78.0,79.30000305175781,77.5,78.0,520609
2025-09-09,76.9516830444336,77.69999694824219,79.5,77.0999984741211,79.19999694824219,357377
2025-09-10,79.13050079345703,79.9000015258789,80.4000015258789,77.4000015258789,78.30000305175781,683782
2025-09-11,79.03146362304688,79.80000305175781,85.4000015258789,79.69999694824219,82.30000305175781,2775803
2025-09-12,79.62568664550781,80.4000015258789,83.0,80.0,81.0,745122
2025-09-15,82.39871215820312,83.19999694824219,84.5999984741211,79.9000015258789,82.0999984741211,1750721
2025-09-16,80.61605072021484,81.4000015258789,84.0,81.30000305175781,84.0,1052137
2025-09-17,78.83338928222656,79.5999984741211,81.5,79.4000015258789,81.4000015258789,433107
2025-09-18,80.715087890625,81.5,83.30000305175781,79.5999984741211,79.5999984741211,593140
2025-09-19,79.72472381591797,80.5,82.80000305175781,80.19999694824219,82.19999694824219,606200
2025-09-22,80.715087890625,81.5,83.30000305175781,81.19999694824219,81.80000305175781,575430
2025-09-23,79.8237533569336,80.5999984741211,82.30000305175781,78.5999984741211,81.5,635057
2025-09-24,80.02183532714844,80.80000305175781,82.5999984741211,78.5999984741211,81.4000015258789,630091
2025-09-25,82.2996826171875,83.0999984741211,84.5999984741211,80.9000015258789,81.19999694824219,1177716
2025-09-26,80.51702117919922,81.30000305175781,83.30000305175781,80.9000015258789,81.9000015258789,590187
2025-09-30,82.00257110595703,82.80000305175781,84.0,80.5999984741211,81.5,539168
2025-10-01,78.33820343017578,79.0999984741211,84.5,78.5999984741211,82.30000305175781,1042377
2025-10-02,81.90352630615234,82.69999694824219,83.0999984741211,78.80000305175781,80.5999984741211,1050372
2025-10-03,83.09197998046875,83.9000015258789,84.0,80.0,82.9000015258789,1364716
2025-10-07,89.331298828125,90.19999694824219,92.19999694824219,85.5,85.5,5313597
2025-10-08,89.62841033935547,90.5,94.30000305175781,89.5999984741211,90.4000015258789,4542664
2025-10-09,87.64767456054688,88.5,91.5,88.5,90.9000015258789,1679130
2025-10-13,91.90626525878906,92.80000305175781,93.80000305175781,80.0999984741211,80.19999694824219,3826723
2025-10-14,82.8938980102539,83.69999694824219,95.4000015258789,83.5999984741211,94.9000015258789,5256905
2025-10-15,81.21027374267578,82.0,84.80000305175781,81.69999694824219,84.0,1370659
2025-10-16,80.81412506103516,81.5999984741211,84.0,80.0,82.0,1434193
2025-10-17,81.21027374267578,82.0,82.9000015258789,80.0999984741211,81.4000015258789,705215
2025-10-20,79.32857513427734,80.0999984741211,82.9000015258789,80.0999984741211,82.19999694824219,489950
2025-10-21,80.02183532714844,80.80000305175781,82.5999984741211,80.69999694824219,81.19999694824219,489051
2025-10-22,81.4083480834961,82.19999694824219,83.80000305175781,81.19999694824219,82.30000305175781,900395
2025-10-23,80.41797637939453,81.19999694824219,81.80000305175781,79.80000305175781,80.9000015258789,901011
2025-10-27,82.00257110595703,82.80000305175781,83.80000305175781,81.0999984741211,81.9000015258789,740208
2025-10-28,79.92279052734375,80.69999694824219,83.4000015258789,80.69999694824219,83.4000015258789,433100
2025-10-29,81.6064224243164,82.4000015258789,82.5999984741211,80.0,81.5999984741211,683018
2025-10-30,78.43724060058594,79.19999694824219,82.30000305175781,79.0999984741211,81.80000305175781,562559
2025-10-31,75.6642074584961,76.4000015258789,79.30000305175781,76.4000015258789,79.19999694824219,853099
2025-11-03,76.06035614013672,76.80000305175781,77.9000015258789,76.5,76.5,303139
2025-11-04,76.75361633300781,77.5,78.19999694824219,75.80000305175781,77.5,367227
2025-11-05,73.28732299804688,74.0,77.5,73.5999984741211,76.30000305175781,667203
2025-11-06,73.18828582763672,73.9000015258789,75.5,73.19999694824219,74.9000015258789,424034
2025-11-07,71.60369873046875,72.30000305175781,73.5,71.69999694824219,73.0999984741211,301167
2025-11-10,72.99020385742188,73.69999694824219,73.80000305175781,71.5999984741211,72.5,263100
2025-11-11,70.5142822265625,71.19999694824219,73.80000305175781,71.19999694824219,73.0,425020
2025-11-12,71.80176544189453,72.5,73.5,71.5999984741211,71.5999984741211,282055
2025-11-13,71.00946807861328,71.69999694824219,73.5999984741211,71.5,72.5,224003
2025-11-14,68.23644256591797,68.9000015258789,71.0,68.9000015258789,70.5999984741211,538128
2025-11-17,66.84992218017578,67.5,72.19999694824219,67.5,68.9000015258789,655286
2025-11-18,65.36436462402344,66.0,67.80000305175781,66.0,67.5999984741211,337006
2025-11-19,64.27496337890625,64.9000015258789,66.80000305175781,64.69999694824219,66.0,278100
2025-11-20,65.06725311279297,65.69999694824219,66.5999984741211,65.5,65.69999694824219,158000
2025-11-21,61.99711227416992,62.599998474121094,65.5999984741211,62.599998474121094,65.5999984741211,309201
2025-11-24,63.58169937133789,64.19999694824219,67.5,64.0999984741211,65.9000015258789,492605
2025-11-25,65.16629791259766,65.80000305175781,67.69999694824219,65.30000305175781,65.5,361046
2025-11-26,65.95858764648438,66.5999984741211,67.4000015258789,66.0999984741211,66.9000015258789,215310
2025-11-27,66.15666198730469,66.80000305175781,67.4000015258789,66.80000305175781,67.30000305175781,151002
2025-11-28,66.84992218017578,67.5,68.19999694824219,67.0999984741211,68.19999694824219,129108
2025-12-01,65.56243896484375,66.19999694824219,68.0,66.19999694824219,67.5,157200
2025-12-02,65.4634017944336,66.0999984741211,67.0,66.0,66.30000305175781,90340
2025-12-03,66.94895935058594,67.5999984741211,68.5,67.19999694824219,67.19999694824219,136001
2025-12-04,66.55281066894531,67.19999694824219,67.9000015258789,67.0999984741211,67.69999694824219,127416
2025-12-05,65.56243896484375,66.19999694824219,67.80000305175781,66.19999694824219,67.19999694824219,329300
2025-12-08,65.26533508300781,65.9000015258789,66.5,65.0,65.0999984741211,390045
2025-12-09,64.57206726074219,65.19999694824219,65.9000015258789,65.0999984741211,65.9000015258789,101200
2025-12-10,63.878814697265625,64.5,65.5999984741211,64.5,65.19999694824219,211293
2025-12-11,64.67111206054688,65.30000305175781,66.5999984741211,65.0,65.0,171009
2025-12-12,65.4634017944336,66.0999984741211,66.5,65.5999984741211,66.0,113167
2025-12-15,65.06725311279297,65.69999694824219,66.0999984741211,64.9000015258789,65.19999694824219,75233
2025-12-16,63.58169937133789,64.19999694824219,65.69999694824219,63.400001525878906,65.69999694824219,214100
2025-12-17,64.0768814086914,64.69999694824219,65.5,64.5,64.5,59244
2025-12-18,63.58169937133789,64.19999694824219,64.80000305175781,63.900001525878906,64.4000015258789,98200
2025-12-19,64.27496337890625,64.9000015258789,65.69999694824219,64.4000015258789,64.9000015258789,84259
2025-12-22,65.26533508300781,65.9000015258789,66.4000015258789,65.0,65.0,133051
2025-12-23,64.57206726074219,65.19999694824219,66.0,65.19999694824219,65.5999984741211,85080
2025-12-24,63.977848052978516,64.5999984741211,65.4000015258789,64.30000305175781,65.4000015258789,116009
2025-12-26,64.0768814086914,64.69999694824219,64.9000015258789,64.30000305175781,64.5999984741211,128220
2025-12-29,64.1759262084961,64.80000305175781,65.80000305175781,64.5,64.80000305175781,171300
2025-12-30,62.98748016357422,63.599998474121094,64.80000305175781,63.20000076293945,64.80000305175781,217159
2025-12-31,64.3740005493164,65.0,67.0999984741211,64.4000015258789,64.4000015258789,441021
2026-01-02,67.04798889160156,67.69999694824219,69.0,66.0999984741211,66.0999984741211,852069
2026-01-05,66.15666198730469,66.80000305175781,71.0,66.5999984741211,69.5,758231
2026-01-06,66.05762481689453,66.69999694824219,67.80000305175781,66.19999694824219,67.80000305175781,226033
2026-01-07,66.354736328125,67.0,67.5999984741211,66.80000305175781,67.0999984741211,182003
2026-01-08,64.86918640136719,65.5,67.5999984741211,65.5,67.5999984741211,211444
2026-01-09,65.56243896484375,66.19999694824219,66.5999984741211,64.19999694824219,66.0,245071
2026-01-12,65.26533508300781,65.9000015258789,67.5,65.9000015258789,67.0,196905
2026-01-13,62.69036865234375,63.29999923706055,66.19999694824219,63.20000076293945,65.5999984741211,609588
2026-01-14,64.1759262084961,64.80000305175781,65.0999984741211,63.599998474121094,63.599998474121094,341685
2026-01-15,64.3740005493164,65.0,65.19999694824219,64.0,65.0999984741211,198017
2026-01-16,64.77014923095703,65.4000015258789,66.0999984741211,65.0,65.69999694824219,211380
2026-01-19,66.25569915771484,66.9000015258789,68.19999694824219,66.80000305175781,67.4000015258789,691457
2026-01-20,65.56243896484375,66.19999694824219,68.19999694824219,66.0999984741211,67.80000305175781,287245
2026-01-21,63.383628845214844,64.0,66.5999984741211,64.0,66.5999984741211,454012
2026-01-22,63.482666015625,64.0999984741211,65.0999984741211,64.0999984741211,64.69999694824219,242406
2026-01-23,63.68074417114258,64.30000305175781,65.19999694824219,63.900001525878906,64.19999694824219,268209
2026-01-26,63.977848052978516,64.5999984741211,65.5,64.4000015258789,64.80000305175781,239253
2026-01-27,62.88844299316406,63.5,65.4000015258789,63.5,65.4000015258789,400500
2026-01-28,62.69036865234375,63.29999923706055,64.0999984741211,63.099998474121094,64.0,200646
2026-01-29,61.6009635925293,62.20000076293945,63.400001525878906,62.099998474121094,63.0,274600
2026-01-30,59.719261169433594,60.29999923706055,61.900001525878906,59.70000076293945,61.900001525878906,527400
2026-02-02,59.22407913208008,59.79999923706055,60.29999923706055,59.0,60.29999923706055,309252
2026-02-03,60.11540985107422,60.70000076293945,61.099998474121094,59.599998474121094,59.599998474121094,221099
2026-02-04,61.10578155517578,61.70000076293945,62.0,60.099998474121094,60.5,145003
2026-02-05,60.709632873535156,61.29999923706055,62.5,61.099998474121094,61.900001525878906,167003
2026-02-06,59.0260009765625,59.599998474121094,61.0,57.900001525878906,61.0,308182
2026-02-09,58.134674072265625,58.70000076293945,60.599998474121094,58.599998474121094,60.599998474121094,224101
2026-02-10,57.44141387939453,58.0,59.0,57.79999923706055,58.79999923706055,297625
2026-02-11,57.045265197753906,57.599998474121094,58.0,57.400001525878906,57.5,281201
2026-02-23,59.917335510253906,60.5,61.0,57.5,58.29999923706055,239040
2026-02-24,59.0260009765625,59.599998474121094,60.70000076293945,59.5,60.5,238541
2026-02-25,59.818302154541016,60.400001525878906,61.099998474121094,60.0,60.0,216312
2026-02-26,59.22407913208008,59.79999923706055,61.79999923706055,59.70000076293945,61.0,281013
2026-03-02,58.62985610961914,59.20000076293945,60.0,58.29999923706055,59.0,204025
2026-03-03,57.24333953857422,57.79999923706055,60.20000076293945,57.599998474121094,59.29999923706055,348010
2026-03-04,52.58860397338867,53.099998474121094,57.599998474121094,52.900001525878906,57.599998474121094,717019
2026-03-05,55.46067428588867,56.0,56.099998474121094,54.5,55.5,210012
2026-03-06,55.06452560424805,55.599998474121094,57.400001525878906,54.5,54.5,99212
2026-03-09,52.19245910644531,52.70000076293945,56.099998474121094,51.79999923706055,56.099998474121094,268705
2026-03-10,54.07415771484375,54.599998474121094,54.599998474121094,53.20000076293945,53.20000076293945,145050
2026-03-11,58.233707427978516,58.79999923706055,59.400001525878906,55.900001525878906,55.900001525878906,419005
2026-03-12,57.738525390625,58.29999923706055,59.79999923706055,57.79999923706055,58.5,214000
2026-03-13,57.045265197753906,57.599998474121094,59.0,57.599998474121094,58.5,190027
2026-03-16,58.92696762084961,59.5,60.5,57.599998474121094,57.599998474121094,356027
2026-03-17,58.92696762084961,59.5,61.5,59.5,60.400001525878906,330604
2026-03-18,61.898075103759766,62.5,63.400001525878906,60.29999923706055,60.70000076293945,678316
2026-03-19,60.610595703125,61.20000076293945,63.400001525878906,61.20000076293945,62.900001525878906,614055
2026-03-20,60.01637268066406,60.599998474121094,62.900001525878906,60.5,62.0,333016
2026-03-23,57.045265197753906,57.599998474121094,59.29999923706055,57.29999923706055,59.0,314144
2026-03-24,56.94622802734375,57.5,59.70000076293945,56.5,58.900001525878906,253199
2026-03-25,57.837562561035156,58.400001525878906,59.400001525878906,57.400001525878906,57.5,291003
2026-03-26,55.8568229675293,56.400001525878906,58.5,56.29999923706055,58.400001525878906,197056
2026-03-27,56.550079345703125,57.099998474121094,57.20000076293945,55.599998474121094,56.400001525878906,112060
2026-03-30,56.64912033081055,57.20000076293945,57.599998474121094,55.5,56.20000076293945,164010
2026-03-31,54.470306396484375,55.0,57.099998474121094,55.0,57.099998474121094,202008
2026-04-01,54.965492248535156,55.5,57.29999923706055,55.20000076293945,56.79999923706055,110058
2026-04-02,54.470306396484375,55.0,56.400001525878906,54.79999923706055,56.0,98007
2026-04-07,54.569339752197266,55.099998474121094,56.0,54.900001525878906,56.0,94113
2026-04-08,56.64912033081055,57.20000076293945,57.599998474121094,56.0,56.79999923706055,230159
2026-04-09,55.75778579711914,56.29999923706055,57.5,56.099998474121094,57.5,158003
2026-04-10,55.55971145629883,56.099998474121094,57.29999923706055,55.400001525878906,57.29999923706055,116242
2026-04-13,53.47993850708008,54.0,55.20000076293945,53.70000076293945,55.20000076293945,306096
2026-04-14,53.2818603515625,53.79999923706055,54.900001525878906,53.099998474121094,54.900001525878906,278250
2026-04-15,53.18282699584961,53.70000076293945,55.5,53.599998474121094,54.20000076293945,323064
2026-04-16,53.08378601074219,53.599998474121094,54.400001525878906,53.599998474121094,53.900001525878906,146052
2026-04-17,52.88571548461914,53.400001525878906,54.29999923706055,53.29999923706055,54.20000076293945,226260
2026-04-20,53.8760871887207,54.400001525878906,55.599998474121094,53.599998474121094,54.099998474121094,240001
2026-04-21,54.965492248535156,55.5,56.900001525878906,55.0,55.0,471236
2026-04-22,60.41252136230469,61.0,61.0,55.5,56.400001525878906,838014
2026-04-23,58.530818939208984,59.099998474121094,66.5999984741211,57.20000076293945,62.5,2728003
2026-04-24,57.24333953857422,57.79999923706055,61.5,57.0,61.5,743231
2026-04-27,55.75778579711914,56.29999923706055,58.5,55.900001525878906,58.5,323184
2026-04-28,54.866455078125,55.400001525878906,56.79999923706055,55.099998474121094,56.599998474121094,213129
2026-04-29,54.27223205566406,54.79999923706055,55.900001525878906,54.29999923706055,55.900001525878906,222290
2026-04-30,54.569339752197266,55.099998474121094,57.900001525878906,55.0,55.400001525878906,354001
2026-05-04,56.64912033081055,57.20000076293945,58.79999923706055,55.099998474121094,55.70000076293945,464184
2026-05-05,59.42215347290039,60.0,61.5,58.0,58.29999923706055,891001
2026-05-06,65.36436462402344,66.0,66.0,65.80000305175781,66.0,934514
2026-05-07,71.90080261230469,72.5999984741211,72.5999984741211,72.5999984741211,72.5999984741211,752302
2026-05-08,70.21717834472656,70.9000015258789,78.0,70.80000305175781,77.4000015258789,5134876
2026-05-11,66.15666198730469,66.80000305175781,69.0999984741211,64.5999984741211,64.69999694824219,1817067
2026-05-12,65.85955047607422,66.5,68.5,65.69999694824219,66.19999694824219,1166399
2026-05-13,72.39598846435547,73.0999984741211,73.0999984741211,64.5,65.0,2263480
2026-05-14,68.6325912475586,69.30000305175781,74.69999694824219,69.30000305175781,71.9000015258789,3129036
2026-05-15,67.74125671386719,68.4000015258789,72.0,67.69999694824219,69.5,1402454
2026-05-18,66.25569915771484,66.9000015258789,67.5999984741211,65.30000305175781,67.4000015258789,760813
2026-05-19,66.84992218017578,67.5,68.9000015258789,66.5,66.9000015258789,658300
2026-05-20,65.36436462402344,66.0,69.0,65.5,67.5,948452
2026-05-21,67.2460708618164,67.9000015258789,69.30000305175781,66.5999984741211,66.5999984741211,733248
2026-05-22,69.42488098144531,70.0999984741211,70.5999984741211,68.30000305175781,68.30000305175781,744534
2026-05-25,68.13740539550781,68.80000305175781,70.9000015258789,68.4000015258789,70.0999984741211,906300
2026-05-26,69.32584381103516,70.0,70.4000015258789,67.5999984741211,69.69999694824219,751100
2026-05-27,66.15666198730469,66.80000305175781,70.9000015258789,66.80000305175781,70.0999984741211,1255752
2026-05-28,67.34510803222656,68.0,69.0999984741211,67.0,67.0,706001
2026-05-29,67.84029388427734,68.5,69.30000305175781,67.4000015258789,68.69999694824219,695242
2026-06-01,68.43450927734375,69.0999984741211,71.9000015258789,68.5999984741211,70.5,1190155
2026-06-02,75.26805877685547,76.0,76.0,69.19999694824219,69.19999694824219,2921519
2026-06-03,71.4056167602539,72.0999984741211,83.5999984741211,72.0,83.5999984741211,6680031
2026-06-04,70.71236419677734,71.4000015258789,73.0999984741211,71.0,72.0,894077
2026-06-05,67.14703369140625,67.80000305175781,71.19999694824219,67.0,71.0,954522
2026-06-08,63.28459167480469,63.900001525878906,64.0999984741211,61.099998474121094,61.099998474121094,543139
2026-06-09,64.3740005493164,65.0,66.30000305175781,64.5999984741211,65.19999694824219,355217
2026-06-10,61.70000076293945,62.29999923706055,66.19999694824219,62.29999923706055,65.0,437018
2026-06-11,61.20481491088867,61.79999923706055,62.70000076293945,60.5,62.29999923706055,388003
2026-06-12,63.383628845214844,64.0,65.19999694824219,62.400001525878906,63.0,505200
2026-06-15,63.977848052978516,64.5999984741211,65.5,63.79999923706055,65.5,399034
2026-06-16,63.086517333984375,63.70000076293945,66.80000305175781,63.70000076293945,66.5999984741211,512077
2026-06-17,62.88844299316406,63.5,64.5999984741211,63.29999923706055,63.29999923706055,271016
2026-06-18,63.68074417114258,64.30000305175781,65.5999984741211,64.0999984741211,64.0999984741211,281250
2026-06-22,64.3740005493164,65.0,65.9000015258789,64.5999984741211,64.5999984741211,428500
2026-06-23,62.59133529663086,63.20000076293945,65.30000305175781,63.20000076293945,65.30000305175781,362151
2026-06-24,62.59133529663086,63.20000076293945,64.4000015258789,62.400001525878906,63.20000076293945,183585
2026-06-25,62.49229431152344,63.099998474121094,64.5,63.099998474121094,64.4000015258789,197000
2026-06-26,60.01637268066406,60.599998474121094,63.099998474121094,60.29999923706055,63.099998474121094,338007
2026-06-29,60.610595703125,61.20000076293945,62.70000076293945,60.79999923706055,61.099998474121094,145102
2026-06-30,61.6009635925293,62.20000076293945,62.70000076293945,61.400001525878906,62.0,236246
2026-07-01,60.41252136230469,61.0,63.099998474121094,61.0,63.099998474121094,199001
2026-07-02,61.898075103759766,62.5,62.5,60.400001525878906,60.79999923706055,155000
2026-07-03,62.88844299316406,63.5,63.79999923706055,62.0,62.599998474121094,197000
2026-07-06,62.88844299316406,63.5,65.0,63.20000076293945,63.599998474121094,256424
2026-07-07,60.01637268066406,60.599998474121094,64.5,60.599998474121094,64.5,318005
2026-07-08,60.80867004394531,61.400001525878906,61.900001525878906,60.70000076293945,61.0,162301
2026-07-09,61.00674057006836,61.599998474121094,63.099998474121094,61.400001525878906,61.400001525878906,162333
2026-07-10,61.00674057006836,61.599998474121094,61.599998474121094,61.599998474121094,61.599998474121094,0
2026-07-13,61.00674057006836,61.599998474121094,63.099998474121094,61.099998474121094,63.0,145149
2026-07-14,59.42215347290039,60.0,61.79999923706055,58.0,61.599998474121094,250000
2026-07-15,61.70000076293945,62.29999923706055,62.5,59.400001525878906,60.0,318123
2026-07-16,60.400001525878906,60.400001525878906,61.20000076293945,60.099998474121094,61.20000076293945,147001
2026-07-17,57.0,57.0,59.70000076293945,56.599998474121094,59.5,280121
2026-07-20,55.599998474121094,55.599998474121094,57.900001525878906,53.70000076293945,57.70000076293945,229001
2026-07-21,58.400001525878906,58.400001525878906,59.79999923706055,55.400001525878906,55.400001525878906,184002
2026-07-22,58.5,58.5,59.900001525878906,58.5,59.29999923706055,111048
2026-07-23,57.5,57.5,58.599998474121094,57.20000076293945,58.599998474121094,103100
2026-07-24,56.400001525878906,56.400001525878906,57.79999923706055,56.20000076293945,57.29999923706055,148476
2026-07-27,55.29999923706055,55.29999923706055,56.29999923706055,54.900001525878906,55.5,202000
2026-07-28,52.900001525878906,52.900001525878906,55.29999923706055,52.599998474121094,55.29999923706055,246100
2026-07-29,51.900001525878906,51.900001525878906,54.099998474121094,49.79999923706055,53.5,463000
2026-07-30,52.099998474121094,52.099998474121094,53.400001525878906,51.0,51.20000076293945,263200
2026-07-31,55.900001525878906,55.900001525878906,56.79999923706055,53.400001525878906,54.900001525878906,227014
2026-08-03,56.5,56.5,57.29999923706055,55.0,55.400001525878906,175001
2026-08-04,58.0,58.0,58.0,56.70000076293945,57.099998474121094,114014
2026-08-05,58.70000076293945,58.70000076293945,60.0,58.099998474121094,58.099998474121094,205000
2026-08-06,57.400001525878906,57.400001525878906,58.70000076293945,57.400001525878906,58.70000076293945,130007
2026-08-07,57.599998474121094,57.599998474121094,58.79999923706055,57.400001525878906,58.0,123013
2026-08-10,60.6,60.6,60.9,58.1,59.0,365990
2026-08-11,59.2,59.2,61.0,59.1,61.0,146436
2026-08-12,60.5,60.5,61.6,59.6,59.7,233967
2026-08-13,60.7,60.7,62.2,60.6,61.5,169753
