Date,Adj Close,Close,High,Low,Open,Volume
2016-08-12,203.0,203.0,215.0,203.0,209.5,8463561
2016-08-15,203.0,203.0,215.0,203.0,209.5,8463561
2016-08-16,203.0,203.0,215.0,203.0,209.5,8463561
2016-08-17,203.0,203.0,215.0,203.0,209.5,8463561
2016-08-18,203.0,203.0,215.0,203.0,209.5,8463561
2016-08-19,203.0,203.0,215.0,203.0,209.5,8463561
2016-08-22,203.0,203.0,215.0,203.0,209.5,8463561
2016-08-23,203.0,203.0,215.0,203.0,209.5,8463561
2016-08-24,203.0,203.0,215.0,203.0,209.5,8463561
2016-08-25,203.0,203.0,215.0,203.0,209.5,8463561
2016-08-26,203.0,203.0,215.0,203.0,209.5,8463561
2016-08-29,203.0,203.0,215.0,203.0,209.5,8463561
2016-08-30,203.0,203.0,215.0,203.0,209.5,8463561
2016-08-31,203.0,203.0,215.0,203.0,209.5,8463561
2016-09-01,203.0,203.0,215.0,203.0,209.5,8463561
2016-09-02,203.0,203.0,215.0,203.0,209.5,8463561
2016-09-05,203.0,203.0,215.0,203.0,209.5,8463561
2016-09-06,203.0,203.0,215.0,203.0,209.5,8463561
2016-09-07,203.0,203.0,215.0,203.0,209.5,8463561
2016-09-08,203.0,203.0,215.0,203.0,209.5,8463561
2016-09-09,203.0,203.0,215.0,203.0,209.5,8463561
2016-09-12,203.0,203.0,215.0,203.0,209.5,8463561
2016-09-13,203.0,203.0,215.0,203.0,209.5,8463561
2016-09-14,203.0,203.0,215.0,203.0,209.5,8463561
2016-09-19,203.0,203.0,215.0,203.0,209.5,8463561
2016-09-20,203.0,203.0,215.0,203.0,209.5,8463561
2016-09-21,203.0,203.0,215.0,203.0,209.5,8463561
2016-09-22,203.0,203.0,215.0,203.0,209.5,8463561
2016-09-23,203.0,203.0,215.0,203.0,209.5,8463561
2016-09-26,203.0,203.0,215.0,203.0,209.5,8463561
2016-09-29,203.0,203.0,215.0,203.0,209.5,8463561
2016-09-30,203.0,203.0,215.0,203.0,209.5,8463561
2016-10-03,203.0,203.0,215.0,203.0,209.5,8463561
2016-10-04,203.0,203.0,215.0,203.0,209.5,8463561
2016-10-05,203.0,203.0,215.0,203.0,209.5,8463561
2016-10-06,203.0,203.0,215.0,203.0,209.5,8463561
2016-10-07,203.0,203.0,215.0,203.0,209.5,8463561
2016-10-11,203.0,203.0,215.0,203.0,209.5,8463561
2016-10-12,203.0,203.0,215.0,203.0,209.5,8463561
2016-10-13,203.0,203.0,215.0,203.0,209.5,8463561
2016-10-14,203.0,203.0,215.0,203.0,209.5,8463561
2016-10-17,203.0,203.0,215.0,203.0,209.5,8463561
2016-10-18,203.0,203.0,215.0,203.0,209.5,8463561
2016-10-19,203.0,203.0,215.0,203.0,209.5,8463561
2016-10-20,203.0,203.0,215.0,203.0,209.5,8463561
2016-10-21,203.0,203.0,215.0,203.0,209.5,8463561
2016-10-24,203.0,203.0,215.0,203.0,209.5,8463561
2016-10-25,203.0,203.0,215.0,203.0,209.5,8463561
2016-10-26,203.0,203.0,215.0,203.0,209.5,8463561
2016-10-27,203.0,203.0,215.0,203.0,209.5,8463561
2016-10-28,203.0,203.0,215.0,203.0,209.5,8463561
2016-10-31,203.0,203.0,215.0,203.0,209.5,8463561
2016-11-01,203.0,203.0,215.0,203.0,209.5,8463561
2016-11-02,203.0,203.0,215.0,203.0,209.5,8463561
2016-11-03,203.0,203.0,215.0,203.0,209.5,8463561
2016-11-04,203.0,203.0,215.0,203.0,209.5,8463561
2016-11-07,203.0,203.0,215.0,203.0,209.5,8463561
2016-11-08,203.0,203.0,215.0,203.0,209.5,8463561
2016-11-09,203.0,203.0,215.0,203.0,209.5,8463561
2016-11-10,203.0,203.0,215.0,203.0,209.5,8463561
2016-11-11,203.0,203.0,215.0,203.0,209.5,8463561
2016-11-14,203.0,203.0,215.0,203.0,209.5,8463561
2016-11-15,203.0,203.0,215.0,203.0,209.5,8463561
2016-11-16,203.0,203.0,215.0,203.0,209.5,8463561
2016-11-17,203.0,203.0,215.0,203.0,209.5,8463561
2016-11-18,203.0,203.0,215.0,203.0,209.5,8463561
2016-11-21,203.0,203.0,215.0,203.0,209.5,8463561
2016-11-22,203.0,203.0,215.0,203.0,209.5,8463561
2016-11-23,203.0,203.0,215.0,203.0,209.5,8463561
2016-11-24,203.0,203.0,215.0,203.0,209.5,8463561
2016-11-25,203.0,203.0,215.0,203.0,209.5,8463561
2016-11-28,203.0,203.0,215.0,203.0,209.5,8463561
2016-11-29,203.0,203.0,215.0,203.0,209.5,8463561
2016-11-30,203.0,203.0,215.0,203.0,209.5,8463561
2016-12-01,203.0,203.0,215.0,203.0,209.5,8463561
2016-12-02,203.0,203.0,215.0,203.0,209.5,8463561
2016-12-05,203.0,203.0,215.0,203.0,209.5,8463561
2016-12-06,203.0,203.0,215.0,203.0,209.5,8463561
2016-12-07,203.0,203.0,215.0,203.0,209.5,8463561
2016-12-08,203.0,203.0,215.0,203.0,209.5,8463561
2016-12-09,203.0,203.0,215.0,203.0,209.5,8463561
2016-12-12,203.0,203.0,215.0,203.0,209.5,8463561
2016-12-13,203.0,203.0,215.0,203.0,209.5,8463561
2016-12-14,203.0,203.0,215.0,203.0,209.5,8463561
2016-12-15,203.0,203.0,215.0,203.0,209.5,8463561
2016-12-16,203.0,203.0,215.0,203.0,209.5,8463561
2016-12-19,203.0,203.0,215.0,203.0,209.5,8463561
2016-12-20,203.0,203.0,215.0,203.0,209.5,8463561
2016-12-21,203.0,203.0,215.0,203.0,209.5,8463561
2016-12-22,203.0,203.0,215.0,203.0,209.5,8463561
2016-12-23,203.0,203.0,215.0,203.0,209.5,8463561
2016-12-26,203.0,203.0,215.0,203.0,209.5,8463561
2016-12-27,203.0,203.0,215.0,203.0,209.5,8463561
2016-12-28,203.0,203.0,215.0,203.0,209.5,8463561
2016-12-29,203.0,203.0,215.0,203.0,209.5,8463561
2016-12-30,203.0,203.0,215.0,203.0,209.5,8463561
2017-01-03,203.0,203.0,215.0,203.0,209.5,8463561
2017-01-04,203.0,203.0,215.0,203.0,209.5,8463561
2017-01-05,203.0,203.0,215.0,203.0,209.5,8463561
2017-01-06,203.0,203.0,215.0,203.0,209.5,8463561
2017-01-09,203.0,203.0,215.0,203.0,209.5,8463561
2017-01-10,203.0,203.0,215.0,203.0,209.5,8463561
2017-01-11,203.0,203.0,215.0,203.0,209.5,8463561
2017-01-12,203.0,203.0,215.0,203.0,209.5,8463561
2017-01-13,203.0,203.0,215.0,203.0,209.5,8463561
2017-01-16,203.0,203.0,215.0,203.0,209.5,8463561
2017-01-17,203.0,203.0,215.0,203.0,209.5,8463561
2017-01-18,203.0,203.0,215.0,203.0,209.5,8463561
2017-01-19,203.0,203.0,215.0,203.0,209.5,8463561
2017-01-20,203.0,203.0,215.0,203.0,209.5,8463561
2017-01-23,203.0,203.0,215.0,203.0,209.5,8463561
2017-01-24,203.0,203.0,215.0,203.0,209.5,8463561
2017-02-02,203.0,203.0,215.0,203.0,209.5,8463561
2017-02-03,203.0,203.0,215.0,203.0,209.5,8463561
2017-02-06,203.0,203.0,215.0,203.0,209.5,8463561
2017-02-07,203.0,203.0,215.0,203.0,209.5,8463561
2017-02-08,203.0,203.0,215.0,203.0,209.5,8463561
2017-02-09,203.0,203.0,215.0,203.0,209.5,8463561
2017-02-10,203.0,203.0,215.0,203.0,209.5,8463561
2017-02-13,203.0,203.0,215.0,203.0,209.5,8463561
2017-02-14,203.0,203.0,215.0,203.0,209.5,8463561
2017-02-15,203.0,203.0,215.0,203.0,209.5,8463561
2017-02-16,203.0,203.0,215.0,203.0,209.5,8463561
2017-02-17,203.0,203.0,215.0,203.0,209.5,8463561
2017-02-20,203.0,203.0,215.0,203.0,209.5,8463561
2017-02-21,203.0,203.0,215.0,203.0,209.5,8463561
2017-02-22,203.0,203.0,215.0,203.0,209.5,8463561
2017-02-23,203.0,203.0,215.0,203.0,209.5,8463561
2017-02-24,203.0,203.0,215.0,203.0,209.5,8463561
2017-03-01,203.0,203.0,215.0,203.0,209.5,8463561
2017-03-02,203.0,203.0,215.0,203.0,209.5,8463561
2017-03-03,203.0,203.0,215.0,203.0,209.5,8463561
2017-03-06,203.0,203.0,215.0,203.0,209.5,8463561
2017-03-07,203.0,203.0,215.0,203.0,209.5,8463561
2017-03-08,203.0,203.0,215.0,203.0,209.5,8463561
2017-03-09,203.0,203.0,215.0,203.0,209.5,8463561
2017-03-10,203.0,203.0,215.0,203.0,209.5,8463561
2017-03-13,203.0,203.0,215.0,203.0,209.5,8463561
2017-03-14,203.0,203.0,215.0,203.0,209.5,8463561
2017-03-15,203.0,203.0,215.0,203.0,209.5,8463561
2017-03-16,203.0,203.0,215.0,203.0,209.5,8463561
2017-03-17,203.0,203.0,215.0,203.0,209.5,8463561
2017-03-20,203.0,203.0,215.0,203.0,209.5,8463561
2017-03-21,203.0,203.0,215.0,203.0,209.5,8463561
2017-03-22,203.0,203.0,215.0,203.0,209.5,8463561
2017-03-23,203.0,203.0,215.0,203.0,209.5,8463561
2017-03-24,203.0,203.0,215.0,203.0,209.5,8463561
2017-03-27,203.0,203.0,215.0,203.0,209.5,8463561
2017-03-28,203.0,203.0,215.0,203.0,209.5,8463561
2017-03-29,203.0,203.0,215.0,203.0,209.5,8463561
2017-03-30,203.0,203.0,215.0,203.0,209.5,8463561
2017-03-31,203.0,203.0,215.0,203.0,209.5,8463561
2017-04-05,203.0,203.0,215.0,203.0,209.5,8463561
2017-04-06,203.0,203.0,215.0,203.0,209.5,8463561
2017-04-07,203.0,203.0,215.0,203.0,209.5,8463561
2017-04-10,203.0,203.0,215.0,203.0,209.5,8463561
2017-04-11,203.0,203.0,215.0,203.0,209.5,8463561
2017-04-12,203.0,203.0,215.0,203.0,209.5,8463561
2017-04-13,203.0,203.0,215.0,203.0,209.5,8463561
2017-04-14,203.0,203.0,215.0,203.0,209.5,8463561
2017-04-17,203.0,203.0,215.0,203.0,209.5,8463561
2017-04-18,203.0,203.0,215.0,203.0,209.5,8463561
2017-04-19,203.0,203.0,215.0,203.0,209.5,8463561
2017-04-21,203.0,203.0,215.0,203.0,209.5,8463561
2017-04-24,203.0,203.0,215.0,203.0,209.5,8463561
2017-04-25,203.0,203.0,215.0,203.0,209.5,8463561
2017-04-26,203.0,203.0,215.0,203.0,209.5,8463561
2017-04-27,203.0,203.0,215.0,203.0,209.5,8463561
2017-04-28,203.0,203.0,215.0,203.0,209.5,8463561
2017-05-02,203.0,203.0,215.0,203.0,209.5,8463561
2017-05-03,203.0,203.0,215.0,203.0,209.5,8463561
2017-05-04,203.0,203.0,215.0,203.0,209.5,8463561
2017-05-05,203.0,203.0,215.0,203.0,209.5,8463561
2017-05-08,203.0,203.0,215.0,203.0,209.5,8463561
2017-05-09,203.0,203.0,215.0,203.0,209.5,8463561
2017-05-10,203.0,203.0,215.0,203.0,209.5,8463561
2017-05-11,203.0,203.0,215.0,203.0,209.5,8463561
2017-05-12,203.0,203.0,215.0,203.0,209.5,8463561
2017-05-15,203.0,203.0,215.0,203.0,209.5,8463561
2017-05-16,203.0,203.0,215.0,203.0,209.5,8463561
2017-05-17,203.0,203.0,215.0,203.0,209.5,8463561
2017-05-18,203.0,203.0,215.0,203.0,209.5,8463561
2017-05-19,203.0,203.0,215.0,203.0,209.5,8463561
2017-05-22,203.0,203.0,215.0,203.0,209.5,8463561
2017-05-23,203.0,203.0,215.0,203.0,209.5,8463561
2017-05-24,203.0,203.0,215.0,203.0,209.5,8463561
2017-05-25,203.0,203.0,215.0,203.0,209.5,8463561
2017-05-26,203.0,203.0,215.0,203.0,209.5,8463561
2017-05-31,203.0,203.0,215.0,203.0,209.5,8463561
2017-06-01,203.0,203.0,215.0,203.0,209.5,8463561
2017-06-02,203.0,203.0,215.0,203.0,209.5,8463561
2017-06-05,203.0,203.0,215.0,203.0,209.5,8463561
2017-06-06,203.0,203.0,215.0,203.0,209.5,8463561
2017-06-07,203.0,203.0,215.0,203.0,209.5,8463561
2017-06-08,203.0,203.0,215.0,203.0,209.5,8463561
2017-06-09,203.0,203.0,215.0,203.0,209.5,8463561
2017-06-12,203.0,203.0,215.0,203.0,209.5,8463561
2017-06-13,203.0,203.0,215.0,203.0,209.5,8463561
2017-06-14,203.0,203.0,215.0,203.0,209.5,8463561
2017-06-15,203.0,203.0,215.0,203.0,209.5,8463561
2017-06-16,203.0,203.0,215.0,203.0,209.5,8463561
2017-06-19,203.0,203.0,215.0,203.0,209.5,8463561
2017-06-20,203.0,203.0,215.0,203.0,209.5,8463561
2017-06-21,203.0,203.0,215.0,203.0,209.5,8463561
2017-06-22,203.0,203.0,215.0,203.0,209.5,8463561
2017-06-23,203.0,203.0,215.0,203.0,209.5,8463561
2017-06-26,203.0,203.0,215.0,203.0,209.5,8463561
2017-06-27,203.0,203.0,215.0,203.0,209.5,8463561
2017-06-28,203.0,203.0,215.0,203.0,209.5,8463561
2017-06-29,203.0,203.0,215.0,203.0,209.5,8463561
2017-06-30,203.0,203.0,215.0,203.0,209.5,8463561
2017-07-03,203.0,203.0,215.0,203.0,209.5,8463561
2017-07-04,203.0,203.0,215.0,203.0,209.5,8463561
2017-07-05,203.0,203.0,215.0,203.0,209.5,8463561
2017-07-06,203.0,203.0,215.0,203.0,209.5,8463561
2017-07-07,203.0,203.0,215.0,203.0,209.5,8463561
2017-07-10,203.0,203.0,215.0,203.0,209.5,8463561
2017-07-11,203.0,203.0,215.0,203.0,209.5,8463561
2017-07-12,203.0,203.0,215.0,203.0,209.5,8463561
2017-07-13,203.0,203.0,215.0,203.0,209.5,8463561
2017-07-14,203.0,203.0,215.0,203.0,209.5,8463561
2017-07-17,203.0,203.0,215.0,203.0,209.5,8463561
2017-07-18,203.0,203.0,215.0,203.0,209.5,8463561
2017-07-19,203.0,203.0,215.0,203.0,209.5,8463561
2017-07-20,203.0,203.0,215.0,203.0,209.5,8463561
2017-07-21,203.0,203.0,215.0,203.0,209.5,8463561
2017-07-24,203.0,203.0,215.0,203.0,209.5,8463561
2017-07-25,203.0,203.0,215.0,203.0,209.5,8463561
2017-07-26,203.0,203.0,215.0,203.0,209.5,8463561
2017-07-27,203.0,203.0,215.0,203.0,209.5,8463561
2017-07-28,203.0,203.0,215.0,203.0,209.5,8463561
2017-07-31,203.0,203.0,215.0,203.0,209.5,8463561
2017-08-01,203.0,203.0,215.0,203.0,209.5,8463561
2017-08-02,203.0,203.0,215.0,203.0,209.5,8463561
2017-08-03,203.0,203.0,215.0,203.0,209.5,8463561
2017-08-04,203.0,203.0,215.0,203.0,209.5,8463561
2017-08-07,203.0,203.0,215.0,203.0,209.5,8463561
2017-08-08,203.0,203.0,215.0,203.0,209.5,8463561
2017-08-09,203.0,203.0,215.0,203.0,209.5,8463561
2017-08-10,203.0,203.0,215.0,203.0,209.5,8463561
2017-08-11,203.0,203.0,215.0,203.0,209.5,8463561
2017-08-14,203.0,203.0,215.0,203.0,209.5,8463561
2017-08-15,203.0,203.0,215.0,203.0,209.5,8463561
2017-08-16,203.0,203.0,215.0,203.0,209.5,8463561
2017-08-17,203.0,203.0,215.0,203.0,209.5,8463561
2017-08-18,203.0,203.0,215.0,203.0,209.5,8463561
2017-08-21,203.0,203.0,215.0,203.0,209.5,8463561
2017-08-22,203.0,203.0,215.0,203.0,209.5,8463561
2017-08-23,203.0,203.0,215.0,203.0,209.5,8463561
2017-08-24,203.0,203.0,215.0,203.0,209.5,8463561
2017-08-25,203.0,203.0,215.0,203.0,209.5,8463561
2017-08-28,203.0,203.0,215.0,203.0,209.5,8463561
2017-08-29,203.0,203.0,215.0,203.0,209.5,8463561
2017-08-30,203.0,203.0,215.0,203.0,209.5,8463561
2017-08-31,203.0,203.0,215.0,203.0,209.5,8463561
2017-09-01,203.0,203.0,215.0,203.0,209.5,8463561
2017-09-04,203.0,203.0,215.0,203.0,209.5,8463561
2017-09-05,203.0,203.0,215.0,203.0,209.5,8463561
2017-09-06,203.0,203.0,215.0,203.0,209.5,8463561
2017-09-07,203.0,203.0,215.0,203.0,209.5,8463561
2017-09-08,203.0,203.0,215.0,203.0,209.5,8463561
2017-09-11,203.0,203.0,215.0,203.0,209.5,8463561
2017-09-12,203.0,203.0,215.0,203.0,209.5,8463561
2017-09-13,203.0,203.0,215.0,203.0,209.5,8463561
2017-09-14,203.0,203.0,215.0,203.0,209.5,8463561
2017-09-15,203.0,203.0,215.0,203.0,209.5,8463561
2017-09-18,203.0,203.0,215.0,203.0,209.5,8463561
2017-09-19,203.0,203.0,215.0,203.0,209.5,8463561
2017-09-20,203.0,203.0,215.0,203.0,209.5,8463561
2017-09-21,203.0,203.0,215.0,203.0,209.5,8463561
2017-09-22,203.0,203.0,215.0,203.0,209.5,8463561
2017-09-25,203.0,203.0,215.0,203.0,209.5,8463561
2017-09-26,203.0,203.0,215.0,203.0,209.5,8463561
2017-09-27,203.0,203.0,215.0,203.0,209.5,8463561
2017-09-28,203.0,203.0,215.0,203.0,209.5,8463561
2017-09-29,203.0,203.0,215.0,203.0,209.5,8463561
2017-10-02,203.0,203.0,215.0,203.0,209.5,8463561
2017-10-03,203.0,203.0,215.0,203.0,209.5,8463561
2017-10-05,203.0,203.0,215.0,203.0,209.5,8463561
2017-10-06,203.0,203.0,215.0,203.0,209.5,8463561
2017-10-11,203.0,203.0,215.0,203.0,209.5,8463561
2017-10-12,203.0,203.0,215.0,203.0,209.5,8463561
2017-10-13,203.0,203.0,215.0,203.0,209.5,8463561
2017-10-16,203.0,203.0,215.0,203.0,209.5,8463561
2017-10-17,203.0,203.0,215.0,203.0,209.5,8463561
2017-10-18,203.0,203.0,215.0,203.0,209.5,8463561
2017-10-19,203.0,203.0,215.0,203.0,209.5,8463561
2017-10-20,203.0,203.0,215.0,203.0,209.5,8463561
2017-10-23,203.0,203.0,215.0,203.0,209.5,8463561
2017-10-24,203.0,203.0,215.0,203.0,209.5,8463561
2017-10-25,203.0,203.0,215.0,203.0,209.5,8463561
2017-10-26,203.0,203.0,215.0,203.0,209.5,8463561
2017-10-27,203.0,203.0,215.0,203.0,209.5,8463561
2017-10-30,203.0,203.0,215.0,203.0,209.5,8463561
2017-10-31,203.0,203.0,215.0,203.0,209.5,8463561
2017-11-01,203.0,203.0,215.0,203.0,209.5,8463561
2017-11-02,203.0,203.0,215.0,203.0,209.5,8463561
2017-11-03,203.0,203.0,215.0,203.0,209.5,8463561
2017-11-06,203.0,203.0,215.0,203.0,209.5,8463561
2017-11-07,203.0,203.0,215.0,203.0,209.5,8463561
2017-11-08,203.0,203.0,215.0,203.0,209.5,8463561
2017-11-09,203.0,203.0,215.0,203.0,209.5,8463561
2017-11-10,203.0,203.0,215.0,203.0,209.5,8463561
2017-11-13,203.0,203.0,215.0,203.0,209.5,8463561
2017-11-14,203.0,203.0,215.0,203.0,209.5,8463561
2017-11-15,203.0,203.0,215.0,203.0,209.5,8463561
2017-11-16,203.0,203.0,215.0,203.0,209.5,8463561
2017-11-17,203.0,203.0,215.0,203.0,209.5,8463561
2017-11-20,203.0,203.0,215.0,203.0,209.5,8463561
2017-11-21,203.0,203.0,215.0,203.0,209.5,8463561
2017-11-22,203.0,203.0,215.0,203.0,209.5,8463561
2017-11-23,203.0,203.0,215.0,203.0,209.5,8463561
2017-11-24,203.0,203.0,215.0,203.0,209.5,8463561
2017-11-27,203.0,203.0,215.0,203.0,209.5,8463561
2017-11-28,203.0,203.0,215.0,203.0,209.5,8463561
2017-11-29,203.0,203.0,215.0,203.0,209.5,8463561
2017-11-30,203.0,203.0,215.0,203.0,209.5,8463561
2017-12-01,203.0,203.0,215.0,203.0,209.5,8463561
2017-12-04,203.0,203.0,215.0,203.0,209.5,8463561
2017-12-05,203.0,203.0,215.0,203.0,209.5,8463561
2017-12-06,203.0,203.0,215.0,203.0,209.5,8463561
2017-12-07,203.0,203.0,215.0,203.0,209.5,8463561
2017-12-08,203.0,203.0,215.0,203.0,209.5,8463561
2017-12-11,203.0,203.0,215.0,203.0,209.5,8463561
2017-12-12,203.0,203.0,215.0,203.0,209.5,8463561
2017-12-13,203.0,203.0,215.0,203.0,209.5,8463561
2017-12-14,203.0,203.0,215.0,203.0,209.5,8463561
2017-12-15,203.0,203.0,215.0,203.0,209.5,8463561
2017-12-18,203.0,203.0,215.0,203.0,209.5,8463561
2017-12-19,203.0,203.0,215.0,203.0,209.5,8463561
2017-12-20,203.0,203.0,215.0,203.0,209.5,8463561
2017-12-21,203.0,203.0,215.0,203.0,209.5,8463561
2017-12-22,203.0,203.0,215.0,203.0,209.5,8463561
2017-12-25,203.0,203.0,215.0,203.0,209.5,8463561
2017-12-26,203.0,203.0,215.0,203.0,209.5,8463561
2017-12-27,203.0,203.0,215.0,203.0,209.5,8463561
2017-12-28,203.0,203.0,215.0,203.0,209.5,8463561
2017-12-29,203.0,203.0,215.0,203.0,209.5,8463561
2018-01-02,203.0,203.0,215.0,203.0,209.5,8463561
2018-01-03,203.0,203.0,215.0,203.0,209.5,8463561
2018-01-04,203.0,203.0,215.0,203.0,209.5,8463561
2018-01-05,203.0,203.0,215.0,203.0,209.5,8463561
2018-01-08,203.0,203.0,215.0,203.0,209.5,8463561
2018-01-09,203.0,203.0,215.0,203.0,209.5,8463561
2018-01-10,203.0,203.0,215.0,203.0,209.5,8463561
2018-01-11,203.0,203.0,215.0,203.0,209.5,8463561
2018-01-12,203.0,203.0,215.0,203.0,209.5,8463561
2018-01-15,203.0,203.0,215.0,203.0,209.5,8463561
2018-01-16,203.0,203.0,215.0,203.0,209.5,8463561
2018-01-17,203.0,203.0,215.0,203.0,209.5,8463561
2018-01-18,203.0,203.0,215.0,203.0,209.5,8463561
2018-01-19,203.0,203.0,215.0,203.0,209.5,8463561
2018-01-22,203.0,203.0,215.0,203.0,209.5,8463561
2018-01-23,203.0,203.0,215.0,203.0,209.5,8463561
2018-01-24,203.0,203.0,215.0,203.0,209.5,8463561
2018-01-25,203.0,203.0,215.0,203.0,209.5,8463561
2018-01-26,203.0,203.0,215.0,203.0,209.5,8463561
2018-01-29,203.0,203.0,215.0,203.0,209.5,8463561
2018-01-30,203.0,203.0,215.0,203.0,209.5,8463561
2018-01-31,203.0,203.0,215.0,203.0,209.5,8463561
2018-02-01,203.0,203.0,215.0,203.0,209.5,8463561
2018-02-02,203.0,203.0,215.0,203.0,209.5,8463561
2018-02-05,203.0,203.0,215.0,203.0,209.5,8463561
2018-02-06,203.0,203.0,215.0,203.0,209.5,8463561
2018-02-07,203.0,203.0,215.0,203.0,209.5,8463561
2018-02-08,203.0,203.0,215.0,203.0,209.5,8463561
2018-02-09,203.0,203.0,215.0,203.0,209.5,8463561
2018-02-12,203.0,203.0,215.0,203.0,209.5,8463561
2018-02-21,203.0,203.0,215.0,203.0,209.5,8463561
2018-02-22,203.0,203.0,215.0,203.0,209.5,8463561
2018-02-23,203.0,203.0,215.0,203.0,209.5,8463561
2018-02-26,203.0,203.0,215.0,203.0,209.5,8463561
2018-02-27,203.0,203.0,215.0,203.0,209.5,8463561
2018-03-01,203.0,203.0,215.0,203.0,209.5,8463561
2018-03-02,203.0,203.0,215.0,203.0,209.5,8463561
2018-03-05,203.0,203.0,215.0,203.0,209.5,8463561
2018-03-06,203.0,203.0,215.0,203.0,209.5,8463561
2018-03-07,203.0,203.0,215.0,203.0,209.5,8463561
2018-03-08,203.0,203.0,215.0,203.0,209.5,8463561
2018-03-09,203.0,203.0,215.0,203.0,209.5,8463561
2018-03-12,203.0,203.0,215.0,203.0,209.5,8463561
2018-03-13,203.0,203.0,215.0,203.0,209.5,8463561
2018-03-14,203.0,203.0,215.0,203.0,209.5,8463561
2018-03-15,203.0,203.0,215.0,203.0,209.5,8463561
2018-03-16,203.0,203.0,215.0,203.0,209.5,8463561
2018-03-19,203.0,203.0,215.0,203.0,209.5,8463561
2018-03-20,203.0,203.0,215.0,203.0,209.5,8463561
2018-03-21,203.0,203.0,215.0,203.0,209.5,8463561
2018-03-22,203.0,203.0,215.0,203.0,209.5,8463561
2018-03-23,203.0,203.0,215.0,203.0,209.5,8463561
2018-03-26,203.0,203.0,215.0,203.0,209.5,8463561
2018-03-27,203.0,203.0,215.0,203.0,209.5,8463561
2018-03-28,203.0,203.0,215.0,203.0,209.5,8463561
2018-03-29,203.0,203.0,215.0,203.0,209.5,8463561
2018-03-30,203.0,203.0,215.0,203.0,209.5,8463561
2018-04-02,203.0,203.0,215.0,203.0,209.5,8463561
2018-04-03,203.0,203.0,215.0,203.0,209.5,8463561
2018-04-09,203.0,203.0,215.0,203.0,209.5,8463561
2018-04-10,203.0,203.0,215.0,203.0,209.5,8463561
2018-04-11,203.0,203.0,215.0,203.0,209.5,8463561
2018-04-12,203.0,203.0,215.0,203.0,209.5,8463561
2018-04-13,203.0,203.0,215.0,203.0,209.5,8463561
2018-04-16,203.0,203.0,215.0,203.0,209.5,8463561
2018-04-17,203.0,203.0,215.0,203.0,209.5,8463561
2018-04-18,203.0,203.0,215.0,203.0,209.5,8463561
2018-04-19,203.0,203.0,215.0,203.0,209.5,8463561
2018-04-20,203.0,203.0,215.0,203.0,209.5,8463561
2018-04-23,203.0,203.0,215.0,203.0,209.5,8463561
2018-04-24,203.0,203.0,215.0,203.0,209.5,8463561
2018-04-25,203.0,203.0,215.0,203.0,209.5,8463561
2018-04-26,203.0,203.0,215.0,203.0,209.5,8463561
2018-04-27,203.0,203.0,215.0,203.0,209.5,8463561
2018-04-30,203.0,203.0,215.0,203.0,209.5,8463561
2018-05-02,203.0,203.0,215.0,203.0,209.5,8463561
2018-05-03,203.0,203.0,215.0,203.0,209.5,8463561
2018-05-04,203.0,203.0,215.0,203.0,209.5,8463561
2018-05-07,203.0,203.0,215.0,203.0,209.5,8463561
2018-05-08,203.0,203.0,215.0,203.0,209.5,8463561
2018-05-09,203.0,203.0,215.0,203.0,209.5,8463561
2018-05-10,203.0,203.0,215.0,203.0,209.5,8463561
2018-05-11,203.0,203.0,215.0,203.0,209.5,8463561
2018-05-14,203.0,203.0,215.0,203.0,209.5,8463561
2018-05-15,203.0,203.0,215.0,203.0,209.5,8463561
2018-05-16,203.0,203.0,215.0,203.0,209.5,8463561
2018-05-17,203.0,203.0,215.0,203.0,209.5,8463561
2018-05-18,203.0,203.0,215.0,203.0,209.5,8463561
2018-05-21,203.0,203.0,215.0,203.0,209.5,8463561
2018-05-22,203.0,203.0,215.0,203.0,209.5,8463561
2018-05-23,203.0,203.0,215.0,203.0,209.5,8463561
2018-05-24,203.0,203.0,215.0,203.0,209.5,8463561
2018-05-25,203.0,203.0,215.0,203.0,209.5,8463561
2018-05-28,203.0,203.0,215.0,203.0,209.5,8463561
2018-05-29,203.0,203.0,215.0,203.0,209.5,8463561
2018-05-30,203.0,203.0,215.0,203.0,209.5,8463561
2018-05-31,203.0,203.0,215.0,203.0,209.5,8463561
2018-06-01,203.0,203.0,215.0,203.0,209.5,8463561
2018-06-04,203.0,203.0,215.0,203.0,209.5,8463561
2018-06-05,203.0,203.0,215.0,203.0,209.5,8463561
2018-06-06,203.0,203.0,215.0,203.0,209.5,8463561
2018-06-07,203.0,203.0,215.0,203.0,209.5,8463561
2018-06-08,203.0,203.0,215.0,203.0,209.5,8463561
2018-06-11,203.0,203.0,215.0,203.0,209.5,8463561
2018-06-12,203.0,203.0,215.0,203.0,209.5,8463561
2018-06-13,203.0,203.0,215.0,203.0,209.5,8463561
2018-06-14,203.0,203.0,215.0,203.0,209.5,8463561
2018-06-15,203.0,203.0,215.0,203.0,209.5,8463561
2018-06-19,203.0,203.0,215.0,203.0,209.5,8463561
2018-06-20,203.0,203.0,215.0,203.0,209.5,8463561
2018-06-21,203.0,203.0,215.0,203.0,209.5,8463561
2018-06-22,203.0,203.0,215.0,203.0,209.5,8463561
2018-06-25,203.0,203.0,215.0,203.0,209.5,8463561
2018-06-26,203.0,203.0,215.0,203.0,209.5,8463561
2018-06-27,203.0,203.0,215.0,203.0,209.5,8463561
2018-06-28,203.0,203.0,215.0,203.0,209.5,8463561
2018-06-29,203.0,203.0,215.0,203.0,209.5,8463561
2018-07-02,203.0,203.0,215.0,203.0,209.5,8463561
2018-07-03,203.0,203.0,215.0,203.0,209.5,8463561
2018-07-04,203.0,203.0,215.0,203.0,209.5,8463561
2018-07-05,203.0,203.0,215.0,203.0,209.5,8463561
2018-07-06,203.0,203.0,215.0,203.0,209.5,8463561
2018-07-09,203.0,203.0,215.0,203.0,209.5,8463561
2018-07-10,203.0,203.0,215.0,203.0,209.5,8463561
2018-07-11,203.0,203.0,215.0,203.0,209.5,8463561
2018-07-12,203.0,203.0,215.0,203.0,209.5,8463561
2018-07-13,203.0,203.0,215.0,203.0,209.5,8463561
2018-07-16,203.0,203.0,215.0,203.0,209.5,8463561
2018-07-17,203.0,203.0,215.0,203.0,209.5,8463561
2018-07-18,203.0,203.0,215.0,203.0,209.5,8463561
2018-07-19,203.0,203.0,215.0,203.0,209.5,8463561
2018-07-20,203.0,203.0,215.0,203.0,209.5,8463561
2018-07-23,203.0,203.0,215.0,203.0,209.5,8463561
2018-07-24,203.0,203.0,215.0,203.0,209.5,8463561
2018-07-25,203.0,203.0,215.0,203.0,209.5,8463561
2018-07-26,203.0,203.0,215.0,203.0,209.5,8463561
2018-07-27,203.0,203.0,215.0,203.0,209.5,8463561
2018-07-30,203.0,203.0,215.0,203.0,209.5,8463561
2018-07-31,203.0,203.0,215.0,203.0,209.5,8463561
2018-08-01,203.0,203.0,215.0,203.0,209.5,8463561
2018-08-02,203.0,203.0,215.0,203.0,209.5,8463561
2018-08-03,203.0,203.0,215.0,203.0,209.5,8463561
2018-08-06,203.0,203.0,215.0,203.0,209.5,8463561
2018-08-07,203.0,203.0,215.0,203.0,209.5,8463561
2018-08-08,203.0,203.0,215.0,203.0,209.5,8463561
2018-08-09,203.0,203.0,215.0,203.0,209.5,8463561
2018-08-10,203.0,203.0,215.0,203.0,209.5,8463561
2018-08-13,203.0,203.0,215.0,203.0,209.5,8463561
2018-08-14,203.0,203.0,215.0,203.0,209.5,8463561
2018-08-15,203.0,203.0,215.0,203.0,209.5,8463561
2018-08-16,203.0,203.0,215.0,203.0,209.5,8463561
2018-08-17,203.0,203.0,215.0,203.0,209.5,8463561
2018-08-20,203.0,203.0,215.0,203.0,209.5,8463561
2018-08-21,203.0,203.0,215.0,203.0,209.5,8463561
2018-08-22,203.0,203.0,215.0,203.0,209.5,8463561
2018-08-23,203.0,203.0,215.0,203.0,209.5,8463561
2018-08-24,203.0,203.0,215.0,203.0,209.5,8463561
2018-08-27,203.0,203.0,215.0,203.0,209.5,8463561
2018-08-28,203.0,203.0,215.0,203.0,209.5,8463561
2018-08-29,203.0,203.0,215.0,203.0,209.5,8463561
2018-08-30,203.0,203.0,215.0,203.0,209.5,8463561
2018-08-31,203.0,203.0,215.0,203.0,209.5,8463561
2018-09-03,203.0,203.0,215.0,203.0,209.5,8463561
2018-09-04,203.0,203.0,215.0,203.0,209.5,8463561
2018-09-05,203.0,203.0,215.0,203.0,209.5,8463561
2018-09-06,203.0,203.0,215.0,203.0,209.5,8463561
2018-09-07,203.0,203.0,215.0,203.0,209.5,8463561
2018-09-10,203.0,203.0,215.0,203.0,209.5,8463561
2018-09-11,203.0,203.0,215.0,203.0,209.5,8463561
2018-09-12,203.0,203.0,215.0,203.0,209.5,8463561
2018-09-13,203.0,203.0,215.0,203.0,209.5,8463561
2018-09-14,203.0,203.0,215.0,203.0,209.5,8463561
2018-09-17,203.0,203.0,215.0,203.0,209.5,8463561
2018-09-18,203.0,203.0,215.0,203.0,209.5,8463561
2018-09-19,203.0,203.0,215.0,203.0,209.5,8463561
2018-09-20,203.0,203.0,215.0,203.0,209.5,8463561
2018-09-21,203.0,203.0,215.0,203.0,209.5,8463561
2018-09-25,203.0,203.0,215.0,203.0,209.5,8463561
2018-09-26,203.0,203.0,215.0,203.0,209.5,8463561
2018-09-27,203.0,203.0,215.0,203.0,209.5,8463561
2018-09-28,203.0,203.0,215.0,203.0,209.5,8463561
2018-10-01,203.0,203.0,215.0,203.0,209.5,8463561
2018-10-02,203.0,203.0,215.0,203.0,209.5,8463561
2018-10-03,203.0,203.0,215.0,203.0,209.5,8463561
2018-10-04,203.0,203.0,215.0,203.0,209.5,8463561
2018-10-05,203.0,203.0,215.0,203.0,209.5,8463561
2018-10-08,203.0,203.0,215.0,203.0,209.5,8463561
2018-10-09,203.0,203.0,215.0,203.0,209.5,8463561
2018-10-11,203.0,203.0,215.0,203.0,209.5,8463561
2018-10-12,203.0,203.0,215.0,203.0,209.5,8463561
2018-10-15,203.0,203.0,215.0,203.0,209.5,8463561
2018-10-16,203.0,203.0,215.0,203.0,209.5,8463561
2018-10-17,203.0,203.0,215.0,203.0,209.5,8463561
2018-10-18,203.0,203.0,215.0,203.0,209.5,8463561
2018-10-19,203.0,203.0,215.0,203.0,209.5,8463561
2018-10-22,203.0,203.0,215.0,203.0,209.5,8463561
2018-10-23,203.0,203.0,215.0,203.0,209.5,8463561
2018-10-24,203.0,203.0,215.0,203.0,209.5,8463561
2018-10-25,203.0,203.0,215.0,203.0,209.5,8463561
2018-10-26,203.0,203.0,215.0,203.0,209.5,8463561
2018-10-29,203.0,203.0,215.0,203.0,209.5,8463561
2018-10-30,203.0,203.0,215.0,203.0,209.5,8463561
2018-10-31,203.0,203.0,215.0,203.0,209.5,8463561
2018-11-01,203.0,203.0,215.0,203.0,209.5,8463561
2018-11-02,203.0,203.0,215.0,203.0,209.5,8463561
2018-11-05,203.0,203.0,215.0,203.0,209.5,8463561
2018-11-06,203.0,203.0,215.0,203.0,209.5,8463561
2018-11-07,203.0,203.0,215.0,203.0,209.5,8463561
2018-11-08,203.0,203.0,215.0,203.0,209.5,8463561
2018-11-09,203.0,203.0,215.0,203.0,209.5,8463561
2018-11-12,203.0,203.0,215.0,203.0,209.5,8463561
2018-11-13,203.0,203.0,215.0,203.0,209.5,8463561
2018-11-14,203.0,203.0,215.0,203.0,209.5,8463561
2018-11-15,203.0,203.0,215.0,203.0,209.5,8463561
2018-11-16,203.0,203.0,215.0,203.0,209.5,8463561
2018-11-19,203.0,203.0,215.0,203.0,209.5,8463561
2018-11-20,203.0,203.0,215.0,203.0,209.5,8463561
2018-11-21,203.0,203.0,215.0,203.0,209.5,8463561
2018-11-22,203.0,203.0,215.0,203.0,209.5,8463561
2018-11-23,203.0,203.0,215.0,203.0,209.5,8463561
2018-11-26,203.0,203.0,215.0,203.0,209.5,8463561
2018-11-27,203.0,203.0,215.0,203.0,209.5,8463561
2018-11-28,203.0,203.0,215.0,203.0,209.5,8463561
2018-11-29,203.0,203.0,215.0,203.0,209.5,8463561
2018-11-30,203.0,203.0,215.0,203.0,209.5,8463561
2018-12-03,203.0,203.0,215.0,203.0,209.5,8463561
2018-12-04,203.0,203.0,215.0,203.0,209.5,8463561
2018-12-05,203.0,203.0,215.0,203.0,209.5,8463561
2018-12-06,203.0,203.0,215.0,203.0,209.5,8463561
2018-12-07,203.0,203.0,215.0,203.0,209.5,8463561
2018-12-10,203.0,203.0,215.0,203.0,209.5,8463561
2018-12-11,203.0,203.0,215.0,203.0,209.5,8463561
2018-12-12,203.0,203.0,215.0,203.0,209.5,8463561
2018-12-13,203.0,203.0,215.0,203.0,209.5,8463561
2018-12-14,203.0,203.0,215.0,203.0,209.5,8463561
2018-12-17,203.0,203.0,215.0,203.0,209.5,8463561
2018-12-18,203.0,203.0,215.0,203.0,209.5,8463561
2018-12-19,203.0,203.0,215.0,203.0,209.5,8463561
2018-12-20,203.0,203.0,215.0,203.0,209.5,8463561
2018-12-21,203.0,203.0,215.0,203.0,209.5,8463561
2018-12-24,203.0,203.0,215.0,203.0,209.5,8463561
2018-12-25,203.0,203.0,215.0,203.0,209.5,8463561
2018-12-26,203.0,203.0,215.0,203.0,209.5,8463561
2018-12-27,203.0,203.0,215.0,203.0,209.5,8463561
2018-12-28,203.0,203.0,215.0,203.0,209.5,8463561
2019-01-02,203.0,203.0,215.0,203.0,209.5,8463561
2019-01-03,203.0,203.0,215.0,203.0,209.5,8463561
2019-01-04,203.0,203.0,215.0,203.0,209.5,8463561
2019-01-07,203.0,203.0,215.0,203.0,209.5,8463561
2019-01-08,203.0,203.0,215.0,203.0,209.5,8463561
2019-01-09,203.0,203.0,215.0,203.0,209.5,8463561
2019-01-10,203.0,203.0,215.0,203.0,209.5,8463561
2019-01-11,203.0,203.0,215.0,203.0,209.5,8463561
2019-01-14,203.0,203.0,215.0,203.0,209.5,8463561
2019-01-15,203.0,203.0,215.0,203.0,209.5,8463561
2019-01-16,203.0,203.0,215.0,203.0,209.5,8463561
2019-01-17,203.0,203.0,215.0,203.0,209.5,8463561
2019-01-18,203.0,203.0,215.0,203.0,209.5,8463561
2019-01-21,203.0,203.0,215.0,203.0,209.5,8463561
2019-01-22,203.0,203.0,215.0,203.0,209.5,8463561
2019-01-23,203.0,203.0,215.0,203.0,209.5,8463561
2019-01-24,203.0,203.0,215.0,203.0,209.5,8463561
2019-01-25,203.0,203.0,215.0,203.0,209.5,8463561
2019-01-28,203.0,203.0,215.0,203.0,209.5,8463561
2019-01-29,203.0,203.0,215.0,203.0,209.5,8463561
2019-01-30,203.0,203.0,215.0,203.0,209.5,8463561
2019-02-11,203.0,203.0,215.0,203.0,209.5,8463561
2019-02-12,203.0,203.0,215.0,203.0,209.5,8463561
2019-02-13,203.0,203.0,215.0,203.0,209.5,8463561
2019-02-14,203.0,203.0,215.0,203.0,209.5,8463561
2019-02-15,203.0,203.0,215.0,203.0,209.5,8463561
2019-02-18,203.0,203.0,215.0,203.0,209.5,8463561
2019-02-19,203.0,203.0,215.0,203.0,209.5,8463561
2019-02-20,203.0,203.0,215.0,203.0,209.5,8463561
2019-02-21,203.0,203.0,215.0,203.0,209.5,8463561
2019-02-22,203.0,203.0,215.0,203.0,209.5,8463561
2019-02-25,203.0,203.0,215.0,203.0,209.5,8463561
2019-02-26,203.0,203.0,215.0,203.0,209.5,8463561
2019-02-27,203.0,203.0,215.0,203.0,209.5,8463561
2019-03-04,203.0,203.0,215.0,203.0,209.5,8463561
2019-03-05,203.0,203.0,215.0,203.0,209.5,8463561
2019-03-06,203.0,203.0,215.0,203.0,209.5,8463561
2019-03-07,203.0,203.0,215.0,203.0,209.5,8463561
2019-03-08,203.0,203.0,215.0,203.0,209.5,8463561
2019-03-11,203.0,203.0,215.0,203.0,209.5,8463561
2019-03-12,203.0,203.0,215.0,203.0,209.5,8463561
2019-03-13,203.0,203.0,215.0,203.0,209.5,8463561
2019-03-14,203.0,203.0,215.0,203.0,209.5,8463561
2019-03-15,203.0,203.0,215.0,203.0,209.5,8463561
2019-03-18,203.0,203.0,215.0,203.0,209.5,8463561
2019-03-19,203.0,203.0,215.0,203.0,209.5,8463561
2019-03-20,203.0,203.0,215.0,203.0,209.5,8463561
2019-03-21,203.0,203.0,215.0,203.0,209.5,8463561
2019-03-22,203.0,203.0,215.0,203.0,209.5,8463561
2019-03-25,203.0,203.0,215.0,203.0,209.5,8463561
2019-03-26,203.0,203.0,215.0,203.0,209.5,8463561
2019-03-27,203.0,203.0,215.0,203.0,209.5,8463561
2019-03-28,203.0,203.0,215.0,203.0,209.5,8463561
2019-03-29,203.0,203.0,215.0,203.0,209.5,8463561
2019-04-01,203.0,203.0,215.0,203.0,209.5,8463561
2019-04-02,203.0,203.0,215.0,203.0,209.5,8463561
2019-04-03,203.0,203.0,215.0,203.0,209.5,8463561
2019-04-08,203.0,203.0,215.0,203.0,209.5,8463561
2019-04-09,203.0,203.0,215.0,203.0,209.5,8463561
2019-04-10,203.0,203.0,215.0,203.0,209.5,8463561
2019-04-11,203.0,203.0,215.0,203.0,209.5,8463561
2019-04-12,203.0,203.0,215.0,203.0,209.5,8463561
2019-04-15,203.0,203.0,215.0,203.0,209.5,8463561
2019-04-16,203.0,203.0,215.0,203.0,209.5,8463561
2019-04-17,203.0,203.0,215.0,203.0,209.5,8463561
2019-04-18,203.0,203.0,215.0,203.0,209.5,8463561
2019-04-19,203.0,203.0,215.0,203.0,209.5,8463561
2019-04-22,203.0,203.0,215.0,203.0,209.5,8463561
2019-04-23,203.0,203.0,215.0,203.0,209.5,8463561
2019-04-24,203.0,203.0,215.0,203.0,209.5,8463561
2019-04-25,203.0,203.0,215.0,203.0,209.5,8463561
2019-04-26,203.0,203.0,215.0,203.0,209.5,8463561
2019-04-29,203.0,203.0,215.0,203.0,209.5,8463561
2019-04-30,203.0,203.0,215.0,203.0,209.5,8463561
2019-05-02,203.0,203.0,215.0,203.0,209.5,8463561
2019-05-03,203.0,203.0,215.0,203.0,209.5,8463561
2019-05-06,203.0,203.0,215.0,203.0,209.5,8463561
2019-05-07,203.0,203.0,215.0,203.0,209.5,8463561
2019-05-08,203.0,203.0,215.0,203.0,209.5,8463561
2019-05-09,203.0,203.0,215.0,203.0,209.5,8463561
2019-05-10,203.0,203.0,215.0,203.0,209.5,8463561
2019-05-13,203.0,203.0,215.0,203.0,209.5,8463561
2019-05-14,203.0,203.0,215.0,203.0,209.5,8463561
2019-05-15,203.0,203.0,215.0,203.0,209.5,8463561
2019-05-16,203.0,203.0,215.0,203.0,209.5,8463561
2019-05-17,203.0,203.0,215.0,203.0,209.5,8463561
2019-05-20,203.0,203.0,215.0,203.0,209.5,8463561
2019-05-21,203.0,203.0,215.0,203.0,209.5,8463561
2019-05-22,203.0,203.0,215.0,203.0,209.5,8463561
2019-05-23,203.0,203.0,215.0,203.0,209.5,8463561
2019-05-24,203.0,203.0,215.0,203.0,209.5,8463561
2019-05-27,203.0,203.0,215.0,203.0,209.5,8463561
2019-05-28,203.0,203.0,215.0,203.0,209.5,8463561
2019-05-29,203.0,203.0,215.0,203.0,209.5,8463561
2019-05-30,203.0,203.0,215.0,203.0,209.5,8463561
2019-05-31,203.0,203.0,215.0,203.0,209.5,8463561
2019-06-03,203.0,203.0,215.0,203.0,209.5,8463561
2019-06-04,203.0,203.0,215.0,203.0,209.5,8463561
2019-06-05,203.0,203.0,215.0,203.0,209.5,8463561
2019-06-06,203.0,203.0,215.0,203.0,209.5,8463561
2019-06-10,203.0,203.0,215.0,203.0,209.5,8463561
2019-06-11,203.0,203.0,215.0,203.0,209.5,8463561
2019-06-12,203.0,203.0,215.0,203.0,209.5,8463561
2019-06-13,203.0,203.0,215.0,203.0,209.5,8463561
2019-06-14,203.0,203.0,215.0,203.0,209.5,8463561
2019-06-17,203.0,203.0,215.0,203.0,209.5,8463561
2019-06-18,203.0,203.0,215.0,203.0,209.5,8463561
2019-06-19,203.0,203.0,215.0,203.0,209.5,8463561
2019-06-20,203.0,203.0,215.0,203.0,209.5,8463561
2019-06-21,203.0,203.0,215.0,203.0,209.5,8463561
2019-06-24,203.0,203.0,215.0,203.0,209.5,8463561
2019-06-25,203.0,203.0,215.0,203.0,209.5,8463561
2019-06-26,203.0,203.0,215.0,203.0,209.5,8463561
2019-06-27,203.0,203.0,215.0,203.0,209.5,8463561
2019-06-28,203.0,203.0,215.0,203.0,209.5,8463561
2019-07-01,203.0,203.0,215.0,203.0,209.5,8463561
2019-07-02,203.0,203.0,215.0,203.0,209.5,8463561
2019-07-03,203.0,203.0,215.0,203.0,209.5,8463561
2019-07-04,203.0,203.0,215.0,203.0,209.5,8463561
2019-07-05,203.0,203.0,215.0,203.0,209.5,8463561
2019-07-08,203.0,203.0,215.0,203.0,209.5,8463561
2019-07-09,203.0,203.0,215.0,203.0,209.5,8463561
2019-07-10,203.0,203.0,215.0,203.0,209.5,8463561
2019-07-11,203.0,203.0,215.0,203.0,209.5,8463561
2019-07-12,203.0,203.0,215.0,203.0,209.5,8463561
2019-07-15,203.0,203.0,215.0,203.0,209.5,8463561
2019-07-16,203.0,203.0,215.0,203.0,209.5,8463561
2019-07-17,203.0,203.0,215.0,203.0,209.5,8463561
2019-07-18,203.0,203.0,215.0,203.0,209.5,8463561
2019-07-19,203.0,203.0,215.0,203.0,209.5,8463561
2019-07-22,203.0,203.0,215.0,203.0,209.5,8463561
2019-07-23,203.0,203.0,215.0,203.0,209.5,8463561
2019-07-24,203.0,203.0,215.0,203.0,209.5,8463561
2019-07-25,203.0,203.0,215.0,203.0,209.5,8463561
2019-07-26,203.0,203.0,215.0,203.0,209.5,8463561
2019-07-29,203.0,203.0,215.0,203.0,209.5,8463561
2019-07-30,203.0,203.0,215.0,203.0,209.5,8463561
2019-07-31,203.0,203.0,215.0,203.0,209.5,8463561
2019-08-01,203.0,203.0,215.0,203.0,209.5,8463561
2019-08-02,203.0,203.0,215.0,203.0,209.5,8463561
2019-08-05,203.0,203.0,215.0,203.0,209.5,8463561
2019-08-06,203.0,203.0,215.0,203.0,209.5,8463561
2019-08-07,203.0,203.0,215.0,203.0,209.5,8463561
2019-08-08,203.0,203.0,215.0,203.0,209.5,8463561
2019-08-12,203.0,203.0,215.0,203.0,209.5,8463561
2019-08-13,203.0,203.0,215.0,203.0,209.5,8463561
2019-08-14,203.0,203.0,215.0,203.0,209.5,8463561
2019-08-15,203.0,203.0,215.0,203.0,209.5,8463561
2019-08-16,203.0,203.0,215.0,203.0,209.5,8463561
2019-08-19,203.0,203.0,215.0,203.0,209.5,8463561
2019-08-20,203.0,203.0,215.0,203.0,209.5,8463561
2019-08-21,203.0,203.0,215.0,203.0,209.5,8463561
2019-08-22,203.0,203.0,215.0,203.0,209.5,8463561
2019-08-23,203.0,203.0,215.0,203.0,209.5,8463561
2019-08-26,203.0,203.0,215.0,203.0,209.5,8463561
2019-08-27,203.0,203.0,215.0,203.0,209.5,8463561
2019-08-28,203.0,203.0,215.0,203.0,209.5,8463561
2019-08-29,203.0,203.0,215.0,203.0,209.5,8463561
2019-08-30,203.0,203.0,215.0,203.0,209.5,8463561
2019-09-02,203.0,203.0,215.0,203.0,209.5,8463561
2019-09-03,203.0,203.0,215.0,203.0,209.5,8463561
2019-09-04,203.0,203.0,215.0,203.0,209.5,8463561
2019-09-05,203.0,203.0,215.0,203.0,209.5,8463561
2019-09-06,203.0,203.0,215.0,203.0,209.5,8463561
2019-09-09,203.0,203.0,215.0,203.0,209.5,8463561
2019-09-10,203.0,203.0,215.0,203.0,209.5,8463561
2019-09-11,203.0,203.0,215.0,203.0,209.5,8463561
2019-09-12,203.0,203.0,215.0,203.0,209.5,8463561
2019-09-16,203.0,203.0,215.0,203.0,209.5,8463561
2019-09-17,203.0,203.0,215.0,203.0,209.5,8463561
2019-09-18,203.0,203.0,215.0,203.0,209.5,8463561
2019-09-19,203.0,203.0,215.0,203.0,209.5,8463561
2019-09-20,203.0,203.0,215.0,203.0,209.5,8463561
2019-09-23,203.0,203.0,215.0,203.0,209.5,8463561
2019-09-24,203.0,203.0,215.0,203.0,209.5,8463561
2019-09-25,203.0,203.0,215.0,203.0,209.5,8463561
2019-09-26,203.0,203.0,215.0,203.0,209.5,8463561
2019-09-27,203.0,203.0,215.0,203.0,209.5,8463561
2019-10-01,203.0,203.0,215.0,203.0,209.5,8463561
2019-10-02,203.0,203.0,215.0,203.0,209.5,8463561
2019-10-03,203.0,203.0,215.0,203.0,209.5,8463561
2019-10-04,203.0,203.0,215.0,203.0,209.5,8463561
2019-10-07,203.0,203.0,215.0,203.0,209.5,8463561
2019-10-08,203.0,203.0,215.0,203.0,209.5,8463561
2019-10-09,203.0,203.0,215.0,203.0,209.5,8463561
2019-10-14,203.0,203.0,215.0,203.0,209.5,8463561
2019-10-15,203.0,203.0,215.0,203.0,209.5,8463561
2019-10-16,203.0,203.0,215.0,203.0,209.5,8463561
2019-10-17,203.0,203.0,215.0,203.0,209.5,8463561
2019-10-18,203.0,203.0,215.0,203.0,209.5,8463561
2019-10-21,203.0,203.0,215.0,203.0,209.5,8463561
2019-10-22,203.0,203.0,215.0,203.0,209.5,8463561
2019-10-23,203.0,203.0,215.0,203.0,209.5,8463561
2019-10-24,203.0,203.0,215.0,203.0,209.5,8463561
2019-10-25,203.0,203.0,215.0,203.0,209.5,8463561
2019-10-28,203.0,203.0,215.0,203.0,209.5,8463561
2019-10-29,203.0,203.0,215.0,203.0,209.5,8463561
2019-10-30,203.0,203.0,215.0,203.0,209.5,8463561
2019-10-31,203.0,203.0,215.0,203.0,209.5,8463561
2019-11-01,203.0,203.0,215.0,203.0,209.5,8463561
2019-11-04,203.0,203.0,215.0,203.0,209.5,8463561
2019-11-05,203.0,203.0,215.0,203.0,209.5,8463561
2019-11-06,203.0,203.0,215.0,203.0,209.5,8463561
2019-11-07,203.0,203.0,215.0,203.0,209.5,8463561
2019-11-08,203.0,203.0,215.0,203.0,209.5,8463561
2019-11-11,203.0,203.0,215.0,203.0,209.5,8463561
2019-11-12,203.0,203.0,215.0,203.0,209.5,8463561
2019-11-13,203.0,203.0,215.0,203.0,209.5,8463561
2019-11-14,203.0,203.0,215.0,203.0,209.5,8463561
2019-11-20,203.0,203.0,215.0,203.0,209.5,8463561
2019-11-21,203.0,203.0,215.0,203.0,209.5,8463561
2019-11-22,203.0,203.0,215.0,203.0,209.5,8463561
2019-11-25,203.0,203.0,215.0,203.0,209.5,8463561
2019-11-26,203.0,203.0,215.0,203.0,209.5,8463561
2019-11-27,203.0,203.0,215.0,203.0,209.5,8463561
2019-11-28,203.0,203.0,215.0,203.0,209.5,8463561
2019-11-29,203.0,203.0,215.0,203.0,209.5,8463561
2019-12-02,203.0,203.0,215.0,203.0,209.5,8463561
2019-12-03,203.0,203.0,215.0,203.0,209.5,8463561
2019-12-04,203.0,203.0,215.0,203.0,209.5,8463561
2019-12-05,203.0,203.0,215.0,203.0,209.5,8463561
2019-12-06,203.0,203.0,215.0,203.0,209.5,8463561
2019-12-09,203.0,203.0,215.0,203.0,209.5,8463561
2019-12-10,203.0,203.0,215.0,203.0,209.5,8463561
2019-12-11,203.0,203.0,215.0,203.0,209.5,8463561
2019-12-12,203.0,203.0,215.0,203.0,209.5,8463561
2019-12-13,203.0,203.0,215.0,203.0,209.5,8463561
2019-12-16,203.0,203.0,215.0,203.0,209.5,8463561
2019-12-17,203.0,203.0,215.0,203.0,209.5,8463561
2019-12-18,203.0,203.0,215.0,203.0,209.5,8463561
2019-12-19,203.0,203.0,215.0,203.0,209.5,8463561
2019-12-20,203.0,203.0,215.0,203.0,209.5,8463561
2019-12-23,203.0,203.0,215.0,203.0,209.5,8463561
2019-12-24,203.0,203.0,215.0,203.0,209.5,8463561
2019-12-25,203.0,203.0,215.0,203.0,209.5,8463561
2019-12-26,203.0,203.0,215.0,203.0,209.5,8463561
2019-12-27,203.0,203.0,215.0,203.0,209.5,8463561
2019-12-30,203.0,203.0,215.0,203.0,209.5,8463561
2019-12-31,203.0,203.0,215.0,203.0,209.5,8463561
2020-01-02,203.0,203.0,215.0,203.0,209.5,8463561
2020-01-03,203.0,203.0,215.0,203.0,209.5,8463561
2020-01-06,203.0,203.0,215.0,203.0,209.5,8463561
2020-01-07,203.0,203.0,215.0,203.0,209.5,8463561
2020-01-08,203.0,203.0,215.0,203.0,209.5,8463561
2020-01-09,203.0,203.0,215.0,203.0,209.5,8463561
2020-01-10,203.0,203.0,215.0,203.0,209.5,8463561
2020-01-13,203.0,203.0,215.0,203.0,209.5,8463561
2020-01-14,203.0,203.0,215.0,203.0,209.5,8463561
2020-01-15,203.0,203.0,215.0,203.0,209.5,8463561
2020-01-16,203.0,203.0,215.0,203.0,209.5,8463561
2020-01-17,203.0,203.0,215.0,203.0,209.5,8463561
2020-01-20,203.0,203.0,215.0,203.0,209.5,8463561
2020-01-30,203.0,203.0,215.0,203.0,209.5,8463561
2020-01-31,203.0,203.0,215.0,203.0,209.5,8463561
2020-02-03,203.0,203.0,215.0,203.0,209.5,8463561
2020-02-04,203.0,203.0,215.0,203.0,209.5,8463561
2020-02-05,203.0,203.0,215.0,203.0,209.5,8463561
2020-02-06,203.0,203.0,215.0,203.0,209.5,8463561
2020-02-07,203.0,203.0,215.0,203.0,209.5,8463561
2020-02-10,203.0,203.0,215.0,203.0,209.5,8463561
2020-02-11,203.0,203.0,215.0,203.0,209.5,8463561
2020-02-12,203.0,203.0,215.0,203.0,209.5,8463561
2020-02-13,203.0,203.0,215.0,203.0,209.5,8463561
2020-02-14,203.0,203.0,215.0,203.0,209.5,8463561
2020-02-17,203.0,203.0,215.0,203.0,209.5,8463561
2020-02-18,203.0,203.0,215.0,203.0,209.5,8463561
2020-02-19,203.0,203.0,215.0,203.0,209.5,8463561
2020-02-20,203.0,203.0,215.0,203.0,209.5,8463561
2020-02-21,203.0,203.0,215.0,203.0,209.5,8463561
2020-02-24,203.0,203.0,215.0,203.0,209.5,8463561
2020-02-25,203.0,203.0,215.0,203.0,209.5,8463561
2020-02-26,203.0,203.0,215.0,203.0,209.5,8463561
2020-02-27,203.0,203.0,215.0,203.0,209.5,8463561
2020-03-02,203.0,203.0,215.0,203.0,209.5,8463561
2020-03-03,203.0,203.0,215.0,203.0,209.5,8463561
2020-03-04,203.0,203.0,215.0,203.0,209.5,8463561
2020-03-05,203.0,203.0,215.0,203.0,209.5,8463561
2020-03-06,203.0,203.0,215.0,203.0,209.5,8463561
2020-03-09,203.0,203.0,215.0,203.0,209.5,8463561
2020-03-10,203.0,203.0,215.0,203.0,209.5,8463561
2020-03-11,203.0,203.0,215.0,203.0,209.5,8463561
2020-03-12,203.0,203.0,215.0,203.0,209.5,8463561
2020-03-13,203.0,203.0,215.0,203.0,209.5,8463561
2020-03-16,203.0,203.0,215.0,203.0,209.5,8463561
2020-03-17,203.0,203.0,215.0,203.0,209.5,8463561
2020-03-18,203.0,203.0,215.0,203.0,209.5,8463561
2020-03-19,203.0,203.0,215.0,203.0,209.5,8463561
2020-03-20,203.0,203.0,215.0,203.0,209.5,8463561
2020-03-23,203.0,203.0,215.0,203.0,209.5,8463561
2020-03-24,203.0,203.0,215.0,203.0,209.5,8463561
2020-03-25,203.0,203.0,215.0,203.0,209.5,8463561
2020-03-26,203.0,203.0,215.0,203.0,209.5,8463561
2020-03-27,203.0,203.0,215.0,203.0,209.5,8463561
2020-03-30,203.0,203.0,215.0,203.0,209.5,8463561
2020-03-31,203.0,203.0,215.0,203.0,209.5,8463561
2020-04-01,203.0,203.0,215.0,203.0,209.5,8463561
2020-04-07,203.0,203.0,215.0,203.0,209.5,8463561
2020-04-08,203.0,203.0,215.0,203.0,209.5,8463561
2020-04-09,203.0,203.0,215.0,203.0,209.5,8463561
2020-04-10,203.0,203.0,215.0,203.0,209.5,8463561
2020-04-13,203.0,203.0,215.0,203.0,209.5,8463561
2020-04-14,203.0,203.0,215.0,203.0,209.5,8463561
2020-04-15,203.0,203.0,215.0,203.0,209.5,8463561
2020-04-16,203.0,203.0,215.0,203.0,209.5,8463561
2020-04-17,203.0,203.0,215.0,203.0,209.5,8463561
2020-04-20,203.0,203.0,215.0,203.0,209.5,8463561
2020-04-21,203.0,203.0,215.0,203.0,209.5,8463561
2020-04-22,203.0,203.0,215.0,203.0,209.5,8463561
2020-04-23,203.0,203.0,215.0,203.0,209.5,8463561
2020-04-24,203.0,203.0,215.0,203.0,209.5,8463561
2020-04-27,203.0,203.0,215.0,203.0,209.5,8463561
2020-04-28,203.0,203.0,215.0,203.0,209.5,8463561
2020-04-29,203.0,203.0,215.0,203.0,209.5,8463561
2020-05-04,203.0,203.0,215.0,203.0,209.5,8463561
2020-05-05,203.0,203.0,215.0,203.0,209.5,8463561
2020-05-06,203.0,203.0,215.0,203.0,209.5,8463561
2020-05-07,203.0,203.0,215.0,203.0,209.5,8463561
2020-05-08,203.0,203.0,215.0,203.0,209.5,8463561
2020-05-11,203.0,203.0,215.0,203.0,209.5,8463561
2020-05-12,203.0,203.0,215.0,203.0,209.5,8463561
2020-05-13,203.0,203.0,215.0,203.0,209.5,8463561
2020-05-14,203.0,203.0,215.0,203.0,209.5,8463561
2020-05-15,203.0,203.0,215.0,203.0,209.5,8463561
2020-05-18,203.0,203.0,215.0,203.0,209.5,8463561
2020-05-19,203.0,203.0,215.0,203.0,209.5,8463561
2020-05-20,203.0,203.0,215.0,203.0,209.5,8463561
2020-05-21,203.0,203.0,215.0,203.0,209.5,8463561
2020-05-22,203.0,203.0,215.0,203.0,209.5,8463561
2020-05-25,203.0,203.0,215.0,203.0,209.5,8463561
2020-05-26,203.0,203.0,215.0,203.0,209.5,8463561
2020-05-27,203.0,203.0,215.0,203.0,209.5,8463561
2020-05-28,203.0,203.0,215.0,203.0,209.5,8463561
2020-05-29,203.0,203.0,215.0,203.0,209.5,8463561
2020-06-01,203.0,203.0,215.0,203.0,209.5,8463561
2020-06-02,203.0,203.0,215.0,203.0,209.5,8463561
2020-06-03,203.0,203.0,215.0,203.0,209.5,8463561
2020-06-04,203.0,203.0,215.0,203.0,209.5,8463561
2020-06-05,203.0,203.0,215.0,203.0,209.5,8463561
2020-06-08,203.0,203.0,215.0,203.0,209.5,8463561
2020-06-09,203.0,203.0,215.0,203.0,209.5,8463561
2020-06-10,203.0,203.0,215.0,203.0,209.5,8463561
2020-06-11,203.0,203.0,215.0,203.0,209.5,8463561
2020-06-12,203.0,203.0,215.0,203.0,209.5,8463561
2020-06-15,203.0,203.0,215.0,203.0,209.5,8463561
2020-06-16,203.0,203.0,215.0,203.0,209.5,8463561
2020-06-17,203.0,203.0,215.0,203.0,209.5,8463561
2020-06-18,203.0,203.0,215.0,203.0,209.5,8463561
2020-06-19,203.0,203.0,215.0,203.0,209.5,8463561
2020-06-22,203.0,203.0,215.0,203.0,209.5,8463561
2020-06-23,203.0,203.0,215.0,203.0,209.5,8463561
2020-06-24,203.0,203.0,215.0,203.0,209.5,8463561
2020-06-29,203.0,203.0,215.0,203.0,209.5,8463561
2020-06-30,203.0,203.0,215.0,203.0,209.5,8463561
2020-07-01,203.0,203.0,215.0,203.0,209.5,8463561
2020-07-02,203.0,203.0,215.0,203.0,209.5,8463561
2020-07-03,203.0,203.0,215.0,203.0,209.5,8463561
2020-07-06,203.0,203.0,215.0,203.0,209.5,8463561
2020-07-07,203.0,203.0,215.0,203.0,209.5,8463561
2020-07-08,203.0,203.0,215.0,203.0,209.5,8463561
2020-07-09,203.0,203.0,215.0,203.0,209.5,8463561
2020-07-10,203.0,203.0,215.0,203.0,209.5,8463561
2020-07-13,203.0,203.0,215.0,203.0,209.5,8463561
2020-07-14,203.0,203.0,215.0,203.0,209.5,8463561
2020-07-15,203.0,203.0,215.0,203.0,209.5,8463561
2020-07-16,203.0,203.0,215.0,203.0,209.5,8463561
2020-07-17,203.0,203.0,215.0,203.0,209.5,8463561
2020-07-20,203.0,203.0,215.0,203.0,209.5,8463561
2020-07-21,203.0,203.0,215.0,203.0,209.5,8463561
2020-07-22,203.0,203.0,215.0,203.0,209.5,8463561
2020-07-23,203.0,203.0,215.0,203.0,209.5,8463561
2020-07-24,203.0,203.0,215.0,203.0,209.5,8463561
2020-07-27,203.0,203.0,215.0,203.0,209.5,8463561
2020-07-28,203.0,203.0,215.0,203.0,209.5,8463561
2020-07-29,203.0,203.0,215.0,203.0,209.5,8463561
2020-07-30,203.0,203.0,215.0,203.0,209.5,8463561
2020-07-31,203.0,203.0,215.0,203.0,209.5,8463561
2020-08-03,203.0,203.0,215.0,203.0,209.5,8463561
2020-08-04,203.0,203.0,215.0,203.0,209.5,8463561
2020-08-05,203.0,203.0,215.0,203.0,209.5,8463561
2020-08-06,203.0,203.0,215.0,203.0,209.5,8463561
2020-08-07,203.0,203.0,215.0,203.0,209.5,8463561
2020-08-10,203.0,203.0,215.0,203.0,209.5,8463561
2020-08-11,203.0,203.0,215.0,203.0,209.5,8463561
2020-08-12,203.0,203.0,215.0,203.0,209.5,8463561
2020-08-13,203.0,203.0,215.0,203.0,209.5,8463561
2020-08-14,203.0,203.0,215.0,203.0,209.5,8463561
2020-08-17,203.0,203.0,215.0,203.0,209.5,8463561
2020-08-18,203.0,203.0,215.0,203.0,209.5,8463561
2020-08-19,203.0,203.0,215.0,203.0,209.5,8463561
2020-08-20,203.0,203.0,215.0,203.0,209.5,8463561
2020-08-21,203.0,203.0,215.0,203.0,209.5,8463561
2020-08-24,203.0,203.0,215.0,203.0,209.5,8463561
2020-08-25,203.0,203.0,215.0,203.0,209.5,8463561
2020-08-26,203.0,203.0,215.0,203.0,209.5,8463561
2020-08-27,203.0,203.0,215.0,203.0,209.5,8463561
2020-08-28,203.0,203.0,215.0,203.0,209.5,8463561
2020-08-31,203.0,203.0,215.0,203.0,209.5,8463561
2020-09-01,203.0,203.0,215.0,203.0,209.5,8463561
2020-09-02,203.0,203.0,215.0,203.0,209.5,8463561
2020-09-03,203.0,203.0,215.0,203.0,209.5,8463561
2020-09-04,203.0,203.0,215.0,203.0,209.5,8463561
2020-09-07,203.0,203.0,215.0,203.0,209.5,8463561
2020-09-08,203.0,203.0,215.0,203.0,209.5,8463561
2020-09-09,203.0,203.0,215.0,203.0,209.5,8463561
2020-09-10,203.0,203.0,215.0,203.0,209.5,8463561
2020-09-11,203.0,203.0,215.0,203.0,209.5,8463561
2020-09-14,203.0,203.0,215.0,203.0,209.5,8463561
2020-09-15,203.0,203.0,215.0,203.0,209.5,8463561
2020-09-16,203.0,203.0,215.0,203.0,209.5,8463561
2020-09-17,203.0,203.0,215.0,203.0,209.5,8463561
2020-09-18,203.0,203.0,215.0,203.0,209.5,8463561
2020-09-21,203.0,203.0,215.0,203.0,209.5,8463561
2020-09-22,203.0,203.0,215.0,203.0,209.5,8463561
2020-09-23,203.0,203.0,215.0,203.0,209.5,8463561
2020-09-24,203.0,203.0,215.0,203.0,209.5,8463561
2020-09-25,203.0,203.0,215.0,203.0,209.5,8463561
2020-09-28,203.0,203.0,215.0,203.0,209.5,8463561
2020-09-29,203.0,203.0,215.0,203.0,209.5,8463561
2020-09-30,203.0,203.0,215.0,203.0,209.5,8463561
2020-10-05,203.0,203.0,215.0,203.0,209.5,8463561
2020-10-06,203.0,203.0,215.0,203.0,209.5,8463561
2020-10-07,203.0,203.0,215.0,203.0,209.5,8463561
2020-10-08,203.0,203.0,215.0,203.0,209.5,8463561
2020-10-12,203.0,203.0,215.0,203.0,209.5,8463561
2020-10-13,203.0,203.0,215.0,203.0,209.5,8463561
2020-10-14,203.0,203.0,215.0,203.0,209.5,8463561
2020-10-15,203.0,203.0,215.0,203.0,209.5,8463561
2020-10-16,203.0,203.0,215.0,203.0,209.5,8463561
2020-10-19,203.0,203.0,215.0,203.0,209.5,8463561
2020-10-20,203.0,203.0,215.0,203.0,209.5,8463561
2020-10-21,203.0,203.0,215.0,203.0,209.5,8463561
2020-10-22,203.0,203.0,215.0,203.0,209.5,8463561
2020-10-23,203.0,203.0,215.0,203.0,209.5,8463561
2020-10-26,203.0,203.0,215.0,203.0,209.5,8463561
2020-10-27,203.0,203.0,215.0,203.0,209.5,8463561
2020-10-28,203.0,203.0,215.0,203.0,209.5,8463561
2020-10-29,203.0,203.0,215.0,203.0,209.5,8463561
2020-10-30,203.0,203.0,215.0,203.0,209.5,8463561
2020-11-02,203.0,203.0,215.0,203.0,209.5,8463561
2020-11-03,203.0,203.0,215.0,203.0,209.5,8463561
2020-11-04,203.0,203.0,215.0,203.0,209.5,8463561
2020-11-05,203.0,203.0,215.0,203.0,209.5,8463561
2020-11-06,203.0,203.0,215.0,203.0,209.5,8463561
2020-11-09,203.0,203.0,215.0,203.0,209.5,8463561
2020-11-10,203.0,203.0,215.0,203.0,209.5,8463561
2020-11-11,203.0,203.0,215.0,203.0,209.5,8463561
2020-11-12,203.0,203.0,215.0,203.0,209.5,8463561
2020-11-13,203.0,203.0,215.0,203.0,209.5,8463561
2020-11-16,203.0,203.0,215.0,203.0,209.5,8463561
2020-11-17,203.0,203.0,215.0,203.0,209.5,8463561
2020-11-18,203.0,203.0,215.0,203.0,209.5,8463561
2020-11-19,203.0,203.0,215.0,203.0,209.5,8463561
2020-11-20,203.0,203.0,215.0,203.0,209.5,8463561
2020-11-23,203.0,203.0,215.0,203.0,209.5,8463561
2020-11-24,203.0,203.0,215.0,203.0,209.5,8463561
2020-11-25,203.0,203.0,215.0,203.0,209.5,8463561
2020-11-26,203.0,203.0,215.0,203.0,209.5,8463561
2020-11-27,203.0,203.0,215.0,203.0,209.5,8463561
2020-11-30,203.0,203.0,215.0,203.0,209.5,8463561
2020-12-01,203.0,203.0,215.0,203.0,209.5,8463561
2020-12-02,203.0,203.0,215.0,203.0,209.5,8463561
2020-12-04,203.0,203.0,215.0,203.0,209.5,8463561
2020-12-07,203.0,203.0,215.0,203.0,209.5,8463561
2020-12-08,203.0,203.0,215.0,203.0,209.5,8463561
2020-12-09,203.0,203.0,215.0,203.0,209.5,8463561
2020-12-10,203.0,203.0,215.0,203.0,209.5,8463561
2020-12-11,203.0,203.0,215.0,203.0,209.5,8463561
2020-12-14,203.0,203.0,215.0,203.0,209.5,8463561
2020-12-15,203.0,203.0,215.0,203.0,209.5,8463561
2020-12-16,203.0,203.0,215.0,203.0,209.5,8463561
2020-12-17,203.0,203.0,215.0,203.0,209.5,8463561
2020-12-18,203.0,203.0,215.0,203.0,209.5,8463561
2020-12-21,203.0,203.0,215.0,203.0,209.5,8463561
2020-12-22,203.0,203.0,215.0,203.0,209.5,8463561
2020-12-23,203.0,203.0,215.0,203.0,209.5,8463561
2020-12-24,203.0,203.0,215.0,203.0,209.5,8463561
2020-12-25,203.0,203.0,215.0,203.0,209.5,8463561
2020-12-28,203.0,203.0,215.0,203.0,209.5,8463561
2020-12-29,203.0,203.0,215.0,203.0,209.5,8463561
2020-12-30,203.0,203.0,215.0,203.0,209.5,8463561
2020-12-31,203.0,203.0,215.0,203.0,209.5,8463561
2021-01-04,203.0,203.0,215.0,203.0,209.5,8463561
2021-01-05,203.0,203.0,215.0,203.0,209.5,8463561
2021-01-06,203.0,203.0,215.0,203.0,209.5,8463561
2021-01-07,203.0,203.0,215.0,203.0,209.5,8463561
2021-01-08,203.0,203.0,215.0,203.0,209.5,8463561
2021-01-11,203.0,203.0,215.0,203.0,209.5,8463561
2021-01-12,203.0,203.0,215.0,203.0,209.5,8463561
2021-01-13,203.0,203.0,215.0,203.0,209.5,8463561
2021-01-14,203.0,203.0,215.0,203.0,209.5,8463561
2021-01-15,203.0,203.0,215.0,203.0,209.5,8463561
2021-01-18,203.0,203.0,215.0,203.0,209.5,8463561
2021-01-19,203.0,203.0,215.0,203.0,209.5,8463561
2021-01-20,203.0,203.0,215.0,203.0,209.5,8463561
2021-01-21,203.0,203.0,215.0,203.0,209.5,8463561
2021-01-22,203.0,203.0,215.0,203.0,209.5,8463561
2021-01-25,203.0,203.0,215.0,203.0,209.5,8463561
2021-01-26,203.0,203.0,215.0,203.0,209.5,8463561
2021-01-27,203.0,203.0,215.0,203.0,209.5,8463561
2021-01-28,203.0,203.0,215.0,203.0,209.5,8463561
2021-01-29,203.0,203.0,215.0,203.0,209.5,8463561
2021-02-01,203.0,203.0,215.0,203.0,209.5,8463561
2021-02-02,203.0,203.0,215.0,203.0,209.5,8463561
2021-02-03,203.0,203.0,215.0,203.0,209.5,8463561
2021-02-04,203.0,203.0,215.0,203.0,209.5,8463561
2021-02-05,203.0,203.0,215.0,203.0,209.5,8463561
2021-02-17,203.0,203.0,215.0,203.0,209.5,8463561
2021-02-18,203.0,203.0,215.0,203.0,209.5,8463561
2021-02-19,203.0,203.0,215.0,203.0,209.5,8463561
2021-02-22,203.0,203.0,215.0,203.0,209.5,8463561
2021-02-23,203.0,203.0,215.0,203.0,209.5,8463561
2021-02-24,203.0,203.0,215.0,203.0,209.5,8463561
2021-02-25,203.0,203.0,215.0,203.0,209.5,8463561
2021-02-26,203.0,203.0,215.0,203.0,209.5,8463561
2021-03-02,203.0,203.0,215.0,203.0,209.5,8463561
2021-03-03,203.0,203.0,215.0,203.0,209.5,8463561
2021-03-04,203.0,203.0,215.0,203.0,209.5,8463561
2021-03-05,203.0,203.0,215.0,203.0,209.5,8463561
2021-03-08,203.0,203.0,215.0,203.0,209.5,8463561
2021-03-09,203.0,203.0,215.0,203.0,209.5,8463561
2021-03-10,203.0,203.0,215.0,203.0,209.5,8463561
2021-03-11,203.0,203.0,215.0,203.0,209.5,8463561
2021-03-12,203.0,203.0,215.0,203.0,209.5,8463561
2021-03-15,203.0,203.0,215.0,203.0,209.5,8463561
2021-03-16,203.0,203.0,215.0,203.0,209.5,8463561
2021-03-17,203.0,203.0,215.0,203.0,209.5,8463561
2021-03-18,203.0,203.0,215.0,203.0,209.5,8463561
2021-03-19,203.0,203.0,215.0,203.0,209.5,8463561
2021-03-22,203.0,203.0,215.0,203.0,209.5,8463561
2021-03-23,203.0,203.0,215.0,203.0,209.5,8463561
2021-03-24,203.0,203.0,215.0,203.0,209.5,8463561
2021-03-25,203.0,203.0,215.0,203.0,209.5,8463561
2021-03-26,203.0,203.0,215.0,203.0,209.5,8463561
2021-03-29,203.0,203.0,215.0,203.0,209.5,8463561
2021-03-30,203.0,203.0,215.0,203.0,209.5,8463561
2021-03-31,203.0,203.0,215.0,203.0,209.5,8463561
2021-04-01,203.0,203.0,215.0,203.0,209.5,8463561
2021-04-06,203.0,203.0,215.0,203.0,209.5,8463561
2021-04-07,203.0,203.0,215.0,203.0,209.5,8463561
2021-04-08,203.0,203.0,215.0,203.0,209.5,8463561
2021-04-09,203.0,203.0,215.0,203.0,209.5,8463561
2021-04-12,203.0,203.0,215.0,203.0,209.5,8463561
2021-04-13,203.0,203.0,215.0,203.0,209.5,8463561
2021-04-14,203.0,203.0,215.0,203.0,209.5,8463561
2021-04-15,203.0,203.0,215.0,203.0,209.5,8463561
2021-04-16,203.0,203.0,215.0,203.0,209.5,8463561
2021-04-19,203.0,203.0,215.0,203.0,209.5,8463561
2021-04-20,203.0,203.0,215.0,203.0,209.5,8463561
2021-04-21,203.0,203.0,215.0,203.0,209.5,8463561
2021-04-22,203.0,203.0,215.0,203.0,209.5,8463561
2021-04-23,203.0,203.0,215.0,203.0,209.5,8463561
2021-04-26,203.0,203.0,215.0,203.0,209.5,8463561
2021-04-27,203.0,203.0,215.0,203.0,209.5,8463561
2021-04-28,203.0,203.0,215.0,203.0,209.5,8463561
2021-04-29,203.0,203.0,215.0,203.0,209.5,8463561
2021-05-03,203.0,203.0,215.0,203.0,209.5,8463561
2021-05-04,203.0,203.0,215.0,203.0,209.5,8463561
2021-05-05,203.0,203.0,215.0,203.0,209.5,8463561
2021-05-06,203.0,203.0,215.0,203.0,209.5,8463561
2021-05-07,203.0,203.0,215.0,203.0,209.5,8463561
2021-05-10,203.0,203.0,215.0,203.0,209.5,8463561
2021-05-11,203.0,203.0,215.0,203.0,209.5,8463561
2021-05-12,203.0,203.0,215.0,203.0,209.5,8463561
2021-05-13,203.0,203.0,215.0,203.0,209.5,8463561
2021-05-14,203.0,203.0,215.0,203.0,209.5,8463561
2021-05-17,203.0,203.0,215.0,203.0,209.5,8463561
2021-05-18,203.0,203.0,215.0,203.0,209.5,8463561
2021-05-19,203.0,203.0,215.0,203.0,209.5,8463561
2021-05-20,203.0,203.0,215.0,203.0,209.5,8463561
2021-05-21,203.0,203.0,215.0,203.0,209.5,8463561
2021-05-24,203.0,203.0,215.0,203.0,209.5,8463561
2021-05-25,203.0,203.0,215.0,203.0,209.5,8463561
2021-05-26,203.0,203.0,215.0,203.0,209.5,8463561
2021-05-27,203.0,203.0,215.0,203.0,209.5,8463561
2021-05-28,203.0,203.0,215.0,203.0,209.5,8463561
2021-05-31,203.0,203.0,215.0,203.0,209.5,8463561
2021-06-01,203.0,203.0,215.0,203.0,209.5,8463561
2021-06-02,203.0,203.0,215.0,203.0,209.5,8463561
2021-06-03,203.0,203.0,215.0,203.0,209.5,8463561
2021-06-04,203.0,203.0,215.0,203.0,209.5,8463561
2021-06-07,203.0,203.0,215.0,203.0,209.5,8463561
2021-06-08,203.0,203.0,215.0,203.0,209.5,8463561
2021-06-09,203.0,203.0,215.0,203.0,209.5,8463561
2021-06-10,203.0,203.0,215.0,203.0,209.5,8463561
2021-06-11,203.0,203.0,215.0,203.0,209.5,8463561
2021-06-15,203.0,203.0,215.0,203.0,209.5,8463561
2021-06-16,203.0,203.0,215.0,203.0,209.5,8463561
2021-06-17,203.0,203.0,215.0,203.0,209.5,8463561
2021-06-18,203.0,203.0,215.0,203.0,209.5,8463561
2021-06-21,203.0,203.0,215.0,203.0,209.5,8463561
2021-06-22,203.0,203.0,215.0,203.0,209.5,8463561
2021-06-23,203.0,203.0,215.0,203.0,209.5,8463561
2021-06-24,203.0,203.0,215.0,203.0,209.5,8463561
2021-06-25,203.0,203.0,215.0,203.0,209.5,8463561
2021-06-28,203.0,203.0,215.0,203.0,209.5,8463561
2021-06-29,203.0,203.0,215.0,203.0,209.5,8463561
2021-06-30,203.0,203.0,215.0,203.0,209.5,8463561
2021-07-01,203.0,203.0,215.0,203.0,209.5,8463561
2021-07-02,203.0,203.0,215.0,203.0,209.5,8463561
2021-07-05,203.0,203.0,215.0,203.0,209.5,8463561
2021-07-06,203.0,203.0,215.0,203.0,209.5,8463561
2021-07-07,203.0,203.0,215.0,203.0,209.5,8463561
2021-07-08,203.0,203.0,215.0,203.0,209.5,8463561
2021-07-09,203.0,203.0,215.0,203.0,209.5,8463561
2021-07-12,203.0,203.0,215.0,203.0,209.5,8463561
2021-07-13,203.0,203.0,215.0,203.0,209.5,8463561
2021-07-14,203.0,203.0,215.0,203.0,209.5,8463561
2021-07-15,203.0,203.0,215.0,203.0,209.5,8463561
2021-07-16,203.0,203.0,215.0,203.0,209.5,8463561
2021-07-19,203.0,203.0,215.0,203.0,209.5,8463561
2021-07-20,203.0,203.0,215.0,203.0,209.5,8463561
2021-07-21,203.0,203.0,215.0,203.0,209.5,8463561
2021-07-22,203.0,203.0,215.0,203.0,209.5,8463561
2021-07-23,203.0,203.0,215.0,203.0,209.5,8463561
2021-07-26,203.0,203.0,215.0,203.0,209.5,8463561
2021-07-27,203.0,203.0,215.0,203.0,209.5,8463561
2021-07-28,203.0,203.0,215.0,203.0,209.5,8463561
2021-07-29,203.0,203.0,215.0,203.0,209.5,8463561
2021-07-30,203.0,203.0,215.0,203.0,209.5,8463561
2021-08-02,203.0,203.0,215.0,203.0,209.5,8463561
2021-08-03,203.0,203.0,215.0,203.0,209.5,8463561
2021-08-04,203.0,203.0,215.0,203.0,209.5,8463561
2021-08-05,203.0,203.0,215.0,203.0,209.5,8463561
2021-08-06,203.0,203.0,215.0,203.0,209.5,8463561
2021-08-09,66.1,66.1,68.5,66.1,67.8,2339000
2021-08-10,64.7,64.7,67.0,64.7,66.2,1664000
2021-08-11,64.0,64.0,66.3,63.5,64.7,1720000
2021-08-12,64.3,64.3,65.1,63.9,64.0,877000
2021-08-13,61.5,61.5,64.5,61.5,64.3,2257000
2021-08-16,59.7,59.7,61.7,59.1,60.1,1806000
2021-08-17,57.7,57.7,60.4,57.7,60.3,1942000
2021-08-18,60.0,60.0,60.2,56.5,56.6,1682000
2021-08-19,56.6,56.6,59.5,56.5,59.5,2346000
2021-08-20,57.2,57.2,58.0,55.3,57.0,1310000
2021-08-23,59.3,59.3,59.4,58.0,58.0,1084000
2021-08-24,58.4,58.4,59.9,58.0,59.9,1267000
2021-08-25,60.7,60.7,61.0,58.6,58.6,1359000
2021-08-26,59.9,59.9,61.0,59.6,61.0,967000
2021-08-27,60.3,60.3,61.5,60.1,60.3,1392000
2021-08-30,60.4,60.4,60.9,60.3,60.9,431000
2021-08-31,60.4,60.4,61.0,59.7,60.8,519000
2021-09-01,61.6,61.6,61.8,60.4,60.4,990000
2021-09-02,60.3,60.3,61.5,59.8,61.1,791000
2021-09-03,59.7,59.7,61.1,59.7,60.6,953000
2021-09-06,58.4,58.4,60.3,58.2,59.8,956000
2021-09-07,59.0,59.0,59.4,58.0,58.7,667000
2021-09-08,58.0,58.0,59.2,57.8,58.9,929000
2021-09-09,58.8,58.8,59.0,57.7,57.8,387000
2021-09-10,58.8,58.8,59.1,58.3,58.4,375000
2021-09-13,58.2,58.2,59.0,58.1,59.0,465000
2021-09-14,58.0,58.0,59.0,58.0,58.3,348000
2021-09-15,56.8,56.8,58.1,56.7,58.0,702000
2021-09-16,57.1,57.1,57.7,57.0,57.1,287000
2021-09-17,57.5,57.5,57.6,57.0,57.1,389000
2021-09-22,56.2,56.2,56.7,56.0,56.5,585000
2021-09-23,56.5,56.5,57.1,56.3,57.1,330000
2021-09-24,57.6,57.6,57.8,57.0,57.0,460000
2021-09-27,57.4,57.4,57.9,57.1,57.9,273000
2021-09-28,56.8,56.8,57.5,56.4,57.4,344000
2021-09-29,55.0,55.0,56.0,54.7,56.0,1152000
2021-09-30,55.5,55.5,55.7,54.5,55.5,394000
2021-10-01,53.1,53.1,55.2,52.6,55.2,1050000
2021-10-04,51.3,51.3,53.7,51.0,53.5,1113000
2021-10-05,52.7,52.7,52.7,49.75,50.2,734000
2021-10-06,51.0,51.0,52.7,51.0,52.5,595000
2021-10-07,52.6,52.6,52.9,51.5,51.6,481000
2021-10-08,53.2,53.2,53.8,52.7,53.4,511000
2021-10-12,51.7,51.7,52.8,51.5,52.8,438000
2021-10-13,50.4,50.4,52.2,50.1,51.5,847000
2021-10-14,51.2,51.2,51.4,50.4,50.9,388000
2021-10-15,52.3,52.3,52.4,51.7,51.7,587000
2021-10-18,51.7,51.7,52.8,51.6,52.8,287000
2021-10-19,52.7,52.7,53.0,51.9,51.9,498000
2021-10-20,53.0,53.0,53.8,52.5,53.2,435000
2021-10-21,52.5,52.5,53.6,52.5,53.0,333000
2021-10-22,53.0,53.0,53.2,52.6,53.1,252000
2021-10-25,54.0,54.0,54.0,52.6,53.0,370000
2021-10-26,53.5,53.5,54.3,53.5,54.3,335000
2021-10-27,54.2,54.2,54.3,53.5,53.5,422000
2021-10-28,54.6,54.6,55.9,54.6,54.9,912000
2021-10-29,54.2,54.2,55.1,54.2,54.9,550000
2021-11-01,54.5,54.5,54.7,53.9,54.4,585000
2021-11-02,53.2,53.2,54.9,53.1,54.9,740000
2021-11-03,58.5,58.5,58.5,54.4,54.8,5429000
2021-11-04,60.2,60.2,61.1,59.2,59.8,7171000
2021-11-05,59.7,59.7,60.6,58.5,60.2,1730000
2021-11-08,57.6,57.6,59.5,57.3,59.5,1528000
2021-11-09,58.2,58.2,59.1,57.3,57.6,1321000
2021-11-10,58.3,58.3,58.9,57.6,57.9,881000
2021-11-11,58.6,58.6,59.3,57.8,58.4,883000
2021-11-12,57.9,57.9,59.3,57.9,59.3,759000
2021-11-15,59.1,59.1,59.8,58.2,58.5,1335000
2021-11-16,59.5,59.5,60.5,59.1,59.2,1662000
2021-11-17,61.1,61.1,61.9,59.5,59.9,3413000
2021-11-18,63.0,63.0,63.3,61.2,61.5,6742000
2021-11-19,62.8,62.8,63.7,62.0,63.5,2918000
2021-11-22,62.9,62.9,63.4,62.2,62.8,2421000
2021-11-23,63.0,63.0,64.5,62.7,63.7,5206000
2021-11-24,63.5,63.5,64.4,62.0,62.1,2233000
2021-11-25,63.0,63.0,64.2,62.9,63.4,1572000
2021-11-26,61.1,61.1,64.0,61.1,63.2,1732000
2021-11-29,61.3,61.3,61.8,59.4,60.2,1448000
2021-11-30,61.6,61.6,63.1,61.5,61.8,1217000
2021-12-01,62.8,62.8,63.1,61.1,61.1,1058000
2021-12-02,61.8,61.8,63.4,61.6,62.8,1164000
2021-12-03,62.2,62.2,62.7,62.0,62.2,544000
2021-12-06,61.9,61.9,62.7,61.8,62.4,584000
2021-12-07,61.2,61.2,62.2,60.7,62.2,782000
2021-12-08,60.5,60.5,61.9,60.5,61.7,730000
2021-12-09,60.7,60.7,61.0,60.3,60.7,509000
2021-12-10,59.8,59.8,60.7,59.8,60.7,490000
2021-12-13,60.2,60.2,60.5,59.9,60.4,389000
2021-12-14,58.8,58.8,60.1,58.7,60.1,627000
2021-12-15,59.6,59.6,60.4,58.8,58.8,483000
2021-12-16,59.8,59.8,60.2,59.7,60.0,395000
2021-12-17,59.2,59.2,60.2,59.0,59.6,401000
2021-12-20,59.2,59.2,59.7,59.0,59.3,259000
2021-12-21,60.3,60.3,60.3,59.2,59.2,376000
2021-12-22,60.4,60.4,60.8,60.3,60.6,435000
2021-12-23,60.5,60.5,61.1,60.5,60.8,435000
2021-12-24,60.0,60.0,61.0,60.0,61.0,424000
2021-12-27,60.8,60.8,61.0,60.0,60.3,586000
2021-12-28,60.6,60.6,61.5,60.6,61.4,400000
2021-12-29,60.6,60.6,60.9,60.2,60.8,282000
2021-12-30,60.7,60.7,61.2,60.6,60.9,566000
2022-01-03,62.0,62.0,62.7,60.8,61.1,2051000
2022-01-04,65.0,65.0,65.2,61.5,63.0,8572000
2022-01-05,63.8,63.8,65.0,63.2,65.0,3187000
2022-01-06,61.7,61.7,62.7,61.5,62.4,1920000
2022-01-07,59.2,59.2,62.3,59.0,62.3,2078000
2022-01-10,58.4,58.4,59.4,58.2,58.8,1364000
2022-01-11,57.4,57.4,58.5,57.2,58.4,1070000
2022-01-12,56.5,56.5,57.9,56.1,57.7,1035000
2022-01-13,56.8,56.8,57.1,56.3,57.0,426000
2022-01-14,55.8,55.8,56.8,55.2,56.8,789000
2022-01-17,57.2,57.2,57.2,55.7,55.8,378000
2022-01-18,57.4,57.4,58.5,57.2,57.8,947000
2022-01-19,56.9,56.9,57.3,56.7,56.8,315000
2022-01-20,57.1,57.1,57.3,56.4,56.8,270000
2022-01-21,56.1,56.1,56.8,56.1,56.5,366000
2022-01-24,55.4,55.4,56.2,54.4,56.2,462000
2022-01-25,54.3,54.3,55.4,54.3,55.4,434000
2022-01-26,55.0,55.0,55.3,54.3,54.3,363000
2022-02-07,56.3,56.3,56.4,55.2,55.9,246000
2022-02-08,57.2,57.2,57.4,56.3,56.3,310000
2022-02-09,57.8,57.8,57.8,57.2,57.5,355000
2022-02-10,57.8,57.8,58.1,57.1,57.8,372000
2022-02-11,57.4,57.4,57.8,57.1,57.6,175000
2022-02-14,56.6,56.6,56.6,56.0,56.6,307000
2022-02-15,56.5,56.5,57.1,56.1,56.1,229000
2022-02-16,57.9,57.9,58.5,56.9,57.2,564000
2022-02-17,57.6,57.6,59.3,57.3,58.8,1222000
2022-02-18,57.9,57.9,58.2,57.3,57.6,292000
2022-02-21,58.3,58.3,58.5,57.3,57.5,349000
2022-02-22,56.8,56.8,58.3,56.4,58.3,675000
2022-02-23,57.2,57.2,58.1,56.5,56.5,847000
2022-02-24,55.6,55.6,57.2,55.4,56.8,800000
2022-02-25,55.9,55.9,56.4,55.7,56.1,319000
2022-03-01,57.1,57.1,57.4,56.4,56.4,412000
2022-03-02,57.3,57.3,57.3,56.6,56.6,178000
2022-03-03,57.4,57.4,57.9,57.2,57.9,335000
2022-03-04,56.7,56.7,57.3,56.4,57.1,321000
2022-03-07,55.1,55.1,56.2,54.7,56.2,499000
2022-03-08,53.4,53.4,55.3,53.0,54.3,566000
2022-03-09,53.9,53.9,54.5,53.6,54.0,359000
2022-03-10,54.8,54.8,55.1,54.6,54.8,308000
2022-03-11,54.3,54.3,54.6,54.2,54.4,152000
2022-03-14,54.3,54.3,54.7,54.2,54.4,147000
2022-03-15,53.4,53.4,54.3,53.1,54.3,282000
2022-03-16,53.4,53.4,53.9,53.0,53.6,322000
2022-03-17,54.8,54.8,55.2,54.1,54.1,560000
2022-03-18,54.9,54.9,55.0,54.3,54.5,220000
2022-03-21,55.4,55.4,55.6,55.0,55.2,321000
2022-03-22,55.4,55.4,55.8,55.3,55.4,293000
2022-03-23,56.1,56.1,56.3,55.8,56.0,358000
2022-03-24,55.9,55.9,56.0,55.5,55.6,194000
2022-03-25,55.6,55.6,56.2,55.6,56.1,342000
2022-03-28,55.5,55.5,55.5,55.0,55.3,200000
2022-03-29,55.8,55.8,56.1,55.6,55.6,244000
2022-03-30,56.4,56.4,56.7,56.1,56.1,385000
2022-03-31,55.5,55.5,56.3,55.5,56.2,303000
2022-04-01,55.3,55.3,55.4,55.0,55.0,140000
2022-04-06,55.1,55.1,55.3,54.8,55.3,223000
2022-04-07,53.5,53.5,55.5,53.5,55.0,307000
2022-04-08,53.8,53.8,54.3,53.7,54.3,220000
2022-04-11,52.1,52.1,53.9,52.1,53.8,489000
2022-04-12,51.3,51.3,52.3,51.2,51.9,390000
2022-04-13,52.0,52.0,52.1,51.7,52.0,208000
2022-04-14,51.8,51.8,52.3,51.6,52.2,191000
2022-04-15,51.2,51.2,51.8,51.1,51.5,244000
2022-04-18,50.6,50.6,51.2,50.5,51.0,333000
2022-04-19,51.3,51.3,51.7,51.1,51.1,206000
2022-04-20,51.5,51.5,51.7,51.2,51.4,189000
2022-04-21,51.8,51.8,52.3,51.7,51.7,237000
2022-04-22,52.1,52.1,52.3,51.4,51.6,225000
2022-04-25,50.3,50.3,51.2,50.0,51.1,316000
2022-04-26,50.1,50.1,50.6,50.0,50.6,244000
2022-04-27,49.1,49.1,49.2,48.35,48.5,409000
2022-04-28,50.4,50.4,50.4,49.1,49.1,190000
2022-04-29,50.7,50.7,51.8,50.4,51.5,387000
2022-05-03,50.4,50.4,50.7,50.1,50.7,72000
2022-05-04,50.1,50.1,50.6,50.1,50.5,209000
2022-05-05,50.3,50.3,51.1,50.2,50.9,317000
2022-05-06,49.55,49.55,49.95,49.5,49.95,179000
2022-05-09,48.0,48.0,49.15,48.0,49.15,397000
2022-05-10,48.0,48.0,48.2,45.2,47.45,313000
2022-05-11,47.5,47.5,48.35,47.45,48.1,218000
2022-05-12,46.8,46.8,48.35,46.65,47.3,279000
2022-05-13,48.0,48.0,48.05,47.5,47.55,194000
2022-05-16,48.0,48.0,49.0,48.0,48.9,174000
2022-05-17,49.25,49.25,49.3,48.0,48.0,301000
2022-05-18,49.45,49.45,50.2,49.4,49.8,189000
2022-05-19,49.0,49.0,49.15,48.45,49.0,101000
2022-05-20,49.15,49.15,49.55,49.1,49.5,103000
2022-05-23,48.7,48.7,49.35,48.6,49.15,121000
2022-05-24,47.6,47.6,48.8,47.6,48.8,198000
2022-05-25,48.05,48.05,48.05,47.2,48.05,216000
2022-05-26,48.05,48.05,48.4,47.95,47.95,170000
2022-05-27,48.5,48.5,48.8,48.35,48.4,142000
2022-05-30,49.85,49.85,50.1,49.0,49.0,471000
2022-05-31,49.8,49.8,50.0,49.5,50.0,144000
2022-06-01,50.3,50.3,50.4,49.8,49.8,244000
2022-06-02,50.3,50.3,50.6,50.0,50.2,157000
2022-06-06,50.5,50.5,50.9,50.0,50.0,172000
2022-06-07,50.0,50.0,50.8,49.9,50.8,173000
2022-06-08,49.55,49.55,50.0,49.55,49.9,212000
2022-06-09,49.45,49.45,49.55,49.35,49.55,91000
2022-06-10,48.95,48.95,49.4,48.85,49.05,144000
2022-06-13,46.6,46.6,48.0,46.5,48.0,512000
2022-06-14,45.8,45.8,46.7,45.1,46.5,480000
2022-06-15,45.8,45.8,46.2,45.35,45.8,187000
2022-06-16,45.0,45.0,46.45,44.8,46.1,414000
2022-06-17,43.75,43.75,44.4,43.0,44.4,541000
2022-06-20,42.0,42.0,44.2,42.0,43.9,553000
2022-06-21,43.7,43.7,43.7,42.0,42.0,363000
2022-06-22,41.8,41.8,43.8,41.75,43.8,296000
2022-06-23,41.6,41.6,42.6,41.2,41.8,292000
2022-06-24,42.3,42.3,42.5,41.9,41.95,127000
2022-06-27,43.35,43.35,43.55,42.65,42.65,238000
2022-06-28,42.35,42.35,43.1,42.1,43.1,161000
2022-06-29,41.55,41.55,42.15,41.5,42.1,161000
2022-06-30,39.7,39.7,41.55,39.7,41.55,440000
2022-07-01,37.65,37.65,40.3,37.5,39.65,799000
2022-07-04,38.25,38.25,39.45,37.8,37.8,446000
2022-07-05,40.4,40.4,40.45,39.05,39.2,566000
2022-07-06,39.15,39.15,40.4,39.0,40.05,288000
2022-07-07,40.15,40.15,40.25,39.0,39.45,159000
2022-07-08,41.4,41.4,42.9,40.5,40.6,611000
2022-07-11,38.65,38.65,40.0,38.45,40.0,961000
2022-07-12,36.35,36.35,37.05,35.4,37.0,433000
2022-07-13,36.6,36.6,37.25,36.5,37.2,511000
2022-07-14,37.7,37.7,37.85,35.8,36.6,580000
2022-07-15,38.45,38.45,38.8,37.65,38.4,405000
2022-07-18,39.25,39.25,39.45,38.85,38.9,343000
2022-07-19,39.15,39.15,39.65,38.85,39.2,227000
2022-07-20,39.5,39.5,40.15,39.35,39.65,324000
2022-07-21,40.7,40.7,40.8,39.5,39.5,375000
2022-07-22,40.4,40.4,41.0,40.2,40.7,214000
2022-07-25,40.4,40.4,40.5,39.85,40.4,100000
2022-07-26,39.2,39.2,40.35,39.2,40.1,201000
2022-07-27,39.3,39.3,39.45,38.95,39.0,121000
2022-07-28,39.1,39.1,39.65,39.05,39.6,131000
2022-07-29,39.5,39.5,39.85,39.3,39.65,115000
2022-08-01,39.6,39.6,39.75,39.2,39.5,116000
2022-08-02,38.45,38.45,39.45,38.3,39.4,145000
2022-08-03,37.65,37.65,38.45,37.65,38.45,296000
2022-08-04,37.3,37.3,38.15,36.55,37.7,168000
2022-08-05,38.2,38.2,38.3,37.8,37.8,108000
2022-08-08,38.05,38.05,38.1,37.5,37.5,49000
2022-08-09,37.95,37.95,38.05,37.7,38.0,103000
2022-08-10,38.7,38.7,38.8,37.85,37.85,147000
2022-08-11,39.25,39.25,39.4,38.85,39.0,188000
2022-08-12,39.5,39.5,39.5,38.95,39.0,342000
2022-08-15,39.5,39.5,40.0,39.3,39.7,319000
2022-08-16,40.35,40.35,40.4,39.4,39.5,492000
2022-08-17,41.1,41.1,41.2,40.75,40.95,494000
2022-08-18,41.5,41.5,41.5,40.55,40.85,309000
2022-08-19,41.55,41.55,42.25,41.55,41.7,506000
2022-08-22,40.35,40.35,41.35,40.15,41.35,301000
2022-08-23,40.45,40.45,40.5,39.55,40.15,191000
2022-08-24,40.15,40.15,40.6,40.0,40.5,100000
2022-08-25,40.9,40.9,40.9,40.25,40.25,164000
2022-08-26,41.4,41.4,42.2,41.4,41.45,417000
2022-08-29,40.0,40.0,40.2,39.75,40.0,196000
2022-08-30,40.75,40.75,40.85,40.2,40.35,115000
2022-08-31,41.45,41.45,41.75,40.8,40.8,221000
2022-09-01,40.9,40.9,41.35,40.3,41.35,174000
2022-09-02,41.0,41.0,41.8,41.0,41.05,293000
2022-09-05,39.8,39.8,41.6,39.8,41.6,288000
2022-09-06,39.15,39.15,40.15,38.65,39.8,172000
2022-09-07,38.8,38.8,39.2,38.35,38.8,129000
2022-09-08,40.2,40.2,40.3,38.5,38.9,350000
2022-09-12,41.5,41.5,41.8,40.3,40.45,463000
2022-09-13,41.6,41.6,42.15,41.6,41.65,487000
2022-09-14,41.8,41.8,41.95,40.75,40.75,276000
2022-09-15,41.45,41.45,42.5,41.45,41.9,263000
2022-09-16,40.7,40.7,41.25,40.7,41.1,165000
2022-09-19,40.05,40.05,41.0,40.05,41.0,175000
2022-09-20,40.05,40.05,40.35,40.05,40.35,98000
2022-09-21,39.3,39.3,40.0,39.25,40.0,174000
2022-09-22,39.25,39.25,39.5,38.9,39.3,139000
2022-09-23,39.1,39.1,40.1,38.65,39.5,192000
2022-09-26,37.55,37.55,38.8,37.05,38.8,388000
2022-09-27,37.3,37.3,37.6,36.85,37.55,291000
2022-09-28,35.35,35.35,37.2,35.25,37.1,313000
2022-09-29,36.3,36.3,36.65,35.25,35.5,268000
2022-09-30,36.0,36.0,36.0,35.05,35.4,226000
2022-10-03,36.0,36.0,36.25,35.3,35.6,145000
2022-10-04,36.7,36.7,37.25,36.4,36.55,170000
2022-10-05,36.55,36.55,37.5,36.5,37.25,223000
2022-10-06,36.45,36.45,36.8,36.25,36.55,129000
2022-10-07,36.1,36.1,36.6,36.1,36.1,167000
2022-10-11,34.45,34.45,35.5,34.4,35.5,266000
2022-10-12,33.85,33.85,34.4,33.25,34.25,200000
2022-10-13,32.1,32.1,34.3,32.0,34.3,265000
2022-10-14,32.8,32.8,33.25,32.6,32.8,442000
2022-10-17,32.8,32.8,32.8,30.8,32.1,382000
2022-10-18,32.5,32.5,33.15,32.25,33.1,256000
2022-10-19,32.2,32.2,33.15,32.05,32.8,211000
2022-10-20,31.5,31.5,32.2,31.15,32.0,163000
2022-10-21,31.4,31.4,31.9,31.3,31.35,106000
2022-10-24,31.6,31.6,32.4,31.5,31.85,176000
2022-10-25,31.0,31.0,31.75,30.9,31.6,177000
2022-10-26,31.0,31.0,31.5,30.9,31.1,142000
2022-10-27,31.65,31.65,31.7,31.4,31.65,222000
2022-10-28,30.7,30.7,31.5,30.5,31.5,171000
2022-10-31,31.0,31.0,32.4,30.85,31.2,853000
2022-11-01,31.45,31.45,31.7,31.0,31.3,673000
2022-11-02,32.95,32.95,33.0,31.5,31.5,743000
2022-11-03,32.95,32.95,33.0,32.45,32.5,274000
2022-11-04,32.8,32.8,33.0,32.3,33.0,159000
2022-11-07,33.95,33.95,33.95,32.9,32.9,382000
2022-11-08,33.3,33.3,34.45,33.3,34.1,463000
2022-11-09,34.0,34.0,34.45,33.3,33.4,476000
2022-11-10,33.7,33.7,34.25,33.6,34.25,150000
2022-11-11,33.8,33.8,34.85,33.8,34.3,357000
2022-11-14,34.25,34.25,34.3,33.7,33.85,261000
2022-11-15,34.8,34.8,34.9,34.4,34.45,408000
2022-11-16,34.4,34.4,34.95,34.2,34.8,364000
2022-11-17,35.3,35.3,35.4,34.3,34.3,414000
2022-11-18,34.65,34.65,35.35,34.6,35.3,192000
2022-11-21,35.1,35.1,35.7,34.65,35.7,257000
2022-11-22,35.45,35.45,35.55,34.75,35.1,214000
2022-11-23,35.1,35.1,35.65,35.05,35.65,200000
2022-11-24,34.95,34.95,35.2,34.7,35.2,105000
2022-11-25,34.6,34.6,35.25,34.5,34.95,201000
2022-11-28,34.4,34.4,34.65,34.3,34.55,97000
2022-11-29,35.0,35.0,35.0,34.1,34.8,129000
2022-11-30,35.55,35.55,35.65,35.0,35.2,152000
2022-12-01,36.8,36.8,37.5,36.0,36.0,585000
2022-12-02,37.05,37.05,37.1,36.4,36.4,336000
2022-12-05,37.35,37.35,37.75,37.1,37.5,368000
2022-12-06,35.7,35.7,37.3,35.7,37.3,356000
2022-12-07,35.9,35.9,37.4,35.0,36.1,461000
2022-12-08,35.4,35.4,37.75,34.6,36.5,651000
2022-12-09,35.7,35.7,36.7,35.4,35.9,263000
2022-12-12,35.5,35.5,36.0,35.0,36.0,336000
2022-12-13,35.1,35.1,36.1,35.1,36.1,189000
2022-12-14,36.4,36.4,36.45,35.05,35.15,392000
2022-12-15,36.0,36.0,36.85,35.75,36.6,328000
2022-12-16,35.25,35.25,36.0,35.15,36.0,235000
2022-12-19,35.05,35.05,35.45,34.8,35.05,171000
2022-12-20,33.85,33.85,35.45,33.85,35.05,230000
2022-12-21,34.85,34.85,35.8,33.85,34.05,571000
2022-12-22,35.0,35.0,35.7,35.0,35.25,265000
2022-12-23,34.45,34.45,34.7,34.2,34.5,148000
2022-12-26,34.2,34.2,34.5,34.0,34.5,116000
2022-12-27,34.45,34.45,34.55,34.2,34.2,47000
2022-12-28,33.9,33.9,34.8,33.75,34.2,197000
2022-12-29,34.0,34.0,34.3,33.15,33.7,185000
2022-12-30,34.1,34.1,34.45,33.8,33.8,83000
2023-01-03,34.55,34.55,34.7,33.7,34.1,201000
2023-01-04,34.4,34.4,34.9,34.2,34.3,147000
2023-01-05,34.1,34.1,34.85,34.0,34.45,144000
2023-01-06,34.7,34.7,35.05,34.1,34.1,189000
2023-01-09,35.2,35.2,35.3,35.05,35.15,272000
2023-01-10,34.65,34.65,35.3,34.65,35.2,131000
2023-01-11,35.2,35.2,35.25,34.6,35.1,254000
2023-01-12,34.9,34.9,35.45,34.9,35.4,157000
2023-01-13,34.25,34.25,35.1,34.1,35.05,159000
2023-01-16,34.15,34.15,34.6,34.1,34.35,116000
2023-01-17,34.05,34.05,34.3,34.05,34.15,157000
2023-01-30,34.45,34.45,34.8,34.35,34.55,278000
2023-01-31,36.3,36.3,36.5,34.7,34.7,550000
2023-02-01,38.4,38.4,38.7,36.4,36.45,1609000
2023-02-02,38.9,38.9,39.35,38.2,38.55,1367000
2023-02-03,39.05,39.05,40.3,39.0,40.3,1243000
2023-02-06,38.3,38.3,39.2,38.1,39.1,574000
2023-02-07,38.35,38.35,38.35,37.9,38.05,238000
2023-02-08,38.55,38.55,39.2,38.35,38.7,311000
2023-02-09,38.25,38.25,38.4,38.15,38.35,260000
2023-02-10,37.35,37.35,38.2,37.35,38.2,374000
2023-02-13,37.65,37.65,37.7,36.85,37.3,166000
2023-02-14,39.0,39.0,39.2,37.8,37.9,737000
2023-02-15,38.3,38.3,39.0,38.2,38.8,311000
2023-02-16,41.05,41.05,41.7,38.4,38.4,3186000
2023-02-17,43.0,43.0,43.25,40.6,40.85,3870000
2023-02-20,43.05,43.05,43.05,42.25,43.0,1491000
2023-02-21,43.05,43.05,43.35,42.05,43.0,1062000
2023-02-22,42.55,42.55,42.75,42.0,42.1,690000
2023-02-23,42.9,42.9,43.2,42.3,42.65,773000
2023-02-24,42.85,42.85,43.7,42.15,42.95,1146000
2023-03-01,42.05,42.05,42.5,42.0,42.45,528000
2023-03-02,41.75,41.75,42.35,41.6,42.05,262000
2023-03-03,41.5,41.5,42.4,41.45,42.3,867000
2023-03-06,42.5,42.5,42.85,41.9,41.95,780000
2023-03-07,42.15,42.15,42.8,42.05,42.8,360000
2023-03-08,42.15,42.15,42.9,41.8,42.0,532000
2023-03-09,41.7,41.7,42.5,41.6,42.5,417000
2023-03-10,39.5,39.5,41.6,39.15,41.6,1276000
2023-03-13,39.5,39.5,39.65,38.35,39.4,444000
2023-03-14,38.95,38.95,39.35,38.8,39.1,397000
2023-03-15,39.0,39.0,39.6,38.8,39.5,404000
2023-03-16,38.1,38.1,38.95,38.0,38.95,328000
2023-03-17,39.35,39.35,39.4,38.2,38.4,335000
2023-03-20,38.85,38.85,39.15,38.75,38.9,266000
2023-03-21,39.4,39.4,39.4,38.95,39.05,248000
2023-03-22,39.55,39.55,39.9,39.5,39.9,195000
2023-03-23,39.35,39.35,39.7,39.15,39.55,233000
2023-03-24,39.55,39.55,39.8,39.2,39.8,298000
2023-03-27,39.3,39.3,39.55,38.8,38.8,193000
2023-03-28,38.35,38.35,39.4,38.3,39.35,284000
2023-03-29,38.3,38.3,38.75,38.25,38.5,151000
2023-03-30,38.7,38.7,38.95,38.5,38.7,129000
2023-03-31,39.45,39.45,40.4,38.7,38.7,513000
2023-04-06,39.2,39.2,39.55,39.0,39.5,196000
2023-04-07,39.55,39.55,39.9,39.15,39.15,211000
2023-04-10,40.35,40.35,42.0,39.9,39.9,1493000
2023-04-11,40.9,40.9,41.0,40.1,40.45,444000
2023-04-12,41.85,41.85,42.4,40.5,41.15,1281000
2023-04-13,41.25,41.25,42.85,41.1,42.0,1537000
2023-04-14,41.65,41.65,42.3,41.5,41.65,707000
2023-04-17,41.2,41.2,41.75,41.1,41.7,345000
2023-04-18,41.15,41.15,41.95,41.15,41.35,280000
2023-04-19,40.4,40.4,41.45,40.3,41.35,358000
2023-04-20,40.05,40.05,40.95,40.0,40.45,270000
2023-04-21,39.05,39.05,40.3,39.0,40.25,486000
2023-04-24,39.15,39.15,39.5,38.85,38.9,229000
2023-04-25,38.05,38.05,39.25,38.0,39.2,424000
2023-04-26,38.2,38.2,38.25,37.6,37.7,200000
2023-04-27,38.45,38.45,38.55,37.8,38.3,194000
2023-04-28,38.8,38.8,39.1,38.6,38.65,161000
2023-05-02,38.7,38.7,38.85,38.5,38.65,111000
2023-05-03,38.1,38.1,38.4,37.95,38.1,235000
2023-05-04,38.2,38.2,38.25,38.05,38.1,84000
2023-05-05,42.0,42.0,42.0,41.0,42.0,1948000
2023-05-08,43.5,43.5,45.6,43.5,45.5,7606000
2023-05-09,42.45,42.45,44.3,42.2,44.3,2358000
2023-05-10,42.6,42.6,43.45,42.2,42.3,1003000
2023-05-11,41.1,41.1,42.4,40.95,42.2,1078000
2023-05-12,41.6,41.6,41.8,41.0,41.25,581000
2023-05-15,40.6,40.6,41.5,40.55,41.5,448000
2023-05-16,42.0,42.0,42.15,41.1,41.1,776000
2023-05-17,42.05,42.05,42.3,41.75,42.0,624000
2023-05-18,42.7,42.7,42.95,42.1,42.35,1059000
2023-05-19,42.55,42.55,43.35,42.5,42.85,982000
2023-05-22,43.2,43.2,43.2,42.55,42.65,738000
2023-05-23,43.05,43.05,43.4,42.7,43.2,590000
2023-05-24,43.2,43.2,43.6,42.85,43.0,614000
2023-05-25,42.9,42.9,43.5,42.8,43.2,443000
2023-05-26,42.5,42.5,43.4,42.45,43.4,454000
2023-05-29,43.3,43.3,43.45,42.7,42.8,566000
2023-05-30,42.6,42.6,43.65,42.5,43.65,402000
2023-05-31,42.8,42.8,43.5,42.6,42.8,486000
2023-06-01,43.0,43.0,43.2,42.65,42.85,347000
2023-06-02,44.0,44.0,44.15,43.25,43.5,1318000
2023-06-05,44.0,44.0,44.9,44.0,44.9,1125000
2023-06-06,42.9,42.9,44.25,42.8,44.25,640000
2023-06-07,43.25,43.25,43.35,42.8,42.95,444000
2023-06-08,42.15,42.15,43.3,42.05,43.3,627000
2023-06-09,42.3,42.3,42.8,42.2,42.4,330000
2023-06-12,41.55,41.55,42.4,41.45,42.4,627000
2023-06-13,41.75,41.75,41.85,41.65,41.85,272000
2023-06-14,43.05,43.05,43.15,41.65,41.85,786000
2023-06-15,44.85,44.85,44.9,42.95,43.0,2768000
2023-06-16,43.95,43.95,45.8,43.7,45.3,2743000
2023-06-19,43.5,43.5,43.85,43.35,43.85,393000
2023-06-20,43.0,43.0,43.5,42.8,43.5,423000
2023-06-21,43.5,43.5,43.65,43.2,43.25,533000
2023-06-26,42.95,42.95,43.4,42.95,43.35,262000
2023-06-27,42.5,42.5,43.1,42.15,42.9,302000
2023-06-28,42.4,42.4,42.8,42.4,42.8,173000
2023-06-29,43.4,43.4,43.7,42.5,42.5,540000
2023-06-30,43.2,43.2,43.4,43.0,43.4,217000
2023-07-03,43.3,43.3,43.75,43.3,43.55,308000
2023-07-04,43.85,43.85,44.0,42.85,43.5,518000
2023-07-05,44.3,44.3,44.95,43.85,43.9,1990000
2023-07-06,44.25,44.25,44.65,43.8,44.1,688000
2023-07-07,44.3,44.3,44.55,43.5,44.0,665000
2023-07-10,44.2,44.2,44.85,44.2,44.65,639000
2023-07-11,44.1,44.1,44.5,44.0,44.35,418000
2023-07-12,43.6,43.6,44.45,43.6,44.25,602000
2023-07-13,43.15,43.15,44.3,43.15,44.0,809000
2023-07-14,43.75,43.75,44.0,43.45,43.45,361000
2023-07-17,44.5,44.5,44.6,43.7,43.85,824000
2023-07-18,43.75,43.75,45.1,43.7,44.85,847000
2023-07-19,42.2,42.2,44.0,42.15,44.0,1091000
2023-07-20,41.9,41.9,42.2,41.15,41.5,501000
2023-07-21,41.3,41.3,41.75,41.15,41.4,430000
2023-07-24,39.9,39.9,41.3,39.75,41.3,767000
2023-07-25,40.2,40.2,40.45,39.9,39.9,453000
2023-07-26,39.6,39.6,40.35,39.4,40.35,490000
2023-07-27,40.25,40.25,40.25,39.55,39.55,312000
2023-07-28,40.8,40.8,41.25,40.25,40.3,433000
2023-07-31,40.5,40.5,41.2,40.35,41.0,435000
2023-08-01,40.4,40.4,40.95,40.2,40.8,171000
2023-08-02,39.9,39.9,40.6,39.7,40.4,298000
2023-08-04,40.25,40.25,40.5,39.45,39.8,162000
2023-08-07,40.7,40.7,40.7,40.1,40.25,202000
2023-08-08,40.9,40.9,41.1,40.55,41.1,289000
2023-08-09,40.8,40.8,41.1,40.55,40.55,206000
2023-08-10,40.5,40.5,41.0,40.2,41.0,270000
2023-08-11,41.4,41.4,42.0,40.55,40.9,566000
2023-08-14,41.4,41.4,42.25,41.15,41.7,545000
2023-08-15,42.25,42.25,42.8,41.55,41.55,779000
2023-08-16,42.75,42.75,42.95,42.1,42.6,557000
2023-08-17,43.7,43.7,43.95,42.55,42.75,1236000
2023-08-18,43.85,43.85,44.45,43.3,43.9,1289000
2023-08-21,43.6,43.6,43.8,43.05,43.8,689000
2023-08-22,43.8,43.8,44.35,43.35,43.8,828000
2023-08-23,44.3,44.3,44.4,44.0,44.05,569000
2023-08-24,43.75,43.75,44.45,43.4,44.45,582000
2023-08-25,45.05,45.05,46.8,43.7,43.75,2170000
2023-08-28,45.55,45.55,48.0,44.4,45.9,3321000
2023-08-29,46.15,46.15,47.0,45.25,45.8,1022000
2023-08-30,46.5,46.5,47.0,46.4,46.5,961000
2023-08-31,47.25,47.25,47.35,46.35,46.9,867000
2023-09-01,51.1,51.1,51.9,47.15,47.25,8431000
2023-09-04,51.8,51.8,55.5,51.3,52.9,13401000
2023-09-05,52.1,52.1,53.7,51.0,52.2,4870000
2023-09-06,51.1,51.1,52.5,50.8,52.5,1836000
2023-09-07,50.2,50.2,52.2,49.95,51.1,2157000
2023-09-08,49.75,49.75,50.5,49.25,50.5,977000
2023-09-11,48.1,48.1,50.1,48.1,50.1,1073000
2023-09-12,48.7,48.7,49.1,48.0,48.6,761000
2023-09-13,48.7,48.7,49.4,48.3,48.95,579000
2023-09-14,49.35,49.35,49.4,48.8,48.8,469000
2023-09-15,49.15,49.15,49.6,48.7,49.1,587000
2023-09-18,50.1,50.1,50.5,49.05,49.15,871000
2023-09-19,48.5,48.5,50.5,48.4,50.1,1097000
2023-09-20,46.65,46.65,48.85,46.6,48.5,1358000
2023-09-21,45.6,45.6,46.9,45.15,46.9,713000
2023-09-22,46.45,46.45,46.5,44.85,45.1,389000
2023-09-25,46.05,46.05,46.55,45.9,46.0,302000
2023-09-26,45.55,45.55,47.3,45.55,47.25,410000
2023-09-27,45.55,45.55,45.55,45.05,45.55,396000
2023-09-28,45.75,45.75,45.8,45.35,45.35,226000
2023-10-02,46.3,46.3,46.35,45.8,46.1,410000
2023-10-03,45.65,45.65,46.45,45.55,46.0,370000
2023-10-04,45.0,45.0,45.05,43.9,44.0,346000
2023-10-05,44.85,44.85,45.75,44.8,45.5,303000
2023-10-06,44.6,44.6,45.35,44.6,45.15,245000
2023-10-11,44.0,44.0,45.0,44.0,44.85,505000
2023-10-12,45.5,45.5,45.8,44.05,44.05,579000
2023-10-13,45.05,45.05,45.55,45.0,45.45,327000
2023-10-16,45.0,45.0,45.35,44.75,45.0,265000
2023-10-17,44.7,44.7,45.65,44.7,45.15,379000
2023-10-18,43.6,43.6,44.7,43.5,44.7,448000
2023-10-19,44.25,44.25,44.3,43.5,43.55,261000
2023-10-20,43.5,43.5,43.9,42.85,43.9,374000
2023-10-23,43.9,43.9,44.3,43.1,43.1,237000
2023-10-24,45.65,45.65,45.65,43.9,43.9,518000
2023-10-25,45.35,45.35,46.3,45.35,45.75,367000
2023-10-26,44.2,44.2,45.2,44.2,45.2,313000
2023-10-27,44.95,44.95,45.3,44.45,44.45,175000
2023-10-30,45.0,45.0,45.6,45.0,45.1,250000
2023-10-31,44.45,44.45,45.55,44.4,45.25,197000
2023-11-01,45.75,45.75,48.5,45.1,45.1,4689000
2023-11-02,46.85,46.85,48.1,45.45,46.9,3514000
2023-11-03,48.1,48.1,48.45,47.1,47.5,2925000
2023-11-06,48.4,48.4,48.85,47.65,48.7,1711000
2023-11-07,48.05,48.05,49.7,48.05,48.65,1980000
2023-11-08,48.3,48.3,49.2,48.2,48.2,1353000
2023-11-09,47.3,47.3,48.6,47.05,48.6,864000
2023-11-10,46.35,46.35,47.0,46.2,46.85,561000
2023-11-13,45.75,45.75,47.0,45.7,46.95,566000
2023-11-14,45.35,45.35,45.9,45.05,45.8,641000
2023-11-15,45.6,45.6,46.0,45.5,45.6,533000
2023-11-16,45.75,45.75,46.05,45.55,45.8,369000
2023-11-17,46.05,46.05,46.35,45.7,45.75,466000
2023-11-20,46.1,46.1,46.35,45.9,46.0,437000
2023-11-21,46.7,46.7,47.0,46.35,46.35,560000
2023-11-22,47.15,47.15,47.15,46.55,46.75,643000
2023-11-23,46.9,46.9,47.5,46.75,47.2,666000
2023-11-24,48.55,48.55,50.5,46.9,46.9,6087000
2023-11-27,49.0,49.0,49.95,48.05,49.25,2904000
2023-11-28,52.5,52.5,52.7,49.1,49.1,7577000
2023-11-29,54.8,54.8,56.4,53.5,53.7,16071000
2023-11-30,54.5,54.5,55.9,53.9,55.0,5581000
2023-12-01,54.6,54.6,54.8,53.5,54.1,2330000
2023-12-04,53.0,53.0,55.0,53.0,54.3,2501000
2023-12-05,52.1,52.1,53.1,51.7,52.6,1573000
2023-12-06,51.9,51.9,52.4,51.7,52.2,1076000
2023-12-07,51.9,51.9,53.9,51.7,52.4,2060000
2023-12-08,51.7,51.7,52.7,51.2,52.4,1067000
2023-12-11,51.8,51.8,53.1,51.6,51.9,1183000
2023-12-12,50.8,50.8,52.5,50.7,52.2,868000
2023-12-13,50.8,50.8,51.3,50.5,51.2,643000
2023-12-14,52.6,52.6,53.0,51.2,51.4,2368000
2023-12-15,52.0,52.0,52.9,51.6,52.7,2071000
2023-12-18,50.6,50.6,51.8,50.5,51.7,797000
2023-12-19,49.45,49.45,51.0,49.0,50.7,1844000
2023-12-20,49.45,49.45,50.2,49.35,49.9,483000
2023-12-21,49.3,49.3,49.85,49.1,49.45,350000
2023-12-22,48.9,48.9,49.75,48.85,49.75,471000
2023-12-25,48.65,48.65,49.3,48.55,49.0,328000
2023-12-26,48.95,48.95,49.2,48.7,48.85,264000
2023-12-27,49.05,49.05,49.8,48.95,49.35,409000
2023-12-28,49.2,49.2,49.75,48.9,49.75,459000
2023-12-29,48.75,48.75,49.35,48.7,49.35,400000
2024-01-02,48.6,48.6,49.4,48.5,49.0,346000
2024-01-03,47.6,47.6,48.25,47.4,48.25,747000
2024-01-04,46.9,46.9,48.2,46.9,47.5,584000
2024-01-05,46.75,46.75,47.25,46.6,46.95,314000
2024-01-08,46.25,46.25,47.35,46.2,47.35,821000
2024-01-09,45.85,45.85,46.75,45.1,46.5,589000
2024-01-10,45.65,45.65,46.1,45.6,45.7,217000
2024-01-11,45.8,45.8,46.15,45.3,46.15,281000
2024-01-12,45.35,45.35,45.8,45.3,45.8,267000
2024-01-15,46.7,46.7,46.85,45.35,45.5,428000
2024-01-16,45.8,45.8,46.5,45.7,46.3,292000
2024-01-17,46.5,46.5,48.25,46.25,46.4,2695000
2024-01-18,47.6,47.6,47.6,44.85,46.5,2175000
2024-01-19,46.85,46.85,48.0,46.8,47.3,1530000
2024-01-22,46.45,46.45,47.0,46.45,46.95,463000
2024-01-23,47.3,47.3,47.65,46.7,46.7,630000
2024-01-24,47.1,47.1,48.1,47.1,47.7,751000
2024-01-25,46.5,46.5,47.55,46.5,47.55,416000
2024-01-26,45.7,45.7,46.45,45.7,46.35,459000
2024-01-29,46.15,46.15,46.15,45.5,45.7,226000
2024-01-30,46.05,46.05,47.0,46.05,46.5,307000
2024-01-31,45.6,45.6,46.3,45.55,46.3,257000
2024-02-01,45.5,45.5,46.2,45.45,45.45,276000
2024-02-02,45.3,45.3,46.0,45.3,46.0,296000
2024-02-05,44.6,44.6,45.5,44.6,45.5,349000
2024-02-15,45.75,45.75,45.9,44.8,45.05,503000
2024-02-16,46.5,46.5,46.65,45.55,45.8,424000
2024-02-19,46.8,46.8,46.8,46.4,46.75,469000
2024-02-20,46.4,46.4,47.25,46.05,46.9,651000
2024-02-21,46.3,46.3,46.8,46.25,46.5,393000
2024-02-22,46.6,46.6,46.6,46.1,46.4,382000
2024-02-23,45.7,45.7,46.75,45.7,46.75,564000
2024-02-26,45.7,45.7,45.85,45.3,45.7,363000
2024-02-27,45.35,45.35,46.5,45.0,45.8,510000
2024-02-29,46.7,46.7,47.35,45.75,45.75,1145000
2024-03-01,46.5,46.5,47.2,46.3,47.1,523000
2024-03-04,46.0,46.0,46.85,45.9,46.85,544000
2024-03-05,46.1,46.1,46.6,45.5,46.25,845000
2024-03-06,46.5,46.5,47.0,46.35,46.35,698000
2024-03-07,45.4,45.4,46.55,45.4,46.55,828000
2024-03-08,44.65,44.65,45.8,44.35,45.65,779000
2024-03-11,44.8,44.8,45.1,44.6,44.8,356000
2024-03-12,45.3,45.3,45.7,44.95,45.0,284000
2024-03-13,44.45,44.45,45.5,44.3,45.4,509000
2024-03-14,44.65,44.65,45.45,44.15,44.65,635000
2024-03-15,44.15,44.15,44.75,44.15,44.75,317000
2024-03-18,44.65,44.65,44.7,44.0,44.3,328000
2024-03-19,44.8,44.8,45.3,44.55,44.75,324000
2024-03-20,45.1,45.1,45.5,44.95,44.95,554000
2024-03-21,45.1,45.1,45.45,45.0,45.3,326000
2024-03-22,44.9,44.9,45.1,44.7,45.1,295000
2024-03-25,45.5,45.5,45.8,45.1,45.1,470000
2024-03-26,44.85,44.85,45.75,44.5,45.75,428000
2024-03-27,44.85,44.85,44.95,44.7,44.85,184000
2024-03-28,45.3,45.3,46.0,44.8,44.8,664000
2024-03-29,45.4,45.4,46.8,45.35,45.6,970000
2024-04-01,47.75,47.75,47.95,45.55,45.55,3386000
2024-04-02,47.3,47.3,47.9,47.0,47.9,1360000
2024-04-03,46.65,46.65,47.35,46.5,46.9,490000
2024-04-08,47.2,47.2,48.25,47.0,47.0,1578000
2024-04-09,47.1,47.1,47.8,47.05,47.45,669000
2024-04-10,46.6,46.6,47.45,46.55,47.15,579000
2024-04-11,45.95,45.95,46.6,45.85,46.6,493000
2024-04-12,46.05,46.05,46.55,46.0,46.0,312000
2024-04-15,45.3,45.3,45.95,45.2,45.95,395000
2024-04-16,43.4,43.4,45.05,43.15,45.05,745000
2024-04-17,43.7,43.7,44.0,43.35,43.35,270000
2024-04-18,43.85,43.85,44.0,43.45,43.6,251000
2024-04-19,42.95,42.95,43.75,42.0,43.5,547000
2024-04-22,42.5,42.5,43.4,42.5,43.15,312000
2024-04-23,42.95,42.95,43.25,42.7,42.7,165000
2024-04-24,43.65,43.65,43.85,43.05,43.05,197000
2024-04-25,43.3,43.3,43.5,43.25,43.5,86000
2024-04-26,43.5,43.5,43.65,43.3,43.35,175000
2024-04-29,44.15,44.15,44.3,43.6,43.6,291000
2024-04-30,44.65,44.65,44.9,44.3,44.75,447000
2024-05-02,44.6,44.6,44.65,44.3,44.35,227000
2024-05-03,49.05,49.05,49.05,47.1,47.55,4114000
2024-05-06,48.05,48.05,52.0,47.9,51.4,11081000
2024-05-07,47.8,47.8,48.15,47.05,48.05,1722000
2024-05-08,47.85,47.85,48.5,47.6,47.95,915000
2024-05-09,47.2,47.2,48.4,47.15,48.0,806000
2024-05-10,46.85,46.85,47.65,46.55,47.25,597000
2024-05-13,46.3,46.3,47.15,46.2,47.15,527000
2024-05-14,46.55,46.55,47.0,46.4,46.4,303000
2024-05-15,46.25,46.25,47.0,46.25,47.0,386000
2024-05-16,46.65,46.65,46.85,46.35,46.5,296000
2024-05-17,46.6,46.6,47.15,46.6,46.65,426000
2024-05-20,46.75,46.75,47.25,46.5,46.85,447000
2024-05-21,47.15,47.15,47.25,46.4,46.8,418000
2024-05-22,47.45,47.45,47.7,47.15,47.15,578000
2024-05-23,46.5,46.5,47.7,46.5,47.6,427000
2024-05-24,47.5,47.5,47.65,46.3,46.3,437000
2024-05-27,48.25,48.25,49.25,48.05,48.05,1656000
2024-05-28,49.0,49.0,49.75,48.9,49.1,1867000
2024-05-29,48.75,48.75,49.5,48.45,49.5,757000
2024-05-30,48.3,48.3,48.8,48.0,48.55,540000
2024-05-31,49.2,49.2,51.3,48.55,48.55,3203000
2024-06-03,49.8,49.8,50.4,49.6,50.3,996000
2024-06-04,49.45,49.45,50.0,49.3,49.35,741000
2024-06-05,49.1,49.1,49.85,48.95,49.8,468000
2024-06-06,48.35,48.35,49.5,48.3,49.5,633000
2024-06-07,49.3,49.3,49.95,48.95,48.95,738000
2024-06-11,48.45,48.45,49.55,48.35,49.5,426000
2024-06-12,48.65,48.65,48.7,48.2,48.35,372000
2024-06-13,49.05,49.05,49.2,48.65,49.1,567000
2024-06-14,49.75,49.75,51.6,49.5,49.65,3021000
2024-06-17,50.0,50.0,50.5,49.25,49.85,946000
2024-06-18,49.85,49.85,50.7,49.6,50.6,814000
2024-06-19,49.05,49.05,50.2,49.0,50.2,669000
2024-06-20,51.0,51.0,51.0,49.1,49.1,1522000
2024-06-21,54.0,54.0,54.0,51.2,52.0,10584000
2024-06-24,56.6,56.6,58.4,53.2,54.0,18539000
2024-06-25,55.1,55.1,57.5,54.4,56.7,9352000
2024-06-26,54.3,54.3,56.3,54.1,55.1,3342000
2024-06-27,53.0,53.0,54.5,52.6,54.4,2325000
2024-06-28,54.9,54.9,55.0,53.2,53.6,2195000
2024-07-01,53.4,53.4,54.6,53.4,54.6,1342000
2024-07-02,52.1,52.1,53.9,52.0,53.4,1323000
2024-07-03,52.9,52.9,53.9,52.4,52.4,1746000
2024-07-04,53.2,53.2,53.4,52.5,53.0,972000
2024-07-05,54.2,54.2,54.5,52.9,53.1,3039000
2024-07-08,52.6,52.6,54.4,52.1,54.2,1451000
2024-07-09,52.4,52.4,53.2,51.2,52.6,1255000
2024-07-10,51.6,51.6,52.1,51.2,51.3,766000
2024-07-11,55.3,55.3,56.1,51.6,52.1,4749000
2024-07-12,53.9,53.9,55.2,53.8,55.0,1890000
2024-07-15,53.5,53.5,54.5,53.0,54.5,801000
2024-07-16,57.0,57.0,57.2,54.7,56.0,11035000
2024-07-17,57.8,57.8,59.3,57.5,58.1,13739000
2024-07-18,56.1,56.1,57.2,55.6,56.5,2791000
2024-07-19,52.4,52.4,56.4,52.3,56.2,2989000
2024-07-22,50.9,50.9,52.7,50.6,52.2,1311000
2024-07-23,51.2,51.2,52.2,50.9,51.5,1115000
2024-07-26,50.3,50.3,50.7,48.8,50.0,726000
2024-07-29,48.75,48.75,51.1,48.75,50.9,958000
2024-07-30,49.65,49.65,49.65,48.15,48.5,409000
2024-07-31,50.7,50.7,52.3,50.0,50.0,1528000
2024-08-01,51.6,51.6,52.0,51.1,51.5,540000
2024-08-02,49.65,49.65,51.7,49.65,51.6,774000
2024-08-05,44.75,44.75,48.15,44.7,48.15,1676000
2024-08-06,44.2,44.2,45.95,41.65,45.75,1276000
2024-08-07,46.9,46.9,47.2,44.7,44.7,935000
2024-08-08,46.9,46.9,47.7,46.0,46.9,686000
2024-08-09,47.3,47.3,48.7,47.25,48.5,878000
2024-08-12,47.5,47.5,48.1,47.35,47.9,439000
2024-08-13,48.0,48.0,48.85,47.6,48.75,750000
2024-08-14,47.9,47.9,48.8,47.8,48.6,668000
2024-08-15,47.75,47.75,48.3,47.65,48.0,483000
2024-08-16,48.05,48.05,48.6,48.0,48.2,586000
2024-08-19,47.85,47.85,48.3,47.7,48.3,356000
2024-08-20,48.75,48.75,49.05,47.9,47.9,741000
2024-08-21,48.5,48.5,48.85,48.2,48.35,644000
2024-08-22,48.3,48.3,48.8,48.25,48.7,395000
2024-08-23,48.6,48.6,48.6,47.5,48.1,431000
2024-08-26,48.55,48.55,49.5,48.5,49.15,746000
2024-08-27,48.6,48.6,48.7,48.1,48.7,309000
2024-08-28,48.25,48.25,48.6,48.2,48.35,389000
2024-08-29,48.35,48.35,48.55,47.65,48.0,357000
2024-08-30,48.7,48.7,49.1,48.45,48.65,392000
2024-09-02,49.0,49.0,49.25,48.4,48.7,363000
2024-09-03,48.25,48.25,49.35,48.1,49.35,427000
2024-09-04,45.9,45.9,46.75,45.1,46.5,653000
2024-09-05,45.3,45.3,46.8,45.3,46.8,464000
2024-09-06,45.95,45.95,46.1,45.2,45.35,252000
2024-09-09,45.7,45.7,45.9,45.1,45.4,211000
2024-09-10,44.6,44.6,46.25,44.55,46.25,440000
2024-09-11,44.95,44.95,45.1,44.6,45.0,171000
2024-09-12,48.25,48.25,48.25,45.55,45.6,983000
2024-09-13,48.1,48.1,49.25,47.4,47.95,1410000
2024-09-16,48.05,48.05,48.55,47.95,48.55,249000
2024-09-18,47.45,47.45,48.4,47.45,48.05,253000
2024-09-19,47.9,47.9,48.15,47.3,48.15,179000
2024-09-20,47.8,47.8,48.9,47.8,48.2,704000
2024-09-23,48.0,48.0,48.5,47.9,47.9,143000
2024-09-24,48.05,48.05,48.5,47.7,48.5,305000
2024-09-25,48.5,48.5,48.8,48.1,48.1,373000
2024-09-26,48.55,48.55,50.2,48.35,50.1,928000
2024-09-27,48.7,48.7,49.1,48.5,48.8,303000
2024-09-30,48.0,48.0,48.85,47.95,48.6,185000
2024-10-01,47.4,47.4,48.4,47.25,48.35,464000
2024-10-04,47.7,47.7,47.95,46.8,47.4,283000
2024-10-07,48.0,48.0,48.3,47.75,47.9,265000
2024-10-08,48.7,48.7,49.1,47.85,48.0,540000
2024-10-09,47.5,47.5,48.95,47.5,48.75,489000
2024-10-11,47.8,47.8,48.15,47.05,47.4,336000
2024-10-14,48.0,48.0,48.3,47.6,47.85,248000
2024-10-15,48.0,48.0,48.6,48.0,48.05,270000
2024-10-16,47.8,47.8,47.9,47.5,47.75,195000
2024-10-17,48.1,48.1,48.3,47.7,47.85,219000
2024-10-18,47.45,47.45,48.35,47.4,48.1,260000
2024-10-21,48.2,48.2,48.3,47.75,47.8,278000
2024-10-22,48.25,48.25,48.45,48.15,48.2,249000
2024-10-23,48.25,48.25,48.5,48.1,48.15,262000
2024-10-24,48.0,48.0,48.45,47.55,48.45,353000
2024-10-25,48.0,48.0,48.15,47.65,48.15,235000
2024-10-28,47.5,47.5,48.65,47.5,48.0,313000
2024-10-29,46.6,46.6,47.65,46.5,47.6,296000
2024-10-30,45.15,45.15,47.05,45.0,46.8,710000
2024-11-01,45.35,45.35,45.4,44.0,44.7,180000
2024-11-04,45.1,45.1,45.5,44.95,45.35,150000
2024-11-05,44.9,44.9,45.55,44.85,45.1,190000
2024-11-06,44.9,44.9,45.2,44.8,45.05,169000
2024-11-07,45.7,45.7,45.85,45.0,45.05,286000
2024-11-08,44.9,44.9,45.9,44.8,45.7,373000
2024-11-11,44.7,44.7,44.9,44.3,44.9,112000
2024-11-12,43.7,43.7,44.95,43.7,44.95,334000
2024-11-13,43.8,43.8,43.95,43.05,43.8,112000
2024-11-14,42.75,42.75,44.0,42.5,43.8,369000
2024-11-15,42.8,42.8,43.8,42.75,42.75,233000
2024-11-18,42.35,42.35,43.0,42.2,42.5,251000
2024-11-19,42.8,42.8,43.0,42.35,42.5,267000
2024-11-20,42.45,42.45,43.45,42.15,43.45,308000
2024-11-21,42.5,42.5,42.95,42.2,42.5,208000
2024-11-22,43.15,43.15,43.6,42.8,43.0,343000
2024-11-25,44.0,44.0,44.2,43.6,43.8,321000
2024-11-26,43.7,43.7,44.1,43.55,44.05,87000
2024-11-27,42.6,42.6,44.1,42.6,43.65,228000
2024-11-28,43.25,43.25,43.3,42.05,43.3,201000
2024-11-29,43.95,43.95,44.2,42.7,43.35,569000
2024-12-02,45.45,45.45,47.3,44.4,44.45,3053000
2024-12-03,46.35,46.35,47.9,46.05,46.25,3655000
2024-12-04,49.95,49.95,50.3,46.15,46.35,6968000
2024-12-05,48.7,48.7,52.5,48.35,50.0,7629000
2024-12-06,46.65,46.65,48.65,46.65,48.15,2216000
2024-12-09,45.55,45.55,47.0,45.55,46.75,941000
2024-12-10,45.05,45.05,46.65,45.0,45.55,703000
2024-12-11,44.5,44.5,45.45,44.5,45.05,625000
2024-12-12,43.9,43.9,45.15,43.9,44.9,514000
2024-12-13,43.2,43.2,44.1,43.0,44.0,481000
2024-12-16,42.25,42.25,43.5,42.05,43.5,530000
2024-12-17,42.75,42.75,43.25,42.3,42.5,470000
2024-12-18,43.0,43.0,43.45,42.3,42.95,432000
2024-12-19,42.7,42.7,42.7,42.2,42.3,360000
2024-12-20,42.0,42.0,42.95,42.0,42.5,401000
2024-12-23,42.65,42.65,42.9,42.15,42.15,325000
2024-12-24,42.5,42.5,43.45,42.15,43.1,531000
2024-12-25,43.35,43.35,43.6,42.6,42.6,405000
2024-12-26,43.6,43.6,44.25,43.3,43.55,584000
2024-12-27,43.35,43.35,43.95,43.1,43.6,318000
2024-12-30,42.85,42.85,43.35,42.75,43.35,204000
2024-12-31,42.65,42.65,42.7,42.5,42.7,171000
2025-01-02,42.35,42.35,43.05,42.2,42.6,311000
2025-01-03,42.2,42.2,43.25,42.1,42.8,400000
2025-01-06,42.45,42.45,42.75,42.15,42.55,290000
2025-01-07,42.4,42.4,42.9,42.35,42.85,174000
2025-01-08,42.5,42.5,42.75,42.1,42.4,223000
2025-01-09,41.1,41.1,42.5,41.05,42.5,521000
2025-01-10,40.6,40.6,41.4,40.6,41.1,371000
2025-01-13,38.8,38.8,40.25,38.65,40.25,718000
2025-01-14,39.35,39.35,39.45,38.75,38.8,310000
2025-01-15,39.6,39.6,40.0,39.35,39.45,218000
2025-01-16,39.9,39.9,40.25,39.6,40.1,253000
2025-01-17,40.35,40.35,40.5,39.5,40.15,229000
2025-01-20,40.45,40.45,40.9,40.2,40.65,350000
2025-01-21,41.0,41.0,41.8,40.85,41.0,741000
2025-01-22,40.85,40.85,41.5,40.7,41.15,261000
2025-02-03,40.5,40.5,40.5,39.75,40.2,583000
2025-02-04,40.6,40.6,41.5,40.5,40.5,292000
2025-02-05,43.3,43.3,43.8,40.9,40.9,1393000
2025-02-06,43.45,43.45,43.85,43.3,43.8,926000
2025-02-07,43.7,43.7,43.85,43.2,43.5,410000
2025-02-10,43.85,43.85,43.95,43.55,43.55,307000
2025-02-11,43.25,43.25,44.15,43.1,43.9,290000
2025-02-12,42.9,42.9,43.65,42.85,43.25,213000
2025-02-13,44.85,44.85,45.5,43.4,43.4,2988000
2025-02-14,44.5,44.5,44.95,43.9,44.95,681000
2025-02-17,44.2,44.2,44.75,44.1,44.5,307000
2025-02-18,44.2,44.2,44.5,44.15,44.25,239000
2025-02-19,44.5,44.5,44.6,44.2,44.25,300000
2025-02-20,44.9,44.9,45.4,44.4,44.55,498000
2025-02-21,44.7,44.7,44.95,44.55,44.9,364000
2025-02-24,44.4,44.4,44.7,44.35,44.6,293000
2025-02-25,44.1,44.1,44.5,44.0,44.5,224000
2025-02-26,43.85,43.85,44.3,43.8,44.1,185000
2025-02-27,43.1,43.1,44.2,43.05,44.05,313000
2025-03-03,42.15,42.15,43.0,42.1,43.0,278000
2025-03-04,42.9,42.9,42.95,41.15,42.0,260000
2025-03-05,43.0,43.0,43.25,42.6,42.9,163000
2025-03-06,42.45,42.45,43.2,42.45,43.05,121000
2025-03-07,42.5,42.5,42.8,42.4,42.45,141000
2025-03-10,42.5,42.5,42.85,42.45,42.6,134000
2025-03-11,42.8,42.8,43.25,40.9,42.25,402000
2025-03-12,43.3,43.3,43.9,43.0,43.1,391000
2025-03-13,42.55,42.55,43.75,42.5,43.5,209000
2025-03-14,42.5,42.5,42.8,42.3,42.6,126000
2025-03-17,42.75,42.75,43.5,42.65,42.65,200000
2025-03-18,43.7,43.7,43.9,42.95,42.95,389000
2025-03-19,43.2,43.2,44.3,43.2,43.6,236000
2025-03-20,43.75,43.75,44.15,43.5,43.65,337000
2025-03-21,43.6,43.6,44.0,43.5,43.75,149000
2025-03-24,43.1,43.1,43.8,42.75,43.65,175000
2025-03-25,42.8,42.8,43.5,42.65,43.1,143000
2025-03-26,42.75,42.75,43.1,42.75,42.8,72000
2025-03-27,42.25,42.25,42.7,42.25,42.5,139000
2025-03-28,40.9,40.9,42.25,40.8,42.25,353000
2025-03-31,39.25,39.25,40.05,38.8,40.05,474000
2025-04-01,39.85,39.85,40.0,38.85,39.45,320000
2025-04-02,40.6,40.6,41.05,39.4,39.75,245000
2025-04-07,36.55,36.55,36.55,36.55,36.55,56000
2025-04-08,32.9,32.9,32.9,32.9,32.9,519000
2025-04-09,29.65,29.65,31.35,29.65,30.3,1039000
2025-04-10,32.6,32.6,32.6,31.45,32.3,546000
2025-04-11,32.7,32.7,32.85,30.55,31.8,508000
2025-04-14,33.55,33.55,35.2,33.2,34.1,418000
2025-04-15,35.65,35.65,36.2,34.0,34.15,545000
2025-04-16,34.35,34.35,35.35,34.3,35.35,238000
2025-04-17,34.0,34.0,34.65,33.8,34.0,225000
2025-04-18,34.1,34.1,35.8,34.1,35.3,258000
2025-04-21,33.0,33.0,34.2,33.0,34.1,220000
2025-04-22,32.8,32.8,33.25,32.55,32.75,183000
2025-04-23,33.9,33.9,34.25,33.45,33.45,192000
2025-04-24,34.0,34.0,34.45,33.9,34.1,147000
2025-04-25,34.6,34.6,34.9,34.4,34.6,320000
2025-04-28,35.1,35.1,35.35,34.65,34.7,284000
2025-04-29,36.1,36.1,36.1,35.1,35.1,247000
2025-04-30,35.4,35.4,36.3,35.35,36.3,138000
2025-05-02,35.8,35.8,36.0,35.6,35.65,135000
2025-05-05,34.45,34.45,36.0,33.6,36.0,418000
2025-05-06,34.65,34.65,34.95,34.35,34.45,130000
2025-05-07,35.5,35.5,35.85,34.85,34.85,367000
2025-05-08,36.75,36.75,37.45,36.1,36.2,494000
2025-05-09,36.8,36.8,37.5,36.7,37.5,223000
2025-05-12,37.4,37.4,37.5,36.7,36.7,200000
2025-05-13,37.4,37.4,38.15,37.3,38.0,421000
2025-05-14,38.2,38.2,38.4,37.7,38.0,293000
2025-05-15,38.3,38.3,38.7,38.05,38.3,204000
2025-05-16,38.8,38.8,39.2,38.25,38.3,240000
2025-05-19,37.6,37.6,38.9,37.5,38.9,212000
2025-05-20,37.55,37.55,37.9,37.5,37.8,101000
2025-05-21,38.2,38.2,38.2,37.85,37.85,105000
2025-05-22,38.05,38.05,38.25,37.8,38.1,107000
2025-05-23,37.95,37.95,38.3,37.9,38.3,75000
2025-05-26,37.8,37.8,38.1,37.5,38.1,77000
2025-05-27,38.0,38.0,38.0,37.4,37.8,120000
2025-05-28,37.7,37.7,38.45,37.6,38.3,140000
2025-05-29,37.8,37.8,37.95,37.6,37.8,118000
2025-06-02,36.55,36.55,37.8,36.5,37.8,96000
2025-06-03,36.95,36.95,37.05,36.8,37.05,88000
2025-06-04,37.75,37.75,37.9,37.25,37.25,142000
2025-06-05,37.8,37.8,38.15,37.65,37.95,133000
2025-06-06,37.75,37.75,38.0,37.65,37.85,64000
2025-06-09,38.0,38.0,38.65,37.85,38.35,193000
2025-06-10,38.8,38.8,40.85,37.9,38.05,1098000
2025-06-11,38.8,38.8,39.05,38.25,38.95,322000
2025-06-12,38.45,38.45,38.9,38.35,38.85,131000
2025-06-13,37.25,37.25,38.4,37.2,38.4,377000
2025-06-16,36.85,36.85,37.65,36.5,37.65,525000
2025-06-17,37.4,37.4,37.6,36.85,37.15,223000
2025-06-18,37.95,37.95,38.1,37.6,37.7,278000
2025-06-19,37.5,37.5,37.95,37.25,37.95,143000
2025-06-20,36.6,36.6,37.5,36.35,37.5,227000
2025-06-23,36.15,36.15,36.3,35.0,36.3,263000
2025-06-24,36.75,36.75,37.2,36.4,36.4,166000
2025-06-25,37.35,37.35,37.55,36.95,36.95,163000
2025-06-26,37.5,37.5,37.75,37.5,37.5,117000
2025-06-27,37.65,37.65,38.15,37.5,37.5,228000
2025-06-30,37.25,37.25,37.85,37.2,37.7,112000
2025-07-01,37.3,37.3,37.75,37.3,37.45,127000
2025-07-02,37.4,37.4,37.45,37.2,37.3,90000
2025-07-03,37.75,37.75,38.0,37.45,37.45,202000
2025-07-04,36.85,36.85,37.8,36.85,37.75,515000
2025-07-07,36.4,36.4,36.65,36.2,36.55,151000
2025-07-08,37.1,37.1,37.65,36.6,36.65,594000
2025-07-09,37.15,37.15,37.4,36.75,37.1,329000
2025-07-10,36.15,36.15,36.65,36.1,36.1,347000
2025-07-11,36.3,36.3,36.4,36.0,36.15,120000
2025-07-14,36.25,36.25,36.45,36.05,36.45,93000
2025-07-15,36.9,36.9,37.0,36.3,36.3,168000
2025-07-16,37.25,37.25,37.9,36.95,36.95,425000
2025-07-17,37.95,37.95,38.0,37.1,37.5,313000
2025-07-18,38.3,38.3,38.4,37.6,38.2,246000
2025-07-21,38.4,38.4,38.65,37.9,37.9,179000
2025-07-22,38.25,38.25,39.0,38.2,38.75,539000
2025-07-23,38.7,38.7,38.9,38.5,38.7,207000
2025-07-24,38.45,38.45,38.75,38.1,38.6,145000
2025-07-25,38.45,38.45,38.5,38.15,38.45,143000
2025-07-28,38.6,38.6,38.85,38.35,38.65,228000
2025-07-29,38.35,38.35,38.8,38.15,38.6,302000
2025-07-30,38.45,38.45,38.55,38.1,38.5,140000
2025-07-31,38.05,38.05,38.55,37.65,38.55,377000
2025-08-01,38.7,38.7,38.8,37.0,37.1,505000
2025-08-04,38.35,38.35,38.8,37.8,38.8,187000
2025-08-05,39.85,39.85,39.85,38.6,38.9,725000
2025-08-06,39.2,39.2,40.2,39.2,40.0,551000
2025-08-07,38.85,38.85,39.65,38.6,39.2,425000
2025-08-08,38.2,38.2,38.85,38.05,38.85,311000
2025-08-11,38.0,38.0,38.15,37.6,38.15,242000
2025-08-12,38.35,38.35,38.4,37.8,38.0,190000
2025-08-13,38.05,38.05,38.6,37.8,38.3,259000
2025-08-14,38.45,38.45,38.55,38.1,38.2,184000
2025-08-15,38.9,38.9,39.0,38.4,38.85,345000
2025-08-18,39.45,39.45,40.0,38.9,39.1,501000
2025-08-19,39.45,39.45,40.3,39.25,40.0,448000
2025-08-20,38.4,38.4,39.65,38.2,39.35,549000
2025-08-21,39.15,39.15,39.6,38.5,38.5,348000
2025-08-22,39.25,39.25,39.8,38.8,39.15,207000
2025-08-25,40.9,40.9,41.0,39.85,39.85,935000
2025-08-26,40.45,40.45,41.3,40.2,40.75,507000
2025-08-27,40.55,40.55,41.1,40.5,40.95,339000
2025-08-28,41.2,41.2,41.5,40.2,40.25,669000
2025-08-29,41.15,41.15,41.8,40.45,41.6,518000
2025-09-01,40.2,40.2,41.7,39.7,41.15,780000
2025-09-02,39.4,39.4,40.7,39.05,40.55,575000
2025-09-03,39.8,39.8,40.15,39.1,39.4,348000
2025-09-04,39.8,39.8,40.3,39.4,40.3,354000
2025-09-05,40.05,40.05,40.15,39.65,40.05,451000
2025-09-08,40.25,40.25,40.4,39.7,40.05,415000
2025-09-09,40.25,40.25,40.75,40.0,40.75,320000
2025-09-10,40.15,40.15,40.3,39.8,40.3,450000
2025-09-11,39.6,39.6,40.35,39.55,40.2,517000
2025-09-12,41.2,41.2,42.2,39.8,39.8,1777000
2025-09-15,40.0,40.0,41.7,39.75,41.3,754000
2025-09-16,40.1,40.1,40.15,39.6,40.0,291000
2025-09-17,42.85,42.85,43.75,40.1,40.1,4167000
2025-09-18,47.1,47.1,47.1,42.8,43.0,12254000
2025-09-19,48.1,48.1,51.6,45.3,46.65,18070000
2025-09-22,48.0,48.0,51.4,47.8,48.95,12247000
2025-09-23,46.2,46.2,48.55,46.05,48.3,4175000
2025-09-24,50.8,50.8,50.8,46.2,46.3,10877000
2025-09-25,49.75,49.75,55.0,49.1,53.0,32051000
2025-09-26,54.7,54.7,54.7,48.9,49.7,36675000
2025-09-30,52.8,52.8,55.1,51.5,55.0,30664000
2025-10-01,53.4,53.4,55.1,52.0,53.0,19288000
2025-10-02,51.7,51.7,53.8,51.7,53.4,7307000
2025-10-03,53.1,53.1,56.5,52.1,52.1,21385000
2025-10-07,52.8,52.8,54.9,52.2,53.1,9248000
2025-10-08,53.1,53.1,53.9,51.9,52.8,5269000
2025-10-09,51.4,51.4,54.0,51.3,53.6,4552000
2025-10-13,49.5,49.5,50.7,48.1,48.1,5089000
2025-10-14,46.55,46.55,50.6,46.5,50.3,5601000
2025-10-15,47.4,47.4,47.5,46.2,47.0,1809000
2025-10-16,49.3,49.3,49.75,47.6,47.7,3645000
2025-10-17,54.2,54.2,54.2,48.9,48.9,10883000
2025-10-20,59.6,59.6,59.6,55.3,55.4,37147000
2025-10-21,60.2,60.2,64.1,59.2,62.6,58838000
2025-10-22,62.0,62.0,64.1,59.5,60.2,26328000
2025-10-23,62.3,62.3,67.5,61.0,61.4,52476000
2025-10-27,64.5,64.5,66.5,63.7,64.4,32196000
2025-10-28,63.4,63.4,65.4,61.8,64.0,17277000
2025-10-29,62.0,62.0,66.4,60.6,65.4,16490000
2025-10-30,60.4,60.4,63.3,59.0,61.7,9475000
2025-10-31,58.8,58.8,60.8,57.9,60.5,6520000
2025-11-03,64.6,64.6,64.6,59.2,59.8,21046000
2025-11-04,62.9,62.9,67.9,61.5,66.0,54985000
2025-11-05,59.9,59.9,61.4,59.3,59.5,9687000
2025-11-06,61.5,61.5,62.9,59.0,60.2,12891000
2025-11-07,58.9,58.9,61.0,58.9,60.6,5300000
2025-11-10,57.6,57.6,58.7,56.1,58.5,5640000
2025-11-11,63.3,63.3,63.3,58.0,58.3,12372000
2025-11-12,63.6,63.6,64.4,60.5,62.9,33057000
2025-11-13,67.5,67.5,69.9,62.8,63.1,44530000
2025-11-14,67.8,67.8,73.9,65.6,66.0,64893000
2025-11-17,64.0,64.0,70.0,64.0,68.7,26580000
2025-11-18,64.9,64.9,69.0,63.3,63.3,37072000
2025-11-19,69.1,69.1,69.7,65.2,66.0,45787000
2025-11-20,69.3,69.3,74.4,67.8,72.6,47004000
2025-11-21,68.7,68.7,72.0,67.6,68.0,66206000
2025-11-24,68.9,68.9,70.5,68.0,70.0,29606000
2025-11-25,65.0,65.0,69.2,64.9,68.6,19875000
2025-11-26,64.4,64.4,65.5,63.6,65.0,9835000
2025-11-27,66.8,66.8,66.9,63.7,64.9,11793000
2025-11-28,67.7,67.7,70.3,66.5,68.4,16779000
2025-12-01,65.2,65.2,67.7,64.8,67.7,4927000
2025-12-02,63.5,63.5,66.5,63.3,65.2,5537000
2025-12-03,66.0,66.0,67.1,64.0,64.0,12243000
2025-12-04,66.3,66.3,68.2,64.6,66.9,11942000
2025-12-05,65.5,65.5,65.9,64.5,65.0,4179000
2025-12-08,67.6,67.6,67.6,64.8,66.0,4874000
2025-12-09,67.8,67.8,68.9,66.8,67.2,15698000
2025-12-10,68.3,68.3,70.6,67.1,67.6,19416000
2025-12-11,67.3,67.3,70.3,66.7,68.8,10591000
2025-12-12,66.5,66.5,67.8,66.0,67.0,4141000
2025-12-15,66.3,66.3,68.5,64.6,64.9,7064000
2025-12-16,63.1,63.1,67.0,62.0,65.8,4697000
2025-12-17,64.2,64.2,64.5,62.7,63.4,3577000
2025-12-18,65.5,65.5,65.7,63.5,64.1,5448000
2025-12-19,64.8,64.8,66.1,64.2,65.0,6133000
2025-12-22,67.0,67.0,67.1,64.4,65.5,5745000
2025-12-23,67.2,67.2,68.6,66.2,68.4,6817000
2025-12-24,66.8,66.8,69.5,66.8,67.4,10705000
2025-12-26,67.0,67.0,68.2,66.8,67.5,3946000
2025-12-29,67.0,67.0,68.5,65.8,67.7,4549000
2025-12-30,66.0,66.0,67.5,66.0,66.5,3367000
2025-12-31,67.4,67.4,68.2,65.4,66.2,7933000
2026-01-02,70.3,70.3,70.8,67.6,68.1,20892000
2026-01-05,69.2,69.2,72.6,68.0,71.1,23002000
2026-01-06,69.4,69.4,70.7,68.5,69.5,7624000
2026-01-07,67.5,67.5,70.2,67.5,69.0,7237000
2026-01-08,64.1,64.1,67.1,64.0,67.0,5953000
2026-01-09,65.9,65.9,65.9,64.1,64.2,3827000
2026-01-12,67.2,67.2,69.5,65.9,66.4,6814000
2026-01-13,69.7,69.7,69.7,66.2,68.0,8356000
2026-01-14,76.6,76.6,76.6,69.3,71.1,29075000
2026-01-15,74.2,74.2,80.4,74.0,77.1,59282000
2026-01-16,74.3,74.3,76.1,71.1,74.5,18724000
2026-01-19,78.1,78.1,79.5,73.0,74.1,27278000
2026-01-20,76.2,76.2,77.6,74.6,77.3,13713000
2026-01-21,73.0,73.0,77.0,73.0,75.1,8720000
2026-01-22,77.0,77.0,79.7,75.4,75.4,25488000
2026-01-23,75.1,75.1,78.9,73.8,78.8,10419000
2026-01-26,77.1,77.1,77.5,74.8,76.0,8540000
2026-01-27,78.0,78.0,79.4,75.5,77.2,10263000
2026-01-28,75.4,75.4,79.5,74.8,79.4,10625000
2026-01-29,72.2,72.2,75.4,72.0,75.4,6326000
2026-01-30,68.7,68.7,73.3,68.5,72.1,5551000
2026-02-02,64.1,64.1,67.5,63.5,67.2,5330000
2026-02-03,63.9,63.9,66.6,62.6,66.6,3936000
2026-02-04,64.9,64.9,65.5,63.5,64.0,2476000
2026-02-05,63.2,63.2,64.9,62.4,64.2,2633000
2026-02-06,60.8,60.8,62.5,59.9,62.5,2436000
2026-02-09,62.8,62.8,63.0,61.4,63.0,1760000
2026-02-10,61.8,61.8,63.5,61.5,63.3,1717000
2026-02-11,62.0,62.0,62.5,61.0,61.9,2529000
2026-02-23,67.2,67.2,68.0,64.8,64.8,6346000
2026-02-24,73.2,73.2,73.4,67.1,67.2,10153000
2026-02-25,73.3,73.3,74.9,72.1,74.8,6611000
2026-02-26,73.9,73.9,74.0,70.4,74.0,4788000
2026-03-02,71.7,71.7,72.9,69.7,70.9,2645000
2026-03-03,68.1,68.1,73.3,67.8,71.9,3771000
2026-03-04,62.0,62.0,67.0,61.8,66.5,3013000
2026-03-05,64.5,64.5,65.9,63.7,65.0,1613000
2026-03-06,64.1,64.1,65.3,63.4,63.8,953000
2026-03-09,59.0,59.0,59.5,57.7,59.0,1964000
2026-03-10,62.9,62.9,63.2,61.0,61.2,1869000
2026-03-11,63.2,63.2,64.8,63.1,63.5,2457000
2026-03-12,63.6,63.6,63.8,62.0,63.0,1531000
2026-03-13,62.9,62.9,64.3,61.9,62.5,1282000
2026-03-16,63.3,63.3,63.9,62.2,63.5,1079000
2026-03-17,67.6,67.6,68.6,63.9,64.3,6245000
2026-03-18,66.8,66.8,69.1,65.9,68.5,5703000
2026-03-19,65.2,65.2,67.0,65.0,65.6,1963000
2026-03-20,63.1,63.1,67.5,63.0,66.0,2527000
2026-03-23,60.8,60.8,61.8,60.2,61.4,1506000
2026-03-24,60.4,60.4,62.4,59.1,61.8,1207000
2026-03-25,61.5,61.5,62.9,61.5,62.0,1231000
2026-03-26,61.1,61.1,63.3,61.1,62.1,1358000
2026-03-27,61.7,61.7,61.7,59.6,59.7,917000
2026-03-30,61.1,61.1,61.5,58.7,59.6,1430000
2026-03-31,59.0,59.0,62.3,58.7,61.2,1303000
2026-04-01,59.6,59.6,61.4,59.2,60.9,922000
2026-04-02,57.1,57.1,60.1,57.0,60.0,1341000
2026-04-07,57.6,57.6,58.2,56.9,57.6,627000
2026-04-08,62.3,62.3,62.6,59.9,59.9,2023000
2026-04-09,62.8,62.8,63.6,62.0,63.0,1421000
2026-04-10,65.3,65.3,67.0,64.0,64.1,3716000
2026-04-13,71.8,71.8,71.8,66.8,68.2,11491000
2026-04-14,73.3,73.3,74.1,68.6,72.6,21945000
2026-04-15,76.3,76.3,78.2,73.6,75.3,22180000
2026-04-16,83.9,83.9,83.9,74.7,76.3,23699000
2026-04-17,92.2,92.2,92.2,81.8,84.3,40598000
2026-04-20,90.7,90.7,95.0,83.5,93.5,50776000
2026-04-21,89.4,89.4,90.0,87.0,89.3,4156000
2026-04-22,88.5,88.5,90.0,87.0,89.9,2644000
2026-04-23,82.8,82.8,90.0,79.7,90.0,4262000
2026-04-24,76.2,76.2,84.5,75.1,84.5,3795000
2026-04-27,77.4,77.4,77.5,73.7,77.5,1821000
2026-04-28,82.7,82.7,84.5,78.0,78.0,2585000
2026-04-29,84.0,84.0,85.1,81.4,84.4,2169000
2026-04-30,85.7,85.7,88.4,84.0,86.2,3139000
2026-05-04,90.0,90.0,90.0,86.2,86.6,3368000
2026-05-05,92.2,92.2,93.4,90.4,91.0,4479000
2026-05-06,101.0,101.0,101.0,90.3,94.0,36108000
2026-05-07,111.0,111.0,111.0,111.0,111.0,3476000
2026-05-08,122.0,122.0,122.0,118.0,122.0,16356000
2026-05-11,134.0,134.0,134.0,115.5,120.0,28866000
2026-05-12,147.0,147.0,147.0,130.0,134.0,6816000
2026-05-13,159.0,159.0,159.0,141.0,141.0,3318000
2026-05-14,172.0,172.0,174.0,165.0,171.0,3310000
2026-05-15,155.0,155.0,175.0,155.0,172.0,2911000
2026-05-18,166.0,166.0,169.0,162.5,162.5,1734000
2026-05-19,160.5,160.5,166.0,157.0,166.0,2009000
2026-05-20,159.5,159.5,173.0,153.5,164.0,3259000
2026-05-21,175.0,175.0,175.0,173.0,173.0,1021000
2026-05-22,192.5,192.5,192.5,182.5,182.5,1831000
2026-05-25,211.5,211.5,211.5,211.5,211.5,683000
2026-05-26,224.0,224.0,228.0,200.0,212.0,1656000
2026-05-27,226.0,226.0,240.0,224.5,230.0,1468000
2026-05-28,219.5,219.5,240.0,214.5,218.5,1999000
2026-05-29,237.0,237.0,237.0,213.5,227.0,1331000
2026-06-01,237.0,237.0,256.5,237.0,237.0,1311000
2026-06-02,231.5,231.5,231.5,214.5,225.0,1715000
2026-06-03,230.5,230.5,233.0,220.5,227.0,983000
2026-06-04,215.5,215.5,225.0,215.0,225.0,851000
2026-06-05,223.5,223.5,230.0,200.0,215.0,879000
2026-06-08,209.5,209.5,210.0,201.5,201.5,686000
2026-06-09,230.0,230.0,230.0,215.0,223.5,1288000
2026-06-10,229.0,229.0,253.0,229.0,244.0,2991000
2026-06-11,251.5,251.5,251.5,209.0,249.0,38559000
2026-06-12,276.5,276.5,276.5,267.0,276.5,20273000
2026-06-15,304.0,304.0,304.0,294.5,298.0,7620000
2026-06-16,287.0,287.0,311.0,287.0,309.5,32597000
2026-06-17,300.5,300.5,302.5,282.0,282.0,2652000
2026-06-18,316.0,316.0,318.0,302.0,307.5,2581000
2026-06-22,305.5,305.5,310.0,295.0,303.0,1514000
2026-06-23,285.0,285.0,298.0,285.0,298.0,1629000
2026-06-24,305.0,305.0,305.0,278.0,284.0,914000
2026-06-25,306.5,306.5,313.0,295.0,306.5,773000
2026-06-26,276.0,276.0,297.5,276.0,297.5,1595000
2026-06-29,282.5,282.5,286.0,267.0,276.0,853000
2026-06-30,310.5,310.5,310.5,294.0,294.0,1132000
2026-07-01,341.5,341.5,341.5,334.5,334.5,2912000
2026-07-02,319.0,319.0,348.0,314.0,330.0,17174000
2026-07-03,350.5,350.5,350.5,290.0,308.0,24176000
2026-07-06,315.5,315.5,362.5,315.5,358.5,16005000
2026-07-07,284.0,284.0,322.0,284.0,310.0,10047000
2026-07-08,273.0,273.0,291.5,264.0,291.5,11358000
2026-07-09,275.0,275.0,295.0,266.5,276.0,10861000
2026-07-13,247.5,247.5,277.0,247.5,277.0,9676000
2026-07-14,239.0,239.0,257.0,224.0,240.5,17550000
2026-07-15,231.5,231.5,246.5,228.5,246.5,7946000
2026-07-16,215.5,215.5,233.5,213.0,228.0,8306000
2026-07-17,194.0,194.0,195.0,194.0,195.0,752000
2026-07-20,175.0,175.0,177.0,175.0,177.0,272000
2026-07-21,175.0,175.0,175.0,158.0,160.5,4135000
2026-07-22,178.0,178.0,192.5,177.0,192.0,1758000
2026-07-23,183.0,183.0,183.0,175.0,175.0,1248000
2026-07-24,165.0,165.0,184.5,165.0,178.0,1107000
2026-07-27,181.0,181.0,181.0,148.5,159.5,1954000
2026-07-28,163.0,163.0,163.0,163.0,163.0,258000
2026-07-29,147.0,147.0,149.5,147.0,149.5,433000
2026-07-30,132.5,132.5,142.5,132.5,132.5,1015000
2026-07-31,145.5,145.5,145.5,134.0,145.5,2270000
2026-08-03,160.0,160.0,160.0,145.5,145.5,1089000
2026-08-04,164.5,164.5,169.5,156.5,156.5,1632000
2026-08-05,165.0,165.0,178.0,161.5,171.0,14355000
2026-08-06,171.0,171.0,171.5,154.0,164.0,5634000
2026-08-07,158.0,158.0,172.0,156.0,170.0,5455000
2026-08-10,168.5,168.5,172.0,161.5,162.0,4934000
2026-08-11,185.0,185.0,185.0,168.0,168.0,18472000
2026-08-12,203.5,203.5,203.5,182.5,186.5,26034000
2026-08-13,223.5,223.5,223.5,203.5,207.5,36379000
2026-08-14,210.0,210.0,224.0,207.0,224.0,18766000
2026-08-17,211.0,211.0,230.0,201.5,210.0,18206000
2026-08-18,194.5,194.5,215.5,191.0,207.5,11784000
2026-08-19,213.5,213.5,213.5,189.5,190.0,9789000
2026-08-20,221.0,221.0,228.0,211.0,219.0,39655000
2026-08-21,212.0,212.0,227.0,211.5,220.5,20134000
2026-08-24,203.0,203.0,215.0,203.0,209.5,8463561
2026-08-25,203.5,203.5,205.0,190.5,201.0,6485470
2026-08-26,198.0,198.0,201.5,195.0,197.5,6242789
2026-08-27,217.5,217.5,217.5,196.0,205.0,10963308
2026-08-28,239.0,239.0,239.0,229.0,229.0,17619704
2026-08-31,246.0,246.0,259.5,235.5,242.5,28631748
2026-09-01,261.5,261.5,270.5,254.0,255.5,22089519
2026-09-02,260.5,260.5,263.5,253.5,255.0,9691431
2026-09-03,241.0,241.0,258.5,237.5,258.5,12652571
