Price,Adj Close,Close,High,Low,Open,Volume
Ticker,6465.TWO,6465.TWO,6465.TWO,6465.TWO,6465.TWO,6465.TWO
Date,,,,,,
2020-01-02,75.5601577758789,75.77625274658203,76.78660583496094,74.91024017333984,75.05457305908203,7621
2020-01-03,75.5601577758789,75.77625274658203,76.78660583496094,74.91024017333984,75.05457305908203,7996
2020-01-06,72.53775024414062,72.74520111083984,74.04422760009766,72.74520111083984,74.04422760009766,21477
2020-01-07,72.24990844726562,72.45653533935547,74.33289337158203,72.02352905273438,74.33289337158203,15242
2020-01-08,72.39382934570312,72.60086822509766,73.46688079833984,71.87918853759766,73.46688079833984,4156
2020-01-09,73.83306884765625,74.04422760009766,77.21961212158203,73.89988708496094,76.35359954833984,41569
2020-01-10,71.31439208984375,71.51834869384766,73.17820739746094,71.44618225097656,72.74520111083984,37412
2020-01-13,71.96205139160156,72.16786193847656,72.16786193847656,71.59051513671875,72.16786193847656,13163
2020-01-14,70.73870086669922,70.94100952148438,71.95135498046875,70.94100952148438,71.80702209472656,35334
2020-01-15,70.66674041748047,70.86884307861328,71.01317596435547,70.72450256347656,70.72450256347656,13856
2020-01-16,70.73870086669922,70.94100952148438,71.87918853759766,70.79666900634766,71.87918853759766,19399
2020-01-17,70.52281188964844,70.72450256347656,72.74520111083984,70.72450256347656,72.74520111083984,80368
2020-01-20,71.31439208984375,71.51834869384766,72.09569549560547,70.86884307861328,72.09569549560547,46546
2020-01-30,69.08356475830078,69.28114318847656,70.65233612060547,67.90995788574219,70.65233612060547,17320
2020-01-31,70.52281188964844,70.72450256347656,70.72450256347656,67.62128448486328,67.62128448486328,11085
2020-02-03,68.07610321044922,68.27079772949219,69.93065643310547,67.765625,68.27079772949219,9699
2020-02-04,67.50040435791016,67.69345092773438,70.65233612060547,67.69345092773438,70.65233612060547,20092
2020-02-05,67.93217468261719,68.12645721435547,68.41513061523438,67.4769515991211,67.8377914428711,19399
2020-02-06,67.78825378417969,67.98212432861328,68.99247741699219,66.3944320678711,68.99247741699219,7621
2020-02-07,67.78825378417969,67.98212432861328,68.99247741699219,66.3944320678711,68.99247741699219,7711
2020-02-10,68.22002410888672,68.41513061523438,68.70380401611328,66.3944320678711,67.8377914428711,23556
2020-02-11,66.7807846069336,66.97177124023438,69.13681030273438,66.3944320678711,68.48729705810547,76904
2020-02-12,67.50040435791016,67.69345092773438,68.77597045898438,66.2500991821289,66.7552719116211,70668
2020-02-13,66.42098236083984,66.6109390258789,68.12645721435547,66.53876495361328,66.7552719116211,24249
2020-02-14,66.7807846069336,66.97177124023438,66.97177124023438,65.6727523803711,65.6727523803711,14549
2020-02-17,66.7807846069336,66.97177124023438,66.97177124023438,65.8892593383789,66.17793273925781,6928
2020-02-18,66.70882415771484,66.89960479736328,68.12645721435547,66.17793273925781,68.12645721435547,27713
2020-02-19,66.7807846069336,66.97177124023438,67.40478515625,65.6727523803711,66.3944320678711,49190
2020-02-20,65.917236328125,66.10575866699219,66.53876495361328,65.96142578125,66.3944320678711,21477
2020-02-21,66.34901428222656,66.53876495361328,66.97177124023438,65.6727523803711,66.10575866699219,17320
2020-02-24,66.13312530517578,66.322265625,67.1161117553711,65.81709289550781,65.96142578125,27020
2020-02-25,65.41350555419922,65.6005859375,66.3944320678711,65.38407897949219,65.6727523803711,36719
2020-02-26,66.20508575439453,66.3944320678711,66.3944320678711,65.6005859375,65.6005859375,42955
2020-02-27,65.917236328125,66.10575866699219,66.3944320678711,65.5284194946289,65.6727523803711,18706
2020-03-02,65.7733154296875,65.96142578125,66.10575866699219,64.4458999633789,66.10575866699219,36719
2020-03-03,66.20508575439453,66.3944320678711,66.3944320678711,65.6727523803711,66.3944320678711,6235
2020-03-04,66.34901428222656,66.53876495361328,67.54911804199219,66.53876495361328,67.54911804199219,2078
2020-03-05,66.34901428222656,66.53876495361328,66.53876495361328,66.17793273925781,66.17793273925781,4849
2020-03-06,65.84527587890625,66.0335922241211,66.53876495361328,64.8067398071289,66.53876495361328,23556
2020-03-09,66.13312530517578,66.322265625,66.89960479736328,64.66240692138672,66.89960479736328,51962
2020-03-10,64.90977478027344,65.09541320800781,66.3944320678711,64.30156707763672,66.3944320678711,58890
2020-03-11,64.33407592773438,64.51806640625,65.5284194946289,64.22940063476562,65.3119125366211,17320
2020-03-12,64.19015502929688,64.37373352050781,64.51806640625,62.064361572265625,63.50771713256836,48498
2020-03-13,64.19015502929688,64.37373352050781,64.37373352050781,64.37373352050781,64.37373352050781,0
2020-03-16,62.678951263427734,62.85820770263672,63.21904754638672,61.19834518432617,61.92002487182617,13163
2020-03-17,62.60698699951172,62.78603744506836,62.78603744506836,56.5796012878418,57.73428726196289,67204
2020-03-18,62.39109802246094,62.56953430175781,66.10575866699219,62.49736785888672,63.50771713256836,20784
2020-03-19,62.39109802246094,62.56953430175781,62.56953430175781,59.17764663696289,60.76533889770508,59583
2020-03-20,62.10325241088867,62.28086471557617,62.78603744506836,60.981842041015625,62.064361572265625,25634
2020-03-23,62.17521286010742,62.353031158447266,62.353031158447266,59.321983337402344,59.46631622314453,31177
2020-03-24,60.80793380737305,60.981842041015625,62.064361572265625,60.90967559814453,60.90967559814453,36719
2020-03-25,61.599517822265625,61.77568817138672,63.50771713256836,61.12617874145508,62.064361572265625,35334
2020-03-26,61.167747497558594,61.342681884765625,61.77568817138672,60.621002197265625,61.12617874145508,37412
2020-03-27,61.31167221069336,61.48701858520508,61.63135528564453,60.621002197265625,60.621002197265625,13856
2020-03-30,62.10325241088867,62.28086471557617,62.28086471557617,60.621002197265625,60.621002197265625,9006
2020-03-31,60.95185852050781,61.12617874145508,62.713871002197266,60.621002197265625,62.713871002197266,29098
2020-04-01,60.376163482666016,60.54883575439453,61.19834518432617,60.54883575439453,61.054012298583984,5542
2020-04-06,60.376163482666016,60.54883575439453,60.621002197265625,59.17764663696289,60.621002197265625,10392
2020-04-07,59.08084487915039,59.249813079833984,60.47666931152344,59.17764663696289,60.332332611083984,47805
2020-04-08,59.296730041503906,59.46631622314453,60.54883575439453,58.600303649902344,59.89932632446289,93531
2020-04-09,59.51261520385742,59.68281936645508,59.75498962402344,57.73428726196289,58.888973236083984,63740
2020-04-10,57.353755950927734,57.517784118652344,58.961143493652344,57.517784118652344,58.09512710571289,85910
2020-04-13,57.85749053955078,58.0229606628418,58.16729736328125,56.290931701660156,57.5899543762207,37412
2020-04-14,57.78553009033203,57.9507942199707,58.31163024902344,57.5899543762207,58.0229606628418,22863
2020-04-15,59.224769592285156,59.39414978027344,60.332332611083984,58.7446403503418,59.89932632446289,184292
2020-04-16,58.0733757019043,58.239463806152344,59.89932632446289,57.9507942199707,59.89932632446289,90760
2020-04-17,58.36122512817383,58.528133392333984,60.18799591064453,58.45596694946289,59.89932632446289,97688
2020-04-20,58.28926467895508,58.45596694946289,59.971492767333984,58.45596694946289,59.89932632446289,62354
2020-04-21,57.4976806640625,57.6621208190918,59.10547637939453,56.290931701660156,58.528133392333984,49883
2020-04-22,57.281795501708984,57.44561767578125,58.0229606628418,56.21876525878906,56.21876525878906,39491
2020-04-23,57.281795501708984,57.44561767578125,58.239463806152344,56.72393798828125,57.012611389160156,25634
2020-04-24,56.130401611328125,56.290931701660156,57.373451232910156,56.290931701660156,57.373451232910156,90760
2020-04-27,56.130401611328125,56.290931701660156,56.43526840209961,56.1465950012207,56.43526840209961,32562
2020-04-28,55.98647689819336,56.1465950012207,57.012611389160156,55.569252014160156,56.8682746887207,63047
2020-04-29,55.98647689819336,56.1465950012207,56.21876525878906,55.49708557128906,56.1465950012207,49883
2020-04-30,54.47527313232422,54.63106918334961,56.1465950012207,54.63106918334961,56.1465950012207,112238
2020-05-04,53.467803955078125,53.62071990966797,54.63106918334961,53.04337692260742,54.63106918334961,38798
2020-05-05,53.75565719604492,53.909393310546875,54.270233154296875,53.187713623046875,53.62071990966797,48498
2020-05-06,53.68368911743164,53.837223052978516,53.909393310546875,53.40421676635742,53.909393310546875,18013
2020-05-07,53.395843505859375,53.548553466796875,54.34239959716797,53.40421676635742,54.34239959716797,33255
2020-05-08,53.467803955078125,53.62071990966797,53.62071990966797,52.03302764892578,53.548553466796875,42955
2020-05-11,58.792999267578125,58.961143493652344,58.961143493652344,55.4249153137207,56.290931701660156,408076
2020-05-12,56.27432632446289,56.43526840209961,60.40449905395508,56.36309814453125,60.40449905395508,280595
2020-05-13,55.842552185058594,56.00225830078125,56.290931701660156,55.13624572753906,55.7857551574707,69282
2020-05-14,55.2668571472168,55.4249153137207,55.930091857910156,54.558902740478516,55.13624572753906,43648
2020-05-15,55.98647689819336,56.1465950012207,56.43526840209961,55.569252014160156,55.930091857910156,45726
2020-05-18,56.27432632446289,56.43526840209961,56.5074348449707,55.35274887084961,56.290931701660156,25634
2020-05-19,55.12293243408203,55.280582427978516,56.43526840209961,55.13624572753906,56.43526840209961,29791
2020-05-20,55.55470657348633,55.71358871459961,55.71358871459961,55.06407928466797,55.280582427978516,18013
2020-05-21,55.55470657348633,55.71358871459961,56.07442855834961,54.84757614135742,55.71358871459961,38798
2020-05-22,54.979007720947266,55.13624572753906,55.4249153137207,53.40421676635742,54.919742584228516,36719
2020-05-25,55.12293243408203,55.280582427978516,55.49708557128906,53.76505661010742,55.13624572753906,15242
2020-05-26,54.691162109375,54.84757614135742,55.280582427978516,53.837223052978516,55.280582427978516,66511
2020-05-27,54.691162109375,54.84757614135742,54.84757614135742,53.98155975341797,54.84757614135742,28405
2020-05-28,53.395843505859375,53.548553466796875,54.558902740478516,53.548553466796875,54.270233154296875,25634
2020-05-29,54.547237396240234,54.70323944091797,54.84757614135742,53.548553466796875,54.84757614135742,27713
2020-06-01,54.76312255859375,54.919742584228516,55.280582427978516,53.98155975341797,54.70323944091797,39491
2020-06-02,54.2593879699707,54.41456604003906,54.70323944091797,53.476383209228516,53.98155975341797,58890
2020-06-03,54.40331268310547,54.558902740478516,54.558902740478516,53.40421676635742,53.909393310546875,56811
2020-06-04,54.47527313232422,54.63106918334961,54.99190902709961,54.558902740478516,54.558902740478516,24941
2020-06-05,54.8350830078125,54.99190902709961,55.280582427978516,54.12589645385742,55.280582427978516,46419
2020-06-08,54.691162109375,54.84757614135742,54.99190902709961,54.05372619628906,54.99190902709961,35334
2020-06-09,54.47527313232422,54.63106918334961,54.84757614135742,52.10519790649414,54.198062896728516,78982
2020-06-10,55.98647689819336,56.1465950012207,56.43526840209961,54.99190902709961,55.35274887084961,133716
2020-06-11,55.19489288330078,55.35274887084961,55.7857551574707,54.270233154296875,55.569252014160156,47112
2020-06-12,54.33135223388672,54.48673629760742,54.558902740478516,53.98155975341797,54.198062896728516,16627
2020-06-15,54.547237396240234,54.70323944091797,55.06407928466797,53.98155975341797,54.48673629760742,40876
2020-06-16,54.691162109375,54.84757614135742,54.99190902709961,53.98155975341797,54.12589645385742,58197
2020-06-17,54.547237396240234,54.70323944091797,54.919742584228516,53.98155975341797,54.558902740478516,72747
2020-06-18,54.33135223388672,54.48673629760742,54.63106918334961,53.98155975341797,54.05372619628906,47112
2020-06-19,54.33135223388672,54.48673629760742,54.63106918334961,53.476383209228516,54.12589645385742,94224
2020-06-22,54.33135223388672,54.48673629760742,54.558902740478516,53.548553466796875,53.69289016723633,103924
2020-06-23,54.40331268310547,54.558902740478516,54.558902740478516,53.69289016723633,53.76505661010742,60276
2020-06-24,54.47527313232422,54.63106918334961,54.84757614135742,54.05372619628906,54.558902740478516,52655
2020-06-29,54.1154670715332,54.270233154296875,54.270233154296875,53.33205032348633,53.837223052978516,65818
2020-06-30,54.1154670715332,54.270233154296875,54.34239959716797,53.40421676635742,53.76505661010742,106002
2020-07-01,53.68368911743164,53.837223052978516,54.198062896728516,52.826873779296875,53.69289016723633,147572
2020-07-02,53.53976821899414,53.69289016723633,53.69289016723633,52.10519790649414,53.04337692260742,212005
2020-07-03,53.395843505859375,53.548553466796875,53.62071990966797,52.24953079223633,53.04337692260742,180828
2020-07-06,52.53230285644531,52.68254089355469,53.187713623046875,51.96086120605469,52.826873779296875,248032
2020-07-07,51.812679290771484,51.96086120605469,52.538204193115234,51.96086120605469,52.177364349365234,76211
2020-07-08,51.812679290771484,51.96086120605469,52.24953079223633,51.52785110473633,52.24953079223633,42262
2020-07-09,51.30894470214844,51.455684661865234,51.744354248046875,50.58967208862305,51.52785110473633,91453
2020-07-10,51.95660400390625,52.10519790649414,52.10519790649414,49.362815856933594,49.50715255737305,155193
2020-07-13,51.95660400390625,52.10519790649414,52.538204193115234,51.52785110473633,51.96086120605469,51962
2020-07-14,51.38090515136719,51.52785110473633,51.96086120605469,50.51750183105469,51.96086120605469,34641
2020-07-15,50.661285400390625,50.806175231933594,51.455684661865234,50.0123291015625,51.455684661865234,48498
2020-07-16,49.7977409362793,49.94015884399414,50.734004974365234,49.00197982788086,50.734004974365234,144801
2020-07-17,49.7977409362793,49.94015884399414,49.94015884399414,49.00197982788086,49.07414627075195,65818
2020-07-20,49.222042083740234,49.362815856933594,50.58967208862305,49.362815856933594,49.362815856933594,18706
2020-07-21,49.150081634521484,49.2906494140625,50.084495544433594,49.43498611450195,49.43498611450195,11778
2020-07-22,49.29400634765625,49.43498611450195,49.86799240112305,49.07414627075195,49.2906494140625,22863
2020-07-23,49.29400634765625,49.43498611450195,49.79582214355469,49.07414627075195,49.6514892578125,67204
2020-07-24,48.71831130981445,48.857643127441406,49.94015884399414,47.99162673950195,49.43498611450195,52655
2020-07-27,48.64634704589844,48.78547286987305,48.78547286987305,45.754425048828125,48.35246658325195,121245
2020-07-28,48.50242233276367,48.641136169433594,48.9298095703125,47.99162673950195,48.9298095703125,13856
2020-07-29,47.566917419433594,47.70295715332031,48.2081298828125,46.98127746582031,48.2081298828125,25634
2020-07-30,47.638877868652344,47.775123596191406,47.775123596191406,47.34211730957031,47.486454010009766,9699
2020-07-31,47.638877868652344,47.775123596191406,48.496803283691406,47.34211730957031,48.35246658325195,41569
2020-08-03,47.06318283081055,47.19778060913086,47.775123596191406,47.125614166259766,47.55862045288086,11085
2020-08-04,47.638877868652344,47.775123596191406,49.2906494140625,47.63078689575195,47.63078689575195,36719
2020-08-05,47.49495315551758,47.63078689575195,47.775123596191406,47.053443908691406,47.775123596191406,30484
2020-08-06,47.06318283081055,47.19778060913086,47.63078689575195,46.83694076538086,47.34211730957031,27020
2020-08-07,47.06318283081055,47.19778060913086,47.19778060913086,46.18743133544922,47.19778060913086,45033
2020-08-10,47.06318283081055,47.19778060913086,47.19778060913086,46.54827117919922,47.19778060913086,23556
2020-08-11,46.19963836669922,46.33176803588867,46.90911102294922,46.33176803588867,46.764774322509766,22170
2020-08-12,46.343563079833984,46.476104736328125,46.476104736328125,46.18743133544922,46.33176803588867,24941
2020-08-13,46.48748779296875,46.62043762207031,47.19778060913086,46.18743133544922,47.19778060913086,7621
2020-08-14,46.41552734375,46.54827117919922,46.90911102294922,46.043094635009766,46.69260787963867,29098
2020-08-17,48.93419647216797,49.07414627075195,49.579322814941406,46.54827117919922,46.54827117919922,56811
2020-08-18,48.57438659667969,48.71330642700195,49.362815856933594,47.91946029663086,49.07414627075195,54733
2020-08-19,48.214576721191406,48.35246658325195,48.641136169433594,47.19778060913086,48.06379318237305,68590
2020-08-20,46.41552734375,46.54827117919922,47.63078689575195,46.18743133544922,47.63078689575195,31177
2020-08-21,46.631412506103516,46.764774322509766,47.486454010009766,46.18743133544922,47.486454010009766,17320
2020-08-24,46.48748779296875,46.62043762207031,46.69260787963867,45.89876174926758,46.69260787963867,15242
2020-08-25,46.343563079833984,46.476104736328125,46.62043762207031,46.043094635009766,46.62043762207031,12470
2020-08-26,46.27159881591797,46.403934478759766,46.69260787963867,46.043094635009766,46.403934478759766,58197
2020-08-27,45.9837532043457,46.115264892578125,46.18743133544922,45.46575164794922,45.89876174926758,49190
2020-08-28,46.48748779296875,46.62043762207031,46.98127746582031,46.115264892578125,46.115264892578125,46419
2020-08-31,47.20710754394531,47.34211730957031,49.79582214355469,47.19778060913086,49.79582214355469,49883
2020-09-01,46.91925811767578,47.053443908691406,47.19778060913086,46.476104736328125,46.62043762207031,13856
2020-09-02,47.49495315551758,47.63078689575195,48.06379318237305,46.62043762207031,47.053443908691406,49190
2020-09-03,47.35103225708008,47.486454010009766,47.775123596191406,46.62043762207031,47.125614166259766,54733
2020-09-04,47.49495315551758,47.63078689575195,47.63078689575195,46.62043762207031,47.053443908691406,44341
2020-09-07,50.22951126098633,50.373165130615234,51.96086120605469,48.496803283691406,48.496803283691406,70668
2020-09-08,49.222042083740234,49.362815856933594,50.373165130615234,49.07414627075195,50.373165130615234,27713
2020-09-09,48.50242233276367,48.641136169433594,49.07414627075195,48.28030014038086,49.00197982788086,29791
2020-09-10,47.926727294921875,48.06379318237305,48.2081298828125,47.63078689575195,48.2081298828125,47112
2020-09-11,47.638877868652344,47.775123596191406,47.99162673950195,47.414283752441406,47.91946029663086,53347
2020-09-14,47.06318283081055,47.19778060913086,47.55862045288086,46.764774322509766,46.764774322509766,63740
2020-09-15,47.35103225708008,47.486454010009766,47.486454010009766,46.476104736328125,46.476104736328125,64433
2020-09-16,47.49495315551758,47.63078689575195,47.91946029663086,47.486454010009766,47.486454010009766,74132
2020-09-17,47.71084213256836,47.847293853759766,47.847293853759766,46.764774322509766,47.63078689575195,67897
2020-09-18,47.71084213256836,47.847293853759766,47.847293853759766,47.486454010009766,47.70295715332031,62354
2020-09-21,47.20710754394531,47.34211730957031,47.847293853759766,47.34211730957031,47.486454010009766,50576
2020-09-22,47.35103225708008,47.486454010009766,47.70295715332031,47.34211730957031,47.34211730957031,108081
2020-09-23,47.35103225708008,47.486454010009766,47.55862045288086,47.19778060913086,47.55862045288086,76904
2020-09-24,45.76786804199219,45.89876174926758,47.486454010009766,45.89876174926758,47.486454010009766,49883
2020-09-25,46.77533721923828,46.90911102294922,47.26995086669922,46.18743133544922,47.26995086669922,145494
2020-09-28,46.48748779296875,46.62043762207031,47.70295715332031,46.62043762207031,47.70295715332031,35334
2020-09-29,46.703372955322266,46.83694076538086,46.90911102294922,46.33176803588867,46.476104736328125,11778
2020-09-30,46.631412506103516,46.764774322509766,47.125614166259766,46.18743133544922,47.125614166259766,18013
2020-10-05,46.559452056884766,46.69260787963867,46.764774322509766,45.61008834838867,46.764774322509766,21477
2020-10-06,46.343563079833984,46.476104736328125,46.476104736328125,46.476104736328125,46.476104736328125,692
2020-10-07,45.91178894042969,46.043094635009766,46.18743133544922,44.744075775146484,46.18743133544922,6235
2020-10-08,44.97628402709961,45.10491180419922,46.043094635009766,44.960575103759766,45.89876174926758,36719
2020-10-12,44.90432357788086,45.032745361328125,45.24924850463867,44.744075775146484,45.17708206176758,29098
2020-10-13,44.97628402709961,45.10491180419922,45.10491180419922,44.09456253051758,44.744075775146484,31177
2020-10-14,44.76039505004883,44.88840866088867,45.89876174926758,45.17708206176758,45.89876174926758,1385
2020-10-15,45.62394332885742,45.754425048828125,46.25959777832031,44.744075775146484,45.17708206176758,31870
2020-10-16,45.19217300415039,45.32141876220703,45.754425048828125,44.744075775146484,44.81624221801758,48498
2020-10-19,45.120208740234375,45.24924850463867,45.24924850463867,44.960575103759766,45.24924850463867,16627
2020-10-20,44.90432357788086,45.032745361328125,45.24924850463867,44.671905517578125,45.24924850463867,27020
2020-10-21,44.76039505004883,44.88840866088867,45.10491180419922,44.744075775146484,45.10491180419922,18013
2020-10-22,44.83235549926758,44.960575103759766,45.10491180419922,44.671905517578125,45.032745361328125,15242
2020-10-23,44.47254943847656,44.59973907470703,45.24924850463867,44.59973907470703,45.24924850463867,9699
2020-10-26,44.54450988769531,44.671905517578125,44.88840866088867,44.16673278808594,44.59973907470703,263967
2020-10-27,44.54450988769531,44.671905517578125,45.10491180419922,44.311065673828125,45.10491180419922,251496
2020-10-28,44.54450988769531,44.671905517578125,44.671905517578125,44.16673278808594,44.16673278808594,1024694
2020-10-29,44.47254943847656,44.59973907470703,44.81624221801758,43.58938980102539,44.16673278808594,26327
2020-10-30,44.68843460083008,44.81624221801758,44.81624221801758,44.81624221801758,44.81624221801758,692
2020-11-02,44.76039505004883,44.88840866088867,45.24924850463867,44.744075775146484,45.24924850463867,160043
2020-11-03,44.76039505004883,44.88840866088867,45.032745361328125,44.744075775146484,45.032745361328125,5542
2020-11-04,44.90432357788086,45.032745361328125,45.032745361328125,43.950225830078125,44.88840866088867,227247
2020-11-05,44.76039505004883,44.88840866088867,44.88840866088867,44.59973907470703,44.744075775146484,9699
2020-11-06,44.76039505004883,44.88840866088867,44.960575103759766,44.671905517578125,44.960575103759766,20092
2020-11-09,44.76039505004883,44.88840866088867,45.032745361328125,44.88840866088867,44.88840866088867,33255
2020-11-10,44.97628402709961,45.10491180419922,45.97092819213867,44.45540237426758,44.45540237426758,29098
2020-11-11,44.54450988769531,44.671905517578125,45.032745361328125,44.09456253051758,45.032745361328125,36027
2020-11-12,44.18470001220703,44.311065673828125,44.671905517578125,43.51721954345703,44.671905517578125,13856
2020-11-13,43.7529296875,43.87805938720703,44.311065673828125,43.80589294433594,44.09456253051758,21477
2020-11-16,43.68096923828125,43.80589294433594,43.87805938720703,43.44505310058594,43.87805938720703,23556
2020-11-17,44.25666427612305,44.383235931396484,44.45540237426758,43.87805938720703,44.311065673828125,77596
2020-11-18,44.54450988769531,44.671905517578125,44.744075775146484,44.45540237426758,44.52756881713867,83832
2020-11-19,44.90432357788086,45.032745361328125,45.17708206176758,44.59973907470703,44.671905517578125,97688
2020-11-20,45.83982849121094,45.97092819213867,46.403934478759766,45.24924850463867,46.403934478759766,33948
2020-11-23,45.91178894042969,46.043094635009766,46.25959777832031,45.89876174926758,45.89876174926758,24249
2020-11-24,45.62394332885742,45.754425048828125,46.18743133544922,45.61008834838867,45.89876174926758,47112
2020-11-25,49.50989532470703,49.6514892578125,50.806175231933594,46.18743133544922,46.18743133544922,204384
2020-11-26,51.09305953979492,51.23918151855469,53.11554718017578,50.15666198730469,50.15666198730469,257039
2020-11-27,51.09305953979492,51.23918151855469,52.10519790649414,49.86799240112305,49.86799240112305,78982
2020-11-30,50.877174377441406,51.02267837524414,52.32169723510742,50.51750183105469,52.32169723510742,65125
2020-12-01,51.74071502685547,51.88869094848633,52.177364349365234,51.02267837524414,51.02267837524414,107388
2020-12-02,50.373435974121094,50.51750183105469,51.744354248046875,50.373165130615234,51.744354248046875,63047
2020-12-03,50.01362609863281,50.15666198730469,50.51750183105469,50.084495544433594,50.51750183105469,36027
2020-12-04,49.94166564941406,50.084495544433594,50.373165130615234,49.94015884399414,50.22883224487305,31177
2020-12-07,49.222042083740234,49.362815856933594,50.084495544433594,49.21847915649414,50.084495544433594,39491
2020-12-08,49.7977409362793,49.94015884399414,51.31134796142578,49.50715255737305,49.50715255737305,88682
2020-12-09,50.08559036254883,50.22883224487305,51.094844818115234,49.79582214355469,50.51750183105469,94224
2020-12-10,50.373435974121094,50.51750183105469,50.51750183105469,49.21847915649414,49.94015884399414,36027
2020-12-11,49.86970520019531,50.0123291015625,50.58967208862305,49.43498611450195,50.58967208862305,42955
2020-12-14,49.72578048706055,49.86799240112305,50.22883224487305,49.6514892578125,49.6514892578125,54040
2020-12-15,49.72578048706055,49.86799240112305,50.51750183105469,49.6514892578125,50.445335388183594,91453
2020-12-16,53.97154235839844,54.12589645385742,54.84757614135742,50.0123291015625,50.0123291015625,550799
2020-12-17,53.97154235839844,54.12589645385742,56.5796012878418,54.12589645385742,56.290931701660156,591676
2020-12-18,52.244449615478516,52.39386749267578,54.70323944091797,52.39386749267578,54.270233154296875,241797
2020-12-21,53.395843505859375,53.548553466796875,53.69289016723633,51.816524505615234,52.97121047973633,218934
2020-12-22,53.25191879272461,53.40421676635742,54.270233154296875,53.259883880615234,53.40421676635742,153808
2020-12-23,53.75565719604492,53.909393310546875,53.98155975341797,53.187713623046875,53.548553466796875,126094
2020-12-24,53.68368911743164,53.837223052978516,54.558902740478516,53.62071990966797,53.76505661010742,99074
2020-12-25,53.75565719604492,53.909393310546875,54.48673629760742,53.69289016723633,54.198062896728516,227247
2020-12-28,54.907047271728516,55.06407928466797,55.4249153137207,54.270233154296875,54.558902740478516,451724
2020-12-29,53.75565719604492,53.909393310546875,56.1465950012207,53.548553466796875,56.1465950012207,246647
2020-12-30,53.25191879272461,53.40421676635742,54.12589645385742,52.24953079223633,54.12589645385742,141337
2020-12-31,52.53230285644531,52.68254089355469,53.40421676635742,52.538204193115234,53.40421676635742,64433
2021-01-04,52.964073181152344,53.11554718017578,53.40421676635742,52.03302764892578,52.68254089355469,81753
2021-01-05,52.82014846801758,52.97121047973633,53.11554718017578,52.68254089355469,53.11554718017578,56811
2021-01-06,51.52482986450195,51.67218780517578,53.62071990966797,50.806175231933594,53.548553466796875,103924
2021-01-07,48.7902717590332,48.9298095703125,50.95050811767578,48.496803283691406,50.51750183105469,133023
2021-01-08,49.365970611572266,49.50715255737305,51.38351821899414,49.14631271362305,51.38351821899414,76211
2021-01-11,47.71084213256836,47.847293853759766,49.94015884399414,45.97092819213867,49.94015884399414,67897
2021-01-12,46.41552734375,46.54827117919922,48.857643127441406,46.18743133544922,48.857643127441406,72054
2021-01-13,46.559452056884766,46.69260787963867,46.764774322509766,46.18743133544922,46.476104736328125,59583
2021-01-14,46.559452056884766,46.69260787963867,46.62043762207031,46.18743133544922,46.33176803588867,23556
2021-01-15,44.76039505004883,44.88840866088867,46.764774322509766,44.81624221801758,46.18743133544922,63047
2021-01-18,45.19217300415039,45.32141876220703,45.32141876220703,43.44505310058594,43.73372268676758,38798
2021-01-19,45.19217300415039,45.32141876220703,45.393585205078125,44.744075775146484,45.32141876220703,57504
2021-01-20,44.54450988769531,44.671905517578125,45.89876174926758,44.671905517578125,45.393585205078125,49190
2021-01-21,44.40058517456055,44.52756881713867,44.81624221801758,43.73372268676758,43.73372268676758,62354
2021-01-22,44.3286247253418,44.45540237426758,44.744075775146484,43.58938980102539,44.52756881713867,73439
2021-01-25,45.480018615722656,45.61008834838867,45.61008834838867,44.16673278808594,44.45540237426758,43648
2021-01-26,44.47254943847656,44.59973907470703,45.61008834838867,44.52756881713867,45.61008834838867,22863
2021-01-27,44.54450988769531,44.671905517578125,45.10491180419922,44.383235931396484,44.59973907470703,8313
2021-01-28,44.18470001220703,44.311065673828125,44.52756881713867,43.661556243896484,44.022396087646484,42262
2021-01-29,43.609004974365234,43.73372268676758,44.59973907470703,43.73372268676758,44.311065673828125,32562
2021-02-01,43.7529296875,43.87805938720703,45.82659149169922,43.300716400146484,45.82659149169922,29791
2021-02-02,43.7529296875,43.87805938720703,44.45540237426758,43.37288284301758,44.45540237426758,33948
2021-02-03,43.10527038574219,43.22854995727539,43.661556243896484,43.22854995727539,43.300716400146484,16627
2021-02-04,43.10527038574219,43.22854995727539,43.58938980102539,43.15637969970703,43.15637969970703,27020
2021-02-05,43.03330612182617,43.15637969970703,43.22854995727539,42.4347038269043,43.22854995727539,29098
2021-02-17,43.17723083496094,43.300716400146484,43.44505310058594,41.929527282714844,43.44505310058594,55426
2021-02-18,43.17723083496094,43.300716400146484,43.37288284301758,42.72337341308594,43.300716400146484,32562
2021-02-19,44.04077911376953,44.16673278808594,44.383235931396484,43.22854995727539,43.37288284301758,72054
2021-02-22,45.048248291015625,45.17708206176758,45.17708206176758,44.16673278808594,44.311065673828125,41569
2021-02-23,45.26413345336914,45.393585205078125,45.53792190551758,43.44505310058594,44.744075775146484,77596
2021-02-24,45.120208740234375,45.24924850463867,46.98127746582031,44.45540237426758,45.754425048828125,97688
2021-02-25,44.47254943847656,44.59973907470703,46.403934478759766,44.45540237426758,46.043094635009766,107388
2021-02-26,44.68843460083008,44.81624221801758,45.17708206176758,44.022396087646484,44.022396087646484,29098
2021-03-02,44.40058517456055,44.52756881713867,44.81624221801758,44.311065673828125,44.81624221801758,46419
2021-03-03,43.17723083496094,43.300716400146484,44.960575103759766,43.012046813964844,44.960575103759766,70668
2021-03-04,41.73799133300781,41.85736083984375,43.37288284301758,40.41400146484375,42.14603042602539,177364
2021-03-05,42.52957534790039,42.651206970214844,42.86771011352539,40.9191780090332,41.78519058227539,31870
2021-03-08,41.95387649536133,42.0738639831543,42.939876556396484,41.85736083984375,42.00169372558594,20092
2021-03-09,41.6660270690918,41.78519058227539,42.0738639831543,41.42435073852539,42.0738639831543,29098
2021-03-10,42.313690185546875,42.4347038269043,41.85736083984375,41.2800178527832,41.78519058227539,39491
2021-03-11,41.234256744384766,41.3521842956543,42.21820068359375,41.3521842956543,42.21820068359375,33255
2021-03-12,41.234256744384766,41.3521842956543,41.3521842956543,41.3521842956543,41.3521842956543,12470
2021-03-15,39.651092529296875,39.76449203491211,40.9191780090332,39.259315490722656,40.9191780090332,89374
2021-03-16,40.29874801635742,40.41400146484375,41.13568115234375,40.41400146484375,40.6305046081543,57504
2021-03-17,40.37071228027344,40.48617172241211,40.702674865722656,40.41400146484375,40.6305046081543,18706
2021-03-18,40.29874801635742,40.41400146484375,40.41400146484375,39.4758186340332,40.41400146484375,90067
2021-03-19,39.93893814086914,40.05316162109375,40.341835021972656,39.40365219116211,40.2696647644043,75518
2021-03-22,39.93893814086914,40.05316162109375,39.76449203491211,39.04281234741211,39.692325592041016,69975
2021-03-23,39.50716781616211,39.620155334472656,39.8366584777832,38.970645904541016,39.54798889160156,56119
2021-03-24,38.93146896362305,39.04281234741211,39.40365219116211,38.970645904541016,38.970645904541016,53347
2021-03-25,39.14735794067383,39.259315490722656,39.4758186340332,38.68197250366211,38.898475646972656,41569
2021-03-26,39.14735794067383,39.259315490722656,39.54798889160156,39.04281234741211,39.54798889160156,33948
2021-03-29,39.14735794067383,39.259315490722656,39.259315490722656,38.970645904541016,39.04281234741211,43648
2021-03-30,39.291282653808594,39.40365219116211,40.2696647644043,39.18714904785156,39.259315490722656,56119
2021-03-31,40.154823303222656,40.2696647644043,40.9191780090332,40.12533187866211,40.41400146484375,113623
2021-04-01,40.5146369934082,40.6305046081543,41.42435073852539,39.980995178222656,40.5583381652832,115009
2021-04-07,41.5221061706543,41.6408576965332,42.4347038269043,41.42435073852539,41.85736083984375,121937
2021-04-08,41.5221061706543,41.6408576965332,42.290367126464844,41.3521842956543,42.290367126464844,103924
2021-04-09,41.162296295166016,41.2800178527832,42.0738639831543,41.13568115234375,42.0738639831543,67204
2021-04-12,40.65856170654297,40.77484130859375,41.78519058227539,40.41400146484375,41.78519058227539,106002
2021-04-13,40.010902404785156,40.12533187866211,40.77484130859375,39.692325592041016,40.77484130859375,106002
2021-04-14,39.43520736694336,39.54798889160156,40.12533187866211,39.54798889160156,40.12533187866211,68590
2021-04-15,39.93893814086914,40.05316162109375,41.13568115234375,39.620155334472656,41.13568115234375,25634
2021-04-16,40.29874801635742,40.41400146484375,40.41400146484375,39.980995178222656,40.12533187866211,39491
2021-04-19,40.802486419677734,40.9191780090332,41.063514709472656,39.8366584777832,41.063514709472656,41569
2021-04-20,39.93893814086914,40.05316162109375,40.41400146484375,39.620155334472656,40.05316162109375,59583
2021-04-21,39.723052978515625,39.8366584777832,40.05316162109375,39.620155334472656,40.05316162109375,29098
2021-04-22,39.86697769165039,39.980995178222656,40.847007751464844,39.259315490722656,40.847007751464844,87989
2021-04-23,39.291282653808594,39.40365219116211,39.980995178222656,38.82630920410156,39.8366584777832,110159
2021-04-26,38.35577392578125,38.46546936035156,39.692325592041016,38.46546936035156,39.331485748291016,119166
2021-04-27,38.211849212646484,38.32113265991211,38.75414276123047,37.960296630859375,38.46546936035156,126094
2021-04-28,37.276344299316406,37.38295364379883,38.39330291748047,37.238616943359375,38.32113265991211,110852
2021-04-29,37.13241958618164,37.238616943359375,38.898475646972656,36.44477081298828,37.38295364379883,146879
2021-05-03,37.060455322265625,37.166446685791016,37.527286529541016,35.65092468261719,37.238616943359375,177364
2021-05-04,36.988494873046875,37.09428024291992,37.166446685791016,33.91889572143555,37.166446685791016,126094
2021-05-05,36.988494873046875,37.09428024291992,37.238616943359375,34.496238708496094,35.65092468261719,270203
2021-05-06,38.8595085144043,38.970645904541016,40.702674865722656,37.81595993041992,40.41400146484375,442717
2021-05-07,38.2838134765625,38.39330291748047,40.05316162109375,38.39330291748047,38.970645904541016,128866
2021-05-10,37.276344299316406,37.38295364379883,38.898475646972656,37.38295364379883,38.898475646972656,58890
2021-05-11,36.988494873046875,37.09428024291992,37.09428024291992,33.702392578125,35.21791458129883,272974
2021-05-12,33.31843185424805,33.413719177246094,36.94994354248047,33.413719177246094,36.94994354248047,221705
2021-05-13,30.008176803588867,30.093997955322266,30.093997955322266,30.093997955322266,30.093997955322266,166971
2021-05-14,27.0577335357666,27.135116577148438,27.135116577148438,27.135116577148438,27.135116577148438,72054
2021-05-17,24.3951358795166,24.46490478515625,24.46490478515625,24.46490478515625,24.46490478515625,64433
2021-05-18,22.020387649536133,22.083364486694336,22.083364486694336,22.083364486694336,22.083364486694336,74132
2021-05-19,21.228805541992188,21.289518356323242,22.805044174194336,19.9183292388916,19.9183292388916,3052605
2021-05-20,19.14190673828125,19.196651458740234,20.13483238220215,19.196651458740234,19.340986251831055,726777
2021-05-21,20.005451202392578,20.062665939331055,20.6400089263916,19.196651458740234,19.629657745361328,424011
2021-05-24,20.005451202392578,20.062665939331055,20.062665939331055,18.402803421020508,18.402803421020508,141337
2021-05-25,19.42975425720215,19.485322952270508,20.13483238220215,19.485322952270508,19.701826095581055,78982
2021-05-26,20.14937400817871,20.207000732421875,20.207000732421875,19.629657745361328,19.77399444580078,27020
2021-05-27,19.861526489257812,19.9183292388916,20.207000732421875,19.77399444580078,20.207000732421875,50576
2021-05-28,19.789566040039062,19.846162796020508,20.207000732421875,19.701826095581055,19.9183292388916,43648
2021-05-31,19.71760368347168,19.77399444580078,19.9183292388916,19.196651458740234,19.9183292388916,67897
2021-06-01,19.789566040039062,19.846162796020508,19.9183292388916,19.5574893951416,19.9183292388916,66511
2021-06-02,21.732542037963867,21.794694900512695,21.794694900512695,19.990497589111328,19.990497589111328,211312
2021-06-03,23.891401290893555,23.95973014831543,23.95973014831543,22.660707473754883,22.660707473754883,324244
2021-06-04,22.45216178894043,22.516372680664062,25.403087615966797,21.939029693603516,25.403087615966797,320779
2021-06-07,22.52412223815918,22.588539123535156,23.95973014831543,21.650358200073242,22.299869537353516,304844
2021-06-08,22.45216178894043,22.516372680664062,23.526721954345703,22.372037887573242,22.877212524414062,151729
2021-06-09,22.668046951293945,22.73287582397461,23.310218811035156,22.516372680664062,22.805044174194336,234869
2021-06-10,22.45216178894043,22.516372680664062,23.09371566772461,22.516372680664062,23.09371566772461,135794
2021-06-11,23.243743896484375,23.310218811035156,23.310218811035156,22.516372680664062,22.516372680664062,137873
2021-06-15,22.740009307861328,22.805044174194336,23.382387161254883,22.660707473754883,23.382387161254883,133716
2021-06-16,22.596084594726562,22.660707473754883,23.45455551147461,22.588539123535156,23.45455551147461,119859
2021-06-17,24.826908111572266,24.897911071777344,24.897911071777344,22.94938087463379,22.94938087463379,415697
2021-06-18,27.273618698120117,27.351619720458984,27.351619720458984,25.258750915527344,25.258750915527344,507150
2021-06-21,29.14463233947754,29.227983474731445,30.02182960510254,26.774276733398438,30.02182960510254,2062552
2021-06-22,32.02311325073242,32.11469650268555,32.11469650268555,30.166166305541992,31.898193359375,1599742
2021-06-23,33.966087341308594,34.063228607177734,35.29008483886719,31.75385856628418,31.75385856628418,1502053
2021-06-24,33.3903923034668,33.48588562011719,35.795257568359375,33.413719177246094,35.36225128173828,836244
2021-06-25,31.66330337524414,31.75385856628418,33.91889572143555,31.176515579223633,31.176515579223633,154500
2021-06-28,30.008176803588867,30.093997955322266,31.898193359375,29.660991668701172,31.898193359375,263275
2021-06-29,29.50444221496582,29.588823318481445,30.310501098632812,28.939311981201172,30.310501098632812,132330
2021-06-30,32.45488739013672,32.547706604003906,32.547706604003906,30.38266944885254,31.75385856628418,190528
2021-07-01,33.31843185424805,33.413719177246094,35.506587982177734,33.413719177246094,35.506587982177734,157272
2021-07-02,32.45488739013672,32.547706604003906,33.91889572143555,31.75385856628418,33.91889572143555,72054
2021-07-05,34.54178237915039,34.64057159423828,34.64057159423828,33.19721603393555,34.063228607177734,108081
2021-07-06,34.46982192993164,34.56840515136719,35.506587982177734,34.56840515136719,35.506587982177734,88682
2021-07-07,33.822166442871094,33.91889572143555,34.35190200805664,33.91889572143555,34.35190200805664,35334
2021-07-08,32.670772552490234,32.76420974731445,33.91889572143555,32.33120346069336,33.91889572143555,67204
2021-07-09,35.90906524658203,36.01176452636719,36.01176452636719,33.63022232055664,33.99106216430664,1243628
2021-07-12,39.43520736694336,39.54798889160156,39.54798889160156,37.238616943359375,38.82630920410156,1181273
2021-07-13,38.78754425048828,38.898475646972656,43.300716400146484,38.68197250366211,43.300716400146484,1640619
2021-07-14,35.26140594482422,35.36225128173828,41.2800178527832,35.36225128173828,39.40365219116211,959568
2021-07-15,36.41279983520508,36.516937255859375,37.527286529541016,35.43442153930664,37.527286529541016,302766
2021-07-16,36.41279983520508,36.516937255859375,38.248966217041016,35.795257568359375,36.66127395629883,352650
2021-07-19,36.41279983520508,36.516937255859375,37.960296630859375,35.43442153930664,37.960296630859375,335329
2021-07-20,34.68571090698242,34.784908294677734,36.37260055541992,34.784908294677734,36.37260055541992,247340
2021-07-21,35.18944549560547,35.29008483886719,37.527286529541016,35.07358169555664,37.527286529541016,165586
2021-07-22,34.46982192993164,34.56840515136719,36.08393096923828,34.35190200805664,36.08393096923828,167664
2021-07-23,34.325897216796875,34.424068450927734,35.36225128173828,34.35190200805664,34.71274185180664,207155
2021-07-26,33.822166442871094,33.91889572143555,36.08393096923828,33.91889572143555,36.08393096923828,128173
2021-07-27,31.735265731811523,31.826026916503906,34.71274185180664,31.75385856628418,34.71274185180664,257039
2021-07-28,30.799758911132812,30.88784408569336,31.75385856628418,29.083648681640625,31.104347229003906,241104
2021-07-29,31.519380569458008,31.60952377319336,32.40336990356445,31.032180786132812,31.537355422973633,83832
2021-07-30,31.591341018676758,31.681690216064453,32.40336990356445,31.60952377319336,31.60952377319336,92839
2021-08-02,31.519380569458008,31.60952377319336,33.19721603393555,31.320852279663086,33.19721603393555,92146
2021-08-03,30.943683624267578,31.032180786132812,31.60952377319336,30.74350929260254,31.60952377319336,42262
2021-08-04,31.08760643005371,31.176515579223633,33.19721603393555,30.52700424194336,33.19721603393555,81753
2021-08-05,31.735265731811523,31.826026916503906,33.052879333496094,31.465187072753906,32.33120346069336,76904
2021-08-06,32.02311325073242,32.11469650268555,32.259033203125,31.60952377319336,32.259033203125,40184
2021-08-09,30.51190948486328,30.599172592163086,31.60952377319336,30.454837799072266,31.60952377319336,91453
2021-08-10,29.432479858398438,29.51665496826172,30.599172592163086,29.300151824951172,30.599172592163086,84525
2021-08-11,28.281085968017578,28.361968994140625,29.300151824951172,27.71245765686035,29.300151824951172,122630
2021-08-12,27.777353286743164,27.856794357299805,28.361968994140625,27.640291213989258,28.361968994140625,38798
2021-08-13,28.496973037719727,28.578472137451172,29.805326461791992,27.856794357299805,27.856794357299805,38105
2021-08-16,27.41754150390625,27.495954513549805,29.083648681640625,26.84644317626953,28.6506404876709,106002
2021-08-17,27.345579147338867,27.423786163330078,27.856794357299805,27.135116577148438,27.495954513549805,40876
2021-08-18,27.273618698120117,27.351619720458984,27.351619720458984,25.83609390258789,26.918611526489258,60968
2021-08-19,25.186717987060547,25.258750915527344,26.84644317626953,25.258750915527344,26.84644317626953,66511
2021-08-20,24.754947662353516,24.82574462890625,25.763925552368164,24.82574462890625,25.258750915527344,32562
2021-08-23,24.32317352294922,24.392736434936523,25.258750915527344,24.031896591186523,25.258750915527344,84525
2021-08-24,24.467098236083984,24.537073135375977,26.413436889648438,24.248401641845703,26.413436889648438,112931
2021-08-25,24.3951358795166,24.46490478515625,24.681407928466797,23.95973014831543,24.10406494140625,69975
2021-08-26,24.467098236083984,24.537073135375977,24.537073135375977,23.671058654785156,24.537073135375977,53347
2021-08-27,26.913808822631836,26.990779876708984,26.990779876708984,24.537073135375977,24.537073135375977,187063
2021-08-30,29.576404571533203,29.660991668701172,29.660991668701172,26.774276733398438,26.774276733398438,394219
2021-08-31,30.51190948486328,30.599172592163086,32.619873046875,30.454837799072266,32.619873046875,1269263
2021-09-01,30.51190948486328,30.599172592163086,32.619873046875,30.599172592163086,31.465187072753906,408076
2021-09-02,28.137161254882812,28.217632293701172,31.465187072753906,28.217632293701172,31.320852279663086,171128
2021-09-03,27.70539093017578,27.784626007080078,29.51665496826172,27.279451370239258,29.51665496826172,162122
2021-09-06,26.050262451171875,26.124765396118164,28.722808837890625,26.124765396118164,28.722808837890625,198149
2021-09-07,25.402605056762695,25.47525405883789,26.413436889648438,24.537073135375977,25.619590759277344,171821
2021-09-08,25.83437728881836,25.908262252807617,26.269100189208984,24.681407928466797,25.47525405883789,70668
2021-09-09,26.19418716430664,26.269100189208984,26.34126853942871,25.33091926574707,25.908262252807617,49190
2021-09-10,25.83437728881836,25.908262252807617,26.774276733398438,25.908262252807617,26.774276733398438,47805
2021-09-13,26.41007423400879,26.485605239868164,26.55777359008789,25.980430603027344,25.980430603027344,43648
2021-09-14,27.0577335357666,27.135116577148438,27.71245765686035,26.413436889648438,27.71245765686035,65125
2021-09-15,27.201656341552734,27.279451370239258,27.71245765686035,26.84644317626953,27.20728302001953,37412
2021-09-16,25.906339645385742,25.980430603027344,27.279451370239258,25.980430603027344,27.279451370239258,60968
2021-09-17,25.978302001953125,26.05259895324707,26.485605239868164,25.258750915527344,25.980430603027344,36719
2021-09-22,25.61849021911621,25.691757202148438,26.05259895324707,25.258750915527344,25.763925552368164,35334
2021-09-23,25.54652976989746,25.619590759277344,26.269100189208984,25.33091926574707,25.691757202148438,15242
2021-09-24,26.050262451171875,26.124765396118164,26.124765396118164,25.619590759277344,25.980430603027344,15242
2021-09-27,26.19418716430664,26.269100189208984,26.84644317626953,26.19693374633789,26.774276733398438,42262
2021-09-28,26.050262451171875,26.124765396118164,26.413436889648438,25.908262252807617,26.413436889648438,27020
2021-09-29,26.050262451171875,26.124765396118164,26.124765396118164,25.403087615966797,25.83609390258789,22863
2021-09-30,25.474567413330078,25.547422409057617,25.47525405883789,24.97007942199707,24.97007942199707,7621
2021-10-01,24.754947662353516,24.82574462890625,25.908262252807617,24.753576278686523,25.908262252807617,60276
2021-10-04,23.74747657775879,23.815393447875977,24.97007942199707,23.671058654785156,24.897911071777344,95610
2021-10-05,23.099817276000977,23.165882110595703,23.74322509765625,23.165882110595703,23.59889030456543,99074
2021-10-06,23.027856826782227,23.09371566772461,24.10406494140625,23.09371566772461,23.95973014831543,87296
2021-10-07,25.330642700195312,25.403087615966797,25.403087615966797,23.59889030456543,23.815393447875977,49190
2021-10-08,24.97083282470703,25.042247772216797,27.92896270751953,25.042247772216797,27.92896270751953,555648
2021-10-12,23.963363647460938,24.031896591186523,24.97007942199707,23.815393447875977,24.97007942199707,111545
2021-10-13,24.89887046813965,24.97007942199707,26.19693374633789,24.320568084716797,24.320568084716797,245261
2021-10-14,24.179250717163086,24.248401641845703,25.691757202148438,24.10406494140625,25.258750915527344,73439
2021-10-15,24.251211166381836,24.320568084716797,24.97007942199707,24.248401641845703,24.97007942199707,31870
2021-10-18,24.3951358795166,24.46490478515625,24.60923957824707,24.031896591186523,24.320568084716797,22863
2021-10-19,24.32317352294922,24.392736434936523,24.753576278686523,24.320568084716797,24.537073135375977,43648
2021-10-20,24.467098236083984,24.537073135375977,24.82574462890625,24.10406494140625,24.82574462890625,40876
2021-10-21,24.179250717163086,24.248401641845703,24.681407928466797,24.248401641845703,24.537073135375977,42955
2021-10-22,24.3951358795166,24.46490478515625,24.60923957824707,24.248401641845703,24.537073135375977,46419
2021-10-25,25.04279327392578,25.11441421508789,25.11441421508789,24.320568084716797,24.46490478515625,48498
2021-10-26,24.89887046813965,24.97007942199707,25.547422409057617,24.97007942199707,25.258750915527344,45033
2021-10-27,24.539058685302734,24.60923957824707,24.82574462890625,24.392736434936523,24.753576278686523,56119
2021-10-28,25.186717987060547,25.258750915527344,26.70210838317871,24.537073135375977,24.60923957824707,193992
2021-10-29,24.89887046813965,24.97007942199707,25.691757202148438,24.82574462890625,25.619590759277344,78289
2021-11-01,26.050262451171875,26.124765396118164,26.84644317626953,25.11441421508789,25.11441421508789,117088
2021-11-02,25.474567413330078,25.547422409057617,27.279451370239258,25.547422409057617,26.19693374633789,127480
2021-11-03,26.19418716430664,26.269100189208984,26.774276733398438,25.258750915527344,26.70210838317871,468352
2021-11-04,26.553998947143555,26.629941940307617,27.135116577148438,26.269100189208984,26.70210838317871,112931
2021-11-05,26.769882202148438,26.84644317626953,27.20728302001953,26.34126853942871,27.20728302001953,119166
2021-11-08,26.338111877441406,26.413436889648438,28.145465850830078,26.413436889648438,28.145465850830078,55426
2021-11-09,25.186717987060547,25.258750915527344,26.413436889648438,25.186582565307617,26.413436889648438,153808
2021-11-10,24.03532600402832,24.10406494140625,24.82574462890625,24.10406494140625,24.753576278686523,234176
2021-11-11,24.539058685302734,24.60923957824707,24.82574462890625,24.320568084716797,24.320568084716797,67897
2021-11-12,25.83437728881836,25.908262252807617,26.485605239868164,24.82574462890625,24.82574462890625,177364
2021-11-15,28.353050231933594,28.43413734436035,28.43413734436035,26.124765396118164,26.70210838317871,477359
2021-11-16,31.159568786621094,31.24868392944336,31.24868392944336,29.300151824951172,29.805326461791992,1115454
2021-11-17,34.253936767578125,34.35190200805664,34.35190200805664,31.465187072753906,32.547706604003906,1147325
2021-11-18,37.63615417480469,37.74378967285156,37.74378967285156,35.07358169555664,35.57875442504883,1367644
2021-11-19,34.68571090698242,34.784908294677734,41.063514709472656,33.99106216430664,38.970645904541016,1826297
2021-11-22,34.82963562011719,34.92924499511719,36.08393096923828,33.91889572143555,35.07358169555664,738555
2021-11-23,32.3829231262207,32.47553634643555,33.91889572143555,32.47553634643555,33.91889572143555,419854
2021-11-24,33.822166442871094,33.91889572143555,33.91889572143555,31.75385856628418,32.47553634643555,421240
2021-11-25,33.822166442871094,33.91889572143555,33.91889572143555,33.91889572143555,33.91889572143555,0
2021-11-26,33.822166442871094,33.91889572143555,33.91889572143555,33.91889572143555,33.91889572143555,0
2021-11-29,33.822166442871094,33.91889572143555,33.91889572143555,33.91889572143555,33.91889572143555,0
2021-11-30,33.822166442871094,33.91889572143555,33.91889572143555,33.91889572143555,33.91889572143555,0
2021-12-01,33.822166442871094,33.91889572143555,33.91889572143555,33.91889572143555,33.91889572143555,0
2021-12-02,33.822166442871094,33.91889572143555,33.91889572143555,33.91889572143555,33.91889572143555,0
2021-12-03,33.822166442871094,33.91889572143555,33.91889572143555,33.91889572143555,33.91889572143555,0
2021-12-06,31.881940841674805,31.973121643066406,34.17816162109375,30.8705997467041,33.682029724121094,409969
2021-12-07,31.881940841674805,31.973121643066406,32.52437973022461,31.421859741210938,31.421859741210938,247614
2021-12-08,31.552127838134766,31.642364501953125,32.6346321105957,31.476985931396484,32.6346321105957,143307
2021-12-09,34.68535232543945,34.784549713134766,34.784549713134766,31.642364501953125,31.642364501953125,431737
2021-12-10,34.74032211303711,34.83967590332031,37.09984588623047,34.72942352294922,36.38320541381836,336501
2021-12-13,34.245601654052734,34.34354019165039,34.72942352294922,33.07564163208008,33.07564163208008,175053
2021-12-14,32.211753845214844,32.30387878417969,33.682029724121094,31.973121643066406,33.35127258300781,220403
2021-12-15,32.32168960571289,32.414127349853516,34.1230354309082,32.0833740234375,32.0833740234375,104306
2021-12-16,32.70647048950195,32.800010681152344,33.62690353393555,32.02824783325195,32.7448844909668,132423
2021-12-17,32.15678787231445,32.24875259399414,32.800010681152344,31.53211212158203,32.800010681152344,122446
2021-12-20,31.05740737915039,31.146228790283203,31.973121643066406,31.146228790283203,31.587238311767578,75281
2021-12-21,31.112377166748047,31.201356887817383,31.256481170654297,30.374465942382812,31.201356887817383,103399
2021-12-22,30.452749252319336,30.53984260559082,31.973121643066406,30.53984260559082,31.973121643066406,79817
2021-12-23,29.848093032836914,29.933456420898438,30.319337844848633,29.54757308959961,30.319337844848633,211333
2021-12-24,30.012998580932617,30.098833084106445,31.421859741210938,29.988582611083984,31.421859741210938,127888
2021-12-27,30.672624588012695,30.760347366333008,31.86286735534668,30.594968795776367,31.86286735534668,203170
2021-12-28,30.507719039916992,30.594968795776367,31.311607360839844,30.53984260559082,30.760347366333008,89794
2021-12-29,30.617656707763672,30.70522117614746,30.92572593688965,30.594968795776367,30.8705997467041,78003
2021-12-30,30.782564163208008,30.8705997467041,31.201356887817383,30.53984260559082,30.8705997467041,123353
2022-01-03,31.112377166748047,31.201356887817383,31.75261688232422,30.980850219726562,31.75261688232422,143307
2022-01-04,30.397781372070312,30.484716415405273,31.75261688232422,30.429590225219727,31.75261688232422,81631
2022-01-05,30.232873916625977,30.319337844848633,31.091102600097656,30.098833084106445,30.650094985961914,48071
2022-01-06,29.738155364990234,29.823204040527344,30.098833084106445,29.768077850341797,30.098833084106445,36280
2022-01-07,29.188465118408203,29.271942138671875,30.04370880126953,29.106565475463867,29.933456420898438,54420
2022-01-10,32.1018180847168,32.193626403808594,32.193626403808594,30.53984260559082,31.421859741210938,245800
2022-01-11,30.232873916625977,30.319337844848633,34.72942352294922,29.54757308959961,34.17816162109375,661211
2022-01-12,29.683185577392578,29.768077850341797,31.36673355102539,29.768077850341797,30.8705997467041,122446
2022-01-13,29.35337257385254,29.437320709228516,29.87833023071289,29.21681785583496,29.823204040527344,83445
2022-01-14,32.266719818115234,32.35900115966797,32.35900115966797,30.650094985961914,31.146228790283203,1414938
2022-01-17,35.454917907714844,35.55631637573242,35.55631637573242,34.83967590332031,35.55631637573242,955083
2022-01-18,33.09125518798828,33.18589401245117,38.58824920654297,33.18589401245117,38.58824920654297,3420341
2022-01-19,31.93691062927246,32.02824783325195,33.02051544189453,31.973121643066406,33.02051544189453,629466
2022-01-20,35.12510299682617,35.22555923461914,35.22555923461914,31.587238311767578,32.85513687133789,804519
2022-01-21,33.805850982666016,33.90253448486328,37.26522445678711,33.296146392822266,35.11530685424805,1599968
2022-01-24,33.805850982666016,33.90253448486328,37.09984588623047,31.476985931396484,34.17816162109375,1404054
2022-01-25,34.300567626953125,34.39866638183594,36.93446731567383,33.24102020263672,33.90253448486328,2362765
2022-01-26,34.7952880859375,34.89480209350586,36.87934112548828,34.453792572021484,34.949928283691406,2092476
2022-02-07,37.15895080566406,37.26522445678711,38.0369873046875,35.55631637573242,35.55631637573242,1531943
2022-02-08,36.719200134277344,36.824214935302734,39.08438491821289,36.438331604003906,38.312618255615234,1443962
2022-02-09,35.784732818603516,35.8870735168457,38.25749206542969,35.8870735168457,38.147239685058594,809054
2022-02-10,35.454917907714844,35.55631637573242,37.4857292175293,35.55631637573242,36.38320541381836,883429
2022-02-11,34.74032211303711,34.83967590332031,35.61144256591797,34.2332878112793,35.170433044433594,371874
2022-02-14,34.6303825378418,34.72942352294922,36.21782684326172,34.39866638183594,34.39866638183594,416318
2022-02-15,34.080692291259766,34.17816162109375,35.831947326660156,34.17816162109375,35.831947326660156,240358
2022-02-16,34.300567626953125,34.39866638183594,35.28068542480469,34.067909240722656,35.170433044433594,208612
2022-02-17,33.31113052368164,33.40639877319336,35.00505447387695,33.07564163208008,35.00505447387695,233102
2022-02-18,33.42107009887695,33.51665115356445,33.51665115356445,32.579505920410156,33.40639877319336,263940
2022-02-21,33.531005859375,33.62690353393555,34.619171142578125,33.18589401245117,34.17816162109375,187751
2022-02-22,32.43162536621094,32.52437973022461,33.51665115356445,32.30387878417969,33.51665115356445,182309
2022-02-23,32.37665939331055,32.46925354003906,33.40639877319336,32.30387878417969,33.18589401245117,182309
2022-02-24,31.717031478881836,31.807741165161133,33.461524963378906,31.53211212158203,32.579505920410156,341943
2022-02-25,31.332250595092773,31.421859741210938,32.414127349853516,31.421859741210938,32.35900115966797,190472
2022-03-01,32.32168960571289,32.414127349853516,32.414127349853516,31.53211212158203,31.53211212158203,74374
2022-03-02,31.662065505981445,31.75261688232422,32.0833740234375,31.421859741210938,31.421859741210938,96143
2022-03-03,31.662065505981445,31.75261688232422,32.52437973022461,31.53211212158203,32.52437973022461,111562
2022-03-04,31.38722038269043,31.476985931396484,31.75261688232422,31.476985931396484,31.75261688232422,57141
2022-03-07,29.188465118408203,29.271942138671875,32.193626403808594,29.161691665649414,31.421859741210938,214054
2022-03-08,27.70430564880371,27.783538818359375,29.437320709228516,27.507909774780273,28.665555953979492,138772
2022-03-09,28.089088439941406,28.169422149658203,28.665555953979492,27.01177406311035,27.948917388916016,130609
2022-03-10,28.144058227539062,28.22454833984375,28.996313095092773,28.169422149658203,28.88606071472168,91608
2022-03-11,27.48443031311035,27.563034057617188,28.88606071472168,27.563034057617188,28.830934524536133,96143
2022-03-14,27.59436798095703,27.67328643798828,28.665555953979492,27.563034057617188,28.665555953979492,45350
2022-03-15,26.54996109008789,26.625892639160156,27.67328643798828,26.625892639160156,27.67328643798828,82538
2022-03-16,26.494993209838867,26.57076644897461,27.0669002532959,26.460512161254883,26.901521682739258,65304
2022-03-17,26.824804306030273,26.901521682739258,28.004043579101562,26.901521682739258,28.004043579101562,62583
2022-03-18,28.199026107788086,28.279674530029297,28.775808334350586,26.681018829345703,26.681018829345703,98864
2022-03-21,28.91362190246582,28.996313095092773,30.319337844848633,28.38992691040039,29.161691665649414,186844
2022-03-22,28.47386932373047,28.5553035736084,29.768077850341797,28.50017738342285,29.768077850341797,53513
2022-03-23,28.528839111328125,28.610429763793945,29.271942138671875,28.5553035736084,29.271942138671875,22675
2022-03-24,28.748714447021484,28.830934524536133,29.21681785583496,28.279674530029297,29.21681785583496,39001
2022-03-25,28.3089656829834,28.38992691040039,29.38219451904297,28.38992691040039,29.38219451904297,57141
2022-03-28,27.539400100708008,27.618160247802734,28.169422149658203,27.618160247802734,28.169422149658203,43536
2022-03-29,27.48443031311035,27.563034057617188,28.004043579101562,27.342531204223633,27.728412628173828,52606
2022-03-30,27.59436798095703,27.67328643798828,28.38992691040039,27.563034057617188,27.728412628173828,41722
2022-03-31,26.824804306030273,26.901521682739258,27.783538818359375,26.84639549255371,27.783538818359375,65304
2022-04-01,27.09964942932129,27.177152633666992,27.452783584594727,26.736143112182617,27.01177406311035,65304
2022-04-06,27.09964942932129,27.177152633666992,27.177152633666992,26.901521682739258,27.177152633666992,37187
2022-04-07,26.87977409362793,26.956647872924805,27.122026443481445,26.901521682739258,26.901521682739258,44443
2022-04-08,27.48443031311035,27.563034057617188,27.563034057617188,27.01177406311035,27.23227882385254,29931
2022-04-11,26.055240631103516,26.129756927490234,27.563034057617188,25.909252166748047,27.563034057617188,87073
2022-04-12,25.670459747314453,25.74387550354004,26.129756927490234,25.35799217224121,26.129756927490234,85259
2022-04-13,25.010831832885742,25.082361221313477,25.52337074279785,25.082361221313477,25.413118362426758,86166
2022-04-14,24.62605094909668,24.69647979736328,25.468244552612305,24.255470275878906,25.468244552612305,60769
2022-04-15,24.845924377441406,24.916982650756836,25.35799217224121,24.420848846435547,25.35799217224121,46257
2022-04-18,24.845924377441406,24.916982650756836,25.302865982055664,24.86185646057129,25.302865982055664,16326
2022-04-19,24.790956497192383,24.86185646057129,25.302865982055664,24.586227416992188,24.586227416992188,11791
2022-04-20,24.241268157958984,24.310596466064453,25.19261360168457,24.255470275878906,25.19261360168457,74374
2022-04-21,24.40617561340332,24.475975036621094,24.86185646057129,24.310596466064453,24.86185646057129,41722
2022-04-22,24.900896072387695,24.972110748291016,24.972110748291016,24.255470275878906,24.255470275878906,47164
2022-04-25,24.241268157958984,24.310596466064453,25.027236938476562,24.03496551513672,24.972110748291016,36280
2022-04-26,24.241268157958984,24.310596466064453,24.475975036621094,23.483705520629883,24.310596466064453,83445
2022-04-27,22.427295684814453,22.491436004638672,23.04269790649414,21.88504981994629,22.601688385009766,175960
2022-04-28,22.317358016967773,22.381183624267578,23.097822189331055,22.160680770874023,23.097822189331055,51699
2022-04-29,21.987545013427734,22.05042839050293,23.1529483795166,22.05042839050293,22.436309814453125,68932
2022-05-03,21.877607345581055,21.940176010131836,22.601688385009766,21.940176010131836,22.601688385009766,28117
2022-05-04,21.767669677734375,21.829923629760742,22.32605743408203,21.609418869018555,21.609418869018555,56234
2022-05-05,22.152450561523438,22.215805053710938,22.54656219482422,21.829923629760742,22.54656219482422,33559
2022-05-06,21.49282455444336,21.554292678833008,21.995302200317383,21.49916648864746,21.829923629760742,22675
2022-05-09,22.152450561523438,22.215805053710938,22.436309814453125,21.554292678833008,21.554292678833008,23582
2022-05-10,24.351205825805664,24.420848846435547,24.420848846435547,21.609418869018555,21.609418869018555,284801
2022-05-11,26.769834518432617,26.84639549255371,26.84639549255371,26.240009307861328,26.84639549255371,899755
2022-05-12,24.131330490112305,24.20034408569336,28.88606071472168,24.20034408569336,28.334800720214844,1811302
2022-05-13,24.461143493652344,24.53110122680664,25.52337074279785,23.428579330444336,24.751604080200195,397271
2022-05-16,22.647171020507812,22.71194076538086,24.806730270385742,22.656814575195312,24.751604080200195,293871
2022-05-17,22.482263565063477,22.54656219482422,23.37345314025879,22.160680770874023,23.37345314025879,133330
2022-05-18,22.757108688354492,22.822193145751953,23.428579330444336,22.767066955566406,23.428579330444336,72560
2022-05-19,22.59220314025879,22.656814575195312,22.822193145751953,21.71967124938965,22.491436004638672,61676
2022-05-20,22.04251480102539,22.105554580688477,23.263200759887695,22.105554580688477,23.263200759887695,97957
2022-05-23,22.922016143798828,22.987571716308594,23.483705520629883,22.160680770874023,22.436309814453125,112469
2022-05-24,22.70214080810547,22.767066955566406,23.483705520629883,22.491436004638672,23.428579330444336,85259
2022-05-25,22.81207847595215,22.8773193359375,23.483705520629883,22.767066955566406,23.483705520629883,39908
2022-05-26,22.372325897216797,22.436309814453125,23.649084091186523,22.381183624267578,23.649084091186523,35373
2022-05-27,22.59220314025879,22.656814575195312,23.04269790649414,22.54656219482422,22.601688385009766,36280
2022-05-30,22.976985931396484,23.04269790649414,23.318326950073242,23.04269790649414,23.097822189331055,94329
2022-05-31,23.08692169189453,23.1529483795166,23.1529483795166,22.932445526123047,23.04269790649414,48071
2022-06-01,23.52667236328125,23.593957901000977,23.593957901000977,23.04269790649414,23.1529483795166,36280
2022-06-02,23.471704483032227,23.53883171081543,23.649084091186523,23.04269790649414,23.593957901000977,103399
2022-06-06,22.922016143798828,22.987571716308594,23.53883171081543,22.8773193359375,23.53883171081543,86166
2022-06-07,23.581642150878906,23.649084091186523,24.806730270385742,22.8773193359375,22.932445526123047,263033
2022-06-08,23.41673469543457,23.483705520629883,24.145219802856445,23.37345314025879,24.145219802856445,68932
2022-06-09,23.41673469543457,23.483705520629883,23.593957901000977,23.1529483795166,23.483705520629883,29931
2022-06-10,22.922016143798828,22.987571716308594,23.318326950073242,22.8773193359375,23.263200759887695,40815
2022-06-13,22.317358016967773,22.381183624267578,22.822193145751953,21.940176010131836,22.822193145751953,88887
2022-06-14,22.20741844177246,22.270931243896484,22.54656219482422,21.829923629760742,22.381183624267578,63490
2022-06-15,22.537233352661133,22.601688385009766,22.71194076538086,22.05042839050293,22.71194076538086,15419
2022-06-16,21.657732009887695,21.71967124938965,23.1529483795166,21.609418869018555,22.822193145751953,83445
2022-06-17,22.097482681274414,22.160680770874023,22.160680770874023,21.113285064697266,21.71967124938965,55327
2022-06-20,21.217981338500977,21.278663635253906,22.270931243896484,21.278663635253906,22.270931243896484,35373
2022-06-21,21.987545013427734,22.05042839050293,22.05042839050293,21.05815887451172,21.05815887451172,35373
2022-06-22,21.877607345581055,21.940176010131836,22.05042839050293,21.113285064697266,22.05042839050293,27210
2022-06-23,21.108043670654297,21.168411254882812,21.88504981994629,21.113285064697266,21.88504981994629,78003
2022-06-24,20.998106002807617,21.05815887451172,21.554292678833008,21.003032684326172,21.49916648864746,31745
2022-06-27,20.998106002807617,21.05815887451172,21.829923629760742,21.05815887451172,21.05815887451172,46257
2022-06-28,20.613323211669922,20.67227554321289,21.278663635253906,20.451772689819336,20.451772689819336,54420
2022-06-29,21.05307388305664,21.113285064697266,21.113285064697266,20.562023162841797,20.947906494140625,30838
2022-06-30,20.558353424072266,20.617149353027344,21.113285064697266,20.562023162841797,21.113285064697266,34466
2022-07-01,20.558353424072266,20.617149353027344,21.003032684326172,20.23126792907715,21.003032684326172,59862
2022-07-04,20.7232608795166,20.782527923583984,20.947906494140625,20.341520309448242,20.947906494140625,22675
2022-07-05,21.272951126098633,21.333789825439453,21.829923629760742,19.955636978149414,20.782527923583984,44443
2022-07-06,20.33847999572754,20.39664649963379,21.333789825439453,20.39664649963379,21.333789825439453,129702
2022-07-07,19.623884201049805,19.680007934570312,20.506898880004883,19.34925079345703,20.506898880004883,157820
2022-07-08,19.23910140991211,19.294124603271484,19.955636978149414,19.294124603271484,19.955636978149414,46257
2022-07-11,18.90928840637207,18.963367462158203,19.404375076293945,18.963367462158203,19.404375076293945,21768
2022-07-12,17.535066604614258,17.585216522216797,18.35698127746582,17.474964141845703,18.301855087280273,76188
2022-07-13,18.5794734954834,18.632610321044922,18.632610321044922,17.750593185424805,17.750593185424805,19047
2022-07-14,18.139724731445312,18.19160270690918,18.246728897094727,17.640342712402344,17.640342712402344,14512
2022-07-15,17.69997215270996,17.750593185424805,18.52235984802246,17.750593185424805,18.412107467651367,52606
2022-07-18,17.86488151550293,17.915973663330078,18.412107467651367,17.80571937561035,18.412107467651367,12698
2022-07-19,18.194692611694336,18.246728897094727,18.412107467651367,18.02622413635254,18.02622413635254,43536
2022-07-20,20.008665084838867,20.065889358520508,20.065889358520508,18.136476516723633,18.19160270690918,390015
2022-07-21,21.987545013427734,22.05042839050293,22.05042839050293,21.278663635253906,21.940176010131836,206798
2022-07-22,21.217981338500977,21.278663635253906,22.05042839050293,20.617149353027344,20.617149353027344,394550
2022-07-25,20.7232608795166,20.782527923583984,21.49916648864746,20.67227554321289,21.49916648864746,91608
2022-07-26,20.7232608795166,20.782527923583984,22.05042839050293,20.782527923583984,22.05042839050293,72560
2022-07-27,20.668291091918945,20.727401733398438,20.727401733398438,20.39664649963379,20.506898880004883,29931
2022-07-28,20.558353424072266,20.617149353027344,21.05815887451172,20.617149353027344,21.05815887451172,14512
2022-07-29,21.16301155090332,21.22353744506836,21.71967124938965,20.617149353027344,20.617149353027344,223124
2022-08-01,20.668291091918945,20.727401733398438,21.278663635253906,20.727401733398438,21.22353744506836,60769
2022-08-02,22.70214080810547,22.767066955566406,22.767066955566406,20.506898880004883,20.727401733398438,594999
2022-08-03,20.94313621520996,21.003032684326172,24.145219802856445,21.003032684326172,23.37345314025879,614047
2022-08-04,23.031951904296875,23.097822189331055,23.097822189331055,21.49916648864746,22.8773193359375,459855
2022-08-05,25.285676956176758,25.35799217224121,25.35799217224121,24.255470275878906,24.586227416992188,747377
2022-08-08,25.34064483642578,25.413118362426758,27.89379119873047,25.413118362426758,26.18488311767578,3759564
2022-08-09,25.56052017211914,25.633621215820312,26.791269302368164,24.03496551513672,24.916982650756836,838985
2022-08-10,23.911453247070312,23.979839324951172,25.909252166748047,23.649084091186523,25.5784969329834,899755
2022-08-11,26.275115966796875,26.350261688232422,26.350261688232422,24.255470275878906,24.310596466064453,876173
2022-08-12,25.2307071685791,25.302865982055664,28.169422149658203,25.302865982055664,27.618160247802734,2719221
2022-08-15,25.175739288330078,25.247739791870117,26.074630737304688,24.972110748291016,25.799001693725586,462576
2022-08-16,25.120769500732422,25.19261360168457,26.625892639160156,24.86185646057129,25.247739791870117,378223
2022-08-17,24.40617561340332,24.475975036621094,25.52337074279785,24.20034408569336,25.247739791870117,351013
2022-08-18,25.120769500732422,25.19261360168457,25.247739791870117,24.53110122680664,24.53110122680664,190472
2022-08-19,25.175739288330078,25.247739791870117,26.460512161254883,25.137487411499023,25.74387550354004,365525
2022-08-22,25.120769500732422,25.19261360168457,25.52337074279785,24.53110122680664,25.247739791870117,68025
2022-08-23,24.62605094909668,24.69647979736328,25.082361221313477,24.475975036621094,24.806730270385742,59862
2022-08-24,24.95586395263672,25.027236938476562,25.35799217224121,24.69647979736328,25.35799217224121,100678
2022-08-25,24.845924377441406,24.916982650756836,25.964378356933594,24.916982650756836,25.909252166748047,146935
2022-08-26,25.89033317565918,25.964378356933594,27.39765739440918,25.35799217224121,25.468244552612305,1209953
2022-08-29,26.659896850585938,26.736143112182617,26.956647872924805,24.475975036621094,25.302865982055664,357362
2022-08-30,26.22014808654785,26.295135498046875,28.004043579101562,26.240009307861328,27.122026443481445,286615
2022-08-31,26.00027084350586,26.074630737304688,27.0669002532959,26.074630737304688,26.625892639160156,110655
2022-09-01,25.835365295410156,25.909252166748047,26.57076644897461,25.909252166748047,26.460512161254883,114283
2022-09-02,25.835365295410156,25.909252166748047,26.460512161254883,25.413118362426758,26.460512161254883,78910
2022-09-05,24.461143493652344,24.53110122680664,25.5784969329834,24.53110122680664,25.5784969329834,98864
2022-09-06,22.757108688354492,22.822193145751953,24.586227416992188,22.822193145751953,24.586227416992188,126981
2022-09-07,22.81207847595215,22.8773193359375,24.090091705322266,21.49916648864746,22.215805053710938,92515
2022-09-08,23.141889572143555,23.20807456970215,23.759336471557617,23.04269790649414,23.759336471557617,47164
2022-09-12,23.911453247070312,23.979839324951172,25.35799217224121,23.37345314025879,25.35799217224121,78003
2022-09-13,23.52667236328125,23.593957901000977,24.145219802856445,23.318326950073242,24.145219802856445,26303
2022-09-14,24.571081161499023,24.641353607177734,25.35799217224121,23.593957901000977,23.593957901000977,279359
2022-09-15,24.62605094909668,24.69647979736328,25.5784969329834,24.641353607177734,25.5784969329834,74374
2022-09-16,23.746549606323242,23.814462661743164,24.586227416992188,23.814462661743164,24.586227416992188,19047
2022-09-19,23.141889572143555,23.20807456970215,24.475975036621094,23.1529483795166,23.979839324951172,29931
2022-09-20,23.251827239990234,23.318326950073242,23.53883171081543,23.263200759887695,23.53883171081543,19047
2022-09-21,23.251827239990234,23.318326950073242,24.090091705322266,22.71194076538086,23.649084091186523,62583
2022-09-22,22.976985931396484,23.04269790649414,23.1529483795166,22.987571716308594,23.04269790649414,33559
2022-09-23,22.647171020507812,22.71194076538086,23.1529483795166,22.71194076538086,23.1529483795166,42629
2022-09-26,20.613323211669922,20.67227554321289,22.381183624267578,20.506898880004883,22.160680770874023,186844
2022-09-27,20.7232608795166,20.782527923583984,21.278663635253906,20.01076316833496,21.278663635253906,71653
2022-09-28,18.744382858276367,18.797990798950195,20.451772689819336,18.74286460876465,20.451772689819336,108841
2022-09-29,19.349037170410156,19.404375076293945,19.790258407592773,19.238998413085938,19.238998413085938,81631
2022-09-30,19.56891632080078,19.624881744384766,19.790258407592773,17.750593185424805,17.750593185424805,41722
2022-10-03,19.788789749145508,19.84538459777832,20.341520309448242,18.963367462158203,18.963367462158203,53513
2022-10-04,20.063634872436523,20.121015548706055,20.617149353027344,19.84538459777832,20.617149353027344,16326
2022-10-05,21.60276222229004,21.6645450592041,21.6645450592041,20.451772689819336,20.562023162841797,89794
2022-10-06,20.11860466003418,20.1761417388916,21.168411254882812,20.1761417388916,21.168411254882812,18140
2022-10-07,19.513946533203125,19.56975555419922,19.84538459777832,19.294124603271484,19.84538459777832,58955
2022-10-11,19.23910140991211,19.294124603271484,19.073619842529297,18.577484130859375,18.74286460876465,58955
2022-10-12,18.744382858276367,18.797990798950195,18.963367462158203,18.246728897094727,18.797990798950195,61676
2022-10-13,18.46953773498535,18.52235984802246,18.74286460876465,18.19160270690918,18.74286460876465,82538
2022-10-14,18.5794734954834,18.632610321044922,18.74286460876465,18.412107467651367,18.74286460876465,21768
2022-10-17,18.854318618774414,18.908241271972656,18.908241271972656,17.8608455657959,18.577484130859375,22675
2022-10-18,18.79935073852539,18.85311508178711,18.908241271972656,18.85311508178711,18.908241271972656,16326
2022-10-19,18.68941307067871,18.74286460876465,18.85311508178711,18.74286460876465,18.85311508178711,2721
2022-10-20,18.744382858276367,18.797990798950195,18.74286460876465,18.52235984802246,18.74286460876465,19954
2022-10-21,18.359600067138672,18.412107467651367,18.412107467651367,17.915973663330078,17.915973663330078,29931
2022-10-24,18.414569854736328,18.467233657836914,18.52235984802246,18.35698127746582,18.52235984802246,8163
2022-10-25,18.249662399291992,18.301855087280273,18.467233657836914,17.8608455657959,18.467233657836914,18140
2022-10-26,18.359600067138672,18.412107467651367,18.412107467651367,17.971099853515625,18.246728897094727,13605
2022-10-27,18.79935073852539,18.85311508178711,19.404375076293945,18.74286460876465,18.74286460876465,14512
2022-10-28,18.359600067138672,18.412107467651367,18.467233657836914,18.412107467651367,18.412107467651367,3628
2022-10-31,18.359600067138672,18.412107467651367,18.412107467651367,18.301855087280273,18.412107467651367,8163
2022-11-01,18.46953773498535,18.52235984802246,18.632610321044922,18.35698127746582,18.577484130859375,9977
2022-11-02,18.90928840637207,18.963367462158203,18.963367462158203,18.35698127746582,18.35698127746582,22675
2022-11-03,19.73381996154785,19.790258407592773,20.1761417388916,18.577484130859375,18.577484130859375,32652
2022-11-04,19.349037170410156,19.404375076293945,19.680007934570312,18.85311508178711,19.624881744384766,46257
2022-11-07,19.513946533203125,19.56975555419922,19.56975555419922,19.18387222290039,19.56975555419922,35373
2022-11-08,19.23910140991211,19.294124603271484,19.56975555419922,18.797990798950195,18.797990798950195,29931
2022-11-09,19.349037170410156,19.404375076293945,19.790258407592773,19.128746032714844,19.128746032714844,29024
2022-11-10,18.634443283081055,18.68773651123047,19.294124603271484,18.632610321044922,19.294124603271484,84352
2022-11-11,19.184133529663086,19.238998413085938,20.506898880004883,18.68773651123047,18.963367462158203,210426
2022-11-14,19.12916374206543,19.18387222290039,19.56975555419922,19.01849365234375,19.01849365234375,62583
2022-11-15,18.79935073852539,18.85311508178711,19.18387222290039,18.74286460876465,19.18387222290039,70746
2022-11-16,18.90928840637207,18.963367462158203,20.121015548706055,18.963367462158203,20.121015548706055,103399
2022-11-17,18.90928840637207,18.963367462158203,19.34925079345703,18.908241271972656,19.294124603271484,21768
2022-11-18,18.90928840637207,18.963367462158203,19.294124603271484,18.963367462158203,19.238998413085938,31745
2022-11-21,19.074195861816406,19.128746032714844,19.294124603271484,19.073619842529297,19.073619842529297,29931
2022-11-22,19.12916374206543,19.18387222290039,19.18387222290039,19.073619842529297,19.128746032714844,33559
2022-11-23,19.01922607421875,19.073619842529297,19.128746032714844,18.908241271972656,19.128746032714844,18140
2022-11-24,19.12916374206543,19.18387222290039,19.18387222290039,18.963367462158203,19.073619842529297,7256
2022-11-25,19.074195861816406,19.128746032714844,19.18387222290039,18.74286460876465,18.74286460876465,16326
2022-11-28,18.964256286621094,19.01849365234375,19.56975555419922,19.01849365234375,19.56975555419922,21768
2022-11-29,18.964256286621094,19.01849365234375,19.01849365234375,18.85311508178711,19.01849365234375,9977
2022-11-30,18.964256286621094,19.01849365234375,19.514629364013672,18.74286460876465,19.514629364013672,68932
2022-12-01,19.184133529663086,19.238998413085938,19.624881744384766,19.128746032714844,19.624881744384766,45350
2022-12-02,19.294071197509766,19.34925079345703,19.514629364013672,19.294124603271484,19.294124603271484,14512
2022-12-05,19.294071197509766,19.34925079345703,19.84538459777832,19.18387222290039,19.84538459777832,42629
2022-12-06,19.23910140991211,19.294124603271484,19.680007934570312,19.294124603271484,19.459501266479492,41722
2022-12-07,18.744382858276367,18.797990798950195,19.238998413085938,18.68773651123047,19.238998413085938,34466
2022-12-08,19.074195861816406,19.128746032714844,19.34925079345703,18.908241271972656,19.34925079345703,7256
2022-12-09,18.964256286621094,19.01849365234375,19.073619842529297,18.797990798950195,19.073619842529297,19047
2022-12-12,18.854318618774414,18.908241271972656,19.128746032714844,18.74286460876465,18.908241271972656,25396
2022-12-13,18.634443283081055,18.68773651123047,19.073619842529297,18.632610321044922,18.908241271972656,63490
2022-12-14,20.22854232788086,20.286394119262695,20.506898880004883,18.85311508178711,19.073619842529297,326524
2022-12-15,19.898727416992188,19.955636978149414,21.88504981994629,19.955636978149414,20.39664649963379,302941
2022-12-16,19.898727416992188,19.955636978149414,19.900510787963867,19.238998413085938,19.900510787963867,82538
2022-12-19,20.063634872436523,20.121015548706055,20.506898880004883,19.404375076293945,19.459501266479492,68932
2022-12-20,19.184133529663086,19.238998413085938,20.121015548706055,18.74286460876465,20.121015548706055,47164
2022-12-21,19.404006958007812,19.459501266479492,19.459501266479492,18.908241271972656,19.459501266479492,18140
2022-12-22,19.074195861816406,19.128746032714844,19.128746032714844,19.073619842529297,19.073619842529297,14512
2022-12-23,18.964256286621094,19.01849365234375,19.128746032714844,18.908241271972656,19.128746032714844,23582
2022-12-26,18.854318618774414,18.908241271972656,18.963367462158203,18.74286460876465,18.74286460876465,30838
2022-12-27,18.744382858276367,18.797990798950195,19.073619842529297,18.797990798950195,19.073619842529297,42629
2022-12-28,18.304630279541016,18.35698127746582,18.797990798950195,18.35698127746582,18.797990798950195,54420
2022-12-29,18.414569854736328,18.467233657836914,18.467233657836914,17.915973663330078,18.301855087280273,36280
2022-12-30,18.90928840637207,18.963367462158203,18.52235984802246,18.467233657836914,18.467233657836914,5442
2023-01-03,19.01922607421875,19.073619842529297,19.128746032714844,18.577484130859375,19.128746032714844,9070
2023-01-04,18.854318618774414,18.908241271972656,19.01849365234375,18.85311508178711,19.01849365234375,4535
2023-01-05,18.90928840637207,18.963367462158203,19.01849365234375,18.85311508178711,19.01849365234375,33559
2023-01-06,18.90928840637207,18.963367462158203,18.74286460876465,18.68773651123047,18.74286460876465,6349
2023-01-09,18.79935073852539,18.85311508178711,18.908241271972656,18.68773651123047,18.68773651123047,26303
2023-01-10,18.79935073852539,18.85311508178711,18.908241271972656,18.85311508178711,18.85311508178711,19954
2023-01-11,18.634443283081055,18.68773651123047,18.963367462158203,18.412107467651367,18.963367462158203,29024
2023-01-12,18.359600067138672,18.412107467651367,19.01849365234375,18.301855087280273,18.301855087280273,59862
2023-01-13,19.294071197509766,19.34925079345703,20.121015548706055,18.412107467651367,18.412107467651367,149656
2023-01-16,19.294071197509766,19.34925079345703,19.84538459777832,19.34925079345703,19.459501266479492,56234
2023-01-17,18.90928840637207,18.963367462158203,18.963367462158203,18.68773651123047,18.68773651123047,29931
2023-01-30,18.90928840637207,18.963367462158203,19.18387222290039,18.797990798950195,18.963367462158203,27210
2023-01-31,18.90928840637207,18.963367462158203,18.963367462158203,18.963367462158203,18.963367462158203,17233
2023-02-01,18.964256286621094,19.01849365234375,19.404375076293945,18.963367462158203,19.294124603271484,38094
2023-02-02,19.23910140991211,19.294124603271484,19.34925079345703,19.128746032714844,19.128746032714844,31745
2023-02-03,19.73381996154785,19.790258407592773,20.617149353027344,19.128746032714844,19.294124603271484,137865
2023-02-06,19.513946533203125,19.56975555419922,20.39664649963379,19.514629364013672,19.790258407592773,60769
2023-02-07,19.23910140991211,19.294124603271484,19.624881744384766,18.963367462158203,19.624881744384766,46257
2023-02-08,19.184133529663086,19.238998413085938,19.735132217407227,18.963367462158203,19.735132217407227,66211
2023-02-09,19.01922607421875,19.073619842529297,19.238998413085938,18.963367462158203,18.963367462158203,14512
2023-02-10,18.964256286621094,19.01849365234375,19.955636978149414,19.01849365234375,19.955636978149414,63490
2023-02-13,19.678852081298828,19.735132217407227,19.735132217407227,19.294124603271484,19.34925079345703,58955
2023-02-14,19.788789749145508,19.84538459777832,20.892780303955078,19.735132217407227,20.892780303955078,62583
2023-02-15,20.11860466003418,20.1761417388916,20.1761417388916,19.294124603271484,19.955636978149414,60769
2023-02-16,20.11860466003418,20.1761417388916,20.065889358520508,19.624881744384766,19.680007934570312,21768
2023-02-17,20.063634872436523,20.121015548706055,20.121015548706055,19.84538459777832,20.121015548706055,27210
2023-02-20,19.788789749145508,19.84538459777832,19.84538459777832,19.459501266479492,19.459501266479492,28117
2023-02-21,19.56891632080078,19.624881744384766,19.624881744384766,19.34925079345703,19.34925079345703,33559
2023-02-22,19.56891632080078,19.624881744384766,19.459501266479492,19.18387222290039,19.18387222290039,4535
2023-02-23,19.788789749145508,19.84538459777832,19.84538459777832,19.514629364013672,19.514629364013672,36280
2023-02-24,19.788789749145508,19.84538459777832,20.1761417388916,19.735132217407227,19.84538459777832,20861
2023-03-01,19.678852081298828,19.735132217407227,19.735132217407227,19.624881744384766,19.624881744384766,18140
2023-03-02,19.788789749145508,19.84538459777832,20.065889358520508,19.514629364013672,20.065889358520508,24489
2023-03-03,19.56891632080078,19.624881744384766,19.955636978149414,19.624881744384766,19.955636978149414,71653
2023-03-06,19.843759536743164,19.900510787963867,20.23126792907715,19.18387222290039,19.735132217407227,73467
2023-03-07,19.898727416992188,19.955636978149414,19.955636978149414,19.624881744384766,19.955636978149414,28117
2023-03-08,19.898727416992188,19.955636978149414,20.065889358520508,19.624881744384766,19.84538459777832,33559
2023-03-09,19.953697204589844,20.01076316833496,20.01076316833496,19.680007934570312,20.01076316833496,65304
2023-03-10,21.272951126098633,21.333789825439453,21.444040298461914,20.506898880004883,20.727401733398438,339222
2023-03-13,20.503385543823242,20.562023162841797,21.940176010131836,20.1761417388916,21.333789825439453,158727
2023-03-14,20.44841766357422,20.506898880004883,20.562023162841797,20.01076316833496,20.121015548706055,46257
2023-03-15,20.283510208129883,20.341520309448242,20.782527923583984,20.065889358520508,20.782527923583984,42629
2023-03-16,19.56891632080078,19.624881744384766,20.341520309448242,19.624881744384766,20.341520309448242,68025
2023-03-17,19.678852081298828,19.735132217407227,19.790258407592773,19.459501266479492,19.790258407592773,25396
2023-03-20,19.56891632080078,19.624881744384766,20.451772689819336,19.514629364013672,20.451772689819336,29931
2023-03-21,19.678852081298828,19.735132217407227,19.84538459777832,19.624881744384766,19.624881744384766,27210
2023-03-22,19.788789749145508,19.84538459777832,19.84538459777832,19.790258407592773,19.790258407592773,21768
2023-03-23,20.008665084838867,20.065889358520508,20.286394119262695,19.56975555419922,19.56975555419922,36280
2023-03-24,20.063634872436523,20.121015548706055,20.23126792907715,20.01076316833496,20.065889358520508,45350
2023-03-27,20.33847999572754,20.39664649963379,20.67227554321289,19.955636978149414,20.121015548706055,44443
2023-03-28,20.008665084838867,20.065889358520508,20.727401733398438,20.065889358520508,20.727401733398438,21768
2023-03-29,20.173572540283203,20.23126792907715,20.1761417388916,19.955636978149414,20.065889358520508,19047
2023-03-30,20.008665084838867,20.065889358520508,20.83765411376953,20.065889358520508,20.83765411376953,12698
2023-03-31,20.008665084838867,20.065889358520508,20.065889358520508,20.065889358520508,20.065889358520508,4535
2023-04-06,20.063634872436523,20.121015548706055,20.121015548706055,19.900510787963867,19.955636978149414,27210
2023-04-07,20.008665084838867,20.065889358520508,20.121015548706055,20.065889358520508,20.065889358520508,10884
2023-04-10,20.11860466003418,20.1761417388916,20.1761417388916,19.790258407592773,20.121015548706055,47164
2023-04-11,22.097482681274414,22.160680770874023,22.160680770874023,22.160680770874023,22.160680770874023,134237
2023-04-12,24.296236038208008,24.36572265625,24.36572265625,24.36572265625,24.36572265625,186844
2023-04-13,26.714866638183594,26.791269302368164,26.791269302368164,25.909252166748047,26.791269302368164,1369587
2023-04-14,27.979150772094727,28.05916976928711,28.114295959472656,25.137487411499023,27.507909774780273,1070273
2023-04-17,27.70430564880371,27.783538818359375,28.996313095092773,26.460512161254883,28.05916976928711,762796
2023-04-18,27.264556884765625,27.342531204223633,28.05916976928711,27.287405014038086,28.05916976928711,404527
2023-04-19,28.144058227539062,28.22454833984375,28.610429763793945,27.01177406311035,27.39765739440918,391829
2023-04-20,27.264556884765625,27.342531204223633,28.169422149658203,27.287405014038086,27.838665008544922,198635
2023-04-21,25.34064483642578,25.413118362426758,27.01177406311035,24.69647979736328,26.57076644897461,277545
2023-04-24,25.615488052368164,25.68874740600586,25.854127883911133,24.972110748291016,25.413118362426758,124260
2023-04-25,24.241268157958984,24.310596466064453,25.964378356933594,24.255470275878906,25.964378356933594,195007
2023-04-26,24.62605094909668,24.69647979736328,24.69647979736328,24.145219802856445,24.255470275878906,70746
2023-04-27,26.110210418701172,26.18488311767578,26.791269302368164,24.69647979736328,24.69647979736328,184123
2023-04-28,27.264556884765625,27.342531204223633,27.563034057617188,25.413118362426758,25.68874740600586,357362
2023-05-02,26.824804306030273,26.901521682739258,26.901521682739258,26.01950454711914,26.901521682739258,261219
2023-05-03,25.615488052368164,25.68874740600586,26.295135498046875,25.468244552612305,25.468244552612305,204984
2023-05-04,27.374494552612305,27.452783584594727,27.563034057617188,25.19261360168457,25.19261360168457,193193
2023-05-05,26.934741973876953,27.01177406311035,28.169422149658203,26.515640258789062,27.728412628173828,335594
2023-05-08,24.845924377441406,24.916982650756836,26.240009307861328,24.806730270385742,25.35799217224121,357362
2023-05-09,24.40617561340332,24.475975036621094,25.633621215820312,24.145219802856445,24.916982650756836,102492
2023-05-10,23.636611938476562,23.70421028137207,24.475975036621094,22.987571716308594,24.475975036621094,224938
2023-05-11,22.647171020507812,22.71194076538086,23.53883171081543,22.270931243896484,22.270931243896484,78910
2023-05-12,23.08692169189453,23.1529483795166,23.86958885192871,22.71194076538086,22.71194076538086,29931
2023-05-15,22.757108688354492,22.822193145751953,23.70421028137207,22.767066955566406,23.20807456970215,28117
2023-05-16,23.08692169189453,23.1529483795166,23.649084091186523,22.932445526123047,23.04269790649414,23582
2023-05-17,23.52667236328125,23.593957901000977,23.649084091186523,23.1529483795166,23.1529483795166,26303
2023-05-18,22.976985931396484,23.04269790649414,23.70421028137207,23.04269790649414,23.70421028137207,83445
2023-05-19,23.08692169189453,23.1529483795166,23.924713134765625,22.932445526123047,23.1529483795166,44443
2023-05-22,23.52667236328125,23.593957901000977,24.03496551513672,23.1529483795166,23.428579330444336,76188
2023-05-23,23.30679702758789,23.37345314025879,23.70421028137207,23.263200759887695,23.593957901000977,32652
2023-05-24,23.19685935974121,23.263200759887695,23.70421028137207,23.04269790649414,23.37345314025879,64397
2023-05-25,22.976985931396484,23.04269790649414,23.37345314025879,23.04269790649414,23.263200759887695,91608
2023-05-26,22.976985931396484,23.04269790649414,23.37345314025879,22.987571716308594,23.04269790649414,29024
2023-05-29,24.571081161499023,24.641353607177734,25.027236938476562,23.428579330444336,25.027236938476562,138772
2023-05-30,24.296236038208008,24.36572265625,24.916982650756836,24.255470275878906,24.916982650756836,69839
2023-05-31,23.911453247070312,23.979839324951172,24.090091705322266,23.814462661743164,23.924713134765625,36280
2023-06-01,25.120769500732422,25.19261360168457,25.19261360168457,24.090091705322266,24.090091705322266,141493
2023-06-02,25.2307071685791,25.302865982055664,25.52337074279785,24.475975036621094,25.19261360168457,88887
2023-06-05,24.735986709594727,24.806730270385742,26.01950454711914,24.806730270385742,25.52337074279785,116097
2023-06-06,24.296236038208008,24.36572265625,25.247739791870117,24.255470275878906,24.475975036621094,45350
2023-06-07,24.021392822265625,24.090091705322266,24.475975036621094,23.483705520629883,24.255470275878906,175960
2023-06-08,23.361766815185547,23.428579330444336,23.70421028137207,23.318326950073242,23.70421028137207,55327
2023-06-09,24.40617561340332,24.475975036621094,24.475975036621094,23.483705520629883,23.483705520629883,78003
2023-06-12,23.581642150878906,23.649084091186523,23.814462661743164,23.097822189331055,23.814462661743164,37187
2023-06-13,23.41673469543457,23.483705520629883,23.649084091186523,23.20807456970215,23.649084091186523,21768
2023-06-14,22.922016143798828,22.987571716308594,23.483705520629883,22.932445526123047,23.318326950073242,72560
2023-06-15,23.031951904296875,23.097822189331055,23.37345314025879,22.71194076538086,22.987571716308594,52606
2023-06-16,22.976985931396484,23.04269790649414,23.53883171081543,23.097822189331055,23.097822189331055,25396
2023-06-19,23.581642150878906,23.649084091186523,23.86958885192871,22.822193145751953,22.822193145751953,37187
2023-06-20,23.746549606323242,23.814462661743164,23.979839324951172,23.1529483795166,23.814462661743164,65304
2023-06-21,23.746549606323242,23.814462661743164,24.03496551513672,23.483705520629883,24.03496551513672,18140
2023-06-26,23.251827239990234,23.318326950073242,24.145219802856445,23.263200759887695,24.145219802856445,16326
2023-06-27,23.031951904296875,23.097822189331055,23.483705520629883,23.04269790649414,23.318326950073242,25396
2023-06-28,23.52667236328125,23.593957901000977,23.70421028137207,23.04269790649414,23.1529483795166,20861
2023-06-29,23.96642303466797,24.03496551513672,24.53110122680664,23.53883171081543,24.53110122680664,19047
2023-06-30,23.41673469543457,23.483705520629883,23.53883171081543,23.37345314025879,23.53883171081543,12698
2023-07-03,23.41673469543457,23.483705520629883,23.86958885192871,23.1529483795166,23.86958885192871,22675
2023-07-04,23.08692169189453,23.1529483795166,23.20807456970215,22.767066955566406,23.20807456970215,54420
2023-07-05,22.922016143798828,22.987571716308594,23.1529483795166,22.822193145751953,23.1529483795166,38094
2023-07-06,22.976985931396484,23.04269790649414,23.097822189331055,22.932445526123047,22.987571716308594,55327
2023-07-07,22.427295684814453,22.491436004638672,22.932445526123047,22.160680770874023,22.932445526123047,91608
2023-07-10,21.877607345581055,21.940176010131836,22.215805053710938,21.6645450592041,22.215805053710938,64397
2023-07-11,21.767669677734375,21.829923629760742,22.160680770874023,21.774797439575195,22.160680770874023,29931
2023-07-12,21.38288688659668,21.444040298461914,21.829923629760742,21.388914108276367,21.829923629760742,43536
2023-07-13,20.888168334960938,20.947906494140625,21.444040298461914,20.947906494140625,21.444040298461914,66211
2023-07-14,20.83319854736328,20.892780303955078,21.388914108276367,20.83765411376953,20.947906494140625,85259
2023-07-17,21.38288688659668,21.444040298461914,21.49916648864746,20.892780303955078,20.892780303955078,41722
2023-07-18,23.031951904296875,23.097822189331055,23.097822189331055,21.88504981994629,21.88504981994629,288429
2023-07-19,22.537233352661133,22.601688385009766,24.145219802856445,22.270931243896484,24.090091705322266,280266
2023-07-20,22.427295684814453,22.491436004638672,22.767066955566406,22.105554580688477,22.105554580688477,77096
2023-07-21,21.767669677734375,21.829923629760742,23.097822189331055,21.6645450592041,23.097822189331055,60769
2023-07-24,21.8226375579834,21.88504981994629,21.995302200317383,21.829923629760742,21.829923629760742,31745
2023-07-25,21.93257713317871,21.995302200317383,21.995302200317383,21.6645450592041,21.88504981994629,39001
2023-07-26,21.93257713317871,21.995302200317383,22.105554580688477,21.995302200317383,22.105554580688477,17233
2023-07-27,22.317358016967773,22.381183624267578,22.381183624267578,21.995302200317383,22.05042839050293,11791
2023-07-28,22.152450561523438,22.215805053710938,22.32605743408203,22.05042839050293,22.05042839050293,9070
2023-07-31,22.262388229370117,22.32605743408203,22.270931243896484,21.88504981994629,22.270931243896484,37187
2023-08-01,22.317358016967773,22.381183624267578,22.381183624267578,21.995302200317383,21.995302200317383,9977
2023-08-02,22.097482681274414,22.160680770874023,22.05042839050293,21.49916648864746,22.05042839050293,18140
2023-08-04,21.877607345581055,21.940176010131836,21.940176010131836,21.554292678833008,21.609418869018555,9977
2023-08-07,21.108043670654297,21.168411254882812,21.609418869018555,20.782527923583984,21.609418869018555,45350
2023-08-08,21.272951126098633,21.333789825439453,21.388914108276367,20.947906494140625,21.05815887451172,14512
2023-08-09,20.998106002807617,21.05815887451172,21.05815887451172,20.617149353027344,21.003032684326172,19954
2023-08-10,20.668291091918945,20.727401733398438,20.782527923583984,20.341520309448242,20.782527923583984,52606
2023-08-11,20.668291091918945,20.727401733398438,20.727401733398438,20.286394119262695,20.39664649963379,16326
2023-08-14,20.33847999572754,20.39664649963379,20.451772689819336,19.624881744384766,19.955636978149414,22675
2023-08-15,20.613323211669922,20.67227554321289,20.39664649963379,20.01076316833496,20.39664649963379,18140
2023-08-16,20.613323211669922,20.67227554321289,20.23126792907715,20.1761417388916,20.1761417388916,5442
2023-08-17,20.778228759765625,20.83765411376953,20.83765411376953,20.23126792907715,20.23126792907715,10884
2023-08-18,20.613323211669922,20.67227554321289,20.727401733398438,20.617149353027344,20.727401733398438,5442
2023-08-21,20.33847999572754,20.39664649963379,20.39664649963379,20.39664649963379,20.39664649963379,2721
2023-08-22,20.33847999572754,20.39664649963379,20.451772689819336,19.955636978149414,20.39664649963379,10884
2023-08-23,20.008665084838867,20.065889358520508,20.1761417388916,20.01076316833496,20.01076316833496,6349
2023-08-24,20.008665084838867,20.065889358520508,20.782527923583984,20.065889358520508,20.782527923583984,27210
2023-08-25,20.11860466003418,20.1761417388916,20.23126792907715,19.624881744384766,19.624881744384766,10884
2023-08-28,20.44841766357422,20.506898880004883,20.67227554321289,19.84538459777832,20.67227554321289,29931
2023-08-29,20.008665084838867,20.065889358520508,20.23126792907715,19.900510787963867,20.23126792907715,10884
2023-08-30,20.11860466003418,20.1761417388916,20.065889358520508,20.065889358520508,20.065889358520508,4535
2023-08-31,20.063634872436523,20.121015548706055,20.1761417388916,20.121015548706055,20.1761417388916,1814
2023-09-01,20.283510208129883,20.341520309448242,20.39664649963379,20.23126792907715,20.39664649963379,11791
2023-09-04,20.063634872436523,20.121015548706055,20.1761417388916,20.01076316833496,20.01076316833496,19954
2023-09-05,21.16301155090332,21.22353744506836,21.6645450592041,20.23126792907715,20.23126792907715,51699
2023-09-06,20.888168334960938,20.947906494140625,20.947906494140625,20.506898880004883,20.947906494140625,26303
2023-09-07,21.547794342041016,21.609418869018555,22.822193145751953,21.49916648864746,22.822193145751953,136958
2023-09-08,21.05307388305664,21.113285064697266,21.609418869018555,21.113285064697266,21.49916648864746,43536
2023-09-11,20.7232608795166,20.782527923583984,20.892780303955078,20.67227554321289,20.727401733398438,9070
2023-09-12,20.668291091918945,20.727401733398438,20.83765411376953,20.727401733398438,20.83765411376953,16326
2023-09-13,20.558353424072266,20.617149353027344,20.617149353027344,20.562023162841797,20.562023162841797,5442
2023-09-14,20.778228759765625,20.83765411376953,20.83765411376953,20.727401733398438,20.727401733398438,9977
2023-09-15,21.272951126098633,21.333789825439453,21.6645450592041,20.947906494140625,21.6645450592041,21768
2023-09-18,21.38288688659668,21.444040298461914,20.83765411376953,20.782527923583984,20.782527923583984,9977
2023-09-19,21.547794342041016,21.609418869018555,21.6645450592041,20.727401733398438,20.727401733398438,87073
2023-09-20,21.327917098999023,21.388914108276367,21.388914108276367,20.892780303955078,21.168411254882812,18140
2023-09-21,21.108043670654297,21.168411254882812,21.168411254882812,20.83765411376953,21.168411254882812,13605
2023-09-22,21.16301155090332,21.22353744506836,21.22353744506836,20.83765411376953,21.05815887451172,8163
2023-09-25,20.94313621520996,21.003032684326172,21.003032684326172,21.003032684326172,21.003032684326172,907
2023-09-26,21.108043670654297,21.168411254882812,21.388914108276367,21.003032684326172,21.168411254882812,10884
2023-09-27,20.94313621520996,21.003032684326172,21.05815887451172,20.947906494140625,21.003032684326172,13605
2023-09-28,21.49282455444336,21.554292678833008,21.609418869018555,20.947906494140625,21.003032684326172,27210
2023-10-02,21.437854766845703,21.49916648864746,21.940176010131836,21.49916648864746,21.940176010131836,29024
2023-10-03,21.877607345581055,21.940176010131836,21.940176010131836,21.278663635253906,21.278663635253906,6349
2023-10-04,21.71269989013672,21.774797439575195,21.940176010131836,21.113285064697266,21.940176010131836,18140
2023-10-05,21.60276222229004,21.6645450592041,21.71967124938965,21.333789825439453,21.333789825439453,17233
2023-10-06,21.767669677734375,21.829923629760742,21.829923629760742,21.609418869018555,21.609418869018555,20861
2023-10-11,21.38288688659668,21.444040298461914,21.49916648864746,21.168411254882812,21.444040298461914,34466
2023-10-12,21.657732009887695,21.71967124938965,21.71967124938965,20.83765411376953,21.168411254882812,38094
2023-10-13,20.998106002807617,21.05815887451172,21.113285064697266,20.83765411376953,21.05815887451172,17233
2023-10-16,20.613323211669922,20.67227554321289,20.67227554321289,20.67227554321289,20.67227554321289,3628
2023-10-17,20.668291091918945,20.727401733398438,21.22353744506836,20.67227554321289,20.947906494140625,16326
2023-10-18,20.063634872436523,20.121015548706055,20.506898880004883,19.955636978149414,20.451772689819336,37187
2023-10-19,20.11860466003418,20.1761417388916,20.121015548706055,19.680007934570312,20.121015548706055,5442
2023-10-20,20.83319854736328,20.892780303955078,20.892780303955078,19.955636978149414,19.955636978149414,31745
2023-10-23,20.83319854736328,20.892780303955078,21.003032684326172,20.065889358520508,21.003032684326172,14512
2023-10-24,20.503385543823242,20.562023162841797,20.562023162841797,19.900510787963867,20.562023162841797,19047
2023-10-25,20.613323211669922,20.67227554321289,20.67227554321289,20.065889358520508,20.065889358520508,5442
2023-10-26,20.33847999572754,20.39664649963379,20.39664649963379,20.39664649963379,20.39664649963379,2721
2023-10-27,20.503385543823242,20.562023162841797,20.83765411376953,20.562023162841797,20.83765411376953,16326
2023-10-30,20.668291091918945,20.727401733398438,20.286394119262695,20.1761417388916,20.23126792907715,12698
2023-10-31,20.11860466003418,20.1761417388916,20.1761417388916,20.121015548706055,20.121015548706055,4535
2023-11-01,20.008665084838867,20.065889358520508,20.065889358520508,20.065889358520508,20.065889358520508,2721
2023-11-02,20.063634872436523,20.121015548706055,20.39664649963379,20.065889358520508,20.121015548706055,14512
2023-11-03,20.063634872436523,20.121015548706055,20.121015548706055,20.121015548706055,20.121015548706055,0
2023-11-06,20.008665084838867,20.065889358520508,20.121015548706055,19.735132217407227,20.121015548706055,12698
2023-11-07,20.33847999572754,20.39664649963379,20.39664649963379,20.065889358520508,20.065889358520508,10884
2023-11-08,20.613323211669922,20.67227554321289,21.278663635253906,20.39664649963379,21.22353744506836,68025
2023-11-09,20.668291091918945,20.727401733398438,20.727401733398438,19.735132217407227,20.39664649963379,17233
2023-11-10,20.668291091918945,20.727401733398438,20.727401733398438,20.39664649963379,20.451772689819336,4535
2023-11-13,20.11860466003418,20.1761417388916,20.23126792907715,20.065889358520508,20.121015548706055,5442
2023-11-14,20.11860466003418,20.1761417388916,20.451772689819336,20.1761417388916,20.451772689819336,1814
2023-11-15,20.063634872436523,20.121015548706055,20.286394119262695,20.121015548706055,20.286394119262695,8163
2023-11-16,20.33847999572754,20.39664649963379,20.065889358520508,20.065889358520508,20.065889358520508,9070
2023-11-17,20.063634872436523,20.121015548706055,20.121015548706055,20.121015548706055,20.121015548706055,16326
2023-11-20,20.063634872436523,20.121015548706055,20.121015548706055,20.065889358520508,20.121015548706055,11791
2023-11-21,20.11860466003418,20.1761417388916,20.1761417388916,20.01076316833496,20.121015548706055,25396
2023-11-22,20.11860466003418,20.1761417388916,20.286394119262695,20.01076316833496,20.1761417388916,19047
2023-11-23,20.008665084838867,20.065889358520508,20.065889358520508,19.955636978149414,20.065889358520508,27210
2023-11-24,20.503385543823242,20.562023162841797,20.451772689819336,20.065889358520508,20.39664649963379,37187
2023-11-27,20.22854232788086,20.286394119262695,20.286394119262695,20.1761417388916,20.1761417388916,6349
2023-11-28,20.063634872436523,20.121015548706055,20.506898880004883,20.065889358520508,20.39664649963379,15419
2023-11-29,20.22854232788086,20.286394119262695,20.286394119262695,20.121015548706055,20.23126792907715,16326
2023-11-30,20.44841766357422,20.506898880004883,20.67227554321289,20.39664649963379,20.39664649963379,30838
2023-12-01,21.217981338500977,21.278663635253906,21.554292678833008,20.506898880004883,20.506898880004883,78003
2023-12-04,21.05307388305664,21.113285064697266,21.22353744506836,20.947906494140625,20.947906494140625,41722
2023-12-05,21.71269989013672,21.774797439575195,21.995302200317383,20.947906494140625,20.947906494140625,48071
2023-12-06,22.152450561523438,22.215805053710938,22.215805053710938,21.609418869018555,21.829923629760742,87073
2023-12-07,21.767669677734375,21.829923629760742,22.05042839050293,21.6645450592041,22.05042839050293,22675
2023-12-08,21.987545013427734,22.05042839050293,22.105554580688477,21.829923629760742,21.829923629760742,45350
2023-12-11,21.93257713317871,21.995302200317383,22.05042839050293,21.71967124938965,21.71967124938965,17233
2023-12-12,21.93257713317871,21.995302200317383,21.995302200317383,21.49916648864746,21.995302200317383,9070
2023-12-13,21.8226375579834,21.88504981994629,21.995302200317383,21.829923629760742,21.88504981994629,17233
2023-12-14,21.987545013427734,22.05042839050293,22.05042839050293,21.829923629760742,22.05042839050293,39908
2023-12-15,21.49282455444336,21.554292678833008,22.05042839050293,21.554292678833008,22.05042839050293,27210
2023-12-18,21.767669677734375,21.829923629760742,21.829923629760742,21.168411254882812,21.278663635253906,20861
2023-12-19,21.767669677734375,21.829923629760742,21.71967124938965,21.388914108276367,21.71967124938965,9070
2023-12-20,21.71269989013672,21.774797439575195,21.774797439575195,21.333789825439453,21.388914108276367,6349
2023-12-21,21.71269989013672,21.774797439575195,21.774797439575195,21.278663635253906,21.278663635253906,6349
2023-12-22,21.272951126098633,21.333789825439453,21.71967124938965,21.278663635253906,21.71967124938965,21768
2023-12-25,21.547794342041016,21.609418869018555,21.609418869018555,21.05815887451172,21.333789825439453,17233
2023-12-26,21.437854766845703,21.49916648864746,21.609418869018555,21.444040298461914,21.609418869018555,9070
2023-12-27,21.71269989013672,21.774797439575195,22.105554580688477,21.71967124938965,22.105554580688477,8163
2023-12-28,21.877607345581055,21.940176010131836,21.774797439575195,21.6645450592041,21.774797439575195,6349
2023-12-29,21.877607345581055,21.940176010131836,22.05042839050293,21.609418869018555,21.774797439575195,11791
2024-01-02,21.547794342041016,21.609418869018555,21.609418869018555,21.609418869018555,21.609418869018555,4535
2024-01-03,21.547794342041016,21.609418869018555,21.609418869018555,21.609418869018555,21.609418869018555,7256
2024-01-04,21.657732009887695,21.71967124938965,21.940176010131836,21.609418869018555,21.609418869018555,27210
2024-01-05,21.987545013427734,22.05042839050293,22.381183624267578,21.71967124938965,21.71967124938965,28117
2024-01-08,23.08692169189453,23.1529483795166,23.924713134765625,22.71194076538086,23.924713134765625,164169
2024-01-09,21.987545013427734,22.05042839050293,23.1529483795166,22.05042839050293,23.097822189331055,117004
2024-01-10,21.38288688659668,21.444040298461914,22.32605743408203,21.388914108276367,21.388914108276367,25396
2024-01-11,21.547794342041016,21.609418869018555,21.609418869018555,21.388914108276367,21.388914108276367,24489
2024-01-12,21.38288688659668,21.444040298461914,21.554292678833008,21.22353744506836,21.388914108276367,25396
2024-01-15,21.327917098999023,21.388914108276367,21.6645450592041,21.388914108276367,21.444040298461914,5595
2024-01-16,21.272951126098633,21.333789825439453,21.6645450592041,21.22353744506836,21.22353744506836,12698
2024-01-17,21.767669677734375,21.829923629760742,22.160680770874023,21.49916648864746,22.05042839050293,36280
2024-01-18,21.8226375579834,21.88504981994629,21.940176010131836,21.278663635253906,21.609418869018555,11791
2024-01-19,22.152450561523438,22.215805053710938,22.32605743408203,21.940176010131836,22.32605743408203,17233
2024-01-22,22.097482681274414,22.160680770874023,22.71194076538086,22.05042839050293,22.436309814453125,36280
2024-01-23,22.867046356201172,22.932445526123047,22.932445526123047,21.388914108276367,22.160680770874023,53513
2024-01-24,22.70214080810547,22.767066955566406,22.932445526123047,22.656814575195312,22.767066955566406,38094
2024-01-25,22.372325897216797,22.436309814453125,22.822193145751953,22.381183624267578,22.822193145751953,44443
2024-01-26,24.571081161499023,24.641353607177734,24.641353607177734,23.04269790649414,23.04269790649414,395457
2024-01-29,26.98971176147461,27.0669002532959,27.0669002532959,26.295135498046875,27.0669002532959,752819
2024-01-30,29.683185577392578,29.768077850341797,29.768077850341797,28.169422149658203,28.996313095092773,2498817
2024-01-31,32.65150451660156,32.7448844909668,32.7448844909668,29.768077850341797,30.319337844848633,2054381
2024-02-01,31.49715805053711,31.587238311767578,33.847408294677734,30.980850219726562,33.07564163208008,1520151
2024-02-02,31.93691062927246,32.02824783325195,33.07564163208008,30.650094985961914,31.807741165161133,946920
2024-02-05,30.012998580932617,30.098833084106445,31.807741165161133,29.87833023071289,31.807741165161133,606790
2024-02-15,30.287843704223633,30.374465942382812,30.429590225219727,28.72068214416504,29.327068328857422,603162
2024-02-16,30.287843704223633,30.374465942382812,30.374465942382812,29.21681785583496,29.823204040527344,336501
2024-02-19,29.848093032836914,29.933456420898438,30.980850219726562,29.87833023071289,30.53984260559082,334687
2024-02-20,28.858652114868164,28.941186904907227,30.153959274291992,28.665555953979492,30.098833084106445,234009
2024-02-21,28.144058227539062,28.22454833984375,28.941186904907227,27.783538818359375,28.941186904907227,276638
2024-02-22,28.58380889892578,28.665555953979492,28.665555953979492,27.89379119873047,28.38992691040039,175960
2024-02-23,29.683185577392578,29.768077850341797,30.53984260559082,28.445051193237305,28.941186904907227,321082
2024-02-26,29.078529357910156,29.161691665649414,29.768077850341797,28.941186904907227,29.657825469970703,387294
2024-02-27,30.232873916625977,30.319337844848633,30.319337844848633,28.279674530029297,29.106565475463867,538765
2024-02-29,30.232873916625977,30.319337844848633,31.421859741210938,29.106565475463867,30.374465942382812,548742
2024-03-01,29.243432998657227,29.327068328857422,30.429590225219727,29.21681785583496,30.429590225219727,302941
2024-03-04,28.089088439941406,28.169422149658203,29.492446899414062,28.114295959472656,29.327068328857422,442621
2024-03-05,30.892499923706055,30.980850219726562,30.980850219726562,28.004043579101562,28.169422149658203,677537
2024-03-06,29.078529357910156,29.161691665649414,30.53984260559082,28.88606071472168,30.153959274291992,737400
2024-03-07,28.80368423461914,28.88606071472168,29.933456420898438,28.5553035736084,29.161691665649414,274824
2024-03-08,28.089088439941406,28.169422149658203,29.106565475463867,27.783538818359375,28.88606071472168,173239
2024-03-11,26.494993209838867,26.57076644897461,28.114295959472656,26.57076644897461,28.114295959472656,237637
2024-03-12,26.494993209838867,26.57076644897461,27.122026443481445,26.01950454711914,26.350261688232422,107027
2024-03-13,24.62605094909668,24.69647979736328,26.01950454711914,23.593957901000977,26.01950454711914,266661
2024-03-14,25.2307071685791,25.302865982055664,27.01177406311035,24.69647979736328,24.69647979736328,87073
2024-03-15,24.735986709594727,24.806730270385742,25.35799217224121,24.806730270385742,25.027236938476562,97957
2024-03-18,24.735986709594727,24.806730270385742,24.806730270385742,24.806730270385742,24.806730270385742,0
2024-03-19,25.120769500732422,25.19261360168457,25.5784969329834,24.972110748291016,25.19261360168457,61676
2024-03-20,24.735986709594727,24.806730270385742,25.19261360168457,24.475975036621094,25.027236938476562,53513
2024-03-21,25.34064483642578,25.413118362426758,26.129756927490234,25.19261360168457,25.799001693725586,42629
2024-03-22,25.010831832885742,25.082361221313477,25.302865982055664,24.806730270385742,24.972110748291016,97050
2024-03-25,25.010831832885742,25.082361221313477,25.082361221313477,25.082361221313477,25.082361221313477,0
2024-03-26,25.010831832885742,25.082361221313477,25.082361221313477,25.082361221313477,25.082361221313477,0
2024-03-27,26.165178298950195,26.240009307861328,26.240009307861328,25.52337074279785,25.52337074279785,39908
2024-03-28,25.450584411621094,25.52337074279785,26.240009307861328,25.52337074279785,26.240009307861328,63490
2024-03-29,24.790956497192383,24.86185646057129,25.633621215820312,24.806730270385742,25.52337074279785,39001
2024-04-01,24.845924377441406,24.916982650756836,25.027236938476562,24.36572265625,24.916982650756836,46257
2024-04-02,25.010831832885742,25.082361221313477,25.19261360168457,24.586227416992188,24.916982650756836,35373
2024-04-03,25.010831832885742,25.082361221313477,25.082361221313477,24.53110122680664,24.916982650756836,30838
2024-04-08,24.571081161499023,24.641353607177734,25.19261360168457,24.475975036621094,25.19261360168457,48071
2024-04-09,26.98971176147461,27.0669002532959,27.0669002532959,24.69647979736328,25.19261360168457,205891
2024-04-10,27.044679641723633,27.122026443481445,29.05143928527832,26.515640258789062,28.665555953979492,217682
2024-04-11,26.44002342224121,26.515640258789062,26.901521682739258,26.460512161254883,26.681018829345703,60769
2024-04-12,27.09964942932129,27.177152633666992,27.342531204223633,25.5784969329834,25.5784969329834,70746
2024-04-15,25.670459747314453,25.74387550354004,26.84639549255371,25.633621215820312,26.460512161254883,49885
2024-04-16,24.735986709594727,24.806730270385742,25.468244552612305,23.428579330444336,25.468244552612305,31745
2024-04-17,25.34064483642578,25.413118362426758,26.074630737304688,24.806730270385742,24.806730270385742,22675
2024-04-18,25.285676956176758,25.35799217224121,26.681018829345703,25.35799217224121,26.681018829345703,26303
2024-04-19,24.95586395263672,25.027236938476562,25.68874740600586,24.806730270385742,24.806730270385742,14512
2024-04-22,23.801517486572266,23.86958885192871,24.586227416992188,23.70421028137207,24.475975036621094,25396
2024-04-23,24.351205825805664,24.420848846435547,24.420848846435547,23.814462661743164,23.86958885192871,23582
2024-04-24,25.450584411621094,25.52337074279785,25.52337074279785,24.420848846435547,24.420848846435547,53513
2024-04-25,25.835365295410156,25.909252166748047,25.909252166748047,24.751604080200195,25.35799217224121,30838
2024-04-26,25.175739288330078,25.247739791870117,25.52337074279785,24.972110748291016,24.972110748291016,27210
2024-04-29,25.2307071685791,25.302865982055664,26.460512161254883,25.247739791870117,26.460512161254883,41722
2024-04-30,25.34064483642578,25.413118362426758,25.35799217224121,25.027236938476562,25.35799217224121,24489
2024-05-02,25.725427627563477,25.799001693725586,25.799001693725586,24.806730270385742,25.027236938476562,9977
2024-05-03,24.95586395263672,25.027236938476562,25.027236938476562,24.916982650756836,24.916982650756836,14512
2024-05-06,25.175739288330078,25.247739791870117,25.247739791870117,25.027236938476562,25.247739791870117,28117
2024-05-07,25.505552291870117,25.5784969329834,25.35799217224121,24.916982650756836,25.302865982055664,21768
2024-05-08,24.735986709594727,24.806730270385742,24.972110748291016,24.751604080200195,24.806730270385742,23582
2024-05-09,24.186298370361328,24.255470275878906,24.806730270385742,24.255470275878906,24.806730270385742,39908
2024-05-10,26.385051727294922,26.460512161254883,24.255470275878906,23.814462661743164,23.924713134765625,13605
2024-05-13,26.33008575439453,26.40538787841797,24.255470275878906,23.924713134765625,24.03496551513672,13605
2024-05-14,24.95586395263672,25.027236938476562,25.247739791870117,24.145219802856445,24.145219802856445,7256
2024-05-15,25.615488052368164,25.68874740600586,25.909252166748047,24.53110122680664,25.909252166748047,22675
2024-05-16,24.62605094909668,24.69647979736328,24.69647979736328,24.586227416992188,24.586227416992188,15419
2024-05-17,26.385051727294922,26.460512161254883,25.35799217224121,24.586227416992188,24.751604080200195,10884
2024-05-20,25.34064483642578,25.413118362426758,25.468244552612305,24.806730270385742,24.86185646057129,37187
2024-05-21,24.845924377441406,24.916982650756836,25.137487411499023,24.916982650756836,25.137487411499023,11791
2024-05-22,24.845924377441406,24.916982650756836,25.35799217224121,24.53110122680664,25.35799217224121,71653
2024-05-23,23.96642303466797,24.03496551513672,24.255470275878906,23.924713134765625,24.255470275878906,64397
2024-05-24,25.780397415161133,25.854127883911133,23.814462661743164,23.649084091186523,23.814462661743164,27210
2024-05-27,24.351205825805664,24.420848846435547,24.420848846435547,23.649084091186523,23.70421028137207,33559
2024-05-28,24.296236038208008,24.36572265625,25.027236938476562,23.70421028137207,24.255470275878906,52606
2024-05-29,25.2307071685791,25.302865982055664,24.20034408569336,23.86958885192871,23.86958885192871,22675
2024-05-30,23.636611938476562,23.70421028137207,23.70421028137207,23.428579330444336,23.428579330444336,19047
2024-05-31,23.911453247070312,23.979839324951172,25.247739791870117,23.70421028137207,23.70421028137207,27210
2024-06-03,24.131330490112305,24.20034408569336,24.255470275878906,23.924713134765625,23.979839324951172,34466
2024-06-04,26.494993209838867,26.57076644897461,24.255470275878906,23.814462661743164,24.255470275878906,33559
2024-06-05,23.911453247070312,23.979839324951172,24.145219802856445,23.86958885192871,23.924713134765625,14512
2024-06-06,24.735986709594727,24.806730270385742,24.806730270385742,24.03496551513672,24.806730270385742,9977
2024-06-07,25.285676956176758,25.35799217224121,24.420848846435547,24.420848846435547,24.420848846435547,907
2024-06-11,26.769834518432617,26.84639549255371,26.84639549255371,26.240009307861328,26.84639549255371,176867
2024-06-12,28.36393165588379,28.445051193237305,29.437320709228516,27.452783584594727,29.437320709228516,564161
2024-06-13,26.98971176147461,27.0669002532959,28.665555953979492,27.01177406311035,28.169422149658203,193193
2024-06-14,27.539400100708008,27.618160247802734,28.114295959472656,27.01177406311035,27.342531204223633,121539
2024-06-17,27.044679641723633,27.122026443481445,27.67328643798828,26.84639549255371,27.67328643798828,96143
2024-06-18,27.264556884765625,27.342531204223633,27.342531204223633,26.515640258789062,26.515640258789062,75281
2024-06-19,27.70430564880371,27.783538818359375,29.106565475463867,27.342531204223633,27.342531204223633,168704
2024-06-20,27.759275436401367,27.838665008544922,28.004043579101562,27.342531204223633,27.783538818359375,75281
2024-06-21,27.539400100708008,27.618160247802734,28.004043579101562,27.39765739440918,27.507909774780273,66211
2024-06-24,27.539400100708008,27.618160247802734,27.67328643798828,27.563034057617188,27.563034057617188,29024
2024-06-25,27.924182891845703,28.004043579101562,28.22454833984375,27.23227882385254,27.23227882385254,48071
2024-06-26,28.253995895385742,28.334800720214844,28.665555953979492,27.728412628173828,27.728412628173828,77096
2024-06-27,28.253995895385742,28.334800720214844,29.05143928527832,28.114295959472656,28.114295959472656,51699
2024-06-28,28.253995895385742,28.334800720214844,29.05143928527832,28.279674530029297,29.05143928527832,78910
2024-07-01,27.81424331665039,27.89379119873047,28.334800720214844,27.89379119873047,27.89379119873047,36280
2024-07-02,27.044679641723633,27.122026443481445,28.169422149658203,27.122026443481445,27.89379119873047,28117
2024-07-03,29.408340454101562,29.492446899414062,27.67328643798828,26.956647872924805,27.563034057617188,45350
2024-07-04,29.683185577392578,29.768077850341797,27.507909774780273,27.122026443481445,27.507909774780273,15419
2024-07-05,28.91362190246582,28.996313095092773,29.106565475463867,27.342531204223633,27.342531204223633,66211
2024-07-08,30.617656707763672,30.70522117614746,31.421859741210938,29.71295166015625,29.71295166015625,243079
2024-07-09,28.968591690063477,29.05143928527832,30.70522117614746,27.67328643798828,30.70522117614746,196821
2024-07-10,29.078529357910156,29.161691665649414,29.38219451904297,28.114295959472656,28.72068214416504,72560
2024-07-11,28.80368423461914,28.88606071472168,28.996313095092773,27.838665008544922,28.996313095092773,43536
2024-07-12,28.748714447021484,28.830934524536133,28.941186904907227,28.22454833984375,28.22454833984375,21768
2024-07-15,29.683185577392578,29.768077850341797,28.830934524536133,27.728412628173828,28.830934524536133,41722
2024-07-16,27.70430564880371,27.783538818359375,28.22454833984375,27.783538818359375,28.22454833984375,49885
2024-07-17,27.48443031311035,27.563034057617188,28.004043579101562,27.452783584594727,27.89379119873047,44443
2024-07-18,28.36393165588379,28.445051193237305,28.665555953979492,27.122026443481445,27.783538818359375,41722
2024-07-19,27.649337768554688,27.728412628173828,27.89379119873047,27.0669002532959,27.287405014038086,20861
2024-07-22,26.604930877685547,26.681018829345703,27.563034057617188,26.625892639160156,27.563034057617188,15419
2024-07-23,26.44002342224121,26.515640258789062,27.01177406311035,26.129756927490234,27.01177406311035,37187
2024-07-26,26.22014808654785,26.295135498046875,26.515640258789062,26.01950454711914,26.515640258789062,19954
2024-07-29,25.615488052368164,25.68874740600586,25.964378356933594,25.68874740600586,25.909252166748047,21768
2024-07-30,28.144058227539062,28.22454833984375,27.01177406311035,25.633621215820312,25.633621215820312,43536
2024-07-31,28.253995895385742,28.334800720214844,28.665555953979492,27.563034057617188,27.563034057617188,60769
2024-08-01,27.759275436401367,27.838665008544922,28.334800720214844,27.67328643798828,27.728412628173828,36280
2024-08-02,27.70430564880371,27.783538818359375,27.783538818359375,26.460512161254883,27.177152633666992,25396
2024-08-05,24.95586395263672,25.027236938476562,26.460512161254883,25.027236938476562,26.460512161254883,77096
2024-08-06,27.374494552612305,27.452783584594727,24.916982650756836,23.20807456970215,23.20807456970215,24489
2024-08-07,24.845924377441406,24.916982650756836,26.350261688232422,23.86958885192871,23.86958885192871,16326
2024-08-08,24.62605094909668,24.69647979736328,24.916982650756836,24.03496551513672,24.916982650756836,17233
2024-08-09,24.351205825805664,24.420848846435547,25.027236938476562,24.36572265625,24.36572265625,18140
2024-08-12,26.769834518432617,26.84639549255371,24.53110122680664,24.145219802856445,24.475975036621094,24489
2024-08-13,24.51611328125,24.586227416992188,24.586227416992188,23.70421028137207,23.70421028137207,19954
2024-08-14,23.031951904296875,23.097822189331055,24.751604080200195,24.36572265625,24.586227416992188,6349
2024-08-15,25.175739288330078,25.247739791870117,25.247739791870117,24.36572265625,24.641353607177734,19047
2024-08-16,26.055240631103516,26.129756927490234,26.01950454711914,25.909252166748047,26.01950454711914,1814
2024-08-19,26.055240631103516,26.129756927490234,26.129756927490234,26.129756927490234,26.129756927490234,0
2024-08-20,25.120769500732422,25.19261360168457,25.302865982055664,24.586227416992188,24.586227416992188,46257
2024-08-21,25.010831832885742,25.082361221313477,25.137487411499023,24.36572265625,24.36572265625,19954
2024-08-22,24.95586395263672,25.027236938476562,25.52337074279785,24.641353607177734,25.52337074279785,9070
2024-08-23,25.175739288330078,25.247739791870117,25.247739791870117,24.69647979736328,25.082361221313477,18140
2024-08-26,24.735986709594727,24.806730270385742,25.247739791870117,24.69647979736328,25.247739791870117,26303
2024-08-27,24.40617561340332,24.475975036621094,24.806730270385742,24.475975036621094,24.806730270385742,27210
2024-08-28,24.461143493652344,24.53110122680664,24.806730270385742,24.36572265625,24.586227416992188,23582
2024-08-29,24.461143493652344,24.53110122680664,24.586227416992188,24.53110122680664,24.586227416992188,4535
2024-08-30,24.735986709594727,24.806730270385742,24.806730270385742,24.420848846435547,24.53110122680664,15419
2024-09-02,25.285676956176758,25.35799217224121,25.799001693725586,25.027236938476562,25.027236938476562,18140
2024-09-03,25.2307071685791,25.302865982055664,25.5784969329834,24.806730270385742,24.806730270385742,4535
2024-09-04,25.175739288330078,25.247739791870117,25.247739791870117,24.255470275878906,24.916982650756836,26303
2024-09-05,24.845924377441406,24.916982650756836,24.916982650756836,24.475975036621094,24.806730270385742,6349
2024-09-06,24.790956497192383,24.86185646057129,25.027236938476562,23.86958885192871,23.86958885192871,8163
2024-09-09,25.0658016204834,25.137487411499023,25.137487411499023,25.137487411499023,25.137487411499023,2721
2024-09-10,25.0658016204834,25.137487411499023,25.137487411499023,25.137487411499023,25.137487411499023,907
2024-09-11,24.845924377441406,24.916982650756836,24.916982650756836,23.86958885192871,23.86958885192871,8163
2024-09-12,27.31952476501465,27.39765739440918,24.586227416992188,24.090091705322266,24.255470275878906,9977
2024-09-13,24.40617561340332,24.475975036621094,24.475975036621094,24.36572265625,24.475975036621094,7256
2024-09-16,24.186298370361328,24.255470275878906,24.475975036621094,24.255470275878906,24.475975036621094,9070
2024-09-18,21.767669677734375,21.829923629760742,24.255470275878906,24.03496551513672,24.145219802856445,28117
2024-09-19,26.275115966796875,26.350261688232422,23.759336471557617,23.428579330444336,23.759336471557617,32652
2024-09-20,23.746549606323242,23.814462661743164,23.979839324951172,23.593957901000977,23.759336471557617,14512
2024-09-23,26.110210418701172,26.18488311767578,23.979839324951172,23.70421028137207,23.979839324951172,3628
2024-09-24,26.00027084350586,26.074630737304688,24.03496551513672,23.428579330444336,23.70421028137207,32652
2024-09-25,23.41673469543457,23.483705520629883,23.593957901000977,23.483705520629883,23.593957901000977,14512
2024-09-26,23.581642150878906,23.649084091186523,23.86958885192871,23.53883171081543,23.53883171081543,8163
2024-09-27,24.021392822265625,24.090091705322266,24.255470275878906,23.759336471557617,23.759336471557617,24489
2024-09-30,24.900896072387695,24.972110748291016,24.972110748291016,24.145219802856445,24.145219802856445,38094
2024-10-01,23.636611938476562,23.70421028137207,25.52337074279785,24.69647979736328,24.972110748291016,25396
2024-10-04,25.450584411621094,25.52337074279785,25.35799217224121,24.916982650756836,25.137487411499023,12698
2024-10-07,25.120769500732422,25.19261360168457,26.350261688232422,24.475975036621094,25.137487411499023,81631
2024-10-08,24.68101692199707,24.751604080200195,25.909252166748047,24.69647979736328,25.909252166748047,35373
2024-10-09,24.68101692199707,24.751604080200195,25.137487411499023,24.751604080200195,24.751604080200195,22675
2024-10-11,24.900896072387695,24.972110748291016,25.137487411499023,24.36572265625,25.137487411499023,25396
2024-10-14,24.900896072387695,24.972110748291016,24.972110748291016,24.586227416992188,24.972110748291016,3628
2024-10-15,23.636611938476562,23.70421028137207,26.240009307861328,24.586227416992188,24.586227416992188,18140
2024-10-16,22.70214080810547,22.767066955566406,25.633621215820312,24.972110748291016,25.633621215820312,17233
2024-10-17,24.790956497192383,24.86185646057129,25.52337074279785,24.806730270385742,25.52337074279785,16326
2024-10-18,24.571081161499023,24.641353607177734,24.86185646057129,24.641353607177734,24.86185646057129,14512
2024-10-21,26.98971176147461,27.0669002532959,24.641353607177734,24.475975036621094,24.641353607177734,19047
2024-10-22,24.461143493652344,24.53110122680664,24.641353607177734,24.475975036621094,24.475975036621094,22675
2024-10-23,22.04251480102539,22.105554580688477,24.806730270385742,24.090091705322266,24.310596466064453,36280
2024-10-24,24.186298370361328,24.255470275878906,25.027236938476562,24.20034408569336,24.20034408569336,23582
2024-10-25,24.186298370361328,24.255470275878906,24.36572265625,24.03496551513672,24.03496551513672,11791
2024-10-28,23.96642303466797,24.03496551513672,24.69647979736328,24.03496551513672,24.255470275878906,19047
2024-10-29,24.021392822265625,24.090091705322266,24.475975036621094,23.979839324951172,24.255470275878906,12698
2024-10-30,26.385051727294922,26.460512161254883,26.460512161254883,25.082361221313477,25.468244552612305,247614
2024-11-01,25.34064483642578,25.413118362426758,25.964378356933594,24.36572265625,25.247739791870117,234009
2024-11-04,24.62605094909668,24.69647979736328,25.68874740600586,24.586227416992188,24.586227416992188,87980
2024-11-05,25.2307071685791,25.302865982055664,25.302865982055664,24.475975036621094,24.475975036621094,48071
2024-11-06,24.735986709594727,24.806730270385742,25.468244552612305,24.751604080200195,25.413118362426758,47164
2024-11-07,23.471704483032227,23.53883171081543,25.302865982055664,24.586227416992188,24.806730270385742,18140
2024-11-08,24.790956497192383,24.86185646057129,26.01950454711914,24.86185646057129,25.247739791870117,33559
2024-11-11,24.571081161499023,24.641353607177734,25.19261360168457,24.420848846435547,24.641353607177734,19047
2024-11-12,24.571081161499023,24.641353607177734,24.916982650756836,24.586227416992188,24.916982650756836,20861
2024-11-13,22.152450561523438,22.215805053710938,24.586227416992188,24.53110122680664,24.586227416992188,11791
2024-11-14,24.790956497192383,24.86185646057129,24.972110748291016,24.586227416992188,24.586227416992188,25396
2024-11-15,24.571081161499023,24.641353607177734,26.240009307861328,25.137487411499023,25.247739791870117,68932
2024-11-18,26.00027084350586,26.074630737304688,26.625892639160156,25.5784969329834,26.129756927490234,36280
2024-11-19,25.945302963256836,26.01950454711914,27.01177406311035,25.964378356933594,26.129756927490234,54420
2024-11-20,25.89033317565918,25.964378356933594,26.681018829345703,25.909252166748047,26.074630737304688,88020
2024-11-21,25.89033317565918,25.964378356933594,25.964378356933594,25.68874740600586,25.74387550354004,10884
2024-11-22,25.725427627563477,25.799001693725586,26.240009307861328,25.964378356933594,25.964378356933594,34466
2024-11-25,26.33008575439453,26.40538787841797,28.004043579101562,26.18488311767578,27.01177406311035,51699
2024-11-26,26.494993209838867,26.57076644897461,26.901521682739258,26.350261688232422,26.40538787841797,19954
2024-11-27,26.824804306030273,26.901521682739258,27.177152633666992,26.129756927490234,26.460512161254883,25396
2024-11-28,24.40617561340332,24.475975036621094,26.57076644897461,25.247739791870117,26.57076644897461,29024
2024-11-29,26.110210418701172,26.18488311767578,26.736143112182617,25.909252166748047,26.736143112182617,11791
2024-12-02,26.33008575439453,26.40538787841797,27.01177406311035,25.909252166748047,26.791269302368164,19047
2024-12-03,26.934741973876953,27.01177406311035,26.240009307861328,25.5784969329834,25.799001693725586,31745
2024-12-04,26.110210418701172,26.18488311767578,26.84639549255371,25.5784969329834,25.633621215820312,25396
2024-12-05,24.40617561340332,24.475975036621094,26.460512161254883,25.74387550354004,26.460512161254883,24489
2024-12-06,25.2307071685791,25.302865982055664,25.68874740600586,25.137487411499023,25.68874740600586,39908
2024-12-09,24.571081161499023,24.641353607177734,25.35799217224121,24.586227416992188,25.247739791870117,77096
2024-12-10,24.40617561340332,24.475975036621094,24.916982650756836,24.475975036621094,24.641353607177734,52606
2024-12-11,26.275115966796875,26.350261688232422,24.420848846435547,24.03496551513672,24.36572265625,52606
2024-12-12,24.571081161499023,24.641353607177734,24.69647979736328,24.03496551513672,24.090091705322266,33559
2024-12-13,23.96642303466797,24.03496551513672,24.145219802856445,24.03496551513672,24.090091705322266,11791
2024-12-16,24.735986709594727,24.806730270385742,23.979839324951172,23.263200759887695,23.483705520629883,32652
2024-12-17,23.19685935974121,23.263200759887695,23.37345314025879,23.263200759887695,23.263200759887695,17233
2024-12-18,24.95586395263672,25.027236938476562,25.027236938476562,23.37345314025879,25.027236938476562,9977
2024-12-19,25.945302963256836,26.01950454711914,23.593957901000977,23.593957901000977,23.593957901000977,907
2024-12-20,24.735986709594727,24.806730270385742,24.69647979736328,23.318326950073242,24.69647979736328,5442
2024-12-23,25.945302963256836,26.01950454711914,24.255470275878906,23.483705520629883,23.70421028137207,11791
2024-12-24,25.725427627563477,25.799001693725586,23.37345314025879,23.1529483795166,23.37345314025879,16326
2024-12-25,23.19685935974121,23.263200759887695,23.70421028137207,22.71194076538086,22.71194076538086,11791
2024-12-26,25.505552291870117,25.5784969329834,23.263200759887695,22.71194076538086,22.71194076538086,10884
2024-12-27,22.81207847595215,22.8773193359375,22.8773193359375,22.436309814453125,22.8773193359375,20861
2024-12-30,22.81207847595215,22.8773193359375,22.8773193359375,22.601688385009766,22.656814575195312,8163
2024-12-31,23.30679702758789,23.37345314025879,23.37345314025879,22.381183624267578,22.436309814453125,10884
2025-01-02,22.70214080810547,22.767066955566406,22.767066955566406,22.71194076538086,22.71194076538086,3628
2025-01-03,22.537233352661133,22.601688385009766,22.8773193359375,22.381183624267578,22.8773193359375,29931
2025-01-06,22.537233352661133,22.601688385009766,23.1529483795166,22.491436004638672,22.601688385009766,25396
2025-01-07,24.735986709594727,24.806730270385742,22.656814575195312,22.160680770874023,22.656814575195312,35373
2025-01-08,21.877607345581055,21.940176010131836,22.160680770874023,21.829923629760742,22.05042839050293,7256
2025-01-09,20.668291091918945,20.727401733398438,21.003032684326172,20.727401733398438,21.003032684326172,42629
2025-01-10,20.22854232788086,20.286394119262695,20.947906494140625,20.286394119262695,20.782527923583984,22675
2025-01-13,22.152450561523438,22.215805053710938,19.404375076293945,18.963367462158203,19.404375076293945,48071
2025-01-14,19.678852081298828,19.735132217407227,20.782527923583984,19.735132217407227,19.84538459777832,9977
2025-01-15,19.23910140991211,19.294124603271484,19.84538459777832,19.238998413085938,19.294124603271484,25396
2025-01-16,19.73381996154785,19.790258407592773,19.84538459777832,19.18387222290039,19.34925079345703,44443
2025-01-17,17.80990982055664,17.8608455657959,19.294124603271484,19.128746032714844,19.294124603271484,19047
2025-01-20,21.16301155090332,21.22353744506836,19.900510787963867,19.294124603271484,19.294124603271484,11791
2025-01-21,20.33847999572754,20.39664649963379,20.617149353027344,19.955636978149414,19.955636978149414,11791
2025-01-22,20.283510208129883,20.341520309448242,20.39664649963379,19.84538459777832,20.01076316833496,23582
2025-02-03,20.11860466003418,20.1761417388916,20.39664649963379,20.121015548706055,20.121015548706055,9343
2025-02-04,21.217981338500977,21.278663635253906,21.278663635253906,19.735132217407227,19.735132217407227,3637
2025-02-05,21.16301155090332,21.22353744506836,21.22353744506836,20.83765411376953,20.83765411376953,4535
2025-02-06,21.16301155090332,21.22353744506836,21.22353744506836,19.955636978149414,19.955636978149414,10884
2025-02-07,21.108043670654297,21.168411254882812,21.168411254882812,20.39664649963379,20.39664649963379,18140
2025-02-10,20.008665084838867,20.065889358520508,20.23126792907715,20.065889358520508,20.1761417388916,11836
2025-02-11,20.11860466003418,20.1761417388916,20.83765411376953,20.065889358520508,20.1761417388916,9070
2025-02-12,20.33847999572754,20.39664649963379,20.39664649963379,20.23126792907715,20.286394119262695,18140
2025-02-13,20.503385543823242,20.562023162841797,20.617149353027344,20.562023162841797,20.562023162841797,22675
2025-02-14,20.83319854736328,20.892780303955078,20.892780303955078,20.1761417388916,20.341520309448242,10884
2025-02-17,20.998106002807617,21.05815887451172,21.22353744506836,20.451772689819336,20.451772689819336,5442
2025-02-18,20.998106002807617,21.05815887451172,21.444040298461914,20.617149353027344,21.278663635253906,13267
2025-02-19,21.547794342041016,21.609418869018555,21.940176010131836,21.609418869018555,21.88504981994629,4535
2025-02-20,21.767669677734375,21.829923629760742,22.160680770874023,21.49916648864746,22.160680770874023,9750
2025-02-21,21.987545013427734,22.05042839050293,22.32605743408203,21.774797439575195,21.774797439575195,4535
2025-02-24,22.427295684814453,22.491436004638672,22.491436004638672,22.491436004638672,22.491436004638672,1315
2025-02-25,21.877607345581055,21.940176010131836,21.940176010131836,21.609418869018555,21.609418869018555,6349
2025-02-26,21.657732009887695,21.71967124938965,22.105554580688477,21.71967124938965,21.829923629760742,10884
2025-02-27,21.987545013427734,22.05042839050293,22.05042839050293,21.444040298461914,21.444040298461914,11791
2025-03-03,21.877607345581055,21.940176010131836,21.940176010131836,21.113285064697266,21.609418869018555,2721
2025-03-04,21.657732009887695,21.71967124938965,21.71967124938965,21.168411254882812,21.168411254882812,5581
2025-03-05,21.657732009887695,21.71967124938965,21.71967124938965,21.49916648864746,21.71967124938965,2721
2025-03-06,21.60276222229004,21.6645450592041,21.6645450592041,21.388914108276367,21.388914108276367,2721
2025-03-07,21.327917098999023,21.388914108276367,21.609418869018555,21.22353744506836,21.609418869018555,4535
2025-03-10,21.49282455444336,21.554292678833008,22.601688385009766,21.554292678833008,21.609418869018555,9124
2025-03-11,21.657732009887695,21.71967124938965,21.71967124938965,21.609418869018555,21.609418869018555,2041
2025-03-12,21.547794342041016,21.609418869018555,21.71967124938965,21.554292678833008,21.554292678833008,5859
2025-03-13,21.327917098999023,21.388914108276367,21.609418869018555,20.947906494140625,21.609418869018555,13441
2025-03-14,21.327917098999023,21.388914108276367,21.388914108276367,21.388914108276367,21.388914108276367,0
2025-03-17,21.217981338500977,21.278663635253906,21.278663635253906,20.782527923583984,20.947906494140625,6927
2025-03-18,20.888168334960938,20.947906494140625,21.003032684326172,20.83765411376953,21.003032684326172,9070
2025-03-19,20.173572540283203,20.23126792907715,20.451772689819336,20.23126792907715,20.39664649963379,19999
2025-03-20,20.83319854736328,20.892780303955078,20.892780303955078,20.23126792907715,20.23126792907715,28120
2025-03-21,20.33847999572754,20.39664649963379,20.39664649963379,20.39664649963379,20.39664649963379,1814
2025-03-24,19.953697204589844,20.01076316833496,20.506898880004883,19.84538459777832,20.506898880004883,20866
2025-03-25,19.898727416992188,19.955636978149414,19.955636978149414,19.900510787963867,19.900510787963867,10022
2025-03-26,19.788789749145508,19.84538459777832,19.84538459777832,19.84538459777832,19.84538459777832,6349
2025-03-27,19.56891632080078,19.624881744384766,19.84538459777832,19.624881744384766,19.84538459777832,8164
2025-03-28,18.359600067138672,18.412107467651367,19.294124603271484,18.02622413635254,19.294124603271484,20861
2025-03-31,17.590036392211914,17.640342712402344,18.412107467651367,17.419837951660156,18.412107467651367,51699
2025-04-01,18.79935073852539,18.85311508178711,18.85311508178711,17.750593185424805,18.19160270690918,11791
2025-04-02,18.79935073852539,18.85311508178711,18.85311508178711,18.74286460876465,18.74286460876465,8163
2025-04-07,16.930408477783203,16.97882843017578,16.97882843017578,16.97882843017578,16.97882843017578,10884
2025-04-08,18.249662399291992,18.301855087280273,18.632610321044922,15.32504653930664,15.490425109863281,74442
2025-04-09,18.249662399291992,18.301855087280273,18.301855087280273,18.301855087280273,18.301855087280273,0
2025-04-10,17.040346145629883,17.089080810546875,19.238998413085938,16.592947006225586,18.301855087280273,186357
2025-04-11,15.501218795776367,15.545551300048828,16.70319938659668,15.380172729492188,16.70319938659668,97874
2025-04-14,15.006499290466309,15.049416542053223,15.986559867858887,15.049416542053223,15.380172729492188,79002
2025-04-15,15.501218795776367,15.545551300048828,15.655803680419922,15.049416542053223,15.10454273223877,75847
2025-04-16,15.501218795776367,15.545551300048828,15.600678443908691,15.214795112609863,15.545551300048828,13605
2025-04-17,15.446249961853027,15.490425109863281,15.545551300048828,15.32504653930664,15.545551300048828,17233
2025-04-18,15.226374626159668,15.26992130279541,15.545551300048828,15.159668922424316,15.435298919677734,26357
2025-04-21,14.951530456542969,14.994291305541992,15.435298919677734,14.939165115356445,15.049416542053223,29024
2025-04-22,14.951530456542969,14.994291305541992,14.994291305541992,14.884038925170898,14.939165115356445,12699
2025-04-23,14.841592788696289,14.884038925170898,15.049416542053223,14.167400360107422,15.049416542053223,20920
2025-04-24,13.852152824401855,13.891769409179688,14.553281784057617,13.891769409179688,14.553281784057617,53610
2025-04-25,14.181965827941895,14.222525596618652,14.222525596618652,13.891769409179688,13.946894645690918,16326
2025-04-28,14.511778831481934,14.553281784057617,15.10454273223877,14.112274169921875,14.553281784057617,41723
2025-04-29,15.721095085144043,15.766056060791016,15.766056060791016,14.773785591125488,14.773785591125488,52788
2025-04-30,15.831032752990723,15.87630844116211,16.648073196411133,15.655803680419922,15.655803680419922,33559
2025-05-02,16.270782470703125,16.31731605529785,16.31731605529785,16.096811294555664,16.096811294555664,19954
2025-05-05,15.721095085144043,15.766056060791016,16.207063674926758,15.766056060791016,16.207063674926758,10938
2025-05-06,15.336311340332031,15.380172729492188,15.710929870605469,15.214795112609863,15.710929870605469,14512
2025-05-07,15.336311340332031,15.380172729492188,15.380172729492188,15.380172729492188,15.380172729492188,907
2025-05-08,16.050907135009766,16.096811294555664,16.207063674926758,15.380172729492188,15.380172729492188,7256
2025-05-09,16.32575225830078,16.3724422454834,16.97882843017578,16.096811294555664,16.096811294555664,53513
2025-05-12,15.831032752990723,15.87630844116211,16.31731605529785,15.490425109863281,16.207063674926758,28117
2025-05-13,15.831032752990723,15.87630844116211,15.87630844116211,15.766056060791016,15.821182250976562,5442
2025-05-14,15.831032752990723,15.87630844116211,15.87630844116211,15.435298919677734,15.87630844116211,9977
2025-05-15,15.831032752990723,15.87630844116211,15.87630844116211,15.87630844116211,15.87630844116211,0
2025-05-16,15.721095085144043,15.766056060791016,15.821182250976562,15.766056060791016,15.766056060791016,8163
2025-05-19,15.391281127929688,15.435298919677734,15.435298919677734,15.435298919677734,15.435298919677734,9124
2025-05-20,15.391281127929688,15.435298919677734,15.766056060791016,15.435298919677734,15.435298919677734,12747
2025-05-21,15.391281127929688,15.435298919677734,15.545551300048828,15.435298919677734,15.545551300048828,7256
2025-05-22,15.391281127929688,15.435298919677734,15.435298919677734,15.435298919677734,15.435298919677734,7256
2025-05-23,15.940969467163086,15.986559867858887,15.986559867858887,15.986559867858887,15.986559867858887,907
2025-05-26,15.391281127929688,15.435298919677734,15.986559867858887,15.435298919677734,15.986559867858887,23609
2025-05-27,15.940969467163086,15.986559867858887,15.986559867858887,15.655803680419922,15.655803680419922,13605
2025-05-28,17.535066604614258,17.585216522216797,17.585216522216797,16.3724422454834,16.53782081604004,124554
2025-05-29,19.23910140991211,19.294124603271484,19.294124603271484,18.19160270690918,18.19160270690918,227659
2025-06-02,18.139724731445312,18.19160270690918,20.727401733398438,17.69546890258789,20.065889358520508,233102
2025-06-03,19.953697204589844,20.01076316833496,20.01076316833496,18.19160270690918,18.19160270690918,115608
2025-06-04,20.83319854736328,20.892780303955078,21.333789825439453,19.84538459777832,20.562023162841797,173284
2025-06-05,19.404006958007812,19.459501266479492,20.39664649963379,19.404375076293945,20.39664649963379,81721
2025-06-06,19.12916374206543,19.18387222290039,19.459501266479492,18.632610321044922,19.459501266479492,53469
2025-06-09,18.68941307067871,18.74286460876465,19.404375076293945,18.632610321044922,19.238998413085938,45350
2025-06-10,19.4589786529541,19.514629364013672,20.39664649963379,18.963367462158203,18.963367462158203,38094
2025-06-11,17.86488151550293,17.915973663330078,18.908241271972656,17.585216522216797,18.85311508178711,116195
2025-06-12,17.754941940307617,17.80571937561035,18.02622413635254,17.750593185424805,17.8608455657959,40865
2025-06-13,17.80990982055664,17.8608455657959,18.632610321044922,17.69546890258789,17.69546890258789,13605
2025-06-16,17.69997215270996,17.750593185424805,18.85311508178711,17.750593185424805,18.52235984802246,51699
2025-06-17,17.69997215270996,17.750593185424805,18.35698127746582,17.69546890258789,18.35698127746582,21813
2025-06-18,17.64500617980957,17.69546890258789,17.750593185424805,17.640342712402344,17.750593185424805,11412
2025-06-19,17.370161056518555,17.419837951660156,17.8608455657959,17.309585571289062,17.8608455657959,17233
2025-06-20,16.930408477783203,16.97882843017578,17.254459381103516,16.97882843017578,17.254459381103516,18140
2025-06-23,16.820470809936523,16.868576049804688,16.868576049804688,16.758325576782227,16.813451766967773,12698
2025-06-24,17.69997215270996,17.750593185424805,18.136476516723633,16.97882843017578,16.97882843017578,21415
2025-06-25,17.919849395751953,17.971099853515625,19.18387222290039,17.971099853515625,19.18387222290039,22875
2025-06-26,17.370161056518555,17.419837951660156,17.971099853515625,17.419837951660156,17.971099853515625,8163
2025-06-27,18.084754943847656,18.136476516723633,18.136476516723633,17.419837951660156,17.419837951660156,16326
2025-06-30,18.029787063598633,18.081350326538086,18.74286460876465,18.081350326538086,18.74286460876465,23582
2025-07-01,18.359600067138672,18.412107467651367,18.412107467651367,18.081350326538086,18.081350326538086,10903
2025-07-02,17.919849395751953,17.971099853515625,18.246728897094727,17.971099853515625,18.246728897094727,12698
2025-07-03,18.524505615234375,18.577484130859375,18.74286460876465,18.246728897094727,18.246728897094727,11791
2025-07-04,18.249662399291992,18.301855087280273,18.963367462158203,18.301855087280273,18.577484130859375,30474
2025-07-07,20.063634872436523,20.121015548706055,20.121015548706055,19.073619842529297,19.84538459777832,196870
2025-07-08,18.359600067138672,18.412107467651367,19.294124603271484,18.412107467651367,19.238998413085938,127072
2025-07-09,17.974817276000977,18.02622413635254,18.74286460876465,17.971099853515625,18.19160270690918,10929
2025-07-10,17.80990982055664,17.8608455657959,18.19160270690918,17.8608455657959,18.19160270690918,22816
2025-07-11,18.029787063598633,18.081350326538086,18.85311508178711,17.750593185424805,17.8608455657959,9978
2025-07-14,17.754941940307617,17.80571937561035,18.301855087280273,17.80571937561035,17.8608455657959,9977
2025-07-15,17.370161056518555,17.419837951660156,17.640342712402344,17.36471176147461,17.36471176147461,9120
2025-07-16,17.425128936767578,17.474964141845703,17.8608455657959,17.419837951660156,17.419837951660156,14512
2025-07-17,17.535066604614258,17.585216522216797,18.02622413635254,17.585216522216797,18.02622413635254,11791
2025-07-18,17.590036392211914,17.640342712402344,17.69546890258789,17.585216522216797,17.585216522216797,17278
2025-07-21,17.69997215270996,17.750593185424805,17.750593185424805,17.640342712402344,17.640342712402344,5482
2025-07-22,17.480098724365234,17.53009033203125,17.750593185424805,17.53009033203125,17.750593185424805,12698
2025-07-23,17.64500617980957,17.69546890258789,18.136476516723633,17.640342712402344,18.136476516723633,18140
2025-07-24,18.194692611694336,18.246728897094727,18.246728897094727,17.69546890258789,17.69546890258789,4535
2025-07-25,17.754941940307617,17.80571937561035,18.85311508178711,17.80571937561035,18.85311508178711,20004
2025-07-28,18.029787063598633,18.081350326538086,18.081350326538086,17.640342712402344,17.750593185424805,5442
2025-07-29,17.590036392211914,17.640342712402344,17.750593185424805,17.640342712402344,17.750593185424805,12748
2025-07-30,17.919849395751953,17.971099853515625,17.971099853515625,17.474964141845703,17.474964141845703,13611
2025-07-31,17.754941940307617,17.80571937561035,17.8608455657959,17.419837951660156,17.640342712402344,16326
2025-08-04,19.12916374206543,19.18387222290039,19.18387222290039,17.033954620361328,17.033954620361328,44449
2025-08-05,18.194692611694336,18.246728897094727,18.963367462158203,17.69546890258789,18.963367462158203,67118
2025-08-06,18.964256286621094,19.01849365234375,19.294124603271484,17.971099853515625,17.971099853515625,85259
2025-08-07,19.01922607421875,19.073619842529297,20.286394119262695,18.74286460876465,19.56975555419922,180495
2025-08-08,18.414569854736328,18.467233657836914,19.073619842529297,18.35698127746582,18.963367462158203,85834
2025-08-11,18.46953773498535,18.52235984802246,18.577484130859375,17.971099853515625,17.971099853515625,22675
2025-08-12,18.139724731445312,18.19160270690918,18.52235984802246,18.081350326538086,18.52235984802246,25396
2025-08-13,18.414569854736328,18.467233657836914,18.467233657836914,18.081350326538086,18.19160270690918,10884
2025-08-14,18.359600067138672,18.412107467651367,18.412107467651367,18.081350326538086,18.19160270690918,33007
2025-08-15,18.084754943847656,18.136476516723633,18.412107467651367,18.081350326538086,18.412107467651367,20861
2025-08-18,17.919849395751953,17.971099853515625,18.246728897094727,17.971099853515625,18.081350326538086,23676
2025-08-19,17.535066604614258,17.585216522216797,17.971099853515625,17.585216522216797,17.971099853515625,45350
2025-08-20,17.040346145629883,17.089080810546875,17.419837951660156,16.813451766967773,17.419837951660156,29024
2025-08-21,17.040346145629883,17.089080810546875,17.144208908081055,16.758325576782227,17.144208908081055,25975
2025-08-22,16.98537826538086,17.033954620361328,17.309585571289062,17.033954620361328,17.089080810546875,12698
2025-08-25,16.98537826538086,17.033954620361328,17.089080810546875,17.033954620361328,17.089080810546875,7256
2025-08-26,16.820470809936523,16.868576049804688,16.97882843017578,16.813451766967773,16.813451766967773,19078
2025-08-27,17.150283813476562,17.19933319091797,17.640342712402344,16.648073196411133,16.648073196411133,22834
2025-08-28,16.820470809936523,16.868576049804688,17.419837951660156,16.70319938659668,17.419837951660156,22785
2025-08-29,17.095317840576172,17.144208908081055,17.19933319091797,16.923702239990234,16.97882843017578,11791
2025-09-01,16.54562759399414,16.592947006225586,17.19933319091797,16.53782081604004,16.758325576782227,23732
2025-09-02,16.710535049438477,16.758325576782227,17.309585571289062,16.758325576782227,16.758325576782227,7256
2025-09-03,16.820470809936523,16.868576049804688,16.868576049804688,16.70319938659668,16.868576049804688,34466
2025-09-04,16.930408477783203,16.97882843017578,16.97882843017578,16.758325576782227,16.868576049804688,31745
2025-09-05,16.930408477783203,16.97882843017578,16.97882843017578,16.97882843017578,16.97882843017578,0
2025-09-08,16.930408477783203,16.97882843017578,17.089080810546875,16.97882843017578,17.089080810546875,6827
2025-09-09,16.98537826538086,17.033954620361328,17.089080810546875,16.592947006225586,16.758325576782227,57232
2025-09-10,16.875438690185547,16.923702239990234,17.53009033203125,16.923702239990234,17.53009033203125,9977
2025-09-11,16.98537826538086,17.033954620361328,17.089080810546875,16.592947006225586,17.089080810546875,18140
2025-09-12,16.98537826538086,17.033954620361328,17.033954620361328,16.70319938659668,16.70319938659668,4594
2025-09-15,16.490657806396484,16.53782081604004,17.033954620361328,16.53782081604004,17.033954620361328,14512
2025-09-16,16.65556526184082,16.70319938659668,17.640342712402344,16.70319938659668,17.640342712402344,11791
2025-09-17,16.65556526184082,16.70319938659668,16.758325576782227,16.70319938659668,16.758325576782227,2721
2025-09-18,16.820470809936523,16.868576049804688,17.474964141845703,16.813451766967773,17.089080810546875,22738
2025-09-19,16.710535049438477,16.758325576782227,16.758325576782227,16.648073196411133,16.70319938659668,9977
2025-09-22,16.7655029296875,16.813451766967773,16.813451766967773,16.592947006225586,16.648073196411133,17233
2025-09-23,16.600597381591797,16.648073196411133,16.758325576782227,16.592947006225586,16.70319938659668,13605
2025-09-24,16.600597381591797,16.648073196411133,16.648073196411133,16.648073196411133,16.648073196411133,18305
2025-09-25,16.820470809936523,16.868576049804688,16.868576049804688,16.868576049804688,16.868576049804688,1814
2025-09-26,16.820470809936523,16.868576049804688,16.868576049804688,16.868576049804688,16.868576049804688,0
2025-09-30,16.490657806396484,16.53782081604004,16.758325576782227,16.53782081604004,16.758325576782227,8163
2025-10-01,16.490657806396484,16.53782081604004,16.648073196411133,16.31731605529785,16.53782081604004,26303
2025-10-02,16.380720138549805,16.427568435668945,16.53782081604004,16.427568435668945,16.53782081604004,16326
2025-10-03,16.32575225830078,16.3724422454834,16.53782081604004,16.096811294555664,16.096811294555664,25397
2025-10-07,15.886000633239746,15.93143367767334,16.53782081604004,15.93143367767334,16.53782081604004,48094
2025-10-08,15.776063919067383,15.821182250976562,15.87630844116211,15.821182250976562,15.821182250976562,19954
2025-10-09,15.446249961853027,15.490425109863281,15.821182250976562,15.490425109863281,15.821182250976562,32652
2025-10-13,15.281342506408691,15.32504653930664,15.435298919677734,14.332777976989746,14.773785591125488,55327
2025-10-14,15.171405792236328,15.214795112609863,15.545551300048828,15.10454273223877,15.10454273223877,17218
2025-10-15,15.116436958312988,15.159668922424316,15.435298919677734,15.159668922424316,15.435298919677734,10951
2025-10-16,15.666125297546387,15.710929870605469,15.710929870605469,15.159668922424316,15.159668922424316,20958
2025-10-17,15.171405792236328,15.214795112609863,15.710929870605469,15.214795112609863,15.380172729492188,24489
2025-10-20,16.380720138549805,16.427568435668945,16.70319938659668,15.93143367767334,16.70319938659668,42629
2025-10-21,15.611156463623047,15.655803680419922,16.427568435668945,15.214795112609863,16.427568435668945,20867
2025-10-22,16.050907135009766,16.096811294555664,16.096811294555664,15.435298919677734,15.545551300048828,44443
2025-10-23,16.21581268310547,16.262189865112305,16.53782081604004,16.15193748474121,16.53782081604004,29931
2025-10-27,16.32575225830078,16.3724422454834,16.813451766967773,16.262189865112305,16.262189865112305,25396
2025-10-28,16.65556526184082,16.70319938659668,16.97882843017578,16.482694625854492,16.923702239990234,27210
2025-10-29,16.600597381591797,16.648073196411133,16.868576049804688,16.648073196411133,16.70319938659668,23600
2025-10-30,16.65556526184082,16.70319938659668,16.97882843017578,16.70319938659668,16.70319938659668,13672
2025-10-31,16.710535049438477,16.758325576782227,16.97882843017578,16.758325576782227,16.923702239990234,10884
2025-11-03,16.270782470703125,16.31731605529785,16.758325576782227,16.15193748474121,16.427568435668945,87659
2025-11-04,16.43568992614746,16.482694625854492,16.923702239990234,16.096811294555664,16.53782081604004,25172
2025-11-05,16.270782470703125,16.31731605529785,16.53782081604004,15.32504653930664,16.53782081604004,13877
2025-11-06,16.270782470703125,16.31731605529785,16.31731605529785,16.31731605529785,16.31731605529785,4603
2025-11-07,16.930408477783203,16.97882843017578,17.033954620361328,15.600678443908691,15.600678443908691,4535
2025-11-10,17.20525360107422,17.254459381103516,17.750593185424805,16.648073196411133,17.750593185424805,37715
2025-11-11,15.666125297546387,15.710929870605469,17.089080810546875,15.710929870605469,17.089080810546875,49931
2025-11-12,17.20525360107422,17.254459381103516,17.254459381103516,15.710929870605469,15.710929870605469,227659
2025-11-13,17.20525360107422,17.254459381103516,17.254459381103516,17.254459381103516,17.254459381103516,0
2025-11-14,17.20525360107422,17.254459381103516,17.254459381103516,17.254459381103516,17.254459381103516,0
2025-11-17,17.20525360107422,17.254459381103516,17.254459381103516,17.254459381103516,17.254459381103516,0
2025-11-18,17.20525360107422,17.254459381103516,17.254459381103516,17.254459381103516,17.254459381103516,0
2025-11-19,17.20525360107422,17.254459381103516,17.254459381103516,17.254459381103516,17.254459381103516,0
2025-11-20,17.20525360107422,17.254459381103516,17.254459381103516,17.254459381103516,17.254459381103516,0
2025-11-21,17.20525360107422,17.254459381103516,17.254459381103516,17.254459381103516,17.254459381103516,0
2025-11-24,18.895959854125977,18.950000762939453,18.950000762939453,18.950000762939453,18.950000762939453,70954
2025-11-25,20.74068260192871,20.799999237060547,20.799999237060547,20.799999237060547,20.799999237060547,113002
2025-11-26,22.78483772277832,22.850000381469727,22.850000381469727,22.850000381469727,22.850000381469727,356587
2025-11-27,24.430131912231445,24.5,25.100000381469727,22.899999618530273,25.100000381469727,882462
2025-11-28,22.93440818786621,23.0,24.450000762939453,22.549999237060547,24.450000762939453,321287
2025-12-01,22.635265350341797,22.700000762939453,23.350000381469727,21.950000762939453,23.0,208999
2025-12-02,24.878849029541016,24.950000762939453,24.950000762939453,24.950000762939453,24.950000762939453,275340
2025-12-03,25.57685089111328,25.649999618530273,27.100000381469727,25.600000381469727,27.100000381469727,534271
2025-12-04,25.22784996032715,25.299999237060547,26.399999618530273,24.5,25.600000381469727,294918
2025-12-05,25.526994705200195,25.600000381469727,26.149999618530273,24.5,25.049999237060547,270145
2025-12-08,25.57685089111328,25.649999618530273,25.799999237060547,25.149999618530273,25.799999237060547,155562
2025-12-09,25.726423263549805,25.799999237060547,25.799999237060547,25.049999237060547,25.399999618530273,106070
2025-12-10,28.26915168762207,28.350000381469727,28.350000381469727,28.350000381469727,28.350000381469727,373678
2025-12-11,31.061166763305664,31.149999618530273,31.149999618530273,31.149999618530273,31.149999618530273,239990
2025-12-12,33.903038024902344,34.0,34.25,31.200000762939453,31.200000762939453,1523933
2025-12-15,37.2933464050293,37.400001525878906,37.400001525878906,33.29999923706055,34.900001525878906,1539939
2025-12-16,40.982791900634766,41.099998474121094,41.099998474121094,38.5,39.0,1552392
2025-12-17,36.89448547363281,37.0,38.599998474121094,37.0,38.099998474121094,634476
2025-12-18,36.49562454223633,36.599998474121094,36.900001525878906,35.400001525878906,36.900001525878906,394853
2025-12-19,38.39020538330078,38.5,38.5,36.650001525878906,36.650001525878906,239218
2025-12-22,39.38735580444336,39.5,39.5,38.5,39.45000076293945,117217
2025-12-23,39.33749771118164,39.45000076293945,40.400001525878906,39.04999923706055,40.400001525878906,156721
2025-12-24,38.48991775512695,38.599998474121094,39.79999923706055,38.099998474121094,39.79999923706055,258049
2025-12-26,38.48991775512695,38.599998474121094,38.599998474121094,37.599998474121094,38.25,177854
2025-12-29,39.33749771118164,39.45000076293945,39.849998474121094,37.599998474121094,37.599998474121094,175933
2025-12-30,39.28763961791992,39.400001525878906,40.400001525878906,38.5,40.400001525878906,206948
2025-12-31,38.091064453125,38.20000076293945,39.150001525878906,38.20000076293945,38.5,142837
2026-01-02,38.34035110473633,38.45000076293945,39.400001525878906,34.400001525878906,37.20000076293945,1278077
2026-01-05,34.999900817871094,35.099998474121094,38.0,34.79999923706055,38.0,841330
2026-01-06,33.454322814941406,33.54999923706055,35.20000076293945,32.099998474121094,35.150001525878906,810418
2026-01-07,36.794769287109375,36.900001525878906,36.900001525878906,36.900001525878906,36.900001525878906,220165
2026-01-08,39.786216735839844,39.900001525878906,40.54999923706055,38.75,40.54999923706055,1262356
2026-01-09,37.59248733520508,37.70000076293945,39.0,37.099998474121094,38.5,519895
2026-01-12,41.33179473876953,41.45000076293945,41.45000076293945,38.400001525878906,38.400001525878906,1666849
2026-01-13,38.240631103515625,38.349998474121094,44.599998474121094,37.349998474121094,43.900001525878906,1748653
2026-01-14,36.944339752197266,37.04999923706055,37.54999923706055,35.79999923706055,37.349998474121094,864264
2026-01-15,36.44576644897461,36.54999923706055,37.5,36.04999923706055,37.04999923706055,415888
2026-01-16,36.29619598388672,36.400001525878906,37.29999923706055,36.150001525878906,37.0,341186
2026-01-19,35.74776077270508,35.849998474121094,36.79999923706055,35.099998474121094,35.400001525878906,323100
2026-01-20,35.299049377441406,35.400001525878906,36.599998474121094,35.0,35.849998474121094,279295
2026-01-21,34.401615142822266,34.5,35.75,34.5,35.099998474121094,310605
2026-01-22,35.4486198425293,35.54999923706055,35.79999923706055,34.54999923706055,34.900001525878906,105370
2026-01-23,35.1993293762207,35.29999923706055,35.95000076293945,34.400001525878906,35.95000076293945,125000
2026-01-26,35.09961700439453,35.20000076293945,36.0,34.900001525878906,34.900001525878906,85728
2026-01-27,34.45146942138672,34.54999923706055,35.54999923706055,34.400001525878906,35.25,181209
2026-01-28,35.897335052490234,36.0,36.0,34.400001525878906,34.54999923706055,149000
2026-01-29,34.90018844604492,35.0,36.099998474121094,34.650001525878906,36.099998474121094,186450
2026-01-30,34.90018844604492,35.0,35.29999923706055,34.20000076293945,35.29999923706055,116954
2026-02-02,34.35175704956055,34.45000076293945,34.75,34.25,34.75,88022
2026-02-03,34.90018844604492,35.0,36.400001525878906,34.29999923706055,34.45000076293945,116674
2026-02-04,35.299049377441406,35.400001525878906,35.599998474121094,34.900001525878906,35.0,62000
2026-02-05,34.601043701171875,34.70000076293945,35.70000076293945,34.599998474121094,35.400001525878906,62395
2026-02-06,33.95289611816406,34.04999923706055,34.54999923706055,33.45000076293945,34.54999923706055,99075
2026-02-09,31.111024856567383,31.200000762939453,33.0,31.0,33.0,489794
2026-02-10,32.25774383544922,32.349998474121094,33.0,31.700000762939453,31.700000762939453,81263
2026-02-11,31.80902862548828,31.899999618530273,32.0,30.850000381469727,31.25,205000
2026-02-23,32.90589141845703,33.0,33.849998474121094,31.850000381469727,31.850000381469727,106100
2026-02-24,33.10531997680664,33.20000076293945,33.79999923706055,32.5,32.5,44000
2026-02-25,33.60389709472656,33.70000076293945,34.0,33.099998474121094,33.20000076293945,72834
2026-02-26,33.40446472167969,33.5,34.54999923706055,33.29999923706055,33.349998474121094,88773
2026-03-02,33.653751373291016,33.75,34.20000076293945,31.899999618530273,32.150001525878906,62006
2026-03-03,33.85318374633789,33.95000076293945,34.150001525878906,33.54999923706055,34.0,70099
2026-03-04,32.80617904663086,32.900001525878906,33.95000076293945,32.400001525878906,33.70000076293945,106000
2026-03-05,36.04690933227539,36.150001525878906,36.150001525878906,36.150001525878906,36.150001525878906,177648
2026-03-06,36.14662170410156,36.25,38.79999923706055,35.900001525878906,36.099998474121094,577279
2026-03-09,33.454322814941406,33.54999923706055,34.099998474121094,32.650001525878906,32.650001525878906,277015
2026-03-10,32.50703048706055,32.599998474121094,36.0,32.0,33.54999923706055,206100
2026-03-11,32.55689239501953,32.650001525878906,33.5,32.20000076293945,32.20000076293945,190085
2026-03-12,32.2078857421875,32.29999923706055,33.0,32.20000076293945,32.95000076293945,101000
2026-03-13,32.30760192871094,32.400001525878906,32.45000076293945,31.200000762939453,32.29999923706055,49010
2026-03-16,33.703609466552734,33.79999923706055,34.79999923706055,33.099998474121094,33.099998474121094,164012
2026-03-17,37.0440559387207,37.150001525878906,37.150001525878906,34.5,34.599998474121094,313254
2026-03-18,40.73350143432617,40.849998474121094,40.849998474121094,40.849998474121094,40.849998474121094,314018
2026-03-19,44.77195739746094,44.900001525878906,44.900001525878906,43.5,44.400001525878906,1802042
2026-03-20,47.6636848449707,47.79999923706055,48.650001525878906,43.599998474121094,48.5,1516700
2026-03-23,42.92723083496094,43.04999923706055,46.5,43.04999923706055,45.0,625510
2026-03-24,40.88307571411133,41.0,44.0,38.75,43.70000076293945,352821
2026-03-25,44.97138214111328,45.099998474121094,45.099998474121094,44.20000076293945,45.099998474121094,580130
2026-03-26,46.367393493652344,46.5,48.0,46.0,48.0,439400
2026-03-27,45.07109832763672,45.20000076293945,46.599998474121094,45.0,46.599998474121094,240692
2026-03-30,45.86881637573242,46.0,46.400001525878906,44.70000076293945,44.70000076293945,208070
2026-03-31,43.076805114746094,43.20000076293945,46.45000076293945,43.20000076293945,46.0,193133
2026-04-01,45.12095642089844,45.25,46.0,44.54999923706055,46.0,134209
2026-04-02,44.472808837890625,44.599998474121094,46.45000076293945,44.599998474121094,46.0,85093
2026-04-07,44.52267074584961,44.650001525878906,45.849998474121094,44.20000076293945,45.849998474121094,122819
2026-04-08,46.367393493652344,46.5,46.54999923706055,45.0,45.0,290234
2026-04-09,46.367393493652344,46.5,46.79999923706055,42.099998474121094,43.150001525878906,497480
2026-04-10,44.37309646606445,44.5,47.0,43.0,46.0,670000
2026-04-13,47.76340103149414,47.900001525878906,48.79999923706055,46.25,48.79999923706055,961014
2026-04-14,46.76625442504883,46.900001525878906,48.95000076293945,45.599998474121094,48.79999923706055,829754
2026-04-15,42.72779846191406,42.849998474121094,46.79999923706055,42.79999923706055,46.29999923706055,577601
2026-04-16,44.472808837890625,44.599998474121094,46.0,42.5,42.900001525878906,311653
2026-04-17,48.910118103027344,49.04999923706055,49.04999923706055,44.5,44.599998474121094,1027168
2026-04-20,53.74629211425781,53.900001525878906,53.900001525878906,51.5,51.5,1097712
2026-04-21,56.4385871887207,56.599998474121094,56.79999923706055,52.0,53.79999923706055,2294864
2026-04-22,53.34743118286133,53.5,56.599998474121094,53.400001525878906,56.599998474121094,851058
2026-04-23,50.754844665527344,50.900001525878906,55.29999923706055,48.79999923706055,53.5,1058538
2026-04-24,45.86881637573242,46.0,50.70000076293945,46.0,50.5,800001
2026-04-27,45.170814514160156,45.29999923706055,47.0,43.099998474121094,46.45000076293945,441564
2026-04-28,45.370243072509766,45.5,46.650001525878906,44.150001525878906,45.79999923706055,240001
2026-04-29,45.91867446899414,46.04999923706055,47.400001525878906,44.099998474121094,44.900001525878906,278535
2026-04-30,45.07109832763672,45.20000076293945,46.95000076293945,45.099998474121094,46.79999923706055,169042
2026-05-04,44.77195739746094,44.900001525878906,46.20000076293945,44.70000076293945,45.5,175000
2026-05-05,45.86881637573242,46.0,46.5,45.04999923706055,45.04999923706055,126176
2026-05-06,48.2619743347168,48.400001525878906,48.75,45.29999923706055,46.0,419026
2026-05-07,49.75769805908203,49.900001525878906,51.79999923706055,48.45000076293945,48.45000076293945,519200
2026-05-08,47.613826751708984,47.75,50.0,47.599998474121094,50.0,316300
2026-05-11,45.46995544433594,45.599998474121094,48.0,45.0,48.0,384006
2026-05-12,44.073951721191406,44.20000076293945,45.70000076293945,44.04999923706055,45.70000076293945,175100
2026-05-13,44.073951721191406,44.20000076293945,45.0,43.5,44.0,220107
2026-05-14,48.461402893066406,48.599998474121094,48.599998474121094,47.099998474121094,47.95000076293945,783908
2026-05-15,45.170814514160156,45.29999923706055,49.400001525878906,45.29999923706055,48.29999923706055,998000
2026-05-18,46.61668014526367,46.75,47.400001525878906,44.0,45.29999923706055,451009
2026-05-19,46.56682205200195,46.70000076293945,49.0,46.349998474121094,47.45000076293945,474001
2026-05-20,48.461402893066406,48.599998474121094,49.20000076293945,46.599998474121094,46.75,400000
2026-05-21,52.35028076171875,52.5,53.29999923706055,49.20000076293945,49.20000076293945,713225
2026-05-22,52.6494255065918,52.79999923706055,53.79999923706055,51.20000076293945,52.5,457907
2026-05-25,51.15370178222656,51.29999923706055,53.70000076293945,50.79999923706055,53.0,587814
2026-05-26,50.555416107177734,50.70000076293945,52.29999923706055,50.0,50.900001525878906,392390
2026-05-27,50.754844665527344,50.900001525878906,51.5,48.79999923706055,51.400001525878906,515932
2026-05-28,48.660831451416016,48.79999923706055,51.5,48.79999923706055,51.400001525878906,313533
2026-05-29,47.76340103149414,47.900001525878906,50.0,47.04999923706055,50.0,323002
2026-06-01,48.311832427978516,48.45000076293945,50.20000076293945,47.70000076293945,47.75,236579
2026-06-02,50.05684280395508,50.20000076293945,50.79999923706055,48.0,49.349998474121094,277554
2026-06-03,55.04258346557617,55.20000076293945,55.20000076293945,49.900001525878906,51.400001525878906,1150891
2026-06-04,57.8345947265625,58.0,60.0,54.099998474121094,54.70000076293945,1850216
2026-06-05,54.743438720703125,54.900001525878906,58.79999923706055,53.599998474121094,58.0,625111
2026-06-08,52.948570251464844,53.099998474121094,54.0,49.599998474121094,49.599998474121094,432907
2026-06-09,49.558265686035156,49.70000076293945,53.400001525878906,49.650001525878906,52.70000076293945,713500
2026-06-10,50.25627136230469,50.400001525878906,53.20000076293945,49.599998474121094,49.650001525878906,563058
2026-06-11,55.24201202392578,55.400001525878906,55.400001525878906,50.0,51.0,965000
2026-06-12,60.72632598876953,60.900001525878906,60.900001525878906,57.0,58.099998474121094,1385920
2026-06-15,66.70922088623047,66.9000015258789,66.9000015258789,65.30000305175781,66.0,462326
2026-06-16,64.0,64.0,73.0999984741211,63.099998474121094,71.30000305175781,2569073
2026-06-17,70.4000015258789,70.4000015258789,70.4000015258789,64.0,65.0,800933
2026-06-18,71.19999694824219,71.19999694824219,77.4000015258789,70.4000015258789,71.30000305175781,2061126
2026-06-22,67.252197265625,67.252197265625,68.96927642822266,65.91669464111328,67.91995239257812,1057357
2026-06-23,65.3443374633789,65.3443374633789,67.252197265625,63.34107971191406,67.252197265625,743643
2026-06-24,63.9134407043457,63.9134407043457,65.3443374633789,63.054901123046875,63.43647384643555,396846
2026-06-25,63.9134407043457,63.9134407043457,65.53512573242188,63.531864166259766,64.77198028564453,394060
2026-06-26,62.482540130615234,62.482540130615234,65.15354919433594,62.10096740722656,63.62725830078125,480154
2026-06-29,62.0,62.0,64.4000015258789,60.5,64.0,442320
2026-06-30,61.599998474121094,61.599998474121094,63.20000076293945,61.5,62.400001525878906,236009
2026-07-01,62.29999923706055,62.29999923706055,66.80000305175781,62.0,62.20000076293945,417007
2026-07-02,62.400001525878906,62.400001525878906,63.5,61.70000076293945,63.0,159000
2026-07-03,62.400001525878906,62.400001525878906,63.79999923706055,62.0,62.0,201000
2026-07-06,59.0,59.0,62.29999923706055,58.79999923706055,61.599998474121094,354001
2026-07-07,57.20000076293945,57.20000076293945,61.900001525878906,57.20000076293945,60.400001525878906,289238
2026-07-08,57.599998474121094,57.599998474121094,58.599998474121094,55.20000076293945,58.599998474121094,242172
2026-07-09,63.29999923706055,63.29999923706055,63.29999923706055,59.20000076293945,60.599998474121094,529859
2026-07-10,63.29999923706055,63.29999923706055,63.29999923706055,63.29999923706055,63.29999923706055,0
2026-07-13,59.599998474121094,59.599998474121094,63.70000076293945,59.599998474121094,63.5,636692
2026-07-14,58.5,58.5,60.599998474121094,55.599998474121094,59.5,166016
2026-07-15,58.0,58.0,60.0,57.900001525878906,59.29999923706055,163179
2026-07-16,56.400001525878906,56.400001525878906,58.5,55.79999923706055,57.70000076293945,128061
2026-07-17,53.5,53.5,55.900001525878906,53.0,55.0,254315
2026-07-20,53.20000076293945,53.20000076293945,54.20000076293945,51.5,53.400001525878906,173000
2026-07-21,53.5,53.5,55.70000076293945,53.0,53.20000076293945,218020
2026-07-22,52.599998474121094,52.599998474121094,54.900001525878906,52.5,54.900001525878906,159154
2026-07-23,51.20000076293945,51.20000076293945,53.900001525878906,49.650001525878906,51.20000076293945,968278
2026-07-24,50.70000076293945,50.70000076293945,51.79999923706055,50.29999923706055,50.900001525878906,257573
2026-07-27,50.70000076293945,50.70000076293945,50.70000076293945,48.54999923706055,50.29999923706055,346100
2026-07-28,47.70000076293945,47.70000076293945,50.099998474121094,47.70000076293945,49.25,323477
2026-07-29,46.20000076293945,46.20000076293945,47.70000076293945,45.0,47.70000076293945,370382
2026-07-30,46.25,46.25,48.900001525878906,46.0,46.150001525878906,211122
2026-07-31,48.0,48.0,48.95000076293945,47.650001525878906,48.349998474121094,149321
2026-08-03,47.70000076293945,47.70000076293945,51.29999923706055,45.400001525878906,45.5,410088
2026-08-04,46.95000076293945,46.95000076293945,48.70000076293945,46.45000076293945,48.650001525878906,177703
2026-08-05,46.849998474121094,46.849998474121094,48.099998474121094,46.849998474121094,47.0,210194
2026-08-06,46.900001525878906,46.900001525878906,47.599998474121094,45.79999923706055,46.849998474121094,159014
2026-08-07,47.599998474121094,47.599998474121094,51.5,47.150001525878906,49.599998474121094,1217250
2026-08-10,47.4,47.4,48.2,46.9,47.6,233653
2026-08-11,46.75,46.75,48.0,46.5,47.25,135972
2026-08-12,47.5,47.5,48.55,46.85,46.85,145889
2026-08-13,47.7,47.7,48.45,47.6,47.75,148499
