Price,Adj Close,Close,High,Low,Open,Volume
Ticker,6548.TWO,6548.TWO,6548.TWO,6548.TWO,6548.TWO,6548.TWO
Date,,,,,,
2020-01-02,10.792145729064941,13.720000267028809,13.800000190734863,13.640000343322754,13.800000190734863,685000
2020-01-03,10.729217529296875,13.640000343322754,13.760000228881836,13.600000381469727,13.739999771118164,985000
2020-01-06,10.682021141052246,13.579999923706055,13.640000343322754,13.520000457763672,13.619999885559082,935000
2020-01-07,10.398844718933105,13.220000267028809,13.640000343322754,13.199999809265137,13.579999923706055,1172500
2020-01-08,10.084206581115723,12.819999694824219,13.199999809265137,12.680000305175781,13.199999809265137,1335000
2020-01-09,10.178597450256348,12.9399995803833,12.979999542236328,12.4399995803833,12.4399995803833,1427500
2020-01-10,10.131402015686035,12.880000114440918,13.020000457763672,12.84000015258789,13.020000457763672,455000
2020-01-13,10.131402015686035,12.880000114440918,12.979999542236328,12.859999656677246,12.880000114440918,335000
2020-01-14,10.14713191986084,12.899999618530273,13.079999923706055,12.84000015258789,12.899999618530273,1112500
2020-01-15,10.16286849975586,12.920000076293945,13.039999961853027,12.84000015258789,12.859999656677246,517500
2020-01-16,10.16286849975586,12.920000076293945,13.0,12.859999656677246,12.899999618530273,332500
2020-01-17,10.115669250488281,12.859999656677246,12.920000076293945,12.84000015258789,12.920000076293945,390197
2020-01-20,10.131402015686035,12.880000114440918,12.960000038146973,12.819999694824219,12.960000038146973,490620
2020-01-30,9.124556541442871,11.600000381469727,12.0,11.600000381469727,12.0,4742500
2020-01-31,9.124556541442871,11.600000381469727,11.680000305175781,11.399999618530273,11.399999618530273,1445000
2020-02-03,8.448079109191895,10.739999771118164,11.0,10.539999961853027,11.0,1290000
2020-02-04,8.573933601379395,10.899999618530273,10.9399995803833,10.779999732971191,10.779999732971191,457500
2020-02-05,8.479543685913086,10.779999732971191,11.279999732971191,10.779999732971191,11.039999961853027,737500
2020-02-06,8.62113094329834,10.960000038146973,11.039999961853027,10.859999656677246,10.9399995803833,450000
2020-02-07,8.43234634399414,10.720000267028809,10.979999542236328,10.699999809265137,10.979999542236328,917500
2020-02-10,8.385150909423828,10.65999984741211,10.720000267028809,10.460000038146973,10.5600004196167,522500
2020-02-11,8.416616439819336,10.699999809265137,10.800000190734863,10.640000343322754,10.800000190734863,375000
2020-02-12,8.55820369720459,10.880000114440918,10.880000114440918,10.699999809265137,10.800000190734863,497500
2020-02-13,8.62113094329834,10.960000038146973,11.039999961853027,10.859999656677246,10.960000038146973,602500
2020-02-14,8.92004108428955,11.34000015258789,11.539999961853027,11.079999923706055,11.359999656677246,1447230
2020-02-17,8.778450965881348,11.15999984741211,11.34000015258789,11.0600004196167,11.34000015258789,670000
2020-02-18,8.605400085449219,10.9399995803833,11.15999984741211,10.920000076293945,11.15999984741211,447500
2020-02-19,8.684060096740723,11.039999961853027,11.039999961853027,10.800000190734863,10.9399995803833,330000
2020-02-20,8.684060096740723,11.039999961853027,11.180000305175781,11.020000457763672,11.119999885559082,195000
2020-02-21,8.668327331542969,11.020000457763672,11.100000381469727,10.960000038146973,11.100000381469727,330250
2020-02-24,8.479543685913086,10.779999732971191,10.960000038146973,10.760000228881836,10.960000038146973,440000
2020-02-25,8.463809967041016,10.760000228881836,10.800000190734863,10.420000076293945,10.520000457763672,680000
2020-02-26,8.43234634399414,10.720000267028809,10.899999618530273,10.600000381469727,10.600000381469727,200000
2020-02-27,8.715523719787598,11.079999923706055,11.079999923706055,10.579999923706055,10.720000267028809,957500
2020-03-02,8.715523719787598,11.079999923706055,11.239999771118164,10.65999984741211,10.960000038146973,1365000
2020-03-03,8.935770988464355,11.359999656677246,11.460000038146973,11.079999923706055,11.180000305175781,1460000
2020-03-04,8.967235565185547,11.399999618530273,11.460000038146973,11.199999809265137,11.359999656677246,740000
2020-03-05,9.124556541442871,11.600000381469727,11.699999809265137,11.420000076293945,11.4399995803833,1187500
2020-03-06,9.077360153198242,11.539999961853027,11.739999771118164,11.520000457763672,11.739999771118164,905000
2020-03-09,8.746988296508789,11.119999885559082,11.479999542236328,11.039999961853027,11.479999542236328,1115000
2020-03-10,8.526740074157715,10.84000015258789,10.920000076293945,10.680000305175781,10.699999809265137,712500
2020-03-11,8.43234634399414,10.720000267028809,11.100000381469727,10.720000267028809,11.100000381469727,372500
2020-03-12,8.180636405944824,10.399999618530273,10.520000457763672,9.65999984741211,10.520000457763672,2165000
2020-03-13,7.582819938659668,9.640000343322754,9.819999694824219,9.359999656677246,9.420000076293945,2542500
2020-03-16,6.874879837036133,8.739999771118164,9.760000228881836,8.680000305175781,9.65999984741211,1362500
2020-03-17,6.465848922729492,8.220000267028809,8.399999618530273,8.0,8.0600004196167,1475000
2020-03-18,6.166940689086914,7.840000152587891,8.239999771118164,7.800000190734863,8.239999771118164,2137500
2020-03-19,5.569124221801758,7.079999923706055,8.619999885559082,7.059999942779541,7.840000152587891,2950000
2020-03-20,5.78937292098999,7.360000133514404,7.659999847412109,7.199999809265137,7.199999809265137,1515000
2020-03-23,5.820837020874023,7.400000095367432,7.599999904632568,6.880000114440918,7.0,597500
2020-03-24,6.214136123657227,7.900000095367432,7.900000095367432,7.420000076293945,7.420000076293945,1010000
2020-03-25,6.8276848793029785,8.680000305175781,8.680000305175781,8.319999694824219,8.319999694824219,1065000
2020-03-26,6.906343936920166,8.779999732971191,9.119999885559082,8.680000305175781,8.920000076293945,1730000
2020-03-27,6.906343936920166,8.779999732971191,9.0600004196167,8.720000267028809,8.920000076293945,787500
2020-03-30,6.811953067779541,8.65999984741211,8.760000228881836,8.359999656677246,8.380000114440918,267500
2020-03-31,6.843414783477783,8.699999809265137,8.800000190734863,8.600000381469727,8.720000267028809,290000
2020-04-01,6.89061164855957,8.760000228881836,8.760000228881836,8.460000038146973,8.699999809265137,207500
2020-04-06,6.969272136688232,8.859999656677246,8.920000076293945,8.640000343322754,8.699999809265137,577500
2020-04-07,7.063663959503174,8.979999542236328,9.260000228881836,8.880000114440918,8.920000076293945,992500
2020-04-08,7.142324924468994,9.079999923706055,9.359999656677246,8.960000038146973,8.979999542236328,660000
2020-04-09,7.346839427947998,9.34000015258789,9.399999618530273,9.140000343322754,9.399999618530273,427500
2020-04-10,7.519892692565918,9.5600004196167,9.579999923706055,9.380000114440918,9.380000114440918,407500
2020-04-13,7.551357269287109,9.600000381469727,9.680000305175781,9.239999771118164,9.640000343322754,525000
2020-04-14,7.818800926208496,9.9399995803833,10.0,9.539999961853027,9.539999961853027,730000
2020-04-15,7.850263595581055,9.979999542236328,10.359999656677246,9.9399995803833,10.0,822500
2020-04-16,7.865994930267334,10.0,10.079999923706055,9.760000228881836,9.979999542236328,322500
2020-04-17,7.913193702697754,10.0600004196167,10.199999809265137,9.920000076293945,10.180000305175781,600000
2020-04-20,8.117707252502441,10.319999694824219,10.380000114440918,10.0,10.0,1200000
2020-04-21,8.35368824005127,10.619999885559082,10.760000228881836,10.319999694824219,10.479999542236328,1570000
2020-04-22,8.275028228759766,10.520000457763672,10.600000381469727,10.260000228881836,10.359999656677246,405000
2020-04-23,8.275028228759766,10.520000457763672,10.600000381469727,10.4399995803833,10.520000457763672,92500
2020-04-24,8.212099075317383,10.4399995803833,10.539999961853027,10.399999618530273,10.520000457763672,247500
2020-04-27,8.49527645111084,10.800000190734863,10.880000114440918,10.399999618530273,10.399999618530273,1157500
2020-04-28,8.9829683303833,11.420000076293945,11.539999961853027,10.859999656677246,10.880000114440918,1420000
2020-04-29,9.423463821411133,11.979999542236328,11.979999542236328,11.34000015258789,11.600000381469727,2695000
2020-04-30,9.470656394958496,12.039999961853027,12.239999771118164,11.800000190734863,12.15999984741211,2142500
2020-05-04,9.454926490783691,12.020000457763672,12.020000457763672,11.520000457763672,11.720000267028809,770000
2020-05-05,9.391996383666992,11.9399995803833,12.279999732971191,11.920000076293945,12.100000381469727,1542500
2020-05-06,9.439193725585938,12.0,12.079999923706055,11.760000228881836,11.960000038146973,1180000
2020-05-07,9.816763877868652,12.479999542236328,12.880000114440918,11.960000038146973,12.0,2725000
2020-05-08,9.974081993103027,12.680000305175781,12.779999732971191,12.359999656677246,12.520000457763672,2120000
2020-05-11,10.005547523498535,12.720000267028809,12.9399995803833,12.399999618530273,12.9399995803833,980000
2020-05-12,9.958351135253906,12.65999984741211,12.779999732971191,12.399999618530273,12.720000267028809,2197500
2020-05-13,9.816763877868652,12.479999542236328,12.65999984741211,12.420000076293945,12.65999984741211,612500
2020-05-14,9.329071998596191,11.859999656677246,12.5,11.84000015258789,12.420000076293945,1882500
2020-05-15,9.15601921081543,11.640000343322754,12.0,11.5600004196167,11.960000038146973,945000
2020-05-18,8.935770988464355,11.359999656677246,11.680000305175781,11.34000015258789,11.640000343322754,897500
2020-05-19,8.95150375366211,11.380000114440918,11.520000457763672,11.239999771118164,11.4399995803833,787500
2020-05-20,8.9829683303833,11.420000076293945,11.479999542236328,11.239999771118164,11.279999732971191,1295000
2020-05-21,9.124556541442871,11.600000381469727,11.640000343322754,11.479999542236328,11.479999542236328,807500
2020-05-22,9.030163764953613,11.479999542236328,11.619999885559082,11.460000038146973,11.619999885559082,512500
2020-05-25,9.250411033630371,11.760000228881836,11.760000228881836,11.300000190734863,11.479999542236328,917500
2020-05-26,10.16286849975586,12.920000076293945,12.920000076293945,12.079999923706055,12.079999923706055,6890000
2020-05-27,9.816763877868652,12.479999542236328,12.979999542236328,12.380000114440918,12.920000076293945,6317500
2020-05-28,9.722370147705078,12.359999656677246,12.640000343322754,12.199999809265137,12.520000457763672,2025000
2020-05-29,9.612248420715332,12.220000267028809,12.4399995803833,12.15999984741211,12.380000114440918,1115000
2020-06-01,10.005547523498535,12.720000267028809,12.720000267028809,12.119999885559082,12.119999885559082,2047500
2020-06-02,9.863958358764648,12.539999961853027,13.119999885559082,12.539999961853027,12.920000076293945,5575000
2020-06-03,10.005547523498535,12.720000267028809,12.739999771118164,12.539999961853027,12.5600004196167,1922500
2020-06-04,10.115669250488281,12.859999656677246,12.9399995803833,12.720000267028809,12.84000015258789,2442500
2020-06-05,10.131402015686035,12.880000114440918,13.039999961853027,12.880000114440918,13.020000457763672,1777500
2020-06-08,10.14713191986084,12.899999618530273,13.020000457763672,12.760000228881836,13.020000457763672,1195000
2020-06-09,9.942617416381836,12.640000343322754,12.880000114440918,12.619999885559082,12.880000114440918,1030000
2020-06-10,9.816763877868652,12.479999542236328,12.619999885559082,12.199999809265137,12.600000381469727,1222500
2020-06-11,9.659443855285645,12.279999732971191,12.579999923706055,12.239999771118164,12.479999542236328,1345000
2020-06-12,9.643712043762207,12.260000228881836,12.279999732971191,11.640000343322754,11.760000228881836,985000
2020-06-15,9.565049171447754,12.15999984741211,12.319999694824219,12.119999885559082,12.260000228881836,835000
2020-06-16,9.659443855285645,12.279999732971191,12.300000190734863,12.15999984741211,12.220000267028809,565000
2020-06-17,9.659443855285645,12.279999732971191,12.319999694824219,12.220000267028809,12.279999732971191,445000
2020-06-18,9.659443855285645,12.279999732971191,12.300000190734863,12.0600004196167,12.279999732971191,562500
2020-06-19,9.549318313598633,12.140000343322754,12.359999656677246,12.140000343322754,12.220000267028809,595000
2020-06-22,9.565049171447754,12.15999984741211,12.260000228881836,12.0600004196167,12.140000343322754,815000
2020-06-23,9.549318313598633,12.140000343322754,12.15999984741211,12.0600004196167,12.119999885559082,640000
2020-06-24,9.502121925354004,12.079999923706055,12.180000305175781,12.0,12.180000305175781,505000
2020-06-29,9.329071998596191,11.859999656677246,12.0600004196167,11.739999771118164,12.0600004196167,940000
2020-06-30,9.423463821411133,11.979999542236328,12.079999923706055,11.920000076293945,11.960000038146973,730000
2020-07-01,9.549318313598633,12.140000343322754,12.359999656677246,12.0,12.279999732971191,657500
2020-07-02,9.549318313598633,12.140000343322754,12.239999771118164,12.0600004196167,12.140000343322754,502500
2020-07-03,9.533587455749512,12.119999885559082,12.220000267028809,12.079999923706055,12.140000343322754,700000
2020-07-06,9.486390113830566,12.0600004196167,12.15999984741211,11.960000038146973,12.100000381469727,1722500
2020-07-07,9.517854690551758,12.100000381469727,12.300000190734863,12.039999961853027,12.279999732971191,1225000
2020-07-08,9.895421981811523,12.579999923706055,12.640000343322754,12.079999923706055,12.119999885559082,2367500
2020-07-09,9.87968921661377,12.5600004196167,12.779999732971191,12.420000076293945,12.779999732971191,1232500
2020-07-10,9.753835678100586,12.399999618530273,12.5600004196167,12.119999885559082,12.5600004196167,1492500
2020-07-13,9.785297393798828,12.4399995803833,12.479999542236328,12.399999618530273,12.399999618530273,592500
2020-07-14,9.87968921661377,12.5600004196167,13.0,12.460000038146973,12.5,1840000
2020-07-15,9.974081993103027,12.680000305175781,12.739999771118164,12.380000114440918,12.640000343322754,2945000
2020-07-16,10.006467819213867,12.359999656677246,12.520000457763672,12.319999694824219,12.399999618530273,1227500
2020-07-17,9.844549179077148,12.15999984741211,12.359999656677246,12.079999923706055,12.359999656677246,727500
2020-07-20,9.828357696533203,12.140000343322754,12.220000267028809,12.079999923706055,12.119999885559082,407500
2020-07-21,9.957889556884766,12.300000190734863,12.34000015258789,12.079999923706055,12.300000190734863,1067500
2020-07-22,10.265534400939941,12.680000305175781,12.84000015258789,12.34000015258789,12.380000114440918,2007500
2020-07-23,10.297916412353516,12.720000267028809,13.319999694824219,12.720000267028809,13.0,4882500
2020-07-24,9.876933097839355,12.199999809265137,12.720000267028809,11.920000076293945,12.720000267028809,1887500
2020-07-27,9.715015411376953,12.0,12.199999809265137,11.960000038146973,12.199999809265137,1205000
2020-07-28,9.715015411376953,12.0,12.239999771118164,11.859999656677246,12.079999923706055,985000
2020-07-29,9.876933097839355,12.199999809265137,12.279999732971191,11.899999618530273,12.0,1402500
2020-07-30,10.427450180053711,12.880000114440918,12.920000076293945,12.239999771118164,12.319999694824219,2745000
2020-07-31,10.28172492980957,12.699999809265137,12.920000076293945,12.579999923706055,12.880000114440918,1650000
2020-08-03,10.314109802246094,12.739999771118164,12.880000114440918,12.640000343322754,12.779999732971191,915000
2020-08-04,10.330301284790039,12.760000228881836,13.0,12.680000305175781,12.739999771118164,1297500
2020-08-05,10.751283645629883,13.279999732971191,13.420000076293945,12.739999771118164,12.819999694824219,3247500
2020-08-06,11.81993579864502,14.600000381469727,14.600000381469727,13.319999694824219,13.34000015258789,10115000
2020-08-07,12.564752578735352,15.520000457763672,15.899999618530273,14.899999618530273,14.899999618530273,21037500
2020-08-10,12.613329887390137,15.579999923706055,15.600000381469727,14.239999771118164,15.180000305175781,13530000
2020-08-11,12.661904335021973,15.640000343322754,16.18000030517578,15.100000381469727,15.5600004196167,12207500
2020-08-12,12.613329887390137,15.579999923706055,15.699999809265137,15.119999885559082,15.619999885559082,5050000
2020-08-13,11.981853485107422,14.800000190734863,15.640000343322754,14.800000190734863,15.619999885559082,6542500
2020-08-14,12.208537101745605,15.079999923706055,15.300000190734863,14.399999618530273,14.800000190734863,4022500
2020-08-17,12.24091911315918,15.119999885559082,15.720000267028809,15.119999885559082,15.520000457763672,5607500
2020-08-18,11.803743362426758,14.579999923706055,15.239999771118164,14.5,15.239999771118164,6352500
2020-08-19,11.803743362426758,14.579999923706055,14.779999732971191,14.399999618530273,14.579999923706055,3860000
2020-08-20,11.641825675964355,14.380000114440918,14.460000038146973,13.140000343322754,14.420000076293945,9502500
2020-08-21,11.544676780700684,14.260000228881836,14.5,14.119999885559082,14.380000114440918,3577500
2020-08-24,11.512295722961426,14.220000267028809,14.300000190734863,13.65999984741211,14.239999771118164,1792500
2020-08-25,11.334183692932129,14.0,14.479999542236328,14.0,14.239999771118164,1185000
2020-08-26,11.334183692932129,14.0,14.239999771118164,14.0,14.020000457763672,1117500
2020-08-27,11.334183692932129,14.0,15.119999885559082,14.0,14.119999885559082,8785000
2020-08-28,12.467601776123047,15.399999618530273,15.399999618530273,13.979999542236328,14.239999771118164,14912500
2020-08-31,12.54856014251709,15.5,15.739999771118164,15.100000381469727,15.5,16040000
2020-09-01,12.24091911315918,15.119999885559082,15.5,15.0,15.5,4630000
2020-09-02,11.85231876373291,14.640000343322754,15.5600004196167,14.5,15.199999809265137,6865000
2020-09-03,11.544676780700684,14.260000228881836,14.779999732971191,14.199999809265137,14.640000343322754,6027500
2020-09-04,11.560870170593262,14.279999732971191,14.65999984741211,13.84000015258789,14.0600004196167,5527500
2020-09-07,11.593253135681152,14.319999694824219,14.420000076293945,14.239999771118164,14.380000114440918,3345000
2020-09-08,11.593253135681152,14.319999694824219,14.460000038146973,14.119999885559082,14.4399995803833,3360000
2020-09-09,12.176154136657715,15.039999961853027,15.039999961853027,13.84000015258789,14.119999885559082,7000000
2020-09-10,12.176154136657715,15.039999961853027,15.399999618530273,14.760000228881836,15.359999656677246,10607500
2020-09-11,11.81993579864502,14.600000381469727,15.0,14.5600004196167,15.0,3912500
2020-09-14,11.658019065856934,14.399999618530273,14.579999923706055,14.319999694824219,14.399999618530273,2772500
2020-09-15,12.208537101745605,15.079999923706055,15.260000228881836,14.520000457763672,14.520000457763672,6295000
2020-09-16,12.176154136657715,15.039999961853027,15.199999809265137,14.859999656677246,15.079999923706055,2292500
2020-09-17,13.212422370910645,16.31999969482422,16.520000457763672,14.920000076293945,14.960000038146973,33052500
2020-09-18,13.730554580688477,16.959999084472656,17.559999465942383,16.3799991607666,16.3799991607666,40687500
2020-09-21,12.856204986572266,15.880000114440918,16.799999237060547,15.84000015258789,16.799999237060547,16480000
2020-09-22,12.419028282165527,15.34000015258789,15.880000114440918,14.680000305175781,15.880000114440918,12727500
2020-09-23,12.451412200927734,15.380000114440918,15.65999984741211,15.039999961853027,15.399999618530273,5740000
2020-09-24,11.981853485107422,14.800000190734863,15.220000267028809,14.739999771118164,15.039999961853027,7175000
2020-09-25,11.81993579864502,14.600000381469727,15.0,14.020000457763672,14.800000190734863,9007500
2020-09-28,12.273303031921387,15.15999984741211,15.460000038146973,14.739999771118164,14.800000190734863,5775000
2020-09-29,12.143771171569824,15.0,15.239999771118164,14.9399995803833,15.140000343322754,2357500
2020-09-30,12.127578735351562,14.979999542236328,15.300000190734863,14.960000038146973,15.0,4265000
2020-10-05,12.273303031921387,15.15999984741211,15.220000267028809,14.920000076293945,15.15999984741211,1797500
2020-10-06,12.564752578735352,15.520000457763672,15.779999732971191,15.300000190734863,15.300000190734863,5927500
2020-10-07,12.564752578735352,15.520000457763672,15.65999984741211,15.34000015258789,15.520000457763672,2220000
2020-10-08,12.856204986572266,15.880000114440918,16.31999969482422,15.819999694824219,16.200000762939453,10842500
2020-10-12,13.358147621154785,16.5,16.940000534057617,15.899999618530273,16.200000762939453,12217500
2020-10-13,13.406723022460938,16.559999465942383,16.780000686645508,16.18000030517578,16.559999465942383,7550000
2020-10-14,13.341955184936523,16.479999542236328,16.860000610351562,16.399999618530273,16.559999465942383,5357500
2020-10-15,13.795321464538574,17.040000915527344,17.1200008392334,16.31999969482422,16.479999542236328,10815000
2020-10-16,13.325763702392578,16.459999084472656,17.040000915527344,16.100000381469727,17.040000915527344,11030000
2020-10-19,13.26099681854248,16.3799991607666,16.780000686645508,16.360000610351562,16.459999084472656,3555000
2020-10-20,13.099079132080078,16.18000030517578,16.479999542236328,16.15999984741211,16.360000610351562,2807500
2020-10-21,13.42291259765625,16.579999923706055,17.280000686645508,16.31999969482422,16.31999969482422,17485000
2020-10-22,14.57252311706543,18.0,18.0,16.700000762939453,16.700000762939453,37037500
2020-10-23,14.475374221801758,17.8799991607666,18.8799991607666,17.600000381469727,18.239999771118164,41065000
2020-10-26,15.608795166015625,19.280000686645508,19.559999465942383,17.8799991607666,17.8799991607666,45745000
2020-10-27,15.560218811035156,19.219999313354492,19.920000076293945,18.920000076293945,19.31999969482422,40575000
2020-10-28,15.592597007751465,19.260000228881836,19.920000076293945,19.0,19.600000381469727,23795000
2020-10-29,15.365918159484863,18.979999542236328,19.1200008392334,18.399999618530273,18.940000534057617,14892500
2020-10-30,14.799205780029297,18.280000686645508,19.200000762939453,17.84000015258789,19.0,14030000
2020-11-02,15.058276176452637,18.600000381469727,18.739999771118164,18.219999313354492,18.360000610351562,5250000
2020-11-03,14.993505477905273,18.520000457763672,19.360000610351562,18.360000610351562,18.739999771118164,8862500
2020-11-04,14.928740501403809,18.440000534057617,19.0,18.200000762939453,18.34000015258789,4602500
2020-11-05,15.204001426696777,18.780000686645508,18.780000686645508,18.200000762939453,18.420000076293945,4860000
2020-11-06,14.653482437133789,18.100000381469727,18.719999313354492,18.079999923706055,18.459999084472656,9497500
2020-11-09,14.83159351348877,18.31999969482422,18.479999542236328,18.139999389648438,18.260000228881836,4340000
2020-11-10,15.090656280517578,18.639999389648438,19.079999923706055,18.34000015258789,18.639999389648438,8177500
2020-11-11,15.301146507263184,18.899999618530273,18.920000076293945,18.440000534057617,18.540000915527344,3875000
2020-11-12,15.042081832885742,18.579999923706055,19.15999984741211,18.5,19.079999923706055,6832500
2020-11-13,15.074467658996582,18.6200008392334,18.780000686645508,18.3799991607666,18.5,2315000
2020-11-16,15.009698867797852,18.540000915527344,18.780000686645508,18.459999084472656,18.780000686645508,3225000
2020-11-17,15.236381530761719,18.81999969482422,19.15999984741211,18.739999771118164,18.780000686645508,11275000
2020-11-18,15.479260444641113,19.1200008392334,19.18000030517578,18.739999771118164,18.81999969482422,6862500
2020-11-19,15.349724769592285,18.959999084472656,19.280000686645508,18.8799991607666,19.200000762939453,5190000
2020-11-20,15.398301124572754,19.020000457763672,19.360000610351562,18.920000076293945,18.920000076293945,5750000
2020-11-23,15.365918159484863,18.979999542236328,19.239999771118164,18.799999237060547,19.200000762939453,4985000
2020-11-24,15.511640548706055,19.15999984741211,19.360000610351562,18.920000076293945,19.1200008392334,5712500
2020-11-25,15.33353328704834,18.940000534057617,19.299999237060547,18.8799991607666,19.239999771118164,4255000
2020-11-26,15.94881820678711,19.700000762939453,19.780000686645508,19.0,19.0,18262500
2020-11-27,17.519412994384766,21.639999389648438,21.639999389648438,19.6200008392334,19.719999313354492,61330000
2020-11-30,19.26811408996582,23.799999237060547,23.799999237060547,22.280000686645508,22.440000534057617,41940000
2020-12-01,18.620445251464844,23.0,25.360000610351562,22.799999237060547,24.399999618530273,52625000
2020-12-02,19.656715393066406,24.280000686645508,24.799999237060547,23.040000915527344,23.31999969482422,26272500
2020-12-03,19.106201171875,23.600000381469727,24.959999084472656,23.079999923706055,24.280000686645508,16317500
2020-12-04,18.749982833862305,23.15999984741211,24.280000686645508,23.0,24.079999923706055,14485000
2020-12-07,19.26811408996582,23.799999237060547,23.799999237060547,23.040000915527344,23.239999771118164,10605000
2020-12-08,19.656715393066406,24.280000686645508,25.440000534057617,23.600000381469727,23.719999313354492,30652500
2020-12-09,19.203350067138672,23.719999313354492,24.440000534057617,23.520000457763672,24.280000686645508,9407500
2020-12-10,18.16707992553711,22.440000534057617,23.799999237060547,21.84000015258789,23.600000381469727,17265000
2020-12-11,18.102310180664062,22.360000610351562,23.040000915527344,21.639999389648438,22.559999465942383,11905000
2020-12-14,17.940397262573242,22.15999984741211,22.68000030517578,22.040000915527344,22.639999389648438,3907500
2020-12-15,17.130813598632812,21.15999984741211,22.31999969482422,21.079999923706055,22.280000686645508,6160000
2020-12-16,17.875629425048828,22.079999923706055,22.1200008392334,21.0,21.399999618530273,5660000
2020-12-17,17.64729118347168,21.639999389648438,22.1200008392334,21.200000762939453,22.1200008392334,5297500
2020-12-18,17.64729118347168,21.639999389648438,21.799999237060547,21.440000534057617,21.719999313354492,2970000
2020-12-21,17.58205223083496,21.559999465942383,21.959999084472656,21.239999771118164,21.639999389648438,2512500
2020-12-22,17.02751350402832,20.8799991607666,21.760000228881836,20.799999237060547,21.399999618530273,3400000
2020-12-23,17.67991065979004,21.68000030517578,21.920000076293945,20.8799991607666,21.200000762939453,5490000
2020-12-24,18.07135009765625,22.15999984741211,22.280000686645508,21.68000030517578,21.719999313354492,5935000
2020-12-25,18.038726806640625,22.1200008392334,22.760000228881836,21.959999084472656,22.15999984741211,7737500
2020-12-28,18.332307815551758,22.479999542236328,22.959999084472656,21.920000076293945,22.1200008392334,8280000
2020-12-29,17.940868377685547,22.0,22.520000457763672,21.8799991607666,22.479999542236328,4817500
2020-12-30,18.723743438720703,22.959999084472656,23.68000030517578,22.040000915527344,22.040000915527344,16042500
2020-12-31,19.50661849975586,23.920000076293945,24.079999923706055,22.639999389648438,22.84000015258789,16335000
2021-01-04,19.50661849975586,23.920000076293945,24.520000457763672,23.239999771118164,23.959999084472656,14742500
2021-01-05,19.082555770874023,23.399999618530273,23.959999084472656,23.31999969482422,23.8799991607666,5150000
2021-01-06,19.767576217651367,24.239999771118164,25.719999313354492,23.68000030517578,23.68000030517578,40315000
2021-01-07,20.876649856567383,25.600000381469727,25.600000381469727,23.920000076293945,24.239999771118164,19060000
2021-01-08,20.289491653442383,24.8799991607666,25.760000228881836,24.239999771118164,25.360000610351562,17542500
2021-01-11,19.96329116821289,24.479999542236328,25.280000686645508,24.479999542236328,24.920000076293945,6752500
2021-01-12,19.147798538208008,23.479999542236328,24.799999237060547,23.440000534057617,24.559999465942383,9187500
2021-01-13,19.180419921875,23.520000457763672,24.15999984741211,23.479999542236328,23.799999237060547,3892500
2021-01-14,19.31089973449707,23.68000030517578,23.84000015258789,23.31999969482422,23.600000381469727,2640000
2021-01-15,18.69112205505371,22.920000076293945,24.0,22.84000015258789,23.920000076293945,5312500
2021-01-18,18.886844635009766,23.15999984741211,23.479999542236328,21.799999237060547,22.920000076293945,5165000
2021-01-19,20.74616813659668,25.440000534057617,25.440000534057617,23.15999984741211,23.15999984741211,25795000
2021-01-20,19.96329116821289,24.479999542236328,27.559999465942383,24.479999542236328,26.600000381469727,65742500
2021-01-21,21.49642562866211,26.360000610351562,26.760000228881836,25.0,25.280000686645508,29900000
2021-01-22,21.36594009399414,26.200000762939453,26.719999313354492,25.639999389648438,26.360000610351562,18092500
2021-01-25,21.529041290283203,26.399999618530273,27.799999237060547,25.799999237060547,26.239999771118164,31545000
2021-01-26,21.202844619750977,26.0,27.280000686645508,25.8799991607666,26.799999237060547,16337500
2021-01-27,20.778791427612305,25.479999542236328,26.399999618530273,25.200000762939453,26.200000762939453,11275000
2021-01-28,20.51782989501953,25.15999984741211,25.31999969482422,24.520000457763672,24.799999237060547,9047500
2021-01-29,20.2242488861084,24.799999237060547,25.760000228881836,24.520000457763672,25.520000457763672,6930000
2021-02-01,20.71354866027832,25.399999618530273,25.520000457763672,23.799999237060547,24.600000381469727,8732500
2021-02-02,21.202844619750977,26.0,26.0,25.280000686645508,25.399999618530273,7565000
2021-02-03,21.23546600341797,26.040000915527344,26.1200008392334,25.399999618530273,26.0,5917500
2021-02-04,21.202844619750977,26.0,26.799999237060547,25.8799991607666,25.920000076293945,10637500
2021-02-05,21.137605667114258,25.920000076293945,26.600000381469727,25.760000228881836,25.959999084472656,8557500
2021-02-17,22.409778594970703,27.479999542236328,27.559999465942383,26.1200008392334,27.0,21920000
2021-02-18,22.181438446044922,27.200000762939453,28.639999389648438,27.15999984741211,27.479999542236328,25000000
2021-02-19,21.85523796081543,26.799999237060547,27.68000030517578,26.68000030517578,27.200000762939453,8560000
2021-02-22,22.11619758605957,27.1200008392334,27.239999771118164,26.600000381469727,27.0,8425000
2021-02-23,22.735971450805664,27.8799991607666,29.31999969482422,26.520000457763672,27.15999984741211,18247500
2021-02-24,21.92047882080078,26.8799991607666,28.280000686645508,26.8799991607666,27.8799991607666,11320000
2021-02-25,22.181438446044922,27.200000762939453,27.639999389648438,26.959999084472656,27.31999969482422,4387500
2021-02-26,22.214054107666016,27.239999771118164,27.639999389648438,26.600000381469727,26.719999313354492,4725000
2021-03-02,21.85523796081543,26.799999237060547,27.68000030517578,26.799999237060547,27.600000381469727,6677500
2021-03-03,21.82261848449707,26.760000228881836,27.1200008392334,26.040000915527344,27.1200008392334,5535000
2021-03-04,21.46380615234375,26.31999969482422,26.84000015258789,26.239999771118164,26.600000381469727,3852500
2021-03-05,21.072364807128906,25.84000015258789,26.31999969482422,25.68000030517578,25.799999237060547,4002500
2021-03-08,20.680931091308594,25.360000610351562,26.520000457763672,25.31999969482422,26.079999923706055,3500000
2021-03-09,20.680931091308594,25.360000610351562,25.600000381469727,24.600000381469727,25.200000762939453,3912500
2021-03-10,20.81140899658203,25.520000457763672,25.959999084472656,25.280000686645508,25.600000381469727,3225000
2021-03-11,21.36594009399414,26.200000762939453,26.360000610351562,25.520000457763672,25.639999389648438,2270000
2021-03-12,21.202844619750977,26.0,26.600000381469727,26.0,26.559999465942383,2035000
2021-03-15,21.3985652923584,26.239999771118164,26.600000381469727,26.040000915527344,26.200000762939453,2077500
2021-03-16,21.887859344482422,26.84000015258789,27.520000457763672,26.399999618530273,26.440000534057617,6960000
2021-03-17,21.887859344482422,26.84000015258789,27.31999969482422,26.68000030517578,26.920000076293945,2962500
2021-03-18,22.181438446044922,27.200000762939453,27.600000381469727,27.0,27.1200008392334,5595000
2021-03-19,22.05096435546875,27.040000915527344,27.559999465942383,27.040000915527344,27.200000762939453,4467500
2021-03-22,23.094791412353516,28.31999969482422,29.15999984741211,27.040000915527344,27.040000915527344,17687500
2021-03-23,22.507633209228516,27.600000381469727,29.399999618530273,27.31999969482422,28.479999542236328,12017500
2021-03-24,22.44239616394043,27.520000457763672,27.799999237060547,27.200000762939453,27.399999618530273,3165000
2021-03-25,21.85523796081543,26.799999237060547,27.559999465942383,26.799999237060547,27.440000534057617,3735000
2021-03-26,22.246679306030273,27.280000686645508,27.479999542236328,27.0,27.1200008392334,1915000
2021-03-29,22.866453170776367,28.040000915527344,28.600000381469727,27.399999618530273,27.440000534057617,4895000
2021-03-30,23.38836669921875,28.68000030517578,30.0,28.639999389648438,29.1200008392334,26792500
2021-03-31,23.7471866607666,29.1200008392334,29.8799991607666,28.920000076293945,29.15999984741211,11295000
2021-04-01,23.877662658691406,29.280000686645508,29.559999465942383,28.639999389648438,29.360000610351562,6432500
2021-04-07,24.46482276916504,30.0,30.200000762939453,29.280000686645508,29.719999313354492,5275000
2021-04-08,24.725778579711914,30.31999969482422,30.360000610351562,29.799999237060547,30.360000610351562,4057500
2021-04-09,24.725778579711914,30.31999969482422,31.399999618530273,30.15999984741211,30.8799991607666,7540000
2021-04-12,24.399581909179688,29.920000076293945,31.079999923706055,29.920000076293945,31.040000915527344,5210000
2021-04-13,23.584089279174805,28.920000076293945,30.31999969482422,28.8799991607666,30.0,5300000
2021-04-14,24.106002807617188,29.559999465942383,29.719999313354492,27.799999237060547,29.0,6155000
2021-04-15,24.008146286010742,29.440000534057617,29.68000030517578,28.920000076293945,29.559999465942383,2605000
2021-04-16,24.203861236572266,29.68000030517578,30.239999771118164,29.440000534057617,29.68000030517578,3037500
2021-04-19,24.301727294921875,29.799999237060547,30.280000686645508,29.639999389648438,29.920000076293945,4202500
2021-04-20,24.203861236572266,29.68000030517578,30.280000686645508,29.639999389648438,30.0,3817500
2021-04-21,23.812423706054688,29.200000762939453,29.8799991607666,29.1200008392334,29.68000030517578,4040000
2021-04-22,22.99693489074707,28.200000762939453,29.559999465942383,28.1200008392334,29.399999618530273,5125000
2021-04-23,23.714569091796875,29.079999923706055,29.360000610351562,27.959999084472656,28.200000762939453,3227500
2021-04-26,23.714569091796875,29.079999923706055,29.719999313354492,29.0,29.600000381469727,4545000
2021-04-27,23.323129653930664,28.600000381469727,29.399999618530273,28.600000381469727,29.399999618530273,1997500
2021-04-28,23.61670684814453,28.959999084472656,29.15999984741211,28.440000534057617,28.84000015258789,3200000
2021-04-29,23.38836669921875,28.68000030517578,29.0,28.200000762939453,29.0,3327500
2021-05-03,22.605493545532227,27.719999313354492,28.959999084472656,27.639999389648438,28.959999084472656,3917500
2021-05-04,21.887859344482422,26.84000015258789,27.760000228881836,25.200000762939453,27.719999313354492,6335000
2021-05-05,21.202844619750977,26.0,26.84000015258789,26.0,26.440000534057617,2592500
2021-05-06,20.485210418701172,25.1200008392334,26.559999465942383,25.0,26.0,3715000
2021-05-07,21.007125854492188,25.760000228881836,26.0,25.040000915527344,25.200000762939453,3327500
2021-05-10,20.2242488861084,24.799999237060547,26.399999618530273,24.799999237060547,26.239999771118164,4400000
2021-05-11,19.245662689208984,23.600000381469727,24.520000457763672,22.719999313354492,24.15999984741211,6412500
2021-05-12,19.343521118164062,23.719999313354492,23.920000076293945,21.239999771118164,22.799999237060547,6975000
2021-05-13,19.31089973449707,23.68000030517578,23.920000076293945,21.84000015258789,22.8799991607666,4967500
2021-05-14,18.95207977294922,23.239999771118164,24.399999618530273,23.0,23.920000076293945,3257500
2021-05-17,17.060136795043945,20.920000076293945,22.799999237060547,20.920000076293945,21.639999389648438,4227500
2021-05-18,18.75636100769043,23.0,23.0,21.040000915527344,21.040000915527344,2302500
2021-05-19,18.75636100769043,23.0,23.600000381469727,22.639999389648438,23.0,1617500
2021-05-20,18.397544860839844,22.559999465942383,23.31999969482422,22.559999465942383,22.68000030517578,970000
2021-05-21,18.91946029663086,23.200000762939453,23.280000686645508,22.799999237060547,22.920000076293945,1110000
2021-05-24,19.27828025817871,23.639999389648438,23.8799991607666,22.84000015258789,23.15999984741211,1080000
2021-05-25,19.53923797607422,23.959999084472656,24.559999465942383,23.84000015258789,24.079999923706055,2462500
2021-05-26,19.702333450317383,24.15999984741211,24.360000610351562,23.799999237060547,24.200000762939453,832500
2021-05-27,19.734960556030273,24.200000762939453,24.280000686645508,23.760000228881836,24.280000686645508,1187500
2021-05-28,20.159015655517578,24.719999313354492,24.920000076293945,24.440000534057617,24.440000534057617,1622500
2021-05-31,20.61568832397461,25.280000686645508,25.360000610351562,24.920000076293945,24.920000076293945,1977500
2021-06-01,20.909265518188477,25.639999389648438,25.8799991607666,25.0,25.239999771118164,2317500
2021-06-02,20.51782989501953,25.15999984741211,25.799999237060547,24.8799991607666,25.639999389648438,2010000
2021-06-03,20.387351989746094,25.0,25.360000610351562,24.959999084472656,25.15999984741211,950000
2021-06-04,20.680931091308594,25.360000610351562,25.520000457763672,24.84000015258789,25.0,1420000
2021-06-07,20.941884994506836,25.68000030517578,26.239999771118164,25.31999969482422,25.760000228881836,3172500
2021-06-08,21.49642562866211,26.360000610351562,27.8799991607666,26.040000915527344,26.959999084472656,5107500
2021-06-09,21.072364807128906,25.84000015258789,26.31999969482422,25.760000228881836,26.31999969482422,1240000
2021-06-10,21.072364807128906,25.84000015258789,26.15999984741211,25.639999389648438,25.84000015258789,972500
2021-06-11,20.974506378173828,25.719999313354492,26.079999923706055,25.68000030517578,26.079999923706055,870000
2021-06-15,21.113500595092773,25.520000457763672,25.719999313354492,25.200000762939453,25.479999542236328,867500
2021-06-16,20.716379165649414,25.040000915527344,25.920000076293945,24.8799991607666,25.600000381469727,1565000
2021-06-17,21.378244400024414,25.84000015258789,26.079999923706055,24.799999237060547,25.0,1952500
2021-06-18,21.510616302490234,26.0,26.31999969482422,25.639999389648438,26.0,1372500
2021-06-21,20.948028564453125,25.31999969482422,26.0,25.200000762939453,25.68000030517578,1317500
2021-06-22,20.914936065673828,25.280000686645508,25.68000030517578,25.079999923706055,25.399999618530273,910000
2021-06-23,21.808460235595703,26.360000610351562,26.399999618530273,25.479999542236328,25.479999542236328,2097500
2021-06-24,23.065998077392578,27.8799991607666,28.0,26.200000762939453,26.68000030517578,9060000
2021-06-25,23.827144622802734,28.799999237060547,29.520000457763672,28.0,28.1200008392334,12415000
2021-06-28,23.827144622802734,28.799999237060547,29.360000610351562,28.559999465942383,28.799999237060547,4575000
2021-06-29,23.992610931396484,29.0,29.280000686645508,28.200000762939453,28.959999084472656,3160000
2021-06-30,24.55519676208496,29.68000030517578,29.8799991607666,29.040000915527344,29.360000610351562,5667500
2021-07-01,24.654481887817383,29.799999237060547,29.959999084472656,29.200000762939453,29.959999084472656,4182500
2021-07-02,27.103376388549805,32.7599983215332,32.7599983215332,29.559999465942383,29.84000015258789,23982500
2021-07-05,26.937910079956055,32.560001373291016,33.880001068115234,32.0,33.15999984741211,27125000
2021-07-06,27.500497817993164,33.2400016784668,34.400001525878906,32.47999954223633,32.79999923706055,17787500
2021-07-07,30.24723243713379,36.560001373291016,36.560001373291016,33.47999954223633,33.599998474121094,26417500
2021-07-08,29.386804580688477,35.52000045776367,37.7599983215332,34.040000915527344,36.959999084472656,34632500
2021-07-09,30.147953033447266,36.439998626708984,37.400001525878906,34.47999954223633,35.20000076293945,20372500
2021-07-12,32.100460052490234,38.79999923706055,39.79999923706055,36.79999923706055,37.20000076293945,24977500
2021-07-13,31.7695255279541,38.400001525878906,41.20000076293945,36.880001068115234,39.79999923706055,28615000
2021-07-14,31.1407527923584,37.63999938964844,39.599998474121094,36.47999954223633,38.20000076293945,17277500
2021-07-15,31.637161254882812,38.2400016784668,38.279998779296875,36.63999938964844,38.279998779296875,10435000
2021-07-16,31.90190315246582,38.560001373291016,40.400001525878906,37.91999816894531,38.599998474121094,13347500
2021-07-19,31.736433029174805,38.36000061035156,40.20000076293945,38.279998779296875,39.560001373291016,11002500
2021-07-20,32.96088409423828,39.84000015258789,39.880001068115234,37.52000045776367,38.36000061035156,12962500
2021-07-21,31.670246124267578,38.279998779296875,40.79999923706055,37.63999938964844,40.599998474121094,16760000
2021-07-22,32.431400299072266,39.20000076293945,40.20000076293945,38.31999969482422,38.7599983215332,12737500
2021-07-23,31.96808433532715,38.63999938964844,41.599998474121094,38.400001525878906,40.599998474121094,22550000
2021-07-26,35.078853607177734,42.400001525878906,42.400001525878906,38.52000045776367,39.2400016784668,26765000
2021-07-27,32.365203857421875,39.119998931884766,41.79999923706055,38.79999923706055,41.20000076293945,24490000
2021-07-28,32.89469528198242,39.7599983215332,39.959999084472656,35.52000045776367,38.0,25362500
2021-07-29,33.424190521240234,40.400001525878906,40.400001525878906,38.599998474121094,38.91999816894531,11467500
2021-07-30,33.58964920043945,40.599998474121094,43.0,39.79999923706055,40.400001525878906,20432500
2021-08-02,33.25872802734375,40.20000076293945,41.0,40.0,40.79999923706055,4790000
2021-08-03,33.92058563232422,41.0,42.400001525878906,40.599998474121094,40.599998474121094,8455000
2021-08-04,33.58964920043945,40.599998474121094,42.20000076293945,40.599998474121094,41.599998474121094,5815000
2021-08-05,35.078853607177734,42.400001525878906,42.400001525878906,40.79999923706055,41.0,8532500
2021-08-06,33.58964920043945,40.599998474121094,42.0,40.400001525878906,41.79999923706055,10915000
2021-08-09,33.424190521240234,40.400001525878906,41.599998474121094,40.0,40.79999923706055,6832500
2021-08-10,31.90190315246582,38.560001373291016,40.400001525878906,38.400001525878906,40.20000076293945,10052500
2021-08-11,32.067359924316406,38.7599983215332,39.599998474121094,37.63999938964844,38.439998626708984,9612500
2021-08-12,32.100460052490234,38.79999923706055,39.439998626708984,38.400001525878906,38.79999923706055,4457500
2021-08-13,31.1407527923584,37.63999938964844,39.560001373291016,37.63999938964844,39.15999984741211,6265000
2021-08-16,31.471689224243164,38.040000915527344,38.279998779296875,36.400001525878906,37.15999984741211,6212500
2021-08-17,31.339311599731445,37.880001068115234,38.47999954223633,37.36000061035156,38.040000915527344,5547500
2021-08-18,31.70333480834961,38.31999969482422,38.599998474121094,36.400001525878906,37.31999969482422,6942500
2021-08-19,30.445798873901367,36.79999923706055,38.599998474121094,36.79999923706055,38.31999969482422,3945000
2021-08-20,31.604063034057617,38.20000076293945,38.7599983215332,36.439998626708984,36.79999923706055,5490000
2021-08-23,33.0932502746582,40.0,40.79999923706055,38.20000076293945,38.20000076293945,8685000
2021-08-24,33.92058563232422,41.0,41.400001525878906,39.63999938964844,40.79999923706055,7030000
2021-08-25,33.0932502746582,40.0,41.79999923706055,39.720001220703125,41.400001525878906,7715000
2021-08-26,33.25872802734375,40.20000076293945,41.20000076293945,39.959999084472656,40.599998474121094,4182500
2021-08-27,33.25872802734375,40.20000076293945,40.79999923706055,39.7599983215332,40.20000076293945,2872500
2021-08-30,36.568050384521484,44.20000076293945,44.20000076293945,40.400001525878906,40.79999923706055,26020000
2021-08-31,37.72631072998047,45.599998474121094,45.599998474121094,42.400001525878906,43.599998474121094,40920000
2021-09-01,37.22991180419922,45.0,46.20000076293945,44.20000076293945,44.79999923706055,22970000
2021-09-02,35.57524871826172,43.0,45.599998474121094,42.79999923706055,45.0,13340000
2021-09-03,35.90617752075195,43.400001525878906,43.79999923706055,42.20000076293945,43.599998474121094,7512500
2021-09-06,34.08605194091797,41.20000076293945,43.79999923706055,41.20000076293945,43.599998474121094,7560000
2021-09-07,33.755123138427734,40.79999923706055,42.20000076293945,39.959999084472656,41.599998474121094,7887500
2021-09-08,32.431400299072266,39.20000076293945,41.400001525878906,39.20000076293945,40.79999923706055,5665000
2021-09-09,33.0932502746582,40.0,40.599998474121094,39.20000076293945,39.20000076293945,3507500
2021-09-10,33.0932502746582,40.0,40.599998474121094,39.63999938964844,40.20000076293945,2677500
2021-09-13,33.0932502746582,40.0,40.20000076293945,39.63999938964844,40.20000076293945,2352500
2021-09-14,33.0932502746582,40.0,40.79999923706055,39.880001068115234,40.20000076293945,2742500
2021-09-15,32.530670166015625,39.31999969482422,40.20000076293945,39.040000915527344,39.84000015258789,2820000
2021-09-16,32.19974136352539,38.91999816894531,40.20000076293945,38.84000015258789,39.47999954223633,2065000
2021-09-17,32.59685516357422,39.400001525878906,40.20000076293945,38.79999923706055,38.79999923706055,2230000
2021-09-22,32.26593017578125,39.0,39.720001220703125,38.63999938964844,38.880001068115234,3760000
2021-09-23,32.7623176574707,39.599998474121094,39.79999923706055,39.2400016784668,39.400001525878906,2122500
2021-09-24,32.530670166015625,39.31999969482422,39.84000015258789,39.31999969482422,39.84000015258789,1750000
2021-09-27,32.034271240234375,38.720001220703125,39.63999938964844,38.720001220703125,39.31999969482422,1872500
2021-09-28,31.93499183654785,38.599998474121094,39.880001068115234,38.599998474121094,38.68000030517578,3225000
2021-09-29,31.107654571533203,37.599998474121094,38.20000076293945,36.91999816894531,38.20000076293945,4335000
2021-09-30,31.57097053527832,38.15999984741211,38.36000061035156,37.63999938964844,37.68000030517578,2412500
2021-10-01,30.545080184936523,36.91999816894531,38.31999969482422,36.79999923706055,38.0,3127500
2021-10-04,29.883209228515625,36.119998931884766,37.36000061035156,35.560001373291016,37.2400016784668,3710000
2021-10-05,29.916305541992188,36.15999984741211,36.52000045776367,34.79999923706055,35.79999923706055,3165000
2021-10-06,29.7839298248291,36.0,36.63999938964844,35.400001525878906,36.279998779296875,3117500
2021-10-07,30.445798873901367,36.79999923706055,37.599998474121094,36.2400016784668,36.2400016784668,4245000
2021-10-08,30.37961196899414,36.720001220703125,37.79999923706055,36.68000030517578,37.119998931884766,3492500
2021-10-12,30.61125946044922,37.0,37.439998626708984,36.52000045776367,36.599998474121094,1775000
2021-10-13,30.37961196899414,36.720001220703125,37.279998779296875,36.47999954223633,36.91999816894531,1810000
2021-10-14,30.445798873901367,36.79999923706055,37.7599983215332,36.79999923706055,37.15999984741211,2392500
2021-10-15,30.90909767150879,37.36000061035156,37.720001220703125,37.20000076293945,37.31999969482422,1847500
2021-10-18,31.57097053527832,38.15999984741211,38.20000076293945,37.31999969482422,37.7599983215332,2090000
2021-10-19,32.46449279785156,39.2400016784668,39.68000030517578,38.84000015258789,39.2400016784668,6352500
2021-10-20,33.424190521240234,40.400001525878906,41.20000076293945,39.119998931884766,39.439998626708984,8180000
2021-10-21,32.993980407714844,39.880001068115234,40.79999923706055,39.68000030517578,40.599998474121094,4295000
2021-10-22,33.58964920043945,40.599998474121094,40.79999923706055,39.400001525878906,39.400001525878906,3500000
2021-10-25,34.08605194091797,41.20000076293945,41.20000076293945,40.0,40.20000076293945,3645000
2021-10-26,33.25872802734375,40.20000076293945,42.20000076293945,40.0,42.0,6677500
2021-10-27,33.58964920043945,40.599998474121094,41.0,40.400001525878906,41.0,5077500
2021-10-28,33.0932502746582,40.0,41.79999923706055,39.84000015258789,40.599998474121094,7772500
2021-10-29,34.4169921875,41.599998474121094,42.400001525878906,40.20000076293945,40.20000076293945,11455000
2021-11-01,35.4097900390625,42.79999923706055,44.599998474121094,42.0,42.400001525878906,25700000
2021-11-02,34.08605194091797,41.20000076293945,44.0,41.0,43.400001525878906,18002500
2021-11-03,34.58245086669922,41.79999923706055,42.0,40.0,41.400001525878906,6302500
2021-11-04,33.755123138427734,40.79999923706055,42.20000076293945,40.599998474121094,42.0,3315000
2021-11-05,33.58964920043945,40.599998474121094,41.400001525878906,40.400001525878906,41.20000076293945,2152500
2021-11-08,33.0932502746582,40.0,40.79999923706055,39.84000015258789,40.79999923706055,3230000
2021-11-09,33.424190521240234,40.400001525878906,41.20000076293945,40.20000076293945,40.20000076293945,2130000
2021-11-10,33.0932502746582,40.0,40.599998474121094,40.0,40.599998474121094,2237500
2021-11-11,32.993980407714844,39.880001068115234,40.400001525878906,39.79999923706055,40.400001525878906,3360000
2021-11-12,34.4169921875,41.599998474121094,42.20000076293945,40.20000076293945,40.599998474121094,9547500
2021-11-15,35.24432373046875,42.599998474121094,43.20000076293945,41.20000076293945,42.0,13640000
2021-11-16,34.4169921875,41.599998474121094,42.400001525878906,41.20000076293945,42.20000076293945,6025000
2021-11-17,33.92058563232422,41.0,42.0,40.599998474121094,41.79999923706055,3682500
2021-11-18,33.58964920043945,40.599998474121094,41.400001525878906,40.20000076293945,41.20000076293945,4840000
2021-11-19,33.424190521240234,40.400001525878906,40.599998474121094,40.0,40.599998474121094,2892500
2021-11-22,34.25151824951172,41.400001525878906,41.79999923706055,40.20000076293945,41.0,4050000
2021-11-23,33.755123138427734,40.79999923706055,41.20000076293945,40.20000076293945,41.20000076293945,3195000
2021-11-24,33.25872802734375,40.20000076293945,41.400001525878906,40.20000076293945,41.0,2862500
2021-11-25,33.0932502746582,40.0,40.599998474121094,40.0,40.599998474121094,1760000
2021-11-26,32.59685516357422,39.400001525878906,40.400001525878906,38.400001525878906,40.0,7682500
2021-11-29,32.59685516357422,39.400001525878906,39.400001525878906,38.08000183105469,38.63999938964844,3735000
2021-11-30,32.79541015625,39.63999938964844,39.91999816894531,39.20000076293945,39.720001220703125,2062500
2021-12-01,32.431400299072266,39.20000076293945,39.439998626708984,39.0,39.400001525878906,1185000
2021-12-02,32.26593017578125,39.0,39.36000061035156,38.47999954223633,39.36000061035156,1997500
2021-12-03,32.19974136352539,38.91999816894531,39.0,38.31999969482422,39.0,2342500
2021-12-06,32.59685516357422,39.400001525878906,39.400001525878906,38.52000045776367,38.79999923706055,1282500
2021-12-07,32.89469528198242,39.7599983215332,40.20000076293945,39.47999954223633,39.91999816894531,2532500
2021-12-08,32.8285026550293,39.68000030517578,40.20000076293945,39.47999954223633,40.0,1752500
2021-12-09,32.321510314941406,38.79999923706055,39.08000183105469,38.47999954223633,38.720001220703125,6715000
2021-12-10,32.22154998779297,38.68000030517578,38.7599983215332,38.439998626708984,38.7599983215332,1075000
2021-12-13,32.28818893432617,38.7599983215332,39.040000915527344,38.400001525878906,39.0,1645000
2021-12-14,31.455154418945312,37.7599983215332,38.560001373291016,37.52000045776367,38.439998626708984,2992500
2021-12-15,31.855016708374023,38.2400016784668,38.599998474121094,37.7599983215332,37.7599983215332,2420000
2021-12-16,32.821327209472656,39.400001525878906,40.400001525878906,39.040000915527344,39.20000076293945,7237500
2021-12-17,32.921295166015625,39.52000045776367,39.79999923706055,39.279998779296875,39.63999938964844,3245000
2021-12-20,33.02124786376953,39.63999938964844,40.599998474121094,39.599998474121094,39.880001068115234,8862500
2021-12-21,34.15416717529297,41.0,41.400001525878906,39.720001220703125,40.0,10850000
2021-12-22,34.32077407836914,41.20000076293945,42.20000076293945,40.599998474121094,41.599998474121094,7477500
2021-12-23,34.48738098144531,41.400001525878906,41.599998474121094,40.79999923706055,41.400001525878906,4577500
2021-12-24,34.653987884521484,41.599998474121094,42.79999923706055,40.79999923706055,42.0,9117500
2021-12-27,33.82095718383789,40.599998474121094,41.79999923706055,40.400001525878906,41.599998474121094,4500000
2021-12-28,33.98756408691406,40.79999923706055,41.20000076293945,40.400001525878906,40.79999923706055,3570000
2021-12-29,34.820594787597656,41.79999923706055,41.79999923706055,40.79999923706055,41.20000076293945,5775000
2021-12-30,34.820594787597656,41.79999923706055,43.0,41.20000076293945,42.20000076293945,12672500
2022-01-03,33.82095718383789,40.599998474121094,42.20000076293945,40.0,42.0,5780000
2022-01-04,33.48775100708008,40.20000076293945,41.20000076293945,40.0,41.0,5532500
2022-01-05,32.05493927001953,38.47999954223633,39.599998474121094,38.400001525878906,39.599998474121094,10450000
2022-01-06,32.05493927001953,38.47999954223633,38.52000045776367,37.720001220703125,38.400001525878906,4142500
2022-01-07,31.72173309326172,38.08000183105469,38.91999816894531,37.68000030517578,38.79999923706055,3825000
2022-01-10,32.22154998779297,38.68000030517578,38.79999923706055,38.15999984741211,38.79999923706055,3085000
2022-01-11,31.68840980529785,38.040000915527344,38.79999923706055,37.91999816894531,38.79999923706055,3112500
2022-01-12,31.95497703552246,38.36000061035156,39.0,37.7599983215332,39.0,3072500
2022-01-13,31.95497703552246,38.36000061035156,38.400001525878906,37.79999923706055,38.400001525878906,1967500
2022-01-14,31.921649932861328,38.31999969482422,38.31999969482422,37.599998474121094,38.08000183105469,2502500
2022-01-17,32.321510314941406,38.79999923706055,38.79999923706055,38.040000915527344,38.400001525878906,1617500
2022-01-18,32.72136306762695,39.279998779296875,39.52000045776367,38.68000030517578,38.84000015258789,3667500
2022-01-19,32.954612731933594,39.560001373291016,41.0,39.47999954223633,39.599998474121094,14022500
2022-01-20,32.85464096069336,39.439998626708984,39.84000015258789,39.0,39.7599983215332,3180000
2022-01-21,32.654727935791016,39.20000076293945,40.20000076293945,39.119998931884766,39.599998474121094,4990000
2022-01-24,32.887962341308594,39.47999954223633,39.599998474121094,38.0,39.599998474121094,2742500
2022-01-25,32.75468444824219,39.31999969482422,39.720001220703125,38.880001068115234,39.20000076293945,2900000
2022-01-26,32.75468444824219,39.31999969482422,40.20000076293945,38.91999816894531,39.7599983215332,5077500
2022-02-07,33.15453338623047,39.79999923706055,40.400001525878906,39.31999969482422,40.400001525878906,1950000
2022-02-08,34.987205505371094,42.0,42.400001525878906,40.0,40.20000076293945,11595000
2022-02-09,35.65362548828125,42.79999923706055,43.0,41.400001525878906,42.599998474121094,11217500
2022-02-10,35.820228576660156,43.0,43.400001525878906,41.79999923706055,42.79999923706055,9372500
2022-02-11,35.98683166503906,43.20000076293945,43.79999923706055,42.0,42.400001525878906,7845000
2022-02-14,35.487022399902344,42.599998474121094,43.0,41.599998474121094,42.79999923706055,6260000
2022-02-15,36.48665237426758,43.79999923706055,45.20000076293945,42.400001525878906,43.0,19595000
2022-02-16,36.48665237426758,43.79999923706055,45.400001525878906,43.20000076293945,45.0,14475000
2022-02-17,33.98756408691406,40.79999923706055,43.400001525878906,40.79999923706055,43.20000076293945,14530000
2022-02-18,34.15416717529297,41.0,41.20000076293945,40.20000076293945,40.20000076293945,6217500
2022-02-21,34.653987884521484,41.599998474121094,41.599998474121094,40.400001525878906,41.0,4287500
2022-02-22,33.98756408691406,40.79999923706055,41.20000076293945,39.959999084472656,41.0,4180000
2022-02-23,34.48738098144531,41.400001525878906,41.400001525878906,40.79999923706055,40.79999923706055,1867500
2022-02-24,33.2878303527832,39.959999084472656,41.0,39.959999084472656,40.599998474121094,4070000
2022-02-25,33.32114028930664,40.0,40.79999923706055,40.0,40.599998474121094,2000000
2022-03-01,34.32077407836914,41.20000076293945,41.20000076293945,40.20000076293945,40.400001525878906,2167500
2022-03-02,33.98756408691406,40.79999923706055,41.0,40.20000076293945,41.0,1462500
2022-03-03,33.82095718383789,40.599998474121094,41.599998474121094,40.599998474121094,41.20000076293945,2880000
2022-03-04,33.65435791015625,40.400001525878906,40.599998474121094,40.20000076293945,40.20000076293945,1817500
2022-03-07,32.154903411865234,38.599998474121094,39.599998474121094,38.279998779296875,39.599998474121094,5290000
2022-03-08,30.655454635620117,36.79999923706055,38.68000030517578,36.7599983215332,37.63999938964844,5530000
2022-03-09,32.25486755371094,38.720001220703125,38.720001220703125,37.400001525878906,37.560001373291016,3152500
2022-03-10,32.621395111083984,39.15999984741211,39.400001525878906,39.0,39.20000076293945,2332500
2022-03-11,32.621395111083984,39.15999984741211,39.15999984741211,38.599998474121094,38.880001068115234,1127500
2022-03-14,32.28818893432617,38.7599983215332,39.560001373291016,38.7599983215332,39.15999984741211,1265000
2022-03-15,31.155269622802734,37.400001525878906,38.7599983215332,37.400001525878906,38.7599983215332,2055000
2022-03-16,31.25522804260254,37.52000045776367,38.31999969482422,37.36000061035156,38.0,1422500
2022-03-17,32.42147445678711,38.91999816894531,39.08000183105469,38.36000061035156,38.36000061035156,1672500
2022-03-18,32.85464096069336,39.439998626708984,39.439998626708984,38.400001525878906,38.599998474121094,10285000
2022-03-21,32.954612731933594,39.560001373291016,40.20000076293945,39.400001525878906,39.720001220703125,1772500
2022-03-22,32.921295166015625,39.52000045776367,39.91999816894531,39.52000045776367,39.68000030517578,977500
2022-03-23,32.921295166015625,39.52000045776367,40.0,39.52000045776367,40.0,720000
2022-03-24,33.32114028930664,40.0,40.400001525878906,39.2400016784668,39.599998474121094,1202500
2022-03-25,33.48775100708008,40.20000076293945,41.0,39.959999084472656,40.400001525878906,2485000
2022-03-28,33.48775100708008,40.20000076293945,40.20000076293945,39.599998474121094,40.0,1035000
2022-03-29,33.65435791015625,40.400001525878906,41.20000076293945,40.400001525878906,40.599998474121094,2422500
2022-03-30,33.82095718383789,40.599998474121094,42.0,40.400001525878906,41.20000076293945,4832500
2022-03-31,33.32114028930664,40.0,41.0,39.959999084472656,41.0,1290000
2022-04-01,33.48775100708008,40.20000076293945,40.20000076293945,39.400001525878906,39.959999084472656,860000
2022-04-06,33.48775100708008,40.20000076293945,40.400001525878906,39.47999954223633,40.0,745000
2022-04-07,32.9879264831543,39.599998474121094,40.599998474121094,39.439998626708984,40.20000076293945,1577500
2022-04-08,33.02124786376953,39.63999938964844,39.959999084472656,39.36000061035156,39.959999084472656,1360000
2022-04-11,31.888328552246094,38.279998779296875,39.2400016784668,38.20000076293945,39.2400016784668,2432500
2022-04-12,32.454795837402344,38.959999084472656,38.959999084472656,37.599998474121094,37.599998474121094,1115000
2022-04-13,32.75468444824219,39.31999969482422,39.599998474121094,38.959999084472656,38.959999084472656,697500
2022-04-14,32.9879264831543,39.599998474121094,40.400001525878906,39.47999954223633,39.91999816894531,1470000
2022-04-15,32.954612731933594,39.560001373291016,39.599998474121094,38.720001220703125,39.2400016784668,1322500
2022-04-18,32.35483169555664,38.84000015258789,38.959999084472656,38.36000061035156,38.84000015258789,2125000
2022-04-19,32.9879264831543,39.599998474121094,39.91999816894531,39.20000076293945,39.20000076293945,2395000
2022-04-20,32.887962341308594,39.47999954223633,40.20000076293945,38.84000015258789,39.2400016784668,3420000
2022-04-21,32.621395111083984,39.15999984741211,39.91999816894531,39.15999984741211,39.68000030517578,2845000
2022-04-22,32.121585845947266,38.560001373291016,39.279998779296875,38.560001373291016,39.15999984741211,2742500
2022-04-25,30.72209358215332,36.880001068115234,38.0,36.880001068115234,37.880001068115234,3392500
2022-04-26,30.855375289916992,37.040000915527344,37.400001525878906,36.119998931884766,37.2400016784668,3692500
2022-04-27,30.188961029052734,36.2400016784668,36.63999938964844,35.68000030517578,36.0,2157500
2022-04-28,30.322240829467773,36.400001525878906,36.79999923706055,36.119998931884766,36.720001220703125,945000
2022-04-29,30.155635833740234,36.20000076293945,37.08000183105469,36.0,36.63999938964844,1367500
2022-05-03,29.922388076782227,35.91999816894531,36.400001525878906,35.7599983215332,36.20000076293945,1012500
2022-05-04,29.955707550048828,35.959999084472656,36.31999969482422,35.84000015258789,36.20000076293945,552500
2022-05-05,30.38888168334961,36.47999954223633,36.599998474121094,36.279998779296875,36.599998474121094,592500
2022-05-06,30.122314453125,36.15999984741211,36.400001525878906,35.20000076293945,36.400001525878906,1330000
2022-05-09,28.956069946289062,34.7599983215332,35.959999084472656,34.439998626708984,35.959999084472656,1962500
2022-05-10,29.322607040405273,35.20000076293945,35.91999816894531,33.599998474121094,34.15999984741211,1472500
2022-05-11,29.522531509399414,35.439998626708984,35.560001373291016,34.959999084472656,35.20000076293945,630000
2022-05-12,28.889432907104492,34.68000030517578,35.63999938964844,34.20000076293945,35.15999984741211,1000000
2022-05-13,29.55585479736328,35.47999954223633,35.599998474121094,34.720001220703125,34.720001220703125,1317500
2022-05-16,29.822420120239258,35.79999923706055,36.279998779296875,35.720001220703125,36.20000076293945,882500
2022-05-17,30.255599975585938,36.31999969482422,36.47999954223633,35.79999923706055,36.08000183105469,757500
2022-05-18,30.72209358215332,36.880001068115234,36.959999084472656,36.20000076293945,36.7599983215332,1217500
2022-05-19,30.78873634338379,36.959999084472656,37.15999984741211,35.91999816894531,36.20000076293945,1162500
2022-05-20,30.655454635620117,36.79999923706055,37.47999954223633,36.599998474121094,37.20000076293945,1135000
2022-05-23,30.68877410888672,36.84000015258789,37.08000183105469,36.439998626708984,37.08000183105469,585000
2022-05-24,30.022354125976562,36.040000915527344,37.040000915527344,35.91999816894531,36.79999923706055,1077500
2022-05-25,30.78873634338379,36.959999084472656,37.08000183105469,35.959999084472656,36.279998779296875,1065000
2022-05-26,30.488845825195312,36.599998474121094,37.279998779296875,36.599998474121094,37.2400016784668,702500
2022-05-27,31.221912384033203,37.47999954223633,37.599998474121094,36.91999816894531,37.15999984741211,2160000
2022-05-30,31.221912384033203,37.47999954223633,38.119998931884766,37.47999954223633,37.84000015258789,1640000
2022-05-31,31.488475799560547,37.79999923706055,37.79999923706055,36.91999816894531,37.47999954223633,1887500
2022-06-01,31.321868896484375,37.599998474121094,37.79999923706055,37.31999969482422,37.720001220703125,690000
2022-06-02,30.988664627075195,37.20000076293945,37.599998474121094,37.20000076293945,37.599998474121094,555000
2022-06-06,30.88869857788086,37.08000183105469,37.2400016784668,36.91999816894531,37.20000076293945,265000
2022-06-07,30.988664627075195,37.20000076293945,37.31999969482422,36.91999816894531,36.91999816894531,750000
2022-06-08,30.822053909301758,37.0,37.720001220703125,36.959999084472656,37.720001220703125,880000
2022-06-09,30.455522537231445,36.560001373291016,36.880001068115234,36.439998626708984,36.84000015258789,760000
2022-06-10,30.555490493774414,36.68000030517578,36.79999923706055,36.0,36.2400016784668,865000
2022-06-13,30.022354125976562,36.040000915527344,36.599998474121094,36.0,36.0,842500
2022-06-14,29.822420120239258,35.79999923706055,35.880001068115234,35.08000183105469,35.63999938964844,1270000
2022-06-15,30.05567169189453,36.08000183105469,36.720001220703125,35.959999084472656,36.2400016784668,620000
2022-06-16,29.322607040405273,35.20000076293945,36.52000045776367,35.040000915527344,36.47999954223633,1125000
2022-06-17,28.853609085083008,33.959999084472656,34.279998779296875,33.599998474121094,34.0,1260000
2022-06-20,27.290279388427734,32.119998931884766,34.040000915527344,32.0,34.0,2740000
2022-06-21,27.936004638671875,32.880001068115234,32.91999816894531,32.119998931884766,32.15999984741211,1345000
2022-06-22,26.304702758789062,30.959999084472656,33.08000183105469,30.760000228881836,33.08000183105469,3362500
2022-06-23,26.304702758789062,30.959999084472656,31.399999618530273,30.239999771118164,31.1200008392334,1155000
2022-06-24,26.37267303466797,31.040000915527344,31.520000457763672,30.479999542236328,31.399999618530273,990000
2022-06-27,26.950424194335938,31.719999313354492,32.15999984741211,31.280000686645508,31.280000686645508,1292500
2022-06-28,26.712526321411133,31.440000534057617,31.600000381469727,31.040000915527344,31.600000381469727,527500
2022-06-29,26.37267303466797,31.040000915527344,31.280000686645508,30.799999237060547,30.799999237060547,557500
2022-06-30,25.557024002075195,30.079999923706055,30.84000015258789,29.600000381469727,30.84000015258789,1182500
2022-07-01,24.639415740966797,29.0,29.8799991607666,28.920000076293945,29.799999237060547,1932500
2022-07-04,24.741374969482422,29.1200008392334,29.15999984741211,27.8799991607666,27.8799991607666,922500
2022-07-05,24.469491958618164,28.799999237060547,29.959999084472656,28.0,29.68000030517578,745000
2022-07-06,23.31398582458496,27.440000534057617,28.920000076293945,27.399999618530273,28.719999313354492,995000
2022-07-07,24.231590270996094,28.520000457763672,29.0,27.440000534057617,27.760000228881836,1390000
2022-07-08,26.16875648498535,30.799999237060547,30.799999237060547,28.719999313354492,28.719999313354492,2130000
2022-07-11,26.406658172607422,31.079999923706055,31.360000610351562,30.440000534057617,31.040000915527344,1847500
2022-07-12,25.45506477355957,29.959999084472656,30.600000381469727,29.639999389648438,30.600000381469727,1190000
2022-07-13,26.50861167907715,31.200000762939453,31.399999618530273,30.600000381469727,30.600000381469727,1577500
2022-07-14,27.460205078125,32.31999969482422,32.31999969482422,30.479999542236328,30.8799991607666,1547500
2022-07-15,27.49418830871582,32.36000061035156,32.720001220703125,31.719999313354492,32.31999969482422,887500
2022-07-18,27.56216049194336,32.439998626708984,32.720001220703125,32.20000076293945,32.720001220703125,567500
2022-07-19,27.596147537231445,32.47999954223633,32.7599983215332,32.040000915527344,32.040000915527344,765000
2022-07-20,27.86802864074707,32.79999923706055,34.2400016784668,32.400001525878906,34.119998931884766,4022500
2022-07-21,27.73208999633789,32.63999938964844,33.20000076293945,32.439998626708984,32.84000015258789,1265000
2022-07-22,27.49418830871582,32.36000061035156,32.959999084472656,32.36000061035156,32.560001373291016,992500
2022-07-25,27.120351791381836,31.920000076293945,32.040000915527344,31.639999389648438,32.040000915527344,792500
2022-07-26,25.99883270263672,30.600000381469727,31.719999313354492,30.600000381469727,31.719999313354492,1027500
2022-07-27,26.440645217895508,31.1200008392334,31.200000762939453,30.1200008392334,30.799999237060547,355000
2022-07-28,26.33868980407715,31.0,31.68000030517578,30.920000076293945,31.68000030517578,390000
2022-07-29,26.304702758789062,30.959999084472656,31.520000457763672,30.799999237060547,31.360000610351562,517500
2022-08-01,26.100788116455078,30.719999313354492,30.959999084472656,30.520000457763672,30.959999084472656,330000
2022-08-02,25.285139083862305,29.760000228881836,30.760000228881836,29.479999542236328,30.760000228881836,675000
2022-08-03,25.081228256225586,29.520000457763672,29.920000076293945,29.479999542236328,29.760000228881836,315000
2022-08-04,25.115215301513672,29.559999465942383,29.639999389648438,28.799999237060547,29.600000381469727,587500
2022-08-05,26.16875648498535,30.799999237060547,30.920000076293945,30.0,30.200000762939453,535000
2022-08-08,26.712526321411133,31.440000534057617,31.920000076293945,31.1200008392334,31.399999618530273,1135000
2022-08-09,27.56216049194336,32.439998626708984,32.79999923706055,30.959999084472656,31.600000381469727,1710000
2022-08-10,27.766075134277344,32.68000030517578,32.7599983215332,32.20000076293945,32.400001525878906,875000
2022-08-11,28.377819061279297,33.400001525878906,33.68000030517578,32.599998474121094,32.959999084472656,1707500
2022-08-12,28.88759422302246,34.0,34.08000183105469,33.279998779296875,33.52000045776367,1252500
2022-08-15,29.737224578857422,35.0,35.15999984741211,33.880001068115234,34.31999969482422,1915000
2022-08-16,30.34896469116211,35.720001220703125,35.959999084472656,34.959999084472656,35.040000915527344,2117500
2022-08-17,30.280996322631836,35.63999938964844,36.20000076293945,35.599998474121094,35.720001220703125,990000
2022-08-18,30.416933059692383,35.79999923706055,36.119998931884766,35.279998779296875,35.63999938964844,1422500
2022-08-19,31.062652587890625,36.560001373291016,36.68000030517578,35.79999923706055,36.0,1170000
2022-08-22,31.33454132080078,36.880001068115234,37.119998931884766,36.20000076293945,36.79999923706055,1002500
2022-08-23,30.34896469116211,35.720001220703125,36.79999923706055,35.52000045776367,36.31999969482422,1710000
2022-08-24,30.790782928466797,36.2400016784668,36.2400016784668,35.68000030517578,36.20000076293945,1815000
2022-08-25,30.790782928466797,36.2400016784668,36.2400016784668,36.2400016784668,36.2400016784668,0
2022-08-26,30.790782928466797,36.2400016784668,36.2400016784668,36.2400016784668,36.2400016784668,0
2022-08-29,30.790782928466797,36.2400016784668,36.2400016784668,36.2400016784668,36.2400016784668,0
2022-08-30,30.790782928466797,36.2400016784668,36.2400016784668,36.2400016784668,36.2400016784668,0
2022-08-31,30.790782928466797,36.2400016784668,36.2400016784668,36.2400016784668,36.2400016784668,0
2022-09-01,30.790782928466797,36.2400016784668,36.2400016784668,36.2400016784668,36.2400016784668,0
2022-09-02,30.790782928466797,36.2400016784668,36.2400016784668,36.2400016784668,36.2400016784668,0
2022-09-05,31.139131546020508,36.650001525878906,37.0,35.5,35.5,3156000
2022-09-06,30.586856842041016,36.0,37.29999923706055,36.0,36.79999923706055,1722000
2022-09-07,29.05751609802246,34.20000076293945,35.849998474121094,34.0,35.849998474121094,2321000
2022-09-08,29.015033721923828,34.150001525878906,34.45000076293945,33.70000076293945,34.20000076293945,1136000
2022-09-12,29.015033721923828,34.150001525878906,34.45000076293945,33.95000076293945,34.20000076293945,726000
2022-09-13,29.015033721923828,34.150001525878906,34.45000076293945,33.900001525878906,34.45000076293945,574000
2022-09-14,28.972551345825195,34.099998474121094,34.150001525878906,33.0,33.5,487000
2022-09-15,28.76014518737793,33.849998474121094,34.29999923706055,33.79999923706055,34.150001525878906,511000
2022-09-16,28.165403366088867,33.150001525878906,33.70000076293945,33.150001525878906,33.599998474121094,600000
2022-09-19,27.443214416503906,32.29999923706055,33.150001525878906,32.29999923706055,33.04999923706055,725000
2022-09-20,27.52817726135254,32.400001525878906,32.79999923706055,32.25,32.79999923706055,264000
2022-09-21,26.84847068786621,31.600000381469727,32.400001525878906,31.600000381469727,32.400001525878906,646000
2022-09-22,26.89095115661621,31.649999618530273,31.799999237060547,30.799999237060547,31.299999237060547,611000
2022-09-23,26.21124267578125,30.850000381469727,31.799999237060547,30.850000381469727,31.649999618530273,468000
2022-09-26,24.894309997558594,29.299999237060547,30.25,28.950000762939453,30.049999237060547,1007000
2022-09-27,25.149198532104492,29.600000381469727,29.75,28.75,29.700000762939453,433000
2022-09-28,23.91722869873047,28.149999618530273,29.850000381469727,27.850000381469727,29.649999618530273,844000
2022-09-29,24.85182762145996,29.25,29.350000381469727,28.200000762939453,28.899999618530273,585000
2022-09-30,24.469491958618164,28.799999237060547,29.0,28.0,28.049999237060547,303000
2022-10-03,25.616500854492188,30.149999618530273,31.649999618530273,28.600000381469727,28.799999237060547,1557000
2022-10-04,26.55109405517578,31.25,31.600000381469727,30.299999237060547,30.799999237060547,787000
2022-10-05,29.18496322631836,34.349998474121094,34.349998474121094,31.350000381469727,31.350000381469727,2792000
2022-10-06,28.2078857421875,33.20000076293945,34.70000076293945,33.20000076293945,34.599998474121094,2540000
2022-10-07,27.40073013305664,32.25,33.0,32.04999923706055,32.599998474121094,820000
2022-10-11,25.99883270263672,30.600000381469727,31.799999237060547,30.350000381469727,31.799999237060547,1287000
2022-10-12,26.12627601623535,30.75,30.950000762939453,30.0,30.799999237060547,643000
2022-10-13,24.76685905456543,29.149999618530273,30.75,29.149999618530273,30.75,669000
2022-10-14,25.446571350097656,29.950000762939453,30.299999237060547,29.799999237060547,30.149999618530273,549000
2022-10-17,25.149198532104492,29.600000381469727,29.700000762939453,28.5,29.100000381469727,592000
2022-10-18,25.319128036499023,29.799999237060547,30.299999237060547,29.5,29.950000762939453,374000
2022-10-19,25.446571350097656,29.950000762939453,30.049999237060547,29.649999618530273,29.950000762939453,522000
2022-10-20,26.253719329833984,30.899999618530273,31.950000762939453,30.0,30.450000762939453,2092000
2022-10-21,25.57401466369629,30.100000381469727,31.399999618530273,30.100000381469727,31.0,799000
2022-10-24,25.404085159301758,29.899999618530273,30.75,29.799999237060547,30.75,678000
2022-10-25,24.639415740966797,29.0,30.0,29.0,30.0,425000
2022-10-26,24.469491958618164,28.799999237060547,29.25,28.5,29.0,770000
2022-10-27,24.979270935058594,29.399999618530273,29.75,28.799999237060547,29.0,427000
2022-10-28,24.42700958251953,28.75,29.299999237060547,28.75,29.149999618530273,292000
2022-10-31,24.639415740966797,29.0,29.149999618530273,28.799999237060547,28.899999618530273,297000
2022-11-01,25.10671615600586,29.549999237060547,30.399999618530273,29.100000381469727,30.399999618530273,639000
2022-11-02,25.234163284301758,29.700000762939453,29.950000762939453,29.299999237060547,29.350000381469727,475000
2022-11-03,25.149198532104492,29.600000381469727,29.649999618530273,29.299999237060547,29.299999237060547,492000
2022-11-04,25.319128036499023,29.799999237060547,29.899999618530273,29.149999618530273,29.600000381469727,450000
2022-11-07,25.78642463684082,30.350000381469727,30.899999618530273,30.0,30.0,882000
2022-11-08,25.743942260742188,30.299999237060547,31.100000381469727,30.299999237060547,30.5,821000
2022-11-09,26.38117027282715,31.049999237060547,31.799999237060547,30.450000762939453,30.5,1111000
2022-11-10,26.16875648498535,30.799999237060547,31.25,30.700000762939453,30.75,486000
2022-11-11,26.593578338623047,31.299999237060547,32.29999923706055,31.0,31.5,1157000
2022-11-14,26.55109405517578,31.25,31.700000762939453,31.0,31.700000762939453,682000
2022-11-15,27.40073013305664,32.25,32.45000076293945,31.350000381469727,31.399999618530273,891000
2022-11-16,27.01839256286621,31.799999237060547,32.400001525878906,31.75,32.400001525878906,617000
2022-11-17,27.35824966430664,32.20000076293945,32.400001525878906,31.700000762939453,31.850000381469727,510000
2022-11-18,26.84847068786621,31.600000381469727,32.5,31.600000381469727,32.20000076293945,826000
2022-11-21,26.12627601623535,30.75,31.700000762939453,30.75,31.700000762939453,762000
2022-11-22,26.466136932373047,31.149999618530273,31.450000762939453,30.899999618530273,30.950000762939453,510000
2022-11-23,26.423654556274414,31.100000381469727,31.5,31.0,31.5,312000
2022-11-24,26.678543090820312,31.399999618530273,31.700000762939453,31.0,31.350000381469727,510000
2022-11-25,26.593578338623047,31.299999237060547,31.799999237060547,31.299999237060547,31.600000381469727,433000
2022-11-28,26.72102165222168,31.450000762939453,31.450000762939453,30.75,31.049999237060547,559000
2022-11-29,26.72102165222168,31.450000762939453,31.549999237060547,31.200000762939453,31.450000762939453,249000
2022-11-30,27.740589141845703,32.650001525878906,32.79999923706055,31.350000381469727,31.350000381469727,1414000
2022-12-01,27.61313819885254,32.5,33.29999923706055,32.5,33.0,1007000
2022-12-02,28.335330963134766,33.349998474121094,33.400001525878906,32.5,32.70000076293945,1326000
2022-12-05,28.547740936279297,33.599998474121094,34.0,33.45000076293945,33.79999923706055,1229000
2022-12-06,28.08043670654297,33.04999923706055,33.54999923706055,33.04999923706055,33.5,721000
2022-12-07,26.84847068786621,31.600000381469727,32.75,31.600000381469727,32.70000076293945,1360000
2022-12-08,26.84847068786621,31.600000381469727,32.0,31.350000381469727,31.5,482000
2022-12-09,26.678543090820312,31.399999618530273,31.850000381469727,31.399999618530273,31.700000762939453,487000
2022-12-12,26.84847068786621,31.600000381469727,31.75,31.0,31.5,376000
2022-12-13,26.763504028320312,31.5,32.04999923706055,31.450000762939453,31.75,405000
2022-12-14,27.145841598510742,31.950000762939453,32.0,31.600000381469727,31.899999618530273,515000
2022-12-15,27.3195743560791,31.450000762939453,31.799999237060547,31.350000381469727,31.5,452000
2022-12-16,26.97210693359375,31.049999237060547,31.200000762939453,30.950000762939453,31.0,481000
2022-12-19,26.581205368041992,30.600000381469727,31.049999237060547,30.600000381469727,31.049999237060547,334000
2022-12-20,25.712539672851562,29.600000381469727,30.899999618530273,29.600000381469727,30.600000381469727,642000
2022-12-21,25.929706573486328,29.850000381469727,30.049999237060547,29.850000381469727,29.850000381469727,239000
2022-12-22,26.016571044921875,29.950000762939453,30.149999618530273,29.899999618530273,30.100000381469727,273000
2022-12-23,26.016571044921875,29.950000762939453,29.950000762939453,29.399999618530273,29.5,313000
2022-12-26,25.886272430419922,29.799999237060547,30.350000381469727,29.649999618530273,30.350000381469727,239000
2022-12-27,25.929706573486328,29.850000381469727,30.049999237060547,29.799999237060547,29.799999237060547,117000
2022-12-28,25.669111251831055,29.549999237060547,29.75,29.5,29.75,197000
2022-12-29,25.49537467956543,29.350000381469727,29.649999618530273,29.200000762939453,29.649999618530273,154000
2022-12-30,25.799406051635742,29.700000762939453,29.75,29.399999618530273,29.450000762939453,203000
2023-01-03,25.669111251831055,29.549999237060547,30.149999618530273,29.350000381469727,30.149999618530273,175000
2023-01-04,25.712539672851562,29.600000381469727,29.850000381469727,29.549999237060547,29.600000381469727,117000
2023-01-05,25.712539672851562,29.600000381469727,29.850000381469727,29.600000381469727,29.850000381469727,259000
2023-01-06,25.886272430419922,29.799999237060547,29.899999618530273,29.549999237060547,29.700000762939453,185000
2023-01-09,26.71150779724121,30.75,30.75,29.799999237060547,30.25,767000
2023-01-10,26.320606231689453,30.299999237060547,30.799999237060547,30.299999237060547,30.75,433000
2023-01-11,26.494342803955078,30.5,30.600000381469727,30.299999237060547,30.350000381469727,283000
2023-01-12,26.88524055480957,30.950000762939453,31.600000381469727,30.700000762939453,30.700000762939453,1091000
2023-01-13,26.494342803955078,30.5,31.450000762939453,30.5,30.950000762939453,488000
2023-01-16,26.494342803955078,30.5,30.549999237060547,29.950000762939453,30.549999237060547,327000
2023-01-17,26.320606231689453,30.299999237060547,30.700000762939453,30.100000381469727,30.649999618530273,242000
2023-01-30,26.97210693359375,31.049999237060547,31.200000762939453,30.5,30.549999237060547,484000
2023-01-31,27.3195743560791,31.450000762939453,31.649999618530273,31.100000381469727,31.200000762939453,921000
2023-02-01,28.057941436767578,32.29999923706055,32.849998474121094,31.600000381469727,31.600000381469727,1369000
2023-02-02,28.318538665771484,32.599998474121094,32.79999923706055,32.29999923706055,32.29999923706055,1211000
2023-02-03,30.142738342285156,34.70000076293945,35.25,32.5,32.79999923706055,6784000
2023-02-06,30.229604721069336,34.79999923706055,34.95000076293945,33.75,34.849998474121094,4280000
2023-02-07,29.621540069580078,34.099998474121094,34.70000076293945,33.79999923706055,34.70000076293945,2495000
2023-02-08,29.360942840576172,33.79999923706055,34.400001525878906,33.75,34.04999923706055,1770000
2023-02-09,29.57810401916504,34.04999923706055,34.54999923706055,33.5,33.75,1694000
2023-02-10,28.92660903930664,33.29999923706055,33.95000076293945,33.20000076293945,33.95000076293945,1226000
2023-02-13,29.360942840576172,33.79999923706055,33.900001525878906,32.849998474121094,33.29999923706055,777000
2023-02-14,29.838706970214844,34.349998474121094,34.45000076293945,33.849998474121094,33.900001525878906,1664000
2023-02-15,29.3175048828125,33.75,34.5,33.599998474121094,34.04999923706055,1268000
2023-02-16,29.18720817565918,33.599998474121094,34.0,33.20000076293945,33.400001525878906,825000
2023-02-17,29.274076461791992,33.70000076293945,33.849998474121094,33.54999923706055,33.599998474121094,313000
2023-02-20,29.75184440612793,34.25,34.400001525878906,33.75,33.79999923706055,1045000
2023-02-21,30.012439727783203,34.54999923706055,34.79999923706055,34.150001525878906,34.45000076293945,1653000
2023-02-22,29.92557144165039,34.45000076293945,34.54999923706055,33.849998474121094,34.29999923706055,1310000
2023-02-23,30.012439727783203,34.54999923706055,35.0,34.5,34.70000076293945,1371000
2023-02-24,29.92557144165039,34.45000076293945,34.79999923706055,34.25,34.75,1078000
2023-03-01,29.75184440612793,34.25,34.599998474121094,34.20000076293945,34.5,530000
2023-03-02,29.75184440612793,34.25,34.599998474121094,34.099998474121094,34.25,526000
2023-03-03,30.099306106567383,34.650001525878906,34.79999923706055,34.25,34.599998474121094,627000
2023-03-06,33.09620666503906,38.099998474121094,38.099998474121094,35.0,35.0,6726000
2023-03-07,34.31233596801758,39.5,40.20000076293945,37.400001525878906,38.45000076293945,20585000
2023-03-08,35.094146728515625,40.400001525878906,41.45000076293945,38.54999923706055,39.20000076293945,11038000
2023-03-09,35.52847671508789,40.900001525878906,41.79999923706055,40.5,41.650001525878906,8667000
2023-03-10,33.87800979614258,39.0,40.45000076293945,38.70000076293945,40.349998474121094,5230000
2023-03-13,33.87800979614258,39.0,39.0,36.5,38.20000076293945,4575000
2023-03-14,33.53054428100586,38.599998474121094,39.599998474121094,38.400001525878906,38.70000076293945,2745000
2023-03-15,33.26994323730469,38.29999923706055,39.54999923706055,38.25,39.54999923706055,1871000
2023-03-16,32.314414978027344,37.20000076293945,38.20000076293945,36.849998474121094,37.79999923706055,2278000
2023-03-17,33.61740493774414,38.70000076293945,39.20000076293945,37.650001525878906,37.650001525878906,2089000
2023-03-20,33.61740493774414,38.70000076293945,39.25,38.0,38.54999923706055,1265000
2023-03-21,33.87800979614258,39.0,39.25,38.70000076293945,39.0,1135000
2023-03-22,34.138614654541016,39.29999923706055,39.900001525878906,39.25,39.5,1884000
2023-03-23,34.05173873901367,39.20000076293945,39.54999923706055,38.599998474121094,38.599998474121094,1658000
2023-03-24,35.181007385253906,40.5,42.0,39.599998474121094,39.599998474121094,7368000
2023-03-27,35.658775329589844,41.04999923706055,41.349998474121094,40.400001525878906,40.599998474121094,4391000
2023-03-28,34.572940826416016,39.79999923706055,41.349998474121094,39.650001525878906,41.29999923706055,2983000
2023-03-29,34.31233596801758,39.5,40.099998474121094,39.25,39.95000076293945,1624000
2023-03-30,35.44160842895508,40.79999923706055,41.29999923706055,39.70000076293945,39.70000076293945,3145000
2023-03-31,38.95970916748047,44.849998474121094,44.849998474121094,40.900001525878906,41.25,14284000
2023-04-06,40.132408142089844,46.20000076293945,47.150001525878906,45.0,45.599998474121094,25775000
2023-04-07,39.394046783447266,45.349998474121094,46.75,45.25,46.25,9182000
2023-04-10,38.65567398071289,44.5,45.29999923706055,43.650001525878906,45.29999923706055,6495000
2023-04-11,38.308204650878906,44.099998474121094,44.75,43.79999923706055,44.5,5685000
2023-04-12,38.568809509277344,44.400001525878906,45.75,43.849998474121094,44.400001525878906,6768000
2023-04-13,38.13447570800781,43.900001525878906,44.95000076293945,43.54999923706055,44.599998474121094,3706000
2023-04-14,38.785980224609375,44.650001525878906,44.79999923706055,43.849998474121094,44.20000076293945,2946000
2023-04-17,39.1768798828125,45.099998474121094,45.95000076293945,44.650001525878906,44.650001525878906,5292000
2023-04-18,38.2647819519043,44.04999923706055,45.5,43.95000076293945,45.45000076293945,3789000
2023-04-19,38.047611236572266,43.79999923706055,44.75,43.70000076293945,44.5,2519000
2023-04-20,38.13447570800781,43.900001525878906,45.0,43.79999923706055,44.150001525878906,3487000
2023-04-21,37.43954086303711,43.099998474121094,44.70000076293945,42.29999923706055,44.04999923706055,3966000
2023-04-24,38.177913665771484,43.95000076293945,43.95000076293945,42.79999923706055,43.5,1349000
2023-04-25,37.1789436340332,42.79999923706055,44.79999923706055,42.599998474121094,44.0,3108000
2023-04-26,35.875946044921875,41.29999923706055,42.45000076293945,41.0,41.79999923706055,3441000
2023-04-27,36.049678802490234,41.5,41.900001525878906,40.650001525878906,41.349998474121094,1496000
2023-04-28,36.657737731933594,42.20000076293945,42.75,41.849998474121094,42.45000076293945,1532000
2023-05-02,36.831478118896484,42.400001525878906,42.599998474121094,41.79999923706055,42.599998474121094,1695000
2023-05-03,36.31027603149414,41.79999923706055,42.20000076293945,41.599998474121094,42.0,926000
2023-05-04,35.35474395751953,40.70000076293945,41.650001525878906,40.70000076293945,41.650001525878906,2016000
2023-05-05,35.485042572021484,40.849998474121094,41.5,40.599998474121094,40.70000076293945,1001000
2023-05-08,35.919376373291016,41.349998474121094,42.0,41.349998474121094,41.900001525878906,1060000
2023-05-09,34.876983642578125,40.150001525878906,41.54999923706055,40.150001525878906,41.349998474121094,1513000
2023-05-10,35.137577056884766,40.45000076293945,40.79999923706055,39.900001525878906,40.349998474121094,814000
2023-05-11,34.31233596801758,39.5,40.900001525878906,39.5,40.900001525878906,1417000
2023-05-12,34.65981674194336,39.900001525878906,40.20000076293945,38.849998474121094,39.70000076293945,1057000
2023-05-15,34.70323944091797,39.95000076293945,40.29999923706055,39.599998474121094,40.20000076293945,772000
2023-05-16,35.57190704345703,40.95000076293945,41.45000076293945,40.5,40.5,1231000
2023-05-17,36.35371398925781,41.849998474121094,42.0,41.04999923706055,41.20000076293945,1384000
2023-05-18,35.919376373291016,41.349998474121094,42.5,41.349998474121094,42.29999923706055,1459000
2023-05-19,35.745643615722656,41.150001525878906,41.849998474121094,41.04999923706055,41.650001525878906,1034000
2023-05-22,37.482975006103516,43.150001525878906,43.20000076293945,41.650001525878906,41.75,2560000
2023-05-23,37.04864501953125,42.650001525878906,43.150001525878906,42.54999923706055,43.150001525878906,1715000
2023-05-24,36.744606018066406,42.29999923706055,43.0,42.0,43.0,1739000
2023-05-25,36.44057846069336,41.95000076293945,42.5,41.400001525878906,41.79999923706055,1738000
2023-05-26,36.049678802490234,41.5,42.70000076293945,41.5,42.400001525878906,1168000
2023-05-29,36.484012603759766,42.0,42.25,41.5,41.5,1341000
2023-05-30,36.57087326049805,42.099998474121094,42.349998474121094,41.5,42.349998474121094,947000
2023-05-31,36.70117950439453,42.25,42.29999923706055,41.70000076293945,42.25,2500000
2023-06-01,36.57087326049805,42.099998474121094,42.95000076293945,42.099998474121094,42.349998474121094,1768000
2023-06-02,36.831478118896484,42.400001525878906,42.79999923706055,42.25,42.70000076293945,1432000
2023-06-05,38.395076751708984,44.20000076293945,44.349998474121094,42.79999923706055,43.20000076293945,4125000
2023-06-06,37.787010192871094,43.5,44.45000076293945,42.75,44.20000076293945,3176000
2023-06-07,37.787010192871094,43.5,43.849998474121094,42.900001525878906,43.5,1932000
2023-06-08,37.97289276123047,42.900001525878906,43.75,42.79999923706055,43.0,2710000
2023-06-09,37.61883544921875,42.5,43.20000076293945,42.5,42.900001525878906,1503000
2023-06-12,35.937049865722656,40.599998474121094,42.5,40.04999923706055,42.400001525878906,3429000
2023-06-13,35.71575927734375,40.349998474121094,40.900001525878906,40.29999923706055,40.5,1542000
2023-06-14,36.246849060058594,40.95000076293945,41.150001525878906,40.349998474121094,40.70000076293945,852000
2023-06-15,37.13199996948242,41.95000076293945,42.20000076293945,40.75,41.150001525878906,1006000
2023-06-16,36.11407470703125,40.79999923706055,42.20000076293945,40.79999923706055,42.04999923706055,1278000
2023-06-19,36.20259475708008,40.900001525878906,41.349998474121094,40.349998474121094,40.349998474121094,1047000
2023-06-20,36.33536148071289,41.04999923706055,41.54999923706055,41.0,41.099998474121094,794000
2023-06-21,37.04348373413086,41.849998474121094,41.849998474121094,40.900001525878906,41.099998474121094,987000
2023-06-26,36.37961959838867,41.099998474121094,41.849998474121094,41.099998474121094,41.75,698000
2023-06-27,36.73368453979492,41.5,42.20000076293945,41.150001525878906,41.20000076293945,1158000
2023-06-28,37.84011459350586,42.75,43.349998474121094,42.0,42.099998474121094,3018000
2023-06-29,37.61883544921875,42.5,43.20000076293945,42.349998474121094,43.099998474121094,1325000
2023-06-30,38.37120819091797,43.349998474121094,43.349998474121094,42.45000076293945,42.45000076293945,1533000
2023-07-03,38.946556091308594,44.0,44.45000076293945,43.29999923706055,43.5,2686000
2023-07-04,40.27427673339844,45.5,45.599998474121094,43.599998474121094,44.5,4296000
2023-07-05,39.433387756347656,44.54999923706055,46.29999923706055,44.5,45.54999923706055,3018000
2023-07-06,39.12358093261719,44.20000076293945,44.75,43.75,44.400001525878906,2080000
2023-07-07,37.44179916381836,42.29999923706055,43.900001525878906,42.25,43.900001525878906,2374000
2023-07-10,37.13199996948242,41.95000076293945,42.79999923706055,41.79999923706055,42.79999923706055,828000
2023-07-11,37.44179916381836,42.29999923706055,43.0,42.20000076293945,42.5,662000
2023-07-12,33.72417449951172,38.099998474121094,40.0,38.099998474121094,39.75,12414000
2023-07-13,31.688335418701172,35.79999923706055,38.29999923706055,35.54999923706055,37.70000076293945,15522000
2023-07-14,33.94546127319336,38.349998474121094,38.5,35.95000076293945,35.95000076293945,9169000
2023-07-17,32.57347869873047,36.79999923706055,38.0,36.70000076293945,37.599998474121094,5446000
2023-07-18,32.52922058105469,36.75,37.099998474121094,35.79999923706055,36.79999923706055,5946000
2023-07-19,33.41437530517578,37.75,38.79999923706055,37.400001525878906,38.150001525878906,7367000
2023-07-20,34.520809173583984,39.0,39.400001525878906,38.20000076293945,38.5,5922000
2023-07-21,33.281593322753906,37.599998474121094,38.29999923706055,37.150001525878906,38.20000076293945,6891000
2023-07-24,33.3701171875,37.70000076293945,38.099998474121094,36.79999923706055,37.75,4575000
2023-07-25,33.547149658203125,37.900001525878906,38.29999923706055,37.400001525878906,38.29999923706055,2552000
2023-07-26,33.01605224609375,37.29999923706055,38.099998474121094,37.25,38.099998474121094,2095000
2023-07-27,32.83903121948242,37.099998474121094,38.0,37.0,37.849998474121094,3066000
2023-07-28,32.04239273071289,36.20000076293945,37.20000076293945,35.900001525878906,37.099998474121094,6688000
2023-07-31,32.75051498413086,37.0,37.400001525878906,36.400001525878906,36.79999923706055,2957000
2023-08-01,32.219425201416016,36.400001525878906,37.20000076293945,36.29999923706055,37.20000076293945,1918000
2023-08-02,31.953876495361328,36.099998474121094,36.900001525878906,35.75,36.599998474121094,3280000
2023-08-04,31.201501846313477,35.25,36.29999923706055,35.04999923706055,36.20000076293945,3174000
2023-08-07,31.865358352661133,36.0,36.0,34.29999923706055,35.20000076293945,2589000
2023-08-08,31.33427619934082,35.400001525878906,35.650001525878906,34.70000076293945,35.54999923706055,2662000
2023-08-09,31.157243728637695,35.20000076293945,35.349998474121094,34.849998474121094,35.04999923706055,1843000
2023-08-10,30.670412063598633,34.650001525878906,35.150001525878906,34.29999923706055,35.0,1855000
2023-08-11,30.98021697998047,35.0,35.099998474121094,34.5,34.95000076293945,1419000
2023-08-14,30.537639617919922,34.5,35.099998474121094,34.04999923706055,35.099998474121094,2183000
2023-08-15,30.44913101196289,34.400001525878906,35.099998474121094,34.349998474121094,34.54999923706055,1515000
2023-08-16,30.44913101196289,34.400001525878906,34.5,33.75,34.400001525878906,1345000
2023-08-17,30.98021697998047,35.0,35.20000076293945,34.25,34.849998474121094,1674000
2023-08-18,30.626148223876953,34.599998474121094,35.349998474121094,34.54999923706055,35.0,1383000
2023-08-21,30.095067977905273,34.0,34.650001525878906,34.0,34.349998474121094,1055000
2023-08-22,29.209917068481445,33.0,34.20000076293945,33.0,34.150001525878906,2376000
2023-08-23,30.581897735595703,34.54999923706055,34.650001525878906,33.04999923706055,33.400001525878906,1612000
2023-08-24,30.31635093688965,34.25,35.0,33.95000076293945,35.0,1420000
2023-08-25,30.31635093688965,34.25,34.599998474121094,33.45000076293945,34.04999923706055,1425000
2023-08-28,29.873777389526367,33.75,34.75,33.54999923706055,34.75,1325000
2023-08-29,30.2720947265625,34.20000076293945,34.29999923706055,33.79999923706055,34.0,1252000
2023-08-30,30.22783660888672,34.150001525878906,34.75,34.04999923706055,34.45000076293945,1409000
2023-08-31,30.89169692993164,34.900001525878906,34.95000076293945,34.04999923706055,34.400001525878906,1724000
2023-09-01,30.714670181274414,34.70000076293945,35.20000076293945,34.650001525878906,34.650001525878906,1571000
2023-09-04,30.847444534301758,34.849998474121094,34.900001525878906,34.5,34.650001525878906,1110000
2023-09-05,31.511301040649414,35.599998474121094,35.79999923706055,34.849998474121094,34.849998474121094,2555000
2023-09-06,31.11298370361328,35.150001525878906,35.900001525878906,35.0,35.900001525878906,2402000
2023-09-07,31.157243728637695,35.20000076293945,35.400001525878906,34.79999923706055,35.0,2111000
2023-09-08,30.98021697998047,35.0,35.54999923706055,35.0,35.20000076293945,1411000
2023-09-11,30.360607147216797,34.29999923706055,35.20000076293945,34.099998474121094,35.20000076293945,1999000
2023-09-12,30.670412063598633,34.650001525878906,34.70000076293945,34.349998474121094,34.599998474121094,547000
2023-09-13,31.11298370361328,35.150001525878906,35.45000076293945,34.650001525878906,34.70000076293945,1007000
2023-09-14,31.46704864501953,35.54999923706055,35.70000076293945,35.25,35.25,1043000
2023-09-15,31.511301040649414,35.599998474121094,35.79999923706055,35.349998474121094,35.599998474121094,1067000
2023-09-18,31.201501846313477,35.25,35.650001525878906,35.20000076293945,35.20000076293945,909000
2023-09-19,30.803178787231445,34.79999923706055,35.29999923706055,34.79999923706055,35.29999923706055,1163000
2023-09-20,30.626148223876953,34.599998474121094,35.0,34.54999923706055,35.0,922000
2023-09-21,30.265911102294922,33.79999923706055,34.20000076293945,33.599998474121094,34.20000076293945,1066000
2023-09-22,30.131601333618164,33.650001525878906,33.70000076293945,33.25,33.54999923706055,579000
2023-09-25,30.22114372253418,33.75,34.150001525878906,33.599998474121094,33.599998474121094,354000
2023-09-26,29.773420333862305,33.25,33.849998474121094,33.150001525878906,33.849998474121094,1099000
2023-09-27,29.907739639282227,33.400001525878906,33.400001525878906,33.0,33.25,483000
2023-09-28,29.728647232055664,33.20000076293945,33.54999923706055,33.20000076293945,33.54999923706055,600000
2023-10-02,30.265911102294922,33.79999923706055,33.849998474121094,33.349998474121094,33.599998474121094,437000
2023-10-03,29.86296272277832,33.349998474121094,33.849998474121094,33.29999923706055,33.70000076293945,455000
2023-10-04,29.907739639282227,33.400001525878906,33.54999923706055,33.0,33.099998474121094,430000
2023-10-05,29.86296272277832,33.349998474121094,33.650001525878906,33.29999923706055,33.650001525878906,369000
2023-10-06,30.131601333618164,33.650001525878906,33.75,33.400001525878906,33.54999923706055,474000
2023-10-11,28.475027084350586,31.799999237060547,33.54999923706055,31.600000381469727,33.54999923706055,2592000
2023-10-12,28.654117584228516,32.0,32.20000076293945,31.799999237060547,31.799999237060547,611000
2023-10-13,29.14661407470703,32.54999923706055,33.29999923706055,32.04999923706055,32.349998474121094,718000
2023-10-16,28.922752380371094,32.29999923706055,32.650001525878906,32.25,32.5,457000
2023-10-17,28.206396102905273,31.5,32.5,31.5,32.5,1269000
2023-10-18,28.116849899291992,31.399999618530273,31.600000381469727,31.200000762939453,31.600000381469727,624000
2023-10-19,27.98253631591797,31.25,31.549999237060547,31.149999618530273,31.399999618530273,538000
2023-10-20,27.758678436279297,31.0,31.350000381469727,30.649999618530273,31.350000381469727,942000
2023-10-23,27.758678436279297,31.0,31.75,30.700000762939453,31.0,566000
2023-10-24,27.758678436279297,31.0,31.399999618530273,30.850000381469727,31.100000381469727,371000
2023-10-25,28.833208084106445,32.20000076293945,32.45000076293945,31.299999237060547,31.299999237060547,949000
2023-10-26,28.34071159362793,31.649999618530273,31.950000762939453,31.600000381469727,31.799999237060547,590000
2023-10-27,28.34071159362793,31.649999618530273,32.20000076293945,31.649999618530273,31.799999237060547,297000
2023-10-30,28.743661880493164,32.099998474121094,32.099998474121094,31.200000762939453,31.649999618530273,549000
2023-10-31,28.87797737121582,32.25,32.75,31.899999618530273,32.20000076293945,1137000
2023-11-01,28.43025779724121,31.75,32.400001525878906,31.700000762939453,32.25,801000
2023-11-02,28.564573287963867,31.899999618530273,32.25,31.75,32.0,435000
2023-11-03,28.743661880493164,32.099998474121094,32.25,31.950000762939453,32.04999923706055,646000
2023-11-06,29.01229476928711,32.400001525878906,32.5,32.150001525878906,32.20000076293945,564000
2023-11-07,28.519804000854492,31.850000381469727,32.70000076293945,31.850000381469727,32.5,563000
2023-11-08,29.639102935791016,33.099998474121094,33.54999923706055,32.04999923706055,32.04999923706055,1532000
2023-11-09,29.01229476928711,32.400001525878906,33.349998474121094,32.20000076293945,33.349998474121094,876000
2023-11-10,28.654117584228516,32.0,32.400001525878906,32.0,32.400001525878906,524000
2023-11-13,28.743661880493164,32.099998474121094,32.400001525878906,32.04999923706055,32.25,282000
2023-11-14,28.87797737121582,32.25,32.29999923706055,32.04999923706055,32.099998474121094,218000
2023-11-15,28.922752380371094,32.29999923706055,32.70000076293945,32.20000076293945,32.5,612000
2023-11-16,29.191383361816406,32.599998474121094,32.70000076293945,32.29999923706055,32.29999923706055,466000
2023-11-17,29.101839065551758,32.5,32.75,32.45000076293945,32.45000076293945,505000
2023-11-20,29.46002197265625,32.900001525878906,33.099998474121094,32.54999923706055,32.70000076293945,500000
2023-11-21,29.549560546875,33.0,33.5,33.0,33.5,489000
2023-11-22,29.594331741333008,33.04999923706055,33.20000076293945,32.95000076293945,33.0,361000
2023-11-23,29.86296272277832,33.349998474121094,33.5,33.099998474121094,33.20000076293945,447000
2023-11-24,29.86296272277832,33.349998474121094,33.54999923706055,33.25,33.349998474121094,401000
2023-11-27,29.86296272277832,33.349998474121094,33.599998474121094,33.29999923706055,33.400001525878906,499000
2023-11-28,29.86296272277832,33.349998474121094,33.650001525878906,33.349998474121094,33.5,485000
2023-11-29,30.17637062072754,33.70000076293945,33.849998474121094,33.349998474121094,33.349998474121094,622000
2023-11-30,30.31068229675293,33.849998474121094,33.95000076293945,33.5,33.70000076293945,650000
2023-12-01,30.22114372253418,33.75,34.0,33.650001525878906,34.0,580000
2023-12-04,29.997278213500977,33.5,33.900001525878906,33.5,33.849998474121094,639000
2023-12-05,30.131601333618164,33.650001525878906,34.099998474121094,33.29999923706055,33.5,791000
2023-12-06,29.68387794494629,33.150001525878906,33.70000076293945,33.04999923706055,33.70000076293945,969000
2023-12-07,29.86296272277832,33.349998474121094,33.650001525878906,33.099998474121094,33.29999923706055,606000
2023-12-08,29.86296272277832,33.349998474121094,33.650001525878906,33.349998474121094,33.5,424000
2023-12-11,30.131601333618164,33.650001525878906,33.75,33.29999923706055,33.5,671000
2023-12-12,30.35545539855957,33.900001525878906,34.20000076293945,33.5,33.75,815000
2023-12-13,30.22114372253418,33.75,34.20000076293945,33.75,34.20000076293945,551000
2023-12-14,30.265911102294922,33.79999923706055,34.20000076293945,33.79999923706055,33.900001525878906,871000
2023-12-15,30.57931900024414,34.150001525878906,34.45000076293945,33.849998474121094,33.849998474121094,875000
2023-12-18,29.95250701904297,33.45000076293945,34.29999923706055,33.45000076293945,34.150001525878906,2151000
2023-12-19,29.280929565429688,32.70000076293945,33.599998474121094,32.70000076293945,33.5,2910000
2023-12-20,29.280929565429688,32.70000076293945,33.45000076293945,32.70000076293945,33.04999923706055,2221000
2023-12-21,29.190275192260742,32.20000076293945,32.75,32.20000076293945,32.5,2222000
2023-12-22,29.144948959350586,32.150001525878906,32.45000076293945,32.099998474121094,32.25,2217000
2023-12-25,30.8220272064209,34.0,34.04999923706055,32.150001525878906,32.349998474121094,2458000
2023-12-26,30.867359161376953,34.04999923706055,34.29999923706055,33.54999923706055,34.099998474121094,1596000
2023-12-27,30.8220272064209,34.0,34.25,33.95000076293945,34.04999923706055,862000
2023-12-28,30.36876106262207,33.5,34.04999923706055,33.5,34.04999923706055,670000
2023-12-29,30.278114318847656,33.400001525878906,33.70000076293945,33.29999923706055,33.54999923706055,409000
2024-01-02,30.36876106262207,33.5,33.599998474121094,33.0,33.5,708000
2024-01-03,30.05147933959961,33.150001525878906,33.45000076293945,33.04999923706055,33.29999923706055,406000
2024-01-04,29.824851989746094,32.900001525878906,33.29999923706055,32.79999923706055,33.150001525878906,737000
2024-01-05,29.96082305908203,33.04999923706055,33.25,32.79999923706055,32.79999923706055,438000
2024-01-08,29.824851989746094,32.900001525878906,33.29999923706055,32.900001525878906,33.04999923706055,490000
2024-01-09,29.87017250061035,32.95000076293945,33.099998474121094,32.650001525878906,33.099998474121094,483000
2024-01-10,29.64354133605957,32.70000076293945,32.95000076293945,32.70000076293945,32.95000076293945,304000
2024-01-11,29.779518127441406,32.849998474121094,32.95000076293945,32.650001525878906,32.70000076293945,275000
2024-01-12,29.688865661621094,32.75,32.900001525878906,32.650001525878906,32.79999923706055,377000
2024-01-15,29.824851989746094,32.900001525878906,33.099998474121094,32.849998474121094,32.900001525878906,220651
2024-01-16,29.64354133605957,32.70000076293945,32.900001525878906,32.70000076293945,32.900001525878906,234000
2024-01-17,29.144948959350586,32.150001525878906,32.79999923706055,32.150001525878906,32.79999923706055,640000
2024-01-18,29.280929565429688,32.29999923706055,32.5,31.950000762939453,32.29999923706055,423000
2024-01-19,29.59821319580078,32.650001525878906,32.70000076293945,32.400001525878906,32.5,305000
2024-01-22,30.323436737060547,33.45000076293945,34.0,32.70000076293945,32.70000076293945,886000
2024-01-23,30.36876106262207,33.5,33.650001525878906,33.29999923706055,33.45000076293945,388000
2024-01-24,30.50474739074707,33.650001525878906,34.349998474121094,33.599998474121094,33.599998474121094,772000
2024-01-25,30.45941734313965,33.599998474121094,33.900001525878906,33.599998474121094,33.900001525878906,482000
2024-01-26,30.187458038330078,33.29999923706055,33.900001525878906,33.29999923706055,33.900001525878906,428000
2024-01-29,30.187458038330078,33.29999923706055,33.5,33.25,33.29999923706055,249000
2024-01-30,30.2327823638916,33.349998474121094,33.599998474121094,33.150001525878906,33.349998474121094,342000
2024-01-31,30.187458038330078,33.29999923706055,33.599998474121094,33.20000076293945,33.20000076293945,485000
2024-02-01,29.91550064086914,33.0,33.54999923706055,32.599998474121094,33.54999923706055,1176000
2024-02-02,29.91550064086914,33.0,34.5,33.0,33.150001525878906,1477000
2024-02-05,30.05147933959961,33.150001525878906,33.5,32.70000076293945,33.20000076293945,628000
2024-02-15,30.686046600341797,33.849998474121094,34.0,33.29999923706055,33.45000076293945,1164000
2024-02-16,31.592573165893555,34.849998474121094,34.849998474121094,33.849998474121094,33.849998474121094,2592000
2024-02-19,31.637910842895508,34.900001525878906,35.70000076293945,34.849998474121094,35.0,2739000
2024-02-20,31.411273956298828,34.650001525878906,35.650001525878906,34.650001525878906,35.29999923706055,1738000
2024-02-21,31.456605911254883,34.70000076293945,34.849998474121094,34.349998474121094,34.79999923706055,896000
2024-02-22,31.320615768432617,34.54999923706055,35.099998474121094,34.54999923706055,35.099998474121094,662000
2024-02-23,31.184640884399414,34.400001525878906,34.75,34.150001525878906,34.599998474121094,908000
2024-02-26,31.184640884399414,34.400001525878906,34.650001525878906,34.25,34.54999923706055,471000
2024-02-27,31.093984603881836,34.29999923706055,34.75,34.0,34.45000076293945,862000
2024-02-29,31.275293350219727,34.5,34.900001525878906,34.29999923706055,34.29999923706055,801000
2024-03-01,30.867359161376953,34.04999923706055,34.70000076293945,34.04999923706055,34.599998474121094,1142000
2024-03-04,30.776697158813477,33.95000076293945,34.20000076293945,33.849998474121094,34.099998474121094,1198000
2024-03-05,30.958011627197266,34.150001525878906,34.400001525878906,33.95000076293945,34.099998474121094,798000
2024-03-06,31.048660278320312,34.25,35.25,34.20000076293945,34.20000076293945,1404000
2024-03-07,30.414085388183594,33.54999923706055,34.29999923706055,33.54999923706055,34.25,1506000
2024-03-08,29.91550064086914,33.0,33.900001525878906,32.900001525878906,33.900001525878906,1750000
2024-03-11,30.142131805419922,33.25,33.29999923706055,33.0,33.0,593000
2024-03-12,30.414085388183594,33.54999923706055,33.599998474121094,33.29999923706055,33.349998474121094,570000
2024-03-13,30.731374740600586,33.900001525878906,34.0,33.54999923706055,33.54999923706055,1096000
2024-03-14,30.685508728027344,33.45000076293945,33.849998474121094,33.349998474121094,33.849998474121094,1120000
2024-03-15,30.226829528808594,32.95000076293945,33.54999923706055,32.95000076293945,33.5,774000
2024-03-18,30.36443328857422,33.099998474121094,33.29999923706055,32.75,32.95000076293945,504000
2024-03-19,30.868982315063477,33.650001525878906,33.79999923706055,33.20000076293945,33.349998474121094,572000
2024-03-20,30.6396427154541,33.400001525878906,33.75,33.25,33.599998474121094,527000
2024-03-21,30.59377098083496,33.349998474121094,33.75,33.349998474121094,33.70000076293945,535000
2024-03-22,30.777238845825195,33.54999923706055,33.70000076293945,33.349998474121094,33.349998474121094,984000
2024-03-25,31.740467071533203,34.599998474121094,34.75,33.70000076293945,33.70000076293945,2102000
2024-03-26,31.006580352783203,33.79999923706055,34.75,33.599998474121094,34.75,1519000
2024-03-27,31.235925674438477,34.04999923706055,34.099998474121094,33.599998474121094,33.79999923706055,609000
2024-03-28,31.235925674438477,34.04999923706055,34.150001525878906,34.0,34.04999923706055,531000
2024-03-29,31.28178596496582,34.099998474121094,34.29999923706055,34.0,34.20000076293945,394000
2024-04-01,31.694595336914062,34.54999923706055,34.650001525878906,34.099998474121094,34.099998474121094,1558000
2024-04-02,31.878067016601562,34.75,34.900001525878906,34.349998474121094,34.5,1456000
2024-04-03,32.38261413574219,35.29999923706055,35.70000076293945,34.400001525878906,34.75,2520000
2024-04-08,34.21731948852539,37.29999923706055,37.70000076293945,34.79999923706055,35.599998474121094,10659000
2024-04-09,33.43757247924805,36.45000076293945,37.099998474121094,36.20000076293945,36.900001525878906,3791000
2024-04-10,33.48344039916992,36.5,37.25,36.29999923706055,36.45000076293945,2064000
2024-04-11,34.125587463378906,37.20000076293945,37.20000076293945,36.04999923706055,36.54999923706055,1869000
2024-04-12,34.263187408447266,37.349998474121094,38.29999923706055,37.29999923706055,37.599998474121094,4798000
2024-04-15,34.53839874267578,37.650001525878906,37.849998474121094,36.70000076293945,37.25,3284000
2024-04-16,33.07062530517578,36.04999923706055,37.79999923706055,35.900001525878906,37.79999923706055,3328000
2024-04-17,34.35492706298828,37.45000076293945,38.0,36.20000076293945,36.20000076293945,2878000
2024-04-18,33.942115783691406,37.0,37.400001525878906,36.75,37.400001525878906,1481000
2024-04-19,33.1623649597168,36.150001525878906,36.95000076293945,35.54999923706055,36.95000076293945,2914000
2024-04-22,33.299964904785156,36.29999923706055,36.599998474121094,36.0,36.349998474121094,1889000
2024-04-23,33.80451202392578,36.849998474121094,37.099998474121094,36.400001525878906,36.400001525878906,1089000
2024-04-24,37.15285873413086,40.5,40.5,37.75,37.849998474121094,9052000
2024-04-25,38.11608123779297,41.54999923706055,42.0,39.849998474121094,40.900001525878906,17533000
2024-04-26,37.015254974365234,40.349998474121094,41.900001525878906,39.79999923706055,41.900001525878906,7467000
2024-04-29,36.87765121459961,40.20000076293945,41.599998474121094,40.0,40.599998474121094,4783000
2024-04-30,37.244590759277344,40.599998474121094,41.349998474121094,40.29999923706055,40.79999923706055,2913000
2024-05-02,36.87765121459961,40.20000076293945,40.45000076293945,40.0,40.29999923706055,2047000
2024-05-03,36.37310791015625,39.650001525878906,40.900001525878906,39.54999923706055,40.5,2379000
2024-05-06,36.92351531982422,40.25,40.650001525878906,39.75,40.0,2422000
2024-05-07,36.78591537475586,40.099998474121094,40.75,39.20000076293945,40.5,2118000
2024-05-08,36.602447509765625,39.900001525878906,40.20000076293945,39.5,39.79999923706055,1999000
2024-05-09,36.052032470703125,39.29999923706055,40.04999923706055,39.29999923706055,39.900001525878906,1729000
2024-05-10,36.46484375,39.75,39.79999923706055,39.29999923706055,39.599998474121094,1212000
2024-05-13,36.831783294677734,40.150001525878906,41.099998474121094,39.400001525878906,40.5,2827000
2024-05-14,36.831783294677734,40.150001525878906,40.599998474121094,40.04999923706055,40.54999923706055,1074000
2024-05-15,36.18963623046875,39.45000076293945,41.29999923706055,39.150001525878906,40.5,4275000
2024-05-16,36.097896575927734,39.349998474121094,39.599998474121094,38.349998474121094,39.400001525878906,3584000
2024-05-17,36.143768310546875,39.400001525878906,39.650001525878906,38.95000076293945,39.650001525878906,1016000
2024-05-20,36.78591537475586,40.099998474121094,40.25,39.54999923706055,39.75,1917000
2024-05-21,37.15285873413086,40.5,40.900001525878906,39.54999923706055,40.5,2840000
2024-05-22,36.78591537475586,40.099998474121094,40.75,40.0,40.650001525878906,1311000
2024-05-23,36.32723617553711,39.599998474121094,40.099998474121094,39.5,40.099998474121094,1999000
2024-05-24,38.11608123779297,41.54999923706055,41.79999923706055,39.400001525878906,39.54999923706055,6762000
2024-05-27,37.749141693115234,41.150001525878906,42.0,40.900001525878906,42.0,3517000
2024-05-28,37.79500961303711,41.20000076293945,41.5,40.79999923706055,41.29999923706055,1993000
2024-05-29,38.94169616699219,42.45000076293945,42.79999923706055,41.099998474121094,41.5,4949000
2024-05-30,40.45532989501953,44.099998474121094,45.5,40.95000076293945,42.20000076293945,14563000
2024-05-31,39.58384704589844,43.150001525878906,44.95000076293945,42.900001525878906,44.0,5504000
2024-06-03,40.04253005981445,43.650001525878906,44.29999923706055,42.70000076293945,43.20000076293945,4009000
2024-06-04,38.8040885925293,42.29999923706055,44.29999923706055,42.29999923706055,43.70000076293945,3303000
2024-06-05,38.2995491027832,41.75,43.150001525878906,41.5,42.599998474121094,3096000
2024-06-06,38.43715286254883,41.900001525878906,42.45000076293945,41.349998474121094,42.04999923706055,2352000
2024-06-07,39.2169075012207,42.75,43.29999923706055,41.900001525878906,42.400001525878906,3152000
2024-06-11,38.6664924621582,42.150001525878906,43.25,41.900001525878906,43.25,3453000
2024-06-12,38.34541702270508,41.79999923706055,42.29999923706055,41.650001525878906,42.20000076293945,2661000
2024-06-13,38.2995491027832,41.75,43.45000076293945,41.400001525878906,42.5,7846000
2024-06-14,37.749141693115234,41.150001525878906,42.0,41.099998474121094,42.0,5325000
2024-06-17,38.16195297241211,41.599998474121094,42.150001525878906,41.099998474121094,41.29999923706055,2828000
2024-06-18,37.978477478027344,41.400001525878906,41.79999923706055,41.29999923706055,41.70000076293945,2172000
2024-06-19,37.15285873413086,40.5,41.45000076293945,40.5,41.45000076293945,3582000
2024-06-20,36.78591537475586,40.099998474121094,40.599998474121094,39.75,40.25,3055000
2024-06-21,36.69417953491211,40.0,40.849998474121094,39.79999923706055,40.20000076293945,3058000
2024-06-24,36.61076354980469,39.5,40.20000076293945,39.400001525878906,39.849998474121094,2265000
2024-06-25,35.77659225463867,38.599998474121094,39.79999923706055,38.45000076293945,39.5,3846000
2024-06-26,36.332706451416016,39.20000076293945,39.29999923706055,38.650001525878906,38.70000076293945,2727000
2024-06-27,35.3595085144043,38.150001525878906,39.349998474121094,38.150001525878906,39.29999923706055,3133000
2024-06-28,35.96196365356445,38.79999923706055,38.900001525878906,38.20000076293945,38.20000076293945,1914000
2024-07-01,35.45219802856445,38.25,39.0,38.20000076293945,39.0,1285000
2024-07-02,35.266822814941406,38.04999923706055,38.349998474121094,37.79999923706055,38.349998474121094,1840000
2024-07-03,35.822940826416016,38.650001525878906,38.79999923706055,37.849998474121094,38.150001525878906,1261000
2024-07-04,35.96196365356445,38.79999923706055,39.04999923706055,38.45000076293945,38.95000076293945,1782000
2024-07-05,36.425392150878906,39.29999923706055,39.5,38.70000076293945,39.0,2039000
2024-07-08,36.84247589111328,39.75,39.79999923706055,39.04999923706055,39.75,1968000
2024-07-09,36.5180778503418,39.400001525878906,40.099998474121094,39.25,39.95000076293945,2081000
2024-07-10,36.56441879272461,39.45000076293945,39.75,39.29999923706055,39.75,1065000
2024-07-11,37.67664337158203,40.650001525878906,40.900001525878906,39.45000076293945,39.45000076293945,4008000
2024-07-12,37.815673828125,40.79999923706055,40.849998474121094,39.95000076293945,40.0,2802000
2024-07-15,38.232757568359375,41.25,42.54999923706055,41.099998474121094,41.099998474121094,5328000
2024-07-16,38.464473724365234,41.5,42.900001525878906,41.29999923706055,41.29999923706055,4548000
2024-07-17,38.8352165222168,41.900001525878906,42.349998474121094,41.29999923706055,41.900001525878906,2822000
2024-07-18,37.76932907104492,40.75,41.400001525878906,40.400001525878906,41.0,3475000
2024-07-19,37.0278434753418,39.95000076293945,41.04999923706055,39.75,41.04999923706055,2189000
2024-07-22,36.19367599487305,39.04999923706055,40.349998474121094,38.099998474121094,39.900001525878906,3266000
2024-07-23,36.79613494873047,39.70000076293945,39.79999923706055,38.900001525878906,39.400001525878906,1869000
2024-07-26,36.70344543457031,39.599998474121094,39.75,37.79999923706055,38.150001525878906,2557000
2024-07-29,36.147335052490234,39.0,40.04999923706055,38.849998474121094,39.599998474121094,2017000
2024-07-30,36.56441879272461,39.45000076293945,39.54999923706055,38.400001525878906,38.5,1689000
2024-07-31,36.054649353027344,38.900001525878906,40.900001525878906,38.849998474121094,39.650001525878906,3411000
2024-08-01,37.39858627319336,40.349998474121094,40.400001525878906,39.650001525878906,39.650001525878906,2592000
2024-08-02,35.730247497558594,38.54999923706055,39.5,38.400001525878906,39.5,3398000
2024-08-05,32.161861419677734,34.70000076293945,37.400001525878906,34.70000076293945,37.29999923706055,5537000
2024-08-06,32.0228271484375,34.54999923706055,35.75,32.599998474121094,35.0,3300000
2024-08-07,33.922882080078125,36.599998474121094,37.04999923706055,34.95000076293945,35.25,1684000
2024-08-08,33.69116973876953,36.349998474121094,36.849998474121094,35.900001525878906,36.20000076293945,901000
2024-08-09,34.061912536621094,36.75,37.650001525878906,36.650001525878906,37.099998474121094,1198000
2024-08-12,34.432655334472656,37.150001525878906,37.70000076293945,37.0,37.400001525878906,492000
2024-08-13,34.29362106323242,37.0,37.400001525878906,36.54999923706055,37.400001525878906,872000
2024-08-14,34.89608383178711,37.650001525878906,37.95000076293945,37.099998474121094,37.5,810000
2024-08-15,35.081451416015625,37.849998474121094,38.349998474121094,37.349998474121094,37.650001525878906,991000
2024-08-16,35.45219802856445,38.25,38.95000076293945,38.150001525878906,38.349998474121094,1214000
2024-08-19,35.12779998779297,37.900001525878906,38.54999923706055,37.849998474121094,38.54999923706055,638000
2024-08-20,35.03510284423828,37.79999923706055,38.599998474121094,37.79999923706055,38.04999923706055,676000
2024-08-21,34.988765716552734,37.75,37.900001525878906,37.29999923706055,37.54999923706055,1141000
2024-08-22,35.03510284423828,37.79999923706055,38.29999923706055,37.650001525878906,37.900001525878906,1114000
2024-08-23,35.405853271484375,38.20000076293945,38.45000076293945,37.29999923706055,37.79999923706055,1024000
2024-08-26,36.147335052490234,39.0,39.650001525878906,38.0,38.20000076293945,3131000
2024-08-27,36.888816833496094,39.79999923706055,40.29999923706055,38.79999923706055,39.400001525878906,2920000
2024-08-28,36.47172927856445,39.349998474121094,40.20000076293945,39.29999923706055,40.150001525878906,1710000
2024-08-29,36.47172927856445,39.349998474121094,39.95000076293945,38.599998474121094,38.79999923706055,2145000
2024-08-30,37.53761672973633,40.5,40.79999923706055,39.349998474121094,39.54999923706055,4723000
2024-09-02,36.56441879272461,39.45000076293945,41.0,39.45000076293945,40.79999923706055,2979000
2024-09-03,36.657100677490234,39.54999923706055,40.25,39.400001525878906,39.54999923706055,1392000
2024-09-04,35.220481872558594,38.0,38.900001525878906,37.29999923706055,38.099998474121094,1910000
2024-09-05,35.31315994262695,38.099998474121094,39.25,38.04999923706055,38.5,1423000
2024-09-06,35.45219802856445,38.25,39.04999923706055,38.25,39.04999923706055,753000
2024-09-09,35.59122085571289,38.400001525878906,38.54999923706055,37.45000076293945,37.5,841000
2024-09-10,34.71071243286133,37.45000076293945,38.849998474121094,37.29999923706055,38.79999923706055,1681000
2024-09-11,34.52534103393555,37.25,37.70000076293945,36.95000076293945,37.70000076293945,1451000
2024-09-12,34.66436767578125,37.400001525878906,38.0,37.349998474121094,37.849998474121094,1496000
2024-09-13,35.63756561279297,38.45000076293945,38.5,37.5,37.75,1192000
2024-09-16,36.10099411010742,38.95000076293945,39.400001525878906,38.75,38.900001525878906,1300000
2024-09-18,35.498538970947266,38.29999923706055,39.79999923706055,38.150001525878906,38.95000076293945,2357000
2024-09-19,36.632164001464844,39.099998474121094,39.5,38.0,38.0,2260000
2024-09-20,36.39794158935547,38.849998474121094,40.150001525878906,38.849998474121094,39.849998474121094,2756000
2024-09-23,39.958099365234375,42.650001525878906,42.70000076293945,40.0,40.25,18494000
2024-09-24,40.098636627197266,42.79999923706055,43.04999923706055,41.20000076293945,42.599998474121094,11483000
2024-09-25,39.34912872314453,42.0,44.0,41.400001525878906,43.79999923706055,15161000
2024-09-26,37.47535705566406,40.0,42.20000076293945,40.0,42.099998474121094,5893000
2024-09-27,37.14745330810547,39.650001525878906,40.95000076293945,39.54999923706055,40.150001525878906,3030000
2024-09-30,36.632164001464844,39.099998474121094,39.95000076293945,39.099998474121094,39.79999923706055,1841000
2024-10-01,36.07003402709961,38.5,39.5,38.5,39.5,2212000
2024-10-04,36.86638259887695,39.349998474121094,39.45000076293945,37.79999923706055,38.25,2961000
2024-10-07,36.77269744873047,39.25,39.650001525878906,39.150001525878906,39.349998474121094,1713000
2024-10-08,36.023189544677734,38.45000076293945,39.45000076293945,38.45000076293945,39.45000076293945,1908000
2024-10-09,35.788970947265625,38.20000076293945,38.900001525878906,37.95000076293945,38.70000076293945,1829000
2024-10-11,35.882659912109375,38.29999923706055,39.099998474121094,38.25,38.349998474121094,1261000
2024-10-14,36.2105712890625,38.650001525878906,38.900001525878906,38.099998474121094,38.5,1048000
2024-10-15,35.69527816772461,38.099998474121094,39.04999923706055,38.099998474121094,38.900001525878906,1371000
2024-10-16,35.882659912109375,38.29999923706055,38.45000076293945,37.95000076293945,38.099998474121094,830000
2024-10-17,35.69527816772461,38.099998474121094,38.70000076293945,38.099998474121094,38.400001525878906,989000
2024-10-18,35.27368927001953,37.650001525878906,38.45000076293945,37.54999923706055,38.45000076293945,2292000
2024-10-21,36.07003402709961,38.5,38.599998474121094,37.849998474121094,37.849998474121094,1559000
2024-10-22,36.07003402709961,38.5,38.79999923706055,38.29999923706055,38.400001525878906,889000
2024-10-23,36.304256439208984,38.75,39.04999923706055,38.5,38.54999923706055,1397000
2024-10-24,36.07003402709961,38.5,38.900001525878906,38.45000076293945,38.75,1148000
2024-10-25,35.69527816772461,38.099998474121094,38.79999923706055,38.0,38.599998474121094,953000
2024-10-28,35.461055755615234,37.849998474121094,38.45000076293945,37.650001525878906,38.29999923706055,2013000
2024-10-29,34.85208511352539,37.20000076293945,37.900001525878906,37.04999923706055,37.849998474121094,1877000
2024-10-30,34.24311065673828,36.54999923706055,37.54999923706055,36.54999923706055,37.29999923706055,2138000
2024-11-01,35.179996490478516,37.54999923706055,37.599998474121094,35.599998474121094,36.0,1309000
2024-11-04,34.1494255065918,36.45000076293945,37.5,36.45000076293945,37.5,1572000
2024-11-05,34.05573272705078,36.349998474121094,36.95000076293945,36.29999923706055,36.599998474121094,788000
2024-11-06,34.28995132446289,36.599998474121094,37.5,36.5,36.70000076293945,1042000
2024-11-07,34.33679962158203,36.650001525878906,37.25,36.599998474121094,36.70000076293945,918000
2024-11-08,33.68097686767578,35.95000076293945,36.849998474121094,35.849998474121094,36.79999923706055,1907000
2024-11-11,33.21254348754883,35.45000076293945,36.0,35.25,36.0,1783000
2024-11-12,32.65040969848633,34.849998474121094,35.400001525878906,34.75,35.20000076293945,1878000
2024-11-13,32.69725799560547,34.900001525878906,35.25,34.75,34.849998474121094,738000
2024-11-14,32.1351203918457,34.29999923706055,35.20000076293945,34.150001525878906,35.20000076293945,1380000
2024-11-15,32.60356140136719,34.79999923706055,35.0,34.29999923706055,34.29999923706055,562000
2024-11-18,31.291927337646484,33.400001525878906,34.599998474121094,33.25,34.599998474121094,2166000
2024-11-19,32.27565383911133,34.45000076293945,34.45000076293945,33.54999923706055,33.54999923706055,592000
2024-11-20,31.713516235351562,33.849998474121094,34.599998474121094,33.70000076293945,34.45000076293945,1082083
2024-11-21,32.181968688964844,34.349998474121094,34.5,33.95000076293945,33.95000076293945,534000
2024-11-22,32.50988006591797,34.70000076293945,35.29999923706055,34.599998474121094,34.599998474121094,1150000
2024-11-25,32.8377799987793,35.04999923706055,35.349998474121094,34.900001525878906,35.150001525878906,1049000
2024-11-26,32.88462448120117,35.099998474121094,35.29999923706055,34.900001525878906,35.04999923706055,689000
2024-11-27,31.85405731201172,34.0,35.150001525878906,34.0,34.849998474121094,1405000
2024-11-28,32.04143142700195,34.20000076293945,34.400001525878906,33.75,34.04999923706055,1032000
2024-11-29,32.22881317138672,34.400001525878906,34.650001525878906,33.70000076293945,34.20000076293945,378000
2024-12-02,32.27565383911133,34.45000076293945,34.79999923706055,34.45000076293945,34.599998474121094,453000
2024-12-03,33.11884689331055,35.349998474121094,35.75,35.0,35.75,1455000
2024-12-04,33.11884689331055,35.349998474121094,35.599998474121094,35.20000076293945,35.20000076293945,566000
2024-12-05,33.49360656738281,35.75,36.099998474121094,35.150001525878906,35.150001525878906,1606000
2024-12-06,33.16569900512695,35.400001525878906,35.900001525878906,35.29999923706055,35.900001525878906,751000
2024-12-09,32.79094314575195,35.0,35.45000076293945,34.79999923706055,35.400001525878906,1070000
2024-12-10,32.8377799987793,35.04999923706055,35.29999923706055,34.849998474121094,35.0,442000
2024-12-11,32.74409866333008,34.95000076293945,35.150001525878906,34.79999923706055,34.95000076293945,568000
2024-12-12,32.79094314575195,35.0,35.400001525878906,34.75,35.29999923706055,548000
2024-12-13,32.36934280395508,34.54999923706055,35.0,33.900001525878906,35.0,1455000
2024-12-16,31.338769912719727,33.45000076293945,34.54999923706055,33.45000076293945,34.400001525878906,2050000
2024-12-17,31.3856143951416,33.5,34.0,32.849998474121094,33.04999923706055,1186000
2024-12-18,31.807209014892578,33.95000076293945,33.95000076293945,33.150001525878906,33.54999923706055,413000
2024-12-19,31.342525482177734,33.04999923706055,33.5,33.0,33.099998474121094,819000
2024-12-20,31.24769401550293,32.95000076293945,33.400001525878906,32.95000076293945,33.25,826000
2024-12-23,31.67444610595703,33.400001525878906,33.45000076293945,33.099998474121094,33.099998474121094,400000
2024-12-24,31.389944076538086,33.099998474121094,33.75,33.099998474121094,33.400001525878906,608000
2024-12-25,31.532196044921875,33.25,33.400001525878906,33.099998474121094,33.099998474121094,553000
2024-12-26,31.67444610595703,33.400001525878906,33.599998474121094,33.150001525878906,33.349998474121094,394000
2024-12-27,31.437358856201172,33.150001525878906,33.400001525878906,33.150001525878906,33.349998474121094,373000
2024-12-30,31.200281143188477,32.900001525878906,33.20000076293945,32.849998474121094,33.150001525878906,522000
2024-12-31,31.67444610595703,33.400001525878906,33.400001525878906,32.70000076293945,32.849998474121094,378000
2025-01-02,31.62702751159668,33.349998474121094,33.70000076293945,33.0,33.45000076293945,689000
2025-01-03,31.295108795166016,33.0,33.349998474121094,32.900001525878906,33.349998474121094,558000
2025-01-06,31.67444610595703,33.400001525878906,33.400001525878906,33.0,33.20000076293945,517000
2025-01-07,31.721860885620117,33.45000076293945,33.70000076293945,33.29999923706055,33.54999923706055,405000
2025-01-08,31.769277572631836,33.5,33.5,33.150001525878906,33.45000076293945,327000
2025-01-09,31.058025360107422,32.75,33.54999923706055,32.5,33.54999923706055,1085000
2025-01-10,31.24769401550293,32.95000076293945,33.0,32.599998474121094,33.0,524000
2025-01-13,30.489025115966797,32.150001525878906,32.900001525878906,31.899999618530273,32.900001525878906,1308000
2025-01-14,30.820941925048828,32.5,32.599998474121094,32.099998474121094,32.099998474121094,334000
2025-01-15,30.963193893432617,32.650001525878906,32.75,32.5,32.5,327000
2025-01-16,31.342525482177734,33.04999923706055,33.25,32.900001525878906,32.95000076293945,398000
2025-01-17,31.62702751159668,33.349998474121094,33.5,33.04999923706055,33.04999923706055,283000
2025-01-20,31.95895004272461,33.70000076293945,34.400001525878906,33.349998474121094,33.400001525878906,621000
2025-01-21,32.33828353881836,34.099998474121094,34.20000076293945,33.650001525878906,33.70000076293945,525000
2025-01-22,32.48052978515625,34.25,34.349998474121094,34.0,34.150001525878906,484000
2025-02-03,32.52794647216797,34.29999923706055,34.29999923706055,33.20000076293945,34.0,936005
2025-02-04,32.57536697387695,34.349998474121094,34.400001525878906,33.79999923706055,34.29999923706055,908495
2025-02-05,32.76502990722656,34.54999923706055,34.70000076293945,34.25,34.349998474121094,730000
2025-02-06,33.33403396606445,35.150001525878906,35.25,34.599998474121094,34.599998474121094,980510
2025-02-07,33.23919677734375,35.04999923706055,35.400001525878906,35.04999923706055,35.29999923706055,762500
2025-02-10,33.23919677734375,35.04999923706055,35.150001525878906,34.650001525878906,34.70000076293945,644000
2025-02-11,33.38145065307617,35.20000076293945,35.70000076293945,35.099998474121094,35.099998474121094,813223
2025-02-12,32.95469665527344,34.75,35.400001525878906,34.599998474121094,35.25,660012
2025-02-13,33.33403396606445,35.150001525878906,35.150001525878906,34.599998474121094,34.900001525878906,521090
2025-02-14,32.95469665527344,34.75,35.150001525878906,34.75,35.150001525878906,559000
2025-02-17,33.04953384399414,34.849998474121094,35.20000076293945,34.75,34.79999923706055,365300
2025-02-18,33.85561752319336,35.70000076293945,36.04999923706055,34.95000076293945,34.95000076293945,1314250
2025-02-19,34.045291900634766,35.900001525878906,36.400001525878906,35.599998474121094,35.70000076293945,1590000
2025-02-20,33.476287841796875,35.29999923706055,36.0,35.29999923706055,35.900001525878906,1009636
2025-02-21,33.61853790283203,35.45000076293945,35.79999923706055,35.29999923706055,35.79999923706055,397500
2025-02-24,33.476287841796875,35.29999923706055,35.45000076293945,35.0,35.0,459120
2025-02-25,33.14436721801758,34.95000076293945,35.29999923706055,34.900001525878906,35.29999923706055,480000
2025-02-26,32.90728759765625,34.70000076293945,34.900001525878906,34.45000076293945,34.900001525878906,1198999
2025-02-27,32.76502990722656,34.54999923706055,35.099998474121094,34.45000076293945,35.099998474121094,828141
2025-03-03,32.48052978515625,34.25,34.5,34.150001525878906,34.150001525878906,518699
2025-03-04,32.10118865966797,33.849998474121094,34.099998474121094,32.900001525878906,33.5,1590000
2025-03-05,32.38569641113281,34.150001525878906,34.20000076293945,33.900001525878906,34.0,367568
2025-03-06,32.05378341674805,33.79999923706055,34.599998474121094,33.75,34.599998474121094,744077
2025-03-07,32.14860916137695,33.900001525878906,34.25,33.849998474121094,34.0,454689
2025-03-10,32.43311309814453,34.20000076293945,34.20000076293945,33.900001525878906,33.900001525878906,505000
2025-03-11,32.43311309814453,34.20000076293945,34.25,33.20000076293945,33.900001525878906,879407
2025-03-12,32.717613220214844,34.5,34.650001525878906,34.20000076293945,34.20000076293945,798300
2025-03-13,33.0539436340332,34.400001525878906,35.900001525878906,34.400001525878906,35.5,1682200
2025-03-14,33.294158935546875,34.650001525878906,34.900001525878906,34.29999923706055,34.5,594150
2025-03-17,33.77459716796875,35.150001525878906,35.54999923706055,34.849998474121094,35.150001525878906,1176026
2025-03-18,33.82263946533203,35.20000076293945,35.599998474121094,35.04999923706055,35.25,953020
2025-03-19,33.7265510559082,35.099998474121094,35.5,35.0,35.25,1067000
2025-03-20,33.966766357421875,35.349998474121094,35.54999923706055,35.150001525878906,35.349998474121094,1469300
2025-03-21,34.06285858154297,35.45000076293945,35.45000076293945,35.150001525878906,35.349998474121094,637000
2025-03-24,33.7265510559082,35.099998474121094,35.5,35.099998474121094,35.45000076293945,696200
2025-03-25,33.77459716796875,35.150001525878906,35.400001525878906,34.900001525878906,35.20000076293945,906001
2025-03-26,34.01481628417969,35.400001525878906,35.5,34.95000076293945,35.20000076293945,1057500
2025-03-27,34.06285858154297,35.45000076293945,35.54999923706055,35.04999923706055,35.20000076293945,701000
2025-03-28,34.06285858154297,35.45000076293945,35.54999923706055,34.5,35.54999923706055,1466500
2025-03-31,33.63046646118164,35.0,35.0,33.95000076293945,34.54999923706055,2522235
2025-04-01,34.30307388305664,35.70000076293945,35.79999923706055,34.849998474121094,35.0,2297720
2025-04-02,33.67850875854492,35.04999923706055,35.79999923706055,35.04999923706055,35.79999923706055,871362
2025-04-07,30.315460205078125,31.549999237060547,31.549999237060547,31.549999237060547,31.549999237060547,522200
2025-04-08,28.826112747192383,30.0,30.100000381469727,28.399999618530273,28.600000381469727,6253321
2025-04-09,27.961328506469727,29.100000381469727,30.5,28.600000381469727,29.799999237060547,3813000
2025-04-10,30.747852325439453,32.0,32.0,31.350000381469727,32.0,839000
2025-04-11,31.036113739013672,32.29999923706055,32.599998474121094,30.450000762939453,31.5,1576500
2025-04-14,30.55567741394043,31.799999237060547,32.79999923706055,31.5,32.5,1433200
2025-04-15,33.53438186645508,34.900001525878906,34.900001525878906,32.900001525878906,33.29999923706055,2288398
2025-04-16,33.63046646118164,35.0,35.349998474121094,34.349998474121094,34.75,1610154
2025-04-17,33.63046646118164,35.0,35.20000076293945,34.5,34.75,1082001
2025-04-18,34.06285858154297,35.45000076293945,36.099998474121094,35.04999923706055,35.099998474121094,2272100
2025-04-21,33.48633575439453,34.849998474121094,35.650001525878906,34.70000076293945,35.650001525878906,786000
2025-04-22,33.34220886230469,34.70000076293945,35.5,34.45000076293945,34.5,1544000
2025-04-23,34.15894317626953,35.54999923706055,35.79999923706055,35.099998474121094,35.5,2037050
2025-04-24,34.35111999511719,35.75,36.20000076293945,35.349998474121094,35.5,1523020
2025-04-25,34.927635192871094,36.349998474121094,36.75,36.0,36.20000076293945,2263160
2025-04-28,35.36003494262695,36.79999923706055,36.849998474121094,36.25,36.70000076293945,1576232
2025-04-29,34.927635192871094,36.349998474121094,36.70000076293945,35.95000076293945,36.70000076293945,1405177
2025-04-30,34.54328918457031,35.95000076293945,36.54999923706055,35.75,36.5,1354105
2025-05-02,33.7265510559082,35.099998474121094,36.20000076293945,35.099998474121094,36.20000076293945,1328647
2025-05-05,32.813724517822266,34.150001525878906,35.20000076293945,34.099998474121094,35.099998474121094,1248906
2025-05-06,33.0539436340332,34.400001525878906,34.650001525878906,34.0,34.29999923706055,657500
2025-05-07,32.95785140991211,34.29999923706055,34.599998474121094,34.04999923706055,34.599998474121094,501084
2025-05-08,33.87068176269531,35.25,35.54999923706055,34.45000076293945,34.45000076293945,1236030
2025-05-09,34.735469818115234,36.150001525878906,36.29999923706055,35.150001525878906,35.25,2627500
2025-05-12,34.01481628417969,35.400001525878906,36.0,35.349998474121094,35.79999923706055,990032
2025-05-13,33.82263946533203,35.20000076293945,36.20000076293945,35.20000076293945,36.20000076293945,902938
2025-05-14,33.82263946533203,35.20000076293945,35.54999923706055,35.0,35.54999923706055,531000
2025-05-15,33.67850875854492,35.04999923706055,35.349998474121094,34.75,35.20000076293945,695000
2025-05-16,33.7265510559082,35.099998474121094,35.29999923706055,34.900001525878906,35.099998474121094,589170
2025-05-19,33.82263946533203,35.20000076293945,35.29999923706055,34.849998474121094,35.099998474121094,627500
2025-05-20,34.06285858154297,35.45000076293945,35.79999923706055,35.20000076293945,35.20000076293945,858000
2025-05-21,34.639373779296875,36.04999923706055,36.29999923706055,35.45000076293945,35.54999923706055,1506510
2025-05-22,34.44720458984375,35.849998474121094,36.150001525878906,35.400001525878906,36.04999923706055,1408000
2025-05-23,33.34220886230469,34.70000076293945,35.849998474121094,34.70000076293945,35.849998474121094,814307
2025-05-26,33.3902473449707,34.75,35.150001525878906,34.400001525878906,34.599998474121094,1206250
2025-05-27,34.06285858154297,35.45000076293945,35.599998474121094,34.54999923706055,34.70000076293945,1850060
2025-05-28,34.01481628417969,35.400001525878906,35.70000076293945,34.900001525878906,35.45000076293945,1486000
2025-05-29,33.53438186645508,34.900001525878906,35.45000076293945,34.900001525878906,35.45000076293945,1283500
2025-06-02,32.429378509521484,33.75,34.79999923706055,33.70000076293945,34.79999923706055,984120
2025-06-03,31.27633285522461,32.54999923706055,33.900001525878906,32.5,33.849998474121094,1956059
2025-06-04,31.372421264648438,32.650001525878906,33.0,32.5,32.75,882008
2025-06-05,30.84393882751465,32.099998474121094,32.75,32.04999923706055,32.5,871010
2025-06-06,31.228288650512695,32.5,32.75,32.099998474121094,32.54999923706055,443090
2025-06-09,30.891984939575195,32.150001525878906,32.70000076293945,32.099998474121094,32.650001525878906,448000
2025-06-10,31.1322021484375,32.400001525878906,32.599998474121094,32.20000076293945,32.20000076293945,424600
2025-06-11,30.940027236938477,32.20000076293945,32.54999923706055,32.20000076293945,32.400001525878906,575000
2025-06-12,30.55567741394043,31.799999237060547,32.400001525878906,31.700000762939453,32.400001525878906,943000
2025-06-13,30.17133140563965,31.399999618530273,31.950000762939453,31.350000381469727,31.799999237060547,800050
2025-06-16,30.363506317138672,31.600000381469727,31.600000381469727,31.100000381469727,31.299999237060547,460000
2025-06-17,30.940027236938477,32.20000076293945,32.349998474121094,31.549999237060547,31.549999237060547,529051
2025-06-18,30.988069534301758,32.25,32.400001525878906,31.950000762939453,32.20000076293945,371067
2025-06-19,30.55740737915039,31.350000381469727,31.950000762939453,31.350000381469727,31.700000762939453,524044
2025-06-20,30.362462997436523,31.149999618530273,31.399999618530273,30.899999618530273,31.299999237060547,398050
2025-06-23,29.972576141357422,30.75,30.75,30.200000762939453,30.700000762939453,455000
2025-06-24,30.459936141967773,31.25,31.450000762939453,30.799999237060547,30.799999237060547,322500
2025-06-25,30.55740737915039,31.350000381469727,31.700000762939453,31.200000762939453,31.200000762939453,315100
2025-06-26,30.55740737915039,31.350000381469727,31.649999618530273,31.350000381469727,31.600000381469727,285000
2025-06-27,30.216257095336914,31.0,31.549999237060547,31.0,31.549999237060547,217250
2025-06-30,29.777631759643555,30.549999237060547,31.299999237060547,30.5,31.299999237060547,428020
2025-07-01,29.875104904174805,30.649999618530273,31.049999237060547,30.450000762939453,31.049999237060547,231060
2025-07-02,30.216257095336914,31.0,31.100000381469727,30.600000381469727,30.649999618530273,194000
2025-07-03,30.65488052368164,31.450000762939453,31.5,31.0,31.049999237060547,270000
2025-07-04,30.021312713623047,30.799999237060547,31.549999237060547,30.700000762939453,31.5,286200
2025-07-07,30.118783950805664,30.899999618530273,31.0,30.399999618530273,31.0,238000
2025-07-08,29.728899002075195,30.5,30.549999237060547,30.200000762939453,30.549999237060547,309000
2025-07-09,29.485218048095703,30.25,30.649999618530273,30.25,30.399999618530273,577000
2025-07-10,30.070051193237305,30.850000381469727,31.0,30.5,30.649999618530273,377150
2025-07-11,30.118783950805664,30.899999618530273,30.950000762939453,30.649999618530273,30.950000762939453,223000
2025-07-14,29.82636833190918,30.600000381469727,30.950000762939453,30.600000381469727,30.950000762939453,244000
2025-07-15,29.728899002075195,30.5,30.899999618530273,30.5,30.850000381469727,243000
2025-07-16,30.216257095336914,31.0,31.100000381469727,30.5,30.5,366000
2025-07-17,31.0935001373291,31.899999618530273,32.0,31.200000762939453,31.200000762939453,558692
2025-07-18,30.898557662963867,31.700000762939453,32.099998474121094,31.5,32.099998474121094,446000
2025-07-21,30.996030807495117,31.799999237060547,32.0,31.5,32.0,310000
2025-07-22,30.070051193237305,30.850000381469727,31.850000381469727,30.850000381469727,31.799999237060547,590040
2025-07-23,30.898557662963867,31.700000762939453,31.850000381469727,31.0,31.049999237060547,609030
2025-07-24,30.849822998046875,31.649999618530273,32.0,31.399999618530273,31.75,390500
2025-07-25,31.0935001373291,31.899999618530273,32.25,31.350000381469727,31.75,944248
2025-07-28,31.28844451904297,32.099998474121094,32.29999923706055,31.700000762939453,31.899999618530273,510500
2025-07-29,30.703615188598633,31.5,32.099998474121094,31.399999618530273,32.099998474121094,418010
2025-07-30,30.849822998046875,31.649999618530273,31.700000762939453,31.350000381469727,31.700000762939453,222341
2025-07-31,29.875104904174805,30.649999618530273,31.399999618530273,30.399999618530273,31.350000381469727,1134018
2025-08-04,30.31372833251953,31.100000381469727,31.200000762939453,30.299999237060547,30.850000381469727,598017
2025-08-05,30.996030807495117,31.799999237060547,32.25,31.450000762939453,31.450000762939453,1085039
2025-08-06,30.801088333129883,31.600000381469727,31.950000762939453,31.399999618530273,31.75,636010
2025-08-07,30.898557662963867,31.700000762939453,32.599998474121094,31.600000381469727,32.0,863000
2025-08-08,30.41119956970215,31.200000762939453,32.29999923706055,31.149999618530273,32.0,718390
2025-08-11,29.972576141357422,30.75,31.200000762939453,30.399999618530273,31.200000762939453,1019073
2025-08-12,29.777631759643555,30.549999237060547,30.75,30.350000381469727,30.75,778000
2025-08-13,29.777631759643555,30.549999237060547,30.799999237060547,30.399999618530273,30.600000381469727,684700
2025-08-14,29.68016242980957,30.450000762939453,30.700000762939453,30.450000762939453,30.450000762939453,581611
2025-08-15,29.631423950195312,30.399999618530273,30.549999237060547,30.299999237060547,30.399999618530273,580500
2025-08-18,29.582691192626953,30.350000381469727,30.649999618530273,30.299999237060547,30.450000762939453,540366
2025-08-19,29.582691192626953,30.350000381469727,30.450000762939453,30.25,30.399999618530273,586900
2025-08-20,29.387746810913086,30.149999618530273,30.299999237060547,30.0,30.299999237060547,855340
2025-08-21,31.044767379760742,31.850000381469727,32.0,30.25,30.299999237060547,2158500
2025-08-22,30.898557662963867,31.700000762939453,32.400001525878906,31.25,31.799999237060547,1661500
2025-08-25,31.190975189208984,32.0,32.25,31.700000762939453,32.25,789026
2025-08-26,31.77580451965332,32.599998474121094,32.79999923706055,31.899999618530273,31.950000762939453,1266667
2025-08-27,31.922014236450195,32.75,32.900001525878906,32.400001525878906,32.79999923706055,689041
2025-08-28,32.16569137573242,33.0,33.349998474121094,32.70000076293945,32.75,811000
2025-08-29,32.994197845458984,33.849998474121094,34.099998474121094,33.0,33.29999923706055,1410123
2025-09-01,33.04294204711914,33.900001525878906,34.29999923706055,33.599998474121094,33.70000076293945,1672200
2025-09-02,33.140411376953125,34.0,34.400001525878906,33.70000076293945,34.099998474121094,1244267
2025-09-03,33.33535385131836,34.20000076293945,34.29999923706055,33.900001525878906,34.20000076293945,942283
2025-09-04,33.33535385131836,34.20000076293945,34.900001525878906,34.099998474121094,34.5,1333530
2025-09-05,33.38408660888672,34.25,34.349998474121094,34.0,34.349998474121094,679500
2025-09-08,33.6765022277832,34.54999923706055,34.75,34.20000076293945,34.25,829050
2025-09-09,33.77397918701172,34.650001525878906,34.849998474121094,34.400001525878906,34.79999923706055,614004
2025-09-10,33.6765022277832,34.54999923706055,34.70000076293945,34.04999923706055,34.70000076293945,1062200
2025-09-11,33.38408660888672,34.25,34.599998474121094,34.150001525878906,34.5,1341328
2025-09-12,33.481563568115234,34.349998474121094,34.5,34.20000076293945,34.29999923706055,627015
2025-09-15,33.481563568115234,34.349998474121094,34.650001525878906,34.099998474121094,34.29999923706055,765060
2025-09-16,33.481563568115234,34.349998474121094,34.5,34.150001525878906,34.45000076293945,514485
2025-09-17,33.481563568115234,34.349998474121094,34.599998474121094,34.20000076293945,34.5,556501
2025-09-18,33.77397918701172,34.650001525878906,34.95000076293945,34.45000076293945,34.45000076293945,726101
2025-09-19,34.55375289916992,35.45000076293945,35.599998474121094,34.70000076293945,34.70000076293945,1784049
2025-09-22,34.55375289916992,35.45000076293945,35.75,35.25,35.54999923706055,1247196
2025-09-23,34.99237823486328,35.900001525878906,36.099998474121094,34.45000076293945,35.5,2501018
2025-09-24,34.94363784790039,35.849998474121094,36.099998474121094,35.20000076293945,36.0,1077500
2025-09-25,34.01765823364258,34.900001525878906,35.900001525878906,34.54999923706055,35.900001525878906,1278072
2025-09-26,33.627769470214844,34.5,34.79999923706055,34.0,34.75,822100
2025-09-30,33.53030014038086,34.400001525878906,34.599998474121094,34.25,34.5,509000
2025-10-01,33.23788070678711,34.099998474121094,35.099998474121094,34.0,34.599998474121094,1877004
2025-10-02,32.945465087890625,33.79999923706055,34.95000076293945,33.54999923706055,34.400001525878906,1009000
2025-10-03,35.43099594116211,36.349998474121094,36.5,34.45000076293945,34.79999923706055,6344287
2025-10-07,35.86962127685547,36.79999923706055,37.5,35.599998474121094,36.79999923706055,5591708
2025-10-08,38.2576789855957,39.25,40.45000076293945,37.5,37.5,24339720
2025-10-09,38.8912467956543,39.900001525878906,40.79999923706055,39.150001525878906,40.150001525878906,22564868
2025-10-13,36.649391174316406,37.599998474121094,38.099998474121094,36.650001525878906,36.79999923706055,5792215
2025-10-14,35.284793853759766,36.20000076293945,38.79999923706055,36.20000076293945,37.849998474121094,5890579
2025-10-15,37.13675308227539,38.099998474121094,38.599998474121094,36.04999923706055,36.400001525878906,4577060
2025-10-16,38.30641555786133,39.29999923706055,40.5,39.0,39.95000076293945,11607290
2025-10-17,37.23422622680664,38.20000076293945,39.79999923706055,37.849998474121094,38.75,4162526
2025-10-20,36.30824279785156,37.25,38.099998474121094,36.79999923706055,38.099998474121094,3778994
2025-10-21,36.844337463378906,37.79999923706055,38.099998474121094,37.25,37.25,2157850
2025-10-22,36.941810607910156,37.900001525878906,38.04999923706055,37.45000076293945,37.79999923706055,1496200
2025-10-23,36.0645637512207,37.0,37.75,37.0,37.75,1922532
2025-10-27,37.86779022216797,38.849998474121094,39.599998474121094,37.0,37.5,4402680
2025-10-28,37.86779022216797,38.849998474121094,39.45000076293945,37.849998474121094,39.150001525878906,4965675
2025-10-29,38.013999938964844,39.0,39.29999923706055,38.29999923706055,38.849998474121094,3562613
2025-10-30,37.72158432006836,38.70000076293945,39.75,38.150001525878906,39.54999923706055,5146400
2025-10-31,39.281131744384766,40.29999923706055,40.599998474121094,38.650001525878906,38.900001525878906,15123685
2025-11-03,39.476078033447266,40.5,41.29999923706055,39.599998474121094,40.79999923706055,12845250
2025-11-04,39.037452697753906,40.04999923706055,41.29999923706055,39.900001525878906,40.70000076293945,9936320
2025-11-05,39.6710205078125,40.70000076293945,40.79999923706055,39.20000076293945,39.5,5385410
2025-11-06,40.54826354980469,41.599998474121094,42.400001525878906,40.5,41.0,17529605
2025-11-07,40.402061462402344,41.45000076293945,42.79999923706055,40.0,40.95000076293945,12494606
2025-11-10,41.961605072021484,43.04999923706055,43.79999923706055,40.79999923706055,42.349998474121094,12868581
2025-11-11,45.27565002441406,46.45000076293945,47.099998474121094,44.099998474121094,44.099998474121094,25370428
2025-11-12,46.49404525756836,47.70000076293945,51.0,46.75,46.95000076293945,26889961
2025-11-13,45.76300811767578,46.95000076293945,49.79999923706055,46.5,47.650001525878906,16885729
2025-11-14,45.08070755004883,46.25,47.25,45.5,45.5,7303570
2025-11-17,45.03196716308594,46.20000076293945,48.54999923706055,45.75,47.29999923706055,9277605
2025-11-18,44.49587631225586,45.650001525878906,46.75,44.54999923706055,45.099998474121094,8495416
2025-11-19,44.8370246887207,46.0,47.0,45.0,45.5,7127623
2025-11-20,45.27565002441406,46.45000076293945,47.45000076293945,45.650001525878906,47.20000076293945,6185346
2025-11-21,42.74137878417969,43.849998474121094,45.849998474121094,43.0,45.5,6828773
2025-11-24,42.79011535644531,43.900001525878906,44.900001525878906,43.25,44.150001525878906,4312057
2025-11-25,40.49953079223633,41.54999923706055,45.0,41.54999923706055,45.0,6236915
2025-11-26,40.060909271240234,41.099998474121094,42.29999923706055,40.75,42.25,4687096
2025-11-27,41.961605072021484,43.04999923706055,43.150001525878906,41.29999923706055,41.400001525878906,8821912
2025-11-28,39.62228775024414,40.650001525878906,41.95000076293945,40.5,41.900001525878906,7426186
2025-12-01,39.91469955444336,40.95000076293945,41.45000076293945,40.5,40.650001525878906,3341279
2025-12-02,40.64573669433594,41.70000076293945,42.95000076293945,40.79999923706055,40.79999923706055,6553022
2025-12-03,41.62045669555664,42.70000076293945,44.400001525878906,42.25,42.400001525878906,12841875
2025-12-04,40.45079803466797,41.5,42.5,41.25,42.5,5236637
2025-12-05,40.30458450317383,41.349998474121094,42.20000076293945,41.0,42.0,2315600
2025-12-08,41.13309860229492,42.20000076293945,42.400001525878906,41.349998474121094,41.400001525878906,2558305
2025-12-09,41.62045669555664,42.70000076293945,43.79999923706055,42.04999923706055,42.599998474121094,5877991
2025-12-10,41.035621643066406,42.099998474121094,43.20000076293945,41.900001525878906,43.20000076293945,3526630
2025-12-11,41.328041076660156,42.400001525878906,42.599998474121094,41.650001525878906,42.599998474121094,2639650
2025-12-12,41.376773834228516,42.45000076293945,43.0,42.20000076293945,42.400001525878906,2692905
2025-12-15,40.74321365356445,41.79999923706055,42.25,41.5,41.79999923706055,1576050
2025-12-16,39.573543548583984,40.599998474121094,41.95000076293945,40.099998474121094,41.95000076293945,2695892
2025-12-17,39.963436126708984,41.0,41.599998474121094,40.599998474121094,41.0,1647902
2025-12-18,39.02717590332031,39.599998474121094,40.5,39.54999923706055,40.45000076293945,2270345
2025-12-19,39.32284164428711,39.900001525878906,40.20000076293945,39.0,40.0,4623361
2025-12-22,39.37211608886719,39.95000076293945,40.400001525878906,39.849998474121094,40.400001525878906,1212069
2025-12-23,38.92862319946289,39.5,40.04999923706055,39.099998474121094,40.04999923706055,1998807
2025-12-24,38.977901458740234,39.54999923706055,40.900001525878906,39.5,39.599998474121094,3777298
2025-12-26,39.421390533447266,40.0,40.29999923706055,39.25,39.900001525878906,3142800
2025-12-29,41.98377990722656,42.599998474121094,44.0,40.70000076293945,40.95000076293945,17885560
2025-12-30,43.01859664916992,43.650001525878906,45.5,42.400001525878906,43.0,28308146
2025-12-31,44.05340576171875,44.70000076293945,46.95000076293945,43.900001525878906,44.349998474121094,19757807
2026-01-02,44.891109466552734,45.54999923706055,46.20000076293945,44.0,44.95000076293945,12537497
2026-01-05,44.891109466552734,45.54999923706055,47.79999923706055,44.900001525878906,46.04999923706055,15688460
2026-01-06,47.10856246948242,47.79999923706055,50.0,45.45000076293945,45.849998474121094,24254487
2026-01-07,46.81290054321289,47.5,49.099998474121094,47.5,49.04999923706055,14530691
2026-01-08,44.64472579956055,45.29999923706055,47.650001525878906,44.849998474121094,47.650001525878906,9173801
2026-01-09,45.97520065307617,46.650001525878906,47.400001525878906,44.150001525878906,45.349998474121094,6274653
2026-01-12,47.74916076660156,48.45000076293945,49.400001525878906,46.900001525878906,47.54999923706055,10030670
2026-01-13,47.502777099609375,48.20000076293945,48.849998474121094,47.5,48.849998474121094,6106950
2026-01-14,47.699886322021484,48.400001525878906,49.25,47.650001525878906,48.95000076293945,7639743
2026-01-15,47.305667877197266,48.0,48.599998474121094,47.29999923706055,48.45000076293945,4522665
2026-01-16,47.20711898803711,47.900001525878906,49.75,47.650001525878906,48.70000076293945,8737800
2026-01-19,49.5723991394043,50.29999923706055,50.400001525878906,47.599998474121094,48.25,10998002
2026-01-20,54.50007247924805,55.29999923706055,55.29999923706055,49.20000076293945,49.5,28378340
2026-01-21,52.52900314331055,53.29999923706055,58.900001525878906,52.29999923706055,54.599998474121094,31066347
2026-01-22,57.75233840942383,58.599998474121094,58.599998474121094,53.599998474121094,54.29999923706055,25676811
2026-01-23,58.24510192871094,59.099998474121094,63.599998474121094,56.5,61.5,29995544
2026-01-26,60.31473159790039,61.20000076293945,62.0,56.79999923706055,60.599998474121094,19496873
2026-01-27,59.23064041137695,60.099998474121094,62.599998474121094,59.0,61.20000076293945,13633607
2026-01-28,59.72340393066406,60.599998474121094,65.0,60.099998474121094,61.599998474121094,16205503
2026-01-29,59.32919692993164,60.20000076293945,64.19999694824219,58.599998474121094,62.5,21449834
2026-01-30,57.16101837158203,58.0,61.0,57.099998474121094,60.5,12323842
2026-02-02,54.401519775390625,55.20000076293945,56.599998474121094,53.0,56.099998474121094,9915797
2026-02-03,52.430450439453125,53.20000076293945,57.20000076293945,52.20000076293945,56.29999923706055,11189211
2026-02-04,51.740577697753906,52.5,53.400001525878906,52.29999923706055,52.79999923706055,4649530
2026-02-05,49.5723991394043,50.29999923706055,52.900001525878906,50.20000076293945,51.599998474121094,6113973
2026-02-06,48.636138916015625,49.349998474121094,50.900001525878906,49.349998474121094,50.29999923706055,5098400
2026-02-09,47.995548248291016,48.70000076293945,50.79999923706055,48.400001525878906,50.70000076293945,4525240
2026-02-10,47.305667877197266,48.0,49.29999923706055,47.0,49.0,4293540
2026-02-11,46.61579132080078,47.29999923706055,48.20000076293945,47.20000076293945,47.900001525878906,3573720
2026-02-23,47.20711898803711,47.900001525878906,48.45000076293945,46.75,47.349998474121094,3794551
2026-02-24,47.65060806274414,48.349998474121094,49.29999923706055,47.75,48.099998474121094,2527716
2026-02-25,47.20711898803711,47.900001525878906,50.5,47.849998474121094,49.650001525878906,6645062
2026-02-26,48.9810791015625,49.70000076293945,49.95000076293945,46.70000076293945,48.29999923706055,6196644
2026-03-02,46.960731506347656,47.650001525878906,48.349998474121094,46.25,46.75,4680339
2026-03-03,45.28532409667969,45.95000076293945,49.900001525878906,45.79999923706055,48.29999923706055,5503660
2026-03-04,42.08233642578125,42.70000076293945,45.70000076293945,42.0,45.0,4880582
2026-03-05,44.891109466552734,45.54999923706055,45.79999923706055,44.04999923706055,44.20000076293945,3558120
2026-03-06,47.89699172973633,48.599998474121094,48.75,44.75,45.70000076293945,13479327
2026-03-09,43.85629653930664,44.5,45.45000076293945,43.79999923706055,43.95000076293945,5452456
2026-03-10,46.27085876464844,46.95000076293945,47.04999923706055,45.5,46.25,3584166
2026-03-11,47.305667877197266,48.0,48.79999923706055,47.349998474121094,47.79999923706055,4181177
2026-03-12,48.783973693847656,49.5,50.0,47.099998474121094,47.95000076293945,10848276
2026-03-13,47.89699172973633,48.599998474121094,48.79999923706055,47.29999923706055,47.75,6126371
2026-03-16,45.531707763671875,46.20000076293945,48.29999923706055,46.0,48.0,7208710
2026-03-17,45.531707763671875,46.20000076293945,47.45000076293945,46.20000076293945,46.70000076293945,3366400
2026-03-18,46.91145324707031,47.599998474121094,47.70000076293945,46.04999923706055,46.79999923706055,3274299
2026-03-19,46.12302780151367,46.79999923706055,47.599998474121094,46.599998474121094,46.79999923706055,2592500
2026-03-20,45.227447509765625,45.45000076293945,47.20000076293945,45.29999923706055,47.0,3336010
2026-03-23,45.376712799072266,45.599998474121094,45.900001525878906,43.599998474121094,44.0,1753650
2026-03-24,46.07328414916992,46.29999923706055,46.95000076293945,44.349998474121094,46.099998474121094,4874280
2026-03-25,49.15810775756836,49.400001525878906,49.75,47.150001525878906,47.5,10501715
2026-03-26,47.36691665649414,47.599998474121094,51.599998474121094,47.5,51.5,13674850
2026-03-27,48.61079788208008,48.849998474121094,48.849998474121094,45.099998474121094,47.25,7111104
2026-03-30,47.51618576049805,47.75,48.95000076293945,47.20000076293945,47.20000076293945,9447685
2026-03-31,46.47132873535156,46.70000076293945,48.400001525878906,46.400001525878906,47.75,6248707
2026-04-01,47.36691665649414,47.599998474121094,48.650001525878906,47.349998474121094,47.900001525878906,5208065
2026-04-02,45.77475357055664,46.0,48.5,46.0,48.25,4051252
2026-04-07,47.01863479614258,47.25,47.45000076293945,45.099998474121094,46.5,3228668
2026-04-08,48.56104278564453,48.79999923706055,49.0,47.599998474121094,48.20000076293945,9964324
2026-04-09,50.650760650634766,50.900001525878906,51.5,48.349998474121094,49.04999923706055,15126209
2026-04-10,51.44684600830078,51.70000076293945,52.79999923706055,49.70000076293945,51.5,12801108
2026-04-13,51.74537658691406,52.0,52.599998474121094,51.0,51.70000076293945,6940824
2026-04-14,51.54635238647461,51.79999923706055,54.0,51.20000076293945,52.70000076293945,10592760
2026-04-15,49.45663833618164,49.70000076293945,52.20000076293945,49.599998474121094,52.099998474121094,8016380
2026-04-16,49.50639343261719,49.75,50.5,49.04999923706055,50.099998474121094,3723431
2026-04-17,54.43215560913086,54.70000076293945,54.70000076293945,49.0,49.79999923706055,22475646
2026-04-20,55.4272575378418,55.70000076293945,58.900001525878906,54.70000076293945,57.29999923706055,31846508
2026-04-21,55.32774353027344,55.599998474121094,56.5,54.0,55.5,11839212
2026-04-22,60.80081558227539,61.099998474121094,61.099998474121094,56.900001525878906,57.0,24367665
2026-04-23,55.22823715209961,55.5,63.0,55.0,63.0,32359838
2026-04-24,54.233131408691406,54.5,58.400001525878906,53.599998474121094,56.900001525878906,12919381
2026-04-27,52.04390335083008,52.29999923706055,55.20000076293945,50.79999923706055,55.099998474121094,7998224
2026-04-28,52.54145812988281,52.79999923706055,54.29999923706055,51.79999923706055,52.29999923706055,4520090
2026-04-29,53.73558044433594,54.0,54.20000076293945,51.79999923706055,52.900001525878906,4166147
2026-04-30,51.34733200073242,51.599998474121094,54.5,51.29999923706055,54.5,7607862
2026-05-04,51.74537658691406,52.0,52.5,51.400001525878906,51.70000076293945,5963015
2026-05-05,52.640968322753906,52.900001525878906,53.29999923706055,51.099998474121094,52.599998474121094,4398675
2026-05-06,51.54635238647461,51.79999923706055,53.400001525878906,49.599998474121094,53.400001525878906,8853501
2026-05-07,51.74537658691406,52.0,52.599998474121094,51.599998474121094,51.79999923706055,3958500
2026-05-08,52.34243392944336,52.599998474121094,53.900001525878906,51.599998474121094,52.5,9822207
2026-05-11,53.437049865722656,53.70000076293945,54.5,52.599998474121094,53.5,8163194
2026-05-12,52.44194793701172,52.70000076293945,54.400001525878906,51.599998474121094,54.20000076293945,6332630
2026-05-13,50.55125045776367,50.79999923706055,51.79999923706055,50.29999923706055,51.79999923706055,4783400
2026-05-14,49.55614471435547,49.79999923706055,51.29999923706055,49.79999923706055,51.20000076293945,3953100
2026-05-15,48.809818267822266,49.04999923706055,51.20000076293945,48.849998474121094,50.20000076293945,4648114
2026-05-18,48.61079788208008,48.849998474121094,49.150001525878906,47.04999923706055,48.20000076293945,3237215
2026-05-19,48.26251220703125,48.5,49.5,47.75,49.0,2713000
2026-05-20,48.362022399902344,48.599998474121094,50.0,48.0,48.20000076293945,2390357
2026-05-21,51.1483154296875,51.400001525878906,51.5,49.70000076293945,49.79999923706055,4435322
2026-05-22,51.64586639404297,51.900001525878906,52.20000076293945,51.20000076293945,51.79999923706055,3462790
2026-05-25,54.63117599487305,54.900001525878906,55.0,52.5,53.0,8468658
2026-05-26,60.004730224609375,60.29999923706055,60.29999923706055,55.79999923706055,56.5,23746366
2026-05-27,60.80081558227539,61.099998474121094,63.5,59.599998474121094,60.79999923706055,28316758
2026-05-28,66.07486724853516,66.4000015258789,67.19999694824219,61.400001525878906,62.0,30318071
2026-05-29,67.86604309082031,68.19999694824219,68.4000015258789,64.5999984741211,66.5,27021340
2026-06-01,74.63275146484375,75.0,75.0,71.30000305175781,71.30000305175781,12104769
2026-06-02,80.702880859375,81.0999984741211,82.5,74.0999984741211,77.5,33944266
2026-06-03,88.76321411132812,89.19999694824219,89.19999694824219,80.30000305175781,81.5,26453828
2026-06-04,97.61963653564453,98.0999984741211,98.0999984741211,81.4000015258789,89.19999694824219,11824061
2026-06-05,89.2607650756836,89.69999694824219,96.9000015258789,89.5,96.9000015258789,8363286
2026-06-08,82.09602355957031,82.5,84.0,80.80000305175781,80.80000305175781,5350781
2026-06-09,86.0764389038086,86.5,90.5999984741211,83.30000305175781,83.30000305175781,3487514
2026-06-10,81.39945983886719,81.80000305175781,92.0,80.0,85.5,5120663
2026-06-11,83.58868408203125,84.0,84.5,79.0,84.30000305175781,3354549
2026-06-12,87.569091796875,88.0,89.69999694824219,85.69999694824219,89.0999984741211,2789975
2026-06-15,91.35049438476562,91.80000305175781,92.0999984741211,88.9000015258789,90.0999984741211,2801068
2026-06-16,91.44999694824219,91.9000015258789,93.19999694824219,90.0999984741211,93.19999694824219,2291360
2026-06-17,89.0999984741211,89.0999984741211,97.5,89.0999984741211,92.5,6615807
2026-06-18,86.0999984741211,86.0999984741211,92.4000015258789,83.5,87.0999984741211,14137218
2026-06-22,94.69999694824219,94.69999694824219,94.69999694824219,93.80000305175781,93.80000305175781,6911829
2026-06-23,92.69999694824219,92.69999694824219,104.0,92.19999694824219,98.0,37178146
2026-06-24,91.5999984741211,91.5999984741211,96.4000015258789,89.0,93.5,23438381
2026-06-25,86.5999984741211,86.5999984741211,95.4000015258789,86.0999984741211,93.69999694824219,21532803
2026-06-26,85.0999984741211,85.0999984741211,89.69999694824219,84.0,84.9000015258789,15204204
2026-06-29,85.0,85.0,88.5,83.30000305175781,86.5999984741211,10494658
2026-06-30,83.9000015258789,83.9000015258789,87.0999984741211,82.19999694824219,87.0999984741211,9042753
2026-07-01,82.4000015258789,82.4000015258789,85.30000305175781,80.69999694824219,85.0,8353060
2026-07-02,90.5999984741211,90.5999984741211,90.5999984741211,81.0,82.4000015258789,11348798
2026-07-03,91.5999984741211,91.5999984741211,93.19999694824219,87.5,90.5999984741211,23121988
2026-07-06,94.19999694824219,94.19999694824219,100.5,93.30000305175781,96.5999984741211,24370130
2026-07-07,89.30000305175781,89.30000305175781,97.4000015258789,88.19999694824219,96.0999984741211,15198037
2026-07-08,83.5,83.5,89.5999984741211,82.5999984741211,89.30000305175781,10727889
2026-07-09,82.9000015258789,82.9000015258789,85.5999984741211,81.80000305175781,84.5,5448611
2026-07-10,82.9000015258789,82.9000015258789,82.9000015258789,82.9000015258789,82.9000015258789,0
2026-07-13,84.69999694824219,84.69999694824219,85.9000015258789,80.30000305175781,84.9000015258789,7246387
2026-07-14,80.80000305175781,80.80000305175781,83.9000015258789,76.30000305175781,83.5999984741211,10383737
2026-07-15,80.4000015258789,80.4000015258789,83.80000305175781,80.0999984741211,82.0,5653919
2026-07-16,77.5,77.5,79.5999984741211,75.30000305175781,79.30000305175781,5881390
2026-07-17,73.5,73.5,74.5,69.80000305175781,72.69999694824219,7251058
2026-07-20,66.5999984741211,66.5999984741211,72.5,66.19999694824219,72.5,8500952
2026-07-21,69.0,69.0,69.0,65.4000015258789,67.19999694824219,5490717
2026-07-22,71.80000305175781,71.80000305175781,72.30000305175781,69.5,69.80000305175781,5685483
2026-07-23,71.5,71.5,72.4000015258789,69.0999984741211,72.0,4281436
2026-07-24,68.0,68.0,71.4000015258789,68.0,70.0,3112610
2026-07-27,68.19999694824219,68.19999694824219,68.69999694824219,65.69999694824219,67.5999984741211,2981177
2026-07-28,62.0,62.0,65.5999984741211,62.0,65.5999984741211,3367476
2026-07-29,59.599998474121094,59.599998474121094,63.0,55.79999923706055,62.099998474121094,8516206
2026-07-30,59.099998474121094,59.099998474121094,64.4000015258789,58.599998474121094,60.0,6457436
2026-07-31,65.0,65.0,65.0,62.400001525878906,64.0,4293110
2026-08-03,70.19999694824219,70.19999694824219,71.5,64.0999984741211,65.0,7382718
2026-08-04,74.0,74.0,74.4000015258789,69.0999984741211,71.0,6374597
2026-08-05,74.4000015258789,74.4000015258789,79.19999694824219,73.69999694824219,79.19999694824219,5469300
2026-08-06,74.19999694824219,74.19999694824219,75.0,71.80000305175781,75.0,2614305
2026-08-07,72.4000015258789,72.4000015258789,76.19999694824219,72.19999694824219,74.19999694824219,3033624
2026-08-10,75.7,75.7,77.5,73.6,75.0,3348927
2026-08-11,74.6,74.6,76.7,74.2,75.1,1826238
2026-08-12,75.3,75.3,76.3,74.7,74.7,1717248
2026-08-13,74.5,74.5,76.7,74.3,76.1,2110154
2026-08-14,71.1,71.1,74.7,69.6,70.2,2231306
2026-08-17,71.1,71.1,74.7,69.6,70.2,2231306
2026-08-18,71.1,71.1,74.7,69.6,70.2,2231306
2026-08-19,71.1,71.1,74.7,69.6,70.2,2231306
2026-08-20,71.1,71.1,74.7,69.6,70.2,2231306
2026-08-21,69.1,69.1,70.5,69.0,70.5,958928
