Date,Adj Close,Close,High,Low,Open,Volume
2016-08-12,41.9,41.9,42.45,41.9,42.2,103416
2016-08-15,41.9,41.9,42.45,41.9,42.2,103416
2016-08-16,41.9,41.9,42.45,41.9,42.2,103416
2016-08-17,41.9,41.9,42.45,41.9,42.2,103416
2016-08-18,41.9,41.9,42.45,41.9,42.2,103416
2016-08-19,41.9,41.9,42.45,41.9,42.2,103416
2016-08-22,41.9,41.9,42.45,41.9,42.2,103416
2016-08-23,41.9,41.9,42.45,41.9,42.2,103416
2016-08-24,41.9,41.9,42.45,41.9,42.2,103416
2016-08-25,41.9,41.9,42.45,41.9,42.2,103416
2016-08-26,41.9,41.9,42.45,41.9,42.2,103416
2016-08-29,41.9,41.9,42.45,41.9,42.2,103416
2016-08-30,41.9,41.9,42.45,41.9,42.2,103416
2016-08-31,41.9,41.9,42.45,41.9,42.2,103416
2016-09-01,41.9,41.9,42.45,41.9,42.2,103416
2016-09-02,41.9,41.9,42.45,41.9,42.2,103416
2016-09-05,41.9,41.9,42.45,41.9,42.2,103416
2016-09-06,41.9,41.9,42.45,41.9,42.2,103416
2016-09-07,41.9,41.9,42.45,41.9,42.2,103416
2016-09-08,41.9,41.9,42.45,41.9,42.2,103416
2016-09-09,41.9,41.9,42.45,41.9,42.2,103416
2016-09-12,41.9,41.9,42.45,41.9,42.2,103416
2016-09-13,41.9,41.9,42.45,41.9,42.2,103416
2016-09-14,41.9,41.9,42.45,41.9,42.2,103416
2016-09-19,41.9,41.9,42.45,41.9,42.2,103416
2016-09-20,41.9,41.9,42.45,41.9,42.2,103416
2016-09-21,41.9,41.9,42.45,41.9,42.2,103416
2016-09-22,41.9,41.9,42.45,41.9,42.2,103416
2016-09-23,41.9,41.9,42.45,41.9,42.2,103416
2016-09-26,41.9,41.9,42.45,41.9,42.2,103416
2016-09-29,41.9,41.9,42.45,41.9,42.2,103416
2016-09-30,41.9,41.9,42.45,41.9,42.2,103416
2016-10-03,41.9,41.9,42.45,41.9,42.2,103416
2016-10-04,41.9,41.9,42.45,41.9,42.2,103416
2016-10-05,41.9,41.9,42.45,41.9,42.2,103416
2016-10-06,41.9,41.9,42.45,41.9,42.2,103416
2016-10-07,41.9,41.9,42.45,41.9,42.2,103416
2016-10-11,41.9,41.9,42.45,41.9,42.2,103416
2016-10-12,41.9,41.9,42.45,41.9,42.2,103416
2016-10-13,41.9,41.9,42.45,41.9,42.2,103416
2016-10-14,41.9,41.9,42.45,41.9,42.2,103416
2016-10-17,41.9,41.9,42.45,41.9,42.2,103416
2016-10-18,41.9,41.9,42.45,41.9,42.2,103416
2016-10-19,41.9,41.9,42.45,41.9,42.2,103416
2016-10-20,41.9,41.9,42.45,41.9,42.2,103416
2016-10-21,41.9,41.9,42.45,41.9,42.2,103416
2016-10-24,41.9,41.9,42.45,41.9,42.2,103416
2016-10-25,41.9,41.9,42.45,41.9,42.2,103416
2016-10-26,41.9,41.9,42.45,41.9,42.2,103416
2016-10-27,41.9,41.9,42.45,41.9,42.2,103416
2016-10-28,41.9,41.9,42.45,41.9,42.2,103416
2016-10-31,41.9,41.9,42.45,41.9,42.2,103416
2016-11-01,41.9,41.9,42.45,41.9,42.2,103416
2016-11-02,41.9,41.9,42.45,41.9,42.2,103416
2016-11-03,41.9,41.9,42.45,41.9,42.2,103416
2016-11-04,41.9,41.9,42.45,41.9,42.2,103416
2016-11-07,41.9,41.9,42.45,41.9,42.2,103416
2016-11-08,41.9,41.9,42.45,41.9,42.2,103416
2016-11-09,41.9,41.9,42.45,41.9,42.2,103416
2016-11-10,41.9,41.9,42.45,41.9,42.2,103416
2016-11-11,41.9,41.9,42.45,41.9,42.2,103416
2016-11-14,41.9,41.9,42.45,41.9,42.2,103416
2016-11-15,41.9,41.9,42.45,41.9,42.2,103416
2016-11-16,41.9,41.9,42.45,41.9,42.2,103416
2016-11-17,41.9,41.9,42.45,41.9,42.2,103416
2016-11-18,41.9,41.9,42.45,41.9,42.2,103416
2016-11-21,41.9,41.9,42.45,41.9,42.2,103416
2016-11-22,41.9,41.9,42.45,41.9,42.2,103416
2016-11-23,41.9,41.9,42.45,41.9,42.2,103416
2016-11-24,41.9,41.9,42.45,41.9,42.2,103416
2016-11-25,41.9,41.9,42.45,41.9,42.2,103416
2016-11-28,41.9,41.9,42.45,41.9,42.2,103416
2016-11-29,41.9,41.9,42.45,41.9,42.2,103416
2016-11-30,41.9,41.9,42.45,41.9,42.2,103416
2016-12-01,41.9,41.9,42.45,41.9,42.2,103416
2016-12-02,41.9,41.9,42.45,41.9,42.2,103416
2016-12-05,41.9,41.9,42.45,41.9,42.2,103416
2016-12-06,41.9,41.9,42.45,41.9,42.2,103416
2016-12-07,41.9,41.9,42.45,41.9,42.2,103416
2016-12-08,41.9,41.9,42.45,41.9,42.2,103416
2016-12-09,41.9,41.9,42.45,41.9,42.2,103416
2016-12-12,41.9,41.9,42.45,41.9,42.2,103416
2016-12-13,41.9,41.9,42.45,41.9,42.2,103416
2016-12-14,41.9,41.9,42.45,41.9,42.2,103416
2016-12-15,41.9,41.9,42.45,41.9,42.2,103416
2016-12-16,41.9,41.9,42.45,41.9,42.2,103416
2016-12-19,41.9,41.9,42.45,41.9,42.2,103416
2016-12-20,41.9,41.9,42.45,41.9,42.2,103416
2016-12-21,41.9,41.9,42.45,41.9,42.2,103416
2016-12-22,41.9,41.9,42.45,41.9,42.2,103416
2016-12-23,41.9,41.9,42.45,41.9,42.2,103416
2016-12-26,41.9,41.9,42.45,41.9,42.2,103416
2016-12-27,41.9,41.9,42.45,41.9,42.2,103416
2016-12-28,41.9,41.9,42.45,41.9,42.2,103416
2016-12-29,41.9,41.9,42.45,41.9,42.2,103416
2016-12-30,41.9,41.9,42.45,41.9,42.2,103416
2017-01-03,41.9,41.9,42.45,41.9,42.2,103416
2017-01-04,41.9,41.9,42.45,41.9,42.2,103416
2017-01-05,41.9,41.9,42.45,41.9,42.2,103416
2017-01-06,41.9,41.9,42.45,41.9,42.2,103416
2017-01-09,41.9,41.9,42.45,41.9,42.2,103416
2017-01-10,41.9,41.9,42.45,41.9,42.2,103416
2017-01-11,41.9,41.9,42.45,41.9,42.2,103416
2017-01-12,41.9,41.9,42.45,41.9,42.2,103416
2017-01-13,41.9,41.9,42.45,41.9,42.2,103416
2017-01-16,41.9,41.9,42.45,41.9,42.2,103416
2017-01-17,41.9,41.9,42.45,41.9,42.2,103416
2017-01-18,41.9,41.9,42.45,41.9,42.2,103416
2017-01-19,41.9,41.9,42.45,41.9,42.2,103416
2017-01-20,41.9,41.9,42.45,41.9,42.2,103416
2017-01-23,41.9,41.9,42.45,41.9,42.2,103416
2017-01-24,41.9,41.9,42.45,41.9,42.2,103416
2017-02-02,41.9,41.9,42.45,41.9,42.2,103416
2017-02-03,41.9,41.9,42.45,41.9,42.2,103416
2017-02-06,41.9,41.9,42.45,41.9,42.2,103416
2017-02-07,41.9,41.9,42.45,41.9,42.2,103416
2017-02-08,41.9,41.9,42.45,41.9,42.2,103416
2017-02-09,41.9,41.9,42.45,41.9,42.2,103416
2017-02-10,41.9,41.9,42.45,41.9,42.2,103416
2017-02-13,41.9,41.9,42.45,41.9,42.2,103416
2017-02-14,41.9,41.9,42.45,41.9,42.2,103416
2017-02-15,41.9,41.9,42.45,41.9,42.2,103416
2017-02-16,41.9,41.9,42.45,41.9,42.2,103416
2017-02-17,41.9,41.9,42.45,41.9,42.2,103416
2017-02-20,41.9,41.9,42.45,41.9,42.2,103416
2017-02-21,41.9,41.9,42.45,41.9,42.2,103416
2017-02-22,41.9,41.9,42.45,41.9,42.2,103416
2017-02-23,41.9,41.9,42.45,41.9,42.2,103416
2017-02-24,41.9,41.9,42.45,41.9,42.2,103416
2017-03-01,41.9,41.9,42.45,41.9,42.2,103416
2017-03-02,41.9,41.9,42.45,41.9,42.2,103416
2017-03-03,41.9,41.9,42.45,41.9,42.2,103416
2017-03-06,41.9,41.9,42.45,41.9,42.2,103416
2017-03-07,41.9,41.9,42.45,41.9,42.2,103416
2017-03-08,41.9,41.9,42.45,41.9,42.2,103416
2017-03-09,41.9,41.9,42.45,41.9,42.2,103416
2017-03-10,41.9,41.9,42.45,41.9,42.2,103416
2017-03-13,41.9,41.9,42.45,41.9,42.2,103416
2017-03-14,41.9,41.9,42.45,41.9,42.2,103416
2017-03-15,41.9,41.9,42.45,41.9,42.2,103416
2017-03-16,41.9,41.9,42.45,41.9,42.2,103416
2017-03-17,41.9,41.9,42.45,41.9,42.2,103416
2017-03-20,41.9,41.9,42.45,41.9,42.2,103416
2017-03-21,41.9,41.9,42.45,41.9,42.2,103416
2017-03-22,41.9,41.9,42.45,41.9,42.2,103416
2017-03-23,41.9,41.9,42.45,41.9,42.2,103416
2017-03-24,41.9,41.9,42.45,41.9,42.2,103416
2017-03-27,41.9,41.9,42.45,41.9,42.2,103416
2017-03-28,41.9,41.9,42.45,41.9,42.2,103416
2017-03-29,41.9,41.9,42.45,41.9,42.2,103416
2017-03-30,41.9,41.9,42.45,41.9,42.2,103416
2017-03-31,41.9,41.9,42.45,41.9,42.2,103416
2017-04-05,41.9,41.9,42.45,41.9,42.2,103416
2017-04-06,41.9,41.9,42.45,41.9,42.2,103416
2017-04-07,41.9,41.9,42.45,41.9,42.2,103416
2017-04-10,41.9,41.9,42.45,41.9,42.2,103416
2017-04-11,41.9,41.9,42.45,41.9,42.2,103416
2017-04-12,41.9,41.9,42.45,41.9,42.2,103416
2017-04-13,41.9,41.9,42.45,41.9,42.2,103416
2017-04-14,41.9,41.9,42.45,41.9,42.2,103416
2017-04-17,41.9,41.9,42.45,41.9,42.2,103416
2017-04-18,41.9,41.9,42.45,41.9,42.2,103416
2017-04-19,41.9,41.9,42.45,41.9,42.2,103416
2017-04-21,41.9,41.9,42.45,41.9,42.2,103416
2017-04-24,41.9,41.9,42.45,41.9,42.2,103416
2017-04-25,41.9,41.9,42.45,41.9,42.2,103416
2017-04-26,41.9,41.9,42.45,41.9,42.2,103416
2017-04-27,41.9,41.9,42.45,41.9,42.2,103416
2017-04-28,41.9,41.9,42.45,41.9,42.2,103416
2017-05-02,41.9,41.9,42.45,41.9,42.2,103416
2017-05-03,41.9,41.9,42.45,41.9,42.2,103416
2017-05-04,41.9,41.9,42.45,41.9,42.2,103416
2017-05-05,41.9,41.9,42.45,41.9,42.2,103416
2017-05-08,41.9,41.9,42.45,41.9,42.2,103416
2017-05-09,41.9,41.9,42.45,41.9,42.2,103416
2017-05-10,41.9,41.9,42.45,41.9,42.2,103416
2017-05-11,41.9,41.9,42.45,41.9,42.2,103416
2017-05-12,41.9,41.9,42.45,41.9,42.2,103416
2017-05-15,41.9,41.9,42.45,41.9,42.2,103416
2017-05-16,41.9,41.9,42.45,41.9,42.2,103416
2017-05-17,41.9,41.9,42.45,41.9,42.2,103416
2017-05-18,41.9,41.9,42.45,41.9,42.2,103416
2017-05-19,41.9,41.9,42.45,41.9,42.2,103416
2017-05-22,41.9,41.9,42.45,41.9,42.2,103416
2017-05-23,41.9,41.9,42.45,41.9,42.2,103416
2017-05-24,41.9,41.9,42.45,41.9,42.2,103416
2017-05-25,41.9,41.9,42.45,41.9,42.2,103416
2017-05-26,41.9,41.9,42.45,41.9,42.2,103416
2017-05-31,41.9,41.9,42.45,41.9,42.2,103416
2017-06-01,41.9,41.9,42.45,41.9,42.2,103416
2017-06-02,41.9,41.9,42.45,41.9,42.2,103416
2017-06-05,41.9,41.9,42.45,41.9,42.2,103416
2017-06-06,41.9,41.9,42.45,41.9,42.2,103416
2017-06-07,41.9,41.9,42.45,41.9,42.2,103416
2017-06-08,41.9,41.9,42.45,41.9,42.2,103416
2017-06-09,41.9,41.9,42.45,41.9,42.2,103416
2017-06-12,41.9,41.9,42.45,41.9,42.2,103416
2017-06-13,41.9,41.9,42.45,41.9,42.2,103416
2017-06-14,41.9,41.9,42.45,41.9,42.2,103416
2017-06-15,41.9,41.9,42.45,41.9,42.2,103416
2017-06-16,41.9,41.9,42.45,41.9,42.2,103416
2017-06-19,41.9,41.9,42.45,41.9,42.2,103416
2017-06-20,41.9,41.9,42.45,41.9,42.2,103416
2017-06-21,41.9,41.9,42.45,41.9,42.2,103416
2017-06-22,41.9,41.9,42.45,41.9,42.2,103416
2017-06-23,41.9,41.9,42.45,41.9,42.2,103416
2017-06-26,41.9,41.9,42.45,41.9,42.2,103416
2017-06-27,41.9,41.9,42.45,41.9,42.2,103416
2017-06-28,41.9,41.9,42.45,41.9,42.2,103416
2017-06-29,41.9,41.9,42.45,41.9,42.2,103416
2017-06-30,41.9,41.9,42.45,41.9,42.2,103416
2017-07-03,41.9,41.9,42.45,41.9,42.2,103416
2017-07-04,41.9,41.9,42.45,41.9,42.2,103416
2017-07-05,41.9,41.9,42.45,41.9,42.2,103416
2017-07-06,41.9,41.9,42.45,41.9,42.2,103416
2017-07-07,41.9,41.9,42.45,41.9,42.2,103416
2017-07-10,41.9,41.9,42.45,41.9,42.2,103416
2017-07-11,41.9,41.9,42.45,41.9,42.2,103416
2017-07-12,41.9,41.9,42.45,41.9,42.2,103416
2017-07-13,41.9,41.9,42.45,41.9,42.2,103416
2017-07-14,41.9,41.9,42.45,41.9,42.2,103416
2017-07-17,41.9,41.9,42.45,41.9,42.2,103416
2017-07-18,41.9,41.9,42.45,41.9,42.2,103416
2017-07-19,41.9,41.9,42.45,41.9,42.2,103416
2017-07-20,41.9,41.9,42.45,41.9,42.2,103416
2017-07-21,41.9,41.9,42.45,41.9,42.2,103416
2017-07-24,41.9,41.9,42.45,41.9,42.2,103416
2017-07-25,41.9,41.9,42.45,41.9,42.2,103416
2017-07-26,41.9,41.9,42.45,41.9,42.2,103416
2017-07-27,41.9,41.9,42.45,41.9,42.2,103416
2017-07-28,41.9,41.9,42.45,41.9,42.2,103416
2017-07-31,41.9,41.9,42.45,41.9,42.2,103416
2017-08-01,41.9,41.9,42.45,41.9,42.2,103416
2017-08-02,41.9,41.9,42.45,41.9,42.2,103416
2017-08-03,41.9,41.9,42.45,41.9,42.2,103416
2017-08-04,41.9,41.9,42.45,41.9,42.2,103416
2017-08-07,41.9,41.9,42.45,41.9,42.2,103416
2017-08-08,41.9,41.9,42.45,41.9,42.2,103416
2017-08-09,41.9,41.9,42.45,41.9,42.2,103416
2017-08-10,41.9,41.9,42.45,41.9,42.2,103416
2017-08-11,41.9,41.9,42.45,41.9,42.2,103416
2017-08-14,41.9,41.9,42.45,41.9,42.2,103416
2017-08-15,41.9,41.9,42.45,41.9,42.2,103416
2017-08-16,41.9,41.9,42.45,41.9,42.2,103416
2017-08-17,41.9,41.9,42.45,41.9,42.2,103416
2017-08-18,41.9,41.9,42.45,41.9,42.2,103416
2017-08-21,41.9,41.9,42.45,41.9,42.2,103416
2017-08-22,41.9,41.9,42.45,41.9,42.2,103416
2017-08-23,41.9,41.9,42.45,41.9,42.2,103416
2017-08-24,41.9,41.9,42.45,41.9,42.2,103416
2017-08-25,41.9,41.9,42.45,41.9,42.2,103416
2017-08-28,41.9,41.9,42.45,41.9,42.2,103416
2017-08-29,41.9,41.9,42.45,41.9,42.2,103416
2017-08-30,41.9,41.9,42.45,41.9,42.2,103416
2017-08-31,41.9,41.9,42.45,41.9,42.2,103416
2017-09-01,41.9,41.9,42.45,41.9,42.2,103416
2017-09-04,41.9,41.9,42.45,41.9,42.2,103416
2017-09-05,41.9,41.9,42.45,41.9,42.2,103416
2017-09-06,41.9,41.9,42.45,41.9,42.2,103416
2017-09-07,41.9,41.9,42.45,41.9,42.2,103416
2017-09-08,41.9,41.9,42.45,41.9,42.2,103416
2017-09-11,41.9,41.9,42.45,41.9,42.2,103416
2017-09-12,41.9,41.9,42.45,41.9,42.2,103416
2017-09-13,41.9,41.9,42.45,41.9,42.2,103416
2017-09-14,41.9,41.9,42.45,41.9,42.2,103416
2017-09-15,41.9,41.9,42.45,41.9,42.2,103416
2017-09-18,41.9,41.9,42.45,41.9,42.2,103416
2017-09-19,41.9,41.9,42.45,41.9,42.2,103416
2017-09-20,41.9,41.9,42.45,41.9,42.2,103416
2017-09-21,41.9,41.9,42.45,41.9,42.2,103416
2017-09-22,41.9,41.9,42.45,41.9,42.2,103416
2017-09-25,41.9,41.9,42.45,41.9,42.2,103416
2017-09-26,41.9,41.9,42.45,41.9,42.2,103416
2017-09-27,41.9,41.9,42.45,41.9,42.2,103416
2017-09-28,41.9,41.9,42.45,41.9,42.2,103416
2017-09-29,41.9,41.9,42.45,41.9,42.2,103416
2017-10-02,41.9,41.9,42.45,41.9,42.2,103416
2017-10-03,41.9,41.9,42.45,41.9,42.2,103416
2017-10-05,41.9,41.9,42.45,41.9,42.2,103416
2017-10-06,41.9,41.9,42.45,41.9,42.2,103416
2017-10-11,41.9,41.9,42.45,41.9,42.2,103416
2017-10-12,41.9,41.9,42.45,41.9,42.2,103416
2017-10-13,41.9,41.9,42.45,41.9,42.2,103416
2017-10-16,41.9,41.9,42.45,41.9,42.2,103416
2017-10-17,41.9,41.9,42.45,41.9,42.2,103416
2017-10-18,41.9,41.9,42.45,41.9,42.2,103416
2017-10-19,41.9,41.9,42.45,41.9,42.2,103416
2017-10-20,41.9,41.9,42.45,41.9,42.2,103416
2017-10-23,41.9,41.9,42.45,41.9,42.2,103416
2017-10-24,41.9,41.9,42.45,41.9,42.2,103416
2017-10-25,41.9,41.9,42.45,41.9,42.2,103416
2017-10-26,41.9,41.9,42.45,41.9,42.2,103416
2017-10-27,41.9,41.9,42.45,41.9,42.2,103416
2017-10-30,41.9,41.9,42.45,41.9,42.2,103416
2017-10-31,41.9,41.9,42.45,41.9,42.2,103416
2017-11-01,41.9,41.9,42.45,41.9,42.2,103416
2017-11-02,41.9,41.9,42.45,41.9,42.2,103416
2017-11-03,41.9,41.9,42.45,41.9,42.2,103416
2017-11-06,41.9,41.9,42.45,41.9,42.2,103416
2017-11-07,41.9,41.9,42.45,41.9,42.2,103416
2017-11-08,41.9,41.9,42.45,41.9,42.2,103416
2017-11-09,41.9,41.9,42.45,41.9,42.2,103416
2017-11-10,41.9,41.9,42.45,41.9,42.2,103416
2017-11-13,41.9,41.9,42.45,41.9,42.2,103416
2017-11-14,41.9,41.9,42.45,41.9,42.2,103416
2017-11-15,41.9,41.9,42.45,41.9,42.2,103416
2017-11-16,41.9,41.9,42.45,41.9,42.2,103416
2017-11-17,41.9,41.9,42.45,41.9,42.2,103416
2017-11-20,41.9,41.9,42.45,41.9,42.2,103416
2017-11-21,41.9,41.9,42.45,41.9,42.2,103416
2017-11-22,41.9,41.9,42.45,41.9,42.2,103416
2017-11-23,41.9,41.9,42.45,41.9,42.2,103416
2017-11-24,41.9,41.9,42.45,41.9,42.2,103416
2017-11-27,41.9,41.9,42.45,41.9,42.2,103416
2017-11-28,41.9,41.9,42.45,41.9,42.2,103416
2017-11-29,41.9,41.9,42.45,41.9,42.2,103416
2017-11-30,41.9,41.9,42.45,41.9,42.2,103416
2017-12-01,41.9,41.9,42.45,41.9,42.2,103416
2017-12-04,41.9,41.9,42.45,41.9,42.2,103416
2017-12-05,41.9,41.9,42.45,41.9,42.2,103416
2017-12-06,41.9,41.9,42.45,41.9,42.2,103416
2017-12-07,41.9,41.9,42.45,41.9,42.2,103416
2017-12-08,41.9,41.9,42.45,41.9,42.2,103416
2017-12-11,41.9,41.9,42.45,41.9,42.2,103416
2017-12-12,41.9,41.9,42.45,41.9,42.2,103416
2017-12-13,41.9,41.9,42.45,41.9,42.2,103416
2017-12-14,41.9,41.9,42.45,41.9,42.2,103416
2017-12-15,41.9,41.9,42.45,41.9,42.2,103416
2017-12-18,41.9,41.9,42.45,41.9,42.2,103416
2017-12-19,41.9,41.9,42.45,41.9,42.2,103416
2017-12-20,41.9,41.9,42.45,41.9,42.2,103416
2017-12-21,41.9,41.9,42.45,41.9,42.2,103416
2017-12-22,41.9,41.9,42.45,41.9,42.2,103416
2017-12-25,41.9,41.9,42.45,41.9,42.2,103416
2017-12-26,41.9,41.9,42.45,41.9,42.2,103416
2017-12-27,41.9,41.9,42.45,41.9,42.2,103416
2017-12-28,41.9,41.9,42.45,41.9,42.2,103416
2017-12-29,41.9,41.9,42.45,41.9,42.2,103416
2018-01-02,41.9,41.9,42.45,41.9,42.2,103416
2018-01-03,41.9,41.9,42.45,41.9,42.2,103416
2018-01-04,41.9,41.9,42.45,41.9,42.2,103416
2018-01-05,41.9,41.9,42.45,41.9,42.2,103416
2018-01-08,41.9,41.9,42.45,41.9,42.2,103416
2018-01-09,41.9,41.9,42.45,41.9,42.2,103416
2018-01-10,41.9,41.9,42.45,41.9,42.2,103416
2018-01-11,41.9,41.9,42.45,41.9,42.2,103416
2018-01-12,41.9,41.9,42.45,41.9,42.2,103416
2018-01-15,41.9,41.9,42.45,41.9,42.2,103416
2018-01-16,41.9,41.9,42.45,41.9,42.2,103416
2018-01-17,41.9,41.9,42.45,41.9,42.2,103416
2018-01-18,41.9,41.9,42.45,41.9,42.2,103416
2018-01-19,41.9,41.9,42.45,41.9,42.2,103416
2018-01-22,41.9,41.9,42.45,41.9,42.2,103416
2018-01-23,41.9,41.9,42.45,41.9,42.2,103416
2018-01-24,41.9,41.9,42.45,41.9,42.2,103416
2018-01-25,41.9,41.9,42.45,41.9,42.2,103416
2018-01-26,41.9,41.9,42.45,41.9,42.2,103416
2018-01-29,41.9,41.9,42.45,41.9,42.2,103416
2018-01-30,41.9,41.9,42.45,41.9,42.2,103416
2018-01-31,41.9,41.9,42.45,41.9,42.2,103416
2018-02-01,41.9,41.9,42.45,41.9,42.2,103416
2018-02-02,41.9,41.9,42.45,41.9,42.2,103416
2018-02-05,41.9,41.9,42.45,41.9,42.2,103416
2018-02-06,41.9,41.9,42.45,41.9,42.2,103416
2018-02-07,41.9,41.9,42.45,41.9,42.2,103416
2018-02-08,41.9,41.9,42.45,41.9,42.2,103416
2018-02-09,41.9,41.9,42.45,41.9,42.2,103416
2018-02-12,41.9,41.9,42.45,41.9,42.2,103416
2018-02-21,41.9,41.9,42.45,41.9,42.2,103416
2018-02-22,41.9,41.9,42.45,41.9,42.2,103416
2018-02-23,41.9,41.9,42.45,41.9,42.2,103416
2018-02-26,41.9,41.9,42.45,41.9,42.2,103416
2018-02-27,41.9,41.9,42.45,41.9,42.2,103416
2018-03-01,41.9,41.9,42.45,41.9,42.2,103416
2018-03-02,41.9,41.9,42.45,41.9,42.2,103416
2018-03-05,41.9,41.9,42.45,41.9,42.2,103416
2018-03-06,41.9,41.9,42.45,41.9,42.2,103416
2018-03-07,41.9,41.9,42.45,41.9,42.2,103416
2018-03-08,41.9,41.9,42.45,41.9,42.2,103416
2018-03-09,41.9,41.9,42.45,41.9,42.2,103416
2018-03-12,41.9,41.9,42.45,41.9,42.2,103416
2018-03-13,41.9,41.9,42.45,41.9,42.2,103416
2018-03-14,41.9,41.9,42.45,41.9,42.2,103416
2018-03-15,41.9,41.9,42.45,41.9,42.2,103416
2018-03-16,41.9,41.9,42.45,41.9,42.2,103416
2018-03-19,41.9,41.9,42.45,41.9,42.2,103416
2018-03-20,41.9,41.9,42.45,41.9,42.2,103416
2018-03-21,41.9,41.9,42.45,41.9,42.2,103416
2018-03-22,41.9,41.9,42.45,41.9,42.2,103416
2018-03-23,41.9,41.9,42.45,41.9,42.2,103416
2018-03-26,41.9,41.9,42.45,41.9,42.2,103416
2018-03-27,41.9,41.9,42.45,41.9,42.2,103416
2018-03-28,41.9,41.9,42.45,41.9,42.2,103416
2018-03-29,41.9,41.9,42.45,41.9,42.2,103416
2018-03-30,41.9,41.9,42.45,41.9,42.2,103416
2018-04-02,41.9,41.9,42.45,41.9,42.2,103416
2018-04-03,41.9,41.9,42.45,41.9,42.2,103416
2018-04-09,41.9,41.9,42.45,41.9,42.2,103416
2018-04-10,41.9,41.9,42.45,41.9,42.2,103416
2018-04-11,41.9,41.9,42.45,41.9,42.2,103416
2018-04-12,41.9,41.9,42.45,41.9,42.2,103416
2018-04-13,41.9,41.9,42.45,41.9,42.2,103416
2018-04-16,41.9,41.9,42.45,41.9,42.2,103416
2018-04-17,41.9,41.9,42.45,41.9,42.2,103416
2018-04-18,41.9,41.9,42.45,41.9,42.2,103416
2018-04-19,41.9,41.9,42.45,41.9,42.2,103416
2018-04-20,41.9,41.9,42.45,41.9,42.2,103416
2018-04-23,41.9,41.9,42.45,41.9,42.2,103416
2018-04-24,41.9,41.9,42.45,41.9,42.2,103416
2018-04-25,41.9,41.9,42.45,41.9,42.2,103416
2018-04-26,41.9,41.9,42.45,41.9,42.2,103416
2018-04-27,41.9,41.9,42.45,41.9,42.2,103416
2018-04-30,41.9,41.9,42.45,41.9,42.2,103416
2018-05-02,41.9,41.9,42.45,41.9,42.2,103416
2018-05-03,41.9,41.9,42.45,41.9,42.2,103416
2018-05-04,41.9,41.9,42.45,41.9,42.2,103416
2018-05-07,41.9,41.9,42.45,41.9,42.2,103416
2018-05-08,41.9,41.9,42.45,41.9,42.2,103416
2018-05-09,41.9,41.9,42.45,41.9,42.2,103416
2018-05-10,41.9,41.9,42.45,41.9,42.2,103416
2018-05-11,41.9,41.9,42.45,41.9,42.2,103416
2018-05-14,41.9,41.9,42.45,41.9,42.2,103416
2018-05-15,41.9,41.9,42.45,41.9,42.2,103416
2018-05-16,41.9,41.9,42.45,41.9,42.2,103416
2018-05-17,41.9,41.9,42.45,41.9,42.2,103416
2018-05-18,41.9,41.9,42.45,41.9,42.2,103416
2018-05-21,41.9,41.9,42.45,41.9,42.2,103416
2018-05-22,41.9,41.9,42.45,41.9,42.2,103416
2018-05-23,41.9,41.9,42.45,41.9,42.2,103416
2018-05-24,41.9,41.9,42.45,41.9,42.2,103416
2018-05-25,41.9,41.9,42.45,41.9,42.2,103416
2018-05-28,41.9,41.9,42.45,41.9,42.2,103416
2018-05-29,41.9,41.9,42.45,41.9,42.2,103416
2018-05-30,41.9,41.9,42.45,41.9,42.2,103416
2018-05-31,41.9,41.9,42.45,41.9,42.2,103416
2018-06-01,41.9,41.9,42.45,41.9,42.2,103416
2018-06-04,41.9,41.9,42.45,41.9,42.2,103416
2018-06-05,41.9,41.9,42.45,41.9,42.2,103416
2018-06-06,41.9,41.9,42.45,41.9,42.2,103416
2018-06-07,41.9,41.9,42.45,41.9,42.2,103416
2018-06-08,41.9,41.9,42.45,41.9,42.2,103416
2018-06-11,41.9,41.9,42.45,41.9,42.2,103416
2018-06-12,41.9,41.9,42.45,41.9,42.2,103416
2018-06-13,41.9,41.9,42.45,41.9,42.2,103416
2018-06-14,41.9,41.9,42.45,41.9,42.2,103416
2018-06-15,41.9,41.9,42.45,41.9,42.2,103416
2018-06-19,41.9,41.9,42.45,41.9,42.2,103416
2018-06-20,41.9,41.9,42.45,41.9,42.2,103416
2018-06-21,41.9,41.9,42.45,41.9,42.2,103416
2018-06-22,41.9,41.9,42.45,41.9,42.2,103416
2018-06-25,41.9,41.9,42.45,41.9,42.2,103416
2018-06-26,41.9,41.9,42.45,41.9,42.2,103416
2018-06-27,41.9,41.9,42.45,41.9,42.2,103416
2018-06-28,41.9,41.9,42.45,41.9,42.2,103416
2018-06-29,41.9,41.9,42.45,41.9,42.2,103416
2018-07-02,41.9,41.9,42.45,41.9,42.2,103416
2018-07-03,41.9,41.9,42.45,41.9,42.2,103416
2018-07-04,41.9,41.9,42.45,41.9,42.2,103416
2018-07-05,41.9,41.9,42.45,41.9,42.2,103416
2018-07-06,41.9,41.9,42.45,41.9,42.2,103416
2018-07-09,41.9,41.9,42.45,41.9,42.2,103416
2018-07-10,41.9,41.9,42.45,41.9,42.2,103416
2018-07-11,41.9,41.9,42.45,41.9,42.2,103416
2018-07-12,41.9,41.9,42.45,41.9,42.2,103416
2018-07-13,41.9,41.9,42.45,41.9,42.2,103416
2018-07-16,41.9,41.9,42.45,41.9,42.2,103416
2018-07-17,41.9,41.9,42.45,41.9,42.2,103416
2018-07-18,41.9,41.9,42.45,41.9,42.2,103416
2018-07-19,41.9,41.9,42.45,41.9,42.2,103416
2018-07-20,41.9,41.9,42.45,41.9,42.2,103416
2018-07-23,41.9,41.9,42.45,41.9,42.2,103416
2018-07-24,41.9,41.9,42.45,41.9,42.2,103416
2018-07-25,41.9,41.9,42.45,41.9,42.2,103416
2018-07-26,41.9,41.9,42.45,41.9,42.2,103416
2018-07-27,41.9,41.9,42.45,41.9,42.2,103416
2018-07-30,41.9,41.9,42.45,41.9,42.2,103416
2018-07-31,41.9,41.9,42.45,41.9,42.2,103416
2018-08-01,41.9,41.9,42.45,41.9,42.2,103416
2018-08-02,41.9,41.9,42.45,41.9,42.2,103416
2018-08-03,41.9,41.9,42.45,41.9,42.2,103416
2018-08-06,41.9,41.9,42.45,41.9,42.2,103416
2018-08-07,41.9,41.9,42.45,41.9,42.2,103416
2018-08-08,41.9,41.9,42.45,41.9,42.2,103416
2018-08-09,41.9,41.9,42.45,41.9,42.2,103416
2018-08-10,41.9,41.9,42.45,41.9,42.2,103416
2018-08-13,41.9,41.9,42.45,41.9,42.2,103416
2018-08-14,41.9,41.9,42.45,41.9,42.2,103416
2018-08-15,41.9,41.9,42.45,41.9,42.2,103416
2018-08-16,41.9,41.9,42.45,41.9,42.2,103416
2018-08-17,41.9,41.9,42.45,41.9,42.2,103416
2018-08-20,41.9,41.9,42.45,41.9,42.2,103416
2018-08-21,41.9,41.9,42.45,41.9,42.2,103416
2018-08-22,41.9,41.9,42.45,41.9,42.2,103416
2018-08-23,41.9,41.9,42.45,41.9,42.2,103416
2018-08-24,41.9,41.9,42.45,41.9,42.2,103416
2018-08-27,41.9,41.9,42.45,41.9,42.2,103416
2018-08-28,41.9,41.9,42.45,41.9,42.2,103416
2018-08-29,41.9,41.9,42.45,41.9,42.2,103416
2018-08-30,41.9,41.9,42.45,41.9,42.2,103416
2018-08-31,41.9,41.9,42.45,41.9,42.2,103416
2018-09-03,41.9,41.9,42.45,41.9,42.2,103416
2018-09-04,41.9,41.9,42.45,41.9,42.2,103416
2018-09-05,41.9,41.9,42.45,41.9,42.2,103416
2018-09-06,41.9,41.9,42.45,41.9,42.2,103416
2018-09-07,41.9,41.9,42.45,41.9,42.2,103416
2018-09-10,41.9,41.9,42.45,41.9,42.2,103416
2018-09-11,41.9,41.9,42.45,41.9,42.2,103416
2018-09-12,41.9,41.9,42.45,41.9,42.2,103416
2018-09-13,41.9,41.9,42.45,41.9,42.2,103416
2018-09-14,41.9,41.9,42.45,41.9,42.2,103416
2018-09-17,41.9,41.9,42.45,41.9,42.2,103416
2018-09-18,41.9,41.9,42.45,41.9,42.2,103416
2018-09-19,41.9,41.9,42.45,41.9,42.2,103416
2018-09-20,41.9,41.9,42.45,41.9,42.2,103416
2018-09-21,41.9,41.9,42.45,41.9,42.2,103416
2018-09-25,41.9,41.9,42.45,41.9,42.2,103416
2018-09-26,41.9,41.9,42.45,41.9,42.2,103416
2018-09-27,41.9,41.9,42.45,41.9,42.2,103416
2018-09-28,41.9,41.9,42.45,41.9,42.2,103416
2018-10-01,41.9,41.9,42.45,41.9,42.2,103416
2018-10-02,41.9,41.9,42.45,41.9,42.2,103416
2018-10-03,41.9,41.9,42.45,41.9,42.2,103416
2018-10-04,41.9,41.9,42.45,41.9,42.2,103416
2018-10-05,41.9,41.9,42.45,41.9,42.2,103416
2018-10-08,41.9,41.9,42.45,41.9,42.2,103416
2018-10-09,41.9,41.9,42.45,41.9,42.2,103416
2018-10-11,41.9,41.9,42.45,41.9,42.2,103416
2018-10-12,41.9,41.9,42.45,41.9,42.2,103416
2018-10-15,41.9,41.9,42.45,41.9,42.2,103416
2018-10-16,41.9,41.9,42.45,41.9,42.2,103416
2018-10-17,41.9,41.9,42.45,41.9,42.2,103416
2018-10-18,41.9,41.9,42.45,41.9,42.2,103416
2018-10-19,41.9,41.9,42.45,41.9,42.2,103416
2018-10-22,41.9,41.9,42.45,41.9,42.2,103416
2018-10-23,41.9,41.9,42.45,41.9,42.2,103416
2018-10-24,41.9,41.9,42.45,41.9,42.2,103416
2018-10-25,41.9,41.9,42.45,41.9,42.2,103416
2018-10-26,41.9,41.9,42.45,41.9,42.2,103416
2018-10-29,41.9,41.9,42.45,41.9,42.2,103416
2018-10-30,41.9,41.9,42.45,41.9,42.2,103416
2018-10-31,41.9,41.9,42.45,41.9,42.2,103416
2018-11-01,41.9,41.9,42.45,41.9,42.2,103416
2018-11-02,41.9,41.9,42.45,41.9,42.2,103416
2018-11-05,41.9,41.9,42.45,41.9,42.2,103416
2018-11-06,41.9,41.9,42.45,41.9,42.2,103416
2018-11-07,41.9,41.9,42.45,41.9,42.2,103416
2018-11-08,41.9,41.9,42.45,41.9,42.2,103416
2018-11-09,41.9,41.9,42.45,41.9,42.2,103416
2018-11-12,41.9,41.9,42.45,41.9,42.2,103416
2018-11-13,41.9,41.9,42.45,41.9,42.2,103416
2018-11-14,41.9,41.9,42.45,41.9,42.2,103416
2018-11-15,41.9,41.9,42.45,41.9,42.2,103416
2018-11-16,41.9,41.9,42.45,41.9,42.2,103416
2018-11-19,41.9,41.9,42.45,41.9,42.2,103416
2018-11-20,41.9,41.9,42.45,41.9,42.2,103416
2018-11-21,41.9,41.9,42.45,41.9,42.2,103416
2018-11-22,41.9,41.9,42.45,41.9,42.2,103416
2018-11-23,41.9,41.9,42.45,41.9,42.2,103416
2018-11-26,41.9,41.9,42.45,41.9,42.2,103416
2018-11-27,41.9,41.9,42.45,41.9,42.2,103416
2018-11-28,41.9,41.9,42.45,41.9,42.2,103416
2018-11-29,41.9,41.9,42.45,41.9,42.2,103416
2018-11-30,41.9,41.9,42.45,41.9,42.2,103416
2018-12-03,41.9,41.9,42.45,41.9,42.2,103416
2018-12-04,41.9,41.9,42.45,41.9,42.2,103416
2018-12-05,41.9,41.9,42.45,41.9,42.2,103416
2018-12-06,41.9,41.9,42.45,41.9,42.2,103416
2018-12-07,41.9,41.9,42.45,41.9,42.2,103416
2018-12-10,41.9,41.9,42.45,41.9,42.2,103416
2018-12-11,41.9,41.9,42.45,41.9,42.2,103416
2018-12-12,41.9,41.9,42.45,41.9,42.2,103416
2018-12-13,41.9,41.9,42.45,41.9,42.2,103416
2018-12-14,41.9,41.9,42.45,41.9,42.2,103416
2018-12-17,41.9,41.9,42.45,41.9,42.2,103416
2018-12-18,41.9,41.9,42.45,41.9,42.2,103416
2018-12-19,41.9,41.9,42.45,41.9,42.2,103416
2018-12-20,41.9,41.9,42.45,41.9,42.2,103416
2018-12-21,41.9,41.9,42.45,41.9,42.2,103416
2018-12-24,41.9,41.9,42.45,41.9,42.2,103416
2018-12-25,41.9,41.9,42.45,41.9,42.2,103416
2018-12-26,41.9,41.9,42.45,41.9,42.2,103416
2018-12-27,41.9,41.9,42.45,41.9,42.2,103416
2018-12-28,41.9,41.9,42.45,41.9,42.2,103416
2019-01-02,41.9,41.9,42.45,41.9,42.2,103416
2019-01-03,41.9,41.9,42.45,41.9,42.2,103416
2019-01-04,41.9,41.9,42.45,41.9,42.2,103416
2019-01-07,41.9,41.9,42.45,41.9,42.2,103416
2019-01-08,41.9,41.9,42.45,41.9,42.2,103416
2019-01-09,41.9,41.9,42.45,41.9,42.2,103416
2019-01-10,41.9,41.9,42.45,41.9,42.2,103416
2019-01-11,41.9,41.9,42.45,41.9,42.2,103416
2019-01-14,41.9,41.9,42.45,41.9,42.2,103416
2019-01-15,41.9,41.9,42.45,41.9,42.2,103416
2019-01-16,41.9,41.9,42.45,41.9,42.2,103416
2019-01-17,41.9,41.9,42.45,41.9,42.2,103416
2019-01-18,41.9,41.9,42.45,41.9,42.2,103416
2019-01-21,41.9,41.9,42.45,41.9,42.2,103416
2019-01-22,41.9,41.9,42.45,41.9,42.2,103416
2019-01-23,41.9,41.9,42.45,41.9,42.2,103416
2019-01-24,41.9,41.9,42.45,41.9,42.2,103416
2019-01-25,41.9,41.9,42.45,41.9,42.2,103416
2019-01-28,41.9,41.9,42.45,41.9,42.2,103416
2019-01-29,41.9,41.9,42.45,41.9,42.2,103416
2019-01-30,41.9,41.9,42.45,41.9,42.2,103416
2019-02-11,41.9,41.9,42.45,41.9,42.2,103416
2019-02-12,41.9,41.9,42.45,41.9,42.2,103416
2019-02-13,41.9,41.9,42.45,41.9,42.2,103416
2019-02-14,41.9,41.9,42.45,41.9,42.2,103416
2019-02-15,41.9,41.9,42.45,41.9,42.2,103416
2019-02-18,41.9,41.9,42.45,41.9,42.2,103416
2019-02-19,41.9,41.9,42.45,41.9,42.2,103416
2019-02-20,41.9,41.9,42.45,41.9,42.2,103416
2019-02-21,41.9,41.9,42.45,41.9,42.2,103416
2019-02-22,41.9,41.9,42.45,41.9,42.2,103416
2019-02-25,41.9,41.9,42.45,41.9,42.2,103416
2019-02-26,41.9,41.9,42.45,41.9,42.2,103416
2019-02-27,41.9,41.9,42.45,41.9,42.2,103416
2019-03-04,41.9,41.9,42.45,41.9,42.2,103416
2019-03-05,41.9,41.9,42.45,41.9,42.2,103416
2019-03-06,41.9,41.9,42.45,41.9,42.2,103416
2019-03-07,41.9,41.9,42.45,41.9,42.2,103416
2019-03-08,41.9,41.9,42.45,41.9,42.2,103416
2019-03-11,41.9,41.9,42.45,41.9,42.2,103416
2019-03-12,41.9,41.9,42.45,41.9,42.2,103416
2019-03-13,41.9,41.9,42.45,41.9,42.2,103416
2019-03-14,41.9,41.9,42.45,41.9,42.2,103416
2019-03-15,41.9,41.9,42.45,41.9,42.2,103416
2019-03-18,41.9,41.9,42.45,41.9,42.2,103416
2019-03-19,41.9,41.9,42.45,41.9,42.2,103416
2019-03-20,41.9,41.9,42.45,41.9,42.2,103416
2019-03-21,41.9,41.9,42.45,41.9,42.2,103416
2019-03-22,41.9,41.9,42.45,41.9,42.2,103416
2019-03-25,41.9,41.9,42.45,41.9,42.2,103416
2019-03-26,41.9,41.9,42.45,41.9,42.2,103416
2019-03-27,41.9,41.9,42.45,41.9,42.2,103416
2019-03-28,41.9,41.9,42.45,41.9,42.2,103416
2019-03-29,41.9,41.9,42.45,41.9,42.2,103416
2019-04-01,41.9,41.9,42.45,41.9,42.2,103416
2019-04-02,41.9,41.9,42.45,41.9,42.2,103416
2019-04-03,41.9,41.9,42.45,41.9,42.2,103416
2019-04-08,41.9,41.9,42.45,41.9,42.2,103416
2019-04-09,41.9,41.9,42.45,41.9,42.2,103416
2019-04-10,41.9,41.9,42.45,41.9,42.2,103416
2019-04-11,41.9,41.9,42.45,41.9,42.2,103416
2019-04-12,41.9,41.9,42.45,41.9,42.2,103416
2019-04-15,41.9,41.9,42.45,41.9,42.2,103416
2019-04-16,41.9,41.9,42.45,41.9,42.2,103416
2019-04-17,41.9,41.9,42.45,41.9,42.2,103416
2019-04-18,41.9,41.9,42.45,41.9,42.2,103416
2019-04-19,41.9,41.9,42.45,41.9,42.2,103416
2019-04-22,41.9,41.9,42.45,41.9,42.2,103416
2019-04-23,41.9,41.9,42.45,41.9,42.2,103416
2019-04-24,41.9,41.9,42.45,41.9,42.2,103416
2019-04-25,41.9,41.9,42.45,41.9,42.2,103416
2019-04-26,41.9,41.9,42.45,41.9,42.2,103416
2019-04-29,41.9,41.9,42.45,41.9,42.2,103416
2019-04-30,41.9,41.9,42.45,41.9,42.2,103416
2019-05-02,41.9,41.9,42.45,41.9,42.2,103416
2019-05-03,41.9,41.9,42.45,41.9,42.2,103416
2019-05-06,41.9,41.9,42.45,41.9,42.2,103416
2019-05-07,41.9,41.9,42.45,41.9,42.2,103416
2019-05-08,41.9,41.9,42.45,41.9,42.2,103416
2019-05-09,41.9,41.9,42.45,41.9,42.2,103416
2019-05-10,41.9,41.9,42.45,41.9,42.2,103416
2019-05-13,41.9,41.9,42.45,41.9,42.2,103416
2019-05-14,41.9,41.9,42.45,41.9,42.2,103416
2019-05-15,41.9,41.9,42.45,41.9,42.2,103416
2019-05-16,41.9,41.9,42.45,41.9,42.2,103416
2019-05-17,41.9,41.9,42.45,41.9,42.2,103416
2019-05-20,41.9,41.9,42.45,41.9,42.2,103416
2019-05-21,41.9,41.9,42.45,41.9,42.2,103416
2019-05-22,41.9,41.9,42.45,41.9,42.2,103416
2019-05-23,41.9,41.9,42.45,41.9,42.2,103416
2019-05-24,41.9,41.9,42.45,41.9,42.2,103416
2019-05-27,41.9,41.9,42.45,41.9,42.2,103416
2019-05-28,41.9,41.9,42.45,41.9,42.2,103416
2019-05-29,41.9,41.9,42.45,41.9,42.2,103416
2019-05-30,41.9,41.9,42.45,41.9,42.2,103416
2019-05-31,41.9,41.9,42.45,41.9,42.2,103416
2019-06-03,41.9,41.9,42.45,41.9,42.2,103416
2019-06-04,41.9,41.9,42.45,41.9,42.2,103416
2019-06-05,41.9,41.9,42.45,41.9,42.2,103416
2019-06-06,41.9,41.9,42.45,41.9,42.2,103416
2019-06-10,41.9,41.9,42.45,41.9,42.2,103416
2019-06-11,41.9,41.9,42.45,41.9,42.2,103416
2019-06-12,41.9,41.9,42.45,41.9,42.2,103416
2019-06-13,41.9,41.9,42.45,41.9,42.2,103416
2019-06-14,41.9,41.9,42.45,41.9,42.2,103416
2019-06-17,41.9,41.9,42.45,41.9,42.2,103416
2019-06-18,41.9,41.9,42.45,41.9,42.2,103416
2019-06-19,41.9,41.9,42.45,41.9,42.2,103416
2019-06-20,41.9,41.9,42.45,41.9,42.2,103416
2019-06-21,41.9,41.9,42.45,41.9,42.2,103416
2019-06-24,41.9,41.9,42.45,41.9,42.2,103416
2019-06-25,41.9,41.9,42.45,41.9,42.2,103416
2019-06-26,41.9,41.9,42.45,41.9,42.2,103416
2019-06-27,41.9,41.9,42.45,41.9,42.2,103416
2019-06-28,41.9,41.9,42.45,41.9,42.2,103416
2019-07-01,41.9,41.9,42.45,41.9,42.2,103416
2019-07-02,41.9,41.9,42.45,41.9,42.2,103416
2019-07-03,41.9,41.9,42.45,41.9,42.2,103416
2019-07-04,41.9,41.9,42.45,41.9,42.2,103416
2019-07-05,41.9,41.9,42.45,41.9,42.2,103416
2019-07-08,41.9,41.9,42.45,41.9,42.2,103416
2019-07-09,41.9,41.9,42.45,41.9,42.2,103416
2019-07-10,41.9,41.9,42.45,41.9,42.2,103416
2019-07-11,41.9,41.9,42.45,41.9,42.2,103416
2019-07-12,41.9,41.9,42.45,41.9,42.2,103416
2019-07-15,41.9,41.9,42.45,41.9,42.2,103416
2019-07-16,41.9,41.9,42.45,41.9,42.2,103416
2019-07-17,41.9,41.9,42.45,41.9,42.2,103416
2019-07-18,41.9,41.9,42.45,41.9,42.2,103416
2019-07-19,41.9,41.9,42.45,41.9,42.2,103416
2019-07-22,41.9,41.9,42.45,41.9,42.2,103416
2019-07-23,41.9,41.9,42.45,41.9,42.2,103416
2019-07-24,41.9,41.9,42.45,41.9,42.2,103416
2019-07-25,41.9,41.9,42.45,41.9,42.2,103416
2019-07-26,41.9,41.9,42.45,41.9,42.2,103416
2019-07-29,41.9,41.9,42.45,41.9,42.2,103416
2019-07-30,41.9,41.9,42.45,41.9,42.2,103416
2019-07-31,41.9,41.9,42.45,41.9,42.2,103416
2019-08-01,41.9,41.9,42.45,41.9,42.2,103416
2019-08-02,41.9,41.9,42.45,41.9,42.2,103416
2019-08-05,41.9,41.9,42.45,41.9,42.2,103416
2019-08-06,41.9,41.9,42.45,41.9,42.2,103416
2019-08-07,41.9,41.9,42.45,41.9,42.2,103416
2019-08-08,41.9,41.9,42.45,41.9,42.2,103416
2019-08-12,41.9,41.9,42.45,41.9,42.2,103416
2019-08-13,41.9,41.9,42.45,41.9,42.2,103416
2019-08-14,41.9,41.9,42.45,41.9,42.2,103416
2019-08-15,41.9,41.9,42.45,41.9,42.2,103416
2019-08-16,41.9,41.9,42.45,41.9,42.2,103416
2019-08-19,41.9,41.9,42.45,41.9,42.2,103416
2019-08-20,41.9,41.9,42.45,41.9,42.2,103416
2019-08-21,41.9,41.9,42.45,41.9,42.2,103416
2019-08-22,41.9,41.9,42.45,41.9,42.2,103416
2019-08-23,41.9,41.9,42.45,41.9,42.2,103416
2019-08-26,41.9,41.9,42.45,41.9,42.2,103416
2019-08-27,41.9,41.9,42.45,41.9,42.2,103416
2019-08-28,41.9,41.9,42.45,41.9,42.2,103416
2019-08-29,41.9,41.9,42.45,41.9,42.2,103416
2019-08-30,41.9,41.9,42.45,41.9,42.2,103416
2019-09-02,41.9,41.9,42.45,41.9,42.2,103416
2019-09-03,41.9,41.9,42.45,41.9,42.2,103416
2019-09-04,41.9,41.9,42.45,41.9,42.2,103416
2019-09-05,41.9,41.9,42.45,41.9,42.2,103416
2019-09-06,41.9,41.9,42.45,41.9,42.2,103416
2019-09-09,41.9,41.9,42.45,41.9,42.2,103416
2019-09-10,41.9,41.9,42.45,41.9,42.2,103416
2019-09-11,41.9,41.9,42.45,41.9,42.2,103416
2019-09-12,41.9,41.9,42.45,41.9,42.2,103416
2019-09-16,41.9,41.9,42.45,41.9,42.2,103416
2019-09-17,41.9,41.9,42.45,41.9,42.2,103416
2019-09-18,41.9,41.9,42.45,41.9,42.2,103416
2019-09-19,41.9,41.9,42.45,41.9,42.2,103416
2019-09-20,41.9,41.9,42.45,41.9,42.2,103416
2019-09-23,41.9,41.9,42.45,41.9,42.2,103416
2019-09-24,41.9,41.9,42.45,41.9,42.2,103416
2019-09-25,41.9,41.9,42.45,41.9,42.2,103416
2019-09-26,41.9,41.9,42.45,41.9,42.2,103416
2019-09-27,41.9,41.9,42.45,41.9,42.2,103416
2019-10-01,41.9,41.9,42.45,41.9,42.2,103416
2019-10-02,41.9,41.9,42.45,41.9,42.2,103416
2019-10-03,41.9,41.9,42.45,41.9,42.2,103416
2019-10-04,41.9,41.9,42.45,41.9,42.2,103416
2019-10-07,41.9,41.9,42.45,41.9,42.2,103416
2019-10-08,41.9,41.9,42.45,41.9,42.2,103416
2019-10-09,41.9,41.9,42.45,41.9,42.2,103416
2019-10-14,41.9,41.9,42.45,41.9,42.2,103416
2019-10-15,41.9,41.9,42.45,41.9,42.2,103416
2019-10-16,41.9,41.9,42.45,41.9,42.2,103416
2019-10-17,41.9,41.9,42.45,41.9,42.2,103416
2019-10-18,41.9,41.9,42.45,41.9,42.2,103416
2019-10-21,41.9,41.9,42.45,41.9,42.2,103416
2019-10-22,41.9,41.9,42.45,41.9,42.2,103416
2019-10-23,41.9,41.9,42.45,41.9,42.2,103416
2019-10-24,41.9,41.9,42.45,41.9,42.2,103416
2019-10-25,41.9,41.9,42.45,41.9,42.2,103416
2019-10-28,41.9,41.9,42.45,41.9,42.2,103416
2019-10-29,41.9,41.9,42.45,41.9,42.2,103416
2019-10-30,41.9,41.9,42.45,41.9,42.2,103416
2019-10-31,41.9,41.9,42.45,41.9,42.2,103416
2019-11-01,41.9,41.9,42.45,41.9,42.2,103416
2019-11-04,41.9,41.9,42.45,41.9,42.2,103416
2019-11-05,41.9,41.9,42.45,41.9,42.2,103416
2019-11-06,41.9,41.9,42.45,41.9,42.2,103416
2019-11-07,41.9,41.9,42.45,41.9,42.2,103416
2019-11-08,41.9,41.9,42.45,41.9,42.2,103416
2019-11-11,41.9,41.9,42.45,41.9,42.2,103416
2019-11-12,41.9,41.9,42.45,41.9,42.2,103416
2019-11-13,41.9,41.9,42.45,41.9,42.2,103416
2019-11-14,41.9,41.9,42.45,41.9,42.2,103416
2019-11-20,41.9,41.9,42.45,41.9,42.2,103416
2019-11-21,41.9,41.9,42.45,41.9,42.2,103416
2019-11-22,41.9,41.9,42.45,41.9,42.2,103416
2019-11-25,41.9,41.9,42.45,41.9,42.2,103416
2019-11-26,41.9,41.9,42.45,41.9,42.2,103416
2019-11-27,41.9,41.9,42.45,41.9,42.2,103416
2019-11-28,41.9,41.9,42.45,41.9,42.2,103416
2019-11-29,41.9,41.9,42.45,41.9,42.2,103416
2019-12-02,41.9,41.9,42.45,41.9,42.2,103416
2019-12-03,41.9,41.9,42.45,41.9,42.2,103416
2019-12-04,41.9,41.9,42.45,41.9,42.2,103416
2019-12-05,41.9,41.9,42.45,41.9,42.2,103416
2019-12-06,41.9,41.9,42.45,41.9,42.2,103416
2019-12-09,41.9,41.9,42.45,41.9,42.2,103416
2019-12-10,41.9,41.9,42.45,41.9,42.2,103416
2019-12-11,41.9,41.9,42.45,41.9,42.2,103416
2019-12-12,41.9,41.9,42.45,41.9,42.2,103416
2019-12-13,41.9,41.9,42.45,41.9,42.2,103416
2019-12-16,41.9,41.9,42.45,41.9,42.2,103416
2019-12-17,41.9,41.9,42.45,41.9,42.2,103416
2019-12-18,41.9,41.9,42.45,41.9,42.2,103416
2019-12-19,41.9,41.9,42.45,41.9,42.2,103416
2019-12-20,41.9,41.9,42.45,41.9,42.2,103416
2019-12-23,41.9,41.9,42.45,41.9,42.2,103416
2019-12-24,41.9,41.9,42.45,41.9,42.2,103416
2019-12-25,41.9,41.9,42.45,41.9,42.2,103416
2019-12-26,41.9,41.9,42.45,41.9,42.2,103416
2019-12-27,41.9,41.9,42.45,41.9,42.2,103416
2019-12-30,41.9,41.9,42.45,41.9,42.2,103416
2019-12-31,41.9,41.9,42.45,41.9,42.2,103416
2020-01-02,41.9,41.9,42.45,41.9,42.2,103416
2020-01-03,41.9,41.9,42.45,41.9,42.2,103416
2020-01-06,41.9,41.9,42.45,41.9,42.2,103416
2020-01-07,41.9,41.9,42.45,41.9,42.2,103416
2020-01-08,41.9,41.9,42.45,41.9,42.2,103416
2020-01-09,41.9,41.9,42.45,41.9,42.2,103416
2020-01-10,41.9,41.9,42.45,41.9,42.2,103416
2020-01-13,41.9,41.9,42.45,41.9,42.2,103416
2020-01-14,41.9,41.9,42.45,41.9,42.2,103416
2020-01-15,41.9,41.9,42.45,41.9,42.2,103416
2020-01-16,41.9,41.9,42.45,41.9,42.2,103416
2020-01-17,41.9,41.9,42.45,41.9,42.2,103416
2020-01-20,41.9,41.9,42.45,41.9,42.2,103416
2020-01-30,41.9,41.9,42.45,41.9,42.2,103416
2020-01-31,41.9,41.9,42.45,41.9,42.2,103416
2020-02-03,41.9,41.9,42.45,41.9,42.2,103416
2020-02-04,41.9,41.9,42.45,41.9,42.2,103416
2020-02-05,41.9,41.9,42.45,41.9,42.2,103416
2020-02-06,41.9,41.9,42.45,41.9,42.2,103416
2020-02-07,41.9,41.9,42.45,41.9,42.2,103416
2020-02-10,41.9,41.9,42.45,41.9,42.2,103416
2020-02-11,41.9,41.9,42.45,41.9,42.2,103416
2020-02-12,41.9,41.9,42.45,41.9,42.2,103416
2020-02-13,41.9,41.9,42.45,41.9,42.2,103416
2020-02-14,41.9,41.9,42.45,41.9,42.2,103416
2020-02-17,41.9,41.9,42.45,41.9,42.2,103416
2020-02-18,41.9,41.9,42.45,41.9,42.2,103416
2020-02-19,41.9,41.9,42.45,41.9,42.2,103416
2020-02-20,41.9,41.9,42.45,41.9,42.2,103416
2020-02-21,41.9,41.9,42.45,41.9,42.2,103416
2020-02-24,41.9,41.9,42.45,41.9,42.2,103416
2020-02-25,41.9,41.9,42.45,41.9,42.2,103416
2020-02-26,41.9,41.9,42.45,41.9,42.2,103416
2020-02-27,41.9,41.9,42.45,41.9,42.2,103416
2020-03-02,41.9,41.9,42.45,41.9,42.2,103416
2020-03-03,41.9,41.9,42.45,41.9,42.2,103416
2020-03-04,41.9,41.9,42.45,41.9,42.2,103416
2020-03-05,41.9,41.9,42.45,41.9,42.2,103416
2020-03-06,41.9,41.9,42.45,41.9,42.2,103416
2020-03-09,41.9,41.9,42.45,41.9,42.2,103416
2020-03-10,41.9,41.9,42.45,41.9,42.2,103416
2020-03-11,41.9,41.9,42.45,41.9,42.2,103416
2020-03-12,41.9,41.9,42.45,41.9,42.2,103416
2020-03-13,41.9,41.9,42.45,41.9,42.2,103416
2020-03-16,41.9,41.9,42.45,41.9,42.2,103416
2020-03-17,41.9,41.9,42.45,41.9,42.2,103416
2020-03-18,41.9,41.9,42.45,41.9,42.2,103416
2020-03-19,41.9,41.9,42.45,41.9,42.2,103416
2020-03-20,41.9,41.9,42.45,41.9,42.2,103416
2020-03-23,41.9,41.9,42.45,41.9,42.2,103416
2020-03-24,41.9,41.9,42.45,41.9,42.2,103416
2020-03-25,41.9,41.9,42.45,41.9,42.2,103416
2020-03-26,41.9,41.9,42.45,41.9,42.2,103416
2020-03-27,41.9,41.9,42.45,41.9,42.2,103416
2020-03-30,41.9,41.9,42.45,41.9,42.2,103416
2020-03-31,41.9,41.9,42.45,41.9,42.2,103416
2020-04-01,41.9,41.9,42.45,41.9,42.2,103416
2020-04-07,41.9,41.9,42.45,41.9,42.2,103416
2020-04-08,41.9,41.9,42.45,41.9,42.2,103416
2020-04-09,41.9,41.9,42.45,41.9,42.2,103416
2020-04-10,41.9,41.9,42.45,41.9,42.2,103416
2020-04-13,41.9,41.9,42.45,41.9,42.2,103416
2020-04-14,41.9,41.9,42.45,41.9,42.2,103416
2020-04-15,41.9,41.9,42.45,41.9,42.2,103416
2020-04-16,41.9,41.9,42.45,41.9,42.2,103416
2020-04-17,41.9,41.9,42.45,41.9,42.2,103416
2020-04-20,41.9,41.9,42.45,41.9,42.2,103416
2020-04-21,41.9,41.9,42.45,41.9,42.2,103416
2020-04-22,41.9,41.9,42.45,41.9,42.2,103416
2020-04-23,41.9,41.9,42.45,41.9,42.2,103416
2020-04-24,41.9,41.9,42.45,41.9,42.2,103416
2020-04-27,41.9,41.9,42.45,41.9,42.2,103416
2020-04-28,41.9,41.9,42.45,41.9,42.2,103416
2020-04-29,41.9,41.9,42.45,41.9,42.2,103416
2020-05-04,41.9,41.9,42.45,41.9,42.2,103416
2020-05-05,41.9,41.9,42.45,41.9,42.2,103416
2020-05-06,41.9,41.9,42.45,41.9,42.2,103416
2020-05-07,41.9,41.9,42.45,41.9,42.2,103416
2020-05-08,41.9,41.9,42.45,41.9,42.2,103416
2020-05-11,41.9,41.9,42.45,41.9,42.2,103416
2020-05-12,41.9,41.9,42.45,41.9,42.2,103416
2020-05-13,41.9,41.9,42.45,41.9,42.2,103416
2020-05-14,41.9,41.9,42.45,41.9,42.2,103416
2020-05-15,41.9,41.9,42.45,41.9,42.2,103416
2020-05-18,41.9,41.9,42.45,41.9,42.2,103416
2020-05-19,41.9,41.9,42.45,41.9,42.2,103416
2020-05-20,41.9,41.9,42.45,41.9,42.2,103416
2020-05-21,41.9,41.9,42.45,41.9,42.2,103416
2020-05-22,41.9,41.9,42.45,41.9,42.2,103416
2020-05-25,41.9,41.9,42.45,41.9,42.2,103416
2020-05-26,41.9,41.9,42.45,41.9,42.2,103416
2020-05-27,41.9,41.9,42.45,41.9,42.2,103416
2020-05-28,41.9,41.9,42.45,41.9,42.2,103416
2020-05-29,41.9,41.9,42.45,41.9,42.2,103416
2020-06-01,41.9,41.9,42.45,41.9,42.2,103416
2020-06-02,41.9,41.9,42.45,41.9,42.2,103416
2020-06-03,41.9,41.9,42.45,41.9,42.2,103416
2020-06-04,41.9,41.9,42.45,41.9,42.2,103416
2020-06-05,41.9,41.9,42.45,41.9,42.2,103416
2020-06-08,41.9,41.9,42.45,41.9,42.2,103416
2020-06-09,41.9,41.9,42.45,41.9,42.2,103416
2020-06-10,41.9,41.9,42.45,41.9,42.2,103416
2020-06-11,41.9,41.9,42.45,41.9,42.2,103416
2020-06-12,41.9,41.9,42.45,41.9,42.2,103416
2020-06-15,41.9,41.9,42.45,41.9,42.2,103416
2020-06-16,41.9,41.9,42.45,41.9,42.2,103416
2020-06-17,41.9,41.9,42.45,41.9,42.2,103416
2020-06-18,41.9,41.9,42.45,41.9,42.2,103416
2020-06-19,41.9,41.9,42.45,41.9,42.2,103416
2020-06-22,41.9,41.9,42.45,41.9,42.2,103416
2020-06-23,41.9,41.9,42.45,41.9,42.2,103416
2020-06-24,41.9,41.9,42.45,41.9,42.2,103416
2020-06-29,41.9,41.9,42.45,41.9,42.2,103416
2020-06-30,41.9,41.9,42.45,41.9,42.2,103416
2020-07-01,41.9,41.9,42.45,41.9,42.2,103416
2020-07-02,41.9,41.9,42.45,41.9,42.2,103416
2020-07-03,41.9,41.9,42.45,41.9,42.2,103416
2020-07-06,41.9,41.9,42.45,41.9,42.2,103416
2020-07-07,41.9,41.9,42.45,41.9,42.2,103416
2020-07-08,41.9,41.9,42.45,41.9,42.2,103416
2020-07-09,41.9,41.9,42.45,41.9,42.2,103416
2020-07-10,41.9,41.9,42.45,41.9,42.2,103416
2020-07-13,41.9,41.9,42.45,41.9,42.2,103416
2020-07-14,41.9,41.9,42.45,41.9,42.2,103416
2020-07-15,41.9,41.9,42.45,41.9,42.2,103416
2020-07-16,41.9,41.9,42.45,41.9,42.2,103416
2020-07-17,41.9,41.9,42.45,41.9,42.2,103416
2020-07-20,41.9,41.9,42.45,41.9,42.2,103416
2020-07-21,41.9,41.9,42.45,41.9,42.2,103416
2020-07-22,41.9,41.9,42.45,41.9,42.2,103416
2020-07-23,41.9,41.9,42.45,41.9,42.2,103416
2020-07-24,41.9,41.9,42.45,41.9,42.2,103416
2020-07-27,41.9,41.9,42.45,41.9,42.2,103416
2020-07-28,41.9,41.9,42.45,41.9,42.2,103416
2020-07-29,41.9,41.9,42.45,41.9,42.2,103416
2020-07-30,41.9,41.9,42.45,41.9,42.2,103416
2020-07-31,41.9,41.9,42.45,41.9,42.2,103416
2020-08-03,41.9,41.9,42.45,41.9,42.2,103416
2020-08-04,41.9,41.9,42.45,41.9,42.2,103416
2020-08-05,41.9,41.9,42.45,41.9,42.2,103416
2020-08-06,41.9,41.9,42.45,41.9,42.2,103416
2020-08-07,41.9,41.9,42.45,41.9,42.2,103416
2020-08-10,41.9,41.9,42.45,41.9,42.2,103416
2020-08-11,41.9,41.9,42.45,41.9,42.2,103416
2020-08-12,41.9,41.9,42.45,41.9,42.2,103416
2020-08-13,41.9,41.9,42.45,41.9,42.2,103416
2020-08-14,41.9,41.9,42.45,41.9,42.2,103416
2020-08-17,41.9,41.9,42.45,41.9,42.2,103416
2020-08-18,41.9,41.9,42.45,41.9,42.2,103416
2020-08-19,41.9,41.9,42.45,41.9,42.2,103416
2020-08-20,41.9,41.9,42.45,41.9,42.2,103416
2020-08-21,41.9,41.9,42.45,41.9,42.2,103416
2020-08-24,41.9,41.9,42.45,41.9,42.2,103416
2020-08-25,41.9,41.9,42.45,41.9,42.2,103416
2020-08-26,41.9,41.9,42.45,41.9,42.2,103416
2020-08-27,41.9,41.9,42.45,41.9,42.2,103416
2020-08-28,41.9,41.9,42.45,41.9,42.2,103416
2020-08-31,41.9,41.9,42.45,41.9,42.2,103416
2020-09-01,41.9,41.9,42.45,41.9,42.2,103416
2020-09-02,41.9,41.9,42.45,41.9,42.2,103416
2020-09-03,41.9,41.9,42.45,41.9,42.2,103416
2020-09-04,41.9,41.9,42.45,41.9,42.2,103416
2020-09-07,41.9,41.9,42.45,41.9,42.2,103416
2020-09-08,41.9,41.9,42.45,41.9,42.2,103416
2020-09-09,41.9,41.9,42.45,41.9,42.2,103416
2020-09-10,41.9,41.9,42.45,41.9,42.2,103416
2020-09-11,41.9,41.9,42.45,41.9,42.2,103416
2020-09-14,41.9,41.9,42.45,41.9,42.2,103416
2020-09-15,41.9,41.9,42.45,41.9,42.2,103416
2020-09-16,41.9,41.9,42.45,41.9,42.2,103416
2020-09-17,41.9,41.9,42.45,41.9,42.2,103416
2020-09-18,41.9,41.9,42.45,41.9,42.2,103416
2020-09-21,41.9,41.9,42.45,41.9,42.2,103416
2020-09-22,41.9,41.9,42.45,41.9,42.2,103416
2020-09-23,41.9,41.9,42.45,41.9,42.2,103416
2020-09-24,41.9,41.9,42.45,41.9,42.2,103416
2020-09-25,41.9,41.9,42.45,41.9,42.2,103416
2020-09-28,41.9,41.9,42.45,41.9,42.2,103416
2020-09-29,41.9,41.9,42.45,41.9,42.2,103416
2020-09-30,41.9,41.9,42.45,41.9,42.2,103416
2020-10-05,41.9,41.9,42.45,41.9,42.2,103416
2020-10-06,41.9,41.9,42.45,41.9,42.2,103416
2020-10-07,41.9,41.9,42.45,41.9,42.2,103416
2020-10-08,41.9,41.9,42.45,41.9,42.2,103416
2020-10-12,41.9,41.9,42.45,41.9,42.2,103416
2020-10-13,41.9,41.9,42.45,41.9,42.2,103416
2020-10-14,41.9,41.9,42.45,41.9,42.2,103416
2020-10-15,41.9,41.9,42.45,41.9,42.2,103416
2020-10-16,41.9,41.9,42.45,41.9,42.2,103416
2020-10-19,41.9,41.9,42.45,41.9,42.2,103416
2020-10-20,41.9,41.9,42.45,41.9,42.2,103416
2020-10-21,41.9,41.9,42.45,41.9,42.2,103416
2020-10-22,41.9,41.9,42.45,41.9,42.2,103416
2020-10-23,41.9,41.9,42.45,41.9,42.2,103416
2020-10-26,41.9,41.9,42.45,41.9,42.2,103416
2020-10-27,41.9,41.9,42.45,41.9,42.2,103416
2020-10-28,41.9,41.9,42.45,41.9,42.2,103416
2020-10-29,41.9,41.9,42.45,41.9,42.2,103416
2020-10-30,41.9,41.9,42.45,41.9,42.2,103416
2020-11-02,41.9,41.9,42.45,41.9,42.2,103416
2020-11-03,41.9,41.9,42.45,41.9,42.2,103416
2020-11-04,41.9,41.9,42.45,41.9,42.2,103416
2020-11-05,41.9,41.9,42.45,41.9,42.2,103416
2020-11-06,41.9,41.9,42.45,41.9,42.2,103416
2020-11-09,41.9,41.9,42.45,41.9,42.2,103416
2020-11-10,41.9,41.9,42.45,41.9,42.2,103416
2020-11-11,41.9,41.9,42.45,41.9,42.2,103416
2020-11-12,41.9,41.9,42.45,41.9,42.2,103416
2020-11-13,41.9,41.9,42.45,41.9,42.2,103416
2020-11-16,41.9,41.9,42.45,41.9,42.2,103416
2020-11-17,41.9,41.9,42.45,41.9,42.2,103416
2020-11-18,41.9,41.9,42.45,41.9,42.2,103416
2020-11-19,41.9,41.9,42.45,41.9,42.2,103416
2020-11-20,41.9,41.9,42.45,41.9,42.2,103416
2020-11-23,41.9,41.9,42.45,41.9,42.2,103416
2020-11-24,41.9,41.9,42.45,41.9,42.2,103416
2020-11-25,41.9,41.9,42.45,41.9,42.2,103416
2020-11-26,41.9,41.9,42.45,41.9,42.2,103416
2020-11-27,41.9,41.9,42.45,41.9,42.2,103416
2020-11-30,41.9,41.9,42.45,41.9,42.2,103416
2020-12-01,41.9,41.9,42.45,41.9,42.2,103416
2020-12-02,41.9,41.9,42.45,41.9,42.2,103416
2020-12-04,41.9,41.9,42.45,41.9,42.2,103416
2020-12-07,41.9,41.9,42.45,41.9,42.2,103416
2020-12-08,41.9,41.9,42.45,41.9,42.2,103416
2020-12-09,41.9,41.9,42.45,41.9,42.2,103416
2020-12-10,41.9,41.9,42.45,41.9,42.2,103416
2020-12-11,41.9,41.9,42.45,41.9,42.2,103416
2020-12-14,41.9,41.9,42.45,41.9,42.2,103416
2020-12-15,41.9,41.9,42.45,41.9,42.2,103416
2020-12-16,41.9,41.9,42.45,41.9,42.2,103416
2020-12-17,41.9,41.9,42.45,41.9,42.2,103416
2020-12-18,41.9,41.9,42.45,41.9,42.2,103416
2020-12-21,41.9,41.9,42.45,41.9,42.2,103416
2020-12-22,41.9,41.9,42.45,41.9,42.2,103416
2020-12-23,41.9,41.9,42.45,41.9,42.2,103416
2020-12-24,41.9,41.9,42.45,41.9,42.2,103416
2020-12-25,41.9,41.9,42.45,41.9,42.2,103416
2020-12-28,41.9,41.9,42.45,41.9,42.2,103416
2020-12-29,41.9,41.9,42.45,41.9,42.2,103416
2020-12-30,41.9,41.9,42.45,41.9,42.2,103416
2020-12-31,41.9,41.9,42.45,41.9,42.2,103416
2021-01-04,41.9,41.9,42.45,41.9,42.2,103416
2021-01-05,41.9,41.9,42.45,41.9,42.2,103416
2021-01-06,41.9,41.9,42.45,41.9,42.2,103416
2021-01-07,41.9,41.9,42.45,41.9,42.2,103416
2021-01-08,41.9,41.9,42.45,41.9,42.2,103416
2021-01-11,41.9,41.9,42.45,41.9,42.2,103416
2021-01-12,41.9,41.9,42.45,41.9,42.2,103416
2021-01-13,41.9,41.9,42.45,41.9,42.2,103416
2021-01-14,41.9,41.9,42.45,41.9,42.2,103416
2021-01-15,41.9,41.9,42.45,41.9,42.2,103416
2021-01-18,41.9,41.9,42.45,41.9,42.2,103416
2021-01-19,41.9,41.9,42.45,41.9,42.2,103416
2021-01-20,41.9,41.9,42.45,41.9,42.2,103416
2021-01-21,41.9,41.9,42.45,41.9,42.2,103416
2021-01-22,41.9,41.9,42.45,41.9,42.2,103416
2021-01-25,41.9,41.9,42.45,41.9,42.2,103416
2021-01-26,41.9,41.9,42.45,41.9,42.2,103416
2021-01-27,41.9,41.9,42.45,41.9,42.2,103416
2021-01-28,41.9,41.9,42.45,41.9,42.2,103416
2021-01-29,41.9,41.9,42.45,41.9,42.2,103416
2021-02-01,41.9,41.9,42.45,41.9,42.2,103416
2021-02-02,41.9,41.9,42.45,41.9,42.2,103416
2021-02-03,41.9,41.9,42.45,41.9,42.2,103416
2021-02-04,41.9,41.9,42.45,41.9,42.2,103416
2021-02-05,41.9,41.9,42.45,41.9,42.2,103416
2021-02-17,41.9,41.9,42.45,41.9,42.2,103416
2021-02-18,41.9,41.9,42.45,41.9,42.2,103416
2021-02-19,41.9,41.9,42.45,41.9,42.2,103416
2021-02-22,41.9,41.9,42.45,41.9,42.2,103416
2021-02-23,41.9,41.9,42.45,41.9,42.2,103416
2021-02-24,41.9,41.9,42.45,41.9,42.2,103416
2021-02-25,41.9,41.9,42.45,41.9,42.2,103416
2021-02-26,41.9,41.9,42.45,41.9,42.2,103416
2021-03-02,41.9,41.9,42.45,41.9,42.2,103416
2021-03-03,41.9,41.9,42.45,41.9,42.2,103416
2021-03-04,41.9,41.9,42.45,41.9,42.2,103416
2021-03-05,41.9,41.9,42.45,41.9,42.2,103416
2021-03-08,41.9,41.9,42.45,41.9,42.2,103416
2021-03-09,41.9,41.9,42.45,41.9,42.2,103416
2021-03-10,41.9,41.9,42.45,41.9,42.2,103416
2021-03-11,41.9,41.9,42.45,41.9,42.2,103416
2021-03-12,41.9,41.9,42.45,41.9,42.2,103416
2021-03-15,41.9,41.9,42.45,41.9,42.2,103416
2021-03-16,41.9,41.9,42.45,41.9,42.2,103416
2021-03-17,41.9,41.9,42.45,41.9,42.2,103416
2021-03-18,41.9,41.9,42.45,41.9,42.2,103416
2021-03-19,41.9,41.9,42.45,41.9,42.2,103416
2021-03-22,41.9,41.9,42.45,41.9,42.2,103416
2021-03-23,41.9,41.9,42.45,41.9,42.2,103416
2021-03-24,41.9,41.9,42.45,41.9,42.2,103416
2021-03-25,41.9,41.9,42.45,41.9,42.2,103416
2021-03-26,41.9,41.9,42.45,41.9,42.2,103416
2021-03-29,41.9,41.9,42.45,41.9,42.2,103416
2021-03-30,41.9,41.9,42.45,41.9,42.2,103416
2021-03-31,41.9,41.9,42.45,41.9,42.2,103416
2021-04-01,41.9,41.9,42.45,41.9,42.2,103416
2021-04-06,41.9,41.9,42.45,41.9,42.2,103416
2021-04-07,41.9,41.9,42.45,41.9,42.2,103416
2021-04-08,41.9,41.9,42.45,41.9,42.2,103416
2021-04-09,41.9,41.9,42.45,41.9,42.2,103416
2021-04-12,41.9,41.9,42.45,41.9,42.2,103416
2021-04-13,41.9,41.9,42.45,41.9,42.2,103416
2021-04-14,41.9,41.9,42.45,41.9,42.2,103416
2021-04-15,41.9,41.9,42.45,41.9,42.2,103416
2021-04-16,41.9,41.9,42.45,41.9,42.2,103416
2021-04-19,41.9,41.9,42.45,41.9,42.2,103416
2021-04-20,41.9,41.9,42.45,41.9,42.2,103416
2021-04-21,41.9,41.9,42.45,41.9,42.2,103416
2021-04-22,41.9,41.9,42.45,41.9,42.2,103416
2021-04-23,41.9,41.9,42.45,41.9,42.2,103416
2021-04-26,41.9,41.9,42.45,41.9,42.2,103416
2021-04-27,41.9,41.9,42.45,41.9,42.2,103416
2021-04-28,41.9,41.9,42.45,41.9,42.2,103416
2021-04-29,41.9,41.9,42.45,41.9,42.2,103416
2021-05-03,41.9,41.9,42.45,41.9,42.2,103416
2021-05-04,41.9,41.9,42.45,41.9,42.2,103416
2021-05-05,41.9,41.9,42.45,41.9,42.2,103416
2021-05-06,41.9,41.9,42.45,41.9,42.2,103416
2021-05-07,41.9,41.9,42.45,41.9,42.2,103416
2021-05-10,41.9,41.9,42.45,41.9,42.2,103416
2021-05-11,41.9,41.9,42.45,41.9,42.2,103416
2021-05-12,41.9,41.9,42.45,41.9,42.2,103416
2021-05-13,41.9,41.9,42.45,41.9,42.2,103416
2021-05-14,41.9,41.9,42.45,41.9,42.2,103416
2021-05-17,41.9,41.9,42.45,41.9,42.2,103416
2021-05-18,41.9,41.9,42.45,41.9,42.2,103416
2021-05-19,41.9,41.9,42.45,41.9,42.2,103416
2021-05-20,41.9,41.9,42.45,41.9,42.2,103416
2021-05-21,41.9,41.9,42.45,41.9,42.2,103416
2021-05-24,41.9,41.9,42.45,41.9,42.2,103416
2021-05-25,41.9,41.9,42.45,41.9,42.2,103416
2021-05-26,41.9,41.9,42.45,41.9,42.2,103416
2021-05-27,41.9,41.9,42.45,41.9,42.2,103416
2021-05-28,41.9,41.9,42.45,41.9,42.2,103416
2021-05-31,41.9,41.9,42.45,41.9,42.2,103416
2021-06-01,41.9,41.9,42.45,41.9,42.2,103416
2021-06-02,41.9,41.9,42.45,41.9,42.2,103416
2021-06-03,41.9,41.9,42.45,41.9,42.2,103416
2021-06-04,41.9,41.9,42.45,41.9,42.2,103416
2021-06-07,41.9,41.9,42.45,41.9,42.2,103416
2021-06-08,41.9,41.9,42.45,41.9,42.2,103416
2021-06-09,41.9,41.9,42.45,41.9,42.2,103416
2021-06-10,41.9,41.9,42.45,41.9,42.2,103416
2021-06-11,41.9,41.9,42.45,41.9,42.2,103416
2021-06-15,41.9,41.9,42.45,41.9,42.2,103416
2021-06-16,41.9,41.9,42.45,41.9,42.2,103416
2021-06-17,41.9,41.9,42.45,41.9,42.2,103416
2021-06-18,41.9,41.9,42.45,41.9,42.2,103416
2021-06-21,41.9,41.9,42.45,41.9,42.2,103416
2021-06-22,41.9,41.9,42.45,41.9,42.2,103416
2021-06-23,41.9,41.9,42.45,41.9,42.2,103416
2021-06-24,41.9,41.9,42.45,41.9,42.2,103416
2021-06-25,41.9,41.9,42.45,41.9,42.2,103416
2021-06-28,41.9,41.9,42.45,41.9,42.2,103416
2021-06-29,41.9,41.9,42.45,41.9,42.2,103416
2021-06-30,41.9,41.9,42.45,41.9,42.2,103416
2021-07-01,41.9,41.9,42.45,41.9,42.2,103416
2021-07-02,41.9,41.9,42.45,41.9,42.2,103416
2021-07-05,41.9,41.9,42.45,41.9,42.2,103416
2021-07-06,41.9,41.9,42.45,41.9,42.2,103416
2021-07-07,41.9,41.9,42.45,41.9,42.2,103416
2021-07-08,41.9,41.9,42.45,41.9,42.2,103416
2021-07-09,41.9,41.9,42.45,41.9,42.2,103416
2021-07-12,41.9,41.9,42.45,41.9,42.2,103416
2021-07-13,41.9,41.9,42.45,41.9,42.2,103416
2021-07-14,41.9,41.9,42.45,41.9,42.2,103416
2021-07-15,41.9,41.9,42.45,41.9,42.2,103416
2021-07-16,41.9,41.9,42.45,41.9,42.2,103416
2021-07-19,41.9,41.9,42.45,41.9,42.2,103416
2021-07-20,41.9,41.9,42.45,41.9,42.2,103416
2021-07-21,41.9,41.9,42.45,41.9,42.2,103416
2021-07-22,41.9,41.9,42.45,41.9,42.2,103416
2021-07-23,41.9,41.9,42.45,41.9,42.2,103416
2021-07-26,41.9,41.9,42.45,41.9,42.2,103416
2021-07-27,41.9,41.9,42.45,41.9,42.2,103416
2021-07-28,41.9,41.9,42.45,41.9,42.2,103416
2021-07-29,41.9,41.9,42.45,41.9,42.2,103416
2021-07-30,41.9,41.9,42.45,41.9,42.2,103416
2021-08-02,41.9,41.9,42.45,41.9,42.2,103416
2021-08-03,41.9,41.9,42.45,41.9,42.2,103416
2021-08-04,41.9,41.9,42.45,41.9,42.2,103416
2021-08-05,41.9,41.9,42.45,41.9,42.2,103416
2021-08-06,41.9,41.9,42.45,41.9,42.2,103416
2022-03-15,774.0,774.0,831.0,762.0,831.0,686000
2022-03-16,761.0,761.0,783.0,759.0,776.0,393000
2022-03-17,762.0,762.0,780.0,760.0,780.0,167000
2022-03-18,760.0,760.0,765.0,759.0,765.0,99000
2022-03-21,792.0,792.0,795.0,761.0,762.0,257000
2022-03-22,772.0,772.0,795.0,766.0,795.0,137000
2022-03-23,768.0,768.0,784.0,767.0,770.0,103000
2022-03-24,762.0,762.0,768.0,761.0,768.0,61000
2022-03-25,768.0,768.0,777.0,762.0,762.0,68000
2022-03-28,740.0,740.0,768.0,738.0,768.0,126000
2022-03-29,700.0,700.0,746.0,699.0,740.0,213000
2022-03-30,727.0,727.0,736.0,702.0,702.0,92000
2022-03-31,704.0,704.0,738.0,702.0,738.0,71000
2022-04-01,666.0,666.0,700.0,660.0,700.0,179000
2022-04-06,633.0,633.0,658.0,626.0,641.0,169000
2022-04-07,611.0,611.0,655.0,609.0,630.0,140000
2022-04-08,601.0,601.0,626.0,593.0,625.0,185000
2022-04-11,598.0,598.0,606.0,578.0,603.0,174000
2022-04-12,596.0,596.0,602.0,587.0,594.0,81000
2022-04-13,615.0,615.0,623.0,597.0,597.0,98000
2022-04-14,592.0,592.0,614.0,592.0,614.0,70000
2022-04-15,550.0,550.0,588.0,550.0,588.0,172000
2022-04-18,565.0,565.0,569.0,535.0,536.0,108000
2022-04-19,569.0,569.0,579.0,562.0,579.0,51000
2022-04-20,568.0,568.0,568.0,552.0,568.0,46000
2022-04-21,578.0,578.0,578.0,566.0,574.0,48000
2022-04-22,556.0,556.0,574.0,555.0,572.0,30000
2022-04-25,521.0,521.0,542.0,520.0,542.0,71000
2022-04-26,524.0,524.0,538.0,515.0,538.0,48000
2022-04-27,509.0,509.0,511.0,494.0,508.0,94000
2022-04-28,514.0,514.0,515.0,501.0,509.0,28000
2022-04-29,509.0,509.0,520.0,508.0,519.0,26000
2022-05-03,507.0,507.0,509.0,505.0,509.0,6000
2022-05-04,519.0,519.0,519.0,508.0,510.0,28000
2022-05-05,563.0,563.0,563.0,522.0,522.0,109000
2022-05-06,530.0,530.0,548.0,526.0,548.0,65000
2022-05-09,505.0,505.0,533.0,505.0,533.0,35000
2022-05-10,506.0,506.0,509.0,498.0,498.0,27000
2022-05-11,503.0,503.0,511.0,497.0,511.0,32000
2022-05-12,499.5,499.5,510.0,499.5,503.0,56000
2022-05-13,520.0,520.0,529.0,506.0,506.0,51000
2022-05-16,518.0,518.0,536.0,518.0,528.0,49000
2022-05-17,543.0,543.0,546.0,520.0,520.0,67000
2022-05-18,595.0,595.0,597.0,546.0,552.0,267000
2022-05-19,568.0,568.0,588.0,559.0,580.0,187000
2022-05-20,606.0,606.0,618.0,568.0,568.0,232000
2022-05-23,582.0,582.0,624.0,582.0,609.0,155000
2022-05-24,550.0,550.0,589.0,550.0,587.0,101000
2022-05-25,561.0,561.0,575.0,542.0,555.0,128000
2022-05-26,552.0,552.0,570.0,552.0,567.0,54000
2022-05-27,556.0,556.0,570.0,556.0,570.0,47000
2022-05-30,564.0,564.0,584.0,560.0,562.0,138000
2022-05-31,566.0,566.0,572.0,561.0,569.0,46000
2022-06-01,566.0,566.0,573.0,566.0,573.0,38000
2022-06-02,560.0,560.0,568.0,555.0,568.0,28000
2022-06-06,555.0,555.0,567.0,555.0,560.0,13000
2022-06-07,576.0,576.0,578.0,552.0,552.0,49000
2022-06-08,562.0,562.0,576.0,561.0,576.0,19000
2022-06-09,572.0,572.0,587.0,564.0,567.0,61000
2022-06-10,561.0,561.0,586.0,561.0,572.0,63000
2022-06-13,525.0,525.0,552.0,525.0,552.0,68000
2022-06-14,511.0,511.0,524.0,507.0,512.0,61000
2022-06-15,511.0,511.0,533.0,510.0,533.0,54000
2022-06-16,503.0,503.0,524.0,503.0,517.0,45000
2022-06-17,495.0,495.0,500.0,491.0,494.0,46000
2022-06-20,468.5,468.5,492.5,468.5,492.5,70000
2022-06-21,482.0,482.0,486.5,472.5,475.0,30000
2022-06-22,461.0,461.0,481.0,461.0,470.0,37000
2022-06-23,452.0,452.0,456.0,449.5,456.0,35000
2022-06-24,452.5,452.5,470.5,448.5,450.0,35000
2022-06-27,471.0,471.0,482.0,467.0,467.0,37000
2022-06-28,452.0,452.0,471.0,451.0,471.0,32000
2022-06-29,449.5,449.5,452.0,449.5,451.5,14000
2022-06-30,429.0,429.0,446.0,429.0,446.0,35000
2022-07-01,407.0,407.0,433.5,406.5,429.0,44000
2022-07-04,418.0,418.0,427.5,415.0,427.5,29000
2022-07-05,434.5,434.5,435.0,420.0,425.5,29000
2022-07-06,420.0,420.0,449.0,420.0,438.0,27000
2022-07-07,429.5,429.5,437.0,420.0,425.0,24000
2022-07-08,446.0,446.0,464.0,441.5,442.5,48000
2022-07-11,435.0,435.0,441.5,430.0,441.5,9000
2022-07-12,413.0,413.0,430.0,413.0,430.0,12000
2022-07-13,426.5,426.5,445.5,418.0,445.5,11000
2022-07-14,431.0,431.0,439.0,420.0,420.0,9000
2022-07-15,424.0,424.0,431.5,424.0,431.5,12000
2022-07-18,434.0,434.0,444.0,431.5,431.5,15000
2022-07-19,437.0,437.0,444.0,435.0,437.0,14000
2022-07-20,437.0,437.0,448.0,437.0,448.0,26000
2022-07-21,423.5,423.5,427.0,416.5,420.0,22000
2022-07-22,422.5,422.5,431.0,422.5,430.5,17000
2022-07-25,415.5,415.5,421.0,415.5,421.0,8000
2022-07-26,407.0,407.0,415.0,401.5,415.0,27000
2022-07-27,416.5,416.5,416.5,402.0,402.0,7000
2022-07-28,405.5,405.5,420.0,405.5,420.0,14000
2022-07-29,405.0,405.0,410.0,405.0,408.5,8000
2022-08-01,403.5,403.5,404.0,401.5,401.5,9000
2022-08-02,401.5,401.5,403.5,398.0,401.5,29000
2022-08-03,411.0,411.0,420.0,391.5,391.5,29000
2022-08-04,405.0,405.0,409.0,401.5,405.5,6000
2022-08-05,415.5,415.5,420.0,415.0,419.0,20000
2022-08-08,419.5,419.5,419.5,412.0,415.5,5000
2022-08-09,422.5,422.5,424.0,417.0,420.0,15000
2022-08-10,417.0,417.0,417.0,417.0,417.0,6000
2022-08-11,436.5,436.5,437.0,421.5,421.5,18000
2022-08-12,472.0,472.0,477.0,443.0,448.0,79000
2022-08-15,482.5,482.5,497.0,472.0,472.0,61000
2022-08-16,482.5,482.5,485.0,478.5,480.0,27000
2022-08-17,474.0,474.0,482.0,474.0,482.0,24000
2022-08-18,479.5,479.5,480.0,478.0,479.0,13000
2022-08-19,481.0,481.0,484.5,473.0,473.5,9000
2022-08-22,480.0,480.0,485.0,473.0,474.5,18000
2022-08-23,478.5,478.5,482.0,475.0,475.0,31000
2022-08-24,497.5,497.5,507.0,478.5,478.5,41000
2022-08-25,502.0,502.0,512.0,498.5,498.5,36000
2022-08-26,502.0,502.0,516.0,502.0,510.0,52000
2022-08-29,489.5,489.5,492.5,485.0,485.0,21000
2022-08-30,496.0,496.0,496.0,490.0,490.0,4000
2022-08-31,498.0,498.0,498.0,494.0,496.0,9000
2022-09-01,489.0,489.0,489.0,489.0,489.0,1000
2022-09-02,489.0,489.0,490.0,488.5,489.0,11000
2022-09-05,470.0,470.0,488.0,470.0,488.0,17000
2022-09-06,474.0,474.0,492.0,471.5,492.0,20000
2022-09-07,461.0,461.0,476.0,461.0,476.0,21000
2022-09-08,467.5,467.5,474.5,467.5,473.0,9000
2022-09-12,481.5,481.5,489.0,473.0,473.0,7000
2022-09-13,479.0,479.0,483.0,479.0,483.0,9000
2022-09-14,477.0,477.0,487.0,465.0,465.0,15000
2022-09-15,485.0,485.0,487.0,480.5,480.5,21000
2022-09-16,481.0,481.0,487.5,477.0,477.5,6000
2022-09-19,469.0,469.0,480.0,469.0,480.0,5000
2022-09-20,466.5,466.5,469.5,464.0,469.5,4000
2022-09-21,455.5,455.5,462.0,454.5,462.0,23000
2022-09-22,445.0,445.0,450.0,434.5,449.5,9000
2022-09-23,421.0,421.0,439.0,418.0,435.5,21000
2022-09-26,399.0,399.0,410.0,399.0,404.5,14000
2022-09-27,402.0,402.0,409.0,394.0,396.0,19000
2022-09-28,370.5,370.5,392.5,368.5,392.5,53000
2022-09-29,371.5,371.5,392.0,371.5,385.0,15000
2022-09-30,373.0,373.0,373.5,371.5,371.5,3000
2022-10-03,378.0,378.0,384.5,367.0,370.5,8000
2022-10-04,391.0,391.0,391.0,386.0,390.5,13000
2022-10-05,381.0,381.0,421.0,378.0,394.5,38000
2022-10-06,384.0,384.0,384.0,378.0,382.0,13000
2022-10-07,377.5,377.5,377.5,373.0,375.0,7000
2022-10-11,370.0,370.0,383.0,369.5,383.0,32000
2022-10-12,367.0,367.0,370.0,362.0,367.0,21000
2022-10-13,345.5,345.5,368.0,345.0,368.0,32000
2022-10-14,350.0,350.0,360.0,350.0,360.0,34000
2022-10-17,344.0,344.0,347.0,342.5,347.0,13000
2022-10-18,337.0,337.0,356.5,335.5,353.5,44000
2022-10-19,340.0,340.0,347.5,338.0,339.0,9000
2022-10-20,338.0,338.0,340.5,335.0,340.0,7000
2022-10-21,336.5,336.5,341.0,336.5,338.0,12000
2022-10-24,339.0,339.0,351.0,339.0,342.0,9000
2022-10-25,334.5,334.5,339.0,330.0,339.0,16000
2022-10-26,335.0,335.0,345.0,331.0,334.5,17000
2022-10-27,344.0,344.0,346.0,335.0,335.0,29000
2022-10-28,337.0,337.0,337.0,335.5,337.0,8000
2022-10-31,349.5,349.5,349.5,340.0,340.0,13000
2022-11-01,353.0,353.0,364.5,351.0,354.0,17000
2022-11-02,351.0,351.0,355.0,349.0,349.0,25000
2022-11-03,347.5,347.5,352.0,347.5,350.0,10000
2022-11-04,351.0,351.0,354.0,347.0,347.0,18000
2022-11-07,353.0,353.0,363.0,352.5,361.0,15000
2022-11-08,355.0,355.0,364.5,354.0,363.0,25000
2022-11-09,361.5,361.5,363.0,355.5,355.5,23000
2022-11-10,357.0,357.0,363.0,352.0,361.5,25000
2022-11-11,381.5,381.5,383.0,365.0,372.0,66000
2022-11-14,386.5,386.5,390.0,381.5,383.0,33000
2022-11-15,384.5,384.5,392.0,384.0,392.0,19000
2022-11-16,381.0,381.0,390.5,380.5,390.5,21000
2022-11-17,387.0,387.0,387.0,378.0,382.5,15000
2022-11-18,379.5,379.5,388.0,379.5,387.5,17000
2022-11-21,383.0,383.0,383.0,380.5,381.5,21000
2022-11-22,391.5,391.5,391.5,383.0,387.0,23000
2022-11-23,390.5,390.5,392.0,388.0,392.0,13000
2022-11-24,391.5,391.5,395.0,385.5,386.5,12000
2022-11-25,407.5,407.5,409.0,395.0,395.0,63000
2022-11-28,402.5,402.5,407.0,395.0,404.5,15000
2022-11-29,401.0,401.0,402.0,397.0,397.5,22000
2022-11-30,399.0,399.0,403.0,399.0,400.0,38000
2022-12-01,416.0,416.0,416.0,406.5,406.5,60000
2022-12-02,430.0,430.0,444.5,421.5,421.5,54000
2022-12-05,439.0,439.0,439.5,430.0,430.0,74000
2022-12-06,422.0,422.0,443.5,422.0,443.5,44000
2022-12-07,410.5,410.5,419.0,402.0,419.0,44000
2022-12-08,408.5,408.5,408.5,403.5,405.5,11000
2022-12-09,415.5,415.5,415.5,408.5,408.5,12000
2022-12-12,412.0,412.0,415.0,405.0,415.0,16000
2022-12-13,412.0,412.0,415.0,410.0,415.0,13000
2022-12-14,414.5,414.5,423.0,412.0,423.0,21000
2022-12-15,414.0,414.0,418.5,414.0,418.0,24000
2022-12-16,398.0,398.0,412.0,398.0,412.0,45000
2022-12-19,394.0,394.0,399.0,393.5,398.0,37000
2022-12-20,381.0,381.0,393.0,380.0,393.0,19000
2022-12-21,383.0,383.0,392.5,383.0,390.0,25000
2022-12-22,383.0,383.0,388.0,381.5,388.0,30000
2022-12-23,412.0,412.0,412.0,385.0,387.0,100000
2022-12-26,404.0,404.0,415.0,400.0,414.5,42000
2022-12-27,392.0,392.0,404.0,391.5,401.0,56000
2022-12-28,378.5,378.5,387.0,376.0,387.0,70000
2022-12-29,381.0,381.0,381.0,375.0,375.0,21000
2022-12-30,387.0,387.0,395.0,381.0,381.0,44000
2023-01-03,388.0,388.0,393.0,386.5,387.0,27000
2023-01-04,396.5,396.5,396.5,388.0,388.0,36000
2023-01-05,405.5,405.5,429.0,392.5,392.5,186000
2023-01-06,414.0,414.0,422.0,406.0,406.0,80000
2023-01-09,411.0,411.0,434.0,402.0,423.5,204000
2023-01-10,400.5,400.5,411.5,395.0,410.0,95000
2023-01-11,420.0,420.0,429.0,403.0,404.0,183000
2023-01-12,461.5,461.5,462.0,423.5,428.0,478000
2023-01-13,463.0,463.0,497.0,463.0,472.0,801000
2023-01-16,474.0,474.0,493.5,469.5,469.5,428000
2023-01-17,489.0,489.0,491.5,471.5,471.5,275000
2023-01-30,491.0,491.0,515.0,491.0,515.0,263000
2023-01-31,482.5,482.5,494.0,480.0,494.0,110000
2023-02-01,481.0,481.0,486.5,473.5,486.5,91000
2023-02-02,497.0,497.0,511.0,484.5,484.5,206000
2023-02-03,489.0,489.0,504.0,482.5,504.0,129000
2023-02-06,480.5,480.5,489.0,477.5,489.0,39000
2023-02-07,485.0,485.0,494.5,480.0,487.5,91000
2023-02-08,499.0,499.0,513.0,481.5,490.0,278000
2023-02-09,548.0,548.0,548.0,492.0,501.0,485000
2023-02-10,515.0,515.0,550.0,508.0,548.0,435000
2023-02-13,498.0,498.0,514.0,498.0,514.0,153000
2023-02-14,492.0,492.0,510.0,492.0,502.0,110000
2023-02-15,488.0,488.0,496.0,482.0,491.0,100000
2023-02-16,496.0,496.0,498.5,490.0,492.5,62000
2023-02-17,507.0,507.0,525.0,492.0,496.0,267000
2023-02-20,511.0,511.0,518.0,502.0,507.0,146000
2023-02-21,502.0,502.0,512.0,501.0,511.0,78000
2023-02-22,480.0,480.0,503.0,479.0,503.0,214000
2023-02-23,486.0,486.0,488.5,475.0,475.0,87000
2023-02-24,478.0,478.0,492.0,476.5,491.5,84000
2023-03-01,479.0,479.0,486.0,476.0,476.0,69000
2023-03-02,481.5,481.5,481.5,477.0,480.0,51000
2023-03-03,488.0,488.0,491.0,480.0,480.0,109000
2023-03-06,498.0,498.0,514.0,493.0,495.0,200000
2023-03-07,492.5,492.5,502.0,492.0,498.5,66000
2023-03-08,506.0,506.0,512.0,492.0,495.0,116000
2023-03-09,492.5,492.5,507.0,492.5,507.0,138000
2023-03-10,475.0,475.0,491.0,472.5,487.5,99000
2023-03-13,467.5,467.5,472.0,450.0,470.0,113000
2023-03-14,467.0,467.0,467.5,457.0,457.0,29000
2023-03-15,468.5,468.5,483.0,468.5,475.0,78000
2023-03-16,458.5,458.5,467.0,456.0,467.0,55000
2023-03-17,467.0,467.0,476.0,464.0,464.0,71000
2023-03-20,469.0,469.0,475.0,464.5,475.0,51000
2023-03-21,478.0,478.0,487.5,470.0,470.0,77000
2023-03-22,482.5,482.5,488.0,480.0,482.5,83000
2023-03-23,483.0,483.0,485.0,474.5,484.0,54000
2023-03-24,482.5,482.5,487.5,476.0,485.0,82000
2023-03-27,478.0,478.0,482.5,475.0,482.5,32000
2023-03-28,471.5,471.5,478.0,471.0,478.0,53000
2023-03-29,461.0,461.0,472.5,461.0,472.5,40000
2023-03-30,469.0,469.0,470.0,462.0,465.0,27000
2023-03-31,466.5,466.5,468.5,466.5,467.5,15000
2023-04-06,467.0,467.0,469.5,463.0,463.0,12000
2023-04-07,464.0,464.0,466.0,463.5,464.5,19000
2023-04-10,468.5,468.5,472.5,464.0,464.0,16000
2023-04-11,506.0,506.0,508.0,480.5,482.0,304000
2023-04-12,498.0,498.0,513.0,496.5,510.0,144000
2023-04-13,492.5,492.5,505.0,492.5,505.0,75000
2023-04-14,503.0,503.0,510.0,495.0,496.0,122000
2023-04-17,512.0,512.0,525.0,506.0,506.0,194000
2023-04-18,538.0,538.0,544.0,516.0,518.0,336000
2023-04-19,515.0,515.0,550.0,515.0,545.0,260000
2023-04-20,498.5,498.5,512.0,493.0,512.0,138000
2023-04-21,486.0,486.0,504.0,485.5,503.0,101000
2023-04-24,497.5,497.5,497.5,487.0,487.0,34000
2023-04-25,475.0,475.0,495.0,470.0,495.0,106000
2023-04-26,480.0,480.0,480.5,468.0,475.0,33000
2023-04-27,480.0,480.0,482.0,478.0,481.0,7000
2023-04-28,485.5,485.5,492.0,482.0,492.0,46000
2023-05-02,484.0,484.0,489.5,482.0,487.5,83000
2023-05-03,506.0,506.0,513.0,478.5,480.0,184000
2023-05-04,528.0,528.0,546.0,507.0,507.0,588000
2023-05-05,580.0,580.0,580.0,538.0,538.0,841000
2023-05-08,610.0,610.0,624.0,592.0,595.0,1329000
2023-05-09,608.0,608.0,630.0,604.0,614.0,667000
2023-05-10,582.0,582.0,626.0,581.0,614.0,871000
2023-05-11,560.0,560.0,600.0,553.0,600.0,548000
2023-05-12,559.0,559.0,571.0,553.0,564.0,271000
2023-05-15,533.0,533.0,562.0,532.0,562.0,281000
2023-05-16,532.0,532.0,557.0,532.0,545.0,210000
2023-05-17,537.0,537.0,546.0,533.0,539.0,179000
2023-05-18,527.0,527.0,544.0,521.0,544.0,247000
2023-05-19,513.0,513.0,534.0,513.0,531.0,219000
2023-05-22,523.0,523.0,530.0,518.0,518.0,160000
2023-05-23,528.0,528.0,533.0,514.0,522.0,117000
2023-05-24,515.0,515.0,525.0,513.0,522.0,166000
2023-05-25,508.0,508.0,514.0,507.0,514.0,100000
2023-05-26,501.0,501.0,510.0,496.0,510.0,190000
2023-05-29,514.0,514.0,522.0,503.0,503.0,179000
2023-05-30,507.0,507.0,519.0,507.0,514.0,102000
2023-05-31,516.0,516.0,517.0,504.0,504.0,53000
2023-06-01,522.0,522.0,530.0,514.0,516.0,173000
2023-06-02,515.0,515.0,534.0,511.0,527.0,204000
2023-06-05,515.0,515.0,522.0,515.0,516.0,54000
2023-06-06,513.0,513.0,523.0,510.0,516.0,87000
2023-06-07,518.0,518.0,521.0,512.0,521.0,55000
2023-06-08,513.0,513.0,520.0,510.0,520.0,64000
2023-06-09,542.0,542.0,550.0,517.0,521.0,355000
2023-06-12,525.0,525.0,544.0,521.0,540.0,170000
2023-06-13,527.0,527.0,535.0,523.0,533.0,81000
2023-06-14,532.0,532.0,545.0,529.0,529.0,108000
2023-06-15,541.0,541.0,543.0,532.0,543.0,99000
2023-06-16,543.0,543.0,579.0,543.0,550.0,492000
2023-06-19,533.0,533.0,549.0,530.0,549.0,122000
2023-06-20,527.0,527.0,536.0,523.0,536.0,55000
2023-06-21,534.0,534.0,537.0,530.0,536.0,45000
2023-06-26,527.0,527.0,534.0,527.0,534.0,26000
2023-06-27,523.0,523.0,530.0,522.0,530.0,28000
2023-06-28,520.0,520.0,526.0,520.0,526.0,41000
2023-06-29,524.0,524.0,526.0,520.0,520.0,17000
2023-06-30,522.0,522.0,527.0,522.0,527.0,23000
2023-07-03,520.0,520.0,530.0,518.0,525.0,75000
2023-07-04,520.0,520.0,527.0,516.0,522.0,62000
2023-07-05,525.0,525.0,526.0,521.0,525.0,36000
2023-07-06,530.0,530.0,544.0,525.0,526.0,145000
2023-07-07,518.0,518.0,537.0,511.0,537.0,133000
2023-07-10,495.0,495.0,510.0,495.0,508.0,153000
2023-07-11,493.0,493.0,505.0,492.0,505.0,53000
2023-07-12,476.0,476.0,493.5,471.0,493.0,136000
2023-07-13,473.0,473.0,482.5,469.5,482.5,67000
2023-07-14,484.0,484.0,485.0,475.0,480.0,55000
2023-07-17,483.0,483.0,483.0,475.0,475.0,25000
2023-07-18,490.0,490.0,492.5,475.0,484.5,45000
2023-07-19,482.0,482.0,495.5,479.0,495.0,25000
2023-07-20,479.5,479.5,484.5,479.0,482.5,24000
2023-07-21,476.0,476.0,476.0,472.0,476.0,32000
2023-07-24,469.5,469.5,474.5,468.0,470.5,35000
2023-07-25,464.0,464.0,470.0,462.5,467.0,56000
2023-07-26,455.5,455.5,461.0,455.0,461.0,40000
2023-07-27,461.0,461.0,461.0,450.0,453.5,31000
2023-07-28,472.0,472.0,473.0,462.5,464.0,30000
2023-07-31,475.5,475.5,489.0,474.0,476.0,50000
2023-08-01,471.0,471.0,478.0,470.0,478.0,21000
2023-08-02,462.5,462.5,470.0,460.0,470.0,35000
2023-08-04,460.0,460.0,461.0,456.5,457.5,18000
2023-08-07,462.0,462.0,468.5,458.0,460.0,9000
2023-08-08,458.0,458.0,458.5,451.5,451.5,8000
2023-08-09,472.0,472.0,477.0,461.5,465.0,42000
2023-08-10,461.0,461.0,468.0,459.0,468.0,27000
2023-08-11,461.5,461.5,471.5,459.5,471.5,19000
2023-08-14,454.5,454.5,462.0,453.0,459.0,29000
2023-08-15,453.0,453.0,458.0,452.0,458.0,22000
2023-08-16,443.0,443.0,455.5,442.0,455.5,34000
2023-08-17,442.5,442.5,448.0,436.5,436.5,17000
2023-08-18,438.0,438.0,445.5,437.0,437.0,26000
2023-08-21,434.5,434.5,439.5,434.5,438.0,20000
2023-08-22,426.5,426.5,442.0,426.0,436.0,34000
2023-08-23,429.0,429.0,431.0,425.0,428.5,26000
2023-08-24,430.0,430.0,432.5,426.0,430.0,15000
2023-08-25,425.5,425.5,429.5,425.5,429.0,18000
2023-08-28,416.0,416.0,425.5,408.5,425.5,56000
2023-08-29,426.0,426.0,429.5,419.5,419.5,28000
2023-08-30,415.5,415.5,438.0,412.0,425.0,66000
2023-08-31,410.0,410.0,413.0,408.0,413.0,35000
2023-09-01,424.5,424.5,428.0,409.5,412.5,53000
2023-09-04,426.5,426.5,426.5,423.0,423.5,13000
2023-09-05,445.5,445.5,445.5,423.0,432.0,68000
2023-09-06,432.0,432.0,445.0,432.0,445.0,35000
2023-09-07,426.0,426.0,436.0,426.0,436.0,9000
2023-09-08,439.0,439.0,442.0,422.0,422.0,23000
2023-09-11,435.0,435.0,437.5,428.5,429.0,4000
2023-09-12,428.0,428.0,430.0,428.0,430.0,10000
2023-09-13,428.0,428.0,428.0,425.5,426.5,16000
2023-09-14,435.0,435.0,445.0,428.0,428.0,38000
2023-09-15,430.5,430.5,433.5,428.5,428.5,9000
2023-09-18,429.5,429.5,430.0,427.0,430.0,19000
2023-09-19,428.0,428.0,430.0,427.0,430.0,15000
2023-09-20,427.0,427.0,429.0,420.0,428.0,11000
2023-09-21,422.5,422.5,422.5,417.0,418.0,11000
2023-09-22,430.0,430.0,430.0,417.5,422.5,12000
2023-09-25,427.5,427.5,437.0,427.5,437.0,100000
2023-09-26,428.0,428.0,430.0,426.5,429.0,13000
2023-09-27,428.0,428.0,428.0,425.0,428.0,9000
2023-09-28,422.0,422.0,428.0,422.0,428.0,2000
2023-10-02,423.0,423.0,423.0,423.0,423.0,4000
2023-10-04,414.5,414.5,420.0,412.0,412.0,14000
2023-10-05,416.0,416.0,423.0,416.0,418.0,15000
2023-10-06,417.5,417.5,420.0,416.5,420.0,6000
2023-10-11,413.5,413.5,417.5,413.0,417.5,11000
2023-10-12,414.0,414.0,416.0,412.0,416.0,20000
2023-10-13,414.0,414.0,420.5,413.0,414.0,20000
2023-10-16,406.0,406.0,415.0,406.0,415.0,20000
2023-10-17,405.5,405.5,412.0,405.5,406.0,16000
2023-10-18,402.5,402.5,412.0,402.5,412.0,19000
2023-10-19,393.0,393.0,402.5,391.5,402.5,31000
2023-10-20,392.0,392.0,394.0,391.0,393.0,15000
2023-10-23,395.0,395.0,395.0,386.5,391.0,26000
2023-10-24,390.0,390.0,395.5,389.0,395.5,5000
2023-10-25,390.0,390.0,391.0,390.0,390.0,20000
2023-10-26,383.5,383.5,389.0,382.5,389.0,25000
2023-10-27,385.0,385.0,385.5,383.5,383.5,19000
2023-10-30,389.5,389.5,391.0,387.0,387.0,22000
2023-10-31,389.5,389.5,392.5,389.5,391.5,15000
2023-11-01,389.5,389.5,389.5,389.5,389.5,4000
2023-11-02,390.0,390.0,393.5,389.5,393.5,22000
2023-11-03,391.5,391.5,393.5,390.0,391.0,10000
2023-11-06,421.5,421.5,426.0,397.5,397.5,85000
2023-11-07,428.5,428.5,438.0,423.0,423.0,102000
2023-11-08,439.5,439.5,445.5,431.0,431.0,64000
2023-11-09,433.5,433.5,439.5,425.0,439.5,31000
2023-11-10,433.5,433.5,436.0,430.0,434.0,12000
2023-11-13,432.5,432.5,439.5,431.0,439.5,21000
2023-11-14,432.0,432.0,434.5,425.5,434.5,23000
2023-11-15,432.0,432.0,434.5,430.0,431.0,22000
2023-11-16,429.5,429.5,430.5,429.0,429.0,17000
2023-11-17,433.5,433.5,435.0,430.0,432.0,23000
2023-11-20,447.0,447.0,450.0,438.0,438.0,54000
2023-11-21,448.0,448.0,455.0,447.0,449.0,58000
2023-11-22,440.0,440.0,448.0,438.0,448.0,15000
2023-11-23,440.0,440.0,441.0,439.0,440.0,28000
2023-11-24,445.5,445.5,446.0,440.0,440.0,10000
2023-11-27,449.0,449.0,456.0,447.5,456.0,31000
2023-11-28,450.0,450.0,451.5,449.0,449.0,20000
2023-11-29,450.0,450.0,450.0,446.5,450.0,15000
2023-11-30,465.0,465.0,469.0,451.0,451.0,77000
2023-12-01,470.0,470.0,475.5,469.0,469.0,57000
2023-12-04,466.0,466.0,475.0,466.0,475.0,19000
2023-12-05,464.0,464.0,468.5,464.0,465.0,15000
2023-12-06,466.0,466.0,468.0,465.0,465.0,16000
2023-12-07,470.5,470.5,472.5,460.0,466.0,8000
2023-12-08,470.0,470.0,475.0,468.0,475.0,16000
2023-12-11,464.0,464.0,465.0,463.0,465.0,9000
2023-12-12,465.0,465.0,465.5,465.0,465.0,22000
2023-12-13,480.0,480.0,480.0,465.0,465.0,54000
2023-12-14,490.0,490.0,500.0,488.0,488.0,73000
2023-12-15,486.0,486.0,488.0,480.0,488.0,7000
2023-12-18,475.0,475.0,491.0,474.5,474.5,10000
2023-12-19,466.0,466.0,475.0,465.0,472.5,14000
2023-12-20,462.0,462.0,466.5,462.0,466.5,3000
2023-12-21,454.0,454.0,462.0,452.0,462.0,10000
2023-12-22,455.0,455.0,464.0,454.0,454.0,9000
2023-12-25,456.5,456.5,458.5,451.5,451.5,5000
2023-12-26,452.0,452.0,454.5,452.0,454.5,12000
2023-12-27,453.0,453.0,454.0,452.0,452.0,12000
2023-12-28,458.5,458.5,468.0,458.5,468.0,15000
2023-12-29,458.5,458.5,458.5,458.0,458.0,2000
2024-01-02,467.5,467.5,469.5,467.5,467.5,13000
2024-01-03,462.5,462.5,467.0,457.5,467.0,10000
2024-01-04,458.0,458.0,466.5,456.0,459.5,12000
2024-01-05,459.5,459.5,471.0,458.0,471.0,15000
2024-01-08,460.0,460.0,460.0,456.5,457.0,7000
2024-01-09,459.0,459.0,462.0,454.0,462.0,18000
2024-01-10,459.5,459.5,459.5,453.0,459.0,4000
2024-01-11,442.0,442.0,451.5,442.0,451.5,11000
2024-01-12,432.5,432.5,440.0,432.5,440.0,14000
2024-01-15,426.5,426.5,432.5,426.5,432.5,18000
2024-01-16,420.5,420.5,423.0,415.0,423.0,29000
2024-01-17,412.5,412.5,418.0,412.5,416.0,5000
2024-01-18,425.0,425.0,425.0,408.0,410.0,7000
2024-01-19,425.0,425.0,425.0,425.0,425.0,1000
2024-01-22,418.0,418.0,418.0,412.0,418.0,12000
2024-01-23,413.0,413.0,418.0,413.0,418.0,3000
2024-01-24,430.0,430.0,430.0,420.0,420.0,25000
2024-01-25,444.0,444.0,453.0,432.0,432.0,37000
2024-01-26,488.0,488.0,488.0,453.0,463.5,225000
2024-01-29,486.0,486.0,536.0,480.0,536.0,358000
2024-01-30,455.5,455.5,483.0,453.5,483.0,136000
2024-01-31,452.0,452.0,460.0,448.0,451.0,63000
2024-02-01,437.0,437.0,452.0,432.0,452.0,68000
2024-02-02,426.0,426.0,445.0,425.5,432.5,96000
2024-02-05,419.5,419.5,430.5,418.0,430.5,51000
2024-02-15,432.0,432.0,432.0,416.0,421.0,56000
2024-02-16,432.0,432.0,432.0,425.0,429.0,35000
2024-02-19,432.0,432.0,432.5,425.0,432.0,35000
2024-02-20,427.0,427.0,432.0,425.0,430.0,17000
2024-02-21,428.0,428.0,431.0,427.0,427.0,6000
2024-02-22,428.0,428.0,428.5,425.0,428.0,21000
2024-02-23,431.0,431.0,431.0,426.5,428.0,36000
2024-02-26,421.0,421.0,433.0,420.0,431.0,47000
2024-02-27,419.0,419.0,430.0,419.0,423.5,40000
2024-02-29,423.5,423.5,425.0,420.0,420.0,14000
2024-03-01,423.0,423.0,426.5,422.5,423.5,22000
2024-03-04,423.0,423.0,425.0,422.0,423.0,42000
2024-03-05,423.5,423.5,425.0,423.0,423.0,9000
2024-03-06,421.5,421.5,425.0,421.0,425.0,23000
2024-03-07,414.5,414.5,422.0,414.5,421.5,34000
2024-03-08,407.0,407.0,419.0,403.5,416.0,39000
2024-03-11,418.0,418.0,418.0,409.0,413.0,11000
2024-03-12,418.0,418.0,418.0,418.0,418.0,5000
2024-03-13,412.0,412.0,420.5,412.0,418.0,15000
2024-03-14,420.0,420.0,427.0,414.0,414.0,27000
2024-03-15,419.0,419.0,424.5,418.0,418.0,6000
2024-03-18,423.0,423.0,440.0,419.0,440.0,24000
2024-03-19,424.0,424.0,428.5,423.5,428.5,9000
2024-03-20,415.5,415.5,424.0,415.0,424.0,33000
2024-03-21,416.0,416.0,421.5,414.0,421.5,13000
2024-03-22,418.0,418.0,418.5,412.5,416.0,30000
2024-03-25,422.5,422.5,424.0,418.0,423.5,9000
2024-03-26,411.0,411.0,416.5,411.0,416.5,38000
2024-03-27,411.0,411.0,415.0,411.0,411.0,22000
2024-03-28,409.0,409.0,414.0,409.0,412.0,35000
2024-03-29,406.5,406.5,412.0,406.5,410.0,37000
2024-04-01,409.0,409.0,411.0,406.0,406.0,12000
2024-04-02,412.0,412.0,414.0,410.0,410.0,17000
2024-04-03,405.5,405.5,414.0,405.0,414.0,43000
2024-04-08,410.5,410.5,410.5,408.5,408.5,8000
2024-04-09,408.0,408.0,409.5,404.0,409.5,28000
2024-04-10,413.5,413.5,413.5,406.0,408.0,20000
2024-04-11,407.0,407.0,408.5,407.0,408.5,24000
2024-04-12,409.0,409.0,411.5,408.0,409.0,21000
2024-04-15,404.5,404.5,409.0,404.5,409.0,14000
2024-04-16,396.0,396.0,403.5,395.0,403.5,42000
2024-04-17,399.5,399.5,402.0,397.5,400.0,18000
2024-04-18,397.5,397.5,400.0,397.5,398.5,16000
2024-04-19,390.0,390.0,396.0,389.0,396.0,27000
2024-04-22,377.0,377.0,391.0,377.0,390.0,55000
2024-04-23,383.0,383.0,387.5,379.0,380.0,34000
2024-04-24,401.0,401.0,402.5,389.0,389.0,34000
2024-04-25,391.5,391.5,408.0,390.5,401.0,41000
2024-04-26,391.5,391.5,395.5,390.0,393.0,32000
2024-04-29,399.0,399.0,404.5,395.5,397.5,32000
2024-04-30,396.0,396.0,400.0,396.0,399.0,21000
2024-05-02,396.0,396.0,399.5,391.5,391.5,16000
2024-05-03,399.0,399.0,407.0,398.0,407.0,31000
2024-05-06,394.0,394.0,400.5,393.0,400.5,32000
2024-05-07,387.5,387.5,395.0,387.0,394.5,52000
2024-05-08,426.0,426.0,426.0,396.0,396.0,259000
2024-05-09,426.0,426.0,444.0,420.0,426.0,461000
2024-05-10,439.0,439.0,460.0,426.0,426.0,263000
2024-05-13,433.5,433.5,444.0,430.0,444.0,129000
2024-05-14,441.5,441.5,449.0,432.5,434.0,162000
2024-05-15,456.0,456.0,476.0,443.0,447.5,203000
2024-05-16,465.0,465.0,467.0,458.0,461.5,116000
2024-05-17,483.0,483.0,483.5,464.0,464.0,268000
2024-05-20,499.5,499.5,500.0,482.0,484.5,271000
2024-05-21,488.5,488.5,499.5,488.0,499.5,103000
2024-05-22,491.5,491.5,499.0,487.5,487.5,65000
2024-05-23,481.0,481.0,494.5,480.0,491.0,154000
2024-05-24,481.0,481.0,491.0,475.0,480.5,89000
2024-05-27,470.0,470.0,481.5,469.5,479.0,116000
2024-05-28,464.5,464.5,478.5,464.0,478.5,57000
2024-05-29,466.0,466.0,480.5,455.0,455.0,58000
2024-05-30,467.0,467.0,469.0,458.5,459.5,14000
2024-05-31,463.5,463.5,468.0,462.5,467.0,24000
2024-06-03,475.0,475.0,480.0,472.5,477.0,30000
2024-06-04,469.5,469.5,475.0,462.5,475.0,20000
2024-06-05,470.5,470.5,474.5,470.5,474.5,2000
2024-06-06,465.5,465.5,472.0,465.5,472.0,13000
2024-06-07,462.5,462.5,465.5,455.5,465.5,21000
2024-06-11,435.5,435.5,459.0,434.0,458.5,194000
2024-06-12,440.5,440.5,443.0,434.0,435.5,37000
2024-06-13,439.0,439.0,450.0,438.5,449.5,44000
2024-06-14,446.0,446.0,448.0,441.0,441.0,20000
2024-06-17,450.5,450.5,460.0,443.0,446.0,74000
2024-06-18,452.0,452.0,460.5,451.0,456.5,28000
2024-06-19,450.0,450.0,457.5,447.0,457.5,81000
2024-06-20,442.0,442.0,450.0,435.0,450.0,140000
2024-06-21,430.5,430.5,443.5,420.0,442.5,108000
2024-06-24,425.0,425.0,431.0,424.5,430.5,30000
2024-06-25,426.0,426.0,430.0,425.0,426.0,29000
2024-06-26,428.5,428.5,432.0,425.0,428.0,49000
2024-06-27,434.0,434.0,442.0,430.5,430.5,63000
2024-06-28,433.5,433.5,438.5,432.0,432.0,17000
2024-07-01,436.0,436.0,437.5,433.5,433.5,10000
2024-07-02,432.0,432.0,436.0,432.0,436.0,23000
2024-07-03,433.0,433.0,434.5,432.0,432.0,8000
2024-07-04,426.0,426.0,433.0,425.0,433.0,62000
2024-07-05,428.0,428.0,431.0,426.0,426.0,7000
2024-07-08,425.5,425.5,428.5,425.5,428.5,23000
2024-07-09,416.0,416.0,426.0,415.0,426.0,62000
2024-07-10,449.0,449.0,452.0,416.0,416.0,121000
2024-07-11,446.5,446.5,458.5,446.0,455.0,66000
2024-07-12,436.0,436.0,446.5,431.0,446.5,85000
2024-07-15,435.0,435.0,441.5,430.0,441.5,21000
2024-07-16,431.0,431.0,438.5,430.5,435.0,24000
2024-07-17,431.5,431.5,438.0,431.0,438.0,27000
2024-07-18,424.0,424.0,428.0,420.0,420.0,29000
2024-07-19,420.0,420.0,422.5,420.0,421.0,14000
2024-07-22,413.0,413.0,420.0,412.5,420.0,26000
2024-07-23,419.5,419.5,425.0,415.0,425.0,22000
2024-07-26,414.5,414.5,415.0,413.0,413.0,17000
2024-07-29,408.5,408.5,415.5,408.5,415.5,27000
2024-07-30,412.0,412.0,412.0,410.0,410.0,3000
2024-07-31,412.5,412.5,415.0,412.5,415.0,10000
2024-08-01,419.0,419.0,419.0,411.5,413.0,10000
2024-08-02,418.0,418.0,424.0,418.0,424.0,21000
2024-08-05,381.0,381.0,399.5,376.5,388.0,47000
2024-08-06,380.0,380.0,381.5,365.0,381.5,39000
2024-08-07,405.0,405.0,407.0,380.0,380.0,44000
2024-08-08,396.0,396.0,398.0,392.0,398.0,11000
2024-08-09,408.0,408.0,426.0,404.5,404.5,22000
2024-08-12,437.0,437.0,437.5,413.0,413.0,98000
2024-08-13,435.5,435.5,447.5,435.0,447.0,57000
2024-08-14,448.5,448.5,455.0,431.0,431.0,92000
2024-08-15,451.0,451.0,451.0,444.0,448.0,9000
2024-08-16,447.0,447.0,452.0,439.5,452.0,20000
2024-08-19,455.0,455.0,466.5,451.0,451.0,54000
2024-08-20,458.0,458.0,460.0,454.0,460.0,33000
2024-08-21,457.5,457.5,458.0,454.0,458.0,15000
2024-08-22,455.0,455.0,456.5,447.0,451.0,32000
2024-08-23,457.5,457.5,458.0,450.0,451.5,22000
2024-08-26,480.0,480.0,488.5,455.0,457.5,173000
2024-08-27,485.5,485.5,488.0,472.0,481.5,97000
2024-08-28,491.0,491.0,498.0,485.5,488.5,124000
2024-09-09,46.6,46.6,50.2,44.6,49.1,2291000
2024-09-10,42.6,42.6,47.9,41.95,47.5,2123000
2024-09-11,42.4,42.4,42.9,41.05,42.5,927000
2024-09-12,45.9,45.9,46.6,42.75,43.45,2952000
2024-09-13,48.0,48.0,48.4,45.0,46.5,3264000
2024-09-16,47.7,47.7,49.35,47.5,48.1,1820000
2024-09-18,46.85,46.85,48.3,46.65,48.3,809000
2024-09-19,46.8,46.8,47.4,46.65,47.35,837000
2024-09-20,46.95,46.95,47.3,46.0,47.05,1191000
2024-09-23,46.7,46.7,48.8,46.65,47.45,1539000
2024-09-24,45.7,45.7,47.2,45.65,47.2,886000
2024-09-25,45.3,45.3,47.0,45.3,47.0,862000
2024-09-26,44.45,44.45,45.75,44.35,45.45,976000
2024-09-27,44.35,44.35,45.45,44.35,44.45,766000
2024-09-30,43.5,43.5,44.5,43.35,44.35,845000
2024-10-01,43.55,43.55,44.15,43.2,44.1,491000
2024-10-04,42.65,42.65,43.65,42.2,43.6,838000
2024-10-07,42.2,42.2,43.75,42.2,43.75,661000
2024-10-08,42.4,42.4,42.8,42.1,42.8,285000
2024-10-09,42.0,42.0,43.5,41.75,43.3,921000
2024-10-11,42.15,42.15,42.45,41.75,42.2,489000
2024-10-14,46.35,46.35,46.35,42.15,42.5,2303000
2024-10-15,50.9,50.9,50.9,47.35,48.0,5501000
2024-10-16,55.9,55.9,55.9,51.7,51.9,13081000
2024-10-17,61.4,61.4,61.4,57.8,58.0,14994000
2024-10-18,66.2,66.2,67.5,61.8,66.3,28183000
2024-10-21,72.8,72.8,72.8,68.3,68.3,15085000
2024-10-22,80.0,80.0,80.0,73.8,73.8,7379000
2024-10-23,88.0,88.0,88.0,85.0,85.0,4378000
2024-10-24,92.6,92.6,96.8,88.0,96.8,11529000
2024-10-25,83.4,83.4,87.2,83.4,87.2,1779000
2024-10-28,87.9,87.9,89.0,77.7,79.5,5942000
2024-10-29,85.0,85.0,85.5,82.7,84.2,2238000
2024-10-30,82.0,82.0,85.0,82.0,83.7,1588000
2024-11-01,84.9,84.9,85.1,80.0,80.0,1715000
2024-11-04,82.7,82.7,85.5,81.1,85.0,1394000
2024-11-05,81.5,81.5,82.2,80.3,80.3,783000
2024-11-06,84.4,84.4,85.0,82.5,82.5,1556000
2024-11-07,83.0,83.0,83.5,82.0,82.5,1103000
2024-11-08,78.3,78.3,83.0,78.1,83.0,1796000
2024-11-11,80.8,80.8,86.1,78.0,80.8,26065000
2024-11-12,72.8,72.8,82.6,72.8,81.5,14843000
2024-11-13,70.1,70.1,76.4,68.8,71.3,8042000
2024-11-14,67.5,67.5,72.5,65.5,72.0,8462000
2024-11-15,68.9,68.9,71.6,66.7,68.9,7702000
2024-11-18,73.5,73.5,75.7,69.1,69.4,11037000
2024-11-19,74.1,74.1,75.8,72.3,74.5,8119000
2024-11-20,72.5,72.5,75.5,71.2,74.9,3583000
2024-11-21,70.6,70.6,72.3,70.5,72.0,2467000
2024-11-22,69.7,69.7,72.7,69.4,71.0,2579000
2024-11-25,69.2,69.2,71.1,68.8,70.0,2160000
2024-11-26,67.6,67.6,69.5,67.4,69.0,2333000
2024-11-27,69.2,69.2,72.4,68.0,68.8,7248000
2024-11-28,68.0,68.0,71.8,68.0,71.0,3819000
2024-11-29,68.6,68.6,68.8,67.5,68.1,1478000
2024-12-02,69.2,69.2,70.2,68.6,69.0,2156000
2024-12-03,69.6,69.6,71.5,69.1,69.5,2398000
2024-12-04,70.0,70.0,70.4,69.2,69.9,1835000
2024-12-05,73.2,73.2,74.9,71.0,71.0,9853000
2024-12-06,71.0,71.0,73.8,71.0,73.5,4418000
2024-12-09,69.8,69.8,71.9,69.3,71.5,2152000
2024-12-10,68.7,68.7,70.0,68.5,69.8,2673000
2024-12-11,68.8,68.8,69.6,68.5,68.5,2941000
2024-12-12,68.0,68.0,70.0,67.9,70.0,3024000
2024-12-13,65.0,65.0,69.0,64.6,68.0,5268000
2024-12-16,63.8,63.8,66.5,62.0,66.5,4386000
2024-12-17,64.6,64.6,64.7,62.5,63.8,2645000
2024-12-18,66.1,66.1,68.3,64.1,68.3,3267000
2024-12-19,63.3,63.3,65.3,63.3,64.9,1753000
2024-12-20,62.0,62.0,64.1,61.7,62.3,2028000
2024-12-23,63.9,63.9,64.4,62.3,62.5,2274000
2024-12-24,62.5,62.5,65.1,62.5,63.5,3082000
2024-12-25,62.0,62.0,63.5,61.9,62.7,1254000
2024-12-26,63.3,63.3,63.8,61.4,62.0,4430000
2024-12-27,61.8,61.8,63.6,61.7,63.6,1818000
2024-12-30,62.3,62.3,63.3,61.5,63.3,1321000
2024-12-31,61.1,61.1,62.6,60.9,62.3,1860000
2025-01-02,60.8,60.8,62.0,60.7,61.8,1226000
2025-01-03,60.7,60.7,61.6,60.4,61.6,1261000
2025-01-06,61.0,61.0,62.3,60.4,60.7,1919000
2025-01-07,60.8,60.8,61.6,59.8,61.5,2210000
2025-01-08,61.4,61.4,61.6,59.4,60.1,2944000
2025-01-09,63.4,63.4,66.6,60.9,62.6,5614000
2025-01-10,60.5,60.5,65.4,59.5,63.7,4840000
2025-01-13,59.8,59.8,61.0,58.5,60.0,1942000
2025-01-14,63.8,63.8,64.0,59.5,59.5,4275000
2025-01-15,63.0,63.0,65.9,62.9,63.7,3012000
2025-01-16,62.5,62.5,64.0,61.6,63.4,1491000
2025-01-17,60.8,60.8,62.4,60.6,61.7,1357000
2025-01-20,61.6,61.6,62.4,60.4,61.6,1148000
2025-01-21,64.1,64.1,64.4,60.6,61.4,2944000
2025-01-22,63.3,63.3,65.5,62.7,65.1,2972000
2025-02-03,62.3,62.3,63.0,60.8,62.6,1167000
2025-02-04,61.3,61.3,62.6,61.2,62.1,760000
2025-02-05,61.8,61.8,62.4,61.7,61.7,564000
2025-02-06,63.0,63.0,63.0,62.0,62.0,724000
2025-02-07,69.3,69.3,69.3,63.0,63.0,3795000
2025-02-10,76.2,76.2,76.2,70.7,75.0,15319000
2025-02-11,76.0,76.0,81.7,75.3,79.0,24733000
2025-02-12,72.6,72.6,79.0,71.6,75.9,11612000
2025-02-13,72.7,72.7,75.5,71.2,73.7,7112000
2025-02-14,72.8,72.8,74.5,71.8,72.7,3974000
2025-02-17,73.1,73.1,74.5,72.2,72.9,2909000
2025-02-18,72.0,72.0,73.8,72.0,73.5,2248000
2025-02-19,73.0,73.0,73.8,71.6,72.0,1860000
2025-02-20,74.9,74.9,78.5,73.4,73.6,9822000
2025-02-21,75.1,75.1,77.2,74.0,74.9,5075000
2025-02-24,73.8,73.8,75.0,73.6,74.0,1703000
2025-02-25,71.5,71.5,73.9,71.5,73.8,2343000
2025-02-26,71.2,71.2,73.1,70.5,71.5,1610000
2025-02-27,69.5,69.5,71.3,69.5,70.1,2142000
2025-03-03,67.8,67.8,69.5,67.8,68.9,1303000
2025-03-04,68.6,68.6,68.7,66.3,67.3,1120000
2025-03-05,68.4,68.4,69.0,68.0,68.5,1035000
2025-03-06,67.6,67.6,69.9,67.6,69.0,990000
2025-03-07,66.5,66.5,67.8,66.5,67.3,900000
2025-03-10,64.8,64.8,67.1,64.6,67.0,1206000
2025-03-11,62.7,62.7,62.9,60.0,62.2,2128000
2025-03-12,63.5,63.5,64.4,62.5,62.5,1084000
2025-03-13,62.6,62.6,64.4,62.4,63.8,1379000
2025-03-14,62.1,62.1,63.3,61.5,62.8,934000
2025-03-17,62.2,62.2,63.0,61.9,62.8,758000
2025-03-18,62.1,62.1,63.2,61.7,62.5,668000
2025-03-19,61.2,61.2,62.8,61.1,62.8,826000
2025-03-20,62.4,62.4,62.7,61.6,61.7,940000
2025-03-21,62.2,62.2,63.9,62.1,63.0,802000
2025-03-24,62.2,62.2,63.4,61.4,63.4,801000
2025-03-25,61.5,61.5,62.6,61.4,62.5,973000
2025-03-26,62.3,62.3,63.2,61.5,61.5,791000
2025-03-27,61.8,61.8,62.2,61.3,61.6,479000
2025-03-28,60.1,60.1,61.9,60.0,61.6,1034000
2025-03-31,56.1,56.1,58.5,55.7,58.2,1422000
2025-04-01,59.0,59.0,59.0,56.5,56.8,780000
2025-04-02,59.6,59.6,59.6,58.0,59.0,317000
2025-04-07,53.7,53.7,53.7,53.7,53.7,133000
2025-04-08,50.2,50.2,50.5,48.35,48.35,2071000
2025-04-09,45.2,45.2,50.3,45.2,50.2,1829000
2025-04-10,49.7,49.7,49.7,49.7,49.7,538000
2025-04-11,52.3,52.3,52.5,47.4,49.5,1136000
2025-04-14,53.7,53.7,56.7,52.8,56.4,1485000
2025-04-15,56.5,56.5,56.7,53.6,53.6,1111000
2025-04-16,55.2,55.2,57.1,55.1,57.0,589000
2025-04-17,54.6,54.6,55.5,53.7,55.1,738000
2025-04-18,56.4,56.4,58.8,54.4,55.4,1567000
2025-04-21,54.1,54.1,58.0,54.0,57.5,1232000
2025-04-22,51.7,51.7,53.0,51.5,52.0,716000
2025-04-23,53.5,53.5,54.1,52.9,53.4,714000
2025-04-24,54.2,54.2,54.9,53.6,54.5,568000
2025-04-25,54.1,54.1,55.4,53.9,55.0,506000
2025-04-28,55.2,55.2,55.4,54.2,54.3,430000
2025-04-29,57.5,57.5,57.8,55.3,55.8,816000
2025-04-30,56.6,56.6,58.5,56.2,58.5,958000
2025-05-02,56.7,56.7,57.5,56.2,56.7,589000
2025-05-05,54.3,54.3,57.9,53.8,57.9,543000
2025-05-06,54.9,54.9,55.3,53.7,54.1,319000
2025-05-07,54.5,54.5,55.2,54.3,54.9,286000
2025-05-08,55.6,55.6,55.7,54.5,54.5,320000
2025-05-09,57.2,57.2,58.0,55.9,55.9,1019000
2025-05-12,57.2,57.2,57.9,57.0,57.0,473000
2025-05-13,57.2,57.2,58.2,57.0,58.0,665000
2025-05-14,58.7,58.7,59.4,57.4,57.4,702000
2025-05-15,57.8,57.8,59.0,57.5,58.8,541000
2025-05-16,57.6,57.6,58.0,57.5,57.5,274000
2025-05-19,56.1,56.1,58.0,55.6,58.0,498000
2025-05-20,56.0,56.0,56.6,55.9,56.2,259000
2025-05-21,56.4,56.4,56.4,55.9,56.4,197000
2025-05-22,55.5,55.5,56.0,55.5,56.0,299000
2025-05-23,55.8,55.8,56.6,55.6,55.7,250000
2025-05-26,54.6,54.6,56.4,54.6,56.4,384000
2025-05-27,54.5,54.5,56.7,54.4,55.6,451000
2025-05-28,54.0,54.0,55.7,54.0,55.6,276000
2025-05-29,53.6,53.6,54.3,53.3,54.3,244000
2025-06-02,52.4,52.4,53.6,52.2,53.6,243000
2025-06-03,52.3,52.3,53.2,52.0,52.8,255000
2025-06-04,53.0,53.0,53.4,52.5,52.5,293000
2025-06-05,52.6,52.6,54.0,52.6,53.1,222000
2025-06-06,52.8,52.8,53.4,52.3,53.0,205000
2025-06-09,52.5,52.5,53.5,52.5,53.0,163000
2025-06-10,52.9,52.9,53.5,52.8,52.8,223000
2025-06-11,53.5,53.5,53.7,52.7,53.4,307000
2025-06-12,54.3,54.3,54.5,53.1,53.5,293000
2025-06-13,52.2,52.2,53.6,52.2,53.6,379000
2025-06-16,51.5,51.5,52.1,51.0,52.1,312000
2025-06-17,53.2,53.2,54.0,51.9,51.9,456000
2025-06-18,58.5,58.5,58.5,53.5,53.5,1309000
2025-06-19,60.7,60.7,64.1,59.2,61.3,10648000
2025-06-20,58.4,58.4,61.2,56.4,61.0,3861000
2025-06-23,55.8,55.8,57.8,55.2,57.7,2052000
2025-06-24,56.3,56.3,58.2,55.9,56.5,2036000
2025-06-25,56.6,56.6,58.8,56.4,56.7,2322000
2025-06-26,58.5,58.5,60.4,55.9,57.1,3730000
2025-06-27,64.3,64.3,64.3,58.5,59.2,12825000
2025-06-30,65.9,65.9,70.7,65.6,65.7,31406000
2025-07-01,63.3,63.3,65.1,63.0,64.1,8500000
2025-07-02,67.9,67.9,68.5,64.0,64.1,12430000
2025-07-03,67.9,67.9,69.3,66.0,68.0,9245000
2025-07-04,65.2,65.2,69.0,65.1,68.1,6442000
2025-07-07,62.2,62.2,64.9,61.8,64.5,3035000
2025-07-08,61.8,61.8,63.0,61.8,62.0,1715000
2025-07-09,61.0,61.0,61.9,60.8,61.4,1253000
2025-07-10,62.3,62.3,64.1,61.8,62.0,2883000
2025-07-11,62.3,62.3,63.9,62.0,62.6,1433000
2025-07-14,66.3,66.3,66.6,61.8,62.1,6171000
2025-07-15,65.6,65.6,71.5,65.5,68.7,10595000
2025-07-16,65.3,65.3,66.4,64.8,65.8,2925000
2025-07-17,66.5,66.5,68.3,65.4,65.4,4202000
2025-07-18,65.0,65.0,67.2,65.0,66.5,2094000
2025-07-21,63.5,63.5,65.0,63.2,64.7,1601000
2025-07-22,61.0,61.0,64.1,61.0,63.5,2082000
2025-07-23,62.5,62.5,64.3,61.1,61.1,2280000
2025-07-24,62.6,62.6,63.3,61.5,63.0,1108000
2025-07-25,62.0,62.0,63.0,61.8,62.7,605000
2025-07-28,62.0,62.0,62.7,61.6,62.2,556000
2025-07-29,60.9,60.9,62.1,60.6,61.7,1091000
2025-07-30,60.5,60.5,61.4,60.3,61.0,631000
2025-07-31,60.4,60.4,61.5,60.3,60.8,582000
2025-08-01,61.6,61.6,61.8,59.2,59.4,663000
2025-08-04,62.7,62.7,63.3,60.6,61.0,1166000
2025-08-05,63.4,63.4,64.2,63.0,63.0,1436000
2025-08-06,62.4,62.4,64.0,62.3,63.3,663000
2025-08-07,62.7,62.7,63.7,62.2,63.1,723000
2025-08-08,62.1,62.1,63.0,61.4,63.0,833000
2025-08-11,60.9,60.9,62.2,60.9,61.7,911000
2025-08-12,60.7,60.7,61.4,60.7,60.9,701000
2025-08-13,61.1,61.1,62.5,60.8,61.1,987000
2025-08-14,60.9,60.9,61.7,60.5,61.7,665000
2025-08-15,60.3,60.3,61.4,60.2,61.4,863000
2025-08-18,60.5,60.5,61.7,59.9,60.4,745000
2025-08-19,60.0,60.0,61.3,60.0,60.8,635000
2025-08-20,58.6,58.6,60.1,58.3,60.1,1219000
2025-08-21,59.6,59.6,60.8,59.1,59.1,576000
2025-08-22,60.4,60.4,61.2,59.9,60.2,801000
2025-08-25,61.1,61.1,61.6,61.0,61.2,675000
2025-08-26,60.5,60.5,61.3,60.3,61.2,426000
2025-08-27,60.9,60.9,61.3,60.6,60.8,579000
2025-08-28,62.7,62.7,63.3,60.7,61.0,1692000
2025-08-29,61.1,61.1,63.1,61.1,63.0,961000
2025-09-01,59.3,59.3,61.1,59.0,61.1,1035000
2025-09-02,58.4,58.4,59.8,57.7,59.6,926000
2025-09-03,58.6,58.6,59.2,58.3,58.3,272000
2025-09-04,58.9,58.9,59.3,58.4,59.0,420000
2025-09-05,59.3,59.3,59.5,58.7,59.5,384000
2025-09-08,59.5,59.5,60.5,59.2,59.5,486000
2025-09-09,59.0,59.0,60.2,58.5,60.2,670000
2025-09-10,60.5,60.5,60.8,59.2,59.4,1060000
2025-09-11,58.7,58.7,60.5,58.6,60.5,777000
2025-09-12,58.5,58.5,59.3,58.4,59.1,455000
2025-09-15,57.4,57.4,58.5,56.8,58.5,649000
2025-09-16,57.8,57.8,59.4,57.7,57.7,649000
2025-09-17,57.8,57.8,58.2,57.5,58.0,265000
2025-09-18,57.9,57.9,58.4,57.5,57.8,284000
2025-09-19,57.9,57.9,58.7,57.8,58.2,321000
2025-09-22,57.3,57.3,58.1,57.1,57.9,509000
2025-09-23,57.4,57.4,58.0,57.0,58.0,348000
2025-09-24,57.5,57.5,58.1,57.0,57.5,283000
2025-09-25,57.8,57.8,58.4,57.4,57.9,383000
2025-09-26,56.9,56.9,59.2,56.2,58.4,941000
2025-09-30,57.8,57.8,58.0,56.0,56.6,383000
2025-10-01,57.6,57.6,58.9,57.6,58.0,418000
2025-10-02,58.7,58.7,58.7,57.8,58.5,377000
2025-10-03,58.6,58.6,60.3,58.5,58.6,989000
2025-10-07,59.2,59.2,59.4,58.1,58.7,377000
2025-10-08,60.9,60.9,61.0,58.8,59.4,1041000
2025-10-09,63.3,63.3,64.4,60.5,61.2,3193000
2025-10-13,62.4,62.4,64.2,61.5,62.0,2056000
2025-10-14,61.0,61.0,63.7,60.9,63.0,1240000
2025-10-15,61.1,61.1,62.2,60.1,62.2,1082000
2025-10-16,61.1,61.1,61.8,60.3,61.1,818000
2025-10-17,62.7,62.7,63.6,61.1,61.1,1449000
2025-10-20,61.9,61.9,63.9,61.0,63.9,1706000
2025-10-21,62.4,62.4,63.9,62.0,62.0,1141000
2025-10-22,63.2,63.2,64.2,62.5,62.5,967000
2025-10-23,62.4,62.4,64.0,62.1,63.2,1136000
2025-10-27,61.0,61.0,63.2,60.5,63.1,1196000
2025-10-28,60.5,60.5,60.9,60.3,60.7,560000
2025-10-29,60.2,60.2,61.8,60.0,61.0,713000
2025-10-30,59.4,59.4,60.9,59.0,60.7,818000
2025-10-31,59.6,59.6,60.6,59.6,59.6,394000
2025-11-03,59.7,59.7,60.7,59.6,60.3,344000
2025-11-04,65.6,65.6,65.6,60.0,60.4,5774000
2025-11-05,66.1,66.1,71.9,64.9,65.6,32249000
2025-11-06,67.9,67.9,70.6,66.5,68.6,12651000
2025-11-07,65.1,65.1,67.7,65.1,66.6,4290000
2025-11-10,61.6,61.6,65.1,61.5,65.1,3065000
2025-11-11,60.5,60.5,62.4,60.3,60.9,1726000
2025-11-12,62.7,62.7,64.8,60.7,60.7,2294000
2025-11-13,63.7,63.7,64.5,61.4,63.3,2348000
2025-11-14,61.0,61.0,64.6,61.0,64.5,2727000
2025-11-17,59.6,59.6,61.3,59.6,61.3,1270000
2025-11-18,57.6,57.6,60.0,57.3,59.5,1701000
2025-11-19,57.7,57.7,58.9,57.5,57.5,825000
2025-11-20,57.9,57.9,58.8,57.8,58.3,561000
2025-11-21,56.2,56.2,58.1,56.1,57.5,795000
2025-11-24,56.4,56.4,56.8,55.8,56.4,690000
2025-11-25,57.0,57.0,57.3,56.4,56.4,540000
2025-11-26,58.2,58.2,59.7,57.2,57.2,910000
2025-11-27,58.0,58.0,58.6,57.8,58.6,379000
2025-11-28,58.7,58.7,59.2,58.1,58.1,375000
2025-12-01,59.3,59.3,59.3,58.5,59.2,424000
2025-12-02,58.1,58.1,59.3,58.1,59.3,631000
2025-12-03,58.7,58.7,59.4,58.6,58.8,391000
2025-12-04,58.6,58.6,59.5,58.5,59.3,393000
2025-12-05,58.6,58.6,59.5,58.5,59.1,370000
2025-12-08,59.0,59.0,59.5,58.6,59.3,350000
2025-12-09,58.3,58.3,59.1,58.1,59.1,364000
2025-12-10,58.3,58.3,58.8,58.0,58.5,207000
2025-12-11,58.0,58.0,58.8,57.7,58.8,309000
2025-12-12,57.8,57.8,59.0,57.8,58.1,412000
2025-12-15,57.9,57.9,58.3,56.8,57.5,317000
2025-12-16,57.1,57.1,58.3,56.5,57.9,398000
2025-12-17,57.1,57.1,58.5,57.1,57.1,345000
2025-12-18,56.9,56.9,57.3,56.9,57.1,218000
2025-12-19,58.2,58.2,58.3,57.5,57.6,329000
2025-12-22,58.0,58.0,58.5,57.9,58.3,405000
2025-12-23,57.8,57.8,59.0,57.7,59.0,271000
2025-12-24,57.5,57.5,58.6,57.5,58.0,369000
2025-12-26,56.8,56.8,57.9,56.8,57.7,590000
2025-12-29,56.9,56.9,57.7,56.8,56.9,368000
2025-12-30,56.8,56.8,57.3,56.3,56.9,410000
2025-12-31,57.5,57.5,57.9,56.6,56.8,548000
2026-01-02,58.5,58.5,58.6,57.5,57.5,489000
2026-01-05,56.9,56.9,58.5,56.7,58.5,600000
2026-01-06,57.0,57.0,57.4,56.7,57.3,276000
2026-01-07,57.2,57.2,57.4,56.5,57.0,537000
2026-01-08,57.2,57.2,57.6,56.8,57.1,424000
2026-01-09,57.9,57.9,58.0,56.7,57.4,590000
2026-01-12,56.7,56.7,57.9,56.7,57.5,659000
2026-01-13,56.2,56.2,57.0,56.1,57.0,471000
2026-01-14,57.4,57.4,57.5,56.2,56.2,545000
2026-01-15,56.6,56.6,57.7,56.6,57.7,386000
2026-01-16,56.3,56.3,58.0,56.2,57.1,703000
2026-01-19,55.6,55.6,56.3,55.2,56.3,1045000
2026-01-20,55.4,55.4,55.7,55.2,55.7,654000
2026-01-21,54.5,54.5,55.5,54.5,55.5,560000
2026-01-22,54.2,54.2,55.0,54.0,54.6,712000
2026-01-23,55.7,55.7,56.2,54.3,54.3,745000
2026-01-26,54.9,54.9,56.1,54.8,56.1,393000
2026-01-27,54.6,54.6,55.1,54.5,55.0,361000
2026-01-28,54.3,54.3,55.0,54.2,54.6,335000
2026-01-29,54.0,54.0,54.9,54.0,54.2,424000
2026-01-30,53.0,53.0,54.1,52.6,54.0,895000
2026-02-02,51.9,51.9,53.0,51.8,52.5,494000
2026-02-03,52.6,52.6,52.9,52.2,52.2,277000
2026-02-04,53.0,53.0,53.2,52.7,52.8,189000
2026-02-05,53.0,53.0,53.4,52.5,53.0,257000
2026-02-06,51.9,51.9,53.0,51.2,53.0,332000
2026-02-09,51.8,51.8,52.9,51.2,52.3,349000
2026-02-10,52.2,52.2,52.2,51.5,51.8,216000
2026-02-11,51.9,51.9,52.2,51.7,52.2,266000
2026-02-23,52.8,52.8,53.0,51.6,52.1,440000
2026-02-24,52.5,52.5,53.3,52.3,53.0,402000
2026-02-25,52.0,52.0,52.9,52.0,52.5,498000
2026-02-26,53.2,53.2,53.6,52.1,52.1,660000
2026-03-02,52.0,52.0,52.7,52.0,52.0,369000
2026-03-03,51.2,51.2,52.9,50.5,52.4,618000
2026-03-04,49.15,49.15,50.5,48.75,50.5,617000
2026-03-05,49.8,49.8,50.3,49.3,49.95,428000
2026-03-06,51.4,51.4,51.4,50.3,50.3,370000
2026-03-09,49.05,49.05,49.5,48.4,49.5,554000
2026-03-10,49.3,49.3,50.2,49.05,49.8,255000
2026-03-11,50.2,50.2,50.4,49.5,49.5,268000
2026-03-12,49.85,49.85,50.3,49.5,50.2,298000
2026-03-13,49.9,49.9,50.2,48.6,50.2,519000
2026-03-16,50.2,50.2,50.5,49.6,49.9,193000
2026-03-17,50.4,50.4,50.7,49.95,50.3,368000
2026-03-18,50.3,50.3,50.6,49.8,50.4,369000
2026-03-19,48.8,48.8,50.2,48.75,50.1,659000
2026-03-20,48.8,48.8,49.15,48.35,48.85,312000
2026-03-23,47.05,47.05,48.4,47.05,47.5,580000
2026-03-24,47.3,47.3,47.8,47.0,47.6,434000
2026-03-25,48.65,48.65,48.75,47.6,47.75,246000
2026-03-26,48.25,48.25,48.85,48.15,48.75,214000
2026-03-27,47.95,47.95,48.25,47.4,47.8,294000
2026-03-30,47.15,47.15,47.95,47.1,47.95,246000
2026-03-31,46.15,46.15,47.75,46.15,47.2,294000
2026-04-01,47.15,47.15,47.35,46.5,46.5,152000
2026-04-02,46.9,46.9,47.2,46.75,47.15,149000
2026-04-07,47.55,47.55,50.0,47.0,47.0,348000
2026-04-08,47.85,47.85,48.25,47.65,48.0,283000
2026-04-09,46.7,46.7,47.85,46.7,47.85,378000
2026-04-10,47.1,47.1,47.35,46.9,47.2,211000
2026-04-13,47.7,47.7,47.8,46.95,47.1,210000
2026-04-14,50.0,50.0,50.3,47.5,47.8,760000
2026-04-15,49.3,49.3,50.0,49.0,50.0,486000
2026-04-16,49.35,49.35,49.6,48.95,49.3,318000
2026-04-17,48.6,48.6,49.85,48.4,49.4,316000
2026-04-20,49.05,49.05,49.45,48.6,48.8,326000
2026-04-21,48.75,48.75,49.15,48.35,48.8,498000
2026-04-22,48.85,48.85,49.3,48.6,48.8,313000
2026-04-23,47.85,47.85,49.45,47.2,49.3,500000
2026-04-24,47.0,47.0,48.15,47.0,47.85,436000
2026-04-27,46.65,46.65,47.0,46.4,47.0,390000
2026-04-28,47.45,47.45,47.7,46.7,47.2,256000
2026-04-29,47.0,47.0,47.3,46.95,47.3,140000
2026-04-30,47.9,47.9,49.0,47.35,47.35,391000
2026-05-04,48.35,48.35,49.5,48.0,48.0,295000
2026-05-05,48.35,48.35,49.0,48.0,48.5,303000
2026-05-06,47.95,47.95,48.6,47.95,48.5,313000
2026-05-07,48.45,48.45,48.65,47.75,48.65,396000
2026-05-08,47.45,47.45,48.5,47.25,48.4,338000
2026-05-11,47.05,47.05,47.9,46.95,47.3,312000
2026-05-12,46.8,46.8,47.1,46.5,47.1,423000
2026-05-13,46.25,46.25,46.8,46.25,46.8,353000
2026-05-14,45.7,45.7,46.5,45.7,46.3,369000
2026-05-15,45.0,45.0,46.6,45.0,46.25,432000
2026-05-18,44.95,44.95,45.2,44.0,45.0,389000
2026-05-19,44.6,44.6,45.3,44.5,44.95,291000
2026-05-20,44.15,44.15,44.8,44.15,44.6,257000
2026-05-21,45.6,45.6,45.6,44.7,44.75,328000
2026-05-22,45.3,45.3,45.95,44.9,45.7,403000
2026-05-25,44.4,44.4,45.7,44.2,45.6,676000
2026-05-26,43.85,43.85,44.9,43.75,44.55,505000
2026-05-27,43.3,43.3,44.1,42.85,43.95,939000
2026-05-28,42.75,42.75,43.4,42.6,43.3,635000
2026-05-29,43.25,43.25,43.5,42.75,42.85,456000
2026-06-01,44.45,44.45,44.8,42.75,43.25,772000
2026-06-02,44.7,44.7,45.25,44.0,44.35,530000
2026-06-03,45.8,45.8,45.95,44.25,45.2,858000
2026-06-04,45.85,45.85,46.7,45.8,46.3,676000
2026-06-05,50.4,50.4,50.4,46.35,46.35,6716000
2026-06-08,49.0,49.0,51.5,47.1,49.8,5391000
2026-06-09,48.8,48.8,50.6,48.8,49.2,2693000
2026-06-10,47.85,47.85,51.5,47.55,48.7,3004000
2026-06-11,48.3,48.3,48.5,47.0,47.85,1253000
2026-06-12,48.2,48.2,49.2,48.0,49.2,833000
2026-06-15,47.7,47.7,48.75,47.6,48.75,587000
2026-06-16,47.3,47.3,48.0,47.0,48.0,593000
2026-06-17,47.45,47.45,47.9,47.15,47.15,320000
2026-06-18,47.4,47.4,47.7,46.95,47.45,536000
2026-06-22,47.2,47.2,47.75,47.05,47.55,820000
2026-06-23,46.25,46.25,47.4,46.0,47.4,637000
2026-06-24,46.7,46.7,47.2,45.8,46.25,241000
2026-06-25,47.45,47.45,48.7,46.5,46.7,708000
2026-06-26,46.5,46.5,48.15,46.5,48.15,547000
2026-06-29,46.8,46.8,47.45,46.3,46.55,316000
2026-06-30,47.45,47.45,47.6,46.85,46.95,826000
2026-07-01,46.65,46.65,47.7,46.65,47.7,556000
2026-07-02,46.35,46.35,46.85,46.25,46.25,422000
2026-07-03,47.05,47.05,47.6,46.3,46.5,864000
2026-07-06,46.85,46.85,48.0,46.8,47.4,835000
2026-07-07,46.2,46.2,46.95,46.15,46.9,423000
2026-07-08,46.1,46.1,46.55,45.85,46.55,293000
2026-07-09,45.9,45.9,46.15,45.7,46.1,457000
2026-07-13,43.7,43.7,45.0,43.6,45.0,463000
2026-07-14,42.7,42.7,44.5,42.2,43.8,624000
2026-07-15,43.7,43.7,43.7,42.75,42.75,177000
2026-07-16,43.4,43.4,43.7,43.1,43.4,158000
2026-07-17,41.8,41.8,43.15,41.75,42.0,664000
2026-07-20,42.25,42.25,42.55,40.95,41.8,273000
2026-07-21,42.55,42.55,42.85,42.5,42.5,154000
2026-07-22,42.9,42.9,43.05,42.4,42.6,239000
2026-07-23,42.4,42.4,42.9,42.2,42.9,103000
2026-07-24,42.9,42.9,42.9,42.3,42.4,160000
2026-07-27,42.55,42.55,42.7,42.3,42.7,81000
2026-07-28,41.6,41.6,42.25,41.55,42.1,260000
2026-07-29,40.45,40.45,41.65,40.05,41.65,541000
2026-07-30,40.2,40.2,40.95,40.0,40.1,342000
2026-07-31,40.75,40.75,41.5,40.3,41.4,587000
2026-08-03,41.7,41.7,41.8,40.75,40.9,197000
2026-08-04,41.65,41.65,41.9,41.3,41.9,223000
2026-08-05,42.2,42.2,42.35,41.8,41.8,261000
2026-08-06,42.5,42.5,42.6,41.95,42.6,177000
2026-08-07,43.65,43.65,44.35,42.5,42.8,588000
2026-08-10,43.35,43.35,44.3,43.1,44.3,212000
2026-08-11,43.0,43.0,43.55,42.7,43.45,156000
2026-08-12,43.25,43.25,43.5,43.0,43.1,140000
2026-08-13,42.85,42.85,43.35,42.75,43.35,133000
2026-08-14,42.2,42.2,43.3,42.1,43.3,158000
2026-08-17,41.85,41.85,42.25,41.85,42.2,108000
2026-08-18,41.85,41.85,42.15,41.65,41.65,114000
2026-08-19,41.9,41.9,42.1,41.7,41.95,97000
2026-08-20,41.9,41.9,42.15,41.85,41.95,106000
2026-08-21,42.1,42.1,42.45,41.9,41.9,73000
2026-08-24,41.9,41.9,42.45,41.9,42.2,103416
2026-08-25,41.7,41.7,41.9,41.3,41.9,98320
2026-08-26,41.85,41.85,42.1,41.5,41.7,143031
2026-08-27,42.2,42.2,42.5,41.45,41.5,173658
2026-08-28,41.85,41.85,42.05,41.75,42.05,161484
2026-08-31,41.55,41.55,42.0,41.5,41.85,133145
2026-09-01,41.35,41.35,41.55,41.3,41.55,229655
2026-09-02,41.0,41.0,41.35,41.0,41.35,139136
2026-09-03,40.8,40.8,41.4,40.8,41.4,199209
2026-09-04,41.25,41.25,41.35,40.6,40.9,165741
