Price,Adj Close,Close,High,Low,Open,Volume
Ticker,6831.TW,6831.TW,6831.TW,6831.TW,6831.TW,6831.TW
Date,,,,,,
2021-08-11,70.49321746826172,73.18148040771484,73.74134063720703,58.785125732421875,58.785125732421875,1190197
2021-08-12,64.7921371459961,67.26297760009766,71.18199157714844,64.86358642578125,71.18199157714844,802385
2021-08-13,54.468536376953125,56.545692443847656,67.58290100097656,54.38623809814453,66.46318054199219,729108
2021-08-16,53.15882873535156,55.18603515625,57.18553161621094,54.546199798583984,57.02557373046875,538204
2021-08-17,52.003204345703125,53.9863395690918,55.905853271484375,53.58644104003906,55.5859375,593056
2021-08-18,56.933876037597656,59.105045318603516,61.024559020996094,53.666419982910156,54.866119384765625,791600
2021-08-19,56.24049758911133,58.38522720336914,61.024559020996094,56.8656120300293,58.38522720336914,420127
2021-08-20,52.77362060546875,54.786136627197266,59.105045318603516,51.187049865722656,58.30524826049805,202823
2021-08-23,50.84757995605469,52.786643981933594,54.62617874145508,52.54670333862305,54.38623809814453,27757
2021-08-24,50.84757995605469,52.786643981933594,52.786643981933594,52.38674545288086,52.54670333862305,35158
2021-08-25,52.003204345703125,53.9863395690918,54.14630126953125,53.50646209716797,53.50646209716797,8908
2021-08-26,51.61799240112305,53.58644104003906,54.786136627197266,53.58644104003906,54.46622085571289,13968
2021-08-27,49.30674362182617,51.187049865722656,52.626686096191406,50.94710922241211,52.626686096191406,145435
2021-08-30,44.68423080444336,46.38826370239258,51.0270881652832,46.38826370239258,51.0270881652832,138334
2021-08-31,46.3021125793457,48.06783676147461,48.867637634277344,47.26803970336914,48.14781951904297,56241
2021-09-01,49.30674362182617,51.187049865722656,51.187049865722656,48.70767593383789,48.787654876708984,145316
2021-09-02,48.53632354736328,50.38725280761719,50.38725280761719,49.18755340576172,49.18755340576172,8752
2021-09-03,48.15111541748047,49.98735046386719,51.347007751464844,49.58745193481445,49.98735046386719,23005
2021-09-06,47.38069534301758,49.18755340576172,51.347007751464844,49.107574462890625,51.347007751464844,17639
2021-09-07,47.22661209106445,49.02759552001953,49.18755340576172,49.02759552001953,49.02759552001953,3875
2021-09-08,45.83985900878906,47.58795928955078,48.787654876708984,47.58795928955078,47.667938232421875,13779
2021-09-09,46.22507095336914,47.987857818603516,48.38775634765625,47.58795928955078,47.987857818603516,16329
2021-09-10,45.83985900878906,47.58795928955078,48.14781951904297,47.428001403808594,47.82789993286133,55639
2021-09-13,42.75818634033203,44.38876724243164,47.58795928955078,44.14883041381836,46.46824264526367,60609
2021-09-14,40.8321418762207,42.38927459716797,44.14883041381836,41.90939712524414,44.14883041381836,86676
2021-09-15,44.83831787109375,46.548221588134766,47.18806076049805,43.18907165527344,43.18907165527344,82833
2021-09-16,44.14494323730469,45.82840347290039,46.78816223144531,45.6684455871582,45.6684455871582,31633
2021-09-17,43.913818359375,45.58846664428711,45.58846664428711,45.58846664428711,45.58846664428711,5126
2021-09-22,40.2158088684082,41.74943542480469,45.108585357666016,40.78968048095703,44.46875,76831
2021-09-23,38.90610122680664,40.3897819519043,41.189579010009766,39.47001266479492,41.189579010009766,31070
2021-09-24,40.061729431152344,41.5894775390625,41.90939712524414,40.78968048095703,41.189579010009766,34042
2021-09-27,38.75201416015625,40.229820251464844,40.70970153808594,40.14984130859375,40.46976089477539,51888
2021-09-28,38.21272659301758,39.66996383666992,40.70970153808594,39.23007583618164,40.229820251464844,66429
2021-09-29,37.7504768371582,39.19008255004883,40.70970153808594,39.19008255004883,40.70970153808594,37797
2021-09-30,36.86449432373047,38.27031707763672,39.310054779052734,37.990386962890625,39.19008255004883,56739
2021-10-01,36.51780319213867,37.91040802001953,38.27031707763672,36.07087326049805,38.27031707763672,26544
2021-10-04,35.7088737487793,37.070621490478516,38.35029602050781,36.83068084716797,37.59048843383789,35496
2021-10-05,37.09562301635742,38.510257720947266,38.510257720947266,36.83068084716797,38.35029602050781,44333
2021-10-06,35.74738693237305,37.11061096191406,37.990386962890625,37.11061096191406,37.870418548583984,68742
2021-10-07,35.4392204284668,36.79069137573242,37.59048843383789,36.39079284667969,37.59048843383789,51300
2021-10-08,38.67497634887695,40.14984130859375,40.14984130859375,37.190589904785156,37.190589904785156,99478
2021-10-12,37.365264892578125,38.790184020996094,38.95014572143555,38.23032760620117,38.27031707763672,112640
2021-10-13,35.824432373046875,37.190589904785156,39.51000213623047,36.91065979003906,39.51000213623047,36753
2021-10-14,36.0555534362793,37.4305305480957,37.870418548583984,36.91065979003906,37.070621490478516,136378
2021-10-15,36.017032623291016,37.39053726196289,37.39053726196289,35.79094314575195,37.15060043334961,36821
2021-10-18,34.745845794677734,36.07087326049805,36.39079284667969,35.79094314575195,35.79094314575195,59202
2021-10-19,36.09407424926758,37.47052001953125,37.47052001953125,35.79094314575195,35.79094314575195,105214
2021-10-20,35.74738693237305,37.11061096191406,38.39028549194336,37.11061096191406,37.190589904785156,80922
2021-10-21,36.55632781982422,37.95039749145508,37.95039749145508,36.79069137573242,36.79069137573242,5126
2021-10-22,37.365264892578125,38.790184020996094,39.98988342285156,37.870418548583984,37.95039749145508,116797
2021-10-25,37.17266082763672,38.59023666381836,38.59023666381836,37.550498962402344,37.63047790527344,26206
2021-10-26,37.7504768371582,39.19008255004883,39.19008255004883,37.59048843383789,37.59048843383789,31820
2021-10-27,40.061729431152344,41.5894775390625,41.669456481933594,39.94989013671875,39.94989013671875,44957
2021-10-28,41.21735382080078,42.7891731262207,44.94862747192383,40.78968048095703,41.74943542480469,263404
2021-10-29,42.372982025146484,43.988868713378906,43.988868713378906,42.46925354003906,43.668949127197266,41197
2021-11-01,43.3745231628418,45.02860641479492,46.38826370239258,43.90888977050781,45.18856430053711,54580
2021-11-02,46.22507095336914,47.987857818603516,49.58745193481445,45.58846664428711,45.58846664428711,70790
2021-11-03,44.76127624511719,46.46824264526367,48.787654876708984,46.46824264526367,48.5477180480957,10833
2021-11-04,45.83985900878906,47.58795928955078,48.70767593383789,46.46824264526367,47.50798034667969,24297
2021-11-05,45.454654693603516,47.18806076049805,48.70767593383789,46.46824264526367,48.70767593383789,14353
2021-11-08,45.7628173828125,47.50798034667969,48.70767593383789,47.50798034667969,48.70767593383789,3750
2021-11-09,48.84449005126953,50.70716857910156,53.02658462524414,47.50798034667969,47.50798034667969,147364
2021-11-10,50.00011444091797,51.90686798095703,51.90686798095703,49.98735046386719,50.06733322143555,23843
2021-11-11,46.99549102783203,48.787654876708984,50.78715133666992,48.6276969909668,50.06733322143555,17008
2021-11-12,47.14957046508789,48.94761657714844,50.867130279541016,48.94761657714844,49.747413635253906,46184
2021-11-15,45.2235221862793,46.9481201171875,48.787654876708984,45.58846664428711,47.987857818603516,85467
2021-11-16,43.836769104003906,45.50848388671875,45.7484245300293,44.70868682861328,45.6684455871582,35761
2021-11-17,45.454654693603516,47.18806076049805,48.787654876708984,45.26854705810547,45.58846664428711,58202
2021-11-18,45.53169250488281,47.26803970336914,47.348018646240234,45.988365173339844,46.06834411621094,48844
2021-11-19,44.83831787109375,46.548221588134766,46.548221588134766,46.46824264526367,46.46824264526367,11252
2021-11-22,43.913818359375,45.58846664428711,47.10808181762695,45.108585357666016,46.06834411621094,43352
2021-11-23,45.37761306762695,47.10808181762695,47.10808181762695,45.108585357666016,45.108585357666016,51137
2021-11-24,45.7628173828125,47.50798034667969,48.787654876708984,45.108585357666016,45.108585357666016,96524
2021-11-25,45.99394607543945,47.74791717529297,48.14781951904297,46.70818328857422,47.90787887573242,93086
2021-11-26,42.60410690307617,44.22880935668945,47.18806076049805,43.50899124145508,47.18806076049805,121105
2021-11-29,44.221981048583984,45.908382415771484,45.908382415771484,44.78866958618164,44.78866958618164,1375
2021-11-30,43.52860641479492,45.18856430053711,46.228302001953125,45.02860641479492,45.428504943847656,28633
2021-12-01,43.68269348144531,45.34852600097656,46.14832305908203,44.068851470947266,45.26854705810547,15131
2021-12-02,42.60410690307617,44.22880935668945,45.18856430053711,43.988868713378906,44.068851470947266,88334
2021-12-03,41.60256576538086,43.18907165527344,44.78866958618164,43.18907165527344,43.988868713378906,31257
2021-12-06,43.913818359375,45.58846664428711,45.58846664428711,44.548728942871094,45.108585357666016,184671
2021-12-07,45.06944274902344,46.78816223144531,47.18806076049805,44.78866958618164,45.58846664428711,291698
2021-12-08,47.997032165527344,49.827392578125,49.827392578125,47.18806076049805,47.987857818603516,317817
2021-12-09,50.00011444091797,51.90686798095703,54.46622085571289,49.58745193481445,50.14731216430664,224590
2021-12-10,47.611820220947266,49.427494049072266,51.986846923828125,48.6276969909668,51.986846923828125,141081
2021-12-13,46.76436233520508,48.5477180480957,49.58745193481445,47.18806076049805,49.50747299194336,103127
2021-12-14,46.99549102783203,48.787654876708984,48.787654876708984,47.987857818603516,48.5477180480957,80181
2021-12-15,46.99549102783203,48.787654876708984,48.94761657714844,47.987857818603516,48.14781951904297,63269
2021-12-16,47.38069534301758,49.18755340576172,50.30727005004883,48.467735290527344,50.30727005004883,22005
2021-12-17,46.99549102783203,48.787654876708984,50.30727005004883,48.38775634765625,50.30727005004883,39872
2021-12-20,45.83985900878906,47.58795928955078,47.987857818603516,47.58795928955078,47.667938232421875,31828
2021-12-21,45.916900634765625,47.667938232421875,48.70767593383789,46.46824264526367,46.46824264526367,24247
2021-12-22,46.379154205322266,48.14781951904297,48.787654876708984,46.46824264526367,48.787654876708984,20698
2021-12-23,45.83985900878906,47.58795928955078,47.58795928955078,46.46824264526367,46.46824264526367,3750
2021-12-24,45.146484375,46.868141174316406,48.70767593383789,46.46824264526367,48.70767593383789,50137
2021-12-27,47.611820220947266,49.427494049072266,49.66743469238281,47.02810287475586,47.02810287475586,81205
2021-12-28,48.53632354736328,50.38725280761719,52.626686096191406,49.98735046386719,49.98735046386719,104563
2021-12-29,48.305198669433594,50.14731216430664,51.1070671081543,49.66743469238281,49.66743469238281,28382
2021-12-30,47.91999053955078,49.747413635253906,50.14731216430664,49.66743469238281,49.66743469238281,30145
2022-01-03,46.99549102783203,48.787654876708984,49.747413635253906,48.5477180480957,49.747413635253906,55020
2022-01-04,46.61027526855469,48.38775634765625,48.6276969909668,47.90787887573242,48.467735290527344,41855
2022-01-05,46.53323745727539,48.307777404785156,49.50747299194336,48.307777404785156,49.50747299194336,39386
2022-01-06,45.60873794555664,47.348018646240234,48.38775634765625,47.18806076049805,48.307777404785156,160478
2022-01-07,46.379154205322266,48.14781951904297,48.38775634765625,47.428001403808594,47.428001403808594,86378
2022-01-10,45.83985900878906,47.58795928955078,48.787654876708984,47.18806076049805,47.987857818603516,129907
2022-01-11,46.687320709228516,48.467735290527344,49.747413635253906,47.348018646240234,48.06783676147461,83708
2022-01-12,45.916900634765625,47.667938232421875,48.787654876708984,47.667938232421875,48.787654876708984,51262
2022-01-13,45.83985900878906,47.58795928955078,47.90787887573242,47.10808181762695,47.90787887573242,26632
2022-01-14,45.99394607543945,47.74791717529297,48.5477180480957,47.348018646240234,47.428001403808594,33793
2022-01-17,45.60873794555664,47.348018646240234,47.74791717529297,47.02810287475586,47.58795928955078,90320
2022-01-18,45.454654693603516,47.18806076049805,47.58795928955078,46.868141174316406,47.18806076049805,40635
2022-01-19,45.454654693603516,47.18806076049805,47.348018646240234,46.9481201171875,47.18806076049805,15566
2022-01-20,45.06944274902344,46.78816223144531,47.26803970336914,46.78816223144531,46.868141174316406,13878
2022-01-21,45.2235221862793,46.9481201171875,47.26803970336914,46.228302001953125,46.78816223144531,35759
2022-01-24,44.14494323730469,45.82840347290039,46.548221588134766,45.428504943847656,46.38826370239258,39922
2022-01-25,44.221981048583984,45.908382415771484,45.908382415771484,45.7484245300293,45.7484245300293,3750
2022-01-26,44.29903030395508,45.988365173339844,46.62820053100586,45.58846664428711,45.58846664428711,10177
2022-02-07,43.913818359375,45.58846664428711,46.38826370239258,45.58846664428711,46.38826370239258,11322
2022-02-08,44.76127624511719,46.46824264526367,46.46824264526367,45.908382415771484,45.988365173339844,18747
2022-02-09,44.06789779663086,45.7484245300293,46.38826370239258,45.7484245300293,46.308284759521484,26569
2022-02-10,44.29903030395508,45.988365173339844,46.308284759521484,45.58846664428711,45.6684455871582,17879
2022-02-11,44.45310592651367,46.14832305908203,46.14832305908203,45.82840347290039,45.988365173339844,21255
2022-02-14,43.52860641479492,45.18856430053711,45.908382415771484,45.18856430053711,45.58846664428711,15066
2022-02-15,43.14339828491211,44.78866958618164,45.6684455871582,44.78866958618164,45.50848388671875,63032
2022-02-16,43.913818359375,45.58846664428711,45.58846664428711,44.78866958618164,44.78866958618164,24256
2022-02-17,44.29903030395508,45.988365173339844,46.308284759521484,45.18856430053711,45.18856430053711,45536
2022-02-18,43.14339828491211,44.78866958618164,45.58846664428711,44.22880935668945,45.58846664428711,59139
2022-02-21,42.681148529052734,44.30878829956055,45.108585357666016,43.988868713378906,45.108585357666016,73633
2022-02-22,40.986228942871094,42.549232482910156,44.14883041381836,42.06935501098633,43.988868713378906,57890
2022-02-23,40.8321418762207,42.38927459716797,42.70919418334961,41.90939712524414,42.629215240478516,95592
2022-02-24,47.303653717041016,49.107574462890625,50.70716857910156,42.38927459716797,42.7891731262207,804092
2022-02-25,48.382240295410156,50.227291107177734,53.26652145385742,49.34751510620117,49.98735046386719,745449
2022-03-01,46.22507095336914,47.987857818603516,51.58694839477539,47.26803970336914,51.187049865722656,352329
2022-03-02,45.83985900878906,47.58795928955078,48.787654876708984,46.9481201171875,47.987857818603516,167226
2022-03-03,46.76436233520508,48.5477180480957,49.18755340576172,47.18806076049805,47.82789993286133,142178
2022-03-04,45.83985900878906,47.58795928955078,48.307777404785156,46.868141174316406,48.22779846191406,130706
2022-03-07,42.75818634033203,44.38876724243164,47.18806076049805,43.988868713378906,47.18806076049805,130020
2022-03-08,41.60256576538086,43.18907165527344,44.94862747192383,42.46925354003906,43.988868713378906,112038
2022-03-09,42.75818634033203,44.38876724243164,44.38876724243164,43.02911376953125,43.34903335571289,45496
2022-03-10,42.52706527709961,44.14883041381836,45.18856430053711,43.988868713378906,45.18856430053711,61234
2022-03-11,42.218902587890625,43.82891082763672,44.068851470947266,43.429012298583984,43.668949127197266,48012
2022-03-14,41.83368682861328,43.429012298583984,43.58897018432617,43.02911376953125,43.18907165527344,34446
2022-03-15,40.8321418762207,42.38927459716797,43.109092712402344,42.309295654296875,43.109092712402344,41285
2022-03-16,40.986228942871094,42.549232482910156,42.629215240478516,42.22931671142578,42.629215240478516,25318
2022-03-17,41.679603576660156,43.26905059814453,43.988868713378906,42.7891731262207,42.7891731262207,29569
2022-03-18,41.83368682861328,43.429012298583984,44.22880935668945,43.02911376953125,44.22880935668945,28983
2022-03-21,41.75664520263672,43.34903335571289,43.988868713378906,43.34903335571289,43.34903335571289,1569
2022-03-22,41.21735382080078,42.7891731262207,43.34903335571289,41.989376068115234,43.34903335571289,53806
2022-03-23,41.21735382080078,42.7891731262207,43.90888977050781,42.38927459716797,42.38927459716797,30258
2022-03-24,40.67806625366211,42.22931671142578,43.109092712402344,42.22931671142578,42.629215240478516,62828
2022-03-25,40.75510787963867,42.309295654296875,43.34903335571289,42.309295654296875,42.46925354003906,31145
2022-03-28,39.52243423461914,41.02961730957031,42.46925354003906,40.869659423828125,42.46925354003906,77413
2022-03-29,39.29130935668945,40.78968048095703,41.509498596191406,40.62971878051758,41.189579010009766,61246
2022-03-30,40.061729431152344,41.5894775390625,42.06935501098633,39.98988342285156,40.62971878051758,91885
2022-03-31,39.984683990478516,41.509498596191406,41.509498596191406,40.78968048095703,41.189579010009766,27256
2022-04-01,39.984683990478516,41.509498596191406,41.509498596191406,41.509498596191406,41.509498596191406,0
2022-04-06,40.29285430908203,41.82941436767578,42.7891731262207,41.5894775390625,42.309295654296875,15181
2022-04-07,39.67652130126953,41.189579010009766,42.38927459716797,41.02961730957031,42.38927459716797,89897
2022-04-08,39.67652130126953,41.189579010009766,41.74943542480469,40.78968048095703,41.5894775390625,9271
2022-04-11,38.75201416015625,40.229820251464844,41.989376068115234,40.229820251464844,41.189579010009766,26959
2022-04-12,39.36834716796875,40.869659423828125,40.94963836669922,40.14984130859375,40.869659423828125,5320
2022-04-13,40.52397537231445,42.06935501098633,42.06935501098633,40.94963836669922,40.94963836669922,41660
2022-04-14,39.59947204589844,41.109596252441406,41.989376068115234,41.02961730957031,41.26955795288086,9252
2022-04-15,40.44693374633789,41.989376068115234,41.989376068115234,41.02961730957031,41.509498596191406,9129
2022-04-18,39.214271545410156,40.70970153808594,41.5894775390625,40.549739837646484,40.549739837646484,20457
2022-04-19,38.98314666748047,40.46976089477539,40.62971878051758,40.46976089477539,40.62971878051758,10002
2022-04-20,38.67497634887695,40.14984130859375,40.46976089477539,39.98988342285156,40.46976089477539,35974
2022-04-21,39.29130935668945,40.78968048095703,40.78968048095703,40.229820251464844,40.3897819519043,17518
2022-04-22,38.90610122680664,40.3897819519043,40.70970153808594,40.069862365722656,40.069862365722656,13315
2022-04-25,38.36681365966797,39.82992172241211,40.869659423828125,39.82992172241211,40.78968048095703,47269
2022-04-26,38.52088928222656,39.98988342285156,40.14984130859375,39.66996383666992,39.94989013671875,17880
2022-04-27,37.365264892578125,38.790184020996094,39.35004425048828,38.75019454956055,39.19008255004883,62178
2022-04-28,37.711952209472656,39.15009307861328,39.15009307861328,39.15009307861328,39.15009307861328,8277
2022-04-29,38.48236846923828,39.94989013671875,39.94989013671875,39.15009307861328,39.15009307861328,14077
2022-05-03,37.7504768371582,39.19008255004883,39.94989013671875,39.19008255004883,39.94989013671875,7503
2022-05-04,37.44230651855469,38.87016677856445,38.87016677856445,38.710205078125,38.710205078125,7539
2022-05-05,37.981597900390625,39.430023193359375,39.98988342285156,39.310054779052734,39.98988342285156,20505
2022-05-06,38.32828903198242,39.78993225097656,39.82992172241211,39.78993225097656,39.82992172241211,12503
2022-05-09,37.05709457397461,38.47026443481445,39.58998489379883,38.47026443481445,39.58998489379883,36309
2022-05-10,37.59638977050781,39.03012466430664,39.51000213623047,37.83042907714844,38.23032760620117,52768
2022-05-11,37.365264892578125,38.790184020996094,38.87016677856445,38.710205078125,38.710205078125,16254
2022-05-12,37.44230651855469,38.87016677856445,38.87016677856445,38.710205078125,38.83017349243164,30336
2022-05-13,36.55632781982422,37.95039749145508,39.58998489379883,37.83042907714844,39.51000213623047,91523
2022-05-16,37.7504768371582,39.19008255004883,39.749942779541016,39.03012466430664,39.110103607177734,18881
2022-05-17,38.135684967041016,39.58998489379883,39.749942779541016,39.03012466430664,39.03012466430664,32509
2022-05-18,38.98314666748047,40.46976089477539,40.46976089477539,39.98988342285156,39.98988342285156,6252
2022-05-19,39.29130935668945,40.78968048095703,40.78968048095703,39.58998489379883,39.66996383666992,11879
2022-05-20,38.52088928222656,39.98988342285156,39.98988342285156,39.98988342285156,39.98988342285156,2500
2022-05-23,38.52088928222656,39.98988342285156,39.98988342285156,39.98988342285156,39.98988342285156,0
2022-05-24,38.52088928222656,39.98988342285156,39.98988342285156,39.98988342285156,39.98988342285156,0
2022-05-25,37.788997650146484,39.23007583618164,39.23007583618164,39.23007583618164,39.23007583618164,125
2022-05-26,38.82905960083008,40.30979919433594,40.46976089477539,39.23007583618164,40.46976089477539,12629
2022-05-27,38.02012252807617,39.47001266479492,39.58998489379883,39.03012466430664,39.430023193359375,23447
2022-05-30,38.36681365966797,39.82992172241211,40.70970153808594,39.82992172241211,39.94989013671875,35760
2022-05-31,39.67652130126953,41.189579010009766,41.189579010009766,39.70995330810547,39.70995330810547,25006
2022-06-01,39.36834716796875,40.869659423828125,41.189579010009766,40.70970153808594,40.70970153808594,6626
2022-06-02,38.59793472290039,40.069862365722656,41.189579010009766,40.069862365722656,41.02961730957031,13628
2022-06-06,40.061729431152344,41.5894775390625,42.629215240478516,40.78968048095703,40.78968048095703,42583
2022-06-07,41.44847869873047,43.02911376953125,43.34903335571289,42.38927459716797,42.7891731262207,49842
2022-06-08,41.5255241394043,43.109092712402344,43.109092712402344,42.38927459716797,42.8691520690918,17505
2022-06-09,41.21735382080078,42.7891731262207,42.7891731262207,42.629215240478516,42.629215240478516,5126
2022-06-10,39.67652130126953,41.189579010009766,42.22931671142578,40.94963836669922,42.22931671142578,34259
2022-06-13,39.59947204589844,41.109596252441406,41.34953689575195,40.94963836669922,41.34953689575195,22130
2022-06-14,38.44384765625,39.9099006652832,40.78968048095703,39.82992172241211,40.78968048095703,22005
2022-06-15,38.52088928222656,39.98988342285156,40.069862365722656,39.23007583618164,39.23007583618164,9064
2022-06-16,38.097164154052734,39.549991607666016,39.78993225097656,39.19008255004883,39.549991607666016,89147
2022-06-17,38.097164154052734,39.549991607666016,39.549991607666016,38.03037643432617,38.790184020996094,33633
2022-06-20,37.365264892578125,38.790184020996094,39.549991607666016,38.790184020996094,39.549991607666016,43135
2022-06-21,37.673431396484375,39.110103607177734,39.19008255004883,38.95014572143555,39.19008255004883,17504
2022-06-22,37.59638977050781,39.03012466430664,39.27006530761719,39.03012466430664,39.19008255004883,25256
2022-06-23,37.365264892578125,38.790184020996094,39.07011413574219,38.630226135253906,38.91015625,26756
2022-06-24,37.7504768371582,39.19008255004883,39.19008255004883,39.19008255004883,39.19008255004883,1262
2022-06-27,37.8275146484375,39.27006530761719,39.27006530761719,39.27006530761719,39.27006530761719,125
2022-06-28,37.7504768371582,39.19008255004883,39.19008255004883,38.83017349243164,38.83017349243164,11602
2022-06-29,37.365264892578125,38.790184020996094,39.310054779052734,38.790184020996094,39.310054779052734,18879
2022-06-30,37.365264892578125,38.790184020996094,39.27006530761719,38.67021560668945,38.67021560668945,7501
2022-07-01,37.28822326660156,38.710205078125,38.91015625,38.55024719238281,38.710205078125,33758
2022-07-04,36.98005294799805,38.39028549194336,38.790184020996094,38.27031707763672,38.790184020996094,5447
2022-07-05,36.98005294799805,38.39028549194336,38.510257720947266,38.39028549194336,38.39028549194336,16504
2022-07-06,36.82597351074219,38.23032760620117,38.39028549194336,38.23032760620117,38.39028549194336,27506
2022-07-07,37.51934814453125,38.95014572143555,38.95014572143555,38.35029602050781,38.47026443481445,5001
2022-07-08,37.51934814453125,38.95014572143555,38.95014572143555,38.95014572143555,38.95014572143555,0
2022-07-11,38.52088928222656,39.98988342285156,40.069862365722656,39.82992172241211,40.069862365722656,10172
2022-07-12,38.52088928222656,39.98988342285156,39.98988342285156,39.27006530761719,39.27006530761719,25256
2022-07-13,38.25124740600586,39.70995330810547,39.70995330810547,39.430023193359375,39.66996383666992,15003
2022-07-14,38.25124740600586,39.70995330810547,39.70995330810547,39.70995330810547,39.70995330810547,0
2022-07-15,38.135684967041016,39.58998489379883,39.9099006652832,39.430023193359375,39.749942779541016,6254
2022-07-18,38.48236846923828,39.94989013671875,39.94989013671875,39.629974365234375,39.78993225097656,1340
2022-07-19,38.48236846923828,39.94989013671875,39.94989013671875,39.94989013671875,39.94989013671875,5
2022-07-20,38.44384765625,39.9099006652832,39.94989013671875,39.51000213623047,39.94989013671875,12630
2022-07-21,38.44384765625,39.9099006652832,39.9099006652832,39.58998489379883,39.869911193847656,21257
2022-07-22,38.82905960083008,40.30979919433594,40.30979919433594,39.94989013671875,39.94989013671875,10252
2022-07-25,39.44539260864258,40.94963836669922,41.669456481933594,40.14984130859375,40.14984130859375,4663
2022-07-26,39.44539260864258,40.94963836669922,40.94963836669922,40.94963836669922,40.94963836669922,0
2022-07-27,39.44539260864258,40.94963836669922,40.94963836669922,40.94963836669922,40.94963836669922,1
2022-07-28,39.44539260864258,40.94963836669922,40.94963836669922,40.78968048095703,40.94963836669922,20131
2022-07-29,39.52243423461914,41.02961730957031,41.02961730957031,41.02961730957031,41.02961730957031,126
2022-08-01,38.98314666748047,40.46976089477539,41.02961730957031,40.46976089477539,41.02961730957031,7501
2022-08-02,40.75510787963867,42.309295654296875,42.7891731262207,40.70970153808594,40.70970153808594,144362
2022-08-03,40.061729431152344,41.5894775390625,42.629215240478516,41.5894775390625,42.629215240478516,22549
2022-08-04,39.060184478759766,40.549739837646484,41.74943542480469,39.549991607666016,41.74943542480469,21315
2022-08-05,38.98314666748047,40.46976089477539,40.46976089477539,40.46976089477539,40.46976089477539,2500
2022-08-08,38.67497634887695,40.14984130859375,40.14984130859375,39.82992172241211,39.82992172241211,4001
2022-08-09,38.44384765625,39.9099006652832,40.46976089477539,39.9099006652832,40.3897819519043,18882
2022-08-10,38.52088928222656,39.98988342285156,39.98988342285156,39.310054779052734,39.310054779052734,10015
2022-08-11,38.59793472290039,40.069862365722656,40.229820251464844,39.58998489379883,39.58998489379883,15133
2022-08-12,39.13722229003906,40.62971878051758,40.62971878051758,40.30979919433594,40.30979919433594,5001
2022-08-15,39.13722229003906,40.62971878051758,40.62971878051758,40.62971878051758,40.62971878051758,4001
2022-08-16,38.90610122680664,40.3897819519043,40.70970153808594,39.869911193847656,40.3897819519043,24506
2022-08-17,38.98314666748047,40.46976089477539,40.46976089477539,39.869911193847656,40.069862365722656,14753
2022-08-18,38.90610122680664,40.3897819519043,40.46976089477539,39.98988342285156,40.14984130859375,6351
2022-08-19,38.90610122680664,40.3897819519043,40.3897819519043,40.3897819519043,40.3897819519043,0
2022-08-22,38.75201416015625,40.229820251464844,40.229820251464844,40.069862365722656,40.069862365722656,8752
2022-08-23,38.67497634887695,40.14984130859375,40.14984130859375,39.98988342285156,39.98988342285156,2625
2022-08-24,38.52088928222656,39.98988342285156,39.98988342285156,39.98988342285156,39.98988342285156,6251
2022-08-25,39.44539260864258,40.94963836669922,41.109596252441406,40.30979919433594,40.30979919433594,30397
2022-08-26,40.061729431152344,41.5894775390625,41.90939712524414,41.42951965332031,41.42951965332031,19504
2022-08-29,40.2158088684082,41.74943542480469,41.74943542480469,41.109596252441406,41.109596252441406,15003
2022-08-30,40.29285430908203,41.82941436767578,41.989376068115234,41.82941436767578,41.989376068115234,8752
2022-08-31,40.44693374633789,41.989376068115234,41.989376068115234,41.989376068115234,41.989376068115234,1
2022-09-01,39.90764236450195,41.42951965332031,41.42951965332031,41.26955795288086,41.26955795288086,5501
2022-09-02,39.90764236450195,41.42951965332031,41.42951965332031,41.42951965332031,41.42951965332031,0
2022-09-05,39.753562927246094,41.26955795288086,41.5894775390625,40.62971878051758,40.78968048095703,31270
2022-09-06,39.984683990478516,41.509498596191406,41.509498596191406,40.78968048095703,41.109596252441406,10046
2022-09-07,39.44539260864258,40.94963836669922,41.109596252441406,40.78968048095703,40.78968048095703,2838
2022-09-08,39.984683990478516,41.509498596191406,41.509498596191406,41.509498596191406,41.509498596191406,3752
2022-09-12,40.2158088684082,41.74943542480469,41.74943542480469,41.74943542480469,41.74943542480469,25
2022-09-13,39.90764236450195,41.42951965332031,41.74943542480469,40.78968048095703,41.74943542480469,3863
2022-09-14,39.13722229003906,40.62971878051758,40.94963836669922,39.98988342285156,40.78968048095703,10990
2022-09-15,39.13722229003906,40.62971878051758,40.62971878051758,39.82992172241211,39.82992172241211,5501
2022-09-16,38.67497634887695,40.14984130859375,40.3897819519043,39.98988342285156,39.98988342285156,16629
2022-09-19,38.67497634887695,40.14984130859375,40.14984130859375,40.14984130859375,40.14984130859375,0
2022-09-20,38.67497634887695,40.14984130859375,40.14984130859375,40.14984130859375,40.14984130859375,0
2022-09-21,38.67497634887695,40.14984130859375,40.14984130859375,40.14984130859375,40.14984130859375,0
2022-09-22,38.67497634887695,40.14984130859375,40.14984130859375,40.14984130859375,40.14984130859375,0
2022-09-23,38.67497634887695,40.14984130859375,40.14984130859375,40.14984130859375,40.14984130859375,0
2022-09-26,37.943077087402344,39.39003372192383,39.98988342285156,38.75019454956055,39.58998489379883,36820
2022-09-27,37.7504768371582,39.19008255004883,39.430023193359375,38.39028549194336,39.39003372192383,21042
2022-09-28,37.86603546142578,39.310054779052734,39.310054779052734,39.310054779052734,39.310054779052734,1
2022-09-29,37.943077087402344,39.39003372192383,39.39003372192383,39.39003372192383,39.39003372192383,23
2022-09-30,37.943077087402344,39.39003372192383,39.39003372192383,39.19008255004883,39.39003372192383,362
2022-10-03,37.7504768371582,39.19008255004883,39.39003372192383,39.19008255004883,39.39003372192383,2325
2022-10-04,37.365264892578125,38.790184020996094,39.19008255004883,38.430274963378906,39.19008255004883,412
2022-10-05,37.7504768371582,39.19008255004883,39.310054779052734,39.19008255004883,39.310054779052734,2751
2022-10-06,37.7504768371582,39.19008255004883,39.19008255004883,39.19008255004883,39.19008255004883,250
2022-10-07,37.7504768371582,39.19008255004883,39.19008255004883,39.19008255004883,39.19008255004883,50
2022-10-11,36.98005294799805,38.39028549194336,38.790184020996094,37.990386962890625,38.790184020996094,3925
2022-10-12,36.82597351074219,38.23032760620117,38.790184020996094,37.870418548583984,37.990386962890625,35058
2022-10-13,33.667259216308594,34.95115661621094,38.39028549194336,34.95115661621094,38.39028549194336,60707
2022-10-14,35.670345306396484,37.0306282043457,37.0306282043457,34.8311882019043,34.8311882019043,45849
2022-10-17,34.668800354003906,35.99089431762695,36.39079284667969,35.99089431762695,36.39079284667969,20005
2022-10-18,34.668800354003906,35.99089431762695,36.110862731933594,35.67097473144531,36.110862731933594,4564
2022-10-19,33.89838790893555,35.191097259521484,35.91091537475586,35.191097259521484,35.91091537475586,25556
2022-10-20,33.513179779052734,34.79119873046875,35.191097259521484,34.3513069152832,35.191097259521484,10278
2022-10-21,33.12796401977539,34.39129638671875,34.79119873046875,34.311317443847656,34.75120544433594,22963
2022-10-24,33.89838790893555,35.191097259521484,35.191097259521484,34.6312370300293,34.71121597290039,14053
2022-10-25,33.85986328125,35.15110778808594,35.15110778808594,34.79119873046875,35.15110778808594,4026
2022-10-26,33.39760971069336,34.671226501464844,34.71121597290039,34.59124755859375,34.6312370300293,6651
2022-10-27,33.12796401977539,34.39129638671875,34.47127914428711,34.311317443847656,34.39129638671875,5850
2022-10-28,33.12796401977539,34.39129638671875,34.39129638671875,34.39129638671875,34.39129638671875,0
2022-10-31,33.12796401977539,34.39129638671875,34.39129638671875,34.39129638671875,34.39129638671875,425
2022-11-01,32.434593200683594,33.671478271484375,34.39129638671875,33.59149932861328,34.39129638671875,31357
2022-11-02,32.24198532104492,33.47153091430664,33.751461029052734,33.47153091430664,33.751461029052734,2275
2022-11-03,32.0879020690918,33.31156921386719,33.59149932861328,33.19160079956055,33.431541442871094,7855
2022-11-04,31.972341537475586,33.19160079956055,33.31156921386719,32.79170227050781,33.31156921386719,25056
2022-11-07,31.972341537475586,33.19160079956055,33.71147155761719,33.071632385253906,33.71147155761719,15138
2022-11-08,32.357547760009766,33.59149932861328,33.71147155761719,33.071632385253906,33.071632385253906,5952
2022-11-09,33.12796401977539,34.39129638671875,34.39129638671875,33.59149932861328,33.59149932861328,11903
2022-11-10,32.85831832885742,34.11137008666992,34.11137008666992,34.11137008666992,34.11137008666992,175
2022-11-11,32.39606857299805,33.63148880004883,34.11137008666992,33.63148880004883,34.11137008666992,10077
2022-11-14,32.24198532104492,33.47153091430664,33.671478271484375,33.47153091430664,33.51152038574219,5151
2022-11-15,33.12796401977539,34.39129638671875,34.59124755859375,34.071380615234375,34.071380615234375,19304
2022-11-16,32.74275588989258,33.991397857666016,34.39129638671875,33.59149932861328,33.91141891479492,32258
2022-11-17,32.78127670288086,34.03138732910156,34.03138732910156,33.71147155761719,34.03138732910156,8752
2022-11-18,33.12796401977539,34.39129638671875,34.511268615722656,34.39129638671875,34.511268615722656,1850
2022-11-21,32.665714263916016,33.91141891479492,34.47127914428711,33.91141891479492,34.47127914428711,661
2022-11-22,32.819801330566406,34.071380615234375,34.6312370300293,34.071380615234375,34.6312370300293,2000
2022-11-23,33.28205108642578,34.5512580871582,35.431034088134766,34.071380615234375,34.59124755859375,19229
2022-11-24,33.43613052368164,34.71121597290039,35.39104461669922,34.5512580871582,34.5512580871582,5851
2022-11-25,34.12950897216797,35.431034088134766,35.431034088134766,35.191097259521484,35.39104461669922,5101
2022-11-28,36.98005294799805,38.39028549194336,38.790184020996094,35.431034088134766,35.431034088134766,59842
2022-11-29,36.440765380859375,37.83042907714844,38.310306549072266,37.47052001953125,37.550498962402344,9114
2022-11-30,36.171119689941406,37.550498962402344,37.59048843383789,37.4305305480957,37.47052001953125,19617
2022-12-01,36.09407424926758,37.47052001953125,37.83042907714844,37.47052001953125,37.83042907714844,975
2022-12-02,36.98005294799805,38.39028549194336,38.39028549194336,37.59048843383789,37.83042907714844,3550
2022-12-05,36.20963668823242,37.59048843383789,38.39028549194336,37.59048843383789,38.35029602050781,2094
2022-12-06,36.82597351074219,38.23032760620117,38.39028549194336,37.63047790527344,38.35029602050781,3500
2022-12-07,37.1341438293457,38.55024719238281,38.55024719238281,38.23032760620117,38.39028549194336,2775
2022-12-08,36.633365631103516,38.03037643432617,38.39028549194336,38.03037643432617,38.39028549194336,8939
2022-12-09,36.440765380859375,37.83042907714844,38.07036590576172,37.63047790527344,37.990386962890625,8427
2022-12-12,36.36371994018555,37.75044631958008,38.39028549194336,37.550498962402344,37.59048843383789,9227
2022-12-13,36.20963668823242,37.59048843383789,37.71045684814453,37.070621490478516,37.71045684814453,5051
2022-12-14,36.20963668823242,37.59048843383789,37.59048843383789,37.59048843383789,37.59048843383789,1300
2022-12-15,36.20963668823242,37.59048843383789,37.59048843383789,37.59048843383789,37.59048843383789,0
2022-12-16,36.171119689941406,37.550498962402344,37.71045684814453,37.550498962402344,37.71045684814453,5438
2022-12-19,36.941532135009766,38.35029602050781,38.35029602050781,36.95064926147461,37.4305305480957,7834
2022-12-20,36.09407424926758,37.47052001953125,38.35029602050781,37.47052001953125,38.35029602050781,5532
2022-12-21,36.86449432373047,38.27031707763672,38.310306549072266,37.47052001953125,38.310306549072266,1356
2022-12-22,36.86449432373047,38.27031707763672,38.27031707763672,37.5105094909668,38.27031707763672,175
2022-12-23,37.09562301635742,38.510257720947266,38.510257720947266,38.39028549194336,38.510257720947266,1425
2022-12-26,36.2481575012207,37.63047790527344,38.510257720947266,37.63047790527344,38.510257720947266,4001
2022-12-27,36.98005294799805,38.39028549194336,38.39028549194336,37.63047790527344,38.39028549194336,275
2022-12-28,36.36371994018555,37.75044631958008,38.39028549194336,37.71045684814453,38.39028549194336,16304
2022-12-29,36.440765380859375,37.83042907714844,37.95039749145508,37.83042907714844,37.83042907714844,5026
2022-12-30,35.63182830810547,36.99064254760742,37.75044631958008,36.99064254760742,37.63047790527344,12903
2023-01-03,36.09407424926758,37.47052001953125,37.47052001953125,36.95064926147461,36.95064926147461,2525
2023-01-04,35.47774124145508,36.83068084716797,36.870670318603516,36.430782318115234,36.870670318603516,5126
2023-01-05,35.054012298583984,36.39079284667969,37.15060043334961,36.39079284667969,37.15060043334961,3525
2023-01-06,35.054012298583984,36.39079284667969,37.070621490478516,36.39079284667969,37.070621490478516,175
2023-01-09,35.32365798950195,36.67072296142578,36.79069137573242,36.39079284667969,36.79069137573242,2875
2023-01-10,34.93844985961914,36.27082443237305,36.71071243286133,36.27082443237305,36.71071243286133,2725
2023-01-11,35.32365798950195,36.67072296142578,36.67072296142578,36.310813903808594,36.310813903808594,5176
2023-01-12,35.59330368041992,36.95064926147461,37.550498962402344,36.67072296142578,36.67072296142578,12270
2023-01-13,36.171119689941406,37.550498962402344,37.550498962402344,36.95064926147461,37.550498962402344,8702
2023-01-16,36.20963668823242,37.59048843383789,37.59048843383789,37.27056884765625,37.550498962402344,2875
2023-01-17,35.516258239746094,36.870670318603516,37.59048843383789,36.870670318603516,37.59048843383789,19079
2023-01-30,36.28668212890625,37.670467376708984,37.91040802001953,37.070621490478516,37.15060043334961,13931
2023-01-31,36.28668212890625,37.670467376708984,37.670467376708984,37.670467376708984,37.670467376708984,2525
2023-02-01,35.862945556640625,37.2305793762207,37.71045684814453,37.2305793762207,37.71045684814453,7639
2023-02-02,36.20963668823242,37.59048843383789,37.59048843383789,37.2305793762207,37.2305793762207,3313
2023-02-03,35.862945556640625,37.2305793762207,37.59048843383789,37.2305793762207,37.59048843383789,1425
2023-02-06,36.20963668823242,37.59048843383789,37.59048843383789,37.59048843383789,37.59048843383789,50
2023-02-07,36.13259506225586,37.5105094909668,37.550498962402344,37.5105094909668,37.550498962402344,50
2023-02-08,36.017032623291016,37.39053726196289,37.5105094909668,37.39053726196289,37.5105094909668,6426
2023-02-09,36.748931884765625,38.15034866333008,38.23032760620117,37.5105094909668,37.59048843383789,17554
2023-02-10,36.594844818115234,37.990386962890625,38.27031707763672,37.870418548583984,38.27031707763672,7676
2023-02-13,36.2481575012207,37.63047790527344,38.27031707763672,37.63047790527344,38.27031707763672,1280
2023-02-14,36.594844818115234,37.990386962890625,38.39028549194336,37.63047790527344,38.39028549194336,12505
2023-02-15,37.09562301635742,38.510257720947266,39.19008255004883,38.310306549072266,38.35029602050781,17183
2023-02-16,37.711952209472656,39.15009307861328,39.15009307861328,38.55024719238281,38.55024719238281,1526
2023-02-17,40.8321418762207,42.38927459716797,43.58897018432617,38.59023666381836,38.59023666381836,112823
2023-02-20,39.29130935668945,40.78968048095703,41.5894775390625,40.62971878051758,41.5894775390625,34046
2023-02-21,41.29439163208008,42.8691520690918,42.8691520690918,40.869659423828125,40.869659423828125,49913
2023-02-22,40.986228942871094,42.549232482910156,42.8691520690918,41.669456481933594,42.8691520690918,33921
2023-02-23,41.5255241394043,43.109092712402344,43.34903335571289,42.38927459716797,42.70919418334961,19042
2023-02-24,41.06327438354492,42.629215240478516,43.50899124145508,42.38927459716797,43.109092712402344,48174
2023-03-01,40.90918731689453,42.46925354003906,42.629215240478516,41.989376068115234,42.629215240478516,50500
2023-03-02,40.75510787963867,42.309295654296875,42.549232482910156,42.309295654296875,42.46925354003906,43836
2023-03-03,40.2158088684082,41.74943542480469,42.22931671142578,41.5894775390625,42.22931671142578,53382
2023-03-06,40.8321418762207,42.38927459716797,42.46925354003906,41.5894775390625,41.5894775390625,76081
2023-03-07,41.987770080566406,43.58897018432617,43.988868713378906,42.70919418334961,42.70919418334961,112906
2023-03-08,42.45002365112305,44.068851470947266,44.70868682861328,43.668949127197266,43.82891082763672,66513
2023-03-09,41.75664520263672,43.34903335571289,44.70868682861328,42.8691520690918,44.70868682861328,26092
2023-03-10,41.5255241394043,43.109092712402344,43.668949127197266,42.7891731262207,43.26905059814453,11569
2023-03-13,41.14031219482422,42.70919418334961,43.109092712402344,42.22931671142578,43.109092712402344,10371
2023-03-14,40.44693374633789,41.989376068115234,42.70919418334961,41.5894775390625,42.38927459716797,16532
2023-03-15,38.59793472290039,40.069862365722656,41.189579010009766,38.59023666381836,40.46976089477539,65212
2023-03-16,38.67497634887695,40.14984130859375,40.3897819519043,39.9099006652832,40.069862365722656,10100
2023-03-17,38.52088928222656,39.98988342285156,40.229820251464844,39.869911193847656,39.869911193847656,6559
2023-03-20,38.44384765625,39.9099006652832,40.14984130859375,39.82992172241211,40.14984130859375,10696
2023-03-21,38.40532684326172,39.869911193847656,40.069862365722656,39.78993225097656,39.78993225097656,5182
2023-03-22,38.82905960083008,40.30979919433594,40.78968048095703,39.98988342285156,40.14984130859375,29053
2023-03-23,39.36834716796875,40.869659423828125,40.869659423828125,40.78968048095703,40.78968048095703,310
2023-03-24,38.32828903198242,39.78993225097656,40.70970153808594,39.78993225097656,40.70970153808594,7749
2023-03-27,38.40532684326172,39.869911193847656,40.46976089477539,39.82992172241211,39.82992172241211,1429
2023-03-28,38.36681365966797,39.82992172241211,40.14984130859375,39.82992172241211,39.869911193847656,7695
2023-03-29,38.59793472290039,40.069862365722656,40.30979919433594,40.069862365722656,40.14984130859375,7676
2023-03-30,39.060184478759766,40.549739837646484,40.549739837646484,40.14984130859375,40.46976089477539,3123
2023-03-31,39.984683990478516,41.509498596191406,41.509498596191406,40.3897819519043,40.62971878051758,32882
2023-04-06,40.8321418762207,42.38927459716797,42.38927459716797,41.74943542480469,41.90939712524414,34371
2023-04-07,40.8321418762207,42.38927459716797,42.70919418334961,41.90939712524414,42.70919418334961,750
2023-04-10,40.8321418762207,42.38927459716797,42.38927459716797,42.38927459716797,42.38927459716797,1160
2023-04-11,40.8321418762207,42.38927459716797,42.38927459716797,42.38927459716797,42.38927459716797,712
2023-04-12,39.67652130126953,41.189579010009766,42.309295654296875,41.189579010009766,42.309295654296875,27797
2023-04-13,39.29130935668945,40.78968048095703,41.74943542480469,40.70970153808594,41.5894775390625,20645
2023-04-14,39.36834716796875,40.869659423828125,41.5894775390625,40.78968048095703,40.78968048095703,2643
2023-04-17,39.67652130126953,41.189579010009766,41.5894775390625,41.109596252441406,41.509498596191406,22473
2023-04-18,40.986228942871094,42.549232482910156,43.02911376953125,41.109596252441406,41.5894775390625,54244
2023-04-19,40.67806625366211,42.22931671142578,42.22931671142578,42.06935501098633,42.06935501098633,7564
2023-04-20,40.8321418762207,42.38927459716797,42.38927459716797,41.90939712524414,41.90939712524414,355
2023-04-21,40.44693374633789,41.989376068115234,41.989376068115234,41.90939712524414,41.90939712524414,3688
2023-04-24,40.44693374633789,41.989376068115234,42.14933395385742,41.90939712524414,42.14933395385742,7849
2023-04-25,40.52397537231445,42.06935501098633,42.46925354003906,41.82941436767578,42.14933395385742,27719
2023-04-26,40.52397537231445,42.06935501098633,42.06935501098633,41.5894775390625,42.06935501098633,2553
2023-04-27,40.061729431152344,41.5894775390625,41.5894775390625,40.78968048095703,41.5894775390625,23976
2023-04-28,40.138771057128906,41.669456481933594,42.14933395385742,41.42951965332031,41.669456481933594,13986
2023-05-02,40.8321418762207,42.38927459716797,42.38927459716797,41.509498596191406,41.989376068115234,7731
2023-05-03,40.8321418762207,42.38927459716797,42.46925354003906,41.5894775390625,42.46925354003906,4136
2023-05-04,40.67806625366211,42.22931671142578,42.629215240478516,42.06935501098633,42.629215240478516,8942
2023-05-05,40.601016998291016,42.14933395385742,42.46925354003906,41.90939712524414,42.46925354003906,22518
2023-05-08,42.1418571472168,43.748931884765625,44.14883041381836,41.82941436767578,41.82941436767578,84263
2023-05-09,40.75510787963867,42.309295654296875,43.988868713378906,42.309295654296875,43.50899124145508,64137
2023-05-10,41.83368682861328,43.429012298583984,43.429012298583984,42.629215240478516,43.109092712402344,5157
2023-05-11,40.986228942871094,42.549232482910156,43.58897018432617,42.549232482910156,43.58897018432617,2875
2023-05-12,41.29439163208008,42.8691520690918,42.8691520690918,42.46925354003906,42.549232482910156,4658
2023-05-15,41.14031219482422,42.70919418334961,42.949134826660156,42.70919418334961,42.8691520690918,17953
2023-05-16,41.44847869873047,43.02911376953125,43.02911376953125,42.8691520690918,43.02911376953125,10502
2023-05-17,41.75664520263672,43.34903335571289,43.34903335571289,43.18907165527344,43.26905059814453,14034
2023-05-18,41.910728454589844,43.50899124145508,43.58897018432617,43.109092712402344,43.50899124145508,6470
2023-05-19,42.372982025146484,43.988868713378906,43.988868713378906,43.18907165527344,43.58897018432617,5940
2023-05-22,41.910728454589844,43.50899124145508,43.50899124145508,43.50899124145508,43.50899124145508,1437
2023-05-23,41.910728454589844,43.50899124145508,43.50899124145508,43.50899124145508,43.50899124145508,0
2023-05-24,41.75664520263672,43.34903335571289,43.668949127197266,43.18907165527344,43.18907165527344,5877
2023-05-25,42.372982025146484,43.988868713378906,44.70868682861328,43.58897018432617,43.58897018432617,54312
2023-05-26,42.52706527709961,44.14883041381836,44.30878829956055,43.988868713378906,44.14883041381836,25975
2023-05-29,43.220436096191406,44.868648529052734,45.34852600097656,44.068851470947266,44.548728942871094,56703
2023-05-30,44.221981048583984,45.908382415771484,46.228302001953125,44.70868682861328,45.58846664428711,46245
2023-05-31,44.29903030395508,45.988365173339844,45.988365173339844,45.428504943847656,45.428504943847656,5877
2023-06-01,44.68423080444336,46.38826370239258,46.548221588134766,45.50848388671875,46.228302001953125,35690
2023-06-02,45.06944274902344,46.78816223144531,47.667938232421875,46.62820053100586,46.70818328857422,64790
2023-06-05,45.2235221862793,46.9481201171875,47.02810287475586,46.228302001953125,47.02810287475586,27626
2023-06-06,45.06944274902344,46.78816223144531,47.02810287475586,46.228302001953125,46.9481201171875,17538
2023-06-07,42.835235595703125,44.46875,47.02810287475586,44.46875,46.06834411621094,68354
2023-06-08,43.14339828491211,44.78866958618164,44.78866958618164,44.30878829956055,44.46875,23059
2023-06-09,43.836769104003906,45.50848388671875,45.50848388671875,44.62870788574219,44.62870788574219,12191
2023-06-12,43.913818359375,45.58846664428711,45.58846664428711,44.868648529052734,45.58846664428711,16390
2023-06-13,43.99085998535156,45.6684455871582,45.6684455871582,44.78866958618164,44.78866958618164,156
2023-06-14,44.06789779663086,45.7484245300293,45.7484245300293,45.7484245300293,45.7484245300293,125
2023-06-15,43.3745231628418,45.02860641479492,45.82840347290039,45.02860641479492,45.428504943847656,7781
2023-06-16,45.06944274902344,46.78816223144531,47.58795928955078,45.58846664428711,45.908382415771484,73407
2023-06-19,45.60873794555664,47.348018646240234,47.58795928955078,46.868141174316406,47.50798034667969,32113
2023-06-20,44.68423080444336,46.38826370239258,47.58795928955078,46.38826370239258,47.58795928955078,25916
2023-06-21,45.37761306762695,47.10808181762695,47.50798034667969,46.38826370239258,47.50798034667969,5493
2023-06-26,45.60873794555664,47.348018646240234,47.348018646240234,46.46824264526367,47.10808181762695,16562
2023-06-27,44.83831787109375,46.548221588134766,47.58795928955078,46.548221588134766,47.58795928955078,4467
2023-06-28,45.53169250488281,47.26803970336914,47.50798034667969,46.46824264526367,47.50798034667969,9268
2023-06-29,46.14802551269531,47.90787887573242,47.90787887573242,46.78816223144531,47.26803970336914,37266
2023-06-30,54.54558181762695,56.62567138671875,57.665409088134766,51.82688522338867,52.06682586669922,339622
2023-07-03,61.86454772949219,64.22374725341797,64.22374725341797,55.42597579956055,55.42597579956055,376664
2023-07-04,57.627254486083984,59.82486343383789,64.62364959716797,57.58543014526367,64.22374725341797,235308
2023-07-05,52.54249572753906,54.546199798583984,59.82486343383789,54.38623809814453,59.82486343383789,195344
2023-07-06,51.386871337890625,53.346500396728516,55.905853271484375,53.18654251098633,55.905853271484375,63856
2023-07-07,51.30982971191406,53.26652145385742,54.46622085571289,51.74690628051758,54.30625915527344,34786
2023-07-10,51.15574264526367,53.106563568115234,53.58644104003906,51.74690628051758,53.58644104003906,26137
2023-07-11,53.852203369140625,55.905853271484375,57.105552673339844,53.18654251098633,53.18654251098633,246918
2023-07-12,52.003204345703125,53.9863395690918,56.225772857666016,53.746402740478516,55.74589538574219,90986
2023-07-13,52.003204345703125,53.9863395690918,54.70615768432617,53.666419982910156,54.70615768432617,38399
2023-07-14,54.083335876464844,56.14579391479492,57.18553161621094,55.106056213378906,55.106056213378906,101897
2023-07-17,59.86146545410156,62.1442756652832,64.14376831054688,57.42546844482422,57.42546844482422,503681
2023-07-18,57.781333923339844,59.98482131958008,64.22374725341797,59.18502426147461,63.104034423828125,234579
2023-07-19,60.01555633544922,62.304237365722656,62.94407272338867,59.7448844909668,59.7448844909668,175769
2023-07-20,58.70583724975586,60.944580078125,61.50443649291992,60.78462219238281,60.944580078125,48996
2023-07-21,56.933876037597656,59.105045318603516,61.50443649291992,56.70565414428711,60.46470260620117,143068
2023-07-24,60.86301040649414,63.18401336669922,63.98381042480469,59.50494384765625,59.50494384765625,422458
2023-07-25,61.24821472167969,63.58391189575195,63.98381042480469,63.02405548095703,63.66389083862305,143750
2023-07-26,60.092594146728516,62.38421630859375,63.423954010009766,61.344478607177734,63.423954010009766,85752
2023-07-27,59.70738220214844,61.984317779541016,62.38421630859375,60.70463943481445,61.664398193359375,28378
2023-07-28,60.708927154541016,63.02405548095703,64.22374725341797,60.06480407714844,61.984317779541016,217992
2023-07-31,58.70583724975586,60.944580078125,63.98381042480469,60.944580078125,63.743873596191406,66386
2023-08-01,55.701210021972656,57.82537078857422,61.42445755004883,56.14579391479492,61.42445755004883,232906
2023-08-02,55.23896026611328,57.345489501953125,59.34498596191406,56.305755615234375,59.34498596191406,70661
2023-08-04,55.47008514404297,57.58543014526367,57.985328674316406,55.985836029052734,55.985836029052734,75407
2023-08-07,55.93233108520508,58.0653076171875,58.38522720336914,57.105552673339844,57.985328674316406,78604
2023-08-08,56.24049758911133,58.38522720336914,58.70514678955078,57.74538803100586,57.985328674316406,12786
2023-08-09,55.701210021972656,57.82537078857422,58.70514678955078,57.58543014526367,58.70514678955078,27286
2023-08-10,55.16191864013672,57.26551055908203,57.985328674316406,56.94559097290039,57.82537078857422,75576
2023-08-11,58.0124626159668,60.224761962890625,60.224761962890625,57.985328674316406,58.545188903808594,46242
2023-08-14,56.009376525878906,58.145286560058594,59.50494384765625,58.145286560058594,59.50494384765625,45886
2023-08-15,56.62571334838867,58.785125732421875,59.424964904785156,58.70514678955078,58.785125732421875,38904
2023-08-16,56.85683822631836,59.02506637573242,59.424964904785156,58.145286560058594,58.145286560058594,33515
2023-08-17,57.16500473022461,59.34498596191406,59.34498596191406,58.465206146240234,58.465206146240234,16455
2023-08-18,57.70429229736328,59.904842376708984,59.98482131958008,58.70514678955078,58.70514678955078,30163
2023-08-21,57.473175048828125,59.6649055480957,60.06480407714844,58.785125732421875,59.50494384765625,50786
2023-08-22,60.63188171386719,62.94407272338867,63.18401336669922,60.38472366333008,60.38472366333008,79613
2023-08-23,60.092594146728516,62.38421630859375,63.743873596191406,62.2242546081543,62.2242546081543,139121
2023-08-24,61.01708984375,63.343971252441406,63.743873596191406,62.1442756652832,62.70413589477539,274089
2023-08-25,65.74324798583984,67.71350860595703,68.8373794555664,63.40531539916992,67.6198501586914,217600
2023-08-28,63.92461013793945,65.84037780761719,68.088134765625,65.55941009521484,67.05791473388672,22740
2023-08-29,63.74275588989258,65.65306854248047,65.7467269897461,65.37210083007812,65.55941009521484,22485
2023-08-30,63.56088638305664,65.46575927734375,66.4023208618164,65.46575927734375,66.4023208618164,304
2023-08-31,64.10648345947266,66.02769470214844,66.4959716796875,65.93403625488281,66.21500396728516,16265
2023-09-01,64.65206146240234,66.58963012695312,66.77694702148438,66.02769470214844,66.02769470214844,12420
2023-09-04,63.83368682861328,65.7467269897461,66.68328857421875,65.65306854248047,66.68328857421875,25344
2023-09-05,64.28833770751953,66.21500396728516,66.68328857421875,65.65306854248047,65.7467269897461,5158
2023-09-06,64.74299621582031,66.68328857421875,67.15157318115234,66.21500396728516,66.21500396728516,115101
2023-09-07,64.47020721435547,66.4023208618164,66.77694702148438,66.30866241455078,66.30866241455078,19855
2023-09-08,64.47020721435547,66.4023208618164,66.4023208618164,66.4023208618164,66.4023208618164,0
2023-09-11,62.56065368652344,64.43553924560547,65.46575927734375,64.24822235107422,65.46575927734375,25037
2023-09-12,63.197166442871094,65.09113311767578,65.7467269897461,64.43553924560547,65.7467269897461,13112
2023-09-13,64.01554107666016,65.93403625488281,66.4959716796875,64.62284851074219,64.90381622314453,32715
2023-09-14,64.01554107666016,65.93403625488281,65.93403625488281,64.71650695800781,65.93403625488281,7559
2023-09-15,64.01554107666016,65.93403625488281,66.58963012695312,64.52919006347656,64.52919006347656,278
2023-09-18,62.56065368652344,64.43553924560547,65.46575927734375,64.15457153320312,64.71650695800781,30153
2023-09-19,61.651336669921875,63.49897384643555,63.68628692626953,62.468753814697266,63.68628692626953,21641
2023-09-20,60.378299713134766,62.18778610229492,63.40531539916992,61.81315994262695,63.40531539916992,57003
2023-09-21,58.01408767700195,59.752723693847656,61.344879150390625,59.752723693847656,61.344879150390625,64822
2023-09-22,59.01433181762695,60.78293991088867,60.8765983581543,59.47175216674805,59.47175216674805,31340
2023-09-25,59.10526657104492,60.8765983581543,61.719505310058594,60.50197219848633,60.78293991088867,38670
2023-09-26,58.01408767700195,59.752723693847656,60.78293991088867,59.752723693847656,60.78293991088867,15207
2023-09-27,57.55943298339844,59.28443908691406,59.28443908691406,58.62884521484375,59.00347137451172,13722
2023-09-28,56.5591926574707,58.25422286987305,59.37809753417969,57.50497055053711,58.816158294677734,26153
2023-10-02,57.28664016723633,59.00347137451172,59.09712600708008,58.347877502441406,58.347877502441406,18437
2023-10-03,56.92291259765625,58.62884521484375,58.90981674194336,57.411312103271484,57.50497055053711,6641
2023-10-04,57.19571304321289,58.90981674194336,58.90981674194336,57.224002838134766,57.224002838134766,117
2023-10-05,56.28639221191406,57.97325134277344,58.53519058227539,57.50497055053711,57.87959671020508,16717
2023-10-06,57.28664016723633,59.00347137451172,59.00347137451172,57.50497055053711,57.87959671020508,23669
2023-10-11,57.28664016723633,59.00347137451172,60.78293991088867,58.16056442260742,58.62884521484375,65315
2023-10-12,57.83222579956055,59.56541061401367,60.221004486083984,59.28443908691406,59.28443908691406,52296
2023-10-13,58.923404693603516,60.68928527832031,60.8765983581543,59.65906524658203,60.8765983581543,56097
2023-10-16,58.468746185302734,60.221004486083984,61.06391143798828,59.752723693847656,60.68928527832031,21495
2023-10-17,58.83246612548828,60.59562683105469,60.970252990722656,59.65906524658203,60.970252990722656,6850
2023-10-18,59.01433181762695,60.78293991088867,60.78293991088867,59.09712600708008,59.65906524658203,39760
2023-10-19,58.55967712402344,60.314659118652344,60.970252990722656,59.47175216674805,60.970252990722656,11408
2023-10-20,58.37781524658203,60.12734603881836,60.12734603881836,59.37809753417969,59.846378326416016,31834
2023-10-23,58.468746185302734,60.221004486083984,60.970252990722656,59.752723693847656,60.12734603881836,23181
2023-10-24,58.37781524658203,60.12734603881836,60.12734603881836,59.28443908691406,59.940032958984375,29708
2023-10-25,57.741294860839844,59.47175216674805,59.56541061401367,59.00347137451172,59.28443908691406,43723
2023-10-26,57.104774475097656,58.816158294677734,59.846378326416016,58.53519058227539,58.53519058227539,36090
2023-10-27,56.92291259765625,58.62884521484375,59.846378326416016,58.06690979003906,59.846378326416016,45037
2023-10-30,57.65036392211914,59.37809753417969,59.940032958984375,58.25422286987305,58.90981674194336,46390
2023-10-31,59.92364501953125,61.719505310058594,61.81315994262695,59.00347137451172,59.09712600708008,103804
2023-11-01,58.65060806274414,60.40831756591797,61.719505310058594,60.40831756591797,60.970252990722656,15231
2023-11-02,58.01408767700195,59.752723693847656,61.719505310058594,59.47175216674805,60.68928527832031,39159
2023-11-03,58.37781524658203,60.12734603881836,60.221004486083984,59.00347137451172,60.03369140625,30119
2023-11-06,57.468502044677734,59.1907844543457,60.12734603881836,59.00347137451172,59.00347137451172,16141
2023-11-07,57.104774475097656,58.816158294677734,59.28443908691406,58.816158294677734,58.816158294677734,3670
2023-11-08,57.19571304321289,58.90981674194336,59.65906524658203,58.90981674194336,59.28443908691406,20728
2023-11-09,57.468502044677734,59.1907844543457,59.1907844543457,58.816158294677734,58.90981674194336,5821
2023-11-10,60.742027282714844,62.56241226196289,63.873600006103516,59.09712600708008,59.09712600708008,144676
2023-11-13,61.10574722290039,62.937034606933594,63.40531539916992,62.00047302246094,63.12434768676758,72319
2023-11-14,61.10574722290039,62.937034606933594,63.12434768676758,61.81315994262695,61.90681838989258,22603
2023-11-15,62.56065368652344,64.43553924560547,64.62284851074219,63.2180061340332,63.68628692626953,90995
2023-11-16,67.28907012939453,69.3056640625,69.3056640625,63.40531539916992,64.43553924560547,152877
2023-11-17,70.83538055419922,72.95825958251953,73.89482116699219,70.4295425415039,71.08513641357422,434764
2023-11-20,68.92582702636719,70.9914779663086,73.3328857421875,69.68029022216797,73.3328857421875,145099
2023-11-21,67.83464813232422,69.86759948730469,71.17878723144531,69.86759948730469,71.17878723144531,75992
2023-11-22,66.28882598876953,68.27544403076172,70.4295425415039,66.87059783935547,70.05491638183594,173429
2023-11-23,68.19837951660156,70.24222564697266,70.71051025390625,67.33888244628906,68.74372863769531,97361
2023-11-24,68.56210327148438,70.61685180664062,72.67729187011719,69.3056640625,69.3056640625,93438
2023-11-27,68.28931427001953,70.33588409423828,72.1153564453125,69.39932250976562,71.6470718383789,58450
2023-11-28,67.1981430053711,69.21200561523438,71.08513641357422,69.21200561523438,69.39932250976562,23401
2023-11-29,67.28907012939453,69.3056640625,70.4295425415039,69.3056640625,70.33588409423828,5980
2023-11-30,70.19886779785156,72.30266571044922,73.05191802978516,69.11835479736328,69.11835479736328,224737
2023-12-01,69.92607116699219,72.02169799804688,74.92504119873047,70.24222564697266,72.58363342285156,199880
2023-12-04,67.1981430053711,69.21200561523438,72.02169799804688,68.55641174316406,70.24222564697266,70178
2023-12-05,67.28907012939453,69.3056640625,69.3056640625,67.43254089355469,67.43254089355469,32217
2023-12-06,68.19837951660156,70.24222564697266,71.08513641357422,68.36910247802734,68.36910247802734,42243
2023-12-07,67.01627349853516,69.02469635009766,70.14856719970703,67.99447631835938,70.05491638183594,75126
2023-12-08,66.10697174072266,68.088134765625,69.11835479736328,67.33888244628906,67.99447631835938,33979
2023-12-11,65.47044372558594,67.43254089355469,68.27544403076172,67.15157318115234,68.27544403076172,15247
2023-12-12,64.83393096923828,66.77694702148438,68.27544403076172,65.55941009521484,68.27544403076172,46063
2023-12-13,66.3797607421875,68.36910247802734,68.36910247802734,66.77694702148438,66.77694702148438,14931
2023-12-14,64.92485809326172,66.87059783935547,68.65007019042969,66.77694702148438,68.65007019042969,13451
2023-12-15,64.74299621582031,66.68328857421875,67.90081787109375,64.62284851074219,67.90081787109375,69749
2023-12-18,62.83344268798828,64.71650695800781,66.58963012695312,63.77994155883789,66.4023208618164,48999
2023-12-19,63.01530075073242,64.90381622314453,65.46575927734375,63.77994155883789,63.873600006103516,26223
2023-12-20,64.01554107666016,65.93403625488281,65.93403625488281,64.52919006347656,64.62284851074219,26670
2023-12-21,62.83344268798828,64.71650695800781,65.46575927734375,64.15457153320312,64.43553924560547,21882
2023-12-22,63.83368682861328,65.7467269897461,65.7467269897461,64.43553924560547,64.43553924560547,397
2023-12-25,62.924381256103516,64.81016540527344,66.02769470214844,64.81016540527344,65.93403625488281,5022
2023-12-26,64.01554107666016,65.93403625488281,66.21500396728516,64.43553924560547,65.84037780761719,19690
2023-12-27,64.5611343383789,66.4959716796875,66.77694702148438,65.7467269897461,66.4959716796875,12194
2023-12-28,62.28785705566406,64.15457153320312,66.30866241455078,63.873600006103516,64.99747467041016,83141
2023-12-29,63.28809356689453,65.18478393554688,65.37210083007812,63.68628692626953,63.77994155883789,15605
2024-01-02,64.01554107666016,65.93403625488281,66.30866241455078,64.62284851074219,65.84037780761719,15429
2024-01-03,62.74250793457031,64.62284851074219,65.55941009521484,64.34188079833984,64.62284851074219,16642
2024-01-04,62.74250793457031,64.62284851074219,65.37210083007812,63.68628692626953,65.09113311767578,36958
2024-01-05,62.378787994384766,64.24822235107422,64.62284851074219,63.49897384643555,63.873600006103516,23935
2024-01-08,62.65157699584961,64.52919006347656,64.52919006347656,63.873600006103516,64.52919006347656,3006
2024-01-09,60.923885345458984,62.74972152709961,64.43553924560547,62.28144073486328,63.40531539916992,20247
2024-01-10,61.19668197631836,63.03069305419922,63.592628479003906,61.53219223022461,63.12434768676758,9830
2024-01-11,60.28736877441406,62.0941276550293,63.03069305419922,61.438533782958984,61.438533782958984,11392
2024-01-12,60.19643783569336,62.00047302246094,62.00047302246094,60.40831756591797,61.438533782958984,37306
2024-01-15,60.19643783569336,62.00047302246094,62.00047302246094,62.00047302246094,62.00047302246094,0
2024-01-16,60.19643783569336,62.00047302246094,63.2180061340332,60.40831756591797,60.40831756591797,33616
2024-01-17,59.92364501953125,61.719505310058594,63.31166076660156,60.40831756591797,63.03069305419922,53540
2024-01-18,60.28736877441406,62.0941276550293,62.56241226196289,60.8765983581543,60.8765983581543,73296
2024-01-19,61.19668197631836,63.03069305419922,63.03069305419922,61.53219223022461,62.0941276550293,60580
2024-01-22,62.56065368652344,64.43553924560547,64.62284851074219,63.40531539916992,63.873600006103516,38135
2024-01-23,62.46971893310547,64.34188079833984,64.52919006347656,63.68628692626953,64.52919006347656,3837
2024-01-24,62.378787994384766,64.24822235107422,64.34188079833984,63.592628479003906,64.34188079833984,36137
2024-01-25,61.94178009033203,63.79812240600586,64.65129089355469,63.229339599609375,64.27210235595703,46054
2024-01-26,62.309932708740234,64.17730712890625,64.17730712890625,62.660560607910156,63.70332336425781,5434
2024-01-29,61.84973907470703,63.70332336425781,64.17730712890625,62.7553596496582,62.7553596496582,25237
2024-01-30,62.4019660949707,64.27210235595703,64.36689758300781,62.47096633911133,63.79812240600586,18260
2024-01-31,61.48158645629883,63.32413864135742,64.17730712890625,62.565765380859375,64.17730712890625,65950
2024-02-01,61.205474853515625,63.03974914550781,63.4189338684082,62.281375885009766,63.4189338684082,25419
2024-02-02,62.4019660949707,64.27210235595703,64.36689758300781,63.134544372558594,63.134544372558594,48944
2024-02-05,62.1258544921875,63.98771286010742,64.36689758300781,63.03974914550781,63.32413864135742,60592
2024-02-15,61.66566467285156,63.513729095458984,63.98771286010742,62.281375885009766,62.281375885009766,49535
2024-02-16,67.92427062988281,69.95989990234375,71.09745788574219,63.79812240600586,63.79812240600586,395282
2024-02-19,69.12076568603516,71.1922607421875,73.1829833984375,69.20153045654297,70.24429321289062,629056
2024-02-20,65.34719848632812,67.30559539794922,70.05469512939453,66.0732421875,69.6755142211914,223285
2024-02-21,65.80738830566406,67.77957916259766,67.77957916259766,66.83161163330078,67.21080017089844,60070
2024-02-22,66.359619140625,68.34835815429688,68.53794860839844,67.77957916259766,67.77957916259766,56940
2024-02-23,66.267578125,68.2535629272461,71.09745788574219,67.30559539794922,67.87437438964844,167253
2024-02-26,66.17554473876953,68.15876770019531,68.34835815429688,67.400390625,68.2535629272461,52269
2024-02-27,66.17554473876953,68.15876770019531,68.15876770019531,66.83161163330078,67.30559539794922,48519
2024-02-29,66.45165252685547,68.44315338134766,69.86510467529297,67.49518585205078,67.49518585205078,61912
2024-03-01,66.45165252685547,68.44315338134766,68.44315338134766,67.49518585205078,68.15876770019531,52257
2024-03-04,65.89942932128906,67.87437438964844,68.72754669189453,67.87437438964844,68.44315338134766,98145
2024-03-05,65.62330627441406,67.5899887084961,68.2535629272461,67.11600494384766,68.2535629272461,78181
2024-03-06,66.267578125,68.2535629272461,70.14949035644531,67.11600494384766,67.5899887084961,167298
2024-03-07,69.30484771728516,71.38185119628906,72.04542541503906,68.72754669189453,68.9171371459961,396116
2024-03-08,68.20038604736328,70.24429321289062,72.89859771728516,68.63275146484375,71.57144165039062,274185
2024-03-11,67.0959243774414,69.10672760009766,70.3390884399414,68.72754669189453,70.3390884399414,63040
2024-03-12,69.94911193847656,72.04542541503906,72.04542541503906,69.39112091064453,69.48591613769531,452139
2024-03-13,73.63064575195312,75.83728790283203,78.965576171875,75.55290222167969,76.88005065917969,1008222
2024-03-14,69.94911193847656,72.04542541503906,76.69046020507812,72.04542541503906,75.93209075927734,395257
2024-03-15,70.22522735595703,72.32981872558594,73.08818817138672,71.57144165039062,72.32981872558594,124626
2024-03-18,69.94911193847656,72.04542541503906,72.99339294433594,71.47664642333984,72.99339294433594,89475
2024-03-19,69.21281433105469,71.28705596923828,72.32981872558594,71.0026626586914,71.76103973388672,71849
2024-03-20,67.83222198486328,69.86510467529297,71.47664642333984,69.39112091064453,70.90786743164062,101216
2024-03-21,68.10834503173828,70.14949035644531,71.0026626586914,69.20153045654297,69.29632568359375,101379
2024-03-22,68.29242706298828,70.3390884399414,71.09745788574219,69.6755142211914,70.05469512939453,29812
2024-03-25,67.83222198486328,69.86510467529297,71.95063018798828,68.15876770019531,70.3390884399414,100190
2024-03-26,66.08348846435547,68.06396484375,69.95989990234375,67.96916961669922,69.86510467529297,72476
2024-03-27,65.80738830566406,67.77957916259766,68.53794860839844,66.35762786865234,67.77957916259766,72502
2024-03-28,67.18795776367188,69.20153045654297,70.62347412109375,67.77957916259766,67.77957916259766,149170
2024-03-29,66.81980895996094,68.82234191894531,69.95989990234375,68.15876770019531,69.6755142211914,152058
2024-04-01,67.18795776367188,69.20153045654297,70.05469512939453,68.63275146484375,68.9171371459961,66848
2024-04-02,69.4889144897461,71.57144165039062,73.65696716308594,69.77030944824219,69.77030944824219,159360
2024-04-03,68.75261688232422,70.81307220458984,71.09745788574219,69.5807113647461,71.09745788574219,80371
2024-04-08,67.92427062988281,69.95989990234375,71.09745788574219,69.48591613769531,71.0026626586914,63392
2024-04-09,71.88191986083984,74.0361557006836,74.0361557006836,70.14949035644531,70.14949035644531,372981
2024-04-10,75.74752044677734,78.01761627197266,78.302001953125,73.65696716308594,73.94136047363281,724132
2024-04-11,76.57586669921875,78.87078094482422,78.965576171875,74.79452514648438,77.54363250732422,315505
2024-04-12,87.34435272216797,89.96198272705078,90.34117126464844,77.73322296142578,78.965576171875,1006798
2024-04-15,88.35677337646484,91.00474548339844,98.11449432373047,89.77239227294922,90.7203598022461,1074656
2024-04-16,85.41154479980469,87.97126007080078,90.0567855834961,84.84297180175781,90.0567855834961,610629
2024-04-17,96.18002319335938,99.06246185302734,99.06246185302734,86.73889923095703,87.97126007080078,888184
2024-04-18,94.79944610595703,97.64051055908203,102.38034057617188,92.90068054199219,98.5884780883789,675723
2024-04-19,89.46123504638672,92.1423110961914,97.64051055908203,88.16085052490234,96.21855926513672,693514
2024-04-22,81.54593658447266,83.98979949951172,92.8058853149414,83.4210205078125,91.47872924804688,591336
2024-04-23,83.20262145996094,85.69613647460938,87.11808776855469,83.51581573486328,83.70540618896484,295118
2024-04-24,85.8717269897461,88.44523620605469,90.53076934814453,86.17012023925781,86.17012023925781,276063
2024-04-25,84.39913177490234,86.92849731445312,90.24637603759766,86.92849731445312,88.63483428955078,167236
2024-04-26,88.44881439208984,91.09954833984375,93.84864807128906,87.30767822265625,87.59207153320312,333699
2024-04-29,86.70008087158203,89.29840850830078,93.6590576171875,88.44523620605469,91.09954833984375,257629
2024-04-30,85.59562683105469,88.16085052490234,89.96198272705078,85.31695556640625,88.16085052490234,241257
2024-05-02,83.47874450683594,85.98052978515625,87.97126007080078,85.50654602050781,87.97126007080078,138129
2024-05-03,84.30708312988281,86.83369445800781,89.20361328125,85.50654602050781,85.50654602050781,198630
2024-05-06,84.95135498046875,87.49727630615234,88.63483428955078,86.92849731445312,87.21288299560547,171631
2024-05-07,87.25231170654297,89.8671875,92.90068054199219,87.21288299560547,87.21288299560547,316326
2024-05-08,85.50358581542969,88.06605529785156,89.67759704589844,87.11808776855469,89.48800659179688,135772
2024-05-09,83.47874450683594,85.98052978515625,88.44523620605469,85.98052978515625,87.21288299560547,146604
2024-05-10,83.66281127929688,86.17012023925781,87.0232925415039,85.6013412475586,86.17012023925781,117863
2024-05-13,84.49116516113281,87.0232925415039,88.06605529785156,85.79093170166016,86.3597183227539,99460
2024-05-14,83.75485229492188,86.2649154663086,87.11808776855469,85.98052978515625,87.0232925415039,72270
2024-05-15,83.47874450683594,85.98052978515625,87.49727630615234,85.50654602050781,87.21288299560547,90871
2024-05-16,83.20262145996094,85.69613647460938,87.11808776855469,85.69613647460938,85.98052978515625,113820
2024-05-17,79.88925170898438,82.28346252441406,86.07532501220703,82.28346252441406,85.69613647460938,316077
2024-05-20,79.33702087402344,81.71468353271484,82.94703674316406,81.05110168457031,82.94703674316406,128790
2024-05-21,81.9140853881836,84.36898803710938,85.6013412475586,81.99906921386719,81.99906921386719,123973
2024-05-22,88.17269134521484,90.81515502929688,94.60701751708984,84.46378326416016,85.79093170166016,546914
2024-05-23,93.87906646728516,96.69254302978516,98.5884780883789,89.8671875,92.90068054199219,1370554
2024-05-24,92.49849700927734,95.27059936523438,99.06246185302734,92.1423110961914,95.27059936523438,1184223
2024-05-27,90.19754028320312,92.90068054199219,96.69254302978516,91.28913879394531,95.74458312988281,408269
2024-05-28,91.117919921875,93.84864807128906,95.74458312988281,92.0475082397461,93.09027099609375,176131
2024-05-29,99.4013671875,102.38034057617188,102.38034057617188,90.24637603759766,93.6590576171875,1982653
2024-05-30,96.18002319335938,99.06246185302734,102.38034057617188,98.11449432373047,102.38034057617188,990255
2024-05-31,92.49849700927734,95.27059936523438,99.06246185302734,94.51222229003906,99.06246185302734,411420
2024-06-03,92.49849700927734,95.27059936523438,96.21855926513672,94.51222229003906,94.51222229003906,198591
2024-06-04,87.89659118652344,90.53076934814453,95.27059936523438,90.0567855834961,94.51222229003906,541431
2024-06-05,84.49116516113281,87.0232925415039,91.09954833984375,86.73889923095703,89.10881805419922,294357
2024-06-06,84.58320617675781,87.11808776855469,90.0567855834961,84.84297180175781,89.10881805419922,397085
2024-06-07,84.12300109863281,86.64410400390625,89.39320373535156,86.2649154663086,86.2649154663086,176945
2024-06-11,91.2099609375,93.94344329833984,94.1330337524414,87.0232925415039,87.0232925415039,480205
2024-06-12,91.39403533935547,94.1330337524414,97.64051055908203,92.71109008789062,92.71109008789062,524030
2024-06-13,88.72492218017578,91.3839340209961,94.3226318359375,90.62556457519531,94.22783660888672,289623
2024-06-14,90.38160705566406,93.09027099609375,93.6590576171875,91.47872924804688,92.1423110961914,116252
2024-06-17,88.72492218017578,91.3839340209961,93.75385284423828,90.53076934814453,92.90068054199219,153576
2024-06-18,87.89659118652344,90.53076934814453,93.18507385253906,89.77239227294922,91.76312255859375,123281
2024-06-19,86.8841552734375,89.48800659179688,90.90995025634766,89.01402282714844,90.90995025634766,120713
2024-06-20,88.17269134521484,90.81515502929688,91.09954833984375,88.82442474365234,89.96198272705078,120535
2024-06-21,87.25231170654297,89.8671875,91.00474548339844,89.67759704589844,90.0567855834961,61626
2024-06-24,86.05581665039062,88.63483428955078,89.96198272705078,88.3504409790039,89.39320373535156,113929
2024-06-25,84.49116516113281,87.0232925415039,88.63483428955078,87.0232925415039,88.63483428955078,80462
2024-06-26,88.54084777832031,91.19434356689453,91.28913879394531,88.06605529785156,88.44523620605469,132051
2024-06-27,86.79212188720703,89.39320373535156,91.28913879394531,89.39320373535156,89.77239227294922,133356
2024-06-28,86.9761962890625,89.58280181884766,90.53076934814453,88.91921997070312,90.34117126464844,90625
2024-07-01,85.96377563476562,88.5400390625,89.96198272705078,88.16085052490234,89.96198272705078,101151
2024-07-02,88.26473236083984,90.90995025634766,92.61628723144531,89.01402282714844,89.39320373535156,231018
2024-07-03,87.89659118652344,90.53076934814453,91.85791778564453,89.67759704589844,91.00474548339844,132611
2024-07-04,86.79212188720703,89.39320373535156,90.81515502929688,88.3504409790039,90.7203598022461,192830
2024-07-05,89.82937622070312,92.52149200439453,92.61628723144531,88.25564575195312,88.25564575195312,196344
2024-07-08,87.8045425415039,90.43596649169922,94.1330337524414,89.77239227294922,91.28913879394531,356807
2024-07-09,87.43639373779297,90.0567855834961,91.47872924804688,89.10881805419922,91.47872924804688,132346
2024-07-10,88.35677337646484,91.00474548339844,91.95271301269531,90.53076934814453,91.09954833984375,109179
2024-07-11,88.44881439208984,91.09954833984375,92.90068054199219,90.43596649169922,91.95271301269531,114857
2024-07-12,86.42396545410156,89.01402282714844,90.43596649169922,88.25564575195312,90.0567855834961,158098
2024-07-15,86.79212188720703,89.39320373535156,89.8671875,88.82442474365234,89.39320373535156,118737
2024-07-16,86.42396545410156,89.01402282714844,89.8671875,88.72962951660156,89.01402282714844,164344
2024-07-17,86.42396545410156,89.01402282714844,89.29840850830078,88.16085052490234,88.16085052490234,181113
2024-07-18,83.75485229492188,86.2649154663086,89.10881805419922,85.98052978515625,87.87645721435547,235651
2024-07-19,84.03096771240234,86.54930877685547,86.92849731445312,85.98052978515625,86.45451354980469,100868
2024-07-22,80.71759033203125,83.13662719726562,88.16085052490234,83.13662719726562,86.73889923095703,221512
2024-07-23,83.11058807373047,85.6013412475586,86.54930877685547,84.7481689453125,84.7481689453125,188514
2024-07-26,81.9140853881836,84.36898803710938,84.65337371826172,83.61061096191406,84.0845947265625,124809
2024-07-29,81.26982116699219,83.70540618896484,85.69613647460938,83.70540618896484,85.31695556640625,151212
2024-07-30,80.62555694580078,83.04183197021484,84.17938995361328,81.9042739868164,83.51581573486328,112088
2024-07-31,81.45389556884766,83.89500427246094,84.55857849121094,83.04183197021484,83.04183197021484,64912
2024-08-01,82.65039825439453,85.12735748291016,85.6013412475586,84.2741928100586,84.2741928100586,36118
2024-08-02,80.44148254394531,82.85224151611328,84.46378326416016,82.85224151611328,84.46378326416016,62783
2024-08-05,72.71025848388672,74.88932037353516,82.28346252441406,74.60493469238281,81.99906921386719,387416
2024-08-06,72.52618408203125,74.6997299194336,76.1216812133789,73.3725814819336,75.4581069946289,181946
2024-08-07,79.2449722290039,81.61988067626953,81.61988067626953,75.26850891113281,75.26850891113281,102851
2024-08-08,78.23255920410156,80.57711791992188,82.37825775146484,79.43955993652344,80.57711791992188,51627
2024-08-09,79.42906188964844,81.80947875976562,82.94703674316406,80.38752746582031,80.38752746582031,27996
2024-08-12,79.79721069335938,82.18866729736328,83.04183197021484,81.2406997680664,81.52508544921875,52885
2024-08-13,80.16535186767578,82.5678482055664,83.04183197021484,81.99906921386719,82.28346252441406,79618
2024-08-14,81.9140853881836,84.36898803710938,84.46378326416016,82.47305297851562,83.04183197021484,52288
2024-08-15,84.03096771240234,86.54930877685547,87.11808776855469,85.03256225585938,85.22215270996094,77960
2024-08-16,85.4313735961914,87.19999694824219,88.0,84.0999984741211,88.0,128786
2024-08-19,85.72528839111328,87.5,87.80000305175781,86.0999984741211,86.0999984741211,27966
2024-08-20,85.72528839111328,87.5,87.80000305175781,86.5,87.0999984741211,31454
2024-08-21,84.94151306152344,86.69999694824219,87.9000015258789,85.69999694824219,86.30000305175781,19463
2024-08-22,83.9617919921875,85.69999694824219,87.0,85.5,87.0,15146
2024-08-23,85.13745880126953,86.9000015258789,87.0,85.0,86.5999984741211,22506
2024-08-26,84.05976867675781,85.80000305175781,87.19999694824219,84.9000015258789,85.19999694824219,28289
2024-08-27,83.76585388183594,85.5,86.19999694824219,83.80000305175781,85.69999694824219,39914
2024-08-28,82.49221801757812,84.19999694824219,85.0,83.5,84.4000015258789,43705
2024-08-29,83.17802429199219,84.9000015258789,85.9000015258789,83.19999694824219,83.5,26781
2024-08-30,82.78614044189453,84.5,85.30000305175781,83.69999694824219,84.0,24968
2024-09-02,82.29627227783203,84.0,84.9000015258789,83.5999984741211,83.5999984741211,19588
2024-09-03,81.12062072753906,82.80000305175781,84.5,82.80000305175781,83.5,49239
2024-09-04,79.16118621826172,80.80000305175781,83.30000305175781,80.0,83.30000305175781,91992
2024-09-05,79.35712432861328,81.0,81.9000015258789,80.0999984741211,81.19999694824219,30750
2024-09-06,78.67132568359375,80.30000305175781,81.4000015258789,79.0,81.4000015258789,49785
2024-09-09,78.37741088867188,80.0,80.9000015258789,78.0,80.0,12853
2024-09-10,79.06320190429688,80.69999694824219,82.0,80.0,80.0,85147
2024-09-11,79.35712432861328,81.0,81.0,80.0,80.69999694824219,19495
2024-09-12,80.43480682373047,82.0999984741211,82.0999984741211,81.0999984741211,81.0999984741211,25556
2024-09-13,81.61048126220703,83.30000305175781,83.9000015258789,81.0999984741211,81.0999984741211,43219
2024-09-16,83.0800552368164,84.80000305175781,85.0,82.19999694824219,82.19999694824219,57412
2024-09-18,83.0800552368164,84.80000305175781,85.30000305175781,84.0,85.0,16718
2024-09-19,84.45165252685547,86.19999694824219,86.19999694824219,83.69999694824219,83.80000305175781,39368
2024-09-20,84.54962921142578,86.30000305175781,87.9000015258789,85.19999694824219,86.19999694824219,36098
2024-09-23,85.23543548583984,87.0,87.0,85.0,86.9000015258789,48742
2024-09-24,85.4313735961914,87.19999694824219,88.0,86.0999984741211,86.0999984741211,27586
2024-09-25,84.54962921142578,86.30000305175781,87.9000015258789,85.0,87.19999694824219,89817
2024-09-26,84.54962921142578,86.30000305175781,87.4000015258789,85.0,85.0999984741211,13666
2024-09-27,83.17802429199219,84.9000015258789,87.0,84.9000015258789,85.0999984741211,14825
2024-09-30,82.59019470214844,84.30000305175781,85.69999694824219,82.80000305175781,84.0,27954
2024-10-01,82.68816375732422,84.4000015258789,85.5,83.0,83.0,37255
2024-10-04,82.78614044189453,84.5,86.0,83.69999694824219,84.30000305175781,100946
2024-10-07,83.9617919921875,85.69999694824219,86.0,84.5,84.5,48556
2024-10-08,84.45165252685547,86.19999694824219,87.30000305175781,86.0,86.0,68333
2024-10-09,83.27599334716797,85.0,87.30000305175781,84.5,87.0,65164
2024-10-11,82.78614044189453,84.5,85.9000015258789,84.0999984741211,84.0999984741211,50080
2024-10-14,82.59019470214844,84.30000305175781,84.5,84.0,84.4000015258789,51649
2024-10-15,82.78614044189453,84.5,85.5,83.80000305175781,83.80000305175781,60544
2024-10-16,82.10033416748047,83.80000305175781,84.69999694824219,83.0999984741211,83.0999984741211,19735
2024-10-17,82.39424896240234,84.0999984741211,84.80000305175781,83.5,83.5,35540
2024-10-18,82.29627227783203,84.0,85.9000015258789,83.69999694824219,84.30000305175781,45282
2024-10-21,82.68816375732422,84.4000015258789,85.19999694824219,84.0,84.0,42628
2024-10-22,82.29627227783203,84.0,85.0,84.0,84.30000305175781,92829
2024-10-23,82.9820785522461,84.69999694824219,85.69999694824219,84.30000305175781,84.5,52472
2024-10-24,83.0800552368164,84.80000305175781,85.0,84.0,84.4000015258789,103040
2024-10-25,82.68816375732422,84.4000015258789,84.9000015258789,84.0,84.9000015258789,13348
2024-10-28,82.59019470214844,84.30000305175781,84.69999694824219,83.4000015258789,83.80000305175781,60907
2024-10-29,82.9820785522461,84.69999694824219,84.80000305175781,83.69999694824219,84.30000305175781,56551
2024-10-30,82.19831085205078,83.9000015258789,84.5999984741211,83.5999984741211,83.80000305175781,74913
2024-11-01,81.70845031738281,83.4000015258789,83.80000305175781,83.0999984741211,83.4000015258789,10737
2024-11-04,80.53278350830078,82.19999694824219,83.0,82.19999694824219,82.80000305175781,26781
2024-11-05,81.21858978271484,82.9000015258789,84.4000015258789,82.0,82.69999694824219,46807
2024-11-06,82.29627227783203,84.0,84.19999694824219,83.19999694824219,84.0,27104
2024-11-07,81.31655883789062,83.0,83.69999694824219,82.5999984741211,83.5999984741211,85981
2024-11-08,82.78614044189453,84.5,84.9000015258789,83.0,83.19999694824219,71088
2024-11-11,82.00236511230469,83.69999694824219,86.30000305175781,83.30000305175781,83.30000305175781,206991
2024-11-12,82.68816375732422,84.4000015258789,84.5,83.80000305175781,84.30000305175781,47635
2024-11-13,82.78614044189453,84.5,84.9000015258789,83.80000305175781,84.9000015258789,36451
2024-11-14,82.29627227783203,84.0,84.80000305175781,83.9000015258789,84.5,106001
2024-11-15,82.49221801757812,84.19999694824219,84.5999984741211,83.69999694824219,84.4000015258789,54817
2024-11-18,81.31655883789062,83.0,84.30000305175781,83.0,84.0999984741211,73444
2024-11-19,82.19831085205078,83.9000015258789,84.30000305175781,83.19999694824219,84.0,63978
2024-11-20,82.49221801757812,84.19999694824219,84.30000305175781,83.4000015258789,84.19999694824219,49375
2024-11-21,82.59019470214844,84.30000305175781,84.4000015258789,83.69999694824219,84.30000305175781,46805
2024-11-22,82.59019470214844,84.30000305175781,84.5999984741211,83.5999984741211,84.4000015258789,64300
2024-11-25,82.39424896240234,84.0999984741211,84.9000015258789,83.80000305175781,84.0,61850
2024-11-26,82.49221801757812,84.19999694824219,84.19999694824219,83.19999694824219,83.80000305175781,33717
2024-11-27,81.8064193725586,83.5,84.5,83.19999694824219,84.30000305175781,60364
2024-11-28,81.61048126220703,83.30000305175781,83.9000015258789,83.0999984741211,83.9000015258789,42710
2024-11-29,81.21858978271484,82.9000015258789,83.9000015258789,81.30000305175781,83.5999984741211,16414
2024-12-02,81.21858978271484,82.9000015258789,84.0,81.30000305175781,81.30000305175781,37204
2024-12-03,81.61048126220703,83.30000305175781,84.19999694824219,83.0,83.0999984741211,52869
2024-12-04,82.10033416748047,83.80000305175781,84.0999984741211,83.0,83.9000015258789,87528
2024-12-05,82.29627227783203,84.0,84.4000015258789,83.19999694824219,83.9000015258789,70937
2024-12-06,82.29627227783203,84.0,84.19999694824219,83.5,84.0,40456
2024-12-09,81.90438842773438,83.5999984741211,84.0,83.0,84.0,42440
2024-12-10,82.29627227783203,84.0,84.0,83.19999694824219,83.69999694824219,61316
2024-12-11,82.59019470214844,84.30000305175781,84.30000305175781,83.19999694824219,84.0,77584
2024-12-12,81.8064193725586,83.5,84.30000305175781,83.4000015258789,83.4000015258789,31223
2024-12-13,82.10033416748047,83.80000305175781,83.9000015258789,82.5999984741211,83.9000015258789,59163
2024-12-16,81.31655883789062,83.0,84.19999694824219,82.5,83.19999694824219,122189
2024-12-17,81.51249694824219,83.19999694824219,83.5,82.5,82.80000305175781,72065
2024-12-18,81.31655883789062,83.0,83.5,82.5,83.5,43806
2024-12-19,81.02264404296875,82.69999694824219,83.5999984741211,82.5999984741211,83.4000015258789,56148
2024-12-20,80.92466735839844,82.5999984741211,83.5,82.5,82.9000015258789,38566
2024-12-23,82.29627227783203,84.0,84.69999694824219,83.0,83.30000305175781,76385
2024-12-24,82.29627227783203,84.0,84.5999984741211,83.80000305175781,84.30000305175781,48410
2024-12-25,82.78614044189453,84.5,84.80000305175781,83.5,84.30000305175781,90059
2024-12-26,82.59019470214844,84.30000305175781,84.5,84.0,84.5,58597
2024-12-27,82.9820785522461,84.69999694824219,84.69999694824219,83.80000305175781,84.0,35278
2024-12-30,82.59019470214844,84.30000305175781,85.0,84.0,84.69999694824219,40776
2024-12-31,82.9820785522461,84.69999694824219,84.80000305175781,84.0,84.5,34250
2025-01-02,81.51249694824219,83.19999694824219,84.69999694824219,83.19999694824219,84.0,91993
2025-01-03,93.171142578125,95.0999984741211,97.4000015258789,84.30000305175781,84.30000305175781,1185952
2025-01-06,96.0123291015625,98.0,101.0,94.69999694824219,96.4000015258789,689305
2025-01-07,96.0123291015625,98.0,100.5,96.69999694824219,99.0,468976
2025-01-08,96.8940658569336,98.9000015258789,100.5,97.4000015258789,98.5999984741211,356994
2025-01-09,97.57987213134766,99.5999984741211,102.5,99.19999694824219,99.80000305175781,281945
2025-01-10,105.80950164794922,108.0,110.5,99.69999694824219,100.0,893267
2025-01-13,100.9109115600586,103.0,109.0,99.69999694824219,109.0,536801
2025-01-14,98.95147705078125,101.0,103.0,99.5,103.0,152725
2025-01-15,97.97175598144531,100.0,101.5,99.5999984741211,100.0,120156
2025-01-16,97.77581787109375,99.80000305175781,102.5,99.80000305175781,100.5,96472
2025-01-17,98.46161651611328,100.5,100.5,97.80000305175781,99.5999984741211,133821
2025-01-20,98.95147705078125,101.0,101.0,99.69999694824219,100.5,109042
2025-01-21,98.46161651611328,100.5,102.0,99.69999694824219,102.0,62213
2025-01-22,106.78921508789062,109.0,111.0,100.0,100.5,428774
2025-02-03,101.890625,104.0,108.0,99.69999694824219,108.0,202490
2025-02-04,101.890625,104.0,106.0,101.5,104.5,111338
2025-02-05,101.890625,104.0,105.0,103.0,103.5,147323
2025-02-06,101.40077209472656,103.5,105.0,103.0,104.5,64508
2025-02-07,102.38048553466797,104.5,106.0,103.0,104.0,72082
2025-02-10,101.40077209472656,103.5,104.5,102.0,104.5,91176
2025-02-11,101.40077209472656,103.5,105.5,101.0,103.5,154070
2025-02-12,100.42105102539062,102.5,103.5,100.5,102.0,159130
2025-02-13,99.44133758544922,101.5,102.5,99.80000305175781,102.0,125056
2025-02-14,99.44133758544922,101.5,103.0,101.0,103.0,41762
2025-02-17,98.95147705078125,101.0,102.0,99.69999694824219,100.5,98524
2025-02-18,98.95147705078125,101.0,101.5,99.69999694824219,99.69999694824219,26155
2025-02-19,97.57987213134766,99.5999984741211,102.0,99.5999984741211,100.5,245333
2025-02-20,97.18798065185547,99.19999694824219,100.5,99.0999984741211,100.5,187480
2025-02-21,98.46161651611328,100.5,100.5,99.19999694824219,99.80000305175781,22968
2025-02-24,97.6778335571289,99.69999694824219,101.0,99.0,99.69999694824219,59248
2025-02-25,98.46161651611328,100.5,101.0,100.0,101.0,70422
2025-02-26,101.40077209472656,103.5,103.5,100.0,101.0,64536
2025-02-27,99.93119049072266,102.0,104.5,101.5,102.0,78563
2025-03-03,97.97175598144531,100.0,101.5,99.69999694824219,101.0,43748
2025-03-04,98.46161651611328,100.5,100.5,98.69999694824219,100.0,111629
2025-03-05,98.46161651611328,100.5,101.5,99.19999694824219,99.30000305175781,26800
2025-03-06,97.97175598144531,100.0,100.5,99.19999694824219,100.0,95853
2025-03-07,97.87378692626953,99.9000015258789,100.5,99.4000015258789,99.69999694824219,33182
2025-03-10,97.97175598144531,100.0,100.5,99.4000015258789,100.0,64820
2025-03-11,96.9920425415039,99.0,100.0,95.0999984741211,100.0,140331
2025-03-12,97.3839340209961,99.4000015258789,99.69999694824219,98.80000305175781,99.0,24843
2025-03-13,96.30623626708984,98.30000305175781,99.5,96.19999694824219,99.5,149052
2025-03-14,96.30623626708984,98.30000305175781,99.30000305175781,97.5,99.30000305175781,60586
2025-03-17,97.18798065185547,99.19999694824219,100.5,98.80000305175781,99.0,57828
2025-03-18,96.79610443115234,98.80000305175781,99.9000015258789,98.30000305175781,99.30000305175781,78890
2025-03-19,95.5224609375,97.5,98.9000015258789,96.5999984741211,98.80000305175781,67889
2025-03-20,94.73868560791016,96.69999694824219,97.80000305175781,96.5,97.80000305175781,55770
2025-03-21,93.75897216796875,95.69999694824219,97.0,95.69999694824219,96.0,84560
2025-03-24,91.89751434326172,93.80000305175781,96.0999984741211,93.5,96.0,69084
2025-03-25,90.13401794433594,92.0,93.80000305175781,92.0,93.80000305175781,108008
2025-03-26,88.1745834350586,90.0,92.5,89.80000305175781,92.0,103645
2025-03-27,89.6441650390625,91.5,91.80000305175781,89.0,89.0,85204
2025-03-28,89.154296875,91.0,91.5999984741211,89.69999694824219,90.80000305175781,133685
2025-03-31,83.27599334716797,85.0,90.5999984741211,85.0,90.0,176822
2025-04-01,84.54962921142578,86.30000305175781,86.9000015258789,85.0,85.30000305175781,47786
2025-04-02,90.13401794433594,92.0,93.30000305175781,86.69999694824219,87.0,44091
2025-04-07,68.77617645263672,70.19999694824219,87.9000015258789,69.9000015258789,87.9000015258789,217319
2025-04-08,68.09037017822266,69.5,72.0999984741211,68.19999694824219,70.0,160428
2025-04-09,58.78305435180664,60.0,69.69999694824219,58.900001525878906,69.69999694824219,176177
2025-04-10,80.33684539794922,82.0,82.5,62.900001525878906,62.900001525878906,291832
2025-04-11,77.39768981933594,79.0,81.5999984741211,76.30000305175781,81.5999984741211,88725
2025-04-14,78.57334899902344,80.19999694824219,81.0,79.19999694824219,80.0,61363
2025-04-15,77.8875503540039,79.5,80.30000305175781,78.5,80.30000305175781,48205
2025-04-16,75.73217010498047,77.30000305175781,80.0,77.0,79.9000015258789,68559
2025-04-17,74.06664276123047,75.5999984741211,76.5,74.9000015258789,76.0,87899
2025-04-18,75.2423095703125,76.80000305175781,77.0999984741211,75.0999984741211,75.69999694824219,35922
2025-04-21,75.43824768066406,77.0,78.9000015258789,77.0,77.0,42991
2025-04-22,73.28287506103516,74.80000305175781,76.0,74.5999984741211,75.5,53074
2025-04-23,74.75245666503906,76.30000305175781,76.80000305175781,74.69999694824219,75.0,42778
2025-04-24,74.85042572021484,76.4000015258789,76.4000015258789,75.9000015258789,75.9000015258789,8470
2025-04-25,76.90782928466797,78.5,80.0,77.0,77.0,160617
2025-04-28,77.69160461425781,79.30000305175781,80.0,78.0,78.5999984741211,90548
2025-04-29,75.73217010498047,77.30000305175781,79.0999984741211,75.5,79.0,186652
2025-04-30,75.34028625488281,76.9000015258789,77.4000015258789,76.4000015258789,77.4000015258789,32757
2025-05-02,77.39768981933594,79.0,79.0,76.69999694824219,76.69999694824219,40995
2025-05-05,76.90782928466797,78.5,79.0,77.30000305175781,79.0,46583
2025-05-06,76.90782928466797,78.5,79.30000305175781,77.30000305175781,77.30000305175781,174938
2025-05-07,77.10376739501953,78.69999694824219,81.4000015258789,78.19999694824219,78.69999694824219,200750
2025-05-08,77.10376739501953,78.69999694824219,79.19999694824219,77.9000015258789,78.0,279768
2025-05-09,76.41797637939453,78.0,78.80000305175781,78.0,78.69999694824219,105360
2025-05-12,76.90782928466797,78.5,78.9000015258789,77.9000015258789,78.0,145091
2025-05-13,76.80986022949219,78.4000015258789,79.80000305175781,78.0,79.0,166339
2025-05-14,76.31999969482422,77.9000015258789,78.4000015258789,76.5,78.0999984741211,188188
2025-05-15,75.63419342041016,77.19999694824219,77.5,76.80000305175781,77.30000305175781,42636
2025-05-16,75.63419342041016,77.19999694824219,77.9000015258789,77.0,77.5,100696
2025-05-19,74.45853424072266,76.0,77.4000015258789,75.80000305175781,76.69999694824219,66852
2025-05-20,73.96868133544922,75.5,76.19999694824219,75.0,76.19999694824219,21930
2025-05-21,73.57678985595703,75.0999984741211,75.80000305175781,75.0,75.80000305175781,51795
2025-05-22,72.79302215576172,74.30000305175781,75.4000015258789,74.0,74.80000305175781,52925
2025-05-23,72.8909912109375,74.4000015258789,74.5,73.9000015258789,74.19999694824219,70402
2025-05-26,72.20518493652344,73.69999694824219,74.0999984741211,73.19999694824219,74.0,87416
2025-05-27,71.0295181274414,72.5,73.5999984741211,72.0,73.5999984741211,47202
2025-05-28,70.83358001708984,72.30000305175781,72.9000015258789,71.80000305175781,72.80000305175781,43971
2025-05-29,75.14433288574219,76.69999694824219,77.5999984741211,72.19999694824219,72.30000305175781,78319
2025-06-02,76.6139144897461,78.19999694824219,78.19999694824219,75.0999984741211,75.0999984741211,66713
2025-06-03,77.39768981933594,79.0,79.5,77.5,77.69999694824219,43086
2025-06-04,82.29627227783203,84.0,84.0999984741211,79.80000305175781,79.9000015258789,306943
2025-06-05,80.43480682373047,82.0999984741211,85.30000305175781,81.0999984741211,83.19999694824219,265705
2025-06-06,86.41108703613281,88.19999694824219,88.4000015258789,82.69999694824219,82.69999694824219,458417
2025-06-09,97.97175598144531,100.0,100.5,87.69999694824219,87.69999694824219,767720
2025-06-10,96.79610443115234,98.80000305175781,101.5,97.4000015258789,100.5,421589
2025-06-11,94.1508560180664,96.0999984741211,99.5,93.5,99.5,292684
2025-06-12,92.31449890136719,93.0,94.5,92.5,94.4000015258789,146967
2025-06-13,91.71891784667969,92.4000015258789,94.30000305175781,91.9000015258789,93.30000305175781,315491
2025-06-16,92.2152328491211,92.9000015258789,93.30000305175781,92.19999694824219,92.80000305175781,34429
2025-06-17,94.20049285888672,94.9000015258789,95.9000015258789,93.0,93.30000305175781,88934
2025-06-18,97.87321472167969,98.5999984741211,101.0,95.5999984741211,96.0,390362
2025-06-19,100.75184631347656,101.5,105.5,97.5,99.0,773809
2025-06-20,99.75921630859375,100.5,104.0,99.19999694824219,102.0,265363
2025-06-23,98.46879577636719,99.19999694824219,100.0,97.0,99.0,226596
2025-06-24,99.75921630859375,100.5,102.5,98.5,99.0,277221
2025-06-25,100.75184631347656,101.5,102.5,99.69999694824219,101.0,287288
2025-06-26,108.69287109375,109.5,110.5,102.0,102.0,1212730
2025-06-27,118.6191635131836,119.5,120.5,108.5,110.0,1445292
2025-06-30,115.64128112792969,116.5,119.5,112.5,119.5,712254
2025-07-01,126.06388092041016,127.0,128.5,115.0,118.0,1128642
2025-07-02,130.5307159423828,131.5,134.5,124.5,130.5,1228493
2025-07-03,130.03439331054688,131.0,138.5,125.0,130.0,735774
2025-07-04,127.05651092529297,128.0,136.5,127.5,131.5,462197
2025-07-07,125.56756591796875,126.5,130.5,121.5,128.5,356358
2025-07-08,130.5307159423828,131.5,134.5,126.0,126.0,899135
2025-07-09,147.40541076660156,148.5,149.5,131.0,132.5,2518413
2025-07-10,163.2874755859375,164.5,166.0,146.0,150.0,2543906
2025-07-11,184.13267517089844,185.5,187.5,162.0,165.0,2819493
2025-07-14,169.2432403564453,170.5,184.0,166.0,183.0,2141484
2025-07-15,164.2801055908203,165.5,172.0,158.0,170.5,1166510
2025-07-16,173.21376037597656,174.5,181.0,162.5,163.0,1506901
2025-07-17,169.73956298828125,171.0,176.0,167.0,174.0,754297
2025-07-18,169.2432403564453,170.5,175.0,165.5,173.5,726629
2025-07-21,168.74693298339844,170.0,174.0,167.5,173.0,279037
2025-07-22,157.8280029296875,159.0,172.0,154.0,170.5,1158778
2025-07-23,159.81326293945312,161.0,163.5,154.5,159.5,617226
2025-07-24,159.31695556640625,160.5,162.5,159.5,161.5,341478
2025-07-25,153.36117553710938,154.5,162.0,154.5,161.5,754219
2025-07-28,158.8206329345703,160.0,162.5,154.5,154.5,512004
2025-07-29,153.36117553710938,154.5,159.0,153.5,159.0,425030
2025-07-30,155.346435546875,156.5,158.0,150.0,156.0,451003
2025-07-31,171.22850036621094,172.5,174.0,157.0,157.0,1422406
2025-08-04,161.79852294921875,163.0,168.5,161.5,167.0,506350
2025-08-05,167.2579803466797,168.5,174.0,163.5,166.0,830126
2025-08-06,163.78378295898438,165.0,168.0,162.0,167.0,397018
2025-08-07,164.7764129638672,166.0,176.5,164.0,166.0,644961
2025-08-08,161.30221557617188,162.5,168.0,161.5,165.5,690468
2025-08-11,165.76904296875,167.0,168.5,159.5,161.0,714484
2025-08-12,165.27272033691406,166.5,170.5,164.5,167.5,396838
2025-08-13,162.79115295410156,164.0,166.0,159.0,165.5,1307016
2025-08-14,181.65110778808594,183.0,185.0,163.0,164.5,3130227
2025-08-15,181.65110778808594,183.0,194.5,179.0,186.0,1667638
2025-08-18,179.6658477783203,181.0,184.0,176.0,179.0,658020
2025-08-19,174.20639038085938,175.5,182.5,174.0,181.0,742168
2025-08-20,169.73956298828125,171.0,177.0,165.5,177.0,990623
2025-08-21,174.70269775390625,176.0,181.0,172.0,172.5,759131
2025-08-22,174.70269775390625,176.0,176.0,176.0,176.0,0
2025-08-25,186.11793518066406,187.5,189.0,178.0,178.0,1226111
2025-08-26,189.0958251953125,190.5,195.5,179.0,186.5,947351
2025-08-27,189.0958251953125,190.5,196.0,186.5,191.0,771733
2025-08-28,183.14004516601562,184.5,192.0,184.0,189.0,481008
2025-08-29,183.63636779785156,185.0,189.0,177.0,188.0,815810
2025-09-01,175.1990203857422,176.5,184.0,173.5,183.0,690486
2025-09-02,175.1990203857422,176.5,179.0,170.0,175.0,465340
2025-09-03,178.17691040039062,179.5,184.5,176.0,177.0,456388
2025-09-04,180.65847778320312,182.0,185.5,179.0,184.0,570077
2025-09-05,189.59213256835938,191.0,193.5,183.0,183.0,1291075
2025-09-08,191.08108520507812,192.5,195.0,188.5,192.0,587316
2025-09-09,185.6216278076172,187.0,194.0,182.0,193.0,969830
2025-09-10,184.13267517089844,185.5,189.0,184.5,189.0,377459
2025-09-11,184.13267517089844,185.5,190.0,183.0,187.0,636319
2025-09-12,179.16954040527344,180.5,187.0,179.5,186.0,389704
2025-09-15,175.1990203857422,176.5,182.0,174.5,182.0,454027
2025-09-16,180.65847778320312,182.0,183.5,176.5,176.5,318706
2025-09-17,181.65110778808594,183.0,186.0,181.5,182.0,467063
2025-09-18,182.64373779296875,184.0,187.5,180.0,181.5,510326
2025-09-19,186.6142578125,188.0,191.0,184.5,184.5,714214
2025-09-22,183.63636779785156,185.0,190.0,181.0,190.0,384402
2025-09-23,181.65110778808594,183.0,189.0,182.5,183.0,184969
2025-09-24,179.16954040527344,180.5,187.0,180.0,185.0,285577
2025-09-25,175.1990203857422,176.5,183.5,175.5,180.0,639675
2025-09-26,175.69532775878906,177.0,180.0,170.0,175.0,333970
2025-09-30,176.68795776367188,178.0,180.0,176.5,176.5,116376
2025-10-01,171.72482299804688,173.0,178.5,171.0,178.0,288900
2025-10-02,172.22113037109375,173.5,175.0,171.5,171.5,137379
2025-10-03,178.17691040039062,179.5,180.5,174.0,175.5,257479
2025-10-07,177.1842803955078,178.5,182.0,176.5,180.0,127755
2025-10-08,173.71006774902344,175.0,178.0,174.0,176.5,170719
2025-10-09,177.6805877685547,179.0,180.0,175.0,177.5,173365
2025-10-13,177.6805877685547,179.0,179.0,173.0,176.5,117717
2025-10-14,174.70269775390625,176.0,184.0,171.0,179.0,441852
2025-10-15,184.62899780273438,186.0,188.0,173.0,177.5,841217
2025-10-16,182.64373779296875,184.0,191.0,182.0,186.5,401477
2025-10-17,180.1621551513672,181.5,189.5,181.0,183.5,347481
2025-10-20,175.69532775878906,177.0,181.5,176.0,180.5,430800
2025-10-21,175.1990203857422,176.5,178.5,175.0,177.0,268973
2025-10-22,173.21376037597656,174.5,177.5,173.0,177.5,384049
2025-10-23,171.72482299804688,173.0,176.0,172.0,175.0,208456
2025-10-27,171.22850036621094,172.5,178.0,172.5,174.5,313111
2025-10-28,172.71743774414062,174.0,176.5,172.0,172.5,141609
2025-10-29,178.6732177734375,180.0,181.0,174.0,174.0,324679
2025-10-30,177.1842803955078,178.5,184.0,178.0,181.0,453594
2025-10-31,172.22113037109375,173.5,180.0,172.0,179.0,566214
2025-11-03,172.71743774414062,174.0,175.0,172.0,173.5,213174
2025-11-04,171.72482299804688,173.0,176.0,172.0,172.0,109493
2025-11-05,168.74693298339844,170.0,174.0,169.0,173.0,271556
2025-11-06,167.2579803466797,168.5,173.0,167.5,169.5,263443
2025-11-07,166.26535034179688,167.5,170.5,165.5,168.0,234555
2025-11-10,167.2579803466797,168.5,171.0,162.5,168.0,315021
2025-11-11,164.2801055908203,165.5,169.5,165.0,169.0,310697
2025-11-12,161.30221557617188,162.5,165.5,161.5,165.5,235398
2025-11-13,159.31695556640625,160.5,163.5,159.5,163.5,219921
2025-11-14,157.8280029296875,159.0,164.0,157.5,160.0,353417
2025-11-17,159.31695556640625,160.5,161.5,159.0,160.0,239514
2025-11-18,158.8206329345703,160.0,161.5,156.5,159.5,296411
2025-11-19,170.73219299316406,172.0,175.0,160.0,160.5,727150
2025-11-20,169.2432403564453,170.5,174.5,166.0,172.0,359170
2025-11-21,160.80589294433594,162.0,169.5,161.0,168.0,263375
2025-11-24,160.80589294433594,162.0,167.0,150.5,164.0,481218
2025-11-25,177.1842803955078,178.5,181.0,149.5,152.5,3270730
2025-11-26,227.808349609375,229.5,238.5,190.0,190.0,3530776
2025-11-27,218.3783721923828,220.0,227.5,207.0,224.5,2912669
2025-11-28,234.26043701171875,236.0,238.0,214.0,220.0,2547620
2025-12-01,228.30467224121094,230.0,242.5,222.0,242.0,1955062
2025-12-02,231.28256225585938,233.0,238.0,225.0,230.5,1825071
2025-12-03,254.11302185058594,256.0,256.0,231.0,234.0,3057262
2025-12-04,254.11302185058594,256.0,268.0,245.0,257.0,3329039
2025-12-05,239.2235870361328,241.0,254.0,236.0,250.0,2310756
2025-12-08,239.2235870361328,241.0,246.0,227.5,237.5,2056454
2025-12-09,240.21621704101562,242.0,242.0,232.0,242.0,1729628
2025-12-10,235.7493896484375,237.5,242.0,236.0,238.0,1252273
2025-12-11,234.7567596435547,236.5,241.0,232.5,240.5,1369540
2025-12-12,248.15724182128906,250.0,254.5,238.0,238.0,2574388
2025-12-15,239.2235870361328,241.0,246.5,236.0,239.0,1150785
2025-12-16,235.7493896484375,237.5,245.0,233.0,238.0,1146103
2025-12-17,245.1793670654297,247.0,251.0,237.0,246.0,1257829
2025-12-18,237.73464965820312,239.5,248.5,238.0,242.0,993594
2025-12-19,236.24569702148438,238.0,245.0,237.0,242.0,957397
2025-12-22,259.5724792480469,261.5,261.5,240.0,243.0,2953665
2025-12-23,264.039306640625,266.0,269.0,252.5,261.5,2563977
2025-12-24,256.0982666015625,258.0,268.0,258.0,266.5,1525936
2025-12-26,280.91400146484375,283.0,283.0,255.0,259.0,2162470
2025-12-29,297.7886962890625,300.0,300.0,278.5,281.0,2966258
2025-12-30,296.29974365234375,298.5,304.0,288.0,293.0,1871403
2025-12-31,292.8255615234375,295.0,309.5,294.0,299.5,1679654
2026-01-02,288.3587341308594,290.5,297.0,288.5,294.0,1140618
2026-01-05,303.7444763183594,306.0,308.5,291.5,292.5,1604209
2026-01-06,292.8255615234375,295.0,302.5,294.0,301.0,1407587
2026-01-07,274.4619140625,276.5,295.0,269.0,295.0,1943176
2026-01-08,268.00982666015625,270.0,279.5,267.0,270.5,1269782
2026-01-09,270.49139404296875,272.5,278.0,269.0,270.0,665414
2026-01-12,267.0172119140625,269.0,276.0,269.0,273.5,841607
2026-01-13,249.6461944580078,251.5,271.0,250.0,269.0,1724740
2026-01-14,250.1425018310547,252.0,261.0,250.5,253.0,1045527
2026-01-15,244.18673706054688,246.0,251.5,241.5,251.5,932650
2026-01-16,248.653564453125,250.5,256.0,240.0,248.5,962501
2026-01-19,240.21621704101562,242.0,249.0,242.0,248.0,723757
2026-01-20,246.1719970703125,248.0,252.5,241.5,241.5,498541
2026-01-21,234.7567596435547,236.5,247.5,236.5,243.5,814783
2026-01-22,235.7493896484375,237.5,242.0,234.0,238.5,962359
2026-01-23,237.2383270263672,239.0,242.0,235.5,237.5,713741
2026-01-26,253.12039184570312,255.0,262.0,241.0,241.5,1394382
2026-01-27,247.16461181640625,249.0,255.0,246.5,252.5,748400
2026-01-28,245.67567443847656,247.5,260.5,247.0,260.5,732399
2026-01-29,239.2235870361328,241.0,246.5,238.0,242.0,651436
2026-01-30,236.24569702148438,238.0,242.0,236.0,242.0,386033
2026-02-02,224.83045959472656,226.5,234.0,226.5,234.0,611294
2026-02-03,234.26043701171875,236.0,237.5,229.5,232.0,378526
2026-02-04,240.7125244140625,242.5,242.5,235.0,236.0,403300
2026-02-05,252.62408447265625,254.5,266.0,237.5,240.5,1574174
2026-02-06,259.5724792480469,261.5,267.0,236.5,254.0,1546453
2026-02-09,259.5724792480469,261.5,273.5,258.0,273.5,1211177
2026-02-10,267.0172119140625,269.0,269.0,250.5,262.0,1095370
2026-02-11,285.3808288574219,287.5,290.0,269.0,270.0,2724055
2026-02-23,294.3144836425781,296.5,302.5,282.0,288.0,1826643
2026-02-24,294.8108215332031,297.0,300.0,286.5,300.0,1347061
2026-02-25,292.3292236328125,294.5,307.0,288.0,299.0,1370738
2026-02-26,288.3587341308594,290.5,299.5,288.0,297.0,1244883
2026-03-02,285.3808288574219,287.5,292.5,275.0,278.0,1183713
2026-03-03,297.2923889160156,299.5,305.0,286.0,288.0,1990413
2026-03-04,321.115478515625,323.5,329.0,289.0,290.0,3669949
2026-03-05,326.574951171875,329.0,338.0,316.0,322.5,2830943
2026-03-06,294.3144836425781,296.5,313.5,296.5,313.5,3079497
2026-03-09,265.0319519042969,267.0,271.0,267.0,267.0,975725
2026-03-10,278.9287414550781,281.0,287.5,270.0,271.0,850284
2026-03-11,289.84765625,292.0,295.5,282.0,282.5,598149
2026-03-12,296.79608154296875,299.0,302.0,287.0,288.0,1064164
2026-03-13,316.15234375,318.5,324.5,292.5,293.0,1516334
2026-03-16,317.14495849609375,319.5,325.0,308.5,325.0,966955
2026-03-17,316.15234375,318.5,331.0,311.0,324.5,1083355
2026-03-18,314.66339111328125,317.0,325.0,315.0,325.0,770410
2026-03-19,330.5454406738281,333.0,341.5,314.0,318.0,1583667
2026-03-20,362.3095703125,365.0,366.0,330.5,336.0,1978656
2026-03-23,329.5528259277344,332.0,356.0,328.5,336.0,1533463
2026-03-24,335.50860595703125,338.0,355.5,325.0,350.5,1017084
2026-03-25,360.3243103027344,363.0,369.0,348.0,349.0,1158521
2026-03-26,387.12530517578125,390.0,399.0,374.5,388.0,2889872
2026-03-27,393.0810852050781,396.0,405.0,377.0,388.0,1994216
2026-03-30,376.2063903808594,379.0,390.0,366.5,390.0,1198683
2026-03-31,383.15478515625,386.0,393.5,361.0,370.0,1239514
2026-04-01,404.0,407.0,416.5,385.0,404.5,1656134
2026-04-02,386.5,386.5,411.5,386.0,403.0,1487916
2026-04-07,393.0,393.0,405.0,384.5,398.0,1016496
2026-04-08,418.5,418.5,427.0,400.0,403.0,1869648
2026-04-09,417.5,417.5,430.0,411.0,426.0,1424355
2026-04-10,430.0,430.0,432.5,417.0,425.5,1141007
2026-04-13,449.5,449.5,449.5,423.0,427.0,1172384
2026-04-14,453.5,453.5,462.0,445.0,455.5,1586518
2026-04-15,427.5,427.5,458.5,418.0,453.5,1428412
2026-04-16,432.0,432.0,443.0,421.5,427.5,1081835
2026-04-17,475.0,475.0,475.0,435.0,437.5,1615059
2026-04-20,494.0,494.0,522.0,485.0,516.0,1839232
2026-04-21,516.0,516.0,534.0,492.0,506.0,2001627
2026-04-22,545.0,545.0,555.0,517.0,519.0,2115250
2026-04-23,520.0,520.0,553.0,513.0,550.0,2765396
2026-04-24,490.0,490.0,541.0,485.5,533.0,2236832
2026-04-27,489.0,489.0,501.0,467.0,497.0,1211100
2026-04-28,475.0,475.0,497.0,474.0,492.5,1097307
2026-04-29,461.0,461.0,480.0,458.0,475.0,1229613
2026-04-30,474.5,474.5,496.5,470.0,470.0,1486387
2026-05-04,473.0,473.0,486.0,468.0,474.5,1128584
2026-05-05,520.0,520.0,520.0,468.0,472.0,1598917
2026-05-06,561.0,561.0,569.0,490.0,535.0,3137750
2026-05-07,559.0,559.0,594.0,550.0,590.0,2273689
2026-05-08,540.0,540.0,573.0,527.0,535.0,2598880
2026-05-11,594.0,594.0,594.0,537.0,543.0,2115251
2026-05-12,626.0,626.0,650.0,600.0,600.0,2083266
2026-05-13,688.0,688.0,688.0,638.0,640.0,2732694
2026-05-14,722.0,722.0,755.0,709.0,733.0,3813124
2026-05-15,725.0,725.0,745.0,700.0,745.0,762647
2026-05-18,732.0,732.0,732.0,654.0,692.0,715940
2026-05-19,733.0,733.0,737.0,709.0,728.0,553341
2026-05-20,720.0,720.0,728.0,700.0,726.0,639326
2026-05-21,781.0,781.0,792.0,727.0,729.0,834559
2026-05-22,786.0,786.0,787.0,767.0,769.0,432275
2026-05-25,792.0,792.0,795.0,780.0,790.0,509964
2026-05-26,820.0,820.0,821.0,790.0,795.0,391127
2026-05-27,820.0,820.0,850.0,797.0,850.0,580152
2026-05-28,790.0,790.0,850.0,779.0,830.0,474026
2026-05-29,742.0,742.0,809.0,717.0,808.0,2103980
2026-06-01,762.0,762.0,802.0,704.0,752.0,3137042
2026-06-02,686.0,686.0,755.0,686.0,755.0,3218005
2026-06-03,726.0,726.0,743.0,680.0,701.0,2227104
2026-06-04,721.0,721.0,736.0,712.0,716.0,614293
2026-06-05,739.0,739.0,750.0,701.0,721.0,1558354
2026-06-08,715.0,715.0,730.0,670.0,670.0,933002
2026-06-09,776.0,776.0,786.0,722.0,736.0,1772608
2026-06-10,731.0,731.0,784.0,709.0,770.0,1081378
2026-06-11,719.0,719.0,730.0,670.0,692.0,1156108
2026-06-12,727.0,727.0,755.0,721.0,748.0,685061
2026-06-15,747.0,747.0,765.0,718.0,746.0,1036585
2026-06-16,705.0,705.0,752.0,705.0,749.0,631823
2026-06-17,740.0,740.0,743.0,704.0,716.0,690290
2026-06-18,773.0,773.0,780.0,740.0,740.0,830203
2026-06-22,817.0,817.0,840.0,794.0,840.0,1572383
2026-06-23,830.0,830.0,849.0,819.0,823.0,1466444
2026-06-24,852.0,852.0,885.0,800.0,820.0,1742004
2026-06-25,881.0,881.0,909.0,857.0,870.0,2113629
2026-06-26,797.0,797.0,898.0,793.0,892.0,1361893
2026-06-29,794.0,794.0,850.0,790.0,806.0,994213
2026-06-30,873.0,873.0,873.0,803.0,829.0,2090194
2026-07-01,903.0,903.0,955.0,877.0,948.0,2178196
2026-07-02,956.0,956.0,970.0,888.0,888.0,1783216
2026-07-03,923.0,923.0,948.0,897.0,937.0,1131322
2026-07-06,859.0,859.0,943.0,831.0,943.0,2284171
2026-07-07,775.0,775.0,890.0,775.0,890.0,1044524
2026-07-08,819.0,819.0,825.0,759.0,783.0,1023112
2026-07-09,782.0,782.0,821.0,779.0,812.0,860699
2026-07-10,782.0,782.0,782.0,782.0,782.0,0
2026-07-13,724.0,724.0,800.0,713.0,800.0,865210
2026-07-14,688.0,688.0,740.0,654.0,729.0,1313221
2026-07-15,710.0,710.0,748.0,675.0,690.0,337000
2026-07-16,680.0,680.0,719.0,675.0,708.0,229100
2026-07-17,612.0,612.0,636.0,612.0,622.0,598288
2026-07-20,551.0,551.0,622.0,551.0,620.0,407521
2026-07-21,600.0,600.0,605.0,535.0,535.0,442003
2026-07-22,635.0,635.0,650.0,600.0,600.0,660153
2026-07-23,670.0,670.0,696.0,642.0,685.0,565115
2026-07-24,678.0,678.0,690.0,661.0,661.0,218134
2026-07-27,630.0,630.0,678.0,620.0,678.0,381164
2026-07-28,567.0,567.0,577.0,567.0,567.0,220317
2026-07-29,511.0,511.0,555.0,511.0,555.0,350415
2026-07-30,477.5,477.5,530.0,460.0,460.0,1915908
2026-07-31,525.0,525.0,525.0,507.0,525.0,496001
2026-08-03,565.0,565.0,577.0,524.0,524.0,1836169
2026-08-04,617.0,617.0,621.0,580.0,591.0,1676247
2026-08-05,597.0,597.0,660.0,589.0,635.0,1306048
2026-08-06,656.0,656.0,656.0,592.0,596.0,1401228
2026-08-07,637.0,637.0,695.0,626.0,695.0,1662621
2026-08-10,619.0,619.0,657.0,618.0,653.0,798545
2026-08-11,617.0,617.0,630.0,610.0,630.0,319875
2026-08-12,678.0,678.0,678.0,618.0,629.0,1265664
2026-08-13,678.0,678.0,720.0,669.0,680.0,2153838
