,Adj Close,Close,High,Low,Open,Volume,Dividends,Stock Splits
2020-01-02,11.48319149017334,11.944388389587402,12.07421875,11.771281242370605,12.0309419631958,120156,,
2020-01-03,11.316768646240234,11.771281242370605,12.117494583129883,11.728004455566406,12.117494583129883,79950,,
2020-01-06,11.108739852905273,11.55489730834961,11.771281242370605,11.511621475219727,11.771281242370605,51990,,
2020-01-07,10.817499160766602,11.251959800720215,11.425066947937012,11.251959800720215,11.381790161132812,32349,,
2020-01-08,10.068594932556152,10.472977638244629,11.251959800720215,10.38642406463623,11.251959800720215,146729,,
2020-01-09,11.067134857177734,11.511621475219727,11.511621475219727,10.819191932678223,10.819191932678223,538395,,
2020-01-10,12.148883819580078,12.63681697845459,12.63681697845459,11.511621475219727,11.511621475219727,607716,,
2020-01-13,13.230634689331055,13.76201343536377,13.848566055297852,12.809924125671387,12.809924125671387,627357,,
2020-01-14,12.731364250183105,13.242691040039062,13.93511962890625,13.069583892822266,13.285967826843262,218361,,
2020-01-15,12.523335456848145,13.026307106018066,13.632182121276855,13.026307106018066,13.242691040039062,60078,,
2020-01-16,12.481730461120605,12.983031272888184,13.15613842010498,12.896476745605469,12.983031272888184,56612,,
2020-01-17,12.398517608642578,12.896476745605469,13.41579818725586,12.896476745605469,13.41579818725586,43886,,
2020-01-20,12.024065971374512,12.506985664367676,12.85319995880127,12.506985664367676,12.85319995880127,56616,,
2020-01-30,10.942316055297852,11.381790161132812,11.684727668762207,11.295236587524414,11.598174095153809,143263,,
2020-01-31,11.48319149017334,11.944388389587402,12.29060173034668,11.338513374328613,11.338513374328613,78676,,
2020-02-03,11.025527954101562,11.468343734741211,11.944388389587402,11.078852653503418,11.944388389587402,67010,,
2020-02-04,11.48319149017334,11.944388389587402,11.944388389587402,11.771281242370605,11.771281242370605,20796,,
2020-02-05,11.48319149017334,11.944388389587402,11.944388389587402,11.771281242370605,11.771281242370605,20796,,
2020-02-06,11.732826232910156,12.204049110412598,12.247325897216797,12.117494583129883,12.247325897216797,16174,,
2020-02-07,11.067134857177734,11.511621475219727,11.857834815979004,11.511621475219727,11.814558029174805,32349,,
2020-02-10,11.233556747436523,11.684727668762207,11.684727668762207,11.511621475219727,11.511621475219727,16174,,
2020-02-11,11.982460021972656,12.463708877563477,12.85319995880127,11.771281242370605,11.814558029174805,261110,,
2020-02-12,11.857644081115723,12.333879470825195,12.766647338867188,12.117494583129883,12.723369598388672,100515,,
2020-02-13,12.856182098388672,13.372522354125977,13.545628547668457,12.07421875,12.117494583129883,1430328,,
2020-02-14,12.56494140625,13.069583892822266,13.632182121276855,13.026307106018066,13.069583892822266,191315,,
2020-02-17,12.481730461120605,12.983031272888184,13.15613842010498,12.85319995880127,13.15613842010498,86651,,
2020-02-18,12.232094764709473,12.723369598388672,12.983031272888184,12.63681697845459,12.983031272888184,41592,,
2020-02-19,12.232094764709473,12.723369598388672,12.723369598388672,12.723369598388672,12.723369598388672,10398,,
2020-02-20,11.774432182312012,12.247325897216797,12.63681697845459,12.247325897216797,12.63681697845459,97049,,
2020-02-21,11.857644081115723,12.333879470825195,12.463708877563477,12.29060173034668,12.333879470825195,28941,,
2020-02-24,11.81603717803955,12.29060173034668,12.59354019165039,12.07421875,12.07421875,40437,,
2020-02-25,12.065672874450684,12.550263404846191,12.550263404846191,11.771281242370605,11.944388389587402,33505,,
2020-02-26,11.81603717803955,12.29060173034668,12.463708877563477,12.29060173034668,12.463708877563477,8087,,
2020-02-27,11.774432182312012,12.247325897216797,12.506985664367676,12.204049110412598,12.29060173034668,30039,,
2020-03-02,11.732826232910156,12.204049110412598,12.29060173034668,12.117494583129883,12.29060173034668,43903,,
2020-03-03,11.81603717803955,12.29060173034668,12.333879470825195,12.07421875,12.204049110412598,57767,,
2020-03-04,11.982460021972656,12.463708877563477,12.983031272888184,12.333879470825195,12.983031272888184,10398,,
2020-03-05,11.940855026245117,12.420433044433594,12.680092811584473,12.204049110412598,12.680092811584473,30039,,
2020-03-06,11.940855026245117,12.420433044433594,12.506985664367676,12.0309419631958,12.506985664367676,35815,,
2020-03-09,11.6912202835083,12.160772323608398,12.723369598388672,12.160772323608398,12.420433044433594,15019,,
2020-03-10,11.524797439575195,11.987665176391602,11.987665176391602,11.684727668762207,11.987665176391602,53146,,
2020-03-11,11.524797439575195,11.987665176391602,12.550263404846191,11.987665176391602,12.550263404846191,32349,,
2020-03-12,10.817499160766602,11.251959800720215,11.684727668762207,11.122130393981934,11.684727668762207,69321,,
2020-03-13,10.15180778503418,10.559532165527344,10.559532165527344,10.126764297485352,10.126764297485352,207963,,
2020-03-16,10.026988983154297,10.42970085144043,10.42970085144043,10.213316917419434,10.256593704223633,30039,,
2020-03-17,9.486113548278809,9.86710262298584,10.083486557006836,9.737273216247559,10.083486557006836,39282,,
2020-03-18,9.44450855255127,9.82382583618164,9.953657150268555,9.564166069030762,9.953657150268555,12708,,
2020-03-19,8.529180526733398,8.871736526489258,9.044844627380371,8.871736526489258,9.044844627380371,57767,,
2020-03-20,8.903633117675781,9.26122760772705,9.304505348205566,8.915014266967773,9.001567840576172,42748,,
2020-03-23,8.529180526733398,8.871736526489258,9.08812141418457,8.56879997253418,8.56879997253418,6932,,
2020-03-24,8.737211227416992,9.08812141418457,9.174674987792969,9.08812141418457,9.174674987792969,38126,,
2020-03-25,8.820422172546387,9.174674987792969,9.520889282226562,9.174674987792969,9.347782135009766,27728,,
2020-03-26,8.57078742980957,8.915014266967773,9.434335708618164,8.915014266967773,9.434335708618164,35815,,
2020-03-27,8.820422172546387,9.174674987792969,9.217951774597168,9.08812141418457,9.217951774597168,9242,,
2020-03-30,9.028450965881348,9.391058921813965,9.391058921813965,9.391058921813965,9.391058921813965,2310,,
2020-03-31,8.903633117675781,9.26122760772705,9.347782135009766,9.08812141418457,9.347782135009766,8087,,
2020-04-01,8.487576484680176,8.828460693359375,9.434335708618164,8.828460693359375,9.434335708618164,131710,,
2020-04-06,8.36275863647461,8.698630332946777,8.698630332946777,8.655353546142578,8.655353546142578,13864,,
2020-04-07,8.695605278015137,9.044844627380371,9.044844627380371,8.871736526489258,8.958291053771973,32349,,
2020-04-08,8.945240020751953,9.304505348205566,9.304505348205566,9.174674987792969,9.174674987792969,26573,,
2020-04-09,9.818960189819336,10.213316917419434,10.213316917419434,9.347782135009766,9.477611541748047,192944,,
2020-04-10,9.610932350158691,9.996933937072754,10.213316917419434,9.953657150268555,10.213316917419434,33505,,
2020-04-13,9.985383033752441,10.38642406463623,10.775915145874023,10.213316917419434,10.38642406463623,47369,,
2020-04-14,10.026988983154297,10.42970085144043,10.42970085144043,10.17004108428955,10.213316917419434,16174,,
2020-04-15,9.818960189819336,10.213316917419434,10.472977638244629,10.213316917419434,10.472977638244629,35815,,
2020-04-16,10.193411827087402,10.602807998657227,10.689361572265625,10.343148231506348,10.343148231506348,46214,,
2020-04-17,9.943778038024902,10.343148231506348,10.646084785461426,10.343148231506348,10.646084785461426,26573,,
2020-04-20,9.860566139221191,10.256593704223633,10.646084785461426,10.256593704223633,10.646084785461426,10398,,
2020-04-21,9.735749244689941,10.126764297485352,10.213316917419434,9.953657150268555,10.213316917419434,10398,,
2020-04-22,9.569326400756836,9.953657150268555,10.126764297485352,9.780550003051758,10.126764297485352,6932,,
2020-04-23,9.569326400756836,9.953657150268555,9.953657150268555,9.953657150268555,9.953657150268555,0,,
2020-04-24,9.40290355682373,9.780550003051758,9.953657150268555,9.780550003051758,9.953657150268555,5776,,
2020-04-27,9.40290355682373,9.780550003051758,9.780550003051758,9.780550003051758,9.780550003051758,0,,
2020-04-28,9.44450855255127,9.82382583618164,9.82382583618164,9.82382583618164,9.82382583618164,3466,,
2020-04-29,9.44450855255127,9.82382583618164,9.82382583618164,9.82382583618164,9.82382583618164,15019,,
2020-04-30,9.361297607421875,9.737273216247559,9.82382583618164,9.650718688964844,9.737273216247559,25417,,
2020-05-04,10.276623725891113,10.689361572265625,10.689361572265625,9.737273216247559,9.737273216247559,135176,,
2020-05-05,10.318230628967285,10.73263931274414,11.728004455566406,10.42970085144043,10.689361572265625,242624,,
2020-05-06,10.567864418029785,10.99229907989502,11.511621475219727,10.73263931274414,10.905746459960938,93583,,
2020-05-07,10.651076316833496,11.078852653503418,11.078852653503418,10.99229907989502,11.078852653503418,16174,,
2020-05-08,11.233556747436523,11.684727668762207,11.944388389587402,10.99229907989502,11.251959800720215,167526,,
2020-05-11,11.48319149017334,11.944388389587402,12.463708877563477,11.771281242370605,11.771281242370605,94739,,
2020-05-12,11.48319149017334,11.944388389587402,12.463708877563477,11.944388389587402,12.117494583129883,84340,,
2020-05-13,11.524797439575195,11.987665176391602,12.0309419631958,11.598174095153809,11.641450881958008,20796,,
2020-05-14,11.233556747436523,11.684727668762207,11.987665176391602,11.598174095153809,11.684727668762207,21951,,
2020-05-15,10.817499160766602,11.251959800720215,11.425066947937012,11.078852653503418,11.425066947937012,35815,,
2020-05-18,10.817499160766602,11.251959800720215,11.338513374328613,11.208683013916016,11.208683013916016,23107,,
2020-05-19,10.40144157409668,10.819191932678223,11.078852653503418,10.819191932678223,11.078852653503418,54301,,
2020-05-20,10.193411827087402,10.602807998657227,10.819191932678223,10.602807998657227,10.819191932678223,5776,,
2020-05-21,10.235017776489258,10.646084785461426,11.165406227111816,10.602807998657227,11.165406227111816,101671,,
2020-05-22,10.15180778503418,10.559532165527344,10.559532165527344,10.343148231506348,10.38642406463623,18485,,
2020-05-25,9.943778038024902,10.343148231506348,10.343148231506348,10.343148231506348,10.343148231506348,10398,,
2020-05-26,9.902173042297363,10.299871444702148,10.516255378723145,10.256593704223633,10.516255378723145,36971,,
2020-05-27,10.110201835632324,10.516255378723145,10.516255378723145,10.516255378723145,10.516255378723145,10398,,
2020-05-28,10.15180778503418,10.559532165527344,10.559532165527344,10.472977638244629,10.516255378723145,64699,,
2020-05-29,11.150344848632812,11.598174095153809,11.598174095153809,10.689361572265625,10.905746459960938,432102,,
2020-06-01,11.067134857177734,11.511621475219727,11.598174095153809,11.338513374328613,11.511621475219727,227604,,
2020-06-02,10.983922004699707,11.425066947937012,11.511621475219727,11.295236587524414,11.511621475219727,24262,,
2020-06-03,10.942316055297852,11.381790161132812,11.684727668762207,11.338513374328613,11.338513374328613,48524,,
2020-06-04,10.900711059570312,11.338513374328613,11.684727668762207,11.338513374328613,11.468343734741211,38126,,
2020-06-05,10.859105110168457,11.295236587524414,11.598174095153809,11.078852653503418,11.511621475219727,24262,,
2020-06-08,10.60947036743164,11.035575866699219,11.425066947937012,10.905746459960938,11.078852653503418,103981,,
2020-06-09,10.651076316833496,11.078852653503418,11.165406227111816,11.035575866699219,11.165406227111816,13864,,
2020-06-10,10.567864418029785,10.99229907989502,11.078852653503418,10.99229907989502,11.078852653503418,8087,,
2020-06-11,9.985383033752441,10.38642406463623,11.165406227111816,10.38642406463623,10.94902229309082,65855,,
2020-06-12,9.902173042297363,10.299871444702148,10.299871444702148,9.69399642944336,9.69399642944336,8087,,
2020-06-15,10.110201835632324,10.516255378723145,10.819191932678223,10.299871444702148,10.299871444702148,21951,,
2020-06-16,10.359835624694824,10.775915145874023,10.775915145874023,10.516255378723145,10.646084785461426,30039,,
2020-06-17,10.276623725891113,10.689361572265625,11.122130393981934,10.689361572265625,10.819191932678223,35815,,
2020-06-18,10.068594932556152,10.472977638244629,10.819191932678223,10.42970085144043,10.559532165527344,19641,,
2020-06-19,10.15180778503418,10.559532165527344,10.602807998657227,10.516255378723145,10.516255378723145,13864,,
2020-06-22,10.068594932556152,10.472977638244629,10.689361572265625,10.38642406463623,10.602807998657227,15019,,
2020-06-23,10.068594932556152,10.472977638244629,10.646084785461426,10.472977638244629,10.602807998657227,15019,,
2020-06-24,10.15180778503418,10.559532165527344,10.602807998657227,10.516255378723145,10.516255378723145,9242,,
2020-06-29,9.777355194091797,10.17004108428955,10.256593704223633,10.17004108428955,10.256593704223633,12708,,
2020-06-30,9.985383033752441,10.38642406463623,10.646084785461426,10.213316917419434,10.213316917419434,38126,,
2020-07-01,10.068594932556152,10.472977638244629,10.646084785461426,10.38642406463623,10.646084785461426,26573,,
2020-07-02,10.068594932556152,10.472977638244629,10.472977638244629,10.42970085144043,10.472977638244629,18485,,
2020-07-03,9.985383033752441,10.38642406463623,10.38642406463623,10.299871444702148,10.343148231506348,15019,,
2020-07-06,9.902173042297363,10.299871444702148,10.73263931274414,10.256593704223633,10.646084785461426,57767,,
2020-07-07,10.110201835632324,10.516255378723145,10.819191932678223,10.38642406463623,10.472977638244629,61233,,
2020-07-08,9.985383033752441,10.38642406463623,10.559532165527344,10.38642406463623,10.38642406463623,41592,,
2020-07-09,9.902173042297363,10.299871444702148,10.775915145874023,10.299871444702148,10.472977638244629,103981,,
2020-07-10,9.818960189819336,10.213316917419434,10.299871444702148,9.996933937072754,10.17004108428955,36971,,
2020-07-13,10.775893211364746,11.208683013916016,11.208683013916016,10.299871444702148,10.516255378723145,192944,,
2020-07-14,11.150344848632812,11.598174095153809,12.160772323608398,11.598174095153809,11.857834815979004,462141,,
2020-07-15,10.40144157409668,10.819191932678223,11.425066947937012,10.73263931274414,11.425066947937012,188322,,
2020-07-16,10.40144157409668,10.819191932678223,10.94902229309082,10.646084785461426,10.862468719482422,68165,,
2020-07-17,10.068594932556152,10.472977638244629,10.73263931274414,10.38642406463623,10.602807998657227,64699,,
2020-07-20,10.026988983154297,10.42970085144043,10.819191932678223,10.38642406463623,10.819191932678223,57767,,
2020-07-21,10.068594932556152,10.472977638244629,10.646084785461426,10.42970085144043,10.472977638244629,78564,,
2020-07-22,10.15180778503418,10.559532165527344,10.646084785461426,10.472977638244629,10.646084785461426,41592,,
2020-07-23,10.318230628967285,10.73263931274414,10.775915145874023,10.42970085144043,10.472977638244629,64699,,
2020-07-24,10.026988983154297,10.42970085144043,11.035575866699219,10.42970085144043,10.646084785461426,60078,,
2020-07-27,9.694143295288086,10.083486557006836,10.42970085144043,9.780550003051758,10.42970085144043,128244,,
2020-07-28,9.735749244689941,10.126764297485352,10.343148231506348,10.040209770202637,10.083486557006836,45058,,
2020-07-29,9.818960189819336,10.213316917419434,10.256593704223633,10.040209770202637,10.256593704223633,15019,,
2020-07-30,9.943778038024902,10.343148231506348,10.602807998657227,10.083486557006836,10.299871444702148,55457,,
2020-07-31,9.985383033752441,10.38642406463623,10.516255378723145,10.213316917419434,10.516255378723145,49680,,
2020-08-03,10.15180778503418,10.559532165527344,10.862468719482422,10.472977638244629,10.516255378723145,102826,,
2020-08-04,10.235017776489258,10.646084785461426,10.73263931274414,10.299871444702148,10.602807998657227,120156,,
2020-08-05,10.068594932556152,10.472977638244629,10.646084785461426,10.38642406463623,10.646084785461426,15019,,
2020-08-06,10.193411827087402,10.602807998657227,10.602807998657227,10.38642406463623,10.472977638244629,30039,,
2020-08-07,10.276623725891113,10.689361572265625,10.862468719482422,10.602807998657227,10.646084785461426,128244,,
2020-08-10,10.817499160766602,11.251959800720215,11.425066947937012,10.862468719482422,10.905746459960938,272663,,
2020-08-11,10.52625846862793,10.94902229309082,11.728004455566406,10.905746459960938,11.684727668762207,144419,,
2020-08-12,10.276623725891113,10.689361572265625,10.862468719482422,10.559532165527344,10.819191932678223,53146,,
2020-08-13,10.276623725891113,10.689361572265625,10.819191932678223,10.559532165527344,10.819191932678223,49680,,
2020-08-14,10.235017776489258,10.646084785461426,10.73263931274414,10.602807998657227,10.602807998657227,24262,,
2020-08-17,10.235017776489258,10.646084785461426,10.94902229309082,10.646084785461426,10.94902229309082,17330,,
2020-08-18,10.318230628967285,10.73263931274414,10.775915145874023,10.472977638244629,10.602807998657227,28883,,
2020-08-19,10.193411827087402,10.602807998657227,10.819191932678223,10.602807998657227,10.73263931274414,55457,,
2020-08-20,10.026988983154297,10.42970085144043,10.602807998657227,10.256593704223633,10.472977638244629,49680,,
2020-08-21,10.068594932556152,10.472977638244629,10.775915145874023,10.42970085144043,10.42970085144043,20796,,
2020-08-24,10.276623725891113,10.689361572265625,10.819191932678223,10.689361572265625,10.819191932678223,2310,,
2020-08-25,10.276623725891113,10.689361572265625,10.689361572265625,10.472977638244629,10.602807998657227,27728,,
2020-08-26,10.026988983154297,10.42970085144043,10.646084785461426,10.42970085144043,10.646084785461426,41592,,
2020-08-27,10.068594932556152,10.472977638244629,10.559532165527344,10.472977638244629,10.559532165527344,6932,,
2020-08-28,10.15180778503418,10.559532165527344,10.559532165527344,10.38642406463623,10.472977638244629,12708,,
2020-08-31,10.15180778503418,10.559532165527344,10.819191932678223,10.472977638244629,10.819191932678223,34660,,
2020-09-01,10.193411827087402,10.602807998657227,10.775915145874023,10.38642406463623,10.775915145874023,31194,,
2020-09-02,10.110201835632324,10.516255378723145,10.559532165527344,10.299871444702148,10.42970085144043,63544,,
2020-09-03,10.15180778503418,10.559532165527344,10.73263931274414,10.472977638244629,10.472977638244629,64699,,
2020-09-04,10.276623725891113,10.689361572265625,10.819191932678223,10.602807998657227,10.689361572265625,58923,,
2020-09-07,10.276623725891113,10.689361572265625,10.775915145874023,10.646084785461426,10.73263931274414,28883,,
2020-09-08,10.318230628967285,10.73263931274414,10.99229907989502,10.73263931274414,10.775915145874023,108603,,
2020-09-09,10.40144157409668,10.819191932678223,10.819191932678223,10.73263931274414,10.73263931274414,12708,,
2020-09-10,10.235017776489258,10.646084785461426,10.819191932678223,10.602807998657227,10.819191932678223,8087,,
2020-09-11,10.276623725891113,10.689361572265625,10.73263931274414,10.516255378723145,10.516255378723145,32349,,
2020-09-14,10.276623725891113,10.689361572265625,10.775915145874023,10.646084785461426,10.775915145874023,33505,,
2020-09-15,10.276623725891113,10.689361572265625,10.775915145874023,10.472977638244629,10.73263931274414,34660,,
2020-09-16,10.318230628967285,10.73263931274414,10.73263931274414,10.602807998657227,10.73263931274414,23107,,
2020-09-17,10.235017776489258,10.646084785461426,10.73263931274414,10.42970085144043,10.602807998657227,15019,,
2020-09-18,10.110201835632324,10.516255378723145,10.73263931274414,10.516255378723145,10.516255378723145,68165,,
2020-09-21,10.15180778503418,10.559532165527344,10.775915145874023,10.516255378723145,10.559532165527344,53146,,
2020-09-22,10.15180778503418,10.559532165527344,10.559532165527344,10.42970085144043,10.559532165527344,63544,,
2020-09-23,10.193411827087402,10.602807998657227,10.73263931274414,10.42970085144043,10.73263931274414,98205,,
2020-09-24,9.735749244689941,10.126764297485352,10.559532165527344,10.126764297485352,10.42970085144043,57767,,
2020-09-25,9.735749244689941,10.126764297485352,10.472977638244629,10.126764297485352,10.472977638244629,23107,,
2020-09-28,9.902173042297363,10.299871444702148,10.299871444702148,10.299871444702148,10.299871444702148,2310,,
2020-09-29,9.902173042297363,10.299871444702148,10.299871444702148,10.299871444702148,10.299871444702148,1155,,
2020-09-30,9.735749244689941,10.126764297485352,10.126764297485352,9.996933937072754,10.040209770202637,9242,,
2020-10-05,9.777355194091797,10.17004108428955,10.17004108428955,10.040209770202637,10.083486557006836,13864,,
2020-10-06,9.735749244689941,10.126764297485352,10.256593704223633,9.910380363464355,10.083486557006836,54301,,
2020-10-07,9.777355194091797,10.17004108428955,10.17004108428955,10.040209770202637,10.126764297485352,72787,,
2020-10-08,9.902173042297363,10.299871444702148,10.299871444702148,10.126764297485352,10.17004108428955,69321,,
2020-10-12,9.943778038024902,10.343148231506348,10.38642406463623,10.213316917419434,10.343148231506348,99360,,
2020-10-13,9.902173042297363,10.299871444702148,10.299871444702148,10.083486557006836,10.299871444702148,54301,,
2020-10-14,10.859105110168457,11.295236587524414,10.299871444702148,10.126764297485352,10.213316917419434,62389,,
2020-10-15,9.943778038024902,10.343148231506348,10.343148231506348,10.256593704223633,10.299871444702148,28883,,
2020-10-16,9.569326400756836,9.953657150268555,10.343148231506348,9.953657150268555,10.17004108428955,169837,,
2020-10-19,9.735749244689941,10.126764297485352,10.126764297485352,10.126764297485352,10.126764297485352,23107,,
2020-10-20,9.777355194091797,10.17004108428955,10.17004108428955,9.996933937072754,10.040209770202637,30039,,
2020-10-21,9.65253734588623,10.040209770202637,10.126764297485352,10.040209770202637,10.040209770202637,17330,,
2020-10-22,9.610932350158691,9.996933937072754,10.083486557006836,9.996933937072754,10.040209770202637,20796,,
2020-10-23,9.777355194091797,10.17004108428955,10.343148231506348,10.040209770202637,10.17004108428955,15019,,
2020-10-26,9.65253734588623,10.040209770202637,10.083486557006836,9.910380363464355,9.996933937072754,12708,,
2020-10-27,10.318230628967285,10.73263931274414,10.083486557006836,9.82382583618164,9.82382583618164,23107,,
2020-10-28,9.569326400756836,9.953657150268555,9.996933937072754,9.86710262298584,9.86710262298584,10398,,
2020-10-29,9.569326400756836,9.953657150268555,9.996933937072754,9.953657150268555,9.953657150268555,331586,,
2020-10-30,9.278084754943848,9.650718688964844,9.996933937072754,9.520889282226562,9.996933937072754,127088,,
2020-11-02,9.52772045135498,9.910380363464355,9.910380363464355,9.82382583618164,9.82382583618164,12708,,
2020-11-03,9.44450855255127,9.82382583618164,9.82382583618164,9.69399642944336,9.69399642944336,88962,,
2020-11-04,9.40290355682373,9.780550003051758,9.780550003051758,9.564166069030762,9.780550003051758,49680,,
2020-11-05,9.31969165802002,9.69399642944336,9.910380363464355,9.520889282226562,9.650718688964844,61233,,
2020-11-06,9.236479759216309,9.607442855834961,9.910380363464355,9.564166069030762,9.910380363464355,23107,,
2020-11-09,9.31969165802002,9.69399642944336,9.69399642944336,9.69399642944336,9.69399642944336,1155,,
2020-11-10,9.44450855255127,9.82382583618164,9.82382583618164,9.477611541748047,9.564166069030762,75098,,
2020-11-11,9.236479759216309,9.607442855834961,10.126764297485352,9.607442855834961,9.82382583618164,57767,,
2020-11-12,9.278084754943848,9.650718688964844,9.996933937072754,9.650718688964844,9.650718688964844,28883,,
2020-11-13,9.486113548278809,9.86710262298584,9.86710262298584,9.69399642944336,9.69399642944336,11553,,
2020-11-16,9.486113548278809,9.86710262298584,10.083486557006836,9.82382583618164,10.083486557006836,19641,,
2020-11-17,9.569326400756836,9.953657150268555,9.953657150268555,9.86710262298584,9.86710262298584,2310,,
2020-11-18,9.486113548278809,9.86710262298584,9.910380363464355,9.737273216247559,9.737273216247559,11553,,
2020-11-19,9.486113548278809,9.86710262298584,9.86710262298584,9.650718688964844,9.650718688964844,8087,,
2020-11-20,9.361297607421875,9.737273216247559,9.86710262298584,9.69399642944336,9.69399642944336,9242,,
2020-11-23,9.694143295288086,10.083486557006836,10.472977638244629,9.737273216247559,9.737273216247559,277285,,
2020-11-24,9.569326400756836,9.953657150268555,9.996933937072754,9.953657150268555,9.996933937072754,34660,,
2020-11-25,9.486113548278809,9.86710262298584,10.213316917419434,9.86710262298584,9.953657150268555,197565,,
2020-11-26,9.52772045135498,9.910380363464355,10.126764297485352,9.86710262298584,9.86710262298584,34660,,
2020-11-27,9.943778038024902,10.343148231506348,10.343148231506348,9.910380363464355,9.910380363464355,161749,,
2020-11-30,9.860566139221191,10.256593704223633,10.516255378723145,10.126764297485352,10.343148231506348,56612,,
2020-12-01,9.860566139221191,10.256593704223633,10.516255378723145,10.213316917419434,10.516255378723145,32349,,
2020-12-02,9.943778038024902,10.343148231506348,10.472977638244629,10.213316917419434,10.213316917419434,54301,,
2020-12-03,10.026988983154297,10.42970085144043,10.516255378723145,10.38642406463623,10.38642406463623,80874,,
2020-12-04,10.73428726196289,11.165406227111816,11.381790161132812,10.38642406463623,10.38642406463623,254177,,
2020-12-07,10.40144157409668,10.819191932678223,11.251959800720215,10.646084785461426,11.122130393981934,121312,,
2020-12-08,9.985383033752441,10.38642406463623,10.73263931274414,10.343148231506348,10.73263931274414,101671,,
2020-12-09,10.026988983154297,10.42970085144043,10.602807998657227,10.17004108428955,10.602807998657227,95894,,
2020-12-10,9.985383033752441,10.38642406463623,10.559532165527344,10.256593704223633,10.38642406463623,45058,,
2020-12-11,10.110201835632324,10.516255378723145,10.73263931274414,10.299871444702148,10.73263931274414,86651,,
2020-12-14,10.110201835632324,10.516255378723145,10.602807998657227,10.38642406463623,10.602807998657227,47369,,
2020-12-15,9.943778038024902,10.343148231506348,10.862468719482422,10.299871444702148,10.862468719482422,55457,,
2020-12-16,10.193411827087402,10.602807998657227,10.602807998657227,10.299871444702148,10.38642406463623,114380,,
2020-12-17,10.817499160766602,11.251959800720215,11.251959800720215,10.602807998657227,10.602807998657227,199876,,
2020-12-18,10.900711059570312,11.338513374328613,11.901110649108887,11.251959800720215,11.55489730834961,213740,,
2020-12-21,11.316768646240234,11.771281242370605,12.377156257629395,11.381790161132812,11.381790161132812,422859,,
2020-12-22,10.60947036743164,11.035575866699219,12.07421875,10.73263931274414,12.07421875,335052,,
2020-12-23,10.48465347290039,10.905746459960938,10.99229907989502,10.775915145874023,10.99229907989502,42748,,
2020-12-24,10.40144157409668,10.819191932678223,11.251959800720215,10.819191932678223,10.905746459960938,68165,,
2020-12-25,10.359835624694824,10.775915145874023,10.99229907989502,10.775915145874023,10.819191932678223,100515,,
2020-12-28,10.775893211364746,11.208683013916016,11.208683013916016,10.775915145874023,10.775915145874023,91272,,
2020-12-29,10.692682266235352,11.122130393981934,11.381790161132812,10.99229907989502,11.251959800720215,60078,,
2020-12-30,11.233556747436523,11.684727668762207,11.728004455566406,11.208683013916016,11.381790161132812,308479,,
2020-12-31,11.35837459564209,11.814558029174805,11.987665176391602,11.511621475219727,11.771281242370605,130555,,
2021-01-04,11.48319149017334,11.944388389587402,12.420433044433594,11.857834815979004,11.857834815979004,224138,,
2021-01-05,11.48319149017334,11.944388389587402,12.204049110412598,11.944388389587402,12.0309419631958,61233,,
2021-01-06,11.275162696838379,11.728004455566406,12.0309419631958,11.598174095153809,12.0309419631958,152506,,
2021-01-07,11.233556747436523,11.684727668762207,12.0309419631958,11.641450881958008,12.0309419631958,56612,,
2021-01-08,11.399979591369629,11.857834815979004,11.857834815979004,11.684727668762207,11.684727668762207,113224,,
2021-01-11,12.523335456848145,13.026307106018066,13.026307106018066,12.160772323608398,12.160772323608398,745203,,
2021-01-12,11.940855026245117,12.420433044433594,12.723369598388672,12.07421875,12.59354019165039,348916,,
2021-01-13,12.648153305053711,13.15613842010498,13.329244613647461,12.420433044433594,12.680092811584473,767155,,
2021-01-14,13.064209938049316,13.588905334472656,13.588905334472656,12.85319995880127,13.15613842010498,606560,,
2021-01-15,13.230634689331055,13.76201343536377,14.151503562927246,13.502351760864258,13.675458908081055,702455,,
2021-01-18,13.272239685058594,13.805289268493652,13.93511962890625,13.069583892822266,13.285967826843262,772931,,
2021-01-19,12.897787094116211,13.41579818725586,13.848566055297852,13.41579818725586,13.805289268493652,614648,,
2021-01-20,12.148883819580078,12.63681697845459,14.021673202514648,12.204049110412598,12.983031272888184,2020714,,
2021-01-21,12.648153305053711,13.15613842010498,13.76201343536377,12.550263404846191,13.026307106018066,243779,,
2021-01-22,12.481730461120605,12.983031272888184,13.285967826843262,12.723369598388672,13.15613842010498,34660,,
2021-01-25,11.899249076843262,12.377156257629395,12.983031272888184,12.29060173034668,12.809924125671387,114380,,
2021-01-26,11.857644081115723,12.333879470825195,12.809924125671387,12.29060173034668,12.59354019165039,58923,,
2021-01-27,11.857644081115723,12.333879470825195,12.420433044433594,12.160772323608398,12.247325897216797,28883,,
2021-01-28,11.857644081115723,12.333879470825195,12.333879470825195,11.857834815979004,11.857834815979004,24262,,
2021-01-29,11.940855026245117,12.420433044433594,12.550263404846191,12.160772323608398,12.550263404846191,8087,,
2021-02-01,11.940855026245117,12.420433044433594,12.463708877563477,12.0309419631958,12.0309419631958,15019,,
2021-02-02,11.774432182312012,12.247325897216797,12.420433044433594,12.160772323608398,12.420433044433594,26573,,
2021-02-03,12.107277870178223,12.59354019165039,12.680092811584473,12.247325897216797,12.247325897216797,77408,,
2021-02-04,12.065672874450684,12.550263404846191,12.680092811584473,12.377156257629395,12.680092811584473,24262,,
2021-02-05,12.107277870178223,12.59354019165039,12.59354019165039,12.117494583129883,12.420433044433594,658551,,
2021-02-17,12.939393043518066,13.459074974060059,13.76201343536377,12.247325897216797,12.247325897216797,545327,,
2021-02-18,14.229172706604004,14.800655364990234,14.800655364990234,13.502351760864258,13.675458908081055,934681,,
2021-02-19,14.978075981140137,15.579636573791504,16.272064208984375,14.887208938598633,15.146868705749512,679348,,
2021-02-22,14.978075981140137,15.579636573791504,15.925850868225098,15.103591918945312,15.146868705749512,551103,,
2021-02-23,14.936470031738281,15.536359786987305,15.709466934204102,15.233423233032227,15.579636573791504,264576,,
2021-02-24,14.853259086608887,15.449807167053223,15.536359786987305,15.233423233032227,15.363252639770508,162904,,
2021-02-25,15.227710723876953,15.839298248291016,16.40189552307129,15.536359786987305,15.666190147399902,295770,,
2021-02-26,15.019681930541992,15.62291431427002,15.62291431427002,15.233423233032227,15.319975852966309,108603,,
2021-03-02,15.518950462341309,16.142234802246094,16.877939224243164,16.012405395507812,16.142234802246094,387043,,
2021-03-03,15.60216236114502,16.228788375854492,16.445171356201172,16.18551254272461,16.445171356201172,203342,,
2021-03-04,15.726980209350586,16.358619689941406,16.40189552307129,16.098957061767578,16.40189552307129,136331,,
2021-03-05,15.726980209350586,16.358619689941406,16.40189552307129,16.142234802246094,16.18551254272461,70476,,
2021-03-08,15.60216236114502,16.228788375854492,16.40189552307129,16.142234802246094,16.272064208984375,130555,,
2021-03-09,15.726980209350586,16.358619689941406,16.445171356201172,16.012405395507812,16.142234802246094,199876,,
2021-03-10,15.394134521484375,16.012405395507812,16.445171356201172,16.012405395507812,16.445171356201172,109758,,
2021-03-11,15.394134521484375,16.012405395507812,16.098957061767578,15.449807167053223,16.098957061767578,143263,,
2021-03-12,14.894864082336426,15.493083000183105,15.969127655029297,15.493083000183105,15.536359786987305,77408,,
2021-03-15,14.60362434387207,15.190146446228027,15.493083000183105,14.714101791381836,15.276700019836426,197565,,
2021-03-16,14.395594596862793,14.973761558532715,15.449807167053223,14.973761558532715,15.449807167053223,79719,,
2021-03-17,14.811653137207031,15.406530380249023,15.406530380249023,14.757377624511719,15.190146446228027,65855,,
2021-03-18,14.520411491394043,15.103591918945312,15.319975852966309,15.01703929901123,15.01703929901123,40437,,
2021-03-19,14.72844123840332,15.319975852966309,15.319975852966309,14.714101791381836,15.319975852966309,135176,,
2021-03-22,14.77004623413086,15.363252639770508,15.363252639770508,15.06031608581543,15.319975852966309,69321,,
2021-03-23,14.894864082336426,15.493083000183105,16.012405395507812,15.363252639770508,15.363252639770508,117846,,
2021-03-24,14.72844123840332,15.319975852966309,15.406530380249023,14.627548217773438,15.06031608581543,238002,,
2021-03-25,14.062748908996582,14.627548217773438,15.146868705749512,14.627548217773438,14.973761558532715,144419,,
2021-03-26,14.145960807800293,14.714101791381836,14.714101791381836,14.584271430969238,14.627548217773438,67010,,
2021-03-29,13.81311321258545,14.367886543273926,14.800655364990234,14.281333923339844,14.800655364990234,63544,,
2021-03-30,13.81311321258545,14.367886543273926,14.714101791381836,14.281333923339844,14.281333923339844,78564,,
2021-03-31,13.64669132232666,14.194780349731445,14.367886543273926,14.194780349731445,14.367886543273926,92428,,
2021-04-01,14.978075981140137,15.579636573791504,15.579636573791504,14.540993690490723,14.714101791381836,417082,,
2021-04-07,15.810190200805664,16.445171356201172,16.531726837158203,16.098957061767578,16.445171356201172,100515,,
2021-04-08,15.68537425994873,16.31534194946289,16.748109817504883,15.925850868225098,16.445171356201172,261110,,
2021-04-09,15.269315719604492,15.882574081420898,16.18551254272461,15.103591918945312,16.18551254272461,177924,,
2021-04-12,15.477343559265137,16.098957061767578,17.44053840637207,16.098957061767578,17.44053840637207,671260,,
2021-04-13,15.810190200805664,16.445171356201172,16.748109817504883,15.796021461486816,16.098957061767578,309634,,
2021-04-14,15.518950462341309,16.142234802246094,16.661556243896484,15.579636573791504,16.661556243896484,176769,,
2021-04-15,15.352527618408203,15.969127655029297,16.272064208984375,15.882574081420898,15.882574081420898,160594,,
2021-04-16,15.227710723876953,15.839298248291016,16.012405395507812,15.709466934204102,16.012405395507812,145574,,
2021-04-19,15.518950462341309,16.142234802246094,16.358619689941406,15.839298248291016,16.012405395507812,421704,,
2021-04-20,15.851797103881836,16.488449096679688,16.964494705200195,16.142234802246094,16.18551254272461,552259,,
2021-04-21,16.018220901489258,16.661556243896484,16.877939224243164,16.228788375854492,16.228788375854492,242624,,
2021-04-22,16.30946159362793,16.964494705200195,18.132965087890625,16.445171356201172,16.531726837158203,868826,,
2021-04-23,17.05836296081543,17.74347496032715,18.003135681152344,17.180877685546875,17.224153518676758,727873,,
2021-04-26,16.80872917175293,17.483814239501953,18.78211784362793,17.267431259155273,18.738840103149414,522220,,
2021-04-27,16.642305374145508,17.310707092285156,17.830028533935547,17.267431259155273,17.830028533935547,233381,,
2021-04-28,16.559093475341797,17.224153518676758,17.700199127197266,17.094324111938477,17.310707092285156,254177,,
2021-04-29,16.89194107055664,17.57036781311035,17.65692138671875,16.964494705200195,17.224153518676758,272663,,
2021-05-03,18.43135643005371,19.17160987854004,19.30143928527832,17.57036781311035,17.57036781311035,1103363,,
2021-05-04,19.721134185791016,20.5131893157959,20.77284812927246,18.435903549194336,19.17160987854004,1002847,,
2021-05-05,21.218942642211914,22.07115364074707,22.50391960144043,20.64301872253418,20.686296463012695,1746895,,
2021-05-06,19.138652801513672,19.90731430053711,23.888776779174805,19.864036560058594,23.888776779174805,1350609,,
2021-05-07,18.63938331604004,19.38799285888672,19.90731430053711,18.349349975585938,19.90731430053711,578832,,
2021-05-10,19.346681594848633,20.12369728088379,20.859403610229492,19.431270599365234,20.859403610229492,476005,,
2021-05-11,17.432815551757812,18.132965087890625,20.77284812927246,18.132965087890625,20.729572296142578,755601,,
2021-05-12,19.138652801513672,19.90731430053711,19.90731430053711,16.358619689941406,17.094324111938477,976274,,
2021-05-13,17.22478675842285,17.916582107543945,19.60437774658203,17.916582107543945,18.609010696411133,607716,,
2021-05-14,16.97515296936035,17.65692138671875,18.738840103149414,17.57036781311035,18.738840103149414,153662,,
2021-05-17,15.935009002685547,16.575002670288086,17.700199127197266,16.531726837158203,17.267431259155273,295770,,
2021-05-18,17.516027450561523,18.219520568847656,18.219520568847656,17.310707092285156,17.873306274414062,177924,,
2021-05-19,17.640844345092773,18.349349975585938,19.128332138061523,18.132965087890625,18.65228843688965,142108,,
2021-05-20,18.098508834838867,18.825395584106445,19.90731430053711,17.916582107543945,17.916582107543945,380111,,
2021-05-21,18.556171417236328,19.30143928527832,19.82076072692871,18.998502731323242,19.82076072692871,151351,,
2021-05-24,18.26493263244629,18.998502731323242,19.474546432495117,18.65228843688965,19.474546432495117,58923,,
2021-05-25,18.472959518432617,19.214885711669922,19.561100006103516,18.78211784362793,19.041778564453125,330431,,
2021-05-26,19.221864700317383,19.993867874145508,20.3400821685791,18.998502731323242,19.30143928527832,301547,,
2021-05-27,20.96930694580078,21.811492919921875,21.89804458618164,20.03714370727539,20.210250854492188,1139179,,
2021-05-28,20.3452205657959,21.16234016418457,22.89341163635254,21.075786590576172,22.547197341918945,1149577,,
2021-05-31,19.970766067504883,20.77284812927246,21.292171478271484,20.469911575317383,21.205617904663086,485248,,
2021-06-01,19.138652801513672,19.90731430053711,20.77284812927246,19.90731430053711,20.77284812927246,269197,,
2021-06-02,18.889019012451172,19.647653579711914,20.03714370727539,19.085054397583008,20.03714370727539,400907,,
2021-06-03,19.346681594848633,20.12369728088379,20.166975021362305,19.38799285888672,19.647653579711914,189478,,
2021-06-04,19.471498489379883,20.253528594970703,20.55646514892578,19.38799285888672,19.90731430053711,321188,,
2021-06-07,18.93062400817871,19.690929412841797,20.3400821685791,19.60437774658203,20.210250854492188,205653,,
2021-06-08,19.221864700317383,19.993867874145508,20.080421447753906,19.690929412841797,19.690929412841797,135176,,
2021-06-09,19.513103485107422,20.296804428100586,20.859403610229492,19.777484893798828,19.864036560058594,464452,,
2021-06-10,20.67806625366211,21.508554458618164,21.941322326660156,20.686296463012695,20.686296463012695,638910,,
2021-06-11,20.92770004272461,21.76821517944336,22.50391960144043,21.16234016418457,21.595108032226562,262265,,
2021-06-15,21.634998321533203,22.50391960144043,22.50391960144043,21.24889373779297,21.76821517944336,313100,,
2021-06-16,21.967844009399414,22.850133895874023,24.0618839263916,22.20098304748535,22.28753662109375,910419,,
2021-06-17,22.75835418701172,23.672393798828125,24.494651794433594,22.936687469482422,23.023242950439453,553414,,
2021-06-18,21.302152633666992,22.157705307006836,24.1484375,21.98459815979004,23.62911605834961,633134,,
2021-06-21,20.511642456054688,21.335447311401367,22.07115364074707,21.119064331054688,22.07115364074707,404373,,
2021-06-22,20.47003746032715,21.292171478271484,22.027875900268555,20.94595718383789,22.027875900268555,291149,,
2021-06-23,19.845951080322266,20.64301872253418,21.24889373779297,20.64301872253418,21.24889373779297,442500,,
2021-06-24,21.801422119140625,22.677026748657227,22.677026748657227,20.599742889404297,20.64301872253418,700144,,
2021-06-25,22.88317108154297,23.802223205566406,24.884143829345703,23.196348190307617,23.196348190307617,1647535,,
2021-06-28,25.17148780822754,26.182445526123047,26.182445526123047,23.369455337524414,23.369455337524414,1543553,,
2021-06-29,27.459806442260742,28.562667846679688,28.779052734375,25.576570510864258,25.879507064819336,1467299,,
2021-06-30,28.624767303466797,29.774417877197266,30.466846466064453,28.346284866333008,28.562667846679688,2100433,,
2021-07-01,27.351715087890625,28.45023536682129,30.821088790893555,28.26056671142578,30.204666137695312,1148320,,
2021-07-02,27.397300720214844,28.497652053833008,30.29949951171875,28.45023536682129,29.73049545288086,498765,,
2021-07-05,27.716405868530273,28.829572677612305,29.256324768066406,28.45023536682129,28.545068740844727,350084,,
2021-07-06,27.397300720214844,28.497652053833008,29.493410110473633,28.497652053833008,29.493410110473633,298415,,
2021-07-07,28.309024810791016,29.445993423461914,30.39433479309082,28.639902114868164,28.97182273864746,426007,,
2021-07-08,29.76778221130371,30.96333885192871,32.291015625,29.777912139892578,30.157249450683594,1186281,,
2021-07-09,29.038402557373047,30.204666137695312,32.00651550292969,30.157249450683594,31.01075553894043,752893,,
2021-07-12,26.80467987060547,27.881229400634766,30.821088790893555,27.217391967773438,30.678836822509766,966951,,
2021-07-13,26.348819732666016,27.407060623168945,28.924406051635742,27.359643936157227,28.40281867980957,334267,,
2021-07-14,27.032611846923828,28.118316650390625,28.829572677612305,27.928646087646484,28.829572677612305,455532,,
2021-07-15,27.169368743896484,28.26056671142578,28.829572677612305,27.407060623168945,28.829572677612305,347976,,
2021-07-16,25.756196975708008,26.790637969970703,28.26056671142578,26.695804595947266,28.26056671142578,484003,,
2021-07-19,25.89295768737793,26.932889938354492,27.454477310180664,25.794879913330078,26.36388397216797,443933,,
2021-07-20,25.117990493774414,26.126798629760742,26.932889938354492,25.889713287353516,26.932889938354492,320559,,
2021-07-21,24.61654281616211,25.60521125793457,26.648387908935547,25.60521125793457,26.648387908935547,152898,,
2021-07-22,24.890058517456055,25.889713287353516,26.648387908935547,25.273292541503906,26.126798629760742,269945,,
2021-07-23,24.34302520751953,25.320709228515625,26.26905059814453,25.131040573120117,25.889713287353516,85412,,
2021-07-26,24.34302520751953,25.320709228515625,26.553552627563477,25.320709228515625,25.889713287353516,277326,,
2021-07-27,24.38861083984375,25.368125915527344,26.079381942749023,24.846538543701172,25.70004653930664,234092,,
2021-07-28,22.975439071655273,23.898197174072266,25.74746322631836,23.850780487060547,25.74746322631836,241474,,
2021-07-29,23.340129852294922,24.27753448486328,24.467201232910156,22.428268432617188,23.47144317626953,1019675,,
2021-07-30,23.43130111694336,24.37236785888672,26.079381942749023,24.27753448486328,24.27753448486328,513528,,
2021-08-02,24.57095718383789,25.55779457092285,26.17421531677246,24.656869888305664,24.656869888305664,363793,,
2021-08-03,24.70771598815918,25.70004653930664,26.079381942749023,25.03620719909668,25.984548568725586,282598,,
2021-08-04,24.890058517456055,25.889713287353516,25.984548568725586,25.415542602539062,25.70004653930664,166606,,
2021-08-05,24.66213035583496,25.652629852294922,26.126798629760742,25.273292541503906,25.889713287353516,248855,,
2021-08-06,24.66213035583496,25.652629852294922,25.70004653930664,25.131040573120117,25.70004653930664,205622,,
2021-08-09,24.115095138549805,25.0836238861084,25.984548568725586,24.98879051208496,25.320709228515625,170824,,
2021-08-10,23.6136474609375,24.562036514282227,25.131040573120117,23.993032455444336,25.131040573120117,366956,,
2021-08-11,23.887163162231445,24.846538543701172,25.368125915527344,24.562036514282227,24.656869888305664,403863,,
2021-08-12,23.6136474609375,24.562036514282227,25.60521125793457,24.562036514282227,25.60521125793457,62213,,
2021-08-13,23.157785415649414,24.087865829467773,24.7517032623291,23.708528518676758,24.562036514282227,355357,,
2021-08-16,22.519577026367188,23.424026489257812,24.18269920349121,23.329193115234375,24.087865829467773,197186,,
2021-08-17,22.519577026367188,23.424026489257812,23.424026489257812,23.424026489257812,23.424026489257812,0,,
2021-08-18,22.61075210571289,23.518861770629883,23.518861770629883,22.048931121826172,22.2860164642334,119155,,
2021-08-19,21.516681671142578,22.38085174560547,23.898197174072266,22.38085174560547,23.234359741210938,131809,,
2021-08-20,21.744613647460938,22.617937088012695,22.76018714904785,22.2860164642334,22.38085174560547,126536,,
2021-08-23,21.6534423828125,22.523103713989258,23.47144317626953,22.38085174560547,22.76018714904785,64322,,
2021-08-24,21.881370544433594,22.76018714904785,23.044689178466797,22.38085174560547,22.76018714904785,56941,,
2021-08-25,21.881370544433594,22.76018714904785,23.329193115234375,22.712770462036133,22.76018714904785,316341,,
2021-08-26,22.42840576171875,23.329193115234375,24.230117797851562,23.139524459838867,23.424026489257812,338485,,
2021-08-27,22.0637149810791,22.94985580444336,23.945613861083984,22.90243911743164,23.945613861083984,173988,,
2021-08-30,21.926958084106445,22.807605743408203,23.5662784576416,22.807605743408203,22.997272491455078,150789,,
2021-08-31,22.337234497070312,23.234359741210938,23.424026489257812,22.94985580444336,23.424026489257812,136026,,
2021-09-01,22.47399139404297,23.376609802246094,23.424026489257812,22.94985580444336,23.424026489257812,163443,,
2021-09-02,23.157785415649414,24.087865829467773,25.60521125793457,23.376609802246094,23.376609802246094,536726,,
2021-09-03,25.437095642089844,26.45871925354004,26.45871925354004,24.467201232910156,24.656869888305664,1020729,,
2021-09-06,25.391510009765625,26.41130256652832,27.07513999938965,25.60521125793457,26.36388397216797,1642868,,
2021-09-07,27.260541915893555,28.35540008544922,28.782154083251953,26.079381942749023,26.079381942749023,1872743,,
2021-09-08,27.169368743896484,28.26056671142578,29.16149139404297,27.69156265258789,28.687320709228516,1403503,,
2021-09-09,26.439990997314453,27.501893997192383,28.497652053833008,27.07513999938965,28.45023536682129,904737,,
2021-09-10,25.072404861450195,26.079381942749023,27.976064682006836,26.079381942749023,27.501893997192383,1222133,,
2021-09-13,24.57095718383789,25.55779457092285,28.687320709228516,25.55779457092285,26.648387908935547,12692689,,
2021-09-14,23.340129852294922,24.27753448486328,26.079381942749023,24.230117797851562,25.46295928955078,878375,,
2021-09-15,22.61075210571289,23.518861770629883,24.656869888305664,23.424026489257812,24.656869888305664,286816,,
2021-09-16,21.881370544433594,22.76018714904785,23.898197174072266,22.76018714904785,23.898197174072266,305797,,
2021-09-17,22.018129348754883,22.90243911743164,23.898197174072266,22.76018714904785,22.855022430419922,266781,,
2021-09-22,20.969648361206055,21.811847686767578,22.807605743408203,21.811847686767578,22.807605743408203,315287,,
2021-09-23,20.924060821533203,21.764429092407227,22.23859977722168,21.053173065185547,22.048931121826172,274162,,
2021-09-24,20.14909553527832,20.95833969116211,22.143766403198242,20.95833969116211,21.906681060791016,592613,,
2021-09-27,21.015233993530273,21.859264373779297,22.76018714904785,21.337675094604492,21.337675094604492,520909,,
2021-09-28,21.10640525817871,21.954097747802734,22.523103713989258,21.906681060791016,22.19118309020996,339540,,
2021-09-29,20.696128845214844,21.52734375,21.906681060791016,21.242841720581055,21.811847686767578,221439,,
2021-09-30,20.650543212890625,21.47992706298828,21.954097747802734,21.385093688964844,21.954097747802734,175042,,
2021-10-01,18.918270111083984,19.67807960510254,21.52734375,19.67807960510254,21.432510375976562,341649,,
2021-10-04,18.690338134765625,19.440994262695312,20.29450035095215,18.77715492248535,19.67807960510254,626356,,
2021-10-05,19.465303421020508,20.24708366394043,20.24708366394043,19.251325607299805,19.440994262695312,138135,,
2021-10-06,19.23737144470215,20.009998321533203,20.95833969116211,19.440994262695312,20.009998321533203,318450,,
2021-10-07,19.37413215637207,20.152250289916992,20.531585693359375,20.009998321533203,20.009998321533203,101229,,
2021-10-08,19.510889053344727,20.29450035095215,20.579002380371094,20.009998321533203,20.009998321533203,84357,,
2021-10-12,18.82709503173828,19.58324432373047,20.7686710357666,19.440994262695312,20.7686710357666,282598,,
2021-10-13,18.09771728515625,18.82457160949707,19.393577575683594,18.77715492248535,19.251325607299805,306851,,
2021-10-14,18.325647354125977,19.061656951904297,19.820329666137695,18.87198829650879,18.87198829650879,119155,,
2021-10-15,18.553579330444336,19.298742294311523,19.63066291809082,19.251325607299805,19.63066291809082,112828,,
2021-10-18,18.507993698120117,19.251325607299805,19.67807960510254,19.251325607299805,19.251325607299805,119155,,
2021-10-19,19.738819122314453,20.531585693359375,20.863506317138672,19.156490325927734,19.156490325927734,170824,,
2021-10-20,19.14620018005371,19.915164947509766,20.7686710357666,19.915164947509766,20.531585693359375,102283,,
2021-10-21,18.918270111083984,19.67807960510254,20.863506317138672,19.58324432373047,20.863506317138672,159225,,
2021-10-22,18.4624080657959,19.203908920288086,20.24708366394043,19.156490325927734,20.24708366394043,114937,,
2021-10-25,18.735923767089844,19.48841094970703,19.63066291809082,18.96682357788086,18.96682357788086,525127,,
2021-10-26,18.325647354125977,19.061656951904297,20.24708366394043,19.061656951904297,19.962581634521484,306851,,
2021-10-27,18.553579330444336,19.298742294311523,19.440994262695312,19.156490325927734,19.346160888671875,295252,,
2021-10-28,18.735923767089844,19.48841094970703,21.053173065185547,19.156490325927734,19.203908920288086,1173628,,
2021-10-29,18.963855743408203,19.725496292114258,20.057416915893555,19.440994262695312,19.440994262695312,202458,,
2021-11-01,19.510889053344727,20.29450035095215,20.673837661743164,19.772912979125977,20.009998321533203,194022,,
2021-11-02,19.14620018005371,19.915164947509766,20.91092300415039,19.915164947509766,20.484169006347656,186641,,
2021-11-03,19.738819122314453,20.531585693359375,20.863506317138672,20.057416915893555,20.29450035095215,1351834,,
2021-11-04,21.69902801513672,22.570520401000977,22.570520401000977,20.7686710357666,20.95833969116211,1402448,,
2021-11-05,22.154888153076172,23.044689178466797,23.708528518676758,22.570520401000977,22.76018714904785,2782753,,
2021-11-08,22.56516456604004,23.47144317626953,24.467201232910156,22.428268432617188,22.76018714904785,1101924,,
2021-11-09,21.926958084106445,22.807605743408203,23.329193115234375,22.76018714904785,23.234359741210938,313178,,
2021-11-10,21.69902801513672,22.570520401000977,23.139524459838867,22.19118309020996,22.807605743408203,346921,,
2021-11-11,21.744613647460938,22.617937088012695,23.09210777282715,22.475685119628906,22.570520401000977,143408,,
2021-11-12,21.881370544433594,22.76018714904785,22.807605743408203,22.523103713989258,22.617937088012695,175042,,
2021-11-15,22.018129348754883,22.90243911743164,23.803363800048828,22.76018714904785,22.76018714904785,377501,,
2021-11-16,21.881370544433594,22.76018714904785,23.139524459838867,22.665353775024414,22.90243911743164,122318,,
2021-11-17,22.200475692749023,23.09210777282715,23.139524459838867,22.76018714904785,22.94985580444336,278380,,
2021-11-18,23.021024703979492,23.945613861083984,24.18269920349121,23.09210777282715,23.186941146850586,437606,,
2021-11-19,24.34302520751953,25.320709228515625,26.031965255737305,23.850780487060547,23.945613861083984,1213698,,
2021-11-22,24.023923873901367,24.98879051208496,25.74746322631836,24.98879051208496,25.60521125793457,307906,,
2021-11-23,23.795989990234375,24.7517032623291,25.178457260131836,24.087865829467773,24.704286575317383,526181,,
2021-11-24,24.115095138549805,25.0836238861084,26.126798629760742,25.03620719909668,25.225875854492188,421789,,
2021-11-25,25.072404861450195,26.079381942749023,26.41130256652832,25.0836238861084,25.0836238861084,654827,,
2021-11-26,24.206266403198242,25.178457260131836,26.88547134399414,25.178457260131836,26.079381942749023,491384,,
2021-11-29,23.795989990234375,24.7517032623291,24.98879051208496,23.993032455444336,24.467201232910156,255182,,
2021-11-30,24.525371551513672,25.510377883911133,25.937131881713867,24.941373825073242,24.941373825073242,204567,,
2021-12-01,26.941438674926758,28.023481369018555,28.023481369018555,26.031965255737305,26.079381942749023,2867111,,
2021-12-02,29.129575729370117,30.29949951171875,30.821088790893555,28.165733337402344,28.35540008544922,4760944,,
2021-12-03,28.673715591430664,29.82533073425293,30.773670196533203,28.97182273864746,30.014997482299805,1699810,,
2021-12-06,29.175161361694336,30.34691619873047,30.53658676147461,29.303741455078125,29.82533073425293,1002803,,
2021-12-07,28.445783615112305,29.588245391845703,31.295259475708008,29.588245391845703,30.631420135498047,993313,,
2021-12-08,28.94723129272461,30.109832763671875,30.109832763671875,28.45023536682129,29.398576736450195,955352,,
2021-12-09,29.357507705688477,30.53658676147461,31.200424194335938,30.062414169311523,30.821088790893555,1021784,,
2021-12-10,28.7648868560791,29.920164108276367,32.52810287475586,29.73049545288086,31.72201156616211,1479425,,
2021-12-13,28.94723129272461,30.109832763671875,30.915922164916992,29.777912139892578,30.34691619873047,515637,,
2021-12-14,28.94723129272461,30.109832763671875,30.489168167114258,29.68307876586914,29.87274742126465,618975,,
2021-12-15,28.94723129272461,30.109832763671875,31.15300750732422,30.109832763671875,30.34691619873047,1000694,,
2021-12-16,29.448678970336914,30.631420135498047,30.821088790893555,29.967580795288086,30.44175148010254,734967,,
2021-12-17,28.309024810791016,29.445993423461914,30.584003448486328,28.26056671142578,30.584003448486328,854122,,
2021-12-20,28.035507202148438,29.16149139404297,29.777912139892578,28.876989364624023,29.445993423461914,315287,,
2021-12-21,28.035507202148438,29.16149139404297,29.635662078857422,28.876989364624023,29.16149139404297,278380,,
2021-12-22,29.81336784362793,31.01075553894043,31.342676162719727,29.208908081054688,29.208908081054688,1354997,,
2021-12-23,29.585437774658203,30.773670196533203,32.19618225097656,30.631420135498047,31.01075553894043,1320199,,
2021-12-24,28.7648868560791,29.920164108276367,30.915922164916992,29.87274742126465,30.821088790893555,382773,,
2021-12-27,28.673715591430664,29.82533073425293,30.25208282470703,29.635662078857422,30.157249450683594,194022,,
2021-12-28,27.89874839782715,29.01923942565918,30.25208282470703,29.01923942565918,29.82533073425293,465022,,
2021-12-29,28.628128051757812,29.777912139892578,30.062414169311523,28.924406051635742,28.924406051635742,313178,,
2021-12-30,28.94723129272461,30.109832763671875,30.204666137695312,29.588245391845703,29.967580795288086,258345,,
2022-01-03,28.628128051757812,29.777912139892578,30.44175148010254,29.635662078857422,30.44175148010254,314232,,
2022-01-04,28.081092834472656,29.208908081054688,30.25208282470703,29.208908081054688,29.777912139892578,200349,,
2022-01-05,27.351715087890625,28.45023536682129,29.256324768066406,28.26056671142578,29.256324768066406,601049,,
2022-01-06,27.351715087890625,28.45023536682129,29.445993423461914,27.69156265258789,28.40281867980957,597886,,
2022-01-07,26.439990997314453,27.501893997192383,29.0666561126709,27.501893997192383,28.924406051635742,442878,,
2022-01-10,27.214954376220703,28.3079833984375,28.924406051635742,27.02772331237793,27.312225341796875,513528,,
2022-01-11,28.491369247436523,29.635662078857422,31.1055908203125,28.26056671142578,28.26056671142578,1826346,,
2022-01-12,29.904541015625,31.1055908203125,31.1055908203125,29.588245391845703,29.588245391845703,937426,,
2022-01-13,31.91033363342285,33.19194030761719,33.19194030761719,30.821088790893555,31.15300750732422,1546911,,
2022-01-14,31.454471588134766,32.717769622802734,35.27829360961914,31.769428253173828,33.66611099243164,2102618,,
2022-01-17,31.81916046142578,33.09710693359375,34.045448303222656,31.81684684753418,34.045448303222656,467131,,
2022-01-18,31.454471588134766,32.717769622802734,34.045448303222656,32.717769622802734,34.045448303222656,287871,,
2022-01-19,32.09267807006836,33.38161087036133,33.95061492919922,31.769428253173828,32.670352935791016,704387,,
2022-01-20,32.001502990722656,33.286773681640625,33.66611099243164,32.52810287475586,33.66611099243164,338485,,
2022-01-21,32.001502990722656,33.286773681640625,33.99803161621094,32.76518630981445,33.19194030761719,539890,,
2022-01-24,30.90743637084961,32.148765563964844,33.523860931396484,30.821088790893555,33.334190368652344,1143048,,
2022-01-25,29.904541015625,31.1055908203125,31.911680221557617,31.01075553894043,31.295259475708008,434442,,
2022-01-26,31.089780807495117,32.33843231201172,32.717769622802734,29.398576736450195,29.398576736450195,481894,,
2022-02-07,32.047088623046875,33.334190368652344,34.18769836425781,32.717769622802734,33.19194030761719,637956,,
2022-02-08,35.23812484741211,36.653385162353516,36.653385162353516,33.66611099243164,33.66611099243164,2669925,,
2022-02-09,36.33219528198242,37.79139709472656,38.21814727783203,35.94213104248047,36.79563903808594,2740574,,
2022-02-10,36.605709075927734,38.075897216796875,38.69232177734375,36.79563903808594,37.459476470947266,829870,,
2022-02-11,35.92192077636719,37.36464309692383,38.312984466552734,36.98530578613281,38.028480529785156,746566,,
2022-02-14,35.10136795043945,36.51113510131836,37.88623046875,36.3688850402832,36.98530578613281,626356,,
2022-02-15,35.92192077636719,37.36464309692383,40.16225051879883,36.51113510131836,36.51113510131836,1708245,,
2022-02-16,36.37778091430664,37.83881378173828,39.1664924621582,37.696563720703125,38.59748458862305,759220,,
2022-02-17,36.42336654663086,37.88623046875,39.735496520996094,37.696563720703125,38.312984466552734,1059745,,
2022-02-18,36.46895217895508,37.93364715576172,38.36040115356445,37.696563720703125,37.93364715576172,488220,,
2022-02-21,37.65419387817383,39.1664924621582,39.1664924621582,37.506893157958984,37.506893157958984,747621,,
2022-02-22,35.73957061767578,37.17497253417969,39.1664924621582,36.843055725097656,39.1664924621582,1233733,,
2022-02-23,36.9248161315918,38.40781784057617,38.69232177734375,37.26980972290039,37.26980972290039,618975,,
2022-02-24,35.87633514404297,37.31722640991211,40.11483383178711,37.222389221191406,37.79139709472656,1765187,,
2022-02-25,37.38067626953125,38.881988525390625,39.1664924621582,36.890472412109375,37.459476470947266,1028110,,
2022-03-01,37.38067626953125,38.881988525390625,39.64065933227539,38.69232177734375,38.881988525390625,627411,,
2022-03-02,35.967506408691406,37.41205978393555,38.881988525390625,37.36464309692383,38.881988525390625,1158865,,
2022-03-03,33.642608642578125,34.99378967285156,37.41205978393555,33.71352767944336,37.41205978393555,3657966,,
2022-03-04,33.004398345947266,34.32994842529297,35.61021041870117,34.140281677246094,34.51961898803711,1278021,,
2022-03-07,33.73377990722656,35.088623046875,35.32571029663086,32.717769622802734,34.32994842529297,988041,,
2022-03-08,32.95881271362305,34.28253173828125,35.89471435546875,34.23511505126953,35.18345642089844,514582,,
2022-03-09,32.639713287353516,33.95061492919922,35.088623046875,33.85578155517578,35.088623046875,374337,,
2022-03-10,33.87053680419922,35.230873107910156,35.75246047973633,34.56703567504883,34.56703567504883,401754,,
2022-03-11,34.14405822753906,35.515377044677734,35.94213104248047,35.27829360961914,35.37312698364258,277326,,
2022-03-14,34.873435974121094,36.274051666259766,37.88623046875,35.94213104248047,35.94213104248047,439715,,
2022-03-15,34.73667526245117,36.131797790527344,36.890472412109375,36.036964416503906,36.274051666259766,328995,,
2022-03-16,34.73667526245117,36.131797790527344,36.79563903808594,36.036964416503906,36.79563903808594,159225,,
2022-03-17,35.557228088378906,36.98530578613281,37.17497253417969,36.46371841430664,36.74821853637695,258345,,
2022-03-18,34.873435974121094,36.274051666259766,37.03272247314453,36.036964416503906,37.03272247314453,200349,,
2022-03-21,36.83364486694336,38.312984466552734,38.40781784057617,36.653385162353516,36.74821853637695,761329,,
2022-03-22,36.9248161315918,38.40781784057617,38.69232177734375,37.743980407714844,38.45523452758789,317396,,
2022-03-23,37.28950500488281,38.78715515136719,39.78291320800781,38.40781784057617,38.40781784057617,687516,,
2022-03-24,37.15274429321289,38.644901275634766,39.26132583618164,38.50265121459961,38.78715515136719,328995,,
2022-03-25,37.563018798828125,39.0716552734375,39.59324264526367,38.45523452758789,38.45523452758789,443933,,
2022-03-28,38.42915725708008,39.97257995605469,40.73125457763672,38.55006790161133,38.59748458862305,499820,,
2022-03-29,39.24971008300781,40.826087951660156,41.727012634277344,40.39933395385742,40.5890007019043,646391,,
2022-03-30,40.02467727661133,41.632179260253906,42.011512756347656,40.54158401489258,41.5373420715332,748675,,
2022-03-31,40.8452262878418,42.48568344116211,42.95985412597656,41.06317138671875,41.06317138671875,684352,,
2022-04-01,40.9364013671875,42.58052062988281,43.19694137573242,41.679595947265625,42.39085006713867,529345,,
2022-04-06,42.21281051635742,43.90819549560547,43.90819549560547,42.67535400390625,42.67535400390625,543053,,
2022-04-07,41.80253601074219,43.481441497802734,44.47719955444336,43.33919143676758,44.05044937133789,617921,,
2022-04-08,43.306884765625,45.046207427978516,45.046207427978516,43.481441497802734,44.00303268432617,618975,,
2022-04-11,44.40095138549805,46.1842155456543,46.468719482421875,44.61945343017578,45.23587417602539,640064,,
2022-04-12,39.97909164428711,41.58476257324219,46.800636291503906,41.58476257324219,46.468719482421875,1990844,,
2022-04-13,42.85102081298828,44.57203674316406,45.425540924072266,41.58476257324219,41.58476257324219,885757,,
2022-04-14,41.20991516113281,42.865020751953125,47.3696403503418,42.72277069091797,44.76170349121094,1407721,,
2022-04-15,40.6172981262207,42.248600006103516,42.95985412597656,42.011512756347656,42.058929443359375,249910,,
2022-04-18,40.9364013671875,42.58052062988281,43.29177474975586,41.727012634277344,42.865020751953125,284707,,
2022-04-19,41.93929672241211,43.623695373535156,44.95137023925781,43.0546875,43.671112060546875,462913,,
2022-04-20,41.164329528808594,42.817604064941406,44.52461624145508,42.77018737792969,44.00303268432617,321614,,
2022-04-21,41.164329528808594,42.817604064941406,43.29177474975586,42.39085006713867,42.817604064941406,265727,,
2022-04-22,40.48053741455078,42.106346130371094,42.95985412597656,42.011512756347656,42.67535400390625,236201,,
2022-04-25,39.75115966796875,41.34767532348633,42.106346130371094,38.40781784057617,42.106346130371094,694897,,
2022-04-26,40.2070198059082,41.82184600830078,42.67535400390625,41.39509201049805,41.82184600830078,246746,,
2022-04-27,40.02467727661133,41.632179260253906,42.48568344116211,40.20966720581055,41.82184600830078,458695,,
2022-04-28,40.02467727661133,41.632179260253906,42.248600006103516,40.77867126464844,41.727012634277344,233038,,
2022-04-29,42.349571228027344,44.05044937133789,44.52461624145508,41.632179260253906,41.632179260253906,472403,,
2022-05-03,42.349571228027344,44.05044937133789,46.1842155456543,44.00303268432617,44.00303268432617,921609,,
2022-05-04,43.76274108886719,45.5203742980957,45.662628173828125,44.09786605834961,44.09786605834961,431279,,
2022-05-05,44.218605041503906,45.99454879760742,46.94288635253906,44.71428680419922,46.421302795410156,799290,,
2022-05-06,45.35826110839844,47.17997360229492,47.89122772216797,44.95137023925781,44.95137023925781,1253768,,
2022-05-09,45.26708984375,47.085140228271484,48.93440628051758,46.13679885864258,47.89122772216797,722313,,
2022-05-10,46.680259704589844,48.55506896972656,49.029239654541016,46.468719482421875,47.085140228271484,760274,,
2022-05-11,44.81122589111328,46.61096954345703,50.451751708984375,46.468719482421875,49.50341033935547,1559565,,
2022-05-12,45.35826110839844,47.17997360229492,48.55506896972656,45.046207427978516,45.046207427978516,749730,,
2022-05-13,47.591983795166016,49.50341033935547,49.50341033935547,47.79639434814453,47.89122772216797,896301,,
2022-05-16,49.5066032409668,51.49492645263672,52.72776794433594,49.693077087402344,50.1672477722168,2205957,,
2022-05-17,52.15060043334961,54.245113372802734,54.52961730957031,50.451751708984375,51.874263763427734,2123708,,
2022-05-18,54.24756622314453,56.426300048828125,56.426300048828125,53.581275939941406,54.33995056152344,1699810,,
2022-05-19,54.33873748779297,56.52113342285156,57.37464141845703,55.193458557128906,55.95212936401367,1423538,,
2022-05-20,53.97404861450195,56.14179611206055,56.90047073364258,55.38312530517578,56.52113342285156,681189,,
2022-05-23,52.971153259277344,55.0986213684082,57.37464141845703,53.865779876708984,56.426300048828125,833033,,
2022-05-24,55.888668060302734,58.1333122253418,59.7454948425293,55.0986213684082,55.0986213684082,1240060,,
2022-05-25,58.1679801940918,60.50416564941406,60.599002838134766,57.46947479248047,57.46947479248047,1499460,,
2022-05-26,63.547149658203125,66.09938049316406,66.47871398925781,60.50416564941406,61.831844329833984,2706831,,
2022-05-27,65.00591278076172,67.61672973632812,71.1255874633789,62.78018569946289,67.42705535888672,5853378,,
2022-05-30,65.9176254272461,68.5650634765625,70.8410873413086,67.61672973632812,68.09089660644531,1983463,,
2022-05-31,68.92632293701172,71.69459533691406,72.7377700805664,69.32373809814453,70.55658721923828,2465357,,
2022-06-01,75.76425170898438,78.8071517944336,78.8071517944336,72.26359558105469,72.45326232910156,3797156,,
2022-06-02,79.95818328857422,83.16952514648438,85.3507080078125,77.1949691772461,80.89350128173828,10167226,,
2022-06-06,72.29969787597656,75.20345306396484,87.53189086914062,74.91895294189453,86.2990493774414,10411864,,
2022-06-07,75.21720886230469,78.23814392089844,78.71231842041016,73.30677032470703,75.20345306396484,2088910,,
2022-06-08,74.30548858642578,77.28980255126953,78.8071517944336,76.53113555908203,77.00530242919922,1024947,,
2022-06-09,78.40824890136719,81.55734252929688,82.1263427734375,77.3846435546875,77.3846435546875,1449900,,
2022-06-10,82.05514526367188,85.3507080078125,85.63520812988281,81.36767578125,81.36767578125,1589090,,
2022-06-13,82.23748779296875,85.54037475585938,88.19573211669922,81.55734252929688,81.55734252929688,1986626,,
2022-06-14,80.50521087646484,83.738525390625,86.2990493774414,81.74700927734375,84.87653350830078,1330744,,
2022-06-15,78.86410522460938,82.03150939941406,84.97136688232422,80.98833465576172,84.4023666381836,1058690,,
2022-06-16,77.40535736083984,80.51416778564453,84.87653350830078,79.85032653808594,84.21269989013672,1575382,,
2022-06-17,78.22590637207031,81.36767578125,81.74700927734375,75.86729431152344,77.95364379882812,1999280,,
2022-06-20,70.47624969482422,73.30677032470703,83.45402526855469,73.30677032470703,83.35919189453125,2087856,,
2022-06-21,69.1086654663086,71.88426208496094,79.66065979003906,67.04772186279297,74.44478607177734,7595367,,
2022-06-22,65.00591278076172,67.61672973632812,72.7377700805664,66.38388061523438,71.22042083740234,2867111,,
2022-06-23,66.7381820678711,69.41857147216797,72.07392883300781,67.1425552368164,68.37539672851562,2569750,,
2022-06-24,67.28521728515625,69.98757934570312,70.93592071533203,68.18572998046875,68.7547378540039,1789440,,
2022-06-27,69.29100799560547,72.07392883300781,72.92743682861328,68.7547378540039,69.98757934570312,2038295,,
2022-06-28,70.2027359008789,73.02227020263672,74.44478607177734,71.59976196289062,72.07392883300781,1470989,,
2022-06-29,73.8496322631836,76.81563568115234,78.71231842041016,72.16876220703125,72.16876220703125,3874133,,
2022-06-30,66.82936096191406,69.51341247558594,76.53113555908203,69.51341247558594,76.4363021850586,2904018,,
2022-07-01,60.629634857177734,63.06468963623047,71.7894287109375,62.87501907348633,69.70307922363281,3029500,,
2022-07-04,62.63542556762695,65.15103912353516,65.15103912353516,62.400848388671875,63.159523010253906,463968,,
2022-07-05,66.55583953857422,69.2289047241211,69.2289047241211,67.33222198486328,67.33222198486328,437606,,
2022-07-06,64.00300598144531,66.57354736328125,70.65142059326172,66.57354736328125,70.65142059326172,237256,,
2022-07-07,67.8322525024414,70.55658721923828,70.55658721923828,66.8580551147461,68.28056335449219,333213,,
2022-07-08,65.73528289794922,68.37539672851562,72.07392883300781,68.37539672851562,70.55658721923828,591559,,
2022-07-11,62.0883903503418,64.58203125,67.33222198486328,64.58203125,66.38388061523438,535672,,
2022-07-12,62.90894317626953,65.43553924560547,65.43553924560547,62.30601501464844,62.590518951416016,339540,,
2022-07-13,64.09418487548828,66.66838836669922,68.28056335449219,66.47871398925781,68.28056335449219,219330,,
2022-07-14,65.82645416259766,68.47023010253906,68.47023010253906,65.43553924560547,65.43553924560547,144462,,
2022-07-15,65.82645416259766,68.47023010253906,69.89274597167969,68.47023010253906,69.2289047241211,632683,,
2022-07-18,70.2027359008789,73.02227020263672,75.29828643798828,69.60824584960938,69.60824584960938,6049510,,
2022-07-19,72.93790435791016,75.86729431152344,77.76397705078125,72.07392883300781,72.35842895507812,5182733,,
2022-07-20,73.39376831054688,76.34146881103516,77.95364379882812,73.11710357666016,76.4363021850586,3696981,,
2022-07-21,72.48204803466797,75.39312744140625,76.34146881103516,74.3499526977539,75.86729431152344,1417211,,
2022-07-22,69.3821792602539,72.16876220703125,75.96212768554688,72.16876220703125,75.86729431152344,1635487,,
2022-07-25,69.56452178955078,72.35842895507812,73.30677032470703,71.22042083740234,71.88426208496094,955352,,
2022-07-26,67.64990234375,70.36691284179688,72.35842895507812,70.36691284179688,72.35842895507812,584177,,
2022-07-27,72.390869140625,75.29828643798828,76.05696105957031,68.7547378540039,68.7547378540039,2524407,,
2022-07-28,70.8409423828125,73.68611145019531,76.62596893310547,72.54810333251953,75.7724609375,1802094,,
2022-07-29,71.4791488647461,74.3499526977539,75.67762756347656,73.11710357666016,74.72928619384766,1046037,,
2022-08-01,72.5732192993164,75.48796081542969,78.143310546875,74.72928619384766,75.39312744140625,4147241,,
2022-08-02,70.2027359008789,73.02227020263672,75.01378631591797,71.50492858886719,74.06544494628906,1799985,,
2022-08-03,67.92342376708984,70.65142059326172,73.87577819824219,70.65142059326172,72.26359558105469,902628,,
2022-08-04,66.9205322265625,69.60824584960938,72.16876220703125,65.90971374511719,70.65142059326172,1598580,,
2022-08-05,73.57611846923828,76.53113555908203,76.53113555908203,71.1255874633789,71.59976196289062,5365157,,
2022-08-08,72.66439056396484,75.58279418945312,77.66914367675781,74.63445281982422,75.86729431152344,5956716,,
2022-08-09,71.93501281738281,74.8241195678711,80.60900115966797,74.06544494628906,76.53113555908203,11443138,,
2022-08-10,71.11445617675781,73.97061157226562,76.15179443359375,73.97061157226562,74.63445281982422,2416851,,
2022-08-11,72.02618408203125,74.91895294189453,75.86729431152344,72.26359558105469,73.97061157226562,5541254,,
2022-08-12,70.65859985351562,73.49644470214844,73.97061157226562,72.64293670654297,73.97061157226562,646391,,
2022-08-15,70.65859985351562,73.49644470214844,74.91895294189453,73.02227020263672,74.91895294189453,410189,,
2022-08-16,72.29969787597656,75.20345306396484,75.29828643798828,73.49644470214844,73.49644470214844,415462,,
2022-08-17,73.66728973388672,76.62596893310547,76.62596893310547,75.86729431152344,75.86729431152344,556761,,
2022-08-18,77.04065704345703,80.13482666015625,80.13482666015625,77.10013580322266,77.10013580322266,980659,,
2022-08-19,76.31128692626953,79.37615966796875,80.60900115966797,77.85881042480469,80.60900115966797,662208,,
2022-08-22,77.22300720214844,80.32450103759766,80.32450103759766,78.8071517944336,78.8071517944336,213003,,
2022-08-23,78.40824890136719,81.55734252929688,81.55734252929688,79.37615966796875,79.37615966796875,509310,,
2022-08-24,78.40824890136719,81.55734252929688,82.50568389892578,80.60900115966797,82.3160171508789,784527,,
2022-08-25,78.40824890136719,81.55734252929688,82.7901840209961,81.55734252929688,82.7901840209961,563088,,
2022-08-26,74.7613525390625,77.76397705078125,84.49720001220703,76.91046905517578,83.16952514648438,5697316,,
2022-08-29,74.57901000976562,77.57431030273438,80.13482666015625,75.20345306396484,75.7724609375,2084692,,
2022-08-30,78.6817626953125,81.84184265136719,84.21269989013672,77.76397705078125,77.76397705078125,6002059,,
2022-08-31,78.40824890136719,81.55734252929688,84.97136688232422,80.51416778564453,81.27284240722656,5119465,,
2022-09-01,74.67018127441406,77.66914367675781,89.71307373046875,75.86729431152344,81.27284240722656,22092259,,
2022-09-02,73.48493957519531,76.4363021850586,79.18648529052734,74.72928619384766,78.23814392089844,4595392,,
2022-09-05,74.30548858642578,77.28980255126953,78.143310546875,75.96212768554688,76.05696105957031,2366236,,
2022-09-06,77.04065704345703,80.13482666015625,80.51416778564453,76.91046905517578,77.28980255126953,3953218,,
2022-09-07,76.58480072021484,79.66065979003906,80.13482666015625,77.00530242919922,78.8071517944336,2200684,,
2022-09-08,76.12893676757812,79.18648529052734,80.13482666015625,78.52265167236328,78.8071517944336,2260789,,
2022-09-12,75.85542297363281,78.90198516845703,79.37615966796875,77.1949691772461,78.3329849243164,1815802,,
2022-09-13,74.39666748046875,77.3846435546875,80.13482666015625,77.28980255126953,80.13482666015625,3545137,,
2022-09-14,74.39666748046875,77.3846435546875,78.04847717285156,74.91895294189453,75.01378631591797,1861144,,
2022-09-15,73.0290756225586,75.96212768554688,78.71231842041016,75.96212768554688,77.57431030273438,1559565,,
2022-09-16,68.37928771972656,71.1255874633789,77.00530242919922,71.1255874633789,75.39312744140625,3414382,,
2022-09-19,67.55873107910156,70.27207946777344,71.69459533691406,67.806396484375,70.65142059326172,2428450,,
2022-09-20,69.29100799560547,72.07392883300781,72.26359558105469,69.89274597167969,71.1255874633789,865722,,
2022-09-21,68.74398040771484,71.50492858886719,72.35842895507812,71.22042083740234,71.31525421142578,407026,,
2022-09-22,67.74107360839844,70.46174621582031,71.59976196289062,69.79791259765625,71.1255874633789,554652,,
2022-09-23,66.82936096191406,69.51341247558594,71.03075408935547,68.94440460205078,70.08241271972656,719150,,
2022-09-26,62.45308303833008,64.96137237548828,68.37539672851562,63.823360443115234,68.37539672851562,1216861,,
2022-09-27,60.72080612182617,63.159523010253906,66.00454711914062,62.11634826660156,64.96137237548828,1551129,,
2022-09-28,55.888668060302734,58.1333122253418,63.823360443115234,57.564308166503906,63.7285270690918,2106836,,
2022-09-29,57.34743118286133,59.65066146850586,62.11634826660156,59.65066146850586,60.78866958618164,1160974,,
2022-09-30,58.71501541137695,61.07317352294922,61.168006896972656,56.33146667480469,56.995304107666016,1179955,,
2022-10-03,57.80329132080078,60.12483215332031,62.590518951416016,59.7454948425293,61.07317352294922,1689265,,
2022-10-04,59.17087936401367,61.54734420776367,62.11634826660156,60.409332275390625,61.64217758178711,553598,,
2022-10-05,59.53556442260742,61.92667770385742,63.06468963623047,61.262840270996094,62.021514892578125,2238645,,
2022-10-06,58.988529205322266,61.35767364501953,62.78018569946289,60.88350296020508,62.30601501464844,602103,,
2022-10-07,58.53266906738281,60.88350296020508,62.400848388671875,60.88350296020508,61.64217758178711,410189,,
2022-10-11,56.800392150878906,59.0816535949707,60.88350296020508,58.607486724853516,60.88350296020508,977496,,
2022-10-12,59.17087936401367,61.54734420776367,62.400848388671875,58.51264953613281,60.599002838134766,894192,,
2022-10-13,58.2591552734375,60.599002838134766,62.68535232543945,60.599002838134766,61.54734420776367,1981354,,
2022-10-14,58.441497802734375,60.78866958618164,62.590518951416016,60.6938362121582,62.11634826660156,939535,,
2022-10-17,56.98273849487305,59.271324157714844,60.31449890136719,58.2281494140625,60.029998779296875,697006,,
2022-10-18,57.16508102416992,59.46099090576172,61.45250701904297,59.46099090576172,60.978336334228516,543053,,
2022-10-19,56.16218566894531,58.417816162109375,60.21966552734375,58.2281494140625,59.7454948425293,418625,,
2022-10-20,56.34453582763672,58.607486724853516,58.79715347290039,56.995304107666016,58.32298278808594,376446,,
2022-10-21,55.888668060302734,58.1333122253418,59.0816535949707,57.848812103271484,59.0816535949707,229875,,
2022-10-24,55.61515426635742,57.848812103271484,59.840328216552734,57.848812103271484,58.79715347290039,376446,,
2022-10-25,54.429908752441406,56.615966796875,58.51264953613281,56.615966796875,57.94364547729492,363793,,
2022-10-26,53.70053482055664,55.857295989990234,57.279808044433594,55.857295989990234,56.90047073364258,275217,,
2022-10-27,54.065223693847656,56.23663330078125,56.33146667480469,55.38312530517578,55.572792053222656,572578,,
2022-10-28,48.68605041503906,50.64141845703125,56.04696273803711,50.64141845703125,55.7624626159668,1712463,,
2022-10-31,53.5181884765625,55.667625427246094,55.667625427246094,49.97758102416992,51.1155891418457,1474152,,
2022-11-01,54.429908752441406,56.615966796875,57.848812103271484,54.05544662475586,55.95212936401367,2739520,,
2022-11-02,54.79460144042969,56.995304107666016,57.848812103271484,56.04696273803711,56.615966796875,579960,,
2022-11-03,55.25046157836914,57.46947479248047,59.271324157714844,55.95212936401367,56.14179611206055,931099,,
2022-11-04,58.53266906738281,60.88350296020508,62.49568557739258,57.09013748168945,57.09013748168945,1697701,,
2022-11-07,57.34743118286133,59.65066146850586,62.400848388671875,59.36615753173828,61.54734420776367,1342343,,
2022-11-08,56.70922088623047,58.986820220947266,61.07317352294922,58.986820220947266,60.31449890136719,628465,,
2022-11-09,57.34743118286133,59.65066146850586,61.54734420776367,59.271324157714844,60.50416564941406,1075562,,
2022-11-10,57.34743118286133,59.65066146850586,60.978336334228516,59.271324157714844,59.46099090576172,718095,,
2022-11-11,55.43281173706055,57.65914535522461,60.88350296020508,56.52113342285156,60.029998779296875,2591894,,
2022-11-14,55.1592903137207,57.37464141845703,58.03847885131836,56.23663330078125,57.37464141845703,1111414,,
2022-11-15,54.52108383178711,56.71080017089844,58.2281494140625,55.7624626159668,58.2281494140625,690679,,
2022-11-16,53.97404861450195,56.14179611206055,57.94364547729492,55.857295989990234,56.71080017089844,588395,,
2022-11-17,57.256256103515625,59.555824279785156,59.93516159057617,56.23663330078125,56.33146667480469,1736716,,
2022-11-18,54.79460144042969,56.995304107666016,59.840328216552734,56.90047073364258,59.555824279785156,1329690,,
2022-11-21,55.7974967956543,58.03847885131836,59.0816535949707,57.09013748168945,57.564308166503906,588395,,
2022-11-22,55.61515426635742,57.848812103271484,58.2281494140625,57.37464141845703,57.65914535522461,346921,,
2022-11-23,55.97984313964844,58.2281494140625,58.986820220947266,57.848812103271484,58.417816162109375,418625,,
2022-11-24,57.16508102416992,59.46099090576172,59.93516159057617,58.2281494140625,58.32298278808594,840414,,
2022-11-25,55.43281173706055,57.65914535522461,60.12483215332031,57.564308166503906,60.12483215332031,789800,,
2022-11-28,56.34453582763672,58.607486724853516,58.89198684692383,57.65914535522461,57.65914535522461,343758,,
2022-11-29,57.16508102416992,59.46099090576172,60.21966552734375,57.94364547729492,58.1333122253418,901574,,
2022-11-30,56.89156723022461,59.176490783691406,60.12483215332031,58.70232009887695,59.46099090576172,652718,,
2022-12-01,57.438602447509766,59.7454948425293,60.978336334228516,59.46099090576172,59.7454948425293,1196826,,
2022-12-02,62.2707405090332,64.7717056274414,65.72004699707031,59.271324157714844,59.7454948425293,4315957,,
2022-12-05,62.179561614990234,64.67686462402344,66.09938049316406,63.159523010253906,64.7717056274414,2503318,,
2022-12-06,66.37349700927734,69.03923797607422,70.17724609375,64.39236450195312,64.48719787597656,3546192,,
2022-12-07,63.09129333496094,65.62521362304688,71.1255874633789,64.86653900146484,70.93592071533203,3674837,,
2022-12-08,60.90314865112305,63.34918975830078,65.72004699707031,63.34918975830078,65.62521362304688,1244277,,
2022-12-09,61.632530212402344,64.10786437988281,65.05620574951172,63.34918975830078,64.48719787597656,850959,,
2022-12-12,62.36191177368164,64.86653900146484,65.81488037109375,63.06468963623047,65.15103912353516,806671,,
2022-12-13,60.855857849121094,63.29999923706055,66.30000305175781,63.29999923706055,65.80000305175781,1882000,,
2022-12-14,60.47130584716797,62.900001525878906,63.79999923706055,62.599998474121094,63.29999923706055,534000,,
2022-12-15,61.624969482421875,64.0999984741211,64.5,62.70000076293945,63.0,509000,,
2022-12-16,60.855857849121094,63.29999923706055,64.0999984741211,62.79999923706055,63.20000076293945,321000,,
2022-12-19,60.75972366333008,63.20000076293945,64.0999984741211,63.0,63.0,179000,,
2022-12-20,57.68328094482422,60.0,64.30000305175781,60.0,62.900001525878906,515000,,
2022-12-21,57.68328094482422,60.0,61.599998474121094,59.900001525878906,60.20000076293945,355000,,
2022-12-22,57.97169494628906,60.29999923706055,60.79999923706055,60.20000076293945,60.400001525878906,180000,,
2022-12-23,58.16397476196289,60.5,61.0,59.70000076293945,60.099998474121094,207000,,
2022-12-26,57.68328094482422,60.0,60.5,59.70000076293945,60.29999923706055,223000,,
2022-12-27,57.779415130615234,60.099998474121094,60.70000076293945,60.0,60.0,163000,,
2022-12-28,58.452388763427734,60.79999923706055,64.4000015258789,59.900001525878906,60.0,1041000,,
2022-12-29,59.125362396240234,61.5,63.099998474121094,61.099998474121094,61.099998474121094,738000,,
2022-12-30,57.87555694580078,60.20000076293945,62.5,60.20000076293945,61.900001525878906,367000,,
2023-01-03,56.048919677734375,58.29999923706055,59.5,57.5,59.29999923706055,641000,,
2023-01-04,56.14506149291992,58.400001525878906,59.599998474121094,58.29999923706055,58.79999923706055,300000,,
2023-01-05,56.81802749633789,59.099998474121094,59.29999923706055,58.29999923706055,58.70000076293945,240000,,
2023-01-06,56.433475494384766,58.70000076293945,59.099998474121094,58.29999923706055,58.79999923706055,178000,,
2023-01-09,56.33733367919922,58.599998474121094,59.29999923706055,58.29999923706055,58.5,272000,,
2023-01-10,56.048919677734375,58.29999923706055,59.400001525878906,58.29999923706055,58.70000076293945,281000,,
2023-01-11,58.35625076293945,60.70000076293945,61.599998474121094,57.70000076293945,58.29999923706055,1902000,,
2023-01-12,58.64466857910156,61.0,61.5,60.20000076293945,60.70000076293945,679000,,
2023-01-13,58.64466857910156,61.0,61.79999923706055,60.70000076293945,61.5,446000,,
2023-01-16,59.606056213378906,62.0,62.0,60.900001525878906,61.0,423000,,
2023-01-17,58.933082580566406,61.29999923706055,62.0,60.5,62.0,435000,,
2023-01-30,59.509918212890625,61.900001525878906,62.70000076293945,61.20000076293945,62.29999923706055,606000,,
2023-01-31,60.18288803100586,62.599998474121094,63.79999923706055,61.900001525878906,62.099998474121094,574000,,
2023-02-01,60.56744384765625,63.0,63.599998474121094,62.400001525878906,63.599998474121094,453000,,
2023-02-02,60.95199966430664,63.400001525878906,63.900001525878906,63.0,63.5,685000,,
2023-02-03,60.18288803100586,62.599998474121094,63.900001525878906,62.5,63.900001525878906,458000,,
2023-02-06,60.47130584716797,62.900001525878906,63.5,61.79999923706055,62.599998474121094,734000,,
2023-02-07,58.64466857910156,61.0,62.900001525878906,61.0,62.900001525878906,888000,,
2023-02-08,57.20258712768555,59.5,61.29999923706055,59.0,61.29999923706055,1559000,,
2023-02-09,56.52961349487305,58.79999923706055,60.5,58.5,59.599998474121094,1642000,,
2023-02-10,56.52961349487305,58.79999923706055,60.400001525878906,58.20000076293945,58.79999923706055,743000,,
2023-02-13,56.52961349487305,58.79999923706055,59.900001525878906,58.400001525878906,59.900001525878906,727000,,
2023-02-14,56.91416931152344,59.20000076293945,59.79999923706055,58.79999923706055,59.099998474121094,1006000,,
2023-02-15,56.24119567871094,58.5,59.400001525878906,58.5,59.400001525878906,736000,,
2023-02-16,55.47208786010742,57.70000076293945,58.900001525878906,57.5,58.5,1907000,,
2023-02-17,56.24119567871094,58.5,59.400001525878906,58.0,59.400001525878906,1407000,,
2023-02-20,55.08753204345703,57.29999923706055,58.5,56.599998474121094,57.79999923706055,2392000,,
2023-02-21,55.279808044433594,57.5,58.70000076293945,56.900001525878906,57.099998474121094,2308000,,
2023-02-22,55.08753204345703,57.29999923706055,57.599998474121094,56.79999923706055,57.0,1158000,,
2023-02-23,55.18367385864258,57.400001525878906,58.099998474121094,57.0,57.400001525878906,1493000,,
2023-02-24,54.8952522277832,57.099998474121094,58.0,57.0,57.599998474121094,500000,,
2023-03-01,53.164756774902344,55.29999923706055,57.0,55.29999923706055,57.0,1358000,,
2023-03-02,53.83772659301758,56.0,56.0,53.400001525878906,55.29999923706055,1347000,,
2023-03-03,53.83772659301758,56.0,57.5,55.900001525878906,56.79999923706055,2032000,,
2023-03-06,54.41455841064453,56.599998474121094,57.099998474121094,56.0,56.400001525878906,843000,,
2023-03-07,54.030006408691406,56.20000076293945,57.20000076293945,56.0,56.599998474121094,859000,,
2023-03-08,53.357032775878906,55.5,56.400001525878906,55.400001525878906,56.20000076293945,661000,,
2023-03-09,53.645450592041016,55.79999923706055,56.400001525878906,55.5,55.5,653000,,
2023-03-10,51.62653732299805,53.70000076293945,55.900001525878906,53.5,55.70000076293945,1351000,,
2023-03-13,48.74237060546875,50.70000076293945,53.0,50.5,53.0,1708000,,
2023-03-14,48.93465042114258,50.900001525878906,52.599998474121094,49.900001525878906,50.5,1214000,,
2023-03-15,47.20414733886719,49.099998474121094,51.5,49.099998474121094,51.5,1795000,,
2023-03-16,45.76206588745117,47.599998474121094,49.29999923706055,47.5,48.5,1175000,,
2023-03-17,45.18523406982422,47.0,48.45000076293945,46.95000076293945,47.79999923706055,1108000,,
2023-03-20,45.42558288574219,47.25,48.75,46.599998474121094,46.79999923706055,1276000,,
2023-03-21,47.300289154052734,49.20000076293945,49.349998474121094,47.599998474121094,47.599998474121094,904000,,
2023-03-22,49.12692642211914,51.099998474121094,51.400001525878906,49.099998474121094,49.900001525878906,1721000,,
2023-03-23,47.87712097167969,49.79999923706055,50.900001525878906,49.75,50.29999923706055,990000,,
2023-03-24,47.10801315307617,49.0,50.099998474121094,49.0,49.900001525878906,621000,,
2023-03-27,47.348358154296875,49.25,49.400001525878906,48.099998474121094,49.0,1252000,,
2023-03-28,46.242759704589844,48.099998474121094,49.900001525878906,47.79999923706055,49.349998474121094,823000,,
2023-03-29,46.242759704589844,48.099998474121094,48.900001525878906,47.79999923706055,48.20000076293945,315000,,
2023-03-30,46.723453521728516,48.599998474121094,48.79999923706055,48.099998474121094,48.599998474121094,383000,,
2023-03-31,45.617862701416016,47.45000076293945,48.900001525878906,47.45000076293945,48.79999923706055,965000,,
2023-04-06,43.7431526184082,45.5,47.45000076293945,45.29999923706055,47.45000076293945,1727000,,
2023-04-07,43.21438980102539,44.95000076293945,46.20000076293945,44.95000076293945,46.099998474121094,1417000,,
2023-04-10,44.656471252441406,46.45000076293945,46.70000076293945,45.25,45.349998474121094,1006000,,
2023-04-11,44.560333251953125,46.349998474121094,46.599998474121094,42.099998474121094,42.099998474121094,3815000,,
2023-04-12,44.896820068359375,46.70000076293945,47.400001525878906,45.29999923706055,46.25,1285000,,
2023-04-13,44.944889068603516,46.75,47.5,46.29999923706055,46.95000076293945,885000,,
2023-04-14,47.01187515258789,48.900001525878906,49.20000076293945,46.95000076293945,46.95000076293945,1544000,,
2023-04-17,47.15608215332031,49.04999923706055,50.29999923706055,48.70000076293945,48.900001525878906,1501000,,
2023-04-18,46.53118133544922,48.400001525878906,49.599998474121094,48.25,49.04999923706055,783000,,
2023-04-19,46.915733337402344,48.79999923706055,49.20000076293945,48.099998474121094,48.400001525878906,844000,,
2023-04-20,47.15608215332031,49.04999923706055,50.20000076293945,48.650001525878906,49.5,1347000,,
2023-04-21,46.8676643371582,48.75,49.04999923706055,48.150001525878906,49.04999923706055,514000,,
2023-04-24,46.723453521728516,48.599998474121094,49.099998474121094,48.29999923706055,48.54999923706055,217000,,
2023-04-25,46.00241470336914,47.849998474121094,48.70000076293945,47.650001525878906,48.70000076293945,661000,,
2023-04-26,46.81959533691406,48.70000076293945,48.79999923706055,47.54999923706055,47.54999923706055,359000,,
2023-04-27,46.57925033569336,48.45000076293945,48.95000076293945,48.099998474121094,48.099998474121094,210000,,
2023-04-28,48.1655387878418,50.099998474121094,50.20000076293945,48.599998474121094,48.599998474121094,1186000,,
2023-05-02,47.10801315307617,49.0,50.400001525878906,48.900001525878906,50.099998474121094,748000,,
2023-05-03,45.569793701171875,47.400001525878906,48.849998474121094,46.5,48.150001525878906,1292000,,
2023-05-04,46.09855651855469,47.95000076293945,48.400001525878906,46.70000076293945,47.400001525878906,530000,,
2023-05-05,46.09855651855469,47.95000076293945,48.400001525878906,47.099998474121094,47.900001525878906,477000,,
2023-05-08,46.963802337646484,48.849998474121094,49.099998474121094,48.0,48.0,879000,,
2023-05-09,50.184452056884766,52.20000076293945,52.79999923706055,48.849998474121094,48.849998474121094,4516000,,
2023-05-10,52.39564514160156,54.5,56.5,51.599998474121094,52.20000076293945,8640000,,
2023-05-11,52.78020095825195,54.900001525878906,57.5,54.099998474121094,54.099998474121094,9100000,,
2023-05-12,54.41455841064453,56.599998474121094,56.70000076293945,52.0,54.099998474121094,4594000,,
2023-05-15,54.030006408691406,56.20000076293945,57.5,55.099998474121094,56.0,3188000,,
2023-05-16,53.45317077636719,55.599998474121094,57.0,55.400001525878906,56.0,1469000,,
2023-05-17,53.45317077636719,55.599998474121094,56.29999923706055,55.29999923706055,56.099998474121094,908000,,
2023-05-18,53.357032775878906,55.5,56.400001525878906,55.20000076293945,56.400001525878906,1019000,,
2023-05-19,57.58714294433594,59.900001525878906,59.900001525878906,55.599998474121094,56.0,4949000,,
2023-05-22,59.3176383972168,61.70000076293945,62.5,59.900001525878906,60.0,4347000,,
2023-05-23,60.75972366333008,63.20000076293945,63.5,61.099998474121094,61.29999923706055,2451000,,
2023-05-24,61.1442756652832,63.599998474121094,64.80000305175781,62.79999923706055,63.0,2763000,,
2023-05-25,57.87555694580078,60.20000076293945,64.0999984741211,59.5,63.0,3560000,,
2023-05-26,57.779415130615234,60.099998474121094,62.20000076293945,58.70000076293945,61.0,2170000,,
2023-05-29,58.452388763427734,60.79999923706055,61.400001525878906,60.20000076293945,60.20000076293945,739000,,
2023-05-30,58.836944580078125,61.20000076293945,61.5,60.400001525878906,61.099998474121094,606000,,
2023-05-31,60.08675003051758,62.5,63.5,61.5,61.5,1670000,,
2023-06-01,61.24041748046875,63.70000076293945,64.0,62.099998474121094,62.20000076293945,1475000,,
2023-06-02,60.56744384765625,63.0,64.80000305175781,63.0,63.79999923706055,1591000,,
2023-06-05,60.18288803100586,62.599998474121094,63.79999923706055,62.400001525878906,63.0,995000,,
2023-06-06,55.760501861572266,58.0,63.0,57.099998474121094,63.0,3519000,,
2023-06-07,55.5682258605957,57.79999923706055,59.400001525878906,57.099998474121094,58.20000076293945,1323000,,
2023-06-08,56.33733367919922,58.599998474121094,59.29999923706055,57.20000076293945,57.599998474121094,761000,,
2023-06-09,57.29872131347656,59.599998474121094,60.900001525878906,58.5,58.900001525878906,868000,,
2023-06-12,55.952781677246094,58.20000076293945,60.099998474121094,57.79999923706055,59.900001525878906,1159000,,
2023-06-13,55.85663986206055,58.099998474121094,59.5,57.5,58.79999923706055,602000,,
2023-06-14,54.51070022583008,56.70000076293945,58.5,56.0,58.5,1423000,,
2023-06-15,55.279808044433594,57.5,57.599998474121094,56.099998474121094,56.70000076293945,587000,,
2023-06-16,55.47208786010742,57.70000076293945,58.5,56.5,57.70000076293945,800000,,
2023-06-19,54.22228240966797,56.400001525878906,57.5,56.29999923706055,57.5,583000,,
2023-06-20,55.47208786010742,57.70000076293945,58.0,55.70000076293945,56.79999923706055,846000,,
2023-06-21,55.66436767578125,57.900001525878906,57.900001525878906,57.20000076293945,57.70000076293945,379000,,
2023-06-26,54.99139404296875,57.20000076293945,58.0,56.79999923706055,57.5,275000,,
2023-06-27,54.51070022583008,56.70000076293945,58.0,56.599998474121094,58.0,416000,,
2023-06-28,54.31842041015625,56.5,57.599998474121094,56.400001525878906,56.400001525878906,285000,,
2023-06-29,53.93386459350586,56.099998474121094,57.0,56.0,56.29999923706055,353000,,
2023-06-30,54.60683822631836,56.79999923706055,57.79999923706055,56.20000076293945,56.70000076293945,599000,,
2023-07-03,55.66436767578125,57.900001525878906,58.599998474121094,57.20000076293945,57.20000076293945,1134000,,
2023-07-04,56.33733367919922,58.599998474121094,58.79999923706055,57.20000076293945,58.099998474121094,937000,,
2023-07-05,54.79911422729492,57.0,58.900001525878906,56.79999923706055,58.900001525878906,794000,,
2023-07-06,53.83772659301758,56.0,57.0,55.70000076293945,57.0,871000,,
2023-07-07,53.7415885925293,55.900001525878906,56.400001525878906,54.599998474121094,56.400001525878906,595000,,
2023-07-10,53.7415885925293,55.900001525878906,57.79999923706055,55.599998474121094,55.900001525878906,1144000,,
2023-07-11,51.24197769165039,53.29999923706055,56.20000076293945,53.099998474121094,55.900001525878906,1063000,,
2023-07-12,49.703758239746094,51.70000076293945,53.79999923706055,50.099998474121094,53.79999923706055,1261000,,
2023-07-13,49.703758239746094,51.70000076293945,52.70000076293945,51.599998474121094,51.79999923706055,247000,,
2023-07-14,49.799896240234375,51.79999923706055,52.20000076293945,51.20000076293945,51.79999923706055,342000,,
2023-07-17,50.088314056396484,52.099998474121094,52.70000076293945,50.900001525878906,51.79999923706055,553000,,
2023-07-18,48.75,48.75,50.70000076293945,48.5,50.099998474121094,889000,,
2023-07-19,50.20000076293945,50.20000076293945,51.5,49.099998474121094,49.099998474121094,381000,,
2023-07-20,50.29999923706055,50.29999923706055,50.70000076293945,50.20000076293945,50.400001525878906,100000,,
2023-07-21,49.150001525878906,49.150001525878906,49.79999923706055,48.900001525878906,49.79999923706055,318000,,
2023-07-24,47.400001525878906,47.400001525878906,49.150001525878906,47.400001525878906,49.150001525878906,731000,,
2023-07-25,48.0,48.0,48.29999923706055,47.0,47.400001525878906,387000,,
2023-07-26,47.79999923706055,47.79999923706055,48.25,47.599998474121094,48.20000076293945,128000,,
2023-07-27,47.70000076293945,47.70000076293945,48.70000076293945,47.400001525878906,47.400001525878906,183000,,
2023-07-28,48.04999923706055,48.04999923706055,48.400001525878906,47.29999923706055,48.400001525878906,277000,,
2023-07-31,47.95000076293945,47.95000076293945,48.75,47.54999923706055,48.75,171000,,
2023-08-01,47.650001525878906,47.650001525878906,48.400001525878906,47.400001525878906,47.79999923706055,179000,,
2023-08-02,47.349998474121094,47.349998474121094,47.650001525878906,47.20000076293945,47.650001525878906,242000,,
2023-08-04,48.70000076293945,48.70000076293945,49.099998474121094,47.150001525878906,48.0,187000,,
2023-08-07,49.04999923706055,49.04999923706055,49.04999923706055,48.20000076293945,48.70000076293945,86000,,
2023-08-08,48.849998474121094,48.849998474121094,49.04999923706055,48.29999923706055,49.0,254000,,
2023-08-09,48.650001525878906,48.650001525878906,49.099998474121094,48.04999923706055,49.099998474121094,198000,,
2023-08-10,48.0,48.0,48.650001525878906,48.0,48.650001525878906,419000,,
2023-08-11,51.900001525878906,51.900001525878906,52.79999923706055,48.0,48.0,1306000,,
2023-08-14,51.0,51.0,53.5,50.29999923706055,51.20000076293945,694000,,
2023-08-15,50.0,50.0,51.400001525878906,50.0,50.20000076293945,208000,,
2023-08-16,49.349998474121094,49.349998474121094,50.0,48.150001525878906,50.0,331000,,
2023-08-17,50.20000076293945,50.20000076293945,50.79999923706055,48.5,48.5,331000,,
2023-08-18,51.900001525878906,51.900001525878906,54.79999923706055,50.099998474121094,50.79999923706055,1078000,,
2023-08-21,53.400001525878906,53.400001525878906,53.79999923706055,51.900001525878906,52.400001525878906,557000,,
2023-08-22,53.599998474121094,53.599998474121094,54.400001525878906,52.79999923706055,53.400001525878906,508000,,
2023-08-23,54.0,54.0,54.099998474121094,53.20000076293945,53.599998474121094,245000,,
2023-08-24,53.599998474121094,53.599998474121094,54.5,53.20000076293945,54.29999923706055,463000,,
2023-08-25,56.5,56.5,57.900001525878906,53.099998474121094,53.099998474121094,1921000,,
2023-08-28,56.5,56.5,57.29999923706055,55.79999923706055,56.29999923706055,617000,,
2023-08-29,56.70000076293945,56.70000076293945,57.29999923706055,56.29999923706055,57.29999923706055,328000,,
2023-08-30,56.70000076293945,56.70000076293945,57.20000076293945,56.400001525878906,56.70000076293945,266000,,
2023-08-31,56.5,56.5,58.0,56.400001525878906,57.0,536000,,
2023-09-01,55.5,55.5,56.5,55.099998474121094,56.099998474121094,333000,,
2023-09-04,56.099998474121094,56.099998474121094,56.400001525878906,54.70000076293945,55.0,354000,,
2023-09-05,55.20000076293945,55.20000076293945,56.79999923706055,55.099998474121094,56.79999923706055,141000,,
2023-09-06,54.70000076293945,54.70000076293945,55.5,54.599998474121094,54.900001525878906,188000,,
2023-09-07,56.79999923706055,56.79999923706055,57.70000076293945,55.0,55.0,856000,,
2023-09-08,55.599998474121094,55.599998474121094,57.900001525878906,55.5,57.70000076293945,667000,,
2023-09-11,55.70000076293945,55.70000076293945,57.29999923706055,55.5,56.20000076293945,425000,,
2023-09-12,55.0,55.0,55.900001525878906,54.099998474121094,55.0,374000,,
2023-09-13,54.79999923706055,54.79999923706055,56.5,54.70000076293945,56.5,239000,,
2023-09-14,55.20000076293945,55.20000076293945,56.20000076293945,55.099998474121094,56.20000076293945,112000,,
2023-09-15,55.400001525878906,55.400001525878906,55.5,55.0,55.29999923706055,302000,,
2023-09-18,55.5,55.5,56.5,55.5,55.70000076293945,148000,,
2023-09-19,54.79999923706055,54.79999923706055,55.70000076293945,54.79999923706055,55.5,105000,,
2023-09-20,54.5,54.5,56.0,54.5,55.0,176000,,
2023-09-21,54.5,54.5,54.79999923706055,53.5,54.79999923706055,202000,,
2023-09-22,55.5,55.5,56.599998474121094,54.5,54.5,362000,,
2023-09-25,49.95000076293945,49.95000076293945,54.79999923706055,49.95000076293945,54.79999923706055,4941000,,
2023-09-26,45.79999923706055,45.79999923706055,49.400001525878906,45.400001525878906,49.04999923706055,3295000,,
2023-09-27,46.650001525878906,46.650001525878906,47.25,45.900001525878906,46.0,948000,,
2023-09-28,46.900001525878906,46.900001525878906,47.79999923706055,46.70000076293945,47.0,973000,,
2023-10-02,46.45000076293945,46.45000076293945,47.75,46.45000076293945,47.75,410000,,
2023-10-03,46.150001525878906,46.150001525878906,47.099998474121094,46.04999923706055,46.79999923706055,253000,,
2023-10-04,45.400001525878906,45.400001525878906,46.150001525878906,45.0,46.150001525878906,204000,,
2023-10-05,46.0,46.0,46.599998474121094,45.150001525878906,45.150001525878906,119000,,
2023-10-06,46.79999923706055,46.79999923706055,47.349998474121094,46.400001525878906,46.900001525878906,137000,,
2023-10-11,45.29999923706055,45.29999923706055,46.79999923706055,45.29999923706055,46.650001525878906,298000,,
2023-10-12,45.04999923706055,45.04999923706055,45.95000076293945,43.79999923706055,45.349998474121094,206000,,
2023-10-13,45.099998474121094,45.099998474121094,45.79999923706055,45.04999923706055,45.79999923706055,63000,,
2023-10-16,44.75,44.75,45.0,44.75,44.75,70000,,
2023-10-17,44.70000076293945,44.70000076293945,45.45000076293945,44.599998474121094,45.04999923706055,59000,,
2023-10-18,42.599998474121094,42.599998474121094,45.0,42.599998474121094,45.0,296000,,
2023-10-19,41.349998474121094,41.349998474121094,43.150001525878906,40.29999923706055,42.650001525878906,715000,,
2023-10-20,44.849998474121094,44.849998474121094,45.45000076293945,41.0,42.45000076293945,1099000,,
2023-10-23,43.20000076293945,43.20000076293945,46.0,43.04999923706055,43.599998474121094,606000,,
2023-10-24,42.75,42.75,43.95000076293945,42.45000076293945,43.599998474121094,156000,,
2023-10-25,43.95000076293945,43.95000076293945,45.0,42.75,42.75,152000,,
2023-10-26,44.0,44.0,44.54999923706055,43.5,43.599998474121094,110000,,
2023-10-27,45.20000076293945,45.20000076293945,45.79999923706055,43.79999923706055,43.849998474121094,166000,,
2023-10-30,44.849998474121094,44.849998474121094,46.0,44.849998474121094,45.75,115000,,
2023-10-31,44.150001525878906,44.150001525878906,45.349998474121094,44.0,44.79999923706055,64000,,
2023-11-01,45.25,45.25,48.54999923706055,45.150001525878906,48.54999923706055,424000,,
2023-11-02,45.45000076293945,45.45000076293945,45.79999923706055,45.0,45.650001525878906,71000,,
2023-11-03,46.0,46.0,46.0,44.79999923706055,45.5,85000,,
2023-11-06,45.400001525878906,45.400001525878906,46.349998474121094,45.25,46.349998474121094,117000,,
2023-11-07,45.099998474121094,45.099998474121094,45.75,45.0,45.400001525878906,97000,,
2023-11-08,46.25,46.25,46.54999923706055,45.20000076293945,45.20000076293945,307000,,
2023-11-09,46.20000076293945,46.20000076293945,46.900001525878906,46.0,46.54999923706055,66000,,
2023-11-10,46.599998474121094,46.599998474121094,46.79999923706055,45.79999923706055,46.25,160000,,
2023-11-13,47.099998474121094,47.099998474121094,47.849998474121094,46.599998474121094,46.599998474121094,247000,,
2023-11-14,47.45000076293945,47.45000076293945,47.75,47.25,47.75,102000,,
2023-11-15,49.150001525878906,49.150001525878906,49.599998474121094,47.400001525878906,47.900001525878906,468000,,
2023-11-16,51.29999923706055,51.29999923706055,51.599998474121094,49.70000076293945,49.70000076293945,475000,,
2023-11-17,51.0,51.0,53.79999923706055,50.400001525878906,51.900001525878906,693000,,
2023-11-20,51.79999923706055,51.79999923706055,52.400001525878906,51.0,51.0,154000,,
2023-11-21,52.20000076293945,52.20000076293945,52.29999923706055,51.0,52.0,247000,,
2023-11-22,52.20000076293945,52.20000076293945,52.5,51.70000076293945,52.20000076293945,176000,,
2023-11-23,52.0,52.0,52.79999923706055,51.900001525878906,52.79999923706055,92000,,
2023-11-24,53.599998474121094,53.599998474121094,57.0,52.0,52.0,643000,,
2023-11-27,54.900001525878906,54.900001525878906,55.79999923706055,53.599998474121094,54.70000076293945,454000,,
2023-11-28,56.29999923706055,56.29999923706055,56.79999923706055,54.900001525878906,55.099998474121094,609000,,
2023-11-29,55.70000076293945,55.70000076293945,57.0,55.70000076293945,57.0,348000,,
2023-11-30,55.79999923706055,55.79999923706055,56.29999923706055,55.29999923706055,56.20000076293945,357000,,
2023-12-01,56.0,56.0,57.5,55.099998474121094,55.099998474121094,898000,,
2023-12-04,55.0,55.0,56.0,52.70000076293945,55.0,687000,,
2023-12-05,55.099998474121094,55.099998474121094,55.5,53.79999923706055,55.400001525878906,577000,,
2023-12-06,57.70000076293945,57.70000076293945,58.20000076293945,55.29999923706055,55.29999923706055,1452000,,
2023-12-07,55.70000076293945,55.70000076293945,57.79999923706055,55.70000076293945,57.0,779000,,
2023-12-08,54.900001525878906,54.900001525878906,56.5,54.599998474121094,55.79999923706055,230000,,
2023-12-11,55.0,55.0,56.400001525878906,54.900001525878906,55.099998474121094,169000,,
2023-12-12,56.400001525878906,56.400001525878906,57.0,54.29999923706055,56.29999923706055,755000,,
2023-12-13,56.099998474121094,56.099998474121094,61.0,55.70000076293945,60.0,2166000,,
2023-12-14,56.0,56.0,56.79999923706055,55.900001525878906,56.5,357000,,
2023-12-15,56.29999923706055,56.29999923706055,56.29999923706055,55.29999923706055,55.79999923706055,287000,,
2023-12-18,57.099998474121094,57.099998474121094,57.5,56.29999923706055,56.400001525878906,340000,,
2023-12-19,57.79999923706055,57.79999923706055,57.79999923706055,56.400001525878906,57.099998474121094,517000,,
2023-12-20,59.0,59.0,59.599998474121094,57.400001525878906,57.900001525878906,971000,,
2023-12-21,59.0,59.0,59.400001525878906,58.400001525878906,58.5,542000,,
2023-12-22,60.400001525878906,60.400001525878906,60.79999923706055,58.79999923706055,59.29999923706055,1397000,,
2023-12-25,61.400001525878906,61.400001525878906,61.900001525878906,60.400001525878906,60.400001525878906,1036000,,
2023-12-26,62.70000076293945,62.70000076293945,63.29999923706055,60.79999923706055,61.5,1989000,,
2023-12-27,64.9000015258789,64.9000015258789,65.4000015258789,62.099998474121094,62.70000076293945,1654000,,
2023-12-28,65.5,65.5,66.19999694824219,64.80000305175781,65.0999984741211,1392000,,
2023-12-29,62.400001525878906,62.400001525878906,65.0,61.20000076293945,65.0,2143000,,
2024-01-02,63.400001525878906,63.400001525878906,64.0,62.0,62.0,538000,,
2024-01-03,63.5,63.5,64.30000305175781,62.70000076293945,63.5,366000,,
2024-01-04,63.400001525878906,63.400001525878906,63.599998474121094,62.900001525878906,63.5,558000,,
2024-01-05,64.0,64.0,64.69999694824219,63.5,63.599998474121094,572000,,
2024-01-08,61.599998474121094,61.599998474121094,64.5,61.599998474121094,64.0,682000,,
2024-01-09,60.099998474121094,60.099998474121094,62.099998474121094,59.900001525878906,61.599998474121094,940000,,
2024-01-10,60.20000076293945,60.20000076293945,60.5,59.900001525878906,60.20000076293945,266000,,
2024-01-11,63.20000076293945,63.20000076293945,63.5,60.0,60.0,670000,,
2024-01-12,63.400001525878906,63.400001525878906,64.19999694824219,62.79999923706055,63.29999923706055,428000,,
2024-01-15,65.0,65.0,65.4000015258789,63.400001525878906,63.400001525878906,637063,,
2024-01-16,63.70000076293945,63.70000076293945,65.5,63.70000076293945,64.69999694824219,871000,,
2024-01-17,63.599998474121094,63.599998474121094,64.5,63.099998474121094,64.0,448000,,
2024-01-18,64.80000305175781,64.80000305175781,65.19999694824219,63.400001525878906,63.5,609000,,
2024-01-19,64.80000305175781,64.80000305175781,65.0,64.5,64.80000305175781,247000,,
2024-01-22,64.4000015258789,64.4000015258789,65.19999694824219,64.30000305175781,65.0,290000,,
2024-01-23,63.70000076293945,63.70000076293945,64.5,63.5,64.4000015258789,203000,,
2024-01-24,64.0,64.0,64.4000015258789,62.79999923706055,63.70000076293945,257000,,
2024-01-25,63.400001525878906,63.400001525878906,64.0,63.20000076293945,64.0,181000,,
2024-01-26,63.5,63.5,64.80000305175781,63.400001525878906,63.5,314000,,
2024-01-29,64.69999694824219,64.69999694824219,65.19999694824219,63.599998474121094,63.599998474121094,611000,,
2024-01-30,64.80000305175781,64.80000305175781,65.19999694824219,64.0999984741211,64.69999694824219,252000,,
2024-01-31,64.80000305175781,64.80000305175781,64.9000015258789,64.5,64.80000305175781,192000,,
2024-02-01,64.5999984741211,64.5999984741211,65.0,64.5,64.80000305175781,195000,,
2024-02-02,63.5,63.5,64.80000305175781,63.0,64.69999694824219,313000,,
2024-02-05,63.79999923706055,63.79999923706055,63.900001525878906,62.70000076293945,63.599998474121094,248000,,
2024-02-15,66.0,66.0,67.5,63.0,64.0,651000,,
2024-02-16,69.0,69.0,71.0,65.5999984741211,67.0,2441000,,
2024-02-19,67.80000305175781,67.80000305175781,70.30000305175781,67.80000305175781,69.0,1581000,,
2024-02-20,65.9000015258789,65.9000015258789,68.0,62.099998474121094,68.0,2849000,,
2024-02-21,64.5999984741211,64.5999984741211,66.5999984741211,64.4000015258789,65.5,581000,,
2024-02-22,65.5,65.5,65.69999694824219,63.70000076293945,64.5999984741211,483000,,
2024-02-23,67.69999694824219,67.69999694824219,70.69999694824219,66.0,66.0,4087000,,
2024-02-26,69.5,69.5,72.19999694824219,68.0999984741211,68.4000015258789,2913000,,
2024-02-27,68.5999984741211,68.5999984741211,69.5999984741211,67.19999694824219,69.5999984741211,1358000,,
2024-02-29,68.5999984741211,68.5999984741211,69.5,68.19999694824219,68.5999984741211,350000,,
2024-03-01,67.5,67.5,69.0,66.80000305175781,69.0,846000,,
2024-03-04,67.0,67.0,68.69999694824219,66.9000015258789,68.0,821000,,
2024-03-05,67.0,67.0,68.0,64.5999984741211,67.30000305175781,1652000,,
2024-03-06,66.0,66.0,67.5,66.0,66.80000305175781,523000,,
2024-03-07,62.900001525878906,62.900001525878906,66.19999694824219,62.099998474121094,66.19999694824219,1596000,,
2024-03-08,61.400001525878906,61.400001525878906,63.5,60.70000076293945,62.900001525878906,881000,,
2024-03-11,61.5,61.5,62.79999923706055,61.0,61.400001525878906,470000,,
2024-03-12,65.4000015258789,65.4000015258789,67.0,61.70000076293945,62.0,1311000,,
2024-03-13,63.900001525878906,63.900001525878906,65.80000305175781,62.79999923706055,65.80000305175781,916000,,
2024-03-14,65.69999694824219,65.69999694824219,66.69999694824219,63.20000076293945,63.5,592000,,
2024-03-15,63.900001525878906,63.900001525878906,65.19999694824219,63.400001525878906,65.19999694824219,262000,,
2024-03-18,63.900001525878906,63.900001525878906,63.900001525878906,63.900001525878906,63.900001525878906,0,,
2024-03-19,64.30000305175781,64.30000305175781,65.5999984741211,64.19999694824219,65.0999984741211,475000,,
2024-03-20,64.30000305175781,64.30000305175781,64.30000305175781,64.30000305175781,64.30000305175781,0,,
2024-03-21,65.19999694824219,65.19999694824219,65.30000305175781,64.0,64.5,308000,,
2024-03-22,65.0999984741211,65.0999984741211,65.80000305175781,64.4000015258789,64.80000305175781,232000,,
2024-03-25,64.80000305175781,64.80000305175781,65.30000305175781,64.4000015258789,65.0999984741211,266000,,
2024-03-26,64.80000305175781,64.80000305175781,64.80000305175781,64.80000305175781,64.80000305175781,0,,
2024-03-27,65.30000305175781,65.30000305175781,65.5,64.9000015258789,65.0999984741211,265000,,
2024-03-28,66.30000305175781,66.30000305175781,67.4000015258789,64.9000015258789,65.19999694824219,817000,,
2024-03-29,65.5999984741211,65.5999984741211,66.5,65.0,66.4000015258789,356000,,
2024-04-01,65.9000015258789,65.9000015258789,66.19999694824219,65.5,66.19999694824219,237000,,
2024-04-02,66.5,66.5,66.5999984741211,65.9000015258789,65.9000015258789,266000,,
2024-04-03,66.5999984741211,66.5999984741211,66.9000015258789,65.69999694824219,66.0,189000,,
2024-04-08,66.0999984741211,66.0999984741211,66.5,65.5,66.19999694824219,298000,,
2024-04-09,66.4000015258789,66.4000015258789,67.0,66.0,66.0999984741211,286000,,
2024-04-10,66.30000305175781,66.30000305175781,66.69999694824219,65.5999984741211,66.19999694824219,235000,,
2024-04-11,66.9000015258789,66.9000015258789,67.0,66.0,66.0,500000,,
2024-04-12,68.0999984741211,68.0999984741211,68.5,66.9000015258789,66.9000015258789,874000,,
2024-04-15,68.0999984741211,68.0999984741211,68.30000305175781,67.0,67.5999984741211,513000,,
2024-04-16,68.5,68.5,68.9000015258789,67.4000015258789,67.80000305175781,968000,,
2024-04-17,71.69999694824219,71.69999694824219,71.80000305175781,68.9000015258789,68.9000015258789,2169000,,
2024-04-18,74.19999694824219,74.19999694824219,75.0,71.80000305175781,71.80000305175781,2146000,,
2024-04-19,73.4000015258789,73.4000015258789,75.19999694824219,70.0,74.0,1369000,,
2024-04-22,72.5999984741211,72.5999984741211,75.0,72.5,74.5999984741211,1212000,,
2024-04-23,72.30000305175781,72.30000305175781,74.80000305175781,71.9000015258789,74.0,862000,,
2024-04-24,71.69999694824219,71.69999694824219,73.30000305175781,65.30000305175781,71.5999984741211,2795000,,
2024-04-25,70.0999984741211,70.0999984741211,72.5999984741211,69.30000305175781,72.5999984741211,739000,,
2024-04-26,70.19999694824219,70.19999694824219,72.30000305175781,69.0999984741211,69.9000015258789,738000,,
2024-04-29,66.9000015258789,66.9000015258789,70.4000015258789,66.9000015258789,70.4000015258789,1053000,,
2024-04-30,68.19999694824219,68.19999694824219,69.5,67.0,67.0,452000,,
2024-05-02,68.9000015258789,68.9000015258789,69.4000015258789,67.5999984741211,68.19999694824219,202000,,
2024-05-03,68.0999984741211,68.0999984741211,69.0,68.0,69.0,298000,,
2024-05-06,68.0999984741211,68.0999984741211,68.30000305175781,67.69999694824219,68.30000305175781,175000,,
2024-05-07,68.69999694824219,68.69999694824219,69.4000015258789,68.0,68.0,281000,,
2024-05-08,69.9000015258789,69.9000015258789,70.0,68.69999694824219,68.69999694824219,154000,,
2024-05-09,70.0,70.0,70.9000015258789,69.30000305175781,69.80000305175781,206000,,
2024-05-10,70.0,70.0,70.4000015258789,69.0999984741211,70.4000015258789,206000,,
2024-05-13,68.4000015258789,68.4000015258789,70.0999984741211,68.4000015258789,69.69999694824219,488000,,
2024-05-14,67.4000015258789,67.4000015258789,68.80000305175781,67.19999694824219,68.4000015258789,248000,,
2024-05-15,66.0,66.0,67.69999694824219,65.69999694824219,67.5,496000,,
2024-05-16,67.19999694824219,67.19999694824219,67.19999694824219,66.0,66.30000305175781,143000,,
2024-05-17,67.0999984741211,67.0999984741211,67.4000015258789,66.80000305175781,66.9000015258789,97000,,
2024-05-20,66.0999984741211,66.0999984741211,67.19999694824219,66.0,67.19999694824219,188000,,
2024-05-21,66.0999984741211,66.0999984741211,66.5,65.5999984741211,65.9000015258789,132000,,
2024-05-22,66.19999694824219,66.19999694824219,66.69999694824219,66.0,66.19999694824219,157000,,
2024-05-23,66.30000305175781,66.30000305175781,67.30000305175781,65.9000015258789,67.0999984741211,180000,,
2024-05-24,66.30000305175781,66.30000305175781,67.4000015258789,66.0999984741211,66.5999984741211,116000,,
2024-05-27,66.69999694824219,66.69999694824219,67.0,66.0,66.5,145000,,
2024-05-28,66.4000015258789,66.4000015258789,66.9000015258789,66.4000015258789,66.69999694824219,94000,,
2024-05-29,65.9000015258789,65.9000015258789,66.30000305175781,65.80000305175781,66.0999984741211,213000,,
2024-05-30,62.900001525878906,62.900001525878906,66.5,62.5,65.5999984741211,353000,,
2024-05-31,63.0,63.0,65.0,62.900001525878906,63.79999923706055,209000,,
2024-06-03,63.099998474121094,63.099998474121094,64.30000305175781,62.900001525878906,64.30000305175781,106000,,
2024-06-04,63.70000076293945,63.70000076293945,63.900001525878906,63.099998474121094,63.099998474121094,90000,,
2024-06-05,64.19999694824219,64.19999694824219,64.19999694824219,63.099998474121094,63.5,60000,,
2024-06-06,62.599998474121094,62.599998474121094,64.19999694824219,61.79999923706055,64.19999694824219,313000,,
2024-06-07,65.0999984741211,65.0999984741211,65.0999984741211,62.599998474121094,62.599998474121094,249000,,
2024-06-11,66.5999984741211,66.5999984741211,67.0999984741211,65.0,65.0999984741211,351000,,
2024-06-12,64.30000305175781,64.30000305175781,66.5999984741211,64.30000305175781,66.19999694824219,240000,,
2024-06-13,66.0,66.0,66.4000015258789,65.0,65.0,256000,,
2024-06-14,64.5,64.5,65.69999694824219,63.79999923706055,65.5999984741211,205000,,
2024-06-17,64.4000015258789,64.4000015258789,65.4000015258789,64.0,64.5,106000,,
2024-06-18,63.599998474121094,63.599998474121094,64.5999984741211,63.599998474121094,64.0,160000,,
2024-06-19,63.099998474121094,63.099998474121094,63.79999923706055,62.70000076293945,63.79999923706055,179000,,
2024-06-20,63.0,63.0,63.70000076293945,62.400001525878906,63.099998474121094,271000,,
2024-06-21,62.900001525878906,62.900001525878906,63.20000076293945,62.400001525878906,63.0,395000,,
2024-06-24,63.20000076293945,63.20000076293945,63.29999923706055,62.400001525878906,63.20000076293945,89000,,
2024-06-25,62.099998474121094,62.099998474121094,63.0,62.099998474121094,63.0,192000,,
2024-06-26,60.900001525878906,60.900001525878906,62.29999923706055,59.099998474121094,62.099998474121094,469000,,
2024-06-27,62.099998474121094,62.099998474121094,63.400001525878906,60.5,60.5,237000,,
2024-06-28,63.29999923706055,63.29999923706055,63.599998474121094,62.0,62.20000076293945,212000,,
2024-07-01,64.0,64.0,64.5,63.900001525878906,64.0,173000,,
2024-07-02,63.5,63.5,64.19999694824219,63.400001525878906,63.900001525878906,125000,,
2024-07-03,64.80000305175781,64.80000305175781,65.0,64.0,64.0,244000,,
2024-07-04,65.0999984741211,65.0999984741211,65.80000305175781,64.4000015258789,65.0,260000,,
2024-07-05,68.0999984741211,68.0999984741211,68.5999984741211,65.30000305175781,65.30000305175781,597000,,
2024-07-08,68.5999984741211,68.5999984741211,68.80000305175781,67.5,68.0,270000,,
2024-07-09,68.5999984741211,68.5999984741211,69.69999694824219,67.5999984741211,68.30000305175781,306000,,
2024-07-10,69.0,69.0,69.0,68.30000305175781,68.9000015258789,168000,,
2024-07-11,67.69999694824219,67.69999694824219,69.0,66.5,69.0,420000,,
2024-07-12,68.80000305175781,68.80000305175781,70.5,67.19999694824219,69.0,1183000,,
2024-07-15,69.4000015258789,69.4000015258789,70.19999694824219,68.5999984741211,69.0,1414000,,
2024-07-16,66.80000305175781,66.80000305175781,69.5,66.80000305175781,69.5,681000,,
2024-07-17,66.69999694824219,66.69999694824219,67.69999694824219,66.5999984741211,66.80000305175781,231000,,
2024-07-18,66.30000305175781,66.30000305175781,67.19999694824219,65.5999984741211,67.19999694824219,274000,,
2024-07-19,67.30000305175781,67.30000305175781,68.0,66.0,66.4000015258789,224000,,
2024-07-22,67.0,67.0,67.0999984741211,65.69999694824219,67.0999984741211,150000,,
2024-07-23,67.80000305175781,67.80000305175781,68.0,66.5999984741211,67.0,222000,,
2024-07-26,68.30000305175781,68.30000305175781,68.5,66.5999984741211,67.5999984741211,170000,,
2024-07-29,67.19999694824219,67.19999694824219,68.30000305175781,67.19999694824219,68.30000305175781,221000,,
2024-07-30,67.80000305175781,67.80000305175781,68.19999694824219,66.19999694824219,67.19999694824219,251000,,
2024-07-31,67.9000015258789,67.9000015258789,68.5999984741211,66.9000015258789,66.9000015258789,115000,,
2024-08-01,67.5999984741211,67.5999984741211,68.0,67.19999694824219,67.19999694824219,85000,,
2024-08-02,67.0,67.0,67.9000015258789,66.80000305175781,67.5,129000,,
2024-08-05,61.5,61.5,66.0999984741211,61.099998474121094,66.0999984741211,548000,,
2024-08-06,61.0,61.0,62.79999923706055,60.0,60.5,589000,,
2024-08-07,65.0,65.0,65.19999694824219,61.099998474121094,61.099998474121094,208000,,
2024-08-08,65.69999694824219,65.69999694824219,66.0,64.0,64.30000305175781,91000,,
2024-08-09,66.5,66.5,68.0,66.0,66.0,187000,,
2024-08-12,66.69999694824219,66.69999694824219,67.5999984741211,66.30000305175781,66.5999984741211,131000,,
2024-08-13,66.0,66.0,66.69999694824219,65.69999694824219,66.69999694824219,93000,,
2024-08-14,65.0,65.0,66.4000015258789,65.0,66.30000305175781,120000,,
2024-08-15,64.4000015258789,64.4000015258789,65.5999984741211,64.4000015258789,64.5,75000,,
2024-08-16,65.5,65.5,65.5999984741211,65.0,65.0,78000,,
2024-08-19,65.5,65.5,65.5999984741211,65.30000305175781,65.5,21000,,
2024-08-20,64.69999694824219,64.69999694824219,65.9000015258789,64.5,65.0,58000,,
2024-08-21,64.5999984741211,64.5999984741211,65.0999984741211,64.30000305175781,64.30000305175781,24000,,
2024-08-22,64.4000015258789,64.4000015258789,65.5,64.30000305175781,65.19999694824219,49000,,
2024-08-23,64.30000305175781,64.30000305175781,64.9000015258789,64.0,64.9000015258789,48000,,
2024-08-26,66.0,66.0,66.30000305175781,64.4000015258789,64.4000015258789,91000,,
2024-08-27,65.69999694824219,65.69999694824219,66.5,65.30000305175781,66.0,84000,,
2024-08-28,67.0,67.0,67.0,65.0,65.69999694824219,160000,,
2024-08-29,67.0,67.0,67.19999694824219,66.30000305175781,67.0,91000,,
2024-08-30,68.0999984741211,68.0999984741211,68.19999694824219,66.69999694824219,66.69999694824219,276000,,
2024-09-02,69.5,69.5,70.0,68.19999694824219,68.19999694824219,492000,,
2024-09-03,70.0,70.0,70.0999984741211,67.5999984741211,69.5999984741211,464000,,
2024-09-04,67.0,67.0,70.0,67.0,70.0,621000,,
2024-09-05,66.80000305175781,66.80000305175781,68.19999694824219,66.69999694824219,68.19999694824219,108000,,
2024-09-06,66.0999984741211,66.0999984741211,67.5,66.0,66.9000015258789,129000,,
2024-09-09,64.69999694824219,64.69999694824219,66.5,63.900001525878906,66.5,211000,,
2024-09-10,62.599998474121094,62.599998474121094,65.80000305175781,62.599998474121094,65.80000305175781,204000,,
2024-09-11,62.099998474121094,62.099998474121094,64.19999694824219,61.599998474121094,64.19999694824219,130000,,
2024-09-12,62.599998474121094,62.599998474121094,63.900001525878906,62.400001525878906,63.0,100000,,
2024-09-13,62.0,62.0,62.599998474121094,62.0,62.400001525878906,74000,,
2024-09-16,61.599998474121094,61.599998474121094,63.0,61.599998474121094,62.099998474121094,105000,,
2024-09-18,62.29999923706055,62.29999923706055,63.79999923706055,61.70000076293945,61.70000076293945,223000,,
2024-09-19,65.19999694824219,65.19999694824219,66.19999694824219,63.099998474121094,64.0,350000,,
2024-09-20,65.5999984741211,65.5999984741211,67.9000015258789,65.5999984741211,66.5999984741211,362000,,
2024-09-23,64.19999694824219,64.19999694824219,65.5999984741211,64.19999694824219,65.5999984741211,208000,,
2024-09-24,64.4000015258789,64.4000015258789,66.5,64.0,64.0,159000,,
2024-09-25,63.79999923706055,63.79999923706055,65.5999984741211,63.79999923706055,65.5999984741211,177000,,
2024-09-26,64.0,64.0,64.5999984741211,63.70000076293945,63.900001525878906,124000,,
2024-09-27,63.79999923706055,63.79999923706055,65.5,63.599998474121094,64.69999694824219,243000,,
2024-09-30,70.0999984741211,70.0999984741211,70.0999984741211,67.80000305175781,69.0999984741211,1705000,,
2024-10-01,69.9000015258789,69.9000015258789,77.0999984741211,69.9000015258789,74.30000305175781,7592000,,
2024-10-04,76.5,76.5,76.80000305175781,68.5,69.0999984741211,4480000,,
2024-10-07,74.5,74.5,76.19999694824219,72.5999984741211,76.0999984741211,2846000,,
2024-10-08,73.0,73.0,74.9000015258789,72.0,74.80000305175781,1055000,,
2024-10-09,70.5999984741211,70.5999984741211,74.19999694824219,70.4000015258789,72.0,1024000,,
2024-10-11,71.5,71.5,73.5,70.69999694824219,71.9000015258789,754000,,
2024-10-14,75.30000305175781,75.30000305175781,76.5999984741211,71.5,71.5,1656000,,
2024-10-15,82.80000305175781,82.80000305175781,82.80000305175781,74.4000015258789,75.30000305175781,5426000,,
2024-10-16,84.19999694824219,84.19999694824219,88.80000305175781,82.69999694824219,83.5,16764000,,
2024-10-17,84.80000305175781,84.80000305175781,87.5999984741211,83.0999984741211,84.19999694824219,4652000,,
2024-10-18,87.0,87.0,87.0,84.30000305175781,86.4000015258789,3215000,,
2024-10-21,80.5999984741211,80.5999984741211,87.80000305175781,78.5,87.69999694824219,5345000,,
2024-10-22,79.30000305175781,79.30000305175781,81.5,77.0,81.0,2563000,,
2024-10-23,78.30000305175781,78.30000305175781,81.4000015258789,78.30000305175781,79.5,1909000,,
2024-10-24,74.80000305175781,74.80000305175781,79.4000015258789,72.0999984741211,79.4000015258789,3660000,,
2024-10-25,75.69999694824219,75.69999694824219,76.19999694824219,74.0999984741211,75.0,1288000,,
2024-10-28,77.0,77.0,77.19999694824219,74.0999984741211,75.69999694824219,1010000,,
2024-10-29,75.0,75.0,77.69999694824219,75.0,77.0,753000,,
2024-10-30,75.5,75.5,76.4000015258789,74.5999984741211,75.0999984741211,519000,,
2024-11-01,75.0999984741211,75.0999984741211,75.9000015258789,74.0,75.4000015258789,396000,,
2024-11-04,76.0999984741211,76.0999984741211,76.5,74.5999984741211,75.5,318000,,
2024-11-05,77.0,77.0,78.30000305175781,76.0999984741211,76.19999694824219,575000,,
2024-11-06,76.19999694824219,76.19999694824219,78.0,75.0999984741211,78.0,519000,,
2024-11-07,76.5,76.5,77.4000015258789,76.4000015258789,77.19999694824219,240000,,
2024-11-08,79.0999984741211,79.0999984741211,80.0,76.69999694824219,76.80000305175781,890000,,
2024-11-11,77.19999694824219,77.19999694824219,82.19999694824219,77.19999694824219,79.19999694824219,1213000,,
2024-11-12,78.5999984741211,78.5999984741211,80.9000015258789,76.5,79.0999984741211,1121000,,
2024-11-13,78.69999694824219,78.69999694824219,81.30000305175781,78.5999984741211,78.5999984741211,1291000,,
2024-11-14,80.4000015258789,80.4000015258789,83.19999694824219,79.5999984741211,81.0,2800000,,
2024-11-15,81.0,81.0,81.4000015258789,78.30000305175781,80.4000015258789,1063000,,
2024-11-18,78.80000305175781,78.80000305175781,80.5,78.0999984741211,79.69999694824219,653000,,
2024-11-19,80.0999984741211,80.0999984741211,81.19999694824219,79.0,79.0999984741211,642000,,
2024-11-20,80.9000015258789,80.9000015258789,82.5,80.5999984741211,81.19999694824219,1020902,,
2024-11-21,80.80000305175781,80.80000305175781,81.5,79.69999694824219,81.0,794000,,
2024-11-22,82.0,82.0,84.5999984741211,81.30000305175781,81.5,1721000,,
2024-11-25,83.19999694824219,83.19999694824219,84.4000015258789,82.30000305175781,82.80000305175781,770000,,
2024-11-26,81.4000015258789,81.4000015258789,83.4000015258789,81.0,83.4000015258789,583000,,
2024-11-27,82.0,82.0,82.69999694824219,79.5999984741211,81.5,808000,,
2024-11-28,80.19999694824219,80.19999694824219,82.5,79.9000015258789,82.0,657000,,
2024-11-29,80.80000305175781,80.80000305175781,81.4000015258789,79.80000305175781,80.19999694824219,302000,,
2024-12-02,82.19999694824219,82.19999694824219,82.19999694824219,79.80000305175781,81.30000305175781,580000,,
2024-12-03,84.0,84.0,84.80000305175781,82.30000305175781,84.0,1962000,,
2024-12-04,84.19999694824219,84.19999694824219,85.80000305175781,83.19999694824219,84.5,1417000,,
2024-12-05,85.0,85.0,85.80000305175781,84.19999694824219,85.0,975000,,
2024-12-06,90.0,90.0,93.5,85.5,86.5999984741211,9475000,,
2024-12-09,89.80000305175781,89.80000305175781,94.69999694824219,88.0,89.69999694824219,5843000,,
2024-12-10,88.5,88.5,91.9000015258789,87.5999984741211,90.30000305175781,2680000,,
2024-12-11,92.69999694824219,92.69999694824219,92.80000305175781,88.4000015258789,90.0,2685000,,
2024-12-12,92.9000015258789,92.9000015258789,97.0,91.19999694824219,92.80000305175781,4862000,,
2024-12-13,95.5,95.5,96.19999694824219,91.30000305175781,91.30000305175781,2450000,,
2024-12-16,90.4000015258789,90.4000015258789,96.9000015258789,88.69999694824219,96.69999694824219,3951000,,
2024-12-17,83.4000015258789,83.4000015258789,90.0,81.80000305175781,89.4000015258789,4005000,,
2024-12-18,89.4000015258789,89.4000015258789,89.69999694824219,83.69999694824219,83.69999694824219,1730000,,
2024-12-19,91.4000015258789,91.4000015258789,91.9000015258789,88.69999694824219,89.4000015258789,2260000,,
2024-12-20,90.0,90.0,94.80000305175781,90.0,92.5,2071000,,
2024-12-23,90.19999694824219,90.19999694824219,92.5999984741211,90.19999694824219,91.80000305175781,757000,,
2024-12-24,88.4000015258789,88.4000015258789,92.0999984741211,88.0,90.30000305175781,927000,,
2024-12-25,90.0,90.0,93.5999984741211,89.30000305175781,90.69999694824219,2169000,,
2024-12-26,93.4000015258789,93.4000015258789,93.4000015258789,90.5999984741211,91.9000015258789,2512000,,
2024-12-27,90.4000015258789,90.4000015258789,94.5999984741211,90.0999984741211,94.5999984741211,1981000,,
2024-12-30,88.0999984741211,88.0999984741211,90.69999694824219,85.0999984741211,90.5,1640000,,
2024-12-31,86.5999984741211,86.5999984741211,89.5,86.0,89.5,869000,,
2025-01-02,82.9000015258789,82.9000015258789,85.5999984741211,82.9000015258789,84.80000305175781,1550000,,
2025-01-03,80.0999984741211,80.0999984741211,83.0,79.9000015258789,81.9000015258789,1839000,,
2025-01-06,82.5,82.5,83.0,79.30000305175781,81.19999694824219,953000,,
2025-01-07,80.69999694824219,80.69999694824219,83.5,80.69999694824219,82.5999984741211,603000,,
2025-01-08,81.80000305175781,81.80000305175781,82.5,80.4000015258789,80.5,546000,,
2025-01-09,80.0,80.0,81.80000305175781,79.69999694824219,81.80000305175781,808000,,
2025-01-10,80.19999694824219,80.19999694824219,82.0999984741211,79.5,79.5,666000,,
2025-01-13,80.4000015258789,80.4000015258789,80.4000015258789,75.69999694824219,80.19999694824219,1150000,,
2025-01-14,81.4000015258789,81.4000015258789,81.9000015258789,79.5,79.5,547000,,
2025-01-15,83.19999694824219,83.19999694824219,84.19999694824219,81.80000305175781,81.80000305175781,733000,,
2025-01-16,83.0,83.0,84.0,82.0,83.80000305175781,401000,,
2025-01-17,81.80000305175781,81.80000305175781,83.0,81.5,83.0,271000,,
2025-01-20,81.5,81.5,82.5999984741211,81.0999984741211,81.9000015258789,332000,,
2025-01-21,81.19999694824219,81.19999694824219,82.4000015258789,80.5,81.5,217000,,
2025-01-22,82.0,82.0,82.4000015258789,80.5,81.19999694824219,246000,,
2025-02-03,82.69999694824219,82.69999694824219,83.5,80.0,80.0,516000,,
2025-02-04,83.5999984741211,83.5999984741211,84.19999694824219,83.19999694824219,83.30000305175781,439002,,
2025-02-05,83.0,83.0,84.30000305175781,83.0,83.9000015258789,274000,,
2025-02-06,82.9000015258789,82.9000015258789,83.80000305175781,82.5,83.80000305175781,241100,,
2025-02-07,83.0999984741211,83.0999984741211,84.4000015258789,82.9000015258789,83.9000015258789,422030,,
2025-02-10,83.0999984741211,83.0999984741211,85.19999694824219,82.80000305175781,84.0999984741211,623026,,
2025-02-11,87.19999694824219,87.19999694824219,87.30000305175781,83.80000305175781,84.5,1743034,,
2025-02-12,84.0,84.0,88.30000305175781,84.0,88.30000305175781,1368416,,
2025-02-13,83.5,83.5,84.80000305175781,83.19999694824219,84.80000305175781,518150,,
2025-02-14,82.0999984741211,82.0999984741211,84.0999984741211,81.4000015258789,83.0999984741211,961659,,
2025-02-17,81.9000015258789,81.9000015258789,83.30000305175781,81.5999984741211,82.0999984741211,431073,,
2025-02-18,82.0,82.0,82.9000015258789,81.9000015258789,82.4000015258789,250573,,
2025-02-19,82.4000015258789,82.4000015258789,83.30000305175781,82.0,82.4000015258789,325053,,
2025-02-20,81.9000015258789,81.9000015258789,83.0,81.69999694824219,82.69999694824219,315050,,
2025-02-21,82.0999984741211,82.0999984741211,83.0999984741211,82.0999984741211,82.5999984741211,249257,,
2025-02-24,83.4000015258789,83.4000015258789,83.9000015258789,82.0,82.0,324005,,
2025-02-25,84.30000305175781,84.30000305175781,84.4000015258789,83.0,83.0,408180,,
2025-02-26,82.9000015258789,82.9000015258789,85.4000015258789,82.69999694824219,84.5,637040,,
2025-02-27,82.80000305175781,82.80000305175781,83.4000015258789,82.4000015258789,82.69999694824219,235125,,
2025-03-03,81.69999694824219,81.69999694824219,82.69999694824219,81.4000015258789,82.30000305175781,434120,,
2025-03-04,81.4000015258789,81.4000015258789,82.0,80.69999694824219,81.4000015258789,224534,,
2025-03-05,82.30000305175781,82.30000305175781,82.9000015258789,80.9000015258789,81.5999984741211,299498,,
2025-03-06,82.30000305175781,82.30000305175781,83.0999984741211,82.0,82.0999984741211,188291,,
2025-03-07,80.80000305175781,80.80000305175781,83.0999984741211,80.5,82.80000305175781,300003,,
2025-03-10,78.80000305175781,78.80000305175781,81.0,78.4000015258789,81.0,754003,,
2025-03-11,76.0,76.0,79.0999984741211,75.4000015258789,78.80000305175781,1205513,,
2025-03-12,75.9000015258789,75.9000015258789,77.5,74.0,76.0,1604149,,
2025-03-13,72.5,72.5,75.69999694824219,72.5,75.0,1885011,,
2025-03-14,71.19999694824219,71.19999694824219,73.5,70.30000305175781,72.5999984741211,1494001,,
2025-03-17,71.4000015258789,71.4000015258789,72.30000305175781,71.0,71.69999694824219,443413,,
2025-03-18,72.0,72.0,72.69999694824219,71.5,71.5,322250,,
2025-03-19,70.69999694824219,70.69999694824219,71.9000015258789,70.30000305175781,71.80000305175781,383022,,
2025-03-20,71.80000305175781,71.80000305175781,72.5,71.0999984741211,71.0999984741211,393000,,
2025-03-21,71.30000305175781,71.30000305175781,72.4000015258789,71.0,72.4000015258789,353001,,
2025-03-24,70.5999984741211,70.5999984741211,71.9000015258789,70.5999984741211,71.30000305175781,277075,,
2025-03-25,71.0999984741211,71.0999984741211,71.5999984741211,70.5,71.5,274266,,
2025-03-26,71.69999694824219,71.69999694824219,71.80000305175781,70.69999694824219,71.0999984741211,300000,,
2025-03-27,71.5,71.5,71.80000305175781,70.69999694824219,71.69999694824219,166050,,
2025-03-28,71.5,71.5,71.9000015258789,70.69999694824219,71.9000015258789,197000,,
2025-03-31,68.0,68.0,70.69999694824219,66.19999694824219,70.69999694824219,966007,,
2025-04-01,70.0,70.0,70.19999694824219,68.30000305175781,68.5,273000,,
2025-04-02,72.5999984741211,72.5999984741211,72.69999694824219,70.0,70.5,217229,,
2025-04-07,65.4000015258789,65.4000015258789,65.4000015258789,65.4000015258789,65.4000015258789,79001,,
2025-04-08,60.099998474121094,60.099998474121094,63.400001525878906,58.900001525878906,59.5,1053001,,
2025-04-09,62.0,62.0,63.400001525878906,60.20000076293945,61.400001525878906,961000,,
2025-04-10,68.19999694824219,68.19999694824219,68.19999694824219,66.19999694824219,68.19999694824219,340000,,
2025-04-11,68.5999984741211,68.5999984741211,71.80000305175781,65.80000305175781,65.80000305175781,705000,,
2025-04-14,72.69999694824219,72.69999694824219,73.19999694824219,69.0,69.0,694000,,
2025-04-15,71.69999694824219,71.69999694824219,75.30000305175781,71.5999984741211,73.30000305175781,453001,,
2025-04-16,71.19999694824219,71.19999694824219,72.0999984741211,70.0,71.5999984741211,440000,,
2025-04-17,70.0999984741211,70.0999984741211,71.19999694824219,69.9000015258789,70.30000305175781,251151,,
2025-04-18,71.5,71.5,71.9000015258789,70.0999984741211,70.9000015258789,160447,,
2025-04-21,71.19999694824219,71.19999694824219,72.0999984741211,70.5999984741211,72.0999984741211,290071,,
2025-04-22,70.5,70.5,71.5,69.5,69.80000305175781,248030,,
2025-04-23,70.4000015258789,70.4000015258789,72.0,69.80000305175781,71.0,281004,,
2025-04-24,71.19999694824219,71.19999694824219,71.5,70.69999694824219,71.0,184006,,
2025-04-25,70.5,70.5,71.5999984741211,70.5,71.5999984741211,262000,,
2025-04-28,71.0,71.0,71.9000015258789,70.5,71.5,201000,,
2025-04-29,73.0999984741211,73.0999984741211,73.5,71.19999694824219,71.69999694824219,277008,,
2025-04-30,72.0999984741211,72.0999984741211,72.80000305175781,71.9000015258789,72.5,145001,,
2025-05-02,73.0999984741211,73.0999984741211,73.5,72.30000305175781,72.5999984741211,169002,,
2025-05-05,70.9000015258789,70.9000015258789,73.30000305175781,70.9000015258789,73.30000305175781,302001,,
2025-05-06,71.19999694824219,71.19999694824219,71.69999694824219,70.5,70.9000015258789,66118,,
2025-05-07,71.69999694824219,71.69999694824219,72.5999984741211,70.5,71.19999694824219,106000,,
2025-05-08,72.80000305175781,72.80000305175781,73.30000305175781,71.80000305175781,72.0999984741211,191002,,
2025-05-09,71.30000305175781,71.30000305175781,72.9000015258789,70.9000015258789,72.80000305175781,130000,,
2025-05-12,71.69999694824219,71.69999694824219,72.30000305175781,71.0,72.0999984741211,96260,,
2025-05-13,71.0,71.0,72.19999694824219,70.80000305175781,71.80000305175781,222363,,
2025-05-14,70.5999984741211,70.5999984741211,71.9000015258789,69.9000015258789,71.9000015258789,331399,,
2025-05-15,70.5999984741211,70.5999984741211,71.80000305175781,70.5,71.0,89050,,
2025-05-16,70.0999984741211,70.0999984741211,70.69999694824219,69.5999984741211,69.5999984741211,211075,,
2025-05-19,69.69999694824219,69.69999694824219,71.0,69.0,69.0,210050,,
2025-05-20,70.19999694824219,70.19999694824219,70.4000015258789,69.5999984741211,70.0,94050,,
2025-05-21,70.19999694824219,70.19999694824219,71.5,70.0999984741211,70.5,100050,,
2025-05-22,71.4000015258789,71.4000015258789,71.4000015258789,69.9000015258789,70.19999694824219,109232,,
2025-05-23,71.4000015258789,71.4000015258789,72.9000015258789,70.9000015258789,71.0,25001,,
2025-05-26,71.0,71.0,71.5999984741211,70.9000015258789,71.0,71709,,
2025-05-27,71.0,71.0,71.4000015258789,70.80000305175781,70.80000305175781,58055,,
2025-05-28,71.19999694824219,71.19999694824219,72.30000305175781,71.0999984741211,71.0999984741211,114000,,
2025-05-29,71.19999694824219,71.19999694824219,71.5,71.0,71.5,51000,,
2025-06-02,71.5999984741211,71.5999984741211,71.5999984741211,70.9000015258789,71.19999694824219,97111,,
2025-06-03,71.19999694824219,71.19999694824219,72.5,71.0999984741211,72.19999694824219,80001,,
2025-06-04,71.4000015258789,71.4000015258789,71.69999694824219,70.9000015258789,71.69999694824219,58129,,
2025-06-05,71.0999984741211,71.0999984741211,72.4000015258789,71.0999984741211,71.5,87002,,
2025-06-06,71.69999694824219,71.69999694824219,71.9000015258789,71.0999984741211,71.0999984741211,77200,,
2025-06-09,71.5999984741211,71.5999984741211,71.9000015258789,71.0,71.9000015258789,54000,,
2025-06-10,71.69999694824219,71.69999694824219,72.0999984741211,71.19999694824219,71.4000015258789,98000,,
2025-06-11,71.5,71.5,71.80000305175781,67.69999694824219,71.0,439273,,
2025-06-12,70.9000015258789,70.9000015258789,71.80000305175781,70.5,71.0,58001,,
2025-06-13,69.69999694824219,69.69999694824219,70.80000305175781,69.5,70.80000305175781,124001,,
2025-06-16,70.0999984741211,70.0999984741211,70.69999694824219,69.19999694824219,69.19999694824219,74060,,
2025-06-17,69.80000305175781,69.80000305175781,70.5,69.4000015258789,70.19999694824219,88000,,
2025-06-18,69.19999694824219,69.19999694824219,70.19999694824219,69.0,69.5999984741211,110060,,
2025-06-19,68.30000305175781,68.30000305175781,69.5999984741211,68.30000305175781,69.5999984741211,119000,,
2025-06-20,68.30000305175781,68.30000305175781,68.9000015258789,68.0999984741211,68.30000305175781,78000,,
2025-06-23,67.80000305175781,67.80000305175781,68.0,66.0999984741211,66.0999984741211,92877,,
2025-06-24,68.5,68.5,69.69999694824219,67.9000015258789,67.9000015258789,102000,,
2025-06-25,68.9000015258789,68.9000015258789,69.0999984741211,68.30000305175781,69.0,54050,,
2025-06-26,69.0,69.0,69.5,68.69999694824219,68.9000015258789,75040,,
2025-06-27,67.69999694824219,67.69999694824219,68.69999694824219,67.69999694824219,68.4000015258789,76001,,
2025-06-30,66.0999984741211,66.0999984741211,68.0,66.0999984741211,67.80000305175781,175000,,
2025-07-01,67.19999694824219,67.19999694824219,67.5999984741211,66.5999984741211,67.0,73000,,
2025-07-02,68.19999694824219,68.19999694824219,68.80000305175781,67.0,67.4000015258789,46000,,
2025-07-03,69.0999984741211,69.0999984741211,70.19999694824219,67.80000305175781,68.4000015258789,129000,,
2025-07-04,68.0999984741211,68.0999984741211,69.19999694824219,68.0,68.0,53000,,
2025-07-07,67.0999984741211,67.0999984741211,67.9000015258789,67.0,67.9000015258789,91002,,
2025-07-08,66.5,66.5,67.30000305175781,66.5,67.0999984741211,71010,,
2025-07-09,67.0,67.0,67.0,66.19999694824219,66.5,59000,,
2025-07-10,64.69999694824219,64.69999694824219,67.19999694824219,64.5,66.5,181020,,
2025-07-11,65.4000015258789,65.4000015258789,67.0,64.0,64.5,137010,,
2025-07-14,66.30000305175781,66.30000305175781,66.5,65.4000015258789,65.4000015258789,109001,,
2025-07-15,67.69999694824219,67.69999694824219,68.0,67.0,68.0,68001,,
2025-07-16,68.0999984741211,68.0999984741211,68.30000305175781,67.4000015258789,67.69999694824219,68000,,
2025-07-17,69.0999984741211,69.0999984741211,69.4000015258789,68.0999984741211,68.0999984741211,41000,,
2025-07-18,68.9000015258789,68.9000015258789,70.0,68.80000305175781,70.0,123000,,
2025-07-21,75.19999694824219,75.19999694824219,75.69999694824219,71.0,71.0,1008187,,
2025-07-22,76.69999694824219,76.69999694824219,77.5,74.5,74.5,676095,,
2025-07-23,77.19999694824219,77.19999694824219,78.0999984741211,76.30000305175781,76.30000305175781,267021,,
2025-07-24,77.80000305175781,77.80000305175781,78.5,77.19999694824219,77.19999694824219,205011,,
2025-07-25,77.80000305175781,77.80000305175781,78.19999694824219,74.9000015258789,78.0,501151,,
2025-07-28,80.5,80.5,81.0,78.0,78.0,653000,,
2025-07-29,78.19999694824219,78.19999694824219,82.69999694824219,75.5999984741211,82.0,880053,,
2025-07-30,70.4000015258789,70.4000015258789,74.9000015258789,70.4000015258789,73.69999694824219,1186105,,
2025-07-31,70.19999694824219,70.19999694824219,71.19999694824219,67.4000015258789,67.5999984741211,587000,,
2025-08-04,71.0,71.0,73.30000305175781,70.69999694824219,72.0,285014,,
2025-08-05,70.69999694824219,70.69999694824219,71.80000305175781,70.5999984741211,70.5999984741211,144014,,
2025-08-06,69.0,69.0,70.69999694824219,68.69999694824219,70.0999984741211,208015,,
2025-08-07,68.0999984741211,68.0999984741211,69.4000015258789,68.0999984741211,68.0999984741211,122228,,
2025-08-08,67.30000305175781,67.30000305175781,67.9000015258789,67.19999694824219,67.69999694824219,110936,,
2025-08-11,67.5999984741211,67.5999984741211,68.30000305175781,65.5,67.0,276000,,
2025-08-12,67.5999984741211,67.5999984741211,68.5999984741211,66.30000305175781,66.30000305175781,178329,,
2025-08-13,65.80000305175781,65.80000305175781,67.69999694824219,65.5999984741211,67.5999984741211,202000,,
2025-08-14,65.0999984741211,65.0999984741211,66.19999694824219,64.5999984741211,66.19999694824219,189818,,
2025-08-15,64.9000015258789,64.9000015258789,65.9000015258789,64.69999694824219,65.0999984741211,70000,,
2025-08-18,63.900001525878906,63.900001525878906,65.30000305175781,63.79999923706055,64.9000015258789,155078,,
2025-08-19,65.80000305175781,65.80000305175781,66.5999984741211,64.0999984741211,64.69999694824219,169000,,
2025-08-20,65.0,65.0,66.80000305175781,64.5,65.80000305175781,124000,,
2025-08-21,67.0999984741211,67.0999984741211,67.5,65.4000015258789,66.0,190010,,
2025-08-22,67.5999984741211,67.5999984741211,68.4000015258789,67.19999694824219,67.30000305175781,174375,,
2025-08-25,66.5,66.5,68.5,66.5,66.9000015258789,83510,,
2025-08-26,65.30000305175781,65.30000305175781,66.5999984741211,65.30000305175781,66.5999984741211,148093,,
2025-08-27,65.0999984741211,65.0999984741211,66.0,64.80000305175781,65.4000015258789,107002,,
2025-08-28,63.900001525878906,63.900001525878906,65.19999694824219,63.79999923706055,65.19999694824219,116513,,
2025-08-29,65.0,65.0,66.4000015258789,64.5,64.5,154075,,
2025-09-01,65.69999694824219,65.69999694824219,66.9000015258789,65.69999694824219,66.0,156002,,
2025-09-02,65.19999694824219,65.19999694824219,66.5,65.0,66.5,142500,,
2025-09-03,64.80000305175781,64.80000305175781,66.0,64.80000305175781,65.19999694824219,142013,,
2025-09-04,64.69999694824219,64.69999694824219,65.4000015258789,63.79999923706055,65.0,238000,,
2025-09-05,64.80000305175781,64.80000305175781,65.5,64.5,65.0,189057,,
2025-09-08,66.30000305175781,66.30000305175781,66.5,64.80000305175781,65.0,306010,,
2025-09-09,68.0,68.0,68.9000015258789,66.5999984741211,67.0,296020,,
2025-09-10,68.19999694824219,68.19999694824219,68.9000015258789,67.5999984741211,68.0,245002,,
2025-09-11,68.30000305175781,68.30000305175781,68.4000015258789,67.5,68.30000305175781,135301,,
2025-09-12,67.5,67.5,69.0999984741211,67.5,68.9000015258789,178000,,
2025-09-15,67.0,67.0,68.0,66.30000305175781,68.0,158000,,
2025-09-16,67.0999984741211,67.0999984741211,68.0,66.4000015258789,67.30000305175781,77000,,
2025-09-17,69.0,69.0,69.0,66.80000305175781,67.30000305175781,271335,,
2025-09-18,70.30000305175781,70.30000305175781,71.69999694824219,69.80000305175781,70.5,234000,,
2025-09-19,68.0999984741211,68.0999984741211,70.80000305175781,68.0999984741211,70.80000305175781,103030,,
2025-09-22,66.5,66.5,68.80000305175781,66.30000305175781,66.5999984741211,99000,,
2025-09-23,66.19999694824219,66.19999694824219,66.5,65.4000015258789,66.4000015258789,149000,,
2025-09-24,65.80000305175781,65.80000305175781,66.5999984741211,65.69999694824219,66.0,54000,,
2025-09-25,65.9000015258789,65.9000015258789,66.5,65.5999984741211,66.0999984741211,111000,,
2025-09-26,64.9000015258789,64.9000015258789,65.9000015258789,63.900001525878906,65.9000015258789,141005,,
2025-09-30,64.30000305175781,64.30000305175781,65.19999694824219,63.79999923706055,65.0,187015,,
2025-10-01,64.0,64.0,64.4000015258789,63.79999923706055,63.79999923706055,86000,,
2025-10-02,64.4000015258789,64.4000015258789,65.0,61.79999923706055,61.79999923706055,124000,,
2025-10-03,64.0,64.0,65.30000305175781,63.79999923706055,64.5999984741211,157070,,
2025-10-07,62.900001525878906,62.900001525878906,64.5,62.5,64.5,287070,,
2025-10-08,63.599998474121094,63.599998474121094,63.79999923706055,62.599998474121094,63.0,120000,,
2025-10-09,64.80000305175781,64.80000305175781,65.4000015258789,62.900001525878906,62.900001525878906,194001,,
2025-10-13,67.9000015258789,67.9000015258789,69.0,62.900001525878906,62.900001525878906,447000,,
2025-10-14,65.19999694824219,65.19999694824219,68.30000305175781,64.5,66.69999694824219,346683,,
2025-10-15,65.80000305175781,65.80000305175781,66.5999984741211,64.5999984741211,65.30000305175781,139000,,
2025-10-16,65.5999984741211,65.5999984741211,66.4000015258789,65.0999984741211,65.0999984741211,73000,,
2025-10-17,65.30000305175781,65.30000305175781,65.5,65.0,65.30000305175781,42000,,
2025-10-20,64.9000015258789,64.9000015258789,65.30000305175781,64.5,64.5,51000,,
2025-10-21,65.0999984741211,65.0999984741211,65.9000015258789,64.80000305175781,64.80000305175781,84187,,
2025-10-22,65.19999694824219,65.19999694824219,66.0999984741211,64.5,65.0999984741211,179000,,
2025-10-23,65.19999694824219,65.19999694824219,65.9000015258789,65.0999984741211,65.19999694824219,45000,,
2025-10-27,64.5999984741211,64.5999984741211,65.0,64.0999984741211,65.0,58000,,
2025-10-28,64.5,64.5,65.4000015258789,64.0,64.0,75000,,
2025-10-29,64.0999984741211,64.0999984741211,64.5,64.0999984741211,64.4000015258789,63000,,
2025-10-30,65.0,65.0,66.4000015258789,64.5,64.5999984741211,105854,,
2025-10-31,65.0999984741211,65.0999984741211,66.0,64.19999694824219,64.5,52000,,
2025-11-03,64.80000305175781,64.80000305175781,65.0999984741211,64.5,65.0,23000,,
2025-11-04,64.4000015258789,64.4000015258789,64.69999694824219,63.79999923706055,64.0,99000,,
2025-11-05,62.29999923706055,62.29999923706055,64.30000305175781,62.29999923706055,64.30000305175781,181016,,
2025-11-06,62.099998474121094,62.099998474121094,63.29999923706055,62.099998474121094,62.400001525878906,71003,,
2025-11-07,62.0,62.0,62.400001525878906,61.20000076293945,62.099998474121094,99000,,
2025-11-10,59.29999923706055,59.29999923706055,61.5,59.29999923706055,61.5,178577,,
2025-11-11,60.400001525878906,60.400001525878906,61.099998474121094,59.599998474121094,59.900001525878906,126100,,
2025-11-12,62.400001525878906,62.400001525878906,63.0,60.70000076293945,61.099998474121094,166200,,
2025-11-13,60.70000076293945,60.70000076293945,62.79999923706055,60.599998474121094,62.79999923706055,75201,,
2025-11-14,60.5,60.5,60.599998474121094,59.099998474121094,60.29999923706055,105000,,
2025-11-17,59.29999923706055,59.29999923706055,61.099998474121094,59.29999923706055,60.400001525878906,79000,,
2025-11-18,58.0,58.0,58.900001525878906,57.0,58.599998474121094,117000,,
2025-11-19,54.20000076293945,54.20000076293945,57.599998474121094,54.0,57.599998474121094,350001,,
2025-11-20,56.70000076293945,56.70000076293945,59.5,54.70000076293945,56.599998474121094,244000,,
2025-11-21,58.900001525878906,58.900001525878906,59.0,55.29999923706055,56.599998474121094,183201,,
2025-11-24,60.5,60.5,61.29999923706055,58.79999923706055,59.599998474121094,194002,,
2025-11-25,60.29999923706055,60.29999923706055,61.400001525878906,59.099998474121094,60.400001525878906,130000,,
2025-11-26,60.29999923706055,60.29999923706055,63.0,59.79999923706055,60.0,151659,,
2025-11-27,61.20000076293945,61.20000076293945,61.29999923706055,60.29999923706055,60.29999923706055,45060,,
2025-11-28,61.79999923706055,61.79999923706055,62.5,60.5,60.5,137000,,
2025-12-01,62.70000076293945,62.70000076293945,62.900001525878906,60.099998474121094,60.20000076293945,99015,,
2025-12-02,63.20000076293945,63.20000076293945,63.400001525878906,61.20000076293945,61.20000076293945,149000,,
2025-12-03,63.400001525878906,63.400001525878906,65.19999694824219,63.0,64.0,128000,,
2025-12-04,62.099998474121094,62.099998474121094,63.79999923706055,62.0,62.70000076293945,146001,,
2025-12-05,63.400001525878906,63.400001525878906,63.599998474121094,61.79999923706055,62.70000076293945,233000,,
2025-12-08,64.5,64.5,64.80000305175781,63.400001525878906,64.0,167000,,
2025-12-09,66.0999984741211,66.0999984741211,66.30000305175781,63.29999923706055,63.29999923706055,328000,,
2025-12-10,66.0,66.0,66.4000015258789,64.0,66.19999694824219,216007,,
2025-12-11,65.69999694824219,65.69999694824219,66.5,65.19999694824219,65.19999694824219,134201,,
2025-12-12,63.29999923706055,63.29999923706055,65.9000015258789,63.29999923706055,65.80000305175781,244051,,
2025-12-15,62.29999923706055,62.29999923706055,64.9000015258789,62.29999923706055,63.5,191061,,
2025-12-16,61.400001525878906,61.400001525878906,63.0,57.70000076293945,63.0,215200,,
2025-12-17,62.400001525878906,62.400001525878906,63.79999923706055,62.29999923706055,63.0,267007,,
2025-12-18,62.099998474121094,62.099998474121094,62.70000076293945,61.900001525878906,62.599998474121094,101000,,
2025-12-19,62.0,62.0,63.0,61.70000076293945,61.70000076293945,68001,,
2025-12-22,62.099998474121094,62.099998474121094,62.79999923706055,61.70000076293945,62.79999923706055,75000,,
2025-12-23,61.79999923706055,61.79999923706055,62.20000076293945,60.29999923706055,61.5,92000,,
2025-12-24,61.79999923706055,61.79999923706055,63.20000076293945,61.79999923706055,62.5,78000,,
2025-12-26,61.79999923706055,61.79999923706055,62.900001525878906,61.5,61.5,111000,,
2025-12-29,61.79999923706055,61.79999923706055,62.20000076293945,61.599998474121094,61.79999923706055,82100,,
2025-12-30,61.29999923706055,61.29999923706055,62.0,61.0,61.20000076293945,86000,,
2025-12-31,60.79999923706055,60.79999923706055,61.79999923706055,60.29999923706055,61.0,79000,,
2026-01-02,61.099998474121094,61.099998474121094,62.0,60.70000076293945,62.0,21001,,
2026-01-05,60.0,60.0,61.70000076293945,59.29999923706055,61.70000076293945,105016,,
2026-01-06,60.0,60.0,60.0,59.0,60.0,53118,,
2026-01-07,59.599998474121094,59.599998474121094,60.5,58.79999923706055,58.79999923706055,78001,,
2026-01-08,59.099998474121094,59.099998474121094,60.400001525878906,58.29999923706055,60.400001525878906,52001,,
2026-01-09,59.900001525878906,59.900001525878906,59.900001525878906,58.400001525878906,58.400001525878906,26000,,
2026-01-12,59.099998474121094,59.099998474121094,61.0,59.099998474121094,59.900001525878906,102215,,
2026-01-13,59.599998474121094,59.599998474121094,59.79999923706055,58.70000076293945,58.70000076293945,41000,,
2026-01-14,59.70000076293945,59.70000076293945,59.900001525878906,59.20000076293945,59.20000076293945,36001,,
2026-01-15,58.900001525878906,58.900001525878906,59.0,58.5,58.79999923706055,63000,,
2026-01-16,57.0,57.0,60.5,56.70000076293945,59.0,212910,,
2026-01-19,57.29999923706055,57.29999923706055,57.400001525878906,57.0,57.099998474121094,50001,,
2026-01-20,55.5,55.5,57.0,54.5,57.0,209109,,
2026-01-21,56.20000076293945,56.20000076293945,56.20000076293945,54.29999923706055,55.70000076293945,222001,,
2026-01-22,57.0,57.0,57.29999923706055,56.29999923706055,56.70000076293945,105024,,
2026-01-23,57.099998474121094,57.099998474121094,57.599998474121094,56.20000076293945,57.0,63000,,
2026-01-26,57.20000076293945,57.20000076293945,57.20000076293945,56.0,57.0,63001,,
2026-01-27,56.900001525878906,56.900001525878906,57.5,56.400001525878906,57.5,62217,,
2026-01-28,56.5,56.5,56.79999923706055,55.29999923706055,55.79999923706055,158011,,
2026-01-29,55.599998474121094,55.599998474121094,56.79999923706055,55.400001525878906,56.79999923706055,153000,,
2026-01-30,55.5,55.5,55.70000076293945,54.400001525878906,55.099998474121094,173001,,
2026-02-02,54.400001525878906,54.400001525878906,55.70000076293945,53.20000076293945,55.5,177000,,
2026-02-03,56.099998474121094,56.099998474121094,59.79999923706055,55.5,55.5,297004,,
2026-02-04,56.099998474121094,56.099998474121094,57.29999923706055,56.0,56.099998474121094,101000,,
2026-02-05,56.099998474121094,56.099998474121094,56.29999923706055,55.5,56.099998474121094,45000,,
2026-02-06,56.20000076293945,56.20000076293945,56.70000076293945,55.5,56.70000076293945,147001,,
2026-02-09,56.599998474121094,56.599998474121094,57.0,56.0,56.20000076293945,165007,,
2026-02-10,56.29999923706055,56.29999923706055,57.0,55.599998474121094,57.0,148001,,
2026-02-11,56.20000076293945,56.20000076293945,56.400001525878906,55.5,55.900001525878906,145710,,
2026-02-23,55.599998474121094,55.599998474121094,57.0,55.599998474121094,56.79999923706055,110003,,
2026-02-24,55.20000076293945,55.20000076293945,56.0,55.0,55.29999923706055,108001,,
2026-02-25,54.20000076293945,54.20000076293945,55.20000076293945,54.0,55.0,124046,,
2026-02-26,54.29999923706055,54.29999923706055,54.400001525878906,53.400001525878906,54.099998474121094,220076,,
2026-03-02,54.29999923706055,54.29999923706055,54.599998474121094,53.099998474121094,53.5,83007,,
2026-03-03,54.0,54.0,54.0,52.599998474121094,53.400001525878906,141002,,
2026-03-04,53.5,53.5,53.900001525878906,51.099998474121094,53.900001525878906,185001,,
2026-03-05,53.79999923706055,53.79999923706055,54.5,53.79999923706055,54.0,87001,,
2026-03-06,54.79999923706055,54.79999923706055,55.20000076293945,53.29999923706055,53.400001525878906,135003,,
2026-03-09,55.0,55.0,55.099998474121094,52.5,54.29999923706055,566001,,
2026-03-10,54.79999923706055,54.79999923706055,56.099998474121094,54.5,55.5,373000,,
2026-03-11,55.900001525878906,55.900001525878906,57.0,54.099998474121094,54.099998474121094,390002,,
2026-03-12,58.400001525878906,58.400001525878906,59.0,56.5,57.5,151000,,
2026-03-13,59.900001525878906,59.900001525878906,60.599998474121094,58.099998474121094,59.0,216000,,
2026-03-16,59.20000076293945,59.20000076293945,60.29999923706055,58.400001525878906,59.79999923706055,133009,,
2026-03-17,58.70000076293945,58.70000076293945,59.400001525878906,58.29999923706055,59.0,81002,,
2026-03-18,58.70000076293945,58.70000076293945,59.099998474121094,57.79999923706055,58.29999923706055,106001,,
2026-03-19,58.5,58.5,59.400001525878906,58.20000076293945,58.5,75000,,
2026-03-20,57.70000076293945,57.70000076293945,59.29999923706055,57.70000076293945,58.20000076293945,197000,,
2026-03-23,57.79999923706055,57.79999923706055,58.099998474121094,57.20000076293945,57.20000076293945,47002,,
2026-03-24,54.900001525878906,54.900001525878906,59.29999923706055,54.20000076293945,57.79999923706055,282008,,
2026-03-25,55.099998474121094,55.099998474121094,55.29999923706055,53.79999923706055,53.79999923706055,126002,,
2026-03-26,54.79999923706055,54.79999923706055,56.79999923706055,54.099998474121094,54.099998474121094,24123,,
2026-03-27,55.0,55.0,55.70000076293945,54.5,54.79999923706055,26000,,
2026-03-30,55.29999923706055,55.29999923706055,55.79999923706055,54.099998474121094,54.5,40002,,
2026-03-31,55.20000076293945,55.20000076293945,55.599998474121094,55.0,55.400001525878906,88016,,
2026-04-01,55.5,55.5,56.20000076293945,55.29999923706055,55.5,21001,,
2026-04-02,55.400001525878906,55.400001525878906,56.0,55.20000076293945,55.5,95000,,
2026-04-07,55.099998474121094,55.099998474121094,55.70000076293945,55.0,55.400001525878906,24002,,
2026-04-08,55.70000076293945,55.70000076293945,55.70000076293945,54.5,55.0,97001,,
2026-04-09,55.0,55.0,55.0,54.400001525878906,54.900001525878906,48000,,
2026-04-10,55.29999923706055,55.29999923706055,55.599998474121094,54.900001525878906,55.0,66001,,
2026-04-13,55.5,55.5,57.79999923706055,55.0,55.20000076293945,191187,,
2026-04-14,55.0,55.0,55.20000076293945,54.5,54.599998474121094,115003,,
2026-04-15,53.79999923706055,53.79999923706055,54.900001525878906,53.79999923706055,54.599998474121094,105057,,
2026-04-16,54.0,54.0,55.099998474121094,53.5,53.5,105000,,
2026-04-17,53.5,53.5,55.0,53.099998474121094,54.099998474121094,154001,,
2026-04-20,52.599998474121094,52.599998474121094,53.5,51.900001525878906,53.0,153025,,
2026-04-21,51.599998474121094,51.599998474121094,53.0,51.099998474121094,53.0,150329,,
2026-04-22,51.29999923706055,51.29999923706055,52.20000076293945,51.29999923706055,51.599998474121094,80364,,
2026-04-23,51.599998474121094,51.599998474121094,52.20000076293945,50.79999923706055,52.0,152219,,
2026-04-24,50.900001525878906,50.900001525878906,52.099998474121094,50.900001525878906,51.599998474121094,105000,,
2026-04-27,51.099998474121094,51.099998474121094,51.400001525878906,50.79999923706055,51.0,89496,,
2026-04-28,51.79999923706055,51.79999923706055,51.79999923706055,51.099998474121094,51.099998474121094,46000,,
2026-04-29,51.79999923706055,51.79999923706055,52.5,51.79999923706055,51.79999923706055,34030,,
2026-04-30,50.900001525878906,50.900001525878906,52.20000076293945,50.900001525878906,52.20000076293945,59101,,
2026-05-04,51.599998474121094,51.599998474121094,52.0,50.900001525878906,50.900001525878906,59050,,
2026-05-05,51.70000076293945,51.70000076293945,52.099998474121094,51.5,51.5,50050,,
2026-05-06,51.29999923706055,51.29999923706055,52.099998474121094,51.099998474121094,52.0,26040,,
2026-05-07,51.599998474121094,51.599998474121094,52.400001525878906,51.599998474121094,52.29999923706055,80002,,
2026-05-08,52.599998474121094,52.599998474121094,53.099998474121094,51.599998474121094,51.599998474121094,110002,,
2026-05-11,51.900001525878906,51.900001525878906,52.599998474121094,51.900001525878906,52.599998474121094,46033,,
2026-05-12,51.900001525878906,51.900001525878906,52.099998474121094,51.70000076293945,51.900001525878906,77030,,
2026-05-13,52.29999923706055,52.29999923706055,52.29999923706055,51.400001525878906,51.400001525878906,53043,,
2026-05-14,52.5,52.5,52.79999923706055,52.0,52.0,44002,,
2026-05-15,53.70000076293945,53.70000076293945,54.599998474121094,52.70000076293945,52.70000076293945,211020,,
2026-05-18,56.29999923706055,56.29999923706055,57.70000076293945,52.29999923706055,52.900001525878906,151341,,
2026-05-19,55.400001525878906,55.400001525878906,56.20000076293945,54.29999923706055,56.20000076293945,39000,,
2026-05-20,57.29999923706055,57.29999923706055,58.0,54.0,54.0,198000,,
2026-05-21,57.0,57.0,57.29999923706055,56.099998474121094,57.0,63000,,
2026-05-22,57.29999923706055,57.29999923706055,58.29999923706055,56.5,56.5,93000,,
2026-05-25,58.0,58.0,58.79999923706055,57.20000076293945,57.20000076293945,66030,,
2026-05-26,57.599998474121094,57.599998474121094,58.20000076293945,57.29999923706055,57.400001525878906,58221,,
2026-05-27,57.70000076293945,57.70000076293945,58.20000076293945,57.20000076293945,57.5,88550,,
2026-05-28,57.79999923706055,57.79999923706055,58.5,57.20000076293945,57.20000076293945,62000,,
2026-05-29,58.79999923706055,58.79999923706055,59.79999923706055,58.599998474121094,58.599998474121094,109000,,
2026-06-01,59.79999923706055,59.79999923706055,61.20000076293945,58.599998474121094,58.79999923706055,137576,,
2026-06-02,61.20000076293945,61.20000076293945,62.599998474121094,59.70000076293945,61.20000076293945,339575,,
2026-06-03,59.900001525878906,59.900001525878906,61.20000076293945,58.900001525878906,61.20000076293945,187000,,
2026-06-04,57.20000076293945,57.20000076293945,59.70000076293945,57.20000076293945,59.70000076293945,121000,,
2026-06-05,57.599998474121094,57.599998474121094,58.29999923706055,56.0,56.0,44140,,
2026-06-08,58.0,58.0,58.5,51.900001525878906,51.900001525878906,170001,,
2026-06-09,57.70000076293945,57.70000076293945,58.400001525878906,56.5,56.5,21001,,
2026-06-10,59.0,59.0,59.0,56.099998474121094,58.599998474121094,56002,,
2026-06-11,59.099998474121094,59.099998474121094,61.5,59.0,59.0,140002,,
2026-06-12,59.79999923706055,59.79999923706055,60.20000076293945,59.400001525878906,60.0,114000,,
2026-06-15,58.29999923706055,58.29999923706055,59.79999923706055,58.29999923706055,59.79999923706055,41000,,
2026-06-16,57.70000076293945,57.70000076293945,60.400001525878906,57.70000076293945,59.29999923706055,38001,,
2026-06-17,58.70000076293945,58.70000076293945,58.900001525878906,57.599998474121094,58.0,25000,,
2026-06-18,60.29999923706055,60.29999923706055,60.70000076293945,58.0,58.0,111200,,
2026-06-22,61.0,61.0,61.599998474121094,60.5,60.5,220500,,
2026-06-23,60.79999923706055,60.79999923706055,62.70000076293945,60.0,62.70000076293945,213001,,
2026-06-24,59.900001525878906,59.900001525878906,60.70000076293945,59.70000076293945,60.70000076293945,172001,,
2026-06-25,59.099998474121094,59.099998474121094,60.79999923706055,58.79999923706055,60.79999923706055,90002,,
2026-06-26,58.099998474121094,58.099998474121094,60.599998474121094,58.099998474121094,60.599998474121094,169000,,
2026-06-29,58.0,58.0,59.900001525878906,57.599998474121094,59.900001525878906,38000,,
2026-06-30,60.0,60.0,60.0,58.70000076293945,58.79999923706055,114000,,
2026-07-01,58.70000076293945,58.70000076293945,60.0,58.599998474121094,60.0,66041,,
2026-07-02,58.0,58.0,59.400001525878906,57.900001525878906,59.099998474121094,129219,,
2026-07-03,58.0,58.0,60.599998474121094,57.79999923706055,59.70000076293945,383000,,
2026-07-06,57.5,57.5,58.900001525878906,57.20000076293945,58.900001525878906,61083,,
2026-07-07,57.599998474121094,57.599998474121094,57.70000076293945,57.0,57.099998474121094,66000,,
2026-07-08,57.5,57.5,57.5,56.5,57.0,14000,,
2026-07-09,57.20000076293945,57.20000076293945,59.099998474121094,57.0,59.099998474121094,48000,,
2026-07-10,57.20000076293945,57.20000076293945,57.20000076293945,57.20000076293945,57.20000076293945,0,,
2026-07-13,56.20000076293945,56.20000076293945,57.099998474121094,56.20000076293945,57.099998474121094,45000,,
2026-07-14,55.099998474121094,55.099998474121094,56.20000076293945,53.79999923706055,56.20000076293945,89000,,
2026-07-15,55.5,55.5,58.5,55.099998474121094,58.5,62000,,
2026-07-16,54.400001525878906,54.400001525878906,56.0,54.400001525878906,55.79999923706055,8000,,
2026-07-17,53.0,53.0,54.5,50.70000076293945,53.599998474121094,209238,,
2026-07-20,52.29999923706055,52.29999923706055,53.599998474121094,51.70000076293945,53.099998474121094,108000,,
2026-07-21,52.099998474121094,52.099998474121094,52.79999923706055,51.5,52.29999923706055,31015,,
2026-07-22,52.5,52.5,53.900001525878906,51.900001525878906,53.900001525878906,28000,,
2026-07-23,52.29999923706055,52.29999923706055,52.400001525878906,51.79999923706055,52.099998474121094,22000,,
2026-07-24,52.099998474121094,52.099998474121094,53.400001525878906,51.5,53.400001525878906,57000,,
2026-07-27,52.099998474121094,52.099998474121094,52.400001525878906,51.79999923706055,52.099998474121094,30000,,
2026-07-28,51.29999923706055,51.29999923706055,52.0,51.29999923706055,52.0,100000,,
2026-07-29,51.0,51.0,52.29999923706055,49.79999923706055,51.29999923706055,173000,,
2026-07-30,51.099998474121094,51.099998474121094,52.099998474121094,50.5,50.5,52000,,
2026-07-31,51.79999923706055,51.79999923706055,52.20000076293945,51.20000076293945,51.20000076293945,88150,,
2026-08-03,52.400001525878906,52.400001525878906,52.900001525878906,52.0,52.0,91001,,
2026-08-04,54.400001525878906,54.400001525878906,55.29999923706055,53.5,54.0,223341,,
2026-08-05,51.79999923706055,51.79999923706055,54.79999923706055,51.29999923706055,54.400001525878906,182109,,
2026-08-06,51.79999923706055,51.79999923706055,52.099998474121094,51.599998474121094,52.099998474121094,35000,,
2026-08-07,51.79999923706055,51.79999923706055,51.79999923706055,51.099998474121094,51.20000076293945,44000,,
2026-08-10,51.3,51.3,51.4,50.9,51.3,133215,,
2026-08-11,51.1,51.1,51.5,50.5,51.0,172008,,
2026-08-12,51.0,51.0,51.1,49.8,50.9,131101,,
2026-08-13,51.0,51.0,51.0,50.6,51.0,81939,,
2026-08-14,50.599998474121094,50.599998474121094,51.0,50.29999923706055,50.79999923706055,77063,0.0,0.0
2026-08-17,50.5,50.5,50.5,48.70000076293945,50.5,194547,0.0,0.0
2026-08-18,50.5,50.5,50.900001525878906,50.0,50.20000076293945,89000,0.0,0.0
2026-08-19,50.400001525878906,50.400001525878906,50.5,49.29999923706055,50.099998474121094,125004,0.0,0.0
2026-08-20,49.5,49.5,49.79999923706055,49.20000076293945,49.650001525878906,95019,0.0,0.0
